TEST_6	TEST_6	TEST_6
Force	Distance	Time
N	mm	sec

-0,0054	0,000	0,0000
-0,0030	0,003	0,0050
0,0417	0,005	0,0100
0,0350	0,008	0,0150
0,0031	0,010	0,0200
0,0037	0,013	0,0250
-0,0046	0,015	0,0300
0,0021	0,018	0,0350
0,0080	0,020	0,0400
-0,0194	0,023	0,0450
0,0018	0,025	0,0500
0,0131	0,028	0,0550
-0,0132	0,030	0,0600
0,0064	0,033	0,0650
-0,0049	0,035	0,0700
-0,0067	0,038	0,0750
0,0154	0,040	0,0800
-0,0111	0,043	0,0850
0,0099	0,045	0,0900
0,0045	0,048	0,0950
-0,0053	0,050	0,1000
0,0149	0,053	0,1050
0,0028	0,055	0,1100
-0,0073	0,058	0,1150
0,0097	0,060	0,1200
-0,0073	0,063	0,1250
0,0112	0,065	0,1300
0,0080	0,068	0,1350
-0,0160	0,070	0,1400
0,0112	0,073	0,1450
0,0007	0,075	0,1500
-0,0139	0,078	0,1550
0,0134	0,080	0,1600
-0,0218	0,083	0,1650
0,0006	0,085	0,1700
-0,0050	0,088	0,1750
-0,0068	0,090	0,1800
0,0093	0,093	0,1850
-0,0015	0,095	0,1900
-0,0067	0,098	0,1950
0,0139	0,100	0,2000
-0,0123	0,103	0,2050
0,0024	0,105	0,2100
0,0088	0,108	0,2150
-0,0098	0,110	0,2200
0,0050	0,113	0,2250
-0,0075	0,115	0,2300
-0,0041	0,118	0,2350
0,0210	0,120	0,2400
-0,0090	0,123	0,2450
0,0114	0,125	0,2500
-0,0031	0,128	0,2550
-0,0162	0,130	0,2600
0,0014	0,133	0,2650
0,0021	0,135	0,2700
-0,0101	0,138	0,2750
0,0003	0,140	0,2800
-0,0192	0,143	0,2850
0,0115	0,145	0,2900
0,0179	0,148	0,2950
-0,0117	0,150	0,3000
0,0074	0,153	0,3050
-0,0006	0,155	0,3100
-0,0024	0,158	0,3150
0,0140	0,160	0,3200
-0,0205	0,163	0,3250
0,0013	0,165	0,3300
-0,0027	0,168	0,3350
-0,0177	0,170	0,3400
0,0031	0,173	0,3450
-0,0000	0,175	0,3500
-0,0190	0,178	0,3550
-0,0032	0,180	0,3600
-0,0191	0,183	0,3650
0,0120	0,185	0,3700
0,0082	0,188	0,3750
-0,0254	0,190	0,3800
0,0016	0,193	0,3850
0,0051	0,195	0,3900
-0,0028	0,198	0,3950
0,0128	0,200	0,4000
-0,0124	0,203	0,4050
0,0050	0,205	0,4100
-0,0120	0,208	0,4150
-0,0236	0,210	0,4200
0,0074	0,213	0,4250
0,0077	0,215	0,4300
-0,0085	0,218	0,4350
0,0048	0,220	0,4400
-0,0175	0,223	0,4450
0,0065	0,225	0,4500
0,0042	0,228	0,4550
-0,0112	0,230	0,4600
0,0106	0,233	0,4650
-0,0010	0,235	0,4700
-0,0103	0,238	0,4750
0,0035	0,240	0,4800
-0,0241	0,243	0,4850
0,0028	0,245	0,4900
0,0043	0,248	0,4950
-0,0094	0,250	0,5000
0,0112	0,253	0,5050
0,0032	0,255	0,5100
-0,0063	0,258	0,5150
0,0109	0,260	0,5200
-0,0122	0,263	0,5250
0,0101	0,265	0,5300
0,0016	0,268	0,5350
-0,0170	0,270	0,5400
0,0042	0,273	0,5450
0,0014	0,275	0,5500
-0,0022	0,278	0,5550
0,0198	0,280	0,5600
-0,0078	0,283	0,5650
0,0055	0,285	0,5700
-0,0029	0,288	0,5750
-0,0126	0,290	0,5800
0,0155	0,293	0,5850
-0,0010	0,295	0,5900
-0,0027	0,298	0,5950
0,0166	0,300	0,6000
-0,0150	0,303	0,6050
0,0001	0,305	0,6100
0,0043	0,308	0,6150
-0,0194	0,310	0,6200
0,0022	0,313	0,6250
-0,0041	0,315	0,6300
-0,0040	0,318	0,6350
0,0087	0,320	0,6400
-0,0206	0,323	0,6450
0,0009	0,325	0,6500
-0,0038	0,328	0,6550
-0,0084	0,330	0,6600
0,0146	0,333	0,6650
-0,0007	0,335	0,6700
-0,0084	0,338	0,6750
0,0083	0,340	0,6800
-0,0158	0,343	0,6850
0,0126	0,345	0,6900
0,0217	0,348	0,6950
-0,0039	0,350	0,7000
0,0143	0,353	0,7050
-0,0065	0,355	0,7100
-0,0072	0,358	0,7150
0,0134	0,360	0,7200
-0,0132	0,363	0,7250
0,0032	0,365	0,7300
-0,0018	0,368	0,7350
-0,0125	0,370	0,7400
0,0084	0,373	0,7450
0,0012	0,375	0,7500
-0,0146	0,378	0,7550
0,0029	0,380	0,7600
-0,0172	0,383	0,7650
0,0135	0,385	0,7700
0,0067	0,388	0,7750
-0,0138	0,390	0,7800
0,0096	0,393	0,7850
0,0012	0,395	0,7900
-0,0013	0,398	0,7950
0,0137	0,400	0,8000
-0,0097	0,403	0,8050
0,0076	0,405	0,8100
-0,0029	0,408	0,8150
-0,0220	0,410	0,8200
0,0105	0,413	0,8250
0,0058	0,415	0,8300
-0,0014	0,418	0,8350
0,0175	0,420	0,8400
-0,0149	0,423	0,8450
0,0127	0,425	0,8500
0,0109	0,428	0,8550
-0,0067	0,430	0,8600
0,0066	0,433	0,8650
-0,0024	0,435	0,8700
0,0034	0,438	0,8750
0,0173	0,440	0,8800
-0,0244	0,443	0,8850
-0,0032	0,445	0,8900
-0,0032	0,448	0,8950
-0,0117	0,450	0,9000
0,0094	0,453	0,9050
0,0005	0,455	0,9100
-0,0100	0,458	0,9150
0,0036	0,460	0,9200
-0,0220	0,463	0,9250
0,0012	0,465	0,9300
-0,0049	0,468	0,9350
-0,0124	0,470	0,9400
0,0092	0,473	0,9450
0,0045	0,475	0,9500
-0,0072	0,478	0,9550
0,0066	0,480	0,9600
-0,0169	0,483	0,9650
0,0065	0,485	0,9700
-0,0011	0,488	0,9750
-0,0156	0,490	0,9800
0,0045	0,493	0,9850
-0,0014	0,495	0,9900
-0,0023	0,498	0,9950
0,0176	0,500	1,0000
-0,0172	0,503	1,0050
0,0023	0,505	1,0100
-0,0038	0,508	1,0150
-0,0195	0,510	1,0200
0,0035	0,513	1,0250
-0,0054	0,515	1,0300
-0,0113	0,518	1,0350
0,0150	0,520	1,0400
-0,0171	0,523	1,0450
-0,0004	0,525	1,0500
-0,0057	0,528	1,0550
-0,0140	0,530	1,0600
0,0094	0,533	1,0650
0,0069	0,535	1,0700
-0,0035	0,538	1,0750
0,0046	0,540	1,0800
-0,0206	0,543	1,0850
0,0081	0,545	1,0900
0,0132	0,548	1,0950
-0,0099	0,550	1,1000
0,0039	0,553	1,1050
-0,0059	0,555	1,1100
-0,0072	0,558	1,1150
0,0075	0,560	1,1200
-0,0171	0,563	1,1250
0,0076	0,565	1,1300
0,0012	0,568	1,1350
-0,0150	0,570	1,1400
0,0048	0,573	1,1450
0,0007	0,575	1,1500
-0,0040	0,578	1,1550
0,0089	0,580	1,1600
-0,0157	0,583	1,1650
0,0108	0,585	1,1700
0,0088	0,588	1,1750
-0,0153	0,590	1,1800
0,0038	0,593	1,1850
-0,0037	0,595	1,1900
-0,0060	0,598	1,1950
0,0071	0,600	1,2000
-0,0156	0,603	1,2050
0,0085	0,605	1,2100
0,0096	0,608	1,2150
-0,0102	0,610	1,2200
0,0111	0,613	1,2250
-0,0012	0,615	1,2300
-0,0169	0,618	1,2350
0,0025	0,620	1,2400
-0,0155	0,623	1,2450
0,0117	0,625	1,2500
0,0088	0,628	1,2550
-0,0021	0,630	1,2600
0,0159	0,633	1,2650
0,0056	0,635	1,2700
-0,0096	0,638	1,2750
0,0090	0,640	1,2800
-0,0119	0,643	1,2850
0,0034	0,645	1,2900
-0,0075	0,648	1,2950
-0,0194	0,650	1,3000
0,0140	0,653	1,3050
0,0033	0,655	1,3100
-0,0115	0,658	1,3150
0,0045	0,660	1,3200
-0,0110	0,663	1,3250
0,0103	0,665	1,3300
0,0039	0,668	1,3350
-0,0121	0,670	1,3400
0,0011	0,673	1,3450
-0,0075	0,675	1,3500
-0,0144	0,678	1,3550
0,0080	0,680	1,3600
-0,0175	0,683	1,3650
0,0041	0,685	1,3700
-0,0001	0,688	1,3750
-0,0143	0,690	1,3800
0,0066	0,693	1,3850
-0,0010	0,695	1,3900
-0,0046	0,698	1,3950
0,0097	0,700	1,4000
-0,0144	0,703	1,4050
0,0078	0,705	1,4100
0,0044	0,708	1,4150
-0,0120	0,710	1,4200
0,0088	0,713	1,4250
0,0021	0,715	1,4300
0,0005	0,718	1,4350
0,0187	0,720	1,4400
-0,0185	0,723	1,4450
0,0016	0,725	1,4500
0,0010	0,728	1,4550
-0,0094	0,730	1,4600
0,0056	0,733	1,4650
-0,0004	0,735	1,4700
-0,0125	0,738	1,4750
0,0000	0,740	1,4800
-0,0150	0,743	1,4850
0,0067	0,745	1,4900
0,0074	0,748	1,4950
-0,0096	0,750	1,5000
0,0228	0,753	1,5050
0,0091	0,755	1,5100
-0,0003	0,758	1,5150
0,0171	0,760	1,5200
-0,0069	0,763	1,5250
0,0065	0,765	1,5300
0,0002	0,768	1,5350
-0,0081	0,770	1,5400
0,0066	0,773	1,5450
-0,0095	0,775	1,5500
-0,0192	0,778	1,5550
0,0008	0,780	1,5600
-0,0196	0,783	1,5650
0,0072	0,785	1,5700
0,0105	0,788	1,5750
-0,0077	0,790	1,5800
0,0078	0,793	1,5850
-0,0019	0,795	1,5900
-0,0003	0,798	1,5950
0,0155	0,800	1,6000
-0,0127	0,803	1,6050
-0,0001	0,805	1,6100
0,0021	0,808	1,6150
-0,0090	0,810	1,6200
0,0116	0,813	1,6250
0,0061	0,815	1,6300
-0,0044	0,818	1,6350
0,0059	0,820	1,6400
-0,0230	0,823	1,6450
0,0044	0,825	1,6500
0,0039	0,828	1,6550
-0,0131	0,830	1,6600
0,0073	0,833	1,6650
-0,0028	0,835	1,6700
-0,0032	0,838	1,6750
0,0130	0,840	1,6800
-0,0152	0,843	1,6850
-0,0030	0,845	1,6900
0,0029	0,848	1,6950
-0,0077	0,850	1,7000
0,0114	0,853	1,7050
-0,0012	0,855	1,7100
-0,0072	0,858	1,7150
0,0104	0,860	1,7200
-0,0134	0,863	1,7250
0,0031	0,865	1,7300
-0,0010	0,868	1,7350
-0,0165	0,870	1,7400
0,0055	0,873	1,7450
-0,0029	0,875	1,7500
-0,0141	0,878	1,7550
0,0043	0,880	1,7600
-0,0149	0,883	1,7650
0,0015	0,885	1,7700
-0,0005	0,888	1,7750
-0,0119	0,890	1,7800
0,0062	0,893	1,7850
-0,0004	0,895	1,7900
-0,0136	0,898	1,7950
0,0020	0,900	1,8000
-0,0248	0,903	1,8050
0,0025	0,905	1,8100
0,0046	0,908	1,8150
-0,0115	0,910	1,8200
0,0102	0,913	1,8250
0,0077	0,915	1,8300
0,0022	0,918	1,8350
0,0099	0,920	1,8400
-0,0098	0,923	1,8450
0,0005	0,925	1,8500
-0,0104	0,928	1,8550
-0,0144	0,930	1,8600
0,0087	0,933	1,8650
0,0010	0,935	1,8700
0,0004	0,938	1,8750
0,0103	0,940	1,8800
-0,0131	0,943	1,8850
0,0023	0,945	1,8900
0,0030	0,948	1,8950
-0,0147	0,950	1,9000
0,0072	0,953	1,9050
-0,0062	0,955	1,9100
-0,0040	0,958	1,9150
0,0064	0,960	1,9200
-0,0139	0,963	1,9250
0,0109	0,965	1,9300
0,0032	0,968	1,9350
-0,0096	0,970	1,9400
0,0118	0,973	1,9450
-0,0040	0,975	1,9500
-0,0212	0,978	1,9550
0,0007	0,980	1,9600
-0,0137	0,983	1,9650
0,0132	0,985	1,9700
0,0067	0,988	1,9750
-0,0088	0,990	1,9800
0,0084	0,993	1,9850
0,0015	0,995	1,9900
-0,0072	0,998	1,9950
0,0107	1,000	2,0000
-0,0123	1,003	2,0050
0,0012	1,005	2,0100
-0,0026	1,008	2,0150
-0,0163	1,010	2,0200
0,0103	1,013	2,0250
0,0058	1,015	2,0300
-0,0075	1,018	2,0350
0,0015	1,020	2,0400
-0,0197	1,023	2,0450
0,0116	1,025	2,0500
0,0084	1,028	2,0550
-0,0107	1,030	2,0600
0,0053	1,033	2,0650
-0,0092	1,035	2,0700
-0,0073	1,038	2,0750
0,0061	1,040	2,0800
-0,0191	1,043	2,0850
-0,0016	1,045	2,0900
0,0070	1,048	2,0950
-0,0053	1,050	2,1000
0,0128	1,053	2,1050
0,0046	1,055	2,1100
-0,0048	1,058	2,1150
-0,0002	1,060	2,1200
-0,0223	1,063	2,1250
0,0046	1,065	2,1300
0,0070	1,068	2,1350
-0,0024	1,070	2,1400
0,0112	1,073	2,1450
-0,0006	1,075	2,1500
0,0024	1,078	2,1550
0,0230	1,080	2,1600
-0,0080	1,083	2,1650
0,0038	1,085	2,1700
-0,0056	1,088	2,1750
-0,0195	1,090	2,1800
0,0071	1,093	2,1850
0,0097	1,095	2,1900
0,0056	1,098	2,1950
0,0100	1,100	2,2000
-0,0147	1,103	2,2050
0,0099	1,105	2,2100
0,0100	1,108	2,2150
-0,0068	1,110	2,2200
0,0121	1,113	2,2250
0,0084	1,115	2,2300
0,0075	1,118	2,2350
0,0234	1,120	2,2400
-0,0083	1,123	2,2450
0,0019	1,125	2,2500
-0,0080	1,128	2,2550
-0,0150	1,130	2,2600
0,0128	1,133	2,2650
0,0137	1,135	2,2700
0,0057	1,138	2,2750
0,0151	1,140	2,2800
-0,0077	1,143	2,2850
0,0130	1,145	2,2900
0,0138	1,148	2,2950
-0,0134	1,150	2,3000
0,0055	1,153	2,3050
-0,0049	1,155	2,3100
-0,0107	1,158	2,3150
0,0012	1,160	2,3200
-0,0249	1,163	2,3250
-0,0045	1,165	2,3300
-0,0036	1,168	2,3350
-0,0107	1,170	2,3400
0,0123	1,173	2,3450
0,0061	1,175	2,3500
-0,0127	1,178	2,3550
0,0013	1,180	2,3600
-0,0152	1,183	2,3650
0,0118	1,185	2,3700
0,0102	1,188	2,3750
-0,0097	1,190	2,3800
0,0079	1,193	2,3850
0,0016	1,195	2,3900
-0,0059	1,198	2,3950
0,0086	1,200	2,4000
-0,0140	1,203	2,4050
0,0052	1,205	2,4100
0,0042	1,208	2,4150
-0,0098	1,210	2,4200
0,0073	1,213	2,4250
-0,0033	1,215	2,4300
-0,0146	1,218	2,4350
0,0011	1,220	2,4400
-0,0189	1,223	2,4450
0,0048	1,225	2,4500
0,0015	1,228	2,4550
-0,0102	1,230	2,4600
0,0116	1,233	2,4650
0,0009	1,235	2,4700
-0,0004	1,238	2,4750
0,0188	1,240	2,4800
-0,0077	1,243	2,4850
-0,0008	1,245	2,4900
-0,0060	1,248	2,4950
-0,0119	1,250	2,5000
0,0075	1,253	2,5050
-0,0083	1,255	2,5100
-0,0132	1,258	2,5150
0,0062	1,260	2,5200
-0,0121	1,263	2,5250
0,0059	1,265	2,5300
-0,0039	1,268	2,5350
-0,0133	1,270	2,5400
0,0100	1,273	2,5450
0,0003	1,275	2,5500
-0,0022	1,278	2,5550
0,0224	1,280	2,5600
-0,0047	1,283	2,5650
0,0087	1,285	2,5700
-0,0053	1,288	2,5750
-0,0194	1,290	2,5800
0,0012	1,293	2,5850
0,0031	1,295	2,5900
0,0058	1,298	2,5950
0,0139	1,300	2,6000
-0,0135	1,303	2,6050
0,0084	1,305	2,6100
0,0047	1,308	2,6150
-0,0163	1,310	2,6200
-0,0032	1,313	2,6250
-0,0022	1,315	2,6300
0,0039	1,318	2,6350
0,0126	1,320	2,6400
-0,0174	1,323	2,6450
0,0017	1,325	2,6500
-0,0053	1,328	2,6550
-0,0124	1,330	2,6600
0,0083	1,333	2,6650
-0,0030	1,335	2,6700
-0,0142	1,338	2,6750
0,0039	1,340	2,6800
-0,0123	1,343	2,6850
0,0105	1,345	2,6900
0,0112	1,348	2,6950
-0,0172	1,350	2,7000
0,0041	1,353	2,7050
-0,0027	1,355	2,7100
-0,0036	1,358	2,7150
0,0111	1,360	2,7200
-0,0144	1,363	2,7250
-0,0008	1,365	2,7300
-0,0088	1,368	2,7350
-0,0182	1,370	2,7400
0,0141	1,373	2,7450
0,0139	1,375	2,7500
-0,0073	1,378	2,7550
0,0054	1,380	2,7600
-0,0149	1,383	2,7650
0,0075	1,385	2,7700
0,0020	1,388	2,7750
-0,0264	1,390	2,7800
-0,0009	1,393	2,7850
-0,0007	1,395	2,7900
-0,0102	1,398	2,7950
0,0043	1,400	2,8000
-0,0174	1,403	2,8050
-0,0029	1,405	2,8100
-0,0010	1,408	2,8150
-0,0094	1,410	2,8200
0,0126	1,413	2,8250
0,0044	1,415	2,8300
-0,0005	1,418	2,8350
0,0114	1,420	2,8400
-0,0037	1,423	2,8450
0,0184	1,425	2,8500
0,0021	1,428	2,8550
-0,0200	1,430	2,8600
-0,0004	1,433	2,8650
-0,0070	1,435	2,8700
-0,0038	1,438	2,8750
0,0119	1,440	2,8800
-0,0157	1,443	2,8850
0,0036	1,445	2,8900
-0,0008	1,448	2,8950
-0,0081	1,450	2,9000
0,0170	1,453	2,9050
0,0054	1,455	2,9100
-0,0086	1,458	2,9150
0,0090	1,460	2,9200
-0,0091	1,463	2,9250
0,0067	1,465	2,9300
0,0005	1,468	2,9350
-0,0097	1,470	2,9400
0,0165	1,473	2,9450
0,0037	1,475	2,9500
-0,0027	1,478	2,9550
0,0185	1,480	2,9600
-0,0101	1,483	2,9650
0,0104	1,485	2,9700
0,0079	1,488	2,9750
-0,0069	1,490	2,9800
0,0118	1,493	2,9850
0,0047	1,495	2,9900
-0,0042	1,498	2,9950
0,0117	1,500	3,0000
-0,0162	1,503	3,0050
0,0002	1,505	3,0100
0,0022	1,508	3,0150
-0,0175	1,510	3,0200
0,0105	1,513	3,0250
0,0031	1,515	3,0300
-0,0013	1,518	3,0350
0,0132	1,520	3,0400
-0,0135	1,523	3,0450
0,0045	1,525	3,0500
-0,0015	1,528	3,0550
-0,0093	1,530	3,0600
0,0101	1,533	3,0650
-0,0039	1,535	3,0700
-0,0056	1,538	3,0750
0,0052	1,540	3,0800
-0,0169	1,543	3,0850
0,0027	1,545	3,0900
0,0026	1,548	3,0950
-0,0160	1,550	3,1000
0,0080	1,553	3,1050
-0,0078	1,555	3,1100
-0,0106	1,558	3,1150
0,0026	1,560	3,1200
-0,0170	1,563	3,1250
0,0027	1,565	3,1300
-0,0067	1,568	3,1350
-0,0116	1,570	3,1400
0,0151	1,573	3,1450
0,0067	1,575	3,1500
-0,0054	1,578	3,1550
0,0113	1,580	3,1600
-0,0142	1,583	3,1650
0,0049	1,585	3,1700
0,0039	1,588	3,1750
-0,0158	1,590	3,1800
-0,0033	1,593	3,1850
-0,0099	1,595	3,1900
-0,0067	1,598	3,1950
0,0063	1,600	3,2000
-0,0209	1,603	3,2050
0,0035	1,605	3,2100
0,0008	1,608	3,2150
-0,0111	1,610	3,2200
0,0109	1,613	3,2250
-0,0038	1,615	3,2300
-0,0173	1,618	3,2350
0,0027	1,620	3,2400
-0,0124	1,623	3,2450
0,0126	1,625	3,2500
0,0072	1,628	3,2550
-0,0162	1,630	3,2600
0,0099	1,633	3,2650
0,0014	1,635	3,2700
-0,0022	1,638	3,2750
0,0122	1,640	3,2800
-0,0139	1,643	3,2850
0,0079	1,645	3,2900
-0,0012	1,648	3,2950
-0,0162	1,650	3,3000
0,0074	1,653	3,3050
0,0019	1,655	3,3100
-0,0128	1,658	3,3150
-0,0002	1,660	3,3200
-0,0161	1,663	3,3250
0,0134	1,665	3,3300
0,0116	1,668	3,3350
-0,0053	1,670	3,3400
0,0140	1,673	3,3450
0,0045	1,675	3,3500
-0,0054	1,678	3,3550
0,0154	1,680	3,3600
-0,0076	1,683	3,3650
0,0089	1,685	3,3700
-0,0001	1,688	3,3750
-0,0123	1,690	3,3800
0,0123	1,693	3,3850
0,0105	1,695	3,3900
-0,0050	1,698	3,3950
0,0131	1,700	3,4000
-0,0146	1,703	3,4050
0,0041	1,705	3,4100
0,0037	1,708	3,4150
-0,0109	1,710	3,4200
0,0035	1,713	3,4250
-0,0064	1,715	3,4300
-0,0158	1,718	3,4350
0,0021	1,720	3,4400
-0,0188	1,723	3,4450
0,0103	1,725	3,4500
0,0010	1,728	3,4550
-0,0095	1,730	3,4600
0,0141	1,733	3,4650
0,0088	1,735	3,4700
-0,0081	1,738	3,4750
0,0004	1,740	3,4800
-0,0142	1,743	3,4850
0,0095	1,745	3,4900
0,0096	1,748	3,4950
-0,0091	1,750	3,5000
0,0085	1,753	3,5050
-0,0033	1,755	3,5100
-0,0033	1,758	3,5150
0,0112	1,760	3,5200
-0,0163	1,763	3,5250
0,0063	1,765	3,5300
-0,0049	1,768	3,5350
-0,0141	1,770	3,5400
0,0101	1,773	3,5450
0,0074	1,775	3,5500
-0,0114	1,778	3,5550
0,0036	1,780	3,5600
-0,0195	1,783	3,5650
0,0093	1,785	3,5700
0,0033	1,788	3,5750
-0,0145	1,790	3,5800
0,0084	1,793	3,5850
-0,0048	1,795	3,5900
-0,0006	1,798	3,5950
0,0129	1,800	3,6000
-0,0110	1,803	3,6050
0,0078	1,805	3,6100
-0,0045	1,808	3,6150
-0,0135	1,810	3,6200
0,0060	1,813	3,6250
0,0002	1,815	3,6300
-0,0086	1,818	3,6350
0,0161	1,820	3,6400
-0,0108	1,823	3,6450
0,0108	1,825	3,6500
-0,0023	1,828	3,6550
-0,0089	1,830	3,6600
0,0068	1,833	3,6650
-0,0112	1,835	3,6700
-0,0137	1,838	3,6750
0,0072	1,840	3,6800
-0,0166	1,843	3,6850
0,0105	1,845	3,6900
0,0106	1,848	3,6950
-0,0065	1,850	3,7000
0,0133	1,853	3,7050
0,0027	1,855	3,7100
-0,0114	1,858	3,7150
-0,0013	1,860	3,7200
-0,0190	1,863	3,7250
0,0123	1,865	3,7300
0,0071	1,868	3,7350
-0,0111	1,870	3,7400
0,0125	1,873	3,7450
0,0052	1,875	3,7500
-0,0049	1,878	3,7550
0,0120	1,880	3,7600
-0,0195	1,883	3,7650
0,0035	1,885	3,7700
0,0068	1,888	3,7750
-0,0081	1,890	3,7800
0,0108	1,893	3,7850
0,0048	1,895	3,7900
-0,0045	1,898	3,7950
0,0113	1,900	3,8000
-0,0158	1,903	3,8050
0,0041	1,905	3,8100
0,0021	1,908	3,8150
-0,0174	1,910	3,8200
-0,0001	1,913	3,8250
-0,0099	1,915	3,8300
-0,0048	1,918	3,8350
0,0099	1,920	3,8400
-0,0201	1,923	3,8450
-0,0009	1,925	3,8500
-0,0018	1,928	3,8550
-0,0172	1,930	3,8600
0,0052	1,933	3,8650
0,0027	1,935	3,8700
-0,0039	1,938	3,8750
0,0074	1,940	3,8800
-0,0171	1,943	3,8850
0,0008	1,945	3,8900
0,0032	1,948	3,8950
-0,0165	1,950	3,9000
0,0057	1,953	3,9050
-0,0052	1,955	3,9100
-0,0058	1,958	3,9150
0,0091	1,960	3,9200
-0,0048	1,963	3,9250
0,0155	1,965	3,9300
0,0043	1,968	3,9350
-0,0155	1,970	3,9400
0,0099	1,973	3,9450
0,0063	1,975	3,9500
-0,0071	1,978	3,9550
0,0152	1,980	3,9600
-0,0078	1,983	3,9650
0,0177	1,985	3,9700
0,0104	1,988	3,9750
-0,0101	1,990	3,9800
0,0086	1,993	3,9850
-0,0016	1,995	3,9900
0,0001	1,998	3,9950
0,0158	2,000	4,0000
-0,0092	2,003	4,0050
0,0119	2,005	4,0100
0,0005	2,008	4,0150
-0,0203	2,010	4,0200
0,0078	2,013	4,0250
0,0021	2,015	4,0300
-0,0121	2,018	4,0350
0,0140	2,020	4,0400
-0,0109	2,023	4,0450
0,0050	2,025	4,0500
-0,0008	2,028	4,0550
-0,0180	2,030	4,0600
0,0037	2,033	4,0650
-0,0063	2,035	4,0700
-0,0097	2,038	4,0750
0,0063	2,040	4,0800
-0,0110	2,043	4,0850
0,0149	2,045	4,0900
0,0113	2,048	4,0950
-0,0066	2,050	4,1000
0,0107	2,053	4,1050
-0,0002	2,055	4,1100
-0,0056	2,058	4,1150
0,0103	2,060	4,1200
-0,0142	2,063	4,1250
0,0098	2,065	4,1300
0,0106	2,068	4,1350
0,0005	2,070	4,1400
0,0074	2,073	4,1450
-0,0046	2,075	4,1500
-0,0197	2,078	4,1550
0,0026	2,080	4,1600
-0,0184	2,083	4,1650
-0,0001	2,085	4,1700
0,0006	2,088	4,1750
-0,0079	2,090	4,1800
0,0142	2,093	4,1850
0,0003	2,095	4,1900
-0,0098	2,098	4,1950
0,0015	2,100	4,2000
-0,0207	2,103	4,2050
0,0102	2,105	4,2100
0,0138	2,108	4,2150
-0,0142	2,110	4,2200
-0,0010	2,113	4,2250
0,0008	2,115	4,2300
-0,0001	2,118	4,2350
0,0145	2,120	4,2400
-0,0208	2,123	4,2450
-0,0015	2,125	4,2500
-0,0022	2,128	4,2550
-0,0141	2,130	4,2600
0,0020	2,133	4,2650
0,0026	2,135	4,2700
-0,0030	2,138	4,2750
0,0129	2,140	4,2800
-0,0155	2,143	4,2850
0,0059	2,145	4,2900
0,0152	2,148	4,2950
-0,0091	2,150	4,3000
0,0108	2,153	4,3050
-0,0001	2,155	4,3100
-0,0085	2,158	4,3150
0,0079	2,160	4,3200
-0,0111	2,163	4,3250
0,0072	2,165	4,3300
0,0015	2,168	4,3350
-0,0121	2,170	4,3400
0,0153	2,173	4,3450
0,0125	2,175	4,3500
-0,0012	2,178	4,3550
0,0181	2,180	4,3600
-0,0093	2,183	4,3650
0,0168	2,185	4,3700
0,0109	2,188	4,3750
-0,0104	2,190	4,3800
0,0036	2,193	4,3850
0,0026	2,195	4,3900
-0,0057	2,198	4,3950
0,0029	2,200	4,4000
-0,0246	2,203	4,4050
0,0004	2,205	4,4100
0,0059	2,208	4,4150
-0,0130	2,210	4,4200
0,0068	2,213	4,4250
0,0005	2,215	4,4300
-0,0097	2,218	4,4350
0,0117	2,220	4,4400
-0,0141	2,223	4,4450
0,0094	2,225	4,4500
0,0068	2,228	4,4550
-0,0116	2,230	4,4600
0,0052	2,233	4,4650
-0,0022	2,235	4,4700
-0,0041	2,238	4,4750
0,0124	2,240	4,4800
-0,0104	2,243	4,4850
0,0040	2,245	4,4900
0,0001	2,248	4,4950
-0,0120	2,250	4,5000
0,0127	2,253	4,5050
0,0074	2,255	4,5100
-0,0083	2,258	4,5150
0,0070	2,260	4,5200
-0,0157	2,263	4,5250
0,0120	2,265	4,5300
0,0036	2,268	4,5350
-0,0097	2,270	4,5400
0,0050	2,273	4,5450
-0,0013	2,275	4,5500
-0,0060	2,278	4,5550
0,0164	2,280	4,5600
-0,0123	2,283	4,5650
0,0123	2,285	4,5700
0,0092	2,288	4,5750
-0,0048	2,290	4,5800
0,0063	2,293	4,5850
-0,0052	2,295	4,5900
-0,0088	2,298	4,5950
0,0080	2,300	4,6000
-0,0203	2,303	4,6050
0,0054	2,305	4,6100
0,0060	2,308	4,6150
-0,0180	2,310	4,6200
0,0046	2,313	4,6250
-0,0051	2,315	4,6300
-0,0042	2,318	4,6350
0,0151	2,320	4,6400
-0,0232	2,323	4,6450
-0,0006	2,325	4,6500
0,0021	2,328	4,6550
-0,0052	2,330	4,6600
0,0134	2,333	4,6650
0,0053	2,335	4,6700
-0,0096	2,338	4,6750
0,0068	2,340	4,6800
-0,0160	2,343	4,6850
0,0116	2,345	4,6900
0,0107	2,348	4,6950
-0,0167	2,350	4,7000
0,0044	2,353	4,7050
0,0013	2,355	4,7100
-0,0004	2,358	4,7150
0,0084	2,360	4,7200
-0,0203	2,363	4,7250
-0,0015	2,365	4,7300
-0,0092	2,368	4,7350
-0,0222	2,370	4,7400
0,0031	2,373	4,7450
-0,0019	2,375	4,7500
-0,0183	2,378	4,7550
0,0034	2,380	4,7600
-0,0200	2,383	4,7650
0,0106	2,385	4,7700
0,0114	2,388	4,7750
-0,0111	2,390	4,7800
0,0117	2,393	4,7850
-0,0014	2,395	4,7900
-0,0148	2,398	4,7950
0,0093	2,400	4,8000
-0,0084	2,403	4,8050
0,0073	2,405	4,8100
0,0036	2,408	4,8150
-0,0058	2,410	4,8200
0,0184	2,413	4,8250
0,0071	2,415	4,8300
-0,0049	2,418	4,8350
0,0167	2,420	4,8400
-0,0045	2,423	4,8450
0,0130	2,425	4,8500
0,0019	2,428	4,8550
-0,0151	2,430	4,8600
0,0027	2,433	4,8650
-0,0042	2,435	4,8700
-0,0067	2,438	4,8750
0,0113	2,440	4,8800
-0,0140	2,443	4,8850
0,0073	2,445	4,8900
-0,0033	2,448	4,8950
-0,0113	2,450	4,9000
0,0125	2,453	4,9050
0,0030	2,455	4,9100
-0,0106	2,458	4,9150
0,0082	2,460	4,9200
-0,0120	2,463	4,9250
0,0164	2,465	4,9300
0,0106	2,468	4,9350
-0,0079	2,470	4,9400
0,0082	2,473	4,9450
-0,0056	2,475	4,9500
-0,0123	2,478	4,9550
0,0142	2,480	4,9600
-0,0168	2,483	4,9650
0,0018	2,485	4,9700
0,0063	2,488	4,9750
-0,0018	2,490	4,9800
0,0121	2,493	4,9850
0,0000	2,495	4,9900
-0,0070	2,498	4,9950
0,0037	2,500	5,0000
-0,0232	2,503	5,0050
0,0015	2,505	5,0100
0,0081	2,508	5,0150
-0,0106	2,510	5,0200
0,0135	2,513	5,0250
0,0058	2,515	5,0300
-0,0014	2,518	5,0350
0,0127	2,520	5,0400
-0,0254	2,523	5,0450
-0,0063	2,525	5,0500
-0,0023	2,528	5,0550
-0,0176	2,530	5,0600
0,0063	2,533	5,0650
0,0002	2,535	5,0700
-0,0055	2,538	5,0750
0,0066	2,540	5,0800
-0,0184	2,543	5,0850
0,0038	2,545	5,0900
0,0061	2,548	5,0950
-0,0143	2,550	5,1000
0,0051	2,553	5,1050
-0,0061	2,555	5,1100
-0,0055	2,558	5,1150
0,0174	2,560	5,1200
-0,0117	2,563	5,1250
0,0054	2,565	5,1300
0,0015	2,568	5,1350
-0,0208	2,570	5,1400
-0,0019	2,573	5,1450
-0,0018	2,575	5,1500
-0,0070	2,578	5,1550
0,0048	2,580	5,1600
-0,0201	2,583	5,1650
0,0092	2,585	5,1700
0,0027	2,588	5,1750
-0,0147	2,590	5,1800
-0,0011	2,593	5,1850
-0,0045	2,595	5,1900
-0,0012	2,598	5,1950
0,0214	2,600	5,2000
0,0003	2,603	5,2050
0,0137	2,605	5,2100
0,0029	2,608	5,2150
-0,0127	2,610	5,2200
0,0124	2,613	5,2250
0,0021	2,615	5,2300
-0,0109	2,618	5,2350
0,0084	2,620	5,2400
-0,0129	2,623	5,2450
0,0172	2,625	5,2500
0,0112	2,628	5,2550
-0,0012	2,630	5,2600
0,0183	2,633	5,2650
0,0044	2,635	5,2700
-0,0080	2,638	5,2750
0,0112	2,640	5,2800
-0,0157	2,643	5,2850
-0,0015	2,645	5,2900
-0,0022	2,648	5,2950
-0,0109	2,650	5,3000
0,0158	2,653	5,3050
0,0015	2,655	5,3100
-0,0097	2,658	5,3150
0,0081	2,660	5,3200
-0,0087	2,663	5,3250
0,0099	2,665	5,3300
-0,0017	2,668	5,3350
-0,0160	2,670	5,3400
0,0006	2,673	5,3450
-0,0004	2,675	5,3500
-0,0053	2,678	5,3550
0,0151	2,680	5,3600
-0,0110	2,683	5,3650
0,0128	2,685	5,3700
0,0070	2,688	5,3750
-0,0075	2,690	5,3800
0,0126	2,693	5,3850
0,0043	2,695	5,3900
-0,0020	2,698	5,3950
0,0076	2,700	5,4000
-0,0230	2,703	5,4050
0,0013	2,705	5,4100
0,0054	2,708	5,4150
-0,0070	2,710	5,4200
0,0105	2,713	5,4250
0,0016	2,715	5,4300
-0,0085	2,718	5,4350
0,0125	2,720	5,4400
-0,0177	2,723	5,4450
-0,0009	2,725	5,4500
-0,0113	2,728	5,4550
-0,0194	2,730	5,4600
0,0077	2,733	5,4650
0,0068	2,735	5,4700
0,0007	2,738	5,4750
0,0151	2,740	5,4800
-0,0057	2,743	5,4850
0,0143	2,745	5,4900
0,0070	2,748	5,4950
-0,0204	2,750	5,5000
0,0088	2,753	5,5050
-0,0010	2,755	5,5100
-0,0021	2,758	5,5150
0,0122	2,760	5,5200
-0,0096	2,763	5,5250
0,0112	2,765	5,5300
0,0022	2,768	5,5350
-0,0146	2,770	5,5400
0,0124	2,773	5,5450
0,0017	2,775	5,5500
-0,0142	2,778	5,5550
-0,0003	2,780	5,5600
-0,0228	2,783	5,5650
0,0067	2,785	5,5700
0,0095	2,788	5,5750
-0,0153	2,790	5,5800
-0,0040	2,793	5,5850
-0,0089	2,795	5,5900
-0,0070	2,798	5,5950
0,0050	2,800	5,6000
-0,0116	2,803	5,6050
0,0074	2,805	5,6100
0,0016	2,808	5,6150
-0,0055	2,810	5,6200
0,0180	2,813	5,6250
0,0046	2,815	5,6300
-0,0094	2,818	5,6350
0,0074	2,820	5,6400
-0,0177	2,823	5,6450
0,0064	2,825	5,6500
0,0004	2,828	5,6550
-0,0108	2,830	5,6600
0,0159	2,833	5,6650
-0,0033	2,835	5,6700
-0,0127	2,838	5,6750
0,0142	2,840	5,6800
-0,0143	2,843	5,6850
0,0063	2,845	5,6900
0,0025	2,848	5,6950
-0,0076	2,850	5,7000
0,0194	2,853	5,7050
0,0090	2,855	5,7100
-0,0079	2,858	5,7150
0,0059	2,860	5,7200
-0,0212	2,863	5,7250
0,0049	2,865	5,7300
0,0054	2,868	5,7350
-0,0063	2,870	5,7400
0,0100	2,873	5,7450
0,0057	2,875	5,7500
-0,0032	2,878	5,7550
0,0146	2,880	5,7600
-0,0172	2,883	5,7650
-0,0070	2,885	5,7700
-0,0074	2,888	5,7750
-0,0144	2,890	5,7800
0,0098	2,893	5,7850
-0,0017	2,895	5,7900
-0,0116	2,898	5,7950
0,0053	2,900	5,8000
-0,0189	2,903	5,8050
0,0039	2,905	5,8100
0,0038	2,908	5,8150
-0,0137	2,910	5,8200
0,0088	2,913	5,8250
0,0021	2,915	5,8300
0,0044	2,918	5,8350
0,0231	2,920	5,8400
-0,0041	2,923	5,8450
0,0050	2,925	5,8500
0,0027	2,928	5,8550
-0,0059	2,930	5,8600
0,0104	2,933	5,8650
-0,0060	2,935	5,8700
-0,0179	2,938	5,8750
-0,0038	2,940	5,8800
-0,0230	2,943	5,8850
0,0057	2,945	5,8900
0,0054	2,948	5,8950
-0,0147	2,950	5,9000
0,0136	2,953	5,9050
0,0041	2,955	5,9100
-0,0052	2,958	5,9150
0,0032	2,960	5,9200
-0,0157	2,963	5,9250
0,0062	2,965	5,9300
0,0025	2,968	5,9350
-0,0125	2,970	5,9400
0,0129	2,973	5,9450
-0,0006	2,975	5,9500
-0,0093	2,978	5,9550
0,0086	2,980	5,9600
-0,0114	2,983	5,9650
0,0078	2,985	5,9700
0,0028	2,988	5,9750
-0,0114	2,990	5,9800
0,0066	2,993	5,9850
-0,0010	2,995	5,9900
-0,0025	2,998	5,9950
0,0138	3,000	6,0000
-0,0103	3,003	6,0050
0,0135	3,005	6,0100
0,0070	3,008	6,0150
-0,0093	3,010	6,0200
0,0093	3,013	6,0250
0,0019	3,015	6,0300
-0,0050	3,018	6,0350
0,0111	3,020	6,0400
-0,0159	3,023	6,0450
0,0128	3,025	6,0500
0,0075	3,028	6,0550
-0,0104	3,030	6,0600
0,0070	3,033	6,0650
-0,0092	3,035	6,0700
-0,0081	3,038	6,0750
0,0135	3,040	6,0800
-0,0146	3,043	6,0850
0,0002	3,045	6,0900
-0,0001	3,048	6,0950
-0,0110	3,050	6,1000
0,0129	3,053	6,1050
-0,0003	3,055	6,1100
-0,0129	3,058	6,1150
0,0085	3,060	6,1200
-0,0124	3,063	6,1250
0,0094	3,065	6,1300
0,0120	3,068	6,1350
-0,0053	3,070	6,1400
-0,0002	3,073	6,1450
-0,0081	3,075	6,1500
-0,0102	3,078	6,1550
0,0174	3,080	6,1600
-0,0102	3,083	6,1650
0,0101	3,085	6,1700
0,0086	3,088	6,1750
-0,0030	3,090	6,1800
0,0136	3,093	6,1850
0,0024	3,095	6,1900
-0,0042	3,098	6,1950
0,0128	3,100	6,2000
-0,0139	3,103	6,2050
0,0092	3,105	6,2100
0,0058	3,108	6,2150
-0,0138	3,110	6,2200
-0,0006	3,113	6,2250
-0,0063	3,115	6,2300
0,0013	3,118	6,2350
0,0230	3,120	6,2400
-0,0110	3,123	6,2450
0,0057	3,125	6,2500
-0,0028	3,128	6,2550
-0,0108	3,130	6,2600
0,0045	3,133	6,2650
-0,0009	3,135	6,2700
-0,0101	3,138	6,2750
0,0026	3,140	6,2800
-0,0232	3,143	6,2850
-0,0034	3,145	6,2900
-0,0013	3,148	6,2950
-0,0213	3,150	6,3000
0,0040	3,153	6,3050
0,0013	3,155	6,3100
0,0050	3,158	6,3150
0,0191	3,160	6,3200
-0,0051	3,163	6,3250
0,0086	3,165	6,3300
-0,0023	3,168	6,3350
-0,0100	3,170	6,3400
0,0076	3,173	6,3450
0,0019	3,175	6,3500
-0,0121	3,178	6,3550
0,0065	3,180	6,3600
-0,0154	3,183	6,3650
0,0077	3,185	6,3700
0,0102	3,188	6,3750
-0,0057	3,190	6,3800
0,0091	3,193	6,3850
-0,0049	3,195	6,3900
-0,0028	3,198	6,3950
0,0145	3,200	6,4000
-0,0127	3,203	6,4050
0,0080	3,205	6,4100
0,0075	3,208	6,4150
-0,0149	3,210	6,4200
-0,0049	3,213	6,4250
-0,0001	3,215	6,4300
-0,0017	3,218	6,4350
0,0213	3,220	6,4400
-0,0080	3,223	6,4450
0,0054	3,225	6,4500
0,0043	3,228	6,4550
-0,0091	3,230	6,4600
0,0039	3,233	6,4650
-0,0083	3,235	6,4700
-0,0051	3,238	6,4750
0,0144	3,240	6,4800
-0,0167	3,243	6,4850
0,0090	3,245	6,4900
0,0047	3,248	6,4950
-0,0086	3,250	6,5000
0,0092	3,253	6,5050
0,0051	3,255	6,5100
-0,0078	3,258	6,5150
0,0026	3,260	6,5200
-0,0204	3,263	6,5250
0,0079	3,265	6,5300
0,0097	3,268	6,5350
-0,0034	3,270	6,5400
0,0073	3,273	6,5450
-0,0062	3,275	6,5500
-0,0126	3,278	6,5550
0,0095	3,280	6,5600
-0,0147	3,283	6,5650
0,0036	3,285	6,5700
-0,0085	3,288	6,5750
-0,0106	3,290	6,5800
0,0064	3,293	6,5850
-0,0024	3,295	6,5900
-0,0077	3,298	6,5950
0,0051	3,300	6,6000
-0,0141	3,303	6,6050
0,0109	3,305	6,6100
0,0057	3,308	6,6150
-0,0145	3,310	6,6200
0,0031	3,313	6,6250
-0,0113	3,315	6,6300
-0,0097	3,318	6,6350
0,0094	3,320	6,6400
-0,0166	3,323	6,6450
0,0024	3,325	6,6500
0,0012	3,328	6,6550
-0,0032	3,330	6,6600
0,0156	3,333	6,6650
0,0045	3,335	6,6700
-0,0095	3,338	6,6750
0,0039	3,340	6,6800
-0,0246	3,343	6,6850
-0,0020	3,345	6,6900
0,0065	3,348	6,6950
-0,0024	3,350	6,7000
0,0181	3,353	6,7050
0,0039	3,355	6,7100
-0,0061	3,358	6,7150
0,0070	3,360	6,7200
-0,0171	3,363	6,7250
0,0032	3,365	6,7300
-0,0078	3,368	6,7350
-0,0224	3,370	6,7400
-0,0022	3,373	6,7450
-0,0008	3,375	6,7500
-0,0169	3,378	6,7550
0,0040	3,380	6,7600
-0,0214	3,383	6,7650
0,0040	3,385	6,7700
0,0048	3,388	6,7750
-0,0095	3,390	6,7800
0,0077	3,393	6,7850
0,0016	3,395	6,7900
0,0031	3,398	6,7950
0,0184	3,400	6,8000
-0,0078	3,403	6,8050
0,0084	3,405	6,8100
0,0064	3,408	6,8150
-0,0129	3,410	6,8200
0,0119	3,413	6,8250
0,0056	3,415	6,8300
-0,0083	3,418	6,8350
0,0069	3,420	6,8400
-0,0140	3,423	6,8450
0,0051	3,425	6,8500
-0,0041	3,428	6,8550
-0,0207	3,430	6,8600
-0,0039	3,433	6,8650
-0,0126	3,435	6,8700
-0,0095	3,438	6,8750
0,0211	3,440	6,8800
0,0009	3,443	6,8850
0,0127	3,445	6,8900
-0,0007	3,448	6,8950
-0,0062	3,450	6,9000
0,0167	3,453	6,9050
0,0064	3,455	6,9100
-0,0075	3,458	6,9150
0,0138	3,460	6,9200
-0,0063	3,463	6,9250
0,0131	3,465	6,9300
0,0060	3,468	6,9350
-0,0030	3,470	6,9400
0,0148	3,473	6,9450
0,0018	3,475	6,9500
-0,0121	3,478	6,9550
0,0132	3,480	6,9600
-0,0137	3,483	6,9650
0,0028	3,485	6,9700
-0,0026	3,488	6,9750
-0,0029	3,490	6,9800
0,0126	3,493	6,9850
-0,0022	3,495	6,9900
-0,0118	3,498	6,9950
0,0088	3,500	7,0000
-0,0224	3,503	7,0050
-0,0016	3,505	7,0100
-0,0023	3,508	7,0150
-0,0136	3,510	7,0200
0,0064	3,513	7,0250
0,0014	3,515	7,0300
0,0035	3,518	7,0350
0,0190	3,520	7,0400
-0,0136	3,523	7,0450
0,0053	3,525	7,0500
-0,0011	3,528	7,0550
-0,0203	3,530	7,0600
-0,0081	3,533	7,0650
-0,0066	3,535	7,0700
-0,0095	3,538	7,0750
0,0123	3,540	7,0800
-0,0122	3,543	7,0850
0,0135	3,545	7,0900
0,0055	3,548	7,0950
-0,0182	3,550	7,1000
0,0041	3,553	7,1050
0,0022	3,555	7,1100
-0,0004	3,558	7,1150
0,0162	3,560	7,1200
-0,0076	3,563	7,1250
0,0051	3,565	7,1300
-0,0052	3,568	7,1350
-0,0103	3,570	7,1400
0,0131	3,573	7,1450
0,0012	3,575	7,1500
-0,0093	3,578	7,1550
0,0121	3,580	7,1600
-0,0116	3,583	7,1650
0,0090	3,585	7,1700
0,0063	3,588	7,1750
-0,0086	3,590	7,1800
0,0087	3,593	7,1850
-0,0063	3,595	7,1900
-0,0102	3,598	7,1950
0,0082	3,600	7,2000
-0,0087	3,603	7,2050
0,0049	3,605	7,2100
-0,0000	3,608	7,2150
-0,0041	3,610	7,2200
0,0142	3,613	7,2250
0,0051	3,615	7,2300
0,0005	3,618	7,2350
0,0157	3,620	7,2400
-0,0078	3,623	7,2450
0,0157	3,625	7,2500
0,0058	3,628	7,2550
-0,0139	3,630	7,2600
0,0097	3,633	7,2650
0,0032	3,635	7,2700
-0,0018	3,638	7,2750
0,0177	3,640	7,2800
-0,0061	3,643	7,2850
0,0017	3,645	7,2900
-0,0097	3,648	7,2950
-0,0203	3,650	7,3000
0,0058	3,653	7,3050
0,0000	3,655	7,3100
-0,0053	3,658	7,3150
0,0201	3,660	7,3200
-0,0158	3,663	7,3250
0,0039	3,665	7,3300
-0,0017	3,668	7,3350
-0,0205	3,670	7,3400
0,0049	3,673	7,3450
0,0049	3,675	7,3500
-0,0040	3,678	7,3550
0,0152	3,680	7,3600
-0,0121	3,683	7,3650
0,0010	3,685	7,3700
0,0021	3,688	7,3750
-0,0076	3,690	7,3800
0,0157	3,693	7,3850
0,0074	3,695	7,3900
-0,0064	3,698	7,3950
0,0054	3,700	7,4000
-0,0122	3,703	7,4050
0,0155	3,705	7,4100
0,0112	3,708	7,4150
-0,0102	3,710	7,4200
0,0083	3,713	7,4250
-0,0043	3,715	7,4300
-0,0053	3,718	7,4350
0,0106	3,720	7,4400
-0,0165	3,723	7,4450
0,0052	3,725	7,4500
0,0013	3,728	7,4550
-0,0082	3,730	7,4600
0,0123	3,733	7,4650
0,0080	3,735	7,4700
-0,0004	3,738	7,4750
0,0111	3,740	7,4800
-0,0177	3,743	7,4850
0,0018	3,745	7,4900
-0,0006	3,748	7,4950
-0,0191	3,750	7,5000
0,0024	3,753	7,5050
-0,0003	3,755	7,5100
0,0050	3,758	7,5150
0,0217	3,760	7,5200
-0,0080	3,763	7,5250
0,0061	3,765	7,5300
-0,0022	3,768	7,5350
-0,0112	3,770	7,5400
0,0102	3,773	7,5450
-0,0008	3,775	7,5500
-0,0196	3,778	7,5550
-0,0029	3,780	7,5600
-0,0188	3,783	7,5650
0,0129	3,785	7,5700
0,0075	3,788	7,5750
-0,0093	3,790	7,5800
0,0148	3,793	7,5850
0,0029	3,795	7,5900
0,0012	3,798	7,5950
0,0138	3,800	7,6000
-0,0096	3,803	7,6050
0,0011	3,805	7,6100
-0,0047	3,808	7,6150
-0,0150	3,810	7,6200
0,0112	3,813	7,6250
-0,0020	3,815	7,6300
-0,0120	3,818	7,6350
0,0002	3,820	7,6400
-0,0282	3,823	7,6450
-0,0016	3,825	7,6500
-0,0040	3,828	7,6550
-0,0095	3,830	7,6600
0,0110	3,833	7,6650
-0,0092	3,835	7,6700
-0,0080	3,838	7,6750
0,0170	3,840	7,6800
-0,0073	3,843	7,6850
0,0067	3,845	7,6900
-0,0022	3,848	7,6950
-0,0105	3,850	7,7000
0,0163	3,853	7,7050
0,0036	3,855	7,7100
-0,0041	3,858	7,7150
0,0134	3,860	7,7200
-0,0124	3,863	7,7250
0,0106	3,865	7,7300
0,0031	3,868	7,7350
-0,0153	3,870	7,7400
0,0043	3,873	7,7450
-0,0011	3,875	7,7500
-0,0056	3,878	7,7550
0,0187	3,880	7,7600
-0,0133	3,883	7,7650
-0,0047	3,885	7,7700
-0,0023	3,888	7,7750
-0,0101	3,890	7,7800
0,0088	3,893	7,7850
0,0020	3,895	7,7900
-0,0065	3,898	7,7950
0,0071	3,900	7,8000
-0,0143	3,903	7,8050
0,0081	3,905	7,8100
0,0029	3,908	7,8150
-0,0135	3,910	7,8200
0,0063	3,913	7,8250
-0,0020	3,915	7,8300
0,0001	3,918	7,8350
0,0160	3,920	7,8400
-0,0165	3,923	7,8450
0,0006	3,925	7,8500
0,0000	3,928	7,8550
-0,0119	3,930	7,8600
0,0068	3,933	7,8650
-0,0033	3,935	7,8700
-0,0110	3,938	7,8750
0,0004	3,940	7,8800
-0,0212	3,943	7,8850
0,0054	3,945	7,8900
0,0062	3,948	7,8950
-0,0084	3,950	7,9000
0,0080	3,953	7,9050
-0,0070	3,955	7,9100
-0,0129	3,958	7,9150
0,0019	3,960	7,9200
-0,0171	3,963	7,9250
0,0100	3,965	7,9300
0,0039	3,968	7,9350
-0,0118	3,970	7,9400
0,0072	3,973	7,9450
0,0030	3,975	7,9500
-0,0106	3,978	7,9550
0,0059	3,980	7,9600
-0,0217	3,983	7,9650
0,0068	3,985	7,9700
0,0067	3,988	7,9750
-0,0099	3,990	7,9800
0,0106	3,993	7,9850
0,0007	3,995	7,9900
-0,0045	3,998	7,9950
0,0104	4,000	8,0000
-0,0127	4,003	8,0050
0,0031	4,005	8,0100
0,0015	4,008	8,0150
-0,0148	4,010	8,0200
0,0074	4,013	8,0250
0,0019	4,015	8,0300
-0,0096	4,018	8,0350
0,0134	4,020	8,0400
-0,0083	4,023	8,0450
0,0129	4,025	8,0500
0,0081	4,028	8,0550
-0,0105	4,030	8,0600
0,0093	4,033	8,0650
-0,0054	4,035	8,0700
-0,0121	4,038	8,0750
0,0126	4,040	8,0800
-0,0210	4,043	8,0850
-0,0000	4,045	8,0900
-0,0010	4,048	8,0950
-0,0133	4,050	8,1000
0,0137	4,053	8,1050
0,0032	4,055	8,1100
-0,0035	4,058	8,1150
0,0093	4,060	8,1200
-0,0118	4,063	8,1250
0,0156	4,065	8,1300
0,0133	4,068	8,1350
-0,0017	4,070	8,1400
0,0122	4,073	8,1450
-0,0024	4,075	8,1500
-0,0070	4,078	8,1550
0,0188	4,080	8,1600
-0,0090	4,083	8,1650
0,0074	4,085	8,1700
-0,0037	4,088	8,1750
-0,0151	4,090	8,1800
0,0018	4,093	8,1850
-0,0065	4,095	8,1900
-0,0091	4,098	8,1950
0,0083	4,100	8,2000
-0,0162	4,103	8,2050
0,0034	4,105	8,2100
0,0045	4,108	8,2150
-0,0118	4,110	8,2200
0,0057	4,113	8,2250
-0,0001	4,115	8,2300
-0,0007	4,118	8,2350
0,0147	4,120	8,2400
-0,0138	4,123	8,2450
0,0032	4,125	8,2500
-0,0012	4,128	8,2550
-0,0053	4,130	8,2600
0,0139	4,133	8,2650
0,0010	4,135	8,2700
-0,0068	4,138	8,2750
0,0060	4,140	8,2800
-0,0167	4,143	8,2850
0,0103	4,145	8,2900
0,0089	4,148	8,2950
-0,0168	4,150	8,3000
0,0146	4,153	8,3050
0,0036	4,155	8,3100
-0,0087	4,158	8,3150
0,0085	4,160	8,3200
-0,0170	4,163	8,3250
0,0032	4,165	8,3300
-0,0011	4,168	8,3350
-0,0171	4,170	8,3400
0,0061	4,173	8,3450
0,0049	4,175	8,3500
-0,0076	4,178	8,3550
0,0051	4,180	8,3600
-0,0176	4,183	8,3650
0,0056	4,185	8,3700
0,0038	4,188	8,3750
-0,0151	4,190	8,3800
0,0084	4,193	8,3850
0,0025	4,195	8,3900
-0,0055	4,198	8,3950
0,0102	4,200	8,4000
-0,0159	4,203	8,4050
-0,0042	4,205	8,4100
-0,0059	4,208	8,4150
-0,0190	4,210	8,4200
0,0089	4,213	8,4250
0,0020	4,215	8,4300
-0,0095	4,218	8,4350
0,0081	4,220	8,4400
-0,0146	4,223	8,4450
0,0072	4,225	8,4500
0,0053	4,228	8,4550
-0,0124	4,230	8,4600
0,0079	4,233	8,4650
0,0014	4,235	8,4700
-0,0008	4,238	8,4750
0,0182	4,240	8,4800
-0,0131	4,243	8,4850
0,0017	4,245	8,4900
-0,0001	4,248	8,4950
-0,0124	4,250	8,5000
0,0140	4,253	8,5050
0,0059	4,255	8,5100
-0,0093	4,258	8,5150
0,0045	4,260	8,5200
-0,0189	4,263	8,5250
0,0039	4,265	8,5300
0,0021	4,268	8,5350
-0,0139	4,270	8,5400
0,0060	4,273	8,5450
-0,0018	4,275	8,5500
-0,0122	4,278	8,5550
0,0117	4,280	8,5600
-0,0196	4,283	8,5650
-0,0017	4,285	8,5700
0,0027	4,288	8,5750
-0,0088	4,290	8,5800
0,0112	4,293	8,5850
-0,0033	4,295	8,5900
-0,0077	4,298	8,5950
0,0015	4,300	8,6000
-0,0149	4,303	8,6050
0,0122	4,305	8,6100
0,0046	4,308	8,6150
-0,0179	4,310	8,6200
0,0032	4,313	8,6250
-0,0053	4,315	8,6300
-0,0003	4,318	8,6350
0,0164	4,320	8,6400
-0,0132	4,323	8,6450
0,0122	4,325	8,6500
0,0093	4,328	8,6550
-0,0061	4,330	8,6600
0,0076	4,333	8,6650
0,0026	4,335	8,6700
-0,0057	4,338	8,6750
0,0105	4,340	8,6800
-0,0190	4,343	8,6850
0,0002	4,345	8,6900
0,0015	4,348	8,6950
-0,0235	4,350	8,7000
-0,0015	4,353	8,7050
0,0021	4,355	8,7100
0,0011	4,358	8,7150
0,0109	4,360	8,7200
-0,0139	4,363	8,7250
0,0089	4,365	8,7300
0,0032	4,368	8,7350
-0,0168	4,370	8,7400
0,0112	4,373	8,7450
0,0010	4,375	8,7500
-0,0119	4,378	8,7550
0,0052	4,380	8,7600
-0,0198	4,383	8,7650
0,0048	4,385	8,7700
0,0020	4,388	8,7750
-0,0148	4,390	8,7800
0,0115	4,393	8,7850
0,0023	4,395	8,7900
-0,0034	4,398	8,7950
0,0130	4,400	8,8000
-0,0126	4,403	8,8050
0,0026	4,405	8,8100
0,0021	4,408	8,8150
-0,0148	4,410	8,8200
0,0179	4,413	8,8250
0,0087	4,415	8,8300
-0,0124	4,418	8,8350
0,0066	4,420	8,8400
-0,0132	4,423	8,8450
0,0121	4,425	8,8500
0,0037	4,428	8,8550
-0,0183	4,430	8,8600
-0,0035	4,433	8,8650
-0,0098	4,435	8,8700
-0,0054	4,438	8,8750
0,0189	4,440	8,8800
-0,0063	4,443	8,8850
0,0118	4,445	8,8900
0,0055	4,448	8,8950
-0,0161	4,450	8,9000
0,0066	4,453	8,9050
-0,0042	4,455	8,9100
-0,0151	4,458	8,9150
0,0011	4,460	8,9200
-0,0201	4,463	8,9250
0,0005	4,465	8,9300
-0,0011	4,468	8,9350
-0,0105	4,470	8,9400
0,0052	4,473	8,9450
0,0012	4,475	8,9500
0,0045	4,478	8,9550
0,0261	4,480	8,9600
-0,0146	4,483	8,9650
-0,0001	4,485	8,9700
-0,0048	4,488	8,9750
-0,0160	4,490	8,9800
-0,0014	4,493	8,9850
-0,0161	4,495	8,9900
-0,0151	4,498	8,9950
0,0019	4,500	9,0000
-0,0188	4,503	9,0050
0,0109	4,505	9,0100
0,0069	4,508	9,0150
-0,0181	4,510	9,0200
0,0021	4,513	9,0250
-0,0032	4,515	9,0300
-0,0106	4,518	9,0350
0,0079	4,520	9,0400
-0,0181	4,523	9,0450
0,0036	4,525	9,0500
0,0042	4,528	9,0550
-0,0133	4,530	9,0600
0,0139	4,533	9,0650
0,0047	4,535	9,0700
-0,0034	4,538	9,0750
0,0186	4,540	9,0800
-0,0114	4,543	9,0850
0,0033	4,545	9,0900
0,0011	4,548	9,0950
-0,0227	4,550	9,1000
0,0020	4,553	9,1050
-0,0103	4,555	9,1100
-0,0121	4,558	9,1150
0,0020	4,560	9,1200
-0,0186	4,563	9,1250
-0,0044	4,565	9,1300
0,0005	4,568	9,1350
-0,0088	4,570	9,1400
0,0191	4,573	9,1450
0,0100	4,575	9,1500
0,0014	4,578	9,1550
0,0112	4,580	9,1600
-0,0145	4,583	9,1650
0,0158	4,585	9,1700
0,0071	4,588	9,1750
-0,0143	4,590	9,1800
0,0053	4,593	9,1850
0,0038	4,595	9,1900
0,0007	4,598	9,1950
0,0110	4,600	9,2000
-0,0168	4,603	9,2050
-0,0043	4,605	9,2100
-0,0047	4,608	9,2150
-0,0112	4,610	9,2200
0,0139	4,613	9,2250
0,0087	4,615	9,2300
-0,0070	4,618	9,2350
0,0089	4,620	9,2400
-0,0155	4,623	9,2450
0,0140	4,625	9,2500
-0,0006	4,628	9,2550
-0,0137	4,630	9,2600
0,0112	4,633	9,2650
0,0015	4,635	9,2700
-0,0051	4,638	9,2750
0,0135	4,640	9,2800
-0,0173	4,643	9,2850
-0,0052	4,645	9,2900
-0,0095	4,648	9,2950
-0,0222	4,650	9,3000
0,0107	4,653	9,3050
0,0066	4,655	9,3100
-0,0038	4,658	9,3150
0,0124	4,660	9,3200
-0,0196	4,663	9,3250
0,0054	4,665	9,3300
0,0071	4,668	9,3350
-0,0104	4,670	9,3400
0,0099	4,673	9,3450
-0,0027	4,675	9,3500
-0,0045	4,678	9,3550
0,0201	4,680	9,3600
-0,0094	4,683	9,3650
0,0065	4,685	9,3700
0,0030	4,688	9,3750
-0,0072	4,690	9,3800
0,0109	4,693	9,3850
0,0033	4,695	9,3900
-0,0021	4,698	9,3950
0,0133	4,700	9,4000
-0,0157	4,703	9,4050
0,0088	4,705	9,4100
0,0078	4,708	9,4150
-0,0126	4,710	9,4200
0,0085	4,713	9,4250
0,0044	4,715	9,4300
0,0086	4,718	9,4350
0,0199	4,720	9,4400
-0,0131	4,723	9,4450
0,0106	4,725	9,4500
0,0083	4,728	9,4550
-0,0078	4,730	9,4600
0,0125	4,733	9,4650
0,0026	4,735	9,4700
-0,0134	4,738	9,4750
0,0097	4,740	9,4800
-0,0153	4,743	9,4850
0,0055	4,745	9,4900
0,0080	4,748	9,4950
-0,0154	4,750	9,5000
0,0042	4,753	9,5050
-0,0014	4,755	9,5100
-0,0049	4,758	9,5150
0,0082	4,760	9,5200
-0,0186	4,763	9,5250
0,0038	4,765	9,5300
0,0039	4,768	9,5350
-0,0121	4,770	9,5400
0,0109	4,773	9,5450
0,0075	4,775	9,5500
-0,0037	4,778	9,5550
0,0175	4,780	9,5600
-0,0056	4,783	9,5650
0,0145	4,785	9,5700
0,0104	4,788	9,5750
-0,0159	4,790	9,5800
0,0119	4,793	9,5850
0,0038	4,795	9,5900
-0,0020	4,798	9,5950
0,0131	4,800	9,6000
-0,0100	4,803	9,6050
0,0158	4,805	9,6100
0,0144	4,808	9,6150
-0,0070	4,810	9,6200
0,0136	4,813	9,6250
0,0041	4,815	9,6300
-0,0075	4,818	9,6350
0,0020	4,820	9,6400
-0,0279	4,823	9,6450
0,0013	4,825	9,6500
0,0054	4,828	9,6550
-0,0035	4,830	9,6600
0,0148	4,833	9,6650
-0,0051	4,835	9,6700
-0,0098	4,838	9,6750
0,0084	4,840	9,6800
-0,0179	4,843	9,6850
-0,0007	4,845	9,6900
-0,0016	4,848	9,6950
-0,0123	4,850	9,7000
0,0074	4,853	9,7050
-0,0022	4,855	9,7100
-0,0157	4,858	9,7150
0,0024	4,860	9,7200
-0,0111	4,863	9,7250
0,0139	4,865	9,7300
0,0071	4,868	9,7350
-0,0127	4,870	9,7400
0,0031	4,873	9,7450
-0,0007	4,875	9,7500
-0,0036	4,878	9,7550
0,0067	4,880	9,7600
-0,0238	4,883	9,7650
0,0022	4,885	9,7700
0,0070	4,888	9,7750
-0,0054	4,890	9,7800
0,0111	4,893	9,7850
-0,0033	4,895	9,7900
-0,0115	4,898	9,7950
0,0053	4,900	9,8000
-0,0151	4,903	9,8050
0,0138	4,905	9,8100
0,0076	4,908	9,8150
-0,0184	4,910	9,8200
0,0047	4,913	9,8250
-0,0037	4,915	9,8300
-0,0045	4,918	9,8350
0,0128	4,920	9,8400
-0,0212	4,923	9,8450
0,0046	4,925	9,8500
0,0094	4,928	9,8550
-0,0024	4,930	9,8600
0,0148	4,933	9,8650
-0,0020	4,935	9,8700
-0,0141	4,938	9,8750
0,0067	4,940	9,8800
-0,0166	4,943	9,8850
0,0053	4,945	9,8900
0,0090	4,948	9,8950
-0,0080	4,950	9,9000
0,0126	4,953	9,9050
0,0018	4,955	9,9100
-0,0035	4,958	9,9150
0,0158	4,960	9,9200
-0,0095	4,963	9,9250
0,0060	4,965	9,9300
-0,0010	4,968	9,9350
-0,0088	4,970	9,9400
0,0168	4,973	9,9450
0,0034	4,975	9,9500
-0,0091	4,978	9,9550
0,0086	4,980	9,9600
-0,0120	4,983	9,9650
0,0132	4,985	9,9700
0,0069	4,988	9,9750
-0,0090	4,990	9,9800
0,0234	4,993	9,9850
0,0174	4,995	9,9900
0,0073	4,998	9,9950
0,0258	5,000	10,0000
0,0021	5,003	10,0050
0,0210	5,005	10,0100
0,0148	5,008	10,0150
0,0052	5,010	10,0200
0,0283	5,013	10,0250
0,0277	5,015	10,0300
0,0247	5,018	10,0350
0,0464	5,020	10,0400
0,0209	5,023	10,0450
0,0489	5,025	10,0500
0,0504	5,028	10,0550
0,0385	5,030	10,0600
0,0719	5,033	10,0650
0,0645	5,035	10,0700
0,0686	5,038	10,0750
0,0983	5,040	10,0800
0,0746	5,043	10,0850
0,0997	5,045	10,0900
0,1083	5,048	10,0950
0,1023	5,050	10,1000
0,1336	5,053	10,1050
0,1282	5,055	10,1100
0,1290	5,058	10,1150
0,1551	5,060	10,1200
0,1425	5,063	10,1250
0,1753	5,065	10,1300
0,1847	5,068	10,1350
0,1739	5,070	10,1400
0,1981	5,073	10,1450
0,1961	5,075	10,1500
0,2020	5,078	10,1550
0,2323	5,080	10,1600
0,2155	5,083	10,1650
0,2516	5,085	10,1700
0,2565	5,088	10,1750
0,2524	5,090	10,1800
0,2806	5,093	10,1850
0,2799	5,095	10,1900
0,2849	5,098	10,1950
0,3184	5,100	10,2000
0,3120	5,103	10,2050
0,3505	5,105	10,2100
0,3622	5,108	10,2150
0,3545	5,110	10,2200
0,3861	5,113	10,2250
0,3869	5,115	10,2300
0,3949	5,118	10,2350
0,4269	5,120	10,2400
0,4122	5,123	10,2450
0,4429	5,125	10,2500
0,4451	5,128	10,2550
0,4516	5,130	10,2600
0,4934	5,133	10,2650
0,5023	5,135	10,2700
0,5075	5,138	10,2750
0,5347	5,140	10,2800
0,5234	5,143	10,2850
0,5657	5,145	10,2900
0,5768	5,148	10,2950
0,5695	5,150	10,3000
0,6058	5,153	10,3050
0,6087	5,155	10,3100
0,6259	5,158	10,3150
0,6554	5,160	10,3200
0,6498	5,163	10,3250
0,6895	5,165	10,3300
0,6918	5,168	10,3350
0,6893	5,170	10,3400
0,7345	5,173	10,3450
0,7465	5,175	10,3500
0,7542	5,178	10,3550
0,7900	5,180	10,3600
0,7708	5,183	10,3650
0,8107	5,185	10,3700
0,8238	5,188	10,3750
0,8261	5,190	10,3800
0,8672	5,193	10,3850
0,8747	5,195	10,3900
0,8961	5,198	10,3950
0,9392	5,200	10,4000
0,9297	5,203	10,4050
0,9649	5,205	10,4100
0,9821	5,208	10,4150
0,9841	5,210	10,4200
1,0216	5,213	10,4250
1,0374	5,215	10,4300
1,0435	5,218	10,4350
1,0821	5,220	10,4400
1,0787	5,223	10,4450
1,1267	5,225	10,4500
1,1354	5,228	10,4550
1,1412	5,230	10,4600
1,1888	5,233	10,4650
1,1977	5,235	10,4700
1,2155	5,238	10,4750
1,2577	5,240	10,4800
1,2597	5,243	10,4850
1,3046	5,245	10,4900
1,3172	5,248	10,4950
1,3199	5,250	10,5000
1,3656	5,253	10,5050
1,3754	5,255	10,5100
1,3877	5,258	10,5150
1,4283	5,260	10,5200
1,4296	5,263	10,5250
1,4821	5,265	10,5300
1,5052	5,268	10,5350
1,5090	5,270	10,5400
1,5481	5,273	10,5450
1,5640	5,275	10,5500
1,5865	5,278	10,5550
1,6274	5,280	10,5600
1,6164	5,283	10,5650
1,6553	5,285	10,5700
1,6808	5,288	10,5750
1,6940	5,290	10,5800
1,7419	5,293	10,5850
1,7636	5,295	10,5900
1,7909	5,298	10,5950
1,8352	5,300	10,6000
1,8286	5,303	10,6050
1,8690	5,305	10,6100
1,8888	5,308	10,6150
1,9022	5,310	10,6200
1,9492	5,313	10,6250
1,9617	5,315	10,6300
1,9916	5,318	10,6350
2,0381	5,320	10,6400
2,0317	5,323	10,6450
2,0722	5,325	10,6500
2,1007	5,328	10,6550
2,1240	5,330	10,6600
2,1750	5,333	10,6650
2,1951	5,335	10,6700
2,2171	5,338	10,6750
2,2557	5,340	10,6800
2,2566	5,343	10,6850
2,3057	5,345	10,6900
2,3325	5,348	10,6950
2,3416	5,350	10,7000
2,3967	5,353	10,7050
2,4207	5,355	10,7100
2,4523	5,358	10,7150
2,4938	5,360	10,7200
2,4970	5,363	10,7250
2,5527	5,365	10,7300
2,5743	5,368	10,7350
2,5845	5,370	10,7400
2,6382	5,373	10,7450
2,6682	5,375	10,7500
2,6869	5,378	10,7550
2,7325	5,380	10,7600
2,7368	5,383	10,7650
2,7959	5,385	10,7700
2,8271	5,388	10,7750
2,8352	5,390	10,7800
2,8869	5,393	10,7850
2,9112	5,395	10,7900
2,9455	5,398	10,7950
2,9973	5,400	10,8000
3,0037	5,403	10,8050
3,0508	5,405	10,8100
3,0892	5,408	10,8150
3,1125	5,410	10,8200
3,1562	5,413	10,8250
3,1779	5,415	10,8300
3,2087	5,418	10,8350
3,2577	5,420	10,8400
3,2697	5,423	10,8450
3,3319	5,425	10,8500
3,3580	5,428	10,8550
3,3809	5,430	10,8600
3,4438	5,433	10,8650
3,4729	5,435	10,8700
3,4984	5,438	10,8750
3,5457	5,440	10,8800
3,5623	5,443	10,8850
3,6263	5,445	10,8900
3,6570	5,448	10,8950
3,6779	5,450	10,9000
3,7333	5,453	10,9050
3,7624	5,455	10,9100
3,7916	5,458	10,9150
3,8490	5,460	10,9200
3,8655	5,463	10,9250
3,9250	5,465	10,9300
3,9592	5,468	10,9350
3,9848	5,470	10,9400
4,0430	5,473	10,9450
4,0706	5,475	10,9500
4,1045	5,478	10,9550
4,1639	5,480	10,9600
4,1841	5,483	10,9650
4,2423	5,485	10,9700
4,2772	5,488	10,9750
4,3048	5,490	10,9800
4,3604	5,493	10,9850
4,3858	5,495	10,9900
4,4175	5,498	10,9950
4,4731	5,500	11,0000
4,4845	5,503	11,0050
4,5457	5,505	11,0100
4,5780	5,508	11,0150
4,6053	5,510	11,0200
4,6677	5,513	11,0250
4,7033	5,515	11,0300
4,7368	5,518	11,0350
4,7932	5,520	11,0400
4,8081	5,523	11,0450
4,8726	5,525	11,0500
4,9140	5,528	11,0550
4,9461	5,530	11,0600
5,0033	5,533	11,0650
5,0354	5,535	11,0700
5,0676	5,538	11,0750
5,1252	5,540	11,0800
5,1492	5,543	11,0850
5,2173	5,545	11,0900
5,2535	5,548	11,0950
5,2740	5,550	11,1000
5,3429	5,553	11,1050
5,3841	5,555	11,1100
5,4227	5,558	11,1150
5,4806	5,560	11,1200
5,5016	5,563	11,1250
5,5616	5,565	11,1300
5,6007	5,568	11,1350
5,6297	5,570	11,1400
5,6902	5,573	11,1450
5,7324	5,575	11,1500
5,7695	5,578	11,1550
5,8296	5,580	11,1600
5,8565	5,583	11,1650
5,9195	5,585	11,1700
5,9604	5,588	11,1750
5,9941	5,590	11,1800
6,0542	5,593	11,1850
6,0846	5,595	11,1900
6,1220	5,598	11,1950
6,1808	5,600	11,2000
6,2128	5,603	11,2050
6,2798	5,605	11,2100
6,3256	5,608	11,2150
6,3577	5,610	11,2200
6,4244	5,613	11,2250
6,4671	5,615	11,2300
6,5007	5,618	11,2350
6,5580	5,620	11,2400
6,5787	5,623	11,2450
6,6494	5,625	11,2500
6,6893	5,628	11,2550
6,7280	5,630	11,2600
6,7964	5,633	11,2650
6,8364	5,635	11,2700
6,8757	5,638	11,2750
6,9472	5,640	11,2800
6,9707	5,643	11,2850
7,0347	5,645	11,2900
7,0768	5,648	11,2950
7,1031	5,650	11,3000
7,1657	5,653	11,3050
7,2041	5,655	11,3100
7,2495	5,658	11,3150
7,3113	5,660	11,3200
7,3421	5,663	11,3250
7,4151	5,665	11,3300
7,4566	5,668	11,3350
7,4901	5,670	11,3400
7,5543	5,673	11,3450
7,5991	5,675	11,3500
7,6439	5,678	11,3550
7,7142	5,680	11,3600
7,7388	5,683	11,3650
7,8135	5,685	11,3700
7,8575	5,688	11,3750
7,8955	5,690	11,3800
7,9658	5,693	11,3850
8,0090	5,695	11,3900
8,0463	5,698	11,3950
8,1076	5,700	11,4000
8,1405	5,703	11,4050
8,2120	5,705	11,4100
8,2511	5,708	11,4150
8,2848	5,710	11,4200
8,3579	5,713	11,4250
8,4095	5,715	11,4300
8,4534	5,718	11,4350
8,5241	5,720	11,4400
8,5541	5,723	11,4450
8,6326	5,725	11,4500
8,6833	5,728	11,4550
8,7219	5,730	11,4600
8,7833	5,733	11,4650
8,8240	5,735	11,4700
8,8680	5,738	11,4750
8,9291	5,740	11,4800
8,9584	5,743	11,4850
9,0243	5,745	11,4900
9,0812	5,748	11,4950
9,1208	5,750	11,5000
9,1930	5,753	11,5050
9,2303	5,755	11,5100
9,2761	5,758	11,5150
9,3425	5,760	11,5200
9,3769	5,763	11,5250
9,4563	5,765	11,5300
9,5105	5,768	11,5350
9,5443	5,770	11,5400
9,6105	5,773	11,5450
9,6574	5,775	11,5500
9,7003	5,778	11,5550
9,7651	5,780	11,5600
9,7928	5,783	11,5650
9,8732	5,785	11,5700
9,9274	5,788	11,5750
9,9550	5,790	11,5800
10,0281	5,793	11,5850
10,0791	5,795	11,5900
10,1342	5,798	11,5950
10,2088	5,800	11,6000
10,2401	5,803	11,6050
10,3034	5,805	11,6100
10,3566	5,808	11,6150
10,3920	5,810	11,6200
10,4677	5,813	11,6250
10,5149	5,815	11,6300
10,5608	5,818	11,6350
10,6364	5,820	11,6400
10,6649	5,823	11,6450
10,7277	5,825	11,6500
10,7724	5,828	11,6550
10,8176	5,830	11,6600
10,8878	5,833	11,6650
10,9343	5,835	11,6700
10,9859	5,838	11,6750
11,0610	5,840	11,6800
11,1036	5,843	11,6850
11,1659	5,845	11,6900
11,2125	5,848	11,6950
11,2496	5,850	11,7000
11,3149	5,853	11,7050
11,3601	5,855	11,7100
11,4085	5,858	11,7150
11,4824	5,860	11,7200
11,5215	5,863	11,7250
11,5959	5,865	11,7300
11,6436	5,868	11,7350
11,6828	5,870	11,7400
11,7432	5,873	11,7450
11,7951	5,875	11,7500
11,8384	5,878	11,7550
11,9141	5,880	11,7600
11,9460	5,883	11,7650
12,0139	5,885	11,7700
12,0535	5,888	11,7750
12,0991	5,890	11,7800
12,1672	5,893	11,7850
12,2140	5,895	11,7900
12,2683	5,898	11,7950
12,3388	5,900	11,8000
12,3684	5,903	11,8050
12,4408	5,905	11,8100
12,4948	5,908	11,8150
12,5255	5,910	11,8200
12,5919	5,913	11,8250
12,6414	5,915	11,8300
12,6942	5,918	11,8350
12,7568	5,920	11,8400
12,7800	5,923	11,8450
12,8625	5,925	11,8500
12,9149	5,928	11,8550
12,9543	5,930	11,8600
13,0243	5,933	11,8650
13,0775	5,935	11,8700
13,1202	5,938	11,8750
13,1888	5,940	11,8800
13,2204	5,943	11,8850
13,2949	5,945	11,8900
13,3554	5,948	11,8950
13,3971	5,950	11,9000
13,4690	5,953	11,9050
13,5048	5,955	11,9100
13,5607	5,958	11,9150
13,6393	5,960	11,9200
13,6696	5,963	11,9250
13,7380	5,965	11,9300
13,7833	5,968	11,9350
13,8278	5,970	11,9400
13,9008	5,973	11,9450
13,9442	5,975	11,9500
13,9916	5,978	11,9550
14,0699	5,980	11,9600
14,1021	5,983	11,9650
14,1840	5,985	11,9700
14,2419	5,988	11,9750
14,2804	5,990	11,9800
14,3414	5,993	11,9850
14,3823	5,995	11,9900
14,4274	5,998	11,9950
14,4998	6,000	12,0000
14,5403	6,003	12,0050
14,6093	6,005	12,0100
14,6587	6,008	12,0150
14,6949	6,010	12,0200
14,7708	6,013	12,0250
14,8209	6,015	12,0300
14,8668	6,018	12,0350
14,9418	6,020	12,0400
14,9741	6,023	12,0450
15,0433	6,025	12,0500
15,0858	6,028	12,0550
15,1237	6,030	12,0600
15,1941	6,033	12,0650
15,2458	6,035	12,0700
15,2904	6,038	12,0750
15,3612	6,040	12,0800
15,3984	6,043	12,0850
15,4711	6,045	12,0900
15,5266	6,048	12,0950
15,5719	6,050	12,1000
15,6358	6,053	12,1050
15,6838	6,055	12,1100
15,7379	6,058	12,1150
15,8096	6,060	12,1200
15,8403	6,063	12,1250
15,9052	6,065	12,1300
15,9516	6,068	12,1350
15,9961	6,070	12,1400
16,0716	6,073	12,1450
16,1239	6,075	12,1500
16,1682	6,078	12,1550
16,2425	6,080	12,1600
16,2778	6,083	12,1650
16,3444	6,085	12,1700
16,3989	6,088	12,1750
16,4442	6,090	12,1800
16,5096	6,093	12,1850
16,5500	6,095	12,1900
16,6001	6,098	12,1950
16,6676	6,100	12,2000
16,7006	6,103	12,2050
16,7757	6,105	12,2100
16,8326	6,108	12,2150
16,8719	6,110	12,2200
16,9400	6,113	12,2250
16,9933	6,115	12,2300
17,0431	6,118	12,2350
17,1109	6,120	12,2400
17,1379	6,123	12,2450
17,2137	6,125	12,2500
17,2617	6,128	12,2550
17,3031	6,130	12,2600
17,3651	6,133	12,2650
17,4190	6,135	12,2700
17,4663	6,138	12,2750
17,5330	6,140	12,2800
17,5664	6,143	12,2850
17,6419	6,145	12,2900
17,7002	6,148	12,2950
17,7382	6,150	12,3000
17,8071	6,153	12,3050
17,8483	6,155	12,3100
17,9016	6,158	12,3150
17,9747	6,160	12,3200
18,0137	6,163	12,3250
18,0762	6,165	12,3300
18,1231	6,168	12,3350
18,1545	6,170	12,3400
18,2260	6,173	12,3450
18,2740	6,175	12,3500
18,3223	6,178	12,3550
18,3957	6,180	12,3600
18,4283	6,183	12,3650
18,4970	6,185	12,3700
18,5496	6,188	12,3750
18,5887	6,190	12,3800
18,6588	6,193	12,3850
18,7130	6,195	12,3900
18,7699	6,198	12,3950
18,8415	6,200	12,4000
18,8854	6,203	12,4050
18,9534	6,205	12,4100
18,9963	6,208	12,4150
19,0375	6,210	12,4200
19,1135	6,213	12,4250
19,1606	6,215	12,4300
19,2042	6,218	12,4350
19,2791	6,220	12,4400
19,3101	6,223	12,4450
19,3823	6,225	12,4500
19,4304	6,228	12,4550
19,4783	6,230	12,4600
19,5522	6,233	12,4650
19,6079	6,235	12,4700
19,6621	6,238	12,4750
19,7292	6,240	12,4800
19,7564	6,243	12,4850
19,8165	6,245	12,4900
19,8685	6,248	12,4950
19,9140	6,250	12,5000
19,9848	6,253	12,5050
20,0328	6,255	12,5100
20,0845	6,258	12,5150
20,1531	6,260	12,5200
20,1816	6,263	12,5250
20,2549	6,265	12,5300
20,3095	6,268	12,5350
20,3514	6,270	12,5400
20,4168	6,273	12,5450
20,4638	6,275	12,5500
20,5096	6,278	12,5550
20,5835	6,280	12,5600
20,6147	6,283	12,5650
20,6867	6,285	12,5700
20,7461	6,288	12,5750
20,7835	6,290	12,5800
20,8480	6,293	12,5850
20,8897	6,295	12,5900
20,9343	6,298	12,5950
21,0037	6,300	12,6000
21,0401	6,303	12,6050
21,1161	6,305	12,6100
21,1695	6,308	12,6150
21,2039	6,310	12,6200
21,2790	6,313	12,6250
21,3271	6,315	12,6300
21,3823	6,318	12,6350
21,4476	6,320	12,6400
21,4787	6,323	12,6450
21,5531	6,325	12,6500
21,6094	6,328	12,6550
21,6558	6,330	12,6600
21,7319	6,333	12,6650
21,7792	6,335	12,6700
21,8209	6,338	12,6750
21,8857	6,340	12,6800
21,9242	6,343	12,6850
21,9888	6,345	12,6900
22,0457	6,348	12,6950
22,0830	6,350	12,7000
22,1555	6,353	12,7050
22,2030	6,355	12,7100
22,2553	6,358	12,7150
22,3260	6,360	12,7200
22,3663	6,363	12,7250
22,4359	6,365	12,7300
22,4795	6,368	12,7350
22,5247	6,370	12,7400
22,5949	6,373	12,7450
22,6435	6,375	12,7500
22,6903	6,378	12,7550
22,7576	6,380	12,7600
22,7964	6,383	12,7650
22,8705	6,385	12,7700
22,9158	6,388	12,7750
22,9545	6,390	12,7800
23,0205	6,393	12,7850
23,0644	6,395	12,7900
23,1163	6,398	12,7950
23,1938	6,400	12,8000
23,2304	6,403	12,8050
23,2969	6,405	12,8100
23,3449	6,408	12,8150
23,3836	6,410	12,8200
23,4546	6,413	12,8250
23,5069	6,415	12,8300
23,5559	6,418	12,8350
23,6262	6,420	12,8400
23,6579	6,423	12,8450
23,7340	6,425	12,8500
23,7935	6,428	12,8550
23,8348	6,430	12,8600
23,9056	6,433	12,8650
23,9584	6,435	12,8700
24,0071	6,438	12,8750
24,0754	6,440	12,8800
24,1087	6,443	12,8850
24,1802	6,445	12,8900
24,2339	6,448	12,8950
24,2780	6,450	12,9000
24,3538	6,453	12,9050
24,4005	6,455	12,9100
24,4446	6,458	12,9150
24,5110	6,460	12,9200
24,5475	6,463	12,9250
24,6203	6,465	12,9300
24,6717	6,468	12,9350
24,7119	6,470	12,9400
24,7826	6,473	12,9450
24,8335	6,475	12,9500
24,8819	6,478	12,9550
24,9585	6,480	12,9600
24,9921	6,483	12,9650
25,0660	6,485	12,9700
25,1165	6,488	12,9750
25,1600	6,490	12,9800
25,2313	6,493	12,9850
25,2776	6,495	12,9900
25,3295	6,498	12,9950
25,3972	6,500	13,0000
25,4299	6,503	13,0050
25,4970	6,505	13,0100
25,5538	6,508	13,0150
25,5933	6,510	13,0200
25,6578	6,513	13,0250
25,7086	6,515	13,0300
25,7650	6,518	13,0350
25,8433	6,520	13,0400
25,8805	6,523	13,0450
25,9489	6,525	13,0500
26,0030	6,528	13,0550
26,0486	6,530	13,0600
26,1081	6,533	13,0650
26,1575	6,535	13,0700
26,2038	6,538	13,0750
26,2782	6,540	13,0800
26,3134	6,543	13,0850
26,3813	6,545	13,0900
26,4343	6,548	13,0950
26,4776	6,550	13,1000
26,5581	6,553	13,1050
26,6014	6,555	13,1100
26,6593	6,558	13,1150
26,7256	6,560	13,1200
26,7630	6,563	13,1250
26,8334	6,565	13,1300
26,8870	6,568	13,1350
26,9288	6,570	13,1400
26,9985	6,573	13,1450
27,0553	6,575	13,1500
27,1002	6,578	13,1550
27,1630	6,580	13,1600
27,2024	6,583	13,1650
27,2738	6,585	13,1700
27,3276	6,588	13,1750
27,3734	6,590	13,1800
27,4397	6,593	13,1850
27,4871	6,595	13,1900
27,5401	6,598	13,1950
27,6107	6,600	13,2000
27,6499	6,603	13,2050
27,7179	6,605	13,2100
27,7672	6,608	13,2150
27,8182	6,610	13,2200
27,8946	6,613	13,2250
27,9486	6,615	13,2300
27,9886	6,618	13,2350
28,0555	6,620	13,2400
28,0929	6,623	13,2450
28,1679	6,625	13,2500
28,2156	6,628	13,2550
28,2523	6,630	13,2600
28,3264	6,633	13,2650
28,3756	6,635	13,2700
28,4298	6,638	13,2750
28,5007	6,640	13,2800
28,5415	6,643	13,2850
28,6113	6,645	13,2900
28,6605	6,648	13,2950
28,7041	6,650	13,3000
28,7804	6,653	13,3050
28,8318	6,655	13,3100
28,8773	6,658	13,3150
28,9501	6,660	13,3200
28,9887	6,663	13,3250
29,0636	6,665	13,3300
29,1151	6,668	13,3350
29,1553	6,670	13,3400
29,2189	6,673	13,3450
29,2766	6,675	13,3500
29,3247	6,678	13,3550
29,4018	6,680	13,3600
29,4395	6,683	13,3650
29,5207	6,685	13,3700
29,5687	6,688	13,3750
29,6079	6,690	13,3800
29,6834	6,693	13,3850
29,7306	6,695	13,3900
29,7754	6,698	13,3950
29,8488	6,700	13,4000
29,8824	6,703	13,4050
29,9572	6,705	13,4100
30,0208	6,708	13,4150
30,0690	6,710	13,4200
30,1437	6,713	13,4250
30,1917	6,715	13,4300
30,2415	6,718	13,4350
30,3099	6,720	13,4400
30,3409	6,723	13,4450
30,4087	6,725	13,4500
30,4621	6,728	13,4550
30,5160	6,730	13,4600
30,5918	6,733	13,4650
30,6442	6,735	13,4700
30,6915	6,738	13,4750
30,7570	6,740	13,4800
30,7875	6,743	13,4850
30,8672	6,745	13,4900
30,9304	6,748	13,4950
30,9661	6,750	13,5000
31,0389	6,753	13,5050
31,0880	6,755	13,5100
31,1396	6,758	13,5150
31,2111	6,760	13,5200
31,2462	6,763	13,5250
31,3166	6,765	13,5300
31,3664	6,768	13,5350
31,4086	6,770	13,5400
31,4798	6,773	13,5450
31,5327	6,775	13,5500
31,5820	6,778	13,5550
31,6572	6,780	13,5600
31,6956	6,783	13,5650
31,7695	6,785	13,5700
31,8219	6,788	13,5750
31,8610	6,790	13,5800
31,9365	6,793	13,5850
31,9868	6,795	13,5900
32,0442	6,798	13,5950
32,1161	6,800	13,6000
32,1642	6,803	13,6050
32,2311	6,805	13,6100
32,2803	6,808	13,6150
32,3168	6,810	13,6200
32,3871	6,813	13,6250
32,4361	6,815	13,6300
32,4820	6,818	13,6350
32,5548	6,820	13,6400
32,5933	6,823	13,6450
32,6734	6,825	13,6500
32,7254	6,828	13,6550
32,7616	6,830	13,6600
32,8230	6,833	13,6650
32,8775	6,835	13,6700
32,9414	6,838	13,6750
33,0161	6,840	13,6800
33,0533	6,843	13,6850
33,1258	6,845	13,6900
33,1794	6,848	13,6950
33,2209	6,850	13,7000
33,2956	6,853	13,7050
33,3441	6,855	13,7100
33,3939	6,858	13,7150
33,4618	6,860	13,7200
33,4949	6,863	13,7250
33,5745	6,865	13,7300
33,6292	6,868	13,7350
33,6676	6,870	13,7400
33,7379	6,873	13,7450
33,7930	6,875	13,7500
33,8464	6,878	13,7550
33,9209	6,880	13,7600
33,9608	6,883	13,7650
34,0418	6,885	13,7700
34,0983	6,888	13,7750
34,1447	6,890	13,7800
34,2088	6,893	13,7850
34,2583	6,895	13,7900
34,3045	6,898	13,7950
34,3745	6,900	13,8000
34,4041	6,903	13,8050
34,4791	6,905	13,8100
34,5338	6,908	13,8150
34,5777	6,910	13,8200
34,6506	6,913	13,8250
34,6961	6,915	13,8300
34,7578	6,918	13,8350
34,8285	6,920	13,8400
34,8728	6,923	13,8450
34,9417	6,925	13,8500
34,9928	6,928	13,8550
35,0400	6,930	13,8600
35,1167	6,933	13,8650
35,1665	6,935	13,8700
35,2208	6,938	13,8750
35,2940	6,940	13,8800
35,3305	6,943	13,8850
35,4011	6,945	13,8900
35,4589	6,948	13,8950
35,5043	6,950	13,9000
35,5807	6,953	13,9050
35,6277	6,955	13,9100
35,6800	6,958	13,9150
35,7461	6,960	13,9200
35,7803	6,963	13,9250
35,8545	6,965	13,9300
35,9099	6,968	13,9350
35,9513	6,970	13,9400
36,0227	6,973	13,9450
36,0805	6,975	13,9500
36,1260	6,978	13,9550
36,2035	6,980	13,9600
36,2458	6,983	13,9650
36,3166	6,985	13,9700
36,3716	6,988	13,9750
36,4118	6,990	13,9800
36,4825	6,993	13,9850
36,5265	6,995	13,9900
36,5808	6,998	13,9950
36,6537	7,000	14,0000
36,6980	7,003	14,0050
36,7686	7,005	14,0100
36,8242	7,008	14,0150
36,8635	7,010	14,0200
36,9360	7,013	14,0250
36,9920	7,015	14,0300
37,0473	7,018	14,0350
37,1238	7,020	14,0400
37,1550	7,023	14,0450
37,2258	7,025	14,0500
37,2743	7,028	14,0550
37,3221	7,030	14,0600
37,3966	7,033	14,0650
37,4440	7,035	14,0700
37,4945	7,038	14,0750
37,5744	7,040	14,0800
37,6193	7,043	14,0850
37,6891	7,045	14,0900
37,7462	7,048	14,0950
37,7920	7,050	14,1000
37,8701	7,053	14,1050
37,9291	7,055	14,1100
37,9831	7,058	14,1150
38,0519	7,060	14,1200
38,0899	7,063	14,1250
38,1696	7,065	14,1300
38,2141	7,068	14,1350
38,2514	7,070	14,1400
38,3201	7,073	14,1450
38,3753	7,075	14,1500
38,4331	7,078	14,1550
38,5111	7,080	14,1600
38,5501	7,083	14,1650
38,6314	7,085	14,1700
38,6851	7,088	14,1750
38,7261	7,090	14,1800
38,8041	7,093	14,1850
38,8614	7,095	14,1900
38,9182	7,098	14,1950
38,9848	7,100	14,2000
39,0185	7,103	14,2050
39,0879	7,105	14,2100
39,1464	7,108	14,2150
39,1890	7,110	14,2200
39,2608	7,113	14,2250
39,3098	7,115	14,2300
39,3653	7,118	14,2350
39,4352	7,120	14,2400
39,4768	7,123	14,2450
39,5534	7,125	14,2500
39,5987	7,128	14,2550
39,6506	7,130	14,2600
39,7212	7,133	14,2650
39,7711	7,135	14,2700
39,8231	7,138	14,2750
39,8955	7,140	14,2800
39,9327	7,143	14,2850
40,0053	7,145	14,2900
40,0658	7,148	14,2950
40,1078	7,150	14,3000
40,1840	7,153	14,3050
40,2299	7,155	14,3100
40,2813	7,158	14,3150
40,3525	7,160	14,3200
40,3914	7,163	14,3250
40,4676	7,165	14,3300
40,5243	7,168	14,3350
40,5717	7,170	14,3400
40,6434	7,173	14,3450
40,6981	7,175	14,3500
40,7500	7,178	14,3550
40,8235	7,180	14,3600
40,8585	7,183	14,3650
40,9373	7,185	14,3700
40,9974	7,188	14,3750
41,0412	7,190	14,3800
41,1146	7,193	14,3850
41,1683	7,195	14,3900
41,2266	7,198	14,3950
41,2975	7,200	14,4000
41,3451	7,203	14,4050
41,4197	7,205	14,4100
41,4700	7,208	14,4150
41,5077	7,210	14,4200
41,5742	7,213	14,4250
41,6240	7,215	14,4300
41,6742	7,218	14,4350
41,7494	7,220	14,4400
41,7924	7,223	14,4450
41,8692	7,225	14,4500
41,9212	7,228	14,4550
41,9706	7,230	14,4600
42,0500	7,233	14,4650
42,0933	7,235	14,4700
42,1438	7,238	14,4750
42,2125	7,240	14,4800
42,2569	7,243	14,4850
42,3233	7,245	14,4900
42,3839	7,248	14,4950
42,4303	7,250	14,5000
42,5105	7,253	14,5050
42,5603	7,255	14,5100
42,6063	7,258	14,5150
42,6816	7,260	14,5200
42,7231	7,263	14,5250
42,7970	7,265	14,5300
42,8573	7,268	14,5350
42,8993	7,270	14,5400
42,9697	7,273	14,5450
43,0218	7,275	14,5500
43,0744	7,278	14,5550
43,1492	7,280	14,5600
43,1830	7,283	14,5650
43,2580	7,285	14,5700
43,3193	7,288	14,5750
43,3704	7,290	14,5800
43,4408	7,293	14,5850
43,4916	7,295	14,5900
43,5450	7,298	14,5950
43,6151	7,300	14,6000
43,6582	7,303	14,6050
43,7370	7,305	14,6100
43,7943	7,308	14,6150
43,8477	7,310	14,6200
43,9265	7,313	14,6250
43,9749	7,315	14,6300
44,0340	7,318	14,6350
44,0970	7,320	14,6400
44,1373	7,323	14,6450
44,2131	7,325	14,6500
44,2768	7,328	14,6550
44,3232	7,330	14,6600
44,3900	7,333	14,6650
44,4428	7,335	14,6700
44,4975	7,338	14,6750
44,5739	7,340	14,6800
44,6212	7,343	14,6850
44,6922	7,345	14,6900
44,7414	7,348	14,6950
44,7792	7,350	14,7000
44,8574	7,353	14,7050
44,9093	7,355	14,7100
44,9624	7,358	14,7150
45,0245	7,360	14,7200
45,0670	7,363	14,7250
45,1470	7,365	14,7300
45,2026	7,368	14,7350
45,2466	7,370	14,7400
45,3229	7,373	14,7450
45,3837	7,375	14,7500
45,4386	7,378	14,7550
45,5091	7,380	14,7600
45,5381	7,383	14,7650
45,6150	7,385	14,7700
45,6684	7,388	14,7750
45,7218	7,390	14,7800
45,7943	7,393	14,7850
45,8464	7,395	14,7900
45,9011	7,398	14,7950
45,9734	7,400	14,8000
46,0158	7,403	14,8050
46,0836	7,405	14,8100
46,1393	7,408	14,8150
46,1852	7,410	14,8200
46,2598	7,413	14,8250
46,3122	7,415	14,8300
46,3806	7,418	14,8350
46,4557	7,420	14,8400
46,4972	7,423	14,8450
46,5722	7,425	14,8500
46,6233	7,428	14,8550
46,6670	7,430	14,8600
46,7426	7,433	14,8650
46,8001	7,435	14,8700
46,8609	7,438	14,8750
46,9319	7,440	14,8800
46,9683	7,443	14,8850
47,0386	7,445	14,8900
47,0966	7,448	14,8950
47,1467	7,450	14,9000
47,2221	7,453	14,9050
47,2743	7,455	14,9100
47,3242	7,458	14,9150
47,3929	7,460	14,9200
47,4319	7,463	14,9250
47,5081	7,465	14,9300
47,5601	7,468	14,9350
47,6078	7,470	14,9400
47,6877	7,473	14,9450
47,7534	7,475	14,9500
47,8052	7,478	14,9550
47,8779	7,480	14,9600
47,9146	7,483	14,9650
47,9840	7,485	14,9700
48,0324	7,488	14,9750
48,0829	7,490	14,9800
48,1549	7,493	14,9850
48,2132	7,495	14,9900
48,2741	7,498	14,9950
48,3431	7,500	15,0000
48,3772	7,503	15,0050
48,4510	7,505	15,0100
48,5086	7,508	15,0150
48,5495	7,510	15,0200
48,6231	7,513	15,0250
48,6782	7,515	15,0300
48,7363	7,518	15,0350
48,8121	7,520	15,0400
48,8586	7,523	15,0450
48,9308	7,525	15,0500
48,9799	7,528	15,0550
49,0200	7,530	15,0600
49,0911	7,533	15,0650
49,1453	7,535	15,0700
49,2021	7,538	15,0750
49,2731	7,540	15,0800
49,3237	7,543	15,0850
49,4074	7,545	15,0900
49,4715	7,548	15,0950
49,5093	7,550	15,1000
49,5833	7,553	15,1050
49,6282	7,555	15,1100
49,6856	7,558	15,1150
49,7535	7,560	15,1200
49,7973	7,563	15,1250
49,8758	7,565	15,1300
49,9310	7,568	15,1350
49,9826	7,570	15,1400
50,0629	7,573	15,1450
50,1219	7,575	15,1500
50,1705	7,578	15,1550
50,2396	7,580	15,1600
50,2829	7,583	15,1650
50,3605	7,585	15,1700
50,4151	7,588	15,1750
50,4593	7,590	15,1800
50,5385	7,593	15,1850
50,5872	7,595	15,1900
50,6463	7,598	15,1950
50,7168	7,600	15,2000
50,7562	7,603	15,2050
50,8282	7,605	15,2100
50,8901	7,608	15,2150
50,9310	7,610	15,2200
51,0083	7,613	15,2250
51,0673	7,615	15,2300
51,1191	7,618	15,2350
51,1906	7,620	15,2400
51,2277	7,623	15,2450
51,3018	7,625	15,2500
51,3584	7,628	15,2550
51,4071	7,630	15,2600
51,4855	7,633	15,2650
51,5427	7,635	15,2700
51,5951	7,638	15,2750
51,6703	7,640	15,2800
51,7153	7,643	15,2850
51,7847	7,645	15,2900
51,8364	7,648	15,2950
51,8802	7,650	15,3000
51,9504	7,653	15,3050
52,0016	7,655	15,3100
52,0630	7,658	15,3150
52,1365	7,660	15,3200
52,1813	7,663	15,3250
52,2631	7,665	15,3300
52,3187	7,668	15,3350
52,3672	7,670	15,3400
52,4360	7,673	15,3450
52,4901	7,675	15,3500
52,5452	7,678	15,3550
52,6294	7,680	15,3600
52,6750	7,683	15,3650
52,7535	7,685	15,3700
52,8075	7,688	15,3750
52,8627	7,690	15,3800
52,9311	7,693	15,3850
52,9798	7,695	15,3900
53,0381	7,698	15,3950
53,1090	7,700	15,4000
53,1480	7,703	15,4050
53,2246	7,705	15,4100
53,2850	7,708	15,4150
53,3317	7,710	15,4200
53,4066	7,713	15,4250
53,4620	7,715	15,4300
53,5194	7,718	15,4350
53,5945	7,720	15,4400
53,6330	7,723	15,4450
53,7115	7,725	15,4500
53,7692	7,728	15,4550
53,8189	7,730	15,4600
53,8885	7,733	15,4650
53,9459	7,735	15,4700
54,0081	7,738	15,4750
54,0841	7,740	15,4800
54,1227	7,743	15,4850
54,1982	7,745	15,4900
54,2576	7,748	15,4950
54,3073	7,750	15,5000
54,3855	7,753	15,5050
54,4433	7,755	15,5100
54,5008	7,758	15,5150
54,5684	7,760	15,5200
54,5992	7,763	15,5250
54,6703	7,765	15,5300
54,7290	7,768	15,5350
54,7824	7,770	15,5400
54,8658	7,773	15,5450
54,9220	7,775	15,5500
54,9695	7,778	15,5550
55,0479	7,780	15,5600
55,0924	7,783	15,5650
55,1713	7,785	15,5700
55,2227	7,788	15,5750
55,2694	7,790	15,5800
55,3467	7,793	15,5850
55,4041	7,795	15,5900
55,4620	7,798	15,5950
55,5375	7,800	15,6000
55,5843	7,803	15,6050
55,6553	7,805	15,6100
55,7124	7,808	15,6150
55,7623	7,810	15,6200
55,8392	7,813	15,6250
55,8970	7,815	15,6300
55,9527	7,818	15,6350
56,0290	7,820	15,6400
56,0716	7,823	15,6450
56,1384	7,825	15,6500
56,1964	7,828	15,6550
56,2428	7,830	15,6600
56,3123	7,833	15,6650
56,3679	7,835	15,6700
56,4324	7,838	15,6750
56,5117	7,840	15,6800
56,5533	7,843	15,6850
56,6276	7,845	15,6900
56,6798	7,848	15,6950
56,7295	7,850	15,7000
56,8052	7,853	15,7050
56,8580	7,855	15,7100
56,9051	7,858	15,7150
56,9835	7,860	15,7200
57,0326	7,863	15,7250
57,1071	7,865	15,7300
57,1691	7,868	15,7350
57,2251	7,870	15,7400
57,2973	7,873	15,7450
57,3460	7,875	15,7500
57,4002	7,878	15,7550
57,4700	7,880	15,7600
57,5152	7,883	15,7650
57,5971	7,885	15,7700
57,6562	7,888	15,7750
57,7000	7,890	15,7800
57,7701	7,893	15,7850
57,8233	7,895	15,7900
57,8773	7,898	15,7950
57,9585	7,900	15,8000
57,9959	7,903	15,8050
58,0685	7,905	15,8100
58,1248	7,908	15,8150
58,1773	7,910	15,8200
58,2636	7,913	15,8250
58,3155	7,915	15,8300
58,3824	7,918	15,8350
58,4608	7,920	15,8400
58,5054	7,923	15,8450
58,5791	7,925	15,8500
58,6340	7,928	15,8550
58,6882	7,930	15,8600
58,7715	7,933	15,8650
58,8268	7,935	15,8700
58,8862	7,938	15,8750
58,9671	7,940	15,8800
59,0085	7,943	15,8850
59,0845	7,945	15,8900
59,1442	7,948	15,8950
59,1871	7,950	15,9000
59,2659	7,953	15,9050
59,3137	7,955	15,9100
59,3769	7,958	15,9150
59,4558	7,960	15,9200
59,5019	7,963	15,9250
59,5772	7,965	15,9300
59,6398	7,968	15,9350
59,6851	7,970	15,9400
59,7562	7,973	15,9450
59,8184	7,975	15,9500
59,8682	7,978	15,9550
59,9400	7,980	15,9600
59,9775	7,983	15,9650
60,0630	7,985	15,9700
60,1217	7,988	15,9750
60,1675	7,990	15,9800
60,2408	7,993	15,9850
60,2981	7,995	15,9900
60,3541	7,998	15,9950
60,4330	8,000	16,0000
60,4799	8,003	16,0050
60,5572	8,005	16,0100
60,6112	8,008	16,0150
60,6506	8,010	16,0200
60,7255	8,013	16,0250
60,7829	8,015	16,0300
60,8422	8,018	16,0350
60,9219	8,020	16,0400
60,9634	8,023	16,0450
61,0407	8,025	16,0500
61,0996	8,028	16,0550
61,1505	8,030	16,0600
61,2253	8,033	16,0650
61,2815	8,035	16,0700
61,3387	8,038	16,0750
61,4125	8,040	16,0800
61,4567	8,043	16,0850
61,5345	8,045	16,0900
61,5925	8,048	16,0950
61,6483	8,050	16,1000
61,7318	8,053	16,1050
61,7833	8,055	16,1100
61,8394	8,058	16,1150
61,9157	8,060	16,1200
61,9648	8,063	16,1250
62,0400	8,065	16,1300
62,0961	8,068	16,1350
62,1566	8,070	16,1400
62,2356	8,073	16,1450
62,2974	8,075	16,1500
62,3576	8,078	16,1550
62,4256	8,080	16,1600
62,4653	8,083	16,1650
62,5452	8,085	16,1700
62,6093	8,088	16,1750
62,6594	8,090	16,1800
62,7384	8,093	16,1850
62,7930	8,095	16,1900
62,8571	8,098	16,1950
62,9317	8,100	16,2000
62,9774	8,103	16,2050
63,0540	8,105	16,2100
63,1125	8,108	16,2150
63,1626	8,110	16,2200
63,2311	8,113	16,2250
63,2847	8,115	16,2300
63,3456	8,118	16,2350
63,4220	8,120	16,2400
63,4588	8,123	16,2450
63,5400	8,125	16,2500
63,5991	8,128	16,2550
63,6489	8,130	16,2600
63,7254	8,133	16,2650
63,7823	8,135	16,2700
63,8350	8,138	16,2750
63,9049	8,140	16,2800
63,9535	8,143	16,2850
64,0378	8,145	16,2900
64,0984	8,148	16,2950
64,1381	8,150	16,3000
64,2162	8,153	16,3050
64,2680	8,155	16,3100
64,3235	8,158	16,3150
64,4002	8,160	16,3200
64,4461	8,163	16,3250
64,5248	8,165	16,3300
64,5870	8,168	16,3350
64,6368	8,170	16,3400
64,7162	8,173	16,3450
64,7798	8,175	16,3500
64,8306	8,178	16,3550
64,8986	8,180	16,3600
64,9337	8,183	16,3650
65,0201	8,185	16,3700
65,0798	8,188	16,3750
65,1267	8,190	16,3800
65,2119	8,193	16,3850
65,2745	8,195	16,3900
65,3395	8,198	16,3950
65,4104	8,200	16,4000
65,4487	8,203	16,4050
65,5196	8,205	16,4100
65,5799	8,208	16,4150
65,6355	8,210	16,4200
65,7155	8,213	16,4250
65,7704	8,215	16,4300
65,8226	8,218	16,4350
65,8960	8,220	16,4400
65,9353	8,223	16,4450
66,0226	8,225	16,4500
66,0751	8,228	16,4550
66,1238	8,230	16,4600
66,2024	8,233	16,4650
66,2637	8,235	16,4700
66,3279	8,238	16,4750
66,4104	8,240	16,4800
66,4489	8,243	16,4850
66,5199	8,245	16,4900
66,5703	8,248	16,4950
66,6196	8,250	16,5000
66,7011	8,253	16,5050
66,7626	8,255	16,5100
66,8200	8,258	16,5150
66,9020	8,260	16,5200
66,9355	8,263	16,5250
67,0059	8,265	16,5300
67,0685	8,268	16,5350
67,1255	8,270	16,5400
67,2054	8,273	16,5450
67,2627	8,275	16,5500
67,3203	8,278	16,5550
67,4078	8,280	16,5600
67,4411	8,283	16,5650
67,5207	8,285	16,5700
67,5794	8,288	16,5750
67,6235	8,290	16,5800
67,6948	8,293	16,5850
67,7524	8,295	16,5900
67,8074	8,298	16,5950
67,8930	8,300	16,6000
67,9440	8,303	16,6050
68,0207	8,305	16,6100
68,0800	8,308	16,6150
68,1343	8,310	16,6200
68,2198	8,313	16,6250
68,2787	8,315	16,6300
68,3317	8,318	16,6350
68,4049	8,320	16,6400
68,4471	8,323	16,6450
68,5225	8,325	16,6500
68,5822	8,328	16,6550
68,6352	8,330	16,6600
68,7146	8,333	16,6650
68,7815	8,335	16,6700
68,8318	8,338	16,6750
68,8953	8,340	16,6800
68,9397	8,343	16,6850
69,0222	8,345	16,6900
69,0929	8,348	16,6950
69,1420	8,350	16,7000
69,2104	8,353	16,7050
69,2664	8,355	16,7100
69,3323	8,358	16,7150
69,4076	8,360	16,7200
69,4553	8,363	16,7250
69,5352	8,365	16,7300
69,5881	8,368	16,7350
69,6414	8,370	16,7400
69,7185	8,373	16,7450
69,7795	8,375	16,7500
69,8410	8,378	16,7550
69,9143	8,380	16,7600
69,9549	8,383	16,7650
70,0337	8,385	16,7700
70,0901	8,388	16,7750
70,1410	8,390	16,7800
70,2205	8,393	16,7850
70,2753	8,395	16,7900
70,3349	8,398	16,7950
70,4122	8,400	16,8000
70,4607	8,403	16,8050
70,5465	8,405	16,8100
70,6110	8,408	16,8150
70,6647	8,410	16,8200
70,7375	8,413	16,8250
70,7901	8,415	16,8300
70,8425	8,418	16,8350
70,9228	8,420	16,8400
70,9658	8,423	16,8450
71,0461	8,425	16,8500
71,1062	8,428	16,8550
71,1561	8,430	16,8600
71,2267	8,433	16,8650
71,2827	8,435	16,8700
71,3454	8,438	16,8750
71,4241	8,440	16,8800
71,4688	8,443	16,8850
71,5543	8,445	16,8900
71,6145	8,448	16,8950
71,6651	8,450	16,9000
71,7484	8,453	16,9050
71,8060	8,455	16,9100
71,8582	8,458	16,9150
71,9342	8,460	16,9200
71,9810	8,463	16,9250
72,0578	8,465	16,9300
72,1189	8,468	16,9350
72,1767	8,470	16,9400
72,2509	8,473	16,9450
72,3106	8,475	16,9500
72,3660	8,478	16,9550
72,4460	8,480	16,9600
72,4864	8,483	16,9650
72,5715	8,485	16,9700
72,6322	8,488	16,9750
72,6778	8,490	16,9800
72,7466	8,493	16,9850
72,8065	8,495	16,9900
72,8672	8,498	16,9950
72,9536	8,500	17,0000
72,9969	8,503	17,0050
73,0723	8,505	17,0100
73,1289	8,508	17,0150
73,1739	8,510	17,0200
73,2501	8,513	17,0250
73,3100	8,515	17,0300
73,3726	8,518	17,0350
73,4576	8,520	17,0400
73,5087	8,523	17,0450
73,5873	8,525	17,0500
73,6394	8,528	17,0550
73,6862	8,530	17,0600
73,7582	8,533	17,0650
73,8125	8,535	17,0700
73,8725	8,538	17,0750
73,9566	8,540	17,0800
73,9987	8,543	17,0850
74,0770	8,545	17,0900
74,1439	8,548	17,0950
74,1970	8,550	17,1000
74,2774	8,553	17,1050
74,3330	8,555	17,1100
74,3947	8,558	17,1150
74,4697	8,560	17,1200
74,5123	8,563	17,1250
74,5925	8,565	17,1300
74,6587	8,568	17,1350
74,7114	8,570	17,1400
74,7903	8,573	17,1450
74,8545	8,575	17,1500
74,9144	8,578	17,1550
74,9959	8,580	17,1600
75,0336	8,583	17,1650
75,1200	8,585	17,1700
75,1876	8,588	17,1750
75,2369	8,590	17,1800
75,3124	8,593	17,1850
75,3749	8,595	17,1900
75,4366	8,598	17,1950
75,5140	8,600	17,2000
75,5565	8,603	17,2050
75,6416	8,605	17,2100
75,7043	8,608	17,2150
75,7495	8,610	17,2200
75,8261	8,613	17,2250
75,8881	8,615	17,2300
75,9383	8,618	17,2350
76,0236	8,620	17,2400
76,0735	8,623	17,2450
76,1484	8,625	17,2500
76,2077	8,628	17,2550
76,2655	8,630	17,2600
76,3457	8,633	17,2650
76,4038	8,635	17,2700
76,4602	8,638	17,2750
76,5358	8,640	17,2800
76,5772	8,643	17,2850
76,6499	8,645	17,2900
76,7155	8,648	17,2950
76,7673	8,650	17,3000
76,8427	8,653	17,3050
76,9036	8,655	17,3100
76,9681	8,658	17,3150
77,0551	8,660	17,3200
77,1006	8,663	17,3250
77,1744	8,665	17,3300
77,2299	8,668	17,3350
77,2851	8,670	17,3400
77,3579	8,673	17,3450
77,4192	8,675	17,3500
77,4825	8,678	17,3550
77,5675	8,680	17,3600
77,6157	8,683	17,3650
77,6946	8,685	17,3700
77,7545	8,688	17,3750
77,8088	8,690	17,3800
77,8754	8,693	17,3850
77,9404	8,695	17,3900
78,0060	8,698	17,3950
78,0844	8,700	17,4000
78,1245	8,703	17,4050
78,2048	8,705	17,4100
78,2724	8,708	17,4150
78,3203	8,710	17,4200
78,4003	8,713	17,4250
78,4586	8,715	17,4300
78,5223	8,718	17,4350
78,5976	8,720	17,4400
78,6369	8,723	17,4450
78,7248	8,725	17,4500
78,7842	8,728	17,4550
78,8356	8,730	17,4600
78,9151	8,733	17,4650
78,9784	8,735	17,4700
79,0427	8,738	17,4750
79,1183	8,740	17,4800
79,1573	8,743	17,4850
79,2307	8,745	17,4900
79,2978	8,748	17,4950
79,3508	8,750	17,5000
79,4330	8,753	17,5050
79,4876	8,755	17,5100
79,5565	8,758	17,5150
79,6379	8,760	17,5200
79,6913	8,763	17,5250
79,7718	8,765	17,5300
79,8208	8,768	17,5350
79,8695	8,770	17,5400
79,9509	8,773	17,5450
80,0115	8,775	17,5500
80,0671	8,778	17,5550
80,1516	8,780	17,5600
80,1969	8,783	17,5650
80,2740	8,785	17,5700
80,3335	8,788	17,5750
80,3808	8,790	17,5800
80,4632	8,793	17,5850
80,5202	8,795	17,5900
80,5873	8,798	17,5950
80,6681	8,800	17,6000
80,7143	8,803	17,6050
80,7963	8,805	17,6100
80,8645	8,808	17,6150
80,9137	8,810	17,6200
80,9992	8,813	17,6250
81,0630	8,815	17,6300
81,1177	8,818	17,6350
81,2017	8,820	17,6400
81,2530	8,823	17,6450
81,3279	8,825	17,6500
81,3804	8,828	17,6550
81,4329	8,830	17,6600
81,5144	8,833	17,6650
81,5764	8,835	17,6700
81,6357	8,838	17,6750
81,7138	8,840	17,6800
81,7627	8,843	17,6850
81,8474	8,845	17,6900
81,9090	8,848	17,6950
81,9555	8,850	17,7000
82,0323	8,853	17,7050
82,0939	8,855	17,7100
82,1536	8,858	17,7150
82,2291	8,860	17,7200
82,2688	8,863	17,7250
82,3495	8,865	17,7300
82,4148	8,868	17,7350
82,4690	8,870	17,7400
82,5458	8,873	17,7450
82,6029	8,875	17,7500
82,6680	8,878	17,7550
82,7541	8,880	17,7600
82,7978	8,883	17,7650
82,8738	8,885	17,7700
82,9278	8,888	17,7750
82,9784	8,890	17,7800
83,0577	8,893	17,7850
83,1240	8,895	17,7900
83,1939	8,898	17,7950
83,2719	8,900	17,8000
83,3043	8,903	17,8050
83,3757	8,905	17,8100
83,4375	8,908	17,8150
83,4868	8,910	17,8200
83,5662	8,913	17,8250
83,6329	8,915	17,8300
83,6945	8,918	17,8350
83,7748	8,920	17,8400
83,8214	8,923	17,8450
83,9080	8,925	17,8500
83,9762	8,928	17,8550
84,0291	8,930	17,8600
84,1074	8,933	17,8650
84,1673	8,935	17,8700
84,2299	8,938	17,8750
84,3129	8,940	17,8800
84,3641	8,943	17,8850
84,4437	8,945	17,8900
84,5092	8,948	17,8950
84,5628	8,950	17,9000
84,6537	8,953	17,9050
84,7172	8,955	17,9100
84,7810	8,958	17,9150
84,8605	8,960	17,9200
84,9082	8,963	17,9250
84,9890	8,965	17,9300
85,0584	8,968	17,9350
85,1130	8,970	17,9400
85,1880	8,973	17,9450
85,2508	8,975	17,9500
85,3090	8,978	17,9550
85,3882	8,980	17,9600
85,4280	8,983	17,9650
85,5149	8,985	17,9700
85,5813	8,988	17,9750
85,6337	8,990	17,9800
85,7106	8,993	17,9850
85,7706	8,995	17,9900
85,8406	8,998	17,9950
85,9243	9,000	18,0000
85,9739	9,003	18,0050
86,0456	9,005	18,0100
86,1061	9,008	18,0150
86,1544	9,010	18,0200
86,2393	9,013	18,0250
86,3034	9,015	18,0300
86,3560	9,018	18,0350
86,4390	9,020	18,0400
86,4830	9,023	18,0450
86,5635	9,025	18,0500
86,6255	9,028	18,0550
86,6778	9,030	18,0600
86,7567	9,033	18,0650
86,8125	9,035	18,0700
86,8718	9,038	18,0750
86,9567	9,040	18,0800
87,0100	9,043	18,0850
87,0894	9,045	18,0900
87,1530	9,048	18,0950
87,2030	9,050	18,1000
87,2792	9,053	18,1050
87,3379	9,055	18,1100
87,3999	9,058	18,1150
87,4870	9,060	18,1200
87,5412	9,063	18,1250
87,6204	9,065	18,1300
87,6778	9,068	18,1350
87,7284	9,070	18,1400
87,8133	9,073	18,1450
87,8812	9,075	18,1500
87,9445	9,078	18,1550
88,0312	9,080	18,1600
88,0740	9,083	18,1650
88,1583	9,085	18,1700
88,2202	9,088	18,1750
88,2756	9,090	18,1800
88,3567	9,093	18,1850
88,4184	9,095	18,1900
88,4842	9,098	18,1950
88,5638	9,100	18,2000
88,6051	9,103	18,2050
88,6847	9,105	18,2100
88,7456	9,108	18,2150
88,7985	9,110	18,2200
88,8782	9,113	18,2250
88,9408	9,115	18,2300
89,0066	9,118	18,2350
89,0893	9,120	18,2400
89,1324	9,123	18,2450
89,2193	9,125	18,2500
89,2853	9,128	18,2550
89,3408	9,130	18,2600
89,4275	9,133	18,2650
89,4885	9,135	18,2700
89,5449	9,138	18,2750
89,6248	9,140	18,2800
89,6681	9,143	18,2850
89,7467	9,145	18,2900
89,8131	9,148	18,2950
89,8612	9,150	18,3000
89,9426	9,153	18,3050
89,9998	9,155	18,3100
90,0614	9,158	18,3150
90,1453	9,160	18,3200
90,1913	9,163	18,3250
90,2725	9,165	18,3300
90,3403	9,168	18,3350
90,3953	9,170	18,3400
90,4744	9,173	18,3450
90,5374	9,175	18,3500
90,5902	9,178	18,3550
90,6697	9,180	18,3600
90,7167	9,183	18,3650
90,8041	9,185	18,3700
90,8670	9,188	18,3750
90,9187	9,190	18,3800
91,0005	9,193	18,3850
91,0702	9,195	18,3900
91,1333	9,198	18,3950
91,2228	9,200	18,4000
91,2728	9,203	18,4050
91,3499	9,205	18,4100
91,4082	9,208	18,4150
91,4686	9,210	18,4200
91,5517	9,213	18,4250
91,6116	9,215	18,4300
91,6693	9,218	18,4350
91,7517	9,220	18,4400
91,8025	9,223	18,4450
91,8904	9,225	18,4500
91,9574	9,228	18,4550
92,0113	9,230	18,4600
92,0895	9,233	18,4650
92,1542	9,235	18,4700
92,2183	9,238	18,4750
92,3025	9,240	18,4800
92,3470	9,243	18,4850
92,4257	9,245	18,4900
92,4900	9,248	18,4950
92,5499	9,250	18,5000
92,6259	9,253	18,5050
92,6862	9,255	18,5100
92,7548	9,258	18,5150
92,8449	9,260	18,5200
92,8911	9,263	18,5250
92,9638	9,265	18,5300
93,0195	9,268	18,5350
93,0691	9,270	18,5400
93,1489	9,273	18,5450
93,2186	9,275	18,5500
93,2736	9,278	18,5550
93,3591	9,280	18,5600
93,4179	9,283	18,5650
93,5042	9,285	18,5700
93,5642	9,288	18,5750
93,6126	9,290	18,5800
93,6930	9,293	18,5850
93,7479	9,295	18,5900
93,8077	9,298	18,5950
93,8874	9,300	18,6000
93,9324	9,303	18,6050
94,0271	9,305	18,6100
94,0984	9,308	18,6150
94,1404	9,310	18,6200
94,2199	9,313	18,6250
94,2784	9,315	18,6300
94,3463	9,318	18,6350
94,4330	9,320	18,6400
94,4798	9,323	18,6450
94,5619	9,325	18,6500
94,6301	9,328	18,6550
94,6910	9,330	18,6600
94,7759	9,333	18,6650
94,8441	9,335	18,6700
94,9019	9,338	18,6750
94,9848	9,340	18,6800
95,0306	9,343	18,6850
95,1113	9,345	18,6900
95,1762	9,348	18,6950
95,2248	9,350	18,7000
95,3086	9,353	18,7050
95,3731	9,355	18,7100
95,4417	9,358	18,7150
95,5273	9,360	18,7200
95,5802	9,363	18,7250
95,6583	9,365	18,7300
95,7196	9,368	18,7350
95,7684	9,370	18,7400
95,8522	9,373	18,7450
95,9225	9,375	18,7500
95,9813	9,378	18,7550
96,0655	9,380	18,7600
96,1080	9,383	18,7650
96,1842	9,385	18,7700
96,2447	9,388	18,7750
96,2993	9,390	18,7800
96,3781	9,393	18,7850
96,4441	9,395	18,7900
96,5143	9,398	18,7950
96,6031	9,400	18,8000
96,6443	9,403	18,8050
96,7133	9,405	18,8100
96,7731	9,408	18,8150
96,8224	9,410	18,8200
96,9080	9,413	18,8250
96,9711	9,415	18,8300
97,0389	9,418	18,8350
97,1282	9,420	18,8400
97,1779	9,423	18,8450
97,2549	9,425	18,8500
97,3139	9,428	18,8550
97,3669	9,430	18,8600
97,4426	9,433	18,8650
97,5049	9,435	18,8700
97,5656	9,438	18,8750
97,6525	9,440	18,8800
97,7106	9,443	18,8850
97,7952	9,445	18,8900
97,8640	9,448	18,8950
97,9203	9,450	18,9000
98,0059	9,453	18,9050
98,0615	9,455	18,9100
98,1252	9,458	18,9150
98,2139	9,460	18,9200
98,2601	9,463	18,9250
98,3361	9,465	18,9300
98,4001	9,468	18,9350
98,4620	9,470	18,9400
98,5430	9,473	18,9450
98,6091	9,475	18,9500
98,6714	9,478	18,9550
98,7658	9,480	18,9600
98,8085	9,483	18,9650
98,8875	9,485	18,9700
98,9519	9,488	18,9750
99,0048	9,490	18,9800
99,0851	9,493	18,9850
99,1456	9,495	18,9900
99,2158	9,498	18,9950
99,3054	9,500	19,0000
99,3538	9,503	19,0050
99,4357	9,505	19,0100
99,5034	9,508	19,0150
99,5569	9,510	19,0200
99,6318	9,513	19,0250
99,6929	9,515	19,0300
99,7589	9,518	19,0350
99,8376	9,520	19,0400
99,8880	9,523	19,0450
99,9775	9,525	19,0500
100,0421	9,528	19,0550
100,0927	9,530	19,0600
100,1757	9,533	19,0650
100,2369	9,535	19,0700
100,2909	9,538	19,0750
100,3733	9,540	19,0800
100,4134	9,543	19,0850
100,4889	9,545	19,0900
100,5592	9,548	19,0950
100,6138	9,550	19,1000
100,7020	9,553	19,1050
100,7692	9,555	19,1100
100,8323	9,558	19,1150
100,9091	9,560	19,1200
100,9654	9,563	19,1250
101,0497	9,565	19,1300
101,1178	9,568	19,1350
101,1734	9,570	19,1400
101,2559	9,573	19,1450
101,3242	9,575	19,1500
101,3866	9,578	19,1550
101,4711	9,580	19,1600
101,5141	9,583	19,1650
101,6016	9,585	19,1700
101,6643	9,588	19,1750
101,7301	9,590	19,1800
101,8204	9,593	19,1850
101,8820	9,595	19,1900
101,9454	9,598	19,1950
102,0254	9,600	19,2000
102,0715	9,603	19,2050
102,1575	9,605	19,2100
102,2327	9,608	19,2150
102,2909	9,610	19,2200
102,3700	9,613	19,2250
102,4257	9,615	19,2300
102,4860	9,618	19,2350
102,5675	9,620	19,2400
102,6139	9,623	19,2450
102,7002	9,625	19,2500
102,7597	9,628	19,2550
102,8133	9,630	19,2600
102,8993	9,633	19,2650
102,9679	9,635	19,2700
103,0358	9,638	19,2750
103,1270	9,640	19,2800
103,1745	9,643	19,2850
103,2489	9,645	19,2900
103,3116	9,648	19,2950
103,3576	9,650	19,3000
103,4366	9,653	19,3050
103,4980	9,655	19,3100
103,5592	9,658	19,3150
103,6467	9,660	19,3200
103,7001	9,663	19,3250
103,7772	9,665	19,3300
103,8425	9,668	19,3350
103,8980	9,670	19,3400
103,9820	9,673	19,3450
104,0399	9,675	19,3500
104,0932	9,678	19,3550
104,1833	9,680	19,3600
104,2351	9,683	19,3650
104,3269	9,685	19,3700
104,3934	9,688	19,3750
104,4460	9,690	19,3800
104,5317	9,693	19,3850
104,5984	9,695	19,3900
104,6573	9,698	19,3950
104,7441	9,700	19,4000
104,7894	9,703	19,4050
104,8717	9,705	19,4100
104,9406	9,708	19,4150
104,9989	9,710	19,4200
105,0793	9,713	19,4250
105,1453	9,715	19,4300
105,2145	9,718	19,4350
105,3070	9,720	19,4400
105,3512	9,723	19,4450
105,4319	9,725	19,4500
105,5021	9,728	19,4550
105,5630	9,730	19,4600
105,6417	9,733	19,4650
105,7111	9,735	19,4700
105,7708	9,738	19,4750
105,8554	9,740	19,4800
105,9044	9,743	19,4850
105,9876	9,745	19,4900
106,0593	9,748	19,4950
106,1189	9,750	19,5000
106,2013	9,753	19,5050
106,2610	9,755	19,5100
106,3279	9,758	19,5150
106,4109	9,760	19,5200
106,4653	9,763	19,5250
106,5418	9,765	19,5300
106,5984	9,768	19,5350
106,6517	9,770	19,5400
106,7358	9,773	19,5450
106,8030	9,775	19,5500
106,8669	9,778	19,5550
106,9573	9,780	19,5600
107,0009	9,783	19,5650
107,0854	9,785	19,5700
107,1538	9,788	19,5750
107,2066	9,790	19,5800
107,2808	9,793	19,5850
107,3423	9,795	19,5900
107,4090	9,798	19,5950
107,4895	9,800	19,6000
107,5398	9,803	19,6050
107,6233	9,805	19,6100
107,6912	9,808	19,6150
107,7413	9,810	19,6200
107,8260	9,813	19,6250
107,8908	9,815	19,6300
107,9608	9,818	19,6350
108,0508	9,820	19,6400
108,1021	9,823	19,6450
108,1925	9,825	19,6500
108,2597	9,828	19,6550
108,3200	9,830	19,6600
108,3976	9,833	19,6650
108,4532	9,835	19,6700
108,5190	9,838	19,6750
108,6085	9,840	19,6800
108,6628	9,843	19,6850
108,7488	9,845	19,6900
108,8120	9,848	19,6950
108,8722	9,850	19,7000
108,9606	9,853	19,7050
109,0204	9,855	19,7100
109,0773	9,858	19,7150
109,1582	9,860	19,7200
109,2034	9,863	19,7250
109,2967	9,865	19,7300
109,3665	9,868	19,7350
109,4209	9,870	19,7400
109,5068	9,873	19,7450
109,5814	9,875	19,7500
109,6429	9,878	19,7550
109,7292	9,880	19,7600
109,7707	9,883	19,7650
109,8538	9,885	19,7700
109,9210	9,888	19,7750
109,9778	9,890	19,7800
110,0544	9,893	19,7850
110,1184	9,895	19,7900
110,1834	9,898	19,7950
110,2716	9,900	19,8000
110,3187	9,903	19,8050
110,4034	9,905	19,8100
110,4731	9,908	19,8150
110,5210	9,910	19,8200
110,5941	9,913	19,8250
110,6563	9,915	19,8300
110,7195	9,918	19,8350
110,8069	9,920	19,8400
110,8578	9,923	19,8450
110,9453	9,925	19,8500
111,0089	9,928	19,8550
111,0634	9,930	19,8600
111,1452	9,933	19,8650
111,2105	9,935	19,8700
111,2726	9,938	19,8750
111,3562	9,940	19,8800
111,4099	9,943	19,8850
111,4982	9,945	19,8900
111,5658	9,948	19,8950
111,6233	9,950	19,9000
111,7144	9,953	19,9050
111,7748	9,955	19,9100
111,8452	9,958	19,9150
111,9300	9,960	19,9200
111,9827	9,963	19,9250
112,0645	9,965	19,9300
112,1293	9,968	19,9350
112,1781	9,970	19,9400
112,2598	9,973	19,9450
112,3272	9,975	19,9500
112,3889	9,978	19,9550
112,4832	9,980	19,9600
112,5412	9,983	19,9650
112,6286	9,985	19,9700
112,6948	9,988	19,9750
112,7498	9,990	19,9800
112,8286	9,993	19,9850
112,8965	9,995	19,9900
112,9693	9,998	19,9950
113,0513	10,000	20,0000
113,1020	10,003	20,0050
113,1888	10,005	20,0100
113,2592	10,008	20,0150
113,3064	10,010	20,0200
113,3842	10,013	20,0250
113,4490	10,015	20,0300
113,5047	10,018	20,0350
113,5919	10,020	20,0400
113,6405	10,023	20,0450
113,7299	10,025	20,0500
113,8083	10,028	20,0550
113,8609	10,030	20,0600
113,9429	10,033	20,0650
114,0096	10,035	20,0700
114,0780	10,038	20,0750
114,1608	10,040	20,0800
114,2139	10,043	20,0850
114,2938	10,045	20,0900
114,3639	10,048	20,0950
114,4203	10,050	20,1000
114,5053	10,053	20,1050
114,5745	10,055	20,1100
114,6390	10,058	20,1150
114,7246	10,060	20,1200
114,7700	10,063	20,1250
114,8503	10,065	20,1300
114,9207	10,068	20,1350
114,9871	10,070	20,1400
115,0720	10,073	20,1450
115,1338	10,075	20,1500
115,1973	10,078	20,1550
115,2903	10,080	20,1600
115,3389	10,083	20,1650
115,4225	10,085	20,1700
115,4989	10,088	20,1750
115,5624	10,090	20,1800
115,6398	10,093	20,1850
115,7058	10,095	20,1900
115,7698	10,098	20,1950
115,8524	10,100	20,2000
115,9006	10,103	20,2050
115,9855	10,105	20,2100
116,0529	10,108	20,2150
116,1046	10,110	20,2200
116,1880	10,113	20,2250
116,2620	10,115	20,2300
116,3330	10,118	20,2350
116,4153	10,120	20,2400
116,4644	10,123	20,2450
116,5518	10,125	20,2500
116,6235	10,128	20,2550
116,6789	10,130	20,2600
116,7577	10,133	20,2650
116,8200	10,135	20,2700
116,8884	10,138	20,2750
116,9772	10,140	20,2800
117,0253	10,143	20,2850
117,1044	10,145	20,2900
117,1675	10,148	20,2950
117,2281	10,150	20,3000
117,3272	10,153	20,3050
117,3934	10,155	20,3100
117,4545	10,158	20,3150
117,5355	10,160	20,3200
117,5817	10,163	20,3250
117,6568	10,165	20,3300
117,7276	10,168	20,3350
117,7844	10,170	20,3400
117,8705	10,173	20,3450
117,9329	10,175	20,3500
117,9971	10,178	20,3550
118,0878	10,180	20,3600
118,1285	10,183	20,3650
118,2178	10,185	20,3700
118,2839	10,188	20,3750
118,3370	10,190	20,3800
118,4295	10,193	20,3850
118,5024	10,195	20,3900
118,5753	10,198	20,3950
118,6612	10,200	20,4000
118,7129	10,203	20,4050
118,8015	10,205	20,4100
118,8731	10,208	20,4150
118,9232	10,210	20,4200
119,0061	10,213	20,4250
119,0736	10,215	20,4300
119,1435	10,218	20,4350
119,2322	10,220	20,4400
119,2831	10,223	20,4450
119,3702	10,225	20,4500
119,4440	10,228	20,4550
119,4984	10,230	20,4600
119,5816	10,233	20,4650
119,6464	10,235	20,4700
119,7038	10,238	20,4750
119,7978	10,240	20,4800
119,8544	10,243	20,4850
119,9325	10,245	20,4900
119,9960	10,248	20,4950
120,0459	10,250	20,5000
120,1407	10,253	20,5050
120,2199	10,255	20,5100
120,2838	10,258	20,5150
120,3662	10,260	20,5200
120,4164	10,263	20,5250
120,4913	10,265	20,5300
120,5537	10,268	20,5350
120,6079	10,270	20,5400
120,6898	10,273	20,5450
120,7644	10,275	20,5500
120,8369	10,278	20,5550
120,9255	10,280	20,5600
120,9737	10,283	20,5650
121,0492	10,285	20,5700
121,1129	10,288	20,5750
121,1690	10,290	20,5800
121,2478	10,293	20,5850
121,3110	10,295	20,5900
121,3766	10,298	20,5950
121,4647	10,300	20,6000
121,5172	10,303	20,6050
121,5995	10,305	20,6100
121,6747	10,308	20,6150
121,7318	10,310	20,6200
121,8219	10,313	20,6250
121,8934	10,315	20,6300
121,9628	10,318	20,6350
122,0552	10,320	20,6400
122,1124	10,323	20,6450
122,2017	10,325	20,6500
122,2709	10,328	20,6550
122,3213	10,330	20,6600
122,4034	10,333	20,6650
122,4761	10,335	20,6700
122,5406	10,338	20,6750
122,6249	10,340	20,6800
122,6793	10,343	20,6850
122,7639	10,345	20,6900
122,8343	10,348	20,6950
122,8936	10,350	20,7000
122,9923	10,353	20,7050
123,0510	10,355	20,7100
123,1210	10,358	20,7150
123,2067	10,360	20,7200
123,2646	10,363	20,7250
123,3506	10,365	20,7300
123,4203	10,368	20,7350
123,4874	10,370	20,7400
123,5659	10,373	20,7450
123,6268	10,375	20,7500
123,6866	10,378	20,7550
123,7717	10,380	20,7600
123,8211	10,383	20,7650
123,9107	10,385	20,7700
123,9801	10,388	20,7750
124,0408	10,390	20,7800
124,1237	10,393	20,7850
124,1871	10,395	20,7900
124,2590	10,398	20,7950
124,3473	10,400	20,8000
124,4006	10,403	20,8050
124,4740	10,405	20,8100
124,5435	10,408	20,8150
124,5998	10,410	20,8200
124,6825	10,413	20,8250
124,7427	10,415	20,8300
124,8071	10,418	20,8350
124,9004	10,420	20,8400
124,9491	10,423	20,8450
125,0304	10,425	20,8500
125,0950	10,428	20,8550
125,1566	10,430	20,8600
125,2413	10,433	20,8650
125,3018	10,435	20,8700
125,3705	10,438	20,8750
125,4712	10,440	20,8800
125,5262	10,443	20,8850
125,6136	10,445	20,8900
125,6901	10,448	20,8950
125,7390	10,450	20,9000
125,8275	10,453	20,9050
125,8928	10,455	20,9100
125,9617	10,458	20,9150
126,0466	10,460	20,9200
126,0926	10,463	20,9250
126,1744	10,465	20,9300
126,2453	10,468	20,9350
126,3099	10,470	20,9400
126,3917	10,473	20,9450
126,4666	10,475	20,9500
126,5404	10,478	20,9550
126,6310	10,480	20,9600
126,6818	10,483	20,9650
126,7687	10,485	20,9700
126,8321	10,488	20,9750
126,8962	10,490	20,9800
126,9859	10,493	20,9850
127,0549	10,495	20,9900
127,1170	10,498	20,9950
127,1995	10,500	21,0000
127,2472	10,503	21,0050
127,3389	10,505	21,0100
127,4123	10,508	21,0150
127,4676	10,510	21,0200
127,5552	10,513	21,0250
127,6228	10,515	21,0300
127,6913	10,518	21,0350
127,7838	10,520	21,0400
127,8408	10,523	21,0450
127,9219	10,525	21,0500
127,9837	10,528	21,0550
128,0386	10,530	21,0600
128,1271	10,533	21,0650
128,1985	10,535	21,0700
128,2556	10,538	21,0750
128,3360	10,540	21,0800
128,3836	10,543	21,0850
128,4682	10,545	21,0900
128,5439	10,548	21,0950
128,6042	10,550	21,1000
128,6906	10,553	21,1050
128,7504	10,555	21,1100
128,8241	10,558	21,1150
128,9162	10,560	21,1200
128,9693	10,563	21,1250
129,0506	10,565	21,1300
129,1237	10,568	21,1350
129,1870	10,570	21,1400
129,2693	10,573	21,1450
129,3357	10,575	21,1500
129,4110	10,578	21,1550
129,5055	10,580	21,1600
129,5531	10,583	21,1650
129,6436	10,585	21,1700
129,7165	10,588	21,1750
129,7772	10,590	21,1800
129,8588	10,593	21,1850
129,9275	10,595	21,1900
129,9994	10,598	21,1950
130,0892	10,600	21,2000
130,1519	10,603	21,2050
130,2371	10,605	21,2100
130,3018	10,608	21,2150
130,3515	10,610	21,2200
130,4389	10,613	21,2250
130,5141	10,615	21,2300
130,5819	10,618	21,2350
130,6752	10,620	21,2400
130,7261	10,623	21,2450
130,8102	10,625	21,2500
130,8768	10,628	21,2550
130,9401	10,630	21,2600
131,0218	10,633	21,2650
131,0862	10,635	21,2700
131,1474	10,638	21,2750
131,2448	10,640	21,2800
131,3069	10,643	21,2850
131,3876	10,645	21,2900
131,4522	10,648	21,2950
131,4836	10,650	21,3000
131,5549	10,653	21,3050
131,6230	10,655	21,3100
131,7041	10,658	21,3150
131,8055	10,660	21,3200
131,8699	10,663	21,3250
131,9551	10,665	21,3300
132,0167	10,668	21,3350
132,0673	10,670	21,3400
132,1476	10,673	21,3450
132,2081	10,675	21,3500
132,2716	10,678	21,3550
132,3657	10,680	21,3600
132,4307	10,683	21,3650
132,5280	10,685	21,3700
132,6029	10,688	21,3750
132,6585	10,690	21,3800
132,7356	10,693	21,3850
132,7990	10,695	21,3900
132,8694	10,698	21,3950
132,9573	10,700	21,4000
133,0151	10,703	21,4050
133,1093	10,705	21,4100
133,1869	10,708	21,4150
133,2495	10,710	21,4200
133,3323	10,713	21,4250
133,4073	10,715	21,4300
133,4737	10,718	21,4350
133,5637	10,720	21,4400
133,6202	10,723	21,4450
133,7093	10,725	21,4500
133,7800	10,728	21,4550
133,8398	10,730	21,4600
133,9238	10,733	21,4650
133,9895	10,735	21,4700
134,0480	10,738	21,4750
134,1353	10,740	21,4800
134,1907	10,743	21,4850
134,2785	10,745	21,4900
134,3606	10,748	21,4950
134,4242	10,750	21,5000
134,5156	10,753	21,5050
134,5799	10,755	21,5100
134,6393	10,758	21,5150
134,7218	10,760	21,5200
134,7765	10,763	21,5250
134,8617	10,765	21,5300
134,9305	10,768	21,5350
134,9919	10,770	21,5400
135,0764	10,773	21,5450
135,1505	10,775	21,5500
135,2173	10,778	21,5550
135,3024	10,780	21,5600
135,3523	10,783	21,5650
135,4331	10,785	21,5700
135,5057	10,788	21,5750
135,5621	10,790	21,5800
135,6508	10,793	21,5850
135,7224	10,795	21,5900
135,7923	10,798	21,5950
135,8793	10,800	21,6000
135,9383	10,803	21,6050
136,0190	10,805	21,6100
136,0921	10,808	21,6150
136,1397	10,810	21,6200
136,2258	10,813	21,6250
136,3006	10,815	21,6300
136,3690	10,818	21,6350
136,4642	10,820	21,6400
136,5170	10,823	21,6450
136,5995	10,825	21,6500
136,6661	10,828	21,6550
136,7313	10,830	21,6600
136,8166	10,833	21,6650
136,8844	10,835	21,6700
136,9529	10,838	21,6750
137,0459	10,840	21,6800
137,1012	10,843	21,6850
137,1875	10,845	21,6900
137,2656	10,848	21,6950
137,3206	10,850	21,7000
137,4037	10,853	21,7050
137,4770	10,855	21,7100
137,5538	10,858	21,7150
137,6353	10,860	21,7200
137,6926	10,863	21,7250
137,7785	10,865	21,7300
137,8528	10,868	21,7350
137,9159	10,870	21,7400
137,9862	10,873	21,7450
138,0535	10,875	21,7500
138,1252	10,878	21,7550
138,2165	10,880	21,7600
138,2732	10,883	21,7650
138,3638	10,885	21,7700
138,4321	10,888	21,7750
138,4964	10,890	21,7800
138,5798	10,893	21,7850
138,6446	10,895	21,7900
138,7071	10,898	21,7950
138,7947	10,900	21,8000
138,8494	10,903	21,8050
138,9311	10,905	21,8100
139,0066	10,908	21,8150
139,0744	10,910	21,8200
139,1532	10,913	21,8250
139,2195	10,915	21,8300
139,2934	10,918	21,8350
139,3844	10,920	21,8400
139,4449	10,923	21,8450
139,5397	10,925	21,8500
139,6035	10,928	21,8550
139,6665	10,930	21,8600
139,7521	10,933	21,8650
139,8227	10,935	21,8700
139,8938	10,938	21,8750
139,9852	10,940	21,8800
140,0392	10,943	21,8850
140,1227	10,945	21,8900
140,1965	10,948	21,8950
140,2567	10,950	21,9000
140,3536	10,953	21,9050
140,4214	10,955	21,9100
140,4943	10,958	21,9150
140,5856	10,960	21,9200
140,6472	10,963	21,9250
140,7377	10,965	21,9300
140,8029	10,968	21,9350
140,8565	10,970	21,9400
140,9453	10,973	21,9450
141,0283	10,975	21,9500
141,0862	10,978	21,9550
141,1747	10,980	21,9600
141,2295	10,983	21,9650
141,3184	10,985	21,9700
141,3908	10,988	21,9750
141,4543	10,990	21,9800
141,5420	10,993	21,9850
141,6100	10,995	21,9900
141,6842	10,998	21,9950
141,7743	11,000	22,0000
141,8352	11,003	22,0050
141,9152	11,005	22,0100
141,9832	11,008	22,0150
142,0393	11,010	22,0200
142,1235	11,013	22,0250
142,1979	11,015	22,0300
142,2654	11,018	22,0350
142,3601	11,020	22,0400
142,4213	11,023	22,0450
142,5007	11,025	22,0500
142,5620	11,028	22,0550
142,6308	11,030	22,0600
142,7195	11,033	22,0650
142,7884	11,035	22,0700
142,8496	11,038	22,0750
142,9338	11,040	22,0800
142,9965	11,043	22,0850
143,0901	11,045	22,0900
143,1672	11,048	22,0950
143,2208	11,050	22,1000
143,3054	11,053	22,1050
143,3770	11,055	22,1100
143,4508	11,058	22,1150
143,5430	11,060	22,1200
143,6020	11,063	22,1250
143,6842	11,065	22,1300
143,7577	11,068	22,1350
143,8231	11,070	22,1400
143,9091	11,073	22,1450
143,9836	11,075	22,1500
144,0535	11,078	22,1550
144,1430	11,080	22,1600
144,2018	11,083	22,1650
144,2962	11,085	22,1700
144,3717	11,088	22,1750
144,4303	11,090	22,1800
144,5117	11,093	22,1850
144,5849	11,095	22,1900
144,6565	11,098	22,1950
144,7416	11,100	22,2000
144,7961	11,103	22,2050
144,8809	11,105	22,2100
144,9545	11,108	22,2150
145,0264	11,110	22,2200
145,1227	11,113	22,2250
145,1869	11,115	22,2300
145,2531	11,118	22,2350
145,3437	11,120	22,2400
145,4024	11,123	22,2450
145,4945	11,125	22,2500
145,5667	11,128	22,2550
145,6253	11,130	22,2600
145,7047	11,133	22,2650
145,7774	11,135	22,2700
145,8475	11,138	22,2750
145,9355	11,140	22,2800
145,9955	11,143	22,2850
146,0880	11,145	22,2900
146,1579	11,148	22,2950
146,2146	11,150	22,3000
146,2985	11,153	22,3050
146,3574	11,155	22,3100
146,4276	11,158	22,3150
146,5219	11,160	22,3200
146,5907	11,163	22,3250
146,6747	11,165	22,3300
146,7391	11,168	22,3350
146,8066	11,170	22,3400
146,8973	11,173	22,3450
146,9657	11,175	22,3500
147,0316	11,178	22,3550
147,1247	11,180	22,3600
147,1806	11,183	22,3650
147,2632	11,185	22,3700
147,3292	11,188	22,3750
147,3962	11,190	22,3800
147,4887	11,193	22,3850
147,5621	11,195	22,3900
147,6371	11,198	22,3950
147,7280	11,200	22,4000
147,7869	11,203	22,4050
147,8792	11,205	22,4100
147,9544	11,208	22,4150
148,0190	11,210	22,4200
148,0978	11,213	22,4250
148,1654	11,215	22,4300
148,2288	11,218	22,4350
148,3243	11,220	22,4400
148,3842	11,223	22,4450
148,4824	11,225	22,4500
148,5535	11,228	22,4550
148,6167	11,230	22,4600
148,7041	11,233	22,4650
148,7755	11,235	22,4700
148,8411	11,238	22,4750
148,9294	11,240	22,4800
148,9903	11,243	22,4850
149,0801	11,245	22,4900
149,1523	11,248	22,4950
149,2176	11,250	22,5000
149,3067	11,253	22,5050
149,3820	11,255	22,5100
149,4504	11,258	22,5150
149,5309	11,260	22,5200
149,5902	11,263	22,5250
149,6806	11,265	22,5300
149,7498	11,268	22,5350
149,8079	11,270	22,5400
149,8937	11,273	22,5450
149,9727	11,275	22,5500
150,0464	11,278	22,5550
150,1382	11,280	22,5600
150,1969	11,283	22,5650
150,2822	11,285	22,5700
150,3460	11,288	22,5750
150,4058	11,290	22,5800
150,4892	11,293	22,5850
150,5669	11,295	22,5900
150,6424	11,298	22,5950
150,7308	11,300	22,6000
150,7868	11,303	22,6050
150,8761	11,305	22,6100
150,9579	11,308	22,6150
151,0217	11,310	22,6200
151,1042	11,313	22,6250
151,1743	11,315	22,6300
151,2500	11,318	22,6350
151,3442	11,320	22,6400
151,4072	11,323	22,6450
151,4906	11,325	22,6500
151,5627	11,328	22,6550
151,6321	11,330	22,6600
151,7192	11,333	22,6650
151,7871	11,335	22,6700
151,8568	11,338	22,6750
151,9471	11,340	22,6800
152,0102	11,343	22,6850
152,1043	11,345	22,6900
152,1844	11,348	22,6950
152,2503	11,350	22,7000
152,3450	11,353	22,7050
152,4108	11,355	22,7100
152,4874	11,358	22,7150
152,5810	11,360	22,7200
152,6400	11,363	22,7250
152,7306	11,365	22,7300
152,8115	11,368	22,7350
152,8702	11,370	22,7400
152,9514	11,373	22,7450
153,0234	11,375	22,7500
153,0972	11,378	22,7550
153,1876	11,380	22,7600
153,2362	11,383	22,7650
153,3257	11,385	22,7700
153,4036	11,388	22,7750
153,4682	11,390	22,7800
153,5506	11,393	22,7850
153,6240	11,395	22,7900
153,6915	11,398	22,7950
153,7736	11,400	22,8000
153,8330	11,403	22,8050
153,9222	11,405	22,8100
153,9918	11,408	22,8150
154,0510	11,410	22,8200
154,1367	11,413	22,8250
154,2144	11,415	22,8300
154,2832	11,418	22,8350
154,3694	11,420	22,8400
154,4332	11,423	22,8450
154,5211	11,425	22,8500
154,5937	11,428	22,8550
154,6627	11,430	22,8600
154,7516	11,433	22,8650
154,8237	11,435	22,8700
154,8987	11,438	22,8750
154,9890	11,440	22,8800
155,0573	11,443	22,8850
155,1478	11,445	22,8900
155,2245	11,448	22,8950
155,2845	11,450	22,9000
155,3734	11,453	22,9050
155,4519	11,455	22,9100
155,5289	11,458	22,9150
155,6211	11,460	22,9200
155,6730	11,463	22,9250
155,7549	11,465	22,9300
155,8267	11,468	22,9350
155,8887	11,470	22,9400
155,9768	11,473	22,9450
156,0528	11,475	22,9500
156,1291	11,478	22,9550
156,2239	11,480	22,9600
156,2864	11,483	22,9650
156,3891	11,485	22,9700
156,4592	11,488	22,9750
156,5189	11,490	22,9800
156,6020	11,493	22,9850
156,6693	11,495	22,9900
156,7421	11,498	22,9950
156,8342	11,500	23,0000
156,8955	11,503	23,0050
156,9855	11,505	23,0100
157,0569	11,508	23,0150
157,1212	11,510	23,0200
157,2061	11,513	23,0250
157,2781	11,515	23,0300
157,3525	11,518	23,0350
157,4464	11,520	23,0400
157,5065	11,523	23,0450
157,5941	11,525	23,0500
157,6649	11,528	23,0550
157,7308	11,530	23,0600
157,8111	11,533	23,0650
157,8794	11,535	23,0700
157,9595	11,538	23,0750
158,0593	11,540	23,0800
158,1281	11,543	23,0850
158,2067	11,545	23,0900
158,2842	11,548	23,0950
158,3475	11,550	23,1000
158,4394	11,553	23,1050
158,5172	11,555	23,1100
158,5926	11,558	23,1150
158,6780	11,560	23,1200
158,7357	11,563	23,1250
158,8322	11,565	23,1300
158,9185	11,568	23,1350
158,9767	11,570	23,1400
159,0550	11,573	23,1450
159,1343	11,575	23,1500
159,2061	11,578	23,1550
159,2984	11,580	23,1600
159,3600	11,583	23,1650
159,4562	11,585	23,1700
159,5417	11,588	23,1750
159,6111	11,590	23,1800
159,6982	11,593	23,1850
159,7709	11,595	23,1900
159,8389	11,598	23,1950
159,9301	11,600	23,2000
159,9940	11,603	23,2050
160,0867	11,605	23,2100
160,1648	11,608	23,2150
160,2277	11,610	23,2200
160,3136	11,613	23,2250
160,3860	11,615	23,2300
160,4548	11,618	23,2350
160,5458	11,620	23,2400
160,6111	11,623	23,2450
160,6975	11,625	23,2500
160,7655	11,628	23,2550
160,8333	11,630	23,2600
160,9256	11,633	23,2650
161,0013	11,635	23,2700
161,0699	11,638	23,2750
161,1568	11,640	23,2800
161,2163	11,643	23,2850
161,2987	11,645	23,2900
161,3718	11,648	23,2950
161,4450	11,650	23,3000
161,5299	11,653	23,3050
161,6019	11,655	23,3100
161,6761	11,658	23,3150
161,7700	11,660	23,3200
161,8276	11,663	23,3250
161,9180	11,665	23,3300
161,9877	11,668	23,3350
162,0587	11,670	23,3400
162,1498	11,673	23,3450
162,2247	11,675	23,3500
162,3010	11,678	23,3550
162,3947	11,680	23,3600
162,4528	11,683	23,3650
162,5483	11,685	23,3700
162,6213	11,688	23,3750
162,6860	11,690	23,3800
162,7768	11,693	23,3850
162,8504	11,695	23,3900
162,9249	11,698	23,3950
163,0172	11,700	23,4000
163,0785	11,703	23,4050
163,1772	11,705	23,4100
163,2566	11,708	23,4150
163,3262	11,710	23,4200
163,4137	11,713	23,4250
163,4779	11,715	23,4300
163,5483	11,718	23,4350
163,6467	11,720	23,4400
163,7085	11,723	23,4450
163,8000	11,725	23,4500
163,8838	11,728	23,4550
163,9555	11,730	23,4600
164,0385	11,733	23,4650
164,1121	11,735	23,4700
164,1815	11,738	23,4750
164,2712	11,740	23,4800
164,3242	11,743	23,4850
164,4104	11,745	23,4900
164,4931	11,748	23,4950
164,5636	11,750	23,5000
164,6579	11,753	23,5050
164,7279	11,755	23,5100
164,7956	11,758	23,5150
164,8836	11,760	23,5200
164,9493	11,763	23,5250
165,0365	11,765	23,5300
165,1049	11,768	23,5350
165,1683	11,770	23,5400
165,2573	11,773	23,5450
165,3375	11,775	23,5500
165,4144	11,778	23,5550
165,5082	11,780	23,5600
165,5675	11,783	23,5650
165,6512	11,785	23,5700
165,7170	11,788	23,5750
165,7897	11,790	23,5800
165,8864	11,793	23,5850
165,9606	11,795	23,5900
166,0390	11,798	23,5950
166,1366	11,800	23,6000
166,2071	11,803	23,6050
166,2942	11,805	23,6100
166,3735	11,808	23,6150
166,4367	11,810	23,6200
166,5218	11,813	23,6250
166,5941	11,815	23,6300
166,6669	11,818	23,6350
166,7593	11,820	23,6400
166,8271	11,823	23,6450
166,9234	11,825	23,6500
166,9927	11,828	23,6550
167,0597	11,830	23,6600
167,1508	11,833	23,6650
167,2279	11,835	23,6700
167,2985	11,838	23,6750
167,3880	11,840	23,6800
167,4535	11,843	23,6850
167,5456	11,845	23,6900
167,6205	11,848	23,6950
167,6806	11,850	23,7000
167,7708	11,853	23,7050
167,8494	11,855	23,7100
167,9274	11,858	23,7150
168,0150	11,860	23,7200
168,0699	11,863	23,7250
168,1550	11,865	23,7300
168,2292	11,868	23,7350
168,2966	11,870	23,7400
168,3895	11,873	23,7450
168,4707	11,875	23,7500
168,5381	11,878	23,7550
168,6281	11,880	23,7600
168,6940	11,883	23,7650
168,7889	11,885	23,7700
168,8620	11,888	23,7750
168,9308	11,890	23,7800
169,0119	11,893	23,7850
169,0836	11,895	23,7900
169,1537	11,898	23,7950
169,2436	11,900	23,8000
169,3007	11,903	23,8050
169,3858	11,905	23,8100
169,4599	11,908	23,8150
169,5256	11,910	23,8200
169,6167	11,913	23,8250
169,6942	11,915	23,8300
169,7751	11,918	23,8350
169,8713	11,920	23,8400
169,9435	11,923	23,8450
170,0302	11,925	23,8500
170,1077	11,928	23,8550
170,1767	11,930	23,8600
170,2632	11,933	23,8650
170,3401	11,935	23,8700
170,4134	11,938	23,8750
170,4996	11,940	23,8800
170,5627	11,943	23,8850
170,6538	11,945	23,8900
170,7339	11,948	23,8950
170,8082	11,950	23,9000
170,8959	11,953	23,9050
170,9649	11,955	23,9100
171,0392	11,958	23,9150
171,1321	11,960	23,9200
171,1975	11,963	23,9250
171,2895	11,965	23,9300
171,3700	11,968	23,9350
171,4322	11,970	23,9400
171,5248	11,973	23,9450
171,6072	11,975	23,9500
171,6830	11,978	23,9550
171,7725	11,980	23,9600
171,8297	11,983	23,9650
171,9237	11,985	23,9700
172,0063	11,988	23,9750
172,0818	11,990	23,9800
172,1682	11,993	23,9850
172,2378	11,995	23,9900
172,3154	11,998	23,9950
172,4156	12,000	24,0000
172,4759	12,003	24,0050
172,5645	12,005	24,0100
172,6390	12,008	24,0150
172,6975	12,010	24,0200
172,7829	12,013	24,0250
172,8625	12,015	24,0300
172,9357	12,018	24,0350
173,0296	12,020	24,0400
173,0894	12,023	24,0450
173,1796	12,025	24,0500
173,2475	12,028	24,0550
173,3183	12,030	24,0600
173,4151	12,033	24,0650
173,4970	12,035	24,0700
173,5702	12,038	24,0750
173,6599	12,040	24,0800
173,7232	12,043	24,0850
173,8130	12,045	24,0900
173,8900	12,048	24,0950
173,9562	12,050	24,1000
174,0524	12,053	24,1050
174,1372	12,055	24,1100
174,2201	12,058	24,1150
174,3137	12,060	24,1200
174,3710	12,063	24,1250
174,4582	12,065	24,1300
174,5368	12,068	24,1350
174,6061	12,070	24,1400
174,6956	12,073	24,1450
174,7737	12,075	24,1500
174,8440	12,078	24,1550
174,9395	12,080	24,1600
175,0011	12,083	24,1650
175,1001	12,085	24,1700
175,1843	12,088	24,1750
175,2499	12,090	24,1800
175,3346	12,093	24,1850
175,4095	12,095	24,1900
175,4874	12,098	24,1950
175,5778	12,100	24,2000
175,6407	12,103	24,2050
175,7295	12,105	24,2100
175,8118	12,108	24,2150
175,8821	12,110	24,2200
175,9729	12,113	24,2250
176,0533	12,115	24,2300
176,1304	12,118	24,2350
176,2172	12,120	24,2400
176,2859	12,123	24,2450
176,3821	12,125	24,2500
176,4539	12,128	24,2550
176,5188	12,130	24,2600
176,6032	12,133	24,2650
176,6842	12,135	24,2700
176,7602	12,138	24,2750
176,8516	12,140	24,2800
176,9079	12,143	24,2850
176,9972	12,145	24,2900
177,0797	12,148	24,2950
177,1514	12,150	24,3000
177,2463	12,153	24,3050
177,3215	12,155	24,3100
177,3919	12,158	24,3150
177,4806	12,160	24,3200
177,5567	12,163	24,3250
177,6518	12,165	24,3300
177,7279	12,168	24,3350
177,8081	12,170	24,3400
177,9010	12,173	24,3450
177,9701	12,175	24,3500
178,0377	12,178	24,3550
178,1277	12,180	24,3600
178,1871	12,183	24,3650
178,2903	12,185	24,3700
178,3698	12,188	24,3750
178,4384	12,190	24,3800
178,5365	12,193	24,3850
178,6202	12,195	24,3900
178,7013	12,198	24,3950
178,7954	12,200	24,4000
178,8665	12,203	24,4050
178,9519	12,205	24,4100
179,0237	12,208	24,4150
179,0847	12,210	24,4200
179,1792	12,213	24,4250
179,2578	12,215	24,4300
179,3368	12,218	24,4350
179,4272	12,220	24,4400
179,4935	12,223	24,4450
179,5856	12,225	24,4500
179,6634	12,228	24,4550
179,7367	12,230	24,4600
179,8281	12,233	24,4650
179,9059	12,235	24,4700
179,9764	12,238	24,4750
180,0754	12,240	24,4800
180,1480	12,243	24,4850
180,2378	12,245	24,4900
180,3157	12,248	24,4950
180,3911	12,250	24,5000
180,4820	12,253	24,5050
180,5614	12,255	24,5100
180,6429	12,258	24,5150
180,7396	12,260	24,5200
180,7983	12,263	24,5250
180,8846	12,265	24,5300
180,9637	12,268	24,5350
181,0370	12,270	24,5400
181,1285	12,273	24,5450
181,2103	12,275	24,5500
181,2877	12,278	24,5550
181,3855	12,280	24,5600
181,4434	12,283	24,5650
181,5412	12,285	24,5700
181,6238	12,288	24,5750
181,6985	12,290	24,5800
181,7910	12,293	24,5850
181,8692	12,295	24,5900
181,9515	12,298	24,5950
182,0431	12,300	24,6000
182,1086	12,303	24,6050
182,1967	12,305	24,6100
182,2791	12,308	24,6150
182,3470	12,310	24,6200
182,4359	12,313	24,6250
182,5111	12,315	24,6300
182,5995	12,318	24,6350
182,6968	12,320	24,6400
182,7606	12,323	24,6450
182,8599	12,325	24,6500
182,9342	12,328	24,6550
182,9991	12,330	24,6600
183,0848	12,333	24,6650
183,1733	12,335	24,6700
183,2515	12,338	24,6750
183,3476	12,340	24,6800
183,4139	12,343	24,6850
183,5051	12,345	24,6900
183,5889	12,348	24,6950
183,6603	12,350	24,7000
183,7502	12,353	24,7050
183,8239	12,355	24,7100
183,9129	12,358	24,7150
184,0051	12,360	24,7200
184,0731	12,363	24,7250
184,1650	12,365	24,7300
184,2403	12,368	24,7350
184,3095	12,370	24,7400
184,4019	12,373	24,7450
184,4784	12,375	24,7500
184,5559	12,378	24,7550
184,6534	12,380	24,7600
184,7165	12,383	24,7650
184,8102	12,385	24,7700
184,8848	12,388	24,7750
184,9494	12,390	24,7800
185,0418	12,393	24,7850
185,1200	12,395	24,7900
185,1954	12,398	24,7950
185,2876	12,400	24,8000
185,3614	12,403	24,8050
185,4552	12,405	24,8100
185,5342	12,408	24,8150
185,6048	12,410	24,8200
185,6912	12,413	24,8250
185,7721	12,415	24,8300
185,8562	12,418	24,8350
185,9504	12,420	24,8400
186,0211	12,423	24,8450
186,1175	12,425	24,8500
186,1999	12,428	24,8550
186,2698	12,430	24,8600
186,3617	12,433	24,8650
186,4444	12,435	24,8700
186,5197	12,438	24,8750
186,6082	12,440	24,8800
186,6790	12,443	24,8850
186,7760	12,445	24,8900
186,8632	12,448	24,8950
186,9360	12,450	24,9000
187,0236	12,453	24,9050
187,1043	12,455	24,9100
187,1817	12,458	24,9150
187,2753	12,460	24,9200
187,3428	12,463	24,9250
187,4322	12,465	24,9300
187,5109	12,468	24,9350
187,5829	12,470	24,9400
187,6701	12,473	24,9450
187,7504	12,475	24,9500
187,8265	12,478	24,9550
187,9337	12,480	24,9600
188,0059	12,483	24,9650
188,0997	12,485	24,9700
188,1738	12,488	24,9750
188,2461	12,490	24,9800
188,3358	12,493	24,9850
188,4152	12,495	24,9900
188,5014	12,498	24,9950
188,5980	12,500	25,0000
188,6632	12,503	25,0050
188,7560	12,505	25,0100
188,8408	12,508	25,0150
188,9102	12,510	25,0200
189,0019	12,513	25,0250
189,0756	12,515	25,0300
189,1563	12,518	25,0350
189,2515	12,520	25,0400
189,3213	12,523	25,0450
189,4144	12,525	25,0500
189,4947	12,528	25,0550
189,5694	12,530	25,0600
189,6580	12,533	25,0650
189,7333	12,535	25,0700
189,8158	12,538	25,0750
189,9113	12,540	25,0800
189,9785	12,543	25,0850
190,0731	12,545	25,0900
190,1598	12,548	25,0950
190,2292	12,550	25,1000
190,3273	12,553	25,1050
190,4001	12,555	25,1100
190,4826	12,558	25,1150
190,5832	12,560	25,1200
190,6557	12,563	25,1250
190,7552	12,565	25,1300
190,8288	12,568	25,1350
190,9001	12,570	25,1400
190,9917	12,573	25,1450
191,0703	12,575	25,1500
191,1504	12,578	25,1550
191,2469	12,580	25,1600
191,3108	12,583	25,1650
191,4053	12,585	25,1700
191,4878	12,588	25,1750
191,5628	12,590	25,1800
191,6564	12,593	25,1850
191,7317	12,595	25,1900
191,8141	12,598	25,1950
191,9120	12,600	25,2000
191,9831	12,603	25,2050
192,0733	12,605	25,2100
192,1589	12,608	25,2150
192,2232	12,610	25,2200
192,3129	12,613	25,2250
192,3948	12,615	25,2300
192,4744	12,618	25,2350
192,5716	12,620	25,2400
192,6388	12,623	25,2450
192,7341	12,625	25,2500
192,8085	12,628	25,2550
192,8816	12,630	25,2600
192,9733	12,633	25,2650
193,0528	12,635	25,2700
193,1282	12,638	25,2750
193,2232	12,640	25,2800
193,2966	12,643	25,2850
193,3979	12,645	25,2900
193,4802	12,648	25,2950
193,5478	12,650	25,3000
193,6425	12,653	25,3050
193,7228	12,655	25,3100
193,7983	12,658	25,3150
193,8910	12,660	25,3200
193,9556	12,663	25,3250
194,0520	12,665	25,3300
194,1384	12,668	25,3350
194,2177	12,670	25,3400
194,3061	12,673	25,3450
194,3885	12,675	25,3500
194,4715	12,678	25,3550
194,5795	12,680	25,3600
194,6537	12,683	25,3650
194,7513	12,685	25,3700
194,8260	12,688	25,3750
194,9017	12,690	25,3800
194,9894	12,693	25,3850
195,0644	12,695	25,3900
195,1439	12,698	25,3950
195,2415	12,700	25,4000
195,3074	12,703	25,4050
195,4002	12,705	25,4100
195,4908	12,708	25,4150
195,5654	12,710	25,4200
195,6525	12,713	25,4250
195,7321	12,715	25,4300
195,8216	12,718	25,4350
195,9164	12,720	25,4400
195,9820	12,723	25,4450
196,0775	12,725	25,4500
196,1616	12,728	25,4550
196,2310	12,730	25,4600
196,3146	12,733	25,4650
196,3879	12,735	25,4700
196,4627	12,738	25,4750
196,5645	12,740	25,4800
196,6331	12,743	25,4850
196,7241	12,745	25,4900
196,8072	12,748	25,4950
196,8819	12,750	25,5000
196,9781	12,753	25,5050
197,0560	12,755	25,5100
197,1345	12,758	25,5150
197,2244	12,760	25,5200
197,2961	12,763	25,5250
197,3929	12,765	25,5300
197,4792	12,768	25,5350
197,5424	12,770	25,5400
197,6338	12,773	25,5450
197,7219	12,775	25,5500
197,7992	12,778	25,5550
197,8938	12,780	25,5600
197,9590	12,783	25,5650
198,0602	12,785	25,5700
198,1515	12,788	25,5750
198,2271	12,790	25,5800
198,3138	12,793	25,5850
198,3958	12,795	25,5900
198,4761	12,798	25,5950
198,5786	12,800	25,6000
198,6587	12,803	25,6050
198,7488	12,805	25,6100
198,8262	12,808	25,6150
198,8985	12,810	25,6200
198,9912	12,813	25,6250
199,0743	12,815	25,6300
199,1590	12,818	25,6350
199,2566	12,820	25,6400
199,3267	12,823	25,6450
199,4237	12,825	25,6500
199,5124	12,828	25,6550
199,5844	12,830	25,6600
199,6744	12,833	25,6650
199,7590	12,835	25,6700
199,8374	12,838	25,6750
199,9288	12,840	25,6800
200,0029	12,843	25,6850
200,1041	12,845	25,6900
200,1895	12,848	25,6950
200,2587	12,850	25,7000
200,3445	12,853	25,7050
200,4287	12,855	25,7100
200,5175	12,858	25,7150
200,6263	12,860	25,7200
200,6973	12,863	25,7250
200,7785	12,865	25,7300
200,8523	12,868	25,7350
200,9317	12,870	25,7400
201,0261	12,873	25,7450
201,1039	12,875	25,7500
201,1828	12,878	25,7550
201,2802	12,880	25,7600
201,3458	12,883	25,7650
201,4478	12,885	25,7700
201,5311	12,888	25,7750
201,6014	12,890	25,7800
201,6892	12,893	25,7850
201,7652	12,895	25,7900
201,8518	12,898	25,7950
201,9518	12,900	25,8000
202,0134	12,903	25,8050
202,1054	12,905	25,8100
202,1916	12,908	25,8150
202,2701	12,910	25,8200
202,3629	12,913	25,8250
202,4307	12,915	25,8300
202,5116	12,918	25,8350
202,6228	12,920	25,8400
202,7058	12,923	25,8450
202,8075	12,925	25,8500
202,8886	12,928	25,8550
202,9515	12,930	25,8600
203,0364	12,933	25,8650
203,1164	12,935	25,8700
203,2060	12,938	25,8750
203,3118	12,940	25,8800
203,3879	12,943	25,8850
203,4777	12,945	25,8900
203,5643	12,948	25,8950
203,6353	12,950	25,9000
203,7290	12,953	25,9050
203,8138	12,955	25,9100
203,8972	12,958	25,9150
203,9978	12,960	25,9200
204,0725	12,963	25,9250
204,1708	12,965	25,9300
204,2620	12,968	25,9350
204,3368	12,970	25,9400
204,4258	12,973	25,9450
204,5152	12,975	25,9500
204,6000	12,978	25,9550
204,6898	12,980	25,9600
204,7468	12,983	25,9650
204,8420	12,985	25,9700
204,9319	12,988	25,9750
205,0066	12,990	25,9800
205,1085	12,993	25,9850
205,1964	12,995	25,9900
205,2837	12,998	25,9950
205,3783	13,000	26,0000
205,4498	13,003	26,0050
205,5492	13,005	26,0100
205,6328	13,008	26,0150
205,6993	13,010	26,0200
205,7910	13,013	26,0250
205,8748	13,015	26,0300
205,9498	13,018	26,0350
206,0456	13,020	26,0400
206,1199	13,023	26,0450
206,2161	13,025	26,0500
206,3013	13,028	26,0550
206,3823	13,030	26,0600
206,4683	13,033	26,0650
206,5571	13,035	26,0700
206,6476	13,038	26,0750
206,7455	13,040	26,0800
206,8256	13,043	26,0850
206,9285	13,045	26,0900
207,0142	13,048	26,0950
207,0871	13,050	26,1000
207,1789	13,053	26,1050
207,2571	13,055	26,1100
207,3427	13,058	26,1150
207,4437	13,060	26,1200
207,5187	13,063	26,1250
207,6157	13,065	26,1300
207,6951	13,068	26,1350
207,7710	13,070	26,1400
207,8607	13,073	26,1450
207,9394	13,075	26,1500
208,0165	13,078	26,1550
208,1193	13,080	26,1600
208,1947	13,083	26,1650
208,3014	13,085	26,1700
208,3891	13,088	26,1750
208,4598	13,090	26,1800
208,5541	13,093	26,1850
208,6336	13,095	26,1900
208,7243	13,098	26,1950
208,8189	13,100	26,2000
208,8865	13,103	26,2050
208,9764	13,105	26,2100
209,0612	13,108	26,2150
209,1393	13,110	26,2200
209,2372	13,113	26,2250
209,3218	13,115	26,2300
209,4059	13,118	26,2350
209,5086	13,120	26,2400
209,5828	13,123	26,2450
209,6817	13,125	26,2500
209,7677	13,128	26,2550
209,8442	13,130	26,2600
209,9362	13,133	26,2650
210,0247	13,135	26,2700
210,1013	13,138	26,2750
210,1970	13,140	26,2800
210,2694	13,143	26,2850
210,3700	13,145	26,2900
210,4558	13,148	26,2950
210,5253	13,150	26,3000
210,6251	13,153	26,3050
210,7070	13,155	26,3100
210,7885	13,158	26,3150
210,8863	13,160	26,3200
210,9615	13,163	26,3250
211,0621	13,165	26,3300
211,1520	13,168	26,3350
211,2305	13,170	26,3400
211,3213	13,173	26,3450
211,4175	13,175	26,3500
211,5000	13,178	26,3550
211,5985	13,180	26,3600
211,6666	13,183	26,3650
211,7657	13,185	26,3700
211,8508	13,188	26,3750
211,9286	13,190	26,3800
212,0317	13,193	26,3850
212,1192	13,195	26,3900
212,1954	13,198	26,3950
212,2909	13,200	26,4000
212,3743	13,203	26,4050
212,4748	13,205	26,4100
212,5605	13,208	26,4150
212,6296	13,210	26,4200
212,7286	13,213	26,4250
212,8171	13,215	26,4300
212,9027	13,218	26,4350
213,0077	13,220	26,4400
213,0816	13,223	26,4450
213,1744	13,225	26,4500
213,2526	13,228	26,4550
213,3273	13,230	26,4600
213,4194	13,233	26,4650
213,5078	13,235	26,4700
213,5974	13,238	26,4750
213,7040	13,240	26,4800
213,7734	13,243	26,4850
213,8666	13,245	26,4900
213,9507	13,248	26,4950
214,0250	13,250	26,5000
214,1252	13,253	26,5050
214,2139	13,255	26,5100
214,2960	13,258	26,5150
214,3992	13,260	26,5200
214,4707	13,263	26,5250
214,5617	13,265	26,5300
214,6511	13,268	26,5350
214,7290	13,270	26,5400
214,8215	13,273	26,5450
214,9004	13,275	26,5500
214,9794	13,278	26,5550
215,0818	13,280	26,5600
215,1564	13,283	26,5650
215,2575	13,285	26,5700
215,3435	13,288	26,5750
215,4254	13,290	26,5800
215,5224	13,293	26,5850
215,6092	13,295	26,5900
215,6893	13,298	26,5950
215,7905	13,300	26,6000
215,8652	13,303	26,6050
215,9603	13,305	26,6100
216,0464	13,308	26,6150
216,1244	13,310	26,6200
216,2216	13,313	26,6250
216,3070	13,315	26,6300
216,3903	13,318	26,6350
216,4990	13,320	26,6400
216,5815	13,323	26,6450
216,6838	13,325	26,6500
216,7694	13,328	26,6550
216,8405	13,330	26,6600
216,9289	13,333	26,6650
217,0102	13,335	26,6700
217,0969	13,338	26,6750
217,1945	13,340	26,6800
217,2592	13,343	26,6850
217,3602	13,345	26,6900
217,4569	13,348	26,6950
217,5295	13,350	26,7000
217,6227	13,353	26,7050
217,7104	13,355	26,7100
217,7954	13,358	26,7150
217,8926	13,360	26,7200
217,9730	13,363	26,7250
218,0751	13,365	26,7300
218,1539	13,368	26,7350
218,2292	13,370	26,7400
218,3244	13,373	26,7450
218,4169	13,375	26,7500
218,4997	13,378	26,7550
218,6020	13,380	26,7600
218,6736	13,383	26,7650
218,7644	13,385	26,7700
218,8419	13,388	26,7750
218,9302	13,390	26,7800
219,0305	13,393	26,7850
219,1104	13,395	26,7900
219,1850	13,398	26,7950
219,2839	13,400	26,8000
219,3628	13,403	26,8050
219,4663	13,405	26,8100
219,5485	13,408	26,8150
219,6242	13,410	26,8200
219,7225	13,413	26,8250
219,8128	13,415	26,8300
219,9019	13,418	26,8350
220,0075	13,420	26,8400
220,0760	13,423	26,8450
220,1770	13,425	26,8500
220,2681	13,428	26,8550
220,3455	13,430	26,8600
220,4448	13,433	26,8650
220,5305	13,435	26,8700
220,6210	13,438	26,8750
220,7206	13,440	26,8800
220,8048	13,443	26,8850
220,9089	13,445	26,8900
220,9967	13,448	26,8950
221,0720	13,450	26,9000
221,1661	13,453	26,9050
221,2445	13,455	26,9100
221,3297	13,458	26,9150
221,4371	13,460	26,9200
221,5172	13,463	26,9250
221,6194	13,465	26,9300
221,7067	13,468	26,9350
221,7851	13,470	26,9400
221,8812	13,473	26,9450
221,9689	13,475	26,9500
222,0539	13,478	26,9550
222,1640	13,480	26,9600
222,2409	13,483	26,9650
222,3401	13,485	26,9700
222,4240	13,488	26,9750
222,5065	13,490	26,9800
222,5981	13,493	26,9850
222,6820	13,495	26,9900
222,7627	13,498	26,9950
222,8650	13,500	27,0000
222,9355	13,503	27,0050
223,0314	13,505	27,0100
223,1220	13,508	27,0150
223,2019	13,510	27,0200
223,2964	13,513	27,0250
223,3822	13,515	27,0300
223,4666	13,518	27,0350
223,5690	13,520	27,0400
223,6491	13,523	27,0450
223,7521	13,525	27,0500
223,8308	13,528	27,0550
223,9054	13,530	27,0600
223,9957	13,533	27,0650
224,0809	13,535	27,0700
224,1697	13,538	27,0750
224,2774	13,540	27,0800
224,3560	13,543	27,0850
224,4510	13,545	27,0900
224,5438	13,548	27,0950
224,6232	13,550	27,1000
224,7266	13,553	27,1050
224,8149	13,555	27,1100
224,9041	13,558	27,1150
225,0067	13,560	27,1200
225,0846	13,563	27,1250
225,1772	13,565	27,1300
225,2623	13,568	27,1350
225,3407	13,570	27,1400
225,4448	13,573	27,1450
225,5410	13,575	27,1500
225,6289	13,578	27,1550
225,7304	13,580	27,1600
225,7965	13,583	27,1650
225,8924	13,585	27,1700
225,9774	13,588	27,1750
226,0624	13,590	27,1800
226,1671	13,593	27,1850
226,2618	13,595	27,1900
226,3513	13,598	27,1950
226,4573	13,600	27,2000
226,5370	13,603	27,2050
226,6370	13,605	27,2100
226,7195	13,608	27,2150
226,7947	13,610	27,2200
226,8960	13,613	27,2250
226,9832	13,615	27,2300
227,0664	13,618	27,2350
227,1701	13,620	27,2400
227,2368	13,623	27,2450
227,3344	13,625	27,2500
227,4235	13,628	27,2550
227,5072	13,630	27,2600
227,6061	13,633	27,2650
227,6958	13,635	27,2700
227,7793	13,638	27,2750
227,8940	13,640	27,2800
227,9697	13,643	27,2850
228,0686	13,645	27,2900
228,1523	13,648	27,2950
228,2245	13,650	27,3000
228,3222	13,653	27,3050
228,4090	13,655	27,3100
228,5000	13,658	27,3150
228,6093	13,660	27,3200
228,6869	13,663	27,3250
228,7797	13,665	27,3300
228,8638	13,668	27,3350
228,9466	13,670	27,3400
229,0516	13,673	27,3450
229,1422	13,675	27,3500
229,2197	13,678	27,3550
229,3286	13,680	27,3600
229,4067	13,683	27,3650
229,5208	13,685	27,3700
229,6060	13,688	27,3750
229,6769	13,690	27,3800
229,7753	13,693	27,3850
229,8657	13,695	27,3900
229,9474	13,698	27,3950
230,0494	13,700	27,4000
230,1327	13,703	27,4050
230,2332	13,705	27,4100
230,3166	13,708	27,4150
230,3919	13,710	27,4200
230,4897	13,713	27,4250
230,5753	13,715	27,4300
230,6622	13,718	27,4350
230,7673	13,720	27,4400
230,8486	13,723	27,4450
230,9562	13,725	27,4500
231,0467	13,728	27,4550
231,1306	13,730	27,4600
231,2218	13,733	27,4650
231,3065	13,735	27,4700
231,3961	13,738	27,4750
231,5021	13,740	27,4800
231,5741	13,743	27,4850
231,6741	13,745	27,4900
231,7633	13,748	27,4950
231,8475	13,750	27,5000
231,9533	13,753	27,5050
232,0316	13,755	27,5100
232,1228	13,758	27,5150
232,2264	13,760	27,5200
232,3033	13,763	27,5250
232,4090	13,765	27,5300
232,4982	13,768	27,5350
232,5708	13,770	27,5400
232,6725	13,773	27,5450
232,7706	13,775	27,5500
232,8584	13,778	27,5550
232,9581	13,780	27,5600
233,0297	13,783	27,5650
233,1364	13,785	27,5700
233,2309	13,788	27,5750
233,3185	13,790	27,5800
233,4219	13,793	27,5850
233,5052	13,795	27,5900
233,5825	13,798	27,5950
233,6889	13,800	27,6000
233,7852	13,803	27,6050
233,8947	13,805	27,6100
233,9833	13,808	27,6150
234,0531	13,810	27,6200
234,1489	13,813	27,6250
234,2413	13,815	27,6300
234,3336	13,818	27,6350
234,4417	13,820	27,6400
234,5203	13,823	27,6450
234,6224	13,825	27,6500
234,7070	13,828	27,6550
234,7767	13,830	27,6600
234,8833	13,833	27,6650
234,9846	13,835	27,6700
235,0792	13,838	27,6750
235,1900	13,840	27,6800
235,2740	13,843	27,6850
235,3771	13,845	27,6900
235,4621	13,848	27,6950
235,5390	13,850	27,7000
235,6339	13,853	27,7050
235,7266	13,855	27,7100
235,8230	13,858	27,7150
235,9340	13,860	27,7200
236,0157	13,863	27,7250
236,1128	13,865	27,7300
236,1991	13,868	27,7350
236,2761	13,870	27,7400
236,3676	13,873	27,7450
236,4578	13,875	27,7500
236,5419	13,878	27,7550
236,6523	13,880	27,7600
236,7330	13,883	27,7650
236,8381	13,885	27,7700
236,9223	13,888	27,7750
237,0002	13,890	27,7800
237,0965	13,893	27,7850
237,1896	13,895	27,7900
237,2764	13,898	27,7950
237,3799	13,900	27,8000
237,4506	13,903	27,8050
237,5480	13,905	27,8100
237,6390	13,908	27,8150
237,7174	13,910	27,8200
237,8159	13,913	27,8250
237,9055	13,915	27,8300
237,9928	13,918	27,8350
238,0994	13,920	27,8400
238,1872	13,923	27,8450
238,2936	13,925	27,8500
238,3749	13,928	27,8550
238,4538	13,930	27,8600
238,5498	13,933	27,8650
238,6474	13,935	27,8700
238,7434	13,938	27,8750
238,8481	13,940	27,8800
238,9268	13,943	27,8850
239,0299	13,945	27,8900
239,1246	13,948	27,8950
239,2060	13,950	27,9000
239,3040	13,953	27,9050
239,3936	13,955	27,9100
239,4788	13,958	27,9150
239,5863	13,960	27,9200
239,6737	13,963	27,9250
239,7854	13,965	27,9300
239,8870	13,968	27,9350
239,9663	13,970	27,9400
240,0574	13,973	27,9450
240,1545	13,975	27,9500
240,2467	13,978	27,9550
240,3539	13,980	27,9600
240,4231	13,983	27,9650
240,5292	13,985	27,9700
240,6130	13,988	27,9750
240,6944	13,990	27,9800
240,7980	13,993	27,9850
240,8937	13,995	27,9900
240,9776	13,998	27,9950
241,0830	14,000	28,0000
241,1618	14,003	28,0050
241,2665	14,005	28,0100
241,3573	14,008	28,0150
241,4372	14,010	28,0200
241,5334	14,013	28,0250
241,6206	14,015	28,0300
241,7098	14,018	28,0350
241,8186	14,020	28,0400
241,8970	14,023	28,0450
241,9945	14,025	28,0500
242,0807	14,028	28,0550
242,1691	14,030	28,0600
242,2699	14,033	28,0650
242,3553	14,035	28,0700
242,4461	14,038	28,0750
242,5564	14,040	28,0800
242,6432	14,043	28,0850
242,7523	14,045	28,0900
242,8425	14,048	28,0950
242,9240	14,050	28,1000
243,0309	14,053	28,1050
243,1308	14,055	28,1100
243,2224	14,058	28,1150
243,3322	14,060	28,1200
243,4124	14,063	28,1250
243,5031	14,065	28,1300
243,5900	14,068	28,1350
243,6740	14,070	28,1400
243,7779	14,073	28,1450
243,8712	14,075	28,1500
243,9668	14,078	28,1550
244,0823	14,080	28,1600
244,1626	14,083	28,1650
244,2591	14,085	28,1700
244,3423	14,088	28,1750
244,4328	14,090	28,1800
244,5355	14,093	28,1850
244,6332	14,095	28,1900
244,7294	14,098	28,1950
244,8393	14,100	28,2000
244,9155	14,103	28,2050
245,0157	14,105	28,2100
245,0985	14,108	28,2150
245,1763	14,110	28,2200
245,2814	14,113	28,2250
245,3713	14,115	28,2300
245,4678	14,118	28,2350
245,5795	14,120	28,2400
245,6605	14,123	28,2450
245,7644	14,125	28,2500
245,8537	14,128	28,2550
245,9328	14,130	28,2600
246,0304	14,133	28,2650
246,1280	14,135	28,2700
246,2249	14,138	28,2750
246,3379	14,140	28,2800
246,4158	14,143	28,2850
246,5101	14,145	28,2900
246,6041	14,148	28,2950
246,6860	14,150	28,3000
246,7900	14,153	28,3050
246,8758	14,155	28,3100
246,9597	14,158	28,3150
247,0643	14,160	28,3200
247,1516	14,163	28,3250
247,2581	14,165	28,3300
247,3528	14,168	28,3350
247,4317	14,170	28,3400
247,5393	14,173	28,3450
247,6380	14,175	28,3500
247,7327	14,178	28,3550
247,8397	14,180	28,3600
247,9147	14,183	28,3650
248,0203	14,185	28,3700
248,1094	14,188	28,3750
248,1919	14,190	28,3800
248,2971	14,193	28,3850
248,3965	14,195	28,3900
248,4924	14,198	28,3950
248,6029	14,200	28,4000
248,6897	14,203	28,4050
248,7948	14,205	28,4100
248,8887	14,208	28,4150
248,9736	14,210	28,4200
249,0744	14,213	28,4250
249,1707	14,215	28,4300
249,2716	14,218	28,4350
249,3858	14,220	28,4400
249,4644	14,223	28,4450
249,5678	14,225	28,4500
249,6578	14,228	28,4550
249,7455	14,230	28,4600
249,8462	14,233	28,4650
249,9407	14,235	28,4700
250,0300	14,238	28,4750
250,1409	14,240	28,4800
250,2358	14,243	28,4850
250,3447	14,245	28,4900
250,4267	14,248	28,4950
250,5084	14,250	28,5000
250,6056	14,253	28,5050
250,6984	14,255	28,5100
250,7957	14,258	28,5150
250,9016	14,260	28,5200
250,9845	14,263	28,5250
251,0851	14,265	28,5300
251,1782	14,268	28,5350
251,2676	14,270	28,5400
251,3690	14,273	28,5450
251,4600	14,275	28,5500
251,5478	14,278	28,5550
251,6581	14,280	28,5600
251,7396	14,283	28,5650
251,8512	14,285	28,5700
251,9421	14,288	28,5750
252,0277	14,290	28,5800
252,1293	14,293	28,5850
252,2238	14,295	28,5900
252,3160	14,298	28,5950
252,4318	14,300	28,6000
252,5055	14,303	28,6050
252,6072	14,305	28,6100
252,7090	14,308	28,6150
252,8004	14,310	28,6200
252,9070	14,313	28,6250
252,9963	14,315	28,6300
253,0909	14,318	28,6350
253,2010	14,320	28,6400
253,2900	14,323	28,6450
253,4034	14,325	28,6500
253,5002	14,328	28,6550
253,5847	14,330	28,6600
253,6874	14,333	28,6650
253,7829	14,335	28,6700
253,8755	14,338	28,6750
253,9877	14,340	28,6800
254,0787	14,343	28,6850
254,1865	14,345	28,6900
254,2825	14,348	28,6950
254,3650	14,350	28,7000
254,4706	14,353	28,7050
254,5697	14,355	28,7100
254,6661	14,358	28,7150
254,7739	14,360	28,7200
254,8597	14,363	28,7250
254,9633	14,365	28,7300
255,0614	14,368	28,7350
255,1469	14,370	28,7400
255,2491	14,373	28,7450
255,3350	14,375	28,7500
255,4261	14,378	28,7550
255,5298	14,380	28,7600
255,6097	14,383	28,7650
255,7143	14,385	28,7700
255,8035	14,388	28,7750
255,8880	14,390	28,7800
255,9969	14,393	28,7850
256,0941	14,395	28,7900
256,1804	14,398	28,7950
256,2809	14,400	28,8000
256,3660	14,403	28,8050
256,4811	14,405	28,8100
256,5745	14,408	28,8150
256,6551	14,410	28,8200
256,7561	14,413	28,8250
256,8532	14,415	28,8300
256,9452	14,418	28,8350
257,0499	14,420	28,8400
257,1327	14,423	28,8450
257,2373	14,425	28,8500
257,3287	14,428	28,8550
257,4196	14,430	28,8600
257,5289	14,433	28,8650
257,6282	14,435	28,8700
257,7232	14,438	28,8750
257,8395	14,440	28,8800
257,9345	14,443	28,8850
258,0451	14,445	28,8900
258,1396	14,448	28,8950
258,2220	14,450	28,9000
258,3256	14,453	28,9050
258,4292	14,455	28,9100
258,5280	14,458	28,9150
258,6458	14,460	28,9200
258,7303	14,463	28,9250
258,8378	14,465	28,9300
258,9382	14,468	28,9350
259,0343	14,470	28,9400
259,1369	14,473	28,9450
259,2339	14,475	28,9500
259,3295	14,478	28,9550
259,4484	14,480	28,9600
259,5337	14,483	28,9650
259,6488	14,485	28,9700
259,7433	14,488	28,9750
259,8263	14,490	28,9800
259,9283	14,493	28,9850
260,0271	14,495	28,9900
260,1151	14,498	28,9950
260,2294	14,500	29,0000
260,3140	14,503	29,0050
260,4159	14,505	29,0100
260,5168	14,508	29,0150
260,6031	14,510	29,0200
260,7080	14,513	29,0250
260,8034	14,515	29,0300
260,8984	14,518	29,0350
261,0117	14,520	29,0400
261,0997	14,523	29,0450
261,2062	14,525	29,0500
261,3018	14,528	29,0550
261,3895	14,530	29,0600
261,4860	14,533	29,0650
261,5707	14,535	29,0700
261,6676	14,538	29,0750
261,7847	14,540	29,0800
261,8670	14,543	29,0850
261,9691	14,545	29,0900
262,0728	14,548	29,0950
262,1634	14,550	29,1000
262,2770	14,553	29,1050
262,3752	14,555	29,1100
262,4671	14,558	29,1150
262,5747	14,560	29,1200
262,6710	14,563	29,1250
262,7890	14,565	29,1300
262,8913	14,568	29,1350
262,9794	14,570	29,1400
263,0821	14,573	29,1450
263,1737	14,575	29,1500
263,2713	14,578	29,1550
263,3888	14,580	29,1600
263,4715	14,583	29,1650
263,5850	14,585	29,1700
263,6767	14,588	29,1750
263,7751	14,590	29,1800
263,8879	14,593	29,1850
263,9855	14,595	29,1900
264,0783	14,598	29,1950
264,1959	14,600	29,2000
264,2925	14,603	29,2050
264,4033	14,605	29,2100
264,4995	14,608	29,2150
264,5896	14,610	29,2200
264,6971	14,613	29,2250
264,7967	14,615	29,2300
264,8888	14,618	29,2350
265,0011	14,620	29,2400
265,0821	14,623	29,2450
265,1922	14,625	29,2500
265,2854	14,628	29,2550
265,3729	14,630	29,2600
265,4801	14,633	29,2650
265,5835	14,635	29,2700
265,6730	14,638	29,2750
265,7783	14,640	29,2800
265,8705	14,643	29,2850
265,9849	14,645	29,2900
266,0713	14,648	29,2950
266,1540	14,650	29,3000
266,2612	14,653	29,3050
266,3613	14,655	29,3100
266,4567	14,658	29,3150
266,5641	14,660	29,3200
266,6481	14,663	29,3250
266,7519	14,665	29,3300
266,8462	14,668	29,3350
266,9324	14,670	29,3400
267,0392	14,673	29,3450
267,1471	14,675	29,3500
267,2412	14,678	29,3550
267,3553	14,680	29,3600
267,4470	14,683	29,3650
267,5636	14,685	29,3700
267,6628	14,688	29,3750
267,7541	14,690	29,3800
267,8588	14,693	29,3850
267,9523	14,695	29,3900
268,0532	14,698	29,3950
268,1732	14,700	29,4000
268,2612	14,703	29,4050
268,3685	14,705	29,4100
268,4644	14,708	29,4150
268,5556	14,710	29,4200
268,6664	14,713	29,4250
268,7667	14,715	29,4300
268,8668	14,718	29,4350
268,9790	14,720	29,4400
269,0696	14,723	29,4450
269,1841	14,725	29,4500
269,2896	14,728	29,4550
269,3770	14,730	29,4600
269,4771	14,733	29,4650
269,5795	14,735	29,4700
269,6780	14,738	29,4750
269,7907	14,740	29,4800
269,8678	14,743	29,4850
269,9711	14,745	29,4900
270,0692	14,748	29,4950
270,1575	14,750	29,5000
270,2680	14,753	29,5050
270,3700	14,755	29,5100
270,4702	14,758	29,5150
270,5916	14,760	29,5200
270,6771	14,763	29,5250
270,7849	14,765	29,5300
270,8787	14,768	29,5350
270,9614	14,770	29,5400
271,0637	14,773	29,5450
271,1672	14,775	29,5500
271,2588	14,778	29,5550
271,3772	14,780	29,5600
271,4570	14,783	29,5650
271,5639	14,785	29,5700
271,6588	14,788	29,5750
271,7493	14,790	29,5800
271,8522	14,793	29,5850
271,9514	14,795	29,5900
272,0495	14,798	29,5950
272,1644	14,800	29,6000
272,2578	14,803	29,6050
272,3689	14,805	29,6100
272,4691	14,808	29,6150
272,5640	14,810	29,6200
272,6639	14,813	29,6250
272,7708	14,815	29,6300
272,8720	14,818	29,6350
272,9878	14,820	29,6400
273,0776	14,823	29,6450
273,1896	14,825	29,6500
273,2888	14,828	29,6550
273,3816	14,830	29,6600
273,4965	14,833	29,6650
273,5909	14,835	29,6700
273,6795	14,838	29,6750
273,7923	14,840	29,6800
273,8886	14,843	29,6850
273,9988	14,845	29,6900
274,0980	14,848	29,6950
274,1849	14,850	29,7000
274,2927	14,853	29,7050
274,3946	14,855	29,7100
274,4953	14,858	29,7150
274,6051	14,860	29,7200
274,6926	14,863	29,7250
274,8005	14,865	29,7300
274,8991	14,868	29,7350
274,9936	14,870	29,7400
275,0975	14,873	29,7450
275,1912	14,875	29,7500
275,2873	14,878	29,7550
275,4092	14,880	29,7600
275,5003	14,883	29,7650
275,6155	14,885	29,7700
275,7108	14,888	29,7750
275,7965	14,890	29,7800
275,9015	14,893	29,7850
276,0019	14,895	29,7900
276,1060	14,898	29,7950
276,2158	14,900	29,8000
276,2951	14,903	29,8050
276,4005	14,905	29,8100
276,4985	14,908	29,8150
276,5916	14,910	29,8200
276,7033	14,913	29,8250
276,8055	14,915	29,8300
276,9063	14,918	29,8350
277,0147	14,920	29,8400
277,1073	14,923	29,8450
277,2209	14,925	29,8500
277,3164	14,928	29,8550
277,4023	14,930	29,8600
277,5080	14,933	29,8650
277,6163	14,935	29,8700
277,7226	14,938	29,8750
277,8364	14,940	29,8800
277,9234	14,943	29,8850
278,0358	14,945	29,8900
278,1391	14,948	29,8950
278,2297	14,950	29,9000
278,3375	14,953	29,9050
278,4418	14,955	29,9100
278,5416	14,958	29,9150
278,6559	14,960	29,9200
278,7546	14,963	29,9250
278,8712	14,965	29,9300
278,9716	14,968	29,9350
279,0608	14,970	29,9400
279,1623	14,973	29,9450
279,2647	14,975	29,9500
279,3687	14,978	29,9550
279,4928	14,980	29,9600
279,5788	14,983	29,9650
279,6847	14,985	29,9700
279,7775	14,988	29,9750
279,8760	14,990	29,9800
279,9916	14,993	29,9850
280,0954	14,995	29,9900
280,1922	14,998	29,9950
280,3169	15,000	30,0000
280,4151	15,003	30,0050
280,5284	15,005	30,0100
280,6274	15,008	30,0150
280,7121	15,010	30,0200
280,8160	15,013	30,0250
280,9169	15,015	30,0300
281,0216	15,018	30,0350
281,1391	15,020	30,0400
281,2247	15,023	30,0450
281,3321	15,025	30,0500
281,4354	15,028	30,0550
281,5264	15,030	30,0600
281,6334	15,033	30,0650
281,7419	15,035	30,0700
281,8451	15,038	30,0750
281,9636	15,040	30,0800
282,0550	15,043	30,0850
282,1697	15,045	30,0900
282,2722	15,048	30,0950
282,3632	15,050	30,1000
282,4735	15,053	30,1050
282,5758	15,055	30,1100
282,6769	15,058	30,1150
282,7952	15,060	30,1200
282,8885	15,063	30,1250
282,9928	15,065	30,1300
283,0919	15,068	30,1350
283,1835	15,070	30,1400
283,2957	15,073	30,1450
283,4055	15,075	30,1500
283,5079	15,078	30,1550
283,6307	15,080	30,1600
283,7324	15,083	30,1650
283,8531	15,085	30,1700
283,9546	15,088	30,1750
284,0550	15,090	30,1800
284,1585	15,093	30,1850
284,2577	15,095	30,1900
284,3587	15,098	30,1950
284,4820	15,100	30,2000
284,5709	15,103	30,2050
284,6855	15,105	30,2100
284,7881	15,108	30,2150
284,8827	15,110	30,2200
284,9984	15,113	30,2250
285,1055	15,115	30,2300
285,1994	15,118	30,2350
285,3127	15,120	30,2400
285,4112	15,123	30,2450
285,5294	15,125	30,2500
285,6302	15,128	30,2550
285,7215	15,130	30,2600
285,8269	15,133	30,2650
285,9326	15,135	30,2700
286,0355	15,138	30,2750
286,1546	15,140	30,2800
286,2410	15,143	30,2850
286,3466	15,145	30,2900
286,4459	15,148	30,2950
286,5491	15,150	30,3000
286,6665	15,153	30,3050
286,7675	15,155	30,3100
286,8677	15,158	30,3150
286,9815	15,160	30,3200
287,0732	15,163	30,3250
287,1862	15,165	30,3300
287,2866	15,168	30,3350
287,3738	15,170	30,3400
287,4830	15,173	30,3450
287,5826	15,175	30,3500
287,6845	15,178	30,3550
287,8076	15,180	30,3600
287,8992	15,183	30,3650
288,0110	15,185	30,3700
288,1147	15,188	30,3750
288,2108	15,190	30,3800
288,3269	15,193	30,3850
288,4331	15,195	30,3900
288,5362	15,198	30,3950
288,6635	15,200	30,4000
288,7695	15,203	30,4050
288,8842	15,205	30,4100
288,9875	15,208	30,4150
289,0800	15,210	30,4200
289,1892	15,213	30,4250
289,2907	15,215	30,4300
289,3971	15,218	30,4350
289,5221	15,220	30,4400
289,6106	15,223	30,4450
289,7189	15,225	30,4500
289,8228	15,228	30,4550
289,9256	15,230	30,4600
290,0371	15,233	30,4650
290,1401	15,235	30,4700
290,2397	15,238	30,4750
290,3608	15,240	30,4800
290,4705	15,243	30,4850
290,5910	15,245	30,4900
290,6924	15,248	30,4950
290,7791	15,250	30,5000
290,8936	15,253	30,5050
291,0055	15,255	30,5100
291,1040	15,258	30,5150
291,2203	15,260	30,5200
291,3101	15,263	30,5250
291,4153	15,265	30,5300
291,5172	15,268	30,5350
291,6161	15,270	30,5400
291,7280	15,273	30,5450
291,8304	15,275	30,5500
291,9266	15,278	30,5550
292,0451	15,280	30,5600
292,1493	15,283	30,5650
292,2717	15,285	30,5700
292,3692	15,288	30,5750
292,4602	15,290	30,5800
292,5705	15,293	30,5850
292,6818	15,295	30,5900
292,7854	15,298	30,5950
292,9093	15,300	30,6000
292,9994	15,303	30,6050
293,1056	15,305	30,6100
293,2047	15,308	30,6150
293,3066	15,310	30,6200
293,4224	15,313	30,6250
293,5279	15,315	30,6300
293,6324	15,318	30,6350
293,7642	15,320	30,6400
293,8741	15,323	30,6450
294,0014	15,325	30,6500
294,1089	15,328	30,6550
294,2030	15,330	30,6600
294,3047	15,333	30,6650
294,4086	15,335	30,6700
294,5169	15,338	30,6750
294,6417	15,340	30,6800
294,7305	15,343	30,6850
294,8396	15,345	30,6900
294,9480	15,348	30,6950
295,0545	15,350	30,7000
295,1767	15,353	30,7050
295,2866	15,355	30,7100
295,3878	15,358	30,7150
295,5091	15,360	30,7200
295,6064	15,363	30,7250
295,7221	15,365	30,7300
295,8292	15,368	30,7350
295,9190	15,370	30,7400
296,0256	15,373	30,7450
296,1338	15,375	30,7500
296,2383	15,378	30,7550
296,3619	15,380	30,7600
296,4474	15,383	30,7650
296,5584	15,385	30,7700
296,6577	15,388	30,7750
296,7674	15,390	30,7800
296,8886	15,393	30,7850
296,9933	15,395	30,7900
297,0966	15,398	30,7950
297,2258	15,400	30,8000
297,3243	15,403	30,8050
297,4355	15,405	30,8100
297,5484	15,408	30,8150
297,6441	15,410	30,8200
297,7473	15,413	30,8250
297,8549	15,415	30,8300
297,9684	15,418	30,8350
298,0955	15,420	30,8400
298,1851	15,423	30,8450
298,2935	15,425	30,8500
298,4024	15,428	30,8550
298,5142	15,430	30,8600
298,6316	15,433	30,8650
298,7424	15,435	30,8700
298,8423	15,438	30,8750
298,9710	15,440	30,8800
299,0825	15,443	30,8850
299,2068	15,445	30,8900
299,3157	15,448	30,8950
299,4123	15,450	30,9000
299,5257	15,453	30,9050
299,6419	15,455	30,9100
299,7574	15,458	30,9150
299,8814	15,460	30,9200
299,9726	15,463	30,9250
300,0821	15,465	30,9300
300,1876	15,468	30,9350
300,2835	15,470	30,9400
300,3991	15,473	30,9450
300,5168	15,475	30,9500
300,6224	15,478	30,9550
300,7482	15,480	30,9600
300,8489	15,483	30,9650
300,9718	15,485	30,9700
301,0754	15,488	30,9750
301,1726	15,490	30,9800
301,2860	15,493	30,9850
301,4026	15,495	30,9900
301,5064	15,498	30,9950
301,6278	15,500	31,0000
301,7203	15,503	31,0050
301,8345	15,505	31,0100
301,9421	15,508	31,0150
302,0436	15,510	31,0200
302,1515	15,513	31,0250
302,2552	15,515	31,0300
302,3603	15,518	31,0350
302,4815	15,520	31,0400
302,5893	15,523	31,0450
302,7102	15,525	31,0500
302,8159	15,528	31,0550
302,9111	15,530	31,0600
303,0154	15,533	31,0650
303,1210	15,535	31,0700
303,2314	15,538	31,0750
303,3466	15,540	31,0800
303,4369	15,543	31,0850
303,5439	15,545	31,0900
303,6475	15,548	31,0950
303,7484	15,550	31,1000
303,8642	15,553	31,1050
303,9731	15,555	31,1100
304,0877	15,558	31,1150
304,2190	15,560	31,1200
304,3252	15,563	31,1250
304,4390	15,565	31,1300
304,5465	15,568	31,1350
304,6389	15,570	31,1400
304,7455	15,573	31,1450
304,8644	15,575	31,1500
304,9848	15,578	31,1550
305,1053	15,580	31,1600
305,1925	15,583	31,1650
305,3145	15,585	31,1700
305,4249	15,588	31,1750
305,5244	15,590	31,1800
305,6412	15,593	31,1850
305,7519	15,595	31,1900
305,8586	15,598	31,1950
305,9877	15,600	31,2000
306,0954	15,603	31,2050
306,2192	15,605	31,2100
306,3348	15,608	31,2150
306,4294	15,610	31,2200
306,5344	15,613	31,2250
306,6458	15,615	31,2300
306,7543	15,618	31,2350
306,8813	15,620	31,2400
306,9777	15,623	31,2450
307,0892	15,625	31,2500
307,1954	15,628	31,2550
307,2974	15,630	31,2600
307,4176	15,633	31,2650
307,5215	15,635	31,2700
307,6201	15,638	31,2750
307,7486	15,640	31,2800
307,8539	15,643	31,2850
307,9698	15,645	31,2900
308,0723	15,648	31,2950
308,1566	15,650	31,3000
308,2654	15,653	31,3050
308,3762	15,655	31,3100
308,4812	15,658	31,3150
308,6091	15,660	31,3200
308,7076	15,663	31,3250
308,8177	15,665	31,3300
308,9240	15,668	31,3350
309,0290	15,670	31,3400
309,1486	15,673	31,3450
309,2639	15,675	31,3500
309,3658	15,678	31,3550
309,5009	15,680	31,3600
309,6147	15,683	31,3650
309,7446	15,685	31,3700
309,8565	15,688	31,3750
309,9586	15,690	31,3800
310,0728	15,693	31,3850
310,1868	15,695	31,3900
310,2962	15,698	31,3950
310,4298	15,700	31,4000
310,5303	15,703	31,4050
310,6444	15,705	31,4100
310,7571	15,708	31,4150
310,8670	15,710	31,4200
310,9890	15,713	31,4250
311,1072	15,715	31,4300
311,2229	15,718	31,4350
311,3485	15,720	31,4400
311,4584	15,723	31,4450
311,5803	15,725	31,4500
311,6955	15,728	31,4550
311,8010	15,730	31,4600
311,9074	15,733	31,4650
312,0250	15,735	31,4700
312,1372	15,738	31,4750
312,2568	15,740	31,4800
312,3570	15,743	31,4850
312,4770	15,745	31,4900
312,5871	15,748	31,4950
312,6953	15,750	31,5000
312,8099	15,753	31,5050
312,9219	15,755	31,5100
313,0311	15,758	31,5150
313,1440	15,760	31,5200
313,2467	15,763	31,5250
313,3696	15,765	31,5300
313,4834	15,768	31,5350
313,5742	15,770	31,5400
313,6825	15,773	31,5450
313,7958	15,775	31,5500
313,9025	15,778	31,5550
314,0283	15,780	31,5600
314,1244	15,783	31,5650
314,2329	15,785	31,5700
314,3395	15,788	31,5750
314,4510	15,790	31,5800
314,5683	15,793	31,5850
314,6736	15,795	31,5900
314,7793	15,798	31,5950
314,9075	15,800	31,6000
315,0142	15,803	31,6050
315,1321	15,805	31,6100
315,2470	15,808	31,6150
315,3513	15,810	31,6200
315,4693	15,813	31,6250
315,5821	15,815	31,6300
315,6972	15,818	31,6350
315,8272	15,820	31,6400
315,9230	15,823	31,6450
316,0418	15,825	31,6500
316,1556	15,828	31,6550
316,2620	15,830	31,6600
316,3801	15,833	31,6650
316,4946	15,835	31,6700
316,6054	15,838	31,6750
316,7380	15,840	31,6800
316,8502	15,843	31,6850
316,9771	15,845	31,6900
317,0846	15,848	31,6950
317,1840	15,850	31,7000
317,2969	15,853	31,7050
317,4131	15,855	31,7100
317,5278	15,858	31,7150
317,6565	15,860	31,7200
317,7550	15,863	31,7250
317,8731	15,865	31,7300
317,9876	15,868	31,7350
318,0943	15,870	31,7400
318,2133	15,873	31,7450
318,3241	15,875	31,7500
318,4314	15,878	31,7550
318,5618	15,880	31,7600
318,6701	15,883	31,7650
318,7885	15,885	31,7700
318,8953	15,888	31,7750
318,9949	15,890	31,7800
319,1085	15,893	31,7850
319,2223	15,895	31,7900
319,3347	15,898	31,7950
319,4641	15,900	31,8000
319,5587	15,903	31,8050
319,6637	15,905	31,8100
319,7762	15,908	31,8150
319,8801	15,910	31,8200
319,9937	15,913	31,8250
320,0948	15,915	31,8300
320,2008	15,918	31,8350
320,3299	15,920	31,8400
320,4494	15,923	31,8450
320,5790	15,925	31,8500
320,6953	15,928	31,8550
320,7925	15,930	31,8600
320,9109	15,933	31,8650
321,0314	15,935	31,8700
321,1420	15,938	31,8750
321,2697	15,940	31,8800
321,3758	15,943	31,8850
321,4938	15,945	31,8900
321,6091	15,948	31,8950
321,7137	15,950	31,9000
321,8374	15,953	31,9050
321,9532	15,955	31,9100
322,0645	15,958	31,9150
322,1897	15,960	31,9200
322,2997	15,963	31,9250
322,4252	15,965	31,9300
322,5424	15,968	31,9350
322,6425	15,970	31,9400
322,7616	15,973	31,9450
322,8826	15,975	31,9500
322,9964	15,978	31,9550
323,1277	15,980	31,9600
323,2270	15,983	31,9650
323,3429	15,985	31,9700
323,4540	15,988	31,9750
323,5659	15,990	31,9800
323,6926	15,993	31,9850
323,8147	15,995	31,9900
323,9263	15,998	31,9950
324,0546	16,000	32,0000
324,1620	16,003	32,0050
324,2879	16,005	32,0100
324,4036	16,008	32,0150
324,5056	16,010	32,0200
324,6238	16,013	32,0250
324,7455	16,015	32,0300
324,8609	16,018	32,0350
324,9833	16,020	32,0400
325,0792	16,023	32,0450
325,1976	16,025	32,0500
325,3087	16,028	32,0550
325,4191	16,030	32,0600
325,5395	16,033	32,0650
325,6454	16,035	32,0700
325,7483	16,038	32,0750
325,8808	16,040	32,0800
326,0022	16,043	32,0850
326,1272	16,045	32,0900
326,2428	16,048	32,0950
326,3467	16,050	32,1000
326,4633	16,053	32,1050
326,5834	16,055	32,1100
326,7056	16,058	32,1150
326,8412	16,060	32,1200
326,9400	16,063	32,1250
327,0570	16,065	32,1300
327,1837	16,068	32,1350
327,3018	16,070	32,1400
327,4250	16,073	32,1450
327,5423	16,075	32,1500
327,6629	16,078	32,1550
327,7957	16,080	32,1600
327,9073	16,083	32,1650
328,0368	16,085	32,1700
328,1584	16,088	32,1750
328,2666	16,090	32,1800
328,3834	16,093	32,1850
328,4998	16,095	32,1900
328,6125	16,098	32,1950
328,7392	16,100	32,2000
328,8408	16,103	32,2050
328,9602	16,105	32,2100
329,0789	16,108	32,2150
329,1897	16,110	32,2200
329,3070	16,113	32,2250
329,4214	16,115	32,2300
329,5348	16,118	32,2350
329,6700	16,120	32,2400
329,7927	16,123	32,2450
329,9162	16,125	32,2500
330,0256	16,128	32,2550
330,1322	16,130	32,2600
330,2446	16,133	32,2650
330,3610	16,135	32,2700
330,4840	16,138	32,2750
330,6196	16,140	32,2800
330,7235	16,143	32,2850
330,8354	16,145	32,2900
330,9434	16,148	32,2950
331,0537	16,150	32,3000
331,1830	16,153	32,3050
331,2923	16,155	32,3100
331,3975	16,158	32,3150
331,5250	16,160	32,3200
331,6369	16,163	32,3250
331,7569	16,165	32,3300
331,8684	16,168	32,3350
331,9699	16,170	32,3400
332,0810	16,173	32,3450
332,1984	16,175	32,3500
332,3208	16,178	32,3550
332,4497	16,180	32,3600
332,5515	16,183	32,3650
332,6759	16,185	32,3700
332,8036	16,188	32,3750
332,9186	16,190	32,3800
333,0387	16,193	32,3850
333,1604	16,195	32,3900
333,2844	16,198	32,3950
333,4243	16,200	32,4000
333,5391	16,203	32,4050
333,6645	16,205	32,4100
333,7902	16,208	32,4150
333,9093	16,210	32,4200
334,0348	16,213	32,4250
334,1556	16,215	32,4300
334,2770	16,218	32,4350
334,4143	16,220	32,4400
334,5183	16,223	32,4450
334,6462	16,225	32,4500
334,7719	16,228	32,4550
334,8853	16,230	32,4600
335,0044	16,233	32,4650
335,1237	16,235	32,4700
335,2508	16,238	32,4750
335,3971	16,240	32,4800
335,5115	16,243	32,4850
335,6417	16,245	32,4900
335,7650	16,248	32,4950
335,8684	16,250	32,5000
335,9822	16,253	32,5050
336,1023	16,255	32,5100
336,2262	16,258	32,5150
336,3664	16,260	32,5200
336,4716	16,263	32,5250
336,5835	16,265	32,5300
336,6995	16,268	32,5350
336,8172	16,270	32,5400
336,9414	16,273	32,5450
337,0572	16,275	32,5500
337,1766	16,278	32,5550
337,3121	16,280	32,5600
337,4239	16,283	32,5650
337,5533	16,285	32,5700
337,6713	16,288	32,5750
337,7740	16,290	32,5800
337,8858	16,293	32,5850
338,0005	16,295	32,5900
338,1137	16,298	32,5950
338,2500	16,300	32,6000
338,3664	16,303	32,6050
338,4919	16,305	32,6100
338,6140	16,308	32,6150
338,7286	16,310	32,6200
338,8581	16,313	32,6250
338,9841	16,315	32,6300
339,1066	16,318	32,6350
339,2482	16,320	32,6400
339,3765	16,323	32,6450
339,5139	16,325	32,6500
339,6281	16,328	32,6550
339,7322	16,330	32,6600
339,8545	16,333	32,6650
339,9855	16,335	32,6700
340,1142	16,338	32,6750
340,2518	16,340	32,6800
340,3625	16,343	32,6850
340,4802	16,345	32,6900
340,5905	16,348	32,6950
340,7024	16,350	32,7000
340,8355	16,353	32,7050
340,9608	16,355	32,7100
341,0863	16,358	32,7150
341,2242	16,360	32,7200
341,3470	16,363	32,7250
341,4711	16,365	32,7300
341,5849	16,368	32,7350
341,6908	16,370	32,7400
341,8155	16,373	32,7450
341,9391	16,375	32,7500
342,0639	16,378	32,7550
342,1929	16,380	32,7600
342,2964	16,383	32,7650
342,4146	16,385	32,7700
342,5356	16,388	32,7750
342,6510	16,390	32,7800
342,7805	16,393	32,7850
342,9108	16,395	32,7900
343,0347	16,398	32,7950
343,1658	16,400	32,8000
343,2811	16,403	32,8050
343,4136	16,405	32,8100
343,5397	16,408	32,8150
343,6400	16,410	32,8200
343,7449	16,413	32,8250
343,8644	16,415	32,8300
343,9872	16,418	32,8350
344,1194	16,420	32,8400
344,2286	16,423	32,8450
344,3578	16,425	32,8500
344,4811	16,428	32,8550
344,5960	16,430	32,8600
344,7280	16,433	32,8650
344,8591	16,435	32,8700
344,9745	16,438	32,8750
345,1123	16,440	32,8800
345,2453	16,443	32,8850
345,3809	16,445	32,8900
345,4998	16,448	32,8950
345,6146	16,450	32,9000
345,7389	16,453	32,9050
345,8665	16,455	32,9100
345,9948	16,458	32,9150
346,1332	16,460	32,9200
346,2514	16,463	32,9250
346,3729	16,465	32,9300
346,4921	16,468	32,9350
346,6181	16,470	32,9400
346,7522	16,473	32,9450
346,8786	16,475	32,9500
346,9932	16,478	32,9550
347,1358	16,480	32,9600
347,2619	16,483	32,9650
347,3966	16,485	32,9700
347,5203	16,488	32,9750
347,6315	16,490	32,9800
347,7514	16,493	32,9850
347,8805	16,495	32,9900
348,0035	16,498	32,9950
348,1443	16,500	33,0000
348,2608	16,503	33,0050
348,3772	16,505	33,0100
348,4997	16,508	33,0150
348,6208	16,510	33,0200
348,7460	16,513	33,0250
348,8615	16,515	33,0300
348,9775	16,518	33,0350
349,1199	16,520	33,0400
349,2418	16,523	33,0450
349,3710	16,525	33,0500
349,4899	16,528	33,0550
349,5897	16,530	33,0600
349,7054	16,533	33,0650
349,8318	16,535	33,0700
349,9581	16,538	33,0750
350,0871	16,540	33,0800
350,1990	16,543	33,0850
350,3170	16,545	33,0900
350,4348	16,548	33,0950
350,5584	16,550	33,1000
350,6966	16,553	33,1050
350,8284	16,555	33,1100
350,9541	16,558	33,1150
351,0880	16,560	33,1200
351,2176	16,563	33,1250
351,3554	16,565	33,1300
351,4853	16,568	33,1350
351,5988	16,570	33,1400
351,7209	16,573	33,1450
351,8529	16,575	33,1500
351,9775	16,578	33,1550
352,1202	16,580	33,1600
352,2386	16,583	33,1650
352,3645	16,585	33,1700
352,4948	16,588	33,1750
352,6195	16,590	33,1800
352,7447	16,593	33,1850
352,8723	16,595	33,1900
352,9931	16,598	33,1950
353,1282	16,600	33,2000
353,2499	16,603	33,2050
353,3886	16,605	33,2100
353,5230	16,608	33,2150
353,6385	16,610	33,2200
353,7624	16,613	33,2250
353,8958	16,615	33,2300
354,0263	16,618	33,2350
354,1636	16,620	33,2400
354,2815	16,623	33,2450
354,4034	16,625	33,2500
354,5240	16,628	33,2550
354,6415	16,630	33,2600
354,7754	16,633	33,2650
354,9032	16,635	33,2700
355,0228	16,638	33,2750
355,1676	16,640	33,2800
355,2928	16,643	33,2850
355,4206	16,645	33,2900
355,5374	16,648	33,2950
355,6510	16,650	33,3000
355,7710	16,653	33,3050
355,9071	16,655	33,3100
356,0350	16,658	33,3150
356,1746	16,660	33,3200
356,2939	16,663	33,3250
356,4192	16,665	33,3300
356,5323	16,668	33,3350
356,6530	16,670	33,3400
356,7874	16,673	33,3450
356,9240	16,675	33,3500
357,0486	16,678	33,3550
357,1911	16,680	33,3600
357,3292	16,683	33,3650
357,4745	16,685	33,3700
357,5953	16,688	33,3750
357,7142	16,690	33,3800
357,8470	16,693	33,3850
357,9894	16,695	33,3900
358,1149	16,698	33,3950
358,2586	16,700	33,4000
358,3847	16,703	33,4050
358,5207	16,705	33,4100
358,6466	16,708	33,4150
358,7755	16,710	33,4200
358,9090	16,713	33,4250
359,0435	16,715	33,4300
359,1682	16,718	33,4350
359,3130	16,720	33,4400
359,4456	16,723	33,4450
359,5802	16,725	33,4500
359,7013	16,728	33,4550
359,8207	16,730	33,4600
359,9464	16,733	33,4650
360,0732	16,735	33,4700
360,1951	16,738	33,4750
360,3356	16,740	33,4800
360,4577	16,743	33,4850
360,5848	16,745	33,4900
360,7145	16,748	33,4950
360,8389	16,750	33,5000
360,9691	16,753	33,5050
361,0987	16,755	33,5100
361,2264	16,758	33,5150
361,3657	16,760	33,5200
361,4890	16,763	33,5250
361,6185	16,765	33,5300
361,7507	16,768	33,5350
361,8696	16,770	33,5400
361,9890	16,773	33,5450
362,1150	16,775	33,5500
362,2481	16,778	33,5550
362,3910	16,780	33,5600
362,5051	16,783	33,5650
362,6361	16,785	33,5700
362,7626	16,788	33,5750
362,8871	16,790	33,5800
363,0218	16,793	33,5850
363,1466	16,795	33,5900
363,2644	16,798	33,5950
363,4066	16,800	33,6000
363,5478	16,803	33,6050
363,6923	16,805	33,6100
363,8293	16,808	33,6150
363,9452	16,810	33,6200
364,0691	16,813	33,6250
364,2020	16,815	33,6300
364,3372	16,818	33,6350
364,4830	16,820	33,6400
364,6075	16,823	33,6450
364,7440	16,825	33,6500
364,8756	16,828	33,6550
365,0035	16,830	33,6600
365,1392	16,833	33,6650
365,2739	16,835	33,6700
365,3987	16,838	33,6750
365,5493	16,840	33,6800
365,6824	16,843	33,6850
365,8198	16,845	33,6900
365,9535	16,848	33,6950
366,0716	16,850	33,7000
366,1931	16,853	33,7050
366,3353	16,855	33,7100
366,4817	16,858	33,7150
366,6279	16,860	33,7200
366,7407	16,863	33,7250
366,8657	16,865	33,7300
366,9975	16,868	33,7350
367,1310	16,870	33,7400
367,2677	16,873	33,7450
367,4012	16,875	33,7500
367,5201	16,878	33,7550
367,6635	16,880	33,7600
367,7971	16,883	33,7650
367,9358	16,885	33,7700
368,0656	16,888	33,7750
368,1886	16,890	33,7800
368,3126	16,893	33,7850
368,4429	16,895	33,7900
368,5797	16,898	33,7950
368,7293	16,900	33,8000
368,8521	16,903	33,8050
368,9883	16,905	33,8100
369,1266	16,908	33,8150
369,2534	16,910	33,8200
369,3907	16,913	33,8250
369,5211	16,915	33,8300
369,6367	16,918	33,8350
369,7780	16,920	33,8400
369,9161	16,923	33,8450
370,0671	16,925	33,8500
370,2035	16,928	33,8550
370,3220	16,930	33,8600
370,4483	16,933	33,8650
370,5852	16,935	33,8700
370,7258	16,938	33,8750
370,8727	16,940	33,8800
371,0039	16,943	33,8850
371,1386	16,945	33,8900
371,2661	16,948	33,8950
371,4075	16,950	33,9000
371,5494	16,953	33,9050
371,6882	16,955	33,9100
371,8252	16,958	33,9150
371,9708	16,960	33,9200
372,1094	16,963	33,9250
372,2553	16,965	33,9300
372,3857	16,968	33,9350
372,5043	16,970	33,9400
372,6388	16,973	33,9450
372,7871	16,975	33,9500
372,9290	16,978	33,9550
373,0719	16,980	33,9600
373,1840	16,983	33,9650
373,3101	16,985	33,9700
373,4462	16,988	33,9750
373,5802	16,990	33,9800
373,7233	16,993	33,9850
373,8580	16,995	33,9900
373,9826	16,998	33,9950
374,1228	17,000	34,0000
374,2598	17,003	34,0050
374,4009	17,005	34,0100
374,5355	17,008	34,0150
374,6541	17,010	34,0200
374,7782	17,013	34,0250
374,9178	17,015	34,0300
375,0545	17,018	34,0350
375,1950	17,020	34,0400
375,3211	17,023	34,0450
375,4520	17,025	34,0500
375,5819	17,028	34,0550
375,7152	17,030	34,0600
375,8514	17,033	34,0650
375,9951	17,035	34,0700
376,1280	17,038	34,0750
376,2739	17,040	34,0800
376,4157	17,043	34,0850
376,5618	17,045	34,0900
376,6969	17,048	34,0950
376,8172	17,050	34,1000
376,9424	17,053	34,1050
377,0797	17,055	34,1100
377,2200	17,058	34,1150
377,3657	17,060	34,1200
377,5000	17,063	34,1250
377,6413	17,065	34,1300
377,7820	17,068	34,1350
377,9108	17,070	34,1400
378,0472	17,073	34,1450
378,1931	17,075	34,1500
378,3244	17,078	34,1550
378,4757	17,080	34,1600
378,6260	17,083	34,1650
378,7790	17,085	34,1700
378,9105	17,088	34,1750
379,0343	17,090	34,1800
379,1576	17,093	34,1850
379,2980	17,095	34,1900
379,4464	17,098	34,1950
379,5991	17,100	34,2000
379,7282	17,103	34,2050
379,8633	17,105	34,2100
379,9929	17,108	34,2150
380,1257	17,110	34,2200
380,2670	17,113	34,2250
380,4091	17,115	34,2300
380,5462	17,118	34,2350
380,6943	17,120	34,2400
380,8456	17,123	34,2450
380,9960	17,125	34,2500
381,1312	17,128	34,2550
381,2550	17,130	34,2600
381,3861	17,133	34,2650
381,5245	17,135	34,2700
381,6676	17,138	34,2750
381,8150	17,140	34,2800
381,9429	17,143	34,2850
382,0826	17,145	34,2900
382,2221	17,148	34,2950
382,3597	17,150	34,3000
382,4966	17,153	34,3050
382,6295	17,155	34,3100
382,7663	17,158	34,3150
382,9172	17,160	34,3200
383,0606	17,163	34,3250
383,2061	17,165	34,3300
383,3360	17,168	34,3350
383,4619	17,170	34,3400
383,6002	17,173	34,3450
383,7431	17,175	34,3500
383,8834	17,178	34,3550
384,0382	17,180	34,3600
384,1706	17,183	34,3650
384,3028	17,185	34,3700
384,4485	17,188	34,3750
384,5867	17,190	34,3800
384,7336	17,193	34,3850
384,8824	17,195	34,3900
385,0261	17,198	34,3950
385,1883	17,200	34,4000
385,3360	17,203	34,4050
385,4856	17,205	34,4100
385,6262	17,208	34,4150
385,7449	17,210	34,4200
385,8689	17,213	34,4250
386,0173	17,215	34,4300
386,1742	17,218	34,4350
386,3280	17,220	34,4400
386,4596	17,223	34,4450
386,5990	17,225	34,4500
386,7423	17,228	34,4550
386,8791	17,230	34,4600
387,0213	17,233	34,4650
387,1731	17,235	34,4700
387,3163	17,238	34,4750
387,4788	17,240	34,4800
387,6296	17,243	34,4850
387,7813	17,245	34,4900
387,9153	17,248	34,4950
388,0417	17,250	34,5000
388,1784	17,253	34,5050
388,3290	17,255	34,5100
388,4755	17,258	34,5150
388,6287	17,260	34,5200
388,7542	17,263	34,5250
388,8866	17,265	34,5300
389,0188	17,268	34,5350
389,1641	17,270	34,5400
389,3136	17,273	34,5450
389,4592	17,275	34,5500
389,5894	17,278	34,5550
389,7420	17,280	34,5600
389,8962	17,283	34,5650
390,0513	17,285	34,5700
390,1845	17,288	34,5750
390,3054	17,290	34,5800
390,4345	17,293	34,5850
390,5624	17,295	34,5900
390,7016	17,298	34,5950
390,8575	17,300	34,6000
390,9988	17,303	34,6050
391,1406	17,305	34,6100
391,2833	17,308	34,6150
391,4245	17,310	34,6200
391,5691	17,313	34,6250
391,7112	17,315	34,6300
391,8572	17,318	34,6350
392,0160	17,320	34,6400
392,1664	17,323	34,6450
392,3227	17,325	34,6500
392,4691	17,328	34,6550
392,6029	17,330	34,6600
392,7449	17,333	34,6650
392,8945	17,335	34,6700
393,0386	17,338	34,6750
393,1898	17,340	34,6800
393,3295	17,343	34,6850
393,4673	17,345	34,6900
393,6084	17,348	34,6950
393,7543	17,350	34,7000
393,9089	17,353	34,7050
394,0577	17,355	34,7100
394,1988	17,358	34,7150
394,3572	17,360	34,7200
394,5118	17,363	34,7250
394,6553	17,365	34,7300
394,7882	17,368	34,7350
394,9150	17,370	34,7400
395,0516	17,373	34,7450
395,1996	17,375	34,7500
395,3500	17,378	34,7550
395,5061	17,380	34,7600
395,6335	17,383	34,7650
395,7726	17,385	34,7700
395,9214	17,388	34,7750
396,0674	17,390	34,7800
396,2147	17,393	34,7850
396,3584	17,395	34,7900
396,4965	17,398	34,7950
396,6546	17,400	34,8000
396,8098	17,403	34,8050
396,9661	17,405	34,8100
397,1098	17,408	34,8150
397,2434	17,410	34,8200
397,3761	17,413	34,8250
397,5223	17,415	34,8300
397,6701	17,418	34,8350
397,8280	17,420	34,8400
397,9604	17,423	34,8450
398,0978	17,425	34,8500
398,2450	17,428	34,8550
398,3919	17,430	34,8600
398,5449	17,433	34,8650
398,6980	17,435	34,8700
398,8471	17,438	34,8750
399,0095	17,440	34,8800
399,1707	17,443	34,8850
399,3240	17,445	34,8900
399,4641	17,448	34,8950
399,6006	17,450	34,9000
399,7356	17,453	34,9050
399,8908	17,455	34,9100
400,0483	17,458	34,9150
400,2021	17,460	34,9200
400,3413	17,463	34,9250
400,4855	17,465	34,9300
400,6320	17,468	34,9350
400,7786	17,470	34,9400
400,9242	17,473	34,9450
401,0816	17,475	34,9500
401,2265	17,478	34,9550
401,3792	17,480	34,9600
401,5301	17,483	34,9650
401,6894	17,485	34,9700
401,8301	17,488	34,9750
401,9657	17,490	34,9800
402,1022	17,493	34,9850
402,2523	17,495	34,9900
402,4086	17,498	34,9950
402,5654	17,500	35,0000
402,7039	17,503	35,0050
402,8528	17,505	35,0100
402,9935	17,508	35,0150
403,1361	17,510	35,0200
403,2872	17,513	35,0250
403,4288	17,515	35,0300
403,5632	17,518	35,0350
403,7271	17,520	35,0400
403,8927	17,523	35,0450
404,0559	17,525	35,0500
404,2037	17,528	35,0550
404,3388	17,530	35,0600
404,4691	17,533	35,0650
404,6100	17,535	35,0700
404,7572	17,538	35,0750
404,9172	17,540	35,0800
405,0548	17,543	35,0850
405,1920	17,545	35,0900
405,3370	17,548	35,0950
405,4911	17,550	35,1000
405,6480	17,553	35,1050
405,8054	17,555	35,1100
405,9564	17,558	35,1150
406,1219	17,560	35,1200
406,2798	17,563	35,1250
406,4492	17,565	35,1300
406,6052	17,568	35,1350
406,7435	17,570	35,1400
406,8834	17,573	35,1450
407,0405	17,575	35,1500
407,2018	17,578	35,1550
407,3662	17,580	35,1600
407,5064	17,583	35,1650
407,6458	17,585	35,1700
407,7982	17,588	35,1750
407,9564	17,590	35,1800
408,1065	17,593	35,1850
408,2504	17,595	35,1900
408,3980	17,598	35,1950
408,5687	17,600	35,2000
408,7226	17,603	35,2050
408,8774	17,605	35,2100
409,0313	17,608	35,2150
409,1688	17,610	35,2200
409,3061	17,613	35,2250
409,4658	17,615	35,2300
409,6261	17,618	35,2350
409,7836	17,620	35,2400
409,9363	17,623	35,2450
410,0862	17,625	35,2500
410,2278	17,628	35,2550
410,3643	17,630	35,2600
410,5176	17,633	35,2650
410,6797	17,635	35,2700
410,8268	17,638	35,2750
410,9917	17,640	35,2800
411,1575	17,643	35,2850
411,3158	17,645	35,2900
411,4635	17,648	35,2950
411,6042	17,650	35,3000
411,7484	17,653	35,3050
411,9151	17,655	35,3100
412,0758	17,658	35,3150
412,2407	17,660	35,3200
412,3940	17,663	35,3250
412,5437	17,665	35,3300
412,6925	17,668	35,3350
412,8408	17,670	35,3400
412,9886	17,673	35,3450
413,1383	17,675	35,3500
413,2926	17,678	35,3550
413,4599	17,680	35,3600
413,6240	17,683	35,3650
413,7831	17,685	35,3700
413,9340	17,688	35,3750
414,0818	17,690	35,3800
414,2276	17,693	35,3850
414,3822	17,695	35,3900
414,5407	17,698	35,3950
414,7117	17,700	35,4000
414,8562	17,703	35,4050
414,9971	17,705	35,4100
415,1529	17,708	35,4150
415,3169	17,710	35,4200
415,4781	17,713	35,4250
415,6312	17,715	35,4300
415,7851	17,718	35,4350
415,9556	17,720	35,4400
416,1256	17,723	35,4450
416,3006	17,725	35,4500
416,4539	17,728	35,4550
416,5869	17,730	35,4600
416,7244	17,733	35,4650
416,8854	17,735	35,4700
417,0465	17,738	35,4750
417,2167	17,740	35,4800
417,3672	17,743	35,4850
417,5109	17,745	35,4900
417,6639	17,748	35,4950
417,8215	17,750	35,5000
417,9820	17,753	35,5050
418,1383	17,755	35,5100
418,2948	17,758	35,5150
418,4612	17,760	35,5200
418,6206	17,763	35,5250
418,7802	17,765	35,5300
418,9327	17,768	35,5350
419,0815	17,770	35,5400
419,2292	17,773	35,5450
419,3970	17,775	35,5500
419,5703	17,778	35,5550
419,7409	17,780	35,5600
419,8926	17,783	35,5650
420,0448	17,785	35,5700
420,2048	17,788	35,5750
420,3619	17,790	35,5800
420,5199	17,793	35,5850
420,6729	17,795	35,5900
420,8312	17,798	35,5950
420,9969	17,800	35,6000
421,1699	17,803	35,6050
421,3470	17,805	35,6100
421,5051	17,808	35,6150
421,6497	17,810	35,6200
421,7914	17,813	35,6250
421,9546	17,815	35,6300
422,1256	17,818	35,6350
422,3025	17,820	35,6400
422,4535	17,823	35,6450
422,6076	17,825	35,6500
422,7739	17,828	35,6550
422,9313	17,830	35,6600
423,0873	17,833	35,6650
423,2437	17,835	35,6700
423,4017	17,838	35,6750
423,5702	17,840	35,6800
423,7356	17,843	35,6850
423,8958	17,845	35,6900
424,0479	17,848	35,6950
424,1890	17,850	35,7000
424,3401	17,853	35,7050
424,5068	17,855	35,7100
424,6775	17,858	35,7150
424,8517	17,860	35,7200
425,0082	17,863	35,7250
425,1598	17,865	35,7300
425,3159	17,868	35,7350
425,4885	17,870	35,7400
425,6540	17,873	35,7450
425,8145	17,875	35,7500
425,9755	17,878	35,7550
426,1517	17,880	35,7600
426,3186	17,883	35,7650
426,4917	17,885	35,7700
426,6495	17,888	35,7750
426,7948	17,890	35,7800
426,9459	17,893	35,7850
427,1092	17,895	35,7900
427,2828	17,898	35,7950
427,4637	17,900	35,8000
427,6182	17,903	35,8050
427,7740	17,905	35,8100
427,9323	17,908	35,8150
428,0861	17,910	35,8200
428,2357	17,913	35,8250
428,3984	17,915	35,8300
428,5541	17,918	35,8350
428,7196	17,920	35,8400
428,8932	17,923	35,8450
429,0645	17,925	35,8500
429,2191	17,928	35,8550
429,3588	17,930	35,8600
429,5075	17,933	35,8650
429,6834	17,935	35,8700
429,8564	17,938	35,8750
430,0306	17,940	35,8800
430,1932	17,943	35,8850
430,3535	17,945	35,8900
430,5118	17,948	35,8950
430,6837	17,950	35,9000
430,8481	17,953	35,9050
431,0188	17,955	35,9100
431,1845	17,958	35,9150
431,3613	17,960	35,9200
431,5325	17,963	35,9250
431,7044	17,965	35,9300
431,8701	17,968	35,9350
432,0221	17,970	35,9400
432,1748	17,973	35,9450
432,3517	17,975	35,9500
432,5240	17,978	35,9550
432,6978	17,980	35,9600
432,8553	17,983	35,9650
433,0112	17,985	35,9700
433,1801	17,988	35,9750
433,3535	17,990	35,9800
433,5139	17,993	35,9850
433,6767	17,995	35,9900
433,8448	17,998	35,9950
434,0197	18,000	36,0000
434,1896	18,003	36,0050
434,3603	18,005	36,0100
434,5235	18,008	36,0150
434,6764	18,010	36,0200
434,8253	18,013	36,0250
434,9971	18,015	36,0300
435,1703	18,018	36,0350
435,3413	18,020	36,0400
435,4922	18,023	36,0450
435,6534	18,025	36,0500
435,8230	18,028	36,0550
435,9926	18,030	36,0600
436,1622	18,033	36,0650
436,3313	18,035	36,0700
436,4971	18,038	36,0750
436,6724	18,040	36,0800
436,8513	18,043	36,0850
437,0225	18,045	36,0900
437,1870	18,048	36,0950
437,3484	18,050	36,1000
437,5066	18,053	36,1050
437,6839	18,055	36,1100
437,8681	18,058	36,1150
438,0540	18,060	36,1200
438,2171	18,063	36,1250
438,3797	18,065	36,1300
438,5503	18,068	36,1350
438,7179	18,070	36,1400
438,8869	18,073	36,1450
439,0604	18,075	36,1500
439,2264	18,078	36,1550
439,4078	18,080	36,1600
439,5873	18,083	36,1650
439,7672	18,085	36,1700
439,9342	18,088	36,1750
440,0906	18,090	36,1800
440,2383	18,093	36,1850
440,4103	18,095	36,1900
440,5849	18,098	36,1950
440,7613	18,100	36,2000
440,9284	18,103	36,2050
441,0903	18,105	36,2100
441,2558	18,108	36,2150
441,4233	18,110	36,2200
441,5867	18,113	36,2250
441,7584	18,115	36,2300
441,9307	18,118	36,2350
442,1105	18,120	36,2400
442,2934	18,123	36,2450
442,4713	18,125	36,2500
442,6341	18,128	36,2550
442,7927	18,130	36,2600
442,9503	18,133	36,2650
443,1195	18,135	36,2700
443,2953	18,138	36,2750
443,4691	18,140	36,2800
443,6298	18,143	36,2850
443,7879	18,145	36,2900
443,9563	18,148	36,2950
444,1253	18,150	36,3000
444,2962	18,153	36,3050
444,4750	18,155	36,3100
444,6483	18,158	36,3150
444,8318	18,160	36,3200
445,0137	18,163	36,3250
445,1920	18,165	36,3300
445,3556	18,168	36,3350
445,5104	18,170	36,3400
445,6674	18,173	36,3450
445,8439	18,175	36,3500
446,0291	18,178	36,3550
446,2135	18,180	36,3600
446,3788	18,183	36,3650
446,5435	18,185	36,3700
446,7182	18,188	36,3750
446,8966	18,190	36,3800
447,0768	18,193	36,3850
447,2597	18,195	36,3900
447,4311	18,198	36,3950
447,6117	18,200	36,4000
447,7955	18,203	36,4050
447,9765	18,205	36,4100
448,1457	18,208	36,4150
448,3006	18,210	36,4200
448,4560	18,213	36,4250
448,6311	18,215	36,4300
448,8091	18,218	36,4350
448,9912	18,220	36,4400
449,1545	18,223	36,4450
449,3164	18,225	36,4500
449,4771	18,228	36,4550
449,6370	18,230	36,4600
449,8061	18,233	36,4650
449,9902	18,235	36,4700
450,1623	18,238	36,4750
450,3432	18,240	36,4800
450,5272	18,243	36,4850
450,7123	18,245	36,4900
450,8834	18,248	36,4950
451,0423	18,250	36,5000
451,1966	18,253	36,5050
451,3808	18,255	36,5100
451,5582	18,258	36,5150
451,7415	18,260	36,5200
451,9187	18,263	36,5250
452,0876	18,265	36,5300
452,2611	18,268	36,5350
452,4390	18,270	36,5400
452,6175	18,273	36,5450
452,8050	18,275	36,5500
452,9838	18,278	36,5550
453,1683	18,280	36,5600
453,3565	18,283	36,5650
453,5450	18,285	36,5700
453,7174	18,288	36,5750
453,8780	18,290	36,5800
454,0443	18,293	36,5850
454,2205	18,295	36,5900
454,3986	18,298	36,5950
454,5887	18,300	36,6000
454,7610	18,303	36,6050
454,9271	18,305	36,6100
455,1064	18,308	36,6150
455,2916	18,310	36,6200
455,4691	18,313	36,6250
455,6504	18,315	36,6300
455,8252	18,318	36,6350
456,0185	18,320	36,6400
456,2195	18,323	36,6450
456,4092	18,325	36,6500
456,5780	18,328	36,6550
456,7296	18,330	36,6600
456,8882	18,333	36,6650
457,0757	18,335	36,6700
457,2675	18,338	36,6750
457,4563	18,340	36,6800
457,6369	18,343	36,6850
457,8070	18,345	36,6900
457,9811	18,348	36,6950
458,1611	18,350	36,7000
458,3360	18,353	36,7050
458,5268	18,355	36,7100
458,7076	18,358	36,7150
458,8871	18,360	36,7200
459,0770	18,363	36,7250
459,2635	18,365	36,7300
459,4379	18,368	36,7350
459,6011	18,370	36,7400
459,7602	18,373	36,7450
459,9429	18,375	36,7500
460,1356	18,378	36,7550
460,3179	18,380	36,7600
460,4834	18,383	36,7650
460,6465	18,385	36,7700
460,8153	18,388	36,7750
460,9912	18,390	36,7800
461,1615	18,393	36,7850
461,3470	18,395	36,7900
461,5357	18,398	36,7950
461,7263	18,400	36,8000
461,9141	18,403	36,8050
462,1038	18,405	36,8100
462,2896	18,408	36,8150
462,4560	18,410	36,8200
462,6125	18,413	36,8250
462,7985	18,415	36,8300
462,9986	18,418	36,8350
463,1937	18,420	36,8400
463,3790	18,423	36,8450
463,5545	18,425	36,8500
463,7352	18,428	36,8550
463,9164	18,430	36,8600
464,0949	18,433	36,8650
464,2929	18,435	36,8700
464,4806	18,438	36,8750
464,6719	18,440	36,8800
464,8680	18,443	36,8850
465,0545	18,445	36,8900
465,2345	18,448	36,8950
465,4020	18,450	36,9000
465,5683	18,453	36,9050
465,7661	18,455	36,9100
465,9602	18,458	36,9150
466,1543	18,460	36,9200
466,3332	18,463	36,9250
466,5093	18,465	36,9300
466,6826	18,468	36,9350
466,8684	18,470	36,9400
467,0572	18,473	36,9450
467,2497	18,475	36,9500
467,4289	18,478	36,9550
467,6210	18,480	36,9600
467,8202	18,483	36,9650
468,0126	18,485	36,9700
468,1874	18,488	36,9750
468,3578	18,490	36,9800
468,5186	18,493	36,9850
468,7041	18,495	36,9900
468,8892	18,498	36,9950
469,0814	18,500	37,0000
469,2581	18,503	37,0050
469,4366	18,505	37,0100
469,6188	18,508	37,0150
469,8061	18,510	37,0200
469,9867	18,513	37,0250
470,1690	18,515	37,0300
470,3512	18,518	37,0350
470,5463	18,520	37,0400
470,7480	18,523	37,0450
470,9450	18,525	37,0500
471,1285	18,528	37,0550
471,3013	18,530	37,0600
471,4648	18,533	37,0650
471,6476	18,535	37,0700
471,8379	18,538	37,0750
472,0368	18,540	37,0800
472,2131	18,543	37,0850
472,3878	18,545	37,0900
472,5705	18,548	37,0950
472,7600	18,550	37,1000
472,9481	18,553	37,1050
473,1342	18,555	37,1100
473,3198	18,558	37,1150
473,5161	18,560	37,1200
473,7186	18,563	37,1250
473,9087	18,565	37,1300
474,0969	18,568	37,1350
474,2783	18,570	37,1400
474,4506	18,573	37,1450
474,6455	18,575	37,1500
474,8484	18,578	37,1550
475,0546	18,580	37,1600
475,2408	18,583	37,1650
475,4148	18,585	37,1700
475,6050	18,588	37,1750
475,8000	18,590	37,1800
475,9864	18,593	37,1850
476,1798	18,595	37,1900
476,3622	18,598	37,1950
476,5636	18,600	37,2000
476,7627	18,603	37,2050
476,9518	18,605	37,2100
477,1429	18,608	37,2150
477,3220	18,610	37,2200
477,4881	18,613	37,2250
477,6772	18,615	37,2300
477,8794	18,618	37,2350
478,0732	18,620	37,2400
478,2503	18,623	37,2450
478,4251	18,625	37,2500
478,6096	18,628	37,2550
478,7948	18,630	37,2600
478,9767	18,633	37,2650
479,1660	18,635	37,2700
479,3519	18,638	37,2750
479,5551	18,640	37,2800
479,7660	18,643	37,2850
479,9608	18,645	37,2900
480,1560	18,648	37,2950
480,3348	18,650	37,3000
480,5052	18,653	37,3050
480,7109	18,655	37,3100
480,9227	18,658	37,3150
481,1283	18,660	37,3200
481,3195	18,663	37,3250
481,4971	18,665	37,3300
481,6838	18,668	37,3350
481,8781	18,670	37,3400
482,0668	18,673	37,3450
482,2736	18,675	37,3500
482,4706	18,678	37,3550
482,6682	18,680	37,3600
482,8718	18,683	37,3650
483,0750	18,685	37,3700
483,2718	18,688	37,3750
483,4476	18,690	37,3800
483,6177	18,693	37,3850
483,8203	18,695	37,3900
484,0293	18,698	37,3950
484,2317	18,700	37,4000
484,4234	18,703	37,4050
484,6061	18,705	37,4100
484,7925	18,708	37,4150
484,9870	18,710	37,4200
485,1852	18,713	37,4250
485,3842	18,715	37,4300
485,5732	18,718	37,4350
485,7802	18,720	37,4400
486,0044	18,723	37,4450
486,2145	18,725	37,4500
486,4097	18,728	37,4550
486,5907	18,730	37,4600
486,7556	18,733	37,4650
486,9506	18,735	37,4700
487,1598	18,738	37,4750
487,3690	18,740	37,4800
487,5646	18,743	37,4850
487,7451	18,745	37,4900
487,9290	18,748	37,4950
488,1244	18,750	37,5000
488,3194	18,753	37,5050
488,5198	18,755	37,5100
488,7235	18,758	37,5150
488,9326	18,760	37,5200
489,1431	18,763	37,5250
489,3426	18,765	37,5300
489,5316	18,768	37,5350
489,7143	18,770	37,5400
489,8897	18,773	37,5450
490,0942	18,775	37,5500
490,2973	18,778	37,5550
490,5027	18,780	37,5600
490,6994	18,783	37,5650
490,8883	18,785	37,5700
491,0828	18,788	37,5750
491,2908	18,790	37,5800
491,4896	18,793	37,5850
491,6892	18,795	37,5900
491,8862	18,798	37,5950
492,0963	18,800	37,6000
492,3140	18,803	37,6050
492,5217	18,805	37,6100
492,7233	18,808	37,6150
492,9131	18,810	37,6200
493,0871	18,813	37,6250
493,2918	18,815	37,6300
493,5084	18,818	37,6350
493,7257	18,820	37,6400
493,9254	18,823	37,6450
494,1183	18,825	37,6500
494,3199	18,828	37,6550
494,5234	18,830	37,6600
494,7212	18,833	37,6650
494,9241	18,835	37,6700
495,1229	18,838	37,6750
495,3324	18,840	37,6800
495,5422	18,843	37,6850
495,7489	18,845	37,6900
495,9483	18,848	37,6950
496,1315	18,850	37,7000
496,3109	18,853	37,7050
496,5228	18,855	37,7100
496,7336	18,858	37,7150
496,9470	18,860	37,7200
497,1424	18,863	37,7250
497,3273	18,865	37,7300
497,5238	18,868	37,7350
497,7282	18,870	37,7400
497,9186	18,873	37,7450
498,1224	18,875	37,7500
498,3220	18,878	37,7550
498,5315	18,880	37,7600
498,7476	18,883	37,7650
498,9525	18,885	37,7700
499,1507	18,888	37,7750
499,3361	18,890	37,7800
499,5189	18,893	37,7850
499,7344	18,895	37,7900
499,9421	18,898	37,7950
500,1585	18,900	37,8000
500,3702	18,903	37,8050
500,5609	18,905	37,8100
500,7587	18,908	37,8150
500,9747	18,910	37,8200
501,1841	18,913	37,8250
501,3909	18,915	37,8300
501,5926	18,918	37,8350
501,8079	18,920	37,8400
502,0369	18,923	37,8450
502,2475	18,925	37,8500
502,4462	18,928	37,8550
502,6350	18,930	37,8600
502,8263	18,933	37,8650
503,0467	18,935	37,8700
503,2724	18,938	37,8750
503,4861	18,940	37,8800
503,6892	18,943	37,8850
503,8804	18,945	37,8900
504,0888	18,948	37,8950
504,3022	18,950	37,9000
504,5046	18,953	37,9050
504,7209	18,955	37,9100
504,9340	18,958	37,9150
505,1491	18,960	37,9200
505,3738	18,963	37,9250
505,5868	18,965	37,9300
505,7865	18,968	37,9350
505,9740	18,970	37,9400
506,1570	18,973	37,9450
506,3656	18,975	37,9500
506,5825	18,978	37,9550
506,7945	18,980	37,9600
506,9975	18,983	37,9650
507,1906	18,985	37,9700
507,3903	18,988	37,9750
507,6038	18,990	37,9800
507,8059	18,993	37,9850
508,0101	18,995	37,9900
508,2125	18,998	37,9950
508,4224	19,000	38,0000
508,6345	19,003	38,0050
508,8450	19,005	38,0100
509,0469	19,008	38,0150
509,2379	19,010	38,0200
509,4174	19,013	38,0250
509,6350	19,015	38,0300
509,8459	19,018	38,0350
510,0498	19,020	38,0400
510,2517	19,023	38,0450
510,4482	19,025	38,0500
510,6569	19,028	38,0550
510,8718	19,030	38,0600
511,0816	19,033	38,0650
511,2962	19,035	38,0700
511,5077	19,038	38,0750
511,7366	19,040	38,0800
511,9714	19,043	38,0850
512,1831	19,045	38,0900
512,3992	19,048	38,0950
512,6112	19,050	38,1000
512,8153	19,053	38,1050
513,0388	19,055	38,1100
513,2694	19,058	38,1150
513,4977	19,060	38,1200
513,7031	19,063	38,1250
513,9006	19,065	38,1300
514,1125	19,068	38,1350
514,3312	19,070	38,1400
514,5414	19,073	38,1450
514,7605	19,075	38,1500
514,9747	19,078	38,1550
515,1989	19,080	38,1600
515,4345	19,083	38,1650
515,6616	19,085	38,1700
515,8710	19,088	38,1750
516,0785	19,090	38,1800
516,2623	19,093	38,1850
516,4787	19,095	38,1900
516,7050	19,098	38,1950
516,9294	19,100	38,2000
517,1394	19,103	38,2050
517,3351	19,105	38,2100
517,5449	19,108	38,2150
517,7640	19,110	38,2200
517,9663	19,113	38,2250
518,1845	19,115	38,2300
518,3976	19,118	38,2350
518,6243	19,120	38,2400
518,8652	19,123	38,2450
519,0852	19,125	38,2500
519,2981	19,128	38,2550
519,4933	19,130	38,2600
519,6805	19,133	38,2650
519,8960	19,135	38,2700
520,1191	19,138	38,2750
520,3343	19,140	38,2800
520,5406	19,143	38,2850
520,7368	19,145	38,2900
520,9451	19,148	38,2950
521,1688	19,150	38,3000
521,3815	19,153	38,3050
521,5980	19,155	38,3100
521,8157	19,158	38,3150
522,0433	19,160	38,3200
522,2774	19,163	38,3250
522,4931	19,165	38,3300
522,7085	19,168	38,3350
522,9163	19,170	38,3400
523,1123	19,173	38,3450
523,3402	19,175	38,3500
523,5624	19,178	38,3550
523,7867	19,180	38,3600
524,0008	19,183	38,3650
524,2059	19,185	38,3700
524,4311	19,188	38,3750
524,6663	19,190	38,3800
524,8820	19,193	38,3850
525,1057	19,195	38,3900
525,3246	19,198	38,3950
525,5543	19,200	38,4000
525,7965	19,203	38,4050
526,0231	19,205	38,4100
526,2396	19,208	38,4150
526,4494	19,210	38,4200
526,6393	19,213	38,4250
526,8612	19,215	38,4300
527,0971	19,218	38,4350
527,3431	19,220	38,4400
527,5664	19,223	38,4450
527,7641	19,225	38,4500
527,9758	19,228	38,4550
528,2036	19,230	38,4600
528,4217	19,233	38,4650
528,6539	19,235	38,4700
528,8742	19,238	38,4750
529,1031	19,240	38,4800
529,3473	19,243	38,4850
529,5764	19,245	38,4900
529,7852	19,248	38,4950
529,9813	19,250	38,5000
530,1753	19,253	38,5050
530,4107	19,255	38,5100
530,6445	19,258	38,5150
530,8759	19,260	38,5200
531,0922	19,263	38,5250
531,2877	19,265	38,5300
531,5036	19,268	38,5350
531,7356	19,270	38,5400
531,9582	19,273	38,5450
532,1855	19,275	38,5500
532,4092	19,278	38,5550
532,6542	19,280	38,5600
532,8980	19,283	38,5650
533,1233	19,285	38,5700
533,3375	19,288	38,5750
533,5438	19,290	38,5800
533,7410	19,293	38,5850
533,9670	19,295	38,5900
534,1979	19,298	38,5950
534,4305	19,300	38,6000
534,6683	19,303	38,6050
534,8860	19,305	38,6100
535,1059	19,308	38,6150
535,3380	19,310	38,6200
535,5638	19,313	38,6250
535,7975	19,315	38,6300
536,0265	19,318	38,6350
536,2693	19,320	38,6400
536,5250	19,323	38,6450
536,7650	19,325	38,6500
536,9874	19,328	38,6550
537,1967	19,330	38,6600
537,3963	19,333	38,6650
537,6282	19,335	38,6700
537,8719	19,338	38,6750
538,1193	19,340	38,6800
538,3484	19,343	38,6850
538,5510	19,345	38,6900
538,7692	19,348	38,6950
539,0070	19,350	38,7000
539,2318	19,353	38,7050
539,4640	19,355	38,7100
539,6929	19,358	38,7150
539,9325	19,360	38,7200
540,1883	19,363	38,7250
540,4206	19,365	38,7300
540,6469	19,368	38,7350
540,8590	19,370	38,7400
541,0588	19,373	38,7450
541,2988	19,375	38,7500
541,5433	19,378	38,7550
541,7804	19,380	38,7600
542,0029	19,383	38,7650
542,2087	19,385	38,7700
542,4403	19,388	38,7750
542,6810	19,390	38,7800
542,9025	19,393	38,7850
543,1287	19,395	38,7900
543,3584	19,398	38,7950
543,6069	19,400	38,8000
543,8664	19,403	38,8050
544,1016	19,405	38,8100
544,3324	19,408	38,8150
544,5551	19,410	38,8200
544,7601	19,413	38,8250
544,9948	19,415	38,8300
545,2407	19,418	38,8350
545,4839	19,420	38,8400
545,7148	19,423	38,8450
545,9277	19,425	38,8500
546,1609	19,428	38,8550
546,4054	19,430	38,8600
546,6367	19,433	38,8650
546,8854	19,435	38,8700
547,1135	19,438	38,8750
547,3563	19,440	38,8800
547,6156	19,443	38,8850
547,8502	19,445	38,8900
548,0727	19,448	38,8950
548,2900	19,450	38,9000
548,5045	19,453	38,9050
548,7630	19,455	38,9100
549,0186	19,458	38,9150
549,2641	19,460	38,9200
549,4930	19,463	38,9250
549,7117	19,465	38,9300
549,9423	19,468	38,9350
550,1830	19,470	38,9400
550,4067	19,473	38,9450
550,6474	19,475	38,9500
550,8871	19,478	38,9550
551,1332	19,480	38,9600
551,3904	19,483	38,9650
551,6302	19,485	38,9700
551,8580	19,488	38,9750
552,0792	19,490	38,9800
552,2901	19,493	38,9850
552,5439	19,495	38,9900
552,7983	19,498	38,9950
553,0411	19,500	39,0000
553,2765	19,503	39,0050
553,4936	19,505	39,0100
553,7332	19,508	39,0150
553,9852	19,510	39,0200
554,2140	19,513	39,0250
554,4462	19,515	39,0300
554,6793	19,518	39,0350
554,9274	19,520	39,0400
555,1980	19,523	39,0450
555,4472	19,525	39,0500
555,6831	19,528	39,0550
555,9091	19,530	39,0600
556,1183	19,533	39,0650
556,3602	19,535	39,0700
556,6065	19,538	39,0750
556,8511	19,540	39,0800
557,0909	19,543	39,0850
557,3133	19,545	39,0900
557,5546	19,548	39,0950
557,8146	19,550	39,1000
558,0617	19,553	39,1050
558,3151	19,555	39,1100
558,5620	19,558	39,1150
558,8160	19,560	39,1200
559,0833	19,563	39,1250
559,3261	19,565	39,1300
559,5636	19,568	39,1350
559,7908	19,570	39,1400
560,0112	19,573	39,1450
560,2737	19,575	39,1500
560,5325	19,578	39,1550
560,7872	19,580	39,1600
561,0301	19,583	39,1650
561,2511	19,585	39,1700
561,4957	19,588	39,1750
561,7520	19,590	39,1800
561,9908	19,593	39,1850
562,2370	19,595	39,1900
562,4750	19,598	39,1950
562,7253	19,600	39,2000
562,9972	19,603	39,2050
563,2488	19,605	39,2100
563,4887	19,608	39,2150
563,7066	19,610	39,2200
563,9164	19,613	39,2250
564,1708	19,615	39,2300
564,4304	19,618	39,2350
564,6890	19,620	39,2400
564,9338	19,623	39,2450
565,1616	19,625	39,2500
565,3950	19,628	39,2550
565,6395	19,630	39,2600
565,8682	19,633	39,2650
566,1184	19,635	39,2700
566,3598	19,638	39,2750
566,6145	19,640	39,2800
566,8850	19,643	39,2850
567,1306	19,645	39,2900
567,3709	19,648	39,2950
567,5980	19,650	39,3000
567,8077	19,653	39,3050
568,0631	19,655	39,3100
568,3337	19,658	39,3150
568,5972	19,660	39,3200
568,8406	19,663	39,3250
569,0598	19,665	39,3300
569,2968	19,668	39,3350
569,5473	19,670	39,3400
569,7830	19,673	39,3450
570,0394	19,675	39,3500
570,2879	19,678	39,3550
570,5491	19,680	39,3600
570,8332	19,683	39,3650
571,0893	19,685	39,3700
571,3383	19,688	39,3750
571,5777	19,690	39,3800
571,7976	19,693	39,3850
572,0616	19,695	39,3900
572,3296	19,698	39,3950
572,5948	19,700	39,4000
572,8447	19,703	39,4050
573,0714	19,705	39,4100
573,3098	19,708	39,4150
573,5715	19,710	39,4200
573,8181	19,713	39,4250
574,0842	19,715	39,4300
574,3418	19,718	39,4350
574,6104	19,720	39,4400
574,8953	19,723	39,4450
575,1637	19,725	39,4500
575,4206	19,728	39,4550
575,6509	19,730	39,4600
575,8657	19,733	39,4650
576,1334	19,735	39,4700
576,4039	19,738	39,4750
576,6617	19,740	39,4800
576,9147	19,743	39,4850
577,1432	19,745	39,4900
577,3917	19,748	39,4950
577,6557	19,750	39,5000
577,8926	19,753	39,5050
578,1508	19,755	39,5100
578,4084	19,758	39,5150
578,6618	19,760	39,5200
578,9361	19,763	39,5250
579,1901	19,765	39,5300
579,4346	19,768	39,5350
579,6631	19,770	39,5400
579,8755	19,773	39,5450
580,1430	19,775	39,5500
580,4106	19,778	39,5550
580,6679	19,780	39,5600
580,9173	19,783	39,5650
581,1406	19,785	39,5700
581,3992	19,788	39,5750
581,6807	19,790	39,5800
581,9360	19,793	39,5850
582,1997	19,795	39,5900
582,4569	19,798	39,5950
582,7278	19,800	39,6000
583,0167	19,803	39,6050
583,2750	19,805	39,6100
583,5271	19,808	39,6150
583,7696	19,810	39,6200
583,9935	19,813	39,6250
584,2658	19,815	39,6300
584,5444	19,818	39,6350
584,8159	19,820	39,6400
585,0837	19,823	39,6450
585,3239	19,825	39,6500
585,5773	19,828	39,6550
585,8517	19,830	39,6600
586,1019	19,833	39,6650
586,3662	19,835	39,6700
586,6255	19,838	39,6750
586,9004	19,840	39,6800
587,1952	19,843	39,6850
587,4626	19,845	39,6900
587,7113	19,848	39,6950
587,9507	19,850	39,7000
588,1688	19,853	39,7050
588,4399	19,855	39,7100
588,7172	19,858	39,7150
588,9806	19,860	39,7200
589,2393	19,863	39,7250
589,4625	19,865	39,7300
589,7095	19,868	39,7350
589,9779	19,870	39,7400
590,2317	19,873	39,7450
590,5007	19,875	39,7500
590,7524	19,878	39,7550
591,0150	19,880	39,7600
591,3092	19,883	39,7650
591,5776	19,885	39,7700
591,8293	19,888	39,7750
592,0769	19,890	39,7800
592,3005	19,893	39,7850
592,5644	19,895	39,7900
592,8406	19,898	39,7950
593,1148	19,900	39,8000
593,3817	19,903	39,8050
593,6245	19,905	39,8100
593,8780	19,908	39,8150
594,1479	19,910	39,8200
594,4050	19,913	39,8250
594,6684	19,915	39,8300
594,9241	19,918	39,8350
595,2013	19,920	39,8400
595,5000	19,923	39,8450
595,7724	19,925	39,8500
596,0382	19,928	39,8550
596,2909	19,930	39,8600
596,5267	19,933	39,8650
596,8040	19,935	39,8700
597,0885	19,938	39,8750
597,3733	19,940	39,8800
597,6516	19,943	39,8850
597,8946	19,945	39,8900
598,1529	19,948	39,8950
598,4353	19,950	39,9000
598,7054	19,953	39,9050
598,9941	19,955	39,9100
599,2688	19,958	39,9150
599,5447	19,960	39,9200
599,8399	19,963	39,9250
600,1071	19,965	39,9300
600,3768	19,968	39,9350
600,6390	19,970	39,9400
600,8757	19,973	39,9450
601,1563	19,975	39,9500
601,4427	19,978	39,9550
601,7170	19,980	39,9600
601,9834	19,983	39,9650
602,2214	19,985	39,9700
602,4859	19,988	39,9750
602,7749	19,990	39,9800
603,0348	19,993	39,9850
603,3102	19,995	39,9900
603,5716	19,998	39,9950
603,8449	20,000	40,0000
604,1423	20,000	40,0050
604,3176	20,000	40,0100
604,2007	20,000	40,0150
603,8637	20,000	40,0200
603,5004	19,999	40,0250
603,1665	19,988	40,0300
602,5687	19,976	40,0350
600,7471	19,960	40,0400
597,4184	19,941	40,0450
593,1167	19,918	40,0500
588,2314	19,889	40,0550
582,7185	19,854	40,0600
576,1603	19,811	40,0650
568,4692	19,761	40,0700
559,5924	19,711	40,0750
549,6577	19,661	40,0800
539,4494	19,611	40,0850
529,7729	19,561	40,0900
520,7470	19,511	40,0950
512,1194	19,461	40,1000
503,7823	19,411	40,1050
495,7852	19,361	40,1100
488,1846	19,311	40,1150
480,8783	19,261	40,1200
473,8089	19,211	40,1250
467,0053	19,161	40,1300
460,4909	19,111	40,1350
454,1857	19,061	40,1400
448,0727	19,011	40,1450
442,1592	18,961	40,1500
436,4462	18,911	40,1550
430,9221	18,861	40,1600
425,5427	18,811	40,1650
420,3160	18,761	40,1700
415,2201	18,711	40,1750
410,2880	18,661	40,1800
405,4543	18,611	40,1850
400,7513	18,561	40,1900
396,2196	18,511	40,1950
391,8389	18,461	40,2000
387,5324	18,411	40,2050
383,3017	18,361	40,2100
379,1826	18,311	40,2150
375,1721	18,261	40,2200
371,2169	18,211	40,2250
367,3648	18,161	40,2300
363,6164	18,111	40,2350
359,9337	18,061	40,2400
356,3439	18,011	40,2450
352,8364	17,961	40,2500
349,4040	17,911	40,2550
346,0166	17,861	40,2600
342,6921	17,811	40,2650
339,4550	17,761	40,2700
336,2567	17,711	40,2750
333,1340	17,661	40,2800
330,0828	17,611	40,2850
327,0703	17,561	40,2900
324,1127	17,511	40,2950
321,1958	17,461	40,3000
318,3329	17,411	40,3050
315,5222	17,361	40,3100
312,7405	17,311	40,3150
310,0130	17,261	40,3200
307,3413	17,211	40,3250
304,7151	17,161	40,3300
302,1128	17,111	40,3350
299,5507	17,061	40,3400
297,0118	17,011	40,3450
294,5085	16,961	40,3500
292,0305	16,911	40,3550
289,5677	16,861	40,3600
287,1597	16,811	40,3650
284,8083	16,761	40,3700
282,4708	16,711	40,3750
280,1598	16,661	40,3800
277,8824	16,611	40,3850
275,6379	16,561	40,3900
273,4059	16,511	40,3950
271,2083	16,461	40,4000
269,0217	16,411	40,4050
266,8440	16,361	40,4100
264,7115	16,311	40,4150
262,5908	16,261	40,4200
260,5106	16,211	40,4250
258,4393	16,161	40,4300
256,3933	16,111	40,4350
254,3785	16,061	40,4400
252,3814	16,011	40,4450
250,4066	15,961	40,4500
248,4608	15,911	40,4550
246,5248	15,861	40,4600
244,6264	15,811	40,4650
242,7082	15,761	40,4700
240,8306	15,711	40,4750
238,9692	15,661	40,4800
237,0964	15,611	40,4850
235,2176	15,561	40,4900
233,3676	15,511	40,4950
231,5503	15,461	40,5000
229,7381	15,411	40,5050
227,9339	15,361	40,5100
226,1474	15,311	40,5150
224,3783	15,261	40,5200
222,6219	15,211	40,5250
220,8723	15,161	40,5300
219,1505	15,111	40,5350
217,4470	15,061	40,5400
215,7477	15,011	40,5450
214,0528	14,961	40,5500
212,4005	14,911	40,5550
210,7334	14,861	40,5600
209,0803	14,811	40,5650
207,4335	14,761	40,5700
205,8086	14,711	40,5750
204,1788	14,661	40,5800
202,5561	14,611	40,5850
200,9566	14,561	40,5900
199,3517	14,511	40,5950
197,7735	14,461	40,6000
196,1738	14,411	40,6050
194,6050	14,361	40,6100
193,0544	14,311	40,6150
191,5187	14,261	40,6200
189,9756	14,211	40,6250
188,4522	14,161	40,6300
186,9352	14,111	40,6350
185,4207	14,061	40,6400
183,9084	14,011	40,6450
182,3863	13,961	40,6500
180,8982	13,911	40,6550
179,4123	13,861	40,6600
177,9253	13,811	40,6650
176,4481	13,761	40,6700
174,9984	13,711	40,6750
173,5597	13,661	40,6800
172,0983	13,611	40,6850
170,6468	13,561	40,6900
169,2097	13,511	40,6950
167,7704	13,461	40,7000
166,3358	13,411	40,7050
164,9290	13,361	40,7100
163,5236	13,311	40,7150
162,1188	13,261	40,7200
160,6844	13,211	40,7250
159,2801	13,161	40,7300
157,8974	13,111	40,7350
156,4916	13,061	40,7400
155,1221	13,011	40,7450
153,7593	12,961	40,7500
152,3972	12,911	40,7550
151,0319	12,861	40,7600
149,6493	12,811	40,7650
148,2880	12,761	40,7700
146,9206	12,711	40,7750
145,5753	12,661	40,7800
144,2301	12,611	40,7850
142,8957	12,561	40,7900
141,5649	12,511	40,7950
140,2286	12,461	40,8000
138,9050	12,411	40,8050
137,5865	12,361	40,8100
136,2680	12,311	40,8150
134,9544	12,261	40,8200
133,6466	12,211	40,8250
132,3468	12,161	40,8300
131,0631	12,111	40,8350
129,7680	12,061	40,8400
128,4839	12,011	40,8450
127,1838	11,961	40,8500
125,9075	11,911	40,8550
124,6214	11,861	40,8600
123,3346	11,811	40,8650
122,0626	11,761	40,8700
120,8211	11,711	40,8750
119,5799	11,661	40,8800
118,3020	11,611	40,8850
117,0309	11,561	40,8900
115,7912	11,511	40,8950
114,5313	11,461	40,9000
113,2782	11,411	40,9050
112,0600	11,361	40,9100
110,8401	11,311	40,9150
109,6179	11,261	40,9200
108,3963	11,211	40,9250
107,1791	11,161	40,9300
105,9712	11,111	40,9350
104,7267	11,061	40,9400
103,4938	11,011	40,9450
102,2727	10,961	40,9500
101,0559	10,911	40,9550
99,8366	10,861	40,9600
98,6394	10,811	40,9650
97,4398	10,761	40,9700
96,2463	10,711	40,9750
95,0380	10,661	40,9800
93,8491	10,611	40,9850
92,6652	10,561	40,9900
91,4238	10,511	40,9950
90,2255	10,461	41,0000
89,0470	10,411	41,0050
87,8626	10,361	41,0100
86,6783	10,311	41,0150
85,4916	10,261	41,0200
84,3441	10,211	41,0250
83,1605	10,161	41,0300
81,9654	10,111	41,0350
80,8114	10,061	41,0400
79,6374	10,011	41,0450
78,4762	9,961	41,0500
77,3143	9,911	41,0550
76,1551	9,861	41,0600
75,0223	9,811	41,0650
73,8212	9,761	41,0700
72,6687	9,711	41,0750
71,5081	9,661	41,0800
70,3272	9,611	41,0850
69,1661	9,561	41,0900
68,0033	9,511	41,0950
66,9006	9,461	41,1000
65,7585	9,411	41,1050
64,5962	9,361	41,1100
63,4760	9,311	41,1150
62,3470	9,261	41,1200
61,2032	9,211	41,1250
60,0558	9,161	41,1300
58,9262	9,111	41,1350
57,8185	9,061	41,1400
56,6667	9,011	41,1450
55,5524	8,961	41,1500
54,4404	8,911	41,1550
53,3194	8,861	41,1600
52,1839	8,811	41,1650
51,0652	8,761	41,1700
49,9785	8,711	41,1750
48,8388	8,661	41,1800
47,7207	8,611	41,1850
46,6215	8,561	41,1900
45,5087	8,511	41,1950
44,4084	8,461	41,2000
43,2771	8,411	41,2050
42,2048	8,361	41,2100
41,1168	8,311	41,2150
39,9987	8,261	41,2200
38,9153	8,211	41,2250
37,8324	8,161	41,2300
36,7451	8,111	41,2350
35,6461	8,061	41,2400
34,5560	8,011	41,2450
33,4940	7,961	41,2500
32,4211	7,911	41,2550
31,3394	7,861	41,2600
30,2783	7,811	41,2650
29,1901	7,761	41,2700
28,1184	7,711	41,2750
27,0527	7,661	41,2800
26,0079	7,611	41,2850
24,9613	7,561	41,2900
23,8964	7,511	41,2950
22,8504	7,461	41,3000
21,7969	7,411	41,3050
20,7434	7,361	41,3100
19,6804	7,311	41,3150
18,6578	7,261	41,3200
17,6195	7,211	41,3250
16,5727	7,161	41,3300
15,5487	7,111	41,3350
14,5167	7,061	41,3400
13,4967	7,011	41,3450
12,4550	6,961	41,3500
11,4343	6,911	41,3550
10,4101	6,861	41,3600
9,3901	6,811	41,3650
8,3737	6,761	41,3700
7,3889	6,711	41,3750
6,3950	6,661	41,3800
5,3835	6,611	41,3850
4,3883	6,561	41,3900
3,3812	6,511	41,3950
2,3864	6,461	41,4000
1,3794	6,411	41,4050
0,4084	6,361	41,4100
-0,5350	6,311	41,4150
-1,5142	6,261	41,4200
-2,4607	6,211	41,4250
-3,4234	6,161	41,4300
-4,3649	6,111	41,4350
-5,3152	6,061	41,4400
-6,2717	6,011	41,4450
-7,1748	5,961	41,4500
-8,0758	5,911	41,4550
-8,9596	5,861	41,4600
-9,8016	5,811	41,4650
-10,6168	5,761	41,4700
-11,3777	5,711	41,4750
-12,1151	5,661	41,4800
-12,7625	5,611	41,4850
-13,3322	5,561	41,4900
-13,8308	5,511	41,4950
-14,1237	5,461	41,5000
-14,2018	5,411	41,5050
-14,0962	5,361	41,5100
-13,7783	5,311	41,5150
-13,1317	5,261	41,5200
-11,6305	5,211	41,5250
-7,3150	5,161	41,5300
-2,2580	5,111	41,5350
-0,4176	5,061	41,5400
-0,2313	5,011	41,5450
-0,2646	4,961	41,5500
-0,2453	4,911	41,5550
-0,2238	4,861	41,5600
-0,2067	4,811	41,5650
-0,2323	4,761	41,5700
-0,2221	4,711	41,5750
-0,2171	4,661	41,5800
-0,2254	4,611	41,5850
-0,2165	4,561	41,5900
-0,2454	4,511	41,5950
-0,2067	4,461	41,6000
-0,2035	4,411	41,6050
-0,2046	4,361	41,6100
-0,2081	4,311	41,6150
-0,2310	4,261	41,6200
-0,1878	4,211	41,6250
-0,2273	4,161	41,6300
-0,2335	4,111	41,6350
-0,2266	4,061	41,6400
-0,2309	4,011	41,6450
-0,2202	3,961	41,6500
-0,2261	3,911	41,6550
-0,2054	3,861	41,6600
-0,1617	3,811	41,6650
-0,1948	3,761	41,6700
-0,2128	3,711	41,6750
-0,2140	3,661	41,6800
-0,1937	3,611	41,6850
-0,1885	3,561	41,6900
-0,2349	3,511	41,6950
-0,2152	3,461	41,7000
-0,1868	3,411	41,7050
-0,1836	3,361	41,7100
-0,2223	3,311	41,7150
-0,2289	3,261	41,7200
-0,1988	3,211	41,7250
-0,1803	3,161	41,7300
-0,2077	3,111	41,7350
-0,2092	3,061	41,7400
-0,2169	3,011	41,7450
-0,2159	2,961	41,7500
-0,2509	2,911	41,7550
-0,2356	2,861	41,7600
-0,1981	2,811	41,7650
-0,1975	2,761	41,7700
-0,1976	2,711	41,7750
-0,2037	2,661	41,7800
-0,1833	2,611	41,7850
-0,1717	2,561	41,7900
-0,2087	2,511	41,7950
-0,2231	2,461	41,8000
-0,2171	2,411	41,8050
-0,1900	2,361	41,8100
-0,2044	2,311	41,8150
-0,2175	2,261	41,8200
-0,1925	2,211	41,8250
-0,1843	2,161	41,8300
-0,1960	2,111	41,8350
-0,2048	2,061	41,8400
-0,2040	2,011	41,8450
-0,1811	1,961	41,8500
-0,2026	1,911	41,8550
-0,2352	1,861	41,8600
-0,2095	1,811	41,8650
-0,1898	1,761	41,8700
-0,1947	1,711	41,8750
-0,1949	1,661	41,8800
-0,1893	1,611	41,8850
-0,1850	1,561	41,8900
-0,2039	1,511	41,8950
-0,2445	1,461	41,9000
-0,2261	1,411	41,9050
-0,1850	1,361	41,9100
-0,1989	1,311	41,9150
-0,2135	1,261	41,9200
-0,1944	1,211	41,9250
-0,1652	1,161	41,9300
-0,1889	1,111	41,9350
-0,2385	1,061	41,9400
-0,2178	1,011	41,9450
-0,1900	0,961	41,9500
-0,2077	0,911	41,9550
-0,2227	0,861	41,9600
-0,1994	0,811	41,9650
-0,1718	0,761	41,9700
-0,1864	0,711	41,9750
-0,2207	0,661	41,9800
-0,2092	0,611	41,9850
-0,1858	0,561	41,9900
-0,1979	0,511	41,9950
-0,2159	0,461	42,0000
-0,2150	0,411	42,0050
-0,1891	0,361	42,0100
-0,1913	0,311	42,0150
-0,2125	0,261	42,0200
-0,2091	0,211	42,0250
-0,1831	0,164	42,0300
-0,1815	0,126	42,0350
0,0182	0,095	42,0400
0,1741	0,069	42,0450
0,1726	0,048	42,0500
0,0458	0,031	42,0550
-0,0229	0,017	42,0600
0,0347	0,006	42,0650
0,0146	0,000	42,0700
