TEST_2	TEST_2	TEST_2
Force	Distance	Time
N	mm	sec

-0,0043	0,000	0,0000
0,0080	0,003	0,0050
0,0563	0,005	0,0100
0,0506	0,008	0,0150
0,0250	0,010	0,0200
0,0149	0,013	0,0250
0,0026	0,015	0,0300
0,0118	0,018	0,0350
0,0195	0,020	0,0400
-0,0169	0,023	0,0450
0,0044	0,025	0,0500
0,0149	0,028	0,0550
-0,0095	0,030	0,0600
0,0041	0,033	0,0650
-0,0005	0,035	0,0700
0,0042	0,038	0,0750
0,0153	0,040	0,0800
-0,0140	0,043	0,0850
0,0078	0,045	0,0900
0,0002	0,048	0,0950
-0,0017	0,050	0,1000
0,0184	0,053	0,1050
0,0091	0,055	0,1100
-0,0092	0,058	0,1150
-0,0033	0,060	0,1200
-0,0197	0,063	0,1250
0,0081	0,065	0,1300
0,0075	0,068	0,1350
-0,0098	0,070	0,1400
0,0096	0,073	0,1450
-0,0030	0,075	0,1500
-0,0047	0,078	0,1550
0,0133	0,080	0,1600
-0,0232	0,083	0,1650
-0,0002	0,085	0,1700
-0,0068	0,088	0,1750
-0,0077	0,090	0,1800
0,0176	0,093	0,1850
0,0102	0,095	0,1900
-0,0008	0,098	0,1950
0,0104	0,100	0,2000
-0,0156	0,103	0,2050
-0,0008	0,105	0,2100
0,0038	0,108	0,2150
-0,0141	0,110	0,2200
0,0052	0,113	0,2250
-0,0024	0,115	0,2300
0,0030	0,118	0,2350
0,0182	0,120	0,2400
-0,0153	0,123	0,2450
0,0135	0,125	0,2500
0,0073	0,128	0,2550
-0,0105	0,130	0,2600
0,0095	0,133	0,2650
0,0052	0,135	0,2700
-0,0007	0,138	0,2750
0,0131	0,140	0,2800
-0,0176	0,143	0,2850
-0,0010	0,145	0,2900
0,0106	0,148	0,2950
-0,0085	0,150	0,3000
0,0105	0,153	0,3050
0,0000	0,155	0,3100
0,0001	0,158	0,3150
0,0188	0,160	0,3200
-0,0093	0,163	0,3250
0,0109	0,165	0,3300
0,0056	0,168	0,3350
-0,0053	0,170	0,3400
0,0177	0,173	0,3450
0,0097	0,175	0,3500
-0,0080	0,178	0,3550
0,0077	0,180	0,3600
-0,0064	0,183	0,3650
0,0225	0,185	0,3700
0,0207	0,188	0,3750
-0,0094	0,190	0,3800
0,0021	0,193	0,3850
-0,0090	0,195	0,3900
-0,0049	0,198	0,3950
0,0110	0,200	0,4000
-0,0129	0,203	0,4050
0,0133	0,205	0,4100
0,0040	0,208	0,4150
-0,0131	0,210	0,4200
0,0082	0,213	0,4250
0,0059	0,215	0,4300
-0,0083	0,218	0,4350
0,0030	0,220	0,4400
-0,0231	0,223	0,4450
0,0097	0,225	0,4500
0,0081	0,228	0,4550
-0,0059	0,230	0,4600
0,0096	0,233	0,4650
-0,0009	0,235	0,4700
-0,0022	0,238	0,4750
0,0120	0,240	0,4800
-0,0179	0,243	0,4850
0,0022	0,245	0,4900
0,0039	0,248	0,4950
-0,0089	0,250	0,5000
0,0164	0,253	0,5050
0,0116	0,255	0,5100
-0,0001	0,258	0,5150
0,0145	0,260	0,5200
-0,0078	0,263	0,5250
0,0092	0,265	0,5300
0,0039	0,268	0,5350
-0,0092	0,270	0,5400
0,0041	0,273	0,5450
-0,0032	0,275	0,5500
-0,0034	0,278	0,5550
0,0227	0,280	0,5600
-0,0069	0,283	0,5650
0,0022	0,285	0,5700
0,0033	0,288	0,5750
0,0017	0,290	0,5800
0,0209	0,293	0,5850
0,0032	0,295	0,5900
-0,0074	0,298	0,5950
0,0124	0,300	0,6000
-0,0115	0,303	0,6050
0,0138	0,305	0,6100
0,0162	0,308	0,6150
-0,0033	0,310	0,6200
0,0114	0,313	0,6250
-0,0035	0,315	0,6300
-0,0059	0,318	0,6350
0,0124	0,320	0,6400
-0,0143	0,323	0,6450
0,0033	0,325	0,6500
0,0002	0,328	0,6550
-0,0103	0,330	0,6600
0,0111	0,333	0,6650
0,0086	0,335	0,6700
-0,0003	0,338	0,6750
0,0101	0,340	0,6800
-0,0135	0,343	0,6850
0,0017	0,345	0,6900
0,0069	0,348	0,6950
-0,0134	0,350	0,7000
0,0066	0,353	0,7050
-0,0063	0,355	0,7100
-0,0068	0,358	0,7150
0,0115	0,360	0,7200
-0,0090	0,363	0,7250
0,0099	0,365	0,7300
-0,0049	0,368	0,7350
-0,0128	0,370	0,7400
0,0165	0,373	0,7450
0,0124	0,375	0,7500
-0,0044	0,378	0,7550
0,0042	0,380	0,7600
-0,0223	0,383	0,7650
0,0101	0,385	0,7700
0,0102	0,388	0,7750
-0,0080	0,390	0,7800
0,0120	0,393	0,7850
0,0099	0,395	0,7900
0,0038	0,398	0,7950
0,0157	0,400	0,8000
-0,0146	0,403	0,8050
0,0057	0,405	0,8100
0,0010	0,408	0,8150
-0,0120	0,410	0,8200
0,0092	0,413	0,8250
-0,0002	0,415	0,8300
-0,0095	0,418	0,8350
0,0108	0,420	0,8400
-0,0130	0,423	0,8450
0,0139	0,425	0,8500
0,0088	0,428	0,8550
-0,0149	0,430	0,8600
-0,0016	0,433	0,8650
-0,0050	0,435	0,8700
-0,0024	0,438	0,8750
0,0175	0,440	0,8800
-0,0090	0,443	0,8850
0,0013	0,445	0,8900
-0,0057	0,448	0,8950
-0,0075	0,450	0,9000
0,0111	0,453	0,9050
-0,0003	0,455	0,9100
-0,0111	0,458	0,9150
0,0142	0,460	0,9200
-0,0106	0,463	0,9250
0,0117	0,465	0,9300
0,0111	0,468	0,9350
-0,0026	0,470	0,9400
0,0096	0,473	0,9450
-0,0009	0,475	0,9500
-0,0184	0,478	0,9550
0,0094	0,480	0,9600
-0,0101	0,483	0,9650
0,0075	0,485	0,9700
-0,0010	0,488	0,9750
-0,0182	0,490	0,9800
-0,0017	0,493	0,9850
-0,0017	0,495	0,9900
-0,0025	0,498	0,9950
0,0071	0,500	1,0000
-0,0181	0,503	1,0050
0,0007	0,505	1,0100
0,0011	0,508	1,0150
-0,0032	0,510	1,0200
0,0154	0,513	1,0250
0,0054	0,515	1,0300
-0,0036	0,518	1,0350
0,0101	0,520	1,0400
-0,0160	0,523	1,0450
0,0055	0,525	1,0500
0,0002	0,528	1,0550
-0,0125	0,530	1,0600
0,0100	0,533	1,0650
0,0018	0,535	1,0700
-0,0083	0,538	1,0750
0,0069	0,540	1,0800
-0,0185	0,543	1,0850
0,0118	0,545	1,0900
0,0107	0,548	1,0950
-0,0139	0,550	1,1000
0,0040	0,553	1,1050
-0,0059	0,555	1,1100
-0,0002	0,558	1,1150
0,0139	0,560	1,1200
-0,0136	0,563	1,1250
0,0039	0,565	1,1300
-0,0022	0,568	1,1350
-0,0146	0,570	1,1400
0,0052	0,573	1,1450
0,0043	0,575	1,1500
-0,0055	0,578	1,1550
0,0130	0,580	1,1600
-0,0100	0,583	1,1650
0,0147	0,585	1,1700
0,0027	0,588	1,1750
-0,0170	0,590	1,1800
0,0034	0,593	1,1850
0,0021	0,595	1,1900
0,0082	0,598	1,1950
0,0188	0,600	1,2000
-0,0111	0,603	1,2050
-0,0000	0,605	1,2100
-0,0021	0,608	1,2150
-0,0138	0,610	1,2200
0,0154	0,613	1,2250
0,0046	0,615	1,2300
-0,0076	0,618	1,2350
0,0106	0,620	1,2400
-0,0114	0,623	1,2450
0,0135	0,625	1,2500
0,0045	0,628	1,2550
-0,0128	0,630	1,2600
0,0110	0,633	1,2650
0,0035	0,635	1,2700
-0,0039	0,638	1,2750
0,0093	0,640	1,2800
-0,0182	0,643	1,2850
-0,0021	0,645	1,2900
-0,0029	0,648	1,2950
-0,0165	0,650	1,3000
0,0122	0,653	1,3050
0,0052	0,655	1,3100
-0,0045	0,658	1,3150
0,0116	0,660	1,3200
-0,0116	0,663	1,3250
0,0123	0,665	1,3300
0,0066	0,668	1,3350
-0,0084	0,670	1,3400
0,0051	0,673	1,3450
-0,0045	0,675	1,3500
-0,0112	0,678	1,3550
0,0114	0,680	1,3600
-0,0088	0,683	1,3650
0,0141	0,685	1,3700
0,0055	0,688	1,3750
-0,0082	0,690	1,3800
0,0101	0,693	1,3850
-0,0014	0,695	1,3900
-0,0100	0,698	1,3950
0,0030	0,700	1,4000
-0,0251	0,703	1,4050
0,0012	0,705	1,4100
0,0093	0,708	1,4150
-0,0063	0,710	1,4200
0,0059	0,713	1,4250
0,0051	0,715	1,4300
0,0035	0,718	1,4350
0,0169	0,720	1,4400
-0,0129	0,723	1,4450
0,0061	0,725	1,4500
-0,0021	0,728	1,4550
-0,0138	0,730	1,4600
0,0041	0,733	1,4650
-0,0034	0,735	1,4700
-0,0138	0,738	1,4750
0,0016	0,740	1,4800
-0,0145	0,743	1,4850
0,0056	0,745	1,4900
0,0108	0,748	1,4950
-0,0015	0,750	1,5000
0,0238	0,753	1,5050
0,0086	0,755	1,5100
0,0007	0,758	1,5150
0,0139	0,760	1,5200
-0,0117	0,763	1,5250
0,0081	0,765	1,5300
0,0029	0,768	1,5350
-0,0105	0,770	1,5400
0,0105	0,773	1,5450
0,0093	0,775	1,5500
-0,0074	0,778	1,5550
0,0124	0,780	1,5600
-0,0101	0,783	1,5650
0,0123	0,785	1,5700
0,0099	0,788	1,5750
-0,0126	0,790	1,5800
0,0001	0,793	1,5850
-0,0040	0,795	1,5900
0,0019	0,798	1,5950
0,0183	0,800	1,6000
-0,0026	0,803	1,6050
0,0065	0,805	1,6100
0,0024	0,808	1,6150
-0,0124	0,810	1,6200
0,0095	0,813	1,6250
0,0016	0,815	1,6300
-0,0092	0,818	1,6350
0,0042	0,820	1,6400
-0,0156	0,823	1,6450
0,0083	0,825	1,6500
0,0016	0,828	1,6550
-0,0086	0,830	1,6600
0,0087	0,833	1,6650
0,0004	0,835	1,6700
-0,0006	0,838	1,6750
0,0142	0,840	1,6800
-0,0126	0,843	1,6850
0,0028	0,845	1,6900
0,0025	0,848	1,6950
-0,0130	0,850	1,7000
0,0157	0,853	1,7050
0,0037	0,855	1,7100
-0,0036	0,858	1,7150
0,0041	0,860	1,7200
-0,0134	0,863	1,7250
0,0100	0,865	1,7300
0,0045	0,868	1,7350
-0,0094	0,870	1,7400
0,0033	0,873	1,7450
-0,0087	0,875	1,7500
-0,0125	0,878	1,7550
0,0045	0,880	1,7600
-0,0228	0,883	1,7650
0,0055	0,885	1,7700
0,0062	0,888	1,7750
-0,0033	0,890	1,7800
0,0182	0,893	1,7850
0,0018	0,895	1,7900
-0,0081	0,898	1,7950
0,0009	0,900	1,8000
-0,0157	0,903	1,8050
0,0126	0,905	1,8100
0,0050	0,908	1,8150
-0,0175	0,910	1,8200
0,0116	0,913	1,8250
0,0031	0,915	1,8300
0,0008	0,918	1,8350
0,0153	0,920	1,8400
-0,0085	0,923	1,8450
0,0085	0,925	1,8500
-0,0005	0,928	1,8550
-0,0082	0,930	1,8600
0,0137	0,933	1,8650
0,0007	0,935	1,8700
-0,0052	0,938	1,8750
0,0113	0,940	1,8800
-0,0103	0,943	1,8850
0,0015	0,945	1,8900
0,0046	0,948	1,8950
-0,0113	0,950	1,9000
0,0068	0,953	1,9050
-0,0009	0,955	1,9100
-0,0030	0,958	1,9150
0,0116	0,960	1,9200
-0,0088	0,963	1,9250
0,0038	0,965	1,9300
-0,0034	0,968	1,9350
-0,0099	0,970	1,9400
0,0170	0,973	1,9450
0,0109	0,975	1,9500
-0,0055	0,978	1,9550
0,0074	0,980	1,9600
-0,0142	0,983	1,9650
0,0122	0,985	1,9700
0,0091	0,988	1,9750
-0,0093	0,990	1,9800
0,0115	0,993	1,9850
0,0057	0,995	1,9900
0,0076	0,998	1,9950
0,0178	1,000	2,0000
-0,0130	1,003	2,0050
0,0006	1,005	2,0100
-0,0013	1,008	2,0150
-0,0110	1,010	2,0200
0,0153	1,013	2,0250
0,0021	1,015	2,0300
-0,0054	1,018	2,0350
0,0103	1,020	2,0400
-0,0125	1,023	2,0450
0,0088	1,025	2,0500
0,0065	1,028	2,0550
-0,0048	1,030	2,0600
0,0106	1,033	2,0650
-0,0009	1,035	2,0700
0,0031	1,038	2,0750
0,0169	1,040	2,0800
-0,0042	1,043	2,0850
0,0094	1,045	2,0900
-0,0012	1,048	2,0950
-0,0129	1,050	2,1000
0,0157	1,053	2,1050
0,0047	1,055	2,1100
-0,0068	1,058	2,1150
0,0071	1,060	2,1200
-0,0108	1,063	2,1250
0,0123	1,065	2,1300
0,0127	1,068	2,1350
-0,0079	1,070	2,1400
0,0042	1,073	2,1450
-0,0002	1,075	2,1500
-0,0024	1,078	2,1550
0,0182	1,080	2,1600
-0,0083	1,083	2,1650
0,0041	1,085	2,1700
-0,0009	1,088	2,1750
-0,0008	1,090	2,1800
0,0191	1,093	2,1850
0,0097	1,095	2,1900
-0,0028	1,098	2,1950
0,0064	1,100	2,2000
-0,0153	1,103	2,2050
-0,0008	1,105	2,2100
0,0000	1,108	2,2150
-0,0132	1,110	2,2200
0,0111	1,113	2,2250
0,0065	1,115	2,2300
0,0065	1,118	2,2350
0,0150	1,120	2,2400
-0,0114	1,123	2,2450
0,0062	1,125	2,2500
-0,0020	1,128	2,2550
-0,0209	1,130	2,2600
-0,0008	1,133	2,2650
-0,0017	1,135	2,2700
-0,0077	1,138	2,2750
0,0009	1,140	2,2800
-0,0189	1,143	2,2850
0,0047	1,145	2,2900
0,0051	1,148	2,2950
-0,0154	1,150	2,3000
0,0062	1,153	2,3050
-0,0017	1,155	2,3100
-0,0002	1,158	2,3150
0,0114	1,160	2,3200
-0,0101	1,163	2,3250
0,0146	1,165	2,3300
0,0020	1,168	2,3350
-0,0160	1,170	2,3400
0,0027	1,173	2,3450
-0,0050	1,175	2,3500
-0,0138	1,178	2,3550
0,0048	1,180	2,3600
-0,0165	1,183	2,3650
0,0080	1,185	2,3700
0,0035	1,188	2,3750
-0,0164	1,190	2,3800
0,0085	1,193	2,3850
0,0006	1,195	2,3900
-0,0037	1,198	2,3950
0,0092	1,200	2,4000
-0,0122	1,203	2,4050
0,0023	1,205	2,4100
-0,0039	1,208	2,4150
-0,0166	1,210	2,4200
0,0075	1,213	2,4250
0,0012	1,215	2,4300
-0,0110	1,218	2,4350
0,0119	1,220	2,4400
-0,0113	1,223	2,4450
0,0144	1,225	2,4500
0,0109	1,228	2,4550
-0,0029	1,230	2,4600
0,0063	1,233	2,4650
-0,0066	1,235	2,4700
-0,0075	1,238	2,4750
0,0069	1,240	2,4800
-0,0196	1,243	2,4850
-0,0021	1,245	2,4900
0,0007	1,248	2,4950
-0,0055	1,250	2,5000
0,0157	1,253	2,5050
0,0059	1,255	2,5100
-0,0111	1,258	2,5150
-0,0016	1,260	2,5200
-0,0179	1,263	2,5250
0,0059	1,265	2,5300
0,0045	1,268	2,5350
-0,0085	1,270	2,5400
0,0158	1,273	2,5450
0,0056	1,275	2,5500
0,0003	1,278	2,5550
0,0118	1,280	2,5600
-0,0156	1,283	2,5650
-0,0007	1,285	2,5700
-0,0005	1,288	2,5750
-0,0121	1,290	2,5800
0,0072	1,293	2,5850
-0,0067	1,295	2,5900
-0,0154	1,298	2,5950
0,0034	1,300	2,6000
-0,0164	1,303	2,6050
0,0099	1,305	2,6100
0,0080	1,308	2,6150
-0,0062	1,310	2,6200
0,0110	1,313	2,6250
0,0031	1,315	2,6300
0,0005	1,318	2,6350
0,0121	1,320	2,6400
-0,0149	1,323	2,6450
0,0008	1,325	2,6500
0,0026	1,328	2,6550
-0,0078	1,330	2,6600
0,0117	1,333	2,6650
0,0079	1,335	2,6700
0,0023	1,338	2,6750
0,0119	1,340	2,6800
-0,0129	1,343	2,6850
0,0024	1,345	2,6900
-0,0024	1,348	2,6950
-0,0177	1,350	2,7000
0,0108	1,353	2,7050
0,0026	1,355	2,7100
0,0017	1,358	2,7150
0,0177	1,360	2,7200
-0,0060	1,363	2,7250
0,0077	1,365	2,7300
0,0006	1,368	2,7350
-0,0097	1,370	2,7400
0,0081	1,373	2,7450
0,0046	1,375	2,7500
-0,0091	1,378	2,7550
0,0063	1,380	2,7600
-0,0137	1,383	2,7650
0,0082	1,385	2,7700
0,0036	1,388	2,7750
-0,0088	1,390	2,7800
0,0119	1,393	2,7850
0,0044	1,395	2,7900
-0,0097	1,398	2,7950
0,0035	1,400	2,8000
-0,0147	1,403	2,8050
0,0026	1,405	2,8100
0,0008	1,408	2,8150
-0,0087	1,410	2,8200
0,0158	1,413	2,8250
0,0032	1,415	2,8300
-0,0085	1,418	2,8350
0,0066	1,420	2,8400
-0,0086	1,423	2,8450
0,0168	1,425	2,8500
0,0078	1,428	2,8550
-0,0055	1,430	2,8600
0,0044	1,433	2,8650
-0,0153	1,435	2,8700
-0,0165	1,438	2,8750
-0,0018	1,440	2,8800
-0,0175	1,443	2,8850
-0,0029	1,445	2,8900
-0,0056	1,448	2,8950
-0,0085	1,450	2,9000
0,0173	1,453	2,9050
0,0047	1,455	2,9100
0,0003	1,458	2,9150
0,0102	1,460	2,9200
-0,0130	1,463	2,9250
0,0065	1,465	2,9300
0,0009	1,468	2,9350
-0,0140	1,470	2,9400
0,0073	1,473	2,9450
0,0004	1,475	2,9500
0,0041	1,478	2,9550
0,0225	1,480	2,9600
-0,0072	1,483	2,9650
0,0063	1,485	2,9700
0,0021	1,488	2,9750
-0,0105	1,490	2,9800
0,0079	1,493	2,9850
-0,0043	1,495	2,9900
-0,0095	1,498	2,9950
0,0067	1,500	3,0000
-0,0121	1,503	3,0050
0,0109	1,505	3,0100
0,0115	1,508	3,0150
-0,0146	1,510	3,0200
0,0050	1,513	3,0250
-0,0128	1,515	3,0300
-0,0108	1,518	3,0350
0,0125	1,520	3,0400
-0,0102	1,523	3,0450
0,0005	1,525	3,0500
0,0003	1,528	3,0550
-0,0079	1,530	3,0600
0,0166	1,533	3,0650
0,0039	1,535	3,0700
-0,0017	1,538	3,0750
0,0135	1,540	3,0800
-0,0112	1,543	3,0850
0,0016	1,545	3,0900
-0,0043	1,548	3,0950
-0,0223	1,550	3,1000
0,0007	1,553	3,1050
-0,0117	1,555	3,1100
-0,0026	1,558	3,1150
0,0160	1,560	3,1200
-0,0057	1,563	3,1250
0,0136	1,565	3,1300
0,0062	1,568	3,1350
-0,0065	1,570	3,1400
0,0089	1,573	3,1450
-0,0039	1,575	3,1500
-0,0106	1,578	3,1550
0,0175	1,580	3,1600
-0,0000	1,583	3,1650
0,0139	1,585	3,1700
0,0059	1,588	3,1750
-0,0137	1,590	3,1800
0,0066	1,593	3,1850
0,0030	1,595	3,1900
0,0020	1,598	3,1950
0,0137	1,600	3,2000
-0,0081	1,603	3,2050
0,0083	1,605	3,2100
0,0075	1,608	3,2150
-0,0097	1,610	3,2200
0,0014	1,613	3,2250
-0,0021	1,615	3,2300
-0,0072	1,618	3,2350
0,0083	1,620	3,2400
-0,0144	1,623	3,2450
0,0033	1,625	3,2500
-0,0062	1,628	3,2550
-0,0186	1,630	3,2600
0,0017	1,633	3,2650
-0,0080	1,635	3,2700
-0,0153	1,638	3,2750
0,0023	1,640	3,2800
-0,0157	1,643	3,2850
0,0065	1,645	3,2900
0,0035	1,648	3,2950
-0,0036	1,650	3,3000
0,0216	1,653	3,3050
0,0058	1,655	3,3100
-0,0094	1,658	3,3150
0,0074	1,660	3,3200
-0,0067	1,663	3,3250
0,0131	1,665	3,3300
0,0023	1,668	3,3350
-0,0144	1,670	3,3400
0,0073	1,673	3,3450
0,0035	1,675	3,3500
-0,0006	1,678	3,3550
0,0133	1,680	3,3600
-0,0156	1,683	3,3650
-0,0013	1,685	3,3700
-0,0039	1,688	3,3750
-0,0074	1,690	3,3800
0,0121	1,693	3,3850
-0,0014	1,695	3,3900
-0,0052	1,698	3,3950
0,0105	1,700	3,4000
-0,0105	1,703	3,4050
0,0095	1,705	3,4100
0,0035	1,708	3,4150
-0,0196	1,710	3,4200
0,0023	1,713	3,4250
0,0008	1,715	3,4300
-0,0019	1,718	3,4350
0,0064	1,720	3,4400
-0,0190	1,723	3,4450
0,0017	1,725	3,4500
-0,0028	1,728	3,4550
-0,0101	1,730	3,4600
0,0133	1,733	3,4650
0,0061	1,735	3,4700
-0,0025	1,738	3,4750
0,0043	1,740	3,4800
-0,0190	1,743	3,4850
0,0028	1,745	3,4900
0,0048	1,748	3,4950
-0,0067	1,750	3,5000
0,0100	1,753	3,5050
-0,0044	1,755	3,5100
-0,0060	1,758	3,5150
0,0060	1,760	3,5200
-0,0151	1,763	3,5250
0,0036	1,765	3,5300
-0,0030	1,768	3,5350
-0,0087	1,770	3,5400
0,0181	1,773	3,5450
0,0051	1,775	3,5500
-0,0037	1,778	3,5550
0,0098	1,780	3,5600
-0,0131	1,783	3,5650
0,0100	1,785	3,5700
0,0032	1,788	3,5750
-0,0116	1,790	3,5800
0,0098	1,793	3,5850
-0,0034	1,795	3,5900
0,0004	1,798	3,5950
0,0162	1,800	3,6000
-0,0140	1,803	3,6050
-0,0012	1,805	3,6100
-0,0030	1,808	3,6150
-0,0132	1,810	3,6200
0,0068	1,813	3,6250
-0,0059	1,815	3,6300
-0,0124	1,818	3,6350
0,0058	1,820	3,6400
-0,0034	1,823	3,6450
0,0222	1,825	3,6500
0,0099	1,828	3,6550
-0,0102	1,830	3,6600
0,0146	1,833	3,6650
0,0029	1,835	3,6700
-0,0027	1,838	3,6750
0,0169	1,840	3,6800
-0,0057	1,843	3,6850
0,0084	1,845	3,6900
-0,0008	1,848	3,6950
-0,0141	1,850	3,7000
0,0099	1,853	3,7050
0,0014	1,855	3,7100
-0,0077	1,858	3,7150
0,0075	1,860	3,7200
-0,0174	1,863	3,7250
0,0012	1,865	3,7300
0,0017	1,868	3,7350
-0,0100	1,870	3,7400
0,0011	1,873	3,7450
-0,0007	1,875	3,7500
-0,0035	1,878	3,7550
0,0206	1,880	3,7600
-0,0102	1,883	3,7650
0,0078	1,885	3,7700
-0,0007	1,888	3,7750
-0,0154	1,890	3,7800
0,0070	1,893	3,7850
0,0037	1,895	3,7900
0,0034	1,898	3,7950
0,0115	1,900	3,8000
-0,0158	1,903	3,8050
0,0009	1,905	3,8100
-0,0002	1,908	3,8150
-0,0067	1,910	3,8200
0,0146	1,913	3,8250
-0,0017	1,915	3,8300
-0,0109	1,918	3,8350
0,0121	1,920	3,8400
-0,0115	1,923	3,8450
0,0076	1,925	3,8500
0,0018	1,928	3,8550
-0,0089	1,930	3,8600
0,0130	1,933	3,8650
0,0064	1,935	3,8700
0,0002	1,938	3,8750
0,0130	1,940	3,8800
-0,0117	1,943	3,8850
0,0067	1,945	3,8900
0,0065	1,948	3,8950
-0,0076	1,950	3,9000
0,0100	1,953	3,9050
-0,0034	1,955	3,9100
-0,0049	1,958	3,9150
0,0130	1,960	3,9200
-0,0157	1,963	3,9250
0,0056	1,965	3,9300
-0,0025	1,968	3,9350
-0,0117	1,970	3,9400
0,0082	1,973	3,9450
0,0043	1,975	3,9500
-0,0070	1,978	3,9550
0,0097	1,980	3,9600
-0,0155	1,983	3,9650
0,0129	1,985	3,9700
0,0144	1,988	3,9750
-0,0062	1,990	3,9800
0,0046	1,993	3,9850
-0,0061	1,995	3,9900
0,0007	1,998	3,9950
0,0182	2,000	4,0000
-0,0191	2,003	4,0050
-0,0076	2,005	4,0100
-0,0056	2,008	4,0150
-0,0086	2,010	4,0200
0,0125	2,013	4,0250
0,0002	2,015	4,0300
-0,0045	2,018	4,0350
0,0132	2,020	4,0400
-0,0149	2,023	4,0450
0,0035	2,025	4,0500
0,0072	2,028	4,0550
-0,0042	2,030	4,0600
0,0136	2,033	4,0650
-0,0012	2,035	4,0700
-0,0046	2,038	4,0750
0,0139	2,040	4,0800
-0,0117	2,043	4,0850
0,0080	2,045	4,0900
0,0043	2,048	4,0950
-0,0113	2,050	4,1000
0,0098	2,053	4,1050
0,0076	2,055	4,1100
-0,0016	2,058	4,1150
0,0119	2,060	4,1200
-0,0133	2,063	4,1250
0,0075	2,065	4,1300
0,0070	2,068	4,1350
-0,0120	2,070	4,1400
0,0043	2,073	4,1450
0,0008	2,075	4,1500
-0,0021	2,078	4,1550
0,0155	2,080	4,1600
-0,0143	2,083	4,1650
0,0096	2,085	4,1700
0,0014	2,088	4,1750
-0,0153	2,090	4,1800
0,0025	2,093	4,1850
-0,0044	2,095	4,1900
-0,0100	2,098	4,1950
0,0079	2,100	4,2000
-0,0133	2,103	4,2050
0,0153	2,105	4,2100
0,0177	2,108	4,2150
-0,0013	2,110	4,2200
0,0104	2,113	4,2250
-0,0042	2,115	4,2300
-0,0016	2,118	4,2350
0,0195	2,120	4,2400
-0,0146	2,123	4,2450
0,0032	2,125	4,2500
-0,0036	2,128	4,2550
-0,0119	2,130	4,2600
0,0097	2,133	4,2650
0,0027	2,135	4,2700
-0,0065	2,138	4,2750
0,0065	2,140	4,2800
-0,0158	2,143	4,2850
0,0142	2,145	4,2900
0,0135	2,148	4,2950
-0,0152	2,150	4,3000
0,0039	2,153	4,3050
-0,0049	2,155	4,3100
-0,0006	2,158	4,3150
0,0137	2,160	4,3200
-0,0188	2,163	4,3250
-0,0004	2,165	4,3300
-0,0048	2,168	4,3350
-0,0097	2,170	4,3400
0,0111	2,173	4,3450
0,0089	2,175	4,3500
-0,0065	2,178	4,3550
0,0160	2,180	4,3600
-0,0074	2,183	4,3650
0,0111	2,185	4,3700
0,0093	2,188	4,3750
-0,0117	2,190	4,3800
0,0070	2,193	4,3850
0,0069	2,195	4,3900
0,0087	2,198	4,3950
0,0200	2,200	4,4000
-0,0099	2,203	4,4050
0,0095	2,205	4,4100
0,0027	2,208	4,4150
-0,0136	2,210	4,4200
0,0089	2,213	4,4250
0,0101	2,215	4,4300
-0,0074	2,218	4,4350
0,0173	2,220	4,4400
-0,0069	2,223	4,4450
0,0096	2,225	4,4500
0,0007	2,228	4,4550
-0,0118	2,230	4,4600
0,0087	2,233	4,4650
0,0012	2,235	4,4700
0,0048	2,238	4,4750
0,0212	2,240	4,4800
-0,0116	2,243	4,4850
-0,0002	2,245	4,4900
0,0006	2,248	4,4950
-0,0051	2,250	4,5000
0,0134	2,253	4,5050
-0,0001	2,255	4,5100
-0,0119	2,258	4,5150
0,0056	2,260	4,5200
-0,0104	2,263	4,5250
0,0126	2,265	4,5300
0,0064	2,268	4,5350
-0,0087	2,270	4,5400
0,0139	2,273	4,5450
0,0035	2,275	4,5500
-0,0042	2,278	4,5550
0,0159	2,280	4,5600
-0,0118	2,283	4,5650
0,0062	2,285	4,5700
-0,0090	2,288	4,5750
-0,0229	2,290	4,5800
0,0029	2,293	4,5850
0,0041	2,295	4,5900
-0,0033	2,298	4,5950
0,0138	2,300	4,6000
-0,0137	2,303	4,6050
0,0082	2,305	4,6100
0,0032	2,308	4,6150
-0,0164	2,310	4,6200
0,0056	2,313	4,6250
-0,0009	2,315	4,6300
-0,0020	2,318	4,6350
0,0175	2,320	4,6400
-0,0099	2,323	4,6450
0,0119	2,325	4,6500
0,0099	2,328	4,6550
-0,0012	2,330	4,6600
0,0162	2,333	4,6650
0,0031	2,335	4,6700
-0,0037	2,338	4,6750
0,0158	2,340	4,6800
-0,0099	2,343	4,6850
0,0078	2,345	4,6900
0,0157	2,348	4,6950
-0,0113	2,350	4,7000
0,0072	2,353	4,7050
-0,0022	2,355	4,7100
-0,0032	2,358	4,7150
0,0070	2,360	4,7200
-0,0159	2,363	4,7250
0,0063	2,365	4,7300
-0,0026	2,368	4,7350
-0,0188	2,370	4,7400
0,0052	2,373	4,7450
0,0022	2,375	4,7500
-0,0116	2,378	4,7550
0,0043	2,380	4,7600
-0,0205	2,383	4,7650
0,0011	2,385	4,7700
0,0051	2,388	4,7750
-0,0205	2,390	4,7800
-0,0007	2,393	4,7850
-0,0050	2,395	4,7900
-0,0014	2,398	4,7950
0,0167	2,400	4,8000
-0,0124	2,403	4,8050
-0,0029	2,405	4,8100
-0,0022	2,408	4,8150
-0,0103	2,410	4,8200
0,0107	2,413	4,8250
0,0035	2,415	4,8300
-0,0049	2,418	4,8350
0,0178	2,420	4,8400
-0,0118	2,423	4,8450
0,0101	2,425	4,8500
0,0107	2,428	4,8550
0,0016	2,430	4,8600
0,0149	2,433	4,8650
0,0064	2,435	4,8700
-0,0074	2,438	4,8750
0,0037	2,440	4,8800
-0,0260	2,443	4,8850
-0,0064	2,445	4,8900
-0,0034	2,448	4,8950
-0,0064	2,450	4,9000
0,0157	2,453	4,9050
0,0033	2,455	4,9100
-0,0138	2,458	4,9150
0,0011	2,460	4,9200
-0,0163	2,463	4,9250
0,0157	2,465	4,9300
0,0151	2,468	4,9350
-0,0024	2,470	4,9400
0,0091	2,473	4,9450
0,0007	2,475	4,9500
0,0030	2,478	4,9550
0,0274	2,480	4,9600
-0,0083	2,483	4,9650
0,0056	2,485	4,9700
-0,0070	2,488	4,9750
-0,0192	2,490	4,9800
0,0078	2,493	4,9850
-0,0052	2,495	4,9900
-0,0139	2,498	4,9950
0,0103	2,500	5,0000
-0,0117	2,503	5,0050
0,0093	2,505	5,0100
0,0070	2,508	5,0150
-0,0074	2,510	5,0200
0,0185	2,513	5,0250
0,0072	2,515	5,0300
0,0018	2,518	5,0350
0,0160	2,520	5,0400
-0,0220	2,523	5,0450
-0,0064	2,525	5,0500
-0,0093	2,528	5,0550
-0,0176	2,530	5,0600
0,0102	2,533	5,0650
0,0053	2,535	5,0700
-0,0055	2,538	5,0750
0,0067	2,540	5,0800
-0,0159	2,543	5,0850
0,0116	2,545	5,0900
0,0129	2,548	5,0950
-0,0097	2,550	5,1000
0,0097	2,553	5,1050
-0,0005	2,555	5,1100
-0,0034	2,558	5,1150
0,0094	2,560	5,1200
-0,0165	2,563	5,1250
0,0046	2,565	5,1300
0,0035	2,568	5,1350
-0,0125	2,570	5,1400
0,0106	2,573	5,1450
0,0073	2,575	5,1500
-0,0082	2,578	5,1550
0,0043	2,580	5,1600
-0,0192	2,583	5,1650
0,0032	2,585	5,1700
-0,0022	2,588	5,1750
-0,0129	2,590	5,1800
0,0046	2,593	5,1850
0,0006	2,595	5,1900
-0,0047	2,598	5,1950
0,0155	2,600	5,2000
-0,0132	2,603	5,2050
0,0045	2,605	5,2100
-0,0057	2,608	5,2150
-0,0128	2,610	5,2200
0,0086	2,613	5,2250
0,0092	2,615	5,2300
0,0012	2,618	5,2350
0,0159	2,620	5,2400
-0,0174	2,623	5,2450
0,0077	2,625	5,2500
0,0034	2,628	5,2550
-0,0078	2,630	5,2600
0,0097	2,633	5,2650
-0,0070	2,635	5,2700
-0,0080	2,638	5,2750
0,0120	2,640	5,2800
-0,0084	2,643	5,2850
0,0105	2,645	5,2900
0,0022	2,648	5,2950
-0,0162	2,650	5,3000
0,0092	2,653	5,3050
0,0049	2,655	5,3100
-0,0057	2,658	5,3150
0,0093	2,660	5,3200
-0,0208	2,663	5,3250
0,0055	2,665	5,3300
0,0105	2,668	5,3350
0,0009	2,670	5,3400
0,0146	2,673	5,3450
0,0024	2,675	5,3500
-0,0035	2,678	5,3550
0,0162	2,680	5,3600
-0,0101	2,683	5,3650
0,0116	2,685	5,3700
0,0058	2,688	5,3750
-0,0099	2,690	5,3800
0,0067	2,693	5,3850
0,0076	2,695	5,3900
-0,0005	2,698	5,3950
0,0146	2,700	5,4000
-0,0068	2,703	5,4050
0,0152	2,705	5,4100
0,0079	2,708	5,4150
-0,0170	2,710	5,4200
0,0085	2,713	5,4250
0,0038	2,715	5,4300
-0,0017	2,718	5,4350
0,0140	2,720	5,4400
-0,0121	2,723	5,4450
0,0006	2,725	5,4500
0,0021	2,728	5,4550
-0,0104	2,730	5,4600
0,0113	2,733	5,4650
0,0090	2,735	5,4700
-0,0006	2,738	5,4750
0,0093	2,740	5,4800
-0,0201	2,743	5,4850
-0,0028	2,745	5,4900
-0,0041	2,748	5,4950
-0,0200	2,750	5,5000
0,0052	2,753	5,5050
-0,0014	2,755	5,5100
-0,0037	2,758	5,5150
0,0123	2,760	5,5200
-0,0170	2,763	5,5250
0,0024	2,765	5,5300
-0,0001	2,768	5,5350
-0,0095	2,770	5,5400
0,0096	2,773	5,5450
-0,0011	2,775	5,5500
-0,0176	2,778	5,5550
0,0021	2,780	5,5600
-0,0141	2,783	5,5650
0,0188	2,785	5,5700
0,0152	2,788	5,5750
-0,0014	2,790	5,5800
0,0157	2,793	5,5850
0,0055	2,795	5,5900
-0,0037	2,798	5,5950
0,0088	2,800	5,6000
-0,0120	2,803	5,6050
0,0083	2,805	5,6100
0,0047	2,808	5,6150
-0,0113	2,810	5,6200
0,0145	2,813	5,6250
0,0114	2,815	5,6300
0,0020	2,818	5,6350
0,0120	2,820	5,6400
-0,0128	2,823	5,6450
0,0138	2,825	5,6500
0,0123	2,828	5,6550
-0,0106	2,830	5,6600
0,0036	2,833	5,6650
-0,0067	2,835	5,6700
-0,0090	2,838	5,6750
0,0127	2,840	5,6800
-0,0121	2,843	5,6850
0,0042	2,845	5,6900
-0,0046	2,848	5,6950
-0,0176	2,850	5,7000
0,0114	2,853	5,7050
-0,0029	2,855	5,7100
-0,0203	2,858	5,7150
0,0031	2,860	5,7200
-0,0145	2,863	5,7250
0,0113	2,865	5,7300
0,0076	2,868	5,7350
-0,0063	2,870	5,7400
0,0031	2,873	5,7450
-0,0079	2,875	5,7500
-0,0178	2,878	5,7550
0,0069	2,880	5,7600
-0,0202	2,883	5,7650
-0,0047	2,885	5,7700
-0,0073	2,888	5,7750
-0,0192	2,890	5,7800
0,0034	2,893	5,7850
-0,0005	2,895	5,7900
-0,0047	2,898	5,7950
0,0136	2,900	5,8000
-0,0086	2,903	5,8050
0,0089	2,905	5,8100
0,0061	2,908	5,8150
-0,0074	2,910	5,8200
0,0118	2,913	5,8250
0,0002	2,915	5,8300
-0,0022	2,918	5,8350
0,0179	2,920	5,8400
-0,0049	2,923	5,8450
0,0095	2,925	5,8500
0,0035	2,928	5,8550
-0,0068	2,930	5,8600
0,0059	2,933	5,8650
-0,0014	2,935	5,8700
-0,0087	2,938	5,8750
0,0107	2,940	5,8800
-0,0095	2,943	5,8850
0,0085	2,945	5,8900
0,0115	2,948	5,8950
-0,0073	2,950	5,9000
0,0090	2,953	5,9050
0,0021	2,955	5,9100
0,0037	2,958	5,9150
0,0154	2,960	5,9200
-0,0138	2,963	5,9250
0,0010	2,965	5,9300
-0,0007	2,968	5,9350
-0,0104	2,970	5,9400
0,0147	2,973	5,9450
0,0119	2,975	5,9500
-0,0023	2,978	5,9550
0,0087	2,980	5,9600
-0,0238	2,983	5,9650
0,0024	2,985	5,9700
0,0051	2,988	5,9750
-0,0107	2,990	5,9800
0,0131	2,993	5,9850
-0,0018	2,995	5,9900
0,0012	2,998	5,9950
0,0151	3,000	6,0000
-0,0131	3,003	6,0050
-0,0007	3,005	6,0100
-0,0021	3,008	6,0150
-0,0095	3,010	6,0200
0,0124	3,013	6,0250
0,0024	3,015	6,0300
-0,0119	3,018	6,0350
0,0047	3,020	6,0400
-0,0154	3,023	6,0450
0,0115	3,025	6,0500
0,0130	3,028	6,0550
-0,0007	3,030	6,0600
0,0168	3,033	6,0650
0,0003	3,035	6,0700
-0,0026	3,038	6,0750
0,0131	3,040	6,0800
-0,0130	3,043	6,0850
-0,0028	3,045	6,0900
0,0007	3,048	6,0950
-0,0129	3,050	6,1000
0,0104	3,053	6,1050
-0,0007	3,055	6,1100
-0,0109	3,058	6,1150
0,0106	3,060	6,1200
-0,0104	3,063	6,1250
0,0086	3,065	6,1300
0,0003	3,068	6,1350
-0,0117	3,070	6,1400
0,0091	3,073	6,1450
0,0028	3,075	6,1500
-0,0018	3,078	6,1550
0,0190	3,080	6,1600
-0,0100	3,083	6,1650
0,0057	3,085	6,1700
0,0001	3,088	6,1750
-0,0065	3,090	6,1800
0,0144	3,093	6,1850
-0,0026	3,095	6,1900
-0,0111	3,098	6,1950
0,0051	3,100	6,2000
-0,0082	3,103	6,2050
0,0163	3,105	6,2100
0,0059	3,108	6,2150
-0,0177	3,110	6,2200
-0,0015	3,113	6,2250
-0,0038	3,115	6,2300
-0,0021	3,118	6,2350
0,0110	3,120	6,2400
-0,0203	3,123	6,2450
0,0056	3,125	6,2500
0,0069	3,128	6,2550
-0,0051	3,130	6,2600
0,0118	3,133	6,2650
0,0019	3,135	6,2700
-0,0128	3,138	6,2750
-0,0052	3,140	6,2800
-0,0227	3,143	6,2850
0,0047	3,145	6,2900
0,0026	3,148	6,2950
-0,0167	3,150	6,3000
0,0086	3,153	6,3050
-0,0023	3,155	6,3100
-0,0098	3,158	6,3150
0,0062	3,160	6,3200
-0,0083	3,163	6,3250
0,0156	3,165	6,3300
0,0121	3,168	6,3350
-0,0034	3,170	6,3400
0,0168	3,173	6,3450
0,0065	3,175	6,3500
-0,0092	3,178	6,3550
0,0100	3,180	6,3600
-0,0068	3,183	6,3650
0,0182	3,185	6,3700
0,0097	3,188	6,3750
-0,0139	3,190	6,3800
-0,0021	3,193	6,3850
-0,0119	3,195	6,3900
-0,0036	3,198	6,3950
0,0191	3,200	6,4000
-0,0104	3,203	6,4050
0,0022	3,205	6,4100
0,0017	3,208	6,4150
-0,0085	3,210	6,4200
0,0090	3,213	6,4250
-0,0007	3,215	6,4300
-0,0132	3,218	6,4350
0,0051	3,220	6,4400
-0,0195	3,223	6,4450
0,0058	3,225	6,4500
0,0069	3,228	6,4550
-0,0133	3,230	6,4600
0,0051	3,233	6,4650
-0,0024	3,235	6,4700
-0,0047	3,238	6,4750
0,0165	3,240	6,4800
-0,0051	3,243	6,4850
0,0134	3,245	6,4900
0,0075	3,248	6,4950
-0,0037	3,250	6,5000
0,0125	3,253	6,5050
-0,0026	3,255	6,5100
-0,0094	3,258	6,5150
0,0079	3,260	6,5200
-0,0124	3,263	6,5250
0,0086	3,265	6,5300
0,0042	3,268	6,5350
-0,0062	3,270	6,5400
0,0078	3,273	6,5450
0,0036	3,275	6,5500
-0,0078	3,278	6,5550
0,0116	3,280	6,5600
-0,0129	3,283	6,5650
0,0036	3,285	6,5700
-0,0090	3,288	6,5750
-0,0121	3,290	6,5800
0,0086	3,293	6,5850
0,0028	3,295	6,5900
-0,0025	3,298	6,5950
0,0022	3,300	6,6000
-0,0235	3,303	6,6050
0,0083	3,305	6,6100
0,0052	3,308	6,6150
-0,0112	3,310	6,6200
0,0081	3,313	6,6250
0,0002	3,315	6,6300
0,0006	3,318	6,6350
0,0130	3,320	6,6400
-0,0200	3,323	6,6450
0,0022	3,325	6,6500
0,0014	3,328	6,6550
-0,0070	3,330	6,6600
0,0094	3,333	6,6650
0,0008	3,335	6,6700
-0,0061	3,338	6,6750
0,0002	3,340	6,6800
-0,0169	3,343	6,6850
0,0107	3,345	6,6900
0,0025	3,348	6,6950
-0,0240	3,350	6,7000
-0,0028	3,353	6,7050
-0,0041	3,355	6,7100
-0,0045	3,358	6,7150
0,0115	3,360	6,7200
-0,0063	3,363	6,7250
0,0192	3,365	6,7300
0,0097	3,368	6,7350
-0,0069	3,370	6,7400
0,0070	3,373	6,7450
0,0035	3,375	6,7500
-0,0072	3,378	6,7550
0,0038	3,380	6,7600
-0,0223	3,383	6,7650
0,0022	3,385	6,7700
0,0020	3,388	6,7750
-0,0098	3,390	6,7800
0,0119	3,393	6,7850
-0,0033	3,395	6,7900
-0,0029	3,398	6,7950
0,0132	3,400	6,8000
-0,0126	3,403	6,8050
0,0032	3,405	6,8100
-0,0007	3,408	6,8150
-0,0126	3,410	6,8200
0,0103	3,413	6,8250
0,0104	3,415	6,8300
-0,0046	3,418	6,8350
0,0021	3,420	6,8400
-0,0211	3,423	6,8450
0,0127	3,425	6,8500
0,0086	3,428	6,8550
-0,0054	3,430	6,8600
0,0122	3,433	6,8650
-0,0032	3,435	6,8700
-0,0110	3,438	6,8750
0,0012	3,440	6,8800
-0,0189	3,443	6,8850
0,0046	3,445	6,8900
-0,0046	3,448	6,8950
-0,0184	3,450	6,9000
0,0038	3,453	6,9050
0,0011	3,455	6,9100
-0,0017	3,458	6,9150
0,0187	3,460	6,9200
-0,0031	3,463	6,9250
0,0127	3,465	6,9300
0,0099	3,468	6,9350
-0,0014	3,470	6,9400
0,0142	3,473	6,9450
0,0017	3,475	6,9500
-0,0012	3,478	6,9550
0,0176	3,480	6,9600
-0,0219	3,483	6,9650
0,0035	3,485	6,9700
-0,0027	3,488	6,9750
-0,0105	3,490	6,9800
0,0116	3,493	6,9850
0,0021	3,495	6,9900
-0,0061	3,498	6,9950
0,0131	3,500	7,0000
-0,0095	3,503	7,0050
0,0062	3,505	7,0100
0,0025	3,508	7,0150
-0,0093	3,510	7,0200
0,0082	3,513	7,0250
0,0050	3,515	7,0300
0,0038	3,518	7,0350
0,0100	3,520	7,0400
-0,0193	3,523	7,0450
0,0063	3,525	7,0500
0,0014	3,528	7,0550
-0,0107	3,530	7,0600
0,0079	3,533	7,0650
-0,0003	3,535	7,0700
-0,0057	3,538	7,0750
0,0138	3,540	7,0800
-0,0140	3,543	7,0850
0,0085	3,545	7,0900
0,0091	3,548	7,0950
-0,0126	3,550	7,1000
0,0055	3,553	7,1050
0,0045	3,555	7,1100
-0,0023	3,558	7,1150
0,0098	3,560	7,1200
-0,0120	3,563	7,1250
0,0100	3,565	7,1300
0,0043	3,568	7,1350
-0,0043	3,570	7,1400
0,0136	3,573	7,1450
0,0049	3,575	7,1500
-0,0046	3,578	7,1550
0,0119	3,580	7,1600
-0,0086	3,583	7,1650
0,0113	3,585	7,1700
0,0058	3,588	7,1750
-0,0151	3,590	7,1800
0,0044	3,593	7,1850
0,0007	3,595	7,1900
0,0038	3,598	7,1950
0,0158	3,600	7,2000
-0,0105	3,603	7,2050
0,0049	3,605	7,2100
-0,0004	3,608	7,2150
-0,0169	3,610	7,2200
0,0062	3,613	7,2250
0,0042	3,615	7,2300
-0,0057	3,618	7,2350
0,0044	3,620	7,2400
-0,0180	3,623	7,2450
0,0045	3,625	7,2500
0,0008	3,628	7,2550
-0,0095	3,630	7,2600
0,0055	3,633	7,2650
-0,0037	3,635	7,2700
-0,0030	3,638	7,2750
0,0106	3,640	7,2800
-0,0211	3,643	7,2850
-0,0041	3,645	7,2900
-0,0081	3,648	7,2950
-0,0113	3,650	7,3000
0,0106	3,653	7,3050
-0,0032	3,655	7,3100
-0,0110	3,658	7,3150
0,0077	3,660	7,3200
-0,0152	3,663	7,3250
0,0085	3,665	7,3300
0,0045	3,668	7,3350
-0,0098	3,670	7,3400
0,0044	3,673	7,3450
-0,0054	3,675	7,3500
-0,0131	3,678	7,3550
0,0074	3,680	7,3600
-0,0115	3,683	7,3650
0,0082	3,685	7,3700
-0,0036	3,688	7,3750
-0,0113	3,690	7,3800
0,0069	3,693	7,3850
0,0034	3,695	7,3900
-0,0049	3,698	7,3950
0,0103	3,700	7,4000
-0,0084	3,703	7,4050
0,0146	3,705	7,4100
0,0142	3,708	7,4150
-0,0002	3,710	7,4200
0,0098	3,713	7,4250
-0,0019	3,715	7,4300
-0,0067	3,718	7,4350
0,0091	3,720	7,4400
-0,0144	3,723	7,4450
0,0016	3,725	7,4500
-0,0060	3,728	7,4550
-0,0143	3,730	7,4600
0,0064	3,733	7,4650
-0,0055	3,735	7,4700
-0,0137	3,738	7,4750
0,0036	3,740	7,4800
-0,0143	3,743	7,4850
0,0082	3,745	7,4900
0,0058	3,748	7,4950
-0,0167	3,750	7,5000
0,0049	3,753	7,5050
0,0034	3,755	7,5100
0,0045	3,758	7,5150
0,0237	3,760	7,5200
-0,0070	3,763	7,5250
0,0087	3,765	7,5300
0,0013	3,768	7,5350
-0,0101	3,770	7,5400
0,0153	3,773	7,5450
0,0093	3,775	7,5500
-0,0046	3,778	7,5550
0,0015	3,780	7,5600
-0,0221	3,783	7,5650
0,0100	3,785	7,5700
0,0127	3,788	7,5750
-0,0084	3,790	7,5800
0,0098	3,793	7,5850
-0,0121	3,795	7,5900
-0,0155	3,798	7,5950
0,0055	3,800	7,6000
-0,0130	3,803	7,6050
0,0040	3,805	7,6100
0,0025	3,808	7,6150
-0,0039	3,810	7,6200
0,0211	3,813	7,6250
0,0141	3,815	7,6300
-0,0058	3,818	7,6350
0,0030	3,820	7,6400
-0,0174	3,823	7,6450
0,0056	3,825	7,6500
0,0019	3,828	7,6550
-0,0148	3,830	7,6600
0,0100	3,833	7,6650
-0,0003	3,835	7,6700
-0,0069	3,838	7,6750
0,0113	3,840	7,6800
-0,0099	3,843	7,6850
0,0039	3,845	7,6900
-0,0099	3,848	7,6950
-0,0152	3,850	7,7000
0,0091	3,853	7,7050
0,0007	3,855	7,7100
-0,0168	3,858	7,7150
-0,0010	3,860	7,7200
-0,0190	3,863	7,7250
0,0014	3,865	7,7300
0,0018	3,868	7,7350
-0,0109	3,870	7,7400
0,0064	3,873	7,7450
-0,0001	3,875	7,7500
-0,0074	3,878	7,7550
0,0172	3,880	7,7600
-0,0102	3,883	7,7650
0,0048	3,885	7,7700
-0,0075	3,888	7,7750
-0,0216	3,890	7,7800
-0,0004	3,893	7,7850
0,0034	3,895	7,7900
0,0028	3,898	7,7950
0,0164	3,900	7,8000
-0,0096	3,903	7,8050
0,0071	3,905	7,8100
0,0019	3,908	7,8150
-0,0187	3,910	7,8200
0,0093	3,913	7,8250
0,0002	3,915	7,8300
-0,0000	3,918	7,8350
0,0144	3,920	7,8400
-0,0194	3,923	7,8450
-0,0069	3,925	7,8500
-0,0102	3,928	7,8550
-0,0138	3,930	7,8600
0,0095	3,933	7,8650
-0,0009	3,935	7,8700
-0,0052	3,938	7,8750
0,0062	3,940	7,8800
-0,0120	3,943	7,8850
0,0092	3,945	7,8900
0,0072	3,948	7,8950
-0,0072	3,950	7,9000
0,0161	3,953	7,9050
-0,0030	3,955	7,9100
-0,0100	3,958	7,9150
0,0056	3,960	7,9200
-0,0124	3,963	7,9250
0,0128	3,965	7,9300
-0,0008	3,968	7,9350
-0,0137	3,970	7,9400
0,0053	3,973	7,9450
0,0037	3,975	7,9500
-0,0075	3,978	7,9550
0,0089	3,980	7,9600
-0,0188	3,983	7,9650
0,0095	3,985	7,9700
0,0008	3,988	7,9750
-0,0113	3,990	7,9800
0,0107	3,993	7,9850
0,0035	3,995	7,9900
0,0039	3,998	7,9950
0,0129	4,000	8,0000
-0,0136	4,003	8,0050
0,0036	4,005	8,0100
-0,0034	4,008	8,0150
-0,0142	4,010	8,0200
0,0136	4,013	8,0250
-0,0001	4,015	8,0300
-0,0121	4,018	8,0350
0,0075	4,020	8,0400
-0,0167	4,023	8,0450
0,0077	4,025	8,0500
-0,0009	4,028	8,0550
-0,0170	4,030	8,0600
0,0033	4,033	8,0650
-0,0020	4,035	8,0700
-0,0018	4,038	8,0750
0,0179	4,040	8,0800
-0,0154	4,043	8,0850
0,0015	4,045	8,0900
-0,0056	4,048	8,0950
-0,0120	4,050	8,1000
0,0146	4,053	8,1050
0,0035	4,055	8,1100
-0,0043	4,058	8,1150
0,0166	4,060	8,1200
-0,0009	4,063	8,1250
0,0138	4,065	8,1300
0,0075	4,068	8,1350
-0,0051	4,070	8,1400
0,0127	4,073	8,1450
0,0026	4,075	8,1500
-0,0051	4,078	8,1550
0,0153	4,080	8,1600
-0,0094	4,083	8,1650
0,0024	4,085	8,1700
-0,0023	4,088	8,1750
-0,0120	4,090	8,1800
0,0094	4,093	8,1850
0,0017	4,095	8,1900
-0,0117	4,098	8,1950
0,0085	4,100	8,2000
-0,0138	4,103	8,2050
0,0128	4,105	8,2100
0,0075	4,108	8,2150
-0,0103	4,110	8,2200
0,0090	4,113	8,2250
0,0055	4,115	8,2300
0,0065	4,118	8,2350
0,0194	4,120	8,2400
-0,0134	4,123	8,2450
0,0012	4,125	8,2500
0,0000	4,128	8,2550
-0,0049	4,130	8,2600
0,0096	4,133	8,2650
0,0010	4,135	8,2700
-0,0053	4,138	8,2750
0,0117	4,140	8,2800
-0,0124	4,143	8,2850
0,0106	4,145	8,2900
0,0225	4,148	8,2950
-0,0016	4,150	8,3000
0,0138	4,153	8,3050
0,0009	4,155	8,3100
-0,0085	4,158	8,3150
0,0090	4,160	8,3200
-0,0123	4,163	8,3250
0,0029	4,165	8,3300
0,0025	4,168	8,3350
-0,0138	4,170	8,3400
0,0112	4,173	8,3450
0,0090	4,175	8,3500
-0,0002	4,178	8,3550
0,0129	4,180	8,3600
-0,0143	4,183	8,3650
0,0067	4,185	8,3700
0,0084	4,188	8,3750
-0,0124	4,190	8,3800
0,0069	4,193	8,3850
-0,0003	4,195	8,3900
-0,0076	4,198	8,3950
0,0012	4,200	8,4000
-0,0167	4,203	8,4050
0,0017	4,205	8,4100
-0,0002	4,208	8,4150
-0,0098	4,210	8,4200
0,0143	4,213	8,4250
0,0084	4,215	8,4300
-0,0033	4,218	8,4350
0,0128	4,220	8,4400
-0,0148	4,223	8,4450
0,0108	4,225	8,4500
-0,0023	4,228	8,4550
-0,0158	4,230	8,4600
-0,0039	4,233	8,4650
-0,0123	4,235	8,4700
-0,0024	4,238	8,4750
0,0215	4,240	8,4800
-0,0070	4,243	8,4850
0,0037	4,245	8,4900
-0,0061	4,248	8,4950
-0,0095	4,250	8,5000
0,0114	4,253	8,5050
-0,0052	4,255	8,5100
-0,0156	4,258	8,5150
0,0046	4,260	8,5200
-0,0126	4,263	8,5250
0,0180	4,265	8,5300
0,0082	4,268	8,5350
-0,0107	4,270	8,5400
0,0096	4,273	8,5450
0,0033	4,275	8,5500
-0,0059	4,278	8,5550
0,0063	4,280	8,5600
-0,0188	4,283	8,5650
0,0040	4,285	8,5700
0,0028	4,288	8,5750
-0,0132	4,290	8,5800
0,0114	4,293	8,5850
-0,0012	4,295	8,5900
-0,0051	4,298	8,5950
0,0035	4,300	8,6000
-0,0191	4,303	8,6050
0,0121	4,305	8,6100
0,0131	4,308	8,6150
-0,0110	4,310	8,6200
0,0035	4,313	8,6250
-0,0067	4,315	8,6300
-0,0049	4,318	8,6350
0,0111	4,320	8,6400
-0,0111	4,323	8,6450
0,0128	4,325	8,6500
0,0092	4,328	8,6550
-0,0066	4,330	8,6600
0,0105	4,333	8,6650
0,0043	4,335	8,6700
-0,0073	4,338	8,6750
0,0004	4,340	8,6800
-0,0170	4,343	8,6850
0,0106	4,345	8,6900
0,0101	4,348	8,6950
-0,0206	4,350	8,7000
-0,0028	4,353	8,7050
-0,0028	4,355	8,7100
0,0002	4,358	8,7150
0,0152	4,360	8,7200
-0,0108	4,363	8,7250
0,0059	4,365	8,7300
0,0040	4,368	8,7350
-0,0091	4,370	8,7400
0,0161	4,373	8,7450
0,0053	4,375	8,7500
-0,0079	4,378	8,7550
0,0104	4,380	8,7600
-0,0119	4,383	8,7650
0,0120	4,385	8,7700
0,0128	4,388	8,7750
-0,0042	4,390	8,7800
0,0098	4,393	8,7850
0,0010	4,395	8,7900
-0,0070	4,398	8,7950
0,0114	4,400	8,8000
-0,0138	4,403	8,8050
0,0027	4,405	8,8100
0,0010	4,408	8,8150
-0,0220	4,410	8,8200
0,0021	4,413	8,8250
-0,0022	4,415	8,8300
-0,0103	4,418	8,8350
0,0025	4,420	8,8400
-0,0215	4,423	8,8450
0,0079	4,425	8,8500
0,0122	4,428	8,8550
-0,0011	4,430	8,8600
0,0084	4,433	8,8650
0,0004	4,435	8,8700
0,0025	4,438	8,8750
0,0148	4,440	8,8800
-0,0146	4,443	8,8850
-0,0010	4,445	8,8900
-0,0028	4,448	8,8950
-0,0102	4,450	8,9000
0,0189	4,453	8,9050
0,0012	4,455	8,9100
-0,0033	4,458	8,9150
0,0126	4,460	8,9200
-0,0129	4,463	8,9250
0,0102	4,465	8,9300
0,0040	4,468	8,9350
-0,0015	4,470	8,9400
0,0176	4,473	8,9450
0,0076	4,475	8,9500
0,0017	4,478	8,9550
0,0186	4,480	8,9600
-0,0187	4,483	8,9650
-0,0011	4,485	8,9700
-0,0006	4,488	8,9750
-0,0100	4,490	8,9800
0,0084	4,493	8,9850
-0,0071	4,495	8,9900
-0,0107	4,498	8,9950
0,0098	4,500	9,0000
-0,0168	4,503	9,0050
0,0081	4,505	9,0100
0,0083	4,508	9,0150
-0,0183	4,510	9,0200
0,0057	4,513	9,0250
0,0063	4,515	9,0300
0,0051	4,518	9,0350
0,0209	4,520	9,0400
-0,0074	4,523	9,0450
0,0070	4,525	9,0500
0,0057	4,528	9,0550
-0,0085	4,530	9,0600
0,0141	4,533	9,0650
0,0002	4,535	9,0700
-0,0090	4,538	9,0750
0,0082	4,540	9,0800
-0,0114	4,543	9,0850
0,0106	4,545	9,0900
0,0114	4,548	9,0950
-0,0124	4,550	9,1000
0,0075	4,553	9,1050
-0,0065	4,555	9,1100
-0,0061	4,558	9,1150
0,0070	4,560	9,1200
-0,0148	4,563	9,1250
0,0062	4,565	9,1300
0,0056	4,568	9,1350
-0,0127	4,570	9,1400
0,0067	4,573	9,1450
0,0062	4,575	9,1500
-0,0028	4,578	9,1550
0,0126	4,580	9,1600
-0,0068	4,583	9,1650
0,0160	4,585	9,1700
0,0051	4,588	9,1750
-0,0078	4,590	9,1800
0,0071	4,593	9,1850
-0,0035	4,595	9,1900
-0,0020	4,598	9,1950
0,0129	4,600	9,2000
-0,0125	4,603	9,2050
0,0012	4,605	9,2100
0,0009	4,608	9,2150
-0,0119	4,610	9,2200
0,0095	4,613	9,2250
0,0074	4,615	9,2300
-0,0012	4,618	9,2350
0,0163	4,620	9,2400
-0,0130	4,623	9,2450
0,0085	4,625	9,2500
0,0030	4,628	9,2550
-0,0078	4,630	9,2600
0,0091	4,633	9,2650
-0,0052	4,635	9,2700
-0,0088	4,638	9,2750
0,0146	4,640	9,2800
-0,0128	4,643	9,2850
0,0018	4,645	9,2900
-0,0008	4,648	9,2950
-0,0222	4,650	9,3000
0,0139	4,653	9,3050
0,0064	4,655	9,3100
-0,0049	4,658	9,3150
0,0131	4,660	9,3200
-0,0142	4,663	9,3250
0,0083	4,665	9,3300
0,0112	4,668	9,3350
-0,0048	4,670	9,3400
0,0150	4,673	9,3450
0,0059	4,675	9,3500
-0,0036	4,678	9,3550
0,0151	4,680	9,3600
-0,0149	4,683	9,3650
0,0035	4,685	9,3700
0,0047	4,688	9,3750
-0,0101	4,690	9,3800
0,0142	4,693	9,3850
0,0088	4,695	9,3900
0,0017	4,698	9,3950
0,0117	4,700	9,4000
-0,0112	4,703	9,4050
0,0024	4,705	9,4100
0,0047	4,708	9,4150
-0,0157	4,710	9,4200
0,0106	4,713	9,4250
0,0079	4,715	9,4300
0,0071	4,718	9,4350
0,0156	4,720	9,4400
-0,0176	4,723	9,4450
-0,0074	4,725	9,4500
-0,0066	4,728	9,4550
-0,0175	4,730	9,4600
0,0055	4,733	9,4650
0,0057	4,735	9,4700
0,0022	4,738	9,4750
0,0148	4,740	9,4800
-0,0068	4,743	9,4850
0,0167	4,745	9,4900
0,0173	4,748	9,4950
-0,0094	4,750	9,5000
0,0121	4,753	9,5050
0,0016	4,755	9,5100
0,0018	4,758	9,5150
0,0209	4,760	9,5200
-0,0020	4,763	9,5250
0,0166	4,765	9,5300
0,0128	4,768	9,5350
-0,0048	4,770	9,5400
0,0202	4,773	9,5450
0,0173	4,775	9,5500
0,0063	4,778	9,5550
0,0322	4,780	9,5600
0,0113	4,783	9,5650
0,0440	4,785	9,5700
0,0326	4,788	9,5750
0,0045	4,790	9,5800
0,0302	4,793	9,5850
0,0249	4,795	9,5900
0,0287	4,798	9,5950
0,0468	4,800	9,6000
0,0195	4,803	9,6050
0,0404	4,805	9,6100
0,0441	4,808	9,6150
0,0311	4,810	9,6200
0,0624	4,813	9,6250
0,0607	4,815	9,6300
0,0530	4,818	9,6350
0,0712	4,820	9,6400
0,0485	4,823	9,6450
0,0817	4,825	9,6500
0,0816	4,828	9,6550
0,0684	4,830	9,6600
0,0928	4,833	9,6650
0,0866	4,835	9,6700
0,0803	4,838	9,6750
0,1027	4,840	9,6800
0,0791	4,843	9,6850
0,1011	4,845	9,6900
0,1019	4,848	9,6950
0,0959	4,850	9,7000
0,1335	4,853	9,7050
0,1306	4,855	9,7100
0,1211	4,858	9,7150
0,1385	4,860	9,7200
0,1118	4,863	9,7250
0,1442	4,865	9,7300
0,1459	4,868	9,7350
0,1344	4,870	9,7400
0,1529	4,873	9,7450
0,1582	4,875	9,7500
0,1570	4,878	9,7550
0,1850	4,880	9,7600
0,1512	4,883	9,7650
0,1803	4,885	9,7700
0,1861	4,888	9,7750
0,1859	4,890	9,7800
0,2089	4,893	9,7850
0,2058	4,895	9,7900
0,2010	4,898	9,7950
0,2277	4,900	9,8000
0,2127	4,903	9,8050
0,2395	4,905	9,8100
0,2448	4,908	9,8150
0,2336	4,910	9,8200
0,2569	4,913	9,8250
0,2560	4,915	9,8300
0,2573	4,918	9,8350
0,2855	4,920	9,8400
0,2599	4,923	9,8450
0,2961	4,925	9,8500
0,2964	4,928	9,8550
0,2891	4,930	9,8600
0,3152	4,933	9,8650
0,3185	4,935	9,8700
0,3164	4,938	9,8750
0,3417	4,940	9,8800
0,3234	4,943	9,8850
0,3474	4,945	9,8900
0,3596	4,948	9,8950
0,3493	4,950	9,9000
0,3831	4,953	9,9050
0,3816	4,955	9,9100
0,3891	4,958	9,9150
0,4139	4,960	9,9200
0,3957	4,963	9,9250
0,4218	4,965	9,9300
0,4209	4,968	9,9350
0,4201	4,970	9,9400
0,4576	4,973	9,9450
0,4646	4,975	9,9500
0,4612	4,978	9,9550
0,4817	4,980	9,9600
0,4722	4,983	9,9650
0,5091	4,985	9,9700
0,5129	4,988	9,9750
0,4980	4,990	9,9800
0,5272	4,993	9,9850
0,5289	4,995	9,9900
0,5370	4,998	9,9950
0,5639	5,000	10,0000
0,5471	5,003	10,0050
0,5756	5,005	10,0100
0,5847	5,008	10,0150
0,5822	5,010	10,0200
0,6146	5,013	10,0250
0,6233	5,015	10,0300
0,6286	5,018	10,0350
0,6579	5,020	10,0400
0,6389	5,023	10,0450
0,6677	5,025	10,0500
0,6779	5,028	10,0550
0,6724	5,030	10,0600
0,7053	5,033	10,0650
0,7178	5,035	10,0700
0,7251	5,038	10,0750
0,7581	5,040	10,0800
0,7445	5,043	10,0850
0,7741	5,045	10,0900
0,7851	5,048	10,0950
0,7908	5,050	10,1000
0,8296	5,053	10,1050
0,8319	5,055	10,1100
0,8306	5,058	10,1150
0,8674	5,060	10,1200
0,8649	5,063	10,1250
0,8983	5,065	10,1300
0,9132	5,068	10,1350
0,9115	5,070	10,1400
0,9419	5,073	10,1450
0,9620	5,075	10,1500
0,9800	5,078	10,1550
1,0142	5,080	10,1600
1,0001	5,083	10,1650
1,0376	5,085	10,1700
1,0539	5,088	10,1750
1,0663	5,090	10,1800
1,1004	5,093	10,1850
1,1126	5,095	10,1900
1,1308	5,098	10,1950
1,1673	5,100	10,2000
1,1667	5,103	10,2050
1,2107	5,105	10,2100
1,2373	5,108	10,2150
1,2470	5,110	10,2200
1,2841	5,113	10,2250
1,2976	5,115	10,2300
1,3186	5,118	10,2350
1,3651	5,120	10,2400
1,3615	5,123	10,2450
1,4064	5,125	10,2500
1,4235	5,128	10,2550
1,4463	5,130	10,2600
1,4947	5,133	10,2650
1,5251	5,135	10,2700
1,5472	5,138	10,2750
1,5790	5,140	10,2800
1,5736	5,143	10,2850
1,6214	5,145	10,2900
1,6560	5,148	10,2950
1,6584	5,150	10,3000
1,7086	5,153	10,3050
1,7258	5,155	10,3100
1,7574	5,158	10,3150
1,8046	5,160	10,3200
1,8097	5,163	10,3250
1,8584	5,165	10,3300
1,8812	5,168	10,3350
1,8983	5,170	10,3400
1,9552	5,173	10,3450
1,9829	5,175	10,3500
1,9972	5,178	10,3550
2,0549	5,180	10,3600
2,0596	5,183	10,3650
2,1156	5,185	10,3700
2,1456	5,188	10,3750
2,1573	5,190	10,3800
2,2100	5,193	10,3850
2,2372	5,195	10,3900
2,2678	5,198	10,3950
2,3168	5,200	10,4000
2,3269	5,203	10,4050
2,3780	5,205	10,4100
2,4143	5,208	10,4150
2,4392	5,210	10,4200
2,4893	5,213	10,4250
2,5177	5,215	10,4300
2,5462	5,218	10,4350
2,6052	5,220	10,4400
2,6177	5,223	10,4450
2,6703	5,225	10,4500
2,7017	5,228	10,4550
2,7241	5,230	10,4600
2,7817	5,233	10,4650
2,8135	5,235	10,4700
2,8442	5,238	10,4750
2,8940	5,240	10,4800
2,9106	5,243	10,4850
2,9624	5,245	10,4900
3,0005	5,248	10,4950
3,0216	5,250	10,5000
3,0852	5,253	10,5050
3,1219	5,255	10,5100
3,1519	5,258	10,5150
3,2119	5,260	10,5200
3,2259	5,263	10,5250
3,2757	5,265	10,5300
3,3093	5,268	10,5350
3,3320	5,270	10,5400
3,3909	5,273	10,5450
3,4307	5,275	10,5500
3,4688	5,278	10,5550
3,5301	5,280	10,5600
3,5478	5,283	10,5650
3,6024	5,285	10,5700
3,6395	5,288	10,5750
3,6689	5,290	10,5800
3,7332	5,293	10,5850
3,7646	5,295	10,5900
3,7995	5,298	10,5950
3,8568	5,300	10,6000
3,8780	5,303	10,6050
3,9479	5,305	10,6100
3,9900	5,308	10,6150
4,0136	5,310	10,6200
4,0774	5,313	10,6250
4,1125	5,315	10,6300
4,1530	5,318	10,6350
4,2140	5,320	10,6400
4,2399	5,323	10,6450
4,2967	5,325	10,6500
4,3416	5,328	10,6550
4,3722	5,330	10,6600
4,4335	5,333	10,6650
4,4751	5,335	10,6700
4,5166	5,338	10,6750
4,5744	5,340	10,6800
4,5939	5,343	10,6850
4,6541	5,345	10,6900
4,7035	5,348	10,6950
4,7404	5,350	10,7000
4,7996	5,353	10,7050
4,8329	5,355	10,7100
4,8773	5,358	10,7150
4,9384	5,360	10,7200
4,9640	5,363	10,7250
5,0289	5,365	10,7300
5,0791	5,368	10,7350
5,1083	5,370	10,7400
5,1742	5,373	10,7450
5,2196	5,375	10,7500
5,2562	5,378	10,7550
5,3042	5,380	10,7600
5,3233	5,383	10,7650
5,3962	5,385	10,7700
5,4417	5,388	10,7750
5,4727	5,390	10,7800
5,5313	5,393	10,7850
5,5758	5,395	10,7900
5,6225	5,398	10,7950
5,6878	5,400	10,8000
5,7192	5,403	10,8050
5,7759	5,405	10,8100
5,8131	5,408	10,8150
5,8525	5,410	10,8200
5,9171	5,413	10,8250
5,9577	5,415	10,8300
6,0041	5,418	10,8350
6,0743	5,420	10,8400
6,0979	5,423	10,8450
6,1618	5,425	10,8500
6,2009	5,428	10,8550
6,2365	5,430	10,8600
6,3009	5,433	10,8650
6,3442	5,435	10,8700
6,3845	5,438	10,8750
6,4458	5,440	10,8800
6,4725	5,443	10,8850
6,5460	5,445	10,8900
6,5949	5,448	10,8950
6,6328	5,450	10,9000
6,6977	5,453	10,9050
6,7405	5,455	10,9100
6,7830	5,458	10,9150
6,8395	5,460	10,9200
6,8707	5,463	10,9250
6,9385	5,465	10,9300
6,9761	5,468	10,9350
7,0134	5,470	10,9400
7,0769	5,473	10,9450
7,1188	5,475	10,9500
7,1676	5,478	10,9550
7,2400	5,480	10,9600
7,2698	5,483	10,9650
7,3266	5,485	10,9700
7,3661	5,488	10,9750
7,4098	5,490	10,9800
7,4795	5,493	10,9850
7,5140	5,495	10,9900
7,5568	5,498	10,9950
7,6229	5,500	11,0000
7,6558	5,503	11,0050
7,7287	5,505	11,0100
7,7773	5,508	11,0150
7,8059	5,510	11,0200
7,8650	5,513	11,0250
7,9106	5,515	11,0300
7,9598	5,518	11,0350
8,0186	5,520	11,0400
8,0421	5,523	11,0450
8,1133	5,525	11,0500
8,1636	5,528	11,0550
8,2037	5,530	11,0600
8,2710	5,533	11,0650
8,3203	5,535	11,0700
8,3593	5,538	11,0750
8,4262	5,540	11,0800
8,4455	5,543	11,0850
8,5044	5,545	11,0900
8,5500	5,548	11,0950
8,5851	5,550	11,1000
8,6524	5,553	11,1050
8,6981	5,555	11,1100
8,7544	5,558	11,1150
8,8274	5,560	11,1200
8,8527	5,563	11,1250
8,9202	5,565	11,1300
8,9667	5,568	11,1350
8,9975	5,570	11,1400
9,0620	5,573	11,1450
9,1055	5,575	11,1500
9,1504	5,578	11,1550
9,2197	5,580	11,1600
9,2421	5,583	11,1650
9,3166	5,585	11,1700
9,3699	5,588	11,1750
9,4085	5,590	11,1800
9,4708	5,593	11,1850
9,5184	5,595	11,1900
9,5637	5,598	11,1950
9,6279	5,600	11,2000
9,6579	5,603	11,2050
9,7191	5,605	11,2100
9,7645	5,608	11,2150
9,8047	5,610	11,2200
9,8704	5,613	11,2250
9,9150	5,615	11,2300
9,9626	5,618	11,2350
10,0288	5,620	11,2400
10,0560	5,623	11,2450
10,1241	5,625	11,2500
10,1760	5,628	11,2550
10,2102	5,630	11,2600
10,2659	5,633	11,2650
10,3135	5,635	11,2700
10,3609	5,638	11,2750
10,4319	5,640	11,2800
10,4629	5,643	11,2850
10,5266	5,645	11,2900
10,5752	5,648	11,2950
10,6093	5,650	11,3000
10,6672	5,653	11,3050
10,7191	5,655	11,3100
10,7674	5,658	11,3150
10,8292	5,660	11,3200
10,8641	5,663	11,3250
10,9383	5,665	11,3300
10,9846	5,668	11,3350
11,0232	5,670	11,3400
11,0832	5,673	11,3450
11,1288	5,675	11,3500
11,1724	5,678	11,3550
11,2373	5,680	11,3600
11,2694	5,683	11,3650
11,3434	5,685	11,3700
11,3942	5,688	11,3750
11,4351	5,690	11,3800
11,5011	5,693	11,3850
11,5507	5,695	11,3900
11,5951	5,698	11,3950
11,6646	5,700	11,4000
11,6877	5,703	11,4050
11,7556	5,705	11,4100
11,7997	5,708	11,4150
11,8329	5,710	11,4200
11,8922	5,713	11,4250
11,9430	5,715	11,4300
11,9945	5,718	11,4350
12,0584	5,720	11,4400
12,0809	5,723	11,4450
12,1486	5,725	11,4500
12,1984	5,728	11,4550
12,2433	5,730	11,4600
12,3061	5,733	11,4650
12,3514	5,735	11,4700
12,3983	5,738	11,4750
12,4605	5,740	11,4800
12,4884	5,743	11,4850
12,5595	5,745	11,4900
12,6129	5,748	11,4950
12,6464	5,750	11,5000
12,7123	5,753	11,5050
12,7562	5,755	11,5100
12,8076	5,758	11,5150
12,8814	5,760	11,5200
12,9060	5,763	11,5250
12,9740	5,765	11,5300
13,0254	5,768	11,5350
13,0698	5,770	11,5400
13,1411	5,773	11,5450
13,1895	5,775	11,5500
13,2321	5,778	11,5550
13,3010	5,780	11,5600
13,3304	5,783	11,5650
13,4018	5,785	11,5700
13,4462	5,788	11,5750
13,4819	5,790	11,5800
13,5526	5,793	11,5850
13,5974	5,795	11,5900
13,6495	5,798	11,5950
13,7181	5,800	11,6000
13,7463	5,803	11,6050
13,8067	5,805	11,6100
13,8572	5,808	11,6150
13,8934	5,810	11,6200
13,9604	5,813	11,6250
14,0092	5,815	11,6300
14,0452	5,818	11,6350
14,1103	5,820	11,6400
14,1389	5,823	11,6450
14,2182	5,825	11,6500
14,2630	5,828	11,6550
14,3007	5,830	11,6600
14,3694	5,833	11,6650
14,4153	5,835	11,6700
14,4592	5,838	11,6750
14,5250	5,840	11,6800
14,5559	5,843	11,6850
14,6151	5,845	11,6900
14,6653	5,848	11,6950
14,7106	5,850	11,7000
14,7797	5,853	11,7050
14,8237	5,855	11,7100
14,8700	5,858	11,7150
14,9335	5,860	11,7200
14,9590	5,863	11,7250
15,0233	5,865	11,7300
15,0700	5,868	11,7350
15,1090	5,870	11,7400
15,1740	5,873	11,7450
15,2317	5,875	11,7500
15,2763	5,878	11,7550
15,3414	5,880	11,7600
15,3634	5,883	11,7650
15,4274	5,885	11,7700
15,4826	5,888	11,7750
15,5233	5,890	11,7800
15,5824	5,893	11,7850
15,6330	5,895	11,7900
15,6772	5,898	11,7950
15,7336	5,900	11,8000
15,7615	5,903	11,8050
15,8311	5,905	11,8100
15,8798	5,908	11,8150
15,9169	5,910	11,8200
15,9834	5,913	11,8250
16,0326	5,915	11,8300
16,0733	5,918	11,8350
16,1321	5,920	11,8400
16,1724	5,923	11,8450
16,2434	5,925	11,8500
16,2868	5,928	11,8550
16,3238	5,930	11,8600
16,3845	5,933	11,8650
16,4363	5,935	11,8700
16,4826	5,938	11,8750
16,5454	5,940	11,8800
16,5724	5,943	11,8850
16,6370	5,945	11,8900
16,6901	5,948	11,8950
16,7278	5,950	11,9000
16,7949	5,953	11,9050
16,8368	5,955	11,9100
16,8936	5,958	11,9150
16,9644	5,960	11,9200
17,0000	5,963	11,9250
17,0629	5,965	11,9300
17,1107	5,968	11,9350
17,1513	5,970	11,9400
17,2144	5,973	11,9450
17,2584	5,975	11,9500
17,3006	5,978	11,9550
17,3692	5,980	11,9600
17,3980	5,983	11,9650
17,4610	5,985	11,9700
17,5116	5,988	11,9750
17,5517	5,990	11,9800
17,6198	5,993	11,9850
17,6695	5,995	11,9900
17,7204	5,998	11,9950
17,7848	6,000	12,0000
17,8112	6,003	12,0050
17,8727	6,005	12,0100
17,9225	6,008	12,0150
17,9564	6,010	12,0200
18,0221	6,013	12,0250
18,0691	6,015	12,0300
18,1088	6,018	12,0350
18,1850	6,020	12,0400
18,2182	6,023	12,0450
18,2916	6,025	12,0500
18,3387	6,028	12,0550
18,3795	6,030	12,0600
18,4492	6,033	12,0650
18,4894	6,035	12,0700
18,5342	6,038	12,0750
18,6102	6,040	12,0800
18,6409	6,043	12,0850
18,7033	6,045	12,0900
18,7434	6,048	12,0950
18,7886	6,050	12,1000
18,8693	6,053	12,1050
18,9137	6,055	12,1100
18,9454	6,058	12,1150
19,0116	6,060	12,1200
19,0448	6,063	12,1250
19,1137	6,065	12,1300
19,1704	6,068	12,1350
19,2089	6,070	12,1400
19,2694	6,073	12,1450
19,3124	6,075	12,1500
19,3526	6,078	12,1550
19,4245	6,080	12,1600
19,4624	6,083	12,1650
19,5326	6,085	12,1700
19,5750	6,088	12,1750
19,6144	6,090	12,1800
19,6819	6,093	12,1850
19,7310	6,095	12,1900
19,7797	6,098	12,1950
19,8463	6,100	12,2000
19,8715	6,103	12,2050
19,9363	6,105	12,2100
19,9867	6,108	12,2150
20,0207	6,110	12,2200
20,0812	6,113	12,2250
20,1341	6,115	12,2300
20,1965	6,118	12,2350
20,2645	6,120	12,2400
20,2884	6,123	12,2450
20,3537	6,125	12,2500
20,3989	6,128	12,2550
20,4351	6,130	12,2600
20,5018	6,133	12,2650
20,5561	6,135	12,2700
20,6072	6,138	12,2750
20,6700	6,140	12,2800
20,6954	6,143	12,2850
20,7599	6,145	12,2900
20,8203	6,148	12,2950
20,8550	6,150	12,3000
20,9208	6,153	12,3050
20,9638	6,155	12,3100
21,0088	6,158	12,3150
21,0687	6,160	12,3200
21,1064	6,163	12,3250
21,1731	6,165	12,3300
21,2260	6,168	12,3350
21,2628	6,170	12,3400
21,3232	6,173	12,3450
21,3668	6,175	12,3500
21,4086	6,178	12,3550
21,4742	6,180	12,3600
21,5013	6,183	12,3650
21,5688	6,185	12,3700
21,6212	6,188	12,3750
21,6626	6,190	12,3800
21,7308	6,193	12,3850
21,7814	6,195	12,3900
21,8251	6,198	12,3950
21,8886	6,200	12,4000
21,9271	6,203	12,4050
21,9897	6,205	12,4100
22,0411	6,208	12,4150
22,0853	6,210	12,4200
22,1519	6,213	12,4250
22,1986	6,215	12,4300
22,2436	6,218	12,4350
22,3103	6,220	12,4400
22,3424	6,223	12,4450
22,4095	6,225	12,4500
22,4594	6,228	12,4550
22,4928	6,230	12,4600
22,5575	6,233	12,4650
22,6153	6,235	12,4700
22,6693	6,238	12,4750
22,7324	6,240	12,4800
22,7580	6,243	12,4850
22,8285	6,245	12,4900
22,8744	6,248	12,4950
22,9134	6,250	12,5000
22,9833	6,253	12,5050
23,0312	6,255	12,5100
23,0786	6,258	12,5150
23,1445	6,260	12,5200
23,1728	6,263	12,5250
23,2375	6,265	12,5300
23,2857	6,268	12,5350
23,3288	6,270	12,5400
23,3969	6,273	12,5450
23,4519	6,275	12,5500
23,4952	6,278	12,5550
23,5590	6,280	12,5600
23,5844	6,283	12,5650
23,6518	6,285	12,5700
23,7059	6,288	12,5750
23,7414	6,290	12,5800
23,8079	6,293	12,5850
23,8512	6,295	12,5900
23,9015	6,298	12,5950
23,9674	6,300	12,6000
23,9958	6,303	12,6050
24,0648	6,305	12,6100
24,1129	6,308	12,6150
24,1504	6,310	12,6200
24,2206	6,313	12,6250
24,2669	6,315	12,6300
24,3178	6,318	12,6350
24,3842	6,320	12,6400
24,4174	6,323	12,6450
24,4881	6,325	12,6500
24,5352	6,328	12,6550
24,5776	6,330	12,6600
24,6417	6,333	12,6650
24,6935	6,335	12,6700
24,7433	6,338	12,6750
24,8099	6,340	12,6800
24,8403	6,343	12,6850
24,8997	6,345	12,6900
24,9522	6,348	12,6950
24,9870	6,350	12,7000
25,0517	6,353	12,7050
25,1013	6,355	12,7100
25,1611	6,358	12,7150
25,2244	6,360	12,7200
25,2592	6,363	12,7250
25,3302	6,365	12,7300
25,3764	6,368	12,7350
25,4170	6,370	12,7400
25,4811	6,373	12,7450
25,5334	6,375	12,7500
25,5746	6,378	12,7550
25,6466	6,380	12,7600
25,6802	6,383	12,7650
25,7515	6,385	12,7700
25,7988	6,388	12,7750
25,8377	6,390	12,7800
25,9013	6,393	12,7850
25,9475	6,395	12,7900
25,9929	6,398	12,7950
26,0562	6,400	12,8000
26,0938	6,403	12,8050
26,1594	6,405	12,8100
26,2081	6,408	12,8150
26,2416	6,410	12,8200
26,3097	6,413	12,8250
26,3627	6,415	12,8300
26,4048	6,418	12,8350
26,4717	6,420	12,8400
26,5047	6,423	12,8450
26,5741	6,425	12,8500
26,6185	6,428	12,8550
26,6678	6,430	12,8600
26,7396	6,433	12,8650
26,7883	6,435	12,8700
26,8297	6,438	12,8750
26,8924	6,440	12,8800
26,9320	6,443	12,8850
26,9972	6,445	12,8900
27,0467	6,448	12,8950
27,0921	6,450	12,9000
27,1605	6,453	12,9050
27,2030	6,455	12,9100
27,2492	6,458	12,9150
27,3150	6,460	12,9200
27,3479	6,463	12,9250
27,4217	6,465	12,9300
27,4707	6,468	12,9350
27,5145	6,470	12,9400
27,5733	6,473	12,9450
27,6225	6,475	12,9500
27,6710	6,478	12,9550
27,7513	6,480	12,9600
27,7823	6,483	12,9650
27,8448	6,485	12,9700
27,8966	6,488	12,9750
27,9380	6,490	12,9800
28,0036	6,493	12,9850
28,0452	6,495	12,9900
28,1006	6,498	12,9950
28,1693	6,500	13,0000
28,2027	6,503	13,0050
28,2676	6,505	13,0100
28,3231	6,508	13,0150
28,3604	6,510	13,0200
28,4263	6,513	13,0250
28,4695	6,515	13,0300
28,5154	6,518	13,0350
28,5828	6,520	13,0400
28,6201	6,523	13,0450
28,6833	6,525	13,0500
28,7381	6,528	13,0550
28,7825	6,530	13,0600
28,8454	6,533	13,0650
28,8934	6,535	13,0700
28,9403	6,538	13,0750
29,0095	6,540	13,0800
29,0370	6,543	13,0850
29,0986	6,545	13,0900
29,1531	6,548	13,0950
29,1885	6,550	13,1000
29,2567	6,553	13,1050
29,3105	6,555	13,1100
29,3609	6,558	13,1150
29,4256	6,560	13,1200
29,4690	6,563	13,1250
29,5353	6,565	13,1300
29,5866	6,568	13,1350
29,6200	6,570	13,1400
29,6833	6,573	13,1450
29,7393	6,575	13,1500
29,7872	6,578	13,1550
29,8482	6,580	13,1600
29,8800	6,583	13,1650
29,9570	6,585	13,1700
30,0164	6,588	13,1750
30,0549	6,590	13,1800
30,1149	6,593	13,1850
30,1647	6,595	13,1900
30,2157	6,598	13,1950
30,2869	6,600	13,2000
30,3225	6,603	13,2050
30,3855	6,605	13,2100
30,4301	6,608	13,2150
30,4733	6,610	13,2200
30,5459	6,613	13,2250
30,5933	6,615	13,2300
30,6419	6,618	13,2350
30,7115	6,620	13,2400
30,7436	6,623	13,2450
30,8123	6,625	13,2500
30,8608	6,628	13,2550
30,9010	6,630	13,2600
30,9675	6,633	13,2650
31,0151	6,635	13,2700
31,0689	6,638	13,2750
31,1424	6,640	13,2800
31,1784	6,643	13,2850
31,2381	6,645	13,2900
31,2908	6,648	13,2950
31,3335	6,650	13,3000
31,3996	6,653	13,3050
31,4440	6,655	13,3100
31,4827	6,658	13,3150
31,5541	6,660	13,3200
31,5888	6,663	13,3250
31,6603	6,665	13,3300
31,7164	6,668	13,3350
31,7589	6,670	13,3400
31,8217	6,673	13,3450
31,8703	6,675	13,3500
31,9210	6,678	13,3550
31,9888	6,680	13,3600
32,0262	6,683	13,3650
32,1034	6,685	13,3700
32,1490	6,688	13,3750
32,1902	6,690	13,3800
32,2621	6,693	13,3850
32,3135	6,695	13,3900
32,3685	6,698	13,3950
32,4421	6,700	13,4000
32,4752	6,703	13,4050
32,5444	6,705	13,4100
32,5978	6,708	13,4150
32,6420	6,710	13,4200
32,6986	6,713	13,4250
32,7467	6,715	13,4300
32,8010	6,718	13,4350
32,8690	6,720	13,4400
32,8987	6,723	13,4450
32,9649	6,725	13,4500
33,0165	6,728	13,4550
33,0532	6,730	13,4600
33,1230	6,733	13,4650
33,1793	6,735	13,4700
33,2295	6,738	13,4750
33,2957	6,740	13,4800
33,3355	6,743	13,4850
33,3991	6,745	13,4900
33,4471	6,748	13,4950
33,4859	6,750	13,5000
33,5514	6,753	13,5050
33,6013	6,755	13,5100
33,6586	6,758	13,5150
33,7187	6,760	13,5200
33,7522	6,763	13,5250
33,8222	6,765	13,5300
33,8766	6,768	13,5350
33,9181	6,770	13,5400
33,9843	6,773	13,5450
34,0289	6,775	13,5500
34,0716	6,778	13,5550
34,1462	6,780	13,5600
34,1816	6,783	13,5650
34,2472	6,785	13,5700
34,2963	6,788	13,5750
34,3402	6,790	13,5800
34,4051	6,793	13,5850
34,4582	6,795	13,5900
34,5188	6,798	13,5950
34,5864	6,800	13,6000
34,6237	6,803	13,6050
34,6867	6,805	13,6100
34,7403	6,808	13,6150
34,7810	6,810	13,6200
34,8538	6,813	13,6250
34,9032	6,815	13,6300
34,9534	6,818	13,6350
35,0084	6,820	13,6400
35,0432	6,823	13,6450
35,1170	6,825	13,6500
35,1702	6,828	13,6550
35,2140	6,830	13,6600
35,2802	6,833	13,6650
35,3264	6,835	13,6700
35,3724	6,838	13,6750
35,4392	6,840	13,6800
35,4785	6,843	13,6850
35,5476	6,845	13,6900
35,6038	6,848	13,6950
35,6493	6,850	13,7000
35,7197	6,853	13,7050
35,7692	6,855	13,7100
35,8184	6,858	13,7150
35,8781	6,860	13,7200
35,9163	6,863	13,7250
35,9877	6,865	13,7300
36,0388	6,868	13,7350
36,0788	6,870	13,7400
36,1478	6,873	13,7450
36,1995	6,875	13,7500
36,2442	6,878	13,7550
36,3213	6,880	13,7600
36,3599	6,883	13,7650
36,4295	6,885	13,7700
36,4766	6,888	13,7750
36,5102	6,890	13,7800
36,5749	6,893	13,7850
36,6281	6,895	13,7900
36,6765	6,898	13,7950
36,7369	6,900	13,8000
36,7703	6,903	13,8050
36,8371	6,905	13,8100
36,8950	6,908	13,8150
36,9316	6,910	13,8200
37,0055	6,913	13,8250
37,0535	6,915	13,8300
37,1052	6,918	13,8350
37,1657	6,920	13,8400
37,2039	6,923	13,8450
37,2730	6,925	13,8500
37,3301	6,928	13,8550
37,3781	6,930	13,8600
37,4487	6,933	13,8650
37,5044	6,935	13,8700
37,5548	6,938	13,8750
37,6213	6,940	13,8800
37,6622	6,943	13,8850
37,7265	6,945	13,8900
37,7738	6,948	13,8950
37,8067	6,950	13,9000
37,8826	6,953	13,9050
37,9320	6,955	13,9100
37,9856	6,958	13,9150
38,0498	6,960	13,9200
38,0865	6,963	13,9250
38,1550	6,965	13,9300
38,2109	6,968	13,9350
38,2563	6,970	13,9400
38,3257	6,973	13,9450
38,3763	6,975	13,9500
38,4183	6,978	13,9550
38,4946	6,980	13,9600
38,5253	6,983	13,9650
38,5935	6,985	13,9700
38,6473	6,988	13,9750
38,6927	6,990	13,9800
38,7646	6,993	13,9850
38,8151	6,995	13,9900
38,8650	6,998	13,9950
38,9325	7,000	14,0000
38,9702	7,003	14,0050
39,0295	7,005	14,0100
39,0758	7,008	14,0150
39,1215	7,010	14,0200
39,2026	7,013	14,0250
39,2544	7,015	14,0300
39,3055	7,018	14,0350
39,3739	7,020	14,0400
39,4031	7,023	14,0450
39,4710	7,025	14,0500
39,5221	7,028	14,0550
39,5656	7,030	14,0600
39,6296	7,033	14,0650
39,6790	7,035	14,0700
39,7307	7,038	14,0750
39,8026	7,040	14,0800
39,8404	7,043	14,0850
39,9145	7,045	14,0900
39,9758	7,048	14,0950
40,0145	7,050	14,1000
40,0818	7,053	14,1050
40,1277	7,055	14,1100
40,1730	7,058	14,1150
40,2354	7,060	14,1200
40,2772	7,063	14,1250
40,3468	7,065	14,1300
40,4053	7,068	14,1350
40,4510	7,070	14,1400
40,5222	7,073	14,1450
40,5731	7,075	14,1500
40,6253	7,078	14,1550
40,6919	7,080	14,1600
40,7208	7,083	14,1650
40,7894	7,085	14,1700
40,8458	7,088	14,1750
40,8937	7,090	14,1800
40,9593	7,093	14,1850
41,0095	7,095	14,1900
41,0605	7,098	14,1950
41,1279	7,100	14,2000
41,1619	7,103	14,2050
41,2322	7,105	14,2100
41,2875	7,108	14,2150
41,3295	7,110	14,2200
41,4015	7,113	14,2250
41,4460	7,115	14,2300
41,5057	7,118	14,2350
41,5788	7,120	14,2400
41,6160	7,123	14,2450
41,6765	7,125	14,2500
41,7275	7,128	14,2550
41,7813	7,130	14,2600
41,8447	7,133	14,2650
41,8933	7,135	14,2700
41,9380	7,138	14,2750
42,0006	7,140	14,2800
42,0400	7,143	14,2850
42,1089	7,145	14,2900
42,1680	7,148	14,2950
42,2128	7,150	14,3000
42,2830	7,153	14,3050
42,3296	7,155	14,3100
42,3881	7,158	14,3150
42,4474	7,160	14,3200
42,4857	7,163	14,3250
42,5646	7,165	14,3300
42,6140	7,168	14,3350
42,6577	7,170	14,3400
42,7226	7,173	14,3450
42,7759	7,175	14,3500
42,8260	7,178	14,3550
42,8943	7,180	14,3600
42,9291	7,183	14,3650
43,0044	7,185	14,3700
43,0624	7,188	14,3750
43,1080	7,190	14,3800
43,1839	7,193	14,3850
43,2342	7,195	14,3900
43,2850	7,198	14,3950
43,3505	7,200	14,4000
43,3883	7,203	14,4050
43,4556	7,205	14,4100
43,5127	7,208	14,4150
43,5563	7,210	14,4200
43,6232	7,213	14,4250
43,6708	7,215	14,4300
43,7238	7,218	14,4350
43,7965	7,220	14,4400
43,8317	7,223	14,4450
43,9116	7,225	14,4500
43,9635	7,228	14,4550
43,9955	7,230	14,4600
44,0603	7,233	14,4650
44,1112	7,235	14,4700
44,1743	7,238	14,4750
44,2437	7,240	14,4800
44,2855	7,243	14,4850
44,3464	7,245	14,4900
44,3984	7,248	14,4950
44,4423	7,250	14,5000
44,5113	7,253	14,5050
44,5631	7,255	14,5100
44,6148	7,258	14,5150
44,6739	7,260	14,5200
44,7152	7,263	14,5250
44,7862	7,265	14,5300
44,8427	7,268	14,5350
44,8867	7,270	14,5400
44,9538	7,273	14,5450
45,0016	7,275	14,5500
45,0494	7,278	14,5550
45,1226	7,280	14,5600
45,1637	7,283	14,5650
45,2306	7,285	14,5700
45,2837	7,288	14,5750
45,3292	7,290	14,5800
45,3992	7,293	14,5850
45,4534	7,295	14,5900
45,5077	7,298	14,5950
45,5757	7,300	14,6000
45,6142	7,303	14,6050
45,6843	7,305	14,6100
45,7424	7,308	14,6150
45,7811	7,310	14,6200
45,8480	7,313	14,6250
45,8999	7,315	14,6300
45,9577	7,318	14,6350
46,0243	7,320	14,6400
46,0664	7,323	14,6450
46,1317	7,325	14,6500
46,1868	7,328	14,6550
46,2323	7,330	14,6600
46,2995	7,333	14,6650
46,3498	7,335	14,6700
46,4014	7,338	14,6750
46,4728	7,340	14,6800
46,5148	7,343	14,6850
46,5854	7,345	14,6900
46,6373	7,348	14,6950
46,6782	7,350	14,7000
46,7542	7,353	14,7050
46,7974	7,355	14,7100
46,8459	7,358	14,7150
46,9077	7,360	14,7200
46,9505	7,363	14,7250
47,0188	7,365	14,7300
47,0798	7,368	14,7350
47,1275	7,370	14,7400
47,1963	7,373	14,7450
47,2468	7,375	14,7500
47,2981	7,378	14,7550
47,3690	7,380	14,7600
47,4015	7,383	14,7650
47,4742	7,385	14,7700
47,5298	7,388	14,7750
47,5742	7,390	14,7800
47,6391	7,393	14,7850
47,6942	7,395	14,7900
47,7441	7,398	14,7950
47,8115	7,400	14,8000
47,8562	7,403	14,8050
47,9211	7,405	14,8100
47,9743	7,408	14,8150
48,0236	7,410	14,8200
48,0999	7,413	14,8250
48,1432	7,415	14,8300
48,1943	7,418	14,8350
48,2630	7,420	14,8400
48,3007	7,423	14,8450
48,3727	7,425	14,8500
48,4354	7,428	14,8550
48,4848	7,430	14,8600
48,5540	7,433	14,8650
48,6037	7,435	14,8700
48,6564	7,438	14,8750
48,7258	7,440	14,8800
48,7674	7,443	14,8850
48,8441	7,445	14,8900
48,9036	7,448	14,8950
48,9480	7,450	14,9000
49,0153	7,453	14,9050
49,0642	7,455	14,9100
49,1139	7,458	14,9150
49,1812	7,460	14,9200
49,2266	7,463	14,9250
49,2923	7,465	14,9300
49,3382	7,468	14,9350
49,3873	7,470	14,9400
49,4663	7,473	14,9450
49,5186	7,475	14,9500
49,5633	7,478	14,9550
49,6328	7,480	14,9600
49,6806	7,483	14,9650
49,7508	7,485	14,9700
49,7988	7,488	14,9750
49,8449	7,490	14,9800
49,9163	7,493	14,9850
49,9663	7,495	14,9900
50,0205	7,498	14,9950
50,0906	7,500	15,0000
50,1320	7,503	15,0050
50,2053	7,505	15,0100
50,2645	7,508	15,0150
50,3013	7,510	15,0200
50,3750	7,513	15,0250
50,4226	7,515	15,0300
50,4746	7,518	15,0350
50,5430	7,520	15,0400
50,5840	7,523	15,0450
50,6624	7,525	15,0500
50,7164	7,528	15,0550
50,7536	7,530	15,0600
50,8221	7,533	15,0650
50,8797	7,535	15,0700
50,9349	7,538	15,0750
51,0088	7,540	15,0800
51,0449	7,543	15,0850
51,1181	7,545	15,0900
51,1831	7,548	15,0950
51,2278	7,550	15,1000
51,3032	7,553	15,1050
51,3598	7,555	15,1100
51,4174	7,558	15,1150
51,4854	7,560	15,1200
51,5273	7,563	15,1250
51,5978	7,565	15,1300
51,6567	7,568	15,1350
51,6981	7,570	15,1400
51,7677	7,573	15,1450
51,8180	7,575	15,1500
51,8596	7,578	15,1550
51,9323	7,580	15,1600
51,9710	7,583	15,1650
52,0444	7,585	15,1700
52,1023	7,588	15,1750
52,1477	7,590	15,1800
52,2154	7,593	15,1850
52,2664	7,595	15,1900
52,3159	7,598	15,1950
52,3837	7,600	15,2000
52,4269	7,603	15,2050
52,4919	7,605	15,2100
52,5459	7,608	15,2150
52,5915	7,610	15,2200
52,6648	7,613	15,2250
52,7205	7,615	15,2300
52,7713	7,618	15,2350
52,8409	7,620	15,2400
52,8831	7,623	15,2450
52,9569	7,625	15,2500
53,0044	7,628	15,2550
53,0511	7,630	15,2600
53,1138	7,633	15,2650
53,1637	7,635	15,2700
53,2209	7,638	15,2750
53,2938	7,640	15,2800
53,3386	7,643	15,2850
53,4077	7,645	15,2900
53,4635	7,648	15,2950
53,5069	7,650	15,3000
53,5742	7,653	15,3050
53,6220	7,655	15,3100
53,6757	7,658	15,3150
53,7370	7,660	15,3200
53,7810	7,663	15,3250
53,8613	7,665	15,3300
53,9198	7,668	15,3350
53,9690	7,670	15,3400
54,0417	7,673	15,3450
54,0913	7,675	15,3500
54,1423	7,678	15,3550
54,2140	7,680	15,3600
54,2511	7,683	15,3650
54,3227	7,685	15,3700
54,3712	7,688	15,3750
54,4208	7,690	15,3800
54,4901	7,693	15,3850
54,5528	7,695	15,3900
54,6093	7,698	15,3950
54,6834	7,700	15,4000
54,7155	7,703	15,4050
54,7873	7,705	15,4100
54,8426	7,708	15,4150
54,8886	7,710	15,4200
54,9587	7,713	15,4250
55,0080	7,715	15,4300
55,0701	7,718	15,4350
55,1462	7,720	15,4400
55,1865	7,723	15,4450
55,2604	7,725	15,4500
55,3103	7,728	15,4550
55,3605	7,730	15,4600
55,4261	7,733	15,4650
55,4803	7,735	15,4700
55,5284	7,738	15,4750
55,6092	7,740	15,4800
55,6542	7,743	15,4850
55,7282	7,745	15,4900
55,7781	7,748	15,4950
55,8138	7,750	15,5000
55,8835	7,753	15,5050
55,9443	7,755	15,5100
56,0040	7,758	15,5150
56,0684	7,760	15,5200
56,1096	7,763	15,5250
56,1739	7,765	15,5300
56,2309	7,768	15,5350
56,2834	7,770	15,5400
56,3477	7,773	15,5450
56,4081	7,775	15,5500
56,4587	7,778	15,5550
56,5292	7,780	15,5600
56,5655	7,783	15,5650
56,6413	7,785	15,5700
56,6914	7,788	15,5750
56,7416	7,790	15,5800
56,8166	7,793	15,5850
56,8710	7,795	15,5900
56,9235	7,798	15,5950
56,9933	7,800	15,6000
57,0415	7,803	15,6050
57,1093	7,805	15,6100
57,1698	7,808	15,6150
57,2179	7,810	15,6200
57,2889	7,813	15,6250
57,3404	7,815	15,6300
57,3883	7,818	15,6350
57,4566	7,820	15,6400
57,4989	7,823	15,6450
57,5764	7,825	15,6500
57,6266	7,828	15,6550
57,6799	7,830	15,6600
57,7552	7,833	15,6650
57,8131	7,835	15,6700
57,8740	7,838	15,6750
57,9430	7,840	15,6800
57,9759	7,843	15,6850
58,0473	7,845	15,6900
58,0934	7,848	15,6950
58,1378	7,850	15,7000
58,2131	7,853	15,7050
58,2684	7,855	15,7100
58,3232	7,858	15,7150
58,3965	7,860	15,7200
58,4304	7,863	15,7250
58,4972	7,865	15,7300
58,5499	7,868	15,7350
58,5971	7,870	15,7400
58,6705	7,873	15,7450
58,7352	7,875	15,7500
58,7828	7,878	15,7550
58,8538	7,880	15,7600
58,8938	7,883	15,7650
58,9655	7,885	15,7700
59,0157	7,888	15,7750
59,0640	7,890	15,7800
59,1334	7,893	15,7850
59,1927	7,895	15,7900
59,2376	7,898	15,7950
59,3003	7,900	15,8000
59,3387	7,903	15,8050
59,4183	7,905	15,8100
59,4746	7,908	15,8150
59,5113	7,910	15,8200
59,5792	7,913	15,8250
59,6365	7,915	15,8300
59,7032	7,918	15,8350
59,7696	7,920	15,8400
59,8102	7,923	15,8450
59,8789	7,925	15,8500
59,9358	7,928	15,8550
59,9801	7,930	15,8600
60,0525	7,933	15,8650
60,1135	7,935	15,8700
60,1730	7,938	15,8750
60,2472	7,940	15,8800
60,2882	7,943	15,8850
60,3607	7,945	15,8900
60,4167	7,948	15,8950
60,4668	7,950	15,9000
60,5313	7,953	15,9050
60,5790	7,955	15,9100
60,6435	7,958	15,9150
60,7148	7,960	15,9200
60,7536	7,963	15,9250
60,8282	7,965	15,9300
60,8854	7,968	15,9350
60,9357	7,970	15,9400
61,0074	7,973	15,9450
61,0580	7,975	15,9500
61,0997	7,978	15,9550
61,1729	7,980	15,9600
61,2251	7,983	15,9650
61,3086	7,985	15,9700
61,3502	7,988	15,9750
61,3935	7,990	15,9800
61,4697	7,993	15,9850
61,5215	7,995	15,9900
61,5778	7,998	15,9950
61,6497	8,000	16,0000
61,6915	8,003	16,0050
61,7654	8,005	16,0100
61,8282	8,008	16,0150
61,8707	8,010	16,0200
61,9447	8,013	16,0250
61,9962	8,015	16,0300
62,0523	8,018	16,0350
62,1250	8,020	16,0400
62,1572	8,023	16,0450
62,2310	8,025	16,0500
62,2852	8,028	16,0550
62,3329	8,030	16,0600
62,4023	8,033	16,0650
62,4555	8,035	16,0700
62,5224	8,038	16,0750
62,5935	8,040	16,0800
62,6276	8,043	16,0850
62,6998	8,045	16,0900
62,7637	8,048	16,0950
62,8098	8,050	16,1000
62,8873	8,053	16,1050
62,9464	8,055	16,1100
63,0086	8,058	16,1150
63,0802	8,060	16,1200
63,1257	8,063	16,1250
63,1915	8,065	16,1300
63,2442	8,068	16,1350
63,2923	8,070	16,1400
63,3650	8,073	16,1450
63,4202	8,075	16,1500
63,4757	8,078	16,1550
63,5535	8,080	16,1600
63,5981	8,083	16,1650
63,6726	8,085	16,1700
63,7252	8,088	16,1750
63,7681	8,090	16,1800
63,8368	8,093	16,1850
63,8900	8,095	16,1900
63,9477	8,098	16,1950
64,0217	8,100	16,2000
64,0671	8,103	16,2050
64,1338	8,105	16,2100
64,1909	8,108	16,2150
64,2346	8,110	16,2200
64,3075	8,113	16,2250
64,3651	8,115	16,2300
64,4241	8,118	16,2350
64,4982	8,120	16,2400
64,5356	8,123	16,2450
64,6087	8,125	16,2500
64,6673	8,128	16,2550
64,7184	8,130	16,2600
64,7839	8,133	16,2650
64,8387	8,135	16,2700
64,8894	8,138	16,2750
64,9613	8,140	16,2800
65,0031	8,143	16,2850
65,0735	8,145	16,2900
65,1267	8,148	16,2950
65,1669	8,150	16,3000
65,2466	8,153	16,3050
65,3006	8,155	16,3100
65,3606	8,158	16,3150
65,4340	8,160	16,3200
65,4768	8,163	16,3250
65,5475	8,165	16,3300
65,6025	8,168	16,3350
65,6548	8,170	16,3400
65,7317	8,173	16,3450
65,7879	8,175	16,3500
65,8333	8,178	16,3550
65,9121	8,180	16,3600
65,9627	8,183	16,3650
66,0374	8,185	16,3700
66,0915	8,188	16,3750
66,1360	8,190	16,3800
66,2118	8,193	16,3850
66,2705	8,195	16,3900
66,3276	8,198	16,3950
66,3972	8,200	16,4000
66,4445	8,203	16,4050
66,5133	8,205	16,4100
66,5709	8,208	16,4150
66,6203	8,210	16,4200
66,6907	8,213	16,4250
66,7402	8,215	16,4300
66,7887	8,218	16,4350
66,8631	8,220	16,4400
66,9083	8,223	16,4450
66,9899	8,225	16,4500
67,0465	8,228	16,4550
67,0928	8,230	16,4600
67,1688	8,233	16,4650
67,2280	8,235	16,4700
67,2809	8,238	16,4750
67,3489	8,240	16,4800
67,3931	8,243	16,4850
67,4613	8,245	16,4900
67,5177	8,248	16,4950
67,5650	8,250	16,5000
67,6364	8,253	16,5050
67,6935	8,255	16,5100
67,7464	8,258	16,5150
67,8139	8,260	16,5200
67,8566	8,263	16,5250
67,9366	8,265	16,5300
67,9979	8,268	16,5350
68,0454	8,270	16,5400
68,1170	8,273	16,5450
68,1737	8,275	16,5500
68,2209	8,278	16,5550
68,3000	8,280	16,5600
68,3424	8,283	16,5650
68,4204	8,285	16,5700
68,4739	8,288	16,5750
68,5285	8,290	16,5800
68,6021	8,293	16,5850
68,6578	8,295	16,5900
68,7144	8,298	16,5950
68,7884	8,300	16,6000
68,8278	8,303	16,6050
68,9021	8,305	16,6100
68,9630	8,308	16,6150
69,0062	8,310	16,6200
69,0817	8,313	16,6250
69,1335	8,315	16,6300
69,1934	8,318	16,6350
69,2694	8,320	16,6400
69,3099	8,323	16,6450
69,3815	8,325	16,6500
69,4419	8,328	16,6550
69,4889	8,330	16,6600
69,5605	8,333	16,6650
69,6233	8,335	16,6700
69,6848	8,338	16,6750
69,7546	8,340	16,6800
69,7942	8,343	16,6850
69,8640	8,345	16,6900
69,9270	8,348	16,6950
69,9724	8,350	16,7000
70,0528	8,353	16,7050
70,1047	8,355	16,7100
70,1682	8,358	16,7150
70,2408	8,360	16,7200
70,2874	8,363	16,7250
70,3616	8,365	16,7300
70,4213	8,368	16,7350
70,4676	8,370	16,7400
70,5372	8,373	16,7450
70,5953	8,375	16,7500
70,6473	8,378	16,7550
70,7238	8,380	16,7600
70,7623	8,383	16,7650
70,8367	8,385	16,7700
70,8970	8,388	16,7750
70,9469	8,390	16,7800
71,0213	8,393	16,7850
71,0783	8,395	16,7900
71,1322	8,398	16,7950
71,1982	8,400	16,8000
71,2450	8,403	16,8050
71,3118	8,405	16,8100
71,3786	8,408	16,8150
71,4314	8,410	16,8200
71,5054	8,413	16,8250
71,5517	8,415	16,8300
71,5999	8,418	16,8350
71,6756	8,420	16,8400
71,7217	8,423	16,8450
71,7932	8,425	16,8500
71,8509	8,428	16,8550
71,8997	8,430	16,8600
71,9736	8,433	16,8650
72,0315	8,435	16,8700
72,0936	8,438	16,8750
72,1706	8,440	16,8800
72,2192	8,443	16,8850
72,2867	8,445	16,8900
72,3540	8,448	16,8950
72,4059	8,450	16,9000
72,4744	8,453	16,9050
72,5240	8,455	16,9100
72,5791	8,458	16,9150
72,6502	8,460	16,9200
72,6931	8,463	16,9250
72,7711	8,465	16,9300
72,8260	8,468	16,9350
72,8837	8,470	16,9400
72,9578	8,473	16,9450
73,0144	8,475	16,9500
73,0717	8,478	16,9550
73,1498	8,480	16,9600
73,1942	8,483	16,9650
73,2670	8,485	16,9700
73,3167	8,488	16,9750
73,3708	8,490	16,9800
73,4450	8,493	16,9850
73,5021	8,495	16,9900
73,5623	8,498	16,9950
73,6337	8,500	17,0000
73,6757	8,503	17,0050
73,7522	8,505	17,0100
73,8127	8,508	17,0150
73,8654	8,510	17,0200
73,9369	8,513	17,0250
73,9911	8,515	17,0300
74,0401	8,518	17,0350
74,1121	8,520	17,0400
74,1520	8,523	17,0450
74,2388	8,525	17,0500
74,3010	8,528	17,0550
74,3493	8,530	17,0600
74,4219	8,533	17,0650
74,4761	8,535	17,0700
74,5344	8,538	17,0750
74,6138	8,540	17,0800
74,6485	8,543	17,0850
74,7215	8,545	17,0900
74,7821	8,548	17,0950
74,8335	8,550	17,1000
74,9067	8,553	17,1050
74,9630	8,555	17,1100
75,0218	8,558	17,1150
75,0921	8,560	17,1200
75,1364	8,563	17,1250
75,2192	8,565	17,1300
75,2818	8,568	17,1350
75,3290	8,570	17,1400
75,4028	8,573	17,1450
75,4647	8,575	17,1500
75,5220	8,578	17,1550
75,5966	8,580	17,1600
75,6346	8,583	17,1650
75,7151	8,585	17,1700
75,7792	8,588	17,1750
75,8339	8,590	17,1800
75,9057	8,593	17,1850
75,9602	8,595	17,1900
76,0220	8,598	17,1950
76,0941	8,600	17,2000
76,1335	8,603	17,2050
76,2101	8,605	17,2100
76,2731	8,608	17,2150
76,3236	8,610	17,2200
76,3956	8,613	17,2250
76,4477	8,615	17,2300
76,5030	8,618	17,2350
76,5798	8,620	17,2400
76,6102	8,623	17,2450
76,6841	8,625	17,2500
76,7479	8,628	17,2550
76,7995	8,630	17,2600
76,8735	8,633	17,2650
76,9354	8,635	17,2700
76,9959	8,638	17,2750
77,0735	8,640	17,2800
77,1190	8,643	17,2850
77,1881	8,645	17,2900
77,2391	8,648	17,2950
77,2868	8,650	17,3000
77,3582	8,653	17,3050
77,4082	8,655	17,3100
77,4640	8,658	17,3150
77,5443	8,660	17,3200
77,5947	8,663	17,3250
77,6790	8,665	17,3300
77,7418	8,668	17,3350
77,7888	8,670	17,3400
77,8532	8,673	17,3450
77,9158	8,675	17,3500
77,9749	8,678	17,3550
78,0578	8,680	17,3600
78,0959	8,683	17,3650
78,1730	8,685	17,3700
78,2385	8,688	17,3750
78,2912	8,690	17,3800
78,3664	8,693	17,3850
78,4304	8,695	17,3900
78,4921	8,698	17,3950
78,5743	8,700	17,4000
78,6136	8,703	17,4050
78,6930	8,705	17,4100
78,7521	8,708	17,4150
78,8047	8,710	17,4200
78,8786	8,713	17,4250
78,9345	8,715	17,4300
78,9964	8,718	17,4350
79,0760	8,720	17,4400
79,1232	8,723	17,4450
79,2042	8,725	17,4500
79,2621	8,728	17,4550
79,3117	8,730	17,4600
79,3804	8,733	17,4650
79,4397	8,735	17,4700
79,5000	8,738	17,4750
79,5721	8,740	17,4800
79,6135	8,743	17,4850
79,6808	8,745	17,4900
79,7451	8,748	17,4950
79,7974	8,750	17,5000
79,8737	8,753	17,5050
79,9320	8,755	17,5100
79,9885	8,758	17,5150
80,0573	8,760	17,5200
80,1054	8,763	17,5250
80,1829	8,765	17,5300
80,2424	8,768	17,5350
80,2936	8,770	17,5400
80,3694	8,773	17,5450
80,4325	8,775	17,5500
80,4875	8,778	17,5550
80,5580	8,780	17,5600
80,5971	8,783	17,5650
80,6777	8,785	17,5700
80,7367	8,788	17,5750
80,7798	8,790	17,5800
80,8588	8,793	17,5850
80,9205	8,795	17,5900
80,9796	8,798	17,5950
81,0548	8,800	17,6000
81,0997	8,803	17,6050
81,1767	8,805	17,6100
81,2374	8,808	17,6150
81,2891	8,810	17,6200
81,3664	8,813	17,6250
81,4204	8,815	17,6300
81,4767	8,818	17,6350
81,5512	8,820	17,6400
81,6024	8,823	17,6450
81,6795	8,825	17,6500
81,7323	8,828	17,6550
81,7837	8,830	17,6600
81,8578	8,833	17,6650
81,9124	8,835	17,6700
81,9689	8,838	17,6750
82,0553	8,840	17,6800
82,1063	8,843	17,6850
82,1787	8,845	17,6900
82,2320	8,848	17,6950
82,2799	8,850	17,7000
82,3565	8,853	17,7050
82,4154	8,855	17,7100
82,4671	8,858	17,7150
82,5420	8,860	17,7200
82,5909	8,863	17,7250
82,6691	8,865	17,7300
82,7250	8,868	17,7350
82,7710	8,870	17,7400
82,8461	8,873	17,7450
82,9048	8,875	17,7500
82,9558	8,878	17,7550
83,0426	8,880	17,7600
83,0880	8,883	17,7650
83,1618	8,885	17,7700
83,2168	8,888	17,7750
83,2611	8,890	17,7800
83,3349	8,893	17,7850
83,3892	8,895	17,7900
83,4424	8,898	17,7950
83,5205	8,900	17,8000
83,5718	8,903	17,8050
83,6384	8,905	17,8100
83,7022	8,908	17,8150
83,7566	8,910	17,8200
83,8335	8,913	17,8250
83,8816	8,915	17,8300
83,9311	8,918	17,8350
84,0119	8,920	17,8400
84,0605	8,923	17,8450
84,1463	8,925	17,8500
84,2097	8,928	17,8550
84,2626	8,930	17,8600
84,3353	8,933	17,8650
84,3995	8,935	17,8700
84,4530	8,938	17,8750
84,5254	8,940	17,8800
84,5739	8,943	17,8850
84,6549	8,945	17,8900
84,7176	8,948	17,8950
84,7665	8,950	17,9000
84,8519	8,953	17,9050
84,9137	8,955	17,9100
84,9784	8,958	17,9150
85,0516	8,960	17,9200
85,0913	8,963	17,9250
85,1610	8,965	17,9300
85,2194	8,968	17,9350
85,2787	8,970	17,9400
85,3505	8,973	17,9450
85,4167	8,975	17,9500
85,4735	8,978	17,9550
85,5506	8,980	17,9600
85,5949	8,983	17,9650
85,6827	8,985	17,9700
85,7393	8,988	17,9750
85,7913	8,990	17,9800
85,8657	8,993	17,9850
85,9211	8,995	17,9900
85,9737	8,998	17,9950
86,0472	9,000	18,0000
86,0961	9,003	18,0050
86,1647	9,005	18,0100
86,2307	9,008	18,0150
86,2843	9,010	18,0200
86,3585	9,013	18,0250
86,4244	9,015	18,0300
86,4765	9,018	18,0350
86,5513	9,020	18,0400
86,5908	9,023	18,0450
86,6772	9,025	18,0500
86,7355	9,028	18,0550
86,7834	9,030	18,0600
86,8527	9,033	18,0650
86,9069	9,035	18,0700
86,9670	9,038	18,0750
87,0463	9,040	18,0800
87,0907	9,043	18,0850
87,1676	9,045	18,0900
87,2343	9,048	18,0950
87,2817	9,050	18,1000
87,3628	9,053	18,1050
87,4173	9,055	18,1100
87,4798	9,058	18,1150
87,5577	9,060	18,1200
87,5968	9,063	18,1250
87,6692	9,065	18,1300
87,7300	9,068	18,1350
87,7880	9,070	18,1400
87,8665	9,073	18,1450
87,9265	9,075	18,1500
87,9768	9,078	18,1550
88,0595	9,080	18,1600
88,1126	9,083	18,1650
88,1966	9,085	18,1700
88,2498	9,088	18,1750
88,3017	9,090	18,1800
88,3743	9,093	18,1850
88,4355	9,095	18,1900
88,5015	9,098	18,1950
88,5829	9,100	18,2000
88,6211	9,103	18,2050
88,6976	9,105	18,2100
88,7561	9,108	18,2150
88,8076	9,110	18,2200
88,8821	9,113	18,2250
88,9507	9,115	18,2300
89,0080	9,118	18,2350
89,0818	9,120	18,2400
89,1305	9,123	18,2450
89,2146	9,125	18,2500
89,2721	9,128	18,2550
89,3268	9,130	18,2600
89,3938	9,133	18,2650
89,4522	9,135	18,2700
89,5136	9,138	18,2750
89,5880	9,140	18,2800
89,6318	9,143	18,2850
89,7071	9,145	18,2900
89,7735	9,148	18,2950
89,8243	9,150	18,3000
89,9042	9,153	18,3050
89,9608	9,155	18,3100
90,0210	9,158	18,3150
90,0912	9,160	18,3200
90,1357	9,163	18,3250
90,2127	9,165	18,3300
90,2753	9,168	18,3350
90,3212	9,170	18,3400
90,4015	9,173	18,3450
90,4637	9,175	18,3500
90,5155	9,178	18,3550
90,5940	9,180	18,3600
90,6378	9,183	18,3650
90,7224	9,185	18,3700
90,7818	9,188	18,3750
90,8336	9,190	18,3800
90,9079	9,193	18,3850
90,9649	9,195	18,3900
91,0219	9,198	18,3950
91,1038	9,200	18,4000
91,1544	9,203	18,4050
91,2325	9,205	18,4100
91,2888	9,208	18,4150
91,3357	9,210	18,4200
91,4161	9,213	18,4250
91,4814	9,215	18,4300
91,5358	9,218	18,4350
91,6251	9,220	18,4400
91,6686	9,223	18,4450
91,7441	9,225	18,4500
91,7985	9,228	18,4550
91,8556	9,230	18,4600
91,9419	9,233	18,4650
92,0050	9,235	18,4700
92,0610	9,238	18,4750
92,1389	9,240	18,4800
92,1793	9,243	18,4850
92,2522	9,245	18,4900
92,3102	9,248	18,4950
92,3680	9,250	18,5000
92,4450	9,253	18,5050
92,4998	9,255	18,5100
92,5551	9,258	18,5150
92,6410	9,260	18,5200
92,6854	9,263	18,5250
92,7676	9,265	18,5300
92,8288	9,268	18,5350
92,8784	9,270	18,5400
92,9420	9,273	18,5450
93,0014	9,275	18,5500
93,0634	9,278	18,5550
93,1543	9,280	18,5600
93,1961	9,283	18,5650
93,2696	9,285	18,5700
93,3301	9,288	18,5750
93,3880	9,290	18,5800
93,4676	9,293	18,5850
93,5246	9,295	18,5900
93,5870	9,298	18,5950
93,6666	9,300	18,6000
93,7074	9,303	18,6050
93,7850	9,305	18,6100
93,8496	9,308	18,6150
93,9042	9,310	18,6200
93,9832	9,313	18,6250
94,0455	9,315	18,6300
94,1124	9,318	18,6350
94,1907	9,320	18,6400
94,2355	9,323	18,6450
94,3145	9,325	18,6500
94,3667	9,328	18,6550
94,4201	9,330	18,6600
94,4947	9,333	18,6650
94,5633	9,335	18,6700
94,6297	9,338	18,6750
94,7084	9,340	18,6800
94,7542	9,343	18,6850
94,8324	9,345	18,6900
94,9024	9,348	18,6950
94,9515	9,350	18,7000
95,0316	9,353	18,7050
95,0889	9,355	18,7100
95,1515	9,358	18,7150
95,2272	9,360	18,7200
95,2789	9,363	18,7250
95,3593	9,365	18,7300
95,4167	9,368	18,7350
95,4768	9,370	18,7400
95,5582	9,373	18,7450
95,6238	9,375	18,7500
95,6749	9,378	18,7550
95,7499	9,380	18,7600
95,7928	9,383	18,7650
95,8716	9,385	18,7700
95,9299	9,388	18,7750
95,9874	9,390	18,7800
96,0711	9,393	18,7850
96,1303	9,395	18,7900
96,1888	9,398	18,7950
96,2701	9,400	18,8000
96,3162	9,403	18,8050
96,3899	9,405	18,8100
96,4551	9,408	18,8150
96,4972	9,410	18,8200
96,5665	9,413	18,8250
96,6246	9,415	18,8300
96,6816	9,418	18,8350
96,7647	9,420	18,8400
96,8092	9,423	18,8450
96,8921	9,425	18,8500
96,9507	9,428	18,8550
97,0004	9,430	18,8600
97,0729	9,433	18,8650
97,1312	9,435	18,8700
97,1932	9,438	18,8750
97,2765	9,440	18,8800
97,3213	9,443	18,8850
97,3982	9,445	18,8900
97,4635	9,448	18,8950
97,5264	9,450	18,9000
97,6107	9,453	18,9050
97,6691	9,455	18,9100
97,7316	9,458	18,9150
97,8001	9,460	18,9200
97,8491	9,463	18,9250
97,9314	9,465	18,9300
97,9956	9,468	18,9350
98,0480	9,470	18,9400
98,1267	9,473	18,9450
98,1921	9,475	18,9500
98,2535	9,478	18,9550
98,3354	9,480	18,9600
98,3826	9,483	18,9650
98,4649	9,485	18,9700
98,5238	9,488	18,9750
98,5855	9,490	18,9800
98,6610	9,493	18,9850
98,7232	9,495	18,9900
98,7772	9,498	18,9950
98,8527	9,500	19,0000
98,8990	9,503	19,0050
98,9755	9,505	19,0100
99,0368	9,508	19,0150
99,0937	9,510	19,0200
99,1707	9,513	19,0250
99,2274	9,515	19,0300
99,2895	9,518	19,0350
99,3702	9,520	19,0400
99,4219	9,523	19,0450
99,5034	9,525	19,0500
99,5638	9,528	19,0550
99,6161	9,530	19,0600
99,6956	9,533	19,0650
99,7595	9,535	19,0700
99,8077	9,538	19,0750
99,8740	9,540	19,0800
99,9179	9,543	19,0850
99,9987	9,545	19,0900
100,0703	9,548	19,0950
100,1161	9,550	19,1000
100,1981	9,553	19,1050
100,2519	9,555	19,1100
100,3174	9,558	19,1150
100,3945	9,560	19,1200
100,4478	9,563	19,1250
100,5212	9,565	19,1300
100,5895	9,568	19,1350
100,6442	9,570	19,1400
100,7301	9,573	19,1450
100,7943	9,575	19,1500
100,8530	9,578	19,1550
100,9357	9,580	19,1600
100,9793	9,583	19,1650
101,0596	9,585	19,1700
101,1246	9,588	19,1750
101,1802	9,590	19,1800
101,2535	9,593	19,1850
101,3141	9,595	19,1900
101,3771	9,598	19,1950
101,4540	9,600	19,2000
101,5035	9,603	19,2050
101,5810	9,605	19,2100
101,6452	9,608	19,2150
101,6946	9,610	19,2200
101,7738	9,613	19,2250
101,8355	9,615	19,2300
101,8943	9,618	19,2350
101,9789	9,620	19,2400
102,0234	9,623	19,2450
102,1063	9,625	19,2500
102,1663	9,628	19,2550
102,2212	9,630	19,2600
102,2947	9,633	19,2650
102,3530	9,635	19,2700
102,4162	9,638	19,2750
102,4977	9,640	19,2800
102,5481	9,643	19,2850
102,6257	9,645	19,2900
102,6893	9,648	19,2950
102,7388	9,650	19,3000
102,8139	9,653	19,3050
102,8700	9,655	19,3100
102,9335	9,658	19,3150
103,0068	9,660	19,3200
103,0493	9,663	19,3250
103,1238	9,665	19,3300
103,1814	9,668	19,3350
103,2385	9,670	19,3400
103,3146	9,673	19,3450
103,3710	9,675	19,3500
103,4261	9,678	19,3550
103,5122	9,680	19,3600
103,5572	9,683	19,3650
103,6396	9,685	19,3700
103,7043	9,688	19,3750
103,7605	9,690	19,3800
103,8440	9,693	19,3850
103,9093	9,695	19,3900
103,9661	9,698	19,3950
104,0436	9,700	19,4000
104,0888	9,703	19,4050
104,1705	9,705	19,4100
104,2409	9,708	19,4150
104,2984	9,710	19,4200
104,3823	9,713	19,4250
104,4378	9,715	19,4300
104,5013	9,718	19,4350
104,5863	9,720	19,4400
104,6375	9,723	19,4450
104,7180	9,725	19,4500
104,7800	9,728	19,4550
104,8363	9,730	19,4600
104,9130	9,733	19,4650
104,9709	9,735	19,4700
105,0355	9,738	19,4750
105,1244	9,740	19,4800
105,1642	9,743	19,4850
105,2383	9,745	19,4900
105,3071	9,748	19,4950
105,3585	9,750	19,5000
105,4378	9,753	19,5050
105,5078	9,755	19,5100
105,5755	9,758	19,5150
105,6551	9,760	19,5200
105,7088	9,763	19,5250
105,7872	9,765	19,5300
105,8438	9,768	19,5350
105,8923	9,770	19,5400
105,9671	9,773	19,5450
106,0241	9,775	19,5500
106,0803	9,778	19,5550
106,1675	9,780	19,5600
106,2115	9,783	19,5650
106,2879	9,785	19,5700
106,3611	9,788	19,5750
106,4142	9,790	19,5800
106,4879	9,793	19,5850
106,5483	9,795	19,5900
106,6065	9,798	19,5950
106,6884	9,800	19,6000
106,7382	9,803	19,6050
106,8191	9,805	19,6100
106,8824	9,808	19,6150
106,9350	9,810	19,6200
107,0144	9,813	19,6250
107,0814	9,815	19,6300
107,1415	9,818	19,6350
107,2272	9,820	19,6400
107,2788	9,823	19,6450
107,3601	9,825	19,6500
107,4209	9,828	19,6550
107,4766	9,830	19,6600
107,5582	9,833	19,6650
107,6171	9,835	19,6700
107,6785	9,838	19,6750
107,7640	9,840	19,6800
107,8203	9,843	19,6850
107,8977	9,845	19,6900
107,9609	9,848	19,6950
108,0181	9,850	19,7000
108,1033	9,853	19,7050
108,1689	9,855	19,7100
108,2349	9,858	19,7150
108,3156	9,860	19,7200
108,3606	9,863	19,7250
108,4409	9,865	19,7300
108,5011	9,868	19,7350
108,5577	9,870	19,7400
108,6377	9,873	19,7450
108,7020	9,875	19,7500
108,7619	9,878	19,7550
108,8443	9,880	19,7600
108,8867	9,883	19,7650
108,9693	9,885	19,7700
109,0332	9,888	19,7750
109,0838	9,890	19,7800
109,1575	9,893	19,7850
109,2252	9,895	19,7900
109,2924	9,898	19,7950
109,3779	9,900	19,8000
109,4244	9,903	19,8050
109,4967	9,905	19,8100
109,5596	9,908	19,8150
109,6068	9,910	19,8200
109,6837	9,913	19,8250
109,7430	9,915	19,8300
109,8010	9,918	19,8350
109,8801	9,920	19,8400
109,9375	9,923	19,8450
110,0246	9,925	19,8500
110,0857	9,928	19,8550
110,1353	9,930	19,8600
110,2107	9,933	19,8650
110,2710	9,935	19,8700
110,3302	9,938	19,8750
110,4132	9,940	19,8800
110,4748	9,943	19,8850
110,5598	9,945	19,8900
110,6267	9,948	19,8950
110,6736	9,950	19,9000
110,7627	9,953	19,9050
110,8279	9,955	19,9100
110,8931	9,958	19,9150
110,9745	9,960	19,9200
111,0258	9,963	19,9250
111,1010	9,965	19,9300
111,1613	9,968	19,9350
111,2150	9,970	19,9400
111,2973	9,973	19,9450
111,3647	9,975	19,9500
111,4174	9,978	19,9550
111,5004	9,980	19,9600
111,5515	9,983	19,9650
111,6365	9,985	19,9700
111,6952	9,988	19,9750
111,7467	9,990	19,9800
111,8282	9,993	19,9850
111,8930	9,995	19,9900
111,9576	9,998	19,9950
112,0429	10,000	20,0000
112,0907	10,003	20,0050
112,1695	10,005	20,0100
112,2389	10,008	20,0150
112,2907	10,010	20,0200
112,3690	10,013	20,0250
112,4265	10,015	20,0300
112,4891	10,018	20,0350
112,5776	10,020	20,0400
112,6245	10,023	20,0450
112,6988	10,025	20,0500
112,7541	10,028	20,0550
112,8032	10,030	20,0600
112,8817	10,033	20,0650
112,9462	10,035	20,0700
113,0107	10,038	20,0750
113,0961	10,040	20,0800
113,1443	10,043	20,0850
113,2199	10,045	20,0900
113,2827	10,048	20,0950
113,3395	10,050	20,1000
113,4146	10,053	20,1050
113,4769	10,055	20,1100
113,5442	10,058	20,1150
113,6287	10,060	20,1200
113,6825	10,063	20,1250
113,7592	10,065	20,1300
113,8233	10,068	20,1350
113,8802	10,070	20,1400
113,9617	10,073	20,1450
114,0275	10,075	20,1500
114,0847	10,078	20,1550
114,1830	10,080	20,1600
114,2334	10,083	20,1650
114,3123	10,085	20,1700
114,3696	10,088	20,1750
114,4254	10,090	20,1800
114,5025	10,093	20,1850
114,5652	10,095	20,1900
114,6229	10,098	20,1950
114,7135	10,100	20,2000
114,7624	10,103	20,2050
114,8410	10,105	20,2100
114,9100	10,108	20,2150
114,9683	10,110	20,2200
115,0451	10,113	20,2250
115,1019	10,115	20,2300
115,1603	10,118	20,2350
115,2490	10,120	20,2400
115,2999	10,123	20,2450
115,3900	10,125	20,2500
115,4621	10,128	20,2550
115,5165	10,130	20,2600
115,5867	10,133	20,2650
115,6547	10,135	20,2700
115,7081	10,138	20,2750
115,7869	10,140	20,2800
115,8338	10,143	20,2850
115,9146	10,145	20,2900
115,9824	10,148	20,2950
116,0383	10,150	20,3000
116,1246	10,153	20,3050
116,1855	10,155	20,3100
116,2505	10,158	20,3150
116,3302	10,160	20,3200
116,3801	10,163	20,3250
116,4544	10,165	20,3300
116,5240	10,168	20,3350
116,5788	10,170	20,3400
116,6545	10,173	20,3450
116,7044	10,175	20,3500
116,7589	10,178	20,3550
116,8459	10,180	20,3600
116,8912	10,183	20,3650
116,9815	10,185	20,3700
117,0586	10,188	20,3750
117,1174	10,190	20,3800
117,1950	10,193	20,3850
117,2538	10,195	20,3900
117,3196	10,198	20,3950
117,4037	10,200	20,4000
117,4563	10,203	20,4050
117,5397	10,205	20,4100
117,6086	10,208	20,4150
117,6654	10,210	20,4200
117,7422	10,213	20,4250
117,8034	10,215	20,4300
117,8669	10,218	20,4350
117,9519	10,220	20,4400
118,0022	10,223	20,4450
118,0910	10,225	20,4500
118,1501	10,228	20,4550
118,2038	10,230	20,4600
118,2882	10,233	20,4650
118,3558	10,235	20,4700
118,4154	10,238	20,4750
118,4998	10,240	20,4800
118,5517	10,243	20,4850
118,6321	10,245	20,4900
118,6845	10,248	20,4950
118,7424	10,250	20,5000
118,8238	10,253	20,5050
118,8847	10,255	20,5100
118,9527	10,258	20,5150
119,0415	10,260	20,5200
119,0880	10,263	20,5250
119,1628	10,265	20,5300
119,2314	10,268	20,5350
119,2886	10,270	20,5400
119,3646	10,273	20,5450
119,4269	10,275	20,5500
119,4859	10,278	20,5550
119,5662	10,280	20,5600
119,6137	10,283	20,5650
119,6986	10,285	20,5700
119,7596	10,288	20,5750
119,8017	10,290	20,5800
119,8813	10,293	20,5850
119,9498	10,295	20,5900
120,0149	10,298	20,5950
120,0940	10,300	20,6000
120,1364	10,303	20,6050
120,2178	10,305	20,6100
120,2869	10,308	20,6150
120,3406	10,310	20,6200
120,4232	10,313	20,6250
120,4924	10,315	20,6300
120,5604	10,318	20,6350
120,6433	10,320	20,6400
120,6931	10,323	20,6450
120,7707	10,325	20,6500
120,8403	10,328	20,6550
120,8995	10,330	20,6600
120,9793	10,333	20,6650
121,0488	10,335	20,6700
121,1167	10,338	20,6750
121,2014	10,340	20,6800
121,2569	10,343	20,6850
121,3372	10,345	20,6900
121,3966	10,348	20,6950
121,4483	10,350	20,7000
121,5342	10,353	20,7050
121,5995	10,355	20,7100
121,6625	10,358	20,7150
121,7386	10,360	20,7200
121,7985	10,363	20,7250
121,8861	10,365	20,7300
121,9437	10,368	20,7350
121,9910	10,370	20,7400
122,0716	10,373	20,7450
122,1429	10,375	20,7500
122,1937	10,378	20,7550
122,2798	10,380	20,7600
122,3343	10,383	20,7650
122,4165	10,385	20,7700
122,4763	10,388	20,7750
122,5321	10,390	20,7800
122,6129	10,393	20,7850
122,6788	10,395	20,7900
122,7470	10,398	20,7950
122,8373	10,400	20,8000
122,8886	10,403	20,8050
122,9691	10,405	20,8100
123,0345	10,408	20,8150
123,0835	10,410	20,8200
123,1573	10,413	20,8250
123,2150	10,415	20,8300
123,2685	10,418	20,8350
123,3516	10,420	20,8400
123,4080	10,423	20,8450
123,4927	10,425	20,8500
123,5650	10,428	20,8550
123,6252	10,430	20,8600
123,7059	10,433	20,8650
123,7677	10,435	20,8700
123,8315	10,438	20,8750
123,9152	10,440	20,8800
123,9651	10,443	20,8850
124,0474	10,445	20,8900
124,1241	10,448	20,8950
124,1761	10,450	20,9000
124,2597	10,453	20,9050
124,3278	10,455	20,9100
124,3920	10,458	20,9150
124,4790	10,460	20,9200
124,5364	10,463	20,9250
124,6221	10,465	20,9300
124,6835	10,468	20,9350
124,7389	10,470	20,9400
124,8216	10,473	20,9450
124,8944	10,475	20,9500
124,9548	10,478	20,9550
125,0357	10,480	20,9600
125,0881	10,483	20,9650
125,1752	10,485	20,9700
125,2490	10,488	20,9750
125,2991	10,490	20,9800
125,3791	10,493	20,9850
125,4413	10,495	20,9900
125,5027	10,498	20,9950
125,5872	10,500	21,0000
125,6378	10,503	21,0050
125,7241	10,505	21,0100
125,7955	10,508	21,0150
125,8515	10,510	21,0200
125,9321	10,513	21,0250
125,9986	10,515	21,0300
126,0652	10,518	21,0350
126,1439	10,520	21,0400
126,1861	10,523	21,0450
126,2713	10,525	21,0500
126,3380	10,528	21,0550
126,3920	10,530	21,0600
126,4705	10,533	21,0650
126,5318	10,535	21,0700
126,5864	10,538	21,0750
126,6681	10,540	21,0800
126,7240	10,543	21,0850
126,8108	10,545	21,0900
126,8800	10,548	21,0950
126,9321	10,550	21,1000
127,0130	10,553	21,1050
127,0784	10,555	21,1100
127,1406	10,558	21,1150
127,2147	10,560	21,1200
127,2719	10,563	21,1250
127,3508	10,565	21,1300
127,4210	10,568	21,1350
127,4880	10,570	21,1400
127,5784	10,573	21,1450
127,6467	10,575	21,1500
127,7089	10,578	21,1550
127,7997	10,580	21,1600
127,8464	10,583	21,1650
127,9269	10,585	21,1700
127,9882	10,588	21,1750
128,0522	10,590	21,1800
128,1385	10,593	21,1850
128,2101	10,595	21,1900
128,2736	10,598	21,1950
128,3602	10,600	21,2000
128,4195	10,603	21,2050
128,4942	10,605	21,2100
128,5566	10,608	21,2150
128,6126	10,610	21,2200
128,6954	10,613	21,2250
128,7614	10,615	21,2300
128,8253	10,618	21,2350
128,9171	10,620	21,2400
128,9669	10,623	21,2450
129,0500	10,625	21,2500
129,1162	10,628	21,2550
129,1761	10,630	21,2600
129,2569	10,633	21,2650
129,3243	10,635	21,2700
129,3845	10,638	21,2750
129,4691	10,640	21,2800
129,5158	10,643	21,2850
129,5977	10,645	21,2900
129,6712	10,648	21,2950
129,7281	10,650	21,3000
129,8123	10,653	21,3050
129,8801	10,655	21,3100
129,9417	10,658	21,3150
130,0184	10,660	21,3200
130,0629	10,663	21,3250
130,1349	10,665	21,3300
130,2040	10,668	21,3350
130,2651	10,670	21,3400
130,3498	10,673	21,3450
130,4197	10,675	21,3500
130,4808	10,678	21,3550
130,5666	10,680	21,3600
130,6213	10,683	21,3650
130,7128	10,685	21,3700
130,7816	10,688	21,3750
130,8437	10,690	21,3800
130,9221	10,693	21,3850
130,9839	10,695	21,3900
131,0548	10,698	21,3950
131,1435	10,700	21,4000
131,1928	10,703	21,4050
131,2808	10,705	21,4100
131,3484	10,708	21,4150
131,4107	10,710	21,4200
131,4927	10,713	21,4250
131,5605	10,715	21,4300
131,6292	10,718	21,4350
131,7165	10,720	21,4400
131,7646	10,723	21,4450
131,8511	10,725	21,4500
131,9164	10,728	21,4550
131,9812	10,730	21,4600
132,0606	10,733	21,4650
132,1274	10,735	21,4700
132,1998	10,738	21,4750
132,2832	10,740	21,4800
132,3285	10,743	21,4850
132,4183	10,745	21,4900
132,4903	10,748	21,4950
132,5443	10,750	21,5000
132,6297	10,753	21,5050
132,6949	10,755	21,5100
132,7625	10,758	21,5150
132,8525	10,760	21,5200
132,9078	10,763	21,5250
132,9798	10,765	21,5300
133,0455	10,768	21,5350
133,1119	10,770	21,5400
133,1989	10,773	21,5450
133,2671	10,775	21,5500
133,3269	10,778	21,5550
133,4119	10,780	21,5600
133,4605	10,783	21,5650
133,5449	10,785	21,5700
133,6090	10,788	21,5750
133,6557	10,790	21,5800
133,7343	10,793	21,5850
133,7998	10,795	21,5900
133,8637	10,798	21,5950
133,9482	10,800	21,6000
134,0076	10,803	21,6050
134,0922	10,805	21,6100
134,1677	10,808	21,6150
134,2229	10,810	21,6200
134,3063	10,813	21,6250
134,3726	10,815	21,6300
134,4293	10,818	21,6350
134,5194	10,820	21,6400
134,5677	10,823	21,6450
134,6545	10,825	21,6500
134,7191	10,828	21,6550
134,7804	10,830	21,6600
134,8621	10,833	21,6650
134,9398	10,835	21,6700
135,0050	10,838	21,6750
135,0909	10,840	21,6800
135,1505	10,843	21,6850
135,2343	10,845	21,6900
135,2996	10,848	21,6950
135,3565	10,850	21,7000
135,4374	10,853	21,7050
135,5044	10,855	21,7100
135,5700	10,858	21,7150
135,6589	10,860	21,7200
135,7104	10,863	21,7250
135,7854	10,865	21,7300
135,8565	10,868	21,7350
135,9215	10,870	21,7400
135,9965	10,873	21,7450
136,0645	10,875	21,7500
136,1270	10,878	21,7550
136,2120	10,880	21,7600
136,2676	10,883	21,7650
136,3520	10,885	21,7700
136,4154	10,888	21,7750
136,4800	10,890	21,7800
136,5535	10,893	21,7850
136,6120	10,895	21,7900
136,6735	10,898	21,7950
136,7575	10,900	21,8000
136,8068	10,903	21,8050
136,8962	10,905	21,8100
136,9706	10,908	21,8150
137,0264	10,910	21,8200
137,1047	10,913	21,8250
137,1706	10,915	21,8300
137,2359	10,918	21,8350
137,3178	10,920	21,8400
137,3761	10,923	21,8450
137,4603	10,925	21,8500
137,5280	10,928	21,8550
137,5834	10,930	21,8600
137,6565	10,933	21,8650
137,7346	10,935	21,8700
137,8097	10,938	21,8750
137,8895	10,940	21,8800
137,9456	10,943	21,8850
138,0310	10,945	21,8900
138,0971	10,948	21,8950
138,1533	10,950	21,9000
138,2396	10,953	21,9050
138,2987	10,955	21,9100
138,3696	10,958	21,9150
138,4577	10,960	21,9200
138,5176	10,963	21,9250
138,6009	10,965	21,9300
138,6684	10,968	21,9350
138,7264	10,970	21,9400
138,8051	10,973	21,9450
138,8777	10,975	21,9500
138,9508	10,978	21,9550
139,0384	10,980	21,9600
139,0853	10,983	21,9650
139,1717	10,985	21,9700
139,2464	10,988	21,9750
139,3036	10,990	21,9800
139,3855	10,993	21,9850
139,4576	10,995	21,9900
139,5204	10,998	21,9950
139,6005	11,000	22,0000
139,6629	11,003	22,0050
139,7487	11,005	22,0100
139,8186	11,008	22,0150
139,8701	11,010	22,0200
139,9503	11,013	22,0250
140,0267	11,015	22,0300
140,0903	11,018	22,0350
140,1748	11,020	22,0400
140,2241	11,023	22,0450
140,3117	11,025	22,0500
140,3753	11,028	22,0550
140,4315	11,030	22,0600
140,5051	11,033	22,0650
140,5710	11,035	22,0700
140,6422	11,038	22,0750
140,7379	11,040	22,0800
140,8019	11,043	22,0850
140,8819	11,045	22,0900
140,9493	11,048	22,0950
141,0025	11,050	22,1000
141,0798	11,053	22,1050
141,1504	11,055	22,1100
141,2184	11,058	22,1150
141,3028	11,060	22,1200
141,3576	11,063	22,1250
141,4385	11,065	22,1300
141,5065	11,068	22,1350
141,5714	11,070	22,1400
141,6535	11,073	22,1450
141,7322	11,075	22,1500
141,7950	11,078	22,1550
141,8862	11,080	22,1600
141,9403	11,083	22,1650
142,0280	11,085	22,1700
142,0871	11,088	22,1750
142,1460	11,090	22,1800
142,2242	11,093	22,1850
142,2984	11,095	22,1900
142,3738	11,098	22,1950
142,4595	11,100	22,2000
142,5129	11,103	22,2050
142,5977	11,105	22,2100
142,6682	11,108	22,2150
142,7238	11,110	22,2200
142,8000	11,113	22,2250
142,8661	11,115	22,2300
142,9265	11,118	22,2350
143,0135	11,120	22,2400
143,0677	11,123	22,2450
143,1576	11,125	22,2500
143,2263	11,128	22,2550
143,2857	11,130	22,2600
143,3664	11,133	22,2650
143,4371	11,135	22,2700
143,5017	11,138	22,2750
143,5826	11,140	22,2800
143,6342	11,143	22,2850
143,7130	11,145	22,2900
143,7816	11,148	22,2950
143,8339	11,150	22,3000
143,9194	11,153	22,3050
143,9900	11,155	22,3100
144,0586	11,158	22,3150
144,1385	11,160	22,3200
144,1900	11,163	22,3250
144,2764	11,165	22,3300
144,3500	11,168	22,3350
144,4098	11,170	22,3400
144,4923	11,173	22,3450
144,5654	11,175	22,3500
144,6205	11,178	22,3550
144,7081	11,180	22,3600
144,7667	11,183	22,3650
144,8571	11,185	22,3700
144,9344	11,188	22,3750
144,9973	11,190	22,3800
145,0770	11,193	22,3850
145,1475	11,195	22,3900
145,2191	11,198	22,3950
145,2979	11,200	22,4000
145,3577	11,203	22,4050
145,4475	11,205	22,4100
145,5266	11,208	22,4150
145,5880	11,210	22,4200
145,6741	11,213	22,4250
145,7415	11,215	22,4300
145,8121	11,218	22,4350
145,8975	11,220	22,4400
145,9490	11,223	22,4450
146,0392	11,225	22,4500
146,1118	11,228	22,4550
146,1720	11,230	22,4600
146,2584	11,233	22,4650
146,3232	11,235	22,4700
146,3958	11,238	22,4750
146,4836	11,240	22,4800
146,5421	11,243	22,4850
146,6303	11,245	22,4900
146,7048	11,248	22,4950
146,7645	11,250	22,5000
146,8463	11,253	22,5050
146,9102	11,255	22,5100
146,9825	11,258	22,5150
147,0723	11,260	22,5200
147,1253	11,263	22,5250
147,2071	11,265	22,5300
147,2715	11,268	22,5350
147,3322	11,270	22,5400
147,4092	11,273	22,5450
147,4759	11,275	22,5500
147,5348	11,278	22,5550
147,6297	11,280	22,5600
147,6946	11,283	22,5650
147,7874	11,285	22,5700
147,8537	11,288	22,5750
147,9135	11,290	22,5800
147,9936	11,293	22,5850
148,0634	11,295	22,5900
148,1319	11,298	22,5950
148,2160	11,300	22,6000
148,2692	11,303	22,6050
148,3521	11,305	22,6100
148,4248	11,308	22,6150
148,4857	11,310	22,6200
148,5684	11,313	22,6250
148,6422	11,315	22,6300
148,7104	11,318	22,6350
148,7966	11,320	22,6400
148,8567	11,323	22,6450
148,9443	11,325	22,6500
149,0173	11,328	22,6550
149,0816	11,330	22,6600
149,1648	11,333	22,6650
149,2323	11,335	22,6700
149,3017	11,338	22,6750
149,3821	11,340	22,6800
149,4437	11,343	22,6850
149,5288	11,345	22,6900
149,5981	11,348	22,6950
149,6599	11,350	22,7000
149,7505	11,353	22,7050
149,8165	11,355	22,7100
149,8870	11,358	22,7150
149,9644	11,360	22,7200
150,0143	11,363	22,7250
150,0980	11,365	22,7300
150,1701	11,368	22,7350
150,2336	11,370	22,7400
150,3172	11,373	22,7450
150,3952	11,375	22,7500
150,4666	11,378	22,7550
150,5476	11,380	22,7600
150,5925	11,383	22,7650
150,6732	11,385	22,7700
150,7428	11,388	22,7750
150,8047	11,390	22,7800
150,8869	11,393	22,7850
150,9508	11,395	22,7900
151,0211	11,398	22,7950
151,1126	11,400	22,8000
151,1760	11,403	22,8050
151,2616	11,405	22,8100
151,3301	11,408	22,8150
151,3843	11,410	22,8200
151,4729	11,413	22,8250
151,5576	11,415	22,8300
151,6230	11,418	22,8350
151,7009	11,420	22,8400
151,7597	11,423	22,8450
151,8468	11,425	22,8500
151,9149	11,428	22,8550
151,9800	11,430	22,8600
152,0711	11,433	22,8650
152,1405	11,435	22,8700
152,2032	11,438	22,8750
152,2825	11,440	22,8800
152,3508	11,443	22,8850
152,4500	11,445	22,8900
152,5195	11,448	22,8950
152,5761	11,450	22,9000
152,6618	11,453	22,9050
152,7377	11,455	22,9100
152,8074	11,458	22,9150
152,8894	11,460	22,9200
152,9506	11,463	22,9250
153,0366	11,465	22,9300
153,1109	11,468	22,9350
153,1785	11,470	22,9400
153,2613	11,473	22,9450
153,3350	11,475	22,9500
153,3977	11,478	22,9550
153,4860	11,480	22,9600
153,5397	11,483	22,9650
153,6273	11,485	22,9700
153,6916	11,488	22,9750
153,7540	11,490	22,9800
153,8312	11,493	22,9850
153,9067	11,495	22,9900
153,9758	11,498	22,9950
154,0645	11,500	23,0000
154,1162	11,503	23,0050
154,2012	11,505	23,0100
154,2721	11,508	23,0150
154,3308	11,510	23,0200
154,4176	11,513	23,0250
154,4865	11,515	23,0300
154,5601	11,518	23,0350
154,6390	11,520	23,0400
154,6967	11,523	23,0450
154,7900	11,525	23,0500
154,8615	11,528	23,0550
154,9216	11,530	23,0600
154,9994	11,533	23,0650
155,0671	11,535	23,0700
155,1331	11,538	23,0750
155,2283	11,540	23,0800
155,2918	11,543	23,0850
155,3807	11,545	23,0900
155,4566	11,548	23,0950
155,5204	11,550	23,1000
155,6028	11,553	23,1050
155,6696	11,555	23,1100
155,7405	11,558	23,1150
155,8252	11,560	23,1200
155,8933	11,563	23,1250
155,9813	11,565	23,1300
156,0526	11,568	23,1350
156,1133	11,570	23,1400
156,1905	11,573	23,1450
156,2692	11,575	23,1500
156,3400	11,578	23,1550
156,4276	11,580	23,1600
156,4811	11,583	23,1650
156,5668	11,585	23,1700
156,6382	11,588	23,1750
156,7109	11,590	23,1800
156,7993	11,593	23,1850
156,8731	11,595	23,1900
156,9383	11,598	23,1950
157,0213	11,600	23,2000
157,0841	11,603	23,2050
157,1679	11,605	23,2100
157,2375	11,608	23,2150
157,3012	11,610	23,2200
157,3868	11,613	23,2250
157,4629	11,615	23,2300
157,5314	11,618	23,2350
157,6118	11,620	23,2400
157,6686	11,623	23,2450
157,7502	11,625	23,2500
157,8208	11,628	23,2550
157,8895	11,630	23,2600
157,9707	11,633	23,2650
158,0405	11,635	23,2700
158,1069	11,638	23,2750
158,1957	11,640	23,2800
158,2581	11,643	23,2850
158,3477	11,645	23,2900
158,4195	11,648	23,2950
158,4792	11,650	23,3000
158,5614	11,653	23,3050
158,6308	11,655	23,3100
158,7051	11,658	23,3150
158,7997	11,660	23,3200
158,8597	11,663	23,3250
158,9375	11,665	23,3300
158,9985	11,668	23,3350
159,0703	11,670	23,3400
159,1638	11,673	23,3450
159,2426	11,675	23,3500
159,3117	11,678	23,3550
159,4005	11,680	23,3600
159,4563	11,683	23,3650
159,5479	11,685	23,3700
159,6246	11,688	23,3750
159,6923	11,690	23,3800
159,7748	11,693	23,3850
159,8523	11,695	23,3900
159,9197	11,698	23,3950
160,0035	11,700	23,4000
160,0565	11,703	23,4050
160,1417	11,705	23,4100
160,2183	11,708	23,4150
160,2895	11,710	23,4200
160,3711	11,713	23,4250
160,4418	11,715	23,4300
160,5154	11,718	23,4350
160,6048	11,720	23,4400
160,6678	11,723	23,4450
160,7629	11,725	23,4500
160,8378	11,728	23,4550
160,8997	11,730	23,4600
160,9772	11,733	23,4650
161,0496	11,735	23,4700
161,1150	11,738	23,4750
161,1976	11,740	23,4800
161,2541	11,743	23,4850
161,3439	11,745	23,4900
161,4183	11,748	23,4950
161,4798	11,750	23,5000
161,5697	11,753	23,5050
161,6350	11,755	23,5100
161,7104	11,758	23,5150
161,7981	11,760	23,5200
161,8678	11,763	23,5250
161,9528	11,765	23,5300
162,0227	11,768	23,5350
162,0805	11,770	23,5400
162,1592	11,773	23,5450
162,2329	11,775	23,5500
162,3019	11,778	23,5550
162,3830	11,780	23,5600
162,4424	11,783	23,5650
162,5375	11,785	23,5700
162,6039	11,788	23,5750
162,6762	11,790	23,5800
162,7662	11,793	23,5850
162,8338	11,795	23,5900
162,9065	11,798	23,5950
162,9926	11,800	23,6000
163,0582	11,803	23,6050
163,1429	11,805	23,6100
163,2179	11,808	23,6150
163,2814	11,810	23,6200
163,3668	11,813	23,6250
163,4430	11,815	23,6300
163,5174	11,818	23,6350
163,6089	11,820	23,6400
163,6679	11,823	23,6450
163,7554	11,825	23,6500
163,8237	11,828	23,6550
163,8902	11,830	23,6600
163,9810	11,833	23,6650
164,0564	11,835	23,6700
164,1230	11,838	23,6750
164,2128	11,840	23,6800
164,2775	11,843	23,6850
164,3618	11,845	23,6900
164,4369	11,848	23,6950
164,5019	11,850	23,7000
164,5780	11,853	23,7050
164,6545	11,855	23,7100
164,7288	11,858	23,7150
164,8168	11,860	23,7200
164,8778	11,863	23,7250
164,9645	11,865	23,7300
165,0338	11,868	23,7350
165,0988	11,870	23,7400
165,1868	11,873	23,7450
165,2597	11,875	23,7500
165,3323	11,878	23,7550
165,4277	11,880	23,7600
165,4902	11,883	23,7650
165,5754	11,885	23,7700
165,6441	11,888	23,7750
165,7068	11,890	23,7800
165,7846	11,893	23,7850
165,8667	11,895	23,7900
165,9405	11,898	23,7950
166,0236	11,900	23,8000
166,0714	11,903	23,8050
166,1555	11,905	23,8100
166,2330	11,908	23,8150
166,3035	11,910	23,8200
166,3909	11,913	23,8250
166,4630	11,915	23,8300
166,5314	11,918	23,8350
166,6103	11,920	23,8400
166,6750	11,923	23,8450
166,7740	11,925	23,8500
166,8554	11,928	23,8550
166,9146	11,930	23,8600
166,9949	11,933	23,8650
167,0793	11,935	23,8700
167,1508	11,938	23,8750
167,2394	11,940	23,8800
167,3020	11,943	23,8850
167,3870	11,945	23,8900
167,4662	11,948	23,8950
167,5326	11,950	23,9000
167,6173	11,953	23,9050
167,6954	11,955	23,9100
167,7747	11,958	23,9150
167,8641	11,960	23,9200
167,9311	11,963	23,9250
168,0215	11,965	23,9300
168,1054	11,968	23,9350
168,1737	11,970	23,9400
168,2519	11,973	23,9450
168,3292	11,975	23,9500
168,4027	11,978	23,9550
168,4900	11,980	23,9600
168,5534	11,983	23,9650
168,6501	11,985	23,9700
168,7284	11,988	23,9750
168,7942	11,990	23,9800
168,8741	11,993	23,9850
168,9508	11,995	23,9900
169,0220	11,998	23,9950
169,1150	12,000	24,0000
169,1810	12,003	24,0050
169,2570	12,005	24,0100
169,3280	12,008	24,0150
169,3995	12,010	24,0200
169,4880	12,013	24,0250
169,5631	12,015	24,0300
169,6342	12,018	24,0350
169,7297	12,020	24,0400
169,7918	12,023	24,0450
169,8709	12,025	24,0500
169,9289	12,028	24,0550
170,0052	12,030	24,0600
170,0928	12,033	24,0650
170,1674	12,035	24,0700
170,2305	12,038	24,0750
170,3166	12,040	24,0800
170,3841	12,043	24,0850
170,4783	12,045	24,0900
170,5567	12,048	24,0950
170,6253	12,050	24,1000
170,7065	12,053	24,1050
170,7822	12,055	24,1100
170,8597	12,058	24,1150
170,9474	12,060	24,1200
171,0108	12,063	24,1250
171,0966	12,065	24,1300
171,1735	12,068	24,1350
171,2447	12,070	24,1400
171,3272	12,073	24,1450
171,3976	12,075	24,1500
171,4638	12,078	24,1550
171,5570	12,080	24,1600
171,6250	12,083	24,1650
171,7172	12,085	24,1700
171,7900	12,088	24,1750
171,8569	12,090	24,1800
171,9349	12,093	24,1850
172,0083	12,095	24,1900
172,0792	12,098	24,1950
172,1722	12,100	24,2000
172,2359	12,103	24,2050
172,3234	12,105	24,2100
172,4021	12,108	24,2150
172,4648	12,110	24,2200
172,5488	12,113	24,2250
172,6209	12,115	24,2300
172,7076	12,118	24,2350
172,7924	12,120	24,2400
172,8449	12,123	24,2450
172,9250	12,125	24,2500
173,0012	12,128	24,2550
173,0714	12,130	24,2600
173,1616	12,133	24,2650
173,2392	12,135	24,2700
173,3091	12,138	24,2750
173,3995	12,140	24,2800
173,4546	12,143	24,2850
173,5377	12,145	24,2900
173,6138	12,148	24,2950
173,6798	12,150	24,3000
173,7677	12,153	24,3050
173,8308	12,155	24,3100
173,9011	12,158	24,3150
173,9904	12,160	24,3200
174,0634	12,163	24,3250
174,1477	12,165	24,3300
174,2219	12,168	24,3350
174,2894	12,170	24,3400
174,3739	12,173	24,3450
174,4539	12,175	24,3500
174,5256	12,178	24,3550
174,6245	12,180	24,3600
174,6777	12,183	24,3650
174,7636	12,185	24,3700
174,8451	12,188	24,3750
174,9228	12,190	24,3800
175,0070	12,193	24,3850
175,0805	12,195	24,3900
175,1544	12,198	24,3950
175,2518	12,200	24,4000
175,3174	12,203	24,4050
175,4024	12,205	24,4100
175,4809	12,208	24,4150
175,5483	12,210	24,4200
175,6363	12,213	24,4250
175,7106	12,215	24,4300
175,7792	12,218	24,4350
175,8678	12,220	24,4400
175,9371	12,223	24,4450
176,0349	12,225	24,4500
176,1047	12,228	24,4550
176,1739	12,230	24,4600
176,2540	12,233	24,4650
176,3250	12,235	24,4700
176,3968	12,238	24,4750
176,4900	12,240	24,4800
176,5644	12,243	24,4850
176,6587	12,245	24,4900
176,7334	12,248	24,4950
176,7994	12,250	24,5000
176,8860	12,253	24,5050
176,9586	12,255	24,5100
177,0358	12,258	24,5150
177,1254	12,260	24,5200
177,1838	12,263	24,5250
177,2694	12,265	24,5300
177,3375	12,268	24,5350
177,4003	12,270	24,5400
177,4907	12,273	24,5450
177,5760	12,275	24,5500
177,6482	12,278	24,5550
177,7310	12,280	24,5600
177,7980	12,283	24,5650
177,8931	12,285	24,5700
177,9648	12,288	24,5750
178,0341	12,290	24,5800
178,1189	12,293	24,5850
178,1948	12,295	24,5900
178,2660	12,298	24,5950
178,3589	12,300	24,6000
178,4274	12,303	24,6050
178,5193	12,305	24,6100
178,6007	12,308	24,6150
178,6650	12,310	24,6200
178,7538	12,313	24,6250
178,8357	12,315	24,6300
178,9186	12,318	24,6350
179,0097	12,320	24,6400
179,0718	12,323	24,6450
179,1620	12,325	24,6500
179,2339	12,328	24,6550
179,3013	12,330	24,6600
179,3883	12,333	24,6650
179,4736	12,335	24,6700
179,5509	12,338	24,6750
179,6425	12,340	24,6800
179,7053	12,343	24,6850
179,7940	12,345	24,6900
179,8730	12,348	24,6950
179,9366	12,350	24,7000
180,0286	12,353	24,7050
180,1054	12,355	24,7100
180,1812	12,358	24,7150
180,2683	12,360	24,7200
180,3390	12,363	24,7250
180,4200	12,365	24,7300
180,5034	12,368	24,7350
180,5750	12,370	24,7400
180,6646	12,373	24,7450
180,7420	12,375	24,7500
180,8147	12,378	24,7550
180,9076	12,380	24,7600
180,9680	12,383	24,7650
181,0584	12,385	24,7700
181,1251	12,388	24,7750
181,1973	12,390	24,7800
181,2787	12,393	24,7850
181,3544	12,395	24,7900
181,4293	12,398	24,7950
181,5208	12,400	24,8000
181,5886	12,403	24,8050
181,6774	12,405	24,8100
181,7563	12,408	24,8150
181,8208	12,410	24,8200
181,9037	12,413	24,8250
181,9803	12,415	24,8300
182,0660	12,418	24,8350
182,1534	12,420	24,8400
182,2269	12,423	24,8450
182,3154	12,425	24,8500
182,3904	12,428	24,8550
182,4599	12,430	24,8600
182,5516	12,433	24,8650
182,6258	12,435	24,8700
182,6987	12,438	24,8750
182,7931	12,440	24,8800
182,8589	12,443	24,8850
182,9512	12,445	24,8900
183,0283	12,448	24,8950
183,1051	12,450	24,9000
183,1927	12,453	24,9050
183,2608	12,455	24,9100
183,3367	12,458	24,9150
183,4316	12,460	24,9200
183,4997	12,463	24,9250
183,5820	12,465	24,9300
183,6567	12,468	24,9350
183,7312	12,470	24,9400
183,8206	12,473	24,9450
183,8986	12,475	24,9500
183,9774	12,478	24,9550
184,0689	12,480	24,9600
184,1326	12,483	24,9650
184,2277	12,485	24,9700
184,3060	12,488	24,9750
184,3749	12,490	24,9800
184,4611	12,493	24,9850
184,5380	12,495	24,9900
184,6122	12,498	24,9950
184,7002	12,500	25,0000
184,7648	12,503	25,0050
184,8517	12,505	25,0100
184,9316	12,508	25,0150
185,0072	12,510	25,0200
185,0955	12,513	25,0250
185,1626	12,515	25,0300
185,2339	12,518	25,0350
185,3234	12,520	25,0400
185,3960	12,523	25,0450
185,4948	12,525	25,0500
185,5680	12,528	25,0550
185,6284	12,530	25,0600
185,7092	12,533	25,0650
185,7856	12,535	25,0700
185,8651	12,538	25,0750
185,9541	12,540	25,0800
186,0177	12,543	25,0850
186,1082	12,545	25,0900
186,2022	12,548	25,0950
186,2758	12,550	25,1000
186,3659	12,553	25,1050
186,4399	12,555	25,1100
186,5190	12,558	25,1150
186,6081	12,560	25,1200
186,6816	12,563	25,1250
186,7652	12,565	25,1300
186,8407	12,568	25,1350
186,9124	12,570	25,1400
186,9939	12,573	25,1450
187,0737	12,575	25,1500
187,1595	12,578	25,1550
187,2515	12,580	25,1600
187,3201	12,583	25,1650
187,4140	12,585	25,1700
187,4938	12,588	25,1750
187,5677	12,590	25,1800
187,6526	12,593	25,1850
187,7318	12,595	25,1900
187,8124	12,598	25,1950
187,9062	12,600	25,2000
187,9718	12,603	25,2050
188,0586	12,605	25,2100
188,1424	12,608	25,2150
188,2106	12,610	25,2200
188,2966	12,613	25,2250
188,3754	12,615	25,2300
188,4591	12,618	25,2350
188,5486	12,620	25,2400
188,6094	12,623	25,2450
188,6917	12,625	25,2500
188,7669	12,628	25,2550
188,8322	12,630	25,2600
188,9294	12,633	25,2650
189,0141	12,635	25,2700
189,0858	12,638	25,2750
189,1755	12,640	25,2800
189,2456	12,643	25,2850
189,3369	12,645	25,2900
189,4150	12,648	25,2950
189,4793	12,650	25,3000
189,5687	12,653	25,3050
189,6486	12,655	25,3100
189,7313	12,658	25,3150
189,8220	12,660	25,3200
189,8876	12,663	25,3250
189,9782	12,665	25,3300
190,0571	12,668	25,3350
190,1345	12,670	25,3400
190,2244	12,673	25,3450
190,3066	12,675	25,3500
190,3798	12,678	25,3550
190,4752	12,680	25,3600
190,5473	12,683	25,3650
190,6400	12,685	25,3700
190,7171	12,688	25,3750
190,7889	12,690	25,3800
190,8813	12,693	25,3850
190,9689	12,695	25,3900
191,0414	12,698	25,3950
191,1353	12,700	25,4000
191,2034	12,703	25,4050
191,2897	12,705	25,4100
191,3694	12,708	25,4150
191,4383	12,710	25,4200
191,5218	12,713	25,4250
191,6020	12,715	25,4300
191,6929	12,718	25,4350
191,7900	12,720	25,4400
191,8588	12,723	25,4450
191,9440	12,725	25,4500
192,0174	12,728	25,4550
192,0916	12,730	25,4600
192,1761	12,733	25,4650
192,2634	12,735	25,4700
192,3448	12,738	25,4750
192,4352	12,740	25,4800
192,4967	12,743	25,4850
192,5886	12,745	25,4900
192,6695	12,748	25,4950
192,7419	12,750	25,5000
192,8286	12,753	25,5050
192,9100	12,755	25,5100
192,9952	12,758	25,5150
193,0899	12,760	25,5200
193,1522	12,763	25,5250
193,2385	12,765	25,5300
193,3169	12,768	25,5350
193,3843	12,770	25,5400
193,4601	12,773	25,5450
193,5457	12,775	25,5500
193,6274	12,778	25,5550
193,7184	12,780	25,5600
193,7754	12,783	25,5650
193,8679	12,785	25,5700
193,9514	12,788	25,5750
194,0355	12,790	25,5800
194,1264	12,793	25,5850
194,2031	12,795	25,5900
194,2838	12,798	25,5950
194,3730	12,800	25,6000
194,4436	12,803	25,6050
194,5355	12,805	25,6100
194,6177	12,808	25,6150
194,6866	12,810	25,6200
194,7801	12,813	25,6250
194,8577	12,815	25,6300
194,9401	12,818	25,6350
195,0337	12,820	25,6400
195,0946	12,823	25,6450
195,1864	12,825	25,6500
195,2625	12,828	25,6550
195,3400	12,830	25,6600
195,4278	12,833	25,6650
195,5034	12,835	25,6700
195,5890	12,838	25,6750
195,6859	12,840	25,6800
195,7523	12,843	25,6850
195,8467	12,845	25,6900
195,9259	12,848	25,6950
195,9947	12,850	25,7000
196,0926	12,853	25,7050
196,1657	12,855	25,7100
196,2373	12,858	25,7150
196,3283	12,860	25,7200
196,3979	12,863	25,7250
196,4867	12,865	25,7300
196,5780	12,868	25,7350
196,6472	12,870	25,7400
196,7349	12,873	25,7450
196,8159	12,875	25,7500
196,8843	12,878	25,7550
196,9760	12,880	25,7600
197,0478	12,883	25,7650
197,1449	12,885	25,7700
197,2199	12,888	25,7750
197,2852	12,890	25,7800
197,3660	12,893	25,7850
197,4545	12,895	25,7900
197,5291	12,898	25,7950
197,6222	12,900	25,8000
197,6916	12,903	25,8050
197,7847	12,905	25,8100
197,8610	12,908	25,8150
197,9329	12,910	25,8200
198,0269	12,913	25,8250
198,1055	12,915	25,8300
198,1891	12,918	25,8350
198,2833	12,920	25,8400
198,3564	12,923	25,8450
198,4516	12,925	25,8500
198,5323	12,928	25,8550
198,6086	12,930	25,8600
198,6835	12,933	25,8650
198,7579	12,935	25,8700
198,8345	12,938	25,8750
198,9354	12,940	25,8800
199,0070	12,943	25,8850
199,1011	12,945	25,8900
199,1834	12,948	25,8950
199,2567	12,950	25,9000
199,3473	12,953	25,9050
199,4244	12,955	25,9100
199,5040	12,958	25,9150
199,6058	12,960	25,9200
199,6775	12,963	25,9250
199,7736	12,965	25,9300
199,8530	12,968	25,9350
199,9233	12,970	25,9400
200,0143	12,973	25,9450
200,1015	12,975	25,9500
200,1811	12,978	25,9550
200,2766	12,980	25,9600
200,3462	12,983	25,9650
200,4395	12,985	25,9700
200,5176	12,988	25,9750
200,5898	12,990	25,9800
200,6813	12,993	25,9850
200,7612	12,995	25,9900
200,8432	12,998	25,9950
200,9426	13,000	26,0000
201,0119	13,003	26,0050
201,1006	13,005	26,0100
201,1843	13,008	26,0150
201,2549	13,010	26,0200
201,3472	13,013	26,0250
201,4335	13,015	26,0300
201,5075	13,018	26,0350
201,5950	13,020	26,0400
201,6687	13,023	26,0450
201,7623	13,025	26,0500
201,8346	13,028	26,0550
201,9102	13,030	26,0600
202,0061	13,033	26,0650
202,0920	13,035	26,0700
202,1726	13,038	26,0750
202,2643	13,040	26,0800
202,3363	13,043	26,0850
202,4327	13,045	26,0900
202,5139	13,048	26,0950
202,5844	13,050	26,1000
202,6682	13,053	26,1050
202,7500	13,055	26,1100
202,8362	13,058	26,1150
202,9370	13,060	26,1200
203,0081	13,063	26,1250
203,0994	13,065	26,1300
203,1807	13,068	26,1350
203,2533	13,070	26,1400
203,3459	13,073	26,1450
203,4278	13,075	26,1500
203,5079	13,078	26,1550
203,6155	13,080	26,1600
203,6846	13,083	26,1650
203,7793	13,085	26,1700
203,8608	13,088	26,1750
203,9395	13,090	26,1800
204,0301	13,093	26,1850
204,1161	13,095	26,1900
204,1935	13,098	26,1950
204,2886	13,100	26,2000
204,3576	13,103	26,2050
204,4458	13,105	26,2100
204,5321	13,108	26,2150
204,6140	13,110	26,2200
204,7092	13,113	26,2250
204,7871	13,115	26,2300
204,8727	13,118	26,2350
204,9753	13,120	26,2400
205,0523	13,123	26,2450
205,1522	13,125	26,2500
205,2349	13,128	26,2550
205,3035	13,130	26,2600
205,3833	13,133	26,2650
205,4647	13,135	26,2700
205,5492	13,138	26,2750
205,6459	13,140	26,2800
205,7113	13,143	26,2850
205,7963	13,145	26,2900
205,8762	13,148	26,2950
205,9547	13,150	26,3000
206,0578	13,153	26,3050
206,1396	13,155	26,3100
206,2161	13,158	26,3150
206,3040	13,160	26,3200
206,3669	13,163	26,3250
206,4609	13,165	26,3300
206,5486	13,168	26,3350
206,6251	13,170	26,3400
206,7145	13,173	26,3450
206,8044	13,175	26,3500
206,8862	13,178	26,3550
206,9918	13,180	26,3600
207,0582	13,183	26,3650
207,1489	13,185	26,3700
207,2345	13,188	26,3750
207,3065	13,190	26,3800
207,3953	13,193	26,3850
207,4842	13,195	26,3900
207,5629	13,198	26,3950
207,6650	13,200	26,4000
207,7445	13,203	26,4050
207,8385	13,205	26,4100
207,9291	13,208	26,4150
207,9984	13,210	26,4200
208,0918	13,213	26,4250
208,1833	13,215	26,4300
208,2613	13,218	26,4350
208,3569	13,220	26,4400
208,4238	13,223	26,4450
208,5152	13,225	26,4500
208,5978	13,228	26,4550
208,6765	13,230	26,4600
208,7708	13,233	26,4650
208,8579	13,235	26,4700
208,9380	13,238	26,4750
209,0318	13,240	26,4800
209,1038	13,243	26,4850
209,1979	13,245	26,4900
209,2810	13,248	26,4950
209,3534	13,250	26,5000
209,4452	13,253	26,5050
209,5281	13,255	26,5100
209,6124	13,258	26,5150
209,6974	13,260	26,5200
209,7693	13,263	26,5250
209,8674	13,265	26,5300
209,9520	13,268	26,5350
210,0324	13,270	26,5400
210,1198	13,273	26,5450
210,1965	13,275	26,5500
210,2694	13,278	26,5550
210,3723	13,280	26,5600
210,4487	13,283	26,5650
210,5498	13,285	26,5700
210,6282	13,288	26,5750
210,7031	13,290	26,5800
210,7917	13,293	26,5850
210,8808	13,295	26,5900
210,9639	13,298	26,5950
211,0647	13,300	26,6000
211,1355	13,303	26,6050
211,2251	13,305	26,6100
211,3068	13,308	26,6150
211,3880	13,310	26,6200
211,4879	13,313	26,6250
211,5690	13,315	26,6300
211,6577	13,318	26,6350
211,7564	13,320	26,6400
211,8256	13,323	26,6450
211,9232	13,325	26,6500
212,0066	13,328	26,6550
212,0843	13,330	26,6600
212,1718	13,333	26,6650
212,2606	13,335	26,6700
212,3467	13,338	26,6750
212,4451	13,340	26,6800
212,5125	13,343	26,6850
212,6056	13,345	26,6900
212,6872	13,348	26,6950
212,7566	13,350	26,7000
212,8615	13,353	26,7050
212,9560	13,355	26,7100
213,0390	13,358	26,7150
213,1319	13,360	26,7200
213,2078	13,363	26,7250
213,3035	13,365	26,7300
213,3917	13,368	26,7350
213,4650	13,370	26,7400
213,5497	13,373	26,7450
213,6364	13,375	26,7500
213,7190	13,378	26,7550
213,8111	13,380	26,7600
213,8774	13,383	26,7650
213,9749	13,385	26,7700
214,0548	13,388	26,7750
214,1352	13,390	26,7800
214,2278	13,393	26,7850
214,3156	13,395	26,7900
214,3959	13,398	26,7950
214,4931	13,400	26,8000
214,5636	13,403	26,8050
214,6466	13,405	26,8100
214,7269	13,408	26,8150
214,8004	13,410	26,8200
214,9008	13,413	26,8250
214,9882	13,415	26,8300
215,0729	13,418	26,8350
215,1605	13,420	26,8400
215,2328	13,423	26,8450
215,3379	13,425	26,8500
215,4275	13,428	26,8550
215,5056	13,430	26,8600
215,5922	13,433	26,8650
215,6772	13,435	26,8700
215,7663	13,438	26,8750
215,8696	13,440	26,8800
215,9501	13,443	26,8850
216,0497	13,445	26,8900
216,1290	13,448	26,8950
216,1969	13,450	26,9000
216,2874	13,453	26,9050
216,3792	13,455	26,9100
216,4661	13,458	26,9150
216,5707	13,460	26,9200
216,6424	13,463	26,9250
216,7287	13,465	26,9300
216,8073	13,468	26,9350
216,8881	13,470	26,9400
216,9810	13,473	26,9450
217,0736	13,475	26,9500
217,1550	13,478	26,9550
217,2540	13,480	26,9600
217,3337	13,483	26,9650
217,4329	13,485	26,9700
217,5100	13,488	26,9750
217,5841	13,490	26,9800
217,6734	13,493	26,9850
217,7618	13,495	26,9900
217,8411	13,498	26,9950
217,9484	13,500	27,0000
218,0270	13,503	27,0050
218,1233	13,505	27,0100
218,1916	13,508	27,0150
218,2644	13,510	27,0200
218,3559	13,513	27,0250
218,4387	13,515	27,0300
218,5196	13,518	27,0350
218,6242	13,520	27,0400
218,6973	13,523	27,0450
218,7991	13,525	27,0500
218,8848	13,528	27,0550
218,9694	13,530	27,0600
219,0480	13,533	27,0650
219,1241	13,535	27,0700
219,2078	13,538	27,0750
219,3122	13,540	27,0800
219,3882	13,543	27,0850
219,4880	13,545	27,0900
219,5760	13,548	27,0950
219,6511	13,550	27,1000
219,7456	13,553	27,1050
219,8263	13,555	27,1100
219,9129	13,558	27,1150
220,0025	13,560	27,1200
220,0814	13,563	27,1250
220,1891	13,565	27,1300
220,2833	13,568	27,1350
220,3579	13,570	27,1400
220,4491	13,573	27,1450
220,5424	13,575	27,1500
220,6241	13,578	27,1550
220,7152	13,580	27,1600
220,7794	13,583	27,1650
220,8778	13,585	27,1700
220,9673	13,588	27,1750
221,0490	13,590	27,1800
221,1455	13,593	27,1850
221,2396	13,595	27,1900
221,3266	13,598	27,1950
221,4232	13,600	27,2000
221,5043	13,603	27,2050
221,6013	13,605	27,2100
221,6835	13,608	27,2150
221,7471	13,610	27,2200
221,8385	13,613	27,2250
221,9292	13,615	27,2300
222,0133	13,618	27,2350
222,1114	13,620	27,2400
222,1859	13,623	27,2450
222,2839	13,625	27,2500
222,3621	13,628	27,2550
222,4433	13,630	27,2600
222,5366	13,633	27,2650
222,6253	13,635	27,2700
222,7064	13,638	27,2750
222,8055	13,640	27,2800
222,8783	13,643	27,2850
222,9763	13,645	27,2900
223,0677	13,648	27,2950
223,1434	13,650	27,3000
223,2304	13,653	27,3050
223,3159	13,655	27,3100
223,4036	13,658	27,3150
223,4928	13,660	27,3200
223,5616	13,663	27,3250
223,6577	13,665	27,3300
223,7554	13,668	27,3350
223,8333	13,670	27,3400
223,9268	13,673	27,3450
224,0163	13,675	27,3500
224,0960	13,678	27,3550
224,1929	13,680	27,3600
224,2677	13,683	27,3650
224,3727	13,685	27,3700
224,4582	13,688	27,3750
224,5376	13,690	27,3800
224,6270	13,693	27,3850
224,7150	13,695	27,3900
224,7969	13,698	27,3950
224,9025	13,700	27,4000
224,9775	13,703	27,4050
225,0686	13,705	27,4100
225,1622	13,708	27,4150
225,2400	13,710	27,4200
225,3379	13,713	27,4250
225,4195	13,715	27,4300
225,5077	13,718	27,4350
225,6117	13,720	27,4400
225,6991	13,723	27,4450
225,8050	13,725	27,4500
225,8917	13,728	27,4550
225,9624	13,730	27,4600
226,0458	13,733	27,4650
226,1331	13,735	27,4700
226,2156	13,738	27,4750
226,3112	13,740	27,4800
226,3919	13,743	27,4850
226,4921	13,745	27,4900
226,5781	13,748	27,4950
226,6573	13,750	27,5000
226,7536	13,753	27,5050
226,8438	13,755	27,5100
226,9340	13,758	27,5150
227,0294	13,760	27,5200
227,1075	13,763	27,5250
227,2017	13,765	27,5300
227,2888	13,768	27,5350
227,3634	13,770	27,5400
227,4579	13,773	27,5450
227,5506	13,775	27,5500
227,6400	13,778	27,5550
227,7372	13,780	27,5600
227,8052	13,783	27,5650
227,8962	13,785	27,5700
227,9780	13,788	27,5750
228,0646	13,790	27,5800
228,1628	13,793	27,5850
228,2532	13,795	27,5900
228,3338	13,798	27,5950
228,4363	13,800	27,6000
228,5188	13,803	27,6050
228,6114	13,805	27,6100
228,7051	13,808	27,6150
228,7879	13,810	27,6200
228,8834	13,813	27,6250
228,9700	13,815	27,6300
229,0521	13,818	27,6350
229,1552	13,820	27,6400
229,2352	13,823	27,6450
229,3294	13,825	27,6500
229,4085	13,828	27,6550
229,4933	13,830	27,6600
229,5961	13,833	27,6650
229,6836	13,835	27,6700
229,7707	13,838	27,6750
229,8774	13,840	27,6800
229,9515	13,843	27,6850
230,0499	13,845	27,6900
230,1340	13,848	27,6950
230,2156	13,850	27,7000
230,3140	13,853	27,7050
230,4053	13,855	27,7100
230,4916	13,858	27,7150
230,5906	13,860	27,7200
230,6634	13,863	27,7250
230,7595	13,865	27,7300
230,8482	13,868	27,7350
230,9311	13,870	27,7400
231,0217	13,873	27,7450
231,1090	13,875	27,7500
231,1938	13,878	27,7550
231,2987	13,880	27,7600
231,3734	13,883	27,7650
231,4723	13,885	27,7700
231,5509	13,888	27,7750
231,6301	13,890	27,7800
231,7171	13,893	27,7850
231,8144	13,895	27,7900
231,9024	13,898	27,7950
232,0012	13,900	27,8000
232,0687	13,903	27,8050
232,1640	13,905	27,8100
232,2585	13,908	27,8150
232,3523	13,910	27,8200
232,4519	13,913	27,8250
232,5366	13,915	27,8300
232,6215	13,918	27,8350
232,7170	13,920	27,8400
232,8002	13,923	27,8450
232,9072	13,925	27,8500
232,9976	13,928	27,8550
233,0803	13,930	27,8600
233,1652	13,933	27,8650
233,2489	13,935	27,8700
233,3384	13,938	27,8750
233,4456	13,940	27,8800
233,5242	13,943	27,8850
233,6194	13,945	27,8900
233,7054	13,948	27,8950
233,7836	13,950	27,9000
233,8901	13,953	27,9050
233,9863	13,955	27,9100
234,0769	13,958	27,9150
234,1780	13,960	27,9200
234,2650	13,963	27,9250
234,3599	13,965	27,9300
234,4402	13,968	27,9350
234,5221	13,970	27,9400
234,6145	13,973	27,9450
234,7066	13,975	27,9500
234,8003	13,978	27,9550
234,9060	13,980	27,9600
234,9773	13,983	27,9650
235,0780	13,985	27,9700
235,1600	13,988	27,9750
235,2454	13,990	27,9800
235,3477	13,993	27,9850
235,4407	13,995	27,9900
235,5288	13,998	27,9950
235,6306	14,000	28,0000
235,7088	14,003	28,0050
235,8079	14,005	28,0100
235,8891	14,008	28,0150
235,9663	14,010	28,0200
236,0664	14,013	28,0250
236,1603	14,015	28,0300
236,2432	14,018	28,0350
236,3444	14,020	28,0400
236,4204	14,023	28,0450
236,5177	14,025	28,0500
236,6087	14,028	28,0550
236,6950	14,030	28,0600
236,7932	14,033	28,0650
236,8833	14,035	28,0700
236,9667	14,038	28,0750
237,0694	14,040	28,0800
237,1528	14,043	28,0850
237,2556	14,045	28,0900
237,3545	14,048	28,0950
237,4359	14,050	28,1000
237,5296	14,053	28,1050
237,6198	14,055	28,1100
237,7159	14,058	28,1150
237,8208	14,060	28,1200
237,8949	14,063	28,1250
237,9879	14,065	28,1300
238,0812	14,068	28,1350
238,1635	14,070	28,1400
238,2599	14,073	28,1450
238,3473	14,075	28,1500
238,4272	14,078	28,1550
238,5368	14,080	28,1600
238,6224	14,083	28,1650
238,7235	14,085	28,1700
238,8061	14,088	28,1750
238,8899	14,090	28,1800
238,9840	14,093	28,1850
239,0805	14,095	28,1900
239,1735	14,098	28,1950
239,2810	14,100	28,2000
239,3582	14,103	28,2050
239,4518	14,105	28,2100
239,5430	14,108	28,2150
239,6246	14,110	28,2200
239,7201	14,113	28,2250
239,8138	14,115	28,2300
239,9051	14,118	28,2350
240,0096	14,120	28,2400
240,0930	14,123	28,2450
240,1974	14,125	28,2500
240,2859	14,128	28,2550
240,3647	14,130	28,2600
240,4552	14,133	28,2650
240,5531	14,135	28,2700
240,6456	14,138	28,2750
240,7469	14,140	28,2800
240,8216	14,143	28,2850
240,9204	14,145	28,2900
241,0132	14,148	28,2950
241,0867	14,150	28,3000
241,1772	14,153	28,3050
241,2667	14,155	28,3100
241,3585	14,158	28,3150
241,4610	14,160	28,3200
241,5451	14,163	28,3250
241,6495	14,165	28,3300
241,7415	14,168	28,3350
241,8168	14,170	28,3400
241,9148	14,173	28,3450
242,0135	14,175	28,3500
242,0962	14,178	28,3550
242,2028	14,180	28,3600
242,2796	14,183	28,3650
242,3765	14,185	28,3700
242,4664	14,188	28,3750
242,5509	14,190	28,3800
242,6539	14,193	28,3850
242,7487	14,195	28,3900
242,8426	14,198	28,3950
242,9513	14,200	28,4000
243,0411	14,203	28,4050
243,1506	14,205	28,4100
243,2369	14,208	28,4150
243,3079	14,210	28,4200
243,4016	14,213	28,4250
243,4993	14,215	28,4300
243,5921	14,218	28,4350
243,6995	14,220	28,4400
243,7837	14,223	28,4450
243,8813	14,225	28,4500
243,9731	14,228	28,4550
244,0678	14,230	28,4600
244,1690	14,233	28,4650
244,2565	14,235	28,4700
244,3462	14,238	28,4750
244,4588	14,240	28,4800
244,5411	14,243	28,4850
244,6393	14,245	28,4900
244,7268	14,248	28,4950
244,8132	14,250	28,5000
244,9087	14,253	28,5050
244,9977	14,255	28,5100
245,0899	14,258	28,5150
245,1997	14,260	28,5200
245,2794	14,263	28,5250
245,3781	14,265	28,5300
245,4689	14,268	28,5350
245,5485	14,270	28,5400
245,6456	14,273	28,5450
245,7378	14,275	28,5500
245,8238	14,278	28,5550
245,9299	14,280	28,5600
246,0139	14,283	28,5650
246,1191	14,285	28,5700
246,2018	14,288	28,5750
246,2801	14,290	28,5800
246,3730	14,293	28,5850
246,4690	14,295	28,5900
246,5628	14,298	28,5950
246,6649	14,300	28,6000
246,7413	14,303	28,6050
246,8452	14,305	28,6100
246,9386	14,308	28,6150
247,0272	14,310	28,6200
247,1293	14,313	28,6250
247,2163	14,315	28,6300
247,3117	14,318	28,6350
247,4245	14,320	28,6400
247,5090	14,323	28,6450
247,6109	14,325	28,6500
247,7024	14,328	28,6550
247,7895	14,330	28,6600
247,8915	14,333	28,6650
247,9936	14,335	28,6700
248,0829	14,338	28,6750
248,1920	14,340	28,6800
248,2711	14,343	28,6850
248,3781	14,345	28,6900
248,4757	14,348	28,6950
248,5549	14,350	28,7000
248,6618	14,353	28,7050
248,7582	14,355	28,7100
248,8545	14,358	28,7150
248,9628	14,360	28,7200
249,0542	14,363	28,7250
249,1637	14,365	28,7300
249,2521	14,368	28,7350
249,3233	14,370	28,7400
249,4185	14,373	28,7450
249,5148	14,375	28,7500
249,6105	14,378	28,7550
249,7219	14,380	28,7600
249,8005	14,383	28,7650
249,9058	14,385	28,7700
249,9993	14,388	28,7750
250,0847	14,390	28,7800
250,1787	14,393	28,7850
250,2715	14,395	28,7900
250,3533	14,398	28,7950
250,4617	14,400	28,8000
250,5468	14,403	28,8050
250,6424	14,405	28,8100
250,7376	14,408	28,8150
250,8180	14,410	28,8200
250,9091	14,413	28,8250
251,0010	14,415	28,8300
251,0979	14,418	28,8350
251,2117	14,420	28,8400
251,2890	14,423	28,8450
251,3833	14,425	28,8500
251,4752	14,428	28,8550
251,5636	14,430	28,8600
251,6599	14,433	28,8650
251,7539	14,435	28,8700
251,8450	14,438	28,8750
251,9560	14,440	28,8800
252,0457	14,443	28,8850
252,1461	14,445	28,8900
252,2330	14,448	28,8950
252,3186	14,450	28,9000
252,4298	14,453	28,9050
252,5361	14,455	28,9100
252,6293	14,458	28,9150
252,7321	14,460	28,9200
252,8111	14,463	28,9250
252,9125	14,465	28,9300
253,0063	14,468	28,9350
253,0910	14,470	28,9400
253,1957	14,473	28,9450
253,2956	14,475	28,9500
253,3827	14,478	28,9550
253,4883	14,480	28,9600
253,5754	14,483	28,9650
253,6898	14,485	28,9700
253,7808	14,488	28,9750
253,8620	14,490	28,9800
253,9510	14,493	28,9850
254,0549	14,495	28,9900
254,1544	14,498	28,9950
254,2651	14,500	29,0000
254,3392	14,503	29,0050
254,4326	14,505	29,0100
254,5246	14,508	29,0150
254,6156	14,510	29,0200
254,7242	14,513	29,0250
254,8178	14,515	29,0300
254,9032	14,518	29,0350
255,0085	14,520	29,0400
255,0937	14,523	29,0450
255,2027	14,525	29,0500
255,3035	14,528	29,0550
255,3851	14,530	29,0600
255,4766	14,533	29,0650
255,5729	14,535	29,0700
255,6656	14,538	29,0750
255,7747	14,540	29,0800
255,8480	14,543	29,0850
255,9557	14,545	29,0900
256,0528	14,548	29,0950
256,1400	14,550	29,1000
256,2436	14,553	29,1050
256,3345	14,555	29,1100
256,4292	14,558	29,1150
256,5359	14,560	29,1200
256,6299	14,563	29,1250
256,7350	14,565	29,1300
256,8262	14,568	29,1350
256,9198	14,570	29,1400
257,0251	14,573	29,1450
257,1163	14,575	29,1500
257,2104	14,578	29,1550
257,3249	14,580	29,1600
257,4040	14,583	29,1650
257,5037	14,585	29,1700
257,6012	14,588	29,1750
257,6954	14,590	29,1800
257,7986	14,593	29,1850
257,8891	14,595	29,1900
257,9789	14,598	29,1950
258,0901	14,600	29,2000
258,1890	14,603	29,2050
258,2985	14,605	29,2100
258,3899	14,608	29,2150
258,4710	14,610	29,2200
258,5731	14,613	29,2250
258,6697	14,615	29,2300
258,7623	14,618	29,2350
258,8702	14,620	29,2400
258,9532	14,623	29,2450
259,0586	14,625	29,2500
259,1435	14,628	29,2550
259,2304	14,630	29,2600
259,3305	14,633	29,2650
259,4268	14,635	29,2700
259,5147	14,638	29,2750
259,6258	14,640	29,2800
259,7116	14,643	29,2850
259,8194	14,645	29,2900
259,9084	14,648	29,2950
259,9889	14,650	29,3000
260,0798	14,653	29,3050
260,1755	14,655	29,3100
260,2675	14,658	29,3150
260,3731	14,660	29,3200
260,4585	14,663	29,3250
260,5590	14,665	29,3300
260,6490	14,668	29,3350
260,7370	14,670	29,3400
260,8386	14,673	29,3450
260,9441	14,675	29,3500
261,0379	14,678	29,3550
261,1492	14,680	29,3600
261,2369	14,683	29,3650
261,3469	14,685	29,3700
261,4408	14,688	29,3750
261,5361	14,690	29,3800
261,6367	14,693	29,3850
261,7369	14,695	29,3900
261,8334	14,698	29,3950
261,9456	14,700	29,4000
262,0187	14,703	29,4050
262,1220	14,705	29,4100
262,2203	14,708	29,4150
262,3084	14,710	29,4200
262,4144	14,713	29,4250
262,5125	14,715	29,4300
262,6052	14,718	29,4350
262,7132	14,720	29,4400
262,8079	14,723	29,4450
262,9185	14,725	29,4500
263,0108	14,728	29,4550
263,0916	14,730	29,4600
263,1879	14,733	29,4650
263,2963	14,735	29,4700
263,3954	14,738	29,4750
263,5079	14,740	29,4800
263,5887	14,743	29,4850
263,6864	14,745	29,4900
263,7795	14,748	29,4950
263,8728	14,750	29,5000
263,9796	14,753	29,5050
264,0836	14,755	29,5100
264,1805	14,758	29,5150
264,2919	14,760	29,5200
264,3840	14,763	29,5250
264,4909	14,765	29,5300
264,5798	14,768	29,5350
264,6555	14,770	29,5400
264,7551	14,773	29,5450
264,8591	14,775	29,5500
264,9522	14,778	29,5550
265,0551	14,780	29,5600
265,1354	14,783	29,5650
265,2466	14,785	29,5700
265,3496	14,788	29,5750
265,4425	14,790	29,5800
265,5418	14,793	29,5850
265,6372	14,795	29,5900
265,7301	14,798	29,5950
265,8328	14,800	29,6000
265,9199	14,803	29,6050
266,0337	14,805	29,6100
266,1369	14,808	29,6150
266,2292	14,810	29,6200
266,3392	14,813	29,6250
266,4471	14,815	29,6300
266,5385	14,818	29,6350
266,6455	14,820	29,6400
266,7397	14,823	29,6450
266,8515	14,825	29,6500
266,9532	14,828	29,6550
267,0472	14,830	29,6600
267,1504	14,833	29,6650
267,2494	14,835	29,6700
267,3425	14,838	29,6750
267,4592	14,840	29,6800
267,5517	14,843	29,6850
267,6702	14,845	29,6900
267,7642	14,848	29,6950
267,8533	14,850	29,7000
267,9473	14,853	29,7050
268,0463	14,855	29,7100
268,1402	14,858	29,7150
268,2637	14,860	29,7200
268,3500	14,863	29,7250
268,4473	14,865	29,7300
268,5358	14,868	29,7350
268,6310	14,870	29,7400
268,7396	14,873	29,7450
268,8419	14,875	29,7500
268,9277	14,878	29,7550
269,0379	14,880	29,7600
269,1290	14,883	29,7650
269,2421	14,885	29,7700
269,3456	14,888	29,7750
269,4339	14,890	29,7800
269,5211	14,893	29,7850
269,6205	14,895	29,7900
269,7102	14,898	29,7950
269,8237	14,900	29,8000
269,9117	14,903	29,8050
270,0109	14,905	29,8100
270,1059	14,908	29,8150
270,1950	14,910	29,8200
270,3012	14,913	29,8250
270,3987	14,915	29,8300
270,4950	14,918	29,8350
270,6068	14,920	29,8400
270,7007	14,923	29,8450
270,8066	14,925	29,8500
270,9056	14,928	29,8550
270,9955	14,930	29,8600
271,0919	14,933	29,8650
271,1929	14,935	29,8700
271,2952	14,938	29,8750
271,4117	14,940	29,8800
271,4994	14,943	29,8850
271,6002	14,945	29,8900
271,6944	14,948	29,8950
271,7978	14,950	29,9000
271,9068	14,953	29,9050
272,0114	14,955	29,9100
272,1050	14,958	29,9150
272,2141	14,960	29,9200
272,3118	14,963	29,9250
272,4259	14,965	29,9300
272,5245	14,968	29,9350
272,6068	14,970	29,9400
272,7006	14,973	29,9450
272,8094	14,975	29,9500
272,9092	14,978	29,9550
273,0152	14,980	29,9600
273,1001	14,983	29,9650
273,2172	14,985	29,9700
273,3159	14,988	29,9750
273,4111	14,990	29,9800
273,5183	14,993	29,9850
273,6218	14,995	29,9900
273,7153	14,998	29,9950
273,8258	15,000	30,0000
273,9253	15,003	30,0050
274,0369	15,005	30,0100
274,1245	15,008	30,0150
274,2022	15,010	30,0200
274,3010	15,013	30,0250
274,4078	15,015	30,0300
274,5046	15,018	30,0350
274,6085	15,020	30,0400
274,6939	15,023	30,0450
274,7985	15,025	30,0500
274,8899	15,028	30,0550
274,9862	15,030	30,0600
275,0986	15,033	30,0650
275,2055	15,035	30,0700
275,3056	15,038	30,0750
275,4099	15,040	30,0800
275,5020	15,043	30,0850
275,6213	15,045	30,0900
275,7243	15,048	30,0950
275,8130	15,050	30,1000
275,9134	15,053	30,1050
276,0117	15,055	30,1100
276,1133	15,058	30,1150
276,2263	15,060	30,1200
276,3124	15,063	30,1250
276,4195	15,065	30,1300
276,5196	15,068	30,1350
276,6130	15,070	30,1400
276,7192	15,073	30,1450
276,8213	15,075	30,1500
276,9165	15,078	30,1550
277,0391	15,080	30,1600
277,1369	15,083	30,1650
277,2503	15,085	30,1700
277,3491	15,088	30,1750
277,4463	15,090	30,1800
277,5477	15,093	30,1850
277,6489	15,095	30,1900
277,7440	15,098	30,1950
277,8557	15,100	30,2000
277,9462	15,103	30,2050
278,0553	15,105	30,2100
278,1575	15,108	30,2150
278,2508	15,110	30,2200
278,3597	15,113	30,2250
278,4596	15,115	30,2300
278,5580	15,118	30,2350
278,6754	15,120	30,2400
278,7779	15,123	30,2450
278,8948	15,125	30,2500
278,9926	15,128	30,2550
279,0757	15,130	30,2600
279,1750	15,133	30,2650
279,2812	15,135	30,2700
279,3734	15,138	30,2750
279,4844	15,140	30,2800
279,5760	15,143	30,2850
279,6825	15,145	30,2900
279,7841	15,148	30,2950
279,8792	15,150	30,3000
279,9884	15,153	30,3050
280,0900	15,155	30,3100
280,1917	15,158	30,3150
280,3067	15,160	30,3200
280,3984	15,163	30,3250
280,4997	15,165	30,3300
280,5939	15,168	30,3350
280,6757	15,170	30,3400
280,7862	15,173	30,3450
280,8999	15,175	30,3500
281,0079	15,178	30,3550
281,1295	15,180	30,3600
281,2201	15,183	30,3650
281,3275	15,185	30,3700
281,4303	15,188	30,3750
281,5321	15,190	30,3800
281,6470	15,193	30,3850
281,7507	15,195	30,3900
281,8535	15,198	30,3950
281,9686	15,200	30,4000
282,0651	15,203	30,4050
282,1844	15,205	30,4100
282,2924	15,208	30,4150
282,3759	15,210	30,4200
282,4770	15,213	30,4250
282,5883	15,215	30,4300
282,6991	15,218	30,4350
282,8144	15,220	30,4400
282,9072	15,223	30,4450
283,0157	15,225	30,4500
283,1182	15,228	30,4550
283,2172	15,230	30,4600
283,3237	15,233	30,4650
283,4262	15,235	30,4700
283,5221	15,238	30,4750
283,6437	15,240	30,4800
283,7455	15,243	30,4850
283,8524	15,245	30,4900
283,9497	15,248	30,4950
284,0487	15,250	30,5000
284,1541	15,253	30,5050
284,2596	15,255	30,5100
284,3613	15,258	30,5150
284,4778	15,260	30,5200
284,5630	15,263	30,5250
284,6673	15,265	30,5300
284,7696	15,268	30,5350
284,8644	15,270	30,5400
284,9655	15,273	30,5450
285,0728	15,275	30,5500
285,1662	15,278	30,5550
285,2768	15,280	30,5600
285,3732	15,283	30,5650
285,4880	15,285	30,5700
285,5850	15,288	30,5750
285,6741	15,290	30,5800
285,7775	15,293	30,5850
285,8846	15,295	30,5900
285,9822	15,298	30,5950
286,0975	15,300	30,6000
286,1944	15,303	30,6050
286,3029	15,305	30,6100
286,4073	15,308	30,6150
286,5005	15,310	30,6200
286,6168	15,313	30,6250
286,7192	15,315	30,6300
286,8241	15,318	30,6350
286,9431	15,320	30,6400
287,0491	15,323	30,6450
287,1662	15,325	30,6500
287,2632	15,328	30,6550
287,3524	15,330	30,6600
287,4567	15,333	30,6650
287,5651	15,335	30,6700
287,6766	15,338	30,6750
287,7955	15,340	30,6800
287,8833	15,343	30,6850
287,9903	15,345	30,6900
288,0896	15,348	30,6950
288,1918	15,350	30,7000
288,3098	15,353	30,7050
288,4098	15,355	30,7100
288,5138	15,358	30,7150
288,6395	15,360	30,7200
288,7440	15,363	30,7250
288,8552	15,365	30,7300
288,9596	15,368	30,7350
289,0471	15,370	30,7400
289,1502	15,373	30,7450
289,2611	15,375	30,7500
289,3637	15,378	30,7550
289,4805	15,380	30,7600
289,5681	15,383	30,7650
289,6798	15,385	30,7700
289,7915	15,388	30,7750
289,8879	15,390	30,7800
289,9977	15,393	30,7850
290,1029	15,395	30,7900
290,1955	15,398	30,7950
290,3138	15,400	30,8000
290,4207	15,403	30,8050
290,5295	15,405	30,8100
290,6380	15,408	30,8150
290,7253	15,410	30,8200
290,8191	15,413	30,8250
290,9209	15,415	30,8300
291,0169	15,418	30,8350
291,1387	15,420	30,8400
291,2410	15,423	30,8450
291,3525	15,425	30,8500
291,4590	15,428	30,8550
291,5659	15,430	30,8600
291,6838	15,433	30,8650
291,7954	15,435	30,8700
291,8920	15,438	30,8750
292,0068	15,440	30,8800
292,1076	15,443	30,8850
292,2290	15,445	30,8900
292,3403	15,448	30,8950
292,4378	15,450	30,9000
292,5481	15,453	30,9050
292,6605	15,455	30,9100
292,7665	15,458	30,9150
292,8842	15,460	30,9200
292,9832	15,463	30,9250
293,0906	15,465	30,9300
293,1971	15,468	30,9350
293,2999	15,470	30,9400
293,4149	15,473	30,9450
293,5227	15,475	30,9500
293,6214	15,478	30,9550
293,7488	15,480	30,9600
293,8536	15,483	30,9650
293,9712	15,485	30,9700
294,0650	15,488	30,9750
294,1622	15,490	30,9800
294,2684	15,493	30,9850
294,3855	15,495	30,9900
294,4865	15,498	30,9950
294,5997	15,500	31,0000
294,6913	15,503	31,0050
294,7954	15,505	31,0100
294,8970	15,508	31,0150
294,9895	15,510	31,0200
295,1059	15,513	31,0250
295,2164	15,515	31,0300
295,3162	15,518	31,0350
295,4242	15,520	31,0400
295,5234	15,523	31,0450
295,6412	15,525	31,0500
295,7461	15,528	31,0550
295,8455	15,530	31,0600
295,9460	15,533	31,0650
296,0495	15,535	31,0700
296,1488	15,538	31,0750
296,2637	15,540	31,0800
296,3535	15,543	31,0850
296,4695	15,545	31,0900
296,5798	15,548	31,0950
296,6818	15,550	31,1000
296,7940	15,553	31,1050
296,9031	15,555	31,1100
297,0082	15,558	31,1150
297,1276	15,560	31,1200
297,2423	15,563	31,1250
297,3596	15,565	31,1300
297,4673	15,568	31,1350
297,5627	15,570	31,1400
297,6760	15,573	31,1450
297,7818	15,575	31,1500
297,8915	15,578	31,1550
298,0154	15,580	31,1600
298,1102	15,583	31,1650
298,2226	15,585	31,1700
298,3280	15,588	31,1750
298,4394	15,590	31,1800
298,5515	15,593	31,1850
298,6607	15,595	31,1900
298,7634	15,598	31,1950
298,8873	15,600	31,2000
298,9920	15,603	31,2050
299,1183	15,605	31,2100
299,2253	15,608	31,2150
299,3125	15,610	31,2200
299,4159	15,613	31,2250
299,5243	15,615	31,2300
299,6304	15,618	31,2350
299,7469	15,620	31,2400
299,8521	15,623	31,2450
299,9701	15,625	31,2500
300,0716	15,628	31,2550
300,1680	15,630	31,2600
300,2734	15,633	31,2650
300,3819	15,635	31,2700
300,4818	15,638	31,2750
300,6094	15,640	31,2800
300,7130	15,643	31,2850
300,8280	15,645	31,2900
300,9310	15,648	31,2950
301,0211	15,650	31,3000
301,1200	15,653	31,3050
301,2339	15,655	31,3100
301,3346	15,658	31,3150
301,4497	15,660	31,3200
301,5427	15,663	31,3250
301,6489	15,665	31,3300
301,7544	15,668	31,3350
301,8597	15,670	31,3400
301,9690	15,673	31,3450
302,0764	15,675	31,3500
302,1843	15,678	31,3550
302,3141	15,680	31,3600
302,4231	15,683	31,3650
302,5404	15,685	31,3700
302,6491	15,688	31,3750
302,7513	15,690	31,3800
302,8668	15,693	31,3850
302,9815	15,695	31,3900
303,0865	15,698	31,3950
303,2123	15,700	31,4000
303,3099	15,703	31,4050
303,4183	15,705	31,4100
303,5266	15,708	31,4150
303,6370	15,710	31,4200
303,7514	15,713	31,4250
303,8633	15,715	31,4300
303,9712	15,718	31,4350
304,0997	15,720	31,4400
304,2032	15,723	31,4450
304,3254	15,725	31,4500
304,4359	15,728	31,4550
304,5352	15,730	31,4600
304,6425	15,733	31,4650
304,7606	15,735	31,4700
304,8685	15,738	31,4750
304,9917	15,740	31,4800
305,0925	15,743	31,4850
305,2042	15,745	31,4900
305,3109	15,748	31,4950
305,4136	15,750	31,5000
305,5320	15,753	31,5050
305,6513	15,755	31,5100
305,7604	15,758	31,5150
305,8823	15,760	31,5200
305,9799	15,763	31,5250
306,0941	15,765	31,5300
306,2061	15,768	31,5350
306,2995	15,770	31,5400
306,4046	15,773	31,5450
306,5203	15,775	31,5500
306,6338	15,778	31,5550
306,7600	15,780	31,5600
306,8476	15,783	31,5650
306,9431	15,785	31,5700
307,0332	15,788	31,5750
307,1310	15,790	31,5800
307,2545	15,793	31,5850
307,3637	15,795	31,5900
307,4611	15,798	31,5950
307,5842	15,800	31,6000
307,7006	15,803	31,6050
307,8191	15,805	31,6100
307,9320	15,808	31,6150
308,0264	15,810	31,6200
308,1349	15,813	31,6250
308,2479	15,815	31,6300
308,3654	15,818	31,6350
308,4937	15,820	31,6400
308,5923	15,823	31,6450
308,7061	15,825	31,6500
308,8197	15,828	31,6550
308,9271	15,830	31,6600
309,0384	15,833	31,6650
309,1620	15,835	31,6700
309,2664	15,838	31,6750
309,3907	15,840	31,6800
309,5047	15,843	31,6850
309,6239	15,845	31,6900
309,7263	15,848	31,6950
309,8234	15,850	31,7000
309,9352	15,853	31,7050
310,0543	15,855	31,7100
310,1636	15,858	31,7150
310,2908	15,860	31,7200
310,3922	15,863	31,7250
310,5029	15,865	31,7300
310,6086	15,868	31,7350
310,7138	15,870	31,7400
310,8411	15,873	31,7450
310,9499	15,875	31,7500
311,0508	15,878	31,7550
311,1750	15,880	31,7600
311,2830	15,883	31,7650
311,4040	15,885	31,7700
311,5132	15,888	31,7750
311,5998	15,890	31,7800
311,7068	15,893	31,7850
311,8261	15,895	31,7900
311,9365	15,898	31,7950
312,0556	15,900	31,8000
312,1441	15,903	31,8050
312,2421	15,905	31,8100
312,3500	15,908	31,8150
312,4533	15,910	31,8200
312,5613	15,913	31,8250
312,6633	15,915	31,8300
312,7642	15,918	31,8350
312,8831	15,920	31,8400
312,9931	15,923	31,8450
313,1209	15,925	31,8500
313,2327	15,928	31,8550
313,3318	15,930	31,8600
313,4411	15,933	31,8650
313,5655	15,935	31,8700
313,6803	15,938	31,8750
313,8111	15,940	31,8800
313,9041	15,943	31,8850
314,0165	15,945	31,8900
314,1413	15,948	31,8950
314,2564	15,950	31,9000
314,3729	15,953	31,9050
314,4892	15,955	31,9100
314,5958	15,958	31,9150
314,7214	15,960	31,9200
314,8392	15,963	31,9250
314,9691	15,965	31,9300
315,0838	15,968	31,9350
315,1741	15,970	31,9400
315,2866	15,973	31,9450
315,4111	15,975	31,9500
315,5316	15,978	31,9550
315,6593	15,980	31,9600
315,7678	15,983	31,9650
315,8784	15,985	31,9700
315,9820	15,988	31,9750
316,0965	15,990	31,9800
316,2135	15,993	31,9850
316,3298	15,995	31,9900
316,4361	15,998	31,9950
316,5697	16,000	32,0000
316,6845	16,003	32,0050
316,8089	16,005	32,0100
316,9214	16,008	32,0150
317,0180	16,010	32,0200
317,1314	16,013	32,0250
317,2502	16,015	32,0300
317,3587	16,018	32,0350
317,4809	16,020	32,0400
317,5865	16,023	32,0450
317,6999	16,025	32,0500
317,8087	16,028	32,0550
317,9099	16,030	32,0600
318,0161	16,033	32,0650
318,1303	16,035	32,0700
318,2394	16,038	32,0750
318,3679	16,040	32,0800
318,4777	16,043	32,0850
318,5931	16,045	32,0900
318,6975	16,048	32,0950
318,8006	16,050	32,1000
318,9185	16,053	32,1050
319,0392	16,055	32,1100
319,1552	16,058	32,1150
319,2767	16,060	32,1200
319,3860	16,063	32,1250
319,5014	16,065	32,1300
319,6222	16,068	32,1350
319,7359	16,070	32,1400
319,8560	16,073	32,1450
319,9709	16,075	32,1500
320,0800	16,078	32,1550
320,2073	16,080	32,1600
320,3294	16,083	32,1650
320,4620	16,085	32,1700
320,5696	16,088	32,1750
320,6679	16,090	32,1800
320,7759	16,093	32,1850
320,8914	16,095	32,1900
321,0053	16,098	32,1950
321,1347	16,100	32,2000
321,2402	16,103	32,2050
321,3610	16,105	32,2100
321,4788	16,108	32,2150
321,5870	16,110	32,2200
321,7058	16,113	32,2250
321,8205	16,115	32,2300
321,9323	16,118	32,2350
322,0597	16,120	32,2400
322,1722	16,123	32,2450
322,3029	16,125	32,2500
322,4154	16,128	32,2550
322,5097	16,130	32,2600
322,6114	16,133	32,2650
322,7311	16,135	32,2700
322,8451	16,138	32,2750
322,9739	16,140	32,2800
323,0721	16,143	32,2850
323,1797	16,145	32,2900
323,2958	16,148	32,2950
323,4053	16,150	32,3000
323,5186	16,153	32,3050
323,6249	16,155	32,3100
323,7350	16,158	32,3150
323,8615	16,160	32,3200
323,9704	16,163	32,3250
324,0976	16,165	32,3300
324,2087	16,168	32,3350
324,3059	16,170	32,3400
324,4136	16,173	32,3450
324,5385	16,175	32,3500
324,6500	16,178	32,3550
324,7758	16,180	32,3600
324,8820	16,183	32,3650
324,9950	16,185	32,3700
325,1198	16,188	32,3750
325,2392	16,190	32,3800
325,3555	16,193	32,3850
325,4731	16,195	32,3900
325,5969	16,198	32,3950
325,7298	16,200	32,4000
325,8509	16,203	32,4050
325,9771	16,205	32,4100
326,0968	16,208	32,4150
326,1971	16,210	32,4200
326,3122	16,213	32,4250
326,4397	16,215	32,4300
326,5688	16,218	32,4350
326,7053	16,220	32,4400
326,8126	16,223	32,4450
326,9328	16,225	32,4500
327,0572	16,228	32,4550
327,1756	16,230	32,4600
327,2947	16,233	32,4650
327,4150	16,235	32,4700
327,5238	16,238	32,4750
327,6625	16,240	32,4800
327,7871	16,243	32,4850
327,9162	16,245	32,4900
328,0351	16,248	32,4950
328,1388	16,250	32,5000
328,2499	16,253	32,5050
328,3800	16,255	32,5100
328,5010	16,258	32,5150
328,6286	16,260	32,5200
328,7355	16,263	32,5250
328,8553	16,265	32,5300
328,9746	16,268	32,5350
329,0825	16,270	32,5400
329,2034	16,273	32,5450
329,3258	16,275	32,5500
329,4390	16,278	32,5550
329,5684	16,280	32,5600
329,6820	16,283	32,5650
329,8106	16,285	32,5700
329,9203	16,288	32,5750
330,0260	16,290	32,5800
330,1314	16,293	32,5850
330,2572	16,295	32,5900
330,3762	16,298	32,5950
330,5082	16,300	32,6000
330,6149	16,303	32,6050
330,7372	16,305	32,6100
330,8591	16,308	32,6150
330,9750	16,310	32,6200
331,0988	16,313	32,6250
331,2174	16,315	32,6300
331,3435	16,318	32,6350
331,4827	16,320	32,6400
331,6078	16,323	32,6450
331,7345	16,325	32,6500
331,8535	16,328	32,6550
331,9651	16,330	32,6600
332,0781	16,333	32,6650
332,2025	16,335	32,6700
332,3240	16,338	32,6750
332,4579	16,340	32,6800
332,5624	16,343	32,6850
332,6870	16,345	32,6900
332,8098	16,348	32,6950
332,9273	16,350	32,7000
333,0495	16,353	32,7050
333,1764	16,355	32,7100
333,2973	16,358	32,7150
333,4272	16,360	32,7200
333,5474	16,363	32,7250
333,6708	16,365	32,7300
333,7907	16,368	32,7350
333,8973	16,370	32,7400
334,0051	16,373	32,7450
334,1290	16,375	32,7500
334,2532	16,378	32,7550
334,3814	16,380	32,7600
334,4906	16,383	32,7650
334,6161	16,385	32,7700
334,7376	16,388	32,7750
334,8617	16,390	32,7800
334,9795	16,393	32,7850
335,1001	16,395	32,7900
335,2122	16,398	32,7950
335,3518	16,400	32,8000
335,4758	16,403	32,8050
335,6027	16,405	32,8100
335,7182	16,408	32,8150
335,8239	16,410	32,8200
335,9329	16,413	32,8250
336,0529	16,415	32,8300
336,1698	16,418	32,8350
336,3001	16,420	32,8400
336,4094	16,423	32,8450
336,5232	16,425	32,8500
336,6416	16,428	32,8550
336,7664	16,430	32,8600
336,8938	16,433	32,8650
337,0185	16,435	32,8700
337,1352	16,438	32,8750
337,2753	16,440	32,8800
337,4010	16,443	32,8850
337,5364	16,445	32,8900
337,6523	16,448	32,8950
337,7609	16,450	32,9000
337,8823	16,453	32,9050
338,0059	16,455	32,9100
338,1315	16,458	32,9150
338,2718	16,460	32,9200
338,3803	16,463	32,9250
338,4982	16,465	32,9300
338,6239	16,468	32,9350
338,7423	16,470	32,9400
338,8702	16,473	32,9450
339,0093	16,475	32,9500
339,1273	16,478	32,9550
339,2621	16,480	32,9600
339,3850	16,483	32,9650
339,5152	16,485	32,9700
339,6396	16,488	32,9750
339,7529	16,490	32,9800
339,8678	16,493	32,9850
339,9997	16,495	32,9900
340,1225	16,498	32,9950
340,2538	16,500	33,0000
340,3595	16,503	33,0050
340,4714	16,505	33,0100
340,5934	16,508	33,0150
340,7109	16,510	33,0200
340,8330	16,513	33,0250
340,9547	16,515	33,0300
341,0757	16,518	33,0350
341,2061	16,520	33,0400
341,3256	16,523	33,0450
341,4563	16,525	33,0500
341,5732	16,528	33,0550
341,6775	16,530	33,0600
341,7866	16,533	33,0650
341,9015	16,535	33,0700
342,0140	16,538	33,0750
342,1403	16,540	33,0800
342,2456	16,543	33,0850
342,3743	16,545	33,0900
342,4999	16,548	33,0950
342,6248	16,550	33,1000
342,7474	16,553	33,1050
342,8726	16,555	33,1100
342,9919	16,558	33,1150
343,1208	16,560	33,1200
343,2512	16,563	33,1250
343,3812	16,565	33,1300
343,5068	16,568	33,1350
343,6161	16,570	33,1400
343,7409	16,573	33,1450
343,8771	16,575	33,1500
344,0033	16,578	33,1550
344,1327	16,580	33,1600
344,2412	16,583	33,1650
344,3658	16,585	33,1700
344,4888	16,588	33,1750
344,6144	16,590	33,1800
344,7399	16,593	33,1850
344,8745	16,595	33,1900
345,0052	16,598	33,1950
345,1403	16,600	33,2000
345,2617	16,603	33,2050
345,3954	16,605	33,2100
345,5186	16,608	33,2150
345,6318	16,610	33,2200
345,7531	16,613	33,2250
345,8839	16,615	33,2300
346,0096	16,618	33,2350
346,1448	16,620	33,2400
346,2556	16,623	33,2450
346,3741	16,625	33,2500
346,4997	16,628	33,2550
346,6236	16,630	33,2600
346,7473	16,633	33,2650
346,8764	16,635	33,2700
346,9883	16,638	33,2750
347,1189	16,640	33,2800
347,2398	16,643	33,2850
347,3794	16,645	33,2900
347,4940	16,648	33,2950
347,5988	16,650	33,3000
347,7158	16,653	33,3050
347,8515	16,655	33,3100
347,9814	16,658	33,3150
348,1150	16,660	33,3200
348,2239	16,663	33,3250
348,3427	16,665	33,3300
348,4630	16,668	33,3350
348,5784	16,670	33,3400
348,7049	16,673	33,3450
348,8397	16,675	33,3500
348,9665	16,678	33,3550
349,1021	16,680	33,3600
349,2333	16,683	33,3650
349,3723	16,685	33,3700
349,5009	16,688	33,3750
349,6151	16,690	33,3800
349,7295	16,693	33,3850
349,8658	16,695	33,3900
349,9945	16,698	33,3950
350,1358	16,700	33,4000
350,2502	16,703	33,4050
350,3747	16,705	33,4100
350,4977	16,708	33,4150
350,6226	16,710	33,4200
350,7594	16,713	33,4250
350,8999	16,715	33,4300
351,0239	16,718	33,4350
351,1684	16,720	33,4400
351,3124	16,723	33,4450
351,4485	16,725	33,4500
351,5707	16,728	33,4550
351,6816	16,730	33,4600
351,8034	16,733	33,4650
351,9409	16,735	33,4700
352,0688	16,738	33,4750
352,2007	16,740	33,4800
352,3191	16,743	33,4850
352,4423	16,745	33,4900
352,5634	16,748	33,4950
352,6812	16,750	33,5000
352,8007	16,753	33,5050
352,9320	16,755	33,5100
353,0626	16,758	33,5150
353,1981	16,760	33,5200
353,3221	16,763	33,5250
353,4584	16,765	33,5300
353,5816	16,768	33,5350
353,6953	16,770	33,5400
353,8196	16,773	33,5450
353,9556	16,775	33,5500
354,0814	16,778	33,5550
354,2170	16,780	33,5600
354,3387	16,783	33,5650
354,4663	16,785	33,5700
354,5945	16,788	33,5750
354,7103	16,790	33,5800
354,8323	16,793	33,5850
354,9635	16,795	33,5900
355,0864	16,798	33,5950
355,2298	16,800	33,6000
355,3678	16,803	33,6050
355,5055	16,805	33,6100
355,6382	16,808	33,6150
355,7627	16,810	33,6200
355,8859	16,813	33,6250
356,0278	16,815	33,6300
356,1668	16,818	33,6350
356,3128	16,820	33,6400
356,4358	16,823	33,6450
356,5623	16,825	33,6500
356,6883	16,828	33,6550
356,8179	16,830	33,6600
356,9535	16,833	33,6650
357,0888	16,835	33,6700
357,2163	16,838	33,6750
357,3568	16,840	33,6800
357,4881	16,843	33,6850
357,6295	16,845	33,6900
357,7556	16,848	33,6950
357,8757	16,850	33,7000
357,9940	16,853	33,7050
358,1294	16,855	33,7100
358,2665	16,858	33,7150
358,4155	16,860	33,7200
358,5352	16,863	33,7250
358,6603	16,865	33,7300
358,7952	16,868	33,7350
358,9202	16,870	33,7400
359,0474	16,873	33,7450
359,1883	16,875	33,7500
359,3130	16,878	33,7550
359,4524	16,880	33,7600
359,5834	16,883	33,7650
359,7202	16,885	33,7700
359,8489	16,888	33,7750
359,9656	16,890	33,7800
360,0792	16,893	33,7850
360,2152	16,895	33,7900
360,3529	16,898	33,7950
360,4949	16,900	33,8000
360,6132	16,903	33,8050
360,7364	16,905	33,8100
360,8621	16,908	33,8150
360,9978	16,910	33,8200
361,1250	16,913	33,8250
361,2505	16,915	33,8300
361,3748	16,918	33,8350
361,5174	16,920	33,8400
361,6590	16,923	33,8450
361,8020	16,925	33,8500
361,9277	16,928	33,8550
362,0468	16,930	33,8600
362,1719	16,933	33,8650
362,3173	16,935	33,8700
362,4560	16,938	33,8750
362,6035	16,940	33,8800
362,7337	16,943	33,8850
362,8576	16,945	33,8900
362,9889	16,948	33,8950
363,1285	16,950	33,9000
363,2672	16,953	33,9050
363,4010	16,955	33,9100
363,5435	16,958	33,9150
363,6916	16,960	33,9200
363,8273	16,963	33,9250
363,9579	16,965	33,9300
364,0927	16,968	33,9350
364,2168	16,970	33,9400
364,3381	16,973	33,9450
364,4717	16,975	33,9500
364,6080	16,978	33,9550
364,7619	16,980	33,9600
364,8815	16,983	33,9650
365,0047	16,985	33,9700
365,1318	16,988	33,9750
365,2654	16,990	33,9800
365,3994	16,993	33,9850
365,5352	16,995	33,9900
365,6652	16,998	33,9950
365,8153	17,000	34,0000
365,9491	17,003	34,0050
366,0845	17,005	34,0100
366,2101	17,008	34,0150
366,3345	17,010	34,0200
366,4585	17,013	34,0250
366,5927	17,015	34,0300
366,7221	17,018	34,0350
366,8693	17,020	34,0400
366,9963	17,023	34,0450
367,1207	17,025	34,0500
367,2524	17,028	34,0550
367,3848	17,030	34,0600
367,5196	17,033	34,0650
367,6603	17,035	34,0700
367,7936	17,038	34,0750
367,9445	17,040	34,0800
368,0859	17,043	34,0850
368,2317	17,045	34,0900
368,3664	17,048	34,0950
368,4838	17,050	34,1000
368,6098	17,053	34,1050
368,7609	17,055	34,1100
368,8950	17,058	34,1150
369,0393	17,060	34,1200
369,1660	17,063	34,1250
369,2932	17,065	34,1300
369,4308	17,068	34,1350
369,5652	17,070	34,1400
369,7039	17,073	34,1450
369,8464	17,075	34,1500
369,9825	17,078	34,1550
370,1343	17,080	34,1600
370,2752	17,083	34,1650
370,4108	17,085	34,1700
370,5445	17,088	34,1750
370,6729	17,090	34,1800
370,8072	17,093	34,1850
370,9623	17,095	34,1900
371,1005	17,098	34,1950
371,2451	17,100	34,2000
371,3770	17,103	34,2050
371,5080	17,105	34,2100
371,6459	17,108	34,2150
371,7861	17,110	34,2200
371,9178	17,113	34,2250
372,0597	17,115	34,2300
372,1988	17,118	34,2350
372,3421	17,120	34,2400
372,4783	17,123	34,2450
372,6148	17,125	34,2500
372,7524	17,128	34,2550
372,8812	17,130	34,2600
373,0055	17,133	34,2650
373,1469	17,135	34,2700
373,2810	17,138	34,2750
373,4227	17,140	34,2800
373,5506	17,143	34,2850
373,6780	17,145	34,2900
373,8059	17,148	34,2950
373,9353	17,150	34,3000
374,0718	17,153	34,3050
374,2151	17,155	34,3100
374,3549	17,158	34,3150
374,4976	17,160	34,3200
374,6308	17,163	34,3250
374,7710	17,165	34,3300
374,9027	17,168	34,3350
375,0227	17,170	34,3400
375,1428	17,173	34,3450
375,2806	17,175	34,3500
375,4208	17,178	34,3550
375,5708	17,180	34,3600
375,6948	17,183	34,3650
375,8300	17,185	34,3700
375,9752	17,188	34,3750
376,1230	17,190	34,3800
376,2614	17,193	34,3850
376,3983	17,195	34,3900
376,5341	17,198	34,3950
376,6842	17,200	34,4000
376,8265	17,203	34,4050
376,9865	17,205	34,4100
377,1253	17,208	34,4150
377,2499	17,210	34,4200
377,3818	17,213	34,4250
377,5309	17,215	34,4300
377,6824	17,218	34,4350
377,8426	17,220	34,4400
377,9795	17,223	34,4450
378,1116	17,225	34,4500
378,2451	17,228	34,4550
378,3867	17,230	34,4600
378,5280	17,233	34,4650
378,6770	17,235	34,4700
378,8120	17,238	34,4750
378,9632	17,240	34,4800
379,1137	17,243	34,4850
379,2560	17,245	34,4900
379,3940	17,248	34,4950
379,5219	17,250	34,5000
379,6488	17,253	34,5050
379,8055	17,255	34,5100
379,9520	17,258	34,5150
380,1065	17,260	34,5200
380,2465	17,263	34,5250
380,3822	17,265	34,5300
380,5132	17,268	34,5350
380,6494	17,270	34,5400
380,7941	17,273	34,5450
380,9457	17,275	34,5500
381,0791	17,278	34,5550
381,2306	17,280	34,5600
381,3786	17,283	34,5650
381,5306	17,285	34,5700
381,6680	17,288	34,5750
381,7976	17,290	34,5800
381,9206	17,293	34,5850
382,0649	17,295	34,5900
382,2088	17,298	34,5950
382,3629	17,300	34,6000
382,4969	17,303	34,6050
382,6371	17,305	34,6100
382,7736	17,308	34,6150
382,9195	17,310	34,6200
383,0609	17,313	34,6250
383,2024	17,315	34,6300
383,3438	17,318	34,6350
383,4959	17,320	34,6400
383,6515	17,323	34,6450
383,7975	17,325	34,6500
383,9399	17,328	34,6550
384,0700	17,330	34,6600
384,2057	17,333	34,6650
384,3519	17,335	34,6700
384,4955	17,338	34,6750
384,6419	17,340	34,6800
384,7835	17,343	34,6850
384,9255	17,345	34,6900
385,0651	17,348	34,6950
385,2031	17,350	34,7000
385,3437	17,353	34,7050
385,4797	17,355	34,7100
385,6220	17,358	34,7150
385,7787	17,360	34,7200
385,9287	17,363	34,7250
386,0739	17,365	34,7300
386,2098	17,368	34,7350
386,3336	17,370	34,7400
386,4614	17,373	34,7450
386,6101	17,375	34,7500
386,7559	17,378	34,7550
386,9030	17,380	34,7600
387,0326	17,383	34,7650
387,1744	17,385	34,7700
387,3161	17,388	34,7750
387,4572	17,390	34,7800
387,5990	17,393	34,7850
387,7479	17,395	34,7900
387,8878	17,398	34,7950
388,0419	17,400	34,8000
388,1990	17,403	34,8050
388,3519	17,405	34,8100
388,4892	17,408	34,8150
388,6184	17,410	34,8200
388,7545	17,413	34,8250
388,9023	17,415	34,8300
389,0550	17,418	34,8350
389,2064	17,420	34,8400
389,3378	17,423	34,8450
389,4699	17,425	34,8500
389,6141	17,428	34,8550
389,7577	17,430	34,8600
389,9094	17,433	34,8650
390,0571	17,435	34,8700
390,2056	17,438	34,8750
390,3635	17,440	34,8800
390,5274	17,443	34,8850
390,6793	17,445	34,8900
390,8195	17,448	34,8950
390,9565	17,450	34,9000
391,0981	17,453	34,9050
391,2564	17,455	34,9100
391,4122	17,458	34,9150
391,5691	17,460	34,9200
391,7091	17,463	34,9250
391,8520	17,465	34,9300
391,9915	17,468	34,9350
392,1363	17,470	34,9400
392,2839	17,473	34,9450
392,4415	17,475	34,9500
392,5883	17,478	34,9550
392,7459	17,480	34,9600
392,9009	17,483	34,9650
393,0603	17,485	34,9700
393,2043	17,488	34,9750
393,3412	17,490	34,9800
393,4742	17,493	34,9850
393,6233	17,495	34,9900
393,7752	17,498	34,9950
393,9378	17,500	35,0000
394,0771	17,503	35,0050
394,2093	17,505	35,0100
394,3460	17,508	35,0150
394,4905	17,510	35,0200
394,6376	17,513	35,0250
394,7843	17,515	35,0300
394,9248	17,518	35,0350
395,0870	17,520	35,0400
395,2522	17,523	35,0450
395,4057	17,525	35,0500
395,5455	17,528	35,0550
395,6753	17,530	35,0600
395,8131	17,533	35,0650
395,9705	17,535	35,0700
396,1176	17,538	35,0750
396,2760	17,540	35,0800
396,4109	17,543	35,0850
396,5432	17,545	35,0900
396,6862	17,548	35,0950
396,8365	17,550	35,1000
396,9801	17,553	35,1050
397,1344	17,555	35,1100
397,2864	17,558	35,1150
397,4484	17,560	35,1200
397,6067	17,563	35,1250
397,7576	17,565	35,1300
397,9072	17,568	35,1350
398,0449	17,570	35,1400
398,1856	17,573	35,1450
398,3373	17,575	35,1500
398,4911	17,578	35,1550
398,6570	17,580	35,1600
398,8077	17,583	35,1650
398,9477	17,585	35,1700
399,0923	17,588	35,1750
399,2454	17,590	35,1800
399,3977	17,593	35,1850
399,5509	17,595	35,1900
399,6930	17,598	35,1950
399,8525	17,600	35,2000
400,0137	17,603	35,2050
400,1773	17,605	35,2100
400,3284	17,608	35,2150
400,4605	17,610	35,2200
400,5914	17,613	35,2250
400,7555	17,615	35,2300
400,9143	17,618	35,2350
401,0722	17,620	35,2400
401,2140	17,623	35,2450
401,3609	17,625	35,2500
401,5122	17,628	35,2550
401,6545	17,630	35,2600
401,7996	17,633	35,2650
401,9586	17,635	35,2700
402,1032	17,638	35,2750
402,2597	17,640	35,2800
402,4099	17,643	35,2850
402,5683	17,645	35,2900
402,7113	17,648	35,2950
402,8540	17,650	35,3000
402,9934	17,653	35,3050
403,1610	17,655	35,3100
403,3234	17,658	35,3150
403,4886	17,660	35,3200
403,6330	17,663	35,3250
403,7697	17,665	35,3300
403,9079	17,668	35,3350
404,0583	17,670	35,3400
404,2037	17,673	35,3450
404,3588	17,675	35,3500
404,5105	17,678	35,3550
404,6802	17,680	35,3600
404,8403	17,683	35,3650
404,9914	17,685	35,3700
405,1381	17,688	35,3750
405,2826	17,690	35,3800
405,4257	17,693	35,3850
405,5867	17,695	35,3900
405,7429	17,698	35,3950
405,8986	17,700	35,4000
406,0546	17,703	35,4050
406,2077	17,705	35,4100
406,3476	17,708	35,4150
406,4987	17,710	35,4200
406,6508	17,713	35,4250
406,8084	17,715	35,4300
406,9586	17,718	35,4350
407,1211	17,720	35,4400
407,2827	17,723	35,4450
407,4433	17,725	35,4500
407,5915	17,728	35,4550
407,7378	17,730	35,4600
407,8772	17,733	35,4650
408,0388	17,735	35,4700
408,1948	17,738	35,4750
408,3601	17,740	35,4800
408,5110	17,743	35,4850
408,6562	17,745	35,4900
408,8015	17,748	35,4950
408,9531	17,750	35,5000
409,1047	17,753	35,5050
409,2680	17,755	35,5100
409,4281	17,758	35,5150
409,5928	17,760	35,5200
409,7473	17,763	35,5250
409,9027	17,765	35,5300
410,0505	17,768	35,5350
410,1932	17,770	35,5400
410,3363	17,773	35,5450
410,4992	17,775	35,5500
410,6547	17,778	35,5550
410,8221	17,780	35,5600
410,9848	17,783	35,5650
411,1340	17,785	35,5700
411,2750	17,788	35,5750
411,4326	17,790	35,5800
411,5840	17,793	35,5850
411,7415	17,795	35,5900
411,8956	17,798	35,5950
412,0606	17,800	35,6000
412,2176	17,803	35,6050
412,3747	17,805	35,6100
412,5361	17,808	35,6150
412,6860	17,810	35,6200
412,8291	17,813	35,6250
413,0005	17,815	35,6300
413,1709	17,818	35,6350
413,3362	17,820	35,6400
413,4948	17,823	35,6450
413,6414	17,825	35,6500
413,8013	17,828	35,6550
413,9562	17,830	35,6600
414,1066	17,833	35,6650
414,2705	17,835	35,6700
414,4354	17,838	35,6750
414,6004	17,840	35,6800
414,7687	17,843	35,6850
414,9296	17,845	35,6900
415,0811	17,848	35,6950
415,2284	17,850	35,7000
415,3733	17,853	35,7050
415,5392	17,855	35,7100
415,7043	17,858	35,7150
415,8710	17,860	35,7200
416,0173	17,863	35,7250
416,1670	17,865	35,7300
416,3241	17,868	35,7350
416,4869	17,870	35,7400
416,6387	17,873	35,7450
416,8028	17,875	35,7500
416,9557	17,878	35,7550
417,1136	17,880	35,7600
417,2779	17,883	35,7650
417,4467	17,885	35,7700
417,6039	17,888	35,7750
417,7538	17,890	35,7800
417,8978	17,893	35,7850
418,0655	17,895	35,7900
418,2202	17,898	35,7950
418,3813	17,900	35,8000
418,5354	17,903	35,8050
418,6870	17,905	35,8100
418,8454	17,908	35,8150
419,0132	17,910	35,8200
419,1711	17,913	35,8250
419,3310	17,915	35,8300
419,4901	17,918	35,8350
419,6555	17,920	35,8400
419,8184	17,923	35,8450
419,9825	17,925	35,8500
420,1395	17,928	35,8550
420,2817	17,930	35,8600
420,4379	17,933	35,8650
420,6150	17,935	35,8700
420,7861	17,938	35,8750
420,9583	17,940	35,8800
421,1159	17,943	35,8850
421,2650	17,945	35,8900
421,4289	17,948	35,8950
421,5963	17,950	35,9000
421,7521	17,953	35,9050
421,9221	17,955	35,9100
422,0969	17,958	35,9150
422,2657	17,960	35,9200
422,4331	17,963	35,9250
422,5990	17,965	35,9300
422,7596	17,968	35,9350
422,9069	17,970	35,9400
423,0556	17,973	35,9450
423,2268	17,975	35,9500
423,3950	17,978	35,9550
423,5617	17,980	35,9600
423,7221	17,983	35,9650
423,8740	17,985	35,9700
424,0338	17,988	35,9750
424,2039	17,990	35,9800
424,3565	17,993	35,9850
424,5183	17,995	35,9900
424,6716	17,998	35,9950
424,8376	18,000	36,0000
425,0080	18,003	36,0050
425,1808	18,005	36,0100
425,3461	18,008	36,0150
425,4948	18,010	36,0200
425,6417	18,013	36,0250
425,8096	18,015	36,0300
425,9771	18,018	36,0350
426,1466	18,020	36,0400
426,3083	18,023	36,0450
426,4622	18,025	36,0500
426,6275	18,028	36,0550
426,8016	18,030	36,0600
426,9694	18,033	36,0650
427,1403	18,035	36,0700
427,3072	18,038	36,0750
427,4781	18,040	36,0800
427,6535	18,043	36,0850
427,8280	18,045	36,0900
427,9894	18,048	36,0950
428,1380	18,050	36,1000
428,2836	18,053	36,1050
428,4722	18,055	36,1100
428,6523	18,058	36,1150
428,8326	18,060	36,1200
428,9966	18,063	36,1250
429,1494	18,065	36,1300
429,3198	18,068	36,1350
429,4914	18,070	36,1400
429,6511	18,073	36,1450
429,8249	18,075	36,1500
429,9872	18,078	36,1550
430,1568	18,080	36,1600
430,3340	18,083	36,1650
430,5076	18,085	36,1700
430,6788	18,088	36,1750
430,8415	18,090	36,1800
430,9863	18,093	36,1850
431,1569	18,095	36,1900
431,3255	18,098	36,1950
431,4977	18,100	36,2000
431,6655	18,103	36,2050
431,8293	18,105	36,2100
431,9944	18,108	36,2150
432,1609	18,110	36,2200
432,3244	18,113	36,2250
432,4962	18,115	36,2300
432,6661	18,118	36,2350
432,8480	18,120	36,2400
433,0291	18,123	36,2450
433,1937	18,125	36,2500
433,3581	18,128	36,2550
433,5090	18,130	36,2600
433,6557	18,133	36,2650
433,8319	18,135	36,2700
434,0033	18,138	36,2750
434,1850	18,140	36,2800
434,3521	18,143	36,2850
434,5031	18,145	36,2900
434,6583	18,148	36,2950
434,8277	18,150	36,3000
434,9901	18,153	36,3050
435,1633	18,155	36,3100
435,3333	18,158	36,3150
435,5076	18,160	36,3200
435,6884	18,163	36,3250
435,8592	18,165	36,3300
436,0258	18,168	36,3350
436,1818	18,170	36,3400
436,3318	18,173	36,3450
436,5098	18,175	36,3500
436,6885	18,178	36,3550
436,8675	18,180	36,3600
437,0237	18,183	36,3650
437,1865	18,185	36,3700
437,3566	18,188	36,3750
437,5390	18,190	36,3800
437,7089	18,193	36,3850
437,8842	18,195	36,3900
438,0536	18,198	36,3950
438,2409	18,200	36,4000
438,4248	18,203	36,4050
438,6040	18,205	36,4100
438,7743	18,208	36,4150
438,9363	18,210	36,4200
439,0865	18,213	36,4250
439,2692	18,215	36,4300
439,4537	18,218	36,4350
439,6390	18,220	36,4400
439,8064	18,223	36,4450
439,9701	18,225	36,4500
440,1479	18,228	36,4550
440,3229	18,230	36,4600
440,4910	18,233	36,4650
440,6670	18,235	36,4700
440,8361	18,238	36,4750
441,0180	18,240	36,4800
441,2065	18,243	36,4850
441,3819	18,245	36,4900
441,5522	18,248	36,4950
441,7111	18,250	36,5000
441,8640	18,253	36,5050
442,0436	18,255	36,5100
442,2298	18,258	36,5150
442,4254	18,260	36,5200
442,5878	18,263	36,5250
442,7459	18,265	36,5300
442,9097	18,268	36,5350
443,0763	18,270	36,5400
443,2403	18,273	36,5450
443,4230	18,275	36,5500
443,5949	18,278	36,5550
443,7765	18,280	36,5600
443,9629	18,283	36,5650
444,1338	18,285	36,5700
444,2936	18,288	36,5750
444,4565	18,290	36,5800
444,6091	18,293	36,5850
444,7888	18,295	36,5900
444,9599	18,298	36,5950
445,1444	18,300	36,6000
445,3215	18,303	36,6050
445,4888	18,305	36,6100
445,6662	18,308	36,6150
445,8477	18,310	36,6200
446,0194	18,313	36,6250
446,1967	18,315	36,6300
446,3731	18,318	36,6350
446,5594	18,320	36,6400
446,7510	18,323	36,6450
446,9315	18,325	36,6500
447,1051	18,328	36,6550
447,2659	18,330	36,6600
447,4245	18,333	36,6650
447,6207	18,335	36,6700
447,8082	18,338	36,6750
447,9913	18,340	36,6800
448,1784	18,343	36,6850
448,3405	18,345	36,6900
448,5016	18,348	36,6950
448,6757	18,350	36,7000
448,8425	18,353	36,7050
449,0238	18,355	36,7100
449,2021	18,358	36,7150
449,3845	18,360	36,7200
449,5700	18,363	36,7250
449,7437	18,365	36,7300
449,9165	18,368	36,7350
450,0789	18,370	36,7400
450,2324	18,373	36,7450
450,4156	18,375	36,7500
450,6000	18,378	36,7550
450,7802	18,380	36,7600
450,9477	18,383	36,7650
451,1158	18,385	36,7700
451,2902	18,388	36,7750
451,4723	18,390	36,7800
451,6453	18,393	36,7850
451,8239	18,395	36,7900
452,0015	18,398	36,7950
452,1909	18,400	36,8000
452,3819	18,403	36,8050
452,5769	18,405	36,8100
452,7543	18,408	36,8150
452,9153	18,410	36,8200
453,0765	18,413	36,8250
453,2743	18,415	36,8300
453,4627	18,418	36,8350
453,6516	18,420	36,8400
453,8241	18,423	36,8450
453,9909	18,425	36,8500
454,1753	18,428	36,8550
454,3618	18,430	36,8600
454,5427	18,433	36,8650
454,7290	18,435	36,8700
454,9018	18,438	36,8750
455,0965	18,440	36,8800
455,2951	18,443	36,8850
455,4807	18,445	36,8900
455,6554	18,448	36,8950
455,8217	18,450	36,9000
455,9891	18,453	36,9050
456,1855	18,455	36,9100
456,3764	18,458	36,9150
456,5746	18,460	36,9200
456,7552	18,463	36,9250
456,9219	18,465	36,9300
457,0989	18,468	36,9350
457,2794	18,470	36,9400
457,4537	18,473	36,9450
457,6452	18,475	36,9500
457,8314	18,478	36,9550
458,0225	18,480	36,9600
458,2187	18,483	36,9650
458,3986	18,485	36,9700
458,5735	18,488	36,9750
458,7395	18,490	36,9800
458,8962	18,493	36,9850
459,0940	18,495	36,9900
459,2857	18,498	36,9950
459,4738	18,500	37,0000
459,6431	18,503	37,0050
459,8061	18,505	37,0100
459,9843	18,508	37,0150
460,1742	18,510	37,0200
460,3422	18,513	37,0250
460,5319	18,515	37,0300
460,7197	18,518	37,0350
460,9161	18,520	37,0400
461,1190	18,523	37,0450
461,3140	18,525	37,0500
461,5012	18,528	37,0550
461,6827	18,530	37,0600
461,8532	18,533	37,0650
462,0403	18,535	37,0700
462,2360	18,538	37,0750
462,4385	18,540	37,0800
462,6257	18,543	37,0850
462,7962	18,545	37,0900
462,9847	18,548	37,0950
463,1800	18,550	37,1000
463,3721	18,553	37,1050
463,5666	18,555	37,1100
463,7488	18,558	37,1150
463,9481	18,560	37,1200
464,1638	18,563	37,1250
464,3549	18,565	37,1300
464,5454	18,568	37,1350
464,7216	18,570	37,1400
464,8833	18,573	37,1450
465,0781	18,575	37,1500
465,2810	18,578	37,1550
465,4854	18,580	37,1600
465,6666	18,583	37,1650
465,8387	18,585	37,1700
466,0238	18,588	37,1750
466,2243	18,590	37,1800
466,4136	18,593	37,1850
466,6025	18,595	37,1900
466,7853	18,598	37,1950
466,9798	18,600	37,2000
467,1852	18,603	37,2050
467,3809	18,605	37,2100
467,5583	18,608	37,2150
467,7294	18,610	37,2200
467,8969	18,613	37,2250
468,0917	18,615	37,2300
468,2896	18,618	37,2350
468,4808	18,620	37,2400
468,6592	18,623	37,2450
468,8308	18,625	37,2500
469,0183	18,628	37,2550
469,2115	18,630	37,2600
469,3784	18,633	37,2650
469,5653	18,635	37,2700
469,7552	18,638	37,2750
469,9507	18,640	37,2800
470,1578	18,643	37,2850
470,3487	18,645	37,2900
470,5319	18,648	37,2950
470,7012	18,650	37,3000
470,8649	18,653	37,3050
471,0727	18,655	37,3100
471,2688	18,658	37,3150
471,4664	18,660	37,3200
471,6551	18,663	37,3250
471,8251	18,665	37,3300
472,0116	18,668	37,3350
472,2079	18,670	37,3400
472,3979	18,673	37,3450
472,5975	18,675	37,3500
472,7890	18,678	37,3550
472,9865	18,680	37,3600
473,2011	18,683	37,3650
473,3953	18,685	37,3700
473,5804	18,688	37,3750
473,7560	18,690	37,3800
473,9311	18,693	37,3850
474,1365	18,695	37,3900
474,3365	18,698	37,3950
474,5435	18,700	37,4000
474,7372	18,703	37,4050
474,9219	18,705	37,4100
475,1123	18,708	37,4150
475,3086	18,710	37,4200
475,4919	18,713	37,4250
475,6911	18,715	37,4300
475,8763	18,718	37,4350
476,0801	18,720	37,4400
476,2958	18,723	37,4450
476,4900	18,725	37,4500
476,6853	18,728	37,4550
476,8633	18,730	37,4600
477,0317	18,733	37,4650
477,2286	18,735	37,4700
477,4240	18,738	37,4750
477,6236	18,740	37,4800
477,8137	18,743	37,4850
477,9859	18,745	37,4900
478,1705	18,748	37,4950
478,3734	18,750	37,5000
478,5626	18,753	37,5050
478,7577	18,755	37,5100
478,9460	18,758	37,5150
479,1489	18,760	37,5200
479,3577	18,763	37,5250
479,5494	18,765	37,5300
479,7401	18,768	37,5350
479,9279	18,770	37,5400
480,1078	18,773	37,5450
480,3160	18,775	37,5500
480,5206	18,778	37,5550
480,7294	18,780	37,5600
480,9181	18,783	37,5650
481,0962	18,785	37,5700
481,2958	18,788	37,5750
481,4997	18,790	37,5800
481,6971	18,793	37,5850
481,9053	18,795	37,5900
482,0911	18,798	37,5950
482,2886	18,800	37,6000
482,5080	18,803	37,6050
482,7195	18,805	37,6100
482,9169	18,808	37,6150
483,1079	18,810	37,6200
483,2864	18,813	37,6250
483,4993	18,815	37,6300
483,6971	18,818	37,6350
483,9041	18,820	37,6400
484,1060	18,823	37,6450
484,2993	18,825	37,6500
484,5022	18,828	37,6550
484,7055	18,830	37,6600
484,8927	18,833	37,6650
485,0959	18,835	37,6700
485,2914	18,838	37,6750
485,5003	18,840	37,6800
485,7117	18,843	37,6850
485,9202	18,845	37,6900
486,1219	18,848	37,6950
486,3021	18,850	37,7000
486,4702	18,853	37,7050
486,6784	18,855	37,7100
486,8912	18,858	37,7150
487,0980	18,860	37,7200
487,2925	18,863	37,7250
487,4732	18,865	37,7300
487,6652	18,868	37,7350
487,8682	18,870	37,7400
488,0519	18,873	37,7450
488,2499	18,875	37,7500
488,4499	18,878	37,7550
488,6523	18,880	37,7600
488,8675	18,883	37,7650
489,0735	18,885	37,7700
489,2618	18,888	37,7750
489,4479	18,890	37,7800
489,6284	18,893	37,7850
489,8424	18,895	37,7900
490,0561	18,898	37,7950
490,2651	18,900	37,8000
490,4573	18,903	37,8050
490,6450	18,905	37,8100
490,8451	18,908	37,8150
491,0471	18,910	37,8200
491,2382	18,913	37,8250
491,4464	18,915	37,8300
491,6496	18,918	37,8350
491,8631	18,920	37,8400
492,0924	18,923	37,8450
492,3034	18,925	37,8500
492,5056	18,928	37,8550
492,6977	18,930	37,8600
492,8747	18,933	37,8650
493,0875	18,935	37,8700
493,3046	18,938	37,8750
493,5153	18,940	37,8800
493,7223	18,943	37,8850
493,9056	18,945	37,8900
494,1047	18,948	37,8950
494,3192	18,950	37,9000
494,5197	18,953	37,9050
494,7302	18,955	37,9100
494,9311	18,958	37,9150
495,1403	18,960	37,9200
495,3629	18,963	37,9250
495,5681	18,965	37,9300
495,7701	18,968	37,9350
495,9641	18,970	37,9400
496,1444	18,973	37,9450
496,3595	18,975	37,9500
496,5778	18,978	37,9550
496,7869	18,980	37,9600
496,9899	18,983	37,9650
497,1764	18,985	37,9700
497,3789	18,988	37,9750
497,5835	18,990	37,9800
497,7757	18,993	37,9850
497,9797	18,995	37,9900
498,1763	18,998	37,9950
498,3881	19,000	38,0000
498,6110	19,003	38,0050
498,8134	19,005	38,0100
499,0061	19,008	38,0150
499,1963	19,010	38,0200
499,3731	19,013	38,0250
499,5871	19,015	38,0300
499,7988	19,018	38,0350
500,0074	19,020	38,0400
500,2046	19,023	38,0450
500,3899	19,025	38,0500
500,5928	19,028	38,0550
500,8194	19,030	38,0600
501,0219	19,033	38,0650
501,2313	19,035	38,0700
501,4398	19,038	38,0750
501,6610	19,040	38,0800
501,8920	19,043	38,0850
502,1028	19,045	38,0900
502,3087	19,048	38,0950
502,5072	19,050	38,1000
502,6922	19,053	38,1050
502,9219	19,055	38,1100
503,1539	19,058	38,1150
503,3751	19,060	38,1200
503,5895	19,063	38,1250
503,7751	19,065	38,1300
503,9778	19,068	38,1350
504,1976	19,070	38,1400
504,4018	19,073	38,1450
504,6188	19,075	38,1500
504,8282	19,078	38,1550
505,0452	19,080	38,1600
505,2756	19,083	38,1650
505,4897	19,085	38,1700
505,7030	19,088	38,1750
505,9035	19,090	38,1800
506,0845	19,093	38,1850
506,3079	19,095	38,1900
506,5262	19,098	38,1950
506,7423	19,100	38,2000
506,9499	19,103	38,2050
507,1368	19,105	38,2100
507,3369	19,108	38,2150
507,5531	19,110	38,2200
507,7579	19,113	38,2250
507,9636	19,115	38,2300
508,1631	19,118	38,2350
508,3840	19,120	38,2400
508,6250	19,123	38,2450
508,8327	19,125	38,2500
509,0360	19,128	38,2550
509,2366	19,130	38,2600
509,4216	19,133	38,2650
509,6461	19,135	38,2700
509,8716	19,138	38,2750
510,0853	19,140	38,2800
510,2961	19,143	38,2850
510,4919	19,145	38,2900
510,7012	19,148	38,2950
510,9214	19,150	38,3000
511,1231	19,153	38,3050
511,3431	19,155	38,3100
511,5538	19,158	38,3150
511,7757	19,160	38,3200
512,0129	19,163	38,3250
512,2335	19,165	38,3300
512,4497	19,168	38,3350
512,6525	19,170	38,3400
512,8395	19,173	38,3450
513,0646	19,175	38,3500
513,3031	19,178	38,3550
513,5281	19,180	38,3600
513,7394	19,183	38,3650
513,9369	19,185	38,3700
514,1609	19,188	38,3750
514,3959	19,190	38,3800
514,6056	19,193	38,3850
514,8282	19,195	38,3900
515,0434	19,198	38,3950
515,2743	19,200	38,4000
515,5146	19,203	38,4050
515,7414	19,205	38,4100
515,9534	19,208	38,4150
516,1598	19,210	38,4200
516,3498	19,213	38,4250
516,5815	19,215	38,4300
516,8135	19,218	38,4350
517,0383	19,220	38,4400
517,2591	19,223	38,4450
517,4644	19,225	38,4500
517,6794	19,228	38,4550
517,9021	19,230	38,4600
518,1021	19,233	38,4650
518,3273	19,235	38,4700
518,5461	19,238	38,4750
518,7704	19,240	38,4800
519,0110	19,243	38,4850
519,2347	19,245	38,4900
519,4512	19,248	38,4950
519,6546	19,250	38,5000
519,8462	19,253	38,5050
520,0811	19,255	38,5100
520,3107	19,258	38,5150
520,5323	19,260	38,5200
520,7546	19,263	38,5250
520,9575	19,265	38,5300
521,1681	19,268	38,5350
521,3956	19,270	38,5400
521,6099	19,273	38,5450
521,8494	19,275	38,5500
522,0651	19,278	38,5550
522,2951	19,280	38,5600
522,5289	19,283	38,5650
522,7455	19,285	38,5700
522,9656	19,288	38,5750
523,1729	19,290	38,5800
523,3510	19,293	38,5850
523,5771	19,295	38,5900
523,8105	19,298	38,5950
524,0417	19,300	38,6000
524,2726	19,303	38,6050
524,4710	19,305	38,6100
524,6898	19,308	38,6150
524,9315	19,310	38,6200
525,1544	19,313	38,6250
525,3923	19,315	38,6300
525,6189	19,318	38,6350
525,8583	19,320	38,6400
526,1178	19,323	38,6450
526,3461	19,325	38,6500
526,5636	19,328	38,6550
526,7723	19,330	38,6600
526,9664	19,333	38,6650
527,1991	19,335	38,6700
527,4393	19,338	38,6750
527,6807	19,340	38,6800
527,9091	19,343	38,6850
528,1190	19,345	38,6900
528,3400	19,348	38,6950
528,5711	19,350	38,7000
528,7802	19,353	38,7050
529,0083	19,355	38,7100
529,2345	19,358	38,7150
529,4700	19,360	38,7200
529,7165	19,363	38,7250
529,9461	19,365	38,7300
530,1697	19,368	38,7350
530,3789	19,370	38,7400
530,5709	19,373	38,7450
530,8105	19,375	38,7500
531,0605	19,378	38,7550
531,2996	19,380	38,7600
531,5255	19,383	38,7650
531,7223	19,385	38,7700
531,9385	19,388	38,7750
532,1793	19,390	38,7800
532,3936	19,393	38,7850
532,6158	19,395	38,7900
532,8411	19,398	38,7950
533,0745	19,400	38,8000
533,3150	19,403	38,8050
533,5409	19,405	38,8100
533,7626	19,408	38,8150
533,9744	19,410	38,8200
534,1738	19,413	38,8250
534,4105	19,415	38,8300
534,6444	19,418	38,8350
534,8811	19,420	38,8400
535,1141	19,423	38,8450
535,3277	19,425	38,8500
535,5507	19,428	38,8550
535,7913	19,430	38,8600
536,0077	19,433	38,8650
536,2520	19,435	38,8700
536,4865	19,438	38,8750
536,7355	19,440	38,8800
536,9941	19,443	38,8850
537,2257	19,445	38,8900
537,4573	19,448	38,8950
537,6730	19,450	38,9000
537,8771	19,453	38,9050
538,1457	19,455	38,9100
538,4068	19,458	38,9150
538,6467	19,460	38,9200
538,8801	19,463	38,9250
539,0892	19,465	38,9300
539,3120	19,468	38,9350
539,5521	19,470	38,9400
539,7767	19,473	38,9450
540,0213	19,475	38,9500
540,2538	19,478	38,9550
540,4926	19,480	38,9600
540,7588	19,483	38,9650
541,0015	19,485	38,9700
541,2328	19,488	38,9750
541,4622	19,490	38,9800
541,6630	19,493	38,9850
541,9060	19,495	38,9900
542,1578	19,498	38,9950
542,4084	19,500	39,0000
542,6510	19,503	39,0050
542,8685	19,505	39,0100
543,0993	19,508	39,0150
543,3450	19,510	39,0200
543,5751	19,513	39,0250
543,8168	19,515	39,0300
544,0471	19,518	39,0350
544,2940	19,520	39,0400
544,5640	19,523	39,0450
544,8073	19,525	39,0500
545,0479	19,528	39,0550
545,2759	19,530	39,0600
545,4849	19,533	39,0650
545,7334	19,535	39,0700
545,9764	19,538	39,0750
546,2207	19,540	39,0800
546,4634	19,543	39,0850
546,6743	19,545	39,0900
546,9083	19,548	39,0950
547,1628	19,550	39,1000
547,3984	19,553	39,1050
547,6424	19,555	39,1100
547,8770	19,558	39,1150
548,1252	19,560	39,1200
548,3969	19,563	39,1250
548,6367	19,565	39,1300
548,8741	19,568	39,1350
549,1047	19,570	39,1400
549,3138	19,573	39,1450
549,5730	19,575	39,1500
549,8328	19,578	39,1550
550,0772	19,580	39,1600
550,3166	19,583	39,1650
550,5308	19,585	39,1700
550,7728	19,588	39,1750
551,0314	19,590	39,1800
551,2540	19,593	39,1850
551,5007	19,595	39,1900
551,7371	19,598	39,1950
551,9797	19,600	39,2000
552,2427	19,603	39,2050
552,4766	19,605	39,2100
552,7179	19,608	39,2150
552,9576	19,610	39,2200
553,1613	19,613	39,2250
553,4095	19,615	39,2300
553,6662	19,618	39,2350
553,9208	19,620	39,2400
554,1649	19,623	39,2450
554,3758	19,625	39,2500
554,6074	19,628	39,2550
554,8519	19,630	39,2600
555,0772	19,633	39,2650
555,3273	19,635	39,2700
555,5640	19,638	39,2750
555,8100	19,640	39,2800
556,0776	19,643	39,2850
556,3202	19,645	39,2900
556,5613	19,648	39,2950
556,7902	19,650	39,3000
556,9928	19,653	39,3050
557,2537	19,655	39,3100
557,5127	19,658	39,3150
557,7621	19,660	39,3200
558,0053	19,663	39,3250
558,2246	19,665	39,3300
558,4605	19,668	39,3350
558,7132	19,670	39,3400
558,9432	19,673	39,3450
559,2070	19,675	39,3500
559,4603	19,678	39,3550
559,7158	19,680	39,3600
559,9953	19,683	39,3650
560,2432	19,685	39,3700
560,4855	19,688	39,3750
560,7197	19,690	39,3800
560,9364	19,693	39,3850
561,2014	19,695	39,3900
561,4668	19,698	39,3950
561,7263	19,700	39,4000
561,9825	19,703	39,4050
562,2096	19,705	39,4100
562,4535	19,708	39,4150
562,7128	19,710	39,4200
562,9417	19,713	39,4250
563,1969	19,715	39,4300
563,4437	19,718	39,4350
563,7017	19,720	39,4400
563,9819	19,723	39,4450
564,2291	19,725	39,4500
564,4699	19,728	39,4550
564,7073	19,730	39,4600
564,9219	19,733	39,4650
565,1803	19,735	39,4700
565,4382	19,738	39,4750
565,6948	19,740	39,4800
565,9451	19,743	39,4850
566,1641	19,745	39,4900
566,3980	19,748	39,4950
566,6550	19,750	39,5000
566,8955	19,753	39,5050
567,1609	19,755	39,5100
567,4035	19,758	39,5150
567,6540	19,760	39,5200
567,9337	19,763	39,5250
568,1708	19,765	39,5300
568,4064	19,768	39,5350
568,6384	19,770	39,5400
568,8452	19,773	39,5450
569,1107	19,775	39,5500
569,3760	19,778	39,5550
569,6354	19,780	39,5600
569,8847	19,783	39,5650
570,1067	19,785	39,5700
570,3598	19,788	39,5750
570,6325	19,790	39,5800
570,8729	19,793	39,5850
571,1376	19,795	39,5900
571,3857	19,798	39,5950
571,6439	19,800	39,6000
571,9257	19,803	39,6050
572,1884	19,805	39,6100
572,4491	19,808	39,6150
572,6937	19,810	39,6200
572,9058	19,813	39,6250
573,1799	19,815	39,6300
573,4559	19,818	39,6350
573,7211	19,820	39,6400
573,9861	19,823	39,6450
574,2139	19,825	39,6500
574,4696	19,828	39,6550
574,7408	19,830	39,6600
574,9807	19,833	39,6650
575,2520	19,835	39,6700
575,5057	19,838	39,6750
575,7569	19,840	39,6800
576,0429	19,843	39,6850
576,3039	19,845	39,6900
576,5527	19,848	39,6950
576,7905	19,850	39,7000
576,9943	19,853	39,7050
577,2652	19,855	39,7100
577,5413	19,858	39,7150
577,7971	19,860	39,7200
578,0499	19,863	39,7250
578,2734	19,865	39,7300
578,5181	19,868	39,7350
578,7865	19,870	39,7400
579,0282	19,873	39,7450
579,3042	19,875	39,7500
579,5624	19,878	39,7550
579,8075	19,880	39,7600
580,0904	19,883	39,7650
580,3472	19,885	39,7700
580,5975	19,888	39,7750
580,8441	19,890	39,7800
581,0653	19,893	39,7850
581,3339	19,895	39,7900
581,6005	19,898	39,7950
581,8606	19,900	39,8000
582,1236	19,903	39,8050
582,3589	19,905	39,8100
582,6093	19,908	39,8150
582,8802	19,910	39,8200
583,1208	19,913	39,8250
583,3833	19,915	39,8300
583,6392	19,918	39,8350
583,9104	19,920	39,8400
584,2101	19,923	39,8450
584,4741	19,925	39,8500
584,7319	19,928	39,8550
584,9877	19,930	39,8600
585,2127	19,933	39,8650
585,4893	19,935	39,8700
585,7669	19,938	39,8750
586,0413	19,940	39,8800
586,3129	19,943	39,8850
586,5462	19,945	39,8900
586,8109	19,948	39,8950
587,1059	19,950	39,9000
587,3613	19,953	39,9050
587,6324	19,955	39,9100
587,9055	19,958	39,9150
588,1890	19,960	39,9200
588,4791	19,963	39,9250
588,7357	19,965	39,9300
588,9984	19,968	39,9350
589,2562	19,970	39,9400
589,4802	19,973	39,9450
589,7511	19,975	39,9500
590,0378	19,978	39,9550
590,3101	19,980	39,9600
590,5761	19,983	39,9650
590,8142	19,985	39,9700
591,0773	19,988	39,9750
591,3637	19,990	39,9800
591,6259	19,993	39,9850
591,9001	19,995	39,9900
592,1590	19,998	39,9950
592,4226	20,000	40,0000
592,7183	20,000	40,0050
592,8897	20,000	40,0100
592,7655	20,000	40,0150
592,4211	20,000	40,0200
592,0575	19,999	40,0250
591,7184	19,988	40,0300
591,1190	19,976	40,0350
589,2648	19,960	40,0400
585,8874	19,941	40,0450
581,6300	19,918	40,0500
576,7695	19,889	40,0550
571,3065	19,854	40,0600
564,7477	19,811	40,0650
557,0928	19,761	40,0700
548,2372	19,711	40,0750
538,3529	19,661	40,0800
528,2108	19,611	40,0850
518,5782	19,561	40,0900
509,5761	19,511	40,0950
500,9918	19,461	40,1000
492,6998	19,411	40,1050
484,6856	19,361	40,1100
477,0370	19,311	40,1150
469,7686	19,261	40,1200
462,7785	19,211	40,1250
455,9732	19,161	40,1300
449,4881	19,111	40,1350
443,2132	19,061	40,1400
437,1103	19,011	40,1450
431,2279	18,961	40,1500
425,5916	18,911	40,1550
420,1321	18,861	40,1600
414,8049	18,811	40,1650
409,6319	18,761	40,1700
404,5976	18,711	40,1750
399,7132	18,661	40,1800
394,9315	18,611	40,1850
390,2943	18,561	40,1900
385,7972	18,511	40,1950
381,3938	18,461	40,2000
377,0608	18,411	40,2050
372,8611	18,361	40,2100
368,8189	18,311	40,2150
364,8539	18,261	40,2200
360,9344	18,211	40,2250
357,1630	18,161	40,2300
353,4765	18,111	40,2350
349,8265	18,061	40,2400
346,2800	18,011	40,2450
342,8220	17,961	40,2500
339,4202	17,911	40,2550
336,0774	17,861	40,2600
332,8132	17,811	40,2650
329,6162	17,761	40,2700
326,4663	17,711	40,2750
323,3832	17,661	40,2800
320,3574	17,611	40,2850
317,4056	17,561	40,2900
314,5080	17,511	40,2950
311,6457	17,461	40,3000
308,8206	17,411	40,3050
306,0495	17,361	40,3100
303,3262	17,311	40,3150
300,6469	17,261	40,3200
297,9964	17,211	40,3250
295,3854	17,161	40,3300
292,8128	17,111	40,3350
290,2966	17,061	40,3400
287,8385	17,011	40,3450
285,3946	16,961	40,3500
282,9675	16,911	40,3550
280,5791	16,861	40,3600
278,2189	16,811	40,3650
275,8914	16,761	40,3700
273,5950	16,711	40,3750
271,3457	16,661	40,3800
269,1118	16,611	40,3850
266,9078	16,561	40,3900
264,7073	16,511	40,3950
262,5538	16,461	40,4000
260,4526	16,411	40,4050
258,3535	16,361	40,4100
256,2578	16,311	40,4150
254,1898	16,261	40,4200
252,1603	16,211	40,4250
250,1273	16,161	40,4300
248,1141	16,111	40,4350
246,1673	16,061	40,4400
244,2365	16,011	40,4450
242,3137	15,961	40,4500
240,4092	15,911	40,4550
238,5289	15,861	40,4600
236,6659	15,811	40,4650
234,7914	15,761	40,4700
232,9732	15,711	40,4750
231,1505	15,661	40,4800
229,3292	15,611	40,4850
227,5330	15,561	40,4900
225,7325	15,511	40,4950
223,9843	15,461	40,5000
222,2119	15,411	40,5050
220,4490	15,361	40,5100
218,7249	15,311	40,5150
217,0296	15,261	40,5200
215,3408	15,211	40,5250
213,6475	15,161	40,5300
211,9715	15,111	40,5350
210,3248	15,061	40,5400
208,6744	15,011	40,5450
207,0293	14,961	40,5500
205,4145	14,911	40,5550
203,7966	14,861	40,5600
202,1979	14,811	40,5650
200,6200	14,761	40,5700
199,0498	14,711	40,5750
197,4729	14,661	40,5800
195,9140	14,611	40,5850
194,3744	14,561	40,5900
192,8402	14,511	40,5950
191,3256	14,461	40,6000
189,7932	14,411	40,6050
188,2946	14,361	40,6100
186,7810	14,311	40,6150
185,2642	14,261	40,6200
183,7652	14,211	40,6250
182,3080	14,161	40,6300
180,8493	14,111	40,6350
179,3632	14,061	40,6400
177,9071	14,011	40,6450
176,4736	13,961	40,6500
175,0385	13,911	40,6550
173,5885	13,861	40,6600
172,1761	13,811	40,6650
170,7752	13,761	40,6700
169,3621	13,711	40,6750
167,9447	13,661	40,6800
166,5652	13,611	40,6850
165,1810	13,561	40,6900
163,7958	13,511	40,6950
162,4118	13,461	40,7000
161,0340	13,411	40,7050
159,6681	13,361	40,7100
158,2958	13,311	40,7150
156,9562	13,261	40,7200
155,6018	13,211	40,7250
154,2697	13,161	40,7300
152,9364	13,111	40,7350
151,6030	13,061	40,7400
150,2905	13,011	40,7450
148,9568	12,961	40,7500
147,6410	12,911	40,7550
146,3413	12,861	40,7600
145,0339	12,811	40,7650
143,7359	12,761	40,7700
142,4396	12,711	40,7750
141,1486	12,661	40,7800
139,8575	12,611	40,7850
138,5618	12,561	40,7900
137,3132	12,511	40,7950
136,0571	12,461	40,8000
134,7739	12,411	40,8050
133,5013	12,361	40,8100
132,2501	12,311	40,8150
131,0016	12,261	40,8200
129,7341	12,211	40,8250
128,5165	12,161	40,8300
127,2969	12,111	40,8350
126,0549	12,061	40,8400
124,8338	12,011	40,8450
123,6190	11,961	40,8500
122,3979	11,911	40,8550
121,1690	11,861	40,8600
119,9608	11,811	40,8650
118,7601	11,761	40,8700
117,5424	11,711	40,8750
116,3341	11,661	40,8800
115,1512	11,611	40,8850
113,9803	11,561	40,8900
112,7789	11,511	40,8950
111,5901	11,461	40,9000
110,4173	11,411	40,9050
109,2373	11,361	40,9100
108,0404	11,311	40,9150
106,8466	11,261	40,9200
105,6849	11,211	40,9250
104,5292	11,161	40,9300
103,3742	11,111	40,9350
102,2336	11,061	40,9400
101,0848	11,011	40,9450
99,9322	10,961	40,9500
98,7798	10,911	40,9550
97,6351	10,861	40,9600
96,4937	10,811	40,9650
95,3235	10,761	40,9700
94,1999	10,711	40,9750
93,0538	10,661	40,9800
91,9076	10,611	40,9850
90,7725	10,561	40,9900
89,6317	10,511	40,9950
88,5168	10,461	41,0000
87,3725	10,411	41,0050
86,2355	10,361	41,0100
85,1207	10,311	41,0150
83,9916	10,261	41,0200
82,8882	10,211	41,0250
81,7741	10,161	41,0300
80,6513	10,111	41,0350
79,5610	10,061	41,0400
78,4387	10,011	41,0450
77,3449	9,961	41,0500
76,2313	9,911	41,0550
75,1152	9,861	41,0600
74,0423	9,811	41,0650
72,9279	9,761	41,0700
71,8544	9,711	41,0750
70,7468	9,661	41,0800
69,6550	9,611	41,0850
68,5676	9,561	41,0900
67,4520	9,511	41,0950
66,3847	9,461	41,1000
65,2818	9,411	41,1050
64,1902	9,361	41,1100
63,1136	9,311	41,1150
62,0324	9,261	41,1200
60,9616	9,211	41,1250
59,8629	9,161	41,1300
58,7816	9,111	41,1350
57,7321	9,061	41,1400
56,6652	9,011	41,1450
55,5946	8,961	41,1500
54,5309	8,911	41,1550
53,4793	8,861	41,1600
52,4172	8,811	41,1650
51,3250	8,761	41,1700
50,2768	8,711	41,1750
49,2268	8,661	41,1800
48,1863	8,611	41,1850
47,1181	8,561	41,1900
46,0459	8,511	41,1950
45,0287	8,461	41,2000
43,9559	8,411	41,2050
42,8987	8,361	41,2100
41,8680	8,311	41,2150
40,8384	8,261	41,2200
39,8050	8,211	41,2250
38,7519	8,161	41,2300
37,7314	8,111	41,2350
36,7173	8,061	41,2400
35,6589	8,011	41,2450
34,6221	7,961	41,2500
33,6330	7,911	41,2550
32,6301	7,861	41,2600
31,5926	7,811	41,2650
30,5795	7,761	41,2700
29,5839	7,711	41,2750
28,5662	7,661	41,2800
27,5359	7,611	41,2850
26,5517	7,561	41,2900
25,5458	7,511	41,2950
24,5361	7,461	41,3000
23,5283	7,411	41,3050
22,5370	7,361	41,3100
21,5360	7,311	41,3150
20,5407	7,261	41,3200
19,5655	7,211	41,3250
18,5818	7,161	41,3300
17,6044	7,111	41,3350
16,6261	7,061	41,3400
15,6517	7,011	41,3450
14,6679	6,961	41,3500
13,6894	6,911	41,3550
12,7162	6,861	41,3600
11,7591	6,811	41,3650
10,7893	6,761	41,3700
9,8210	6,711	41,3750
8,8778	6,661	41,3800
7,9443	6,611	41,3850
6,9927	6,561	41,3900
6,0230	6,511	41,3950
5,1082	6,461	41,4000
4,1679	6,411	41,4050
3,2130	6,361	41,4100
2,3034	6,311	41,4150
1,3851	6,261	41,4200
0,4914	6,211	41,4250
-0,4315	6,161	41,4300
-1,3158	6,111	41,4350
-2,2025	6,061	41,4400
-3,1202	6,011	41,4450
-3,9729	5,961	41,4500
-4,8366	5,911	41,4550
-5,6842	5,861	41,4600
-6,5025	5,811	41,4650
-7,3173	5,761	41,4700
-8,0366	5,711	41,4750
-8,7375	5,661	41,4800
-9,3794	5,611	41,4850
-9,8829	5,561	41,4900
-10,2447	5,511	41,4950
-10,3589	5,461	41,5000
-10,2604	5,411	41,5050
-9,7028	5,361	41,5100
-8,1525	5,311	41,5150
-6,6023	5,261	41,5200
-4,5001	5,211	41,5250
-1,6486	5,161	41,5300
-0,3820	5,111	41,5350
-0,1855	5,061	41,5400
-0,2482	5,011	41,5450
-0,2561	4,961	41,5500
-0,2226	4,911	41,5550
-0,2093	4,861	41,5600
-0,2189	4,811	41,5650
-0,2492	4,761	41,5700
-0,2135	4,711	41,5750
-0,2226	4,661	41,5800
-0,2113	4,611	41,5850
-0,2231	4,561	41,5900
-0,2359	4,511	41,5950
-0,1908	4,461	41,6000
-0,2244	4,411	41,6050
-0,2261	4,361	41,6100
-0,2140	4,311	41,6150
-0,2121	4,261	41,6200
-0,1970	4,211	41,6250
-0,2222	4,161	41,6300
-0,1903	4,111	41,6350
-0,2116	4,061	41,6400
-0,2135	4,011	41,6450
-0,2001	3,961	41,6500
-0,2213	3,911	41,6550
-0,2036	3,861	41,6600
-0,2060	3,811	41,6650
-0,2198	3,761	41,6700
-0,2053	3,711	41,6750
-0,2019	3,661	41,6800
-0,1873	3,611	41,6850
-0,1816	3,561	41,6900
-0,2183	3,511	41,6950
-0,2112	3,461	41,7000
-0,2024	3,411	41,7050
-0,1975	3,361	41,7100
-0,1982	3,311	41,7150
-0,1962	3,261	41,7200
-0,2094	3,211	41,7250
-0,2043	3,161	41,7300
-0,2209	3,111	41,7350
-0,2198	3,061	41,7400
-0,2145	3,011	41,7450
-0,1980	2,961	41,7500
-0,1808	2,911	41,7550
-0,2081	2,861	41,7600
-0,1974	2,811	41,7650
-0,2018	2,761	41,7700
-0,1881	2,711	41,7750
-0,2224	2,661	41,7800
-0,2143	2,611	41,7850
-0,1767	2,561	41,7900
-0,1998	2,511	41,7950
-0,2069	2,461	41,8000
-0,2197	2,411	41,8050
-0,1867	2,361	41,8100
-0,1849	2,311	41,8150
-0,2161	2,261	41,8200
-0,2085	2,211	41,8250
-0,1853	2,161	41,8300
-0,1793	2,111	41,8350
-0,2223	2,061	41,8400
-0,2265	2,011	41,8450
-0,1854	1,961	41,8500
-0,1812	1,911	41,8550
-0,2145	1,861	41,8600
-0,1986	1,811	41,8650
-0,1828	1,761	41,8700
-0,1987	1,711	41,8750
-0,2165	1,661	41,8800
-0,2127	1,611	41,8850
-0,1760	1,561	41,8900
-0,1797	1,511	41,8950
-0,2155	1,461	41,9000
-0,2094	1,411	41,9050
-0,1908	1,361	41,9100
-0,1972	1,311	41,9150
-0,2123	1,261	41,9200
-0,1985	1,211	41,9250
-0,1660	1,161	41,9300
-0,1934	1,111	41,9350
-0,2314	1,061	41,9400
-0,1979	1,011	41,9450
-0,1621	0,961	41,9500
-0,1849	0,911	41,9550
-0,2359	0,861	41,9600
-0,2066	0,811	41,9650
-0,1828	0,761	41,9700
-0,1965	0,711	41,9750
-0,2347	0,661	41,9800
-0,2020	0,611	41,9850
-0,1695	0,561	41,9900
-0,2108	0,511	41,9950
-0,2147	0,461	42,0000
-0,2023	0,411	42,0050
-0,1931	0,361	42,0100
-0,2166	0,311	42,0150
-0,2126	0,261	42,0200
-0,1997	0,211	42,0250
-0,2091	0,164	42,0300
-0,1896	0,126	42,0350
0,0221	0,095	42,0400
0,1822	0,069	42,0450
0,1633	0,048	42,0500
0,0253	0,031	42,0550
-0,0335	0,017	42,0600
0,0231	0,006	42,0650
-0,0020	0,000	42,0700
