TEST_5	TEST_5	TEST_5
Force	Distance	Time
N	mm	sec

-0,0024	0,000	0,0000
-0,0013	0,003	0,0050
0,0459	0,005	0,0100
0,0439	0,008	0,0150
0,0121	0,010	0,0200
0,0109	0,013	0,0250
0,0019	0,015	0,0300
0,0087	0,018	0,0350
0,0066	0,020	0,0400
-0,0168	0,023	0,0450
0,0070	0,025	0,0500
0,0180	0,028	0,0550
-0,0094	0,030	0,0600
0,0121	0,033	0,0650
0,0011	0,035	0,0700
-0,0061	0,038	0,0750
0,0136	0,040	0,0800
-0,0164	0,043	0,0850
0,0121	0,045	0,0900
0,0000	0,048	0,0950
-0,0089	0,050	0,1000
0,0082	0,053	0,1050
0,0017	0,055	0,1100
-0,0094	0,058	0,1150
0,0078	0,060	0,1200
-0,0140	0,063	0,1250
0,0095	0,065	0,1300
0,0093	0,068	0,1350
-0,0066	0,070	0,1400
0,0201	0,073	0,1450
0,0144	0,075	0,1500
-0,0037	0,078	0,1550
0,0133	0,080	0,1600
-0,0210	0,083	0,1650
0,0034	0,085	0,1700
-0,0084	0,088	0,1750
-0,0089	0,090	0,1800
0,0134	0,093	0,1850
0,0051	0,095	0,1900
-0,0122	0,098	0,1950
0,0034	0,100	0,2000
-0,0162	0,103	0,2050
0,0011	0,105	0,2100
0,0044	0,108	0,2150
-0,0143	0,110	0,2200
0,0087	0,113	0,2250
-0,0047	0,115	0,2300
-0,0053	0,118	0,2350
0,0144	0,120	0,2400
-0,0204	0,123	0,2450
0,0107	0,125	0,2500
0,0029	0,128	0,2550
-0,0119	0,130	0,2600
0,0013	0,133	0,2650
-0,0038	0,135	0,2700
-0,0099	0,138	0,2750
0,0071	0,140	0,2800
-0,0166	0,143	0,2850
0,0065	0,145	0,2900
0,0147	0,148	0,2950
-0,0102	0,150	0,3000
0,0111	0,153	0,3050
0,0000	0,155	0,3100
-0,0089	0,158	0,3150
0,0060	0,160	0,3200
-0,0179	0,163	0,3250
0,0112	0,165	0,3300
0,0075	0,168	0,3350
-0,0111	0,170	0,3400
0,0074	0,173	0,3450
0,0053	0,175	0,3500
-0,0103	0,178	0,3550
0,0041	0,180	0,3600
-0,0224	0,183	0,3650
0,0036	0,185	0,3700
0,0050	0,188	0,3750
-0,0222	0,190	0,3800
-0,0009	0,193	0,3850
-0,0036	0,195	0,3900
-0,0046	0,198	0,3950
0,0082	0,200	0,4000
-0,0155	0,203	0,4050
0,0073	0,205	0,4100
-0,0031	0,208	0,4150
-0,0140	0,210	0,4200
0,0090	0,213	0,4250
-0,0021	0,215	0,4300
-0,0104	0,218	0,4350
0,0133	0,220	0,4400
-0,0121	0,223	0,4450
0,0039	0,225	0,4500
-0,0065	0,228	0,4550
-0,0234	0,230	0,4600
0,0041	0,233	0,4650
-0,0020	0,235	0,4700
-0,0062	0,238	0,4750
0,0149	0,240	0,4800
-0,0159	0,243	0,4850
0,0046	0,245	0,4900
0,0045	0,248	0,4950
-0,0121	0,250	0,5000
0,0069	0,253	0,5050
-0,0026	0,255	0,5100
-0,0114	0,258	0,5150
0,0134	0,260	0,5200
-0,0092	0,263	0,5250
0,0088	0,265	0,5300
0,0071	0,268	0,5350
-0,0065	0,270	0,5400
0,0058	0,273	0,5450
-0,0048	0,275	0,5500
-0,0103	0,278	0,5550
0,0221	0,280	0,5600
-0,0053	0,283	0,5650
0,0119	0,285	0,5700
0,0029	0,288	0,5750
-0,0127	0,290	0,5800
0,0085	0,293	0,5850
-0,0010	0,295	0,5900
-0,0113	0,298	0,5950
0,0073	0,300	0,6000
-0,0129	0,303	0,6050
0,0015	0,305	0,6100
-0,0057	0,308	0,6150
-0,0237	0,310	0,6200
-0,0012	0,313	0,6250
-0,0073	0,315	0,6300
-0,0108	0,318	0,6350
0,0089	0,320	0,6400
-0,0163	0,323	0,6450
0,0011	0,325	0,6500
-0,0033	0,328	0,6550
-0,0126	0,330	0,6600
0,0037	0,333	0,6650
-0,0070	0,335	0,6700
-0,0168	0,338	0,6750
0,0079	0,340	0,6800
-0,0104	0,343	0,6850
0,0094	0,345	0,6900
-0,0028	0,348	0,6950
-0,0198	0,350	0,7000
0,0035	0,353	0,7050
-0,0066	0,355	0,7100
-0,0075	0,358	0,7150
0,0153	0,360	0,7200
-0,0146	0,363	0,7250
0,0026	0,365	0,7300
-0,0042	0,368	0,7350
-0,0128	0,370	0,7400
0,0147	0,373	0,7450
0,0110	0,375	0,7500
-0,0088	0,378	0,7550
-0,0007	0,380	0,7600
-0,0224	0,383	0,7650
0,0126	0,385	0,7700
0,0079	0,388	0,7750
-0,0145	0,390	0,7800
0,0022	0,393	0,7850
-0,0033	0,395	0,7900
-0,0037	0,398	0,7950
0,0114	0,400	0,8000
-0,0195	0,403	0,8050
-0,0001	0,405	0,8100
-0,0001	0,408	0,8150
-0,0053	0,410	0,8200
0,0205	0,413	0,8250
0,0111	0,415	0,8300
-0,0006	0,418	0,8350
0,0153	0,420	0,8400
-0,0110	0,423	0,8450
0,0127	0,425	0,8500
0,0089	0,428	0,8550
-0,0072	0,430	0,8600
0,0185	0,433	0,8650
0,0046	0,435	0,8700
-0,0026	0,438	0,8750
0,0091	0,440	0,8800
-0,0200	0,443	0,8850
-0,0046	0,445	0,8900
-0,0072	0,448	0,8950
-0,0186	0,450	0,9000
0,0047	0,453	0,9050
-0,0067	0,455	0,9100
-0,0130	0,458	0,9150
0,0089	0,460	0,9200
-0,0157	0,463	0,9250
-0,0003	0,465	0,9300
-0,0052	0,468	0,9350
-0,0205	0,470	0,9400
0,0044	0,473	0,9450
0,0012	0,475	0,9500
-0,0100	0,478	0,9550
0,0170	0,480	0,9600
-0,0159	0,483	0,9650
0,0061	0,485	0,9700
-0,0029	0,488	0,9750
-0,0148	0,490	0,9800
0,0108	0,493	0,9850
0,0105	0,495	0,9900
-0,0078	0,498	0,9950
0,0077	0,500	1,0000
-0,0118	0,503	1,0050
0,0083	0,505	1,0100
0,0007	0,508	1,0150
-0,0178	0,510	1,0200
0,0026	0,513	1,0250
-0,0052	0,515	1,0300
-0,0087	0,518	1,0350
0,0154	0,520	1,0400
-0,0111	0,523	1,0450
0,0110	0,525	1,0500
0,0030	0,528	1,0550
-0,0120	0,530	1,0600
0,0126	0,533	1,0650
0,0102	0,535	1,0700
-0,0052	0,538	1,0750
0,0071	0,540	1,0800
-0,0129	0,543	1,0850
0,0087	0,545	1,0900
0,0107	0,548	1,0950
-0,0129	0,550	1,1000
0,0090	0,553	1,1050
0,0019	0,555	1,1100
-0,0029	0,558	1,1150
0,0099	0,560	1,1200
-0,0125	0,563	1,1250
0,0108	0,565	1,1300
0,0013	0,568	1,1350
-0,0128	0,570	1,1400
0,0087	0,573	1,1450
0,0025	0,575	1,1500
-0,0091	0,578	1,1550
0,0037	0,580	1,1600
-0,0227	0,583	1,1650
0,0043	0,585	1,1700
0,0022	0,588	1,1750
-0,0200	0,590	1,1800
0,0030	0,593	1,1850
-0,0048	0,595	1,1900
-0,0087	0,598	1,1950
0,0096	0,600	1,2000
-0,0085	0,603	1,2050
0,0114	0,605	1,2100
0,0061	0,608	1,2150
-0,0029	0,610	1,2200
0,0162	0,613	1,2250
0,0045	0,615	1,2300
-0,0068	0,618	1,2350
0,0179	0,620	1,2400
-0,0071	0,623	1,2450
0,0091	0,625	1,2500
-0,0004	0,628	1,2550
-0,0144	0,630	1,2600
0,0069	0,633	1,2650
0,0011	0,635	1,2700
-0,0083	0,638	1,2750
0,0069	0,640	1,2800
-0,0164	0,643	1,2850
0,0047	0,645	1,2900
0,0059	0,648	1,2950
-0,0049	0,650	1,3000
0,0120	0,653	1,3050
-0,0018	0,655	1,3100
-0,0058	0,658	1,3150
0,0142	0,660	1,3200
-0,0069	0,663	1,3250
0,0157	0,665	1,3300
0,0077	0,668	1,3350
-0,0098	0,670	1,3400
0,0059	0,673	1,3450
-0,0001	0,675	1,3500
-0,0078	0,678	1,3550
0,0150	0,680	1,3600
-0,0130	0,683	1,3650
0,0036	0,685	1,3700
-0,0014	0,688	1,3750
-0,0091	0,690	1,3800
0,0111	0,693	1,3850
0,0063	0,695	1,3900
-0,0034	0,698	1,3950
0,0102	0,700	1,4000
-0,0167	0,703	1,4050
0,0027	0,705	1,4100
0,0113	0,708	1,4150
-0,0083	0,710	1,4200
0,0051	0,713	1,4250
-0,0021	0,715	1,4300
-0,0048	0,718	1,4350
0,0098	0,720	1,4400
-0,0189	0,723	1,4450
0,0092	0,725	1,4500
0,0047	0,728	1,4550
-0,0115	0,730	1,4600
0,0001	0,733	1,4650
-0,0047	0,735	1,4700
-0,0079	0,738	1,4750
0,0073	0,740	1,4800
-0,0105	0,743	1,4850
0,0042	0,745	1,4900
0,0073	0,748	1,4950
-0,0153	0,750	1,5000
0,0067	0,753	1,5050
0,0002	0,755	1,5100
0,0027	0,758	1,5150
0,0174	0,760	1,5200
-0,0049	0,763	1,5250
0,0041	0,765	1,5300
-0,0041	0,768	1,5350
-0,0129	0,770	1,5400
0,0067	0,773	1,5450
-0,0047	0,775	1,5500
-0,0166	0,778	1,5550
0,0007	0,780	1,5600
-0,0135	0,783	1,5650
0,0144	0,785	1,5700
0,0047	0,788	1,5750
-0,0177	0,790	1,5800
0,0075	0,793	1,5850
-0,0032	0,795	1,5900
-0,0021	0,798	1,5950
0,0169	0,800	1,6000
-0,0031	0,803	1,6050
0,0071	0,805	1,6100
-0,0080	0,808	1,6150
-0,0240	0,810	1,6200
-0,0011	0,813	1,6250
-0,0089	0,815	1,6300
-0,0194	0,818	1,6350
0,0027	0,820	1,6400
-0,0145	0,823	1,6450
0,0044	0,825	1,6500
0,0022	0,828	1,6550
-0,0090	0,830	1,6600
0,0100	0,833	1,6650
-0,0064	0,835	1,6700
-0,0076	0,838	1,6750
0,0190	0,840	1,6800
-0,0022	0,843	1,6850
0,0026	0,845	1,6900
0,0003	0,848	1,6950
-0,0151	0,850	1,7000
0,0028	0,853	1,7050
-0,0044	0,855	1,7100
-0,0097	0,858	1,7150
0,0094	0,860	1,7200
-0,0082	0,863	1,7250
0,0157	0,865	1,7300
0,0055	0,868	1,7350
-0,0116	0,870	1,7400
0,0082	0,873	1,7450
0,0034	0,875	1,7500
-0,0037	0,878	1,7550
0,0118	0,880	1,7600
-0,0131	0,883	1,7650
0,0036	0,885	1,7700
0,0041	0,888	1,7750
-0,0038	0,890	1,7800
0,0125	0,893	1,7850
0,0018	0,895	1,7900
-0,0078	0,898	1,7950
0,0016	0,900	1,8000
-0,0171	0,903	1,8050
0,0019	0,905	1,8100
0,0131	0,908	1,8150
0,0004	0,910	1,8200
0,0141	0,913	1,8250
-0,0060	0,915	1,8300
-0,0057	0,918	1,8350
0,0126	0,920	1,8400
-0,0100	0,923	1,8450
0,0075	0,925	1,8500
-0,0025	0,928	1,8550
-0,0167	0,930	1,8600
0,0035	0,933	1,8650
0,0015	0,935	1,8700
-0,0013	0,938	1,8750
0,0028	0,940	1,8800
-0,0142	0,943	1,8850
0,0090	0,945	1,8900
0,0093	0,948	1,8950
-0,0025	0,950	1,9000
0,0193	0,953	1,9050
0,0097	0,955	1,9100
0,0072	0,958	1,9150
0,0189	0,960	1,9200
-0,0085	0,963	1,9250
0,0055	0,965	1,9300
-0,0018	0,968	1,9350
-0,0154	0,970	1,9400
0,0158	0,973	1,9450
0,0135	0,975	1,9500
-0,0025	0,978	1,9550
0,0058	0,980	1,9600
-0,0102	0,983	1,9650
0,0131	0,985	1,9700
0,0102	0,988	1,9750
-0,0098	0,990	1,9800
0,0070	0,993	1,9850
0,0034	0,995	1,9900
0,0034	0,998	1,9950
0,0081	1,000	2,0000
-0,0182	1,003	2,0050
0,0021	1,005	2,0100
-0,0034	1,008	2,0150
-0,0188	1,010	2,0200
0,0118	1,013	2,0250
0,0048	1,015	2,0300
-0,0053	1,018	2,0350
0,0083	1,020	2,0400
-0,0101	1,023	2,0450
0,0179	1,025	2,0500
0,0144	1,028	2,0550
-0,0083	1,030	2,0600
0,0055	1,033	2,0650
-0,0048	1,035	2,0700
0,0011	1,038	2,0750
0,0181	1,040	2,0800
-0,0097	1,043	2,0850
0,0053	1,045	2,0900
0,0026	1,048	2,0950
-0,0104	1,050	2,1000
0,0050	1,053	2,1050
-0,0106	1,055	2,1100
-0,0182	1,058	2,1150
0,0056	1,060	2,1200
-0,0201	1,063	2,1250
0,0011	1,065	2,1300
0,0006	1,068	2,1350
-0,0163	1,070	2,1400
-0,0050	1,073	2,1450
-0,0109	1,075	2,1500
-0,0129	1,078	2,1550
0,0102	1,080	2,1600
-0,0237	1,083	2,1650
-0,0120	1,085	2,1700
-0,0045	1,088	2,1750
-0,0053	1,090	2,1800
0,0128	1,093	2,1850
0,0030	1,095	2,1900
-0,0062	1,098	2,1950
0,0023	1,100	2,2000
-0,0134	1,103	2,2050
0,0055	1,105	2,2100
0,0027	1,108	2,2150
-0,0100	1,110	2,2200
0,0109	1,113	2,2250
0,0016	1,115	2,2300
0,0064	1,118	2,2350
0,0153	1,120	2,2400
-0,0190	1,123	2,2450
0,0005	1,125	2,2500
-0,0079	1,128	2,2550
-0,0121	1,130	2,2600
0,0077	1,133	2,2650
-0,0068	1,135	2,2700
-0,0107	1,138	2,2750
0,0042	1,140	2,2800
-0,0145	1,143	2,2850
0,0095	1,145	2,2900
0,0118	1,148	2,2950
-0,0190	1,150	2,3000
-0,0049	1,153	2,3050
-0,0111	1,155	2,3100
-0,0078	1,158	2,3150
0,0062	1,160	2,3200
-0,0155	1,163	2,3250
0,0042	1,165	2,3300
-0,0019	1,168	2,3350
-0,0089	1,170	2,3400
0,0102	1,173	2,3450
-0,0011	1,175	2,3500
-0,0091	1,178	2,3550
0,0058	1,180	2,3600
-0,0131	1,183	2,3650
0,0174	1,185	2,3700
0,0111	1,188	2,3750
-0,0069	1,190	2,3800
0,0089	1,193	2,3850
0,0024	1,195	2,3900
-0,0003	1,198	2,3950
0,0129	1,200	2,4000
-0,0144	1,203	2,4050
0,0059	1,205	2,4100
0,0021	1,208	2,4150
-0,0143	1,210	2,4200
0,0099	1,213	2,4250
0,0062	1,215	2,4300
-0,0057	1,218	2,4350
0,0073	1,220	2,4400
-0,0145	1,223	2,4450
0,0139	1,225	2,4500
0,0055	1,228	2,4550
-0,0146	1,230	2,4600
0,0056	1,233	2,4650
-0,0006	1,235	2,4700
0,0015	1,238	2,4750
0,0216	1,240	2,4800
-0,0093	1,243	2,4850
0,0009	1,245	2,4900
-0,0003	1,248	2,4950
-0,0076	1,250	2,5000
0,0189	1,253	2,5050
0,0104	1,255	2,5100
-0,0071	1,258	2,5150
-0,0001	1,260	2,5200
-0,0227	1,263	2,5250
0,0032	1,265	2,5300
-0,0006	1,268	2,5350
-0,0110	1,270	2,5400
0,0070	1,273	2,5450
-0,0014	1,275	2,5500
-0,0049	1,278	2,5550
0,0208	1,280	2,5600
-0,0021	1,283	2,5650
0,0130	1,285	2,5700
0,0063	1,288	2,5750
-0,0048	1,290	2,5800
0,0137	1,293	2,5850
0,0011	1,295	2,5900
-0,0036	1,298	2,5950
0,0114	1,300	2,6000
-0,0067	1,303	2,6050
0,0087	1,305	2,6100
0,0043	1,308	2,6150
-0,0118	1,310	2,6200
0,0033	1,313	2,6250
-0,0068	1,315	2,6300
0,0018	1,318	2,6350
0,0158	1,320	2,6400
-0,0122	1,323	2,6450
0,0038	1,325	2,6500
-0,0029	1,328	2,6550
-0,0086	1,330	2,6600
0,0057	1,333	2,6650
0,0028	1,335	2,6700
-0,0051	1,338	2,6750
0,0095	1,340	2,6800
-0,0142	1,343	2,6850
0,0059	1,345	2,6900
0,0011	1,348	2,6950
-0,0171	1,350	2,7000
0,0022	1,353	2,7050
-0,0035	1,355	2,7100
-0,0070	1,358	2,7150
0,0082	1,360	2,7200
-0,0131	1,363	2,7250
0,0079	1,365	2,7300
0,0040	1,368	2,7350
-0,0100	1,370	2,7400
0,0135	1,373	2,7450
0,0080	1,375	2,7500
-0,0101	1,378	2,7550
0,0033	1,380	2,7600
-0,0227	1,383	2,7650
0,0062	1,385	2,7700
0,0036	1,388	2,7750
-0,0111	1,390	2,7800
0,0070	1,393	2,7850
-0,0047	1,395	2,7900
-0,0095	1,398	2,7950
0,0067	1,400	2,8000
-0,0187	1,403	2,8050
0,0000	1,405	2,8100
0,0008	1,408	2,8150
-0,0125	1,410	2,8200
0,0064	1,413	2,8250
0,0022	1,415	2,8300
-0,0029	1,418	2,8350
0,0138	1,420	2,8400
-0,0097	1,423	2,8450
0,0111	1,425	2,8500
0,0064	1,428	2,8550
-0,0091	1,430	2,8600
0,0132	1,433	2,8650
-0,0003	1,435	2,8700
-0,0024	1,438	2,8750
0,0128	1,440	2,8800
-0,0101	1,443	2,8850
0,0021	1,445	2,8900
-0,0086	1,448	2,8950
-0,0182	1,450	2,9000
0,0088	1,453	2,9050
0,0057	1,455	2,9100
-0,0118	1,458	2,9150
0,0026	1,460	2,9200
-0,0188	1,463	2,9250
0,0030	1,465	2,9300
0,0012	1,468	2,9350
-0,0109	1,470	2,9400
0,0126	1,473	2,9450
0,0010	1,475	2,9500
0,0019	1,478	2,9550
0,0140	1,480	2,9600
-0,0202	1,483	2,9650
-0,0050	1,485	2,9700
-0,0117	1,488	2,9750
-0,0201	1,490	2,9800
0,0062	1,493	2,9850
0,0027	1,495	2,9900
-0,0115	1,498	2,9950
0,0042	1,500	3,0000
-0,0131	1,503	3,0050
0,0087	1,505	3,0100
0,0058	1,508	3,0150
-0,0115	1,510	3,0200
0,0060	1,513	3,0250
-0,0053	1,515	3,0300
-0,0055	1,518	3,0350
0,0120	1,520	3,0400
-0,0175	1,523	3,0450
0,0089	1,525	3,0500
0,0095	1,528	3,0550
-0,0064	1,530	3,0600
0,0075	1,533	3,0650
-0,0004	1,535	3,0700
-0,0073	1,538	3,0750
0,0090	1,540	3,0800
-0,0146	1,543	3,0850
0,0041	1,545	3,0900
0,0007	1,548	3,0950
-0,0164	1,550	3,1000
0,0147	1,553	3,1050
0,0033	1,555	3,1100
-0,0008	1,558	3,1150
0,0088	1,560	3,1200
-0,0142	1,563	3,1250
0,0070	1,565	3,1300
-0,0022	1,568	3,1350
-0,0144	1,570	3,1400
0,0111	1,573	3,1450
0,0064	1,575	3,1500
-0,0097	1,578	3,1550
0,0097	1,580	3,1600
-0,0092	1,583	3,1650
0,0155	1,585	3,1700
0,0092	1,588	3,1750
-0,0148	1,590	3,1800
0,0062	1,593	3,1850
0,0002	1,595	3,1900
0,0006	1,598	3,1950
0,0179	1,600	3,2000
-0,0100	1,603	3,2050
0,0005	1,605	3,2100
-0,0068	1,608	3,2150
-0,0232	1,610	3,2200
0,0030	1,613	3,2250
-0,0015	1,615	3,2300
-0,0068	1,618	3,2350
0,0157	1,620	3,2400
-0,0145	1,623	3,2450
0,0081	1,625	3,2500
0,0065	1,628	3,2550
-0,0129	1,630	3,2600
0,0132	1,633	3,2650
0,0085	1,635	3,2700
-0,0041	1,638	3,2750
0,0099	1,640	3,2800
-0,0206	1,643	3,2850
-0,0037	1,645	3,2900
0,0028	1,648	3,2950
-0,0035	1,650	3,3000
0,0130	1,653	3,3050
0,0009	1,655	3,3100
-0,0053	1,658	3,3150
0,0095	1,660	3,3200
-0,0128	1,663	3,3250
0,0072	1,665	3,3300
0,0075	1,668	3,3350
-0,0061	1,670	3,3400
0,0081	1,673	3,3450
0,0013	1,675	3,3500
-0,0026	1,678	3,3550
0,0189	1,680	3,3600
-0,0057	1,683	3,3650
0,0081	1,685	3,3700
-0,0025	1,688	3,3750
-0,0115	1,690	3,3800
0,0099	1,693	3,3850
0,0041	1,695	3,3900
-0,0072	1,698	3,3950
0,0091	1,700	3,4000
-0,0147	1,703	3,4050
0,0052	1,705	3,4100
0,0077	1,708	3,4150
-0,0139	1,710	3,4200
0,0054	1,713	3,4250
-0,0026	1,715	3,4300
-0,0050	1,718	3,4350
0,0078	1,720	3,4400
-0,0209	1,723	3,4450
-0,0070	1,725	3,4500
-0,0091	1,728	3,4550
-0,0072	1,730	3,4600
0,0120	1,733	3,4650
-0,0027	1,735	3,4700
-0,0091	1,738	3,4750
0,0102	1,740	3,4800
-0,0160	1,743	3,4850
0,0062	1,745	3,4900
0,0031	1,748	3,4950
-0,0189	1,750	3,5000
-0,0016	1,753	3,5050
-0,0127	1,755	3,5100
-0,0113	1,758	3,5150
0,0084	1,760	3,5200
-0,0138	1,763	3,5250
0,0049	1,765	3,5300
-0,0004	1,768	3,5350
-0,0111	1,770	3,5400
0,0104	1,773	3,5450
0,0013	1,775	3,5500
-0,0087	1,778	3,5550
0,0012	1,780	3,5600
-0,0201	1,783	3,5650
0,0036	1,785	3,5700
-0,0022	1,788	3,5750
-0,0195	1,790	3,5800
0,0054	1,793	3,5850
-0,0034	1,795	3,5900
-0,0041	1,798	3,5950
0,0108	1,800	3,6000
-0,0109	1,803	3,6050
-0,0011	1,805	3,6100
-0,0020	1,808	3,6150
-0,0103	1,810	3,6200
0,0136	1,813	3,6250
0,0084	1,815	3,6300
-0,0015	1,818	3,6350
0,0137	1,820	3,6400
-0,0122	1,823	3,6450
0,0104	1,825	3,6500
0,0098	1,828	3,6550
-0,0128	1,830	3,6600
0,0073	1,833	3,6650
-0,0083	1,835	3,6700
-0,0068	1,838	3,6750
0,0199	1,840	3,6800
-0,0062	1,843	3,6850
0,0024	1,845	3,6900
-0,0043	1,848	3,6950
-0,0125	1,850	3,7000
0,0149	1,853	3,7050
-0,0013	1,855	3,7100
-0,0105	1,858	3,7150
0,0127	1,860	3,7200
-0,0082	1,863	3,7250
0,0106	1,865	3,7300
-0,0031	1,868	3,7350
-0,0216	1,870	3,7400
0,0061	1,873	3,7450
0,0013	1,875	3,7500
-0,0061	1,878	3,7550
0,0138	1,880	3,7600
-0,0100	1,883	3,7650
0,0103	1,885	3,7700
0,0006	1,888	3,7750
-0,0135	1,890	3,7800
0,0072	1,893	3,7850
0,0016	1,895	3,7900
-0,0017	1,898	3,7950
0,0100	1,900	3,8000
-0,0209	1,903	3,8050
0,0039	1,905	3,8100
0,0063	1,908	3,8150
-0,0091	1,910	3,8200
0,0072	1,913	3,8250
-0,0047	1,915	3,8300
-0,0061	1,918	3,8350
0,0104	1,920	3,8400
-0,0174	1,923	3,8450
0,0027	1,925	3,8500
-0,0017	1,928	3,8550
-0,0119	1,930	3,8600
0,0163	1,933	3,8650
0,0117	1,935	3,8700
-0,0025	1,938	3,8750
0,0053	1,940	3,8800
-0,0151	1,943	3,8850
0,0098	1,945	3,8900
0,0100	1,948	3,8950
-0,0176	1,950	3,9000
0,0066	1,953	3,9050
-0,0018	1,955	3,9100
0,0009	1,958	3,9150
0,0172	1,960	3,9200
-0,0126	1,963	3,9250
0,0072	1,965	3,9300
0,0070	1,968	3,9350
-0,0094	1,970	3,9400
0,0183	1,973	3,9450
0,0122	1,975	3,9500
-0,0077	1,978	3,9550
0,0173	1,980	3,9600
-0,0111	1,983	3,9650
0,0040	1,985	3,9700
-0,0013	1,988	3,9750
-0,0203	1,990	3,9800
-0,0007	1,993	3,9850
-0,0073	1,995	3,9900
-0,0027	1,998	3,9950
0,0163	2,000	4,0000
-0,0114	2,003	4,0050
0,0090	2,005	4,0100
0,0032	2,008	4,0150
-0,0183	2,010	4,0200
0,0056	2,013	4,0250
0,0046	2,015	4,0300
-0,0131	2,018	4,0350
0,0082	2,020	4,0400
-0,0199	2,023	4,0450
0,0062	2,025	4,0500
0,0061	2,028	4,0550
-0,0049	2,030	4,0600
0,0079	2,033	4,0650
0,0010	2,035	4,0700
-0,0065	2,038	4,0750
0,0118	2,040	4,0800
-0,0124	2,043	4,0850
0,0023	2,045	4,0900
-0,0033	2,048	4,0950
-0,0030	2,050	4,1000
0,0190	2,053	4,1050
0,0044	2,055	4,1100
-0,0032	2,058	4,1150
0,0114	2,060	4,1200
-0,0203	2,063	4,1250
0,0074	2,065	4,1300
0,0036	2,068	4,1350
-0,0062	2,070	4,1400
0,0063	2,073	4,1450
-0,0006	2,075	4,1500
-0,0080	2,078	4,1550
0,0114	2,080	4,1600
-0,0142	2,083	4,1650
0,0048	2,085	4,1700
0,0000	2,088	4,1750
-0,0065	2,090	4,1800
0,0129	2,093	4,1850
0,0005	2,095	4,1900
-0,0131	2,098	4,1950
0,0045	2,100	4,2000
-0,0185	2,103	4,2050
0,0091	2,105	4,2100
0,0059	2,108	4,2150
-0,0138	2,110	4,2200
0,0066	2,113	4,2250
-0,0017	2,115	4,2300
-0,0065	2,118	4,2350
0,0117	2,120	4,2400
-0,0203	2,123	4,2450
-0,0007	2,125	4,2500
-0,0039	2,128	4,2550
-0,0060	2,130	4,2600
0,0180	2,133	4,2650
0,0069	2,135	4,2700
0,0004	2,138	4,2750
0,0151	2,140	4,2800
-0,0113	2,143	4,2850
0,0044	2,145	4,2900
-0,0008	2,148	4,2950
-0,0186	2,150	4,3000
0,0080	2,153	4,3050
0,0018	2,155	4,3100
-0,0025	2,158	4,3150
0,0116	2,160	4,3200
-0,0136	2,163	4,3250
0,0080	2,165	4,3300
0,0042	2,168	4,3350
-0,0104	2,170	4,3400
0,0144	2,173	4,3450
0,0018	2,175	4,3500
-0,0118	2,178	4,3550
0,0096	2,180	4,3600
-0,0148	2,183	4,3650
0,0052	2,185	4,3700
0,0019	2,188	4,3750
-0,0180	2,190	4,3800
0,0107	2,193	4,3850
0,0082	2,195	4,3900
0,0007	2,198	4,3950
0,0132	2,200	4,4000
-0,0207	2,203	4,4050
-0,0086	2,205	4,4100
-0,0098	2,208	4,4150
-0,0181	2,210	4,4200
0,0062	2,213	4,4250
-0,0032	2,215	4,4300
-0,0133	2,218	4,4350
0,0132	2,220	4,4400
-0,0164	2,223	4,4450
0,0058	2,225	4,4500
0,0065	2,228	4,4550
-0,0125	2,230	4,4600
0,0095	2,233	4,4650
0,0000	2,235	4,4700
-0,0042	2,238	4,4750
0,0204	2,240	4,4800
-0,0075	2,243	4,4850
-0,0007	2,245	4,4900
-0,0048	2,248	4,4950
-0,0114	2,250	4,5000
0,0162	2,253	4,5050
0,0031	2,255	4,5100
-0,0105	2,258	4,5150
0,0157	2,260	4,5200
-0,0046	2,263	4,5250
0,0146	2,265	4,5300
0,0116	2,268	4,5350
-0,0120	2,270	4,5400
-0,0003	2,273	4,5450
-0,0070	2,275	4,5500
-0,0117	2,278	4,5550
0,0125	2,280	4,5600
-0,0151	2,283	4,5650
0,0009	2,285	4,5700
-0,0027	2,288	4,5750
-0,0127	2,290	4,5800
0,0083	2,293	4,5850
-0,0032	2,295	4,5900
-0,0136	2,298	4,5950
-0,0006	2,300	4,6000
-0,0178	2,303	4,6050
0,0097	2,305	4,6100
0,0103	2,308	4,6150
-0,0087	2,310	4,6200
0,0108	2,313	4,6250
0,0022	2,315	4,6300
-0,0085	2,318	4,6350
0,0090	2,320	4,6400
-0,0170	2,323	4,6450
0,0046	2,325	4,6500
0,0000	2,328	4,6550
-0,0144	2,330	4,6600
0,0063	2,333	4,6650
-0,0039	2,335	4,6700
-0,0094	2,338	4,6750
0,0072	2,340	4,6800
-0,0133	2,343	4,6850
0,0020	2,345	4,6900
0,0003	2,348	4,6950
-0,0231	2,350	4,7000
0,0035	2,353	4,7050
-0,0063	2,355	4,7100
-0,0094	2,358	4,7150
0,0100	2,360	4,7200
-0,0115	2,363	4,7250
0,0158	2,365	4,7300
0,0100	2,368	4,7350
-0,0131	2,370	4,7400
0,0051	2,373	4,7450
0,0032	2,375	4,7500
-0,0065	2,378	4,7550
0,0167	2,380	4,7600
-0,0136	2,383	4,7650
0,0041	2,385	4,7700
0,0050	2,388	4,7750
-0,0131	2,390	4,7800
0,0107	2,393	4,7850
-0,0031	2,395	4,7900
-0,0079	2,398	4,7950
0,0076	2,400	4,8000
-0,0178	2,403	4,8050
-0,0001	2,405	4,8100
-0,0031	2,408	4,8150
-0,0173	2,410	4,8200
0,0067	2,413	4,8250
0,0021	2,415	4,8300
-0,0024	2,418	4,8350
0,0140	2,420	4,8400
-0,0096	2,423	4,8450
0,0166	2,425	4,8500
0,0130	2,428	4,8550
-0,0065	2,430	4,8600
0,0114	2,433	4,8650
-0,0054	2,435	4,8700
-0,0085	2,438	4,8750
0,0106	2,440	4,8800
-0,0116	2,443	4,8850
0,0039	2,445	4,8900
0,0015	2,448	4,8950
-0,0075	2,450	4,9000
0,0137	2,453	4,9050
0,0053	2,455	4,9100
-0,0044	2,458	4,9150
0,0086	2,460	4,9200
-0,0150	2,463	4,9250
0,0064	2,465	4,9300
0,0080	2,468	4,9350
-0,0104	2,470	4,9400
0,0078	2,473	4,9450
0,0022	2,475	4,9500
-0,0082	2,478	4,9550
0,0093	2,480	4,9600
-0,0189	2,483	4,9650
-0,0021	2,485	4,9700
-0,0020	2,488	4,9750
-0,0054	2,490	4,9800
0,0170	2,493	4,9850
0,0053	2,495	4,9900
-0,0058	2,498	4,9950
0,0197	2,500	5,0000
-0,0058	2,503	5,0050
0,0146	2,505	5,0100
0,0090	2,508	5,0150
-0,0140	2,510	5,0200
0,0059	2,513	5,0250
-0,0030	2,515	5,0300
-0,0005	2,518	5,0350
0,0205	2,520	5,0400
-0,0127	2,523	5,0450
0,0056	2,525	5,0500
0,0053	2,528	5,0550
-0,0068	2,530	5,0600
0,0073	2,533	5,0650
0,0002	2,535	5,0700
-0,0124	2,538	5,0750
0,0102	2,540	5,0800
-0,0079	2,543	5,0850
0,0069	2,545	5,0900
0,0056	2,548	5,0950
-0,0149	2,550	5,1000
0,0089	2,553	5,1050
-0,0101	2,555	5,1100
-0,0116	2,558	5,1150
0,0075	2,560	5,1200
-0,0206	2,563	5,1250
-0,0008	2,565	5,1300
0,0030	2,568	5,1350
-0,0037	2,570	5,1400
0,0140	2,573	5,1450
0,0052	2,575	5,1500
-0,0045	2,578	5,1550
0,0162	2,580	5,1600
-0,0116	2,583	5,1650
0,0109	2,585	5,1700
0,0010	2,588	5,1750
-0,0165	2,590	5,1800
0,0090	2,593	5,1850
0,0015	2,595	5,1900
0,0002	2,598	5,1950
0,0130	2,600	5,2000
-0,0094	2,603	5,2050
0,0108	2,605	5,2100
-0,0019	2,608	5,2150
-0,0133	2,610	5,2200
0,0068	2,613	5,2250
0,0045	2,615	5,2300
-0,0055	2,618	5,2350
0,0101	2,620	5,2400
-0,0142	2,623	5,2450
0,0103	2,625	5,2500
0,0075	2,628	5,2550
-0,0124	2,630	5,2600
0,0066	2,633	5,2650
-0,0004	2,635	5,2700
0,0030	2,638	5,2750
0,0172	2,640	5,2800
-0,0182	2,643	5,2850
-0,0050	2,645	5,2900
-0,0062	2,648	5,2950
-0,0081	2,650	5,3000
0,0153	2,653	5,3050
-0,0033	2,655	5,3100
-0,0137	2,658	5,3150
0,0100	2,660	5,3200
-0,0182	2,663	5,3250
0,0046	2,665	5,3300
0,0051	2,668	5,3350
-0,0058	2,670	5,3400
0,0082	2,673	5,3450
-0,0031	2,675	5,3500
-0,0065	2,678	5,3550
0,0079	2,680	5,3600
-0,0194	2,683	5,3650
0,0016	2,685	5,3700
-0,0056	2,688	5,3750
-0,0178	2,690	5,3800
-0,0016	2,693	5,3850
-0,0061	2,695	5,3900
-0,0102	2,698	5,3950
0,0083	2,700	5,4000
-0,0191	2,703	5,4050
0,0064	2,705	5,4100
0,0004	2,708	5,4150
-0,0164	2,710	5,4200
0,0083	2,713	5,4250
0,0011	2,715	5,4300
-0,0029	2,718	5,4350
0,0103	2,720	5,4400
-0,0240	2,723	5,4450
-0,0018	2,725	5,4500
-0,0038	2,728	5,4550
-0,0070	2,730	5,4600
0,0136	2,733	5,4650
0,0065	2,735	5,4700
-0,0075	2,738	5,4750
0,0079	2,740	5,4800
-0,0162	2,743	5,4850
0,0071	2,745	5,4900
0,0079	2,748	5,4950
-0,0167	2,750	5,5000
0,0042	2,753	5,5050
-0,0046	2,755	5,5100
-0,0046	2,758	5,5150
0,0142	2,760	5,5200
-0,0176	2,763	5,5250
-0,0002	2,765	5,5300
-0,0033	2,768	5,5350
-0,0141	2,770	5,5400
0,0098	2,773	5,5450
0,0041	2,775	5,5500
-0,0128	2,778	5,5550
0,0062	2,780	5,5600
-0,0193	2,783	5,5650
0,0095	2,785	5,5700
0,0084	2,788	5,5750
-0,0113	2,790	5,5800
0,0105	2,793	5,5850
0,0032	2,795	5,5900
0,0000	2,798	5,5950
0,0110	2,800	5,6000
-0,0122	2,803	5,6050
0,0085	2,805	5,6100
-0,0017	2,808	5,6150
-0,0087	2,810	5,6200
0,0225	2,813	5,6250
0,0139	2,815	5,6300
-0,0123	2,818	5,6350
0,0070	2,820	5,6400
-0,0160	2,823	5,6450
0,0067	2,825	5,6500
0,0003	2,828	5,6550
-0,0099	2,830	5,6600
0,0156	2,833	5,6650
0,0027	2,835	5,6700
-0,0022	2,838	5,6750
0,0124	2,840	5,6800
-0,0160	2,843	5,6850
-0,0081	2,845	5,6900
-0,0062	2,848	5,6950
-0,0060	2,850	5,7000
0,0207	2,853	5,7050
0,0039	2,855	5,7100
-0,0118	2,858	5,7150
0,0101	2,860	5,7200
-0,0159	2,863	5,7250
0,0016	2,865	5,7300
-0,0001	2,868	5,7350
-0,0083	2,870	5,7400
0,0116	2,873	5,7450
0,0056	2,875	5,7500
-0,0073	2,878	5,7550
0,0173	2,880	5,7600
-0,0081	2,883	5,7650
0,0099	2,885	5,7700
0,0010	2,888	5,7750
-0,0079	2,890	5,7800
0,0129	2,893	5,7850
0,0046	2,895	5,7900
-0,0089	2,898	5,7950
0,0053	2,900	5,8000
-0,0199	2,903	5,8050
0,0059	2,905	5,8100
0,0054	2,908	5,8150
-0,0147	2,910	5,8200
0,0046	2,913	5,8250
-0,0034	2,915	5,8300
-0,0029	2,918	5,8350
0,0127	2,920	5,8400
-0,0154	2,923	5,8450
0,0014	2,925	5,8500
0,0038	2,928	5,8550
-0,0037	2,930	5,8600
0,0066	2,933	5,8650
0,0028	2,935	5,8700
-0,0115	2,938	5,8750
0,0057	2,940	5,8800
-0,0206	2,943	5,8850
0,0076	2,945	5,8900
0,0086	2,948	5,8950
-0,0105	2,950	5,9000
0,0039	2,953	5,9050
-0,0016	2,955	5,9100
-0,0031	2,958	5,9150
0,0058	2,960	5,9200
-0,0189	2,963	5,9250
0,0054	2,965	5,9300
0,0032	2,968	5,9350
-0,0080	2,970	5,9400
0,0087	2,973	5,9450
0,0016	2,975	5,9500
-0,0157	2,978	5,9550
0,0062	2,980	5,9600
-0,0218	2,983	5,9650
0,0021	2,985	5,9700
-0,0007	2,988	5,9750
-0,0135	2,990	5,9800
-0,0017	2,993	5,9850
-0,0147	2,995	5,9900
-0,0092	2,998	5,9950
0,0092	3,000	6,0000
-0,0160	3,003	6,0050
0,0016	3,005	6,0100
-0,0060	3,008	6,0150
-0,0187	3,010	6,0200
0,0062	3,013	6,0250
0,0017	3,015	6,0300
-0,0087	3,018	6,0350
0,0063	3,020	6,0400
-0,0230	3,023	6,0450
-0,0002	3,025	6,0500
-0,0008	3,028	6,0550
-0,0178	3,030	6,0600
0,0068	3,033	6,0650
-0,0022	3,035	6,0700
-0,0020	3,038	6,0750
0,0152	3,040	6,0800
-0,0108	3,043	6,0850
0,0034	3,045	6,0900
-0,0036	3,048	6,0950
-0,0184	3,050	6,1000
0,0051	3,053	6,1050
-0,0035	3,055	6,1100
-0,0109	3,058	6,1150
0,0113	3,060	6,1200
-0,0106	3,063	6,1250
0,0059	3,065	6,1300
-0,0024	3,068	6,1350
-0,0054	3,070	6,1400
0,0122	3,073	6,1450
0,0027	3,075	6,1500
-0,0130	3,078	6,1550
0,0111	3,080	6,1600
-0,0098	3,083	6,1650
0,0134	3,085	6,1700
0,0063	3,088	6,1750
-0,0091	3,090	6,1800
0,0131	3,093	6,1850
-0,0008	3,095	6,1900
-0,0104	3,098	6,1950
0,0109	3,100	6,2000
-0,0104	3,103	6,2050
0,0109	3,105	6,2100
0,0024	3,108	6,2150
-0,0173	3,110	6,2200
0,0085	3,113	6,2250
0,0045	3,115	6,2300
-0,0042	3,118	6,2350
0,0116	3,120	6,2400
-0,0138	3,123	6,2450
0,0085	3,125	6,2500
0,0032	3,128	6,2550
-0,0122	3,130	6,2600
0,0083	3,133	6,2650
0,0093	3,135	6,2700
-0,0031	3,138	6,2750
0,0059	3,140	6,2800
-0,0126	3,143	6,2850
0,0119	3,145	6,2900
0,0124	3,148	6,2950
-0,0077	3,150	6,3000
0,0080	3,153	6,3050
-0,0081	3,155	6,3100
-0,0069	3,158	6,3150
0,0136	3,160	6,3200
-0,0138	3,163	6,3250
0,0029	3,165	6,3300
0,0013	3,168	6,3350
-0,0091	3,170	6,3400
0,0151	3,173	6,3450
-0,0027	3,175	6,3500
-0,0151	3,178	6,3550
-0,0002	3,180	6,3600
-0,0191	3,183	6,3650
0,0127	3,185	6,3700
0,0077	3,188	6,3750
-0,0137	3,190	6,3800
0,0081	3,193	6,3850
0,0044	3,195	6,3900
0,0040	3,198	6,3950
0,0110	3,200	6,4000
-0,0108	3,203	6,4050
0,0065	3,205	6,4100
0,0019	3,208	6,4150
-0,0104	3,210	6,4200
0,0141	3,213	6,4250
0,0105	3,215	6,4300
-0,0057	3,218	6,4350
0,0080	3,220	6,4400
-0,0217	3,223	6,4450
0,0047	3,225	6,4500
0,0054	3,228	6,4550
-0,0099	3,230	6,4600
0,0034	3,233	6,4650
-0,0000	3,235	6,4700
0,0003	3,238	6,4750
0,0165	3,240	6,4800
-0,0153	3,243	6,4850
-0,0007	3,245	6,4900
-0,0040	3,248	6,4950
-0,0130	3,250	6,5000
0,0041	3,253	6,5050
-0,0052	3,255	6,5100
-0,0102	3,258	6,5150
0,0081	3,260	6,5200
-0,0113	3,263	6,5250
0,0062	3,265	6,5300
0,0004	3,268	6,5350
-0,0156	3,270	6,5400
-0,0024	3,273	6,5450
-0,0071	3,275	6,5500
-0,0133	3,278	6,5550
0,0108	3,280	6,5600
-0,0109	3,283	6,5650
0,0090	3,285	6,5700
-0,0003	3,288	6,5750
-0,0038	3,290	6,5800
0,0193	3,293	6,5850
0,0126	3,295	6,5900
0,0015	3,298	6,5950
0,0100	3,300	6,6000
-0,0104	3,303	6,6050
0,0117	3,305	6,6100
0,0065	3,308	6,6150
-0,0185	3,310	6,6200
0,0033	3,313	6,6250
0,0002	3,315	6,6300
-0,0026	3,318	6,6350
0,0086	3,320	6,6400
-0,0155	3,323	6,6450
0,0082	3,325	6,6500
0,0006	3,328	6,6550
-0,0085	3,330	6,6600
0,0105	3,333	6,6650
-0,0055	3,335	6,6700
-0,0150	3,338	6,6750
0,0043	3,340	6,6800
-0,0106	3,343	6,6850
0,0098	3,345	6,6900
0,0146	3,348	6,6950
-0,0075	3,350	6,7000
0,0118	3,353	6,7050
0,0032	3,355	6,7100
0,0045	3,358	6,7150
0,0153	3,360	6,7200
-0,0118	3,363	6,7250
0,0056	3,365	6,7300
-0,0040	3,368	6,7350
-0,0129	3,370	6,7400
0,0104	3,373	6,7450
0,0074	3,375	6,7500
-0,0059	3,378	6,7550
0,0044	3,380	6,7600
-0,0153	3,383	6,7650
0,0104	3,385	6,7700
0,0047	3,388	6,7750
-0,0151	3,390	6,7800
0,0125	3,393	6,7850
0,0034	3,395	6,7900
-0,0044	3,398	6,7950
0,0097	3,400	6,8000
-0,0089	3,403	6,8050
0,0091	3,405	6,8100
0,0013	3,408	6,8150
-0,0161	3,410	6,8200
0,0098	3,413	6,8250
0,0033	3,415	6,8300
-0,0066	3,418	6,8350
0,0118	3,420	6,8400
-0,0121	3,423	6,8450
0,0070	3,425	6,8500
0,0065	3,428	6,8550
-0,0102	3,430	6,8600
0,0077	3,433	6,8650
0,0005	3,435	6,8700
-0,0080	3,438	6,8750
0,0103	3,440	6,8800
-0,0103	3,443	6,8850
0,0050	3,445	6,8900
0,0054	3,448	6,8950
-0,0013	3,450	6,9000
0,0156	3,453	6,9050
-0,0030	3,455	6,9100
-0,0124	3,458	6,9150
0,0005	3,460	6,9200
-0,0173	3,463	6,9250
0,0075	3,465	6,9300
0,0105	3,468	6,9350
-0,0022	3,470	6,9400
0,0143	3,473	6,9450
0,0051	3,475	6,9500
-0,0113	3,478	6,9550
0,0070	3,480	6,9600
-0,0169	3,483	6,9650
-0,0013	3,485	6,9700
-0,0040	3,488	6,9750
-0,0138	3,490	6,9800
0,0020	3,493	6,9850
-0,0012	3,495	6,9900
-0,0094	3,498	6,9950
0,0056	3,500	7,0000
-0,0211	3,503	7,0050
0,0051	3,505	7,0100
0,0044	3,508	7,0150
-0,0124	3,510	7,0200
0,0088	3,513	7,0250
-0,0005	3,515	7,0300
-0,0028	3,518	7,0350
0,0119	3,520	7,0400
-0,0155	3,523	7,0450
-0,0013	3,525	7,0500
-0,0015	3,528	7,0550
-0,0027	3,530	7,0600
0,0177	3,533	7,0650
0,0046	3,535	7,0700
-0,0048	3,538	7,0750
0,0026	3,540	7,0800
-0,0226	3,543	7,0850
0,0029	3,545	7,0900
-0,0004	3,548	7,0950
-0,0124	3,550	7,1000
0,0110	3,553	7,1050
0,0008	3,555	7,1100
0,0006	3,558	7,1150
0,0166	3,560	7,1200
-0,0098	3,563	7,1250
0,0106	3,565	7,1300
0,0018	3,568	7,1350
-0,0108	3,570	7,1400
0,0154	3,573	7,1450
0,0057	3,575	7,1500
-0,0055	3,578	7,1550
0,0077	3,580	7,1600
-0,0161	3,583	7,1650
0,0070	3,585	7,1700
0,0041	3,588	7,1750
-0,0147	3,590	7,1800
-0,0038	3,593	7,1850
-0,0070	3,595	7,1900
-0,0033	3,598	7,1950
0,0161	3,600	7,2000
-0,0054	3,603	7,2050
0,0081	3,605	7,2100
-0,0005	3,608	7,2150
-0,0153	3,610	7,2200
0,0015	3,613	7,2250
-0,0063	3,615	7,2300
-0,0072	3,618	7,2350
0,0129	3,620	7,2400
-0,0124	3,623	7,2450
0,0138	3,625	7,2500
0,0113	3,628	7,2550
-0,0038	3,630	7,2600
0,0141	3,633	7,2650
-0,0019	3,635	7,2700
-0,0098	3,638	7,2750
0,0161	3,640	7,2800
-0,0083	3,643	7,2850
0,0011	3,645	7,2900
-0,0059	3,648	7,2950
-0,0151	3,650	7,3000
0,0091	3,653	7,3050
0,0037	3,655	7,3100
-0,0062	3,658	7,3150
0,0104	3,660	7,3200
-0,0124	3,663	7,3250
0,0101	3,665	7,3300
0,0079	3,668	7,3350
-0,0048	3,670	7,3400
0,0124	3,673	7,3450
0,0053	3,675	7,3500
-0,0037	3,678	7,3550
0,0175	3,680	7,3600
-0,0083	3,683	7,3650
0,0075	3,685	7,3700
0,0002	3,688	7,3750
-0,0146	3,690	7,3800
0,0089	3,693	7,3850
0,0002	3,695	7,3900
-0,0103	3,698	7,3950
-0,0004	3,700	7,4000
-0,0178	3,703	7,4050
0,0104	3,705	7,4100
0,0080	3,708	7,4150
-0,0177	3,710	7,4200
0,0032	3,713	7,4250
-0,0034	3,715	7,4300
-0,0034	3,718	7,4350
0,0142	3,720	7,4400
-0,0182	3,723	7,4450
0,0024	3,725	7,4500
-0,0002	3,728	7,4550
-0,0111	3,730	7,4600
0,0003	3,733	7,4650
-0,0012	3,735	7,4700
-0,0065	3,738	7,4750
0,0172	3,740	7,4800
-0,0057	3,743	7,4850
0,0154	3,745	7,4900
0,0124	3,748	7,4950
-0,0081	3,750	7,5000
0,0147	3,753	7,5050
-0,0016	3,755	7,5100
-0,0066	3,758	7,5150
0,0141	3,760	7,5200
-0,0100	3,763	7,5250
0,0060	3,765	7,5300
-0,0035	3,768	7,5350
-0,0071	3,770	7,5400
0,0187	3,773	7,5450
0,0094	3,775	7,5500
-0,0015	3,778	7,5550
0,0177	3,780	7,5600
-0,0119	3,783	7,5650
0,0071	3,785	7,5700
0,0034	3,788	7,5750
-0,0124	3,790	7,5800
0,0104	3,793	7,5850
0,0002	3,795	7,5900
0,0012	3,798	7,5950
0,0159	3,800	7,6000
-0,0104	3,803	7,6050
0,0000	3,805	7,6100
-0,0024	3,808	7,6150
-0,0064	3,810	7,6200
0,0161	3,813	7,6250
0,0074	3,815	7,6300
0,0007	3,818	7,6350
0,0089	3,820	7,6400
-0,0177	3,823	7,6450
0,0070	3,825	7,6500
0,0013	3,828	7,6550
-0,0063	3,830	7,6600
0,0121	3,833	7,6650
-0,0001	3,835	7,6700
-0,0030	3,838	7,6750
0,0199	3,840	7,6800
-0,0006	3,843	7,6850
0,0134	3,845	7,6900
0,0071	3,848	7,6950
-0,0022	3,850	7,7000
0,0181	3,853	7,7050
0,0090	3,855	7,7100
0,0037	3,858	7,7150
0,0199	3,860	7,7200
0,0009	3,863	7,7250
0,0241	3,865	7,7300
0,0181	3,868	7,7350
0,0022	3,870	7,7400
0,0160	3,873	7,7450
0,0099	3,875	7,7500
0,0062	3,878	7,7550
0,0287	3,880	7,7600
0,0027	3,883	7,7650
0,0259	3,885	7,7700
0,0212	3,888	7,7750
0,0124	3,890	7,7800
0,0327	3,893	7,7850
0,0177	3,895	7,7900
0,0071	3,898	7,7950
0,0188	3,900	7,8000
-0,0018	3,903	7,8050
0,0269	3,905	7,8100
0,0293	3,908	7,8150
0,0086	3,910	7,8200
0,0320	3,913	7,8250
0,0241	3,915	7,8300
0,0279	3,918	7,8350
0,0485	3,920	7,8400
0,0173	3,923	7,8450
0,0263	3,925	7,8500
0,0203	3,928	7,8550
0,0125	3,930	7,8600
0,0353	3,933	7,8650
0,0307	3,935	7,8700
0,0271	3,938	7,8750
0,0372	3,940	7,8800
0,0153	3,943	7,8850
0,0410	3,945	7,8900
0,0452	3,948	7,8950
0,0252	3,950	7,9000
0,0455	3,953	7,9050
0,0301	3,955	7,9100
0,0273	3,958	7,9150
0,0459	3,960	7,9200
0,0263	3,963	7,9250
0,0401	3,965	7,9300
0,0320	3,968	7,9350
0,0127	3,970	7,9400
0,0341	3,973	7,9450
0,0411	3,975	7,9500
0,0355	3,978	7,9550
0,0473	3,980	7,9600
0,0161	3,983	7,9650
0,0397	3,985	7,9700
0,0484	3,988	7,9750
0,0301	3,990	7,9800
0,0521	3,993	7,9850
0,0418	3,995	7,9900
0,0295	3,998	7,9950
0,0499	4,000	8,0000
0,0275	4,003	8,0050
0,0457	4,005	8,0100
0,0479	4,008	8,0150
0,0367	4,010	8,0200
0,0584	4,013	8,0250
0,0451	4,015	8,0300
0,0340	4,018	8,0350
0,0555	4,020	8,0400
0,0326	4,023	8,0450
0,0583	4,025	8,0500
0,0614	4,028	8,0550
0,0459	4,030	8,0600
0,0647	4,033	8,0650
0,0465	4,035	8,0700
0,0464	4,038	8,0750
0,0628	4,040	8,0800
0,0384	4,043	8,0850
0,0538	4,045	8,0900
0,0511	4,048	8,0950
0,0484	4,050	8,1000
0,0800	4,053	8,1050
0,0656	4,055	8,1100
0,0525	4,058	8,1150
0,0566	4,060	8,1200
0,0328	4,063	8,1250
0,0575	4,065	8,1300
0,0534	4,068	8,1350
0,0456	4,070	8,1400
0,0603	4,073	8,1450
0,0553	4,075	8,1500
0,0485	4,078	8,1550
0,0722	4,080	8,1600
0,0422	4,083	8,1650
0,0683	4,085	8,1700
0,0624	4,088	8,1750
0,0407	4,090	8,1800
0,0602	4,093	8,1850
0,0545	4,095	8,1900
0,0469	4,098	8,1950
0,0620	4,100	8,2000
0,0438	4,103	8,2050
0,0678	4,105	8,2100
0,0654	4,108	8,2150
0,0472	4,110	8,2200
0,0655	4,113	8,2250
0,0551	4,115	8,2300
0,0513	4,118	8,2350
0,0688	4,120	8,2400
0,0418	4,123	8,2450
0,0632	4,125	8,2500
0,0664	4,128	8,2550
0,0461	4,130	8,2600
0,0620	4,133	8,2650
0,0528	4,135	8,2700
0,0436	4,138	8,2750
0,0648	4,140	8,2800
0,0427	4,143	8,2850
0,0594	4,145	8,2900
0,0651	4,148	8,2950
0,0451	4,150	8,3000
0,0743	4,153	8,3050
0,0648	4,155	8,3100
0,0654	4,158	8,3150
0,0840	4,160	8,3200
0,0566	4,163	8,3250
0,0724	4,165	8,3300
0,0695	4,168	8,3350
0,0547	4,170	8,3400
0,0786	4,173	8,3450
0,0648	4,175	8,3500
0,0558	4,178	8,3550
0,0725	4,180	8,3600
0,0459	4,183	8,3650
0,0678	4,185	8,3700
0,0616	4,188	8,3750
0,0423	4,190	8,3800
0,0668	4,193	8,3850
0,0646	4,195	8,3900
0,0638	4,198	8,3950
0,0771	4,200	8,4000
0,0579	4,203	8,4050
0,0726	4,205	8,4100
0,0610	4,208	8,4150
0,0454	4,210	8,4200
0,0743	4,213	8,4250
0,0653	4,215	8,4300
0,0555	4,218	8,4350
0,0620	4,220	8,4400
0,0437	4,223	8,4450
0,0723	4,225	8,4500
0,0657	4,228	8,4550
0,0549	4,230	8,4600
0,0793	4,233	8,4650
0,0688	4,235	8,4700
0,0652	4,238	8,4750
0,0804	4,240	8,4800
0,0556	4,243	8,4850
0,0681	4,245	8,4900
0,0640	4,248	8,4950
0,0532	4,250	8,5000
0,0857	4,253	8,5050
0,0742	4,255	8,5100
0,0637	4,258	8,5150
0,0779	4,260	8,5200
0,0485	4,263	8,5250
0,0751	4,265	8,5300
0,0778	4,268	8,5350
0,0596	4,270	8,5400
0,0751	4,273	8,5450
0,0695	4,275	8,5500
0,0634	4,278	8,5550
0,0943	4,280	8,5600
0,0661	4,283	8,5650
0,0769	4,285	8,5700
0,0675	4,288	8,5750
0,0565	4,290	8,5800
0,0828	4,293	8,5850
0,0729	4,295	8,5900
0,0695	4,298	8,5950
0,0850	4,300	8,6000
0,0641	4,303	8,6050
0,0872	4,305	8,6100
0,0872	4,308	8,6150
0,0663	4,310	8,6200
0,0844	4,313	8,6250
0,0759	4,315	8,6300
0,0772	4,318	8,6350
0,0941	4,320	8,6400
0,0607	4,323	8,6450
0,0857	4,325	8,6500
0,0844	4,328	8,6550
0,0749	4,330	8,6600
0,0923	4,333	8,6650
0,0848	4,335	8,6700
0,0807	4,338	8,6750
0,0976	4,340	8,6800
0,0747	4,343	8,6850
0,1004	4,345	8,6900
0,0978	4,348	8,6950
0,0730	4,350	8,7000
0,0923	4,353	8,7050
0,0929	4,355	8,7100
0,0957	4,358	8,7150
0,1070	4,360	8,7200
0,0814	4,363	8,7250
0,1040	4,365	8,7300
0,0984	4,368	8,7350
0,0861	4,370	8,7400
0,1138	4,373	8,7450
0,1096	4,375	8,7500
0,0934	4,378	8,7550
0,1017	4,380	8,7600
0,0809	4,383	8,7650
0,1164	4,385	8,7700
0,1188	4,388	8,7750
0,0981	4,390	8,7800
0,1139	4,393	8,7850
0,0929	4,395	8,7900
0,0939	4,398	8,7950
0,1164	4,400	8,8000
0,0931	4,403	8,8050
0,1124	4,405	8,8100
0,1062	4,408	8,8150
0,0947	4,410	8,8200
0,1226	4,413	8,8250
0,1179	4,415	8,8300
0,1032	4,418	8,8350
0,1224	4,420	8,8400
0,0952	4,423	8,8450
0,1177	4,425	8,8500
0,1205	4,428	8,8550
0,1134	4,430	8,8600
0,1320	4,433	8,8650
0,1136	4,435	8,8700
0,1127	4,438	8,8750
0,1248	4,440	8,8800
0,1048	4,443	8,8850
0,1279	4,445	8,8900
0,1247	4,448	8,8950
0,1096	4,450	8,9000
0,1390	4,453	8,9050
0,1333	4,455	8,9100
0,1236	4,458	8,9150
0,1357	4,460	8,9200
0,1129	4,463	8,9250
0,1389	4,465	8,9300
0,1398	4,468	8,9350
0,1291	4,470	8,9400
0,1443	4,473	8,9450
0,1331	4,475	8,9500
0,1215	4,478	8,9550
0,1445	4,480	8,9600
0,1223	4,483	8,9650
0,1497	4,485	8,9700
0,1453	4,488	8,9750
0,1265	4,490	8,9800
0,1535	4,493	8,9850
0,1453	4,495	8,9900
0,1347	4,498	8,9950
0,1551	4,500	9,0000
0,1345	4,503	9,0050
0,1643	4,505	9,0100
0,1664	4,508	9,0150
0,1463	4,510	9,0200
0,1626	4,513	9,0250
0,1525	4,515	9,0300
0,1527	4,518	9,0350
0,1704	4,520	9,0400
0,1425	4,523	9,0450
0,1659	4,525	9,0500
0,1612	4,528	9,0550
0,1394	4,530	9,0600
0,1659	4,533	9,0650
0,1580	4,535	9,0700
0,1486	4,538	9,0750
0,1699	4,540	9,0800
0,1517	4,543	9,0850
0,1728	4,545	9,0900
0,1752	4,548	9,0950
0,1561	4,550	9,1000
0,1758	4,553	9,1050
0,1678	4,555	9,1100
0,1756	4,558	9,1150
0,1894	4,560	9,1200
0,1665	4,563	9,1250
0,1841	4,565	9,1300
0,1872	4,568	9,1350
0,1704	4,570	9,1400
0,1946	4,573	9,1450
0,1983	4,575	9,1500
0,1837	4,578	9,1550
0,2003	4,580	9,1600
0,1760	4,583	9,1650
0,2079	4,585	9,1700
0,2103	4,588	9,1750
0,1996	4,590	9,1800
0,2129	4,593	9,1850
0,1968	4,595	9,1900
0,1919	4,598	9,1950
0,2164	4,600	9,2000
0,1929	4,603	9,2050
0,2078	4,605	9,2100
0,2071	4,608	9,2150
0,1947	4,610	9,2200
0,2217	4,613	9,2250
0,2144	4,615	9,2300
0,2012	4,618	9,2350
0,2296	4,620	9,2400
0,2160	4,623	9,2450
0,2448	4,625	9,2500
0,2310	4,628	9,2550
0,2177	4,630	9,2600
0,2415	4,633	9,2650
0,2421	4,635	9,2700
0,2376	4,638	9,2750
0,2576	4,640	9,2800
0,2211	4,643	9,2850
0,2364	4,645	9,2900
0,2430	4,648	9,2950
0,2330	4,650	9,3000
0,2620	4,653	9,3050
0,2529	4,655	9,3100
0,2482	4,658	9,3150
0,2707	4,660	9,3200
0,2437	4,663	9,3250
0,2695	4,665	9,3300
0,2760	4,668	9,3350
0,2595	4,670	9,3400
0,2702	4,673	9,3450
0,2582	4,675	9,3500
0,2622	4,678	9,3550
0,2909	4,680	9,3600
0,2640	4,683	9,3650
0,2825	4,685	9,3700
0,2836	4,688	9,3750
0,2716	4,690	9,3800
0,2959	4,693	9,3850
0,2900	4,695	9,3900
0,2847	4,698	9,3950
0,3050	4,700	9,4000
0,2836	4,703	9,4050
0,3131	4,705	9,4100
0,3191	4,708	9,4150
0,2997	4,710	9,4200
0,3183	4,713	9,4250
0,3156	4,715	9,4300
0,3110	4,718	9,4350
0,3322	4,720	9,4400
0,3102	4,723	9,4450
0,3323	4,725	9,4500
0,3285	4,728	9,4550
0,3203	4,730	9,4600
0,3490	4,733	9,4650
0,3459	4,735	9,4700
0,3336	4,738	9,4750
0,3482	4,740	9,4800
0,3237	4,743	9,4850
0,3564	4,745	9,4900
0,3633	4,748	9,4950
0,3382	4,750	9,5000
0,3578	4,753	9,5050
0,3514	4,755	9,5100
0,3591	4,758	9,5150
0,3853	4,760	9,5200
0,3585	4,763	9,5250
0,3750	4,765	9,5300
0,3710	4,768	9,5350
0,3645	4,770	9,5400
0,3965	4,773	9,5450
0,3859	4,775	9,5500
0,3747	4,778	9,5550
0,4017	4,780	9,5600
0,3781	4,783	9,5650
0,4053	4,785	9,5700
0,4050	4,788	9,5750
0,3859	4,790	9,5800
0,4190	4,793	9,5850
0,4204	4,795	9,5900
0,4137	4,798	9,5950
0,4330	4,800	9,6000
0,4091	4,803	9,6050
0,4305	4,805	9,6100
0,4298	4,808	9,6150
0,4147	4,810	9,6200
0,4454	4,813	9,6250
0,4438	4,815	9,6300
0,4367	4,818	9,6350
0,4595	4,820	9,6400
0,4362	4,823	9,6450
0,4614	4,825	9,6500
0,4628	4,828	9,6550
0,4516	4,830	9,6600
0,4841	4,833	9,6650
0,4851	4,835	9,6700
0,4840	4,838	9,6750
0,5013	4,840	9,6800
0,4806	4,843	9,6850
0,4965	4,845	9,6900
0,4880	4,848	9,6950
0,4769	4,850	9,7000
0,5042	4,853	9,7050
0,5050	4,855	9,7100
0,4963	4,858	9,7150
0,5174	4,860	9,7200
0,5054	4,863	9,7250
0,5364	4,865	9,7300
0,5371	4,868	9,7350
0,5283	4,870	9,7400
0,5423	4,873	9,7450
0,5410	4,875	9,7500
0,5423	4,878	9,7550
0,5738	4,880	9,7600
0,5472	4,883	9,7650
0,5694	4,885	9,7700
0,5677	4,888	9,7750
0,5591	4,890	9,7800
0,5873	4,893	9,7850
0,5879	4,895	9,7900
0,5919	4,898	9,7950
0,6103	4,900	9,8000
0,5873	4,903	9,8050
0,6210	4,905	9,8100
0,6379	4,908	9,8150
0,6173	4,910	9,8200
0,6390	4,913	9,8250
0,6340	4,915	9,8300
0,6319	4,918	9,8350
0,6600	4,920	9,8400
0,6382	4,923	9,8450
0,6677	4,925	9,8500
0,6765	4,928	9,8550
0,6736	4,930	9,8600
0,7060	4,933	9,8650
0,7037	4,935	9,8700
0,6975	4,938	9,8750
0,7110	4,940	9,8800
0,6995	4,943	9,8850
0,7323	4,945	9,8900
0,7445	4,948	9,8950
0,7278	4,950	9,9000
0,7560	4,953	9,9050
0,7476	4,955	9,9100
0,7517	4,958	9,9150
0,7747	4,960	9,9200
0,7619	4,963	9,9250
0,7942	4,965	9,9300
0,7960	4,968	9,9350
0,8011	4,970	9,9400
0,8369	4,973	9,9450
0,8351	4,975	9,9500
0,8262	4,978	9,9550
0,8491	4,980	9,9600
0,8322	4,983	9,9650
0,8587	4,985	9,9700
0,8638	4,988	9,9750
0,8575	4,990	9,9800
0,8865	4,993	9,9850
0,8875	4,995	9,9900
0,8960	4,998	9,9950
0,9276	5,000	10,0000
0,9106	5,003	10,0050
0,9364	5,005	10,0100
0,9391	5,008	10,0150
0,9329	5,010	10,0200
0,9648	5,013	10,0250
0,9660	5,015	10,0300
0,9648	5,018	10,0350
1,0011	5,020	10,0400
0,9872	5,023	10,0450
1,0196	5,025	10,0500
1,0264	5,028	10,0550
1,0162	5,030	10,0600
1,0438	5,033	10,0650
1,0439	5,035	10,0700
1,0507	5,038	10,0750
1,0878	5,040	10,0800
1,0720	5,043	10,0850
1,0977	5,045	10,0900
1,1046	5,048	10,0950
1,1049	5,050	10,1000
1,1414	5,053	10,1050
1,1345	5,055	10,1100
1,1371	5,058	10,1150
1,1602	5,060	10,1200
1,1459	5,063	10,1250
1,1844	5,065	10,1300
1,1907	5,068	10,1350
1,1825	5,070	10,1400
1,2143	5,073	10,1450
1,2220	5,075	10,1500
1,2356	5,078	10,1550
1,2711	5,080	10,1600
1,2528	5,083	10,1650
1,2854	5,085	10,1700
1,2813	5,088	10,1750
1,2836	5,090	10,1800
1,3153	5,093	10,1850
1,3242	5,095	10,1900
1,3321	5,098	10,1950
1,3555	5,100	10,2000
1,3477	5,103	10,2050
1,3883	5,105	10,2100
1,3985	5,108	10,2150
1,3888	5,110	10,2200
1,4259	5,113	10,2250
1,4332	5,115	10,2300
1,4470	5,118	10,2350
1,4742	5,120	10,2400
1,4594	5,123	10,2450
1,4943	5,125	10,2500
1,5068	5,128	10,2550
1,5092	5,130	10,2600
1,5475	5,133	10,2650
1,5563	5,135	10,2700
1,5616	5,138	10,2750
1,5929	5,140	10,2800
1,5890	5,143	10,2850
1,6250	5,145	10,2900
1,6414	5,148	10,2950
1,6365	5,150	10,3000
1,6890	5,153	10,3050
1,6968	5,155	10,3100
1,7030	5,158	10,3150
1,7298	5,160	10,3200
1,7284	5,163	10,3250
1,7684	5,165	10,3300
1,7790	5,168	10,3350
1,7803	5,170	10,3400
1,8207	5,173	10,3450
1,8367	5,175	10,3500
1,8390	5,178	10,3550
1,8720	5,180	10,3600
1,8661	5,183	10,3650
1,9108	5,185	10,3700
1,9275	5,188	10,3750
1,9281	5,190	10,3800
1,9635	5,193	10,3850
1,9771	5,195	10,3900
1,9962	5,198	10,3950
2,0328	5,200	10,4000
2,0287	5,203	10,4050
2,0645	5,205	10,4100
2,0809	5,208	10,4150
2,0914	5,210	10,4200
2,1333	5,213	10,4250
2,1501	5,215	10,4300
2,1617	5,218	10,4350
2,1969	5,220	10,4400
2,1954	5,223	10,4450
2,2372	5,225	10,4500
2,2470	5,228	10,4550
2,2533	5,230	10,4600
2,2965	5,233	10,4650
2,3069	5,235	10,4700
2,3282	5,238	10,4750
2,3697	5,240	10,4800
2,3641	5,243	10,4850
2,4042	5,245	10,4900
2,4227	5,248	10,4950
2,4339	5,250	10,5000
2,4801	5,253	10,5050
2,4947	5,255	10,5100
2,5001	5,258	10,5150
2,5356	5,260	10,5200
2,5448	5,263	10,5250
2,5911	5,265	10,5300
2,6077	5,268	10,5350
2,6214	5,270	10,5400
2,6547	5,273	10,5450
2,6711	5,275	10,5500
2,6914	5,278	10,5550
2,7343	5,280	10,5600
2,7335	5,283	10,5650
2,7751	5,285	10,5700
2,7882	5,288	10,5750
2,8003	5,290	10,5800
2,8468	5,293	10,5850
2,8599	5,295	10,5900
2,8724	5,298	10,5950
2,9188	5,300	10,6000
2,9257	5,303	10,6050
2,9678	5,305	10,6100
2,9847	5,308	10,6150
2,9918	5,310	10,6200
3,0382	5,313	10,6250
3,0538	5,315	10,6300
3,0786	5,318	10,6350
3,1238	5,320	10,6400
3,1243	5,323	10,6450
3,1714	5,325	10,6500
3,1902	5,328	10,6550
3,2083	5,330	10,6600
3,2542	5,333	10,6650
3,2736	5,335	10,6700
3,2904	5,338	10,6750
3,3300	5,340	10,6800
3,3309	5,343	10,6850
3,3814	5,345	10,6900
3,4081	5,348	10,6950
3,4092	5,350	10,7000
3,4525	5,353	10,7050
3,4738	5,355	10,7100
3,5007	5,358	10,7150
3,5458	5,360	10,7200
3,5542	5,363	10,7250
3,6052	5,365	10,7300
3,6225	5,368	10,7350
3,6344	5,370	10,7400
3,6797	5,373	10,7450
3,7021	5,375	10,7500
3,7190	5,378	10,7550
3,7678	5,380	10,7600
3,7737	5,383	10,7650
3,8320	5,385	10,7700
3,8535	5,388	10,7750
3,8639	5,390	10,7800
3,9151	5,393	10,7850
3,9396	5,395	10,7900
3,9625	5,398	10,7950
4,0035	5,400	10,8000
4,0117	5,403	10,8050
4,0588	5,405	10,8100
4,0826	5,408	10,8150
4,0930	5,410	10,8200
4,1411	5,413	10,8250
4,1637	5,415	10,8300
4,1804	5,418	10,8350
4,2306	5,420	10,8400
4,2415	5,423	10,8450
4,2999	5,425	10,8500
4,3175	5,428	10,8550
4,3340	5,430	10,8600
4,3880	5,433	10,8650
4,4180	5,435	10,8700
4,4427	5,438	10,8750
4,4896	5,440	10,8800
4,4942	5,443	10,8850
4,5428	5,445	10,8900
4,5736	5,448	10,8950
4,5995	5,450	10,9000
4,6539	5,453	10,9050
4,6755	5,455	10,9100
4,7068	5,458	10,9150
4,7569	5,460	10,9200
4,7682	5,463	10,9250
4,8266	5,465	10,9300
4,8534	5,468	10,9350
4,8745	5,470	10,9400
4,9220	5,473	10,9450
4,9548	5,475	10,9500
4,9825	5,478	10,9550
5,0350	5,480	10,9600
5,0422	5,483	10,9650
5,1056	5,485	10,9700
5,1378	5,488	10,9750
5,1629	5,490	10,9800
5,2187	5,493	10,9850
5,2459	5,495	10,9900
5,2770	5,498	10,9950
5,3359	5,500	11,0000
5,3463	5,503	11,0050
5,4013	5,505	11,0100
5,4315	5,508	11,0150
5,4505	5,510	11,0200
5,5145	5,513	11,0250
5,5514	5,515	11,0300
5,5876	5,518	11,0350
5,6428	5,520	11,0400
5,6560	5,523	11,0450
5,7124	5,525	11,0500
5,7467	5,528	11,0550
5,7790	5,530	11,0600
5,8408	5,533	11,0650
5,8689	5,535	11,0700
5,8946	5,538	11,0750
5,9455	5,540	11,0800
5,9675	5,543	11,0850
6,0329	5,545	11,0900
6,0737	5,548	11,0950
6,0916	5,550	11,1000
6,1523	5,553	11,1050
6,1861	5,555	11,1100
6,2319	5,558	11,1150
6,2877	5,560	11,1200
6,3096	5,563	11,1250
6,3724	5,565	11,1300
6,4058	5,568	11,1350
6,4350	5,570	11,1400
6,4967	5,573	11,1450
6,5362	5,575	11,1500
6,5670	5,578	11,1550
6,6229	5,580	11,1600
6,6443	5,583	11,1650
6,7151	5,585	11,1700
6,7551	5,588	11,1750
6,7817	5,590	11,1800
6,8403	5,593	11,1850
6,8770	5,595	11,1900
6,9249	5,598	11,1950
6,9877	5,600	11,2000
7,0059	5,603	11,2050
7,0648	5,605	11,2100
7,1081	5,608	11,2150
7,1285	5,610	11,2200
7,1879	5,613	11,2250
7,2301	5,615	11,2300
7,2742	5,618	11,2350
7,3385	5,620	11,2400
7,3546	5,623	11,2450
7,4207	5,625	11,2500
7,4590	5,628	11,2550
7,4902	5,630	11,2600
7,5489	5,633	11,2650
7,5880	5,635	11,2700
7,6316	5,638	11,2750
7,6963	5,640	11,2800
7,7159	5,643	11,2850
7,7700	5,645	11,2900
7,8192	5,648	11,2950
7,8541	5,650	11,3000
7,9172	5,653	11,3050
7,9587	5,655	11,3100
7,9925	5,658	11,3150
8,0460	5,660	11,3200
8,0681	5,663	11,3250
8,1392	5,665	11,3300
8,1879	5,668	11,3350
8,2224	5,670	11,3400
8,2759	5,673	11,3450
8,3249	5,675	11,3500
8,3716	5,678	11,3550
8,4373	5,680	11,3600
8,4506	5,683	11,3650
8,5096	5,685	11,3700
8,5535	5,688	11,3750
8,5978	5,690	11,3800
8,6614	5,693	11,3850
8,6957	5,695	11,3900
8,7382	5,698	11,3950
8,8051	5,700	11,4000
8,8290	5,703	11,4050
8,8979	5,705	11,4100
8,9458	5,708	11,4150
8,9739	5,710	11,4200
9,0289	5,713	11,4250
9,0686	5,715	11,4300
9,1245	5,718	11,4350
9,1954	5,720	11,4400
9,2119	5,723	11,4450
9,2727	5,725	11,4500
9,3180	5,728	11,4550
9,3570	5,730	11,4600
9,4192	5,733	11,4650
9,4603	5,735	11,4700
9,4960	5,738	11,4750
9,5580	5,740	11,4800
9,5853	5,743	11,4850
9,6539	5,745	11,4900
9,7042	5,748	11,4950
9,7348	5,750	11,5000
9,8017	5,753	11,5050
9,8356	5,755	11,5100
9,8780	5,758	11,5150
9,9452	5,760	11,5200
9,9770	5,763	11,5250
10,0476	5,765	11,5300
10,0889	5,768	11,5350
10,1187	5,770	11,5400
10,1820	5,773	11,5450
10,2320	5,775	11,5500
10,2688	5,778	11,5550
10,3316	5,780	11,5600
10,3491	5,783	11,5650
10,4123	5,785	11,5700
10,4565	5,788	11,5750
10,4931	5,790	11,5800
10,5574	5,793	11,5850
10,6020	5,795	11,5900
10,6466	5,798	11,5950
10,7139	5,800	11,6000
10,7463	5,803	11,6050
10,8083	5,805	11,6100
10,8470	5,808	11,6150
10,8811	5,810	11,6200
10,9500	5,813	11,6250
10,9940	5,815	11,6300
11,0366	5,818	11,6350
11,1074	5,820	11,6400
11,1350	5,823	11,6450
11,1995	5,825	11,6500
11,2418	5,828	11,6550
11,2821	5,830	11,6600
11,3439	5,833	11,6650
11,3872	5,835	11,6700
11,4329	5,838	11,6750
11,4982	5,840	11,6800
11,5339	5,843	11,6850
11,5927	5,845	11,6900
11,6406	5,848	11,6950
11,6787	5,850	11,7000
11,7434	5,853	11,7050
11,7828	5,855	11,7100
11,8289	5,858	11,7150
11,8913	5,860	11,7200
11,9230	5,863	11,7250
11,9910	5,865	11,7300
12,0303	5,868	11,7350
12,0671	5,870	11,7400
12,1267	5,873	11,7450
12,1658	5,875	11,7500
12,2158	5,878	11,7550
12,2920	5,880	11,7600
12,3093	5,883	11,7650
12,3717	5,885	11,7700
12,4182	5,888	11,7750
12,4580	5,890	11,7800
12,5253	5,893	11,7850
12,5634	5,895	11,7900
12,6018	5,898	11,7950
12,6654	5,900	11,8000
12,6961	5,903	11,8050
12,7680	5,905	11,8100
12,8166	5,908	11,8150
12,8467	5,910	11,8200
12,9052	5,913	11,8250
12,9481	5,915	11,8300
12,9986	5,918	11,8350
13,0734	5,920	11,8400
13,0910	5,923	11,8450
13,1563	5,925	11,8500
13,2021	5,928	11,8550
13,2443	5,930	11,8600
13,3106	5,933	11,8650
13,3543	5,935	11,8700
13,3955	5,938	11,8750
13,4600	5,940	11,8800
13,4932	5,943	11,8850
13,5573	5,945	11,8900
13,6065	5,948	11,8950
13,6319	5,950	11,9000
13,6971	5,953	11,9050
13,7453	5,955	11,9100
13,7997	5,958	11,9150
13,8736	5,960	11,9200
13,9043	5,963	11,9250
13,9684	5,965	11,9300
14,0066	5,968	11,9350
14,0407	5,970	11,9400
14,1057	5,973	11,9450
14,1525	5,975	11,9500
14,1893	5,978	11,9550
14,2561	5,980	11,9600
14,2812	5,983	11,9650
14,3465	5,985	11,9700
14,3946	5,988	11,9750
14,4297	5,990	11,9800
14,4989	5,993	11,9850
14,5437	5,995	11,9900
14,5959	5,998	11,9950
14,6659	6,000	12,0000
14,6983	6,003	12,0050
14,7611	6,005	12,0100
14,8093	6,008	12,0150
14,8398	6,010	12,0200
14,8969	6,013	12,0250
14,9458	6,015	12,0300
14,9957	6,018	12,0350
15,0621	6,020	12,0400
15,0867	6,023	12,0450
15,1594	6,025	12,0500
15,2029	6,028	12,0550
15,2384	6,030	12,0600
15,3041	6,033	12,0650
15,3484	6,035	12,0700
15,3949	6,038	12,0750
15,4620	6,040	12,0800
15,4919	6,043	12,0850
15,5634	6,045	12,0900
15,6075	6,048	12,0950
15,6481	6,050	12,1000
15,7152	6,053	12,1050
15,7518	6,055	12,1100
15,8005	6,058	12,1150
15,8718	6,060	12,1200
15,9053	6,063	12,1250
15,9754	6,065	12,1300
16,0270	6,068	12,1350
16,0758	6,070	12,1400
16,1418	6,073	12,1450
16,1807	6,075	12,1500
16,2211	6,078	12,1550
16,2965	6,080	12,1600
16,3231	6,083	12,1650
16,3897	6,085	12,1700
16,4394	6,088	12,1750
16,4815	6,090	12,1800
16,5430	6,093	12,1850
16,5871	6,095	12,1900
16,6287	6,098	12,1950
16,6910	6,100	12,2000
16,7210	6,103	12,2050
16,7905	6,105	12,2100
16,8416	6,108	12,2150
16,8714	6,110	12,2200
16,9408	6,113	12,2250
16,9818	6,115	12,2300
17,0271	6,118	12,2350
17,0943	6,120	12,2400
17,1252	6,123	12,2450
17,1946	6,125	12,2500
17,2388	6,128	12,2550
17,2770	6,130	12,2600
17,3403	6,133	12,2650
17,3882	6,135	12,2700
17,4300	6,138	12,2750
17,4979	6,140	12,2800
17,5315	6,143	12,2850
17,6030	6,145	12,2900
17,6573	6,148	12,2950
17,6867	6,150	12,3000
17,7566	6,153	12,3050
17,7923	6,155	12,3100
17,8287	6,158	12,3150
17,8923	6,160	12,3200
17,9284	6,163	12,3250
17,9910	6,165	12,3300
18,0357	6,168	12,3350
18,0743	6,170	12,3400
18,1394	6,173	12,3450
18,1858	6,175	12,3500
18,2359	6,178	12,3550
18,3036	6,180	12,3600
18,3266	6,183	12,3650
18,3971	6,185	12,3700
18,4516	6,188	12,3750
18,4886	6,190	12,3800
18,5546	6,193	12,3850
18,5976	6,195	12,3900
18,6436	6,198	12,3950
18,7026	6,200	12,4000
18,7363	6,203	12,4050
18,8074	6,205	12,4100
18,8640	6,208	12,4150
18,9003	6,210	12,4200
18,9689	6,213	12,4250
19,0137	6,215	12,4300
19,0515	6,218	12,4350
19,1173	6,220	12,4400
19,1506	6,223	12,4450
19,2175	6,225	12,4500
19,2511	6,228	12,4550
19,2896	6,230	12,4600
19,3654	6,233	12,4650
19,4085	6,235	12,4700
19,4576	6,238	12,4750
19,5338	6,240	12,4800
19,5663	6,243	12,4850
19,6280	6,245	12,4900
19,6777	6,248	12,4950
19,7186	6,250	12,5000
19,7854	6,253	12,5050
19,8313	6,255	12,5100
19,8744	6,258	12,5150
19,9396	6,260	12,5200
19,9638	6,263	12,5250
20,0323	6,265	12,5300
20,0869	6,268	12,5350
20,1272	6,270	12,5400
20,1936	6,273	12,5450
20,2386	6,275	12,5500
20,2773	6,278	12,5550
20,3383	6,280	12,5600
20,3676	6,283	12,5650
20,4366	6,285	12,5700
20,4876	6,288	12,5750
20,5257	6,290	12,5800
20,5899	6,293	12,5850
20,6314	6,295	12,5900
20,6743	6,298	12,5950
20,7398	6,300	12,6000
20,7728	6,303	12,6050
20,8393	6,305	12,6100
20,8795	6,308	12,6150
20,9132	6,310	12,6200
20,9869	6,313	12,6250
21,0393	6,315	12,6300
21,0902	6,318	12,6350
21,1558	6,320	12,6400
21,1860	6,323	12,6450
21,2582	6,325	12,6500
21,3096	6,328	12,6550
21,3456	6,330	12,6600
21,4070	6,333	12,6650
21,4561	6,335	12,6700
21,5001	6,338	12,6750
21,5707	6,340	12,6800
21,6090	6,343	12,6850
21,6772	6,345	12,6900
21,7250	6,348	12,6950
21,7610	6,350	12,7000
21,8251	6,353	12,7050
21,8695	6,355	12,7100
21,9179	6,358	12,7150
21,9896	6,360	12,7200
22,0279	6,363	12,7250
22,0939	6,365	12,7300
22,1409	6,368	12,7350
22,1787	6,370	12,7400
22,2400	6,373	12,7450
22,2841	6,375	12,7500
22,3313	6,378	12,7550
22,4031	6,380	12,7600
22,4370	6,383	12,7650
22,5156	6,385	12,7700
22,5634	6,388	12,7750
22,5937	6,390	12,7800
22,6570	6,393	12,7850
22,7141	6,395	12,7900
22,7604	6,398	12,7950
22,8214	6,400	12,8000
22,8526	6,403	12,8050
22,9203	6,405	12,8100
22,9657	6,408	12,8150
22,9970	6,410	12,8200
23,0649	6,413	12,8250
23,1132	6,415	12,8300
23,1554	6,418	12,8350
23,2222	6,420	12,8400
23,2489	6,423	12,8450
23,3165	6,425	12,8500
23,3670	6,428	12,8550
23,4122	6,430	12,8600
23,4797	6,433	12,8650
23,5258	6,435	12,8700
23,5765	6,438	12,8750
23,6456	6,440	12,8800
23,6791	6,443	12,8850
23,7390	6,445	12,8900
23,7869	6,448	12,8950
23,8328	6,450	12,9000
23,9029	6,453	12,9050
23,9485	6,455	12,9100
23,9859	6,458	12,9150
24,0543	6,460	12,9200
24,0933	6,463	12,9250
24,1624	6,465	12,9300
24,2051	6,468	12,9350
24,2416	6,470	12,9400
24,3068	6,473	12,9450
24,3564	6,475	12,9500
24,4048	6,478	12,9550
24,4719	6,480	12,9600
24,5023	6,483	12,9650
24,5716	6,485	12,9700
24,6173	6,488	12,9750
24,6610	6,490	12,9800
24,7336	6,493	12,9850
24,7809	6,495	12,9900
24,8224	6,498	12,9950
24,8947	6,500	13,0000
24,9315	6,503	13,0050
25,0005	6,505	13,0100
25,0514	6,508	13,0150
25,0852	6,510	13,0200
25,1490	6,513	13,0250
25,1973	6,515	13,0300
25,2507	6,518	13,0350
25,3178	6,520	13,0400
25,3426	6,523	13,0450
25,4122	6,525	13,0500
25,4646	6,528	13,0550
25,4988	6,530	13,0600
25,5575	6,533	13,0650
25,6028	6,535	13,0700
25,6468	6,538	13,0750
25,7175	6,540	13,0800
25,7574	6,543	13,0850
25,8258	6,545	13,0900
25,8795	6,548	13,0950
25,9143	6,550	13,1000
25,9926	6,553	13,1050
26,0335	6,555	13,1100
26,0804	6,558	13,1150
26,1381	6,560	13,1200
26,1733	6,563	13,1250
26,2388	6,565	13,1300
26,2987	6,568	13,1350
26,3399	6,570	13,1400
26,4065	6,573	13,1450
26,4518	6,575	13,1500
26,5015	6,578	13,1550
26,5728	6,580	13,1600
26,6034	6,583	13,1650
26,6739	6,585	13,1700
26,7310	6,588	13,1750
26,7663	6,590	13,1800
26,8346	6,593	13,1850
26,8774	6,595	13,1900
26,9277	6,598	13,1950
26,9907	6,600	13,2000
27,0223	6,603	13,2050
27,0921	6,605	13,2100
27,1415	6,608	13,2150
27,1773	6,610	13,2200
27,2470	6,613	13,2250
27,2983	6,615	13,2300
27,3446	6,618	13,2350
27,4174	6,620	13,2400
27,4493	6,623	13,2450
27,5187	6,625	13,2500
27,5606	6,628	13,2550
27,5943	6,630	13,2600
27,6631	6,633	13,2650
27,7134	6,635	13,2700
27,7646	6,638	13,2750
27,8314	6,640	13,2800
27,8647	6,643	13,2850
27,9272	6,645	13,2900
27,9793	6,648	13,2950
28,0151	6,650	13,3000
28,0891	6,653	13,3050
28,1392	6,655	13,3100
28,1789	6,658	13,3150
28,2473	6,660	13,3200
28,2836	6,663	13,3250
28,3520	6,665	13,3300
28,4016	6,668	13,3350
28,4428	6,670	13,3400
28,5080	6,673	13,3450
28,5562	6,675	13,3500
28,6118	6,678	13,3550
28,6891	6,680	13,3600
28,7186	6,683	13,3650
28,7873	6,685	13,3700
28,8392	6,688	13,3750
28,8892	6,690	13,3800
28,9557	6,693	13,3850
28,9980	6,695	13,3900
29,0482	6,698	13,3950
29,1226	6,700	13,4000
29,1584	6,703	13,4050
29,2258	6,705	13,4100
29,2779	6,708	13,4150
29,3169	6,710	13,4200
29,3778	6,713	13,4250
29,4204	6,715	13,4300
29,4720	6,718	13,4350
29,5442	6,720	13,4400
29,5792	6,723	13,4450
29,6546	6,725	13,4500
29,7055	6,728	13,4550
29,7489	6,730	13,4600
29,8136	6,733	13,4650
29,8577	6,735	13,4700
29,9014	6,738	13,4750
29,9669	6,740	13,4800
30,0064	6,743	13,4850
30,0824	6,745	13,4900
30,1359	6,748	13,4950
30,1677	6,750	13,5000
30,2378	6,753	13,5050
30,2824	6,755	13,5100
30,3315	6,758	13,5150
30,3959	6,760	13,5200
30,4276	6,763	13,5250
30,4979	6,765	13,5300
30,5468	6,768	13,5350
30,5855	6,770	13,5400
30,6530	6,773	13,5450
30,7032	6,775	13,5500
30,7570	6,778	13,5550
30,8325	6,780	13,5600
30,8615	6,783	13,5650
30,9282	6,785	13,5700
30,9779	6,788	13,5750
31,0125	6,790	13,5800
31,0882	6,793	13,5850
31,1379	6,795	13,5900
31,1903	6,798	13,5950
31,2569	6,800	13,6000
31,2957	6,803	13,6050
31,3616	6,805	13,6100
31,4161	6,808	13,6150
31,4603	6,810	13,6200
31,5303	6,813	13,6250
31,5758	6,815	13,6300
31,6234	6,818	13,6350
31,6907	6,820	13,6400
31,7220	6,823	13,6450
31,7930	6,825	13,6500
31,8384	6,828	13,6550
31,8805	6,830	13,6600
31,9472	6,833	13,6650
31,9925	6,835	13,6700
32,0389	6,838	13,6750
32,1095	6,840	13,6800
32,1574	6,843	13,6850
32,2248	6,845	13,6900
32,2701	6,848	13,6950
32,3068	6,850	13,7000
32,3737	6,853	13,7050
32,4276	6,855	13,7100
32,4743	6,858	13,7150
32,5325	6,860	13,7200
32,5668	6,863	13,7250
32,6391	6,865	13,7300
32,6978	6,868	13,7350
32,7413	6,870	13,7400
32,8020	6,873	13,7450
32,8487	6,875	13,7500
32,8965	6,878	13,7550
32,9699	6,880	13,7600
33,0127	6,883	13,7650
33,0789	6,885	13,7700
33,1251	6,888	13,7750
33,1710	6,890	13,7800
33,2374	6,893	13,7850
33,2830	6,895	13,7900
33,3283	6,898	13,7950
33,3914	6,900	13,8000
33,4192	6,903	13,8050
33,4885	6,905	13,8100
33,5469	6,908	13,8150
33,5930	6,910	13,8200
33,6644	6,913	13,8250
33,7093	6,915	13,8300
33,7646	6,918	13,8350
33,8270	6,920	13,8400
33,8641	6,923	13,8450
33,9384	6,925	13,8500
33,9921	6,928	13,8550
34,0299	6,930	13,8600
34,1009	6,933	13,8650
34,1508	6,935	13,8700
34,1997	6,938	13,8750
34,2673	6,940	13,8800
34,3045	6,943	13,8850
34,3779	6,945	13,8900
34,4338	6,948	13,8950
34,4679	6,950	13,9000
34,5378	6,953	13,9050
34,5913	6,955	13,9100
34,6446	6,958	13,9150
34,7107	6,960	13,9200
34,7406	6,963	13,9250
34,8142	6,965	13,9300
34,8714	6,968	13,9350
34,9081	6,970	13,9400
34,9679	6,973	13,9450
35,0177	6,975	13,9500
35,0673	6,978	13,9550
35,1389	6,980	13,9600
35,1788	6,983	13,9650
35,2535	6,985	13,9700
35,2928	6,988	13,9750
35,3366	6,990	13,9800
35,4057	6,993	13,9850
35,4584	6,995	13,9900
35,5083	6,998	13,9950
35,5788	7,000	14,0000
35,6127	7,003	14,0050
35,6773	7,005	14,0100
35,7328	7,008	14,0150
35,7730	7,010	14,0200
35,8480	7,013	14,0250
35,9011	7,015	14,0300
35,9440	7,018	14,0350
36,0000	7,020	14,0400
36,0342	7,023	14,0450
36,1074	7,025	14,0500
36,1596	7,028	14,0550
36,1994	7,030	14,0600
36,2666	7,033	14,0650
36,3091	7,035	14,0700
36,3616	7,038	14,0750
36,4368	7,040	14,0800
36,4752	7,043	14,0850
36,5391	7,045	14,0900
36,5917	7,048	14,0950
36,6424	7,050	14,1000
36,7177	7,053	14,1050
36,7594	7,055	14,1100
36,8104	7,058	14,1150
36,8818	7,060	14,1200
36,9151	7,063	14,1250
36,9865	7,065	14,1300
37,0445	7,068	14,1350
37,0919	7,070	14,1400
37,1624	7,073	14,1450
37,2087	7,075	14,1500
37,2551	7,078	14,1550
37,3326	7,080	14,1600
37,3715	7,083	14,1650
37,4436	7,085	14,1700
37,4873	7,088	14,1750
37,5318	7,090	14,1800
37,6043	7,093	14,1850
37,6534	7,095	14,1900
37,7050	7,098	14,1950
37,7735	7,100	14,2000
37,8055	7,103	14,2050
37,8743	7,105	14,2100
37,9315	7,108	14,2150
37,9687	7,110	14,2200
38,0378	7,113	14,2250
38,0886	7,115	14,2300
38,1376	7,118	14,2350
38,2066	7,120	14,2400
38,2465	7,123	14,2450
38,3193	7,125	14,2500
38,3758	7,128	14,2550
38,4124	7,130	14,2600
38,4752	7,133	14,2650
38,5293	7,135	14,2700
38,5738	7,138	14,2750
38,6373	7,140	14,2800
38,6784	7,143	14,2850
38,7517	7,145	14,2900
38,8048	7,148	14,2950
38,8391	7,150	14,3000
38,9052	7,153	14,3050
38,9568	7,155	14,3100
39,0125	7,158	14,3150
39,0751	7,160	14,3200
39,1203	7,163	14,3250
39,1895	7,165	14,3300
39,2378	7,168	14,3350
39,2845	7,170	14,3400
39,3557	7,173	14,3450
39,4150	7,175	14,3500
39,4676	7,178	14,3550
39,5343	7,180	14,3600
39,5698	7,183	14,3650
39,6458	7,185	14,3700
39,6943	7,188	14,3750
39,7388	7,190	14,3800
39,7981	7,193	14,3850
39,8536	7,195	14,3900
39,9107	7,198	14,3950
39,9794	7,200	14,4000
40,0168	7,203	14,4050
40,0841	7,205	14,4100
40,1346	7,208	14,4150
40,1737	7,210	14,4200
40,2464	7,213	14,4250
40,3043	7,215	14,4300
40,3607	7,218	14,4350
40,4268	7,220	14,4400
40,4626	7,223	14,4450
40,5312	7,225	14,4500
40,5771	7,228	14,4550
40,6193	7,230	14,4600
40,6923	7,233	14,4650
40,7426	7,235	14,4700
40,7994	7,238	14,4750
40,8701	7,240	14,4800
40,9070	7,243	14,4850
40,9764	7,245	14,4900
41,0273	7,248	14,4950
41,0687	7,250	14,5000
41,1443	7,253	14,5050
41,1894	7,255	14,5100
41,2450	7,258	14,5150
41,3088	7,260	14,5200
41,3442	7,263	14,5250
41,4120	7,265	14,5300
41,4604	7,268	14,5350
41,5116	7,270	14,5400
41,5782	7,273	14,5450
41,6270	7,275	14,5500
41,6767	7,278	14,5550
41,7470	7,280	14,5600
41,7829	7,283	14,5650
41,8475	7,285	14,5700
41,8985	7,288	14,5750
41,9451	7,290	14,5800
42,0245	7,293	14,5850
42,0763	7,295	14,5900
42,1330	7,298	14,5950
42,2051	7,300	14,6000
42,2405	7,303	14,6050
42,3026	7,305	14,6100
42,3644	7,308	14,6150
42,4094	7,310	14,6200
42,4811	7,313	14,6250
42,5269	7,315	14,6300
42,5859	7,318	14,6350
42,6529	7,320	14,6400
42,6896	7,323	14,6450
42,7665	7,325	14,6500
42,8148	7,328	14,6550
42,8559	7,330	14,6600
42,9246	7,333	14,6650
42,9786	7,335	14,6700
43,0260	7,338	14,6750
43,1000	7,340	14,6800
43,1426	7,343	14,6850
43,2103	7,345	14,6900
43,2653	7,348	14,6950
43,3104	7,350	14,7000
43,3855	7,353	14,7050
43,4255	7,355	14,7100
43,4862	7,358	14,7150
43,5549	7,360	14,7200
43,5932	7,363	14,7250
43,6514	7,365	14,7300
43,7008	7,368	14,7350
43,7488	7,370	14,7400
43,8269	7,373	14,7450
43,8786	7,375	14,7500
43,9207	7,378	14,7550
43,9888	7,380	14,7600
44,0248	7,383	14,7650
44,1023	7,385	14,7700
44,1561	7,388	14,7750
44,1962	7,390	14,7800
44,2675	7,393	14,7850
44,3176	7,395	14,7900
44,3765	7,398	14,7950
44,4460	7,400	14,8000
44,4796	7,403	14,8050
44,5476	7,405	14,8100
44,6063	7,408	14,8150
44,6475	7,410	14,8200
44,7167	7,413	14,8250
44,7679	7,415	14,8300
44,8212	7,418	14,8350
44,8909	7,420	14,8400
44,9318	7,423	14,8450
45,0061	7,425	14,8500
45,0569	7,428	14,8550
45,0961	7,430	14,8600
45,1657	7,433	14,8650
45,2131	7,435	14,8700
45,2665	7,438	14,8750
45,3449	7,440	14,8800
45,3854	7,443	14,8850
45,4495	7,445	14,8900
45,5061	7,448	14,8950
45,5500	7,450	14,9000
45,6211	7,453	14,9050
45,6721	7,455	14,9100
45,7228	7,458	14,9150
45,7944	7,460	14,9200
45,8399	7,463	14,9250
45,9037	7,465	14,9300
45,9626	7,468	14,9350
46,0000	7,470	14,9400
46,0676	7,473	14,9450
46,1199	7,475	14,9500
46,1747	7,478	14,9550
46,2504	7,480	14,9600
46,2887	7,483	14,9650
46,3596	7,485	14,9700
46,4073	7,488	14,9750
46,4560	7,490	14,9800
46,5327	7,493	14,9850
46,5854	7,495	14,9900
46,6345	7,498	14,9950
46,7021	7,500	15,0000
46,7392	7,503	15,0050
46,8094	7,505	15,0100
46,8657	7,508	15,0150
46,9019	7,510	15,0200
46,9688	7,513	15,0250
47,0191	7,515	15,0300
47,0782	7,518	15,0350
47,1525	7,520	15,0400
47,1883	7,523	15,0450
47,2546	7,525	15,0500
47,3094	7,528	15,0550
47,3579	7,530	15,0600
47,4288	7,533	15,0650
47,4760	7,535	15,0700
47,5286	7,538	15,0750
47,6015	7,540	15,0800
47,6376	7,543	15,0850
47,7026	7,545	15,0900
47,7590	7,548	15,0950
47,8041	7,550	15,1000
47,8800	7,553	15,1050
47,9307	7,555	15,1100
47,9948	7,558	15,1150
48,0586	7,560	15,1200
48,0999	7,563	15,1250
48,1743	7,565	15,1300
48,2253	7,568	15,1350
48,2728	7,570	15,1400
48,3469	7,573	15,1450
48,3954	7,575	15,1500
48,4383	7,578	15,1550
48,5097	7,580	15,1600
48,5456	7,583	15,1650
48,6220	7,585	15,1700
48,6808	7,588	15,1750
48,7198	7,590	15,1800
48,7923	7,593	15,1850
48,8461	7,595	15,1900
48,9013	7,598	15,1950
48,9600	7,600	15,2000
49,0090	7,603	15,2050
49,0805	7,605	15,2100
49,1357	7,608	15,2150
49,1793	7,610	15,2200
49,2515	7,613	15,2250
49,3019	7,615	15,2300
49,3501	7,618	15,2350
49,4208	7,620	15,2400
49,4587	7,623	15,2450
49,5367	7,625	15,2500
49,5880	7,628	15,2550
49,6286	7,630	15,2600
49,6921	7,633	15,2650
49,7422	7,635	15,2700
49,8000	7,638	15,2750
49,8761	7,640	15,2800
49,9172	7,643	15,2850
49,9810	7,645	15,2900
50,0382	7,648	15,2950
50,0800	7,650	15,3000
50,1523	7,653	15,3050
50,2015	7,655	15,3100
50,2562	7,658	15,3150
50,3240	7,660	15,3200
50,3687	7,663	15,3250
50,4460	7,665	15,3300
50,5029	7,668	15,3350
50,5429	7,670	15,3400
50,6130	7,673	15,3450
50,6693	7,675	15,3500
50,7287	7,678	15,3550
50,8050	7,680	15,3600
50,8432	7,683	15,3650
50,9091	7,685	15,3700
50,9630	7,688	15,3750
51,0155	7,690	15,3800
51,0836	7,693	15,3850
51,1444	7,695	15,3900
51,1965	7,698	15,3950
51,2616	7,700	15,4000
51,2983	7,703	15,4050
51,3675	7,705	15,4100
51,4285	7,708	15,4150
51,4742	7,710	15,4200
51,5418	7,713	15,4250
51,5848	7,715	15,4300
51,6429	7,718	15,4350
51,7175	7,720	15,4400
51,7548	7,723	15,4450
51,8237	7,725	15,4500
51,8801	7,728	15,4550
51,9280	7,730	15,4600
51,9982	7,733	15,4650
52,0567	7,735	15,4700
52,1180	7,738	15,4750
52,1909	7,740	15,4800
52,2209	7,743	15,4850
52,2941	7,745	15,4900
52,3538	7,748	15,4950
52,3954	7,750	15,5000
52,4619	7,753	15,5050
52,5118	7,755	15,5100
52,5661	7,758	15,5150
52,6313	7,760	15,5200
52,6683	7,763	15,5250
52,7417	7,765	15,5300
52,8013	7,768	15,5350
52,8438	7,770	15,5400
52,9126	7,773	15,5450
52,9634	7,775	15,5500
53,0098	7,778	15,5550
53,0862	7,780	15,5600
53,1263	7,783	15,5650
53,2013	7,785	15,5700
53,2505	7,788	15,5750
53,2965	7,790	15,5800
53,3694	7,793	15,5850
53,4306	7,795	15,5900
53,4877	7,798	15,5950
53,5573	7,800	15,6000
53,5994	7,803	15,6050
53,6649	7,805	15,6100
53,7210	7,808	15,6150
53,7632	7,810	15,6200
53,8333	7,813	15,6250
53,8915	7,815	15,6300
53,9555	7,818	15,6350
54,0311	7,820	15,6400
54,0674	7,823	15,6450
54,1327	7,825	15,6500
54,1845	7,828	15,6550
54,2431	7,830	15,6600
54,3130	7,833	15,6650
54,3628	7,835	15,6700
54,4170	7,838	15,6750
54,4869	7,840	15,6800
54,5277	7,843	15,6850
54,5973	7,845	15,6900
54,6532	7,848	15,6950
54,7013	7,850	15,7000
54,7813	7,853	15,7050
54,8277	7,855	15,7100
54,8772	7,858	15,7150
54,9460	7,860	15,7200
54,9906	7,863	15,7250
55,0584	7,865	15,7300
55,1073	7,868	15,7350
55,1516	7,870	15,7400
55,2252	7,873	15,7450
55,2764	7,875	15,7500
55,3317	7,878	15,7550
55,4113	7,880	15,7600
55,4453	7,883	15,7650
55,5170	7,885	15,7700
55,5739	7,888	15,7750
55,6246	7,890	15,7800
55,6991	7,893	15,7850
55,7513	7,895	15,7900
55,8060	7,898	15,7950
55,8737	7,900	15,8000
55,9091	7,903	15,8050
55,9857	7,905	15,8100
56,0434	7,908	15,8150
56,0829	7,910	15,8200
56,1502	7,913	15,8250
56,2051	7,915	15,8300
56,2691	7,918	15,8350
56,3398	7,920	15,8400
56,3791	7,923	15,8450
56,4569	7,925	15,8500
56,5121	7,928	15,8550
56,5617	7,930	15,8600
56,6304	7,933	15,8650
56,6884	7,935	15,8700
56,7481	7,938	15,8750
56,8187	7,940	15,8800
56,8486	7,943	15,8850
56,9184	7,945	15,8900
56,9859	7,948	15,8950
57,0345	7,950	15,9000
57,1067	7,953	15,9050
57,1517	7,955	15,9100
57,2043	7,958	15,9150
57,2758	7,960	15,9200
57,3225	7,963	15,9250
57,3998	7,965	15,9300
57,4574	7,968	15,9350
57,4986	7,970	15,9400
57,5673	7,973	15,9450
57,6307	7,975	15,9500
57,6808	7,978	15,9550
57,7497	7,980	15,9600
57,7872	7,983	15,9650
57,8671	7,985	15,9700
57,9256	7,988	15,9750
57,9703	7,990	15,9800
58,0409	7,993	15,9850
58,0953	7,995	15,9900
58,1458	7,998	15,9950
58,2103	8,000	16,0000
58,2524	8,003	16,0050
58,3228	8,005	16,0100
58,3866	8,008	16,0150
58,4341	8,010	16,0200
58,5107	8,013	16,0250
58,5639	8,015	16,0300
58,6166	8,018	16,0350
58,6920	8,020	16,0400
58,7325	8,023	16,0450
58,8035	8,025	16,0500
58,8551	8,028	16,0550
58,9096	8,030	16,0600
58,9834	8,033	16,0650
59,0364	8,035	16,0700
59,0985	8,038	16,0750
59,1686	8,040	16,0800
59,2063	8,043	16,0850
59,2740	8,045	16,0900
59,3355	8,048	16,0950
59,3936	8,050	16,1000
59,4663	8,053	16,1050
59,5147	8,055	16,1100
59,5738	8,058	16,1150
59,6437	8,060	16,1200
59,6856	8,063	16,1250
59,7594	8,065	16,1300
59,8143	8,068	16,1350
59,8726	8,070	16,1400
59,9449	8,073	16,1450
59,9950	8,075	16,1500
60,0435	8,078	16,1550
60,1198	8,080	16,1600
60,1560	8,083	16,1650
60,2366	8,085	16,1700
60,2923	8,088	16,1750
60,3396	8,090	16,1800
60,4130	8,093	16,1850
60,4687	8,095	16,1900
60,5183	8,098	16,1950
60,5863	8,100	16,2000
60,6339	8,103	16,2050
60,7129	8,105	16,2100
60,7755	8,108	16,2150
60,8195	8,110	16,2200
60,8964	8,113	16,2250
60,9621	8,115	16,2300
61,0200	8,118	16,2350
61,0932	8,120	16,2400
61,1394	8,123	16,2450
61,2148	8,125	16,2500
61,2665	8,128	16,2550
61,3106	8,130	16,2600
61,3814	8,133	16,2650
61,4346	8,135	16,2700
61,4844	8,138	16,2750
61,5619	8,140	16,2800
61,6079	8,143	16,2850
61,6789	8,145	16,2900
61,7379	8,148	16,2950
61,7778	8,150	16,3000
61,8519	8,153	16,3050
61,9037	8,155	16,3100
61,9529	8,158	16,3150
62,0225	8,160	16,3200
62,0678	8,163	16,3250
62,1485	8,165	16,3300
62,1975	8,168	16,3350
62,2465	8,170	16,3400
62,3209	8,173	16,3450
62,3747	8,175	16,3500
62,4269	8,178	16,3550
62,5045	8,180	16,3600
62,5436	8,183	16,3650
62,6207	8,185	16,3700
62,6817	8,188	16,3750
62,7294	8,190	16,3800
62,7953	8,193	16,3850
62,8582	8,195	16,3900
62,9164	8,198	16,3950
62,9865	8,200	16,4000
63,0335	8,203	16,4050
63,1067	8,205	16,4100
63,1688	8,208	16,4150
63,2195	8,210	16,4200
63,2882	8,213	16,4250
63,3464	8,215	16,4300
63,3940	8,218	16,4350
63,4623	8,220	16,4400
63,5072	8,223	16,4450
63,5852	8,225	16,4500
63,6348	8,228	16,4550
63,6891	8,230	16,4600
63,7680	8,233	16,4650
63,8173	8,235	16,4700
63,8686	8,238	16,4750
63,9520	8,240	16,4800
63,9938	8,243	16,4850
64,0598	8,245	16,4900
64,1205	8,248	16,4950
64,1677	8,250	16,5000
64,2384	8,253	16,5050
64,2909	8,255	16,5100
64,3433	8,258	16,5150
64,4159	8,260	16,5200
64,4589	8,263	16,5250
64,5357	8,265	16,5300
64,5878	8,268	16,5350
64,6358	8,270	16,5400
64,7077	8,273	16,5450
64,7629	8,275	16,5500
64,8164	8,278	16,5550
64,8975	8,280	16,5600
64,9310	8,283	16,5650
65,0064	8,285	16,5700
65,0651	8,288	16,5750
65,1229	8,290	16,5800
65,1961	8,293	16,5850
65,2508	8,295	16,5900
65,3005	8,298	16,5950
65,3771	8,300	16,6000
65,4231	8,303	16,6050
65,4960	8,305	16,6100
65,5497	8,308	16,6150
65,5984	8,310	16,6200
65,6726	8,313	16,6250
65,7305	8,315	16,6300
65,7922	8,318	16,6350
65,8658	8,320	16,6400
65,9082	8,323	16,6450
65,9758	8,325	16,6500
66,0277	8,328	16,6550
66,0857	8,330	16,6600
66,1584	8,333	16,6650
66,2203	8,335	16,6700
66,2832	8,338	16,6750
66,3616	8,340	16,6800
66,4007	8,343	16,6850
66,4718	8,345	16,6900
66,5332	8,348	16,6950
66,5842	8,350	16,7000
66,6563	8,353	16,7050
66,7038	8,355	16,7100
66,7612	8,358	16,7150
66,8377	8,360	16,7200
66,8843	8,363	16,7250
66,9533	8,365	16,7300
67,0081	8,368	16,7350
67,0583	8,370	16,7400
67,1258	8,373	16,7450
67,1829	8,375	16,7500
67,2457	8,378	16,7550
67,3255	8,380	16,7600
67,3612	8,383	16,7650
67,4386	8,385	16,7700
67,4904	8,388	16,7750
67,5373	8,390	16,7800
67,6139	8,393	16,7850
67,6726	8,395	16,7900
67,7260	8,398	16,7950
67,8038	8,400	16,8000
67,8429	8,403	16,8050
67,9154	8,405	16,8100
67,9726	8,408	16,8150
68,0163	8,410	16,8200
68,0970	8,413	16,8250
68,1541	8,415	16,8300
68,1995	8,418	16,8350
68,2707	8,420	16,8400
68,3134	8,423	16,8450
68,3960	8,425	16,8500
68,4513	8,428	16,8550
68,5018	8,430	16,8600
68,5797	8,433	16,8650
68,6365	8,435	16,8700
68,6969	8,438	16,8750
68,7784	8,440	16,8800
68,8243	8,443	16,8850
68,8952	8,445	16,8900
68,9469	8,448	16,8950
68,9926	8,450	16,9000
69,0620	8,453	16,9050
69,1150	8,455	16,9100
69,1756	8,458	16,9150
69,2498	8,460	16,9200
69,2967	8,463	16,9250
69,3733	8,465	16,9300
69,4268	8,468	16,9350
69,4858	8,470	16,9400
69,5545	8,473	16,9450
69,6086	8,475	16,9500
69,6644	8,478	16,9550
69,7441	8,480	16,9600
69,7866	8,483	16,9650
69,8585	8,485	16,9700
69,9171	8,488	16,9750
69,9679	8,490	16,9800
70,0435	8,493	16,9850
70,0975	8,495	16,9900
70,1479	8,498	16,9950
70,2213	8,500	17,0000
70,2625	8,503	17,0050
70,3396	8,505	17,0100
70,4077	8,508	17,0150
70,4626	8,510	17,0200
70,5389	8,513	17,0250
70,5942	8,515	17,0300
70,6492	8,518	17,0350
70,7272	8,520	17,0400
70,7673	8,523	17,0450
70,8393	8,525	17,0500
70,8947	8,528	17,0550
70,9474	8,530	17,0600
71,0126	8,533	17,0650
71,0660	8,535	17,0700
71,1250	8,538	17,0750
71,1967	8,540	17,0800
71,2444	8,543	17,0850
71,3280	8,545	17,0900
71,3846	8,548	17,0950
71,4241	8,550	17,1000
71,5047	8,553	17,1050
71,5586	8,555	17,1100
71,6180	8,558	17,1150
71,6915	8,560	17,1200
71,7385	8,563	17,1250
71,8050	8,565	17,1300
71,8680	8,568	17,1350
71,9209	8,570	17,1400
71,9946	8,573	17,1450
72,0559	8,575	17,1500
72,1139	8,578	17,1550
72,1930	8,580	17,1600
72,2371	8,583	17,1650
72,3163	8,585	17,1700
72,3709	8,588	17,1750
72,4167	8,590	17,1800
72,4831	8,593	17,1850
72,5442	8,595	17,1900
72,5995	8,598	17,1950
72,6762	8,600	17,2000
72,7205	8,603	17,2050
72,7987	8,605	17,2100
72,8588	8,608	17,2150
72,9077	8,610	17,2200
72,9806	8,613	17,2250
73,0389	8,615	17,2300
73,0906	8,618	17,2350
73,1695	8,620	17,2400
73,2075	8,623	17,2450
73,2882	8,625	17,2500
73,3491	8,628	17,2550
73,4048	8,630	17,2600
73,4707	8,633	17,2650
73,5239	8,635	17,2700
73,5777	8,638	17,2750
73,6539	8,640	17,2800
73,7041	8,643	17,2850
73,7821	8,645	17,2900
73,8373	8,648	17,2950
73,8852	8,650	17,3000
73,9601	8,653	17,3050
74,0140	8,655	17,3100
74,0692	8,658	17,3150
74,1389	8,660	17,3200
74,1780	8,663	17,3250
74,2571	8,665	17,3300
74,3168	8,668	17,3350
74,3656	8,670	17,3400
74,4417	8,673	17,3450
74,5051	8,675	17,3500
74,5717	8,678	17,3550
74,6500	8,680	17,3600
74,6858	8,683	17,3650
74,7609	8,685	17,3700
74,8123	8,688	17,3750
74,8657	8,690	17,3800
74,9452	8,693	17,3850
75,0038	8,695	17,3900
75,0629	8,698	17,3950
75,1426	8,700	17,4000
75,1880	8,703	17,4050
75,2606	8,705	17,4100
75,3245	8,708	17,4150
75,3730	8,710	17,4200
75,4404	8,713	17,4250
75,5020	8,715	17,4300
75,5643	8,718	17,4350
75,6381	8,720	17,4400
75,6761	8,723	17,4450
75,7495	8,725	17,4500
75,8096	8,728	17,4550
75,8620	8,730	17,4600
75,9308	8,733	17,4650
75,9861	8,735	17,4700
76,0453	8,738	17,4750
76,1240	8,740	17,4800
76,1673	8,743	17,4850
76,2410	8,745	17,4900
76,3055	8,748	17,4950
76,3530	8,750	17,5000
76,4350	8,753	17,5050
76,4907	8,755	17,5100
76,5438	8,758	17,5150
76,6252	8,760	17,5200
76,6744	8,763	17,5250
76,7438	8,765	17,5300
76,8092	8,768	17,5350
76,8563	8,770	17,5400
76,9201	8,773	17,5450
76,9762	8,775	17,5500
77,0289	8,778	17,5550
77,1135	8,780	17,5600
77,1542	8,783	17,5650
77,2278	8,785	17,5700
77,2908	8,788	17,5750
77,3330	8,790	17,5800
77,4134	8,793	17,5850
77,4677	8,795	17,5900
77,5199	8,798	17,5950
77,5948	8,800	17,6000
77,6542	8,803	17,6050
77,7302	8,805	17,6100
77,7930	8,808	17,6150
77,8412	8,810	17,6200
77,9158	8,813	17,6250
77,9702	8,815	17,6300
78,0250	8,818	17,6350
78,1066	8,820	17,6400
78,1509	8,823	17,6450
78,2250	8,825	17,6500
78,2821	8,828	17,6550
78,3406	8,830	17,6600
78,4126	8,833	17,6650
78,4715	8,835	17,6700
78,5316	8,838	17,6750
78,6090	8,840	17,6800
78,6484	8,843	17,6850
78,7242	8,845	17,6900
78,7874	8,848	17,6950
78,8341	8,850	17,7000
78,9072	8,853	17,7050
78,9656	8,855	17,7100
79,0235	8,858	17,7150
79,0988	8,860	17,7200
79,1477	8,863	17,7250
79,2257	8,865	17,7300
79,2831	8,868	17,7350
79,3272	8,870	17,7400
79,4000	8,873	17,7450
79,4635	8,875	17,7500
79,5211	8,878	17,7550
79,6016	8,880	17,7600
79,6402	8,883	17,7650
79,7235	8,885	17,7700
79,7817	8,888	17,7750
79,8247	8,890	17,7800
79,8926	8,893	17,7850
79,9489	8,895	17,7900
80,0030	8,898	17,7950
80,0772	8,900	17,8000
80,1199	8,903	17,8050
80,1979	8,905	17,8100
80,2639	8,908	17,8150
80,3099	8,910	17,8200
80,3812	8,913	17,8250
80,4328	8,915	17,8300
80,4942	8,918	17,8350
80,5726	8,920	17,8400
80,6164	8,923	17,8450
80,6937	8,925	17,8500
80,7554	8,928	17,8550
80,8096	8,930	17,8600
80,8782	8,933	17,8650
80,9443	8,935	17,8700
81,0025	8,938	17,8750
81,0815	8,940	17,8800
81,1300	8,943	17,8850
81,2129	8,945	17,8900
81,2783	8,948	17,8950
81,3298	8,950	17,9000
81,4083	8,953	17,9050
81,4650	8,955	17,9100
81,5226	8,958	17,9150
81,6053	8,960	17,9200
81,6625	8,963	17,9250
81,7398	8,965	17,9300
81,8042	8,968	17,9350
81,8517	8,970	17,9400
81,9291	8,973	17,9450
81,9865	8,975	17,9500
82,0460	8,978	17,9550
82,1287	8,980	17,9600
82,1645	8,983	17,9650
82,2433	8,985	17,9700
82,3014	8,988	17,9750
82,3587	8,990	17,9800
82,4415	8,993	17,9850
82,4988	8,995	17,9900
82,5507	8,998	17,9950
82,6252	9,000	18,0000
82,6670	9,003	18,0050
82,7502	9,005	18,0100
82,8089	9,008	18,0150
82,8527	9,010	18,0200
82,9310	9,013	18,0250
82,9921	9,015	18,0300
83,0424	9,018	18,0350
83,1277	9,020	18,0400
83,1706	9,023	18,0450
83,2433	9,025	18,0500
83,3008	9,028	18,0550
83,3552	9,030	18,0600
83,4366	9,033	18,0650
83,5025	9,035	18,0700
83,5571	9,038	18,0750
83,6322	9,040	18,0800
83,6729	9,043	18,0850
83,7489	9,045	18,0900
83,8174	9,048	18,0950
83,8610	9,050	18,1000
83,9352	9,053	18,1050
83,9986	9,055	18,1100
84,0609	9,058	18,1150
84,1396	9,060	18,1200
84,1822	9,063	18,1250
84,2600	9,065	18,1300
84,3214	9,068	18,1350
84,3738	9,070	18,1400
84,4506	9,073	18,1450
84,5169	9,075	18,1500
84,5777	9,078	18,1550
84,6607	9,080	18,1600
84,6968	9,083	18,1650
84,7775	9,085	18,1700
84,8409	9,088	18,1750
84,8960	9,090	18,1800
84,9716	9,093	18,1850
85,0277	9,095	18,1900
85,0889	9,098	18,1950
85,1659	9,100	18,2000
85,2144	9,103	18,2050
85,2884	9,105	18,2100
85,3539	9,108	18,2150
85,4047	9,110	18,2200
85,4816	9,113	18,2250
85,5366	9,115	18,2300
85,5971	9,118	18,2350
85,6769	9,120	18,2400
85,7289	9,123	18,2450
85,8135	9,125	18,2500
85,8687	9,128	18,2550
85,9230	9,130	18,2600
85,9983	9,133	18,2650
86,0528	9,135	18,2700
86,1080	9,138	18,2750
86,1837	9,140	18,2800
86,2332	9,143	18,2850
86,3089	9,145	18,2900
86,3686	9,148	18,2950
86,4141	9,150	18,3000
86,4964	9,153	18,3050
86,5574	9,155	18,3100
86,6158	9,158	18,3150
86,6951	9,160	18,3200
86,7380	9,163	18,3250
86,8181	9,165	18,3300
86,8809	9,168	18,3350
86,9286	9,170	18,3400
87,0015	9,173	18,3450
87,0592	9,175	18,3500
87,1207	9,178	18,3550
87,1979	9,180	18,3600
87,2334	9,183	18,3650
87,3222	9,185	18,3700
87,3889	9,188	18,3750
87,4377	9,190	18,3800
87,5104	9,193	18,3850
87,5660	9,195	18,3900
87,6269	9,198	18,3950
87,7121	9,200	18,4000
87,7660	9,203	18,4050
87,8441	9,205	18,4100
87,9010	9,208	18,4150
87,9493	9,210	18,4200
88,0230	9,213	18,4250
88,0877	9,215	18,4300
88,1476	9,218	18,4350
88,2243	9,220	18,4400
88,2671	9,223	18,4450
88,3505	9,225	18,4500
88,4115	9,228	18,4550
88,4698	9,230	18,4600
88,5453	9,233	18,4650
88,6056	9,235	18,4700
88,6623	9,238	18,4750
88,7420	9,240	18,4800
88,7843	9,243	18,4850
88,8649	9,245	18,4900
88,9356	9,248	18,4950
88,9852	9,250	18,5000
89,0600	9,253	18,5050
89,1210	9,255	18,5100
89,1772	9,258	18,5150
89,2549	9,260	18,5200
89,3028	9,263	18,5250
89,3855	9,265	18,5300
89,4462	9,268	18,5350
89,5045	9,270	18,5400
89,5827	9,273	18,5450
89,6347	9,275	18,5500
89,6820	9,278	18,5550
89,7758	9,280	18,5600
89,8211	9,283	18,5650
89,8913	9,285	18,5700
89,9500	9,288	18,5750
90,0009	9,290	18,5800
90,0768	9,293	18,5850
90,1377	9,295	18,5900
90,1976	9,298	18,5950
90,2716	9,300	18,6000
90,3214	9,303	18,6050
90,4074	9,305	18,6100
90,4708	9,308	18,6150
90,5210	9,310	18,6200
90,5953	9,313	18,6250
90,6503	9,315	18,6300
90,7213	9,318	18,6350
90,8036	9,320	18,6400
90,8457	9,323	18,6450
90,9324	9,325	18,6500
90,9951	9,328	18,6550
91,0494	9,330	18,6600
91,1213	9,333	18,6650
91,1793	9,335	18,6700
91,2360	9,338	18,6750
91,3164	9,340	18,6800
91,3640	9,343	18,6850
91,4439	9,345	18,6900
91,5074	9,348	18,6950
91,5636	9,350	18,7000
91,6504	9,353	18,7050
91,7090	9,355	18,7100
91,7670	9,358	18,7150
91,8427	9,360	18,7200
91,8892	9,363	18,7250
91,9666	9,365	18,7300
92,0310	9,368	18,7350
92,0940	9,370	18,7400
92,1710	9,373	18,7450
92,2279	9,375	18,7500
92,2793	9,378	18,7550
92,3621	9,380	18,7600
92,3985	9,383	18,7650
92,4730	9,385	18,7700
92,5364	9,388	18,7750
92,5940	9,390	18,7800
92,6663	9,393	18,7850
92,7209	9,395	18,7900
92,7820	9,398	18,7950
92,8689	9,400	18,8000
92,9188	9,403	18,8050
92,9883	9,405	18,8100
93,0528	9,408	18,8150
93,1026	9,410	18,8200
93,1774	9,413	18,8250
93,2408	9,415	18,8300
93,2918	9,418	18,8350
93,3704	9,420	18,8400
93,4238	9,423	18,8450
93,5088	9,425	18,8500
93,5622	9,428	18,8550
93,6076	9,430	18,8600
93,6891	9,433	18,8650
93,7557	9,435	18,8700
93,8147	9,438	18,8750
93,8897	9,440	18,8800
93,9462	9,443	18,8850
94,0355	9,445	18,8900
94,0932	9,448	18,8950
94,1340	9,450	18,9000
94,2153	9,453	18,9050
94,2823	9,455	18,9100
94,3446	9,458	18,9150
94,4258	9,460	18,9200
94,4785	9,463	18,9250
94,5524	9,465	18,9300
94,6085	9,468	18,9350
94,6678	9,470	18,9400
94,7496	9,473	18,9450
94,8127	9,475	18,9500
94,8760	9,478	18,9550
94,9530	9,480	18,9600
94,9886	9,483	18,9650
95,0748	9,485	18,9700
95,1434	9,488	18,9750
95,2045	9,490	18,9800
95,2806	9,493	18,9850
95,3391	9,495	18,9900
95,3956	9,498	18,9950
95,4693	9,500	19,0000
95,5128	9,503	19,0050
95,5922	9,505	19,0100
95,6532	9,508	19,0150
95,7113	9,510	19,0200
95,7916	9,513	19,0250
95,8500	9,515	19,0300
95,9151	9,518	19,0350
95,9995	9,520	19,0400
96,0412	9,523	19,0450
96,1233	9,525	19,0500
96,1866	9,528	19,0550
96,2353	9,530	19,0600
96,3050	9,533	19,0650
96,3671	9,535	19,0700
96,4250	9,538	19,0750
96,5000	9,540	19,0800
96,5375	9,543	19,0850
96,6159	9,545	19,0900
96,6895	9,548	19,0950
96,7413	9,550	19,1000
96,8193	9,553	19,1050
96,8743	9,555	19,1100
96,9451	9,558	19,1150
97,0292	9,560	19,1200
97,0787	9,563	19,1250
97,1525	9,565	19,1300
97,2082	9,568	19,1350
97,2577	9,570	19,1400
97,3503	9,573	19,1450
97,4227	9,575	19,1500
97,4720	9,578	19,1550
97,5556	9,580	19,1600
97,5982	9,583	19,1650
97,6761	9,585	19,1700
97,7369	9,588	19,1750
97,7908	9,590	19,1800
97,8681	9,593	19,1850
97,9341	9,595	19,1900
98,0019	9,598	19,1950
98,0861	9,600	19,2000
98,1378	9,603	19,2050
98,2166	9,605	19,2100
98,2790	9,608	19,2150
98,3223	9,610	19,2200
98,4004	9,613	19,2250
98,4612	9,615	19,2300
98,5236	9,618	19,2350
98,6075	9,620	19,2400
98,6520	9,623	19,2450
98,7306	9,625	19,2500
98,7886	9,628	19,2550
98,8456	9,630	19,2600
98,9230	9,633	19,2650
98,9839	9,635	19,2700
99,0378	9,638	19,2750
99,1154	9,640	19,2800
99,1619	9,643	19,2850
99,2466	9,645	19,2900
99,3127	9,648	19,2950
99,3631	9,650	19,3000
99,4339	9,653	19,3050
99,4898	9,655	19,3100
99,5455	9,658	19,3150
99,6231	9,660	19,3200
99,6683	9,663	19,3250
99,7527	9,665	19,3300
99,8194	9,668	19,3350
99,8687	9,670	19,3400
99,9411	9,673	19,3450
100,0034	9,675	19,3500
100,0632	9,678	19,3550
100,1460	9,680	19,3600
100,1907	9,683	19,3650
100,2684	9,685	19,3700
100,3330	9,688	19,3750
100,3937	9,690	19,3800
100,4799	9,693	19,3850
100,5451	9,695	19,3900
100,6112	9,698	19,3950
100,6896	9,700	19,4000
100,7310	9,703	19,4050
100,8140	9,705	19,4100
100,8795	9,708	19,4150
100,9336	9,710	19,4200
101,0216	9,713	19,4250
101,0878	9,715	19,4300
101,1489	9,718	19,4350
101,2270	9,720	19,4400
101,2745	9,723	19,4450
101,3544	9,725	19,4500
101,4183	9,728	19,4550
101,4725	9,730	19,4600
101,5450	9,733	19,4650
101,6120	9,735	19,4700
101,6767	9,738	19,4750
101,7634	9,740	19,4800
101,8104	9,743	19,4850
101,8865	9,745	19,4900
101,9502	9,748	19,4950
102,0038	9,750	19,5000
102,0825	9,753	19,5050
102,1419	9,755	19,5100
102,2085	9,758	19,5150
102,2880	9,760	19,5200
102,3384	9,763	19,5250
102,4141	9,765	19,5300
102,4799	9,768	19,5350
102,5299	9,770	19,5400
102,6001	9,773	19,5450
102,6628	9,775	19,5500
102,7240	9,778	19,5550
102,8139	9,780	19,5600
102,8623	9,783	19,5650
102,9345	9,785	19,5700
102,9934	9,788	19,5750
103,0457	9,790	19,5800
103,1170	9,793	19,5850
103,1684	9,795	19,5900
103,2231	9,798	19,5950
103,3003	9,800	19,6000
103,3592	9,803	19,6050
103,4428	9,805	19,6100
103,5088	9,808	19,6150
103,5684	9,810	19,6200
103,6486	9,813	19,6250
103,7212	9,815	19,6300
103,7854	9,818	19,6350
103,8669	9,820	19,6400
103,9101	9,823	19,6450
103,9945	9,825	19,6500
104,0548	9,828	19,6550
104,1148	9,830	19,6600
104,1994	9,833	19,6650
104,2598	9,835	19,6700
104,3175	9,838	19,6750
104,3999	9,840	19,6800
104,4489	9,843	19,6850
104,5291	9,845	19,6900
104,5976	9,848	19,6950
104,6566	9,850	19,7000
104,7383	9,853	19,7050
104,7980	9,855	19,7100
104,8586	9,858	19,7150
104,9364	9,860	19,7200
104,9855	9,863	19,7250
105,0742	9,865	19,7300
105,1373	9,868	19,7350
105,1859	9,870	19,7400
105,2581	9,873	19,7450
105,3187	9,875	19,7500
105,3769	9,878	19,7550
105,4653	9,880	19,7600
105,5171	9,883	19,7650
105,6033	9,885	19,7700
105,6682	9,888	19,7750
105,7127	9,890	19,7800
105,7911	9,893	19,7850
105,8505	9,895	19,7900
105,9045	9,898	19,7950
105,9862	9,900	19,8000
106,0375	9,903	19,8050
106,1149	9,905	19,8100
106,1827	9,908	19,8150
106,2305	9,910	19,8200
106,3129	9,913	19,8250
106,3779	9,915	19,8300
106,4326	9,918	19,8350
106,5109	9,920	19,8400
106,5612	9,923	19,8450
106,6456	9,925	19,8500
106,7151	9,928	19,8550
106,7635	9,930	19,8600
106,8387	9,933	19,8650
106,9064	9,935	19,8700
106,9717	9,938	19,8750
107,0604	9,940	19,8800
107,1126	9,943	19,8850
107,1876	9,945	19,8900
107,2620	9,948	19,8950
107,3133	9,950	19,9000
107,3918	9,953	19,9050
107,4548	9,955	19,9100
107,5187	9,958	19,9150
107,5990	9,960	19,9200
107,6501	9,963	19,9250
107,7291	9,965	19,9300
107,7895	9,968	19,9350
107,8414	9,970	19,9400
107,9239	9,973	19,9450
107,9906	9,975	19,9500
108,0440	9,978	19,9550
108,1308	9,980	19,9600
108,1800	9,983	19,9650
108,2657	9,985	19,9700
108,3210	9,988	19,9750
108,3713	9,990	19,9800
108,4573	9,993	19,9850
108,5272	9,995	19,9900
108,5951	9,998	19,9950
108,6757	10,000	20,0000
108,7186	10,003	20,0050
108,8005	10,005	20,0100
108,8688	10,008	20,0150
108,9193	10,010	20,0200
108,9962	10,013	20,0250
109,0569	10,015	20,0300
109,1092	10,018	20,0350
109,1922	10,020	20,0400
109,2437	10,023	20,0450
109,3342	10,025	20,0500
109,3967	10,028	20,0550
109,4470	10,030	20,0600
109,5263	10,033	20,0650
109,5930	10,035	20,0700
109,6498	10,038	20,0750
109,7326	10,040	20,0800
109,7883	10,043	20,0850
109,8671	10,045	20,0900
109,9287	10,048	20,0950
109,9908	10,050	20,1000
110,0798	10,053	20,1050
110,1452	10,055	20,1100
110,2091	10,058	20,1150
110,2884	10,060	20,1200
110,3344	10,063	20,1250
110,4132	10,065	20,1300
110,4725	10,068	20,1350
110,5341	10,070	20,1400
110,6211	10,073	20,1450
110,6891	10,075	20,1500
110,7443	10,078	20,1550
110,8236	10,080	20,1600
110,8707	10,083	20,1650
110,9598	10,085	20,1700
111,0230	10,088	20,1750
111,0814	10,090	20,1800
111,1666	10,093	20,1850
111,2275	10,095	20,1900
111,2841	10,098	20,1950
111,3623	10,100	20,2000
111,4095	10,103	20,2050
111,4965	10,105	20,2100
111,5714	10,108	20,2150
111,6154	10,110	20,2200
111,6939	10,113	20,2250
111,7588	10,115	20,2300
111,8232	10,118	20,2350
111,9044	10,120	20,2400
111,9623	10,123	20,2450
112,0458	10,125	20,2500
112,1050	10,128	20,2550
112,1681	10,130	20,2600
112,2486	10,133	20,2650
112,3174	10,135	20,2700
112,3829	10,138	20,2750
112,4588	10,140	20,2800
112,5030	10,143	20,2850
112,5886	10,145	20,2900
112,6487	10,148	20,2950
112,6953	10,150	20,3000
112,7768	10,153	20,3050
112,8412	10,155	20,3100
112,9049	10,158	20,3150
112,9850	10,160	20,3200
113,0303	10,163	20,3250
113,1065	10,165	20,3300
113,1744	10,168	20,3350
113,2215	10,170	20,3400
113,3004	10,173	20,3450
113,3620	10,175	20,3500
113,4199	10,178	20,3550
113,5043	10,180	20,3600
113,5504	10,183	20,3650
113,6408	10,185	20,3700
113,7134	10,188	20,3750
113,7613	10,190	20,3800
113,8431	10,193	20,3850
113,9198	10,195	20,3900
113,9889	10,198	20,3950
114,0729	10,200	20,4000
114,1219	10,203	20,4050
114,2049	10,205	20,4100
114,2691	10,208	20,4150
114,3180	10,210	20,4200
114,3955	10,213	20,4250
114,4663	10,215	20,4300
114,5289	10,218	20,4350
114,6133	10,220	20,4400
114,6670	10,223	20,4450
114,7487	10,225	20,4500
114,8056	10,228	20,4550
114,8544	10,230	20,4600
114,9356	10,233	20,4650
115,0065	10,235	20,4700
115,0707	10,238	20,4750
115,1504	10,240	20,4800
115,2018	10,243	20,4850
115,2872	10,245	20,4900
115,3553	10,248	20,4950
115,4171	10,250	20,5000
115,4992	10,253	20,5050
115,5541	10,255	20,5100
115,6126	10,258	20,5150
115,6946	10,260	20,5200
115,7363	10,263	20,5250
115,8146	10,265	20,5300
115,8928	10,268	20,5350
115,9521	10,270	20,5400
116,0329	10,273	20,5450
116,0983	10,275	20,5500
116,1581	10,278	20,5550
116,2433	10,280	20,5600
116,2834	10,283	20,5650
116,3540	10,285	20,5700
116,4169	10,288	20,5750
116,4651	10,290	20,5800
116,5437	10,293	20,5850
116,6123	10,295	20,5900
116,6838	10,298	20,5950
116,7682	10,300	20,6000
116,8144	10,303	20,6050
116,8915	10,305	20,6100
116,9620	10,308	20,6150
117,0198	10,310	20,6200
117,0953	10,313	20,6250
117,1569	10,315	20,6300
117,2298	10,318	20,6350
117,3220	10,320	20,6400
117,3657	10,323	20,6450
117,4616	10,325	20,6500
117,5239	10,328	20,6550
117,5700	10,330	20,6600
117,6408	10,333	20,6650
117,7109	10,335	20,6700
117,7865	10,338	20,6750
117,8729	10,340	20,6800
117,9246	10,343	20,6850
118,0067	10,345	20,6900
118,0758	10,348	20,6950
118,1243	10,350	20,7000
118,2052	10,353	20,7050
118,2675	10,355	20,7100
118,3335	10,358	20,7150
118,4277	10,360	20,7200
118,4804	10,363	20,7250
118,5663	10,365	20,7300
118,6289	10,368	20,7350
118,6785	10,370	20,7400
118,7562	10,373	20,7450
118,8236	10,375	20,7500
118,8806	10,378	20,7550
118,9679	10,380	20,7600
119,0198	10,383	20,7650
119,0973	10,385	20,7700
119,1649	10,388	20,7750
119,2263	10,390	20,7800
119,3074	10,393	20,7850
119,3725	10,395	20,7900
119,4327	10,398	20,7950
119,5184	10,400	20,8000
119,5767	10,403	20,8050
119,6466	10,405	20,8100
119,7139	10,408	20,8150
119,7729	10,410	20,8200
119,8518	10,413	20,8250
119,9122	10,415	20,8300
119,9702	10,418	20,8350
120,0553	10,420	20,8400
120,1001	10,423	20,8450
120,1805	10,425	20,8500
120,2429	10,428	20,8550
120,3025	10,430	20,8600
120,3788	10,433	20,8650
120,4470	10,435	20,8700
120,5162	10,438	20,8750
120,6059	10,440	20,8800
120,6662	10,443	20,8850
120,7494	10,445	20,8900
120,8163	10,448	20,8950
120,8723	10,450	20,9000
120,9591	10,453	20,9050
121,0246	10,455	20,9100
121,0839	10,458	20,9150
121,1686	10,460	20,9200
121,2254	10,463	20,9250
121,3080	10,465	20,9300
121,3795	10,468	20,9350
121,4435	10,470	20,9400
121,5283	10,473	20,9450
121,5995	10,475	20,9500
121,6677	10,478	20,9550
121,7562	10,480	20,9600
121,8031	10,483	20,9650
121,8823	10,485	20,9700
121,9516	10,488	20,9750
122,0082	10,490	20,9800
122,0870	10,493	20,9850
122,1567	10,495	20,9900
122,2194	10,498	20,9950
122,3050	10,500	21,0000
122,3572	10,503	21,0050
122,4363	10,505	21,0100
122,5056	10,508	21,0150
122,5631	10,510	21,0200
122,6385	10,513	21,0250
122,7022	10,515	21,0300
122,7666	10,518	21,0350
122,8520	10,520	21,0400
122,8975	10,523	21,0450
122,9835	10,525	21,0500
123,0544	10,528	21,0550
123,1092	10,530	21,0600
123,1839	10,533	21,0650
123,2519	10,535	21,0700
123,3118	10,538	21,0750
123,3978	10,540	21,0800
123,4505	10,543	21,0850
123,5275	10,545	21,0900
123,5916	10,548	21,0950
123,6482	10,550	21,1000
123,7349	10,553	21,1050
123,8042	10,555	21,1100
123,8651	10,558	21,1150
123,9421	10,560	21,1200
124,0013	10,563	21,1250
124,0914	10,565	21,1300
124,1654	10,568	21,1350
124,2183	10,570	21,1400
124,2971	10,573	21,1450
124,3681	10,575	21,1500
124,4325	10,578	21,1550
124,5154	10,580	21,1600
124,5605	10,583	21,1650
124,6430	10,585	21,1700
124,7184	10,588	21,1750
124,7799	10,590	21,1800
124,8562	10,593	21,1850
124,9222	10,595	21,1900
124,9853	10,598	21,1950
125,0668	10,600	21,2000
125,1269	10,603	21,2050
125,2058	10,605	21,2100
125,2778	10,608	21,2150
125,3319	10,610	21,2200
125,4066	10,613	21,2250
125,4729	10,615	21,2300
125,5468	10,618	21,2350
125,6321	10,620	21,2400
125,6755	10,623	21,2450
125,7509	10,625	21,2500
125,8182	10,628	21,2550
125,8789	10,630	21,2600
125,9615	10,633	21,2650
126,0287	10,635	21,2700
126,0913	10,638	21,2750
126,1697	10,640	21,2800
126,2185	10,643	21,2850
126,3012	10,645	21,2900
126,3705	10,648	21,2950
126,4260	10,650	21,3000
126,5100	10,653	21,3050
126,5857	10,655	21,3100
126,6519	10,658	21,3150
126,7293	10,660	21,3200
126,7780	10,663	21,3250
126,8474	10,665	21,3300
126,9174	10,668	21,3350
126,9798	10,670	21,3400
127,0702	10,673	21,3450
127,1287	10,675	21,3500
127,1849	10,678	21,3550
127,2767	10,680	21,3600
127,3389	10,683	21,3650
127,4217	10,685	21,3700
127,4920	10,688	21,3750
127,5438	10,690	21,3800
127,6256	10,693	21,3850
127,6981	10,695	21,3900
127,7554	10,698	21,3950
127,8430	10,700	21,4000
127,9008	10,703	21,4050
127,9877	10,705	21,4100
128,0585	10,708	21,4150
128,1156	10,710	21,4200
128,1995	10,713	21,4250
128,2628	10,715	21,4300
128,3322	10,718	21,4350
128,4217	10,720	21,4400
128,4816	10,723	21,4450
128,5659	10,725	21,4500
128,6376	10,728	21,4550
128,6953	10,730	21,4600
128,7700	10,733	21,4650
128,8394	10,735	21,4700
128,8998	10,738	21,4750
128,9857	10,740	21,4800
129,0378	10,743	21,4850
129,1191	10,745	21,4900
129,1870	10,748	21,4950
129,2446	10,750	21,5000
129,3303	10,753	21,5050
129,4037	10,755	21,5100
129,4668	10,758	21,5150
129,5462	10,760	21,5200
129,6049	10,763	21,5250
129,6976	10,765	21,5300
129,7632	10,768	21,5350
129,8097	10,770	21,5400
129,8932	10,773	21,5450
129,9598	10,775	21,5500
130,0227	10,778	21,5550
130,1102	10,780	21,5600
130,1526	10,783	21,5650
130,2381	10,785	21,5700
130,3107	10,788	21,5750
130,3701	10,790	21,5800
130,4486	10,793	21,5850
130,5113	10,795	21,5900
130,5771	10,798	21,5950
130,6583	10,800	21,6000
130,7158	10,803	21,6050
130,7993	10,805	21,6100
130,8753	10,808	21,6150
130,9312	10,810	21,6200
131,0006	10,813	21,6250
131,0644	10,815	21,6300
131,1314	10,818	21,6350
131,2241	10,820	21,6400
131,2735	10,823	21,6450
131,3548	10,825	21,6500
131,4232	10,828	21,6550
131,4847	10,830	21,6600
131,5643	10,833	21,6650
131,6303	10,835	21,6700
131,6993	10,838	21,6750
131,7942	10,840	21,6800
131,8499	10,843	21,6850
131,9322	10,845	21,6900
131,9969	10,848	21,6950
132,0551	10,850	21,7000
132,1420	10,853	21,7050
132,2171	10,855	21,7100
132,2835	10,858	21,7150
132,3710	10,860	21,7200
132,4197	10,863	21,7250
132,4968	10,865	21,7300
132,5574	10,868	21,7350
132,6243	10,870	21,7400
132,7081	10,873	21,7450
132,7747	10,875	21,7500
132,8422	10,878	21,7550
132,9296	10,880	21,7600
132,9831	10,883	21,7650
133,0658	10,885	21,7700
133,1402	10,888	21,7750
133,1978	10,890	21,7800
133,2777	10,893	21,7850
133,3461	10,895	21,7900
133,4071	10,898	21,7950
133,4863	10,900	21,8000
133,5354	10,903	21,8050
133,6161	10,905	21,8100
133,6867	10,908	21,8150
133,7514	10,910	21,8200
133,8332	10,913	21,8250
133,8965	10,915	21,8300
133,9612	10,918	21,8350
134,0516	10,920	21,8400
134,1094	10,923	21,8450
134,1909	10,925	21,8500
134,2588	10,928	21,8550
134,3203	10,930	21,8600
134,3978	10,933	21,8650
134,4657	10,935	21,8700
134,5374	10,938	21,8750
134,6278	10,940	21,8800
134,6784	10,943	21,8850
134,7586	10,945	21,8900
134,8258	10,948	21,8950
134,8839	10,950	21,9000
134,9643	10,953	21,9050
135,0368	10,955	21,9100
135,1100	10,958	21,9150
135,1936	10,960	21,9200
135,2509	10,963	21,9250
135,3327	10,965	21,9300
135,3982	10,968	21,9350
135,4561	10,970	21,9400
135,5364	10,973	21,9450
135,6040	10,975	21,9500
135,6709	10,978	21,9550
135,7619	10,980	21,9600
135,8154	10,983	21,9650
135,9017	10,985	21,9700
135,9683	10,988	21,9750
136,0295	10,990	21,9800
136,1095	10,993	21,9850
136,1820	10,995	21,9900
136,2491	10,998	21,9950
136,3350	11,000	22,0000
136,3898	11,003	22,0050
136,4726	11,005	22,0100
136,5483	11,008	22,0150
136,6027	11,010	22,0200
136,6826	11,013	22,0250
136,7500	11,015	22,0300
136,8177	11,018	22,0350
136,9075	11,020	22,0400
136,9629	11,023	22,0450
137,0396	11,025	22,0500
137,1117	11,028	22,0550
137,1714	11,030	22,0600
137,2533	11,033	22,0650
137,3322	11,035	22,0700
137,4017	11,038	22,0750
137,4872	11,040	22,0800
137,5428	11,043	22,0850
137,6302	11,045	22,0900
137,7013	11,048	22,0950
137,7582	11,050	22,1000
137,8368	11,053	22,1050
137,9155	11,055	22,1100
137,9869	11,058	22,1150
138,0766	11,060	22,1200
138,1288	11,063	22,1250
138,2064	11,065	22,1300
138,2733	11,068	22,1350
138,3382	11,070	22,1400
138,4197	11,073	22,1450
138,4929	11,075	22,1500
138,5524	11,078	22,1550
138,6460	11,080	22,1600
138,7052	11,083	22,1650
138,7920	11,085	22,1700
138,8593	11,088	22,1750
138,9187	11,090	22,1800
139,0044	11,093	22,1850
139,0770	11,095	22,1900
139,1389	11,098	22,1950
139,2275	11,100	22,2000
139,2866	11,103	22,2050
139,3652	11,105	22,2100
139,4326	11,108	22,2150
139,4942	11,110	22,2200
139,5808	11,113	22,2250
139,6434	11,115	22,2300
139,7131	11,118	22,2350
139,7988	11,120	22,2400
139,8570	11,123	22,2450
139,9472	11,125	22,2500
140,0124	11,128	22,2550
140,0733	11,130	22,2600
140,1467	11,133	22,2650
140,2164	11,135	22,2700
140,2884	11,138	22,2750
140,3723	11,140	22,2800
140,4224	11,143	22,2850
140,5120	11,145	22,2900
140,5875	11,148	22,2950
140,6455	11,150	22,3000
140,7287	11,153	22,3050
140,7879	11,155	22,3100
140,8524	11,158	22,3150
140,9399	11,160	22,3200
141,0025	11,163	22,3250
141,0859	11,165	22,3300
141,1564	11,168	22,3350
141,2152	11,170	22,3400
141,3034	11,173	22,3450
141,3800	11,175	22,3500
141,4492	11,178	22,3550
141,5383	11,180	22,3600
141,5854	11,183	22,3650
141,6676	11,185	22,3700
141,7338	11,188	22,3750
141,7935	11,190	22,3800
141,8773	11,193	22,3850
141,9477	11,195	22,3900
142,0173	11,198	22,3950
142,1102	11,200	22,4000
142,1759	11,203	22,4050
142,2612	11,205	22,4100
142,3310	11,208	22,4150
142,3846	11,210	22,4200
142,4664	11,213	22,4250
142,5372	11,215	22,4300
142,6058	11,218	22,4350
142,6956	11,220	22,4400
142,7469	11,223	22,4450
142,8271	11,225	22,4500
142,8964	11,228	22,4550
142,9626	11,230	22,4600
143,0404	11,233	22,4650
143,1110	11,235	22,4700
143,1835	11,238	22,4750
143,2683	11,240	22,4800
143,3223	11,243	22,4850
143,4124	11,245	22,4900
143,4839	11,248	22,4950
143,5470	11,250	22,5000
143,6299	11,253	22,5050
143,6983	11,255	22,5100
143,7609	11,258	22,5150
143,8445	11,260	22,5200
143,8996	11,263	22,5250
143,9849	11,265	22,5300
144,0543	11,268	22,5350
144,1131	11,270	22,5400
144,1962	11,273	22,5450
144,2660	11,275	22,5500
144,3326	11,278	22,5550
144,4237	11,280	22,5600
144,4846	11,283	22,5650
144,5711	11,285	22,5700
144,6363	11,288	22,5750
144,6992	11,290	22,5800
144,7849	11,293	22,5850
144,8619	11,295	22,5900
144,9277	11,298	22,5950
145,0097	11,300	22,6000
145,0619	11,303	22,6050
145,1410	11,305	22,6100
145,2181	11,308	22,6150
145,2846	11,310	22,6200
145,3641	11,313	22,6250
145,4312	11,315	22,6300
145,5103	11,318	22,6350
145,6070	11,320	22,6400
145,6690	11,323	22,6450
145,7477	11,325	22,6500
145,8095	11,328	22,6550
145,8774	11,330	22,6600
145,9640	11,333	22,6650
146,0288	11,335	22,6700
146,0920	11,338	22,6750
146,1866	11,340	22,6800
146,2460	11,343	22,6850
146,3309	11,345	22,6900
146,4068	11,348	22,6950
146,4629	11,350	22,7000
146,5508	11,353	22,7050
146,6178	11,355	22,7100
146,6873	11,358	22,7150
146,7713	11,360	22,7200
146,8363	11,363	22,7250
146,9220	11,365	22,7300
146,9965	11,368	22,7350
147,0576	11,370	22,7400
147,1372	11,373	22,7450
147,2048	11,375	22,7500
147,2649	11,378	22,7550
147,3568	11,380	22,7600
147,4154	11,383	22,7650
147,5025	11,385	22,7700
147,5674	11,388	22,7750
147,6356	11,390	22,7800
147,7197	11,393	22,7850
147,7922	11,395	22,7900
147,8541	11,398	22,7950
147,9303	11,400	22,8000
147,9899	11,403	22,8050
148,0750	11,405	22,8100
148,1533	11,408	22,8150
148,2164	11,410	22,8200
148,2979	11,413	22,8250
148,3660	11,415	22,8300
148,4348	11,418	22,8350
148,5238	11,420	22,8400
148,5860	11,423	22,8450
148,6732	11,425	22,8500
148,7408	11,428	22,8550
148,8081	11,430	22,8600
148,8991	11,433	22,8650
148,9747	11,435	22,8700
149,0475	11,438	22,8750
149,1374	11,440	22,8800
149,2019	11,443	22,8850
149,2915	11,445	22,8900
149,3593	11,448	22,8950
149,4235	11,450	22,9000
149,5092	11,453	22,9050
149,5823	11,455	22,9100
149,6557	11,458	22,9150
149,7380	11,460	22,9200
149,7957	11,463	22,9250
149,8792	11,465	22,9300
149,9476	11,468	22,9350
150,0193	11,470	22,9400
150,1081	11,473	22,9450
150,1825	11,475	22,9500
150,2568	11,478	22,9550
150,3508	11,480	22,9600
150,4005	11,483	22,9650
150,4864	11,485	22,9700
150,5578	11,488	22,9750
150,6184	11,490	22,9800
150,6971	11,493	22,9850
150,7760	11,495	22,9900
150,8425	11,498	22,9950
150,9325	11,500	23,0000
150,9876	11,503	23,0050
151,0730	11,505	23,0100
151,1516	11,508	23,0150
151,2081	11,510	23,0200
151,2875	11,513	23,0250
151,3592	11,515	23,0300
151,4315	11,518	23,0350
151,5248	11,520	23,0400
151,5872	11,523	23,0450
151,6734	11,525	23,0500
151,7379	11,528	23,0550
151,8012	11,530	23,0600
151,8816	11,533	23,0650
151,9483	11,535	23,0700
152,0137	11,538	23,0750
152,1000	11,540	23,0800
152,1644	11,543	23,0850
152,2523	11,545	23,0900
152,3303	11,548	23,0950
152,3877	11,550	23,1000
152,4738	11,553	23,1050
152,5458	11,555	23,1100
152,6205	11,558	23,1150
152,7062	11,560	23,1200
152,7653	11,563	23,1250
152,8504	11,565	23,1300
152,9268	11,568	23,1350
152,9991	11,570	23,1400
153,0788	11,573	23,1450
153,1523	11,575	23,1500
153,2197	11,578	23,1550
153,3117	11,580	23,1600
153,3697	11,583	23,1650
153,4529	11,585	23,1700
153,5228	11,588	23,1750
153,5901	11,590	23,1800
153,6737	11,593	23,1850
153,7454	11,595	23,1900
153,8217	11,598	23,1950
153,9120	11,600	23,2000
153,9706	11,603	23,2050
154,0576	11,605	23,2100
154,1312	11,608	23,2150
154,1892	11,610	23,2200
154,2731	11,613	23,2250
154,3484	11,615	23,2300
154,4138	11,618	23,2350
154,4999	11,620	23,2400
154,5576	11,623	23,2450
154,6431	11,625	23,2500
154,7041	11,628	23,2550
154,7746	11,630	23,2600
154,8601	11,633	23,2650
154,9299	11,635	23,2700
154,9915	11,638	23,2750
155,0852	11,640	23,2800
155,1522	11,643	23,2850
155,2338	11,645	23,2900
155,2995	11,648	23,2950
155,3596	11,650	23,3000
155,4447	11,653	23,3050
155,5099	11,655	23,3100
155,5847	11,658	23,3150
155,6780	11,660	23,3200
155,7391	11,663	23,3250
155,8223	11,665	23,3300
155,8914	11,668	23,3350
155,9545	11,670	23,3400
156,0381	11,673	23,3450
156,1199	11,675	23,3500
156,2018	11,678	23,3550
156,2964	11,680	23,3600
156,3528	11,683	23,3650
156,4396	11,685	23,3700
156,5137	11,688	23,3750
156,5797	11,690	23,3800
156,6652	11,693	23,3850
156,7457	11,695	23,3900
156,8180	11,698	23,3950
156,9067	11,700	23,4000
156,9691	11,703	23,4050
157,0575	11,705	23,4100
157,1361	11,708	23,4150
157,2053	11,710	23,4200
157,2893	11,713	23,4250
157,3533	11,715	23,4300
157,4240	11,718	23,4350
157,5218	11,720	23,4400
157,5831	11,723	23,4450
157,6719	11,725	23,4500
157,7500	11,728	23,4550
157,8185	11,730	23,4600
157,8963	11,733	23,4650
157,9685	11,735	23,4700
158,0366	11,738	23,4750
158,1242	11,740	23,4800
158,1791	11,743	23,4850
158,2588	11,745	23,4900
158,3390	11,748	23,4950
158,4068	11,750	23,5000
158,4938	11,753	23,5050
158,5688	11,755	23,5100
158,6476	11,758	23,5150
158,7258	11,760	23,5200
158,7861	11,763	23,5250
158,8780	11,765	23,5300
158,9429	11,768	23,5350
159,0057	11,770	23,5400
159,0854	11,773	23,5450
159,1548	11,775	23,5500
159,2224	11,778	23,5550
159,3184	11,780	23,5600
159,3762	11,783	23,5650
159,4616	11,785	23,5700
159,5298	11,788	23,5750
159,5977	11,790	23,5800
159,6895	11,793	23,5850
159,7629	11,795	23,5900
159,8345	11,798	23,5950
159,9250	11,800	23,6000
159,9932	11,803	23,6050
160,0851	11,805	23,6100
160,1649	11,808	23,6150
160,2348	11,810	23,6200
160,3212	11,813	23,6250
160,3948	11,815	23,6300
160,4647	11,818	23,6350
160,5573	11,820	23,6400
160,6063	11,823	23,6450
160,7017	11,825	23,6500
160,7742	11,828	23,6550
160,8338	11,830	23,6600
160,9223	11,833	23,6650
160,9975	11,835	23,6700
161,0671	11,838	23,6750
161,1575	11,840	23,6800
161,2242	11,843	23,6850
161,3139	11,845	23,6900
161,3888	11,848	23,6950
161,4451	11,850	23,7000
161,5294	11,853	23,7050
161,6029	11,855	23,7100
161,6810	11,858	23,7150
161,7719	11,860	23,7200
161,8308	11,863	23,7250
161,9123	11,865	23,7300
161,9847	11,868	23,7350
162,0494	11,870	23,7400
162,1338	11,873	23,7450
162,2135	11,875	23,7500
162,2862	11,878	23,7550
162,3804	11,880	23,7600
162,4367	11,883	23,7650
162,5177	11,885	23,7700
162,5873	11,888	23,7750
162,6604	11,890	23,7800
162,7489	11,893	23,7850
162,8162	11,895	23,7900
162,8842	11,898	23,7950
162,9786	11,900	23,8000
163,0423	11,903	23,8050
163,1199	11,905	23,8100
163,1897	11,908	23,8150
163,2523	11,910	23,8200
163,3357	11,913	23,8250
163,4162	11,915	23,8300
163,4906	11,918	23,8350
163,5786	11,920	23,8400
163,6472	11,923	23,8450
163,7372	11,925	23,8500
163,8135	11,928	23,8550
163,8806	11,930	23,8600
163,9620	11,933	23,8650
164,0363	11,935	23,8700
164,1043	11,938	23,8750
164,1978	11,940	23,8800
164,2579	11,943	23,8850
164,3358	11,945	23,8900
164,4225	11,948	23,8950
164,4986	11,950	23,9000
164,5812	11,953	23,9050
164,6452	11,955	23,9100
164,7221	11,958	23,9150
164,8061	11,960	23,9200
164,8751	11,963	23,9250
164,9636	11,965	23,9300
165,0332	11,968	23,9350
165,1000	11,970	23,9400
165,1844	11,973	23,9450
165,2678	11,975	23,9500
165,3386	11,978	23,9550
165,4239	11,980	23,9600
165,4835	11,983	23,9650
165,5774	11,985	23,9700
165,6521	11,988	23,9750
165,7151	11,990	23,9800
165,7984	11,993	23,9850
165,8768	11,995	23,9900
165,9528	11,998	23,9950
166,0389	12,000	24,0000
166,1031	12,003	24,0050
166,1921	12,005	24,0100
166,2656	12,008	24,0150
166,3264	12,010	24,0200
166,4153	12,013	24,0250
166,4920	12,015	24,0300
166,5681	12,018	24,0350
166,6585	12,020	24,0400
166,7113	12,023	24,0450
166,7926	12,025	24,0500
166,8610	12,028	24,0550
166,9327	12,030	24,0600
167,0229	12,033	24,0650
167,0956	12,035	24,0700
167,1677	12,038	24,0750
167,2620	12,040	24,0800
167,3282	12,043	24,0850
167,4234	12,045	24,0900
167,4979	12,048	24,0950
167,5649	12,050	24,1000
167,6526	12,053	24,1050
167,7325	12,055	24,1100
167,8139	12,058	24,1150
167,9090	12,060	24,1200
167,9776	12,063	24,1250
168,0634	12,065	24,1300
168,1325	12,068	24,1350
168,2009	12,070	24,1400
168,2899	12,073	24,1450
168,3627	12,075	24,1500
168,4305	12,078	24,1550
168,5311	12,080	24,1600
168,5942	12,083	24,1650
168,6925	12,085	24,1700
168,7708	12,088	24,1750
168,8359	12,090	24,1800
168,9163	12,093	24,1850
168,9943	12,095	24,1900
169,0676	12,098	24,1950
169,1558	12,100	24,2000
169,2194	12,103	24,2050
169,3029	12,105	24,2100
169,3764	12,108	24,2150
169,4454	12,110	24,2200
169,5371	12,113	24,2250
169,6056	12,115	24,2300
169,6803	12,118	24,2350
169,7711	12,120	24,2400
169,8350	12,123	24,2450
169,9270	12,125	24,2500
170,0031	12,128	24,2550
170,0687	12,130	24,2600
170,1464	12,133	24,2650
170,2216	12,135	24,2700
170,3005	12,138	24,2750
170,3935	12,140	24,2800
170,4575	12,143	24,2850
170,5392	12,145	24,2900
170,6097	12,148	24,2950
170,6735	12,150	24,3000
170,7585	12,153	24,3050
170,8350	12,155	24,3100
170,9115	12,158	24,3150
170,9947	12,160	24,3200
171,0628	12,163	24,3250
171,1529	12,165	24,3300
171,2261	12,168	24,3350
171,2958	12,170	24,3400
171,3820	12,173	24,3450
171,4583	12,175	24,3500
171,5288	12,178	24,3550
171,6264	12,180	24,3600
171,6898	12,183	24,3650
171,7816	12,185	24,3700
171,8614	12,188	24,3750
171,9365	12,190	24,3800
172,0246	12,193	24,3850
172,1051	12,195	24,3900
172,1778	12,198	24,3950
172,2698	12,200	24,4000
172,3384	12,203	24,4050
172,4243	12,205	24,4100
172,5011	12,208	24,4150
172,5690	12,210	24,4200
172,6582	12,213	24,4250
172,7346	12,215	24,4300
172,8085	12,218	24,4350
172,8947	12,220	24,4400
172,9567	12,223	24,4450
173,0471	12,225	24,4500
173,1212	12,228	24,4550
173,1918	12,230	24,4600
173,2779	12,233	24,4650
173,3513	12,235	24,4700
173,4286	12,238	24,4750
173,5213	12,240	24,4800
173,5888	12,243	24,4850
173,6811	12,245	24,4900
173,7537	12,248	24,4950
173,8228	12,250	24,5000
173,9144	12,253	24,5050
173,9901	12,255	24,5100
174,0633	12,258	24,5150
174,1470	12,260	24,5200
174,2099	12,263	24,5250
174,2991	12,265	24,5300
174,3748	12,268	24,5350
174,4472	12,270	24,5400
174,5383	12,273	24,5450
174,6152	12,275	24,5500
174,6900	12,278	24,5550
174,7800	12,280	24,5600
174,8406	12,283	24,5650
174,9325	12,285	24,5700
175,0068	12,288	24,5750
175,0704	12,290	24,5800
175,1561	12,293	24,5850
175,2412	12,295	24,5900
175,3260	12,298	24,5950
175,4153	12,300	24,6000
175,4778	12,303	24,6050
175,5735	12,305	24,6100
175,6522	12,308	24,6150
175,7175	12,310	24,6200
175,8030	12,313	24,6250
175,8800	12,315	24,6300
175,9564	12,318	24,6350
176,0450	12,320	24,6400
176,1183	12,323	24,6450
176,2174	12,325	24,6500
176,3043	12,328	24,6550
176,3741	12,330	24,6600
176,4465	12,333	24,6650
176,5207	12,335	24,6700
176,5942	12,338	24,6750
176,6866	12,340	24,6800
176,7534	12,343	24,6850
176,8396	12,345	24,6900
176,9116	12,348	24,6950
176,9807	12,350	24,7000
177,0728	12,353	24,7050
177,1567	12,355	24,7100
177,2332	12,358	24,7150
177,3190	12,360	24,7200
177,3828	12,363	24,7250
177,4731	12,365	24,7300
177,5544	12,368	24,7350
177,6119	12,370	24,7400
177,6955	12,373	24,7450
177,7818	12,375	24,7500
177,8615	12,378	24,7550
177,9515	12,380	24,7600
178,0116	12,383	24,7650
178,1008	12,385	24,7700
178,1788	12,388	24,7750
178,2513	12,390	24,7800
178,3322	12,393	24,7850
178,4061	12,395	24,7900
178,4802	12,398	24,7950
178,5669	12,400	24,8000
178,6367	12,403	24,8050
178,7272	12,405	24,8100
178,8033	12,408	24,8150
178,8693	12,410	24,8200
178,9559	12,413	24,8250
179,0357	12,415	24,8300
179,1237	12,418	24,8350
179,2182	12,420	24,8400
179,2807	12,423	24,8450
179,3649	12,425	24,8500
179,4475	12,428	24,8550
179,5232	12,430	24,8600
179,6167	12,433	24,8650
179,6930	12,435	24,8700
179,7647	12,438	24,8750
179,8659	12,440	24,8800
179,9371	12,443	24,8850
180,0227	12,445	24,8900
180,1027	12,448	24,8950
180,1710	12,450	24,9000
180,2554	12,453	24,9050
180,3379	12,455	24,9100
180,4136	12,458	24,9150
180,5114	12,460	24,9200
180,5792	12,463	24,9250
180,6591	12,465	24,9300
180,7356	12,468	24,9350
180,8155	12,470	24,9400
180,9057	12,473	24,9450
180,9810	12,475	24,9500
181,0543	12,478	24,9550
181,1510	12,480	24,9600
181,2208	12,483	24,9650
181,3174	12,485	24,9700
181,3917	12,488	24,9750
181,4589	12,490	24,9800
181,5397	12,493	24,9850
181,6281	12,495	24,9900
181,7067	12,498	24,9950
181,7863	12,500	25,0000
181,8430	12,503	25,0050
181,9305	12,505	25,0100
182,0066	12,508	25,0150
182,0794	12,510	25,0200
182,1736	12,513	25,0250
182,2462	12,515	25,0300
182,3236	12,518	25,0350
182,4232	12,520	25,0400
182,4956	12,523	25,0450
182,5909	12,525	25,0500
182,6726	12,528	25,0550
182,7460	12,530	25,0600
182,8276	12,533	25,0650
182,9091	12,535	25,0700
182,9847	12,538	25,0750
183,0800	12,540	25,0800
183,1526	12,543	25,0850
183,2358	12,545	25,0900
183,3114	12,548	25,0950
183,3819	12,550	25,1000
183,4743	12,553	25,1050
183,5534	12,555	25,1100
183,6407	12,558	25,1150
183,7312	12,560	25,1200
183,8142	12,563	25,1250
183,9073	12,565	25,1300
183,9790	12,568	25,1350
184,0518	12,570	25,1400
184,1323	12,573	25,1450
184,2070	12,575	25,1500
184,2827	12,578	25,1550
184,3787	12,580	25,1600
184,4462	12,583	25,1650
184,5384	12,585	25,1700
184,6145	12,588	25,1750
184,6798	12,590	25,1800
184,7676	12,593	25,1850
184,8474	12,595	25,1900
184,9332	12,598	25,1950
185,0281	12,600	25,2000
185,0976	12,603	25,2050
185,1846	12,605	25,2100
185,2628	12,608	25,2150
185,3224	12,610	25,2200
185,4169	12,613	25,2250
185,4992	12,615	25,2300
185,5727	12,618	25,2350
185,6630	12,620	25,2400
185,7239	12,623	25,2450
185,8119	12,625	25,2500
185,8970	12,628	25,2550
185,9770	12,630	25,2600
186,0676	12,633	25,2650
186,1444	12,635	25,2700
186,2159	12,638	25,2750
186,3071	12,640	25,2800
186,3705	12,643	25,2850
186,4662	12,645	25,2900
186,5450	12,648	25,2950
186,6072	12,650	25,3000
186,6934	12,653	25,3050
186,7795	12,655	25,3100
186,8724	12,658	25,3150
186,9629	12,660	25,3200
187,0275	12,663	25,3250
187,1149	12,665	25,3300
187,1975	12,668	25,3350
187,2758	12,670	25,3400
187,3609	12,673	25,3450
187,4420	12,675	25,3500
187,5203	12,678	25,3550
187,6172	12,680	25,3600
187,6876	12,683	25,3650
187,7816	12,685	25,3700
187,8644	12,688	25,3750
187,9369	12,690	25,3800
188,0281	12,693	25,3850
188,1123	12,695	25,3900
188,1875	12,698	25,3950
188,2828	12,700	25,4000
188,3477	12,703	25,4050
188,4344	12,705	25,4100
188,5177	12,708	25,4150
188,5905	12,710	25,4200
188,6861	12,713	25,4250
188,7644	12,715	25,4300
188,8439	12,718	25,4350
188,9449	12,720	25,4400
189,0178	12,723	25,4450
189,1062	12,725	25,4500
189,1850	12,728	25,4550
189,2538	12,730	25,4600
189,3339	12,733	25,4650
189,4170	12,735	25,4700
189,4985	12,738	25,4750
189,5927	12,740	25,4800
189,6615	12,743	25,4850
189,7468	12,745	25,4900
189,8243	12,748	25,4950
189,8948	12,750	25,5000
189,9860	12,753	25,5050
190,0718	12,755	25,5100
190,1537	12,758	25,5150
190,2413	12,760	25,5200
190,3102	12,763	25,5250
190,3928	12,765	25,5300
190,4727	12,768	25,5350
190,5444	12,770	25,5400
190,6363	12,773	25,5450
190,7243	12,775	25,5500
190,7949	12,778	25,5550
190,8859	12,780	25,5600
190,9578	12,783	25,5650
191,0598	12,785	25,5700
191,1371	12,788	25,5750
191,2165	12,790	25,5800
191,3104	12,793	25,5850
191,3788	12,795	25,5900
191,4559	12,798	25,5950
191,5521	12,800	25,6000
191,6315	12,803	25,6050
191,7225	12,805	25,6100
191,8049	12,808	25,6150
191,8745	12,810	25,6200
191,9638	12,813	25,6250
192,0441	12,815	25,6300
192,1352	12,818	25,6350
192,2292	12,820	25,6400
192,2954	12,823	25,6450
192,3822	12,825	25,6500
192,4628	12,828	25,6550
192,5406	12,830	25,6600
192,6322	12,833	25,6650
192,7132	12,835	25,6700
192,7923	12,838	25,6750
192,8928	12,840	25,6800
192,9622	12,843	25,6850
193,0528	12,845	25,6900
193,1340	12,848	25,6950
193,2071	12,850	25,7000
193,2961	12,853	25,7050
193,3722	12,855	25,7100
193,4522	12,858	25,7150
193,5533	12,860	25,7200
193,6286	12,863	25,7250
193,7156	12,865	25,7300
193,7838	12,868	25,7350
193,8542	12,870	25,7400
193,9453	12,873	25,7450
194,0286	12,875	25,7500
194,1116	12,878	25,7550
194,2082	12,880	25,7600
194,2720	12,883	25,7650
194,3691	12,885	25,7700
194,4495	12,888	25,7750
194,5218	12,890	25,7800
194,6039	12,893	25,7850
194,6832	12,895	25,7900
194,7569	12,898	25,7950
194,8547	12,900	25,8000
194,9162	12,903	25,8050
195,0050	12,905	25,8100
195,0886	12,908	25,8150
195,1625	12,910	25,8200
195,2517	12,913	25,8250
195,3264	12,915	25,8300
195,4105	12,918	25,8350
195,5140	12,920	25,8400
195,5951	12,923	25,8450
195,6854	12,925	25,8500
195,7614	12,928	25,8550
195,8407	12,930	25,8600
195,9275	12,933	25,8650
196,0111	12,935	25,8700
196,0963	12,938	25,8750
196,1928	12,940	25,8800
196,2548	12,943	25,8850
196,3467	12,945	25,8900
196,4358	12,948	25,8950
196,5122	12,950	25,9000
196,6078	12,953	25,9050
196,6957	12,955	25,9100
196,7738	12,958	25,9150
196,8625	12,960	25,9200
196,9372	12,963	25,9250
197,0312	12,965	25,9300
197,1125	12,968	25,9350
197,1874	12,970	25,9400
197,2716	12,973	25,9450
197,3581	12,975	25,9500
197,4385	12,978	25,9550
197,5354	12,980	25,9600
197,6066	12,983	25,9650
197,6991	12,985	25,9700
197,7758	12,988	25,9750
197,8548	12,990	25,9800
197,9500	12,993	25,9850
198,0304	12,995	25,9900
198,1091	12,998	25,9950
198,2000	13,000	26,0000
198,2651	13,003	26,0050
198,3560	13,005	26,0100
198,4428	13,008	26,0150
198,5156	13,010	26,0200
198,6003	13,013	26,0250
198,6744	13,015	26,0300
198,7482	13,018	26,0350
198,8480	13,020	26,0400
198,9180	13,023	26,0450
199,0145	13,025	26,0500
199,0983	13,028	26,0550
199,1762	13,030	26,0600
199,2626	13,033	26,0650
199,3490	13,035	26,0700
199,4288	13,038	26,0750
199,5305	13,040	26,0800
199,6075	13,043	26,0850
199,6982	13,045	26,0900
199,7831	13,048	26,0950
199,8593	13,050	26,1000
199,9501	13,053	26,1050
200,0284	13,055	26,1100
200,1106	13,058	26,1150
200,2084	13,060	26,1200
200,2819	13,063	26,1250
200,3693	13,065	26,1300
200,4572	13,068	26,1350
200,5356	13,070	26,1400
200,6221	13,073	26,1450
200,7070	13,075	26,1500
200,7926	13,078	26,1550
200,8960	13,080	26,1600
200,9674	13,083	26,1650
201,0598	13,085	26,1700
201,1418	13,088	26,1750
201,2167	13,090	26,1800
201,3013	13,093	26,1850
201,3963	13,095	26,1900
201,4805	13,098	26,1950
201,5731	13,100	26,2000
201,6363	13,103	26,2050
201,7302	13,105	26,2100
201,8148	13,108	26,2150
201,8934	13,110	26,2200
201,9867	13,113	26,2250
202,0635	13,115	26,2300
202,1449	13,118	26,2350
202,2484	13,120	26,2400
202,3266	13,123	26,2450
202,4272	13,125	26,2500
202,5079	13,128	26,2550
202,5716	13,130	26,2600
202,6552	13,133	26,2650
202,7409	13,135	26,2700
202,8237	13,138	26,2750
202,9184	13,140	26,2800
202,9894	13,143	26,2850
203,0810	13,145	26,2900
203,1610	13,148	26,2950
203,2377	13,150	26,3000
203,3237	13,153	26,3050
203,4000	13,155	26,3100
203,4949	13,158	26,3150
203,5879	13,160	26,3200
203,6578	13,163	26,3250
203,7587	13,165	26,3300
203,8482	13,168	26,3350
203,9218	13,170	26,3400
204,0115	13,173	26,3450
204,0984	13,175	26,3500
204,1808	13,178	26,3550
204,2809	13,180	26,3600
204,3476	13,183	26,3650
204,4449	13,185	26,3700
204,5254	13,188	26,3750
204,6018	13,190	26,3800
204,7005	13,193	26,3850
204,7878	13,195	26,3900
204,8707	13,198	26,3950
204,9707	13,200	26,4000
205,0438	13,203	26,4050
205,1295	13,205	26,4100
205,2163	13,208	26,4150
205,2896	13,210	26,4200
205,3825	13,213	26,4250
205,4664	13,215	26,4300
205,5530	13,218	26,4350
205,6560	13,220	26,4400
205,7270	13,223	26,4450
205,8135	13,225	26,4500
205,8974	13,228	26,4550
205,9728	13,230	26,4600
206,0648	13,233	26,4650
206,1545	13,235	26,4700
206,2311	13,238	26,4750
206,3303	13,240	26,4800
206,4113	13,243	26,4850
206,5053	13,245	26,4900
206,5891	13,248	26,4950
206,6586	13,250	26,5000
206,7503	13,253	26,5050
206,8434	13,255	26,5100
206,9299	13,258	26,5150
207,0221	13,260	26,5200
207,0915	13,263	26,5250
207,1762	13,265	26,5300
207,2559	13,268	26,5350
207,3362	13,270	26,5400
207,4288	13,273	26,5450
207,5135	13,275	26,5500
207,5935	13,278	26,5550
207,6919	13,280	26,5600
207,7623	13,283	26,5650
207,8589	13,285	26,5700
207,9395	13,288	26,5750
208,0158	13,290	26,5800
208,1106	13,293	26,5850
208,2007	13,295	26,5900
208,2799	13,298	26,5950
208,3830	13,300	26,6000
208,4527	13,303	26,6050
208,5460	13,305	26,6100
208,6353	13,308	26,6150
208,7151	13,310	26,6200
208,8141	13,313	26,6250
208,9006	13,315	26,6300
208,9777	13,318	26,6350
209,0760	13,320	26,6400
209,1541	13,323	26,6450
209,2557	13,325	26,6500
209,3376	13,328	26,6550
209,4177	13,330	26,6600
209,5095	13,333	26,6650
209,5884	13,335	26,6700
209,6639	13,338	26,6750
209,7690	13,340	26,6800
209,8472	13,343	26,6850
209,9425	13,345	26,6900
210,0264	13,348	26,6950
210,1007	13,350	26,7000
210,1981	13,353	26,7050
210,2824	13,355	26,7100
210,3672	13,358	26,7150
210,4545	13,360	26,7200
210,5360	13,363	26,7250
210,6364	13,365	26,7300
210,7274	13,368	26,7350
210,7987	13,370	26,7400
210,8794	13,373	26,7450
210,9663	13,375	26,7500
211,0467	13,378	26,7550
211,1429	13,380	26,7600
211,2116	13,383	26,7650
211,3145	13,385	26,7700
211,4045	13,388	26,7750
211,4903	13,390	26,7800
211,5776	13,393	26,7850
211,6584	13,395	26,7900
211,7267	13,398	26,7950
211,8264	13,400	26,8000
211,9106	13,403	26,8050
212,0075	13,405	26,8100
212,0881	13,408	26,8150
212,1594	13,410	26,8200
212,2510	13,413	26,8250
212,3435	13,415	26,8300
212,4304	13,418	26,8350
212,5304	13,420	26,8400
212,6063	13,423	26,8450
212,6965	13,425	26,8500
212,7805	13,428	26,8550
212,8688	13,430	26,8600
212,9615	13,433	26,8650
213,0458	13,435	26,8700
213,1307	13,438	26,8750
213,2328	13,440	26,8800
213,3076	13,443	26,8850
213,4101	13,445	26,8900
213,4888	13,448	26,8950
213,5678	13,450	26,9000
213,6618	13,453	26,9050
213,7536	13,455	26,9100
213,8372	13,458	26,9150
213,9339	13,460	26,9200
214,0060	13,463	26,9250
214,1032	13,465	26,9300
214,1854	13,468	26,9350
214,2655	13,470	26,9400
214,3631	13,473	26,9450
214,4533	13,475	26,9500
214,5405	13,478	26,9550
214,6446	13,480	26,9600
214,7162	13,483	26,9650
214,8144	13,485	26,9700
214,8931	13,488	26,9750
214,9749	13,490	26,9800
215,0634	13,493	26,9850
215,1539	13,495	26,9900
215,2367	13,498	26,9950
215,3371	13,500	27,0000
215,4082	13,503	27,0050
215,5046	13,505	27,0100
215,5885	13,508	27,0150
215,6631	13,510	27,0200
215,7568	13,513	27,0250
215,8397	13,515	27,0300
215,9276	13,518	27,0350
216,0279	13,520	27,0400
216,0996	13,523	27,0450
216,2019	13,525	27,0500
216,2884	13,528	27,0550
216,3591	13,530	27,0600
216,4478	13,533	27,0650
216,5353	13,535	27,0700
216,6150	13,538	27,0750
216,7208	13,540	27,0800
216,7968	13,543	27,0850
216,8893	13,545	27,0900
216,9788	13,548	27,0950
217,0594	13,550	27,1000
217,1539	13,553	27,1050
217,2376	13,555	27,1100
217,3238	13,558	27,1150
217,4217	13,560	27,1200
217,5062	13,563	27,1250
217,6023	13,565	27,1300
217,6889	13,568	27,1350
217,7639	13,570	27,1400
217,8582	13,573	27,1450
217,9533	13,575	27,1500
218,0309	13,578	27,1550
218,1324	13,580	27,1600
218,2053	13,583	27,1650
218,3013	13,585	27,1700
218,3900	13,588	27,1750
218,4748	13,590	27,1800
218,5677	13,593	27,1850
218,6543	13,595	27,1900
218,7424	13,598	27,1950
218,8481	13,600	27,2000
218,9313	13,603	27,2050
219,0321	13,605	27,2100
219,1117	13,608	27,2150
219,1866	13,610	27,2200
219,2775	13,613	27,2250
219,3611	13,615	27,2300
219,4499	13,618	27,2350
219,5490	13,620	27,2400
219,6158	13,623	27,2450
219,7112	13,625	27,2500
219,7960	13,628	27,2550
219,8741	13,630	27,2600
219,9693	13,633	27,2650
220,0614	13,635	27,2700
220,1475	13,638	27,2750
220,2450	13,640	27,2800
220,3201	13,643	27,2850
220,4145	13,645	27,2900
220,5019	13,648	27,2950
220,5787	13,650	27,3000
220,6672	13,653	27,3050
220,7528	13,655	27,3100
220,8442	13,658	27,3150
220,9445	13,660	27,3200
221,0167	13,663	27,3250
221,1128	13,665	27,3300
221,2001	13,668	27,3350
221,2874	13,670	27,3400
221,3836	13,673	27,3450
221,4756	13,675	27,3500
221,5562	13,678	27,3550
221,6647	13,680	27,3600
221,7484	13,683	27,3650
221,8506	13,685	27,3700
221,9250	13,688	27,3750
222,0053	13,690	27,3800
222,0975	13,693	27,3850
222,1961	13,695	27,3900
222,2810	13,698	27,3950
222,3847	13,700	27,4000
222,4538	13,703	27,4050
222,5460	13,705	27,4100
222,6345	13,708	27,4150
222,7170	13,710	27,4200
222,8183	13,713	27,4250
222,9073	13,715	27,4300
222,9939	13,718	27,4350
223,0916	13,720	27,4400
223,1826	13,723	27,4450
223,2882	13,725	27,4500
223,3674	13,728	27,4550
223,4443	13,730	27,4600
223,5342	13,733	27,4650
223,6200	13,735	27,4700
223,7097	13,738	27,4750
223,8175	13,740	27,4800
223,8986	13,743	27,4850
223,9948	13,745	27,4900
224,0791	13,748	27,4950
224,1496	13,750	27,5000
224,2403	13,753	27,5050
224,3346	13,755	27,5100
224,4288	13,758	27,5150
224,5222	13,760	27,5200
224,6010	13,763	27,5250
224,7002	13,765	27,5300
224,7838	13,768	27,5350
224,8605	13,770	27,5400
224,9532	13,773	27,5450
225,0416	13,775	27,5500
225,1217	13,778	27,5550
225,2266	13,780	27,5600
225,3021	13,783	27,5650
225,4022	13,785	27,5700
225,4886	13,788	27,5750
225,5681	13,790	27,5800
225,6645	13,793	27,5850
225,7574	13,795	27,5900
225,8467	13,798	27,5950
225,9528	13,800	27,6000
226,0392	13,803	27,6050
226,1375	13,805	27,6100
226,2174	13,808	27,6150
226,2941	13,810	27,6200
226,3903	13,813	27,6250
226,4810	13,815	27,6300
226,5684	13,818	27,6350
226,6791	13,820	27,6400
226,7629	13,823	27,6450
226,8636	13,825	27,6500
226,9517	13,828	27,6550
227,0348	13,830	27,6600
227,1352	13,833	27,6650
227,2268	13,835	27,6700
227,3051	13,838	27,6750
227,4156	13,840	27,6800
227,5073	13,843	27,6850
227,6089	13,845	27,6900
227,6921	13,848	27,6950
227,7680	13,850	27,7000
227,8652	13,853	27,7050
227,9562	13,855	27,7100
228,0464	13,858	27,7150
228,1557	13,860	27,7200
228,2299	13,863	27,7250
228,3207	13,865	27,7300
228,4079	13,868	27,7350
228,4843	13,870	27,7400
228,5771	13,873	27,7450
228,6672	13,875	27,7500
228,7510	13,878	27,7550
228,8541	13,880	27,7600
228,9379	13,883	27,7650
229,0449	13,885	27,7700
229,1282	13,888	27,7750
229,1994	13,890	27,7800
229,2841	13,893	27,7850
229,3805	13,895	27,7900
229,4681	13,898	27,7950
229,5667	13,900	27,8000
229,6336	13,903	27,8050
229,7290	13,905	27,8100
229,8179	13,908	27,8150
229,9033	13,910	27,8200
229,9992	13,913	27,8250
230,0868	13,915	27,8300
230,1784	13,918	27,8350
230,2839	13,920	27,8400
230,3687	13,923	27,8450
230,4690	13,925	27,8500
230,5574	13,928	27,8550
230,6336	13,930	27,8600
230,7319	13,933	27,8650
230,8236	13,935	27,8700
230,9103	13,938	27,8750
231,0130	13,940	27,8800
231,0884	13,943	27,8850
231,1819	13,945	27,8900
231,2773	13,948	27,8950
231,3619	13,950	27,9000
231,4595	13,953	27,9050
231,5482	13,955	27,9100
231,6430	13,958	27,9150
231,7453	13,960	27,9200
231,8335	13,963	27,9250
231,9358	13,965	27,9300
232,0272	13,968	27,9350
232,1072	13,970	27,9400
232,1995	13,973	27,9450
232,2961	13,975	27,9500
232,3835	13,978	27,9550
232,4865	13,980	27,9600
232,5634	13,983	27,9650
232,6693	13,985	27,9700
232,7618	13,988	27,9750
232,8503	13,990	27,9800
232,9463	13,993	27,9850
233,0307	13,995	27,9900
233,1174	13,998	27,9950
233,2218	14,000	28,0000
233,3032	14,003	28,0050
233,4026	14,005	28,0100
233,4914	14,008	28,0150
233,5639	14,010	28,0200
233,6571	14,013	28,0250
233,7541	14,015	28,0300
233,8441	14,018	28,0350
233,9488	14,020	28,0400
234,0238	14,023	28,0450
234,1151	14,025	28,0500
234,1978	14,028	28,0550
234,2797	14,030	28,0600
234,3834	14,033	28,0650
234,4741	14,035	28,0700
234,5613	14,038	28,0750
234,6727	14,040	28,0800
234,7634	14,043	28,0850
234,8704	14,045	28,0900
234,9709	14,048	28,0950
235,0531	14,050	28,1000
235,1412	14,053	28,1050
235,2338	14,055	28,1100
235,3307	14,058	28,1150
235,4316	14,060	28,1200
235,5156	14,063	28,1250
235,6177	14,065	28,1300
235,7082	14,068	28,1350
235,7905	14,070	28,1400
235,8978	14,073	28,1450
235,9940	14,075	28,1500
236,0767	14,078	28,1550
236,1825	14,080	28,1600
236,2690	14,083	28,1650
236,3740	14,085	28,1700
236,4596	14,088	28,1750
236,5515	14,090	28,1800
236,6480	14,093	28,1850
236,7373	14,095	28,1900
236,8228	14,098	28,1950
236,9292	14,100	28,2000
237,0059	14,103	28,2050
237,1028	14,105	28,2100
237,1922	14,108	28,2150
237,2802	14,110	28,2200
237,3827	14,113	28,2250
237,4745	14,115	28,2300
237,5696	14,118	28,2350
237,6788	14,120	28,2400
237,7643	14,123	28,2450
237,8672	14,125	28,2500
237,9496	14,128	28,2550
238,0256	14,130	28,2600
238,1162	14,133	28,2650
238,2182	14,135	28,2700
238,3094	14,138	28,2750
238,4112	14,140	28,2800
238,4883	14,143	28,2850
238,5893	14,145	28,2900
238,6810	14,148	28,2950
238,7572	14,150	28,3000
238,8561	14,153	28,3050
238,9443	14,155	28,3100
239,0295	14,158	28,3150
239,1363	14,160	28,3200
239,2240	14,163	28,3250
239,3198	14,165	28,3300
239,4125	14,168	28,3350
239,4914	14,170	28,3400
239,5817	14,173	28,3450
239,6709	14,175	28,3500
239,7575	14,178	28,3550
239,8718	14,180	28,3600
239,9511	14,183	28,3650
240,0597	14,185	28,3700
240,1530	14,188	28,3750
240,2354	14,190	28,3800
240,3257	14,193	28,3850
240,4242	14,195	28,3900
240,5118	14,198	28,3950
240,6242	14,200	28,4000
240,7152	14,203	28,4050
240,8189	14,205	28,4100
240,9099	14,208	28,4150
240,9877	14,210	28,4200
241,0772	14,213	28,4250
241,1748	14,215	28,4300
241,2683	14,218	28,4350
241,3727	14,220	28,4400
241,4587	14,223	28,4450
241,5628	14,225	28,4500
241,6551	14,228	28,4550
241,7504	14,230	28,4600
241,8554	14,233	28,4650
241,9506	14,235	28,4700
242,0289	14,238	28,4750
242,1346	14,240	28,4800
242,2230	14,243	28,4850
242,3315	14,245	28,4900
242,4261	14,248	28,4950
242,5094	14,250	28,5000
242,6072	14,253	28,5050
242,7014	14,255	28,5100
242,7975	14,258	28,5150
242,9087	14,260	28,5200
242,9932	14,263	28,5250
243,0919	14,265	28,5300
243,1797	14,268	28,5350
243,2632	14,270	28,5400
243,3544	14,273	28,5450
243,4500	14,275	28,5500
243,5446	14,278	28,5550
243,6559	14,280	28,5600
243,7430	14,283	28,5650
243,8514	14,285	28,5700
243,9363	14,288	28,5750
244,0228	14,290	28,5800
244,1147	14,293	28,5850
244,2051	14,295	28,5900
244,2981	14,298	28,5950
244,4046	14,300	28,6000
244,4729	14,303	28,6050
244,5719	14,305	28,6100
244,6668	14,308	28,6150
244,7575	14,310	28,6200
244,8641	14,313	28,6250
244,9597	14,315	28,6300
245,0467	14,318	28,6350
245,1582	14,320	28,6400
245,2557	14,323	28,6450
245,3619	14,325	28,6500
245,4584	14,328	28,6550
245,5392	14,330	28,6600
245,6330	14,333	28,6650
245,7313	14,335	28,6700
245,8194	14,338	28,6750
245,9238	14,340	28,6800
246,0063	14,343	28,6850
246,1082	14,345	28,6900
246,2036	14,348	28,6950
246,2919	14,350	28,7000
246,3964	14,353	28,7050
246,4932	14,355	28,7100
246,5918	14,358	28,7150
246,6978	14,360	28,7200
246,7866	14,363	28,7250
246,8883	14,365	28,7300
246,9885	14,368	28,7350
247,0639	14,370	28,7400
247,1576	14,373	28,7450
247,2555	14,375	28,7500
247,3510	14,378	28,7550
247,4592	14,380	28,7600
247,5387	14,383	28,7650
247,6402	14,385	28,7700
247,7239	14,388	28,7750
247,8100	14,390	28,7800
247,9109	14,393	28,7850
248,0084	14,395	28,7900
248,0936	14,398	28,7950
248,1959	14,400	28,8000
248,2852	14,403	28,8050
248,3938	14,405	28,8100
248,4818	14,408	28,8150
248,5536	14,410	28,8200
248,6480	14,413	28,8250
248,7498	14,415	28,8300
248,8419	14,418	28,8350
248,9525	14,420	28,8400
249,0433	14,423	28,8450
249,1441	14,425	28,8500
249,2306	14,428	28,8550
249,3185	14,430	28,8600
249,4181	14,433	28,8650
249,5205	14,435	28,8700
249,6156	14,438	28,8750
249,7269	14,440	28,8800
249,8200	14,443	28,8850
249,9307	14,445	28,8900
250,0240	14,448	28,8950
250,1011	14,450	28,9000
250,1991	14,453	28,9050
250,3019	14,455	28,9100
250,4054	14,458	28,9150
250,5137	14,460	28,9200
250,6028	14,463	28,9250
250,7063	14,465	28,9300
250,7994	14,468	28,9350
250,8846	14,470	28,9400
250,9899	14,473	28,9450
251,0900	14,475	28,9500
251,1849	14,478	28,9550
251,2950	14,480	28,9600
251,3878	14,483	28,9650
251,5018	14,485	28,9700
251,5868	14,488	28,9750
251,6591	14,490	28,9800
251,7543	14,493	28,9850
251,8620	14,495	28,9900
251,9552	14,498	28,9950
252,0647	14,500	29,0000
252,1477	14,503	29,0050
252,2446	14,505	29,0100
252,3438	14,508	29,0150
252,4351	14,510	29,0200
252,5343	14,513	29,0250
252,6283	14,515	29,0300
252,7219	14,518	29,0350
252,8286	14,520	29,0400
252,9156	14,523	29,0450
253,0206	14,525	29,0500
253,1190	14,528	29,0550
253,2026	14,530	29,0600
253,2941	14,533	29,0650
253,4003	14,535	29,0700
253,4947	14,538	29,0750
253,5985	14,540	29,0800
253,6782	14,543	29,0850
253,7831	14,545	29,0900
253,8777	14,548	29,0950
253,9639	14,550	29,1000
254,0650	14,553	29,1050
254,1580	14,555	29,1100
254,2535	14,558	29,1150
254,3680	14,560	29,1200
254,4589	14,563	29,1250
254,5703	14,565	29,1300
254,6728	14,568	29,1350
254,7540	14,570	29,1400
254,8551	14,573	29,1450
254,9523	14,575	29,1500
255,0450	14,578	29,1550
255,1623	14,580	29,1600
255,2447	14,583	29,1650
255,3447	14,585	29,1700
255,4403	14,588	29,1750
255,5375	14,590	29,1800
255,6405	14,593	29,1850
255,7468	14,595	29,1900
255,8393	14,598	29,1950
255,9477	14,600	29,2000
256,0354	14,603	29,2050
256,1445	14,605	29,2100
256,2459	14,608	29,2150
256,3297	14,610	29,2200
256,4280	14,613	29,2250
256,5292	14,615	29,2300
256,6235	14,618	29,2350
256,7375	14,620	29,2400
256,8181	14,623	29,2450
256,9280	14,625	29,2500
257,0216	14,628	29,2550
257,1109	14,630	29,2600
257,2163	14,633	29,2650
257,3123	14,635	29,2700
257,3992	14,638	29,2750
257,5170	14,640	29,2800
257,6103	14,643	29,2850
257,7206	14,645	29,2900
257,8224	14,648	29,2950
257,9006	14,650	29,3000
257,9988	14,653	29,3050
258,0987	14,655	29,3100
258,1926	14,658	29,3150
258,2925	14,660	29,3200
258,3733	14,663	29,3250
258,4785	14,665	29,3300
258,5768	14,668	29,3350
258,6601	14,670	29,3400
258,7637	14,673	29,3450
258,8691	14,675	29,3500
258,9643	14,678	29,3550
259,0810	14,680	29,3600
259,1785	14,683	29,3650
259,2921	14,685	29,3700
259,3799	14,688	29,3750
259,4614	14,690	29,3800
259,5573	14,693	29,3850
259,6673	14,695	29,3900
259,7674	14,698	29,3950
259,8796	14,700	29,4000
259,9567	14,703	29,4050
260,0577	14,705	29,4100
260,1662	14,708	29,4150
260,2623	14,710	29,4200
260,3647	14,713	29,4250
260,4617	14,715	29,4300
260,5585	14,718	29,4350
260,6725	14,720	29,4400
260,7658	14,723	29,4450
260,8729	14,725	29,4500
260,9710	14,728	29,4550
261,0536	14,730	29,4600
261,1499	14,733	29,4650
261,2487	14,735	29,4700
261,3532	14,738	29,4750
261,4725	14,740	29,4800
261,5559	14,743	29,4850
261,6532	14,745	29,4900
261,7511	14,748	29,4950
261,8504	14,750	29,5000
261,9550	14,753	29,5050
262,0491	14,755	29,5100
262,1443	14,758	29,5150
262,2518	14,760	29,5200
262,3429	14,763	29,5250
262,4471	14,765	29,5300
262,5408	14,768	29,5350
262,6253	14,770	29,5400
262,7174	14,773	29,5450
262,8104	14,775	29,5500
262,9068	14,778	29,5550
263,0173	14,780	29,5600
263,1033	14,783	29,5650
263,2160	14,785	29,5700
263,3140	14,788	29,5750
263,4079	14,790	29,5800
263,5162	14,793	29,5850
263,6082	14,795	29,5900
263,7014	14,798	29,5950
263,8118	14,800	29,6000
263,9083	14,803	29,6050
264,0207	14,805	29,6100
264,1229	14,808	29,6150
264,2073	14,810	29,6200
264,3014	14,813	29,6250
264,4056	14,815	29,6300
264,5068	14,818	29,6350
264,6169	14,820	29,6400
264,7060	14,823	29,6450
264,8142	14,825	29,6500
264,9133	14,828	29,6550
265,0027	14,830	29,6600
265,1051	14,833	29,6650
265,2209	14,835	29,6700
265,3158	14,838	29,6750
265,4263	14,840	29,6800
265,5213	14,843	29,6850
265,6404	14,845	29,6900
265,7396	14,848	29,6950
265,8204	14,850	29,7000
265,9142	14,853	29,7050
266,0241	14,855	29,7100
266,1273	14,858	29,7150
266,2403	14,860	29,7200
266,3273	14,863	29,7250
266,4294	14,865	29,7300
266,5278	14,868	29,7350
266,6198	14,870	29,7400
266,7258	14,873	29,7450
266,8254	14,875	29,7500
266,9211	14,878	29,7550
267,0347	14,880	29,7600
267,1277	14,883	29,7650
267,2328	14,885	29,7700
267,3190	14,888	29,7750
267,4042	14,890	29,7800
267,5059	14,893	29,7850
267,6076	14,895	29,7900
267,7040	14,898	29,7950
267,8148	14,900	29,8000
267,9014	14,903	29,8050
268,0048	14,905	29,8100
268,1012	14,908	29,8150
268,1915	14,910	29,8200
268,2975	14,913	29,8250
268,3996	14,915	29,8300
268,4986	14,918	29,8350
268,6126	14,920	29,8400
268,7058	14,923	29,8450
268,8153	14,925	29,8500
268,9172	14,928	29,8550
269,0141	14,930	29,8600
269,1146	14,933	29,8650
269,2186	14,935	29,8700
269,3174	14,938	29,8750
269,4319	14,940	29,8800
269,5228	14,943	29,8850
269,6302	14,945	29,8900
269,7279	14,948	29,8950
269,8247	14,950	29,9000
269,9362	14,953	29,9050
270,0290	14,955	29,9100
270,1210	14,958	29,9150
270,2367	14,960	29,9200
270,3365	14,963	29,9250
270,4473	14,965	29,9300
270,5513	14,968	29,9350
270,6375	14,970	29,9400
270,7364	14,973	29,9450
270,8408	14,975	29,9500
270,9461	14,978	29,9550
271,0601	14,980	29,9600
271,1399	14,983	29,9650
271,2470	14,985	29,9700
271,3525	14,988	29,9750
271,4533	14,990	29,9800
271,5548	14,993	29,9850
271,6511	14,995	29,9900
271,7502	14,998	29,9950
271,8689	15,000	30,0000
271,9592	15,003	30,0050
272,0682	15,005	30,0100
272,1725	15,008	30,0150
272,2536	15,010	30,0200
272,3438	15,013	30,0250
272,4517	15,015	30,0300
272,5538	15,018	30,0350
272,6640	15,020	30,0400
272,7460	15,023	30,0450
272,8532	15,025	30,0500
272,9495	15,028	30,0550
273,0510	15,030	30,0600
273,1649	15,033	30,0650
273,2745	15,035	30,0700
273,3724	15,038	30,0750
273,4881	15,040	30,0800
273,5861	15,043	30,0850
273,7016	15,045	30,0900
273,8072	15,048	30,0950
273,8982	15,050	30,1000
274,0072	15,053	30,1050
274,1157	15,055	30,1100
274,2237	15,058	30,1150
274,3329	15,060	30,1200
274,4233	15,063	30,1250
274,5309	15,065	30,1300
274,6335	15,068	30,1350
274,7302	15,070	30,1400
274,8468	15,073	30,1450
274,9551	15,075	30,1500
275,0475	15,078	30,1550
275,1679	15,080	30,1600
275,2630	15,083	30,1650
275,3821	15,085	30,1700
275,4806	15,088	30,1750
275,5809	15,090	30,1800
275,6863	15,093	30,1850
275,7922	15,095	30,1900
275,8917	15,098	30,1950
276,0099	15,100	30,2000
276,0961	15,103	30,2050
276,1980	15,105	30,2100
276,2937	15,108	30,2150
276,3976	15,110	30,2200
276,5110	15,113	30,2250
276,6150	15,115	30,2300
276,7186	15,118	30,2350
276,8342	15,120	30,2400
276,9361	15,123	30,2450
277,0514	15,125	30,2500
277,1533	15,128	30,2550
277,2462	15,130	30,2600
277,3393	15,133	30,2650
277,4422	15,135	30,2700
277,5428	15,138	30,2750
277,6646	15,140	30,2800
277,7454	15,143	30,2850
277,8513	15,145	30,2900
277,9544	15,148	30,2950
278,0533	15,150	30,3000
278,1621	15,153	30,3050
278,2618	15,155	30,3100
278,3577	15,158	30,3150
278,4718	15,160	30,3200
278,5685	15,163	30,3250
278,6759	15,165	30,3300
278,7704	15,168	30,3350
278,8548	15,170	30,3400
278,9586	15,173	30,3450
279,0677	15,175	30,3500
279,1739	15,178	30,3550
279,2977	15,180	30,3600
279,3874	15,183	30,3650
279,4929	15,185	30,3700
279,5980	15,188	30,3750
279,6984	15,190	30,3800
279,8109	15,193	30,3850
279,9149	15,195	30,3900
280,0127	15,198	30,3950
280,1357	15,200	30,4000
280,2412	15,203	30,4050
280,3545	15,205	30,4100
280,4581	15,208	30,4150
280,5477	15,210	30,4200
280,6574	15,213	30,4250
280,7656	15,215	30,4300
280,8693	15,218	30,4350
280,9854	15,220	30,4400
281,0761	15,223	30,4450
281,1796	15,225	30,4500
281,2795	15,228	30,4550
281,3798	15,230	30,4600
281,4934	15,233	30,4650
281,5993	15,235	30,4700
281,6969	15,238	30,4750
281,8218	15,240	30,4800
281,9155	15,243	30,4850
282,0322	15,245	30,4900
282,1376	15,248	30,4950
282,2301	15,250	30,5000
282,3372	15,253	30,5050
282,4460	15,255	30,5100
282,5478	15,258	30,5150
282,6577	15,260	30,5200
282,7491	15,263	30,5250
282,8518	15,265	30,5300
282,9511	15,268	30,5350
283,0428	15,270	30,5400
283,1506	15,273	30,5450
283,2572	15,275	30,5500
283,3527	15,278	30,5550
283,4779	15,280	30,5600
283,5849	15,283	30,5650
283,7024	15,285	30,5700
283,8048	15,288	30,5750
283,8964	15,290	30,5800
283,9937	15,293	30,5850
284,0888	15,295	30,5900
284,1882	15,298	30,5950
284,3129	15,300	30,6000
284,4078	15,303	30,6050
284,5086	15,305	30,6100
284,6167	15,308	30,6150
284,7241	15,310	30,6200
284,8461	15,313	30,6250
284,9507	15,315	30,6300
285,0499	15,318	30,6350
285,1672	15,320	30,6400
285,2784	15,323	30,6450
285,3976	15,325	30,6500
285,5060	15,328	30,6550
285,5958	15,330	30,6600
285,7007	15,333	30,6650
285,8131	15,335	30,6700
285,9203	15,338	30,6750
286,0460	15,340	30,6800
286,1336	15,343	30,6850
286,2363	15,345	30,6900
286,3468	15,348	30,6950
286,4587	15,350	30,7000
286,5680	15,353	30,7050
286,6689	15,355	30,7100
286,7726	15,358	30,7150
286,8942	15,360	30,7200
286,9939	15,363	30,7250
287,1061	15,365	30,7300
287,2130	15,368	30,7350
287,3052	15,370	30,7400
287,4081	15,373	30,7450
287,5174	15,375	30,7500
287,6119	15,378	30,7550
287,7240	15,380	30,7600
287,8175	15,383	30,7650
287,9249	15,385	30,7700
288,0306	15,388	30,7750
288,1356	15,390	30,7800
288,2449	15,393	30,7850
288,3538	15,395	30,7900
288,4423	15,398	30,7950
288,5586	15,400	30,8000
288,6659	15,403	30,8050
288,7821	15,405	30,8100
288,8872	15,408	30,8150
288,9792	15,410	30,8200
289,0767	15,413	30,8250
289,1787	15,415	30,8300
289,2808	15,418	30,8350
289,3999	15,420	30,8400
289,4952	15,423	30,8450
289,6131	15,425	30,8500
289,7204	15,428	30,8550
289,8214	15,430	30,8600
289,9360	15,433	30,8650
290,0460	15,435	30,8700
290,1461	15,438	30,8750
290,2677	15,440	30,8800
290,3803	15,443	30,8850
290,4987	15,445	30,8900
290,6055	15,448	30,8950
290,6951	15,450	30,9000
290,8014	15,453	30,9050
290,9215	15,455	30,9100
291,0364	15,458	30,9150
291,1608	15,460	30,9200
291,2535	15,463	30,9250
291,3698	15,465	30,9300
291,4819	15,468	30,9350
291,5829	15,470	30,9400
291,6900	15,473	30,9450
291,8055	15,475	30,9500
291,9186	15,478	30,9550
292,0503	15,480	30,9600
292,1509	15,483	30,9650
292,2737	15,485	30,9700
292,3796	15,488	30,9750
292,4799	15,490	30,9800
292,5863	15,493	30,9850
292,7021	15,495	30,9900
292,8095	15,498	30,9950
292,9283	15,500	31,0000
293,0187	15,503	31,0050
293,1356	15,505	31,0100
293,2445	15,508	31,0150
293,3439	15,510	31,0200
293,4617	15,513	31,0250
293,5651	15,515	31,0300
293,6576	15,518	31,0350
293,7767	15,520	31,0400
293,8920	15,523	31,0450
294,0109	15,525	31,0500
294,1105	15,528	31,0550
294,1965	15,530	31,0600
294,2965	15,533	31,0650
294,4076	15,535	31,0700
294,5162	15,538	31,0750
294,6395	15,540	31,0800
294,7309	15,543	31,0850
294,8352	15,545	31,0900
294,9435	15,548	31,0950
295,0437	15,550	31,1000
295,1582	15,553	31,1050
295,2734	15,555	31,1100
295,3857	15,558	31,1150
295,5023	15,560	31,1200
295,6086	15,563	31,1250
295,7209	15,565	31,1300
295,8358	15,568	31,1350
295,9351	15,570	31,1400
296,0458	15,573	31,1450
296,1619	15,575	31,1500
296,2682	15,578	31,1550
296,3926	15,580	31,1600
296,4932	15,583	31,1650
296,6080	15,585	31,1700
296,7157	15,588	31,1750
296,8239	15,590	31,1800
296,9414	15,593	31,1850
297,0613	15,595	31,1900
297,1683	15,598	31,1950
297,2891	15,600	31,2000
297,3913	15,603	31,2050
297,5103	15,605	31,2100
297,6197	15,608	31,2150
297,7143	15,610	31,2200
297,8278	15,613	31,2250
297,9477	15,615	31,2300
298,0539	15,618	31,2350
298,1704	15,620	31,2400
298,2605	15,623	31,2450
298,3750	15,625	31,2500
298,4881	15,628	31,2550
298,5889	15,630	31,2600
298,6981	15,633	31,2650
298,8125	15,635	31,2700
298,9133	15,638	31,2750
299,0378	15,640	31,2800
299,1402	15,643	31,2850
299,2561	15,645	31,2900
299,3635	15,648	31,2950
299,4557	15,650	31,3000
299,5726	15,653	31,3050
299,6905	15,655	31,3100
299,7921	15,658	31,3150
299,9094	15,660	31,3200
300,0025	15,663	31,3250
300,1097	15,665	31,3300
300,2138	15,668	31,3350
300,3163	15,670	31,3400
300,4352	15,673	31,3450
300,5511	15,675	31,3500
300,6564	15,678	31,3550
300,7857	15,680	31,3600
300,9035	15,683	31,3650
301,0259	15,685	31,3700
301,1310	15,688	31,3750
301,2308	15,690	31,3800
301,3379	15,693	31,3850
301,4538	15,695	31,3900
301,5633	15,698	31,3950
301,6933	15,700	31,4000
301,7969	15,703	31,4050
301,9079	15,705	31,4100
302,0301	15,708	31,4150
302,1384	15,710	31,4200
302,2517	15,713	31,4250
302,3672	15,715	31,4300
302,4777	15,718	31,4350
302,6052	15,720	31,4400
302,7222	15,723	31,4450
302,8458	15,725	31,4500
302,9537	15,728	31,4550
303,0598	15,730	31,4600
303,1670	15,733	31,4650
303,2792	15,735	31,4700
303,3864	15,738	31,4750
303,5162	15,740	31,4800
303,6132	15,743	31,4850
303,7229	15,745	31,4900
303,8313	15,748	31,4950
303,9391	15,750	31,5000
304,0548	15,753	31,5050
304,1724	15,755	31,5100
304,2870	15,758	31,5150
304,4105	15,760	31,5200
304,5158	15,763	31,5250
304,6324	15,765	31,5300
304,7442	15,768	31,5350
304,8338	15,770	31,5400
304,9433	15,773	31,5450
305,0649	15,775	31,5500
305,1725	15,778	31,5550
305,2880	15,780	31,5600
305,3813	15,783	31,5650
305,4876	15,785	31,5700
305,5880	15,788	31,5750
305,6919	15,790	31,5800
305,8090	15,793	31,5850
305,9196	15,795	31,5900
306,0186	15,798	31,5950
306,1368	15,800	31,6000
306,2482	15,803	31,6050
306,3677	15,805	31,6100
306,4906	15,808	31,6150
306,5986	15,810	31,6200
306,7161	15,813	31,6250
306,8271	15,815	31,6300
306,9361	15,818	31,6350
307,0618	15,820	31,6400
307,1684	15,823	31,6450
307,2836	15,825	31,6500
307,3967	15,828	31,6550
307,5037	15,830	31,6600
307,6171	15,833	31,6650
307,7320	15,835	31,6700
307,8361	15,838	31,6750
307,9695	15,840	31,6800
308,0849	15,843	31,6850
308,2088	15,845	31,6900
308,3233	15,848	31,6950
308,4212	15,850	31,7000
308,5351	15,853	31,7050
308,6525	15,855	31,7100
308,7693	15,858	31,7150
308,8969	15,860	31,7200
308,9998	15,863	31,7250
309,1047	15,865	31,7300
309,2169	15,868	31,7350
309,3241	15,870	31,7400
309,4405	15,873	31,7450
309,5587	15,875	31,7500
309,6764	15,878	31,7550
309,8026	15,880	31,7600
309,9108	15,883	31,7650
310,0256	15,885	31,7700
310,1331	15,888	31,7750
310,2347	15,890	31,7800
310,3377	15,893	31,7850
310,4537	15,895	31,7900
310,5560	15,898	31,7950
310,6709	15,900	31,8000
310,7693	15,903	31,8050
310,8819	15,905	31,8100
310,9893	15,908	31,8150
311,0895	15,910	31,8200
311,2051	15,913	31,8250
311,3158	15,915	31,8300
311,4257	15,918	31,8350
311,5398	15,920	31,8400
311,6563	15,923	31,8450
311,7828	15,925	31,8500
311,8980	15,928	31,8550
311,9978	15,930	31,8600
312,1012	15,933	31,8650
312,2245	15,935	31,8700
312,3486	15,938	31,8750
312,4818	15,940	31,8800
312,5797	15,943	31,8850
312,6913	15,945	31,8900
312,8069	15,948	31,8950
312,9203	15,950	31,9000
313,0384	15,953	31,9050
313,1516	15,955	31,9100
313,2644	15,958	31,9150
313,3949	15,960	31,9200
313,5099	15,963	31,9250
313,6316	15,965	31,9300
313,7492	15,968	31,9350
313,8494	15,970	31,9400
313,9617	15,973	31,9450
314,0793	15,975	31,9500
314,1954	15,978	31,9550
314,3212	15,980	31,9600
314,4284	15,983	31,9650
314,5458	15,985	31,9700
314,6611	15,988	31,9750
314,7703	15,990	31,9800
314,8890	15,993	31,9850
315,0094	15,995	31,9900
315,1214	15,998	31,9950
315,2428	16,000	32,0000
315,3539	16,003	32,0050
315,4744	16,005	32,0100
315,5937	16,008	32,0150
315,6955	16,010	32,0200
315,8017	16,013	32,0250
315,9166	16,015	32,0300
316,0360	16,018	32,0350
316,1611	16,020	32,0400
316,2609	16,023	32,0450
316,3711	16,025	32,0500
316,4811	16,028	32,0550
316,5894	16,030	32,0600
316,7085	16,033	32,0650
316,8245	16,035	32,0700
316,9350	16,038	32,0750
317,0659	16,040	32,0800
317,1795	16,043	32,0850
317,2999	16,045	32,0900
317,4191	16,048	32,0950
317,5205	16,050	32,1000
317,6313	16,053	32,1050
317,7549	16,055	32,1100
317,8742	16,058	32,1150
318,0041	16,060	32,1200
318,1183	16,063	32,1250
318,2349	16,065	32,1300
318,3546	16,068	32,1350
318,4732	16,070	32,1400
318,5979	16,073	32,1450
318,7152	16,075	32,1500
318,8159	16,078	32,1550
318,9445	16,080	32,1600
319,0589	16,083	32,1650
319,1841	16,085	32,1700
319,2983	16,088	32,1750
319,4056	16,090	32,1800
319,5158	16,093	32,1850
319,6448	16,095	32,1900
319,7679	16,098	32,1950
319,8934	16,100	32,2000
319,9876	16,103	32,2050
320,1044	16,105	32,2100
320,2297	16,108	32,2150
320,3417	16,110	32,2200
320,4562	16,113	32,2250
320,5682	16,115	32,2300
320,6846	16,118	32,2350
320,8214	16,120	32,2400
320,9397	16,123	32,2450
321,0623	16,125	32,2500
321,1782	16,128	32,2550
321,2844	16,130	32,2600
321,3947	16,133	32,2650
321,5168	16,135	32,2700
321,6267	16,138	32,2750
321,7559	16,140	32,2800
321,8640	16,143	32,2850
321,9780	16,145	32,2900
322,0880	16,148	32,2950
322,1958	16,150	32,3000
322,3136	16,153	32,3050
322,4295	16,155	32,3100
322,5397	16,158	32,3150
322,6600	16,160	32,3200
322,7815	16,163	32,3250
322,8990	16,165	32,3300
323,0138	16,168	32,3350
323,1110	16,170	32,3400
323,2182	16,173	32,3450
323,3432	16,175	32,3500
323,4591	16,178	32,3550
323,5812	16,180	32,3600
323,6835	16,183	32,3650
323,8103	16,185	32,3700
323,9302	16,188	32,3750
324,0449	16,190	32,3800
324,1575	16,193	32,3850
324,2867	16,195	32,3900
324,4138	16,198	32,3950
324,5468	16,200	32,4000
324,6635	16,203	32,4050
324,7893	16,205	32,4100
324,9097	16,208	32,4150
325,0137	16,210	32,4200
325,1304	16,213	32,4250
325,2577	16,215	32,4300
325,3850	16,218	32,4350
325,5165	16,220	32,4400
325,6294	16,223	32,4450
325,7542	16,225	32,4500
325,8786	16,228	32,4550
325,9922	16,230	32,4600
326,1170	16,233	32,4650
326,2467	16,235	32,4700
326,3637	16,238	32,4750
326,4923	16,240	32,4800
326,6106	16,243	32,4850
326,7400	16,245	32,4900
326,8544	16,248	32,4950
326,9647	16,250	32,5000
327,0874	16,253	32,5050
327,2140	16,255	32,5100
327,3304	16,258	32,5150
327,4583	16,260	32,5200
327,5618	16,263	32,5250
327,6858	16,265	32,5300
327,8037	16,268	32,5350
327,9150	16,270	32,5400
328,0331	16,273	32,5450
328,1454	16,275	32,5500
328,2610	16,278	32,5550
328,3980	16,280	32,5600
328,5198	16,283	32,5650
328,6430	16,285	32,5700
328,7569	16,288	32,5750
328,8653	16,290	32,5800
328,9777	16,293	32,5850
329,1019	16,295	32,5900
329,2213	16,298	32,5950
329,3541	16,300	32,6000
329,4603	16,303	32,6050
329,5817	16,305	32,6100
329,7120	16,308	32,6150
329,8338	16,310	32,6200
329,9623	16,313	32,6250
330,0888	16,315	32,6300
330,2122	16,318	32,6350
330,3518	16,320	32,6400
330,4873	16,323	32,6450
330,6191	16,325	32,6500
330,7416	16,328	32,6550
330,8552	16,330	32,6600
330,9840	16,333	32,6650
331,1151	16,335	32,6700
331,2371	16,338	32,6750
331,3709	16,340	32,6800
331,4886	16,343	32,6850
331,6165	16,345	32,6900
331,7352	16,348	32,6950
331,8500	16,350	32,7000
331,9723	16,353	32,7050
332,0993	16,355	32,7100
332,2195	16,358	32,7150
332,3467	16,360	32,7200
332,4698	16,363	32,7250
332,5934	16,365	32,7300
332,7131	16,368	32,7350
332,8269	16,370	32,7400
332,9362	16,373	32,7450
333,0697	16,375	32,7500
333,1954	16,378	32,7550
333,3278	16,380	32,7600
333,4353	16,383	32,7650
333,5551	16,385	32,7700
333,6780	16,388	32,7750
333,7966	16,390	32,7800
333,9148	16,393	32,7850
334,0381	16,395	32,7900
334,1494	16,398	32,7950
334,2811	16,400	32,8000
334,4035	16,403	32,8050
334,5270	16,405	32,8100
334,6456	16,408	32,8150
334,7547	16,410	32,8200
334,8636	16,413	32,8250
334,9879	16,415	32,8300
335,1148	16,418	32,8350
335,2454	16,420	32,8400
335,3506	16,423	32,8450
335,4752	16,425	32,8500
335,5952	16,428	32,8550
335,7207	16,430	32,8600
335,8514	16,433	32,8650
335,9826	16,435	32,8700
336,1043	16,438	32,8750
336,2467	16,440	32,8800
336,3775	16,443	32,8850
336,5139	16,445	32,8900
336,6313	16,448	32,8950
336,7469	16,450	32,9000
336,8641	16,453	32,9050
336,9967	16,455	32,9100
337,1259	16,458	32,9150
337,2605	16,460	32,9200
337,3748	16,463	32,9250
337,4982	16,465	32,9300
337,6180	16,468	32,9350
337,7340	16,470	32,9400
337,8622	16,473	32,9450
337,9946	16,475	32,9500
338,1132	16,478	32,9550
338,2493	16,480	32,9600
338,3667	16,483	32,9650
338,5037	16,485	32,9700
338,6286	16,488	32,9750
338,7430	16,490	32,9800
338,8550	16,493	32,9850
338,9776	16,495	32,9900
339,0922	16,498	32,9950
339,2343	16,500	33,0000
339,3468	16,503	33,0050
339,4697	16,505	33,0100
339,5921	16,508	33,0150
339,7158	16,510	33,0200
339,8393	16,513	33,0250
339,9606	16,515	33,0300
340,0806	16,518	33,0350
340,2150	16,520	33,0400
340,3437	16,523	33,0450
340,4764	16,525	33,0500
340,5989	16,528	33,0550
340,7068	16,530	33,0600
340,8212	16,533	33,0650
340,9453	16,535	33,0700
341,0634	16,538	33,0750
341,2005	16,540	33,0800
341,3153	16,543	33,0850
341,4323	16,545	33,0900
341,5590	16,548	33,0950
341,6823	16,550	33,1000
341,8151	16,553	33,1050
341,9533	16,555	33,1100
342,0757	16,558	33,1150
342,2126	16,560	33,1200
342,3483	16,563	33,1250
342,4815	16,565	33,1300
342,5934	16,568	33,1350
342,7068	16,570	33,1400
342,8373	16,573	33,1450
342,9765	16,575	33,1500
343,1026	16,578	33,1550
343,2403	16,580	33,1600
343,3510	16,583	33,1650
343,4725	16,585	33,1700
343,5980	16,588	33,1750
343,7363	16,590	33,1800
343,8666	16,593	33,1850
343,9856	16,595	33,1900
344,0987	16,598	33,1950
344,2415	16,600	33,2000
344,3778	16,603	33,2050
344,5137	16,605	33,2100
344,6387	16,608	33,2150
344,7518	16,610	33,2200
344,8697	16,613	33,2250
344,9988	16,615	33,2300
345,1286	16,618	33,2350
345,2674	16,620	33,2400
345,3839	16,623	33,2450
345,5001	16,625	33,2500
345,6188	16,628	33,2550
345,7443	16,630	33,2600
345,8771	16,633	33,2650
346,0094	16,635	33,2700
346,1213	16,638	33,2750
346,2668	16,640	33,2800
346,3987	16,643	33,2850
346,5349	16,645	33,2900
346,6509	16,648	33,2950
346,7564	16,650	33,3000
346,8675	16,653	33,3050
346,9975	16,655	33,3100
347,1190	16,658	33,3150
347,2589	16,660	33,3200
347,3746	16,663	33,3250
347,4904	16,665	33,3300
347,6064	16,668	33,3350
347,7210	16,670	33,3400
347,8450	16,673	33,3450
347,9791	16,675	33,3500
348,1089	16,678	33,3550
348,2498	16,680	33,3600
348,3827	16,683	33,3650
348,5191	16,685	33,3700
348,6480	16,688	33,3750
348,7650	16,690	33,3800
348,8829	16,693	33,3850
349,0213	16,695	33,3900
349,1523	16,698	33,3950
349,2917	16,700	33,4000
349,4072	16,703	33,4050
349,5442	16,705	33,4100
349,6848	16,708	33,4150
349,8179	16,710	33,4200
349,9494	16,713	33,4250
350,0784	16,715	33,4300
350,2067	16,718	33,4350
350,3549	16,720	33,4400
350,4945	16,723	33,4450
350,6274	16,725	33,4500
350,7524	16,728	33,4550
350,8736	16,730	33,4600
350,9987	16,733	33,4650
351,1315	16,735	33,4700
351,2535	16,738	33,4750
351,3960	16,740	33,4800
351,5146	16,743	33,4850
351,6391	16,745	33,4900
351,7683	16,748	33,4950
351,8992	16,750	33,5000
352,0327	16,753	33,5050
352,1688	16,755	33,5100
352,2893	16,758	33,5150
352,4239	16,760	33,5200
352,5511	16,763	33,5250
352,6876	16,765	33,5300
352,8150	16,768	33,5350
352,9286	16,770	33,5400
353,0508	16,773	33,5450
353,1787	16,775	33,5500
353,3101	16,778	33,5550
353,4466	16,780	33,5600
353,5658	16,783	33,5650
353,6962	16,785	33,5700
353,8317	16,788	33,5750
353,9592	16,790	33,5800
354,0828	16,793	33,5850
354,2154	16,795	33,5900
354,3359	16,798	33,5950
354,4766	16,800	33,6000
354,6161	16,803	33,6050
354,7538	16,805	33,6100
354,8889	16,808	33,6150
355,0185	16,810	33,6200
355,1422	16,813	33,6250
355,2842	16,815	33,6300
355,4213	16,818	33,6350
355,5653	16,820	33,6400
355,6875	16,823	33,6450
355,8136	16,825	33,6500
355,9486	16,828	33,6550
356,0786	16,830	33,6600
356,2164	16,833	33,6650
356,3554	16,835	33,6700
356,4829	16,838	33,6750
356,6270	16,840	33,6800
356,7636	16,843	33,6850
356,9036	16,845	33,6900
357,0298	16,848	33,6950
357,1427	16,850	33,7000
357,2674	16,853	33,7050
357,4144	16,855	33,7100
357,5422	16,858	33,7150
357,6840	16,860	33,7200
357,8084	16,863	33,7250
357,9342	16,865	33,7300
358,0673	16,868	33,7350
358,1940	16,870	33,7400
358,3236	16,873	33,7450
358,4588	16,875	33,7500
358,5860	16,878	33,7550
358,7301	16,880	33,7600
358,8698	16,883	33,7650
359,0035	16,885	33,7700
359,1277	16,888	33,7750
359,2421	16,890	33,7800
359,3606	16,893	33,7850
359,4991	16,895	33,7900
359,6291	16,898	33,7950
359,7680	16,900	33,8000
359,8982	16,903	33,8050
360,0344	16,905	33,8100
360,1630	16,908	33,8150
360,2936	16,910	33,8200
360,4299	16,913	33,8250
360,5666	16,915	33,8300
360,6948	16,918	33,8350
360,8292	16,920	33,8400
360,9661	16,923	33,8450
361,1079	16,925	33,8500
361,2394	16,928	33,8550
361,3556	16,930	33,8600
361,4889	16,933	33,8650
361,6375	16,935	33,8700
361,7823	16,938	33,8750
361,9314	16,940	33,8800
362,0608	16,943	33,8850
362,1912	16,945	33,8900
362,3274	16,948	33,8950
362,4640	16,950	33,9000
362,6041	16,953	33,9050
362,7475	16,955	33,9100
362,8864	16,958	33,9150
363,0325	16,960	33,9200
363,1753	16,963	33,9250
363,3186	16,965	33,9300
363,4479	16,968	33,9350
363,5692	16,970	33,9400
363,6896	16,973	33,9450
363,8317	16,975	33,9500
363,9726	16,978	33,9550
364,1173	16,980	33,9600
364,2323	16,983	33,9650
364,3621	16,985	33,9700
364,4963	16,988	33,9750
364,6348	16,990	33,9800
364,7653	16,993	33,9850
364,9047	16,995	33,9900
365,0373	16,998	33,9950
365,1834	17,000	34,0000
365,3203	17,003	34,0050
365,4573	17,005	34,0100
365,5939	17,008	34,0150
365,7205	17,010	34,0200
365,8414	17,013	34,0250
365,9821	17,015	34,0300
366,1184	17,018	34,0350
366,2641	17,020	34,0400
366,3878	17,023	34,0450
366,5180	17,025	34,0500
366,6471	17,028	34,0550
366,7781	17,030	34,0600
366,9134	17,033	34,0650
367,0585	17,035	34,0700
367,1965	17,038	34,0750
367,3458	17,040	34,0800
367,4871	17,043	34,0850
367,6270	17,045	34,0900
367,7631	17,048	34,0950
367,8885	17,050	34,1000
368,0062	17,053	34,1050
368,1495	17,055	34,1100
368,2932	17,058	34,1150
368,4431	17,060	34,1200
368,5731	17,063	34,1250
368,7065	17,065	34,1300
368,8371	17,068	34,1350
368,9750	17,070	34,1400
369,1129	17,073	34,1450
369,2502	17,075	34,1500
369,3841	17,078	34,1550
369,5358	17,080	34,1600
369,6812	17,083	34,1650
369,8422	17,085	34,1700
369,9781	17,088	34,1750
370,1064	17,090	34,1800
370,2297	17,093	34,1850
370,3684	17,095	34,1900
370,5033	17,098	34,1950
370,6616	17,100	34,2000
370,7952	17,103	34,2050
370,9306	17,105	34,2100
371,0658	17,108	34,2150
371,2013	17,110	34,2200
371,3407	17,113	34,2250
371,4810	17,115	34,2300
371,6111	17,118	34,2350
371,7612	17,120	34,2400
371,9108	17,123	34,2450
372,0545	17,125	34,2500
372,1871	17,128	34,2550
372,3054	17,130	34,2600
372,4281	17,133	34,2650
372,5736	17,135	34,2700
372,7191	17,138	34,2750
372,8700	17,140	34,2800
372,9985	17,143	34,2850
373,1304	17,145	34,2900
373,2717	17,148	34,2950
373,4060	17,150	34,3000
373,5436	17,153	34,3050
373,6775	17,155	34,3100
373,8070	17,158	34,3150
373,9556	17,160	34,3200
374,0973	17,163	34,3250
374,2379	17,165	34,3300
374,3711	17,168	34,3350
374,4925	17,170	34,3400
374,6164	17,173	34,3450
374,7705	17,175	34,3500
374,9241	17,178	34,3550
375,0753	17,180	34,3600
375,2004	17,183	34,3650
375,3285	17,185	34,3700
375,4736	17,188	34,3750
375,6196	17,190	34,3800
375,7653	17,193	34,3850
375,9145	17,195	34,3900
376,0540	17,198	34,3950
376,2089	17,200	34,4000
376,3587	17,203	34,4050
376,5016	17,205	34,4100
376,6439	17,208	34,4150
376,7697	17,210	34,4200
376,8947	17,213	34,4250
377,0479	17,215	34,4300
377,1971	17,218	34,4350
377,3497	17,220	34,4400
377,4866	17,223	34,4450
377,6174	17,225	34,4500
377,7555	17,228	34,4550
377,9028	17,230	34,4600
378,0349	17,233	34,4650
378,1743	17,235	34,4700
378,3113	17,238	34,4750
378,4564	17,240	34,4800
378,6052	17,243	34,4850
378,7578	17,245	34,4900
378,8934	17,248	34,4950
379,0200	17,250	34,5000
379,1433	17,253	34,5050
379,2903	17,255	34,5100
379,4392	17,258	34,5150
379,5918	17,260	34,5200
379,7223	17,263	34,5250
379,8620	17,265	34,5300
379,9979	17,268	34,5350
380,1350	17,270	34,5400
380,2746	17,273	34,5450
380,4183	17,275	34,5500
380,5473	17,278	34,5550
380,6980	17,280	34,5600
380,8468	17,283	34,5650
381,0007	17,285	34,5700
381,1385	17,288	34,5750
381,2653	17,290	34,5800
381,3926	17,293	34,5850
381,5361	17,295	34,5900
381,6795	17,298	34,5950
381,8352	17,300	34,6000
381,9719	17,303	34,6050
382,1089	17,305	34,6100
382,2495	17,308	34,6150
382,3976	17,310	34,6200
382,5441	17,313	34,6250
382,6880	17,315	34,6300
382,8341	17,318	34,6350
382,9887	17,320	34,6400
383,1400	17,323	34,6450
383,2908	17,325	34,6500
383,4365	17,328	34,6550
383,5707	17,330	34,6600
383,7055	17,333	34,6650
383,8590	17,335	34,6700
384,0077	17,338	34,6750
384,1611	17,340	34,6800
384,3029	17,343	34,6850
384,4345	17,345	34,6900
384,5708	17,348	34,6950
384,7114	17,350	34,7000
384,8621	17,353	34,7050
385,0166	17,355	34,7100
385,1629	17,358	34,7150
385,3119	17,360	34,7200
385,4572	17,363	34,7250
385,6036	17,365	34,7300
385,7360	17,368	34,7350
385,8621	17,370	34,7400
385,9949	17,373	34,7450
386,1481	17,375	34,7500
386,2877	17,378	34,7550
386,4390	17,380	34,7600
386,5800	17,383	34,7650
386,7164	17,385	34,7700
386,8592	17,388	34,7750
387,0067	17,390	34,7800
387,1453	17,393	34,7850
387,2957	17,395	34,7900
387,4460	17,398	34,7950
387,6017	17,400	34,8000
387,7514	17,403	34,8050
387,8994	17,405	34,8100
388,0428	17,408	34,8150
388,1790	17,410	34,8200
388,3132	17,413	34,8250
388,4646	17,415	34,8300
388,6071	17,418	34,8350
388,7534	17,420	34,8400
388,8926	17,423	34,8450
389,0358	17,425	34,8500
389,1828	17,428	34,8550
389,3267	17,430	34,8600
389,4751	17,433	34,8650
389,6324	17,435	34,8700
389,7790	17,438	34,8750
389,9359	17,440	34,8800
390,0963	17,443	34,8850
390,2554	17,445	34,8900
390,3986	17,448	34,8950
390,5337	17,450	34,9000
390,6688	17,453	34,9050
390,8305	17,455	34,9100
390,9859	17,458	34,9150
391,1368	17,460	34,9200
391,2752	17,463	34,9250
391,4159	17,465	34,9300
391,5611	17,468	34,9350
391,7071	17,470	34,9400
391,8542	17,473	34,9450
392,0104	17,475	34,9500
392,1590	17,478	34,9550
392,3139	17,480	34,9600
392,4706	17,483	34,9650
392,6288	17,485	34,9700
392,7676	17,488	34,9750
392,8960	17,490	34,9800
393,0283	17,493	34,9850
393,1864	17,495	34,9900
393,3375	17,498	34,9950
393,4924	17,500	35,0000
393,6271	17,503	35,0050
393,7654	17,505	35,0100
393,9038	17,508	35,0150
394,0521	17,510	35,0200
394,1931	17,513	35,0250
394,3416	17,515	35,0300
394,4915	17,518	35,0350
394,6514	17,520	35,0400
394,8126	17,523	35,0450
394,9760	17,525	35,0500
395,1260	17,528	35,0550
395,2592	17,530	35,0600
395,3841	17,533	35,0650
395,5348	17,535	35,0700
395,6840	17,538	35,0750
395,8418	17,540	35,0800
395,9816	17,543	35,0850
396,1229	17,545	35,0900
396,2578	17,548	35,0950
396,4118	17,550	35,1000
396,5647	17,553	35,1050
396,7209	17,555	35,1100
396,8729	17,558	35,1150
397,0369	17,560	35,1200
397,1981	17,563	35,1250
397,3469	17,565	35,1300
397,4976	17,568	35,1350
397,6440	17,570	35,1400
397,7881	17,573	35,1450
397,9479	17,575	35,1500
398,1074	17,578	35,1550
398,2704	17,580	35,1600
398,4144	17,583	35,1650
398,5575	17,585	35,1700
398,7064	17,588	35,1750
398,8619	17,590	35,1800
399,0149	17,593	35,1850
399,1744	17,595	35,1900
399,3266	17,598	35,1950
399,4876	17,600	35,2000
399,6430	17,603	35,2050
399,7981	17,605	35,2100
399,9429	17,608	35,2150
400,0785	17,610	35,2200
400,2168	17,613	35,2250
400,3696	17,615	35,2300
400,5300	17,618	35,2350
400,6975	17,620	35,2400
400,8390	17,623	35,2450
400,9817	17,625	35,2500
401,1259	17,628	35,2550
401,2794	17,630	35,2600
401,4294	17,633	35,2650
401,5830	17,635	35,2700
401,7340	17,638	35,2750
401,9016	17,640	35,2800
402,0655	17,643	35,2850
402,2243	17,645	35,2900
402,3675	17,648	35,2950
402,5093	17,650	35,3000
402,6559	17,653	35,3050
402,8263	17,655	35,3100
402,9899	17,658	35,3150
403,1580	17,660	35,3200
403,3030	17,663	35,3250
403,4484	17,665	35,3300
403,5967	17,668	35,3350
403,7429	17,670	35,3400
403,8932	17,673	35,3450
404,0489	17,675	35,3500
404,1908	17,678	35,3550
404,3620	17,680	35,3600
404,5366	17,683	35,3650
404,6952	17,685	35,3700
404,8398	17,688	35,3750
404,9861	17,690	35,3800
405,1287	17,693	35,3850
405,2895	17,695	35,3900
405,4382	17,698	35,3950
405,5971	17,700	35,4000
405,7434	17,703	35,4050
405,8929	17,705	35,4100
406,0520	17,708	35,4150
406,2158	17,710	35,4200
406,3657	17,713	35,4250
406,5168	17,715	35,4300
406,6706	17,718	35,4350
406,8371	17,720	35,4400
407,0152	17,723	35,4450
407,1730	17,725	35,4500
407,3177	17,728	35,4550
407,4609	17,730	35,4600
407,5996	17,733	35,4650
407,7599	17,735	35,4700
407,9201	17,738	35,4750
408,0875	17,740	35,4800
408,2383	17,743	35,4850
408,3806	17,745	35,4900
408,5275	17,748	35,4950
408,6801	17,750	35,5000
408,8333	17,753	35,5050
408,9985	17,755	35,5100
409,1476	17,758	35,5150
409,2985	17,760	35,5200
409,4620	17,763	35,5250
409,6221	17,765	35,5300
409,7730	17,768	35,5350
409,9153	17,770	35,5400
410,0601	17,773	35,5450
410,2256	17,775	35,5500
410,3934	17,778	35,5550
410,5537	17,780	35,5600
410,7002	17,783	35,5650
410,8486	17,785	35,5700
411,0072	17,788	35,5750
411,1712	17,790	35,5800
411,3270	17,793	35,5850
411,4800	17,795	35,5900
411,6281	17,798	35,5950
411,7895	17,800	35,6000
411,9641	17,803	35,6050
412,1323	17,805	35,6100
412,2924	17,808	35,6150
412,4428	17,810	35,6200
412,5917	17,813	35,6250
412,7616	17,815	35,6300
412,9347	17,818	35,6350
413,0995	17,820	35,6400
413,2513	17,823	35,6450
413,4028	17,825	35,6500
413,5721	17,828	35,6550
413,7316	17,830	35,6600
413,8832	17,833	35,6650
414,0472	17,835	35,6700
414,2098	17,838	35,6750
414,3861	17,840	35,6800
414,5616	17,843	35,6850
414,7262	17,845	35,6900
414,8793	17,848	35,6950
415,0225	17,850	35,7000
415,1676	17,853	35,7050
415,3371	17,855	35,7100
415,5059	17,858	35,7150
415,6723	17,860	35,7200
415,8290	17,863	35,7250
415,9736	17,865	35,7300
416,1270	17,868	35,7350
416,2849	17,870	35,7400
416,4370	17,873	35,7450
416,5989	17,875	35,7500
416,7530	17,878	35,7550
416,9162	17,880	35,7600
417,0841	17,883	35,7650
417,2530	17,885	35,7700
417,4031	17,888	35,7750
417,5530	17,890	35,7800
417,7003	17,893	35,7850
417,8699	17,895	35,7900
418,0355	17,898	35,7950
418,2109	17,900	35,8000
418,3707	17,903	35,8050
418,5249	17,905	35,8100
418,6869	17,908	35,8150
418,8432	17,910	35,8200
418,9906	17,913	35,8250
419,1579	17,915	35,8300
419,3193	17,918	35,8350
419,4879	17,920	35,8400
419,6726	17,923	35,8450
419,8417	17,925	35,8500
419,9922	17,928	35,8550
420,1365	17,930	35,8600
420,2852	17,933	35,8650
420,4663	17,935	35,8700
420,6468	17,938	35,8750
420,8244	17,940	35,8800
420,9872	17,943	35,8850
421,1458	17,945	35,8900
421,3047	17,948	35,8950
421,4789	17,950	35,9000
421,6485	17,953	35,9050
421,8206	17,955	35,9100
421,9880	17,958	35,9150
422,1673	17,960	35,9200
422,3527	17,963	35,9250
422,5238	17,965	35,9300
422,6786	17,968	35,9350
422,8204	17,970	35,9400
422,9702	17,973	35,9450
423,1513	17,975	35,9500
423,3332	17,978	35,9550
423,5132	17,980	35,9600
423,6684	17,983	35,9650
423,8201	17,985	35,9700
423,9862	17,988	35,9750
424,1522	17,990	35,9800
424,3082	17,993	35,9850
424,4744	17,995	35,9900
424,6394	17,998	35,9950
424,8131	18,000	36,0000
424,9928	18,003	36,0050
425,1642	18,005	36,0100
425,3156	18,008	36,0150
425,4691	18,010	36,0200
425,6232	18,013	36,0250
425,7937	18,015	36,0300
425,9644	18,018	36,0350
426,1452	18,020	36,0400
426,3115	18,023	36,0450
426,4712	18,025	36,0500
426,6308	18,028	36,0550
426,7946	18,030	36,0600
426,9656	18,033	36,0650
427,1458	18,035	36,0700
427,3132	18,038	36,0750
427,4940	18,040	36,0800
427,6800	18,043	36,0850
427,8457	18,045	36,0900
428,0043	18,048	36,0950
428,1528	18,050	36,1000
428,3078	18,053	36,1050
428,4918	18,055	36,1100
428,6790	18,058	36,1150
428,8559	18,060	36,1200
429,0185	18,063	36,1250
429,1815	18,065	36,1300
429,3449	18,068	36,1350
429,5112	18,070	36,1400
429,6751	18,073	36,1450
429,8523	18,075	36,1500
430,0242	18,078	36,1550
430,1991	18,080	36,1600
430,3759	18,083	36,1650
430,5460	18,085	36,1700
430,7050	18,088	36,1750
430,8613	18,090	36,1800
431,0123	18,093	36,1850
431,2011	18,095	36,1900
431,3818	18,098	36,1950
431,5538	18,100	36,2000
431,7185	18,103	36,2050
431,8775	18,105	36,2100
432,0409	18,108	36,2150
432,2081	18,110	36,2200
432,3748	18,113	36,2250
432,5515	18,115	36,2300
432,7189	18,118	36,2350
432,8934	18,120	36,2400
433,0773	18,123	36,2450
433,2536	18,125	36,2500
433,4150	18,128	36,2550
433,5622	18,130	36,2600
433,7049	18,133	36,2650
433,8706	18,135	36,2700
434,0386	18,138	36,2750
434,2157	18,140	36,2800
434,3819	18,143	36,2850
434,5362	18,145	36,2900
434,6994	18,148	36,2950
434,8728	18,150	36,3000
435,0379	18,153	36,3050
435,2147	18,155	36,3100
435,3856	18,158	36,3150
435,5637	18,160	36,3200
435,7411	18,163	36,3250
435,9098	18,165	36,3300
436,0800	18,168	36,3350
436,2361	18,170	36,3400
436,3906	18,173	36,3450
436,5710	18,175	36,3500
436,7469	18,178	36,3550
436,9277	18,180	36,3600
437,1039	18,183	36,3650
437,2648	18,185	36,3700
437,4362	18,188	36,3750
437,6176	18,190	36,3800
437,7911	18,193	36,3850
437,9709	18,195	36,3900
438,1440	18,198	36,3950
438,3233	18,200	36,4000
438,5038	18,203	36,4050
438,6820	18,205	36,4100
438,8524	18,208	36,4150
439,0075	18,210	36,4200
439,1619	18,213	36,4250
439,3406	18,215	36,4300
439,5212	18,218	36,4350
439,6974	18,220	36,4400
439,8654	18,223	36,4450
440,0221	18,225	36,4500
440,1955	18,228	36,4550
440,3710	18,230	36,4600
440,5302	18,233	36,4650
440,7086	18,235	36,4700
440,8867	18,238	36,4750
441,0726	18,240	36,4800
441,2594	18,243	36,4850
441,4390	18,245	36,4900
441,6125	18,248	36,4950
441,7701	18,250	36,5000
441,9205	18,253	36,5050
442,1075	18,255	36,5100
442,2935	18,258	36,5150
442,4763	18,260	36,5200
442,6507	18,263	36,5250
442,8113	18,265	36,5300
442,9733	18,268	36,5350
443,1524	18,270	36,5400
443,3277	18,273	36,5450
443,5125	18,275	36,5500
443,6879	18,278	36,5550
443,8695	18,280	36,5600
444,0621	18,283	36,5650
444,2419	18,285	36,5700
444,4135	18,288	36,5750
444,5827	18,290	36,5800
444,7425	18,293	36,5850
444,9254	18,295	36,5900
445,0967	18,298	36,5950
445,2839	18,300	36,6000
445,4569	18,303	36,6050
445,6172	18,305	36,6100
445,7901	18,308	36,6150
445,9786	18,310	36,6200
446,1590	18,313	36,6250
446,3348	18,315	36,6300
446,5066	18,318	36,6350
446,6921	18,320	36,6400
446,8852	18,323	36,6450
447,0733	18,325	36,6500
447,2516	18,328	36,6550
447,4148	18,330	36,6600
447,5766	18,333	36,6650
447,7672	18,335	36,6700
447,9534	18,338	36,6750
448,1336	18,340	36,6800
448,3036	18,343	36,6850
448,4679	18,345	36,6900
448,6432	18,348	36,6950
448,8235	18,350	36,7000
448,9996	18,353	36,7050
449,1890	18,355	36,7100
449,3748	18,358	36,7150
449,5607	18,360	36,7200
449,7508	18,363	36,7250
449,9272	18,365	36,7300
450,1037	18,368	36,7350
450,2631	18,370	36,7400
450,4171	18,373	36,7450
450,6071	18,375	36,7500
450,7990	18,378	36,7550
450,9751	18,380	36,7600
451,1457	18,383	36,7650
451,3110	18,385	36,7700
451,4885	18,388	36,7750
451,6706	18,390	36,7800
451,8365	18,393	36,7850
452,0242	18,395	36,7900
452,2054	18,398	36,7950
452,3950	18,400	36,8000
452,5871	18,403	36,8050
452,7636	18,405	36,8100
452,9440	18,408	36,8150
453,1120	18,410	36,8200
453,2729	18,413	36,8250
453,4656	18,415	36,8300
453,6626	18,418	36,8350
453,8565	18,420	36,8400
454,0421	18,423	36,8450
454,2065	18,425	36,8500
454,3850	18,428	36,8550
454,5707	18,430	36,8600
454,7520	18,433	36,8650
454,9425	18,435	36,8700
455,1247	18,438	36,8750
455,3135	18,440	36,8800
455,5149	18,443	36,8850
455,6997	18,445	36,8900
455,8790	18,448	36,8950
456,0526	18,450	36,9000
456,2171	18,453	36,9050
456,4119	18,455	36,9100
456,6055	18,458	36,9150
456,8020	18,460	36,9200
456,9919	18,463	36,9250
457,1650	18,465	36,9300
457,3495	18,468	36,9350
457,5398	18,470	36,9400
457,7078	18,473	36,9450
457,8973	18,475	36,9500
458,0860	18,478	36,9550
458,2831	18,480	36,9600
458,4843	18,483	36,9650
458,6687	18,485	36,9700
458,8392	18,488	36,9750
459,0135	18,490	36,9800
459,1785	18,493	36,9850
459,3750	18,495	36,9900
459,5691	18,498	36,9950
459,7632	18,500	37,0000
459,9435	18,503	37,0050
460,1124	18,505	37,0100
460,2856	18,508	37,0150
460,4672	18,510	37,0200
460,6366	18,513	37,0250
460,8196	18,515	37,0300
461,0010	18,518	37,0350
461,1928	18,520	37,0400
461,4011	18,523	37,0450
461,5921	18,525	37,0500
461,7670	18,528	37,0550
461,9315	18,530	37,0600
462,0925	18,533	37,0650
462,2888	18,535	37,0700
462,4872	18,538	37,0750
462,6823	18,540	37,0800
462,8687	18,543	37,0850
463,0363	18,545	37,0900
463,2127	18,548	37,0950
463,3992	18,550	37,1000
463,5836	18,553	37,1050
463,7838	18,555	37,1100
463,9753	18,558	37,1150
464,1699	18,560	37,1200
464,3741	18,563	37,1250
464,5564	18,565	37,1300
464,7380	18,568	37,1350
464,9096	18,570	37,1400
465,0713	18,573	37,1450
465,2700	18,575	37,1500
465,4724	18,578	37,1550
465,6734	18,580	37,1600
465,8602	18,583	37,1650
466,0279	18,585	37,1700
466,2100	18,588	37,1750
466,4043	18,590	37,1800
466,5806	18,593	37,1850
466,7712	18,595	37,1900
466,9545	18,598	37,1950
467,1527	18,600	37,2000
467,3576	18,603	37,2050
467,5469	18,605	37,2100
467,7359	18,608	37,2150
467,9125	18,610	37,2200
468,0699	18,613	37,2250
468,2690	18,615	37,2300
468,4683	18,618	37,2350
468,6651	18,620	37,2400
468,8568	18,623	37,2450
469,0201	18,625	37,2500
469,1953	18,628	37,2550
469,3882	18,630	37,2600
469,5697	18,633	37,2650
469,7685	18,635	37,2700
469,9544	18,638	37,2750
470,1452	18,640	37,2800
470,3604	18,643	37,2850
470,5617	18,645	37,2900
470,7468	18,648	37,2950
470,9292	18,650	37,3000
471,1009	18,653	37,3050
471,3093	18,655	37,3100
471,5168	18,658	37,3150
471,7141	18,660	37,3200
471,9056	18,663	37,3250
472,0792	18,665	37,3300
472,2647	18,668	37,3350
472,4560	18,670	37,3400
472,6401	18,673	37,3450
472,8435	18,675	37,3500
473,0365	18,678	37,3550
473,2371	18,680	37,3600
473,4541	18,683	37,3650
473,6536	18,685	37,3700
473,8327	18,688	37,3750
474,0133	18,690	37,3800
474,1912	18,693	37,3850
474,3928	18,695	37,3900
474,5861	18,698	37,3950
474,7878	18,700	37,4000
474,9758	18,703	37,4050
475,1527	18,705	37,4100
475,3385	18,708	37,4150
475,5440	18,710	37,4200
475,7353	18,713	37,4250
475,9271	18,715	37,4300
476,1160	18,718	37,4350
476,3163	18,720	37,4400
476,5265	18,723	37,4450
476,7314	18,725	37,4500
476,9265	18,728	37,4550
477,1054	18,730	37,4600
477,2807	18,733	37,4650
477,4869	18,735	37,4700
477,6896	18,738	37,4750
477,8846	18,740	37,4800
478,0771	18,743	37,4850
478,2548	18,745	37,4900
478,4427	18,748	37,4950
478,6439	18,750	37,5000
478,8413	18,753	37,5050
479,0481	18,755	37,5100
479,2396	18,758	37,5150
479,4381	18,760	37,5200
479,6546	18,763	37,5250
479,8512	18,765	37,5300
480,0462	18,768	37,5350
480,2432	18,770	37,5400
480,4228	18,773	37,5450
480,6312	18,775	37,5500
480,8432	18,778	37,5550
481,0546	18,780	37,5600
481,2509	18,783	37,5650
481,4321	18,785	37,5700
481,6277	18,788	37,5750
481,8354	18,790	37,5800
482,0304	18,793	37,5850
482,2337	18,795	37,5900
482,4386	18,798	37,5950
482,6554	18,800	37,6000
482,8789	18,803	37,6050
483,0829	18,805	37,6100
483,2851	18,808	37,6150
483,4786	18,810	37,6200
483,6534	18,813	37,6250
483,8579	18,815	37,6300
484,0761	18,818	37,6350
484,2865	18,820	37,6400
484,4952	18,823	37,6450
484,6807	18,825	37,6500
484,8728	18,828	37,6550
485,0727	18,830	37,6600
485,2693	18,833	37,6650
485,4786	18,835	37,6700
485,6791	18,838	37,6750
485,8863	18,840	37,6800
486,1064	18,843	37,6850
486,3052	18,845	37,6900
486,4995	18,848	37,6950
486,6855	18,850	37,7000
486,8609	18,853	37,7050
487,0719	18,855	37,7100
487,2878	18,858	37,7150
487,4892	18,860	37,7200
487,6858	18,863	37,7250
487,8706	18,865	37,7300
488,0662	18,868	37,7350
488,2738	18,870	37,7400
488,4652	18,873	37,7450
488,6665	18,875	37,7500
488,8650	18,878	37,7550
489,0681	18,880	37,7600
489,2883	18,883	37,7650
489,4896	18,885	37,7700
489,6847	18,888	37,7750
489,8795	18,890	37,7800
490,0587	18,893	37,7850
490,2724	18,895	37,7900
490,4909	18,898	37,7950
490,7067	18,900	37,8000
490,9047	18,903	37,8050
491,0895	18,905	37,8100
491,2974	18,908	37,8150
491,5143	18,910	37,8200
491,7005	18,913	37,8250
491,9037	18,915	37,8300
492,1089	18,918	37,8350
492,3273	18,920	37,8400
492,5528	18,923	37,8450
492,7566	18,925	37,8500
492,9702	18,928	37,8550
493,1671	18,930	37,8600
493,3432	18,933	37,8650
493,5586	18,935	37,8700
493,7768	18,938	37,8750
493,9937	18,940	37,8800
494,2062	18,943	37,8850
494,3881	18,945	37,8900
494,5897	18,948	37,8950
494,8128	18,950	37,9000
495,0104	18,953	37,9050
495,2257	18,955	37,9100
495,4398	18,958	37,9150
495,6461	18,960	37,9200
495,8628	18,963	37,9250
496,0711	18,965	37,9300
496,2684	18,968	37,9350
496,4631	18,970	37,9400
496,6450	18,973	37,9450
496,8611	18,975	37,9500
497,0748	18,978	37,9550
497,2827	18,980	37,9600
497,4927	18,983	37,9650
497,6768	18,985	37,9700
497,8731	18,988	37,9750
498,0856	18,990	37,9800
498,2820	18,993	37,9850
498,4858	18,995	37,9900
498,6890	18,998	37,9950
498,9008	19,000	38,0000
499,1208	19,003	38,0050
499,3282	19,005	38,0100
499,5325	19,008	38,0150
499,7258	19,010	38,0200
499,8962	19,013	38,0250
500,1078	19,015	38,0300
500,3272	19,018	38,0350
500,5399	19,020	38,0400
500,7534	19,023	38,0450
500,9543	19,025	38,0500
501,1618	19,028	38,0550
501,3720	19,030	38,0600
501,5713	19,033	38,0650
501,7876	19,035	38,0700
501,9954	19,038	38,0750
502,2157	19,040	38,0800
502,4574	19,043	38,0850
502,6788	19,045	38,0900
502,8796	19,048	38,0950
503,0769	19,050	38,1000
503,2610	19,053	38,1050
503,4899	19,055	38,1100
503,7225	19,058	38,1150
503,9449	19,060	38,1200
504,1611	19,063	38,1250
504,3585	19,065	38,1300
504,5687	19,068	38,1350
504,7842	19,070	38,1400
504,9924	19,073	38,1450
505,2147	19,075	38,1500
505,4299	19,078	38,1550
505,6543	19,080	38,1600
505,8900	19,083	38,1650
506,1128	19,085	38,1700
506,3222	19,088	38,1750
506,5221	19,090	38,1800
506,7057	19,093	38,1850
506,9298	19,095	38,1900
507,1499	19,098	38,1950
507,3675	19,100	38,2000
507,5829	19,103	38,2050
507,7782	19,105	38,2100
507,9767	19,108	38,2150
508,1920	19,110	38,2200
508,3921	19,113	38,2250
508,6098	19,115	38,2300
508,8158	19,118	38,2350
509,0318	19,120	38,2400
509,2633	19,123	38,2450
509,4780	19,125	38,2500
509,6841	19,128	38,2550
509,8799	19,130	38,2600
510,0567	19,133	38,2650
510,2829	19,135	38,2700
510,5071	19,138	38,2750
510,7227	19,140	38,2800
510,9379	19,143	38,2850
511,1368	19,145	38,2900
511,3427	19,148	38,2950
511,5653	19,150	38,3000
511,7748	19,153	38,3050
511,9998	19,155	38,3100
512,2179	19,158	38,3150
512,4390	19,160	38,3200
512,6799	19,163	38,3250
512,9036	19,165	38,3300
513,1161	19,168	38,3350
513,3178	19,170	38,3400
513,5096	19,173	38,3450
513,7407	19,175	38,3500
513,9738	19,178	38,3550
514,2012	19,180	38,3600
514,4229	19,183	38,3650
514,6224	19,185	38,3700
514,8399	19,188	38,3750
515,0763	19,190	38,3800
515,2977	19,193	38,3850
515,5272	19,195	38,3900
515,7399	19,198	38,3950
515,9665	19,200	38,4000
516,2134	19,203	38,4050
516,4356	19,205	38,4100
516,6589	19,208	38,4150
516,8695	19,210	38,4200
517,0612	19,213	38,4250
517,2947	19,215	38,4300
517,5355	19,218	38,4350
517,7642	19,220	38,4400
517,9880	19,223	38,4450
518,1980	19,225	38,4500
518,4176	19,228	38,4550
518,6432	19,230	38,4600
518,8475	19,233	38,4650
519,0750	19,235	38,4700
519,2984	19,238	38,4750
519,5254	19,240	38,4800
519,7730	19,243	38,4850
519,9939	19,245	38,4900
520,2088	19,248	38,4950
520,4156	19,250	38,5000
520,6067	19,253	38,5050
520,8470	19,255	38,5100
521,0818	19,258	38,5150
521,3041	19,260	38,5200
521,5267	19,263	38,5250
521,7270	19,265	38,5300
521,9458	19,268	38,5350
522,1742	19,270	38,5400
522,3798	19,273	38,5450
522,6063	19,275	38,5500
522,8330	19,278	38,5550
523,0759	19,280	38,5600
523,3205	19,283	38,5650
523,5455	19,285	38,5700
523,7711	19,288	38,5750
523,9812	19,290	38,5800
524,1677	19,293	38,5850
524,3978	19,295	38,5900
524,6312	19,298	38,5950
524,8686	19,300	38,6000
525,0969	19,303	38,6050
525,2959	19,305	38,6100
525,5165	19,308	38,6150
525,7611	19,310	38,6200
525,9824	19,313	38,6250
526,2125	19,315	38,6300
526,4421	19,318	38,6350
526,6849	19,320	38,6400
526,9404	19,323	38,6450
527,1683	19,325	38,6500
527,3947	19,328	38,6550
527,6055	19,330	38,6600
527,8040	19,333	38,6650
528,0445	19,335	38,6700
528,2844	19,338	38,6750
528,5190	19,340	38,6800
528,7498	19,343	38,6850
528,9588	19,345	38,6900
529,1805	19,348	38,6950
529,4197	19,350	38,7000
529,6311	19,353	38,7050
529,8638	19,355	38,7100
530,0935	19,358	38,7150
530,3236	19,360	38,7200
530,5737	19,363	38,7250
530,7999	19,365	38,7300
531,0247	19,368	38,7350
531,2322	19,370	38,7400
531,4262	19,373	38,7450
531,6691	19,375	38,7500
531,9116	19,378	38,7550
532,1489	19,380	38,7600
532,3751	19,383	38,7650
532,5770	19,385	38,7700
532,8008	19,388	38,7750
533,0421	19,390	38,7800
533,2613	19,393	38,7850
533,4956	19,395	38,7900
533,7240	19,398	38,7950
533,9609	19,400	38,8000
534,2184	19,403	38,8050
534,4542	19,405	38,8100
534,6827	19,408	38,8150
534,9012	19,410	38,8200
535,1021	19,413	38,8250
535,3433	19,415	38,8300
535,5790	19,418	38,8350
535,8188	19,420	38,8400
536,0616	19,423	38,8450
536,2795	19,425	38,8500
536,5048	19,428	38,8550
536,7440	19,430	38,8600
536,9664	19,433	38,8650
537,2133	19,435	38,8700
537,4512	19,438	38,8750
537,6970	19,440	38,8800
537,9625	19,443	38,8850
538,1945	19,445	38,8900
538,4214	19,448	38,8950
538,6489	19,450	38,9000
538,8541	19,453	38,9050
539,1103	19,455	38,9100
539,3566	19,458	38,9150
539,5970	19,460	38,9200
539,8303	19,463	38,9250
540,0398	19,465	38,9300
540,2691	19,468	38,9350
540,5140	19,470	38,9400
540,7335	19,473	38,9450
540,9710	19,475	38,9500
541,1892	19,478	38,9550
541,4186	19,480	38,9600
541,6900	19,483	38,9650
541,9274	19,485	38,9700
542,1602	19,488	38,9750
542,3850	19,490	38,9800
542,5834	19,493	38,9850
542,8342	19,495	38,9900
543,0836	19,498	38,9950
543,3266	19,500	39,0000
543,5583	19,503	39,0050
543,7648	19,505	39,0100
543,9931	19,508	39,0150
544,2367	19,510	39,0200
544,4658	19,513	39,0250
544,7110	19,515	39,0300
544,9394	19,518	39,0350
545,1853	19,520	39,0400
545,4629	19,523	39,0450
545,7088	19,525	39,0500
545,9406	19,528	39,0550
546,1632	19,530	39,0600
546,3695	19,533	39,0650
546,6276	19,535	39,0700
546,8849	19,538	39,0750
547,1319	19,540	39,0800
547,3807	19,543	39,0850
547,6004	19,545	39,0900
547,8382	19,548	39,0950
548,0972	19,550	39,1000
548,3281	19,553	39,1050
548,5810	19,555	39,1100
548,8235	19,558	39,1150
549,0838	19,560	39,1200
549,3598	19,563	39,1250
549,5966	19,565	39,1300
549,8449	19,568	39,1350
550,0828	19,570	39,1400
550,2847	19,573	39,1450
550,5451	19,575	39,1500
550,8110	19,578	39,1550
551,0687	19,580	39,1600
551,3133	19,583	39,1650
551,5296	19,585	39,1700
551,7661	19,588	39,1750
552,0283	19,590	39,1800
552,2672	19,593	39,1850
552,5227	19,595	39,1900
552,7639	19,598	39,1950
553,0197	19,600	39,2000
553,2841	19,603	39,2050
553,5289	19,605	39,2100
553,7777	19,608	39,2150
554,0084	19,610	39,2200
554,2103	19,613	39,2250
554,4685	19,615	39,2300
554,7240	19,618	39,2350
554,9772	19,620	39,2400
555,2315	19,623	39,2450
555,4476	19,625	39,2500
555,6754	19,628	39,2550
555,9281	19,630	39,2600
556,1530	19,633	39,2650
556,4098	19,635	39,2700
556,6542	19,638	39,2750
556,8934	19,640	39,2800
557,1557	19,643	39,2850
557,4071	19,645	39,2900
557,6509	19,648	39,2950
557,8831	19,650	39,3000
558,0944	19,653	39,3050
558,3587	19,655	39,3100
558,6263	19,658	39,3150
558,8834	19,660	39,3200
559,1199	19,663	39,3250
559,3355	19,665	39,3300
559,5750	19,668	39,3350
559,8287	19,670	39,3400
560,0622	19,673	39,3450
560,3327	19,675	39,3500
560,5823	19,678	39,3550
560,8323	19,680	39,3600
561,1129	19,683	39,3650
561,3638	19,685	39,3700
561,6177	19,688	39,3750
561,8588	19,690	39,3800
562,0754	19,693	39,3850
562,3447	19,695	39,3900
562,6086	19,698	39,3950
562,8666	19,700	39,4000
563,1143	19,703	39,4050
563,3329	19,705	39,4100
563,5872	19,708	39,4150
563,8620	19,710	39,4200
564,0965	19,713	39,4250
564,3592	19,715	39,4300
564,6079	19,718	39,4350
564,8637	19,720	39,4400
565,1501	19,723	39,4450
565,4028	19,725	39,4500
565,6464	19,728	39,4550
565,8812	19,730	39,4600
566,0986	19,733	39,4650
566,3594	19,735	39,4700
566,6210	19,738	39,4750
566,8748	19,740	39,4800
567,1293	19,743	39,4850
567,3505	19,745	39,4900
567,5873	19,748	39,4950
567,8582	19,750	39,5000
568,0980	19,753	39,5050
568,3603	19,755	39,5100
568,6162	19,758	39,5150
568,8692	19,760	39,5200
569,1475	19,763	39,5250
569,3872	19,765	39,5300
569,6306	19,768	39,5350
569,8756	19,770	39,5400
570,0805	19,773	39,5450
570,3412	19,775	39,5500
570,6107	19,778	39,5550
570,8749	19,780	39,5600
571,1292	19,783	39,5650
571,3493	19,785	39,5700
571,6083	19,788	39,5750
571,8860	19,790	39,5800
572,1301	19,793	39,5850
572,3968	19,795	39,5900
572,6552	19,798	39,5950
572,9082	19,800	39,6000
573,1873	19,803	39,6050
573,4423	19,805	39,6100
573,6922	19,808	39,6150
573,9379	19,810	39,6200
574,1581	19,813	39,6250
574,4391	19,815	39,6300
574,7200	19,818	39,6350
574,9835	19,820	39,6400
575,2541	19,823	39,6450
575,4934	19,825	39,6500
575,7483	19,828	39,6550
576,0269	19,830	39,6600
576,2793	19,833	39,6650
576,5542	19,835	39,6700
576,8140	19,838	39,6750
577,0831	19,840	39,6800
577,3782	19,843	39,6850
577,6411	19,845	39,6900
577,8877	19,848	39,6950
578,1324	19,850	39,7000
578,3598	19,853	39,7050
578,6363	19,855	39,7100
578,9153	19,858	39,7150
579,1785	19,860	39,7200
579,4425	19,863	39,7250
579,6832	19,865	39,7300
579,9367	19,868	39,7350
580,2062	19,870	39,7400
580,4491	19,873	39,7450
580,7173	19,875	39,7500
580,9773	19,878	39,7550
581,2348	19,880	39,7600
581,5267	19,883	39,7650
581,7879	19,885	39,7700
582,0429	19,888	39,7750
582,2848	19,890	39,7800
582,5060	19,893	39,7850
582,7780	19,895	39,7900
583,0479	19,898	39,7950
583,3179	19,900	39,8000
583,5830	19,903	39,8050
583,8124	19,905	39,8100
584,0645	19,908	39,8150
584,3357	19,910	39,8200
584,5791	19,913	39,8250
584,8514	19,915	39,8300
585,1000	19,918	39,8350
585,3684	19,920	39,8400
585,6793	19,923	39,8450
585,9607	19,925	39,8500
586,2287	19,928	39,8550
586,4705	19,930	39,8600
586,6919	19,933	39,8650
586,9731	19,935	39,8700
587,2589	19,938	39,8750
587,5307	19,940	39,8800
587,8082	19,943	39,8850
588,0472	19,945	39,8900
588,3119	19,948	39,8950
588,6055	19,950	39,9000
588,8600	19,953	39,9050
589,1355	19,955	39,9100
589,3994	19,958	39,9150
589,6758	19,960	39,9200
589,9835	19,963	39,9250
590,2465	19,965	39,9300
590,5106	19,968	39,9350
590,7716	19,970	39,9400
591,0021	19,973	39,9450
591,2916	19,975	39,9500
591,5843	19,978	39,9550
591,8555	19,980	39,9600
592,1247	19,983	39,9650
592,3574	19,985	39,9700
592,6159	19,988	39,9750
592,9013	19,990	39,9800
593,1595	19,993	39,9850
593,4425	19,995	39,9900
593,7100	19,998	39,9950
593,9732	20,000	40,0000
594,2692	20,000	40,0050
594,4367	20,000	40,0100
594,3059	20,000	40,0150
593,9520	20,000	40,0200
593,5743	19,999	40,0250
593,2203	19,988	40,0300
592,6100	19,976	40,0350
590,7370	19,960	40,0400
587,3041	19,941	40,0450
582,9560	19,918	40,0500
577,9633	19,889	40,0550
572,3629	19,854	40,0600
565,6671	19,811	40,0650
557,8297	19,761	40,0700
548,7519	19,711	40,0750
538,6441	19,661	40,0800
528,3195	19,611	40,0850
518,5261	19,561	40,0900
509,3578	19,511	40,0950
500,5728	19,461	40,1000
492,0977	19,411	40,1050
484,0580	19,361	40,1100
476,4188	19,311	40,1150
468,9799	19,261	40,1200
461,8626	19,211	40,1250
455,0352	19,161	40,1300
448,4629	19,111	40,1350
442,0636	19,061	40,1400
435,9305	19,011	40,1450
430,0259	18,961	40,1500
424,2953	18,911	40,1550
418,7436	18,861	40,1600
413,3658	18,811	40,1650
408,1430	18,761	40,1700
403,0131	18,711	40,1750
398,0335	18,661	40,1800
393,2050	18,611	40,1850
388,5474	18,561	40,1900
384,0177	18,511	40,1950
379,6057	18,461	40,2000
375,2976	18,411	40,2050
371,0995	18,361	40,2100
366,9840	18,311	40,2150
362,9716	18,261	40,2200
359,0627	18,211	40,2250
355,2422	18,161	40,2300
351,5165	18,111	40,2350
347,8844	18,061	40,2400
344,3366	18,011	40,2450
340,8335	17,961	40,2500
337,4008	17,911	40,2550
334,0208	17,861	40,2600
330,6909	17,811	40,2650
327,4581	17,761	40,2700
324,3068	17,711	40,2750
321,2172	17,661	40,2800
318,1579	17,611	40,2850
315,1691	17,561	40,2900
312,2349	17,511	40,2950
309,3317	17,461	40,3000
306,4806	17,411	40,3050
303,6934	17,361	40,3100
300,9527	17,311	40,3150
298,2533	17,261	40,3200
295,5883	17,211	40,3250
292,9833	17,161	40,3300
290,4150	17,111	40,3350
287,8652	17,061	40,3400
285,3444	17,011	40,3450
282,8560	16,961	40,3500
280,3923	16,911	40,3550
277,9647	16,861	40,3600
275,6231	16,811	40,3650
273,2916	16,761	40,3700
270,9519	16,711	40,3750
268,6506	16,661	40,3800
266,4017	16,611	40,3850
264,1678	16,561	40,3900
261,9430	16,511	40,3950
259,7709	16,461	40,4000
257,6267	16,411	40,4050
255,4869	16,361	40,4100
253,3945	16,311	40,4150
251,3233	16,261	40,4200
249,2837	16,211	40,4250
247,2324	16,161	40,4300
245,2026	16,111	40,4350
243,2174	16,061	40,4400
241,2489	16,011	40,4450
239,3088	15,961	40,4500
237,3978	15,911	40,4550
235,5065	15,861	40,4600
233,6266	15,811	40,4650
231,7375	15,761	40,4700
229,8932	15,711	40,4750
228,0504	15,661	40,4800
226,2081	15,611	40,4850
224,3831	15,561	40,4900
222,5835	15,511	40,4950
220,7874	15,461	40,5000
219,0126	15,411	40,5050
217,2658	15,361	40,5100
215,5180	15,311	40,5150
213,7909	15,261	40,5200
212,0759	15,211	40,5250
210,3819	15,161	40,5300
208,6920	15,111	40,5350
207,0283	15,061	40,5400
205,3829	15,011	40,5450
203,7315	14,961	40,5500
202,1080	14,911	40,5550
200,4806	14,861	40,5600
198,8784	14,811	40,5650
197,2627	14,761	40,5700
195,6713	14,711	40,5750
194,0942	14,661	40,5800
192,5310	14,611	40,5850
190,9709	14,561	40,5900
189,4074	14,511	40,5950
187,8865	14,461	40,6000
186,3529	14,411	40,6050
184,8217	14,361	40,6100
183,3082	14,311	40,6150
181,8125	14,261	40,6200
180,3018	14,211	40,6250
178,8101	14,161	40,6300
177,3408	14,111	40,6350
175,8759	14,061	40,6400
174,4241	14,011	40,6450
172,9614	13,961	40,6500
171,5233	13,911	40,6550
170,0702	13,861	40,6600
168,6398	13,811	40,6650
167,1990	13,761	40,6700
165,7872	13,711	40,6750
164,3811	13,661	40,6800
162,9863	13,611	40,6850
161,5901	13,561	40,6900
160,2164	13,511	40,6950
158,8315	13,461	40,7000
157,4456	13,411	40,7050
156,0842	13,361	40,7100
154,7165	13,311	40,7150
153,3740	13,261	40,7200
151,9992	13,211	40,7250
150,6596	13,161	40,7300
149,3221	13,111	40,7350
147,9845	13,061	40,7400
146,6713	13,011	40,7450
145,3438	12,961	40,7500
144,0191	12,911	40,7550
142,7006	12,861	40,7600
141,3859	12,811	40,7650
140,0860	12,761	40,7700
138,7713	12,711	40,7750
137,4783	12,661	40,7800
136,1925	12,611	40,7850
134,9063	12,561	40,7900
133,6148	12,511	40,7950
132,3495	12,461	40,8000
131,0871	12,411	40,8050
129,8283	12,361	40,8100
128,5655	12,311	40,8150
127,3456	12,261	40,8200
126,0897	12,211	40,8250
124,8335	12,161	40,8300
123,6046	12,111	40,8350
122,3614	12,061	40,8400
121,1366	12,011	40,8450
119,8990	11,961	40,8500
118,6907	11,911	40,8550
117,4695	11,861	40,8600
116,2413	11,811	40,8650
115,0480	11,761	40,8700
113,8672	11,711	40,8750
112,6701	11,661	40,8800
111,4659	11,611	40,8850
110,2668	11,561	40,8900
109,0753	11,511	40,8950
107,8856	11,461	40,9000
106,6962	11,411	40,9050
105,5362	11,361	40,9100
104,3676	11,311	40,9150
103,2030	11,261	40,9200
102,0375	11,211	40,9250
100,8789	11,161	40,9300
99,7212	11,111	40,9350
98,5630	11,061	40,9400
97,3931	11,011	40,9450
96,2370	10,961	40,9500
95,0767	10,911	40,9550
93,9329	10,861	40,9600
92,8245	10,811	40,9650
91,6929	10,761	40,9700
90,5510	10,711	40,9750
89,4102	10,661	40,9800
88,2724	10,611	40,9850
87,1455	10,561	40,9900
85,9769	10,511	40,9950
84,8648	10,461	41,0000
83,7419	10,411	41,0050
82,6238	10,361	41,0100
81,5087	10,311	41,0150
80,3954	10,261	41,0200
79,3030	10,211	41,0250
78,1766	10,161	41,0300
77,0640	10,111	41,0350
75,9663	10,061	41,0400
74,8547	10,011	41,0450
73,7690	9,961	41,0500
72,6803	9,911	41,0550
71,5704	9,861	41,0600
70,4743	9,811	41,0650
69,3570	9,761	41,0700
68,2880	9,711	41,0750
67,2079	9,661	41,0800
66,1076	9,611	41,0850
65,0328	9,561	41,0900
63,9452	9,511	41,0950
62,8746	9,461	41,1000
61,7743	9,411	41,1050
60,6922	9,361	41,1100
59,6343	9,311	41,1150
58,5506	9,261	41,1200
57,4861	9,211	41,1250
56,4177	9,161	41,1300
55,3639	9,111	41,1350
54,3088	9,061	41,1400
53,2287	9,011	41,1450
52,1747	8,961	41,1500
51,1090	8,911	41,1550
50,0432	8,861	41,1600
48,9951	8,811	41,1650
47,9414	8,761	41,1700
46,9204	8,711	41,1750
45,8479	8,661	41,1800
44,7977	8,611	41,1850
43,7582	8,561	41,1900
42,6732	8,511	41,1950
41,6335	8,461	41,2000
40,6082	8,411	41,2050
39,5817	8,361	41,2100
38,5398	8,311	41,2150
37,4962	8,261	41,2200
36,4922	8,211	41,2250
35,4368	8,161	41,2300
34,4060	8,111	41,2350
33,3858	8,061	41,2400
32,3639	8,011	41,2450
31,3599	7,961	41,2500
30,3373	7,911	41,2550
29,3475	7,861	41,2600
28,3554	7,811	41,2650
27,3157	7,761	41,2700
26,2911	7,711	41,2750
25,3044	7,661	41,2800
24,3120	7,611	41,2850
23,3230	7,561	41,2900
22,3098	7,511	41,2950
21,3565	7,461	41,3000
20,3652	7,411	41,3050
19,3526	7,361	41,3100
18,3721	7,311	41,3150
17,4086	7,261	41,3200
16,4248	7,211	41,3250
15,4309	7,161	41,3300
14,4915	7,111	41,3350
13,5463	7,061	41,3400
12,5797	7,011	41,3450
11,6030	6,961	41,3500
10,6602	6,911	41,3550
9,7063	6,861	41,3600
8,7618	6,811	41,3650
7,7946	6,761	41,3700
6,8852	6,711	41,3750
5,9720	6,661	41,3800
5,0429	6,611	41,3850
4,1239	6,561	41,3900
3,2015	6,511	41,3950
2,3114	6,461	41,4000
1,3906	6,411	41,4050
0,4933	6,361	41,4100
-0,3576	6,311	41,4150
-1,2269	6,261	41,4200
-2,0590	6,211	41,4250
-2,8911	6,161	41,4300
-3,6982	6,111	41,4350
-4,4932	6,061	41,4400
-5,2925	6,011	41,4450
-6,0242	5,961	41,4500
-6,7331	5,911	41,4550
-7,3918	5,861	41,4600
-8,0006	5,811	41,4650
-8,5549	5,761	41,4700
-9,0003	5,711	41,4750
-9,3757	5,661	41,4800
-9,6543	5,611	41,4850
-9,7068	5,561	41,4900
-9,4881	5,511	41,4950
-8,3920	5,461	41,5000
-6,6417	5,411	41,5050
-5,4705	5,361	41,5100
-4,4684	5,311	41,5150
-2,7311	5,261	41,5200
-0,8141	5,211	41,5250
-0,0879	5,161	41,5300
0,0064	5,111	41,5350
0,0139	5,061	41,5400
-0,0408	5,011	41,5450
-0,0134	4,961	41,5500
0,0083	4,911	41,5550
0,0379	4,861	41,5600
0,0331	4,811	41,5650
-0,0242	4,761	41,5700
0,0113	4,711	41,5750
0,0184	4,661	41,5800
0,0113	4,611	41,5850
0,0167	4,561	41,5900
0,0020	4,511	41,5950
0,0364	4,461	41,6000
0,0237	4,411	41,6050
0,0064	4,361	41,6100
0,0052	4,311	41,6150
-0,0038	4,261	41,6200
0,0298	4,211	41,6250
0,0177	4,161	41,6300
0,0009	4,111	41,6350
0,0214	4,061	41,6400
0,0085	4,011	41,6450
0,0090	3,961	41,6500
-0,0044	3,911	41,6550
0,0185	3,861	41,6600
0,0299	3,811	41,6650
0,0071	3,761	41,6700
0,0262	3,711	41,6750
0,0271	3,661	41,6800
0,0163	3,611	41,6850
0,0225	3,561	41,6900
0,0058	3,511	41,6950
0,0299	3,461	41,7000
0,0071	3,411	41,7050
0,0018	3,361	41,7100
0,0165	3,311	41,7150
0,0193	3,261	41,7200
0,0255	3,211	41,7250
0,0205	3,161	41,7300
0,0434	3,111	41,7350
0,0384	3,061	41,7400
0,0028	3,011	41,7450
0,0201	2,961	41,7500
0,0376	2,911	41,7550
0,0310	2,861	41,7600
0,0071	2,811	41,7650
0,0062	2,761	41,7700
0,0533	2,711	41,7750
0,0349	2,661	41,7800
-0,0052	2,611	41,7850
0,0131	2,561	41,7900
0,0376	2,511	41,7950
0,0394	2,461	41,8000
0,0060	2,411	41,8050
0,0375	2,361	41,8100
0,0516	2,311	41,8150
0,0206	2,261	41,8200
0,0049	2,211	41,8250
0,0426	2,161	41,8300
0,0598	2,111	41,8350
0,0119	2,061	41,8400
-0,0166	2,011	41,8450
0,0342	1,961	41,8500
0,0646	1,911	41,8550
0,0087	1,861	41,8600
0,0052	1,811	41,8650
0,0325	1,761	41,8700
0,0503	1,711	41,8750
0,0167	1,661	41,8800
0,0071	1,611	41,8850
0,0321	1,561	41,8900
0,0474	1,511	41,8950
0,0230	1,461	41,9000
0,0114	1,411	41,9050
0,0275	1,361	41,9100
0,0418	1,311	41,9150
0,0330	1,261	41,9200
0,0138	1,211	41,9250
0,0300	1,161	41,9300
0,0359	1,111	41,9350
0,0245	1,061	41,9400
0,0374	1,011	41,9450
0,0356	0,961	41,9500
0,0412	0,911	41,9550
0,0390	0,861	41,9600
0,0294	0,811	41,9650
0,0288	0,761	41,9700
0,0288	0,711	41,9750
0,0325	0,661	41,9800
0,0323	0,611	41,9850
0,0192	0,561	41,9900
0,0243	0,511	41,9950
0,0307	0,461	42,0000
0,0342	0,411	42,0050
0,0191	0,361	42,0100
0,0318	0,311	42,0150
0,0416	0,261	42,0200
0,0429	0,211	42,0250
0,0269	0,164	42,0300
0,0273	0,126	42,0350
0,2626	0,095	42,0400
0,4108	0,069	42,0450
0,3844	0,048	42,0500
0,2729	0,031	42,0550
0,2198	0,017	42,0600
0,2565	0,006	42,0650
0,2173	0,000	42,0700
