TEST_4	TEST_4	TEST_4
Force	Distance	Time
N	mm	sec

-0,0009	0,000	0,0000
0,0031	0,003	0,0050
0,0460	0,005	0,0100
0,0419	0,008	0,0150
0,0107	0,010	0,0200
0,0058	0,013	0,0250
-0,0099	0,015	0,0300
0,0015	0,018	0,0350
0,0060	0,020	0,0400
-0,0217	0,023	0,0450
-0,0011	0,025	0,0500
0,0168	0,028	0,0550
-0,0071	0,030	0,0600
0,0138	0,033	0,0650
0,0047	0,035	0,0700
-0,0066	0,038	0,0750
0,0108	0,040	0,0800
-0,0110	0,043	0,0850
0,0157	0,045	0,0900
0,0136	0,048	0,0950
0,0049	0,050	0,1000
0,0202	0,053	0,1050
0,0033	0,055	0,1100
-0,0102	0,058	0,1150
-0,0002	0,060	0,1200
-0,0235	0,063	0,1250
-0,0071	0,065	0,1300
0,0012	0,068	0,1350
-0,0106	0,070	0,1400
0,0199	0,073	0,1450
0,0121	0,075	0,1500
-0,0017	0,078	0,1550
0,0214	0,080	0,1600
-0,0091	0,083	0,1650
0,0074	0,085	0,1700
-0,0058	0,088	0,1750
-0,0165	0,090	0,1800
0,0085	0,093	0,1850
-0,0008	0,095	0,1900
-0,0023	0,098	0,1950
0,0125	0,100	0,2000
-0,0177	0,103	0,2050
0,0050	0,105	0,2100
0,0098	0,108	0,2150
-0,0165	0,110	0,2200
0,0009	0,113	0,2250
-0,0064	0,115	0,2300
-0,0011	0,118	0,2350
0,0283	0,120	0,2400
-0,0134	0,123	0,2450
0,0018	0,125	0,2500
-0,0037	0,128	0,2550
-0,0038	0,130	0,2600
0,0111	0,133	0,2650
-0,0014	0,135	0,2700
-0,0039	0,138	0,2750
0,0219	0,140	0,2800
-0,0050	0,143	0,2850
0,0173	0,145	0,2900
0,0206	0,148	0,2950
-0,0102	0,150	0,3000
0,0085	0,153	0,3050
0,0027	0,155	0,3100
-0,0012	0,158	0,3150
0,0150	0,160	0,3200
-0,0190	0,163	0,3250
0,0086	0,165	0,3300
0,0027	0,168	0,3350
-0,0224	0,170	0,3400
0,0024	0,173	0,3450
0,0022	0,175	0,3500
-0,0128	0,178	0,3550
0,0079	0,180	0,3600
-0,0129	0,183	0,3650
0,0167	0,185	0,3700
0,0218	0,188	0,3750
-0,0104	0,190	0,3800
0,0049	0,193	0,3850
0,0058	0,195	0,3900
-0,0040	0,198	0,3950
0,0107	0,200	0,4000
-0,0146	0,203	0,4050
0,0064	0,205	0,4100
0,0002	0,208	0,4150
-0,0127	0,210	0,4200
0,0193	0,213	0,4250
0,0086	0,215	0,4300
-0,0149	0,218	0,4350
-0,0054	0,220	0,4400
-0,0213	0,223	0,4450
0,0029	0,225	0,4500
0,0030	0,228	0,4550
-0,0099	0,230	0,4600
0,0163	0,233	0,4650
0,0004	0,235	0,4700
-0,0000	0,238	0,4750
0,0196	0,240	0,4800
-0,0153	0,243	0,4850
0,0017	0,245	0,4900
-0,0058	0,248	0,4950
-0,0129	0,250	0,5000
0,0145	0,253	0,5050
0,0015	0,255	0,5100
-0,0091	0,258	0,5150
0,0066	0,260	0,5200
-0,0167	0,263	0,5250
0,0065	0,265	0,5300
0,0023	0,268	0,5350
-0,0089	0,270	0,5400
0,0090	0,273	0,5450
0,0072	0,275	0,5500
-0,0010	0,278	0,5550
0,0154	0,280	0,5600
-0,0120	0,283	0,5650
0,0072	0,285	0,5700
0,0030	0,288	0,5750
-0,0067	0,290	0,5800
0,0112	0,293	0,5850
0,0017	0,295	0,5900
0,0008	0,298	0,5950
0,0213	0,300	0,6000
-0,0134	0,303	0,6050
0,0085	0,305	0,6100
0,0113	0,308	0,6150
-0,0093	0,310	0,6200
0,0092	0,313	0,6250
-0,0065	0,315	0,6300
-0,0094	0,318	0,6350
0,0114	0,320	0,6400
-0,0159	0,323	0,6450
0,0074	0,325	0,6500
0,0006	0,328	0,6550
-0,0122	0,330	0,6600
0,0172	0,333	0,6650
0,0083	0,335	0,6700
-0,0055	0,338	0,6750
0,0112	0,340	0,6800
-0,0148	0,343	0,6850
0,0027	0,345	0,6900
0,0052	0,348	0,6950
-0,0188	0,350	0,7000
0,0136	0,353	0,7050
0,0054	0,355	0,7100
0,0039	0,358	0,7150
0,0150	0,360	0,7200
-0,0118	0,363	0,7250
0,0108	0,365	0,7300
0,0054	0,368	0,7350
-0,0059	0,370	0,7400
0,0137	0,373	0,7450
0,0032	0,375	0,7500
-0,0092	0,378	0,7550
0,0055	0,380	0,7600
-0,0211	0,383	0,7650
0,0165	0,385	0,7700
0,0155	0,388	0,7750
-0,0092	0,390	0,7800
0,0040	0,393	0,7850
-0,0010	0,395	0,7900
-0,0013	0,398	0,7950
0,0156	0,400	0,8000
-0,0076	0,403	0,8050
0,0055	0,405	0,8100
0,0005	0,408	0,8150
-0,0088	0,410	0,8200
0,0192	0,413	0,8250
0,0008	0,415	0,8300
-0,0142	0,418	0,8350
0,0062	0,420	0,8400
-0,0171	0,423	0,8450
-0,0002	0,425	0,8500
-0,0077	0,428	0,8550
-0,0225	0,430	0,8600
0,0045	0,433	0,8650
-0,0025	0,435	0,8700
-0,0015	0,438	0,8750
0,0192	0,440	0,8800
-0,0146	0,443	0,8850
-0,0016	0,445	0,8900
-0,0076	0,448	0,8950
-0,0097	0,450	0,9000
0,0166	0,453	0,9050
0,0043	0,455	0,9100
-0,0080	0,458	0,9150
0,0055	0,460	0,9200
-0,0204	0,463	0,9250
0,0092	0,465	0,9300
0,0083	0,468	0,9350
-0,0097	0,470	0,9400
0,0052	0,473	0,9450
-0,0002	0,475	0,9500
-0,0095	0,478	0,9550
0,0111	0,480	0,9600
-0,0218	0,483	0,9650
-0,0005	0,485	0,9700
-0,0010	0,488	0,9750
-0,0031	0,490	0,9800
0,0164	0,493	0,9850
0,0061	0,495	0,9900
0,0008	0,498	0,9950
0,0140	0,500	1,0000
-0,0149	0,503	1,0050
0,0141	0,505	1,0100
0,0155	0,508	1,0150
-0,0068	0,510	1,0200
0,0089	0,513	1,0250
0,0043	0,515	1,0300
0,0022	0,518	1,0350
0,0183	0,520	1,0400
-0,0075	0,523	1,0450
0,0142	0,525	1,0500
0,0083	0,528	1,0550
-0,0107	0,530	1,0600
0,0065	0,533	1,0650
-0,0005	0,535	1,0700
-0,0043	0,538	1,0750
0,0152	0,540	1,0800
-0,0085	0,543	1,0850
0,0128	0,545	1,0900
0,0085	0,548	1,0950
-0,0187	0,550	1,1000
0,0012	0,553	1,1050
0,0003	0,555	1,1100
-0,0027	0,558	1,1150
0,0107	0,560	1,1200
-0,0156	0,563	1,1250
0,0049	0,565	1,1300
0,0028	0,568	1,1350
-0,0088	0,570	1,1400
0,0154	0,573	1,1450
0,0102	0,575	1,1500
0,0041	0,578	1,1550
0,0185	0,580	1,1600
-0,0087	0,583	1,1650
0,0085	0,585	1,1700
0,0045	0,588	1,1750
-0,0169	0,590	1,1800
0,0023	0,593	1,1850
-0,0048	0,595	1,1900
-0,0080	0,598	1,1950
0,0111	0,600	1,2000
-0,0134	0,603	1,2050
0,0068	0,605	1,2100
0,0102	0,608	1,2150
-0,0094	0,610	1,2200
0,0099	0,613	1,2250
0,0075	0,615	1,2300
-0,0086	0,618	1,2350
0,0008	0,620	1,2400
-0,0224	0,623	1,2450
0,0063	0,625	1,2500
-0,0015	0,628	1,2550
-0,0111	0,630	1,2600
0,0116	0,633	1,2650
0,0004	0,635	1,2700
-0,0006	0,638	1,2750
0,0163	0,640	1,2800
-0,0139	0,643	1,2850
0,0004	0,645	1,2900
-0,0039	0,648	1,2950
-0,0199	0,650	1,3000
0,0051	0,653	1,3050
-0,0056	0,655	1,3100
-0,0082	0,658	1,3150
0,0120	0,660	1,3200
-0,0124	0,663	1,3250
0,0107	0,665	1,3300
0,0110	0,668	1,3350
-0,0051	0,670	1,3400
0,0067	0,673	1,3450
-0,0027	0,675	1,3500
-0,0131	0,678	1,3550
0,0033	0,680	1,3600
-0,0190	0,683	1,3650
0,0005	0,685	1,3700
-0,0086	0,688	1,3750
-0,0177	0,690	1,3800
0,0173	0,693	1,3850
0,0113	0,695	1,3900
0,0032	0,698	1,3950
0,0154	0,700	1,4000
-0,0129	0,703	1,4050
0,0029	0,705	1,4100
-0,0032	0,708	1,4150
-0,0193	0,710	1,4200
0,0056	0,713	1,4250
-0,0029	0,715	1,4300
-0,0038	0,718	1,4350
0,0163	0,720	1,4400
-0,0110	0,723	1,4450
0,0108	0,725	1,4500
0,0085	0,728	1,4550
-0,0083	0,730	1,4600
0,0081	0,733	1,4650
-0,0067	0,735	1,4700
-0,0145	0,738	1,4750
0,0054	0,740	1,4800
-0,0121	0,743	1,4850
0,0083	0,745	1,4900
0,0104	0,748	1,4950
-0,0131	0,750	1,5000
0,0105	0,753	1,5050
0,0051	0,755	1,5100
-0,0040	0,758	1,5150
0,0119	0,760	1,5200
-0,0092	0,763	1,5250
0,0073	0,765	1,5300
0,0030	0,768	1,5350
-0,0066	0,770	1,5400
0,0095	0,773	1,5450
0,0007	0,775	1,5500
-0,0140	0,778	1,5550
0,0135	0,780	1,5600
-0,0048	0,783	1,5650
0,0167	0,785	1,5700
0,0064	0,788	1,5750
-0,0111	0,790	1,5800
0,0082	0,793	1,5850
-0,0006	0,795	1,5900
-0,0085	0,798	1,5950
0,0026	0,800	1,6000
-0,0228	0,803	1,6050
-0,0069	0,805	1,6100
-0,0072	0,808	1,6150
-0,0165	0,810	1,6200
0,0061	0,813	1,6250
-0,0033	0,815	1,6300
-0,0111	0,818	1,6350
0,0098	0,820	1,6400
-0,0128	0,823	1,6450
0,0045	0,825	1,6500
-0,0062	0,828	1,6550
-0,0156	0,830	1,6600
-0,0025	0,833	1,6650
-0,0050	0,835	1,6700
0,0002	0,838	1,6750
0,0134	0,840	1,6800
-0,0123	0,843	1,6850
0,0029	0,845	1,6900
0,0025	0,848	1,6950
-0,0041	0,850	1,7000
0,0140	0,853	1,7050
-0,0039	0,855	1,7100
-0,0044	0,858	1,7150
0,0182	0,860	1,7200
-0,0027	0,863	1,7250
0,0214	0,865	1,7300
0,0170	0,868	1,7350
-0,0026	0,870	1,7400
0,0104	0,873	1,7450
0,0003	0,875	1,7500
-0,0054	0,878	1,7550
0,0101	0,880	1,7600
-0,0183	0,883	1,7650
0,0002	0,885	1,7700
0,0003	0,888	1,7750
-0,0133	0,890	1,7800
0,0067	0,893	1,7850
-0,0030	0,895	1,7900
-0,0135	0,898	1,7950
-0,0007	0,900	1,8000
-0,0268	0,903	1,8050
0,0026	0,905	1,8100
0,0040	0,908	1,8150
-0,0182	0,910	1,8200
0,0000	0,913	1,8250
-0,0082	0,915	1,8300
-0,0085	0,918	1,8350
0,0093	0,920	1,8400
-0,0153	0,923	1,8450
0,0078	0,925	1,8500
0,0094	0,928	1,8550
0,0002	0,930	1,8600
0,0141	0,933	1,8650
-0,0009	0,935	1,8700
-0,0091	0,938	1,8750
0,0092	0,940	1,8800
-0,0109	0,943	1,8850
0,0037	0,945	1,8900
0,0004	0,948	1,8950
-0,0148	0,950	1,9000
0,0023	0,953	1,9050
-0,0044	0,955	1,9100
-0,0039	0,958	1,9150
0,0151	0,960	1,9200
-0,0115	0,963	1,9250
0,0012	0,965	1,9300
-0,0019	0,968	1,9350
-0,0109	0,970	1,9400
0,0117	0,973	1,9450
0,0065	0,975	1,9500
-0,0112	0,978	1,9550
0,0102	0,980	1,9600
-0,0092	0,983	1,9650
0,0175	0,985	1,9700
0,0116	0,988	1,9750
-0,0075	0,990	1,9800
0,0016	0,993	1,9850
-0,0044	0,995	1,9900
-0,0119	0,998	1,9950
0,0021	1,000	2,0000
-0,0153	1,003	2,0050
-0,0020	1,005	2,0100
0,0016	1,008	2,0150
-0,0109	1,010	2,0200
0,0131	1,013	2,0250
0,0045	1,015	2,0300
-0,0029	1,018	2,0350
0,0135	1,020	2,0400
-0,0118	1,023	2,0450
0,0023	1,025	2,0500
-0,0017	1,028	2,0550
-0,0135	1,030	2,0600
0,0049	1,033	2,0650
-0,0047	1,035	2,0700
-0,0002	1,038	2,0750
0,0166	1,040	2,0800
-0,0079	1,043	2,0850
0,0066	1,045	2,0900
0,0038	1,048	2,0950
-0,0058	1,050	2,1000
0,0128	1,053	2,1050
-0,0013	1,055	2,1100
-0,0097	1,058	2,1150
0,0065	1,060	2,1200
-0,0170	1,063	2,1250
0,0124	1,065	2,1300
0,0032	1,068	2,1350
-0,0125	1,070	2,1400
0,0036	1,073	2,1450
-0,0003	1,075	2,1500
-0,0066	1,078	2,1550
0,0125	1,080	2,1600
-0,0131	1,083	2,1650
0,0102	1,085	2,1700
0,0108	1,088	2,1750
-0,0039	1,090	2,1800
0,0133	1,093	2,1850
0,0019	1,095	2,1900
-0,0062	1,098	2,1950
0,0013	1,100	2,2000
-0,0198	1,103	2,2050
0,0033	1,105	2,2100
0,0025	1,108	2,2150
-0,0170	1,110	2,2200
0,0070	1,113	2,2250
-0,0045	1,115	2,2300
-0,0080	1,118	2,2350
0,0069	1,120	2,2400
-0,0212	1,123	2,2450
0,0037	1,125	2,2500
0,0017	1,128	2,2550
-0,0061	1,130	2,2600
0,0145	1,133	2,2650
0,0056	1,135	2,2700
-0,0018	1,138	2,2750
0,0097	1,140	2,2800
-0,0168	1,143	2,2850
0,0052	1,145	2,2900
0,0093	1,148	2,2950
-0,0128	1,150	2,3000
0,0115	1,153	2,3050
0,0049	1,155	2,3100
0,0007	1,158	2,3150
0,0104	1,160	2,3200
-0,0201	1,163	2,3250
0,0037	1,165	2,3300
0,0014	1,168	2,3350
-0,0177	1,170	2,3400
0,0020	1,173	2,3450
0,0036	1,175	2,3500
-0,0112	1,178	2,3550
0,0027	1,180	2,3600
-0,0159	1,183	2,3650
0,0121	1,185	2,3700
0,0088	1,188	2,3750
-0,0088	1,190	2,3800
0,0166	1,193	2,3850
0,0038	1,195	2,3900
-0,0041	1,198	2,3950
0,0098	1,200	2,4000
-0,0114	1,203	2,4050
0,0008	1,205	2,4100
-0,0001	1,208	2,4150
-0,0076	1,210	2,4200
0,0184	1,213	2,4250
0,0114	1,215	2,4300
-0,0009	1,218	2,4350
0,0109	1,220	2,4400
-0,0087	1,223	2,4450
0,0096	1,225	2,4500
0,0108	1,228	2,4550
-0,0025	1,230	2,4600
0,0140	1,233	2,4650
0,0045	1,235	2,4700
-0,0005	1,238	2,4750
0,0105	1,240	2,4800
-0,0152	1,243	2,4850
-0,0008	1,245	2,4900
0,0007	1,248	2,4950
-0,0080	1,250	2,5000
0,0071	1,253	2,5050
-0,0133	1,255	2,5100
-0,0170	1,258	2,5150
0,0040	1,260	2,5200
-0,0151	1,263	2,5250
0,0095	1,265	2,5300
0,0125	1,268	2,5350
-0,0014	1,270	2,5400
0,0219	1,273	2,5450
0,0167	1,275	2,5500
0,0081	1,278	2,5550
0,0163	1,280	2,5600
-0,0112	1,283	2,5650
0,0019	1,285	2,5700
-0,0085	1,288	2,5750
-0,0146	1,290	2,5800
0,0114	1,293	2,5850
0,0062	1,295	2,5900
0,0061	1,298	2,5950
0,0123	1,300	2,6000
-0,0167	1,303	2,6050
0,0019	1,305	2,6100
-0,0038	1,308	2,6150
-0,0205	1,310	2,6200
0,0030	1,313	2,6250
-0,0048	1,315	2,6300
-0,0022	1,318	2,6350
0,0099	1,320	2,6400
-0,0202	1,323	2,6450
0,0065	1,325	2,6500
0,0079	1,328	2,6550
-0,0019	1,330	2,6600
0,0168	1,333	2,6650
0,0065	1,335	2,6700
-0,0021	1,338	2,6750
0,0130	1,340	2,6800
-0,0080	1,343	2,6850
0,0078	1,345	2,6900
0,0039	1,348	2,6950
-0,0149	1,350	2,7000
0,0060	1,353	2,7050
-0,0091	1,355	2,7100
-0,0050	1,358	2,7150
0,0111	1,360	2,7200
-0,0094	1,363	2,7250
0,0060	1,365	2,7300
-0,0017	1,368	2,7350
-0,0112	1,370	2,7400
0,0103	1,373	2,7450
-0,0034	1,375	2,7500
-0,0180	1,378	2,7550
0,0046	1,380	2,7600
-0,0128	1,383	2,7650
0,0155	1,385	2,7700
0,0159	1,388	2,7750
-0,0127	1,390	2,7800
0,0007	1,393	2,7850
-0,0035	1,395	2,7900
-0,0034	1,398	2,7950
0,0135	1,400	2,8000
-0,0047	1,403	2,8050
0,0138	1,405	2,8100
0,0104	1,408	2,8150
-0,0066	1,410	2,8200
0,0066	1,413	2,8250
0,0028	1,415	2,8300
-0,0016	1,418	2,8350
0,0149	1,420	2,8400
-0,0122	1,423	2,8450
0,0018	1,425	2,8500
0,0030	1,428	2,8550
-0,0047	1,430	2,8600
0,0048	1,433	2,8650
-0,0050	1,435	2,8700
-0,0031	1,438	2,8750
0,0115	1,440	2,8800
-0,0086	1,443	2,8850
0,0081	1,445	2,8900
0,0035	1,448	2,8950
-0,0093	1,450	2,9000
0,0075	1,453	2,9050
-0,0017	1,455	2,9100
-0,0111	1,458	2,9150
0,0032	1,460	2,9200
-0,0128	1,463	2,9250
0,0106	1,465	2,9300
0,0079	1,468	2,9350
-0,0133	1,470	2,9400
0,0012	1,473	2,9450
-0,0051	1,475	2,9500
-0,0093	1,478	2,9550
0,0136	1,480	2,9600
-0,0128	1,483	2,9650
0,0056	1,485	2,9700
0,0027	1,488	2,9750
-0,0010	1,490	2,9800
0,0112	1,493	2,9850
0,0007	1,495	2,9900
-0,0087	1,498	2,9950
0,0053	1,500	3,0000
-0,0175	1,503	3,0050
0,0046	1,505	3,0100
0,0109	1,508	3,0150
-0,0048	1,510	3,0200
0,0107	1,513	3,0250
-0,0035	1,515	3,0300
-0,0016	1,518	3,0350
0,0153	1,520	3,0400
-0,0106	1,523	3,0450
0,0046	1,525	3,0500
-0,0041	1,528	3,0550
-0,0134	1,530	3,0600
0,0119	1,533	3,0650
0,0083	1,535	3,0700
0,0038	1,538	3,0750
0,0189	1,540	3,0800
-0,0042	1,543	3,0850
0,0122	1,545	3,0900
0,0119	1,548	3,0950
-0,0110	1,550	3,1000
0,0112	1,553	3,1050
-0,0009	1,555	3,1100
-0,0029	1,558	3,1150
0,0011	1,560	3,1200
-0,0223	1,563	3,1250
0,0056	1,565	3,1300
0,0011	1,568	3,1350
-0,0177	1,570	3,1400
-0,0000	1,573	3,1450
-0,0017	1,575	3,1500
-0,0066	1,578	3,1550
0,0159	1,580	3,1600
-0,0054	1,583	3,1650
0,0141	1,585	3,1700
0,0033	1,588	3,1750
-0,0225	1,590	3,1800
0,0032	1,593	3,1850
-0,0012	1,595	3,1900
0,0031	1,598	3,1950
0,0113	1,600	3,2000
-0,0166	1,603	3,2050
0,0088	1,605	3,2100
0,0061	1,608	3,2150
-0,0095	1,610	3,2200
0,0125	1,613	3,2250
0,0049	1,615	3,2300
-0,0111	1,618	3,2350
0,0038	1,620	3,2400
-0,0159	1,623	3,2450
0,0093	1,625	3,2500
0,0070	1,628	3,2550
-0,0061	1,630	3,2600
0,0105	1,633	3,2650
0,0015	1,635	3,2700
0,0004	1,638	3,2750
0,0242	1,640	3,2800
-0,0046	1,643	3,2850
-0,0002	1,645	3,2900
-0,0062	1,648	3,2950
-0,0120	1,650	3,3000
0,0156	1,653	3,3050
0,0059	1,655	3,3100
-0,0083	1,658	3,3150
0,0100	1,660	3,3200
-0,0073	1,663	3,3250
0,0114	1,665	3,3300
-0,0023	1,668	3,3350
-0,0191	1,670	3,3400
0,0027	1,673	3,3450
0,0041	1,675	3,3500
0,0022	1,678	3,3550
0,0111	1,680	3,3600
-0,0189	1,683	3,3650
0,0059	1,685	3,3700
0,0033	1,688	3,3750
-0,0069	1,690	3,3800
0,0082	1,693	3,3850
0,0003	1,695	3,3900
-0,0068	1,698	3,3950
0,0001	1,700	3,4000
-0,0165	1,703	3,4050
0,0097	1,705	3,4100
0,0088	1,708	3,4150
-0,0092	1,710	3,4200
0,0073	1,713	3,4250
-0,0046	1,715	3,4300
-0,0033	1,718	3,4350
0,0153	1,720	3,4400
-0,0176	1,723	3,4450
0,0027	1,725	3,4500
-0,0019	1,728	3,4550
-0,0138	1,730	3,4600
0,0074	1,733	3,4650
0,0041	1,735	3,4700
-0,0017	1,738	3,4750
0,0080	1,740	3,4800
-0,0166	1,743	3,4850
0,0047	1,745	3,4900
0,0089	1,748	3,4950
-0,0131	1,750	3,5000
0,0090	1,753	3,5050
-0,0019	1,755	3,5100
-0,0052	1,758	3,5150
0,0103	1,760	3,5200
-0,0143	1,763	3,5250
0,0085	1,765	3,5300
0,0056	1,768	3,5350
-0,0089	1,770	3,5400
0,0041	1,773	3,5450
-0,0048	1,775	3,5500
-0,0117	1,778	3,5550
0,0102	1,780	3,5600
-0,0148	1,783	3,5650
0,0105	1,785	3,5700
0,0141	1,788	3,5750
-0,0033	1,790	3,5800
0,0154	1,793	3,5850
0,0026	1,795	3,5900
0,0025	1,798	3,5950
0,0115	1,800	3,6000
-0,0098	1,803	3,6050
0,0005	1,805	3,6100
-0,0014	1,808	3,6150
-0,0070	1,810	3,6200
0,0092	1,813	3,6250
0,0006	1,815	3,6300
-0,0080	1,818	3,6350
0,0069	1,820	3,6400
-0,0171	1,823	3,6450
0,0065	1,825	3,6500
0,0105	1,828	3,6550
-0,0030	1,830	3,6600
0,0144	1,833	3,6650
0,0024	1,835	3,6700
-0,0008	1,838	3,6750
0,0090	1,840	3,6800
-0,0215	1,843	3,6850
-0,0065	1,845	3,6900
-0,0026	1,848	3,6950
-0,0147	1,850	3,7000
0,0074	1,853	3,7050
-0,0020	1,855	3,7100
-0,0078	1,858	3,7150
0,0018	1,860	3,7200
-0,0197	1,863	3,7250
0,0078	1,865	3,7300
0,0014	1,868	3,7350
-0,0181	1,870	3,7400
0,0004	1,873	3,7450
0,0008	1,875	3,7500
-0,0084	1,878	3,7550
0,0084	1,880	3,7600
-0,0179	1,883	3,7650
-0,0002	1,885	3,7700
0,0001	1,888	3,7750
-0,0084	1,890	3,7800
0,0161	1,893	3,7850
0,0054	1,895	3,7900
-0,0052	1,898	3,7950
0,0139	1,900	3,8000
-0,0140	1,903	3,8050
0,0125	1,905	3,8100
0,0174	1,908	3,8150
-0,0037	1,910	3,8200
0,0103	1,913	3,8250
0,0053	1,915	3,8300
0,0027	1,918	3,8350
0,0096	1,920	3,8400
-0,0186	1,923	3,8450
-0,0025	1,925	3,8500
-0,0095	1,928	3,8550
-0,0177	1,930	3,8600
0,0044	1,933	3,8650
-0,0047	1,935	3,8700
-0,0083	1,938	3,8750
0,0061	1,940	3,8800
-0,0184	1,943	3,8850
0,0084	1,945	3,8900
0,0082	1,948	3,8950
-0,0152	1,950	3,9000
0,0120	1,953	3,9050
-0,0002	1,955	3,9100
-0,0051	1,958	3,9150
0,0091	1,960	3,9200
-0,0109	1,963	3,9250
0,0115	1,965	3,9300
0,0012	1,968	3,9350
-0,0136	1,970	3,9400
0,0150	1,973	3,9450
0,0049	1,975	3,9500
-0,0117	1,978	3,9550
0,0082	1,980	3,9600
-0,0113	1,983	3,9650
0,0078	1,985	3,9700
0,0065	1,988	3,9750
-0,0099	1,990	3,9800
0,0110	1,993	3,9850
-0,0011	1,995	3,9900
-0,0034	1,998	3,9950
0,0197	2,000	4,0000
-0,0109	2,003	4,0050
-0,0006	2,005	4,0100
-0,0015	2,008	4,0150
-0,0162	2,010	4,0200
0,0075	2,013	4,0250
0,0017	2,015	4,0300
-0,0090	2,018	4,0350
0,0083	2,020	4,0400
-0,0189	2,023	4,0450
0,0107	2,025	4,0500
0,0097	2,028	4,0550
-0,0049	2,030	4,0600
0,0142	2,033	4,0650
0,0020	2,035	4,0700
-0,0087	2,038	4,0750
0,0082	2,040	4,0800
-0,0061	2,043	4,0850
0,0043	2,045	4,0900
0,0046	2,048	4,0950
-0,0070	2,050	4,1000
0,0153	2,053	4,1050
0,0103	2,055	4,1100
-0,0033	2,058	4,1150
0,0026	2,060	4,1200
-0,0175	2,063	4,1250
0,0096	2,065	4,1300
0,0079	2,068	4,1350
0,0022	2,070	4,1400
0,0197	2,073	4,1450
0,0099	2,075	4,1500
0,0027	2,078	4,1550
0,0225	2,080	4,1600
-0,0112	2,083	4,1650
0,0002	2,085	4,1700
-0,0042	2,088	4,1750
-0,0149	2,090	4,1800
0,0008	2,093	4,1850
0,0021	2,095	4,1900
0,0054	2,098	4,1950
0,0247	2,100	4,2000
-0,0051	2,103	4,2050
0,0153	2,105	4,2100
0,0064	2,108	4,2150
-0,0155	2,110	4,2200
-0,0016	2,113	4,2250
-0,0059	2,115	4,2300
-0,0076	2,118	4,2350
0,0115	2,120	4,2400
-0,0131	2,123	4,2450
0,0077	2,125	4,2500
0,0018	2,128	4,2550
-0,0143	2,130	4,2600
0,0107	2,133	4,2650
0,0070	2,135	4,2700
-0,0005	2,138	4,2750
0,0144	2,140	4,2800
-0,0145	2,143	4,2850
0,0036	2,145	4,2900
0,0070	2,148	4,2950
-0,0150	2,150	4,3000
0,0054	2,153	4,3050
-0,0085	2,155	4,3100
-0,0099	2,158	4,3150
0,0109	2,160	4,3200
-0,0085	2,163	4,3250
0,0071	2,165	4,3300
0,0018	2,168	4,3350
-0,0094	2,170	4,3400
0,0144	2,173	4,3450
0,0056	2,175	4,3500
-0,0070	2,178	4,3550
0,0124	2,180	4,3600
-0,0175	2,183	4,3650
0,0081	2,185	4,3700
0,0110	2,188	4,3750
-0,0096	2,190	4,3800
0,0140	2,193	4,3850
-0,0023	2,195	4,3900
-0,0105	2,198	4,3950
0,0084	2,200	4,4000
-0,0140	2,203	4,4050
0,0013	2,205	4,4100
-0,0010	2,208	4,4150
-0,0161	2,210	4,4200
0,0100	2,213	4,4250
0,0046	2,215	4,4300
-0,0066	2,218	4,4350
0,0097	2,220	4,4400
-0,0181	2,223	4,4450
0,0072	2,225	4,4500
0,0073	2,228	4,4550
-0,0089	2,230	4,4600
0,0086	2,233	4,4650
-0,0010	2,235	4,4700
-0,0051	2,238	4,4750
0,0125	2,240	4,4800
-0,0125	2,243	4,4850
0,0040	2,245	4,4900
0,0025	2,248	4,4950
-0,0143	2,250	4,5000
0,0124	2,253	4,5050
0,0090	2,255	4,5100
-0,0079	2,258	4,5150
0,0036	2,260	4,5200
-0,0130	2,263	4,5250
0,0111	2,265	4,5300
0,0110	2,268	4,5350
-0,0015	2,270	4,5400
0,0122	2,273	4,5450
0,0049	2,275	4,5500
-0,0032	2,278	4,5550
0,0123	2,280	4,5600
-0,0193	2,283	4,5650
0,0013	2,285	4,5700
0,0094	2,288	4,5750
-0,0051	2,290	4,5800
0,0133	2,293	4,5850
0,0007	2,295	4,5900
-0,0028	2,298	4,5950
0,0102	2,300	4,6000
-0,0101	2,303	4,6050
0,0098	2,305	4,6100
0,0068	2,308	4,6150
-0,0094	2,310	4,6200
0,0094	2,313	4,6250
0,0012	2,315	4,6300
-0,0031	2,318	4,6350
0,0134	2,320	4,6400
-0,0187	2,323	4,6450
0,0027	2,325	4,6500
-0,0046	2,328	4,6550
-0,0138	2,330	4,6600
0,0103	2,333	4,6650
0,0049	2,335	4,6700
-0,0008	2,338	4,6750
0,0155	2,340	4,6800
-0,0175	2,343	4,6850
-0,0034	2,345	4,6900
-0,0003	2,348	4,6950
-0,0099	2,350	4,7000
0,0067	2,353	4,7050
0,0026	2,355	4,7100
0,0007	2,358	4,7150
0,0189	2,360	4,7200
-0,0119	2,363	4,7250
0,0072	2,365	4,7300
0,0041	2,368	4,7350
-0,0117	2,370	4,7400
0,0064	2,373	4,7450
0,0005	2,375	4,7500
-0,0036	2,378	4,7550
0,0225	2,380	4,7600
-0,0056	2,383	4,7650
0,0125	2,385	4,7700
0,0094	2,388	4,7750
-0,0081	2,390	4,7800
0,0100	2,393	4,7850
0,0052	2,395	4,7900
-0,0029	2,398	4,7950
0,0164	2,400	4,8000
-0,0146	2,403	4,8050
-0,0020	2,405	4,8100
-0,0009	2,408	4,8150
-0,0154	2,410	4,8200
0,0145	2,413	4,8250
0,0076	2,415	4,8300
-0,0043	2,418	4,8350
0,0094	2,420	4,8400
-0,0096	2,423	4,8450
0,0085	2,425	4,8500
0,0057	2,428	4,8550
-0,0125	2,430	4,8600
0,0059	2,433	4,8650
0,0011	2,435	4,8700
-0,0016	2,438	4,8750
0,0172	2,440	4,8800
-0,0161	2,443	4,8850
-0,0023	2,445	4,8900
-0,0020	2,448	4,8950
-0,0166	2,450	4,9000
0,0071	2,453	4,9050
-0,0015	2,455	4,9100
-0,0124	2,458	4,9150
0,0042	2,460	4,9200
-0,0170	2,463	4,9250
0,0095	2,465	4,9300
0,0083	2,468	4,9350
-0,0141	2,470	4,9400
0,0033	2,473	4,9450
0,0026	2,475	4,9500
-0,0093	2,478	4,9550
0,0016	2,480	4,9600
-0,0208	2,483	4,9650
-0,0001	2,485	4,9700
-0,0022	2,488	4,9750
-0,0179	2,490	4,9800
0,0091	2,493	4,9850
0,0028	2,495	4,9900
-0,0087	2,498	4,9950
0,0047	2,500	5,0000
-0,0179	2,503	5,0050
0,0044	2,505	5,0100
0,0075	2,508	5,0150
-0,0103	2,510	5,0200
0,0058	2,513	5,0250
-0,0006	2,515	5,0300
-0,0051	2,518	5,0350
0,0096	2,520	5,0400
-0,0168	2,523	5,0450
0,0070	2,525	5,0500
0,0095	2,528	5,0550
-0,0031	2,530	5,0600
0,0119	2,533	5,0650
0,0007	2,535	5,0700
-0,0075	2,538	5,0750
0,0089	2,540	5,0800
-0,0120	2,543	5,0850
0,0123	2,545	5,0900
0,0016	2,548	5,0950
-0,0238	2,550	5,1000
-0,0013	2,553	5,1050
-0,0094	2,555	5,1100
-0,0115	2,558	5,1150
0,0068	2,560	5,1200
-0,0156	2,563	5,1250
0,0027	2,565	5,1300
-0,0044	2,568	5,1350
-0,0160	2,570	5,1400
0,0086	2,573	5,1450
0,0005	2,575	5,1500
-0,0057	2,578	5,1550
0,0143	2,580	5,1600
-0,0151	2,583	5,1650
0,0052	2,585	5,1700
0,0128	2,588	5,1750
-0,0059	2,590	5,1800
0,0173	2,593	5,1850
0,0097	2,595	5,1900
0,0006	2,598	5,1950
0,0131	2,600	5,2000
-0,0128	2,603	5,2050
0,0119	2,605	5,2100
0,0109	2,608	5,2150
-0,0035	2,610	5,2200
0,0156	2,613	5,2250
0,0090	2,615	5,2300
-0,0050	2,618	5,2350
0,0094	2,620	5,2400
-0,0139	2,623	5,2450
0,0136	2,625	5,2500
0,0056	2,628	5,2550
-0,0076	2,630	5,2600
0,0128	2,633	5,2650
0,0063	2,635	5,2700
0,0035	2,638	5,2750
0,0169	2,640	5,2800
-0,0136	2,643	5,2850
0,0025	2,645	5,2900
-0,0010	2,648	5,2950
-0,0112	2,650	5,3000
0,0087	2,653	5,3050
0,0006	2,655	5,3100
-0,0046	2,658	5,3150
0,0088	2,660	5,3200
-0,0210	2,663	5,3250
0,0054	2,665	5,3300
-0,0018	2,668	5,3350
-0,0173	2,670	5,3400
0,0041	2,673	5,3450
0,0054	2,675	5,3500
0,0006	2,678	5,3550
0,0160	2,680	5,3600
-0,0211	2,683	5,3650
0,0002	2,685	5,3700
-0,0006	2,688	5,3750
-0,0080	2,690	5,3800
0,0095	2,693	5,3850
-0,0013	2,695	5,3900
-0,0075	2,698	5,3950
0,0084	2,700	5,4000
-0,0159	2,703	5,4050
0,0079	2,705	5,4100
0,0016	2,708	5,4150
-0,0131	2,710	5,4200
0,0028	2,713	5,4250
-0,0057	2,715	5,4300
-0,0065	2,718	5,4350
0,0131	2,720	5,4400
-0,0097	2,723	5,4450
0,0118	2,725	5,4500
0,0024	2,728	5,4550
-0,0127	2,730	5,4600
0,0031	2,733	5,4650
-0,0030	2,735	5,4700
-0,0165	2,738	5,4750
0,0041	2,740	5,4800
-0,0161	2,743	5,4850
0,0057	2,745	5,4900
0,0067	2,748	5,4950
-0,0066	2,750	5,5000
0,0154	2,753	5,5050
0,0067	2,755	5,5100
-0,0017	2,758	5,5150
0,0054	2,760	5,5200
-0,0254	2,763	5,5250
0,0021	2,765	5,5300
0,0022	2,768	5,5350
-0,0061	2,770	5,5400
0,0167	2,773	5,5450
0,0040	2,775	5,5500
-0,0137	2,778	5,5550
0,0113	2,780	5,5600
-0,0127	2,783	5,5650
0,0088	2,785	5,5700
0,0006	2,788	5,5750
-0,0139	2,790	5,5800
0,0101	2,793	5,5850
0,0002	2,795	5,5900
-0,0011	2,798	5,5950
0,0098	2,800	5,6000
-0,0164	2,803	5,6050
0,0034	2,805	5,6100
0,0019	2,808	5,6150
-0,0120	2,810	5,6200
0,0187	2,813	5,6250
0,0179	2,815	5,6300
0,0038	2,818	5,6350
0,0168	2,820	5,6400
-0,0051	2,823	5,6450
0,0162	2,825	5,6500
0,0066	2,828	5,6550
-0,0096	2,830	5,6600
0,0080	2,833	5,6650
-0,0009	2,835	5,6700
-0,0047	2,838	5,6750
0,0068	2,840	5,6800
-0,0133	2,843	5,6850
0,0075	2,845	5,6900
0,0056	2,848	5,6950
-0,0090	2,850	5,7000
0,0119	2,853	5,7050
0,0037	2,855	5,7100
-0,0018	2,858	5,7150
0,0133	2,860	5,7200
-0,0083	2,863	5,7250
0,0172	2,865	5,7300
-0,0004	2,868	5,7350
-0,0131	2,870	5,7400
0,0011	2,873	5,7450
-0,0021	2,875	5,7500
0,0012	2,878	5,7550
0,0201	2,880	5,7600
-0,0152	2,883	5,7650
0,0052	2,885	5,7700
-0,0007	2,888	5,7750
-0,0176	2,890	5,7800
0,0053	2,893	5,7850
0,0015	2,895	5,7900
-0,0040	2,898	5,7950
0,0092	2,900	5,8000
-0,0189	2,903	5,8050
0,0067	2,905	5,8100
0,0089	2,908	5,8150
-0,0078	2,910	5,8200
0,0112	2,913	5,8250
0,0019	2,915	5,8300
0,0042	2,918	5,8350
0,0184	2,920	5,8400
-0,0174	2,923	5,8450
0,0019	2,925	5,8500
0,0013	2,928	5,8550
-0,0034	2,930	5,8600
0,0144	2,933	5,8650
0,0068	2,935	5,8700
0,0016	2,938	5,8750
0,0134	2,940	5,8800
-0,0163	2,943	5,8850
0,0016	2,945	5,8900
0,0082	2,948	5,8950
0,0003	2,950	5,9000
0,0231	2,953	5,9050
-0,0030	2,955	5,9100
-0,0076	2,958	5,9150
0,0120	2,960	5,9200
-0,0096	2,963	5,9250
0,0131	2,965	5,9300
0,0100	2,968	5,9350
-0,0001	2,970	5,9400
0,0133	2,973	5,9450
0,0060	2,975	5,9500
-0,0130	2,978	5,9550
0,0041	2,980	5,9600
-0,0217	2,983	5,9650
0,0081	2,985	5,9700
0,0079	2,988	5,9750
-0,0058	2,990	5,9800
0,0056	2,993	5,9850
-0,0076	2,995	5,9900
-0,0119	2,998	5,9950
0,0071	3,000	6,0000
-0,0090	3,003	6,0050
0,0035	3,005	6,0100
-0,0009	3,008	6,0150
-0,0067	3,010	6,0200
0,0166	3,013	6,0250
0,0068	3,015	6,0300
-0,0061	3,018	6,0350
0,0118	3,020	6,0400
-0,0140	3,023	6,0450
0,0067	3,025	6,0500
-0,0033	3,028	6,0550
-0,0181	3,030	6,0600
0,0027	3,033	6,0650
-0,0051	3,035	6,0700
-0,0125	3,038	6,0750
0,0066	3,040	6,0800
-0,0111	3,043	6,0850
0,0047	3,045	6,0900
0,0056	3,048	6,0950
-0,0042	3,050	6,1000
0,0160	3,053	6,1050
0,0032	3,055	6,1100
-0,0138	3,058	6,1150
0,0051	3,060	6,1200
-0,0129	3,063	6,1250
0,0127	3,065	6,1300
0,0087	3,068	6,1350
-0,0039	3,070	6,1400
0,0148	3,073	6,1450
0,0083	3,075	6,1500
0,0016	3,078	6,1550
0,0247	3,080	6,1600
-0,0044	3,083	6,1650
0,0079	3,085	6,1700
-0,0008	3,088	6,1750
-0,0069	3,090	6,1800
0,0115	3,093	6,1850
0,0050	3,095	6,1900
-0,0011	3,098	6,1950
0,0127	3,100	6,2000
-0,0123	3,103	6,2050
0,0149	3,105	6,2100
0,0112	3,108	6,2150
-0,0069	3,110	6,2200
0,0079	3,113	6,2250
0,0020	3,115	6,2300
-0,0007	3,118	6,2350
0,0124	3,120	6,2400
-0,0192	3,123	6,2450
-0,0001	3,125	6,2500
-0,0025	3,128	6,2550
-0,0102	3,130	6,2600
0,0161	3,133	6,2650
0,0081	3,135	6,2700
-0,0015	3,138	6,2750
0,0143	3,140	6,2800
-0,0138	3,143	6,2850
0,0087	3,145	6,2900
0,0063	3,148	6,2950
-0,0104	3,150	6,3000
0,0096	3,153	6,3050
-0,0023	3,155	6,3100
-0,0016	3,158	6,3150
0,0157	3,160	6,3200
-0,0179	3,163	6,3250
0,0014	3,165	6,3300
0,0036	3,168	6,3350
-0,0070	3,170	6,3400
0,0230	3,173	6,3450
0,0139	3,175	6,3500
-0,0006	3,178	6,3550
0,0115	3,180	6,3600
-0,0158	3,183	6,3650
0,0056	3,185	6,3700
0,0079	3,188	6,3750
-0,0072	3,190	6,3800
0,0130	3,193	6,3850
0,0002	3,195	6,3900
-0,0037	3,198	6,3950
0,0143	3,200	6,4000
-0,0177	3,203	6,4050
0,0020	3,205	6,4100
0,0018	3,208	6,4150
-0,0109	3,210	6,4200
0,0080	3,213	6,4250
-0,0019	3,215	6,4300
-0,0094	3,218	6,4350
0,0116	3,220	6,4400
-0,0087	3,223	6,4450
0,0133	3,225	6,4500
0,0116	3,228	6,4550
-0,0030	3,230	6,4600
0,0040	3,233	6,4650
-0,0061	3,235	6,4700
-0,0081	3,238	6,4750
0,0088	3,240	6,4800
-0,0141	3,243	6,4850
0,0094	3,245	6,4900
0,0041	3,248	6,4950
-0,0120	3,250	6,5000
0,0104	3,253	6,5050
0,0014	3,255	6,5100
-0,0042	3,258	6,5150
0,0105	3,260	6,5200
-0,0199	3,263	6,5250
0,0032	3,265	6,5300
0,0063	3,268	6,5350
-0,0061	3,270	6,5400
0,0048	3,273	6,5450
-0,0017	3,275	6,5500
-0,0086	3,278	6,5550
0,0152	3,280	6,5600
-0,0072	3,283	6,5650
0,0087	3,285	6,5700
0,0003	3,288	6,5750
-0,0011	3,290	6,5800
0,0123	3,293	6,5850
0,0010	3,295	6,5900
-0,0004	3,298	6,5950
0,0192	3,300	6,6000
-0,0088	3,303	6,6050
0,0096	3,305	6,6100
0,0035	3,308	6,6150
-0,0181	3,310	6,6200
0,0040	3,313	6,6250
0,0012	3,315	6,6300
0,0037	3,318	6,6350
0,0201	3,320	6,6400
-0,0122	3,323	6,6450
0,0026	3,325	6,6500
0,0013	3,328	6,6550
0,0002	3,330	6,6600
0,0206	3,333	6,6650
0,0039	3,335	6,6700
-0,0069	3,338	6,6750
0,0136	3,340	6,6800
-0,0071	3,343	6,6850
0,0070	3,345	6,6900
0,0000	3,348	6,6950
-0,0153	3,350	6,7000
0,0154	3,353	6,7050
0,0076	3,355	6,7100
0,0029	3,358	6,7150
0,0124	3,360	6,7200
-0,0139	3,363	6,7250
0,0067	3,365	6,7300
0,0009	3,368	6,7350
-0,0045	3,370	6,7400
0,0219	3,373	6,7450
0,0117	3,375	6,7500
-0,0023	3,378	6,7550
0,0110	3,380	6,7600
-0,0126	3,383	6,7650
0,0089	3,385	6,7700
-0,0005	3,388	6,7750
-0,0155	3,390	6,7800
0,0027	3,393	6,7850
-0,0033	3,395	6,7900
-0,0108	3,398	6,7950
0,0090	3,400	6,8000
-0,0118	3,403	6,8050
0,0028	3,405	6,8100
0,0026	3,408	6,8150
-0,0138	3,410	6,8200
0,0065	3,413	6,8250
0,0048	3,415	6,8300
-0,0047	3,418	6,8350
0,0097	3,420	6,8400
-0,0131	3,423	6,8450
0,0102	3,425	6,8500
0,0042	3,428	6,8550
-0,0096	3,430	6,8600
0,0072	3,433	6,8650
0,0037	3,435	6,8700
-0,0022	3,438	6,8750
0,0112	3,440	6,8800
-0,0140	3,443	6,8850
0,0029	3,445	6,8900
-0,0026	3,448	6,8950
-0,0111	3,450	6,9000
0,0159	3,453	6,9050
0,0050	3,455	6,9100
0,0020	3,458	6,9150
0,0169	3,460	6,9200
-0,0100	3,463	6,9250
0,0087	3,465	6,9300
0,0009	3,468	6,9350
-0,0147	3,470	6,9400
0,0027	3,473	6,9450
-0,0007	3,475	6,9500
-0,0018	3,478	6,9550
0,0228	3,480	6,9600
-0,0071	3,483	6,9650
0,0218	3,485	6,9700
0,0137	3,488	6,9750
-0,0008	3,490	6,9800
0,0173	3,493	6,9850
0,0100	3,495	6,9900
-0,0004	3,498	6,9950
0,0088	3,500	7,0000
-0,0203	3,503	7,0050
0,0041	3,505	7,0100
0,0091	3,508	7,0150
-0,0051	3,510	7,0200
0,0077	3,513	7,0250
-0,0037	3,515	7,0300
-0,0050	3,518	7,0350
0,0129	3,520	7,0400
-0,0145	3,523	7,0450
0,0049	3,525	7,0500
-0,0066	3,528	7,0550
-0,0201	3,530	7,0600
0,0092	3,533	7,0650
0,0061	3,535	7,0700
-0,0030	3,538	7,0750
0,0100	3,540	7,0800
-0,0127	3,543	7,0850
0,0086	3,545	7,0900
0,0048	3,548	7,0950
-0,0144	3,550	7,1000
0,0143	3,553	7,1050
0,0065	3,555	7,1100
0,0004	3,558	7,1150
0,0172	3,560	7,1200
-0,0065	3,563	7,1250
0,0057	3,565	7,1300
-0,0001	3,568	7,1350
-0,0057	3,570	7,1400
0,0138	3,573	7,1450
0,0087	3,575	7,1500
-0,0095	3,578	7,1550
0,0123	3,580	7,1600
-0,0151	3,583	7,1650
0,0014	3,585	7,1700
-0,0021	3,588	7,1750
-0,0177	3,590	7,1800
0,0078	3,593	7,1850
0,0101	3,595	7,1900
0,0080	3,598	7,1950
0,0168	3,600	7,2000
-0,0127	3,603	7,2050
0,0067	3,605	7,2100
0,0048	3,608	7,2150
-0,0069	3,610	7,2200
0,0125	3,613	7,2250
0,0029	3,615	7,2300
-0,0090	3,618	7,2350
0,0134	3,620	7,2400
-0,0092	3,623	7,2450
0,0111	3,625	7,2500
0,0020	3,628	7,2550
-0,0149	3,630	7,2600
0,0060	3,633	7,2650
0,0043	3,635	7,2700
-0,0003	3,638	7,2750
0,0177	3,640	7,2800
-0,0118	3,643	7,2850
0,0069	3,645	7,2900
0,0082	3,648	7,2950
-0,0026	3,650	7,3000
0,0126	3,653	7,3050
-0,0038	3,655	7,3100
-0,0131	3,658	7,3150
0,0062	3,660	7,3200
-0,0095	3,663	7,3250
0,0103	3,665	7,3300
0,0037	3,668	7,3350
-0,0061	3,670	7,3400
0,0079	3,673	7,3450
-0,0043	3,675	7,3500
-0,0096	3,678	7,3550
0,0090	3,680	7,3600
-0,0172	3,683	7,3650
0,0017	3,685	7,3700
-0,0054	3,688	7,3750
-0,0131	3,690	7,3800
0,0108	3,693	7,3850
-0,0029	3,695	7,3900
-0,0046	3,698	7,3950
0,0168	3,700	7,4000
-0,0062	3,703	7,4050
0,0116	3,705	7,4100
0,0084	3,708	7,4150
-0,0117	3,710	7,4200
0,0085	3,713	7,4250
0,0068	3,715	7,4300
-0,0022	3,718	7,4350
0,0111	3,720	7,4400
-0,0209	3,723	7,4450
0,0025	3,725	7,4500
-0,0061	3,728	7,4550
-0,0110	3,730	7,4600
0,0181	3,733	7,4650
0,0102	3,735	7,4700
-0,0078	3,738	7,4750
0,0093	3,740	7,4800
-0,0114	3,743	7,4850
0,0092	3,745	7,4900
0,0065	3,748	7,4950
-0,0170	3,750	7,5000
0,0088	3,753	7,5050
-0,0055	3,755	7,5100
-0,0135	3,758	7,5150
0,0079	3,760	7,5200
-0,0170	3,763	7,5250
0,0100	3,765	7,5300
0,0100	3,768	7,5350
0,0001	3,770	7,5400
0,0201	3,773	7,5450
0,0105	3,775	7,5500
-0,0101	3,778	7,5550
0,0084	3,780	7,5600
-0,0157	3,783	7,5650
0,0064	3,785	7,5700
0,0068	3,788	7,5750
-0,0110	3,790	7,5800
0,0149	3,793	7,5850
0,0089	3,795	7,5900
0,0030	3,798	7,5950
0,0113	3,800	7,6000
-0,0164	3,803	7,6050
-0,0006	3,805	7,6100
-0,0025	3,808	7,6150
-0,0087	3,810	7,6200
0,0080	3,813	7,6250
0,0013	3,815	7,6300
-0,0120	3,818	7,6350
0,0065	3,820	7,6400
-0,0198	3,823	7,6450
0,0071	3,825	7,6500
0,0039	3,828	7,6550
-0,0083	3,830	7,6600
0,0059	3,833	7,6650
0,0000	3,835	7,6700
-0,0036	3,838	7,6750
0,0085	3,840	7,6800
-0,0198	3,843	7,6850
-0,0074	3,845	7,6900
-0,0048	3,848	7,6950
-0,0035	3,850	7,7000
0,0158	3,853	7,7050
0,0003	3,855	7,7100
-0,0056	3,858	7,7150
0,0100	3,860	7,7200
-0,0117	3,863	7,7250
0,0126	3,865	7,7300
0,0075	3,868	7,7350
-0,0037	3,870	7,7400
0,0077	3,873	7,7450
-0,0044	3,875	7,7500
-0,0114	3,878	7,7550
0,0100	3,880	7,7600
-0,0159	3,883	7,7650
0,0058	3,885	7,7700
0,0008	3,888	7,7750
-0,0118	3,890	7,7800
0,0126	3,893	7,7850
0,0022	3,895	7,7900
-0,0060	3,898	7,7950
0,0062	3,900	7,8000
-0,0210	3,903	7,8050
0,0096	3,905	7,8100
0,0116	3,908	7,8150
-0,0076	3,910	7,8200
0,0097	3,913	7,8250
-0,0066	3,915	7,8300
-0,0090	3,918	7,8350
0,0073	3,920	7,8400
-0,0202	3,923	7,8450
0,0014	3,925	7,8500
-0,0040	3,928	7,8550
-0,0140	3,930	7,8600
0,0113	3,933	7,8650
0,0022	3,935	7,8700
-0,0068	3,938	7,8750
0,0053	3,940	7,8800
-0,0196	3,943	7,8850
-0,0004	3,945	7,8900
-0,0004	3,948	7,8950
-0,0167	3,950	7,9000
0,0022	3,953	7,9050
-0,0042	3,955	7,9100
-0,0042	3,958	7,9150
0,0142	3,960	7,9200
-0,0067	3,963	7,9250
0,0105	3,965	7,9300
0,0097	3,968	7,9350
-0,0053	3,970	7,9400
0,0125	3,973	7,9450
0,0075	3,975	7,9500
-0,0060	3,978	7,9550
0,0041	3,980	7,9600
-0,0218	3,983	7,9650
0,0046	3,985	7,9700
0,0040	3,988	7,9750
-0,0168	3,990	7,9800
0,0023	3,993	7,9850
0,0034	3,995	7,9900
0,0019	3,998	7,9950
0,0152	4,000	8,0000
-0,0100	4,003	8,0050
0,0100	4,005	8,0100
0,0028	4,008	8,0150
-0,0151	4,010	8,0200
0,0086	4,013	8,0250
-0,0023	4,015	8,0300
-0,0090	4,018	8,0350
0,0115	4,020	8,0400
-0,0135	4,023	8,0450
0,0084	4,025	8,0500
0,0079	4,028	8,0550
-0,0101	4,030	8,0600
0,0103	4,033	8,0650
0,0005	4,035	8,0700
0,0031	4,038	8,0750
0,0264	4,040	8,0800
-0,0000	4,043	8,0850
0,0172	4,045	8,0900
0,0058	4,048	8,0950
-0,0085	4,050	8,1000
0,0164	4,053	8,1050
0,0031	4,055	8,1100
-0,0123	4,058	8,1150
-0,0003	4,060	8,1200
-0,0092	4,063	8,1250
0,0098	4,065	8,1300
-0,0007	4,068	8,1350
-0,0182	4,070	8,1400
0,0068	4,073	8,1450
0,0046	4,075	8,1500
-0,0057	4,078	8,1550
0,0117	4,080	8,1600
-0,0191	4,083	8,1650
0,0076	4,085	8,1700
0,0008	4,088	8,1750
-0,0074	4,090	8,1800
0,0132	4,093	8,1850
0,0019	4,095	8,1900
-0,0062	4,098	8,1950
0,0107	4,100	8,2000
-0,0171	4,103	8,2050
0,0067	4,105	8,2100
0,0092	4,108	8,2150
-0,0095	4,110	8,2200
0,0054	4,113	8,2250
0,0037	4,115	8,2300
0,0062	4,118	8,2350
0,0182	4,120	8,2400
-0,0150	4,123	8,2450
0,0052	4,125	8,2500
0,0079	4,128	8,2550
-0,0033	4,130	8,2600
0,0117	4,133	8,2650
0,0064	4,135	8,2700
-0,0024	4,138	8,2750
0,0119	4,140	8,2800
-0,0171	4,143	8,2850
-0,0007	4,145	8,2900
0,0079	4,148	8,2950
-0,0129	4,150	8,3000
0,0095	4,153	8,3050
0,0042	4,155	8,3100
0,0011	4,158	8,3150
0,0182	4,160	8,3200
-0,0113	4,163	8,3250
0,0081	4,165	8,3300
0,0046	4,168	8,3350
-0,0030	4,170	8,3400
0,0186	4,173	8,3450
0,0067	4,175	8,3500
-0,0072	4,178	8,3550
0,0047	4,180	8,3600
-0,0231	4,183	8,3650
0,0090	4,185	8,3700
0,0105	4,188	8,3750
-0,0135	4,190	8,3800
0,0030	4,193	8,3850
-0,0059	4,195	8,3900
-0,0045	4,198	8,3950
0,0121	4,200	8,4000
-0,0131	4,203	8,4050
0,0077	4,205	8,4100
0,0030	4,208	8,4150
-0,0071	4,210	8,4200
0,0088	4,213	8,4250
0,0055	4,215	8,4300
-0,0065	4,218	8,4350
0,0110	4,220	8,4400
-0,0185	4,223	8,4450
0,0043	4,225	8,4500
-0,0023	4,228	8,4550
-0,0124	4,230	8,4600
0,0040	4,233	8,4650
-0,0095	4,235	8,4700
-0,0016	4,238	8,4750
0,0263	4,240	8,4800
-0,0036	4,243	8,4850
0,0104	4,245	8,4900
0,0060	4,248	8,4950
-0,0032	4,250	8,5000
0,0175	4,253	8,5050
-0,0009	4,255	8,5100
-0,0123	4,258	8,5150
0,0051	4,260	8,5200
-0,0115	4,263	8,5250
0,0084	4,265	8,5300
0,0035	4,268	8,5350
-0,0129	4,270	8,5400
0,0108	4,273	8,5450
0,0030	4,275	8,5500
-0,0068	4,278	8,5550
0,0158	4,280	8,5600
-0,0113	4,283	8,5650
0,0044	4,285	8,5700
-0,0004	4,288	8,5750
-0,0119	4,290	8,5800
0,0193	4,293	8,5850
0,0064	4,295	8,5900
-0,0019	4,298	8,5950
0,0145	4,300	8,6000
-0,0104	4,303	8,6050
0,0128	4,305	8,6100
0,0114	4,308	8,6150
-0,0069	4,310	8,6200
0,0089	4,313	8,6250
0,0010	4,315	8,6300
-0,0035	4,318	8,6350
0,0067	4,320	8,6400
-0,0225	4,323	8,6450
0,0018	4,325	8,6500
-0,0002	4,328	8,6550
-0,0064	4,330	8,6600
0,0106	4,333	8,6650
0,0004	4,335	8,6700
-0,0019	4,338	8,6750
0,0180	4,340	8,6800
-0,0098	4,343	8,6850
0,0014	4,345	8,6900
0,0038	4,348	8,6950
-0,0124	4,350	8,7000
0,0076	4,353	8,7050
-0,0064	4,355	8,7100
-0,0009	4,358	8,7150
0,0168	4,360	8,7200
-0,0090	4,363	8,7250
0,0036	4,365	8,7300
-0,0000	4,368	8,7350
-0,0061	4,370	8,7400
0,0160	4,373	8,7450
0,0035	4,375	8,7500
-0,0080	4,378	8,7550
0,0114	4,380	8,7600
-0,0126	4,383	8,7650
0,0053	4,385	8,7700
0,0040	4,388	8,7750
-0,0131	4,390	8,7800
0,0050	4,393	8,7850
-0,0013	4,395	8,7900
-0,0061	4,398	8,7950
0,0106	4,400	8,8000
-0,0178	4,403	8,8050
-0,0010	4,405	8,8100
0,0014	4,408	8,8150
-0,0135	4,410	8,8200
0,0044	4,413	8,8250
-0,0086	4,415	8,8300
-0,0187	4,418	8,8350
0,0025	4,420	8,8400
-0,0228	4,423	8,8450
0,0123	4,425	8,8500
0,0087	4,428	8,8550
-0,0101	4,430	8,8600
0,0096	4,433	8,8650
-0,0001	4,435	8,8700
-0,0026	4,438	8,8750
0,0114	4,440	8,8800
-0,0139	4,443	8,8850
0,0091	4,445	8,8900
0,0080	4,448	8,8950
-0,0096	4,450	8,9000
0,0134	4,453	8,9050
-0,0074	4,455	8,9100
-0,0138	4,458	8,9150
0,0051	4,460	8,9200
-0,0122	4,463	8,9250
0,0141	4,465	8,9300
0,0092	4,468	8,9350
-0,0112	4,470	8,9400
0,0066	4,473	8,9450
0,0072	4,475	8,9500
-0,0032	4,478	8,9550
0,0172	4,480	8,9600
-0,0171	4,483	8,9650
0,0039	4,485	8,9700
0,0044	4,488	8,9750
-0,0019	4,490	8,9800
0,0214	4,493	8,9850
0,0073	4,495	8,9900
-0,0059	4,498	8,9950
0,0066	4,500	9,0000
-0,0184	4,503	9,0050
0,0033	4,505	9,0100
0,0094	4,508	9,0150
-0,0087	4,510	9,0200
0,0107	4,513	9,0250
0,0052	4,515	9,0300
-0,0012	4,518	9,0350
0,0091	4,520	9,0400
-0,0239	4,523	9,0450
0,0012	4,525	9,0500
-0,0009	4,528	9,0550
-0,0113	4,530	9,0600
0,0126	4,533	9,0650
0,0011	4,535	9,0700
-0,0123	4,538	9,0750
-0,0019	4,540	9,0800
-0,0247	4,543	9,0850
-0,0003	4,545	9,0900
0,0055	4,548	9,0950
-0,0178	4,550	9,1000
0,0069	4,553	9,1050
0,0005	4,555	9,1100
0,0067	4,558	9,1150
0,0120	4,560	9,1200
-0,0187	4,563	9,1250
-0,0002	4,565	9,1300
-0,0068	4,568	9,1350
-0,0156	4,570	9,1400
0,0118	4,573	9,1450
0,0032	4,575	9,1500
-0,0084	4,578	9,1550
0,0133	4,580	9,1600
-0,0063	4,583	9,1650
0,0182	4,585	9,1700
0,0106	4,588	9,1750
-0,0109	4,590	9,1800
0,0056	4,593	9,1850
0,0016	4,595	9,1900
0,0047	4,598	9,1950
0,0209	4,600	9,2000
-0,0042	4,603	9,2050
0,0093	4,605	9,2100
0,0068	4,608	9,2150
-0,0078	4,610	9,2200
0,0189	4,613	9,2250
0,0059	4,615	9,2300
-0,0130	4,618	9,2350
0,0070	4,620	9,2400
-0,0132	4,623	9,2450
0,0127	4,625	9,2500
0,0042	4,628	9,2550
-0,0085	4,630	9,2600
0,0069	4,633	9,2650
0,0033	4,635	9,2700
-0,0050	4,638	9,2750
0,0136	4,640	9,2800
-0,0102	4,643	9,2850
0,0078	4,645	9,2900
0,0036	4,648	9,2950
-0,0104	4,650	9,3000
0,0188	4,653	9,3050
0,0060	4,655	9,3100
-0,0072	4,658	9,3150
0,0048	4,660	9,3200
-0,0131	4,663	9,3250
0,0127	4,665	9,3300
0,0095	4,668	9,3350
-0,0110	4,670	9,3400
0,0173	4,673	9,3450
0,0080	4,675	9,3500
-0,0057	4,678	9,3550
0,0130	4,680	9,3600
-0,0252	4,683	9,3650
-0,0060	4,685	9,3700
-0,0123	4,688	9,3750
-0,0163	4,690	9,3800
0,0080	4,693	9,3850
-0,0013	4,695	9,3900
-0,0066	4,698	9,3950
0,0057	4,700	9,4000
-0,0216	4,703	9,4050
0,0083	4,705	9,4100
0,0144	4,708	9,4150
-0,0156	4,710	9,4200
-0,0028	4,713	9,4250
-0,0074	4,715	9,4300
0,0049	4,718	9,4350
0,0216	4,720	9,4400
-0,0127	4,723	9,4450
0,0041	4,725	9,4500
0,0024	4,728	9,4550
-0,0061	4,730	9,4600
0,0126	4,733	9,4650
-0,0043	4,735	9,4700
-0,0081	4,738	9,4750
0,0137	4,740	9,4800
-0,0054	4,743	9,4850
0,0077	4,745	9,4900
-0,0017	4,748	9,4950
-0,0231	4,750	9,5000
0,0083	4,753	9,5050
0,0023	4,755	9,5100
-0,0028	4,758	9,5150
0,0115	4,760	9,5200
-0,0153	4,763	9,5250
0,0082	4,765	9,5300
0,0076	4,768	9,5350
-0,0098	4,770	9,5400
0,0144	4,773	9,5450
0,0001	4,775	9,5500
-0,0094	4,778	9,5550
0,0111	4,780	9,5600
-0,0169	4,783	9,5650
0,0111	4,785	9,5700
0,0129	4,788	9,5750
-0,0157	4,790	9,5800
0,0032	4,793	9,5850
-0,0071	4,795	9,5900
-0,0066	4,798	9,5950
0,0196	4,800	9,6000
-0,0139	4,803	9,6050
0,0017	4,805	9,6100
-0,0049	4,808	9,6150
-0,0200	4,810	9,6200
0,0033	4,813	9,6250
0,0017	4,815	9,6300
-0,0068	4,818	9,6350
0,0135	4,820	9,6400
-0,0076	4,823	9,6450
0,0133	4,825	9,6500
0,0087	4,828	9,6550
-0,0094	4,830	9,6600
0,0133	4,833	9,6650
0,0019	4,835	9,6700
-0,0015	4,838	9,6750
0,0280	4,840	9,6800
0,0020	4,843	9,6850
0,0133	4,845	9,6900
0,0093	4,848	9,6950
0,0022	4,850	9,7000
0,0190	4,853	9,7050
0,0038	4,855	9,7100
-0,0187	4,858	9,7150
-0,0040	4,860	9,7200
-0,0212	4,863	9,7250
0,0037	4,865	9,7300
0,0073	4,868	9,7350
-0,0057	4,870	9,7400
0,0088	4,873	9,7450
-0,0004	4,875	9,7500
-0,0067	4,878	9,7550
0,0161	4,880	9,7600
-0,0130	4,883	9,7650
0,0068	4,885	9,7700
0,0032	4,888	9,7750
-0,0018	4,890	9,7800
0,0096	4,893	9,7850
-0,0041	4,895	9,7900
-0,0120	4,898	9,7950
0,0124	4,900	9,8000
-0,0144	4,903	9,8050
0,0060	4,905	9,8100
0,0081	4,908	9,8150
-0,0174	4,910	9,8200
0,0058	4,913	9,8250
0,0009	4,915	9,8300
-0,0002	4,918	9,8350
0,0197	4,920	9,8400
-0,0139	4,923	9,8450
0,0057	4,925	9,8500
0,0003	4,928	9,8550
-0,0118	4,930	9,8600
0,0160	4,933	9,8650
0,0047	4,935	9,8700
-0,0066	4,938	9,8750
0,0045	4,940	9,8800
-0,0128	4,943	9,8850
0,0071	4,945	9,8900
0,0064	4,948	9,8950
-0,0118	4,950	9,9000
0,0172	4,953	9,9050
0,0059	4,955	9,9100
-0,0001	4,958	9,9150
0,0139	4,960	9,9200
-0,0138	4,963	9,9250
0,0080	4,965	9,9300
-0,0023	4,968	9,9350
-0,0092	4,970	9,9400
0,0084	4,973	9,9450
0,0058	4,975	9,9500
-0,0063	4,978	9,9550
0,0091	4,980	9,9600
-0,0175	4,983	9,9650
0,0082	4,985	9,9700
0,0077	4,988	9,9750
-0,0080	4,990	9,9800
0,0184	4,993	9,9850
0,0055	4,995	9,9900
-0,0013	4,998	9,9950
0,0086	5,000	10,0000
-0,0164	5,003	10,0050
-0,0014	5,005	10,0100
-0,0031	5,008	10,0150
-0,0226	5,010	10,0200
0,0000	5,013	10,0250
-0,0059	5,015	10,0300
-0,0132	5,018	10,0350
0,0102	5,020	10,0400
-0,0129	5,023	10,0450
0,0132	5,025	10,0500
0,0066	5,028	10,0550
-0,0186	5,030	10,0600
0,0075	5,033	10,0650
-0,0034	5,035	10,0700
-0,0095	5,038	10,0750
0,0095	5,040	10,0800
-0,0143	5,043	10,0850
0,0024	5,045	10,0900
-0,0022	5,048	10,0950
-0,0047	5,050	10,1000
0,0249	5,053	10,1050
0,0129	5,055	10,1100
-0,0008	5,058	10,1150
0,0108	5,060	10,1200
-0,0176	5,063	10,1250
0,0046	5,065	10,1300
0,0017	5,068	10,1350
-0,0074	5,070	10,1400
0,0124	5,073	10,1450
-0,0025	5,075	10,1500
-0,0086	5,078	10,1550
0,0124	5,080	10,1600
-0,0241	5,083	10,1650
-0,0001	5,085	10,1700
-0,0014	5,088	10,1750
-0,0079	5,090	10,1800
0,0094	5,093	10,1850
-0,0024	5,095	10,1900
-0,0083	5,098	10,1950
0,0078	5,100	10,2000
-0,0197	5,103	10,2050
0,0023	5,105	10,2100
0,0070	5,108	10,2150
-0,0104	5,110	10,2200
0,0067	5,113	10,2250
-0,0056	5,115	10,2300
-0,0033	5,118	10,2350
0,0158	5,120	10,2400
-0,0082	5,123	10,2450
0,0060	5,125	10,2500
-0,0016	5,128	10,2550
-0,0138	5,130	10,2600
0,0037	5,133	10,2650
0,0005	5,135	10,2700
-0,0112	5,138	10,2750
0,0001	5,140	10,2800
-0,0200	5,143	10,2850
0,0077	5,145	10,2900
0,0116	5,148	10,2950
-0,0075	5,150	10,3000
0,0116	5,153	10,3050
-0,0002	5,155	10,3100
-0,0021	5,158	10,3150
0,0182	5,160	10,3200
-0,0091	5,163	10,3250
0,0098	5,165	10,3300
0,0059	5,168	10,3350
-0,0092	5,170	10,3400
0,0010	5,173	10,3450
-0,0031	5,175	10,3500
-0,0101	5,178	10,3550
0,0092	5,180	10,3600
-0,0138	5,183	10,3650
0,0170	5,185	10,3700
0,0154	5,188	10,3750
-0,0037	5,190	10,3800
0,0114	5,193	10,3850
0,0008	5,195	10,3900
-0,0043	5,198	10,3950
0,0096	5,200	10,4000
-0,0081	5,203	10,4050
0,0071	5,205	10,4100
-0,0014	5,208	10,4150
-0,0134	5,210	10,4200
0,0126	5,213	10,4250
0,0072	5,215	10,4300
-0,0015	5,218	10,4350
0,0172	5,220	10,4400
-0,0093	5,223	10,4450
0,0074	5,225	10,4500
0,0077	5,228	10,4550
-0,0027	5,230	10,4600
0,0180	5,233	10,4650
0,0049	5,235	10,4700
0,0012	5,238	10,4750
0,0249	5,240	10,4800
-0,0003	5,243	10,4850
0,0120	5,245	10,4900
0,0093	5,248	10,4950
-0,0037	5,250	10,5000
0,0148	5,253	10,5050
0,0072	5,255	10,5100
-0,0048	5,258	10,5150
0,0117	5,260	10,5200
-0,0080	5,263	10,5250
0,0203	5,265	10,5300
0,0161	5,268	10,5350
0,0043	5,270	10,5400
0,0146	5,273	10,5450
0,0067	5,275	10,5500
-0,0002	5,278	10,5550
0,0222	5,280	10,5600
-0,0105	5,283	10,5650
0,0073	5,285	10,5700
0,0001	5,288	10,5750
-0,0056	5,290	10,5800
0,0174	5,293	10,5850
0,0089	5,295	10,5900
-0,0016	5,298	10,5950
0,0190	5,300	10,6000
-0,0052	5,303	10,6050
0,0199	5,305	10,6100
0,0199	5,308	10,6150
0,0018	5,310	10,6200
0,0220	5,313	10,6250
0,0140	5,315	10,6300
0,0087	5,318	10,6350
0,0254	5,320	10,6400
-0,0022	5,323	10,6450
0,0165	5,325	10,6500
0,0195	5,328	10,6550
0,0061	5,330	10,6600
0,0218	5,333	10,6650
0,0202	5,335	10,6700
0,0162	5,338	10,6750
0,0328	5,340	10,6800
0,0115	5,343	10,6850
0,0280	5,345	10,6900
0,0283	5,348	10,6950
0,0157	5,350	10,7000
0,0388	5,353	10,7050
0,0318	5,355	10,7100
0,0273	5,358	10,7150
0,0454	5,360	10,7200
0,0255	5,363	10,7250
0,0467	5,365	10,7300
0,0398	5,368	10,7350
0,0288	5,370	10,7400
0,0488	5,373	10,7450
0,0475	5,375	10,7500
0,0401	5,378	10,7550
0,0576	5,380	10,7600
0,0239	5,383	10,7650
0,0540	5,385	10,7700
0,0514	5,388	10,7750
0,0381	5,390	10,7800
0,0588	5,393	10,7850
0,0607	5,395	10,7900
0,0620	5,398	10,7950
0,0805	5,400	10,8000
0,0519	5,403	10,8050
0,0663	5,405	10,8100
0,0662	5,408	10,8150
0,0563	5,410	10,8200
0,0817	5,413	10,8250
0,0748	5,415	10,8300
0,0678	5,418	10,8350
0,0911	5,420	10,8400
0,0682	5,423	10,8450
0,0945	5,425	10,8500
0,0941	5,428	10,8550
0,0870	5,430	10,8600
0,1071	5,433	10,8650
0,1033	5,435	10,8700
0,1085	5,438	10,8750
0,1270	5,440	10,8800
0,1029	5,443	10,8850
0,1300	5,445	10,8900
0,1351	5,448	10,8950
0,1301	5,450	10,9000
0,1508	5,453	10,9050
0,1524	5,455	10,9100
0,1524	5,458	10,9150
0,1789	5,460	10,9200
0,1567	5,463	10,9250
0,1813	5,465	10,9300
0,1825	5,468	10,9350
0,1823	5,470	10,9400
0,2116	5,473	10,9450
0,2081	5,475	10,9500
0,2067	5,478	10,9550
0,2369	5,480	10,9600
0,2197	5,483	10,9650
0,2440	5,485	10,9700
0,2434	5,488	10,9750
0,2455	5,490	10,9800
0,2787	5,493	10,9850
0,2833	5,495	10,9900
0,2787	5,498	10,9950
0,3010	5,500	11,0000
0,2903	5,503	11,0050
0,3229	5,505	11,0100
0,3285	5,508	11,0150
0,3287	5,510	11,0200
0,3531	5,513	11,0250
0,3575	5,515	11,0300
0,3692	5,518	11,0350
0,4043	5,520	11,0400
0,3842	5,523	11,0450
0,4156	5,525	11,0500
0,4260	5,528	11,0550
0,4375	5,530	11,0600
0,4714	5,533	11,0650
0,4778	5,535	11,0700
0,4880	5,538	11,0750
0,5182	5,540	11,0800
0,5082	5,543	11,0850
0,5430	5,545	11,0900
0,5646	5,548	11,0950
0,5644	5,550	11,1000
0,5994	5,553	11,1050
0,6034	5,555	11,1100
0,6232	5,558	11,1150
0,6568	5,560	11,1200
0,6523	5,563	11,1250
0,6962	5,565	11,1300
0,7129	5,568	11,1350
0,7175	5,570	11,1400
0,7583	5,573	11,1450
0,7724	5,575	11,1500
0,7884	5,578	11,1550
0,8291	5,580	11,1600
0,8312	5,583	11,1650
0,8813	5,585	11,1700
0,9084	5,588	11,1750
0,9190	5,590	11,1800
0,9571	5,593	11,1850
0,9769	5,595	11,1900
1,0064	5,598	11,1950
1,0558	5,600	11,2000
1,0585	5,603	11,2050
1,1027	5,605	11,2100
1,1320	5,608	11,2150
1,1554	5,610	11,2200
1,2021	5,613	11,2250
1,2282	5,615	11,2300
1,2469	5,618	11,2350
1,3008	5,620	11,2400
1,3115	5,623	11,2450
1,3723	5,625	11,2500
1,4029	5,628	11,2550
1,4186	5,630	11,2600
1,4691	5,633	11,2650
1,4945	5,635	11,2700
1,5268	5,638	11,2750
1,5924	5,640	11,2800
1,6042	5,643	11,2850
1,6516	5,645	11,2900
1,6861	5,648	11,2950
1,7167	5,650	11,3000
1,7715	5,653	11,3050
1,8009	5,655	11,3100
1,8387	5,658	11,3150
1,8925	5,660	11,3200
1,9059	5,663	11,3250
1,9631	5,665	11,3300
1,9942	5,668	11,3350
2,0295	5,670	11,3400
2,0917	5,673	11,3450
2,1267	5,675	11,3500
2,1578	5,678	11,3550
2,2165	5,680	11,3600
2,2428	5,683	11,3650
2,3071	5,685	11,3700
2,3362	5,688	11,3750
2,3651	5,690	11,3800
2,4277	5,693	11,3850
2,4644	5,695	11,3900
2,5080	5,698	11,3950
2,5707	5,700	11,4000
2,5931	5,703	11,4050
2,6516	5,705	11,4100
2,6926	5,708	11,4150
2,7218	5,710	11,4200
2,7812	5,713	11,4250
2,8222	5,715	11,4300
2,8718	5,718	11,4350
2,9271	5,720	11,4400
2,9463	5,723	11,4450
3,0078	5,725	11,4500
3,0550	5,728	11,4550
3,0991	5,730	11,4600
3,1617	5,733	11,4650
3,1994	5,735	11,4700
3,2400	5,738	11,4750
3,2988	5,740	11,4800
3,3269	5,743	11,4850
3,3930	5,745	11,4900
3,4414	5,748	11,4950
3,4701	5,750	11,5000
3,5298	5,753	11,5050
3,5696	5,755	11,5100
3,6189	5,758	11,5150
3,6856	5,760	11,5200
3,7119	5,763	11,5250
3,7797	5,765	11,5300
3,8253	5,768	11,5350
3,8581	5,770	11,5400
3,9294	5,773	11,5450
3,9667	5,775	11,5500
4,0051	5,778	11,5550
4,0678	5,780	11,5600
4,0995	5,783	11,5650
4,1771	5,785	11,5700
4,2227	5,788	11,5750
4,2531	5,790	11,5800
4,3154	5,793	11,5850
4,3558	5,795	11,5900
4,4049	5,798	11,5950
4,4726	5,800	11,6000
4,4974	5,803	11,6050
4,5602	5,805	11,6100
4,6090	5,808	11,6150
4,6433	5,810	11,6200
4,7163	5,813	11,6250
4,7655	5,815	11,6300
4,8066	5,818	11,6350
4,8703	5,820	11,6400
4,9004	5,823	11,6450
4,9778	5,825	11,6500
5,0241	5,828	11,6550
5,0543	5,830	11,6600
5,1127	5,833	11,6650
5,1634	5,835	11,6700
5,2128	5,838	11,6750
5,2811	5,840	11,6800
5,3139	5,843	11,6850
5,3846	5,845	11,6900
5,4328	5,848	11,6950
5,4706	5,850	11,7000
5,5354	5,853	11,7050
5,5841	5,855	11,7100
5,6280	5,858	11,7150
5,6915	5,860	11,7200
5,7237	5,863	11,7250
5,7936	5,865	11,7300
5,8450	5,868	11,7350
5,8808	5,870	11,7400
5,9411	5,873	11,7450
5,9908	5,875	11,7500
6,0362	5,878	11,7550
6,1054	5,880	11,7600
6,1405	5,883	11,7650
6,2066	5,885	11,7700
6,2541	5,888	11,7750
6,3017	5,890	11,7800
6,3717	5,893	11,7850
6,4134	5,895	11,7900
6,4491	5,898	11,7950
6,5148	5,900	11,8000
6,5469	5,903	11,8050
6,6132	5,905	11,8100
6,6639	5,908	11,8150
6,7033	5,910	11,8200
6,7688	5,913	11,8250
6,8187	5,915	11,8300
6,8661	5,918	11,8350
6,9286	5,920	11,8400
6,9594	5,923	11,8450
7,0328	5,925	11,8500
7,0827	5,928	11,8550
7,1241	5,930	11,8600
7,1888	5,933	11,8650
7,2410	5,935	11,8700
7,2852	5,938	11,8750
7,3546	5,940	11,8800
7,3849	5,943	11,8850
7,4570	5,945	11,8900
7,5146	5,948	11,8950
7,5579	5,950	11,9000
7,6301	5,953	11,9050
7,6784	5,955	11,9100
7,7243	5,958	11,9150
7,7833	5,960	11,9200
7,8140	5,963	11,9250
7,8909	5,965	11,9300
7,9423	5,968	11,9350
7,9913	5,970	11,9400
8,0569	5,973	11,9450
8,1042	5,975	11,9500
8,1423	5,978	11,9550
8,2140	5,980	11,9600
8,2495	5,983	11,9650
8,3279	5,985	11,9700
8,3772	5,988	11,9750
8,4145	5,990	11,9800
8,4803	5,993	11,9850
8,5330	5,995	11,9900
8,5853	5,998	11,9950
8,6518	6,000	12,0000
8,6821	6,003	12,0050
8,7457	6,005	12,0100
8,8018	6,008	12,0150
8,8444	6,010	12,0200
8,9141	6,013	12,0250
8,9610	6,015	12,0300
8,9976	6,018	12,0350
9,0625	6,020	12,0400
9,0909	6,023	12,0450
9,1689	6,025	12,0500
9,2185	6,028	12,0550
9,2669	6,030	12,0600
9,3321	6,033	12,0650
9,3750	6,035	12,0700
9,4223	6,038	12,0750
9,4958	6,040	12,0800
9,5274	6,043	12,0850
9,6052	6,045	12,0900
9,6605	6,048	12,0950
9,6954	6,050	12,1000
9,7619	6,053	12,1050
9,8143	6,055	12,1100
9,8697	6,058	12,1150
9,9469	6,060	12,1200
9,9815	6,063	12,1250
10,0508	6,065	12,1300
10,1052	6,068	12,1350
10,1491	6,070	12,1400
10,2119	6,073	12,1450
10,2663	6,075	12,1500
10,3140	6,078	12,1550
10,3951	6,080	12,1600
10,4264	6,083	12,1650
10,4924	6,085	12,1700
10,5369	6,088	12,1750
10,5811	6,090	12,1800
10,6507	6,093	12,1850
10,7002	6,095	12,1900
10,7446	6,098	12,1950
10,8115	6,100	12,2000
10,8426	6,103	12,2050
10,9127	6,105	12,2100
10,9648	6,108	12,2150
11,0111	6,110	12,2200
11,0811	6,113	12,2250
11,1272	6,115	12,2300
11,1814	6,118	12,2350
11,2543	6,120	12,2400
11,2824	6,123	12,2450
11,3521	6,125	12,2500
11,4071	6,128	12,2550
11,4493	6,130	12,2600
11,5121	6,133	12,2650
11,5660	6,135	12,2700
11,6139	6,138	12,2750
11,6865	6,140	12,2800
11,7146	6,143	12,2850
11,7769	6,145	12,2900
11,8337	6,148	12,2950
11,8769	6,150	12,3000
11,9525	6,153	12,3050
12,0054	6,155	12,3100
12,0545	6,158	12,3150
12,1252	6,160	12,3200
12,1551	6,163	12,3250
12,2154	6,165	12,3300
12,2627	6,168	12,3350
12,3028	6,170	12,3400
12,3687	6,173	12,3450
12,4203	6,175	12,3500
12,4640	6,178	12,3550
12,5367	6,180	12,3600
12,5665	6,183	12,3650
12,6372	6,185	12,3700
12,6947	6,188	12,3750
12,7361	6,190	12,3800
12,8091	6,193	12,3850
12,8603	6,195	12,3900
12,9062	6,198	12,3950
12,9707	6,200	12,4000
13,0105	6,203	12,4050
13,0836	6,205	12,4100
13,1327	6,208	12,4150
13,1693	6,210	12,4200
13,2485	6,213	12,4250
13,3012	6,215	12,4300
13,3490	6,218	12,4350
13,4152	6,220	12,4400
13,4465	6,223	12,4450
13,5161	6,225	12,4500
13,5692	6,228	12,4550
13,6198	6,230	12,4600
13,6850	6,233	12,4650
13,7316	6,235	12,4700
13,7795	6,238	12,4750
13,8564	6,240	12,4800
13,8888	6,243	12,4850
13,9615	6,245	12,4900
14,0129	6,248	12,4950
14,0570	6,250	12,5000
14,1318	6,253	12,5050
14,1773	6,255	12,5100
14,2260	6,258	12,5150
14,2979	6,260	12,5200
14,3285	6,263	12,5250
14,3964	6,265	12,5300
14,4405	6,268	12,5350
14,4854	6,270	12,5400
14,5572	6,273	12,5450
14,6018	6,275	12,5500
14,6486	6,278	12,5550
14,7264	6,280	12,5600
14,7603	6,283	12,5650
14,8277	6,285	12,5700
14,8823	6,288	12,5750
14,9278	6,290	12,5800
14,9917	6,293	12,5850
15,0343	6,295	12,5900
15,0836	6,298	12,5950
15,1523	6,300	12,6000
15,1853	6,303	12,6050
15,2570	6,305	12,6100
15,3147	6,308	12,6150
15,3551	6,310	12,6200
15,4222	6,313	12,6250
15,4756	6,315	12,6300
15,5293	6,318	12,6350
15,5904	6,320	12,6400
15,6312	6,323	12,6450
15,7017	6,325	12,6500
15,7534	6,328	12,6550
15,7982	6,330	12,6600
15,8684	6,333	12,6650
15,9135	6,335	12,6700
15,9595	6,338	12,6750
16,0336	6,340	12,6800
16,0701	6,343	12,6850
16,1416	6,345	12,6900
16,2000	6,348	12,6950
16,2278	6,350	12,7000
16,2970	6,353	12,7050
16,3491	6,355	12,7100
16,3983	6,358	12,7150
16,4694	6,360	12,7200
16,5124	6,363	12,7250
16,5804	6,365	12,7300
16,6281	6,368	12,7350
16,6688	6,370	12,7400
16,7364	6,373	12,7450
16,7935	6,375	12,7500
16,8462	6,378	12,7550
16,9161	6,380	12,7600
16,9409	6,383	12,7650
17,0117	6,385	12,7700
17,0614	6,388	12,7750
17,0999	6,390	12,7800
17,1745	6,393	12,7850
17,2262	6,395	12,7900
17,2773	6,398	12,7950
17,3408	6,400	12,8000
17,3785	6,403	12,8050
17,4523	6,405	12,8100
17,5097	6,408	12,8150
17,5419	6,410	12,8200
17,6059	6,413	12,8250
17,6641	6,415	12,8300
17,7081	6,418	12,8350
17,7745	6,420	12,8400
17,8048	6,423	12,8450
17,8772	6,425	12,8500
17,9261	6,428	12,8550
17,9750	6,430	12,8600
18,0426	6,433	12,8650
18,0933	6,435	12,8700
18,1422	6,438	12,8750
18,2105	6,440	12,8800
18,2565	6,443	12,8850
18,3309	6,445	12,8900
18,3829	6,448	12,8950
18,4266	6,450	12,9000
18,4971	6,453	12,9050
18,5402	6,455	12,9100
18,5914	6,458	12,9150
18,6647	6,460	12,9200
18,7018	6,463	12,9250
18,7702	6,465	12,9300
18,8194	6,468	12,9350
18,8665	6,470	12,9400
18,9378	6,473	12,9450
18,9896	6,475	12,9500
19,0405	6,478	12,9550
19,1166	6,480	12,9600
19,1483	6,483	12,9650
19,2166	6,485	12,9700
19,2658	6,488	12,9750
19,3065	6,490	12,9800
19,3773	6,493	12,9850
19,4337	6,495	12,9900
19,4858	6,498	12,9950
19,5521	6,500	13,0000
19,5850	6,503	13,0050
19,6539	6,505	13,0100
19,7039	6,508	13,0150
19,7446	6,510	13,0200
19,8079	6,513	13,0250
19,8549	6,515	13,0300
19,9052	6,518	13,0350
19,9851	6,520	13,0400
20,0203	6,523	13,0450
20,0877	6,525	13,0500
20,1459	6,528	13,0550
20,1883	6,530	13,0600
20,2566	6,533	13,0650
20,3056	6,535	13,0700
20,3484	6,538	13,0750
20,4166	6,540	13,0800
20,4578	6,543	13,0850
20,5291	6,545	13,0900
20,5835	6,548	13,0950
20,6222	6,550	13,1000
20,6995	6,553	13,1050
20,7450	6,555	13,1100
20,7984	6,558	13,1150
20,8715	6,560	13,1200
20,9037	6,563	13,1250
20,9741	6,565	13,1300
21,0274	6,568	13,1350
21,0699	6,570	13,1400
21,1365	6,573	13,1450
21,1929	6,575	13,1500
21,2392	6,578	13,1550
21,3139	6,580	13,1600
21,3504	6,583	13,1650
21,4214	6,585	13,1700
21,4720	6,588	13,1750
21,5160	6,590	13,1800
21,5829	6,593	13,1850
21,6336	6,595	13,1900
21,6856	6,598	13,1950
21,7604	6,600	13,2000
21,7952	6,603	13,2050
21,8595	6,605	13,2100
21,9123	6,608	13,2150
21,9561	6,610	13,2200
22,0265	6,613	13,2250
22,0780	6,615	13,2300
22,1239	6,618	13,2350
22,1952	6,620	13,2400
22,2286	6,623	13,2450
22,3039	6,625	13,2500
22,3526	6,628	13,2550
22,3947	6,630	13,2600
22,4581	6,633	13,2650
22,5112	6,635	13,2700
22,5635	6,638	13,2750
22,6412	6,640	13,2800
22,6804	6,643	13,2850
22,7451	6,645	13,2900
22,7997	6,648	13,2950
22,8400	6,650	13,3000
22,9115	6,653	13,3050
22,9615	6,655	13,3100
23,0075	6,658	13,3150
23,0769	6,660	13,3200
23,1131	6,663	13,3250
23,1850	6,665	13,3300
23,2402	6,668	13,3350
23,2867	6,670	13,3400
23,3554	6,673	13,3450
23,4060	6,675	13,3500
23,4622	6,678	13,3550
23,5408	6,680	13,3600
23,5709	6,683	13,3650
23,6453	6,685	13,3700
23,6988	6,688	13,3750
23,7449	6,690	13,3800
23,8149	6,693	13,3850
23,8626	6,695	13,3900
23,9164	6,698	13,3950
23,9846	6,700	13,4000
24,0155	6,703	13,4050
24,0856	6,705	13,4100
24,1464	6,708	13,4150
24,1929	6,710	13,4200
24,2634	6,713	13,4250
24,3132	6,715	13,4300
24,3660	6,718	13,4350
24,4343	6,720	13,4400
24,4671	6,723	13,4450
24,5381	6,725	13,4500
24,5913	6,728	13,4550
24,6468	6,730	13,4600
24,7115	6,733	13,4650
24,7604	6,735	13,4700
24,8183	6,738	13,4750
24,8931	6,740	13,4800
24,9290	6,743	13,4850
24,9877	6,745	13,4900
25,0427	6,748	13,4950
25,0826	6,750	13,5000
25,1556	6,753	13,5050
25,2074	6,755	13,5100
25,2653	6,758	13,5150
25,3296	6,760	13,5200
25,3700	6,763	13,5250
25,4378	6,765	13,5300
25,4862	6,768	13,5350
25,5258	6,770	13,5400
25,5945	6,773	13,5450
25,6454	6,775	13,5500
25,6944	6,778	13,5550
25,7732	6,780	13,5600
25,8098	6,783	13,5650
25,8820	6,785	13,5700
25,9363	6,788	13,5750
25,9760	6,790	13,5800
26,0463	6,793	13,5850
26,1018	6,795	13,5900
26,1649	6,798	13,5950
26,2298	6,800	13,6000
26,2668	6,803	13,6050
26,3369	6,805	13,6100
26,3884	6,808	13,6150
26,4345	6,810	13,6200
26,5083	6,813	13,6250
26,5596	6,815	13,6300
26,6126	6,818	13,6350
26,6813	6,820	13,6400
26,7209	6,823	13,6450
26,7976	6,825	13,6500
26,8499	6,828	13,6550
26,8908	6,830	13,6600
26,9610	6,833	13,6650
27,0104	6,835	13,6700
27,0639	6,838	13,6750
27,1378	6,840	13,6800
27,1761	6,843	13,6850
27,2411	6,845	13,6900
27,2916	6,848	13,6950
27,3357	6,850	13,7000
27,4134	6,853	13,7050
27,4630	6,855	13,7100
27,5140	6,858	13,7150
27,5810	6,860	13,7200
27,6120	6,863	13,7250
27,6808	6,865	13,7300
27,7369	6,868	13,7350
27,7803	6,870	13,7400
27,8534	6,873	13,7450
27,9110	6,875	13,7500
27,9559	6,878	13,7550
28,0168	6,880	13,7600
28,0597	6,883	13,7650
28,1343	6,885	13,7700
28,1919	6,888	13,7750
28,2352	6,890	13,7800
28,3047	6,893	13,7850
28,3521	6,895	13,7900
28,3986	6,898	13,7950
28,4739	6,900	13,8000
28,5160	6,903	13,8050
28,5867	6,905	13,8100
28,6421	6,908	13,8150
28,6808	6,910	13,8200
28,7456	6,913	13,8250
28,7977	6,915	13,8300
28,8562	6,918	13,8350
28,9258	6,920	13,8400
28,9689	6,923	13,8450
29,0360	6,925	13,8500
29,0881	6,928	13,8550
29,1424	6,930	13,8600
29,2101	6,933	13,8650
29,2635	6,935	13,8700
29,3221	6,938	13,8750
29,3932	6,940	13,8800
29,4342	6,943	13,8850
29,5009	6,945	13,8900
29,5563	6,948	13,8950
29,5981	6,950	13,9000
29,6704	6,953	13,9050
29,7237	6,955	13,9100
29,7787	6,958	13,9150
29,8463	6,960	13,9200
29,8874	6,963	13,9250
29,9577	6,965	13,9300
30,0114	6,968	13,9350
30,0591	6,970	13,9400
30,1290	6,973	13,9450
30,1718	6,975	13,9500
30,2232	6,978	13,9550
30,2993	6,980	13,9600
30,3353	6,983	13,9650
30,4121	6,985	13,9700
30,4665	6,988	13,9750
30,5179	6,990	13,9800
30,5982	6,993	13,9850
30,6499	6,995	13,9900
30,6924	6,998	13,9950
30,7610	7,000	14,0000
30,8044	7,003	14,0050
30,8755	7,005	14,0100
30,9317	7,008	14,0150
30,9751	7,010	14,0200
31,0475	7,013	14,0250
31,0932	7,015	14,0300
31,1481	7,018	14,0350
31,2272	7,020	14,0400
31,2624	7,023	14,0450
31,3333	7,025	14,0500
31,3831	7,028	14,0550
31,4228	7,030	14,0600
31,4918	7,033	14,0650
31,5396	7,035	14,0700
31,5989	7,038	14,0750
31,6765	7,040	14,0800
31,7162	7,043	14,0850
31,7828	7,045	14,0900
31,8423	7,048	14,0950
31,8970	7,050	14,1000
31,9729	7,053	14,1050
32,0206	7,055	14,1100
32,0703	7,058	14,1150
32,1393	7,060	14,1200
32,1798	7,063	14,1250
32,2538	7,065	14,1300
32,3053	7,068	14,1350
32,3538	7,070	14,1400
32,4268	7,073	14,1450
32,4841	7,075	14,1500
32,5239	7,078	14,1550
32,6014	7,080	14,1600
32,6471	7,083	14,1650
32,7167	7,085	14,1700
32,7639	7,088	14,1750
32,8131	7,090	14,1800
32,8841	7,093	14,1850
32,9393	7,095	14,1900
32,9908	7,098	14,1950
33,0593	7,100	14,2000
33,0980	7,103	14,2050
33,1699	7,105	14,2100
33,2305	7,108	14,2150
33,2772	7,110	14,2200
33,3466	7,113	14,2250
33,3961	7,115	14,2300
33,4531	7,118	14,2350
33,5229	7,120	14,2400
33,5655	7,123	14,2450
33,6373	7,125	14,2500
33,6889	7,128	14,2550
33,7363	7,130	14,2600
33,8071	7,133	14,2650
33,8561	7,135	14,2700
33,9049	7,138	14,2750
33,9687	7,140	14,2800
34,0127	7,143	14,2850
34,0889	7,145	14,2900
34,1452	7,148	14,2950
34,1903	7,150	14,3000
34,2620	7,153	14,3050
34,3129	7,155	14,3100
34,3721	7,158	14,3150
34,4358	7,160	14,3200
34,4709	7,163	14,3250
34,5478	7,165	14,3300
34,6044	7,168	14,3350
34,6553	7,170	14,3400
34,7242	7,173	14,3450
34,7795	7,175	14,3500
34,8321	7,178	14,3550
34,9012	7,180	14,3600
34,9361	7,183	14,3650
35,0122	7,185	14,3700
35,0651	7,188	14,3750
35,1111	7,190	14,3800
35,1873	7,193	14,3850
35,2347	7,195	14,3900
35,2916	7,198	14,3950
35,3686	7,200	14,4000
35,4177	7,203	14,4050
35,4818	7,205	14,4100
35,5371	7,208	14,4150
35,5827	7,210	14,4200
35,6513	7,213	14,4250
35,7110	7,215	14,4300
35,7587	7,218	14,4350
35,8317	7,220	14,4400
35,8699	7,223	14,4450
35,9480	7,225	14,4500
36,0020	7,228	14,4550
36,0492	7,230	14,4600
36,1163	7,233	14,4650
36,1699	7,235	14,4700
36,2309	7,238	14,4750
36,3040	7,240	14,4800
36,3391	7,243	14,4850
36,4120	7,245	14,4900
36,4668	7,248	14,4950
36,5097	7,250	14,5000
36,5867	7,253	14,5050
36,6445	7,255	14,5100
36,6951	7,258	14,5150
36,7608	7,260	14,5200
36,7991	7,263	14,5250
36,8717	7,265	14,5300
36,9238	7,268	14,5350
36,9678	7,270	14,5400
37,0422	7,273	14,5450
37,0955	7,275	14,5500
37,1429	7,278	14,5550
37,2157	7,280	14,5600
37,2626	7,283	14,5650
37,3386	7,285	14,5700
37,3928	7,288	14,5750
37,4392	7,290	14,5800
37,5124	7,293	14,5850
37,5687	7,295	14,5900
37,6264	7,298	14,5950
37,6938	7,300	14,6000
37,7349	7,303	14,6050
37,8045	7,305	14,6100
37,8560	7,308	14,6150
37,9034	7,310	14,6200
37,9853	7,313	14,6250
38,0415	7,315	14,6300
38,1051	7,318	14,6350
38,1722	7,320	14,6400
38,2102	7,323	14,6450
38,2815	7,325	14,6500
38,3365	7,328	14,6550
38,3826	7,330	14,6600
38,4623	7,333	14,6650
38,5183	7,335	14,6700
38,5695	7,338	14,6750
38,6401	7,340	14,6800
38,6817	7,343	14,6850
38,7485	7,345	14,6900
38,8074	7,348	14,6950
38,8514	7,350	14,7000
38,9270	7,353	14,7050
38,9814	7,355	14,7100
39,0392	7,358	14,7150
39,1077	7,360	14,7200
39,1464	7,363	14,7250
39,2219	7,365	14,7300
39,2789	7,368	14,7350
39,3214	7,370	14,7400
39,3940	7,373	14,7450
39,4479	7,375	14,7500
39,5000	7,378	14,7550
39,5764	7,380	14,7600
39,6139	7,383	14,7650
39,6845	7,385	14,7700
39,7394	7,388	14,7750
39,7831	7,390	14,7800
39,8540	7,393	14,7850
39,9101	7,395	14,7900
39,9609	7,398	14,7950
40,0325	7,400	14,8000
40,0787	7,403	14,8050
40,1512	7,405	14,8100
40,2021	7,408	14,8150
40,2488	7,410	14,8200
40,3223	7,413	14,8250
40,3800	7,415	14,8300
40,4370	7,418	14,8350
40,5087	7,420	14,8400
40,5527	7,423	14,8450
40,6258	7,425	14,8500
40,6794	7,428	14,8550
40,7309	7,430	14,8600
40,8088	7,433	14,8650
40,8647	7,435	14,8700
40,9226	7,438	14,8750
40,9893	7,440	14,8800
41,0347	7,443	14,8850
41,1107	7,445	14,8900
41,1681	7,448	14,8950
41,2093	7,450	14,9000
41,2760	7,453	14,9050
41,3329	7,455	14,9100
41,3913	7,458	14,9150
41,4620	7,460	14,9200
41,5054	7,463	14,9250
41,5819	7,465	14,9300
41,6329	7,468	14,9350
41,6798	7,470	14,9400
41,7573	7,473	14,9450
41,8100	7,475	14,9500
41,8695	7,478	14,9550
41,9463	7,480	14,9600
41,9860	7,483	14,9650
42,0551	7,485	14,9700
42,1073	7,488	14,9750
42,1533	7,490	14,9800
42,2225	7,493	14,9850
42,2742	7,495	14,9900
42,3315	7,498	14,9950
42,4051	7,500	15,0000
42,4502	7,503	15,0050
42,5228	7,505	15,0100
42,5820	7,508	15,0150
42,6166	7,510	15,0200
42,6897	7,513	15,0250
42,7487	7,515	15,0300
42,8116	7,518	15,0350
42,8757	7,520	15,0400
42,9140	7,523	15,0450
42,9904	7,525	15,0500
43,0457	7,528	15,0550
43,0882	7,530	15,0600
43,1627	7,533	15,0650
43,2174	7,535	15,0700
43,2744	7,538	15,0750
43,3443	7,540	15,0800
43,3896	7,543	15,0850
43,4698	7,545	15,0900
43,5305	7,548	15,0950
43,5729	7,550	15,1000
43,6446	7,553	15,1050
43,6951	7,555	15,1100
43,7590	7,558	15,1150
43,8291	7,560	15,1200
43,8734	7,563	15,1250
43,9481	7,565	15,1300
44,0062	7,568	15,1350
44,0508	7,570	15,1400
44,1221	7,573	15,1450
44,1874	7,575	15,1500
44,2393	7,578	15,1550
44,3227	7,580	15,1600
44,3620	7,583	15,1650
44,4301	7,585	15,1700
44,4831	7,588	15,1750
44,5326	7,590	15,1800
44,6055	7,593	15,1850
44,6525	7,595	15,1900
44,7102	7,598	15,1950
44,7879	7,600	15,2000
44,8342	7,603	15,2050
44,9076	7,605	15,2100
44,9658	7,608	15,2150
45,0122	7,610	15,2200
45,0863	7,613	15,2250
45,1426	7,615	15,2300
45,1936	7,618	15,2350
45,2637	7,620	15,2400
45,3046	7,623	15,2450
45,3788	7,625	15,2500
45,4288	7,628	15,2550
45,4776	7,630	15,2600
45,5464	7,633	15,2650
45,5973	7,635	15,2700
45,6546	7,638	15,2750
45,7318	7,640	15,2800
45,7693	7,643	15,2850
45,8444	7,645	15,2900
45,9068	7,648	15,2950
45,9526	7,650	15,3000
46,0252	7,653	15,3050
46,0790	7,655	15,3100
46,1303	7,658	15,3150
46,1968	7,660	15,3200
46,2435	7,663	15,3250
46,3192	7,665	15,3300
46,3757	7,668	15,3350
46,4229	7,670	15,3400
46,5005	7,673	15,3450
46,5559	7,675	15,3500
46,6114	7,678	15,3550
46,6937	7,680	15,3600
46,7345	7,683	15,3650
46,8095	7,685	15,3700
46,8700	7,688	15,3750
46,9193	7,690	15,3800
46,9907	7,693	15,3850
47,0547	7,695	15,3900
47,1103	7,698	15,3950
47,1793	7,700	15,4000
47,2173	7,703	15,4050
47,2901	7,705	15,4100
47,3525	7,708	15,4150
47,4041	7,710	15,4200
47,4835	7,713	15,4250
47,5375	7,715	15,4300
47,5937	7,718	15,4350
47,6634	7,720	15,4400
47,7028	7,723	15,4450
47,7743	7,725	15,4500
47,8405	7,728	15,4550
47,8931	7,730	15,4600
47,9639	7,733	15,4650
48,0158	7,735	15,4700
48,0670	7,738	15,4750
48,1366	7,740	15,4800
48,1807	7,743	15,4850
48,2596	7,745	15,4900
48,3179	7,748	15,4950
48,3547	7,750	15,5000
48,4318	7,753	15,5050
48,4894	7,755	15,5100
48,5520	7,758	15,5150
48,6236	7,760	15,5200
48,6719	7,763	15,5250
48,7362	7,765	15,5300
48,7955	7,768	15,5350
48,8435	7,770	15,5400
48,9064	7,773	15,5450
48,9658	7,775	15,5500
49,0242	7,778	15,5550
49,0968	7,780	15,5600
49,1398	7,783	15,5650
49,2157	7,785	15,5700
49,2663	7,788	15,5750
49,3171	7,790	15,5800
49,3974	7,793	15,5850
49,4602	7,795	15,5900
49,5249	7,798	15,5950
49,5991	7,800	15,6000
49,6400	7,803	15,6050
49,7122	7,805	15,6100
49,7724	7,808	15,6150
49,8180	7,810	15,6200
49,9005	7,813	15,6250
49,9578	7,815	15,6300
50,0090	7,818	15,6350
50,0803	7,820	15,6400
50,1167	7,823	15,6450
50,2006	7,825	15,6500
50,2549	7,828	15,6550
50,3033	7,830	15,6600
50,3758	7,833	15,6650
50,4285	7,835	15,6700
50,4905	7,838	15,6750
50,5667	7,840	15,6800
50,6125	7,843	15,6850
50,6883	7,845	15,6900
50,7541	7,848	15,6950
50,8020	7,850	15,7000
50,8745	7,853	15,7050
50,9170	7,855	15,7100
50,9767	7,858	15,7150
51,0560	7,860	15,7200
51,0979	7,863	15,7250
51,1710	7,865	15,7300
51,2233	7,868	15,7350
51,2772	7,870	15,7400
51,3536	7,873	15,7450
51,4074	7,875	15,7500
51,4596	7,878	15,7550
51,5396	7,880	15,7600
51,5762	7,883	15,7650
51,6514	7,885	15,7700
51,7065	7,888	15,7750
51,7580	7,890	15,7800
51,8299	7,893	15,7850
51,8821	7,895	15,7900
51,9356	7,898	15,7950
52,0108	7,900	15,8000
52,0598	7,903	15,8050
52,1360	7,905	15,8100
52,1923	7,908	15,8150
52,2356	7,910	15,8200
52,3130	7,913	15,8250
52,3669	7,915	15,8300
52,4225	7,918	15,8350
52,4959	7,920	15,8400
52,5442	7,923	15,8450
52,6224	7,925	15,8500
52,6800	7,928	15,8550
52,7249	7,930	15,8600
52,8027	7,933	15,8650
52,8701	7,935	15,8700
52,9236	7,938	15,8750
52,9932	7,940	15,8800
53,0402	7,943	15,8850
53,1191	7,945	15,8900
53,1834	7,948	15,8950
53,2319	7,950	15,9000
53,3124	7,953	15,9050
53,3654	7,955	15,9100
53,4281	7,958	15,9150
53,5001	7,960	15,9200
53,5471	7,963	15,9250
53,6235	7,965	15,9300
53,6823	7,968	15,9350
53,7315	7,970	15,9400
53,8073	7,973	15,9450
53,8691	7,975	15,9500
53,9293	7,978	15,9550
53,9975	7,980	15,9600
54,0392	7,983	15,9650
54,1220	7,985	15,9700
54,1828	7,988	15,9750
54,2311	7,990	15,9800
54,3114	7,993	15,9850
54,3671	7,995	15,9900
54,4212	7,998	15,9950
54,4905	8,000	16,0000
54,5408	8,003	16,0050
54,6142	8,005	16,0100
54,6682	8,008	16,0150
54,7222	8,010	16,0200
54,7945	8,013	16,0250
54,8475	8,015	16,0300
54,9021	8,018	16,0350
54,9766	8,020	16,0400
55,0221	8,023	16,0450
55,1071	8,025	16,0500
55,1552	8,028	16,0550
55,2030	8,030	16,0600
55,2849	8,033	16,0650
55,3366	8,035	16,0700
55,3943	8,038	16,0750
55,4679	8,040	16,0800
55,5209	8,043	16,0850
55,6008	8,045	16,0900
55,6555	8,048	16,0950
55,7100	8,050	16,1000
55,7885	8,053	16,1050
55,8414	8,055	16,1100
55,8990	8,058	16,1150
55,9772	8,060	16,1200
56,0228	8,063	16,1250
56,1033	8,065	16,1300
56,1647	8,068	16,1350
56,2170	8,070	16,1400
56,2903	8,073	16,1450
56,3488	8,075	16,1500
56,4055	8,078	16,1550
56,4882	8,080	16,1600
56,5297	8,083	16,1650
56,6014	8,085	16,1700
56,6573	8,088	16,1750
56,7134	8,090	16,1800
56,7862	8,093	16,1850
56,8468	8,095	16,1900
56,9070	8,098	16,1950
56,9747	8,100	16,2000
57,0214	8,103	16,2050
57,0996	8,105	16,2100
57,1560	8,108	16,2150
57,2022	8,110	16,2200
57,2763	8,113	16,2250
57,3322	8,115	16,2300
57,3928	8,118	16,2350
57,4724	8,120	16,2400
57,5161	8,123	16,2450
57,5896	8,125	16,2500
57,6421	8,128	16,2550
57,6980	8,130	16,2600
57,7697	8,133	16,2650
57,8309	8,135	16,2700
57,8898	8,138	16,2750
57,9718	8,140	16,2800
58,0099	8,143	16,2850
58,0819	8,145	16,2900
58,1381	8,148	16,2950
58,1863	8,150	16,3000
58,2645	8,153	16,3050
58,3217	8,155	16,3100
58,3740	8,158	16,3150
58,4477	8,160	16,3200
58,4971	8,163	16,3250
58,5746	8,165	16,3300
58,6288	8,168	16,3350
58,6815	8,170	16,3400
58,7572	8,173	16,3450
58,8179	8,175	16,3500
58,8710	8,178	16,3550
58,9517	8,180	16,3600
58,9910	8,183	16,3650
59,0647	8,185	16,3700
59,1246	8,188	16,3750
59,1774	8,190	16,3800
59,2497	8,193	16,3850
59,3015	8,195	16,3900
59,3673	8,198	16,3950
59,4442	8,200	16,4000
59,4962	8,203	16,4050
59,5767	8,205	16,4100
59,6363	8,208	16,4150
59,6854	8,210	16,4200
59,7611	8,213	16,4250
59,8176	8,215	16,4300
59,8773	8,218	16,4350
59,9565	8,220	16,4400
59,9951	8,223	16,4450
60,0731	8,225	16,4500
60,1353	8,228	16,4550
60,1838	8,230	16,4600
60,2543	8,233	16,4650
60,3105	8,235	16,4700
60,3682	8,238	16,4750
60,4437	8,240	16,4800
60,4921	8,243	16,4850
60,5739	8,245	16,4900
60,6374	8,248	16,4950
60,6823	8,250	16,5000
60,7533	8,253	16,5050
60,8104	8,255	16,5100
60,8676	8,258	16,5150
60,9485	8,260	16,5200
61,0034	8,263	16,5250
61,0782	8,265	16,5300
61,1292	8,268	16,5350
61,1836	8,270	16,5400
61,2584	8,273	16,5450
61,3174	8,275	16,5500
61,3741	8,278	16,5550
61,4513	8,280	16,5600
61,4913	8,283	16,5650
61,5684	8,285	16,5700
61,6315	8,288	16,5750
61,6835	8,290	16,5800
61,7575	8,293	16,5850
61,8236	8,295	16,5900
61,8827	8,298	16,5950
61,9495	8,300	16,6000
61,9906	8,303	16,6050
62,0670	8,305	16,6100
62,1250	8,308	16,6150
62,1786	8,310	16,6200
62,2531	8,313	16,6250
62,3078	8,315	16,6300
62,3710	8,318	16,6350
62,4484	8,320	16,6400
62,4942	8,323	16,6450
62,5732	8,325	16,6500
62,6340	8,328	16,6550
62,6967	8,330	16,6600
62,7710	8,333	16,6650
62,8220	8,335	16,6700
62,8816	8,338	16,6750
62,9572	8,340	16,6800
63,0045	8,343	16,6850
63,0811	8,345	16,6900
63,1447	8,348	16,6950
63,1912	8,350	16,7000
63,2675	8,353	16,7050
63,3235	8,355	16,7100
63,3854	8,358	16,7150
63,4638	8,360	16,7200
63,5151	8,363	16,7250
63,5902	8,365	16,7300
63,6461	8,368	16,7350
63,6955	8,370	16,7400
63,7725	8,373	16,7450
63,8343	8,375	16,7500
63,8860	8,378	16,7550
63,9561	8,380	16,7600
63,9966	8,383	16,7650
64,0803	8,385	16,7700
64,1449	8,388	16,7750
64,2023	8,390	16,7800
64,2756	8,393	16,7850
64,3313	8,395	16,7900
64,3881	8,398	16,7950
64,4720	8,400	16,8000
64,5166	8,403	16,8050
64,5838	8,405	16,8100
64,6437	8,408	16,8150
64,6967	8,410	16,8200
64,7770	8,413	16,8250
64,8337	8,415	16,8300
64,8920	8,418	16,8350
64,9711	8,420	16,8400
65,0144	8,423	16,8450
65,0898	8,425	16,8500
65,1504	8,428	16,8550
65,2014	8,430	16,8600
65,2780	8,433	16,8650
65,3408	8,435	16,8700
65,4040	8,438	16,8750
65,4830	8,440	16,8800
65,5315	8,443	16,8850
65,6099	8,445	16,8900
65,6685	8,448	16,8950
65,7164	8,450	16,9000
65,7999	8,453	16,9050
65,8629	8,455	16,9100
65,9268	8,458	16,9150
66,0025	8,460	16,9200
66,0530	8,463	16,9250
66,1290	8,465	16,9300
66,1874	8,468	16,9350
66,2416	8,470	16,9400
66,3173	8,473	16,9450
66,3800	8,475	16,9500
66,4324	8,478	16,9550
66,5112	8,480	16,9600
66,5585	8,483	16,9650
66,6449	8,485	16,9700
66,7047	8,488	16,9750
66,7583	8,490	16,9800
66,8258	8,493	16,9850
66,8768	8,495	16,9900
66,9392	8,498	16,9950
67,0193	8,500	17,0000
67,0686	8,503	17,0050
67,1417	8,505	17,0100
67,2008	8,508	17,0150
67,2507	8,510	17,0200
67,3242	8,513	17,0250
67,3826	8,515	17,0300
67,4439	8,518	17,0350
67,5255	8,520	17,0400
67,5719	8,523	17,0450
67,6470	8,525	17,0500
67,6995	8,528	17,0550
67,7588	8,530	17,0600
67,8371	8,533	17,0650
67,8969	8,535	17,0700
67,9499	8,538	17,0750
68,0255	8,540	17,0800
68,0664	8,543	17,0850
68,1505	8,545	17,0900
68,2145	8,548	17,0950
68,2646	8,550	17,1000
68,3452	8,553	17,1050
68,4032	8,555	17,1100
68,4671	8,558	17,1150
68,5403	8,560	17,1200
68,5921	8,563	17,1250
68,6743	8,565	17,1300
68,7355	8,568	17,1350
68,7810	8,570	17,1400
68,8562	8,573	17,1450
68,9199	8,575	17,1500
68,9821	8,578	17,1550
69,0615	8,580	17,1600
69,1016	8,583	17,1650
69,1824	8,585	17,1700
69,2454	8,588	17,1750
69,2949	8,590	17,1800
69,3621	8,593	17,1850
69,4256	8,595	17,1900
69,4924	8,598	17,1950
69,5754	8,600	17,2000
69,6184	8,603	17,2050
69,6928	8,605	17,2100
69,7482	8,608	17,2150
69,7991	8,610	17,2200
69,8727	8,613	17,2250
69,9373	8,615	17,2300
69,9923	8,618	17,2350
70,0739	8,620	17,2400
70,1152	8,623	17,2450
70,1935	8,625	17,2500
70,2562	8,628	17,2550
70,3106	8,630	17,2600
70,3875	8,633	17,2650
70,4454	8,635	17,2700
70,5031	8,638	17,2750
70,5844	8,640	17,2800
70,6287	8,643	17,2850
70,7042	8,645	17,2900
70,7629	8,648	17,2950
70,8143	8,650	17,3000
70,8919	8,653	17,3050
70,9588	8,655	17,3100
71,0193	8,658	17,3150
71,0955	8,660	17,3200
71,1348	8,663	17,3250
71,2178	8,665	17,3300
71,2825	8,668	17,3350
71,3356	8,670	17,3400
71,4103	8,673	17,3450
71,4759	8,675	17,3500
71,5365	8,678	17,3550
71,6169	8,680	17,3600
71,6621	8,683	17,3650
71,7395	8,685	17,3700
71,7983	8,688	17,3750
71,8625	8,690	17,3800
71,9441	8,693	17,3850
72,0032	8,695	17,3900
72,0634	8,698	17,3950
72,1406	8,700	17,4000
72,1861	8,703	17,4050
72,2592	8,705	17,4100
72,3248	8,708	17,4150
72,3828	8,710	17,4200
72,4649	8,713	17,4250
72,5162	8,715	17,4300
72,5706	8,718	17,4350
72,6481	8,720	17,4400
72,6976	8,723	17,4450
72,7781	8,725	17,4500
72,8464	8,728	17,4550
72,8961	8,730	17,4600
72,9729	8,733	17,4650
73,0377	8,735	17,4700
73,1003	8,738	17,4750
73,1688	8,740	17,4800
73,2108	8,743	17,4850
73,2901	8,745	17,4900
73,3639	8,748	17,4950
73,4119	8,750	17,5000
73,4846	8,753	17,5050
73,5390	8,755	17,5100
73,6031	8,758	17,5150
73,6881	8,760	17,5200
73,7364	8,763	17,5250
73,8110	8,765	17,5300
73,8723	8,768	17,5350
73,9233	8,770	17,5400
74,0013	8,773	17,5450
74,0673	8,775	17,5500
74,1238	8,778	17,5550
74,2023	8,780	17,5600
74,2469	8,783	17,5650
74,3333	8,785	17,5700
74,4032	8,788	17,5750
74,4540	8,790	17,5800
74,5316	8,793	17,5850
74,5984	8,795	17,5900
74,6623	8,798	17,5950
74,7476	8,800	17,6000
74,7987	8,803	17,6050
74,8758	8,805	17,6100
74,9340	8,808	17,6150
74,9874	8,810	17,6200
75,0641	8,813	17,6250
75,1291	8,815	17,6300
75,1818	8,818	17,6350
75,2649	8,820	17,6400
75,3171	8,823	17,6450
75,4028	8,825	17,6500
75,4714	8,828	17,6550
75,5288	8,830	17,6600
75,5957	8,833	17,6650
75,6537	8,835	17,6700
75,7142	8,838	17,6750
75,7902	8,840	17,6800
75,8403	8,843	17,6850
75,9141	8,845	17,6900
75,9806	8,848	17,6950
76,0310	8,850	17,7000
76,1067	8,853	17,7050
76,1692	8,855	17,7100
76,2364	8,858	17,7150
76,3202	8,860	17,7200
76,3696	8,863	17,7250
76,4441	8,865	17,7300
76,5033	8,868	17,7350
76,5574	8,870	17,7400
76,6271	8,873	17,7450
76,6856	8,875	17,7500
76,7489	8,878	17,7550
76,8342	8,880	17,7600
76,8814	8,883	17,7650
76,9605	8,885	17,7700
77,0186	8,888	17,7750
77,0717	8,890	17,7800
77,1487	8,893	17,7850
77,2084	8,895	17,7900
77,2629	8,898	17,7950
77,3418	8,900	17,8000
77,3872	8,903	17,8050
77,4671	8,905	17,8100
77,5336	8,908	17,8150
77,5800	8,910	17,8200
77,6638	8,913	17,8250
77,7258	8,915	17,8300
77,7835	8,918	17,8350
77,8630	8,920	17,8400
77,9039	8,923	17,8450
77,9829	8,925	17,8500
78,0489	8,928	17,8550
78,1038	8,930	17,8600
78,1819	8,933	17,8650
78,2474	8,935	17,8700
78,3035	8,938	17,8750
78,3827	8,940	17,8800
78,4324	8,943	17,8850
78,5149	8,945	17,8900
78,5802	8,948	17,8950
78,6341	8,950	17,9000
78,7201	8,953	17,9050
78,7803	8,955	17,9100
78,8425	8,958	17,9150
78,9223	8,960	17,9200
78,9751	8,963	17,9250
79,0570	8,965	17,9300
79,1142	8,968	17,9350
79,1672	8,970	17,9400
79,2415	8,973	17,9450
79,3097	8,975	17,9500
79,3633	8,978	17,9550
79,4459	8,980	17,9600
79,4930	8,983	17,9650
79,5799	8,985	17,9700
79,6449	8,988	17,9750
79,6987	8,990	17,9800
79,7724	8,993	17,9850
79,8291	8,995	17,9900
79,8922	8,998	17,9950
79,9765	9,000	18,0000
80,0247	9,003	18,0050
80,1005	9,005	18,0100
80,1634	9,008	18,0150
80,2148	9,010	18,0200
80,2951	9,013	18,0250
80,3627	9,015	18,0300
80,4133	9,018	18,0350
80,4914	9,020	18,0400
80,5385	9,023	18,0450
80,6229	9,025	18,0500
80,6809	9,028	18,0550
80,7367	9,030	18,0600
80,8140	9,033	18,0650
80,8761	9,035	18,0700
80,9403	9,038	18,0750
81,0194	9,040	18,0800
81,0711	9,043	18,0850
81,1484	9,045	18,0900
81,2131	9,048	18,0950
81,2664	9,050	18,1000
81,3469	9,053	18,1050
81,4073	9,055	18,1100
81,4649	9,058	18,1150
81,5467	9,060	18,1200
81,5936	9,063	18,1250
81,6800	9,065	18,1300
81,7436	9,068	18,1350
81,7997	9,070	18,1400
81,8753	9,073	18,1450
81,9336	9,075	18,1500
81,9964	9,078	18,1550
82,0842	9,080	18,1600
82,1364	9,083	18,1650
82,2181	9,085	18,1700
82,2835	9,088	18,1750
82,3439	9,090	18,1800
82,4184	9,093	18,1850
82,4756	9,095	18,1900
82,5332	9,098	18,1950
82,6134	9,100	18,2000
82,6648	9,103	18,2050
82,7471	9,105	18,2100
82,8182	9,108	18,2150
82,8710	9,110	18,2200
82,9522	9,113	18,2250
83,0094	9,115	18,2300
83,0663	9,118	18,2350
83,1522	9,120	18,2400
83,2068	9,123	18,2450
83,2868	9,125	18,2500
83,3453	9,128	18,2550
83,3951	9,130	18,2600
83,4677	9,133	18,2650
83,5316	9,135	18,2700
83,5932	9,138	18,2750
83,6770	9,140	18,2800
83,7232	9,143	18,2850
83,8030	9,145	18,2900
83,8715	9,148	18,2950
83,9223	9,150	18,3000
84,0013	9,153	18,3050
84,0604	9,155	18,3100
84,1242	9,158	18,3150
84,2088	9,160	18,3200
84,2563	9,163	18,3250
84,3314	9,165	18,3300
84,3938	9,168	18,3350
84,4420	9,170	18,3400
84,5286	9,173	18,3450
84,5905	9,175	18,3500
84,6426	9,178	18,3550
84,7166	9,180	18,3600
84,7613	9,183	18,3650
84,8613	9,185	18,3700
84,9302	9,188	18,3750
84,9828	9,190	18,3800
85,0574	9,193	18,3850
85,1186	9,195	18,3900
85,1854	9,198	18,3950
85,2680	9,200	18,4000
85,3194	9,203	18,4050
85,4073	9,205	18,4100
85,4736	9,208	18,4150
85,5297	9,210	18,4200
85,6128	9,213	18,4250
85,6718	9,215	18,4300
85,7305	9,218	18,4350
85,8197	9,220	18,4400
85,8683	9,223	18,4450
85,9361	9,225	18,4500
85,9922	9,228	18,4550
86,0573	9,230	18,4600
86,1409	9,233	18,4650
86,2058	9,235	18,4700
86,2708	9,238	18,4750
86,3448	9,240	18,4800
86,3951	9,243	18,4850
86,4771	9,245	18,4900
86,5379	9,248	18,4950
86,5904	9,250	18,5000
86,6710	9,253	18,5050
86,7393	9,255	18,5100
86,8108	9,258	18,5150
86,8924	9,260	18,5200
86,9377	9,263	18,5250
87,0204	9,265	18,5300
87,0801	9,268	18,5350
87,1287	9,270	18,5400
87,2003	9,273	18,5450
87,2622	9,275	18,5500
87,3284	9,278	18,5550
87,4212	9,280	18,5600
87,4682	9,283	18,5650
87,5448	9,285	18,5700
87,6074	9,288	18,5750
87,6660	9,290	18,5800
87,7456	9,293	18,5850
87,8010	9,295	18,5900
87,8608	9,298	18,5950
87,9364	9,300	18,6000
87,9846	9,303	18,6050
88,0700	9,305	18,6100
88,1379	9,308	18,6150
88,1941	9,310	18,6200
88,2797	9,313	18,6250
88,3406	9,315	18,6300
88,4012	9,318	18,6350
88,4900	9,320	18,6400
88,5383	9,323	18,6450
88,6255	9,325	18,6500
88,6910	9,328	18,6550
88,7460	9,330	18,6600
88,8243	9,333	18,6650
88,8853	9,335	18,6700
88,9435	9,338	18,6750
89,0278	9,340	18,6800
89,0809	9,343	18,6850
89,1583	9,345	18,6900
89,2233	9,348	18,6950
89,2771	9,350	18,7000
89,3640	9,353	18,7050
89,4233	9,355	18,7100
89,4906	9,358	18,7150
89,5713	9,360	18,7200
89,6106	9,363	18,7250
89,6927	9,365	18,7300
89,7604	9,368	18,7350
89,8226	9,370	18,7400
89,9042	9,373	18,7450
89,9646	9,375	18,7500
90,0111	9,378	18,7550
90,0994	9,380	18,7600
90,1496	9,383	18,7650
90,2341	9,385	18,7700
90,2954	9,388	18,7750
90,3504	9,390	18,7800
90,4353	9,393	18,7850
90,4982	9,395	18,7900
90,5560	9,398	18,7950
90,6379	9,400	18,8000
90,6885	9,403	18,8050
90,7666	9,405	18,8100
90,8360	9,408	18,8150
90,8861	9,410	18,8200
90,9638	9,413	18,8250
91,0331	9,415	18,8300
91,0928	9,418	18,8350
91,1769	9,420	18,8400
91,2199	9,423	18,8450
91,2958	9,425	18,8500
91,3665	9,428	18,8550
91,4298	9,430	18,8600
91,5026	9,433	18,8650
91,5684	9,435	18,8700
91,6336	9,438	18,8750
91,7120	9,440	18,8800
91,7685	9,443	18,8850
91,8521	9,445	18,8900
91,9111	9,448	18,8950
91,9678	9,450	18,9000
92,0528	9,453	18,9050
92,1132	9,455	18,9100
92,1795	9,458	18,9150
92,2642	9,460	18,9200
92,3116	9,463	18,9250
92,3957	9,465	18,9300
92,4616	9,468	18,9350
92,5225	9,470	18,9400
92,5960	9,473	18,9450
92,6630	9,475	18,9500
92,7280	9,478	18,9550
92,8181	9,480	18,9600
92,8670	9,483	18,9650
92,9557	9,485	18,9700
93,0121	9,488	18,9750
93,0670	9,490	18,9800
93,1507	9,493	18,9850
93,2220	9,495	18,9900
93,2909	9,498	18,9950
93,3660	9,500	19,0000
93,4082	9,503	19,0050
93,4830	9,505	19,0100
93,5511	9,508	19,0150
93,6104	9,510	19,0200
93,6977	9,513	19,0250
93,7615	9,515	19,0300
93,8271	9,518	19,0350
93,9116	9,520	19,0400
93,9552	9,523	19,0450
94,0460	9,525	19,0500
94,1139	9,528	19,0550
94,1661	9,530	19,0600
94,2464	9,533	19,0650
94,3026	9,535	19,0700
94,3524	9,538	19,0750
94,4386	9,540	19,0800
94,4844	9,543	19,0850
94,5611	9,545	19,0900
94,6329	9,548	19,0950
94,6854	9,550	19,1000
94,7662	9,553	19,1050
94,8326	9,555	19,1100
94,9086	9,558	19,1150
94,9896	9,560	19,1200
95,0364	9,563	19,1250
95,1162	9,565	19,1300
95,1850	9,568	19,1350
95,2384	9,570	19,1400
95,3185	9,573	19,1450
95,3847	9,575	19,1500
95,4534	9,578	19,1550
95,5411	9,580	19,1600
95,5869	9,583	19,1650
95,6717	9,585	19,1700
95,7377	9,588	19,1750
95,7922	9,590	19,1800
95,8671	9,593	19,1850
95,9378	9,595	19,1900
96,0041	9,598	19,1950
96,0889	9,600	19,2000
96,1402	9,603	19,2050
96,2248	9,605	19,2100
96,2895	9,608	19,2150
96,3409	9,610	19,2200
96,4191	9,613	19,2250
96,4839	9,615	19,2300
96,5498	9,618	19,2350
96,6275	9,620	19,2400
96,6819	9,623	19,2450
96,7666	9,625	19,2500
96,8339	9,628	19,2550
96,8904	9,630	19,2600
96,9613	9,633	19,2650
97,0216	9,635	19,2700
97,0857	9,638	19,2750
97,1711	9,640	19,2800
97,2266	9,643	19,2850
97,3049	9,645	19,2900
97,3718	9,648	19,2950
97,4284	9,650	19,3000
97,5067	9,653	19,3050
97,5592	9,655	19,3100
97,6200	9,658	19,3150
97,7055	9,660	19,3200
97,7523	9,663	19,3250
97,8320	9,665	19,3300
97,9027	9,668	19,3350
97,9554	9,670	19,3400
98,0396	9,673	19,3450
98,1079	9,675	19,3500
98,1685	9,678	19,3550
98,2538	9,680	19,3600
98,2994	9,683	19,3650
98,3839	9,685	19,3700
98,4529	9,688	19,3750
98,5094	9,690	19,3800
98,5930	9,693	19,3850
98,6622	9,695	19,3900
98,7276	9,698	19,3950
98,8106	9,700	19,4000
98,8612	9,703	19,4050
98,9458	9,705	19,4100
99,0149	9,708	19,4150
99,0712	9,710	19,4200
99,1545	9,713	19,4250
99,2184	9,715	19,4300
99,2830	9,718	19,4350
99,3671	9,720	19,4400
99,4198	9,723	19,4450
99,5079	9,725	19,4500
99,5676	9,728	19,4550
99,6275	9,730	19,4600
99,7067	9,733	19,4650
99,7727	9,735	19,4700
99,8391	9,738	19,4750
99,9258	9,740	19,4800
99,9777	9,743	19,4850
100,0560	9,745	19,4900
100,1241	9,748	19,4950
100,1759	9,750	19,5000
100,2556	9,753	19,5050
100,3165	9,755	19,5100
100,3888	9,758	19,5150
100,4795	9,760	19,5200
100,5324	9,763	19,5250
100,6069	9,765	19,5300
100,6768	9,768	19,5350
100,7436	9,770	19,5400
100,8149	9,773	19,5450
100,8725	9,775	19,5500
100,9381	9,778	19,5550
101,0267	9,780	19,5600
101,0711	9,783	19,5650
101,1458	9,785	19,5700
101,2116	9,788	19,5750
101,2650	9,790	19,5800
101,3417	9,793	19,5850
101,4093	9,795	19,5900
101,4766	9,798	19,5950
101,5551	9,800	19,6000
101,6061	9,803	19,6050
101,6883	9,805	19,6100
101,7607	9,808	19,6150
101,8168	9,810	19,6200
101,8984	9,813	19,6250
101,9671	9,815	19,6300
102,0308	9,818	19,6350
102,1151	9,820	19,6400
102,1724	9,823	19,6450
102,2544	9,825	19,6500
102,3231	9,828	19,6550
102,3829	9,830	19,6600
102,4635	9,833	19,6650
102,5261	9,835	19,6700
102,5877	9,838	19,6750
102,6731	9,840	19,6800
102,7256	9,843	19,6850
102,8091	9,845	19,6900
102,8759	9,848	19,6950
102,9371	9,850	19,7000
103,0193	9,853	19,7050
103,0854	9,855	19,7100
103,1513	9,858	19,7150
103,2373	9,860	19,7200
103,2845	9,863	19,7250
103,3654	9,865	19,7300
103,4368	9,868	19,7350
103,4984	9,870	19,7400
103,5772	9,873	19,7450
103,6357	9,875	19,7500
103,7007	9,878	19,7550
103,7923	9,880	19,7600
103,8432	9,883	19,7650
103,9231	9,885	19,7700
103,9855	9,888	19,7750
104,0427	9,890	19,7800
104,1244	9,893	19,7850
104,1935	9,895	19,7900
104,2548	9,898	19,7950
104,3343	9,900	19,8000
104,3753	9,903	19,8050
104,4556	9,905	19,8100
104,5283	9,908	19,8150
104,5827	9,910	19,8200
104,6647	9,913	19,8250
104,7240	9,915	19,8300
104,7755	9,918	19,8350
104,8603	9,920	19,8400
104,9149	9,923	19,8450
104,9991	9,925	19,8500
105,0735	9,928	19,8550
105,1341	9,930	19,8600
105,2137	9,933	19,8650
105,2804	9,935	19,8700
105,3439	9,938	19,8750
105,4277	9,940	19,8800
105,4784	9,943	19,8850
105,5639	9,945	19,8900
105,6348	9,948	19,8950
105,6878	9,950	19,9000
105,7758	9,953	19,9050
105,8479	9,955	19,9100
105,9156	9,958	19,9150
105,9915	9,960	19,9200
106,0404	9,963	19,9250
106,1290	9,965	19,9300
106,2059	9,968	19,9350
106,2715	9,970	19,9400
106,3483	9,973	19,9450
106,4133	9,975	19,9500
106,4728	9,978	19,9550
106,5616	9,980	19,9600
106,6085	9,983	19,9650
106,6959	9,985	19,9700
106,7692	9,988	19,9750
106,8203	9,990	19,9800
106,8998	9,993	19,9850
106,9716	9,995	19,9900
107,0441	9,998	19,9950
107,1217	10,000	20,0000
107,1788	10,003	20,0050
107,2607	10,005	20,0100
107,3251	10,008	20,0150
107,3804	10,010	20,0200
107,4629	10,013	20,0250
107,5286	10,015	20,0300
107,5894	10,018	20,0350
107,6704	10,020	20,0400
107,7235	10,023	20,0450
107,8087	10,025	20,0500
107,8726	10,028	20,0550
107,9321	10,030	20,0600
108,0173	10,033	20,0650
108,0782	10,035	20,0700
108,1350	10,038	20,0750
108,2200	10,040	20,0800
108,2730	10,043	20,0850
108,3560	10,045	20,0900
108,4237	10,048	20,0950
108,4764	10,050	20,1000
108,5633	10,053	20,1050
108,6271	10,055	20,1100
108,6943	10,058	20,1150
108,7829	10,060	20,1200
108,8403	10,063	20,1250
108,9288	10,065	20,1300
108,9975	10,068	20,1350
109,0578	10,070	20,1400
109,1448	10,073	20,1450
109,2108	10,075	20,1500
109,2673	10,078	20,1550
109,3564	10,080	20,1600
109,4129	10,083	20,1650
109,5066	10,085	20,1700
109,5660	10,088	20,1750
109,6225	10,090	20,1800
109,7036	10,093	20,1850
109,7686	10,095	20,1900
109,8380	10,098	20,1950
109,9242	10,100	20,2000
109,9783	10,103	20,2050
110,0647	10,105	20,2100
110,1334	10,108	20,2150
110,1840	10,110	20,2200
110,2730	10,113	20,2250
110,3392	10,115	20,2300
110,4092	10,118	20,2350
110,4993	10,120	20,2400
110,5515	10,123	20,2450
110,6283	10,125	20,2500
110,7054	10,128	20,2550
110,7667	10,130	20,2600
110,8461	10,133	20,2650
110,9141	10,135	20,2700
110,9718	10,138	20,2750
111,0574	10,140	20,2800
111,1121	10,143	20,2850
111,1939	10,145	20,2900
111,2524	10,148	20,2950
111,3072	10,150	20,3000
111,3899	10,153	20,3050
111,4623	10,155	20,3100
111,5234	10,158	20,3150
111,6063	10,160	20,3200
111,6596	10,163	20,3250
111,7345	10,165	20,3300
111,7989	10,168	20,3350
111,8533	10,170	20,3400
111,9396	10,173	20,3450
112,0083	10,175	20,3500
112,0717	10,178	20,3550
112,1627	10,180	20,3600
112,2118	10,183	20,3650
112,2953	10,185	20,3700
112,3641	10,188	20,3750
112,4205	10,190	20,3800
112,4994	10,193	20,3850
112,5785	10,195	20,3900
112,6440	10,198	20,3950
112,7257	10,200	20,4000
112,7860	10,203	20,4050
112,8755	10,205	20,4100
112,9461	10,208	20,4150
113,0052	10,210	20,4200
113,0896	10,213	20,4250
113,1620	10,215	20,4300
113,2236	10,218	20,4350
113,3016	10,220	20,4400
113,3602	10,223	20,4450
113,4480	10,225	20,4500
113,5130	10,228	20,4550
113,5735	10,230	20,4600
113,6537	10,233	20,4650
113,7199	10,235	20,4700
113,7832	10,238	20,4750
113,8745	10,240	20,4800
113,9305	10,243	20,4850
114,0165	10,245	20,4900
114,0790	10,248	20,4950
114,1442	10,250	20,5000
114,2261	10,253	20,5050
114,2912	10,255	20,5100
114,3575	10,258	20,5150
114,4400	10,260	20,5200
114,4972	10,263	20,5250
114,5812	10,265	20,5300
114,6431	10,268	20,5350
114,7019	10,270	20,5400
114,7856	10,273	20,5450
114,8518	10,275	20,5500
114,9105	10,278	20,5550
115,0065	10,280	20,5600
115,0522	10,283	20,5650
115,1273	10,285	20,5700
115,2012	10,288	20,5750
115,2585	10,290	20,5800
115,3336	10,293	20,5850
115,3921	10,295	20,5900
115,4571	10,298	20,5950
115,5449	10,300	20,6000
115,5950	10,303	20,6050
115,6802	10,305	20,6100
115,7579	10,308	20,6150
115,8178	10,310	20,6200
115,9069	10,313	20,6250
115,9875	10,315	20,6300
116,0602	10,318	20,6350
116,1451	10,320	20,6400
116,1990	10,323	20,6450
116,2892	10,325	20,6500
116,3585	10,328	20,6550
116,4118	10,330	20,6600
116,4916	10,333	20,6650
116,5609	10,335	20,6700
116,6245	10,338	20,6750
116,7124	10,340	20,6800
116,7724	10,343	20,6850
116,8604	10,345	20,6900
116,9294	10,348	20,6950
116,9829	10,350	20,7000
117,0733	10,353	20,7050
117,1448	10,355	20,7100
117,2140	10,358	20,7150
117,2945	10,360	20,7200
117,3504	10,363	20,7250
117,4274	10,365	20,7300
117,4980	10,368	20,7350
117,5600	10,370	20,7400
117,6420	10,373	20,7450
117,7086	10,375	20,7500
117,7720	10,378	20,7550
117,8577	10,380	20,7600
117,9114	10,383	20,7650
117,9971	10,385	20,7700
118,0591	10,388	20,7750
118,1202	10,390	20,7800
118,2077	10,393	20,7850
118,2709	10,395	20,7900
118,3340	10,398	20,7950
118,4202	10,400	20,8000
118,4846	10,403	20,8050
118,5723	10,405	20,8100
118,6381	10,408	20,8150
118,6945	10,410	20,8200
118,7738	10,413	20,8250
118,8409	10,415	20,8300
118,9072	10,418	20,8350
118,9934	10,420	20,8400
119,0338	10,423	20,8450
119,1241	10,425	20,8500
119,1985	10,428	20,8550
119,2578	10,430	20,8600
119,3424	10,433	20,8650
119,4106	10,435	20,8700
119,4658	10,438	20,8750
119,5579	10,440	20,8800
119,6212	10,443	20,8850
119,7070	10,445	20,8900
119,7739	10,448	20,8950
119,8326	10,450	20,9000
119,9221	10,453	20,9050
119,9895	10,455	20,9100
120,0634	10,458	20,9150
120,1554	10,460	20,9200
120,2093	10,463	20,9250
120,2926	10,465	20,9300
120,3535	10,468	20,9350
120,4129	10,470	20,9400
120,4955	10,473	20,9450
120,5731	10,475	20,9500
120,6371	10,478	20,9550
120,7352	10,480	20,9600
120,7863	10,483	20,9650
120,8693	10,485	20,9700
120,9289	10,488	20,9750
120,9884	10,490	20,9800
121,0745	10,493	20,9850
121,1493	10,495	20,9900
121,2136	10,498	20,9950
121,2984	10,500	21,0000
121,3587	10,503	21,0050
121,4436	10,505	21,0100
121,5124	10,508	21,0150
121,5690	10,510	21,0200
121,6515	10,513	21,0250
121,7140	10,515	21,0300
121,7796	10,518	21,0350
121,8687	10,520	21,0400
121,9266	10,523	21,0450
122,0121	10,525	21,0500
122,0750	10,528	21,0550
122,1308	10,530	21,0600
122,2101	10,533	21,0650
122,2816	10,535	21,0700
122,3414	10,538	21,0750
122,4218	10,540	21,0800
122,4773	10,543	21,0850
122,5635	10,545	21,0900
122,6392	10,548	21,0950
122,6920	10,550	21,1000
122,7830	10,553	21,1050
122,8508	10,555	21,1100
122,9232	10,558	21,1150
123,0059	10,560	21,1200
123,0694	10,563	21,1250
123,1533	10,565	21,1300
123,2272	10,568	21,1350
123,2829	10,570	21,1400
123,3667	10,573	21,1450
123,4414	10,575	21,1500
123,5047	10,578	21,1550
123,5957	10,580	21,1600
123,6484	10,583	21,1650
123,7355	10,585	21,1700
123,8045	10,588	21,1750
123,8646	10,590	21,1800
123,9409	10,593	21,1850
124,0101	10,595	21,1900
124,0871	10,598	21,1950
124,1773	10,600	21,2000
124,2395	10,603	21,2050
124,3146	10,605	21,2100
124,3837	10,608	21,2150
124,4453	10,610	21,2200
124,5413	10,613	21,2250
124,6072	10,615	21,2300
124,6637	10,618	21,2350
124,7515	10,620	21,2400
124,8105	10,623	21,2450
124,8996	10,625	21,2500
124,9667	10,628	21,2550
125,0279	10,630	21,2600
125,1089	10,633	21,2650
125,1730	10,635	21,2700
125,2322	10,638	21,2750
125,3223	10,640	21,2800
125,3784	10,643	21,2850
125,4633	10,645	21,2900
125,5263	10,648	21,2950
125,5824	10,650	21,3000
125,6704	10,653	21,3050
125,7387	10,655	21,3100
125,8016	10,658	21,3150
125,8870	10,660	21,3200
125,9372	10,663	21,3250
126,0148	10,665	21,3300
126,0853	10,668	21,3350
126,1488	10,670	21,3400
126,2365	10,673	21,3450
126,3083	10,675	21,3500
126,3764	10,678	21,3550
126,4662	10,680	21,3600
126,5193	10,683	21,3650
126,6034	10,685	21,3700
126,6756	10,688	21,3750
126,7365	10,690	21,3800
126,8224	10,693	21,3850
126,8986	10,695	21,3900
126,9683	10,698	21,3950
127,0577	10,700	21,4000
127,1121	10,703	21,4050
127,1979	10,705	21,4100
127,2646	10,708	21,4150
127,3290	10,710	21,4200
127,4179	10,713	21,4250
127,4835	10,715	21,4300
127,5514	10,718	21,4350
127,6532	10,720	21,4400
127,7180	10,723	21,4450
127,7973	10,725	21,4500
127,8654	10,728	21,4550
127,9277	10,730	21,4600
128,0092	10,733	21,4650
128,0757	10,735	21,4700
128,1499	10,738	21,4750
128,2438	10,740	21,4800
128,2976	10,743	21,4850
128,3779	10,745	21,4900
128,4482	10,748	21,4950
128,5019	10,750	21,5000
128,5947	10,753	21,5050
128,6658	10,755	21,5100
128,7276	10,758	21,5150
128,8089	10,760	21,5200
128,8804	10,763	21,5250
128,9656	10,765	21,5300
129,0304	10,768	21,5350
129,0926	10,770	21,5400
129,1749	10,773	21,5450
129,2451	10,775	21,5500
129,3092	10,778	21,5550
129,4031	10,780	21,5600
129,4555	10,783	21,5650
129,5435	10,785	21,5700
129,6106	10,788	21,5750
129,6650	10,790	21,5800
129,7436	10,793	21,5850
129,8178	10,795	21,5900
129,8822	10,798	21,5950
129,9638	10,800	21,6000
130,0295	10,803	21,6050
130,1155	10,805	21,6100
130,1864	10,808	21,6150
130,2413	10,810	21,6200
130,3205	10,813	21,6250
130,3907	10,815	21,6300
130,4602	10,818	21,6350
130,5535	10,820	21,6400
130,6093	10,823	21,6450
130,6979	10,825	21,6500
130,7586	10,828	21,6550
130,8172	10,830	21,6600
130,9062	10,833	21,6650
130,9841	10,835	21,6700
131,0537	10,838	21,6750
131,1470	10,840	21,6800
131,2020	10,843	21,6850
131,2856	10,845	21,6900
131,3505	10,848	21,6950
131,4145	10,850	21,7000
131,4974	10,853	21,7050
131,5647	10,855	21,7100
131,6403	10,858	21,7150
131,7324	10,860	21,7200
131,7921	10,863	21,7250
131,8708	10,865	21,7300
131,9364	10,868	21,7350
132,0008	10,870	21,7400
132,0851	10,873	21,7450
132,1497	10,875	21,7500
132,2155	10,878	21,7550
132,3127	10,880	21,7600
132,3662	10,883	21,7650
132,4500	10,885	21,7700
132,5239	10,888	21,7750
132,5864	10,890	21,7800
132,6653	10,893	21,7850
132,7353	10,895	21,7900
132,8013	10,898	21,7950
132,8875	10,900	21,8000
132,9408	10,903	21,8050
133,0204	10,905	21,8100
133,0996	10,908	21,8150
133,1665	10,910	21,8200
133,2442	10,913	21,8250
133,3128	10,915	21,8300
133,3810	10,918	21,8350
133,4703	10,920	21,8400
133,5285	10,923	21,8450
133,6066	10,925	21,8500
133,6753	10,928	21,8550
133,7465	10,930	21,8600
133,8324	10,933	21,8650
133,9028	10,935	21,8700
133,9640	10,938	21,8750
134,0514	10,940	21,8800
134,1129	10,943	21,8850
134,1999	10,945	21,8900
134,2742	10,948	21,8950
134,3351	10,950	21,9000
134,4215	10,953	21,9050
134,4937	10,955	21,9100
134,5689	10,958	21,9150
134,6604	10,960	21,9200
134,7173	10,963	21,9250
134,7986	10,965	21,9300
134,8653	10,968	21,9350
134,9274	10,970	21,9400
135,0074	10,973	21,9450
135,0826	10,975	21,9500
135,1434	10,978	21,9550
135,2347	10,980	21,9600
135,2912	10,983	21,9650
135,3817	10,985	21,9700
135,4487	10,988	21,9750
135,5108	10,990	21,9800
135,5977	10,993	21,9850
135,6644	10,995	21,9900
135,7363	10,998	21,9950
135,8245	11,000	22,0000
135,8883	11,003	22,0050
135,9736	11,005	22,0100
136,0420	11,008	22,0150
136,0988	11,010	22,0200
136,1852	11,013	22,0250
136,2575	11,015	22,0300
136,3228	11,018	22,0350
136,4196	11,020	22,0400
136,4675	11,023	22,0450
136,5548	11,025	22,0500
136,6259	11,028	22,0550
136,6907	11,030	22,0600
136,7760	11,033	22,0650
136,8447	11,035	22,0700
136,9199	11,038	22,0750
137,0114	11,040	22,0800
137,0689	11,043	22,0850
137,1459	11,045	22,0900
137,2173	11,048	22,0950
137,2731	11,050	22,1000
137,3567	11,053	22,1050
137,4269	11,055	22,1100
137,4979	11,058	22,1150
137,5878	11,060	22,1200
137,6462	11,063	22,1250
137,7376	11,065	22,1300
137,8049	11,068	22,1350
137,8695	11,070	22,1400
137,9526	11,073	22,1450
138,0241	11,075	22,1500
138,0824	11,078	22,1550
138,1801	11,080	22,1600
138,2383	11,083	22,1650
138,3285	11,085	22,1700
138,3984	11,088	22,1750
138,4626	11,090	22,1800
138,5475	11,093	22,1850
138,6251	11,095	22,1900
138,6955	11,098	22,1950
138,7877	11,100	22,2000
138,8509	11,103	22,2050
138,9312	11,105	22,2100
138,9991	11,108	22,2150
139,0591	11,110	22,2200
139,1466	11,113	22,2250
139,2275	11,115	22,2300
139,3065	11,118	22,2350
139,3967	11,120	22,2400
139,4456	11,123	22,2450
139,5264	11,125	22,2500
139,6034	11,128	22,2550
139,6710	11,130	22,2600
139,7564	11,133	22,2650
139,8344	11,135	22,2700
139,8968	11,138	22,2750
139,9811	11,140	22,2800
140,0457	11,143	22,2850
140,1333	11,145	22,2900
140,2076	11,148	22,2950
140,2606	11,150	22,3000
140,3478	11,153	22,3050
140,4167	11,155	22,3100
140,4900	11,158	22,3150
140,5757	11,160	22,3200
140,6341	11,163	22,3250
140,7235	11,165	22,3300
140,7955	11,168	22,3350
140,8630	11,170	22,3400
140,9451	11,173	22,3450
141,0137	11,175	22,3500
141,0865	11,178	22,3550
141,1772	11,180	22,3600
141,2278	11,183	22,3650
141,3217	11,185	22,3700
141,3983	11,188	22,3750
141,4594	11,190	22,3800
141,5435	11,193	22,3850
141,6219	11,195	22,3900
141,7021	11,198	22,3950
141,7826	11,200	22,4000
141,8440	11,203	22,4050
141,9291	11,205	22,4100
142,0048	11,208	22,4150
142,0702	11,210	22,4200
142,1608	11,213	22,4250
142,2412	11,215	22,4300
142,3058	11,218	22,4350
142,3876	11,220	22,4400
142,4481	11,223	22,4450
142,5521	11,225	22,4500
142,6263	11,228	22,4550
142,6868	11,230	22,4600
142,7729	11,233	22,4650
142,8450	11,235	22,4700
142,9111	11,238	22,4750
143,0047	11,240	22,4800
143,0746	11,243	22,4850
143,1602	11,245	22,4900
143,2343	11,248	22,4950
143,2912	11,250	22,5000
143,3734	11,253	22,5050
143,4491	11,255	22,5100
143,5267	11,258	22,5150
143,6107	11,260	22,5200
143,6663	11,263	22,5250
143,7539	11,265	22,5300
143,8315	11,268	22,5350
143,8902	11,270	22,5400
143,9717	11,273	22,5450
144,0499	11,275	22,5500
144,1153	11,278	22,5550
144,2013	11,280	22,5600
144,2652	11,283	22,5650
144,3567	11,285	22,5700
144,4252	11,288	22,5750
144,4919	11,290	22,5800
144,5697	11,293	22,5850
144,6436	11,295	22,5900
144,7123	11,298	22,5950
144,8084	11,300	22,6000
144,8662	11,303	22,6050
144,9473	11,305	22,6100
145,0280	11,308	22,6150
145,0933	11,310	22,6200
145,1786	11,313	22,6250
145,2499	11,315	22,6300
145,3222	11,318	22,6350
145,4114	11,320	22,6400
145,4686	11,323	22,6450
145,5611	11,325	22,6500
145,6371	11,328	22,6550
145,7006	11,330	22,6600
145,7820	11,333	22,6650
145,8580	11,335	22,6700
145,9351	11,338	22,6750
146,0273	11,340	22,6800
146,0806	11,343	22,6850
146,1626	11,345	22,6900
146,2380	11,348	22,6950
146,3034	11,350	22,7000
146,3855	11,353	22,7050
146,4616	11,355	22,7100
146,5378	11,358	22,7150
146,6251	11,360	22,7200
146,6902	11,363	22,7250
146,7783	11,365	22,7300
146,8522	11,368	22,7350
146,9166	11,370	22,7400
147,0008	11,373	22,7450
147,0677	11,375	22,7500
147,1330	11,378	22,7550
147,2214	11,380	22,7600
147,2842	11,383	22,7650
147,3809	11,385	22,7700
147,4444	11,388	22,7750
147,5058	11,390	22,7800
147,5948	11,393	22,7850
147,6655	11,395	22,7900
147,7341	11,398	22,7950
147,8244	11,400	22,8000
147,8879	11,403	22,8050
147,9705	11,405	22,8100
148,0419	11,408	22,8150
148,1021	11,410	22,8200
148,1840	11,413	22,8250
148,2550	11,415	22,8300
148,3292	11,418	22,8350
148,4172	11,420	22,8400
148,4762	11,423	22,8450
148,5681	11,425	22,8500
148,6425	11,428	22,8550
148,7024	11,430	22,8600
148,7872	11,433	22,8650
148,8609	11,435	22,8700
148,9356	11,438	22,8750
149,0244	11,440	22,8800
149,0859	11,443	22,8850
149,1829	11,445	22,8900
149,2591	11,448	22,8950
149,3198	11,450	22,9000
149,4118	11,453	22,9050
149,4888	11,455	22,9100
149,5632	11,458	22,9150
149,6499	11,460	22,9200
149,7151	11,463	22,9250
149,7938	11,465	22,9300
149,8729	11,468	22,9350
149,9415	11,470	22,9400
150,0261	11,473	22,9450
150,0951	11,475	22,9500
150,1647	11,478	22,9550
150,2562	11,480	22,9600
150,3236	11,483	22,9650
150,4104	11,485	22,9700
150,4805	11,488	22,9750
150,5485	11,490	22,9800
150,6348	11,493	22,9850
150,7117	11,495	22,9900
150,7794	11,498	22,9950
150,8667	11,500	23,0000
150,9267	11,503	23,0050
151,0128	11,505	23,0100
151,0832	11,508	23,0150
151,1459	11,510	23,0200
151,2342	11,513	23,0250
151,3146	11,515	23,0300
151,3884	11,518	23,0350
151,4729	11,520	23,0400
151,5381	11,523	23,0450
151,6271	11,525	23,0500
151,6987	11,528	23,0550
151,7621	11,530	23,0600
151,8451	11,533	23,0650
151,9190	11,535	23,0700
151,9912	11,538	23,0750
152,0802	11,540	23,0800
152,1481	11,543	23,0850
152,2391	11,545	23,0900
152,3143	11,548	23,0950
152,3736	11,550	23,1000
152,4641	11,553	23,1050
152,5295	11,555	23,1100
152,6030	11,558	23,1150
152,7002	11,560	23,1200
152,7709	11,563	23,1250
152,8631	11,565	23,1300
152,9316	11,568	23,1350
152,9934	11,570	23,1400
153,0710	11,573	23,1450
153,1504	11,575	23,1500
153,2252	11,578	23,1550
153,3154	11,580	23,1600
153,3769	11,583	23,1650
153,4755	11,585	23,1700
153,5555	11,588	23,1750
153,6238	11,590	23,1800
153,7080	11,593	23,1850
153,7801	11,595	23,1900
153,8558	11,598	23,1950
153,9466	11,600	23,2000
154,0157	11,603	23,2050
154,1047	11,605	23,2100
154,1845	11,608	23,2150
154,2500	11,610	23,2200
154,3302	11,613	23,2250
154,4020	11,615	23,2300
154,4717	11,618	23,2350
154,5554	11,620	23,2400
154,6141	11,623	23,2450
154,7104	11,625	23,2500
154,7891	11,628	23,2550
154,8551	11,630	23,2600
154,9352	11,633	23,2650
155,0137	11,635	23,2700
155,0849	11,638	23,2750
155,1822	11,640	23,2800
155,2429	11,643	23,2850
155,3243	11,645	23,2900
155,3945	11,648	23,2950
155,4579	11,650	23,3000
155,5390	11,653	23,3050
155,6087	11,655	23,3100
155,6881	11,658	23,3150
155,7747	11,660	23,3200
155,8347	11,663	23,3250
155,9233	11,665	23,3300
156,0055	11,668	23,3350
156,0782	11,670	23,3400
156,1591	11,673	23,3450
156,2402	11,675	23,3500
156,3167	11,678	23,3550
156,4154	11,680	23,3600
156,4675	11,683	23,3650
156,5614	11,685	23,3700
156,6448	11,688	23,3750
156,7047	11,690	23,3800
156,7883	11,693	23,3850
156,8720	11,695	23,3900
156,9520	11,698	23,3950
157,0349	11,700	23,4000
157,0945	11,703	23,4050
157,1783	11,705	23,4100
157,2609	11,708	23,4150
157,3276	11,710	23,4200
157,4182	11,713	23,4250
157,4942	11,715	23,4300
157,5664	11,718	23,4350
157,6553	11,720	23,4400
157,7178	11,723	23,4450
157,8111	11,725	23,4500
157,8857	11,728	23,4550
157,9595	11,730	23,4600
158,0388	11,733	23,4650
158,1132	11,735	23,4700
158,1869	11,738	23,4750
158,2759	11,740	23,4800
158,3471	11,743	23,4850
158,4349	11,745	23,4900
158,5108	11,748	23,4950
158,5729	11,750	23,5000
158,6614	11,753	23,5050
158,7331	11,755	23,5100
158,8057	11,758	23,5150
158,8901	11,760	23,5200
158,9538	11,763	23,5250
159,0485	11,765	23,5300
159,1203	11,768	23,5350
159,1786	11,770	23,5400
159,2684	11,773	23,5450
159,3490	11,775	23,5500
159,4194	11,778	23,5550
159,5096	11,780	23,5600
159,5663	11,783	23,5650
159,6608	11,785	23,5700
159,7369	11,788	23,5750
159,8034	11,790	23,5800
159,8932	11,793	23,5850
159,9698	11,795	23,5900
160,0457	11,798	23,5950
160,1437	11,800	23,6000
160,2140	11,803	23,6050
160,3052	11,805	23,6100
160,3815	11,808	23,6150
160,4432	11,810	23,6200
160,5315	11,813	23,6250
160,6053	11,815	23,6300
160,6742	11,818	23,6350
160,7689	11,820	23,6400
160,8375	11,823	23,6450
160,9278	11,825	23,6500
160,9978	11,828	23,6550
161,0651	11,830	23,6600
161,1546	11,833	23,6650
161,2326	11,835	23,6700
161,3062	11,838	23,6750
161,3926	11,840	23,6800
161,4586	11,843	23,6850
161,5567	11,845	23,6900
161,6315	11,848	23,6950
161,6930	11,850	23,7000
161,7832	11,853	23,7050
161,8643	11,855	23,7100
161,9329	11,858	23,7150
162,0201	11,860	23,7200
162,0809	11,863	23,7250
162,1668	11,865	23,7300
162,2393	11,868	23,7350
162,3126	11,870	23,7400
162,3991	11,873	23,7450
162,4793	11,875	23,7500
162,5461	11,878	23,7550
162,6378	11,880	23,7600
162,7081	11,883	23,7650
162,8013	11,885	23,7700
162,8701	11,888	23,7750
162,9363	11,890	23,7800
163,0167	11,893	23,7850
163,0963	11,895	23,7900
163,1660	11,898	23,7950
163,2551	11,900	23,8000
163,3217	11,903	23,8050
163,4092	11,905	23,8100
163,4832	11,908	23,8150
163,5548	11,910	23,8200
163,6432	11,913	23,8250
163,7186	11,915	23,8300
163,7907	11,918	23,8350
163,8734	11,920	23,8400
163,9440	11,923	23,8450
164,0447	11,925	23,8500
164,1217	11,928	23,8550
164,1871	11,930	23,8600
164,2700	11,933	23,8650
164,3473	11,935	23,8700
164,4224	11,938	23,8750
164,5157	11,940	23,8800
164,5747	11,943	23,8850
164,6617	11,945	23,8900
164,7423	11,948	23,8950
164,8121	11,950	23,9000
164,9009	11,953	23,9050
164,9735	11,955	23,9100
165,0499	11,958	23,9150
165,1395	11,960	23,9200
165,2138	11,963	23,9250
165,3037	11,965	23,9300
165,3779	11,968	23,9350
165,4428	11,970	23,9400
165,5357	11,973	23,9450
165,6166	11,975	23,9500
165,6918	11,978	23,9550
165,7878	11,980	23,9600
165,8498	11,983	23,9650
165,9355	11,985	23,9700
166,0096	11,988	23,9750
166,0860	11,990	23,9800
166,1746	11,993	23,9850
166,2477	11,995	23,9900
166,3226	11,998	23,9950
166,4147	12,000	24,0000
166,4806	12,003	24,0050
166,5709	12,005	24,0100
166,6480	12,008	24,0150
166,7083	12,010	24,0200
166,7925	12,013	24,0250
166,8687	12,015	24,0300
166,9436	12,018	24,0350
167,0380	12,020	24,0400
167,1008	12,023	24,0450
167,1866	12,025	24,0500
167,2623	12,028	24,0550
167,3352	12,030	24,0600
167,4135	12,033	24,0650
167,4817	12,035	24,0700
167,5612	12,038	24,0750
167,6631	12,040	24,0800
167,7350	12,043	24,0850
167,8231	12,045	24,0900
167,8964	12,048	24,0950
167,9649	12,050	24,1000
168,0527	12,053	24,1050
168,1336	12,055	24,1100
168,2127	12,058	24,1150
168,3111	12,060	24,1200
168,3724	12,063	24,1250
168,4631	12,065	24,1300
168,5464	12,068	24,1350
168,6134	12,070	24,1400
168,6993	12,073	24,1450
168,7785	12,075	24,1500
168,8577	12,078	24,1550
168,9592	12,080	24,1600
169,0236	12,083	24,1650
169,1095	12,085	24,1700
169,1821	12,088	24,1750
169,2529	12,090	24,1800
169,3378	12,093	24,1850
169,4176	12,095	24,1900
169,4931	12,098	24,1950
169,5878	12,100	24,2000
169,6530	12,103	24,2050
169,7459	12,105	24,2100
169,8248	12,108	24,2150
169,8963	12,110	24,2200
169,9827	12,113	24,2250
170,0547	12,115	24,2300
170,1305	12,118	24,2350
170,2273	12,120	24,2400
170,2936	12,123	24,2450
170,3858	12,125	24,2500
170,4568	12,128	24,2550
170,5222	12,130	24,2600
170,6102	12,133	24,2650
170,6888	12,135	24,2700
170,7675	12,138	24,2750
170,8548	12,140	24,2800
170,9150	12,143	24,2850
171,0066	12,145	24,2900
171,0831	12,148	24,2950
171,1476	12,150	24,3000
171,2429	12,153	24,3050
171,3136	12,155	24,3100
171,3861	12,158	24,3150
171,4766	12,160	24,3200
171,5483	12,163	24,3250
171,6429	12,165	24,3300
171,7239	12,168	24,3350
171,7916	12,170	24,3400
171,8762	12,173	24,3450
171,9606	12,175	24,3500
172,0362	12,178	24,3550
172,1326	12,180	24,3600
172,1946	12,183	24,3650
172,2872	12,185	24,3700
172,3680	12,188	24,3750
172,4413	12,190	24,3800
172,5273	12,193	24,3850
172,6067	12,195	24,3900
172,6845	12,198	24,3950
172,7787	12,200	24,4000
172,8556	12,203	24,4050
172,9438	12,205	24,4100
173,0201	12,208	24,4150
173,0881	12,210	24,4200
173,1750	12,213	24,4250
173,2498	12,215	24,4300
173,3230	12,218	24,4350
173,4142	12,220	24,4400
173,4780	12,223	24,4450
173,5751	12,225	24,4500
173,6545	12,228	24,4550
173,7315	12,230	24,4600
173,8194	12,233	24,4650
173,8931	12,235	24,4700
173,9690	12,238	24,4750
174,0651	12,240	24,4800
174,1371	12,243	24,4850
174,2241	12,245	24,4900
174,2978	12,248	24,4950
174,3631	12,250	24,5000
174,4546	12,253	24,5050
174,5349	12,255	24,5100
174,6169	12,258	24,5150
174,7030	12,260	24,5200
174,7730	12,263	24,5250
174,8627	12,265	24,5300
174,9340	12,268	24,5350
175,0025	12,270	24,5400
175,1001	12,273	24,5450
175,1843	12,275	24,5500
175,2545	12,278	24,5550
175,3466	12,280	24,5600
175,4085	12,283	24,5650
175,4978	12,285	24,5700
175,5737	12,288	24,5750
175,6517	12,290	24,5800
175,7464	12,293	24,5850
175,8304	12,295	24,5900
175,9059	12,298	24,5950
175,9950	12,300	24,6000
176,0605	12,303	24,6050
176,1480	12,305	24,6100
176,2303	12,308	24,6150
176,2946	12,310	24,6200
176,3856	12,313	24,6250
176,4593	12,315	24,6300
176,5475	12,318	24,6350
176,6436	12,320	24,6400
176,7164	12,323	24,6450
176,8075	12,325	24,6500
176,8814	12,328	24,6550
176,9462	12,330	24,6600
177,0353	12,333	24,6650
177,1141	12,335	24,6700
177,1962	12,338	24,6750
177,2909	12,340	24,6800
177,3569	12,343	24,6850
177,4451	12,345	24,6900
177,5295	12,348	24,6950
177,5950	12,350	24,7000
177,6842	12,353	24,7050
177,7608	12,355	24,7100
177,8373	12,358	24,7150
177,9234	12,360	24,7200
178,0003	12,363	24,7250
178,0946	12,365	24,7300
178,1746	12,368	24,7350
178,2386	12,370	24,7400
178,3275	12,373	24,7450
178,4093	12,375	24,7500
178,4789	12,378	24,7550
178,5722	12,380	24,7600
178,6355	12,383	24,7650
178,7291	12,385	24,7700
178,8038	12,388	24,7750
178,8735	12,390	24,7800
178,9599	12,393	24,7850
179,0409	12,395	24,7900
179,1174	12,398	24,7950
179,2062	12,400	24,8000
179,2720	12,403	24,8050
179,3636	12,405	24,8100
179,4476	12,408	24,8150
179,5201	12,410	24,8200
179,6117	12,413	24,8250
179,6918	12,415	24,8300
179,7714	12,418	24,8350
179,8661	12,420	24,8400
179,9425	12,423	24,8450
180,0366	12,425	24,8500
180,1156	12,428	24,8550
180,1904	12,430	24,8600
180,2756	12,433	24,8650
180,3561	12,435	24,8700
180,4393	12,438	24,8750
180,5311	12,440	24,8800
180,6025	12,443	24,8850
180,7016	12,445	24,8900
180,7775	12,448	24,8950
180,8483	12,450	24,9000
180,9445	12,453	24,9050
181,0242	12,455	24,9100
181,1010	12,458	24,9150
181,1895	12,460	24,9200
181,2585	12,463	24,9250
181,3516	12,465	24,9300
181,4283	12,468	24,9350
181,5043	12,470	24,9400
181,5993	12,473	24,9450
181,6772	12,475	24,9500
181,7568	12,478	24,9550
181,8506	12,480	24,9600
181,9194	12,483	24,9650
182,0159	12,485	24,9700
182,0906	12,488	24,9750
182,1625	12,490	24,9800
182,2487	12,493	24,9850
182,3321	12,495	24,9900
182,4098	12,498	24,9950
182,4981	12,500	25,0000
182,5660	12,503	25,0050
182,6667	12,505	25,0100
182,7442	12,508	25,0150
182,8039	12,510	25,0200
182,8965	12,513	25,0250
182,9828	12,515	25,0300
183,0627	12,518	25,0350
183,1565	12,520	25,0400
183,2196	12,523	25,0450
183,3100	12,525	25,0500
183,3876	12,528	25,0550
183,4668	12,530	25,0600
183,5502	12,533	25,0650
183,6254	12,535	25,0700
183,7046	12,538	25,0750
183,8102	12,540	25,0800
183,8834	12,543	25,0850
183,9780	12,545	25,0900
184,0583	12,548	25,0950
184,1226	12,550	25,1000
184,2145	12,553	25,1050
184,2909	12,555	25,1100
184,3811	12,558	25,1150
184,4805	12,560	25,1200
184,5535	12,563	25,1250
184,6379	12,565	25,1300
184,7188	12,568	25,1350
184,7991	12,570	25,1400
184,8930	12,573	25,1450
184,9732	12,575	25,1500
185,0504	12,578	25,1550
185,1441	12,580	25,1600
185,2023	12,583	25,1650
185,2976	12,585	25,1700
185,3833	12,588	25,1750
185,4581	12,590	25,1800
185,5482	12,593	25,1850
185,6315	12,595	25,1900
185,7120	12,598	25,1950
185,8093	12,600	25,2000
185,8779	12,603	25,2050
185,9679	12,605	25,2100
186,0494	12,608	25,2150
186,1106	12,610	25,2200
186,1988	12,613	25,2250
186,2842	12,615	25,2300
186,3703	12,618	25,2350
186,4665	12,620	25,2400
186,5304	12,623	25,2450
186,6226	12,625	25,2500
186,6920	12,628	25,2550
186,7656	12,630	25,2600
186,8618	12,633	25,2650
186,9437	12,635	25,2700
187,0221	12,638	25,2750
187,1220	12,640	25,2800
187,1920	12,643	25,2850
187,2891	12,645	25,2900
187,3605	12,648	25,2950
187,4231	12,650	25,3000
187,5163	12,653	25,3050
187,5945	12,655	25,3100
187,6725	12,658	25,3150
187,7675	12,660	25,3200
187,8373	12,663	25,3250
187,9330	12,665	25,3300
188,0112	12,668	25,3350
188,0885	12,670	25,3400
188,1812	12,673	25,3450
188,2683	12,675	25,3500
188,3518	12,678	25,3550
188,4544	12,680	25,3600
188,5291	12,683	25,3650
188,6269	12,685	25,3700
188,7141	12,688	25,3750
188,7838	12,690	25,3800
188,8678	12,693	25,3850
188,9555	12,695	25,3900
189,0415	12,698	25,3950
189,1322	12,700	25,4000
189,1953	12,703	25,4050
189,2839	12,705	25,4100
189,3691	12,708	25,4150
189,4429	12,710	25,4200
189,5338	12,713	25,4250
189,6140	12,715	25,4300
189,7056	12,718	25,4350
189,8014	12,720	25,4400
189,8680	12,723	25,4450
189,9587	12,725	25,4500
190,0415	12,728	25,4550
190,1178	12,730	25,4600
190,2045	12,733	25,4650
190,2856	12,735	25,4700
190,3636	12,738	25,4750
190,4517	12,740	25,4800
190,5164	12,743	25,4850
190,6087	12,745	25,4900
190,6923	12,748	25,4950
190,7708	12,750	25,5000
190,8630	12,753	25,5050
190,9420	12,755	25,5100
191,0204	12,758	25,5150
191,1105	12,760	25,5200
191,1786	12,763	25,5250
191,2747	12,765	25,5300
191,3581	12,768	25,5350
191,4325	12,770	25,5400
191,5204	12,773	25,5450
191,6040	12,775	25,5500
191,6766	12,778	25,5550
191,7692	12,780	25,5600
191,8389	12,783	25,5650
191,9316	12,785	25,5700
192,0147	12,788	25,5750
192,1015	12,790	25,5800
192,2008	12,793	25,5850
192,2779	12,795	25,5900
192,3543	12,798	25,5950
192,4449	12,800	25,6000
192,5187	12,803	25,6050
192,6158	12,805	25,6100
192,7031	12,808	25,6150
192,7769	12,810	25,6200
192,8708	12,813	25,6250
192,9562	12,815	25,6300
193,0344	12,818	25,6350
193,1285	12,820	25,6400
193,1991	12,823	25,6450
193,2949	12,825	25,6500
193,3774	12,828	25,6550
193,4549	12,830	25,6600
193,5461	12,833	25,6650
193,6241	12,835	25,6700
193,7074	12,838	25,6750
193,8106	12,840	25,6800
193,8905	12,843	25,6850
193,9815	12,845	25,6900
194,0586	12,848	25,6950
194,1263	12,850	25,7000
194,2177	12,853	25,7050
194,3027	12,855	25,7100
194,3865	12,858	25,7150
194,4843	12,860	25,7200
194,5547	12,863	25,7250
194,6417	12,865	25,7300
194,7219	12,868	25,7350
194,7921	12,870	25,7400
194,8856	12,873	25,7450
194,9718	12,875	25,7500
195,0482	12,878	25,7550
195,1443	12,880	25,7600
195,2134	12,883	25,7650
195,3109	12,885	25,7700
195,3874	12,888	25,7750
195,4602	12,890	25,7800
195,5510	12,893	25,7850
195,6303	12,895	25,7900
195,7042	12,898	25,7950
195,8001	12,900	25,8000
195,8719	12,903	25,8050
195,9724	12,905	25,8100
196,0521	12,908	25,8150
196,1210	12,910	25,8200
196,2100	12,913	25,8250
196,2866	12,915	25,8300
196,3706	12,918	25,8350
196,4775	12,920	25,8400
196,5577	12,923	25,8450
196,6491	12,925	25,8500
196,7294	12,928	25,8550
196,8025	12,930	25,8600
196,8931	12,933	25,8650
196,9772	12,935	25,8700
197,0640	12,938	25,8750
197,1602	12,940	25,8800
197,2320	12,943	25,8850
197,3269	12,945	25,8900
197,4132	12,948	25,8950
197,4893	12,950	25,9000
197,5786	12,953	25,9050
197,6601	12,955	25,9100
197,7470	12,958	25,9150
197,8398	12,960	25,9200
197,9123	12,963	25,9250
198,0093	12,965	25,9300
198,0867	12,968	25,9350
198,1576	12,970	25,9400
198,2470	12,973	25,9450
198,3317	12,975	25,9500
198,4074	12,978	25,9550
198,5063	12,980	25,9600
198,5771	12,983	25,9650
198,6782	12,985	25,9700
198,7588	12,988	25,9750
198,8373	12,990	25,9800
198,9333	12,993	25,9850
199,0152	12,995	25,9900
199,0983	12,998	25,9950
199,2003	13,000	26,0000
199,2754	13,003	26,0050
199,3647	13,005	26,0100
199,4435	13,008	26,0150
199,5195	13,010	26,0200
199,6159	13,013	26,0250
199,7060	13,015	26,0300
199,7780	13,018	26,0350
199,8715	13,020	26,0400
199,9317	13,023	26,0450
200,0272	13,025	26,0500
200,1151	13,028	26,0550
200,1970	13,030	26,0600
200,2882	13,033	26,0650
200,3749	13,035	26,0700
200,4597	13,038	26,0750
200,5612	13,040	26,0800
200,6367	13,043	26,0850
200,7335	13,045	26,0900
200,8220	13,048	26,0950
200,8906	13,050	26,1000
200,9802	13,053	26,1050
201,0619	13,055	26,1100
201,1457	13,058	26,1150
201,2412	13,060	26,1200
201,3107	13,063	26,1250
201,4012	13,065	26,1300
201,4925	13,068	26,1350
201,5784	13,070	26,1400
201,6666	13,073	26,1450
201,7510	13,075	26,1500
201,8259	13,078	26,1550
201,9270	13,080	26,1600
202,0033	13,083	26,1650
202,1000	13,085	26,1700
202,1845	13,088	26,1750
202,2538	13,090	26,1800
202,3451	13,093	26,1850
202,4280	13,095	26,1900
202,5162	13,098	26,1950
202,6140	13,100	26,2000
202,6890	13,103	26,2050
202,7755	13,105	26,2100
202,8636	13,108	26,2150
202,9443	13,110	26,2200
203,0401	13,113	26,2250
203,1190	13,115	26,2300
203,1940	13,118	26,2350
203,2904	13,120	26,2400
203,3716	13,123	26,2450
203,4720	13,125	26,2500
203,5573	13,128	26,2550
203,6337	13,130	26,2600
203,7251	13,133	26,2650
203,8067	13,135	26,2700
203,8884	13,138	26,2750
203,9837	13,140	26,2800
204,0527	13,143	26,2850
204,1456	13,145	26,2900
204,2308	13,148	26,2950
204,2980	13,150	26,3000
204,3953	13,153	26,3050
204,4747	13,155	26,3100
204,5606	13,158	26,3150
204,6582	13,160	26,3200
204,7393	13,163	26,3250
204,8477	13,165	26,3300
204,9310	13,168	26,3350
204,9982	13,170	26,3400
205,0969	13,173	26,3450
205,1869	13,175	26,3500
205,2608	13,178	26,3550
205,3610	13,180	26,3600
205,4297	13,183	26,3650
205,5338	13,185	26,3700
205,6213	13,188	26,3750
205,6976	13,190	26,3800
205,7929	13,193	26,3850
205,8798	13,195	26,3900
205,9669	13,198	26,3950
206,0671	13,200	26,4000
206,1448	13,203	26,4050
206,2377	13,205	26,4100
206,3220	13,208	26,4150
206,3902	13,210	26,4200
206,4839	13,213	26,4250
206,5725	13,215	26,4300
206,6623	13,218	26,4350
206,7681	13,220	26,4400
206,8375	13,223	26,4450
206,9320	13,225	26,4500
207,0160	13,228	26,4550
207,0923	13,230	26,4600
207,1819	13,233	26,4650
207,2681	13,235	26,4700
207,3512	13,238	26,4750
207,4559	13,240	26,4800
207,5325	13,243	26,4850
207,6238	13,245	26,4900
207,7098	13,248	26,4950
207,7848	13,250	26,5000
207,8772	13,253	26,5050
207,9650	13,255	26,5100
208,0497	13,258	26,5150
208,1494	13,260	26,5200
208,2189	13,263	26,5250
208,3072	13,265	26,5300
208,3899	13,268	26,5350
208,4673	13,270	26,5400
208,5611	13,273	26,5450
208,6419	13,275	26,5500
208,7276	13,278	26,5550
208,8284	13,280	26,5600
208,9048	13,283	26,5650
209,0068	13,285	26,5700
209,0907	13,288	26,5750
209,1699	13,290	26,5800
209,2606	13,293	26,5850
209,3483	13,295	26,5900
209,4296	13,298	26,5950
209,5273	13,300	26,6000
209,5972	13,303	26,6050
209,7005	13,305	26,6100
209,7835	13,308	26,6150
209,8575	13,310	26,6200
209,9572	13,313	26,6250
210,0412	13,315	26,6300
210,1241	13,318	26,6350
210,2297	13,320	26,6400
210,3124	13,323	26,6450
210,4119	13,325	26,6500
210,4964	13,328	26,6550
210,5750	13,330	26,6600
210,6715	13,333	26,6650
210,7619	13,335	26,6700
210,8445	13,338	26,6750
210,9463	13,340	26,6800
211,0121	13,343	26,6850
211,0991	13,345	26,6900
211,1843	13,348	26,6950
211,2648	13,350	26,7000
211,3548	13,353	26,7050
211,4358	13,355	26,7100
211,5273	13,358	26,7150
211,6275	13,360	26,7200
211,7047	13,363	26,7250
211,8078	13,365	26,7300
211,8952	13,368	26,7350
211,9624	13,370	26,7400
212,0472	13,373	26,7450
212,1379	13,375	26,7500
212,2254	13,378	26,7550
212,3304	13,380	26,7600
212,3960	13,383	26,7650
212,4865	13,385	26,7700
212,5640	13,388	26,7750
212,6431	13,390	26,7800
212,7395	13,393	26,7850
212,8350	13,395	26,7900
212,9115	13,398	26,7950
213,0035	13,400	26,8000
213,0849	13,403	26,8050
213,1888	13,405	26,8100
213,2692	13,408	26,8150
213,3392	13,410	26,8200
213,4337	13,413	26,8250
213,5248	13,415	26,8300
213,6115	13,418	26,8350
213,7176	13,420	26,8400
213,7982	13,423	26,8450
213,8952	13,425	26,8500
213,9792	13,428	26,8550
214,0588	13,430	26,8600
214,1543	13,433	26,8650
214,2383	13,435	26,8700
214,3245	13,438	26,8750
214,4260	13,440	26,8800
214,5057	13,443	26,8850
214,6093	13,445	26,8900
214,6865	13,448	26,8950
214,7618	13,450	26,9000
214,8596	13,453	26,9050
214,9509	13,455	26,9100
215,0322	13,458	26,9150
215,1382	13,460	26,9200
215,2133	13,463	26,9250
215,3122	13,465	26,9300
215,3894	13,468	26,9350
215,4654	13,470	26,9400
215,5665	13,473	26,9450
215,6574	13,475	26,9500
215,7452	13,478	26,9550
215,8439	13,480	26,9600
215,9216	13,483	26,9650
216,0250	13,485	26,9700
216,1139	13,488	26,9750
216,1840	13,490	26,9800
216,2731	13,493	26,9850
216,3651	13,495	26,9900
216,4513	13,498	26,9950
216,5485	13,500	27,0000
216,6174	13,503	27,0050
216,7176	13,505	27,0100
216,8035	13,508	27,0150
216,8791	13,510	27,0200
216,9770	13,513	27,0250
217,0691	13,515	27,0300
217,1530	13,518	27,0350
217,2485	13,520	27,0400
217,3277	13,523	27,0450
217,4288	13,525	27,0500
217,5135	13,528	27,0550
217,5873	13,530	27,0600
217,6783	13,533	27,0650
217,7701	13,535	27,0700
217,8563	13,538	27,0750
217,9555	13,540	27,0800
218,0317	13,543	27,0850
218,1302	13,545	27,0900
218,2208	13,548	27,0950
218,2928	13,550	27,1000
218,3818	13,553	27,1050
218,4676	13,555	27,1100
218,5646	13,558	27,1150
218,6680	13,560	27,1200
218,7498	13,563	27,1250
218,8487	13,565	27,1300
218,9404	13,568	27,1350
219,0168	13,570	27,1400
219,1079	13,573	27,1450
219,2046	13,575	27,1500
219,2914	13,578	27,1550
219,3947	13,580	27,1600
219,4615	13,583	27,1650
219,5576	13,585	27,1700
219,6490	13,588	27,1750
219,7321	13,590	27,1800
219,8308	13,593	27,1850
219,9226	13,595	27,1900
220,0142	13,598	27,1950
220,1103	13,600	27,2000
220,1947	13,603	27,2050
220,2940	13,605	27,2100
220,3845	13,608	27,2150
220,4583	13,610	27,2200
220,5531	13,613	27,2250
220,6424	13,615	27,2300
220,7278	13,618	27,2350
220,8244	13,620	27,2400
220,8904	13,623	27,2450
220,9872	13,625	27,2500
221,0711	13,628	27,2550
221,1523	13,630	27,2600
221,2483	13,633	27,2650
221,3413	13,635	27,2700
221,4294	13,638	27,2750
221,5325	13,640	27,2800
221,6058	13,643	27,2850
221,7075	13,645	27,2900
221,7961	13,648	27,2950
221,8716	13,650	27,3000
221,9640	13,653	27,3050
222,0581	13,655	27,3100
222,1477	13,658	27,3150
222,2432	13,660	27,3200
222,3231	13,663	27,3250
222,4252	13,665	27,3300
222,5119	13,668	27,3350
222,5932	13,670	27,3400
222,6922	13,673	27,3450
222,7848	13,675	27,3500
222,8742	13,678	27,3550
222,9790	13,680	27,3600
223,0607	13,683	27,3650
223,1669	13,685	27,3700
223,2535	13,688	27,3750
223,3338	13,690	27,3800
223,4286	13,693	27,3850
223,5168	13,695	27,3900
223,6023	13,698	27,3950
223,7041	13,700	27,4000
223,7739	13,703	27,4050
223,8748	13,705	27,4100
223,9649	13,708	27,4150
224,0455	13,710	27,4200
224,1451	13,713	27,4250
224,2285	13,715	27,4300
224,3153	13,718	27,4350
224,4193	13,720	27,4400
224,5021	13,723	27,4450
224,6068	13,725	27,4500
224,6975	13,728	27,4550
224,7763	13,730	27,4600
224,8625	13,733	27,4650
224,9502	13,735	27,4700
225,0381	13,738	27,4750
225,1459	13,740	27,4800
225,2182	13,743	27,4850
225,3130	13,745	27,4900
225,4036	13,748	27,4950
225,4856	13,750	27,5000
225,5842	13,753	27,5050
225,6701	13,755	27,5100
225,7562	13,758	27,5150
225,8544	13,760	27,5200
225,9325	13,763	27,5250
226,0362	13,765	27,5300
226,1302	13,768	27,5350
226,2087	13,770	27,5400
226,2956	13,773	27,5450
226,3810	13,775	27,5500
226,4645	13,778	27,5550
226,5567	13,780	27,5600
226,6282	13,783	27,5650
226,7335	13,785	27,5700
226,8219	13,788	27,5750
226,9086	13,790	27,5800
227,0073	13,793	27,5850
227,0972	13,795	27,5900
227,1848	13,798	27,5950
227,2864	13,800	27,6000
227,3712	13,803	27,6050
227,4697	13,805	27,6100
227,5578	13,808	27,6150
227,6371	13,810	27,6200
227,7355	13,813	27,6250
227,8275	13,815	27,6300
227,9147	13,818	27,6350
228,0245	13,820	27,6400
228,1057	13,823	27,6450
228,2007	13,825	27,6500
228,2827	13,828	27,6550
228,3645	13,830	27,6600
228,4604	13,833	27,6650
228,5484	13,835	27,6700
228,6391	13,838	27,6750
228,7494	13,840	27,6800
228,8314	13,843	27,6850
228,9287	13,845	27,6900
229,0151	13,848	27,6950
229,0942	13,850	27,7000
229,1897	13,853	27,7050
229,2766	13,855	27,7100
229,3648	13,858	27,7150
229,4701	13,860	27,7200
229,5484	13,863	27,7250
229,6423	13,865	27,7300
229,7296	13,868	27,7350
229,8088	13,870	27,7400
229,9048	13,873	27,7450
229,9992	13,875	27,7500
230,0862	13,878	27,7550
230,1923	13,880	27,7600
230,2757	13,883	27,7650
230,3824	13,885	27,7700
230,4737	13,888	27,7750
230,5496	13,890	27,7800
230,6388	13,893	27,7850
230,7257	13,895	27,7900
230,8154	13,898	27,7950
230,9221	13,900	27,8000
231,0006	13,903	27,8050
231,1003	13,905	27,8100
231,1877	13,908	27,8150
231,2618	13,910	27,8200
231,3607	13,913	27,8250
231,4531	13,915	27,8300
231,5473	13,918	27,8350
231,6505	13,920	27,8400
231,7361	13,923	27,8450
231,8396	13,925	27,8500
231,9214	13,928	27,8550
231,9962	13,930	27,8600
232,0897	13,933	27,8650
232,1865	13,935	27,8700
232,2782	13,938	27,8750
232,3770	13,940	27,8800
232,4512	13,943	27,8850
232,5504	13,945	27,8900
232,6444	13,948	27,8950
232,7280	13,950	27,9000
232,8310	13,953	27,9050
232,9161	13,955	27,9100
233,0187	13,958	27,9150
233,1237	13,960	27,9200
233,2007	13,963	27,9250
233,3003	13,965	27,9300
233,3929	13,968	27,9350
233,4780	13,970	27,9400
233,5782	13,973	27,9450
233,6679	13,975	27,9500
233,7537	13,978	27,9550
233,8599	13,980	27,9600
233,9440	13,983	27,9650
234,0460	13,985	27,9700
234,1341	13,988	27,9750
234,2199	13,990	27,9800
234,3188	13,993	27,9850
234,4080	13,995	27,9900
234,4940	13,998	27,9950
234,5986	14,000	28,0000
234,6800	14,003	28,0050
234,7852	14,005	28,0100
234,8776	14,008	28,0150
234,9493	14,010	28,0200
235,0479	14,013	28,0250
235,1353	14,015	28,0300
235,2216	14,018	28,0350
235,3266	14,020	28,0400
235,3989	14,023	28,0450
235,4993	14,025	28,0500
235,5925	14,028	28,0550
235,6768	14,030	28,0600
235,7718	14,033	28,0650
235,8689	14,035	28,0700
235,9620	14,038	28,0750
236,0721	14,040	28,0800
236,1554	14,043	28,0850
236,2547	14,045	28,0900
236,3376	14,048	28,0950
236,4222	14,050	28,1000
236,5377	14,053	28,1050
236,6375	14,055	28,1100
236,7281	14,058	28,1150
236,8364	14,060	28,1200
236,9184	14,063	28,1250
237,0106	14,065	28,1300
237,1010	14,068	28,1350
237,1869	14,070	28,1400
237,2846	14,073	28,1450
237,3805	14,075	28,1500
237,4677	14,078	28,1550
237,5758	14,080	28,1600
237,6595	14,083	28,1650
237,7648	14,085	28,1700
237,8591	14,088	28,1750
237,9425	14,090	28,1800
238,0290	14,093	28,1850
238,1220	14,095	28,1900
238,2158	14,098	28,1950
238,3296	14,100	28,2000
238,4066	14,103	28,2050
238,5081	14,105	28,2100
238,5981	14,108	28,2150
238,6814	14,110	28,2200
238,7780	14,113	28,2250
238,8741	14,115	28,2300
238,9662	14,118	28,2350
239,0785	14,120	28,2400
239,1608	14,123	28,2450
239,2615	14,125	28,2500
239,3519	14,128	28,2550
239,4437	14,130	28,2600
239,5401	14,133	28,2650
239,6274	14,135	28,2700
239,7197	14,138	28,2750
239,8281	14,140	28,2800
239,9066	14,143	28,2850
240,0015	14,145	28,2900
240,0874	14,148	28,2950
240,1727	14,150	28,3000
240,2789	14,153	28,3050
240,3696	14,155	28,3100
240,4548	14,158	28,3150
240,5573	14,160	28,3200
240,6410	14,163	28,3250
240,7463	14,165	28,3300
240,8407	14,168	28,3350
240,9148	14,170	28,3400
241,0167	14,173	28,3450
241,1176	14,175	28,3500
241,1982	14,178	28,3550
241,3044	14,180	28,3600
241,3891	14,183	28,3650
241,5001	14,185	28,3700
241,5961	14,188	28,3750
241,6837	14,190	28,3800
241,7904	14,193	28,3850
241,8835	14,195	28,3900
241,9677	14,198	28,3950
242,0769	14,200	28,4000
242,1675	14,203	28,4050
242,2736	14,205	28,4100
242,3662	14,208	28,4150
242,4432	14,210	28,4200
242,5399	14,213	28,4250
242,6438	14,215	28,4300
242,7461	14,218	28,4350
242,8497	14,220	28,4400
242,9187	14,223	28,4450
243,0223	14,225	28,4500
243,1138	14,228	28,4550
243,1990	14,230	28,4600
243,3028	14,233	28,4650
243,4047	14,235	28,4700
243,4954	14,238	28,4750
243,6023	14,240	28,4800
243,6875	14,243	28,4850
243,7962	14,245	28,4900
243,8876	14,248	28,4950
243,9703	14,250	28,5000
244,0722	14,253	28,5050
244,1672	14,255	28,5100
244,2562	14,258	28,5150
244,3670	14,260	28,5200
244,4497	14,263	28,5250
244,5515	14,265	28,5300
244,6438	14,268	28,5350
244,7317	14,270	28,5400
244,8342	14,273	28,5450
244,9213	14,275	28,5500
245,0053	14,278	28,5550
245,1212	14,280	28,5600
245,2075	14,283	28,5650
245,3199	14,285	28,5700
245,4010	14,288	28,5750
245,4834	14,290	28,5800
245,5851	14,293	28,5850
245,6833	14,295	28,5900
245,7720	14,298	28,5950
245,8793	14,300	28,6000
245,9600	14,303	28,6050
246,0678	14,305	28,6100
246,1621	14,308	28,6150
246,2546	14,310	28,6200
246,3568	14,313	28,6250
246,4444	14,315	28,6300
246,5434	14,318	28,6350
246,6555	14,320	28,6400
246,7405	14,323	28,6450
246,8529	14,325	28,6500
246,9554	14,328	28,6550
247,0386	14,330	28,6600
247,1317	14,333	28,6650
247,2208	14,335	28,6700
247,3138	14,338	28,6750
247,4217	14,340	28,6800
247,5115	14,343	28,6850
247,6149	14,345	28,6900
247,7103	14,348	28,6950
247,7938	14,350	28,7000
247,8976	14,353	28,7050
247,9937	14,355	28,7100
248,0864	14,358	28,7150
248,1988	14,360	28,7200
248,2941	14,363	28,7250
248,3945	14,365	28,7300
248,4870	14,368	28,7350
248,5643	14,370	28,7400
248,6612	14,373	28,7450
248,7615	14,375	28,7500
248,8568	14,378	28,7550
248,9684	14,380	28,7600
249,0503	14,383	28,7650
249,1508	14,385	28,7700
249,2429	14,388	28,7750
249,3397	14,390	28,7800
249,4426	14,393	28,7850
249,5357	14,395	28,7900
249,6203	14,398	28,7950
249,7276	14,400	28,8000
249,8127	14,403	28,8050
249,9169	14,405	28,8100
250,0149	14,408	28,8150
250,0971	14,410	28,8200
250,1849	14,413	28,8250
250,2821	14,415	28,8300
250,3809	14,418	28,8350
250,4943	14,420	28,8400
250,5752	14,423	28,8450
250,6756	14,425	28,8500
250,7711	14,428	28,8550
250,8646	14,430	28,8600
250,9682	14,433	28,8650
251,0692	14,435	28,8700
251,1624	14,438	28,8750
251,2706	14,440	28,8800
251,3638	14,443	28,8850
251,4734	14,445	28,8900
251,5646	14,448	28,8950
251,6497	14,450	28,9000
251,7442	14,453	28,9050
251,8433	14,455	28,9100
251,9402	14,458	28,9150
252,0529	14,460	28,9200
252,1409	14,463	28,9250
252,2462	14,465	28,9300
252,3302	14,468	28,9350
252,4156	14,470	28,9400
252,5224	14,473	28,9450
252,6214	14,475	28,9500
252,7126	14,478	28,9550
252,8300	14,480	28,9600
252,9184	14,483	28,9650
253,0244	14,485	28,9700
253,1161	14,488	28,9750
253,2081	14,490	28,9800
253,3098	14,493	28,9850
253,4050	14,495	28,9900
253,5005	14,498	28,9950
253,6078	14,500	29,0000
253,6832	14,503	29,0050
253,7852	14,505	29,0100
253,8807	14,508	29,0150
253,9626	14,510	29,0200
254,0642	14,513	29,0250
254,1609	14,515	29,0300
254,2553	14,518	29,0350
254,3665	14,520	29,0400
254,4542	14,523	29,0450
254,5640	14,525	29,0500
254,6579	14,528	29,0550
254,7336	14,530	29,0600
254,8246	14,533	29,0650
254,9211	14,535	29,0700
255,0168	14,538	29,0750
255,1354	14,540	29,0800
255,2168	14,543	29,0850
255,3188	14,545	29,0900
255,4153	14,548	29,0950
255,5007	14,550	29,1000
255,6010	14,553	29,1050
255,6968	14,555	29,1100
255,7982	14,558	29,1150
255,9115	14,560	29,1200
256,0023	14,563	29,1250
256,1118	14,565	29,1300
256,2140	14,568	29,1350
256,2990	14,570	29,1400
256,3950	14,573	29,1450
256,4896	14,575	29,1500
256,5858	14,578	29,1550
256,7004	14,580	29,1600
256,7889	14,583	29,1650
256,9001	14,585	29,1700
256,9965	14,588	29,1750
257,0876	14,590	29,1800
257,1940	14,593	29,1850
257,2980	14,595	29,1900
257,3872	14,598	29,1950
257,4970	14,600	29,2000
257,5944	14,603	29,2050
257,7063	14,605	29,2100
257,7978	14,608	29,2150
257,8795	14,610	29,2200
257,9817	14,613	29,2250
258,0820	14,615	29,2300
258,1759	14,618	29,2350
258,2856	14,620	29,2400
258,3687	14,623	29,2450
258,4804	14,625	29,2500
258,5725	14,628	29,2550
258,6620	14,630	29,2600
258,7669	14,633	29,2650
258,8623	14,635	29,2700
258,9557	14,638	29,2750
259,0733	14,640	29,2800
259,1641	14,643	29,2850
259,2741	14,645	29,2900
259,3665	14,648	29,2950
259,4513	14,650	29,3000
259,5531	14,653	29,3050
259,6511	14,655	29,3100
259,7404	14,658	29,3150
259,8521	14,660	29,3200
259,9399	14,663	29,3250
260,0449	14,665	29,3300
260,1446	14,668	29,3350
260,2330	14,670	29,3400
260,3317	14,673	29,3450
260,4255	14,675	29,3500
260,5183	14,678	29,3550
260,6347	14,680	29,3600
260,7287	14,683	29,3650
260,8375	14,685	29,3700
260,9365	14,688	29,3750
261,0307	14,690	29,3800
261,1271	14,693	29,3850
261,2257	14,695	29,3900
261,3266	14,698	29,3950
261,4424	14,700	29,4000
261,5263	14,703	29,4050
261,6287	14,705	29,4100
261,7285	14,708	29,4150
261,8221	14,710	29,4200
261,9398	14,713	29,4250
262,0385	14,715	29,4300
262,1333	14,718	29,4350
262,2428	14,720	29,4400
262,3381	14,723	29,4450
262,4470	14,725	29,4500
262,5477	14,728	29,4550
262,6382	14,730	29,4600
262,7352	14,733	29,4650
262,8338	14,735	29,4700
262,9303	14,738	29,4750
263,0370	14,740	29,4800
263,1228	14,743	29,4850
263,2288	14,745	29,4900
263,3241	14,748	29,4950
263,4168	14,750	29,5000
263,5277	14,753	29,5050
263,6358	14,755	29,5100
263,7365	14,758	29,5150
263,8472	14,760	29,5200
263,9315	14,763	29,5250
264,0454	14,765	29,5300
264,1441	14,768	29,5350
264,2271	14,770	29,5400
264,3243	14,773	29,5450
264,4271	14,775	29,5500
264,5242	14,778	29,5550
264,6327	14,780	29,5600
264,7093	14,783	29,5650
264,8162	14,785	29,5700
264,9165	14,788	29,5750
265,0115	14,790	29,5800
265,1080	14,793	29,5850
265,2022	14,795	29,5900
265,2964	14,798	29,5950
265,4128	14,800	29,6000
265,5041	14,803	29,6050
265,6155	14,805	29,6100
265,7176	14,808	29,6150
265,8051	14,810	29,6200
265,9106	14,813	29,6250
266,0100	14,815	29,6300
266,1059	14,818	29,6350
266,2169	14,820	29,6400
266,3025	14,823	29,6450
266,4136	14,825	29,6500
266,5184	14,828	29,6550
266,6132	14,830	29,6600
266,7187	14,833	29,6650
266,8147	14,835	29,6700
266,9066	14,838	29,6750
267,0199	14,840	29,6800
267,1121	14,843	29,6850
267,2210	14,845	29,6900
267,3170	14,848	29,6950
267,4115	14,850	29,7000
267,5119	14,853	29,7050
267,6029	14,855	29,7100
267,7009	14,858	29,7150
267,8193	14,860	29,7200
267,9034	14,863	29,7250
268,0093	14,865	29,7300
268,1118	14,868	29,7350
268,2079	14,870	29,7400
268,3121	14,873	29,7450
268,4094	14,875	29,7500
268,5058	14,878	29,7550
268,6293	14,880	29,7600
268,7195	14,883	29,7650
268,8254	14,885	29,7700
268,9214	14,888	29,7750
269,0093	14,890	29,7800
269,1013	14,893	29,7850
269,2054	14,895	29,7900
269,2941	14,898	29,7950
269,3992	14,900	29,8000
269,4850	14,903	29,8050
269,5928	14,905	29,8100
269,6929	14,908	29,8150
269,7886	14,910	29,8200
269,8897	14,913	29,8250
269,9890	14,915	29,8300
270,0875	14,918	29,8350
270,2059	14,920	29,8400
270,3037	14,923	29,8450
270,4149	14,925	29,8500
270,5155	14,928	29,8550
270,6092	14,930	29,8600
270,7104	14,933	29,8650
270,8134	14,935	29,8700
270,9132	14,938	29,8750
271,0254	14,940	29,8800
271,1263	14,943	29,8850
271,2304	14,945	29,8900
271,3344	14,948	29,8950
271,4236	14,950	29,9000
271,5380	14,953	29,9050
271,6526	14,955	29,9100
271,7572	14,958	29,9150
271,8655	14,960	29,9200
271,9633	14,963	29,9250
272,0741	14,965	29,9300
272,1766	14,968	29,9350
272,2643	14,970	29,9400
272,3735	14,973	29,9450
272,4806	14,975	29,9500
272,5752	14,978	29,9550
272,6880	14,980	29,9600
272,7758	14,983	29,9650
272,8854	14,985	29,9700
272,9856	14,988	29,9750
273,0782	14,990	29,9800
273,1839	14,993	29,9850
273,2898	14,995	29,9900
273,3861	14,998	29,9950
273,4926	15,000	30,0000
273,5815	15,003	30,0050
273,6952	15,005	30,0100
273,7968	15,008	30,0150
273,8860	15,010	30,0200
273,9903	15,013	30,0250
274,0934	15,015	30,0300
274,1935	15,018	30,0350
274,3012	15,020	30,0400
274,3850	15,023	30,0450
274,4934	15,025	30,0500
274,5961	15,028	30,0550
274,6970	15,030	30,0600
274,8038	15,033	30,0650
274,9111	15,035	30,0700
275,0183	15,038	30,0750
275,1362	15,040	30,0800
275,2386	15,043	30,0850
275,3530	15,045	30,0900
275,4461	15,048	30,0950
275,5378	15,050	30,1000
275,6494	15,053	30,1050
275,7568	15,055	30,1100
275,8550	15,058	30,1150
275,9714	15,060	30,1200
276,0686	15,063	30,1250
276,1783	15,065	30,1300
276,2784	15,068	30,1350
276,3708	15,070	30,1400
276,4794	15,073	30,1450
276,5914	15,075	30,1500
276,6932	15,078	30,1550
276,8144	15,080	30,1600
276,9156	15,083	30,1650
277,0397	15,085	30,1700
277,1389	15,088	30,1750
277,2258	15,090	30,1800
277,3271	15,093	30,1850
277,4416	15,095	30,1900
277,5302	15,098	30,1950
277,6419	15,100	30,2000
277,7339	15,103	30,2050
277,8488	15,105	30,2100
277,9514	15,108	30,2150
278,0404	15,110	30,2200
278,1502	15,113	30,2250
278,2530	15,115	30,2300
278,3592	15,118	30,2350
278,4840	15,120	30,2400
278,5864	15,123	30,2450
278,6936	15,125	30,2500
278,7872	15,128	30,2550
278,8694	15,130	30,2600
278,9787	15,133	30,2650
279,0901	15,135	30,2700
279,1924	15,138	30,2750
279,3038	15,140	30,2800
279,3898	15,143	30,2850
279,4980	15,145	30,2900
279,5991	15,148	30,2950
279,6908	15,150	30,3000
279,7973	15,153	30,3050
279,8990	15,155	30,3100
280,0023	15,158	30,3150
280,1185	15,160	30,3200
280,2113	15,163	30,3250
280,3198	15,165	30,3300
280,4214	15,168	30,3350
280,5051	15,170	30,3400
280,6058	15,173	30,3450
280,7120	15,175	30,3500
280,8174	15,178	30,3550
280,9329	15,180	30,3600
281,0221	15,183	30,3650
281,1341	15,185	30,3700
281,2421	15,188	30,3750
281,3494	15,190	30,3800
281,4513	15,193	30,3850
281,5489	15,195	30,3900
281,6541	15,198	30,3950
281,7790	15,200	30,4000
281,8837	15,203	30,4050
281,9936	15,205	30,4100
282,0956	15,208	30,4150
282,1882	15,210	30,4200
282,2949	15,213	30,4250
282,4053	15,215	30,4300
282,5062	15,218	30,4350
282,6192	15,220	30,4400
282,7166	15,223	30,4450
282,8256	15,225	30,4500
282,9293	15,228	30,4550
283,0399	15,230	30,4600
283,1499	15,233	30,4650
283,2572	15,235	30,4700
283,3514	15,238	30,4750
283,4655	15,240	30,4800
283,5606	15,243	30,4850
283,6782	15,245	30,4900
283,7844	15,248	30,4950
283,8853	15,250	30,5000
283,9968	15,253	30,5050
284,0969	15,255	30,5100
284,1956	15,258	30,5150
284,3165	15,260	30,5200
284,4100	15,263	30,5250
284,5147	15,265	30,5300
284,6172	15,268	30,5350
284,7135	15,270	30,5400
284,8260	15,273	30,5450
284,9376	15,275	30,5500
285,0313	15,278	30,5550
285,1534	15,280	30,5600
285,2506	15,283	30,5650
285,3707	15,285	30,5700
285,4713	15,288	30,5750
285,5642	15,290	30,5800
285,6664	15,293	30,5850
285,7729	15,295	30,5900
285,8716	15,298	30,5950
285,9924	15,300	30,6000
286,0880	15,303	30,6050
286,1942	15,305	30,6100
286,3076	15,308	30,6150
286,4020	15,310	30,6200
286,5131	15,313	30,6250
286,6262	15,315	30,6300
286,7294	15,318	30,6350
286,8462	15,320	30,6400
286,9503	15,323	30,6450
287,0706	15,325	30,6500
287,1754	15,328	30,6550
287,2637	15,330	30,6600
287,3666	15,333	30,6650
287,4777	15,335	30,6700
287,5860	15,338	30,6750
287,7131	15,340	30,6800
287,8100	15,343	30,6850
287,9209	15,345	30,6900
288,0205	15,348	30,6950
288,1235	15,350	30,7000
288,2390	15,353	30,7050
288,3370	15,355	30,7100
288,4408	15,358	30,7150
288,5613	15,360	30,7200
288,6706	15,363	30,7250
288,7848	15,365	30,7300
288,8854	15,368	30,7350
288,9765	15,370	30,7400
289,0817	15,373	30,7450
289,1918	15,375	30,7500
289,2939	15,378	30,7550
289,4122	15,380	30,7600
289,5053	15,383	30,7650
289,6201	15,385	30,7700
289,7189	15,388	30,7750
289,8255	15,390	30,7800
289,9360	15,393	30,7850
290,0425	15,395	30,7900
290,1433	15,398	30,7950
290,2616	15,400	30,8000
290,3611	15,403	30,8050
290,4717	15,405	30,8100
290,5737	15,408	30,8150
290,6639	15,410	30,8200
290,7671	15,413	30,8250
290,8703	15,415	30,8300
290,9723	15,418	30,8350
291,0894	15,420	30,8400
291,1837	15,423	30,8450
291,2977	15,425	30,8500
291,4027	15,428	30,8550
291,5056	15,430	30,8600
291,6233	15,433	30,8650
291,7287	15,435	30,8700
291,8333	15,438	30,8750
291,9657	15,440	30,8800
292,0736	15,443	30,8850
292,1885	15,445	30,8900
292,2839	15,448	30,8950
292,3763	15,450	30,9000
292,4938	15,453	30,9050
292,6093	15,455	30,9100
292,7167	15,458	30,9150
292,8341	15,460	30,9200
292,9314	15,463	30,9250
293,0440	15,465	30,9300
293,1554	15,468	30,9350
293,2574	15,470	30,9400
293,3737	15,473	30,9450
293,4831	15,475	30,9500
293,5879	15,478	30,9550
293,7073	15,480	30,9600
293,8072	15,483	30,9650
293,9235	15,485	30,9700
294,0310	15,488	30,9750
294,1260	15,490	30,9800
294,2319	15,493	30,9850
294,3491	15,495	30,9900
294,4502	15,498	30,9950
294,5687	15,500	31,0000
294,6563	15,503	31,0050
294,7651	15,505	31,0100
294,8822	15,508	31,0150
294,9915	15,510	31,0200
295,0981	15,513	31,0250
295,2049	15,515	31,0300
295,3055	15,518	31,0350
295,4209	15,520	31,0400
295,5342	15,523	31,0450
295,6569	15,525	31,0500
295,7578	15,528	31,0550
295,8504	15,530	31,0600
295,9462	15,533	31,0650
296,0568	15,535	31,0700
296,1631	15,538	31,0750
296,2767	15,540	31,0800
296,3655	15,543	31,0850
296,4746	15,545	31,0900
296,5928	15,548	31,0950
296,7018	15,550	31,1000
296,8145	15,553	31,1050
296,9206	15,555	31,1100
297,0324	15,558	31,1150
297,1566	15,560	31,1200
297,2669	15,563	31,1250
297,3817	15,565	31,1300
297,4938	15,568	31,1350
297,5962	15,570	31,1400
297,7092	15,573	31,1450
297,8159	15,575	31,1500
297,9284	15,578	31,1550
298,0499	15,580	31,1600
298,1464	15,583	31,1650
298,2636	15,585	31,1700
298,3703	15,588	31,1750
298,4729	15,590	31,1800
298,5920	15,593	31,1850
298,7031	15,595	31,1900
298,8098	15,598	31,1950
298,9376	15,600	31,2000
299,0392	15,603	31,2050
299,1572	15,605	31,2100
299,2658	15,608	31,2150
299,3645	15,610	31,2200
299,4721	15,613	31,2250
299,5770	15,615	31,2300
299,6885	15,618	31,2350
299,8174	15,620	31,2400
299,9102	15,623	31,2450
300,0228	15,625	31,2500
300,1289	15,628	31,2550
300,2275	15,630	31,2600
300,3368	15,633	31,2650
300,4496	15,635	31,2700
300,5518	15,638	31,2750
300,6737	15,640	31,2800
300,7768	15,643	31,2850
300,8935	15,645	31,2900
300,9968	15,648	31,2950
301,0922	15,650	31,3000
301,2041	15,653	31,3050
301,3176	15,655	31,3100
301,4149	15,658	31,3150
301,5300	15,660	31,3200
301,6279	15,663	31,3250
301,7350	15,665	31,3300
301,8431	15,668	31,3350
301,9414	15,670	31,3400
302,0660	15,673	31,3450
302,1848	15,675	31,3500
302,2929	15,678	31,3550
302,4215	15,680	31,3600
302,5322	15,683	31,3650
302,6517	15,685	31,3700
302,7541	15,688	31,3750
302,8598	15,690	31,3800
302,9746	15,693	31,3850
303,0931	15,695	31,3900
303,2049	15,698	31,3950
303,3261	15,700	31,4000
303,4265	15,703	31,4050
303,5438	15,705	31,4100
303,6639	15,708	31,4150
303,7763	15,710	31,4200
303,8865	15,713	31,4250
304,0033	15,715	31,4300
304,1138	15,718	31,4350
304,2416	15,720	31,4400
304,3510	15,723	31,4450
304,4796	15,725	31,4500
304,5950	15,728	31,4550
304,6890	15,730	31,4600
304,7959	15,733	31,4650
304,9134	15,735	31,4700
305,0220	15,738	31,4750
305,1454	15,740	31,4800
305,2466	15,743	31,4850
305,3665	15,745	31,4900
305,4741	15,748	31,4950
305,5792	15,750	31,5000
305,6939	15,753	31,5050
305,8020	15,755	31,5100
305,9047	15,758	31,5150
306,0251	15,760	31,5200
306,1323	15,763	31,5250
306,2441	15,765	31,5300
306,3544	15,768	31,5350
306,4503	15,770	31,5400
306,5626	15,773	31,5450
306,6789	15,775	31,5500
306,7887	15,778	31,5550
306,9076	15,780	31,5600
306,9967	15,783	31,5650
307,1039	15,785	31,5700
307,2127	15,788	31,5750
307,3130	15,790	31,5800
307,4187	15,793	31,5850
307,5298	15,795	31,5900
307,6388	15,798	31,5950
307,7670	15,800	31,6000
307,8823	15,803	31,6050
308,0005	15,805	31,6100
308,1150	15,808	31,6150
308,2128	15,810	31,6200
308,3167	15,813	31,6250
308,4305	15,815	31,6300
308,5449	15,818	31,6350
308,6696	15,820	31,6400
308,7742	15,823	31,6450
308,8880	15,825	31,6500
308,9985	15,828	31,6550
309,1141	15,830	31,6600
309,2265	15,833	31,6650
309,3408	15,835	31,6700
309,4537	15,838	31,6750
309,5805	15,840	31,6800
309,6853	15,843	31,6850
309,8085	15,845	31,6900
309,9251	15,848	31,6950
310,0216	15,850	31,7000
310,1273	15,853	31,7050
310,2419	15,855	31,7100
310,3657	15,858	31,7150
310,4920	15,860	31,7200
310,5951	15,863	31,7250
310,7032	15,865	31,7300
310,8134	15,868	31,7350
310,9197	15,870	31,7400
311,0331	15,873	31,7450
311,1503	15,875	31,7500
311,2618	15,878	31,7550
311,3913	15,880	31,7600
311,4955	15,883	31,7650
311,6107	15,885	31,7700
311,7137	15,888	31,7750
311,8171	15,890	31,7800
311,9309	15,893	31,7850
312,0468	15,895	31,7900
312,1519	15,898	31,7950
312,2700	15,900	31,8000
312,3643	15,903	31,8050
312,4703	15,905	31,8100
312,5782	15,908	31,8150
312,6755	15,910	31,8200
312,7936	15,913	31,8250
312,8983	15,915	31,8300
313,0020	15,918	31,8350
313,1316	15,920	31,8400
313,2468	15,923	31,8450
313,3646	15,925	31,8500
313,4765	15,928	31,8550
313,5827	15,930	31,8600
313,6944	15,933	31,8650
313,8172	15,935	31,8700
313,9336	15,938	31,8750
314,0597	15,940	31,8800
314,1704	15,943	31,8850
314,2879	15,945	31,8900
314,3966	15,948	31,8950
314,5060	15,950	31,9000
314,6291	15,953	31,9050
314,7548	15,955	31,9100
314,8702	15,958	31,9150
314,9899	15,960	31,9200
315,1032	15,963	31,9250
315,2269	15,965	31,9300
315,3474	15,968	31,9350
315,4450	15,970	31,9400
315,5611	15,973	31,9450
315,6822	15,975	31,9500
315,7985	15,978	31,9550
315,9215	15,980	31,9600
316,0252	15,983	31,9650
316,1425	15,985	31,9700
316,2648	15,988	31,9750
316,3781	15,990	31,9800
316,4937	15,993	31,9850
316,6109	15,995	31,9900
316,7211	15,998	31,9950
316,8498	16,000	32,0000
316,9636	16,003	32,0050
317,0809	16,005	32,0100
317,1944	16,008	32,0150
317,2960	16,010	32,0200
317,4023	16,013	32,0250
317,5230	16,015	32,0300
317,6390	16,018	32,0350
317,7666	16,020	32,0400
317,8725	16,023	32,0450
317,9877	16,025	32,0500
318,0935	16,028	32,0550
318,2049	16,030	32,0600
318,3195	16,033	32,0650
318,4312	16,035	32,0700
318,5390	16,038	32,0750
318,6668	16,040	32,0800
318,7725	16,043	32,0850
318,8966	16,045	32,0900
319,0130	16,048	32,0950
319,1119	16,050	32,1000
319,2276	16,053	32,1050
319,3603	16,055	32,1100
319,4822	16,058	32,1150
319,6066	16,060	32,1200
319,7112	16,063	32,1250
319,8243	16,065	32,1300
319,9394	16,068	32,1350
320,0540	16,070	32,1400
320,1802	16,073	32,1450
320,2954	16,075	32,1500
320,4085	16,078	32,1550
320,5353	16,080	32,1600
320,6559	16,083	32,1650
320,7931	16,085	32,1700
320,9102	16,088	32,1750
321,0131	16,090	32,1800
321,1196	16,093	32,1850
321,2407	16,095	32,1900
321,3531	16,098	32,1950
321,4838	16,100	32,2000
321,5915	16,103	32,2050
321,7112	16,105	32,2100
321,8284	16,108	32,2150
321,9441	16,110	32,2200
322,0646	16,113	32,2250
322,1759	16,115	32,2300
322,2861	16,118	32,2350
322,4210	16,120	32,2400
322,5446	16,123	32,2450
322,6723	16,125	32,2500
322,7847	16,128	32,2550
322,8868	16,130	32,2600
322,9976	16,133	32,2650
323,1206	16,135	32,2700
323,2397	16,138	32,2750
323,3697	16,140	32,2800
323,4755	16,143	32,2850
323,5879	16,145	32,2900
323,7023	16,148	32,2950
323,8100	16,150	32,3000
323,9238	16,153	32,3050
324,0371	16,155	32,3100
324,1457	16,158	32,3150
324,2734	16,160	32,3200
324,3876	16,163	32,3250
324,5015	16,165	32,3300
324,6119	16,168	32,3350
324,7200	16,170	32,3400
324,8248	16,173	32,3450
324,9404	16,175	32,3500
325,0643	16,178	32,3550
325,1990	16,180	32,3600
325,3032	16,183	32,3650
325,4231	16,185	32,3700
325,5416	16,188	32,3750
325,6543	16,190	32,3800
325,7801	16,193	32,3850
325,9024	16,195	32,3900
326,0188	16,198	32,3950
326,1582	16,200	32,4000
326,2804	16,203	32,4050
326,4064	16,205	32,4100
326,5269	16,208	32,4150
326,6382	16,210	32,4200
326,7589	16,213	32,4250
326,8801	16,215	32,4300
327,0059	16,218	32,4350
327,1450	16,220	32,4400
327,2541	16,223	32,4450
327,3752	16,225	32,4500
327,4945	16,228	32,4550
327,6164	16,230	32,4600
327,7316	16,233	32,4650
327,8507	16,235	32,4700
327,9647	16,238	32,4750
328,1020	16,240	32,4800
328,2203	16,243	32,4850
328,3470	16,245	32,4900
328,4594	16,248	32,4950
328,5661	16,250	32,5000
328,6882	16,253	32,5050
328,8036	16,255	32,5100
328,9176	16,258	32,5150
329,0492	16,260	32,5200
329,1607	16,263	32,5250
329,2783	16,265	32,5300
329,4023	16,268	32,5350
329,5127	16,270	32,5400
329,6291	16,273	32,5450
329,7533	16,275	32,5500
329,8600	16,278	32,5550
329,9884	16,280	32,5600
330,1105	16,283	32,5650
330,2330	16,285	32,5700
330,3438	16,288	32,5750
330,4445	16,290	32,5800
330,5521	16,293	32,5850
330,6749	16,295	32,5900
330,7886	16,298	32,5950
330,9273	16,300	32,6000
331,0481	16,303	32,6050
331,1631	16,305	32,6100
331,2793	16,308	32,6150
331,4019	16,310	32,6200
331,5363	16,313	32,6250
331,6541	16,315	32,6300
331,7705	16,318	32,6350
331,9083	16,320	32,6400
332,0398	16,323	32,6450
332,1761	16,325	32,6500
332,2927	16,328	32,6550
332,4075	16,330	32,6600
332,5231	16,333	32,6650
332,6454	16,335	32,6700
332,7708	16,338	32,6750
332,9137	16,340	32,6800
333,0306	16,343	32,6850
333,1486	16,345	32,6900
333,2657	16,348	32,6950
333,3820	16,350	32,7000
333,5037	16,353	32,7050
333,6302	16,355	32,7100
333,7492	16,358	32,7150
333,8806	16,360	32,7200
334,0019	16,363	32,7250
334,1342	16,365	32,7300
334,2538	16,368	32,7350
334,3552	16,370	32,7400
334,4731	16,373	32,7450
334,6001	16,375	32,7500
334,7199	16,378	32,7550
334,8533	16,380	32,7600
334,9622	16,383	32,7650
335,0788	16,385	32,7700
335,2026	16,388	32,7750
335,3218	16,390	32,7800
335,4381	16,393	32,7850
335,5550	16,395	32,7900
335,6671	16,398	32,7950
335,8084	16,400	32,8000
335,9345	16,403	32,8050
336,0563	16,405	32,8100
336,1697	16,408	32,8150
336,2787	16,410	32,8200
336,3928	16,413	32,8250
336,5057	16,415	32,8300
336,6209	16,418	32,8350
336,7476	16,420	32,8400
336,8620	16,423	32,8450
336,9886	16,425	32,8500
337,1135	16,428	32,8550
337,2335	16,430	32,8600
337,3587	16,433	32,8650
337,4884	16,435	32,8700
337,6043	16,438	32,8750
337,7452	16,440	32,8800
337,8754	16,443	32,8850
338,0060	16,445	32,8900
338,1222	16,448	32,8950
338,2357	16,450	32,9000
338,3562	16,453	32,9050
338,4907	16,455	32,9100
338,6200	16,458	32,9150
338,7530	16,460	32,9200
338,8649	16,463	32,9250
338,9841	16,465	32,9300
339,1085	16,468	32,9350
339,2304	16,470	32,9400
339,3562	16,473	32,9450
339,4825	16,475	32,9500
339,6039	16,478	32,9550
339,7388	16,480	32,9600
339,8628	16,483	32,9650
339,9925	16,485	32,9700
340,1137	16,488	32,9750
340,2323	16,490	32,9800
340,3532	16,493	32,9850
340,4771	16,495	32,9900
340,6093	16,498	32,9950
340,7432	16,500	33,0000
340,8518	16,503	33,0050
340,9775	16,505	33,0100
341,1025	16,508	33,0150
341,2172	16,510	33,0200
341,3353	16,513	33,0250
341,4607	16,515	33,0300
341,5839	16,518	33,0350
341,7257	16,520	33,0400
341,8596	16,523	33,0450
341,9798	16,525	33,0500
342,0939	16,528	33,0550
342,1966	16,530	33,0600
342,3050	16,533	33,0650
342,4291	16,535	33,0700
342,5531	16,538	33,0750
342,6889	16,540	33,0800
342,8033	16,543	33,0850
342,9209	16,545	33,0900
343,0424	16,548	33,0950
343,1606	16,550	33,1000
343,2935	16,553	33,1050
343,4235	16,555	33,1100
343,5480	16,558	33,1150
343,6840	16,560	33,1200
343,8122	16,563	33,1250
343,9489	16,565	33,1300
344,0773	16,568	33,1350
344,1871	16,570	33,1400
344,3084	16,573	33,1450
344,4405	16,575	33,1500
344,5610	16,578	33,1550
344,7059	16,580	33,1600
344,8241	16,583	33,1650
344,9449	16,585	33,1700
345,0674	16,588	33,1750
345,1962	16,590	33,1800
345,3217	16,593	33,1850
345,4544	16,595	33,1900
345,5751	16,598	33,1950
345,7165	16,600	33,2000
345,8460	16,603	33,2050
345,9823	16,605	33,2100
346,1093	16,608	33,2150
346,2263	16,610	33,2200
346,3415	16,613	33,2250
346,4744	16,615	33,2300
346,6072	16,618	33,2350
346,7459	16,620	33,2400
346,8570	16,623	33,2450
346,9794	16,625	33,2500
347,1053	16,628	33,2550
347,2246	16,630	33,2600
347,3470	16,633	33,2650
347,4723	16,635	33,2700
347,5978	16,638	33,2750
347,7402	16,640	33,2800
347,8609	16,643	33,2850
347,9932	16,645	33,2900
348,1133	16,648	33,2950
348,2255	16,650	33,3000
348,3481	16,653	33,3050
348,4796	16,655	33,3100
348,6005	16,658	33,3150
348,7357	16,660	33,3200
348,8451	16,663	33,3250
348,9626	16,665	33,3300
349,0842	16,668	33,3350
349,2074	16,670	33,3400
349,3379	16,673	33,3450
349,4633	16,675	33,3500
349,5852	16,678	33,3550
349,7327	16,680	33,3600
349,8680	16,683	33,3650
350,0080	16,685	33,3700
350,1254	16,688	33,3750
350,2421	16,690	33,3800
350,3627	16,693	33,3850
350,4994	16,695	33,3900
350,6304	16,698	33,3950
350,7802	16,700	33,4000
350,9008	16,703	33,4050
351,0296	16,705	33,4100
351,1557	16,708	33,4150
351,2900	16,710	33,4200
351,4181	16,713	33,4250
351,5461	16,715	33,4300
351,6799	16,718	33,4350
351,8256	16,720	33,4400
351,9610	16,723	33,4450
352,1014	16,725	33,4500
352,2224	16,728	33,4550
352,3315	16,730	33,4600
352,4530	16,733	33,4650
352,5904	16,735	33,4700
352,7098	16,738	33,4750
352,8496	16,740	33,4800
352,9655	16,743	33,4850
353,0922	16,745	33,4900
353,2144	16,748	33,4950
353,3361	16,750	33,5000
353,4672	16,753	33,5050
353,6003	16,755	33,5100
353,7275	16,758	33,5150
353,8602	16,760	33,5200
353,9902	16,763	33,5250
354,1200	16,765	33,5300
354,2410	16,768	33,5350
354,3594	16,770	33,5400
354,4804	16,773	33,5450
354,6142	16,775	33,5500
354,7469	16,778	33,5550
354,8806	16,780	33,5600
354,9983	16,783	33,5650
355,1277	16,785	33,5700
355,2543	16,788	33,5750
355,3849	16,790	33,5800
355,5134	16,793	33,5850
355,6468	16,795	33,5900
355,7695	16,798	33,5950
355,9032	16,800	33,6000
356,0280	16,803	33,6050
356,1749	16,805	33,6100
356,3147	16,808	33,6150
356,4451	16,810	33,6200
356,5708	16,813	33,6250
356,7076	16,815	33,6300
356,8435	16,818	33,6350
356,9803	16,820	33,6400
357,1067	16,823	33,6450
357,2389	16,825	33,6500
357,3671	16,828	33,6550
357,5029	16,830	33,6600
357,6417	16,833	33,6650
357,7776	16,835	33,6700
357,9079	16,838	33,6750
358,0528	16,840	33,6800
358,1839	16,843	33,6850
358,3238	16,845	33,6900
358,4540	16,848	33,6950
358,5773	16,850	33,7000
358,7009	16,853	33,7050
358,8371	16,855	33,7100
358,9750	16,858	33,7150
359,1167	16,860	33,7200
359,2394	16,863	33,7250
359,3659	16,865	33,7300
359,4980	16,868	33,7350
359,6216	16,870	33,7400
359,7519	16,873	33,7450
359,8820	16,875	33,7500
360,0068	16,878	33,7550
360,1541	16,880	33,7600
360,2897	16,883	33,7650
360,4271	16,885	33,7700
360,5464	16,888	33,7750
360,6698	16,890	33,7800
360,7869	16,893	33,7850
360,9245	16,895	33,7900
361,0399	16,898	33,7950
361,1781	16,900	33,8000
361,3016	16,903	33,8050
361,4330	16,905	33,8100
361,5683	16,908	33,8150
361,6946	16,910	33,8200
361,8273	16,913	33,8250
361,9588	16,915	33,8300
362,0869	16,918	33,8350
362,2193	16,920	33,8400
362,3580	16,923	33,8450
362,5013	16,925	33,8500
362,6342	16,928	33,8550
362,7556	16,930	33,8600
362,8844	16,933	33,8650
363,0225	16,935	33,8700
363,1542	16,938	33,8750
363,3001	16,940	33,8800
363,4354	16,943	33,8850
363,5651	16,945	33,8900
363,6920	16,948	33,8950
363,8339	16,950	33,9000
363,9745	16,953	33,9050
364,1088	16,955	33,9100
364,2381	16,958	33,9150
364,3864	16,960	33,9200
364,5305	16,963	33,9250
364,6682	16,965	33,9300
364,8009	16,968	33,9350
364,9252	16,970	33,9400
365,0547	16,973	33,9450
365,1925	16,975	33,9500
365,3216	16,978	33,9550
365,4633	16,980	33,9600
365,5954	16,983	33,9650
365,7267	16,985	33,9700
365,8551	16,988	33,9750
365,9925	16,990	33,9800
366,1228	16,993	33,9850
366,2578	16,995	33,9900
366,3871	16,998	33,9950
366,5288	17,000	34,0000
366,6672	17,003	34,0050
366,8069	17,005	34,0100
366,9364	17,008	34,0150
367,0519	17,010	34,0200
367,1765	17,013	34,0250
367,3175	17,015	34,0300
367,4548	17,018	34,0350
367,5957	17,020	34,0400
367,7200	17,023	34,0450
367,8495	17,025	34,0500
367,9773	17,028	34,0550
368,1106	17,030	34,0600
368,2540	17,033	34,0650
368,3974	17,035	34,0700
368,5242	17,038	34,0750
368,6749	17,040	34,0800
368,8133	17,043	34,0850
368,9550	17,045	34,0900
369,0848	17,048	34,0950
369,2083	17,050	34,1000
369,3350	17,053	34,1050
369,4815	17,055	34,1100
369,6240	17,058	34,1150
369,7698	17,060	34,1200
369,8975	17,063	34,1250
370,0387	17,065	34,1300
370,1706	17,068	34,1350
370,3024	17,070	34,1400
370,4435	17,073	34,1450
370,5847	17,075	34,1500
370,7059	17,078	34,1550
370,8516	17,080	34,1600
370,9970	17,083	34,1650
371,1505	17,085	34,1700
371,2913	17,088	34,1750
371,4197	17,090	34,1800
371,5417	17,093	34,1850
371,6775	17,095	34,1900
371,8180	17,098	34,1950
371,9708	17,100	34,2000
372,1002	17,103	34,2050
372,2376	17,105	34,2100
372,3711	17,108	34,2150
372,5022	17,110	34,2200
372,6429	17,113	34,2250
372,7857	17,115	34,2300
372,9187	17,118	34,2350
373,0646	17,120	34,2400
373,2144	17,123	34,2450
373,3565	17,125	34,2500
373,4801	17,128	34,2550
373,5957	17,130	34,2600
373,7253	17,133	34,2650
373,8672	17,135	34,2700
374,0021	17,138	34,2750
374,1546	17,140	34,2800
374,2803	17,143	34,2850
374,4062	17,145	34,2900
374,5361	17,148	34,2950
374,6784	17,150	34,3000
374,8102	17,153	34,3050
374,9462	17,155	34,3100
375,0836	17,158	34,3150
375,2315	17,160	34,3200
375,3707	17,163	34,3250
375,5072	17,165	34,3300
375,6347	17,168	34,3350
375,7538	17,170	34,3400
375,8744	17,173	34,3450
376,0192	17,175	34,3500
376,1698	17,178	34,3550
376,3213	17,180	34,3600
376,4501	17,183	34,3650
376,5822	17,185	34,3700
376,7198	17,188	34,3750
376,8708	17,190	34,3800
377,0128	17,193	34,3850
377,1520	17,195	34,3900
377,2897	17,198	34,3950
377,4408	17,200	34,4000
377,5870	17,203	34,4050
377,7366	17,205	34,4100
377,8739	17,208	34,4150
377,9997	17,210	34,4200
378,1271	17,213	34,4250
378,2726	17,215	34,4300
378,4094	17,218	34,4350
378,5515	17,220	34,4400
378,6874	17,223	34,4450
378,8292	17,225	34,4500
378,9624	17,228	34,4550
379,0959	17,230	34,4600
379,2324	17,233	34,4650
379,3733	17,235	34,4700
379,5113	17,238	34,4750
379,6582	17,240	34,4800
379,8032	17,243	34,4850
379,9488	17,245	34,4900
380,0816	17,248	34,4950
380,2075	17,250	34,5000
380,3397	17,253	34,5050
380,4927	17,255	34,5100
380,6361	17,258	34,5150
380,7836	17,260	34,5200
380,9178	17,263	34,5250
381,0535	17,265	34,5300
381,1874	17,268	34,5350
381,3249	17,270	34,5400
381,4620	17,273	34,5450
381,6080	17,275	34,5500
381,7496	17,278	34,5550
381,9062	17,280	34,5600
382,0442	17,283	34,5650
382,1901	17,285	34,5700
382,3227	17,288	34,5750
382,4464	17,290	34,5800
382,5763	17,293	34,5850
382,7249	17,295	34,5900
382,8736	17,298	34,5950
383,0260	17,300	34,6000
383,1582	17,303	34,6050
383,2899	17,305	34,6100
383,4303	17,308	34,6150
383,5797	17,310	34,6200
383,7268	17,313	34,6250
383,8717	17,315	34,6300
384,0185	17,318	34,6350
384,1732	17,320	34,6400
384,3266	17,323	34,6450
384,4811	17,325	34,6500
384,6279	17,328	34,6550
384,7637	17,330	34,6600
384,8935	17,333	34,6650
385,0371	17,335	34,6700
385,1851	17,338	34,6750
385,3384	17,340	34,6800
385,4705	17,343	34,6850
385,6053	17,345	34,6900
385,7513	17,348	34,6950
385,8979	17,350	34,7000
386,0395	17,353	34,7050
386,1820	17,355	34,7100
386,3212	17,358	34,7150
386,4765	17,360	34,7200
386,6280	17,363	34,7250
386,7717	17,365	34,7300
386,9094	17,368	34,7350
387,0393	17,370	34,7400
387,1674	17,373	34,7450
387,3119	17,375	34,7500
387,4617	17,378	34,7550
387,6124	17,380	34,7600
387,7411	17,383	34,7650
387,8764	17,385	34,7700
388,0247	17,388	34,7750
388,1655	17,390	34,7800
388,3041	17,393	34,7850
388,4491	17,395	34,7900
388,5906	17,398	34,7950
388,7424	17,400	34,8000
388,8881	17,403	34,8050
389,0425	17,405	34,8100
389,1844	17,408	34,8150
389,3116	17,410	34,8200
389,4491	17,413	34,8250
389,5940	17,415	34,8300
389,7432	17,418	34,8350
389,8906	17,420	34,8400
390,0237	17,423	34,8450
390,1660	17,425	34,8500
390,3075	17,428	34,8550
390,4541	17,430	34,8600
390,5980	17,433	34,8650
390,7487	17,435	34,8700
390,8998	17,438	34,8750
391,0622	17,440	34,8800
391,2112	17,443	34,8850
391,3622	17,445	34,8900
391,5078	17,448	34,8950
391,6431	17,450	34,9000
391,7767	17,453	34,9050
391,9339	17,455	34,9100
392,0859	17,458	34,9150
392,2437	17,460	34,9200
392,3820	17,463	34,9250
392,5278	17,465	34,9300
392,6795	17,468	34,9350
392,8223	17,470	34,9400
392,9655	17,473	34,9450
393,1143	17,475	34,9500
393,2575	17,478	34,9550
393,4185	17,480	34,9600
393,5711	17,483	34,9650
393,7218	17,485	34,9700
393,8728	17,488	34,9750
394,0089	17,490	34,9800
394,1357	17,493	34,9850
394,2879	17,495	34,9900
394,4366	17,498	34,9950
394,5919	17,500	35,0000
394,7258	17,503	35,0050
394,8610	17,505	35,0100
395,0109	17,508	35,0150
395,1562	17,510	35,0200
395,2923	17,513	35,0250
395,4395	17,515	35,0300
395,5868	17,518	35,0350
395,7450	17,520	35,0400
395,9041	17,523	35,0450
396,0605	17,525	35,0500
396,2118	17,528	35,0550
396,3465	17,530	35,0600
396,4783	17,533	35,0650
396,6291	17,535	35,0700
396,7758	17,538	35,0750
396,9305	17,540	35,0800
397,0718	17,543	35,0850
397,2097	17,545	35,0900
397,3533	17,548	35,0950
397,5037	17,550	35,1000
397,6563	17,553	35,1050
397,8155	17,555	35,1100
397,9596	17,558	35,1150
398,1191	17,560	35,1200
398,2794	17,563	35,1250
398,4387	17,565	35,1300
398,5920	17,568	35,1350
398,7340	17,570	35,1400
398,8663	17,573	35,1450
399,0282	17,575	35,1500
399,1918	17,578	35,1550
399,3529	17,580	35,1600
399,4929	17,583	35,1650
399,6397	17,585	35,1700
399,7932	17,588	35,1750
399,9473	17,590	35,1800
400,0942	17,593	35,1850
400,2504	17,595	35,1900
400,4001	17,598	35,1950
400,5585	17,600	35,2000
400,7180	17,603	35,2050
400,8798	17,605	35,2100
401,0253	17,608	35,2150
401,1604	17,610	35,2200
401,2927	17,613	35,2250
401,4404	17,615	35,2300
401,5975	17,618	35,2350
401,7593	17,620	35,2400
401,9028	17,623	35,2450
402,0447	17,625	35,2500
402,1910	17,628	35,2550
402,3344	17,630	35,2600
402,4753	17,633	35,2650
402,6243	17,635	35,2700
402,7716	17,638	35,2750
402,9315	17,640	35,2800
403,0901	17,643	35,2850
403,2468	17,645	35,2900
403,3984	17,648	35,2950
403,5375	17,650	35,3000
403,6805	17,653	35,3050
403,8495	17,655	35,3100
404,0089	17,658	35,3150
404,1733	17,660	35,3200
404,3184	17,663	35,3250
404,4681	17,665	35,3300
404,6121	17,668	35,3350
404,7572	17,670	35,3400
404,9063	17,673	35,3450
405,0626	17,675	35,3500
405,2179	17,678	35,3550
405,3896	17,680	35,3600
405,5493	17,683	35,3650
405,7046	17,685	35,3700
405,8603	17,688	35,3750
406,0040	17,690	35,3800
406,1442	17,693	35,3850
406,3145	17,695	35,3900
406,4682	17,698	35,3950
406,6408	17,700	35,4000
406,7957	17,703	35,4050
406,9414	17,705	35,4100
407,0843	17,708	35,4150
407,2396	17,710	35,4200
407,3946	17,713	35,4250
407,5505	17,715	35,4300
407,7109	17,718	35,4350
407,8852	17,720	35,4400
408,0538	17,723	35,4450
408,2126	17,725	35,4500
408,3617	17,728	35,4550
408,4985	17,730	35,4600
408,6399	17,733	35,4650
408,8062	17,735	35,4700
408,9640	17,738	35,4750
409,1172	17,740	35,4800
409,2658	17,743	35,4850
409,4169	17,745	35,4900
409,5683	17,748	35,4950
409,7207	17,750	35,5000
409,8723	17,753	35,5050
410,0278	17,755	35,5100
410,1754	17,758	35,5150
410,3331	17,760	35,5200
410,4918	17,763	35,5250
410,6487	17,765	35,5300
410,8021	17,768	35,5350
410,9480	17,770	35,5400
411,0829	17,773	35,5450
411,2391	17,775	35,5500
411,3960	17,778	35,5550
411,5609	17,780	35,5600
411,7058	17,783	35,5650
411,8491	17,785	35,5700
412,0003	17,788	35,5750
412,1581	17,790	35,5800
412,3102	17,793	35,5850
412,4672	17,795	35,5900
412,6150	17,798	35,5950
412,7789	17,800	35,6000
412,9437	17,803	35,6050
413,1096	17,805	35,6100
413,2743	17,808	35,6150
413,4191	17,810	35,6200
413,5663	17,813	35,6250
413,7325	17,815	35,6300
413,8913	17,818	35,6350
414,0541	17,820	35,6400
414,2137	17,823	35,6450
414,3698	17,825	35,6500
414,5363	17,828	35,6550
414,6983	17,830	35,6600
414,8600	17,833	35,6650
415,0234	17,835	35,6700
415,1802	17,838	35,6750
415,3432	17,840	35,6800
415,5129	17,843	35,6850
415,6722	17,845	35,6900
415,8309	17,848	35,6950
415,9738	17,850	35,7000
416,1077	17,853	35,7050
416,2754	17,855	35,7100
416,4493	17,858	35,7150
416,6153	17,860	35,7200
416,7601	17,863	35,7250
416,9064	17,865	35,7300
417,0598	17,868	35,7350
417,2175	17,870	35,7400
417,3686	17,873	35,7450
417,5303	17,875	35,7500
417,6859	17,878	35,7550
417,8550	17,880	35,7600
418,0258	17,883	35,7650
418,1859	17,885	35,7700
418,3379	17,888	35,7750
418,4881	17,890	35,7800
418,6326	17,893	35,7850
418,7991	17,895	35,7900
418,9615	17,898	35,7950
419,1343	17,900	35,8000
419,2918	17,903	35,8050
419,4428	17,905	35,8100
419,6053	17,908	35,8150
419,7663	17,910	35,8200
419,9261	17,913	35,8250
420,0856	17,915	35,8300
420,2408	17,918	35,8350
420,4080	17,920	35,8400
420,5794	17,923	35,8450
420,7452	17,925	35,8500
420,9038	17,928	35,8550
421,0505	17,930	35,8600
421,1976	17,933	35,8650
421,3609	17,935	35,8700
421,5330	17,938	35,8750
421,7094	17,940	35,8800
421,8707	17,943	35,8850
422,0173	17,945	35,8900
422,1778	17,948	35,8950
422,3460	17,950	35,9000
422,5093	17,953	35,9050
422,6793	17,955	35,9100
422,8487	17,958	35,9150
423,0153	17,960	35,9200
423,1829	17,963	35,9250
423,3480	17,965	35,9300
423,5088	17,968	35,9350
423,6580	17,970	35,9400
423,8078	17,973	35,9450
423,9842	17,975	35,9500
424,1621	17,978	35,9550
424,3328	17,980	35,9600
424,4873	17,983	35,9650
424,6427	17,985	35,9700
424,8016	17,988	35,9750
424,9650	17,990	35,9800
425,1288	17,993	35,9850
425,2911	17,995	35,9900
425,4446	17,998	35,9950
425,6202	18,000	36,0000
425,7957	18,003	36,0050
425,9533	18,005	36,0100
426,1111	18,008	36,0150
426,2640	18,010	36,0200
426,4101	18,013	36,0250
426,5787	18,015	36,0300
426,7502	18,018	36,0350
426,9227	18,020	36,0400
427,0872	18,023	36,0450
427,2481	18,025	36,0500
427,4160	18,028	36,0550
427,5873	18,030	36,0600
427,7536	18,033	36,0650
427,9242	18,035	36,0700
428,0856	18,038	36,0750
428,2587	18,040	36,0800
428,4393	18,043	36,0850
428,6156	18,045	36,0900
428,7748	18,048	36,0950
428,9276	18,050	36,1000
429,0818	18,053	36,1050
429,2669	18,055	36,1100
429,4399	18,058	36,1150
429,6146	18,060	36,1200
429,7800	18,063	36,1250
429,9449	18,065	36,1300
430,1084	18,068	36,1350
430,2737	18,070	36,1400
430,4356	18,073	36,1450
430,6090	18,075	36,1500
430,7713	18,078	36,1550
430,9425	18,080	36,1600
431,1187	18,083	36,1650
431,2971	18,085	36,1700
431,4693	18,088	36,1750
431,6213	18,090	36,1800
431,7628	18,093	36,1850
431,9320	18,095	36,1900
432,1045	18,098	36,1950
432,2799	18,100	36,2000
432,4457	18,103	36,2050
432,6008	18,105	36,2100
432,7672	18,108	36,2150
432,9382	18,110	36,2200
433,0992	18,113	36,2250
433,2674	18,115	36,2300
433,4362	18,118	36,2350
433,6167	18,120	36,2400
433,7985	18,123	36,2450
433,9710	18,125	36,2500
434,1378	18,128	36,2550
434,2865	18,130	36,2600
434,4355	18,133	36,2650
434,6029	18,135	36,2700
434,7708	18,138	36,2750
434,9496	18,140	36,2800
435,1170	18,143	36,2850
435,2733	18,145	36,2900
435,4302	18,148	36,2950
435,5985	18,150	36,3000
435,7596	18,153	36,3050
435,9273	18,155	36,3100
436,0873	18,158	36,3150
436,2572	18,160	36,3200
436,4362	18,163	36,3250
436,6014	18,165	36,3300
436,7612	18,168	36,3350
436,9107	18,170	36,3400
437,0658	18,173	36,3450
437,2484	18,175	36,3500
437,4222	18,178	36,3550
437,5954	18,180	36,3600
437,7534	18,183	36,3650
437,9155	18,185	36,3700
438,0834	18,188	36,3750
438,2678	18,190	36,3800
438,4503	18,193	36,3850
438,6225	18,195	36,3900
438,7853	18,198	36,3950
438,9680	18,200	36,4000
439,1548	18,203	36,4050
439,3323	18,205	36,4100
439,5031	18,208	36,4150
439,6615	18,210	36,4200
439,8147	18,213	36,4250
439,9903	18,215	36,4300
440,1693	18,218	36,4350
440,3556	18,220	36,4400
440,5176	18,223	36,4450
440,6723	18,225	36,4500
440,8482	18,228	36,4550
441,0267	18,230	36,4600
441,1951	18,233	36,4650
441,3627	18,235	36,4700
441,5283	18,238	36,4750
441,7053	18,240	36,4800
441,8923	18,243	36,4850
442,0727	18,245	36,4900
442,2431	18,248	36,4950
442,3986	18,250	36,5000
442,5481	18,253	36,5050
442,7326	18,255	36,5100
442,9047	18,258	36,5150
443,0797	18,260	36,5200
443,2444	18,263	36,5250
443,4053	18,265	36,5300
443,5731	18,268	36,5350
443,7444	18,270	36,5400
443,9133	18,273	36,5450
444,0978	18,275	36,5500
444,2708	18,278	36,5550
444,4584	18,280	36,5600
444,6515	18,283	36,5650
444,8267	18,285	36,5700
444,9963	18,288	36,5750
445,1628	18,290	36,5800
445,3132	18,293	36,5850
445,4856	18,295	36,5900
445,6642	18,298	36,5950
445,8526	18,300	36,6000
446,0256	18,303	36,6050
446,1898	18,305	36,6100
446,3662	18,308	36,6150
446,5504	18,310	36,6200
446,7309	18,313	36,6250
446,9142	18,315	36,6300
447,0840	18,318	36,6350
447,2681	18,320	36,6400
447,4619	18,323	36,6450
447,6438	18,325	36,6500
447,8292	18,328	36,6550
447,9929	18,330	36,6600
448,1449	18,333	36,6650
448,3296	18,335	36,6700
448,5118	18,338	36,6750
448,7013	18,340	36,6800
448,8808	18,343	36,6850
449,0494	18,345	36,6900
449,2244	18,348	36,6950
449,4009	18,350	36,7000
449,5656	18,353	36,7050
449,7446	18,355	36,7100
449,9191	18,358	36,7150
450,0994	18,360	36,7200
450,2880	18,363	36,7250
450,4681	18,365	36,7300
450,6363	18,368	36,7350
450,7939	18,370	36,7400
450,9503	18,373	36,7450
451,1342	18,375	36,7500
451,3156	18,378	36,7550
451,4981	18,380	36,7600
451,6625	18,383	36,7650
451,8204	18,385	36,7700
451,9938	18,388	36,7750
452,1753	18,390	36,7800
452,3492	18,393	36,7850
452,5272	18,395	36,7900
452,7103	18,398	36,7950
452,9073	18,400	36,8000
453,0921	18,403	36,8050
453,2724	18,405	36,8100
453,4457	18,408	36,8150
453,6099	18,410	36,8200
453,7628	18,413	36,8250
453,9508	18,415	36,8300
454,1403	18,418	36,8350
454,3305	18,420	36,8400
454,5072	18,423	36,8450
454,6719	18,425	36,8500
454,8499	18,428	36,8550
455,0312	18,430	36,8600
455,2105	18,433	36,8650
455,3953	18,435	36,8700
455,5704	18,438	36,8750
455,7579	18,440	36,8800
455,9532	18,443	36,8850
456,1336	18,445	36,8900
456,3063	18,448	36,8950
456,4717	18,450	36,9000
456,6354	18,453	36,9050
456,8303	18,455	36,9100
457,0235	18,458	36,9150
457,2115	18,460	36,9200
457,3869	18,463	36,9250
457,5499	18,465	36,9300
457,7256	18,468	36,9350
457,9062	18,470	36,9400
458,0867	18,473	36,9450
458,2672	18,475	36,9500
458,4407	18,478	36,9550
458,6310	18,480	36,9600
458,8254	18,483	36,9650
459,0043	18,485	36,9700
459,1739	18,488	36,9750
459,3463	18,490	36,9800
459,5045	18,493	36,9850
459,6902	18,495	36,9900
459,8687	18,498	36,9950
460,0539	18,500	37,0000
460,2359	18,503	37,0050
460,4002	18,505	37,0100
460,5774	18,508	37,0150
460,7605	18,510	37,0200
460,9365	18,513	37,0250
461,1214	18,515	37,0300
461,3043	18,518	37,0350
461,4939	18,520	37,0400
461,6943	18,523	37,0450
461,8917	18,525	37,0500
462,0812	18,528	37,0550
462,2507	18,530	37,0600
462,4040	18,533	37,0650
462,5930	18,535	37,0700
462,7886	18,538	37,0750
462,9911	18,540	37,0800
463,1791	18,543	37,0850
463,3504	18,545	37,0900
463,5347	18,548	37,0950
463,7235	18,550	37,1000
463,9092	18,553	37,1050
464,0954	18,555	37,1100
464,2847	18,558	37,1150
464,4832	18,560	37,1200
464,6886	18,563	37,1250
464,8811	18,565	37,1300
465,0683	18,568	37,1350
465,2396	18,570	37,1400
465,4069	18,573	37,1450
465,6094	18,575	37,1500
465,8120	18,578	37,1550
466,0037	18,580	37,1600
466,1810	18,583	37,1650
466,3537	18,585	37,1700
466,5385	18,588	37,1750
466,7399	18,590	37,1800
466,9200	18,593	37,1850
467,1111	18,595	37,1900
467,2941	18,598	37,1950
467,4921	18,600	37,2000
467,6978	18,603	37,2050
467,8867	18,605	37,2100
468,0702	18,608	37,2150
468,2424	18,610	37,2200
468,4051	18,613	37,2250
468,6022	18,615	37,2300
468,8006	18,618	37,2350
468,9939	18,620	37,2400
469,1768	18,623	37,2450
469,3392	18,625	37,2500
469,5109	18,628	37,2550
469,6986	18,630	37,2600
469,8793	18,633	37,2650
470,0676	18,635	37,2700
470,2511	18,638	37,2750
470,4476	18,640	37,2800
470,6409	18,643	37,2850
470,8326	18,645	37,2900
471,0206	18,648	37,2950
471,1923	18,650	37,3000
471,3625	18,653	37,3050
471,5616	18,655	37,3100
471,7600	18,658	37,3150
471,9641	18,660	37,3200
472,1576	18,663	37,3250
472,3393	18,665	37,3300
472,5253	18,668	37,3350
472,7162	18,670	37,3400
472,9049	18,673	37,3450
473,1071	18,675	37,3500
473,3013	18,678	37,3550
473,5090	18,680	37,3600
473,7164	18,683	37,3650
473,9217	18,685	37,3700
474,1240	18,688	37,3750
474,3088	18,690	37,3800
474,4785	18,693	37,3850
474,6800	18,695	37,3900
474,8821	18,698	37,3950
475,0848	18,700	37,4000
475,2696	18,703	37,4050
475,4410	18,705	37,4100
475,6254	18,708	37,4150
475,8256	18,710	37,4200
476,0174	18,713	37,4250
476,2107	18,715	37,4300
476,3930	18,718	37,4350
476,5919	18,720	37,4400
476,8029	18,723	37,4450
476,9985	18,725	37,4500
477,1860	18,728	37,4550
477,3619	18,730	37,4600
477,5287	18,733	37,4650
477,7255	18,735	37,4700
477,9235	18,738	37,4750
478,1267	18,740	37,4800
478,3255	18,743	37,4850
478,5012	18,745	37,4900
478,6768	18,748	37,4950
478,8690	18,750	37,5000
479,0550	18,753	37,5050
479,2513	18,755	37,5100
479,4438	18,758	37,5150
479,6394	18,760	37,5200
479,8453	18,763	37,5250
480,0410	18,765	37,5300
480,2367	18,768	37,5350
480,4205	18,770	37,5400
480,5930	18,773	37,5450
480,8015	18,775	37,5500
481,0064	18,778	37,5550
481,2074	18,780	37,5600
481,4019	18,783	37,5650
481,5825	18,785	37,5700
481,7751	18,788	37,5750
481,9719	18,790	37,5800
482,1565	18,793	37,5850
482,3516	18,795	37,5900
482,5456	18,798	37,5950
482,7567	18,800	37,6000
482,9697	18,803	37,6050
483,1684	18,805	37,6100
483,3633	18,808	37,6150
483,5451	18,810	37,6200
483,7200	18,813	37,6250
483,9327	18,815	37,6300
484,1451	18,818	37,6350
484,3499	18,820	37,6400
484,5476	18,823	37,6450
484,7329	18,825	37,6500
484,9303	18,828	37,6550
485,1313	18,830	37,6600
485,3160	18,833	37,6650
485,5203	18,835	37,6700
485,7199	18,838	37,6750
485,9292	18,840	37,6800
486,1481	18,843	37,6850
486,3482	18,845	37,6900
486,5370	18,848	37,6950
486,7243	18,850	37,7000
486,9029	18,853	37,7050
487,1079	18,855	37,7100
487,3182	18,858	37,7150
487,5230	18,860	37,7200
487,7219	18,863	37,7250
487,9063	18,865	37,7300
488,0930	18,868	37,7350
488,2926	18,870	37,7400
488,4782	18,873	37,7450
488,6784	18,875	37,7500
488,8790	18,878	37,7550
489,0870	18,880	37,7600
489,3023	18,883	37,7650
489,5086	18,885	37,7700
489,6954	18,888	37,7750
489,8804	18,890	37,7800
490,0571	18,893	37,7850
490,2622	18,895	37,7900
490,4672	18,898	37,7950
490,6774	18,900	37,8000
490,8822	18,903	37,8050
491,0625	18,905	37,8100
491,2539	18,908	37,8150
491,4630	18,910	37,8200
491,6573	18,913	37,8250
491,8616	18,915	37,8300
492,0610	18,918	37,8350
492,2716	18,920	37,8400
492,5058	18,923	37,8450
492,7167	18,925	37,8500
492,9143	18,928	37,8550
493,1035	18,930	37,8600
493,2925	18,933	37,8650
493,5106	18,935	37,8700
493,7212	18,938	37,8750
493,9302	18,940	37,8800
494,1342	18,943	37,8850
494,3277	18,945	37,8900
494,5284	18,948	37,8950
494,7338	18,950	37,9000
494,9262	18,953	37,9050
495,1345	18,955	37,9100
495,3402	18,958	37,9150
495,5512	18,960	37,9200
495,7703	18,963	37,9250
495,9766	18,965	37,9300
496,1797	18,968	37,9350
496,3697	18,970	37,9400
496,5541	18,973	37,9450
496,7718	18,975	37,9500
496,9836	18,978	37,9550
497,1924	18,980	37,9600
497,3908	18,983	37,9650
497,5710	18,985	37,9700
497,7681	18,988	37,9750
497,9813	18,990	37,9800
498,1820	18,993	37,9850
498,3906	18,995	37,9900
498,5862	18,998	37,9950
498,7949	19,000	38,0000
499,0126	19,003	38,0050
499,2093	19,005	38,0100
499,4052	19,008	38,0150
499,5851	19,010	38,0200
499,7613	19,013	38,0250
499,9678	19,015	38,0300
500,1747	19,018	38,0350
500,3901	19,020	38,0400
500,6039	19,023	38,0450
500,7963	19,025	38,0500
500,9930	19,028	38,0550
501,2082	19,030	38,0600
501,4115	19,033	38,0650
501,6339	19,035	38,0700
501,8451	19,038	38,0750
502,0623	19,040	38,0800
502,2951	19,043	38,0850
502,5133	19,045	38,0900
502,7188	19,048	38,0950
502,9203	19,050	38,1000
503,1150	19,053	38,1050
503,3473	19,055	38,1100
503,5686	19,058	38,1150
503,7856	19,060	38,1200
503,9998	19,063	38,1250
504,1943	19,065	38,1300
504,3996	19,068	38,1350
504,6173	19,070	38,1400
504,8228	19,073	38,1450
505,0475	19,075	38,1500
505,2546	19,078	38,1550
505,4658	19,080	38,1600
505,6972	19,083	38,1650
505,9102	19,085	38,1700
506,1143	19,088	38,1750
506,3070	19,090	38,1800
506,4852	19,093	38,1850
506,7047	19,095	38,1900
506,9240	19,098	38,1950
507,1396	19,100	38,2000
507,3425	19,103	38,2050
507,5359	19,105	38,2100
507,7375	19,108	38,2150
507,9521	19,110	38,2200
508,1498	19,113	38,2250
508,3659	19,115	38,2300
508,5692	19,118	38,2350
508,7847	19,120	38,2400
509,0146	19,123	38,2450
509,2265	19,125	38,2500
509,4261	19,128	38,2550
509,6189	19,130	38,2600
509,8026	19,133	38,2650
510,0218	19,135	38,2700
510,2452	19,138	38,2750
510,4651	19,140	38,2800
510,6716	19,143	38,2850
510,8600	19,145	38,2900
511,0581	19,148	38,2950
511,2782	19,150	38,3000
511,4880	19,153	38,3050
511,7099	19,155	38,3100
511,9240	19,158	38,3150
512,1462	19,160	38,3200
512,3752	19,163	38,3250
512,5965	19,165	38,3300
512,8043	19,168	38,3350
513,0064	19,170	38,3400
513,1963	19,173	38,3450
513,4201	19,175	38,3500
513,6435	19,178	38,3550
513,8700	19,180	38,3600
514,0811	19,183	38,3650
514,2736	19,185	38,3700
514,4950	19,188	38,3750
514,7219	19,190	38,3800
514,9284	19,193	38,3850
515,1505	19,195	38,3900
515,3657	19,198	38,3950
515,5916	19,200	38,4000
515,8255	19,203	38,4050
516,0380	19,205	38,4100
516,2515	19,208	38,4150
516,4615	19,210	38,4200
516,6552	19,213	38,4250
516,8785	19,215	38,4300
517,1019	19,218	38,4350
517,3249	19,220	38,4400
517,5413	19,223	38,4450
517,7446	19,225	38,4500
517,9593	19,228	38,4550
518,1875	19,230	38,4600
518,3824	19,233	38,4650
518,6074	19,235	38,4700
518,8224	19,238	38,4750
519,0452	19,240	38,4800
519,2883	19,243	38,4850
519,5112	19,245	38,4900
519,7214	19,248	38,4950
519,9292	19,250	38,5000
520,1140	19,253	38,5050
520,3408	19,255	38,5100
520,5694	19,258	38,5150
520,7912	19,260	38,5200
521,0053	19,263	38,5250
521,2001	19,265	38,5300
521,4059	19,268	38,5350
521,6277	19,270	38,5400
521,8381	19,273	38,5450
522,0764	19,275	38,5500
522,2962	19,278	38,5550
522,5223	19,280	38,5600
522,7699	19,283	38,5650
523,0025	19,285	38,5700
523,2268	19,288	38,5750
523,4259	19,290	38,5800
523,6157	19,293	38,5850
523,8479	19,295	38,5900
524,0768	19,298	38,5950
524,3099	19,300	38,6000
524,5428	19,303	38,6050
524,7485	19,305	38,6100
524,9652	19,308	38,6150
525,1940	19,310	38,6200
525,4142	19,313	38,6250
525,6556	19,315	38,6300
525,8790	19,318	38,6350
526,1180	19,320	38,6400
526,3709	19,323	38,6450
526,5924	19,325	38,6500
526,8072	19,328	38,6550
527,0191	19,330	38,6600
527,2164	19,333	38,6650
527,4481	19,335	38,6700
527,6828	19,338	38,6750
527,9079	19,340	38,6800
528,1399	19,343	38,6850
528,3426	19,345	38,6900
528,5657	19,348	38,6950
528,8005	19,350	38,7000
529,0195	19,353	38,7050
529,2548	19,355	38,7100
529,4703	19,358	38,7150
529,6995	19,360	38,7200
529,9535	19,363	38,7250
530,1773	19,365	38,7300
530,3992	19,368	38,7350
530,6076	19,370	38,7400
530,7938	19,373	38,7450
531,0279	19,375	38,7500
531,2724	19,378	38,7550
531,5039	19,380	38,7600
531,7276	19,383	38,7650
531,9411	19,385	38,7700
532,1687	19,388	38,7750
532,4069	19,390	38,7800
532,6118	19,393	38,7850
532,8392	19,395	38,7900
533,0622	19,398	38,7950
533,2952	19,400	38,8000
533,5468	19,403	38,8050
533,7834	19,405	38,8100
534,0109	19,408	38,8150
534,2159	19,410	38,8200
534,4096	19,413	38,8250
534,6509	19,415	38,8300
534,8910	19,418	38,8350
535,1181	19,420	38,8400
535,3442	19,423	38,8450
535,5561	19,425	38,8500
535,7881	19,428	38,8550
536,0226	19,430	38,8600
536,2457	19,433	38,8650
536,4877	19,435	38,8700
536,7124	19,438	38,8750
536,9495	19,440	38,8800
537,2078	19,443	38,8850
537,4454	19,445	38,8900
537,6733	19,448	38,8950
537,8902	19,450	38,9000
538,0910	19,453	38,9050
538,3427	19,455	38,9100
538,5947	19,458	38,9150
538,8381	19,460	38,9200
539,0698	19,463	38,9250
539,2794	19,465	38,9300
539,5138	19,468	38,9350
539,7531	19,470	38,9400
539,9759	19,473	38,9450
540,2203	19,475	38,9500
540,4508	19,478	38,9550
540,6898	19,480	38,9600
540,9492	19,483	38,9650
541,1854	19,485	38,9700
541,4111	19,488	38,9750
541,6344	19,490	38,9800
541,8409	19,493	38,9850
542,0880	19,495	38,9900
542,3275	19,498	38,9950
542,5703	19,500	39,0000
542,8069	19,503	39,0050
543,0229	19,505	39,0100
543,2575	19,508	39,0150
543,5051	19,510	39,0200
543,7238	19,513	39,0250
543,9563	19,515	39,0300
544,1811	19,518	39,0350
544,4175	19,520	39,0400
544,6888	19,523	39,0450
544,9357	19,525	39,0500
545,1734	19,528	39,0550
545,3898	19,530	39,0600
545,5933	19,533	39,0650
545,8394	19,535	39,0700
546,0902	19,538	39,0750
546,3344	19,540	39,0800
546,5653	19,543	39,0850
546,7811	19,545	39,0900
547,0160	19,548	39,0950
547,2711	19,550	39,1000
547,4989	19,553	39,1050
547,7425	19,555	39,1100
547,9798	19,558	39,1150
548,2286	19,560	39,1200
548,5038	19,563	39,1250
548,7541	19,565	39,1300
548,9861	19,568	39,1350
549,2076	19,570	39,1400
549,4147	19,573	39,1450
549,6720	19,575	39,1500
549,9301	19,578	39,1550
550,1784	19,580	39,1600
550,4211	19,583	39,1650
550,6396	19,585	39,1700
550,8762	19,588	39,1750
551,1273	19,590	39,1800
551,3535	19,593	39,1850
551,5920	19,595	39,1900
551,8296	19,598	39,1950
552,0814	19,600	39,2000
552,3418	19,603	39,2050
552,5881	19,605	39,2100
552,8302	19,608	39,2150
553,0503	19,610	39,2200
553,2497	19,613	39,2250
553,4953	19,615	39,2300
553,7526	19,618	39,2350
554,0010	19,620	39,2400
554,2417	19,623	39,2450
554,4556	19,625	39,2500
554,6826	19,628	39,2550
554,9274	19,630	39,2600
555,1555	19,633	39,2650
555,4069	19,635	39,2700
555,6477	19,638	39,2750
555,8952	19,640	39,2800
556,1644	19,643	39,2850
556,4120	19,645	39,2900
556,6552	19,648	39,2950
556,8889	19,650	39,3000
557,0980	19,653	39,3050
557,3616	19,655	39,3100
557,6229	19,658	39,3150
557,8731	19,660	39,3200
558,1092	19,663	39,3250
558,3204	19,665	39,3300
558,5608	19,668	39,3350
558,8179	19,670	39,3400
559,0563	19,673	39,3450
559,3220	19,675	39,3500
559,5623	19,678	39,3550
559,8092	19,680	39,3600
560,0951	19,683	39,3650
560,3510	19,685	39,3700
560,5943	19,688	39,3750
560,8316	19,690	39,3800
561,0546	19,693	39,3850
561,3152	19,695	39,3900
561,5770	19,698	39,3950
561,8376	19,700	39,4000
562,0987	19,703	39,4050
562,3240	19,705	39,4100
562,5639	19,708	39,4150
562,8329	19,710	39,4200
563,0770	19,713	39,4250
563,3318	19,715	39,4300
563,5708	19,718	39,4350
563,8226	19,720	39,4400
564,1065	19,723	39,4450
564,3560	19,725	39,4500
564,5939	19,728	39,4550
564,8342	19,730	39,4600
565,0487	19,733	39,4650
565,3094	19,735	39,4700
565,5702	19,738	39,4750
565,8279	19,740	39,4800
566,0834	19,743	39,4850
566,3018	19,745	39,4900
566,5421	19,748	39,4950
566,8073	19,750	39,5000
567,0425	19,753	39,5050
567,2946	19,755	39,5100
567,5415	19,758	39,5150
567,7811	19,760	39,5200
568,0459	19,763	39,5250
568,2888	19,765	39,5300
568,5321	19,768	39,5350
568,7650	19,770	39,5400
568,9707	19,773	39,5450
569,2266	19,775	39,5500
569,4886	19,778	39,5550
569,7450	19,780	39,5600
569,9954	19,783	39,5650
570,2249	19,785	39,5700
570,4717	19,788	39,5750
570,7321	19,790	39,5800
570,9652	19,793	39,5850
571,2258	19,795	39,5900
571,4709	19,798	39,5950
571,7308	19,800	39,6000
572,0148	19,803	39,6050
572,2688	19,805	39,6100
572,5183	19,808	39,6150
572,7539	19,810	39,6200
572,9672	19,813	39,6250
573,2404	19,815	39,6300
573,5128	19,818	39,6350
573,7731	19,820	39,6400
574,0268	19,823	39,6450
574,2555	19,825	39,6500
574,5048	19,828	39,6550
574,7716	19,830	39,6600
575,0106	19,833	39,6650
575,2754	19,835	39,6700
575,5226	19,838	39,6750
575,7829	19,840	39,6800
576,0760	19,843	39,6850
576,3307	19,845	39,6900
576,5754	19,848	39,6950
576,8191	19,850	39,7000
577,0394	19,853	39,7050
577,3152	19,855	39,7100
577,5937	19,858	39,7150
577,8545	19,860	39,7200
578,1119	19,863	39,7250
578,3403	19,865	39,7300
578,5855	19,868	39,7350
578,8552	19,870	39,7400
579,0988	19,873	39,7450
579,3659	19,875	39,7500
579,6233	19,878	39,7550
579,8847	19,880	39,7600
580,1700	19,883	39,7650
580,4252	19,885	39,7700
580,6782	19,888	39,7750
580,9258	19,890	39,7800
581,1459	19,893	39,7850
581,4146	19,895	39,7900
581,6773	19,898	39,7950
581,9430	19,900	39,8000
582,2030	19,903	39,8050
582,4253	19,905	39,8100
582,6791	19,908	39,8150
582,9506	19,910	39,8200
583,1904	19,913	39,8250
583,4489	19,915	39,8300
583,6972	19,918	39,8350
583,9594	19,920	39,8400
584,2630	19,923	39,8450
584,5290	19,925	39,8500
584,7920	19,928	39,8550
585,0432	19,930	39,8600
585,2709	19,933	39,8650
585,5463	19,935	39,8700
585,8271	19,938	39,8750
586,0982	19,940	39,8800
586,3700	19,943	39,8850
586,6079	19,945	39,8900
586,8679	19,948	39,8950
587,1479	19,950	39,9000
587,3991	19,953	39,9050
587,6767	19,955	39,9100
587,9386	19,958	39,9150
588,2010	19,960	39,9200
588,4965	19,963	39,9250
588,7578	19,965	39,9300
589,0220	19,968	39,9350
589,2811	19,970	39,9400
589,5029	19,973	39,9450
589,7720	19,975	39,9500
590,0540	19,978	39,9550
590,3224	19,980	39,9600
590,5892	19,983	39,9650
590,8248	19,985	39,9700
591,0855	19,988	39,9750
591,3649	19,990	39,9800
591,6103	19,993	39,9850
591,8844	19,995	39,9900
592,1488	19,998	39,9950
592,4215	20,000	40,0000
592,7134	20,000	40,0050
592,8755	20,000	40,0100
592,7668	20,000	40,0150
592,4532	20,000	40,0200
592,1065	19,999	40,0250
591,7784	19,988	40,0300
591,1882	19,976	40,0350
589,4031	19,960	40,0400
586,1325	19,941	40,0450
581,9725	19,918	40,0500
577,1995	19,889	40,0550
571,8452	19,854	40,0600
565,4211	19,811	40,0650
557,8705	19,761	40,0700
549,1564	19,711	40,0750
539,4741	19,661	40,0800
529,5220	19,611	40,0850
520,0319	19,561	40,0900
511,1742	19,511	40,0950
502,7399	19,461	40,1000
494,5968	19,411	40,1050
486,7761	19,361	40,1100
479,3271	19,311	40,1150
472,1560	19,261	40,1200
465,2538	19,211	40,1250
458,6094	19,161	40,1300
452,2390	19,111	40,1350
446,0573	19,061	40,1400
440,0917	19,011	40,1450
434,3380	18,961	40,1500
428,7715	18,911	40,1550
423,3364	18,861	40,1600
418,0561	18,811	40,1650
412,9438	18,761	40,1700
407,9633	18,711	40,1750
403,1269	18,661	40,1800
398,4148	18,611	40,1850
393,8213	18,561	40,1900
389,3394	18,511	40,1950
384,9945	18,461	40,2000
380,7572	18,411	40,2050
376,6203	18,361	40,2100
372,5721	18,311	40,2150
368,6388	18,261	40,2200
364,7652	18,211	40,2250
360,9855	18,161	40,2300
357,3088	18,111	40,2350
353,7181	18,061	40,2400
350,1848	18,011	40,2450
346,7163	17,961	40,2500
343,3199	17,911	40,2550
339,9752	17,861	40,2600
336,6909	17,811	40,2650
333,4875	17,761	40,2700
330,3441	17,711	40,2750
327,2598	17,661	40,2800
324,2206	17,611	40,2850
321,2481	17,561	40,2900
318,3391	17,511	40,2950
315,4580	17,461	40,3000
312,6255	17,411	40,3050
309,8424	17,361	40,3100
307,0939	17,311	40,3150
304,4014	17,261	40,3200
301,7427	17,211	40,3250
299,1461	17,161	40,3300
296,5909	17,111	40,3350
294,0560	17,061	40,3400
291,5488	17,011	40,3450
289,0738	16,961	40,3500
286,6277	16,911	40,3550
284,2033	16,861	40,3600
281,8109	16,811	40,3650
279,4589	16,761	40,3700
277,1355	16,711	40,3750
274,8602	16,661	40,3800
272,6086	16,611	40,3850
270,3589	16,561	40,3900
268,1325	16,511	40,3950
265,9488	16,461	40,4000
263,7640	16,411	40,4050
261,6072	16,361	40,4100
259,5048	16,311	40,4150
257,4304	16,261	40,4200
255,3722	16,211	40,4250
253,3303	16,161	40,4300
251,3109	16,111	40,4350
249,3027	16,061	40,4400
247,3088	16,011	40,4450
245,3430	15,961	40,4500
243,4014	15,911	40,4550
241,4680	15,861	40,4600
239,5780	15,811	40,4650
237,6880	15,761	40,4700
235,8379	15,711	40,4750
233,9846	15,661	40,4800
232,1267	15,611	40,4850
230,2979	15,561	40,4900
228,4700	15,511	40,4950
226,6740	15,461	40,5000
224,8784	15,411	40,5050
223,0829	15,361	40,5100
221,3148	15,311	40,5150
219,5685	15,261	40,5200
217,8236	15,211	40,5250
216,0982	15,161	40,5300
214,3760	15,111	40,5350
212,6827	15,061	40,5400
211,0120	15,011	40,5450
209,3255	14,961	40,5500
207,6656	14,911	40,5550
206,0212	14,861	40,5600
204,3976	14,811	40,5650
202,7448	14,761	40,5700
201,1282	14,711	40,5750
199,5098	14,661	40,5800
197,9092	14,611	40,5850
196,3065	14,561	40,5900
194,7191	14,511	40,5950
193,1582	14,461	40,6000
191,5748	14,411	40,6050
190,0192	14,361	40,6100
188,4841	14,311	40,6150
186,9659	14,261	40,6200
185,4256	14,211	40,6250
183,8932	14,161	40,6300
182,3898	14,111	40,6350
180,8774	14,061	40,6400
179,3664	14,011	40,6450
177,8681	13,961	40,6500
176,4056	13,911	40,6550
174,9166	13,861	40,6600
173,4193	13,811	40,6650
171,9542	13,761	40,6700
170,5108	13,711	40,6750
169,0473	13,661	40,6800
167,5883	13,611	40,6850
166,1481	13,561	40,6900
164,7431	13,511	40,6950
163,3196	13,461	40,7000
161,8865	13,411	40,7050
160,4818	13,361	40,7100
159,0648	13,311	40,7150
157,6645	13,261	40,7200
156,2559	13,211	40,7250
154,8729	13,161	40,7300
153,4949	13,111	40,7350
152,0899	13,061	40,7400
150,7081	13,011	40,7450
149,3419	12,961	40,7500
147,9757	12,911	40,7550
146,5983	12,861	40,7600
145,2347	12,811	40,7650
143,8851	12,761	40,7700
142,5082	12,711	40,7750
141,1406	12,661	40,7800
139,7994	12,611	40,7850
138,4645	12,561	40,7900
137,1382	12,511	40,7950
135,8022	12,461	40,8000
134,4792	12,411	40,8050
133,1696	12,361	40,8100
131,8239	12,311	40,8150
130,4994	12,261	40,8200
129,1926	12,211	40,8250
127,8955	12,161	40,8300
126,5852	12,111	40,8350
125,2839	12,061	40,8400
124,0094	12,011	40,8450
122,7241	11,961	40,8500
121,4310	11,911	40,8550
120,1498	11,861	40,8600
118,8706	11,811	40,8650
117,5949	11,761	40,8700
116,3111	11,711	40,8750
115,0474	11,661	40,8800
113,8139	11,611	40,8850
112,5614	11,561	40,8900
111,3000	11,511	40,8950
110,0366	11,461	40,9000
108,7853	11,411	40,9050
107,5160	11,361	40,9100
106,2667	11,311	40,9150
105,0374	11,261	40,9200
103,8086	11,211	40,9250
102,5781	11,161	40,9300
101,3616	11,111	40,9350
100,1441	11,061	40,9400
98,9127	11,011	40,9450
97,6662	10,961	40,9500
96,4399	10,911	40,9550
95,2199	10,861	40,9600
94,0180	10,811	40,9650
92,7901	10,761	40,9700
91,6037	10,711	40,9750
90,4036	10,661	40,9800
89,1853	10,611	40,9850
87,9752	10,561	40,9900
86,7587	10,511	40,9950
85,5527	10,461	41,0000
84,3328	10,411	41,0050
83,1300	10,361	41,0100
81,9614	10,311	41,0150
80,7595	10,261	41,0200
79,5755	10,211	41,0250
78,4038	10,161	41,0300
77,2135	10,111	41,0350
76,0448	10,061	41,0400
74,8514	10,011	41,0450
73,6908	9,961	41,0500
72,5233	9,911	41,0550
71,3453	9,861	41,0600
70,1969	9,811	41,0650
69,0017	9,761	41,0700
67,8458	9,711	41,0750
66,6740	9,661	41,0800
65,5052	9,611	41,0850
64,3497	9,561	41,0900
63,1826	9,511	41,0950
62,0569	9,461	41,1000
60,8959	9,411	41,1050
59,7402	9,361	41,1100
58,5977	9,311	41,1150
57,4449	9,261	41,1200
56,3103	9,211	41,1250
55,1397	9,161	41,1300
53,9868	9,111	41,1350
52,8793	9,061	41,1400
51,7341	9,011	41,1450
50,5897	8,961	41,1500
49,4750	8,911	41,1550
48,3500	8,861	41,1600
47,2141	8,811	41,1650
46,0500	8,761	41,1700
44,9566	8,711	41,1750
43,8190	8,661	41,1800
42,6851	8,611	41,1850
41,5727	8,561	41,1900
40,4555	8,511	41,1950
39,3680	8,461	41,2000
38,2319	8,411	41,2050
37,1238	8,361	41,2100
36,0275	8,311	41,2150
34,9135	8,261	41,2200
33,7893	8,211	41,2250
32,6973	8,161	41,2300
31,6189	8,111	41,2350
30,5249	8,061	41,2400
29,4289	8,011	41,2450
28,3751	7,961	41,2500
27,2900	7,911	41,2550
26,1804	7,861	41,2600
25,1016	7,811	41,2650
24,0305	7,761	41,2700
22,9654	7,711	41,2750
21,8867	7,661	41,2800
20,8213	7,611	41,2850
19,7741	7,561	41,2900
18,7153	7,511	41,2950
17,6668	7,461	41,3000
16,6063	7,411	41,3050
15,5587	7,361	41,3100
14,5036	7,311	41,3150
13,4413	7,261	41,3200
12,3968	7,211	41,3250
11,3797	7,161	41,3300
10,3477	7,111	41,3350
9,3129	7,061	41,3400
8,3131	7,011	41,3450
7,2982	6,961	41,3500
6,2672	6,911	41,3550
5,2402	6,861	41,3600
4,2362	6,811	41,3650
3,2182	6,761	41,3700
2,2035	6,711	41,3750
1,2214	6,661	41,3800
0,2424	6,611	41,3850
-0,7292	6,561	41,3900
-1,7251	6,511	41,3950
-2,6793	6,461	41,4000
-3,6426	6,411	41,4050
-4,6070	6,361	41,4100
-5,5460	6,311	41,4150
-6,4710	6,261	41,4200
-7,3317	6,211	41,4250
-8,2165	6,161	41,4300
-9,0386	6,111	41,4350
-9,7929	6,061	41,4400
-10,5298	6,011	41,4450
-11,1678	5,961	41,4500
-11,7016	5,911	41,4550
-12,0718	5,861	41,4600
-12,2475	5,811	41,4650
-12,1941	5,761	41,4700
-11,6971	5,711	41,4750
-10,0229	5,661	41,4800
-7,3838	5,611	41,4850
-4,2235	5,561	41,4900
-1,3361	5,511	41,4950
-0,3133	5,461	41,5000
-0,2203	5,411	41,5050
-0,2579	5,361	41,5100
-0,2312	5,311	41,5150
-0,2080	5,261	41,5200
-0,2354	5,211	41,5250
-0,2556	5,161	41,5300
-0,2304	5,111	41,5350
-0,1918	5,061	41,5400
-0,2500	5,011	41,5450
-0,2612	4,961	41,5500
-0,2168	4,911	41,5550
-0,1816	4,861	41,5600
-0,2025	4,811	41,5650
-0,2628	4,761	41,5700
-0,2194	4,711	41,5750
-0,2058	4,661	41,5800
-0,2192	4,611	41,5850
-0,2266	4,561	41,5900
-0,2301	4,511	41,5950
-0,1826	4,461	41,6000
-0,2246	4,411	41,6050
-0,2153	4,361	41,6100
-0,2015	4,311	41,6150
-0,2238	4,261	41,6200
-0,2008	4,211	41,6250
-0,2167	4,161	41,6300
-0,2019	4,111	41,6350
-0,2056	4,061	41,6400
-0,2247	4,011	41,6450
-0,2169	3,961	41,6500
-0,2208	3,911	41,6550
-0,2061	3,861	41,6600
-0,2142	3,811	41,6650
-0,2173	3,761	41,6700
-0,1862	3,711	41,6750
-0,1884	3,661	41,6800
-0,2047	3,611	41,6850
-0,2252	3,561	41,6900
-0,2120	3,511	41,6950
-0,2020	3,461	41,7000
-0,2232	3,411	41,7050
-0,2240	3,361	41,7100
-0,1923	3,311	41,7150
-0,1950	3,261	41,7200
-0,2235	3,211	41,7250
-0,2070	3,161	41,7300
-0,1889	3,111	41,7350
-0,1812	3,061	41,7400
-0,2345	3,011	41,7450
-0,2246	2,961	41,7500
-0,1808	2,911	41,7550
-0,1897	2,861	41,7600
-0,2073	2,811	41,7650
-0,2239	2,761	41,7700
-0,1894	2,711	41,7750
-0,2071	2,661	41,7800
-0,2142	2,611	41,7850
-0,2124	2,561	41,7900
-0,2007	2,511	41,7950
-0,1978	2,461	41,8000
-0,2231	2,411	41,8050
-0,1961	2,361	41,8100
-0,1903	2,311	41,8150
-0,2018	2,261	41,8200
-0,2031	2,211	41,8250
-0,2029	2,161	41,8300
-0,2160	2,111	41,8350
-0,2262	2,061	41,8400
-0,2131	2,011	41,8450
-0,1975	1,961	41,8500
-0,1961	1,911	41,8550
-0,2109	1,861	41,8600
-0,2002	1,811	41,8650
-0,1944	1,761	41,8700
-0,2005	1,711	41,8750
-0,2063	1,661	41,8800
-0,2081	1,611	41,8850
-0,2021	1,561	41,8900
-0,1941	1,511	41,8950
-0,2246	1,461	41,9000
-0,2171	1,411	41,9050
-0,2010	1,361	41,9100
-0,1936	1,311	41,9150
-0,2119	1,261	41,9200
-0,2148	1,211	41,9250
-0,1849	1,161	41,9300
-0,1880	1,111	41,9350
-0,2090	1,061	41,9400
-0,2019	1,011	41,9450
-0,1969	0,961	41,9500
-0,2013	0,911	41,9550
-0,2271	0,861	41,9600
-0,2090	0,811	41,9650
-0,1753	0,761	41,9700
-0,1849	0,711	41,9750
-0,2084	0,661	41,9800
-0,2101	0,611	41,9850
-0,1848	0,561	41,9900
-0,1947	0,511	41,9950
-0,2220	0,461	42,0000
-0,2323	0,411	42,0050
-0,1900	0,361	42,0100
-0,1828	0,311	42,0150
-0,2143	0,261	42,0200
-0,2174	0,211	42,0250
-0,1813	0,164	42,0300
-0,1678	0,126	42,0350
0,0168	0,095	42,0400
0,1634	0,069	42,0450
0,1580	0,048	42,0500
0,0342	0,031	42,0550
-0,0336	0,017	42,0600
0,0182	0,006	42,0650
0,0266	0,000	42,0700
