TEST_3	TEST_3	TEST_3
Force	Distance	Time
N	mm	sec

-0,0007	0,000	0,0000
-0,0022	0,003	0,0050
0,0428	0,005	0,0100
0,0456	0,008	0,0150
0,0128	0,010	0,0200
0,0109	0,013	0,0250
-0,0010	0,015	0,0300
0,0134	0,018	0,0350
0,0084	0,020	0,0400
-0,0234	0,023	0,0450
0,0000	0,025	0,0500
0,0172	0,028	0,0550
-0,0114	0,030	0,0600
0,0012	0,033	0,0650
-0,0072	0,035	0,0700
-0,0002	0,038	0,0750
0,0161	0,040	0,0800
-0,0159	0,043	0,0850
0,0101	0,045	0,0900
0,0027	0,048	0,0950
-0,0091	0,050	0,1000
0,0053	0,053	0,1050
-0,0030	0,055	0,1100
-0,0079	0,058	0,1150
-0,0001	0,060	0,1200
-0,0232	0,063	0,1250
-0,0058	0,065	0,1300
0,0058	0,068	0,1350
-0,0042	0,070	0,1400
0,0188	0,073	0,1450
0,0044	0,075	0,1500
-0,0122	0,078	0,1550
0,0073	0,080	0,1600
-0,0215	0,083	0,1650
0,0036	0,085	0,1700
0,0048	0,088	0,1750
-0,0044	0,090	0,1800
0,0151	0,093	0,1850
0,0007	0,095	0,1900
-0,0122	0,098	0,1950
0,0065	0,100	0,2000
-0,0149	0,103	0,2050
0,0034	0,105	0,2100
0,0090	0,108	0,2150
-0,0188	0,110	0,2200
-0,0037	0,113	0,2250
-0,0171	0,115	0,2300
-0,0097	0,118	0,2350
0,0203	0,120	0,2400
-0,0132	0,123	0,2450
0,0099	0,125	0,2500
0,0046	0,128	0,2550
-0,0056	0,130	0,2600
0,0107	0,133	0,2650
0,0034	0,135	0,2700
0,0007	0,138	0,2750
0,0143	0,140	0,2800
-0,0117	0,143	0,2850
0,0023	0,145	0,2900
0,0098	0,148	0,2950
-0,0127	0,150	0,3000
0,0117	0,153	0,3050
0,0014	0,155	0,3100
0,0000	0,158	0,3150
0,0141	0,160	0,3200
-0,0121	0,163	0,3250
0,0115	0,165	0,3300
-0,0008	0,168	0,3350
-0,0157	0,170	0,3400
0,0075	0,173	0,3450
0,0066	0,175	0,3500
-0,0058	0,178	0,3550
0,0009	0,180	0,3600
-0,0230	0,183	0,3650
0,0069	0,185	0,3700
0,0118	0,188	0,3750
-0,0063	0,190	0,3800
0,0165	0,193	0,3850
0,0075	0,195	0,3900
-0,0069	0,198	0,3950
0,0026	0,200	0,4000
-0,0202	0,203	0,4050
0,0028	0,205	0,4100
0,0046	0,208	0,4150
-0,0001	0,210	0,4200
0,0215	0,213	0,4250
0,0043	0,215	0,4300
-0,0194	0,218	0,4350
0,0074	0,220	0,4400
-0,0143	0,223	0,4450
0,0090	0,225	0,4500
0,0031	0,228	0,4550
-0,0059	0,230	0,4600
0,0146	0,233	0,4650
0,0008	0,235	0,4700
-0,0078	0,238	0,4750
0,0141	0,240	0,4800
-0,0111	0,243	0,4850
0,0057	0,245	0,4900
-0,0071	0,248	0,4950
-0,0184	0,250	0,5000
0,0107	0,253	0,5050
0,0008	0,255	0,5100
-0,0053	0,258	0,5150
0,0173	0,260	0,5200
-0,0079	0,263	0,5250
0,0070	0,265	0,5300
0,0039	0,268	0,5350
-0,0087	0,270	0,5400
0,0062	0,273	0,5450
-0,0020	0,275	0,5500
-0,0122	0,278	0,5550
0,0057	0,280	0,5600
-0,0246	0,283	0,5650
-0,0036	0,285	0,5700
0,0004	0,288	0,5750
-0,0069	0,290	0,5800
0,0145	0,293	0,5850
-0,0041	0,295	0,5900
-0,0130	0,298	0,5950
0,0013	0,300	0,6000
-0,0165	0,303	0,6050
0,0089	0,305	0,6100
0,0033	0,308	0,6150
-0,0210	0,310	0,6200
0,0041	0,313	0,6250
0,0017	0,315	0,6300
0,0031	0,318	0,6350
0,0204	0,320	0,6400
-0,0122	0,323	0,6450
-0,0059	0,325	0,6500
-0,0049	0,328	0,6550
-0,0151	0,330	0,6600
0,0020	0,333	0,6650
-0,0024	0,335	0,6700
-0,0067	0,338	0,6750
0,0076	0,340	0,6800
-0,0109	0,343	0,6850
0,0085	0,345	0,6900
0,0051	0,348	0,6950
-0,0153	0,350	0,7000
0,0108	0,353	0,7050
-0,0026	0,355	0,7100
-0,0044	0,358	0,7150
0,0150	0,360	0,7200
-0,0111	0,363	0,7250
0,0118	0,365	0,7300
-0,0011	0,368	0,7350
-0,0085	0,370	0,7400
0,0136	0,373	0,7450
0,0051	0,375	0,7500
-0,0109	0,378	0,7550
0,0098	0,380	0,7600
-0,0157	0,383	0,7650
0,0089	0,385	0,7700
0,0081	0,388	0,7750
-0,0114	0,390	0,7800
0,0136	0,393	0,7850
0,0063	0,395	0,7900
-0,0015	0,398	0,7950
0,0149	0,400	0,8000
-0,0112	0,403	0,8050
0,0124	0,405	0,8100
0,0084	0,408	0,8150
-0,0060	0,410	0,8200
0,0158	0,413	0,8250
0,0091	0,415	0,8300
-0,0098	0,418	0,8350
0,0020	0,420	0,8400
-0,0321	0,423	0,8450
-0,0018	0,425	0,8500
0,0029	0,428	0,8550
-0,0073	0,430	0,8600
0,0121	0,433	0,8650
0,0002	0,435	0,8700
-0,0017	0,438	0,8750
0,0226	0,440	0,8800
-0,0035	0,443	0,8850
0,0124	0,445	0,8900
0,0085	0,448	0,8950
-0,0065	0,450	0,9000
0,0112	0,453	0,9050
-0,0031	0,455	0,9100
-0,0065	0,458	0,9150
0,0030	0,460	0,9200
-0,0220	0,463	0,9250
0,0022	0,465	0,9300
0,0052	0,468	0,9350
-0,0060	0,470	0,9400
0,0088	0,473	0,9450
-0,0017	0,475	0,9500
-0,0080	0,478	0,9550
0,0185	0,480	0,9600
-0,0133	0,483	0,9650
0,0017	0,485	0,9700
-0,0003	0,488	0,9750
-0,0085	0,490	0,9800
0,0069	0,493	0,9850
0,0009	0,495	0,9900
-0,0097	0,498	0,9950
0,0055	0,500	1,0000
-0,0132	0,503	1,0050
0,0156	0,505	1,0100
0,0141	0,508	1,0150
-0,0049	0,510	1,0200
0,0122	0,513	1,0250
0,0063	0,515	1,0300
-0,0046	0,518	1,0350
0,0103	0,520	1,0400
-0,0134	0,523	1,0450
0,0035	0,525	1,0500
-0,0146	0,528	1,0550
-0,0194	0,530	1,0600
0,0125	0,533	1,0650
0,0046	0,535	1,0700
-0,0028	0,538	1,0750
0,0127	0,540	1,0800
-0,0077	0,543	1,0850
0,0120	0,545	1,0900
0,0080	0,548	1,0950
-0,0134	0,550	1,1000
0,0092	0,553	1,1050
0,0041	0,555	1,1100
0,0038	0,558	1,1150
0,0216	0,560	1,1200
-0,0126	0,563	1,1250
0,0018	0,565	1,1300
-0,0057	0,568	1,1350
-0,0095	0,570	1,1400
0,0126	0,573	1,1450
0,0071	0,575	1,1500
0,0023	0,578	1,1550
0,0193	0,580	1,1600
-0,0061	0,583	1,1650
0,0157	0,585	1,1700
0,0103	0,588	1,1750
-0,0069	0,590	1,1800
0,0146	0,593	1,1850
0,0040	0,595	1,1900
0,0011	0,598	1,1950
0,0181	0,600	1,2000
-0,0115	0,603	1,2050
-0,0000	0,605	1,2100
-0,0013	0,608	1,2150
-0,0077	0,610	1,2200
0,0167	0,613	1,2250
0,0086	0,615	1,2300
-0,0017	0,618	1,2350
0,0109	0,620	1,2400
-0,0147	0,623	1,2450
0,0055	0,625	1,2500
-0,0010	0,628	1,2550
-0,0153	0,630	1,2600
-0,0001	0,633	1,2650
-0,0059	0,635	1,2700
-0,0085	0,638	1,2750
0,0095	0,640	1,2800
-0,0248	0,643	1,2850
-0,0080	0,645	1,2900
-0,0063	0,648	1,2950
-0,0071	0,650	1,3000
0,0148	0,653	1,3050
-0,0003	0,655	1,3100
-0,0098	0,658	1,3150
0,0051	0,660	1,3200
-0,0245	0,663	1,3250
0,0024	0,665	1,3300
0,0025	0,668	1,3350
-0,0086	0,670	1,3400
0,0144	0,673	1,3450
0,0045	0,675	1,3500
-0,0054	0,678	1,3550
0,0182	0,680	1,3600
-0,0119	0,683	1,3650
0,0038	0,685	1,3700
-0,0014	0,688	1,3750
-0,0089	0,690	1,3800
0,0078	0,693	1,3850
-0,0027	0,695	1,3900
-0,0102	0,698	1,3950
0,0063	0,700	1,4000
-0,0191	0,703	1,4050
0,0103	0,705	1,4100
0,0094	0,708	1,4150
-0,0125	0,710	1,4200
0,0124	0,713	1,4250
0,0058	0,715	1,4300
-0,0013	0,718	1,4350
0,0147	0,720	1,4400
-0,0070	0,723	1,4450
0,0133	0,725	1,4500
0,0089	0,728	1,4550
-0,0116	0,730	1,4600
0,0081	0,733	1,4650
0,0084	0,735	1,4700
-0,0005	0,738	1,4750
0,0121	0,740	1,4800
-0,0074	0,743	1,4850
0,0095	0,745	1,4900
0,0011	0,748	1,4950
-0,0196	0,750	1,5000
0,0040	0,753	1,5050
-0,0016	0,755	1,5100
-0,0008	0,758	1,5150
0,0131	0,760	1,5200
-0,0113	0,763	1,5250
0,0076	0,765	1,5300
0,0016	0,768	1,5350
-0,0159	0,770	1,5400
0,0088	0,773	1,5450
0,0104	0,775	1,5500
-0,0070	0,778	1,5550
0,0123	0,780	1,5600
-0,0022	0,783	1,5650
0,0143	0,785	1,5700
0,0047	0,788	1,5750
-0,0092	0,790	1,5800
0,0102	0,793	1,5850
-0,0012	0,795	1,5900
-0,0055	0,798	1,5950
0,0041	0,800	1,6000
-0,0197	0,803	1,6050
-0,0005	0,805	1,6100
-0,0036	0,808	1,6150
-0,0120	0,810	1,6200
0,0156	0,813	1,6250
0,0060	0,815	1,6300
-0,0027	0,818	1,6350
0,0094	0,820	1,6400
-0,0163	0,823	1,6450
0,0036	0,825	1,6500
-0,0012	0,828	1,6550
-0,0090	0,830	1,6600
0,0052	0,833	1,6650
-0,0007	0,835	1,6700
-0,0103	0,838	1,6750
0,0096	0,840	1,6800
-0,0125	0,843	1,6850
0,0060	0,845	1,6900
0,0057	0,848	1,6950
-0,0090	0,850	1,7000
0,0154	0,853	1,7050
0,0031	0,855	1,7100
-0,0020	0,858	1,7150
0,0108	0,860	1,7200
-0,0098	0,863	1,7250
0,0168	0,865	1,7300
0,0090	0,868	1,7350
-0,0083	0,870	1,7400
0,0089	0,873	1,7450
-0,0016	0,875	1,7500
-0,0121	0,878	1,7550
0,0036	0,880	1,7600
-0,0243	0,883	1,7650
0,0016	0,885	1,7700
0,0041	0,888	1,7750
-0,0066	0,890	1,7800
0,0156	0,893	1,7850
0,0056	0,895	1,7900
-0,0051	0,898	1,7950
0,0099	0,900	1,8000
-0,0103	0,903	1,8050
0,0150	0,905	1,8100
0,0033	0,908	1,8150
-0,0106	0,910	1,8200
0,0102	0,913	1,8250
0,0082	0,915	1,8300
0,0083	0,918	1,8350
0,0131	0,920	1,8400
-0,0192	0,923	1,8450
0,0008	0,925	1,8500
-0,0048	0,928	1,8550
-0,0136	0,930	1,8600
0,0094	0,933	1,8650
0,0032	0,935	1,8700
0,0000	0,938	1,8750
0,0128	0,940	1,8800
-0,0099	0,943	1,8850
0,0150	0,945	1,8900
0,0092	0,948	1,8950
-0,0119	0,950	1,9000
0,0055	0,953	1,9050
-0,0017	0,955	1,9100
-0,0047	0,958	1,9150
0,0201	0,960	1,9200
-0,0030	0,963	1,9250
0,0085	0,965	1,9300
0,0007	0,968	1,9350
-0,0095	0,970	1,9400
0,0074	0,973	1,9450
0,0021	0,975	1,9500
-0,0096	0,978	1,9550
0,0068	0,980	1,9600
-0,0108	0,983	1,9650
0,0174	0,985	1,9700
0,0114	0,988	1,9750
-0,0121	0,990	1,9800
0,0016	0,993	1,9850
-0,0085	0,995	1,9900
-0,0104	0,998	1,9950
0,0094	1,000	2,0000
-0,0102	1,003	2,0050
0,0072	1,005	2,0100
0,0060	1,008	2,0150
-0,0141	1,010	2,0200
0,0066	1,013	2,0250
0,0033	1,015	2,0300
-0,0036	1,018	2,0350
0,0096	1,020	2,0400
-0,0110	1,023	2,0450
0,0157	1,025	2,0500
0,0064	1,028	2,0550
-0,0120	1,030	2,0600
0,0026	1,033	2,0650
-0,0064	1,035	2,0700
-0,0005	1,038	2,0750
0,0163	1,040	2,0800
-0,0115	1,043	2,0850
0,0032	1,045	2,0900
0,0005	1,048	2,0950
-0,0191	1,050	2,1000
0,0040	1,053	2,1050
0,0042	1,055	2,1100
0,0037	1,058	2,1150
0,0139	1,060	2,1200
-0,0088	1,063	2,1250
0,0160	1,065	2,1300
0,0086	1,068	2,1350
-0,0085	1,070	2,1400
0,0002	1,073	2,1450
-0,0022	1,075	2,1500
-0,0077	1,078	2,1550
0,0099	1,080	2,1600
-0,0157	1,083	2,1650
-0,0029	1,085	2,1700
0,0008	1,088	2,1750
-0,0011	1,090	2,1800
0,0184	1,093	2,1850
0,0035	1,095	2,1900
-0,0078	1,098	2,1950
0,0075	1,100	2,2000
-0,0181	1,103	2,2050
0,0074	1,105	2,2100
0,0109	1,108	2,2150
-0,0020	1,110	2,2200
0,0103	1,113	2,2250
0,0024	1,115	2,2300
0,0027	1,118	2,2350
0,0190	1,120	2,2400
-0,0127	1,123	2,2450
0,0031	1,125	2,2500
0,0037	1,128	2,2550
-0,0079	1,130	2,2600
0,0064	1,133	2,2650
0,0013	1,135	2,2700
-0,0074	1,138	2,2750
0,0051	1,140	2,2800
-0,0171	1,143	2,2850
0,0043	1,145	2,2900
0,0093	1,148	2,2950
-0,0055	1,150	2,3000
0,0135	1,153	2,3050
0,0032	1,155	2,3100
-0,0019	1,158	2,3150
0,0136	1,160	2,3200
-0,0003	1,163	2,3250
0,0138	1,165	2,3300
0,0029	1,168	2,3350
-0,0074	1,170	2,3400
0,0157	1,173	2,3450
0,0020	1,175	2,3500
-0,0123	1,178	2,3550
0,0026	1,180	2,3600
-0,0163	1,183	2,3650
0,0148	1,185	2,3700
0,0109	1,188	2,3750
-0,0129	1,190	2,3800
0,0011	1,193	2,3850
-0,0079	1,195	2,3900
-0,0071	1,198	2,3950
0,0029	1,200	2,4000
-0,0216	1,203	2,4050
0,0003	1,205	2,4100
-0,0072	1,208	2,4150
-0,0216	1,210	2,4200
0,0045	1,213	2,4250
0,0038	1,215	2,4300
-0,0095	1,218	2,4350
0,0086	1,220	2,4400
-0,0092	1,223	2,4450
0,0114	1,225	2,4500
0,0041	1,228	2,4550
-0,0119	1,230	2,4600
0,0091	1,233	2,4650
0,0034	1,235	2,4700
-0,0032	1,238	2,4750
0,0093	1,240	2,4800
-0,0141	1,243	2,4850
-0,0010	1,245	2,4900
-0,0017	1,248	2,4950
-0,0081	1,250	2,5000
0,0142	1,253	2,5050
-0,0041	1,255	2,5100
-0,0198	1,258	2,5150
-0,0019	1,260	2,5200
-0,0227	1,263	2,5250
0,0011	1,265	2,5300
-0,0018	1,268	2,5350
-0,0162	1,270	2,5400
-0,0010	1,273	2,5450
-0,0098	1,275	2,5500
-0,0131	1,278	2,5550
0,0039	1,280	2,5600
-0,0168	1,283	2,5650
0,0023	1,285	2,5700
0,0012	1,288	2,5750
-0,0076	1,290	2,5800
0,0141	1,293	2,5850
0,0011	1,295	2,5900
-0,0021	1,298	2,5950
0,0069	1,300	2,6000
-0,0135	1,303	2,6050
0,0063	1,305	2,6100
0,0046	1,308	2,6150
-0,0121	1,310	2,6200
0,0050	1,313	2,6250
-0,0091	1,315	2,6300
-0,0136	1,318	2,6350
0,0085	1,320	2,6400
-0,0119	1,323	2,6450
0,0047	1,325	2,6500
-0,0031	1,328	2,6550
-0,0202	1,330	2,6600
-0,0001	1,333	2,6650
-0,0093	1,335	2,6700
-0,0128	1,338	2,6750
0,0075	1,340	2,6800
-0,0101	1,343	2,6850
0,0153	1,345	2,6900
0,0204	1,348	2,6950
-0,0034	1,350	2,7000
0,0061	1,353	2,7050
-0,0130	1,355	2,7100
-0,0148	1,358	2,7150
0,0005	1,360	2,7200
-0,0198	1,363	2,7250
0,0014	1,365	2,7300
-0,0005	1,368	2,7350
-0,0072	1,370	2,7400
0,0145	1,373	2,7450
0,0095	1,375	2,7500
-0,0051	1,378	2,7550
0,0129	1,380	2,7600
-0,0141	1,383	2,7650
0,0027	1,385	2,7700
0,0012	1,388	2,7750
-0,0123	1,390	2,7800
0,0076	1,393	2,7850
-0,0047	1,395	2,7900
-0,0121	1,398	2,7950
0,0053	1,400	2,8000
-0,0061	1,403	2,8050
0,0138	1,405	2,8100
0,0119	1,408	2,8150
-0,0104	1,410	2,8200
0,0051	1,413	2,8250
-0,0073	1,415	2,8300
-0,0125	1,418	2,8350
0,0064	1,420	2,8400
-0,0191	1,423	2,8450
0,0082	1,425	2,8500
0,0106	1,428	2,8550
-0,0087	1,430	2,8600
0,0031	1,433	2,8650
-0,0035	1,435	2,8700
-0,0056	1,438	2,8750
0,0165	1,440	2,8800
-0,0123	1,443	2,8850
0,0023	1,445	2,8900
-0,0016	1,448	2,8950
-0,0125	1,450	2,9000
0,0045	1,453	2,9050
-0,0044	1,455	2,9100
-0,0136	1,458	2,9150
0,0060	1,460	2,9200
-0,0179	1,463	2,9250
0,0040	1,465	2,9300
0,0037	1,468	2,9350
-0,0152	1,470	2,9400
-0,0046	1,473	2,9450
-0,0081	1,475	2,9500
-0,0061	1,478	2,9550
0,0175	1,480	2,9600
-0,0084	1,483	2,9650
0,0042	1,485	2,9700
0,0010	1,488	2,9750
-0,0094	1,490	2,9800
0,0040	1,493	2,9850
-0,0039	1,495	2,9900
-0,0109	1,498	2,9950
0,0045	1,500	3,0000
-0,0188	1,503	3,0050
0,0014	1,505	3,0100
-0,0019	1,508	3,0150
-0,0153	1,510	3,0200
0,0116	1,513	3,0250
0,0065	1,515	3,0300
0,0005	1,518	3,0350
0,0153	1,520	3,0400
-0,0157	1,523	3,0450
0,0008	1,525	3,0500
-0,0042	1,528	3,0550
-0,0146	1,530	3,0600
0,0018	1,533	3,0650
-0,0090	1,535	3,0700
-0,0095	1,538	3,0750
0,0104	1,540	3,0800
-0,0091	1,543	3,0850
0,0106	1,545	3,0900
0,0138	1,548	3,0950
-0,0092	1,550	3,1000
0,0106	1,553	3,1050
-0,0001	1,555	3,1100
-0,0084	1,558	3,1150
0,0050	1,560	3,1200
-0,0174	1,563	3,1250
0,0047	1,565	3,1300
0,0010	1,568	3,1350
-0,0078	1,570	3,1400
0,0091	1,573	3,1450
0,0082	1,575	3,1500
-0,0066	1,578	3,1550
0,0024	1,580	3,1600
-0,0154	1,583	3,1650
0,0129	1,585	3,1700
0,0137	1,588	3,1750
-0,0027	1,590	3,1800
0,0082	1,593	3,1850
-0,0083	1,595	3,1900
-0,0101	1,598	3,1950
0,0134	1,600	3,2000
-0,0090	1,603	3,2050
0,0072	1,605	3,2100
-0,0043	1,608	3,2150
-0,0189	1,610	3,2200
0,0092	1,613	3,2250
0,0064	1,615	3,2300
-0,0098	1,618	3,2350
0,0048	1,620	3,2400
-0,0141	1,623	3,2450
0,0103	1,625	3,2500
0,0128	1,628	3,2550
-0,0020	1,630	3,2600
0,0115	1,633	3,2650
-0,0041	1,635	3,2700
-0,0083	1,638	3,2750
0,0083	1,640	3,2800
-0,0167	1,643	3,2850
0,0032	1,645	3,2900
0,0020	1,648	3,2950
-0,0079	1,650	3,3000
0,0180	1,653	3,3050
0,0050	1,655	3,3100
-0,0027	1,658	3,3150
0,0085	1,660	3,3200
-0,0111	1,663	3,3250
0,0054	1,665	3,3300
-0,0013	1,668	3,3350
-0,0169	1,670	3,3400
0,0048	1,673	3,3450
-0,0012	1,675	3,3500
-0,0106	1,678	3,3550
0,0083	1,680	3,3600
-0,0201	1,683	3,3650
0,0024	1,685	3,3700
-0,0047	1,688	3,3750
-0,0130	1,690	3,3800
0,0073	1,693	3,3850
0,0000	1,695	3,3900
-0,0074	1,698	3,3950
0,0033	1,700	3,4000
-0,0129	1,703	3,4050
0,0058	1,705	3,4100
0,0044	1,708	3,4150
-0,0113	1,710	3,4200
0,0105	1,713	3,4250
0,0067	1,715	3,4300
0,0060	1,718	3,4350
0,0157	1,720	3,4400
-0,0175	1,723	3,4450
0,0035	1,725	3,4500
-0,0018	1,728	3,4550
-0,0091	1,730	3,4600
0,0099	1,733	3,4650
-0,0016	1,735	3,4700
-0,0101	1,738	3,4750
0,0103	1,740	3,4800
-0,0113	1,743	3,4850
0,0004	1,745	3,4900
-0,0001	1,748	3,4950
-0,0184	1,750	3,5000
0,0066	1,753	3,5050
-0,0010	1,755	3,5100
-0,0040	1,758	3,5150
0,0098	1,760	3,5200
-0,0160	1,763	3,5250
0,0116	1,765	3,5300
0,0037	1,768	3,5350
-0,0088	1,770	3,5400
0,0068	1,773	3,5450
0,0042	1,775	3,5500
-0,0008	1,778	3,5550
0,0098	1,780	3,5600
-0,0140	1,783	3,5650
0,0114	1,785	3,5700
0,0088	1,788	3,5750
-0,0054	1,790	3,5800
0,0125	1,793	3,5850
0,0000	1,795	3,5900
-0,0063	1,798	3,5950
0,0017	1,800	3,6000
-0,0197	1,803	3,6050
0,0004	1,805	3,6100
0,0020	1,808	3,6150
-0,0040	1,810	3,6200
0,0198	1,813	3,6250
0,0086	1,815	3,6300
0,0008	1,818	3,6350
0,0057	1,820	3,6400
-0,0241	1,823	3,6450
-0,0026	1,825	3,6500
0,0024	1,828	3,6550
-0,0068	1,830	3,6600
0,0115	1,833	3,6650
-0,0033	1,835	3,6700
-0,0070	1,838	3,6750
0,0104	1,840	3,6800
-0,0152	1,843	3,6850
-0,0088	1,845	3,6900
-0,0100	1,848	3,6950
-0,0082	1,850	3,7000
0,0182	1,853	3,7050
0,0045	1,855	3,7100
-0,0050	1,858	3,7150
0,0039	1,860	3,7200
-0,0220	1,863	3,7250
0,0019	1,865	3,7300
0,0056	1,868	3,7350
-0,0036	1,870	3,7400
0,0146	1,873	3,7450
-0,0052	1,875	3,7500
-0,0090	1,878	3,7550
0,0106	1,880	3,7600
-0,0086	1,883	3,7650
0,0059	1,885	3,7700
-0,0046	1,888	3,7750
-0,0150	1,890	3,7800
0,0102	1,893	3,7850
0,0034	1,895	3,7900
0,0007	1,898	3,7950
0,0143	1,900	3,8000
-0,0129	1,903	3,8050
0,0088	1,905	3,8100
0,0068	1,908	3,8150
-0,0187	1,910	3,8200
-0,0006	1,913	3,8250
-0,0056	1,915	3,8300
0,0026	1,918	3,8350
0,0216	1,920	3,8400
-0,0048	1,923	3,8450
0,0084	1,925	3,8500
0,0026	1,928	3,8550
-0,0053	1,930	3,8600
0,0190	1,933	3,8650
0,0080	1,935	3,8700
-0,0043	1,938	3,8750
0,0059	1,940	3,8800
-0,0188	1,943	3,8850
0,0008	1,945	3,8900
0,0067	1,948	3,8950
-0,0118	1,950	3,9000
0,0080	1,953	3,9050
-0,0063	1,955	3,9100
-0,0110	1,958	3,9150
0,0102	1,960	3,9200
-0,0098	1,963	3,9250
0,0064	1,965	3,9300
0,0042	1,968	3,9350
-0,0088	1,970	3,9400
0,0089	1,973	3,9450
0,0032	1,975	3,9500
-0,0089	1,978	3,9550
0,0085	1,980	3,9600
-0,0181	1,983	3,9650
0,0058	1,985	3,9700
0,0034	1,988	3,9750
-0,0196	1,990	3,9800
0,0052	1,993	3,9850
0,0015	1,995	3,9900
-0,0032	1,998	3,9950
0,0062	2,000	4,0000
-0,0162	2,003	4,0050
-0,0024	2,005	4,0100
-0,0028	2,008	4,0150
-0,0107	2,010	4,0200
0,0159	2,013	4,0250
0,0076	2,015	4,0300
-0,0046	2,018	4,0350
0,0136	2,020	4,0400
-0,0136	2,023	4,0450
0,0070	2,025	4,0500
0,0017	2,028	4,0550
-0,0154	2,030	4,0600
0,0081	2,033	4,0650
-0,0009	2,035	4,0700
-0,0093	2,038	4,0750
0,0043	2,040	4,0800
-0,0182	2,043	4,0850
0,0034	2,045	4,0900
0,0043	2,048	4,0950
-0,0108	2,050	4,1000
0,0071	2,053	4,1050
-0,0008	2,055	4,1100
-0,0028	2,058	4,1150
0,0087	2,060	4,1200
-0,0081	2,063	4,1250
0,0170	2,065	4,1300
0,0079	2,068	4,1350
-0,0146	2,070	4,1400
0,0037	2,073	4,1450
-0,0051	2,075	4,1500
-0,0117	2,078	4,1550
0,0137	2,080	4,1600
-0,0048	2,083	4,1650
0,0188	2,085	4,1700
0,0095	2,088	4,1750
-0,0041	2,090	4,1800
0,0140	2,093	4,1850
0,0013	2,095	4,1900
-0,0075	2,098	4,1950
0,0131	2,100	4,2000
-0,0129	2,103	4,2050
0,0143	2,105	4,2100
0,0175	2,108	4,2150
-0,0042	2,110	4,2200
0,0069	2,113	4,2250
-0,0027	2,115	4,2300
-0,0054	2,118	4,2350
0,0166	2,120	4,2400
-0,0146	2,123	4,2450
0,0048	2,125	4,2500
-0,0003	2,128	4,2550
-0,0050	2,130	4,2600
0,0178	2,133	4,2650
0,0073	2,135	4,2700
0,0015	2,138	4,2750
0,0138	2,140	4,2800
-0,0187	2,143	4,2850
0,0001	2,145	4,2900
0,0045	2,148	4,2950
-0,0138	2,150	4,3000
0,0136	2,153	4,3050
0,0029	2,155	4,3100
-0,0075	2,158	4,3150
0,0085	2,160	4,3200
-0,0141	2,163	4,3250
-0,0009	2,165	4,3300
-0,0053	2,168	4,3350
-0,0070	2,170	4,3400
0,0132	2,173	4,3450
0,0011	2,175	4,3500
-0,0158	2,178	4,3550
0,0049	2,180	4,3600
-0,0145	2,183	4,3650
0,0105	2,185	4,3700
0,0084	2,188	4,3750
-0,0117	2,190	4,3800
0,0059	2,193	4,3850
-0,0041	2,195	4,3900
-0,0035	2,198	4,3950
0,0074	2,200	4,4000
-0,0138	2,203	4,4050
0,0077	2,205	4,4100
0,0023	2,208	4,4150
-0,0079	2,210	4,4200
0,0140	2,213	4,4250
0,0003	2,215	4,4300
-0,0099	2,218	4,4350
0,0047	2,220	4,4400
-0,0157	2,223	4,4450
0,0033	2,225	4,4500
-0,0056	2,228	4,4550
-0,0172	2,230	4,4600
0,0006	2,233	4,4650
-0,0045	2,235	4,4700
-0,0030	2,238	4,4750
0,0149	2,240	4,4800
-0,0087	2,243	4,4850
0,0037	2,245	4,4900
-0,0040	2,248	4,4950
-0,0166	2,250	4,5000
0,0115	2,253	4,5050
0,0049	2,255	4,5100
-0,0052	2,258	4,5150
0,0096	2,260	4,5200
-0,0148	2,263	4,5250
0,0084	2,265	4,5300
0,0037	2,268	4,5350
-0,0102	2,270	4,5400
0,0078	2,273	4,5450
-0,0018	2,275	4,5500
-0,0089	2,278	4,5550
0,0163	2,280	4,5600
-0,0071	2,283	4,5650
0,0060	2,285	4,5700
0,0036	2,288	4,5750
-0,0039	2,290	4,5800
0,0208	2,293	4,5850
0,0112	2,295	4,5900
-0,0011	2,298	4,5950
0,0150	2,300	4,6000
-0,0113	2,303	4,6050
0,0094	2,305	4,6100
0,0043	2,308	4,6150
-0,0183	2,310	4,6200
0,0029	2,313	4,6250
-0,0049	2,315	4,6300
-0,0064	2,318	4,6350
0,0071	2,320	4,6400
-0,0145	2,323	4,6450
0,0126	2,325	4,6500
0,0060	2,328	4,6550
-0,0066	2,330	4,6600
0,0095	2,333	4,6650
-0,0025	2,335	4,6700
-0,0102	2,338	4,6750
0,0065	2,340	4,6800
-0,0186	2,343	4,6850
0,0018	2,345	4,6900
0,0054	2,348	4,6950
-0,0156	2,350	4,7000
0,0092	2,353	4,7050
0,0002	2,355	4,7100
-0,0053	2,358	4,7150
0,0155	2,360	4,7200
-0,0062	2,363	4,7250
0,0099	2,365	4,7300
0,0004	2,368	4,7350
-0,0125	2,370	4,7400
0,0088	2,373	4,7450
0,0020	2,375	4,7500
-0,0140	2,378	4,7550
0,0025	2,380	4,7600
-0,0235	2,383	4,7650
0,0010	2,385	4,7700
-0,0021	2,388	4,7750
-0,0148	2,390	4,7800
0,0084	2,393	4,7850
-0,0001	2,395	4,7900
-0,0027	2,398	4,7950
0,0172	2,400	4,8000
-0,0071	2,403	4,8050
0,0061	2,405	4,8100
0,0025	2,408	4,8150
-0,0130	2,410	4,8200
0,0105	2,413	4,8250
-0,0014	2,415	4,8300
-0,0063	2,418	4,8350
0,0136	2,420	4,8400
-0,0120	2,423	4,8450
-0,0007	2,425	4,8500
-0,0022	2,428	4,8550
-0,0120	2,430	4,8600
0,0014	2,433	4,8650
-0,0059	2,435	4,8700
-0,0038	2,438	4,8750
0,0155	2,440	4,8800
-0,0184	2,443	4,8850
-0,0019	2,445	4,8900
0,0002	2,448	4,8950
-0,0074	2,450	4,9000
0,0113	2,453	4,9050
-0,0008	2,455	4,9100
-0,0144	2,458	4,9150
0,0066	2,460	4,9200
-0,0125	2,463	4,9250
0,0159	2,465	4,9300
0,0112	2,468	4,9350
0,0004	2,470	4,9400
0,0224	2,473	4,9450
0,0089	2,475	4,9500
-0,0078	2,478	4,9550
0,0080	2,480	4,9600
-0,0158	2,483	4,9650
0,0036	2,485	4,9700
-0,0007	2,488	4,9750
-0,0084	2,490	4,9800
0,0165	2,493	4,9850
0,0027	2,495	4,9900
-0,0147	2,498	4,9950
0,0044	2,500	5,0000
-0,0152	2,503	5,0050
0,0092	2,505	5,0100
0,0070	2,508	5,0150
-0,0113	2,510	5,0200
0,0097	2,513	5,0250
0,0009	2,515	5,0300
-0,0109	2,518	5,0350
0,0094	2,520	5,0400
-0,0171	2,523	5,0450
-0,0049	2,525	5,0500
-0,0089	2,528	5,0550
-0,0218	2,530	5,0600
0,0035	2,533	5,0650
0,0012	2,535	5,0700
0,0009	2,538	5,0750
0,0097	2,540	5,0800
-0,0086	2,543	5,0850
0,0141	2,545	5,0900
0,0151	2,548	5,0950
-0,0078	2,550	5,1000
0,0152	2,553	5,1050
0,0106	2,555	5,1100
-0,0001	2,558	5,1150
0,0079	2,560	5,1200
-0,0264	2,563	5,1250
0,0055	2,565	5,1300
-0,0015	2,568	5,1350
-0,0183	2,570	5,1400
0,0044	2,573	5,1450
0,0033	2,575	5,1500
0,0015	2,578	5,1550
0,0140	2,580	5,1600
-0,0131	2,583	5,1650
0,0191	2,585	5,1700
0,0158	2,588	5,1750
-0,0095	2,590	5,1800
0,0045	2,593	5,1850
-0,0042	2,595	5,1900
-0,0032	2,598	5,1950
0,0059	2,600	5,2000
-0,0172	2,603	5,2050
0,0056	2,605	5,2100
0,0024	2,608	5,2150
-0,0066	2,610	5,2200
0,0201	2,613	5,2250
0,0136	2,615	5,2300
0,0010	2,618	5,2350
0,0143	2,620	5,2400
-0,0142	2,623	5,2450
0,0095	2,625	5,2500
0,0038	2,628	5,2550
-0,0132	2,630	5,2600
0,0039	2,633	5,2650
-0,0008	2,635	5,2700
-0,0048	2,638	5,2750
0,0153	2,640	5,2800
-0,0085	2,643	5,2850
0,0104	2,645	5,2900
0,0113	2,648	5,2950
-0,0008	2,650	5,3000
0,0154	2,653	5,3050
0,0018	2,655	5,3100
-0,0054	2,658	5,3150
0,0127	2,660	5,3200
-0,0121	2,663	5,3250
0,0097	2,665	5,3300
0,0085	2,668	5,3350
-0,0085	2,670	5,3400
0,0086	2,673	5,3450
0,0013	2,675	5,3500
-0,0064	2,678	5,3550
0,0150	2,680	5,3600
-0,0144	2,683	5,3650
-0,0013	2,685	5,3700
-0,0056	2,688	5,3750
-0,0152	2,690	5,3800
0,0110	2,693	5,3850
0,0056	2,695	5,3900
-0,0019	2,698	5,3950
0,0100	2,700	5,4000
-0,0230	2,703	5,4050
0,0054	2,705	5,4100
0,0078	2,708	5,4150
-0,0193	2,710	5,4200
-0,0016	2,713	5,4250
-0,0023	2,715	5,4300
0,0002	2,718	5,4350
0,0095	2,720	5,4400
-0,0250	2,723	5,4450
-0,0013	2,725	5,4500
-0,0056	2,728	5,4550
-0,0126	2,730	5,4600
0,0144	2,733	5,4650
0,0095	2,735	5,4700
-0,0020	2,738	5,4750
0,0083	2,740	5,4800
-0,0158	2,743	5,4850
0,0028	2,745	5,4900
-0,0012	2,748	5,4950
-0,0162	2,750	5,5000
0,0094	2,753	5,5050
-0,0026	2,755	5,5100
-0,0013	2,758	5,5150
0,0222	2,760	5,5200
-0,0003	2,763	5,5250
0,0170	2,765	5,5300
0,0047	2,768	5,5350
-0,0160	2,770	5,5400
0,0085	2,773	5,5450
0,0050	2,775	5,5500
-0,0045	2,778	5,5550
0,0118	2,780	5,5600
-0,0178	2,783	5,5650
0,0051	2,785	5,5700
0,0030	2,788	5,5750
-0,0191	2,790	5,5800
-0,0034	2,793	5,5850
-0,0105	2,795	5,5900
-0,0055	2,798	5,5950
0,0109	2,800	5,6000
-0,0172	2,803	5,6050
0,0002	2,805	5,6100
0,0021	2,808	5,6150
-0,0039	2,810	5,6200
0,0152	2,813	5,6250
0,0095	2,815	5,6300
-0,0053	2,818	5,6350
0,0105	2,820	5,6400
-0,0153	2,823	5,6450
0,0130	2,825	5,6500
0,0034	2,828	5,6550
-0,0138	2,830	5,6600
0,0057	2,833	5,6650
-0,0027	2,835	5,6700
-0,0051	2,838	5,6750
0,0150	2,840	5,6800
-0,0132	2,843	5,6850
0,0023	2,845	5,6900
-0,0019	2,848	5,6950
-0,0088	2,850	5,7000
0,0136	2,853	5,7050
0,0056	2,855	5,7100
-0,0111	2,858	5,7150
0,0076	2,860	5,7200
-0,0103	2,863	5,7250
0,0090	2,865	5,7300
-0,0010	2,868	5,7350
-0,0148	2,870	5,7400
0,0046	2,873	5,7450
-0,0022	2,875	5,7500
-0,0061	2,878	5,7550
0,0198	2,880	5,7600
-0,0095	2,883	5,7650
0,0056	2,885	5,7700
0,0053	2,888	5,7750
-0,0066	2,890	5,7800
0,0076	2,893	5,7850
-0,0002	2,895	5,7900
-0,0039	2,898	5,7950
0,0133	2,900	5,8000
-0,0138	2,903	5,8050
0,0075	2,905	5,8100
0,0080	2,908	5,8150
-0,0110	2,910	5,8200
0,0061	2,913	5,8250
0,0026	2,915	5,8300
0,0028	2,918	5,8350
0,0138	2,920	5,8400
-0,0100	2,923	5,8450
0,0087	2,925	5,8500
0,0019	2,928	5,8550
-0,0028	2,930	5,8600
0,0146	2,933	5,8650
0,0032	2,935	5,8700
-0,0051	2,938	5,8750
0,0088	2,940	5,8800
-0,0174	2,943	5,8850
0,0023	2,945	5,8900
0,0001	2,948	5,8950
-0,0116	2,950	5,9000
0,0153	2,953	5,9050
0,0043	2,955	5,9100
-0,0041	2,958	5,9150
0,0152	2,960	5,9200
-0,0059	2,963	5,9250
0,0075	2,965	5,9300
-0,0060	2,968	5,9350
-0,0164	2,970	5,9400
0,0100	2,973	5,9450
0,0110	2,975	5,9500
-0,0021	2,978	5,9550
0,0083	2,980	5,9600
-0,0208	2,983	5,9650
0,0111	2,985	5,9700
0,0104	2,988	5,9750
-0,0108	2,990	5,9800
0,0077	2,993	5,9850
0,0008	2,995	5,9900
-0,0050	2,998	5,9950
0,0064	3,000	6,0000
-0,0181	3,003	6,0050
-0,0041	3,005	6,0100
-0,0032	3,008	6,0150
-0,0147	3,010	6,0200
0,0061	3,013	6,0250
0,0016	3,015	6,0300
-0,0122	3,018	6,0350
0,0071	3,020	6,0400
-0,0158	3,023	6,0450
0,0080	3,025	6,0500
0,0045	3,028	6,0550
-0,0093	3,030	6,0600
0,0049	3,033	6,0650
-0,0009	3,035	6,0700
-0,0033	3,038	6,0750
0,0136	3,040	6,0800
-0,0081	3,043	6,0850
0,0073	3,045	6,0900
0,0057	3,048	6,0950
-0,0130	3,050	6,1000
0,0054	3,053	6,1050
-0,0002	3,055	6,1100
-0,0073	3,058	6,1150
0,0072	3,060	6,1200
-0,0133	3,063	6,1250
0,0127	3,065	6,1300
0,0045	3,068	6,1350
-0,0109	3,070	6,1400
0,0115	3,073	6,1450
-0,0027	3,075	6,1500
-0,0025	3,078	6,1550
0,0135	3,080	6,1600
-0,0116	3,083	6,1650
0,0097	3,085	6,1700
0,0008	3,088	6,1750
-0,0092	3,090	6,1800
0,0128	3,093	6,1850
0,0013	3,095	6,1900
-0,0071	3,098	6,1950
0,0061	3,100	6,2000
-0,0158	3,103	6,2050
0,0080	3,105	6,2100
0,0063	3,108	6,2150
-0,0126	3,110	6,2200
0,0005	3,113	6,2250
-0,0036	3,115	6,2300
0,0017	3,118	6,2350
0,0202	3,120	6,2400
-0,0108	3,123	6,2450
0,0092	3,125	6,2500
0,0031	3,128	6,2550
-0,0091	3,130	6,2600
0,0065	3,133	6,2650
0,0029	3,135	6,2700
-0,0039	3,138	6,2750
0,0091	3,140	6,2800
-0,0170	3,143	6,2850
0,0029	3,145	6,2900
0,0055	3,148	6,2950
-0,0167	3,150	6,3000
0,0081	3,153	6,3050
0,0051	3,155	6,3100
-0,0011	3,158	6,3150
0,0184	3,160	6,3200
-0,0036	3,163	6,3250
0,0078	3,165	6,3300
0,0032	3,168	6,3350
-0,0076	3,170	6,3400
0,0090	3,173	6,3450
-0,0047	3,175	6,3500
-0,0121	3,178	6,3550
0,0084	3,180	6,3600
-0,0103	3,183	6,3650
0,0092	3,185	6,3700
-0,0013	3,188	6,3750
-0,0202	3,190	6,3800
-0,0012	3,193	6,3850
-0,0054	3,195	6,3900
-0,0005	3,198	6,3950
0,0151	3,200	6,4000
-0,0090	3,203	6,4050
0,0061	3,205	6,4100
-0,0006	3,208	6,4150
-0,0099	3,210	6,4200
0,0112	3,213	6,4250
0,0036	3,215	6,4300
-0,0080	3,218	6,4350
0,0069	3,220	6,4400
-0,0143	3,223	6,4450
0,0089	3,225	6,4500
0,0006	3,228	6,4550
-0,0175	3,230	6,4600
0,0046	3,233	6,4650
-0,0033	3,235	6,4700
-0,0020	3,238	6,4750
0,0092	3,240	6,4800
-0,0135	3,243	6,4850
0,0051	3,245	6,4900
-0,0046	3,248	6,4950
-0,0072	3,250	6,5000
0,0133	3,253	6,5050
-0,0048	3,255	6,5100
-0,0156	3,258	6,5150
0,0010	3,260	6,5200
-0,0185	3,263	6,5250
0,0059	3,265	6,5300
0,0008	3,268	6,5350
-0,0128	3,270	6,5400
0,0102	3,273	6,5450
0,0009	3,275	6,5500
-0,0073	3,278	6,5550
0,0134	3,280	6,5600
-0,0153	3,283	6,5650
0,0025	3,285	6,5700
-0,0051	3,288	6,5750
-0,0149	3,290	6,5800
0,0023	3,293	6,5850
-0,0015	3,295	6,5900
-0,0062	3,298	6,5950
0,0120	3,300	6,6000
-0,0122	3,303	6,6050
0,0137	3,305	6,6100
0,0087	3,308	6,6150
-0,0159	3,310	6,6200
0,0049	3,313	6,6250
-0,0002	3,315	6,6300
-0,0028	3,318	6,6350
0,0091	3,320	6,6400
-0,0225	3,323	6,6450
-0,0025	3,325	6,6500
-0,0067	3,328	6,6550
-0,0166	3,330	6,6600
0,0079	3,333	6,6650
0,0049	3,335	6,6700
-0,0060	3,338	6,6750
0,0036	3,340	6,6800
-0,0201	3,343	6,6850
0,0075	3,345	6,6900
0,0099	3,348	6,6950
-0,0126	3,350	6,7000
0,0038	3,353	6,7050
-0,0026	3,355	6,7100
-0,0048	3,358	6,7150
0,0106	3,360	6,7200
-0,0150	3,363	6,7250
0,0079	3,365	6,7300
0,0054	3,368	6,7350
-0,0034	3,370	6,7400
0,0169	3,373	6,7450
0,0080	3,375	6,7500
-0,0070	3,378	6,7550
0,0056	3,380	6,7600
-0,0156	3,383	6,7650
0,0190	3,385	6,7700
0,0145	3,388	6,7750
-0,0066	3,390	6,7800
0,0061	3,393	6,7850
0,0033	3,395	6,7900
-0,0010	3,398	6,7950
0,0088	3,400	6,8000
-0,0238	3,403	6,8050
-0,0028	3,405	6,8100
-0,0058	3,408	6,8150
-0,0151	3,410	6,8200
0,0062	3,413	6,8250
-0,0020	3,415	6,8300
-0,0052	3,418	6,8350
0,0081	3,420	6,8400
-0,0145	3,423	6,8450
0,0115	3,425	6,8500
0,0070	3,428	6,8550
-0,0101	3,430	6,8600
0,0083	3,433	6,8650
0,0026	3,435	6,8700
0,0035	3,438	6,8750
0,0177	3,440	6,8800
-0,0099	3,443	6,8850
0,0008	3,445	6,8900
-0,0044	3,448	6,8950
-0,0145	3,450	6,9000
0,0136	3,453	6,9050
0,0071	3,455	6,9100
-0,0043	3,458	6,9150
0,0069	3,460	6,9200
-0,0108	3,463	6,9250
0,0093	3,465	6,9300
0,0036	3,468	6,9350
-0,0150	3,470	6,9400
0,0102	3,473	6,9450
0,0044	3,475	6,9500
-0,0030	3,478	6,9550
0,0211	3,480	6,9600
-0,0093	3,483	6,9650
0,0028	3,485	6,9700
0,0016	3,488	6,9750
-0,0019	3,490	6,9800
0,0090	3,493	6,9850
-0,0005	3,495	6,9900
-0,0053	3,498	6,9950
0,0141	3,500	7,0000
-0,0122	3,503	7,0050
0,0053	3,505	7,0100
0,0088	3,508	7,0150
-0,0093	3,510	7,0200
0,0105	3,513	7,0250
0,0051	3,515	7,0300
-0,0075	3,518	7,0350
0,0045	3,520	7,0400
-0,0214	3,523	7,0450
0,0074	3,525	7,0500
0,0022	3,528	7,0550
-0,0083	3,530	7,0600
0,0121	3,533	7,0650
-0,0037	3,535	7,0700
-0,0150	3,538	7,0750
0,0019	3,540	7,0800
-0,0249	3,543	7,0850
-0,0002	3,545	7,0900
0,0059	3,548	7,0950
-0,0103	3,550	7,1000
0,0092	3,553	7,1050
-0,0049	3,555	7,1100
-0,0052	3,558	7,1150
0,0143	3,560	7,1200
-0,0073	3,563	7,1250
0,0101	3,565	7,1300
0,0015	3,568	7,1350
-0,0053	3,570	7,1400
0,0164	3,573	7,1450
0,0016	3,575	7,1500
-0,0103	3,578	7,1550
0,0051	3,580	7,1600
-0,0163	3,583	7,1650
0,0142	3,585	7,1700
0,0095	3,588	7,1750
-0,0085	3,590	7,1800
0,0134	3,593	7,1850
0,0022	3,595	7,1900
-0,0031	3,598	7,1950
0,0107	3,600	7,2000
-0,0168	3,603	7,2050
-0,0003	3,605	7,2100
-0,0017	3,608	7,2150
-0,0084	3,610	7,2200
0,0136	3,613	7,2250
0,0071	3,615	7,2300
-0,0134	3,618	7,2350
0,0065	3,620	7,2400
-0,0151	3,623	7,2450
0,0093	3,625	7,2500
0,0034	3,628	7,2550
-0,0148	3,630	7,2600
0,0019	3,633	7,2650
-0,0027	3,635	7,2700
-0,0052	3,638	7,2750
0,0162	3,640	7,2800
-0,0100	3,643	7,2850
0,0066	3,645	7,2900
0,0036	3,648	7,2950
-0,0083	3,650	7,3000
0,0101	3,653	7,3050
-0,0007	3,655	7,3100
-0,0099	3,658	7,3150
0,0053	3,660	7,3200
-0,0214	3,663	7,3250
0,0048	3,665	7,3300
0,0091	3,668	7,3350
-0,0083	3,670	7,3400
0,0067	3,673	7,3450
-0,0013	3,675	7,3500
-0,0058	3,678	7,3550
0,0168	3,680	7,3600
-0,0131	3,683	7,3650
0,0019	3,685	7,3700
0,0003	3,688	7,3750
-0,0031	3,690	7,3800
0,0138	3,693	7,3850
0,0036	3,695	7,3900
-0,0046	3,698	7,3950
0,0083	3,700	7,4000
-0,0114	3,703	7,4050
0,0152	3,705	7,4100
0,0119	3,708	7,4150
-0,0059	3,710	7,4200
0,0025	3,713	7,4250
-0,0055	3,715	7,4300
-0,0082	3,718	7,4350
0,0040	3,720	7,4400
-0,0157	3,723	7,4450
0,0082	3,725	7,4500
0,0056	3,728	7,4550
-0,0050	3,730	7,4600
0,0079	3,733	7,4650
0,0037	3,735	7,4700
0,0032	3,738	7,4750
0,0134	3,740	7,4800
-0,0154	3,743	7,4850
0,0054	3,745	7,4900
-0,0000	3,748	7,4950
-0,0213	3,750	7,5000
0,0028	3,753	7,5050
0,0012	3,755	7,5100
0,0016	3,758	7,5150
0,0151	3,760	7,5200
-0,0124	3,763	7,5250
0,0071	3,765	7,5300
-0,0018	3,768	7,5350
-0,0089	3,770	7,5400
0,0110	3,773	7,5450
0,0017	3,775	7,5500
-0,0184	3,778	7,5550
0,0051	3,780	7,5600
-0,0186	3,783	7,5650
0,0130	3,785	7,5700
0,0053	3,788	7,5750
-0,0178	3,790	7,5800
-0,0035	3,793	7,5850
-0,0100	3,795	7,5900
-0,0055	3,798	7,5950
0,0104	3,800	7,6000
-0,0157	3,803	7,6050
0,0027	3,805	7,6100
0,0016	3,808	7,6150
-0,0148	3,810	7,6200
0,0112	3,813	7,6250
0,0092	3,815	7,6300
0,0027	3,818	7,6350
0,0108	3,820	7,6400
-0,0167	3,823	7,6450
0,0084	3,825	7,6500
-0,0027	3,828	7,6550
-0,0108	3,830	7,6600
0,0092	3,833	7,6650
-0,0006	3,835	7,6700
-0,0044	3,838	7,6750
0,0131	3,840	7,6800
-0,0169	3,843	7,6850
-0,0093	3,845	7,6900
-0,0123	3,848	7,6950
-0,0176	3,850	7,7000
0,0078	3,853	7,7050
-0,0012	3,855	7,7100
-0,0056	3,858	7,7150
0,0137	3,860	7,7200
-0,0109	3,863	7,7250
0,0123	3,865	7,7300
0,0091	3,868	7,7350
-0,0061	3,870	7,7400
0,0073	3,873	7,7450
0,0037	3,875	7,7500
-0,0067	3,878	7,7550
0,0151	3,880	7,7600
-0,0087	3,883	7,7650
0,0057	3,885	7,7700
-0,0035	3,888	7,7750
-0,0088	3,890	7,7800
0,0175	3,893	7,7850
0,0077	3,895	7,7900
-0,0003	3,898	7,7950
0,0065	3,900	7,8000
-0,0224	3,903	7,8050
-0,0019	3,905	7,8100
-0,0025	3,908	7,8150
-0,0113	3,910	7,8200
0,0123	3,913	7,8250
0,0053	3,915	7,8300
0,0059	3,918	7,8350
0,0219	3,920	7,8400
-0,0121	3,923	7,8450
0,0015	3,925	7,8500
-0,0067	3,928	7,8550
-0,0181	3,930	7,8600
0,0020	3,933	7,8650
-0,0032	3,935	7,8700
-0,0034	3,938	7,8750
0,0113	3,940	7,8800
-0,0160	3,943	7,8850
0,0068	3,945	7,8900
0,0126	3,948	7,8950
-0,0063	3,950	7,9000
0,0091	3,953	7,9050
0,0014	3,955	7,9100
-0,0027	3,958	7,9150
0,0144	3,960	7,9200
-0,0155	3,963	7,9250
0,0019	3,965	7,9300
0,0006	3,968	7,9350
-0,0054	3,970	7,9400
0,0118	3,973	7,9450
0,0093	3,975	7,9500
-0,0028	3,978	7,9550
0,0142	3,980	7,9600
-0,0214	3,983	7,9650
-0,0036	3,985	7,9700
-0,0032	3,988	7,9750
-0,0162	3,990	7,9800
0,0066	3,993	7,9850
-0,0046	3,995	7,9900
-0,0091	3,998	7,9950
0,0118	4,000	8,0000
-0,0085	4,003	8,0050
0,0093	4,005	8,0100
0,0017	4,008	8,0150
-0,0164	4,010	8,0200
0,0105	4,013	8,0250
0,0086	4,015	8,0300
0,0005	4,018	8,0350
0,0083	4,020	8,0400
-0,0180	4,023	8,0450
-0,0010	4,025	8,0500
-0,0051	4,028	8,0550
-0,0143	4,030	8,0600
0,0087	4,033	8,0650
-0,0077	4,035	8,0700
-0,0087	4,038	8,0750
0,0152	4,040	8,0800
-0,0136	4,043	8,0850
-0,0023	4,045	8,0900
-0,0016	4,048	8,0950
-0,0073	4,050	8,1000
0,0174	4,053	8,1050
0,0052	4,055	8,1100
-0,0010	4,058	8,1150
0,0067	4,060	8,1200
-0,0161	4,063	8,1250
0,0047	4,065	8,1300
0,0025	4,068	8,1350
-0,0092	4,070	8,1400
0,0110	4,073	8,1450
0,0051	4,075	8,1500
0,0031	4,078	8,1550
0,0203	4,080	8,1600
-0,0114	4,083	8,1650
0,0092	4,085	8,1700
-0,0012	4,088	8,1750
-0,0123	4,090	8,1800
0,0144	4,093	8,1850
0,0062	4,095	8,1900
-0,0007	4,098	8,1950
0,0111	4,100	8,2000
-0,0100	4,103	8,2050
0,0149	4,105	8,2100
0,0116	4,108	8,2150
-0,0101	4,110	8,2200
0,0112	4,113	8,2250
-0,0036	4,115	8,2300
-0,0087	4,118	8,2350
0,0060	4,120	8,2400
-0,0219	4,123	8,2450
-0,0016	4,125	8,2500
-0,0039	4,128	8,2550
-0,0114	4,130	8,2600
0,0100	4,133	8,2650
0,0031	4,135	8,2700
-0,0061	4,138	8,2750
0,0047	4,140	8,2800
-0,0226	4,143	8,2850
-0,0060	4,145	8,2900
0,0035	4,148	8,2950
-0,0162	4,150	8,3000
0,0073	4,153	8,3050
-0,0092	4,155	8,3100
-0,0103	4,158	8,3150
0,0109	4,160	8,3200
-0,0158	4,163	8,3250
0,0015	4,165	8,3300
-0,0019	4,168	8,3350
-0,0116	4,170	8,3400
0,0177	4,173	8,3450
0,0064	4,175	8,3500
-0,0064	4,178	8,3550
0,0130	4,180	8,3600
-0,0101	4,183	8,3650
0,0107	4,185	8,3700
0,0112	4,188	8,3750
-0,0111	4,190	8,3800
0,0126	4,193	8,3850
0,0072	4,195	8,3900
0,0033	4,198	8,3950
0,0138	4,200	8,4000
-0,0149	4,203	8,4050
0,0002	4,205	8,4100
-0,0038	4,208	8,4150
-0,0166	4,210	8,4200
0,0042	4,213	8,4250
-0,0026	4,215	8,4300
-0,0137	4,218	8,4350
0,0029	4,220	8,4400
-0,0184	4,223	8,4450
0,0030	4,225	8,4500
0,0068	4,228	8,4550
-0,0064	4,230	8,4600
0,0081	4,233	8,4650
-0,0065	4,235	8,4700
-0,0072	4,238	8,4750
0,0109	4,240	8,4800
-0,0169	4,243	8,4850
0,0002	4,245	8,4900
0,0024	4,248	8,4950
-0,0070	4,250	8,5000
0,0094	4,253	8,5050
-0,0024	4,255	8,5100
-0,0052	4,258	8,5150
0,0165	4,260	8,5200
-0,0063	4,263	8,5250
0,0128	4,265	8,5300
0,0011	4,268	8,5350
-0,0171	4,270	8,5400
0,0098	4,273	8,5450
0,0049	4,275	8,5500
0,0029	4,278	8,5550
0,0229	4,280	8,5600
-0,0185	4,283	8,5650
-0,0052	4,285	8,5700
0,0007	4,288	8,5750
-0,0086	4,290	8,5800
0,0124	4,293	8,5850
0,0029	4,295	8,5900
-0,0035	4,298	8,5950
0,0063	4,300	8,6000
-0,0184	4,303	8,6050
0,0009	4,305	8,6100
0,0091	4,308	8,6150
-0,0055	4,310	8,6200
0,0038	4,313	8,6250
-0,0096	4,315	8,6300
-0,0115	4,318	8,6350
0,0014	4,320	8,6400
-0,0204	4,323	8,6450
0,0074	4,325	8,6500
0,0006	4,328	8,6550
-0,0077	4,330	8,6600
0,0083	4,333	8,6650
0,0054	4,335	8,6700
-0,0005	4,338	8,6750
0,0052	4,340	8,6800
-0,0179	4,343	8,6850
0,0070	4,345	8,6900
0,0044	4,348	8,6950
-0,0088	4,350	8,7000
0,0169	4,353	8,7050
0,0074	4,355	8,7100
0,0098	4,358	8,7150
0,0307	4,360	8,7200
0,0110	4,363	8,7250
0,0312	4,365	8,7300
0,0278	4,368	8,7350
0,0247	4,370	8,7400
0,0478	4,373	8,7450
0,0470	4,375	8,7500
0,0438	4,378	8,7550
0,0668	4,380	8,7600
0,0423	4,383	8,7650
0,0760	4,385	8,7700
0,0773	4,388	8,7750
0,0569	4,390	8,7800
0,0793	4,393	8,7850
0,0789	4,395	8,7900
0,0777	4,398	8,7950
0,0974	4,400	8,8000
0,0766	4,403	8,8050
0,1036	4,405	8,8100
0,0982	4,408	8,8150
0,0827	4,410	8,8200
0,1107	4,413	8,8250
0,1151	4,415	8,8300
0,1011	4,418	8,8350
0,1283	4,420	8,8400
0,1064	4,423	8,8450
0,1359	4,425	8,8500
0,1364	4,428	8,8550
0,1191	4,430	8,8600
0,1463	4,433	8,8650
0,1362	4,435	8,8700
0,1460	4,438	8,8750
0,1734	4,440	8,8800
0,1565	4,443	8,8850
0,1758	4,445	8,8900
0,1776	4,448	8,8950
0,1665	4,450	8,9000
0,1931	4,453	8,9050
0,1922	4,455	8,9100
0,1954	4,458	8,9150
0,2131	4,460	8,9200
0,1904	4,463	8,9250
0,2242	4,465	8,9300
0,2185	4,468	8,9350
0,2069	4,470	8,9400
0,2341	4,473	8,9450
0,2386	4,475	8,9500
0,2388	4,478	8,9550
0,2641	4,480	8,9600
0,2360	4,483	8,9650
0,2578	4,485	8,9700
0,2607	4,488	8,9750
0,2563	4,490	8,9800
0,2859	4,493	8,9850
0,2744	4,495	8,9900
0,2730	4,498	8,9950
0,3015	4,500	9,0000
0,2872	4,503	9,0050
0,3141	4,505	9,0100
0,3151	4,508	9,0150
0,2953	4,510	9,0200
0,3253	4,513	9,0250
0,3295	4,515	9,0300
0,3341	4,518	9,0350
0,3634	4,520	9,0400
0,3459	4,523	9,0450
0,3724	4,525	9,0500
0,3715	4,528	9,0550
0,3606	4,530	9,0600
0,3860	4,533	9,0650
0,3866	4,535	9,0700
0,3825	4,538	9,0750
0,4060	4,540	9,0800
0,3864	4,543	9,0850
0,4190	4,545	9,0900
0,4322	4,548	9,0950
0,4170	4,550	9,1000
0,4480	4,553	9,1050
0,4369	4,555	9,1100
0,4506	4,558	9,1150
0,4693	4,560	9,1200
0,4498	4,563	9,1250
0,4790	4,565	9,1300
0,4763	4,568	9,1350
0,4701	4,570	9,1400
0,4990	4,573	9,1450
0,4940	4,575	9,1500
0,4911	4,578	9,1550
0,5231	4,580	9,1600
0,5018	4,583	9,1650
0,5320	4,585	9,1700
0,5375	4,588	9,1750
0,5280	4,590	9,1800
0,5543	4,593	9,1850
0,5582	4,595	9,1900
0,5707	4,598	9,1950
0,5905	4,600	9,2000
0,5734	4,603	9,2050
0,5934	4,605	9,2100
0,5962	4,608	9,2150
0,5915	4,610	9,2200
0,6319	4,613	9,2250
0,6321	4,615	9,2300
0,6256	4,618	9,2350
0,6499	4,620	9,2400
0,6357	4,623	9,2450
0,6648	4,625	9,2500
0,6648	4,628	9,2550
0,6631	4,630	9,2600
0,6933	4,633	9,2650
0,6883	4,635	9,2700
0,6923	4,638	9,2750
0,7234	4,640	9,2800
0,7083	4,643	9,2850
0,7313	4,645	9,2900
0,7400	4,648	9,2950
0,7402	4,650	9,3000
0,7738	4,653	9,3050
0,7677	4,655	9,3100
0,7589	4,658	9,3150
0,7829	4,660	9,3200
0,7736	4,663	9,3250
0,8033	4,665	9,3300
0,8152	4,668	9,3350
0,8048	4,670	9,3400
0,8438	4,673	9,3450
0,8464	4,675	9,3500
0,8490	4,678	9,3550
0,8695	4,680	9,3600
0,8452	4,683	9,3650
0,8741	4,685	9,3700
0,8802	4,688	9,3750
0,8753	4,690	9,3800
0,9076	4,693	9,3850
0,9107	4,695	9,3900
0,9135	4,698	9,3950
0,9487	4,700	9,4000
0,9356	4,703	9,4050
0,9634	4,705	9,4100
0,9623	4,708	9,4150
0,9596	4,710	9,4200
0,9909	4,713	9,4250
0,9858	4,715	9,4300
0,9896	4,718	9,4350
1,0210	4,720	9,4400
1,0022	4,723	9,4450
1,0311	4,725	9,4500
1,0427	4,728	9,4550
1,0402	4,730	9,4600
1,0707	4,733	9,4650
1,0710	4,735	9,4700
1,0737	4,738	9,4750
1,1024	4,740	9,4800
1,0909	4,743	9,4850
1,1170	4,745	9,4900
1,1263	4,748	9,4950
1,1178	4,750	9,5000
1,1434	4,753	9,5050
1,1420	4,755	9,5100
1,1497	4,758	9,5150
1,1797	4,760	9,5200
1,1624	4,763	9,5250
1,1930	4,765	9,5300
1,2044	4,768	9,5350
1,2071	4,770	9,5400
1,2434	4,773	9,5450
1,2484	4,775	9,5500
1,2477	4,778	9,5550
1,2734	4,780	9,5600
1,2577	4,783	9,5650
1,3016	4,785	9,5700
1,3177	4,788	9,5750
1,3024	4,790	9,5800
1,3307	4,793	9,5850
1,3317	4,795	9,5900
1,3381	4,798	9,5950
1,3718	4,800	9,6000
1,3558	4,803	9,6050
1,3914	4,805	9,6100
1,3963	4,808	9,6150
1,3927	4,810	9,6200
1,4237	4,813	9,6250
1,4353	4,815	9,6300
1,4379	4,818	9,6350
1,4667	4,820	9,6400
1,4546	4,823	9,6450
1,4897	4,825	9,6500
1,4995	4,828	9,6550
1,4985	4,830	9,6600
1,5306	4,833	9,6650
1,5288	4,835	9,6700
1,5361	4,838	9,6750
1,5708	4,840	9,6800
1,5651	4,843	9,6850
1,5954	4,845	9,6900
1,6088	4,848	9,6950
1,6110	4,850	9,7000
1,6354	4,853	9,7050
1,6383	4,855	9,7100
1,6489	4,858	9,7150
1,6896	4,860	9,7200
1,6872	4,863	9,7250
1,7259	4,865	9,7300
1,7387	4,868	9,7350
1,7358	4,870	9,7400
1,7653	4,873	9,7450
1,7680	4,875	9,7500
1,7793	4,878	9,7550
1,8186	4,880	9,7600
1,8069	4,883	9,7650
1,8442	4,885	9,7700
1,8575	4,888	9,7750
1,8621	4,890	9,7800
1,9017	4,893	9,7850
1,9101	4,895	9,7900
1,9160	4,898	9,7950
1,9442	4,900	9,8000
1,9376	4,903	9,8050
1,9830	4,905	9,8100
1,9983	4,908	9,8150
1,9857	4,910	9,8200
2,0148	4,913	9,8250
2,0180	4,915	9,8300
2,0286	4,918	9,8350
2,0669	4,920	9,8400
2,0571	4,923	9,8450
2,0948	4,925	9,8500
2,1027	4,928	9,8550
2,1091	4,930	9,8600
2,1459	4,933	9,8650
2,1515	4,935	9,8700
2,1596	4,938	9,8750
2,1917	4,940	9,8800
2,1811	4,943	9,8850
2,2222	4,945	9,8900
2,2382	4,948	9,8950
2,2401	4,950	9,9000
2,2789	4,953	9,9050
2,2874	4,955	9,9100
2,3002	4,958	9,9150
2,3315	4,960	9,9200
2,3238	4,963	9,9250
2,3654	4,965	9,9300
2,3745	4,968	9,9350
2,3738	4,970	9,9400
2,4088	4,973	9,9450
2,4212	4,975	9,9500
2,4328	4,978	9,9550
2,4734	4,980	9,9600
2,4566	4,983	9,9650
2,5019	4,985	9,9700
2,5147	4,988	9,9750
2,5096	4,990	9,9800
2,5411	4,993	9,9850
2,5553	4,995	9,9900
2,5705	4,998	9,9950
2,6089	5,000	10,0000
2,5944	5,003	10,0050
2,6307	5,005	10,0100
2,6504	5,008	10,0150
2,6557	5,010	10,0200
2,6945	5,013	10,0250
2,7066	5,015	10,0300
2,7144	5,018	10,0350
2,7418	5,020	10,0400
2,7307	5,023	10,0450
2,7727	5,025	10,0500
2,7979	5,028	10,0550
2,7989	5,030	10,0600
2,8379	5,033	10,0650
2,8462	5,035	10,0700
2,8577	5,038	10,0750
2,8971	5,040	10,0800
2,8849	5,043	10,0850
2,9282	5,045	10,0900
2,9433	5,048	10,0950
2,9485	5,050	10,1000
2,9910	5,053	10,1050
3,0038	5,055	10,1100
3,0105	5,058	10,1150
3,0464	5,060	10,1200
3,0403	5,063	10,1250
3,0797	5,065	10,1300
3,0870	5,068	10,1350
3,0958	5,070	10,1400
3,1451	5,073	10,1450
3,1570	5,075	10,1500
3,1697	5,078	10,1550
3,2136	5,080	10,1600
3,2030	5,083	10,1650
3,2473	5,085	10,1700
3,2631	5,088	10,1750
3,2739	5,090	10,1800
3,3124	5,093	10,1850
3,3185	5,095	10,1900
3,3302	5,098	10,1950
3,3687	5,100	10,2000
3,3662	5,103	10,2050
3,4105	5,105	10,2100
3,4258	5,108	10,2150
3,4317	5,110	10,2200
3,4777	5,113	10,2250
3,4919	5,115	10,2300
3,5028	5,118	10,2350
3,5416	5,120	10,2400
3,5328	5,123	10,2450
3,5765	5,125	10,2500
3,5981	5,128	10,2550
3,6093	5,130	10,2600
3,6453	5,133	10,2650
3,6520	5,135	10,2700
3,6696	5,138	10,2750
3,7088	5,140	10,2800
3,7018	5,143	10,2850
3,7493	5,145	10,2900
3,7819	5,148	10,2950
3,7844	5,150	10,3000
3,8253	5,153	10,3050
3,8305	5,155	10,3100
3,8547	5,158	10,3150
3,8903	5,160	10,3200
3,8849	5,163	10,3250
3,9311	5,165	10,3300
3,9537	5,168	10,3350
3,9637	5,170	10,3400
4,0051	5,173	10,3450
4,0197	5,175	10,3500
4,0286	5,178	10,3550
4,0709	5,180	10,3600
4,0728	5,183	10,3650
4,1200	5,185	10,3700
4,1379	5,188	10,3750
4,1420	5,190	10,3800
4,1846	5,193	10,3850
4,2022	5,195	10,3900
4,2259	5,198	10,3950
4,2585	5,200	10,4000
4,2619	5,203	10,4050
4,3053	5,205	10,4100
4,3253	5,208	10,4150
4,3383	5,210	10,4200
4,3903	5,213	10,4250
4,4085	5,215	10,4300
4,4197	5,218	10,4350
4,4607	5,220	10,4400
4,4659	5,223	10,4450
4,5179	5,225	10,4500
4,5433	5,228	10,4550
4,5550	5,230	10,4600
4,5867	5,233	10,4650
4,5939	5,235	10,4700
4,6222	5,238	10,4750
4,6661	5,240	10,4800
4,6672	5,243	10,4850
4,7076	5,245	10,4900
4,7313	5,248	10,4950
4,7458	5,250	10,5000
4,8014	5,253	10,5050
4,8185	5,255	10,5100
4,8344	5,258	10,5150
4,8710	5,260	10,5200
4,8722	5,263	10,5250
4,9228	5,265	10,5300
4,9450	5,268	10,5350
4,9549	5,270	10,5400
5,0056	5,273	10,5450
5,0262	5,275	10,5500
5,0482	5,278	10,5550
5,0938	5,280	10,5600
5,0923	5,283	10,5650
5,1408	5,285	10,5700
5,1667	5,288	10,5750
5,1896	5,290	10,5800
5,2415	5,293	10,5850
5,2512	5,295	10,5900
5,2705	5,298	10,5950
5,3213	5,300	10,6000
5,3311	5,303	10,6050
5,3874	5,305	10,6100
5,4126	5,308	10,6150
5,4311	5,310	10,6200
5,4844	5,313	10,6250
5,5034	5,315	10,6300
5,5292	5,318	10,6350
5,5873	5,320	10,6400
5,5976	5,323	10,6450
5,6457	5,325	10,6500
5,6719	5,328	10,6550
5,6969	5,330	10,6600
5,7529	5,333	10,6650
5,7799	5,335	10,6700
5,8070	5,338	10,6750
5,8617	5,340	10,6800
5,8720	5,343	10,6850
5,9276	5,345	10,6900
5,9681	5,348	10,6950
5,9862	5,350	10,7000
6,0405	5,353	10,7050
6,0681	5,355	10,7100
6,0999	5,358	10,7150
6,1453	5,360	10,7200
6,1612	5,363	10,7250
6,2206	5,365	10,7300
6,2514	5,368	10,7350
6,2760	5,370	10,7400
6,3333	5,373	10,7450
6,3688	5,375	10,7500
6,3962	5,378	10,7550
6,4483	5,380	10,7600
6,4642	5,383	10,7650
6,5234	5,385	10,7700
6,5540	5,388	10,7750
6,5771	5,390	10,7800
6,6382	5,393	10,7850
6,6738	5,395	10,7900
6,7115	5,398	10,7950
6,7642	5,400	10,8000
6,7843	5,403	10,8050
6,8455	5,405	10,8100
6,8798	5,408	10,8150
6,9008	5,410	10,8200
6,9545	5,413	10,8250
6,9911	5,415	10,8300
7,0224	5,418	10,8350
7,0803	5,420	10,8400
7,0946	5,423	10,8450
7,1613	5,425	10,8500
7,1972	5,428	10,8550
7,2300	5,430	10,8600
7,2837	5,433	10,8650
7,3181	5,435	10,8700
7,3535	5,438	10,8750
7,4122	5,440	10,8800
7,4368	5,443	10,8850
7,4895	5,445	10,8900
7,5247	5,448	10,8950
7,5542	5,450	10,9000
7,6212	5,453	10,9050
7,6533	5,455	10,9100
7,6936	5,458	10,9150
7,7499	5,460	10,9200
7,7722	5,463	10,9250
7,8344	5,465	10,9300
7,8636	5,468	10,9350
7,8901	5,470	10,9400
7,9471	5,473	10,9450
7,9948	5,475	10,9500
8,0372	5,478	10,9550
8,1001	5,480	10,9600
8,1132	5,483	10,9650
8,1706	5,485	10,9700
8,2014	5,488	10,9750
8,2379	5,490	10,9800
8,2955	5,493	10,9850
8,3326	5,495	10,9900
8,3717	5,498	10,9950
8,4300	5,500	11,0000
8,4497	5,503	11,0050
8,5109	5,505	11,0100
8,5538	5,508	11,0150
8,5848	5,510	11,0200
8,6527	5,513	11,0250
8,6905	5,515	11,0300
8,7274	5,518	11,0350
8,7873	5,520	11,0400
8,8011	5,523	11,0450
8,8663	5,525	11,0500
8,9094	5,528	11,0550
8,9468	5,530	11,0600
8,9984	5,533	11,0650
9,0329	5,535	11,0700
9,0695	5,538	11,0750
9,1250	5,540	11,0800
9,1517	5,543	11,0850
9,2160	5,545	11,0900
9,2620	5,548	11,0950
9,2911	5,550	11,1000
9,3527	5,553	11,1050
9,3880	5,555	11,1100
9,4292	5,558	11,1150
9,4919	5,560	11,1200
9,5204	5,563	11,1250
9,5791	5,565	11,1300
9,6161	5,568	11,1350
9,6473	5,570	11,1400
9,7115	5,573	11,1450
9,7548	5,575	11,1500
9,7931	5,578	11,1550
9,8554	5,580	11,1600
9,8721	5,583	11,1650
9,9364	5,585	11,1700
9,9845	5,588	11,1750
10,0213	5,590	11,1800
10,0824	5,593	11,1850
10,1175	5,595	11,1900
10,1627	5,598	11,1950
10,2258	5,600	11,2000
10,2504	5,603	11,2050
10,3056	5,605	11,2100
10,3563	5,608	11,2150
10,3937	5,610	11,2200
10,4511	5,613	11,2250
10,4856	5,615	11,2300
10,5265	5,618	11,2350
10,5925	5,620	11,2400
10,6132	5,623	11,2450
10,6777	5,625	11,2500
10,7216	5,628	11,2550
10,7584	5,630	11,2600
10,8177	5,633	11,2650
10,8563	5,635	11,2700
10,8944	5,638	11,2750
10,9599	5,640	11,2800
10,9887	5,643	11,2850
11,0450	5,645	11,2900
11,0872	5,648	11,2950
11,1197	5,650	11,3000
11,1784	5,653	11,3050
11,2177	5,655	11,3100
11,2532	5,658	11,3150
11,3140	5,660	11,3200
11,3404	5,663	11,3250
11,4025	5,665	11,3300
11,4446	5,668	11,3350
11,4773	5,670	11,3400
11,5314	5,673	11,3450
11,5807	5,675	11,3500
11,6329	5,678	11,3550
11,6985	5,680	11,3600
11,7190	5,683	11,3650
11,7812	5,685	11,3700
11,8278	5,688	11,3750
11,8619	5,690	11,3800
11,9216	5,693	11,3850
11,9693	5,695	11,3900
12,0062	5,698	11,3950
12,0665	5,700	11,4000
12,0927	5,703	11,4050
12,1641	5,705	11,4100
12,2102	5,708	11,4150
12,2411	5,710	11,4200
12,2983	5,713	11,4250
12,3419	5,715	11,4300
12,3869	5,718	11,4350
12,4525	5,720	11,4400
12,4790	5,723	11,4450
12,5417	5,725	11,4500
12,5790	5,728	11,4550
12,6251	5,730	11,4600
12,6896	5,733	11,4650
12,7285	5,735	11,4700
12,7713	5,738	11,4750
12,8324	5,740	11,4800
12,8566	5,743	11,4850
12,9211	5,745	11,4900
12,9690	5,748	11,4950
12,9988	5,750	11,5000
13,0578	5,753	11,5050
13,0945	5,755	11,5100
13,1446	5,758	11,5150
13,2033	5,760	11,5200
13,2359	5,763	11,5250
13,3025	5,765	11,5300
13,3448	5,768	11,5350
13,3741	5,770	11,5400
13,4304	5,773	11,5450
13,4705	5,775	11,5500
13,5084	5,778	11,5550
13,5756	5,780	11,5600
13,6015	5,783	11,5650
13,6670	5,785	11,5700
13,7114	5,788	11,5750
13,7476	5,790	11,5800
13,8119	5,793	11,5850
13,8460	5,795	11,5900
13,8855	5,798	11,5950
13,9533	5,800	11,6000
13,9845	5,803	11,6050
14,0435	5,805	11,6100
14,0889	5,808	11,6150
14,1203	5,810	11,6200
14,1904	5,813	11,6250
14,2333	5,815	11,6300
14,2687	5,818	11,6350
14,3344	5,820	11,6400
14,3613	5,823	11,6450
14,4244	5,825	11,6500
14,4603	5,828	11,6550
14,5003	5,830	11,6600
14,5666	5,833	11,6650
14,6089	5,835	11,6700
14,6543	5,838	11,6750
14,7204	5,840	11,6800
14,7400	5,843	11,6850
14,8017	5,845	11,6900
14,8537	5,848	11,6950
14,8886	5,850	11,7000
14,9505	5,853	11,7050
14,9892	5,855	11,7100
15,0317	5,858	11,7150
15,0943	5,860	11,7200
15,1216	5,863	11,7250
15,1850	5,865	11,7300
15,2243	5,868	11,7350
15,2609	5,870	11,7400
15,3237	5,873	11,7450
15,3702	5,875	11,7500
15,4122	5,878	11,7550
15,4687	5,880	11,7600
15,4899	5,883	11,7650
15,5555	5,885	11,7700
15,6070	5,888	11,7750
15,6455	5,890	11,7800
15,7079	5,893	11,7850
15,7445	5,895	11,7900
15,7864	5,898	11,7950
15,8467	5,900	11,8000
15,8716	5,903	11,8050
15,9317	5,905	11,8100
15,9774	5,908	11,8150
16,0139	5,910	11,8200
16,0734	5,913	11,8250
16,1127	5,915	11,8300
16,1619	5,918	11,8350
16,2204	5,920	11,8400
16,2410	5,923	11,8450
16,3032	5,925	11,8500
16,3478	5,928	11,8550
16,3896	5,930	11,8600
16,4480	5,933	11,8650
16,4870	5,935	11,8700
16,5295	5,938	11,8750
16,5878	5,940	11,8800
16,6207	5,943	11,8850
16,6802	5,945	11,8900
16,7326	5,948	11,8950
16,7671	5,950	11,9000
16,8273	5,953	11,9050
16,8669	5,955	11,9100
16,9147	5,958	11,9150
16,9732	5,960	11,9200
17,0067	5,963	11,9250
17,0697	5,965	11,9300
17,1113	5,968	11,9350
17,1453	5,970	11,9400
17,2019	5,973	11,9450
17,2459	5,975	11,9500
17,2856	5,978	11,9550
17,3464	5,980	11,9600
17,3741	5,983	11,9650
17,4415	5,985	11,9700
17,4909	5,988	11,9750
17,5265	5,990	11,9800
17,5829	5,993	11,9850
17,6274	5,995	11,9900
17,6734	5,998	11,9950
17,7293	6,000	12,0000
17,7528	6,003	12,0050
17,8144	6,005	12,0100
17,8618	6,008	12,0150
17,8997	6,010	12,0200
17,9713	6,013	12,0250
18,0183	6,015	12,0300
18,0485	6,018	12,0350
18,1117	6,020	12,0400
18,1435	6,023	12,0450
18,2208	6,025	12,0500
18,2572	6,028	12,0550
18,2907	6,030	12,0600
18,3569	6,033	12,0650
18,4038	6,035	12,0700
18,4458	6,038	12,0750
18,5102	6,040	12,0800
18,5370	6,043	12,0850
18,5982	6,045	12,0900
18,6503	6,048	12,0950
18,6828	6,050	12,1000
18,7460	6,053	12,1050
18,7868	6,055	12,1100
18,8330	6,058	12,1150
18,8975	6,060	12,1200
18,9295	6,063	12,1250
18,9905	6,065	12,1300
19,0369	6,068	12,1350
19,0741	6,070	12,1400
19,1238	6,073	12,1450
19,1682	6,075	12,1500
19,2116	6,078	12,1550
19,2812	6,080	12,1600
19,3031	6,083	12,1650
19,3703	6,085	12,1700
19,4169	6,088	12,1750
19,4566	6,090	12,1800
19,5185	6,093	12,1850
19,5669	6,095	12,1900
19,6123	6,098	12,1950
19,6701	6,100	12,2000
19,6911	6,103	12,2050
19,7555	6,105	12,2100
19,7963	6,108	12,2150
19,8227	6,110	12,2200
19,8901	6,113	12,2250
19,9359	6,115	12,2300
19,9829	6,118	12,2350
20,0501	6,120	12,2400
20,0693	6,123	12,2450
20,1284	6,125	12,2500
20,1751	6,128	12,2550
20,2230	6,130	12,2600
20,2812	6,133	12,2650
20,3289	6,135	12,2700
20,3702	6,138	12,2750
20,4281	6,140	12,2800
20,4552	6,143	12,2850
20,5187	6,145	12,2900
20,5651	6,148	12,2950
20,5888	6,150	12,3000
20,6595	6,153	12,3050
20,6992	6,155	12,3100
20,7396	6,158	12,3150
20,8038	6,160	12,3200
20,8325	6,163	12,3250
20,8954	6,165	12,3300
20,9469	6,168	12,3350
20,9756	6,170	12,3400
21,0329	6,173	12,3450
21,0696	6,175	12,3500
21,1103	6,178	12,3550
21,1807	6,180	12,3600
21,2103	6,183	12,3650
21,2791	6,185	12,3700
21,3255	6,188	12,3750
21,3562	6,190	12,3800
21,4181	6,193	12,3850
21,4583	6,195	12,3900
21,4993	6,198	12,3950
21,5661	6,200	12,4000
21,5958	6,203	12,4050
21,6574	6,205	12,4100
21,7021	6,208	12,4150
21,7431	6,210	12,4200
21,8084	6,213	12,4250
21,8535	6,215	12,4300
21,8968	6,218	12,4350
21,9581	6,220	12,4400
21,9847	6,223	12,4450
22,0548	6,225	12,4500
22,1020	6,228	12,4550
22,1375	6,230	12,4600
22,1959	6,233	12,4650
22,2373	6,235	12,4700
22,2810	6,238	12,4750
22,3425	6,240	12,4800
22,3750	6,243	12,4850
22,4411	6,245	12,4900
22,4846	6,248	12,4950
22,5220	6,250	12,5000
22,5874	6,253	12,5050
22,6245	6,255	12,5100
22,6675	6,258	12,5150
22,7291	6,260	12,5200
22,7620	6,263	12,5250
22,8278	6,265	12,5300
22,8745	6,268	12,5350
22,9003	6,270	12,5400
22,9611	6,273	12,5450
23,0095	6,275	12,5500
23,0531	6,278	12,5550
23,1192	6,280	12,5600
23,1411	6,283	12,5650
23,2018	6,285	12,5700
23,2491	6,288	12,5750
23,2878	6,290	12,5800
23,3521	6,293	12,5850
23,3953	6,295	12,5900
23,4461	6,298	12,5950
23,5025	6,300	12,6000
23,5320	6,303	12,6050
23,5895	6,305	12,6100
23,6316	6,308	12,6150
23,6727	6,310	12,6200
23,7435	6,313	12,6250
23,7827	6,315	12,6300
23,8282	6,318	12,6350
23,8924	6,320	12,6400
23,9217	6,323	12,6450
23,9929	6,325	12,6500
24,0398	6,328	12,6550
24,0722	6,330	12,6600
24,1327	6,333	12,6650
24,1749	6,335	12,6700
24,2153	6,338	12,6750
24,2769	6,340	12,6800
24,3033	6,343	12,6850
24,3643	6,345	12,6900
24,4177	6,348	12,6950
24,4581	6,350	12,7000
24,5228	6,353	12,7050
24,5665	6,355	12,7100
24,6102	6,358	12,7150
24,6707	6,360	12,7200
24,7021	6,363	12,7250
24,7742	6,365	12,7300
24,8181	6,368	12,7350
24,8434	6,370	12,7400
24,9033	6,373	12,7450
24,9531	6,375	12,7500
24,9916	6,378	12,7550
25,0620	6,380	12,7600
25,0890	6,383	12,7650
25,1516	6,385	12,7700
25,1990	6,388	12,7750
25,2379	6,390	12,7800
25,3039	6,393	12,7850
25,3436	6,395	12,7900
25,3794	6,398	12,7950
25,4452	6,400	12,8000
25,4807	6,403	12,8050
25,5500	6,405	12,8100
25,5908	6,408	12,8150
25,6320	6,410	12,8200
25,6913	6,413	12,8250
25,7312	6,415	12,8300
25,7638	6,418	12,8350
25,8369	6,420	12,8400
25,8658	6,423	12,8450
25,9246	6,425	12,8500
25,9761	6,428	12,8550
26,0265	6,430	12,8600
26,0914	6,433	12,8650
26,1277	6,435	12,8700
26,1665	6,438	12,8750
26,2284	6,440	12,8800
26,2585	6,443	12,8850
26,3229	6,445	12,8900
26,3706	6,448	12,8950
26,4095	6,450	12,9000
26,4748	6,453	12,9050
26,5170	6,455	12,9100
26,5512	6,458	12,9150
26,6167	6,460	12,9200
26,6497	6,463	12,9250
26,7172	6,465	12,9300
26,7553	6,468	12,9350
26,7978	6,470	12,9400
26,8633	6,473	12,9450
26,9145	6,475	12,9500
26,9521	6,478	12,9550
27,0158	6,480	12,9600
27,0446	6,483	12,9650
27,1084	6,485	12,9700
27,1556	6,488	12,9750
27,1976	6,490	12,9800
27,2568	6,493	12,9850
27,3015	6,495	12,9900
27,3393	6,498	12,9950
27,4043	6,500	13,0000
27,4342	6,503	13,0050
27,5003	6,505	13,0100
27,5478	6,508	13,0150
27,5883	6,510	13,0200
27,6486	6,513	13,0250
27,6938	6,515	13,0300
27,7390	6,518	13,0350
27,7998	6,520	13,0400
27,8264	6,523	13,0450
27,8943	6,525	13,0500
27,9427	6,528	13,0550
27,9847	6,530	13,0600
28,0512	6,533	13,0650
28,0889	6,535	13,0700
28,1222	6,538	13,0750
28,1885	6,540	13,0800
28,2235	6,543	13,0850
28,2818	6,545	13,0900
28,3281	6,548	13,0950
28,3573	6,550	13,1000
28,4248	6,553	13,1050
28,4636	6,555	13,1100
28,5077	6,558	13,1150
28,5768	6,560	13,1200
28,6123	6,563	13,1250
28,6755	6,565	13,1300
28,7219	6,568	13,1350
28,7587	6,570	13,1400
28,8177	6,573	13,1450
28,8545	6,575	13,1500
28,9026	6,578	13,1550
28,9771	6,580	13,1600
29,0100	6,583	13,1650
29,0735	6,585	13,1700
29,1165	6,588	13,1750
29,1489	6,590	13,1800
29,2117	6,593	13,1850
29,2568	6,595	13,1900
29,3076	6,598	13,1950
29,3714	6,600	13,2000
29,4057	6,603	13,2050
29,4696	6,605	13,2100
29,5133	6,608	13,2150
29,5544	6,610	13,2200
29,6218	6,613	13,2250
29,6598	6,615	13,2300
29,7043	6,618	13,2350
29,7717	6,620	13,2400
29,7958	6,623	13,2450
29,8612	6,625	13,2500
29,9089	6,628	13,2550
29,9480	6,630	13,2600
30,0110	6,633	13,2650
30,0559	6,635	13,2700
30,0932	6,638	13,2750
30,1596	6,640	13,2800
30,1964	6,643	13,2850
30,2658	6,645	13,2900
30,3029	6,648	13,2950
30,3373	6,650	13,3000
30,4077	6,653	13,3050
30,4577	6,655	13,3100
30,4967	6,658	13,3150
30,5590	6,660	13,3200
30,5909	6,663	13,3250
30,6621	6,665	13,3300
30,7044	6,668	13,3350
30,7422	6,670	13,3400
30,8040	6,673	13,3450
30,8430	6,675	13,3500
30,8896	6,678	13,3550
30,9654	6,680	13,3600
31,0010	6,683	13,3650
31,0612	6,685	13,3700
31,1126	6,688	13,3750
31,1539	6,690	13,3800
31,2150	6,693	13,3850
31,2518	6,695	13,3900
31,2925	6,698	13,3950
31,3635	6,700	13,4000
31,3948	6,703	13,4050
31,4594	6,705	13,4100
31,5082	6,708	13,4150
31,5413	6,710	13,4200
31,6120	6,713	13,4250
31,6528	6,715	13,4300
31,6992	6,718	13,4350
31,7663	6,720	13,4400
31,7958	6,723	13,4450
31,8602	6,725	13,4500
31,9171	6,728	13,4550
31,9595	6,730	13,4600
32,0191	6,733	13,4650
32,0667	6,735	13,4700
32,1096	6,738	13,4750
32,1741	6,740	13,4800
32,2026	6,743	13,4850
32,2654	6,745	13,4900
32,3134	6,748	13,4950
32,3523	6,750	13,5000
32,4226	6,753	13,5050
32,4590	6,755	13,5100
32,4999	6,758	13,5150
32,5620	6,760	13,5200
32,6029	6,763	13,5250
32,6679	6,765	13,5300
32,7091	6,768	13,5350
32,7457	6,770	13,5400
32,8149	6,773	13,5450
32,8621	6,775	13,5500
32,8991	6,778	13,5550
32,9655	6,780	13,5600
32,9995	6,783	13,5650
33,0704	6,785	13,5700
33,1102	6,788	13,5750
33,1413	6,790	13,5800
33,2132	6,793	13,5850
33,2656	6,795	13,5900
33,3101	6,798	13,5950
33,3693	6,800	13,6000
33,4112	6,803	13,6050
33,4773	6,805	13,6100
33,5275	6,808	13,6150
33,5651	6,810	13,6200
33,6303	6,813	13,6250
33,6746	6,815	13,6300
33,7123	6,818	13,6350
33,7769	6,820	13,6400
33,8086	6,823	13,6450
33,8814	6,825	13,6500
33,9286	6,828	13,6550
33,9729	6,830	13,6600
34,0346	6,833	13,6650
34,0760	6,835	13,6700
34,1211	6,838	13,6750
34,1886	6,840	13,6800
34,2182	6,843	13,6850
34,2801	6,845	13,6900
34,3233	6,848	13,6950
34,3590	6,850	13,7000
34,4292	6,853	13,7050
34,4723	6,855	13,7100
34,5203	6,858	13,7150
34,5910	6,860	13,7200
34,6195	6,863	13,7250
34,6837	6,865	13,7300
34,7381	6,868	13,7350
34,7844	6,870	13,7400
34,8458	6,873	13,7450
34,8854	6,875	13,7500
34,9171	6,878	13,7550
34,9822	6,880	13,7600
35,0124	6,883	13,7650
35,0795	6,885	13,7700
35,1358	6,888	13,7750
35,1784	6,890	13,7800
35,2418	6,893	13,7850
35,2812	6,895	13,7900
35,3256	6,898	13,7950
35,3887	6,900	13,8000
35,4252	6,903	13,8050
35,4932	6,905	13,8100
35,5433	6,908	13,8150
35,5733	6,910	13,8200
35,6363	6,913	13,8250
35,6732	6,915	13,8300
35,7203	6,918	13,8350
35,7978	6,920	13,8400
35,8330	6,923	13,8450
35,8950	6,925	13,8500
35,9391	6,928	13,8550
35,9798	6,930	13,8600
36,0430	6,933	13,8650
36,0890	6,935	13,8700
36,1392	6,938	13,8750
36,2059	6,940	13,8800
36,2395	6,943	13,8850
36,3106	6,945	13,8900
36,3589	6,948	13,8950
36,3870	6,950	13,9000
36,4479	6,953	13,9050
36,4942	6,955	13,9100
36,5426	6,958	13,9150
36,6112	6,960	13,9200
36,6567	6,963	13,9250
36,7209	6,965	13,9300
36,7671	6,968	13,9350
36,8065	6,970	13,9400
36,8708	6,973	13,9450
36,9198	6,975	13,9500
36,9647	6,978	13,9550
37,0246	6,980	13,9600
37,0529	6,983	13,9650
37,1173	6,985	13,9700
37,1677	6,988	13,9750
37,2138	6,990	13,9800
37,2749	6,993	13,9850
37,3134	6,995	13,9900
37,3577	6,998	13,9950
37,4242	7,000	14,0000
37,4618	7,003	14,0050
37,5292	7,005	14,0100
37,5804	7,008	14,0150
37,6205	7,010	14,0200
37,6816	7,013	14,0250
37,7260	7,015	14,0300
37,7675	7,018	14,0350
37,8346	7,020	14,0400
37,8722	7,023	14,0450
37,9413	7,025	14,0500
37,9801	7,028	14,0550
38,0270	7,030	14,0600
38,0951	7,033	14,0650
38,1379	7,035	14,0700
38,1879	7,038	14,0750
38,2549	7,040	14,0800
38,2816	7,043	14,0850
38,3548	7,045	14,0900
38,4144	7,048	14,0950
38,4514	7,050	14,1000
38,5171	7,053	14,1050
38,5560	7,055	14,1100
38,6042	7,058	14,1150
38,6753	7,060	14,1200
38,7148	7,063	14,1250
38,7827	7,065	14,1300
38,8290	7,068	14,1350
38,8716	7,070	14,1400
38,9337	7,073	14,1450
38,9828	7,075	14,1500
39,0305	7,078	14,1550
39,0999	7,080	14,1600
39,1340	7,083	14,1650
39,2049	7,085	14,1700
39,2443	7,088	14,1750
39,2828	7,090	14,1800
39,3443	7,093	14,1850
39,3942	7,095	14,1900
39,4403	7,098	14,1950
39,5018	7,100	14,2000
39,5410	7,103	14,2050
39,6097	7,105	14,2100
39,6595	7,108	14,2150
39,6910	7,110	14,2200
39,7553	7,113	14,2250
39,7993	7,115	14,2300
39,8531	7,118	14,2350
39,9209	7,120	14,2400
39,9446	7,123	14,2450
40,0074	7,125	14,2500
40,0607	7,128	14,2550
40,1066	7,130	14,2600
40,1671	7,133	14,2650
40,2105	7,135	14,2700
40,2534	7,138	14,2750
40,3265	7,140	14,2800
40,3636	7,143	14,2850
40,4291	7,145	14,2900
40,4851	7,148	14,2950
40,5147	7,150	14,3000
40,5830	7,153	14,3050
40,6257	7,155	14,3100
40,6722	7,158	14,3150
40,7294	7,160	14,3200
40,7705	7,163	14,3250
40,8335	7,165	14,3300
40,8771	7,168	14,3350
40,9171	7,170	14,3400
40,9835	7,173	14,3450
41,0385	7,175	14,3500
41,0866	7,178	14,3550
41,1527	7,180	14,3600
41,1802	7,183	14,3650
41,2504	7,185	14,3700
41,3007	7,188	14,3750
41,3418	7,190	14,3800
41,4087	7,193	14,3850
41,4538	7,195	14,3900
41,5045	7,198	14,3950
41,5729	7,200	14,4000
41,6079	7,203	14,4050
41,6683	7,205	14,4100
41,7176	7,208	14,4150
41,7549	7,210	14,4200
41,8245	7,213	14,4250
41,8742	7,215	14,4300
41,9184	7,218	14,4350
41,9813	7,220	14,4400
42,0118	7,223	14,4450
42,0823	7,225	14,4500
42,1383	7,228	14,4550
42,1707	7,230	14,4600
42,2269	7,233	14,4650
42,2766	7,235	14,4700
42,3334	7,238	14,4750
42,4066	7,240	14,4800
42,4379	7,243	14,4850
42,4991	7,245	14,4900
42,5535	7,248	14,4950
42,5938	7,250	14,5000
42,6595	7,253	14,5050
42,7018	7,255	14,5100
42,7513	7,258	14,5150
42,8182	7,260	14,5200
42,8582	7,263	14,5250
42,9209	7,265	14,5300
42,9631	7,268	14,5350
43,0058	7,270	14,5400
43,0685	7,273	14,5450
43,1211	7,275	14,5500
43,1620	7,278	14,5550
43,2313	7,280	14,5600
43,2645	7,283	14,5650
43,3328	7,285	14,5700
43,3898	7,288	14,5750
43,4348	7,290	14,5800
43,4905	7,293	14,5850
43,5414	7,295	14,5900
43,5905	7,298	14,5950
43,6563	7,300	14,6000
43,6985	7,303	14,6050
43,7678	7,305	14,6100
43,8150	7,308	14,6150
43,8549	7,310	14,6200
43,9252	7,313	14,6250
43,9669	7,315	14,6300
44,0193	7,318	14,6350
44,0854	7,320	14,6400
44,1182	7,323	14,6450
44,1894	7,325	14,6500
44,2410	7,328	14,6550
44,2871	7,330	14,6600
44,3514	7,333	14,6650
44,3991	7,335	14,6700
44,4427	7,338	14,6750
44,5041	7,340	14,6800
44,5383	7,343	14,6850
44,6082	7,345	14,6900
44,6595	7,348	14,6950
44,6965	7,350	14,7000
44,7655	7,353	14,7050
44,8031	7,355	14,7100
44,8581	7,358	14,7150
44,9320	7,360	14,7200
44,9682	7,363	14,7250
45,0233	7,365	14,7300
45,0602	7,368	14,7350
45,1025	7,370	14,7400
45,1687	7,373	14,7450
45,2212	7,375	14,7500
45,2683	7,378	14,7550
45,3348	7,380	14,7600
45,3672	7,383	14,7650
45,4400	7,385	14,7700
45,4868	7,388	14,7750
45,5230	7,390	14,7800
45,5906	7,393	14,7850
45,6395	7,395	14,7900
45,6922	7,398	14,7950
45,7532	7,400	14,8000
45,7820	7,403	14,8050
45,8541	7,405	14,8100
45,9079	7,408	14,8150
45,9414	7,410	14,8200
46,0126	7,413	14,8250
46,0616	7,415	14,8300
46,1090	7,418	14,8350
46,1766	7,420	14,8400
46,2122	7,423	14,8450
46,2856	7,425	14,8500
46,3331	7,428	14,8550
46,3738	7,430	14,8600
46,4400	7,433	14,8650
46,4816	7,435	14,8700
46,5340	7,438	14,8750
46,6008	7,440	14,8800
46,6379	7,443	14,8850
46,7046	7,445	14,8900
46,7557	7,448	14,8950
46,7937	7,450	14,9000
46,8609	7,453	14,9050
46,9113	7,455	14,9100
46,9603	7,458	14,9150
47,0265	7,460	14,9200
47,0643	7,463	14,9250
47,1347	7,465	14,9300
47,1821	7,468	14,9350
47,2182	7,470	14,9400
47,2844	7,473	14,9450
47,3301	7,475	14,9500
47,3788	7,478	14,9550
47,4433	7,480	14,9600
47,4805	7,483	14,9650
47,5495	7,485	14,9700
47,6022	7,488	14,9750
47,6441	7,490	14,9800
47,7087	7,493	14,9850
47,7591	7,495	14,9900
47,8029	7,498	14,9950
47,8697	7,500	15,0000
47,8931	7,503	15,0050
47,9606	7,505	15,0100
48,0217	7,508	15,0150
48,0586	7,510	15,0200
48,1191	7,513	15,0250
48,1664	7,515	15,0300
48,2233	7,518	15,0350
48,2948	7,520	15,0400
48,3318	7,523	15,0450
48,3929	7,525	15,0500
48,4454	7,528	15,0550
48,4838	7,530	15,0600
48,5599	7,533	15,0650
48,6087	7,535	15,0700
48,6532	7,538	15,0750
48,7167	7,540	15,0800
48,7565	7,543	15,0850
48,8257	7,545	15,0900
48,8748	7,548	15,0950
48,9165	7,550	15,1000
48,9873	7,553	15,1050
49,0313	7,555	15,1100
49,0789	7,558	15,1150
49,1446	7,560	15,1200
49,1879	7,563	15,1250
49,2591	7,565	15,1300
49,3075	7,568	15,1350
49,3493	7,570	15,1400
49,4141	7,573	15,1450
49,4679	7,575	15,1500
49,5126	7,578	15,1550
49,5767	7,580	15,1600
49,6106	7,583	15,1650
49,6851	7,585	15,1700
49,7366	7,588	15,1750
49,7762	7,590	15,1800
49,8407	7,593	15,1850
49,8840	7,595	15,1900
49,9411	7,598	15,1950
50,0101	7,600	15,2000
50,0488	7,603	15,2050
50,1149	7,605	15,2100
50,1678	7,608	15,2150
50,2070	7,610	15,2200
50,2695	7,613	15,2250
50,3136	7,615	15,2300
50,3711	7,618	15,2350
50,4455	7,620	15,2400
50,4709	7,623	15,2450
50,5405	7,625	15,2500
50,5959	7,628	15,2550
50,6390	7,630	15,2600
50,7035	7,633	15,2650
50,7526	7,635	15,2700
50,8007	7,638	15,2750
50,8624	7,640	15,2800
50,8936	7,643	15,2850
50,9679	7,645	15,2900
51,0230	7,648	15,2950
51,0538	7,650	15,3000
51,1205	7,653	15,3050
51,1716	7,655	15,3100
51,2242	7,658	15,3150
51,2909	7,660	15,3200
51,3248	7,663	15,3250
51,3963	7,665	15,3300
51,4444	7,668	15,3350
51,4898	7,670	15,3400
51,5593	7,673	15,3450
51,6125	7,675	15,3500
51,6614	7,678	15,3550
51,7284	7,680	15,3600
51,7621	7,683	15,3650
51,8365	7,685	15,3700
51,8871	7,688	15,3750
51,9362	7,690	15,3800
51,9952	7,693	15,3850
52,0417	7,695	15,3900
52,0904	7,698	15,3950
52,1594	7,700	15,4000
52,2000	7,703	15,4050
52,2731	7,705	15,4100
52,3223	7,708	15,4150
52,3641	7,710	15,4200
52,4323	7,713	15,4250
52,4725	7,715	15,4300
52,5246	7,718	15,4350
52,5970	7,720	15,4400
52,6378	7,723	15,4450
52,7064	7,725	15,4500
52,7548	7,728	15,4550
52,7937	7,730	15,4600
52,8606	7,733	15,4650
52,9137	7,735	15,4700
52,9647	7,738	15,4750
53,0304	7,740	15,4800
53,0655	7,743	15,4850
53,1310	7,745	15,4900
53,1829	7,748	15,4950
53,2252	7,750	15,5000
53,2969	7,753	15,5050
53,3436	7,755	15,5100
53,3950	7,758	15,5150
53,4543	7,760	15,5200
53,4837	7,763	15,5250
53,5557	7,765	15,5300
53,6043	7,768	15,5350
53,6504	7,770	15,5400
53,7119	7,773	15,5450
53,7620	7,775	15,5500
53,8078	7,778	15,5550
53,8811	7,780	15,5600
53,9137	7,783	15,5650
53,9898	7,785	15,5700
54,0397	7,788	15,5750
54,0797	7,790	15,5800
54,1458	7,793	15,5850
54,2016	7,795	15,5900
54,2548	7,798	15,5950
54,3191	7,800	15,6000
54,3550	7,803	15,6050
54,4236	7,805	15,6100
54,4798	7,808	15,6150
54,5214	7,810	15,6200
54,5917	7,813	15,6250
54,6442	7,815	15,6300
54,6992	7,818	15,6350
54,7672	7,820	15,6400
54,7987	7,823	15,6450
54,8612	7,825	15,6500
54,9160	7,828	15,6550
54,9635	7,830	15,6600
55,0319	7,833	15,6650
55,0752	7,835	15,6700
55,1235	7,838	15,6750
55,1969	7,840	15,6800
55,2382	7,843	15,6850
55,2977	7,845	15,6900
55,3475	7,848	15,6950
55,3888	7,850	15,7000
55,4609	7,853	15,7050
55,5101	7,855	15,7100
55,5614	7,858	15,7150
55,6264	7,860	15,7200
55,6622	7,863	15,7250
55,7212	7,865	15,7300
55,7726	7,868	15,7350
55,8174	7,870	15,7400
55,8905	7,873	15,7450
55,9450	7,875	15,7500
55,9926	7,878	15,7550
56,0567	7,880	15,7600
56,0883	7,883	15,7650
56,1590	7,885	15,7700
56,2149	7,888	15,7750
56,2624	7,890	15,7800
56,3269	7,893	15,7850
56,3700	7,895	15,7900
56,4093	7,898	15,7950
56,4815	7,900	15,8000
56,5167	7,903	15,8050
56,5831	7,905	15,8100
56,6413	7,908	15,8150
56,6874	7,910	15,8200
56,7549	7,913	15,8250
56,8041	7,915	15,8300
56,8641	7,918	15,8350
56,9356	7,920	15,8400
56,9759	7,923	15,8450
57,0381	7,925	15,8500
57,0883	7,928	15,8550
57,1314	7,930	15,8600
57,2043	7,933	15,8650
57,2567	7,935	15,8700
57,3100	7,938	15,8750
57,3738	7,940	15,8800
57,4034	7,943	15,8850
57,4717	7,945	15,8900
57,5244	7,948	15,8950
57,5741	7,950	15,9000
57,6438	7,953	15,9050
57,6915	7,955	15,9100
57,7422	7,958	15,9150
57,8081	7,960	15,9200
57,8478	7,963	15,9250
57,9212	7,965	15,9300
57,9714	7,968	15,9350
58,0158	7,970	15,9400
58,0858	7,973	15,9450
58,1382	7,975	15,9500
58,1894	7,978	15,9550
58,2516	7,980	15,9600
58,2816	7,983	15,9650
58,3630	7,985	15,9700
58,4165	7,988	15,9750
58,4564	7,990	15,9800
58,5211	7,993	15,9850
58,5651	7,995	15,9900
58,6193	7,998	15,9950
58,6932	8,000	16,0000
58,7327	8,003	16,0050
58,8016	8,005	16,0100
58,8562	8,008	16,0150
58,8945	8,010	16,0200
58,9548	8,013	16,0250
59,0025	8,015	16,0300
59,0605	8,018	16,0350
59,1337	8,020	16,0400
59,1717	8,023	16,0450
59,2361	8,025	16,0500
59,2832	8,028	16,0550
59,3264	8,030	16,0600
59,3917	8,033	16,0650
59,4436	8,035	16,0700
59,5095	8,038	16,0750
59,5823	8,040	16,0800
59,6155	8,043	16,0850
59,6826	8,045	16,0900
59,7460	8,048	16,0950
59,7888	8,050	16,1000
59,8610	8,053	16,1050
59,9101	8,055	16,1100
59,9622	8,058	16,1150
60,0314	8,060	16,1200
60,0716	8,063	16,1250
60,1490	8,065	16,1300
60,1999	8,068	16,1350
60,2451	8,070	16,1400
60,3075	8,073	16,1450
60,3592	8,075	16,1500
60,4106	8,078	16,1550
60,4835	8,080	16,1600
60,5262	8,083	16,1650
60,5967	8,085	16,1700
60,6418	8,088	16,1750
60,6918	8,090	16,1800
60,7614	8,093	16,1850
60,8107	8,095	16,1900
60,8599	8,098	16,1950
60,9246	8,100	16,2000
60,9627	8,103	16,2050
61,0295	8,105	16,2100
61,0831	8,108	16,2150
61,1284	8,110	16,2200
61,1917	8,113	16,2250
61,2414	8,115	16,2300
61,2918	8,118	16,2350
61,3595	8,120	16,2400
61,3991	8,123	16,2450
61,4731	8,125	16,2500
61,5247	8,128	16,2550
61,5665	8,130	16,2600
61,6361	8,133	16,2650
61,6883	8,135	16,2700
61,7372	8,138	16,2750
61,8037	8,140	16,2800
61,8380	8,143	16,2850
61,9029	8,145	16,2900
61,9634	8,148	16,2950
62,0051	8,150	16,3000
62,0730	8,153	16,3050
62,1235	8,155	16,3100
62,1786	8,158	16,3150
62,2504	8,160	16,3200
62,2844	8,163	16,3250
62,3465	8,165	16,3300
62,3993	8,168	16,3350
62,4463	8,170	16,3400
62,5169	8,173	16,3450
62,5736	8,175	16,3500
62,6218	8,178	16,3550
62,6934	8,180	16,3600
62,7352	8,183	16,3650
62,8068	8,185	16,3700
62,8603	8,188	16,3750
62,9074	8,190	16,3800
62,9756	8,193	16,3850
63,0222	8,195	16,3900
63,0773	8,198	16,3950
63,1415	8,200	16,4000
63,1838	8,203	16,4050
63,2569	8,205	16,4100
63,3153	8,208	16,4150
63,3631	8,210	16,4200
63,4284	8,213	16,4250
63,4765	8,215	16,4300
63,5266	8,218	16,4350
63,5993	8,220	16,4400
63,6360	8,223	16,4450
63,7078	8,225	16,4500
63,7585	8,228	16,4550
63,8008	8,230	16,4600
63,8731	8,233	16,4650
63,9319	8,235	16,4700
63,9815	8,238	16,4750
64,0495	8,240	16,4800
64,0871	8,243	16,4850
64,1602	8,245	16,4900
64,2153	8,248	16,4950
64,2599	8,250	16,5000
64,3228	8,253	16,5050
64,3680	8,255	16,5100
64,4226	8,258	16,5150
64,4957	8,260	16,5200
64,5356	8,263	16,5250
64,6120	8,265	16,5300
64,6608	8,268	16,5350
64,7006	8,270	16,5400
64,7694	8,273	16,5450
64,8174	8,275	16,5500
64,8700	8,278	16,5550
64,9461	8,280	16,5600
64,9914	8,283	16,5650
65,0593	8,285	16,5700
65,1072	8,288	16,5750
65,1542	8,290	16,5800
65,2203	8,293	16,5850
65,2737	8,295	16,5900
65,3275	8,298	16,5950
65,3962	8,300	16,6000
65,4318	8,303	16,6050
65,5038	8,305	16,6100
65,5572	8,308	16,6150
65,6048	8,310	16,6200
65,6790	8,313	16,6250
65,7290	8,315	16,6300
65,7877	8,318	16,6350
65,8636	8,320	16,6400
65,9025	8,323	16,6450
65,9773	8,325	16,6500
66,0280	8,328	16,6550
66,0733	8,330	16,6600
66,1372	8,333	16,6650
66,1858	8,335	16,6700
66,2368	8,338	16,6750
66,3070	8,340	16,6800
66,3443	8,343	16,6850
66,4214	8,345	16,6900
66,4754	8,348	16,6950
66,5123	8,350	16,7000
66,5896	8,353	16,7050
66,6481	8,355	16,7100
66,6992	8,358	16,7150
66,7694	8,360	16,7200
66,8093	8,363	16,7250
66,8766	8,365	16,7300
66,9399	8,368	16,7350
66,9923	8,370	16,7400
67,0589	8,373	16,7450
67,1072	8,375	16,7500
67,1525	8,378	16,7550
67,2208	8,380	16,7600
67,2551	8,383	16,7650
67,3247	8,385	16,7700
67,3766	8,388	16,7750
67,4245	8,390	16,7800
67,4934	8,393	16,7850
67,5432	8,395	16,7900
67,6030	8,398	16,7950
67,6666	8,400	16,8000
67,7005	8,403	16,8050
67,7646	8,405	16,8100
67,8237	8,408	16,8150
67,8735	8,410	16,8200
67,9412	8,413	16,8250
67,9921	8,415	16,8300
68,0371	8,418	16,8350
68,1017	8,420	16,8400
68,1383	8,423	16,8450
68,2086	8,425	16,8500
68,2651	8,428	16,8550
68,3126	8,430	16,8600
68,3865	8,433	16,8650
68,4355	8,435	16,8700
68,4878	8,438	16,8750
68,5611	8,440	16,8800
68,6055	8,443	16,8850
68,6716	8,445	16,8900
68,7145	8,448	16,8950
68,7560	8,450	16,9000
68,8327	8,453	16,9050
68,8905	8,455	16,9100
68,9371	8,458	16,9150
69,0103	8,460	16,9200
69,0510	8,463	16,9250
69,1293	8,465	16,9300
69,1811	8,468	16,9350
69,2312	8,470	16,9400
69,3028	8,473	16,9450
69,3524	8,475	16,9500
69,4072	8,478	16,9550
69,4858	8,480	16,9600
69,5232	8,483	16,9650
69,5947	8,485	16,9700
69,6466	8,488	16,9750
69,6867	8,490	16,9800
69,7553	8,493	16,9850
69,8104	8,495	16,9900
69,8601	8,498	16,9950
69,9338	8,500	17,0000
69,9747	8,503	17,0050
70,0453	8,505	17,0100
70,1005	8,508	17,0150
70,1464	8,510	17,0200
70,2163	8,513	17,0250
70,2646	8,515	17,0300
70,3189	8,518	17,0350
70,3908	8,520	17,0400
70,4341	8,523	17,0450
70,5157	8,525	17,0500
70,5711	8,528	17,0550
70,6051	8,530	17,0600
70,6738	8,533	17,0650
70,7347	8,535	17,0700
70,7853	8,538	17,0750
70,8552	8,540	17,0800
70,8889	8,543	17,0850
70,9636	8,545	17,0900
71,0230	8,548	17,0950
71,0579	8,550	17,1000
71,1328	8,553	17,1050
71,1896	8,555	17,1100
71,2434	8,558	17,1150
71,3183	8,560	17,1200
71,3693	8,563	17,1250
71,4398	8,565	17,1300
71,4878	8,568	17,1350
71,5326	8,570	17,1400
71,5969	8,573	17,1450
71,6511	8,575	17,1500
71,6998	8,578	17,1550
71,7720	8,580	17,1600
71,8118	8,583	17,1650
71,8886	8,585	17,1700
71,9483	8,588	17,1750
72,0004	8,590	17,1800
72,0687	8,593	17,1850
72,1271	8,595	17,1900
72,1804	8,598	17,1950
72,2472	8,600	17,2000
72,2838	8,603	17,2050
72,3526	8,605	17,2100
72,4136	8,608	17,2150
72,4604	8,610	17,2200
72,5338	8,613	17,2250
72,5871	8,615	17,2300
72,6376	8,618	17,2350
72,7049	8,620	17,2400
72,7381	8,623	17,2450
72,8123	8,625	17,2500
72,8588	8,628	17,2550
72,9060	8,630	17,2600
72,9787	8,633	17,2650
73,0320	8,635	17,2700
73,0850	8,638	17,2750
73,1656	8,640	17,2800
73,2090	8,643	17,2850
73,2799	8,645	17,2900
73,3333	8,648	17,2950
73,3785	8,650	17,3000
73,4501	8,653	17,3050
73,4988	8,655	17,3100
73,5505	8,658	17,3150
73,6243	8,660	17,3200
73,6493	8,663	17,3250
73,7250	8,665	17,3300
73,7882	8,668	17,3350
73,8395	8,670	17,3400
73,9170	8,673	17,3450
73,9732	8,675	17,3500
74,0231	8,678	17,3550
74,0953	8,680	17,3600
74,1343	8,683	17,3650
74,2132	8,685	17,3700
74,2696	8,688	17,3750
74,3158	8,690	17,3800
74,3878	8,693	17,3850
74,4439	8,695	17,3900
74,4976	8,698	17,3950
74,5696	8,700	17,4000
74,6006	8,703	17,4050
74,6710	8,705	17,4100
74,7317	8,708	17,4150
74,7818	8,710	17,4200
74,8526	8,713	17,4250
74,9053	8,715	17,4300
74,9622	8,718	17,4350
75,0352	8,720	17,4400
75,0775	8,723	17,4450
75,1440	8,725	17,4500
75,1969	8,728	17,4550
75,2433	8,730	17,4600
75,3141	8,733	17,4650
75,3708	8,735	17,4700
75,4199	8,738	17,4750
75,4950	8,740	17,4800
75,5361	8,743	17,4850
75,6020	8,745	17,4900
75,6549	8,748	17,4950
75,7023	8,750	17,5000
75,7749	8,753	17,5050
75,8298	8,755	17,5100
75,8827	8,758	17,5150
75,9471	8,760	17,5200
75,9884	8,763	17,5250
76,0641	8,765	17,5300
76,1298	8,768	17,5350
76,1687	8,770	17,5400
76,2322	8,773	17,5450
76,2914	8,775	17,5500
76,3412	8,778	17,5550
76,4100	8,780	17,5600
76,4470	8,783	17,5650
76,5217	8,785	17,5700
76,5841	8,788	17,5750
76,6296	8,790	17,5800
76,6957	8,793	17,5850
76,7438	8,795	17,5900
76,7996	8,798	17,5950
76,8741	8,800	17,6000
76,9240	8,803	17,6050
76,9920	8,805	17,6100
77,0452	8,808	17,6150
77,0924	8,810	17,6200
77,1744	8,813	17,6250
77,2325	8,815	17,6300
77,2785	8,818	17,6350
77,3459	8,820	17,6400
77,3876	8,823	17,6450
77,4686	8,825	17,6500
77,5240	8,828	17,6550
77,5733	8,830	17,6600
77,6441	8,833	17,6650
77,6907	8,835	17,6700
77,7397	8,838	17,6750
77,8129	8,840	17,6800
77,8599	8,843	17,6850
77,9348	8,845	17,6900
77,9961	8,848	17,6950
78,0308	8,850	17,7000
78,1005	8,853	17,7050
78,1560	8,855	17,7100
78,2182	8,858	17,7150
78,2908	8,860	17,7200
78,3271	8,863	17,7250
78,3889	8,865	17,7300
78,4399	8,868	17,7350
78,4889	8,870	17,7400
78,5587	8,873	17,7450
78,6207	8,875	17,7500
78,6776	8,878	17,7550
78,7595	8,880	17,7600
78,7971	8,883	17,7650
78,8657	8,885	17,7700
78,9190	8,888	17,7750
78,9650	8,890	17,7800
79,0361	8,893	17,7850
79,0932	8,895	17,7900
79,1478	8,898	17,7950
79,2221	8,900	17,8000
79,2665	8,903	17,8050
79,3329	8,905	17,8100
79,3918	8,908	17,8150
79,4320	8,910	17,8200
79,5038	8,913	17,8250
79,5629	8,915	17,8300
79,6193	8,918	17,8350
79,6985	8,920	17,8400
79,7368	8,923	17,8450
79,8165	8,925	17,8500
79,8714	8,928	17,8550
79,9186	8,930	17,8600
79,9862	8,933	17,8650
80,0469	8,935	17,8700
80,1048	8,938	17,8750
80,1760	8,940	17,8800
80,2170	8,943	17,8850
80,2920	8,945	17,8900
80,3501	8,948	17,8950
80,4028	8,950	17,9000
80,4788	8,953	17,9050
80,5258	8,955	17,9100
80,5847	8,958	17,9150
80,6575	8,960	17,9200
80,6945	8,963	17,9250
80,7656	8,965	17,9300
80,8255	8,968	17,9350
80,8807	8,970	17,9400
80,9446	8,973	17,9450
80,9959	8,975	17,9500
81,0517	8,978	17,9550
81,1340	8,980	17,9600
81,1728	8,983	17,9650
81,2507	8,985	17,9700
81,3031	8,988	17,9750
81,3474	8,990	17,9800
81,4180	8,993	17,9850
81,4729	8,995	17,9900
81,5261	8,998	17,9950
81,6048	9,000	18,0000
81,6488	9,003	18,0050
81,7240	9,005	18,0100
81,7799	9,008	18,0150
81,8182	9,010	18,0200
81,8863	9,013	18,0250
81,9458	9,015	18,0300
81,9938	9,018	18,0350
82,0654	9,020	18,0400
82,1066	9,023	18,0450
82,1845	9,025	18,0500
82,2443	9,028	18,0550
82,2903	9,030	18,0600
82,3558	9,033	18,0650
82,4031	9,035	18,0700
82,4581	9,038	18,0750
82,5411	9,040	18,0800
82,5825	9,043	18,0850
82,6501	9,045	18,0900
82,7078	9,048	18,0950
82,7514	9,050	18,1000
82,8370	9,053	18,1050
82,8925	9,055	18,1100
82,9460	9,058	18,1150
83,0293	9,060	18,1200
83,0681	9,063	18,1250
83,1381	9,065	18,1300
83,1919	9,068	18,1350
83,2388	9,070	18,1400
83,3122	9,073	18,1450
83,3717	9,075	18,1500
83,4257	9,078	18,1550
83,5034	9,080	18,1600
83,5455	9,083	18,1650
83,6160	9,085	18,1700
83,6639	9,088	18,1750
83,7140	9,090	18,1800
83,7856	9,093	18,1850
83,8447	9,095	18,1900
83,8947	9,098	18,1950
83,9638	9,100	18,2000
84,0058	9,103	18,2050
84,0822	9,105	18,2100
84,1410	9,108	18,2150
84,1965	9,110	18,2200
84,2718	9,113	18,2250
84,3299	9,115	18,2300
84,3840	9,118	18,2350
84,4613	9,120	18,2400
84,5005	9,123	18,2450
84,5763	9,125	18,2500
84,6327	9,128	18,2550
84,6839	9,130	18,2600
84,7529	9,133	18,2650
84,7992	9,135	18,2700
84,8491	9,138	18,2750
84,9253	9,140	18,2800
84,9678	9,143	18,2850
85,0389	9,145	18,2900
85,1066	9,148	18,2950
85,1551	9,150	18,3000
85,2322	9,153	18,3050
85,2812	9,155	18,3100
85,3357	9,158	18,3150
85,4083	9,160	18,3200
85,4473	9,163	18,3250
85,5202	9,165	18,3300
85,5792	9,168	18,3350
85,6197	9,170	18,3400
85,6915	9,173	18,3450
85,7518	9,175	18,3500
85,8085	9,178	18,3550
85,8797	9,180	18,3600
85,9126	9,183	18,3650
85,9905	9,185	18,3700
86,0558	9,188	18,3750
86,1100	9,190	18,3800
86,1867	9,193	18,3850
86,2346	9,195	18,3900
86,2873	9,198	18,3950
86,3625	9,200	18,4000
86,4025	9,203	18,4050
86,4781	9,205	18,4100
86,5481	9,208	18,4150
86,5992	9,210	18,4200
86,6676	9,213	18,4250
86,7211	9,215	18,4300
86,7749	9,218	18,4350
86,8502	9,220	18,4400
86,8887	9,223	18,4450
86,9613	9,225	18,4500
87,0193	9,228	18,4550
87,0783	9,230	18,4600
87,1522	9,233	18,4650
87,2068	9,235	18,4700
87,2571	9,238	18,4750
87,3361	9,240	18,4800
87,3784	9,243	18,4850
87,4503	9,245	18,4900
87,5065	9,248	18,4950
87,5589	9,250	18,5000
87,6361	9,253	18,5050
87,6900	9,255	18,5100
87,7367	9,258	18,5150
87,8151	9,260	18,5200
87,8512	9,263	18,5250
87,9254	9,265	18,5300
87,9854	9,268	18,5350
88,0275	9,270	18,5400
88,0994	9,273	18,5450
88,1632	9,275	18,5500
88,2099	9,278	18,5550
88,2863	9,280	18,5600
88,3301	9,283	18,5650
88,4045	9,285	18,5700
88,4670	9,288	18,5750
88,5133	9,290	18,5800
88,5768	9,293	18,5850
88,6306	9,295	18,5900
88,6937	9,298	18,5950
88,7694	9,300	18,6000
88,8149	9,303	18,6050
88,8826	9,305	18,6100
88,9487	9,308	18,6150
88,9969	9,310	18,6200
89,0664	9,313	18,6250
89,1181	9,315	18,6300
89,1764	9,318	18,6350
89,2537	9,320	18,6400
89,2967	9,323	18,6450
89,3747	9,325	18,6500
89,4391	9,328	18,6550
89,4838	9,330	18,6600
89,5583	9,333	18,6650
89,6126	9,335	18,6700
89,6691	9,338	18,6750
89,7379	9,340	18,6800
89,7863	9,343	18,6850
89,8666	9,345	18,6900
89,9282	9,348	18,6950
89,9691	9,350	18,7000
90,0502	9,353	18,7050
90,1060	9,355	18,7100
90,1683	9,358	18,7150
90,2392	9,360	18,7200
90,2799	9,363	18,7250
90,3551	9,365	18,7300
90,4138	9,368	18,7350
90,4678	9,370	18,7400
90,5466	9,373	18,7450
90,5992	9,375	18,7500
90,6515	9,378	18,7550
90,7296	9,380	18,7600
90,7717	9,383	18,7650
90,8431	9,385	18,7700
90,8979	9,388	18,7750
90,9492	9,390	18,7800
91,0187	9,393	18,7850
91,0732	9,395	18,7900
91,1288	9,398	18,7950
91,2008	9,400	18,8000
91,2478	9,403	18,8050
91,3207	9,405	18,8100
91,3847	9,408	18,8150
91,4336	9,410	18,8200
91,5012	9,413	18,8250
91,5575	9,415	18,8300
91,6109	9,418	18,8350
91,6899	9,420	18,8400
91,7341	9,423	18,8450
91,8072	9,425	18,8500
91,8612	9,428	18,8550
91,9116	9,430	18,8600
91,9865	9,433	18,8650
92,0413	9,435	18,8700
92,1050	9,438	18,8750
92,1905	9,440	18,8800
92,2359	9,443	18,8850
92,3003	9,445	18,8900
92,3539	9,448	18,8950
92,4065	9,450	18,9000
92,4789	9,453	18,9050
92,5341	9,455	18,9100
92,5980	9,458	18,9150
92,6779	9,460	18,9200
92,7246	9,463	18,9250
92,8057	9,465	18,9300
92,8582	9,468	18,9350
92,9116	9,470	18,9400
92,9881	9,473	18,9450
93,0450	9,475	18,9500
93,0945	9,478	18,9550
93,1744	9,480	18,9600
93,2201	9,483	18,9650
93,2997	9,485	18,9700
93,3507	9,488	18,9750
93,3996	9,490	18,9800
93,4797	9,493	18,9850
93,5351	9,495	18,9900
93,5916	9,498	18,9950
93,6659	9,500	19,0000
93,7071	9,503	19,0050
93,7865	9,505	19,0100
93,8470	9,508	19,0150
93,8906	9,510	19,0200
93,9521	9,513	19,0250
94,0091	9,515	19,0300
94,0709	9,518	19,0350
94,1474	9,520	19,0400
94,1921	9,523	19,0450
94,2758	9,525	19,0500
94,3325	9,528	19,0550
94,3772	9,530	19,0600
94,4506	9,533	19,0650
94,5153	9,535	19,0700
94,5645	9,538	19,0750
94,6369	9,540	19,0800
94,6742	9,543	19,0850
94,7488	9,545	19,0900
94,8069	9,548	19,0950
94,8512	9,550	19,1000
94,9320	9,553	19,1050
94,9817	9,555	19,1100
95,0440	9,558	19,1150
95,1245	9,560	19,1200
95,1719	9,563	19,1250
95,2444	9,565	19,1300
95,3038	9,568	19,1350
95,3514	9,570	19,1400
95,4273	9,573	19,1450
95,4947	9,575	19,1500
95,5428	9,578	19,1550
95,6235	9,580	19,1600
95,6685	9,583	19,1650
95,7454	9,585	19,1700
95,8053	9,588	19,1750
95,8601	9,590	19,1800
95,9284	9,593	19,1850
95,9805	9,595	19,1900
96,0459	9,598	19,1950
96,1217	9,600	19,2000
96,1655	9,603	19,2050
96,2375	9,605	19,2100
96,2997	9,608	19,2150
96,3528	9,610	19,2200
96,4297	9,613	19,2250
96,4899	9,615	19,2300
96,5438	9,618	19,2350
96,6163	9,620	19,2400
96,6531	9,623	19,2450
96,7326	9,625	19,2500
96,7903	9,628	19,2550
96,8467	9,630	19,2600
96,9084	9,633	19,2650
96,9668	9,635	19,2700
97,0230	9,638	19,2750
97,1020	9,640	19,2800
97,1404	9,643	19,2850
97,2162	9,645	19,2900
97,2766	9,648	19,2950
97,3237	9,650	19,3000
97,3966	9,653	19,3050
97,4515	9,655	19,3100
97,5059	9,658	19,3150
97,5732	9,660	19,3200
97,6155	9,663	19,3250
97,6860	9,665	19,3300
97,7492	9,668	19,3350
97,7998	9,670	19,3400
97,8743	9,673	19,3450
97,9303	9,675	19,3500
97,9893	9,678	19,3550
98,0720	9,680	19,3600
98,1166	9,683	19,3650
98,1882	9,685	19,3700
98,2475	9,688	19,3750
98,2946	9,690	19,3800
98,3745	9,693	19,3850
98,4438	9,695	19,3900
98,4983	9,698	19,3950
98,5746	9,700	19,4000
98,6183	9,703	19,4050
98,6982	9,705	19,4100
98,7629	9,708	19,4150
98,8192	9,710	19,4200
98,8906	9,713	19,4250
98,9433	9,715	19,4300
99,0046	9,718	19,4350
99,0838	9,720	19,4400
99,1234	9,723	19,4450
99,2003	9,725	19,4500
99,2621	9,728	19,4550
99,3178	9,730	19,4600
99,3940	9,733	19,4650
99,4423	9,735	19,4700
99,5012	9,738	19,4750
99,5897	9,740	19,4800
99,6277	9,743	19,4850
99,7014	9,745	19,4900
99,7586	9,748	19,4950
99,8049	9,750	19,5000
99,8909	9,753	19,5050
99,9575	9,755	19,5100
100,0127	9,758	19,5150
100,0887	9,760	19,5200
100,1307	9,763	19,5250
100,2039	9,765	19,5300
100,2576	9,768	19,5350
100,3021	9,770	19,5400
100,3830	9,773	19,5450
100,4453	9,775	19,5500
100,5051	9,778	19,5550
100,5856	9,780	19,5600
100,6232	9,783	19,5650
100,6989	9,785	19,5700
100,7570	9,788	19,5750
100,7988	9,790	19,5800
100,8668	9,793	19,5850
100,9246	9,795	19,5900
100,9841	9,798	19,5950
101,0596	9,800	19,6000
101,1051	9,803	19,6050
101,1793	9,805	19,6100
101,2411	9,808	19,6150
101,2918	9,810	19,6200
101,3703	9,813	19,6250
101,4338	9,815	19,6300
101,4837	9,818	19,6350
101,5648	9,820	19,6400
101,5994	9,823	19,6450
101,6705	9,825	19,6500
101,7352	9,828	19,6550
101,7942	9,830	19,6600
101,8704	9,833	19,6650
101,9290	9,835	19,6700
101,9857	9,838	19,6750
102,0646	9,840	19,6800
102,1102	9,843	19,6850
102,1881	9,845	19,6900
102,2449	9,848	19,6950
102,2922	9,850	19,7000
102,3751	9,853	19,7050
102,4388	9,855	19,7100
102,4941	9,858	19,7150
102,5721	9,860	19,7200
102,6180	9,863	19,7250
102,6879	9,865	19,7300
102,7492	9,868	19,7350
102,7994	9,870	19,7400
102,8795	9,873	19,7450
102,9377	9,875	19,7500
102,9903	9,878	19,7550
103,0719	9,880	19,7600
103,1144	9,883	19,7650
103,1928	9,885	19,7700
103,2507	9,888	19,7750
103,2990	9,890	19,7800
103,3606	9,893	19,7850
103,4220	9,895	19,7900
103,4821	9,898	19,7950
103,5605	9,900	19,8000
103,6086	9,903	19,8050
103,6789	9,905	19,8100
103,7350	9,908	19,8150
103,7801	9,910	19,8200
103,8533	9,913	19,8250
103,9105	9,915	19,8300
103,9664	9,918	19,8350
104,0470	9,920	19,8400
104,0901	9,923	19,8450
104,1654	9,925	19,8500
104,2324	9,928	19,8550
104,2841	9,930	19,8600
104,3494	9,933	19,8650
104,4133	9,935	19,8700
104,4755	9,938	19,8750
104,5531	9,940	19,8800
104,5987	9,943	19,8850
104,6686	9,945	19,8900
104,7379	9,948	19,8950
104,7880	9,950	19,9000
104,8743	9,953	19,9050
104,9320	9,955	19,9100
104,9890	9,958	19,9150
105,0659	9,960	19,9200
105,1144	9,963	19,9250
105,1896	9,965	19,9300
105,2519	9,968	19,9350
105,3002	9,970	19,9400
105,3690	9,973	19,9450
105,4356	9,975	19,9500
105,4928	9,978	19,9550
105,5688	9,980	19,9600
105,6158	9,983	19,9650
105,6976	9,985	19,9700
105,7573	9,988	19,9750
105,8121	9,990	19,9800
105,8856	9,993	19,9850
105,9489	9,995	19,9900
106,0116	9,998	19,9950
106,0839	10,000	20,0000
106,1382	10,003	20,0050
106,2114	10,005	20,0100
106,2700	10,008	20,0150
106,3185	10,010	20,0200
106,3913	10,013	20,0250
106,4505	10,015	20,0300
106,5084	10,018	20,0350
106,5796	10,020	20,0400
106,6197	10,023	20,0450
106,7016	10,025	20,0500
106,7639	10,028	20,0550
106,8159	10,030	20,0600
106,8899	10,033	20,0650
106,9436	10,035	20,0700
107,0033	10,038	20,0750
107,0844	10,040	20,0800
107,1284	10,043	20,0850
107,2023	10,045	20,0900
107,2655	10,048	20,0950
107,3195	10,050	20,1000
107,4103	10,053	20,1050
107,4670	10,055	20,1100
107,5260	10,058	20,1150
107,6047	10,060	20,1200
107,6520	10,063	20,1250
107,7255	10,065	20,1300
107,7895	10,068	20,1350
107,8400	10,070	20,1400
107,9097	10,073	20,1450
107,9716	10,075	20,1500
108,0287	10,078	20,1550
108,1135	10,080	20,1600
108,1647	10,083	20,1650
108,2418	10,085	20,1700
108,2973	10,088	20,1750
108,3524	10,090	20,1800
108,4320	10,093	20,1850
108,4905	10,095	20,1900
108,5483	10,098	20,1950
108,6257	10,100	20,2000
108,6706	10,103	20,2050
108,7460	10,105	20,2100
108,8101	10,108	20,2150
108,8595	10,110	20,2200
108,9330	10,113	20,2250
108,9882	10,115	20,2300
109,0494	10,118	20,2350
109,1334	10,120	20,2400
109,1822	10,123	20,2450
109,2577	10,125	20,2500
109,3135	10,128	20,2550
109,3710	10,130	20,2600
109,4415	10,133	20,2650
109,5046	10,135	20,2700
109,5648	10,138	20,2750
109,6399	10,140	20,2800
109,6764	10,143	20,2850
109,7421	10,145	20,2900
109,8103	10,148	20,2950
109,8602	10,150	20,3000
109,9369	10,153	20,3050
109,9932	10,155	20,3100
110,0498	10,158	20,3150
110,1335	10,160	20,3200
110,1886	10,163	20,3250
110,2562	10,165	20,3300
110,3099	10,168	20,3350
110,3544	10,170	20,3400
110,4278	10,173	20,3450
110,4938	10,175	20,3500
110,5437	10,178	20,3550
110,6192	10,180	20,3600
110,6569	10,183	20,3650
110,7432	10,185	20,3700
110,8129	10,188	20,3750
110,8659	10,190	20,3800
110,9397	10,193	20,3850
110,9938	10,195	20,3900
111,0660	10,198	20,3950
111,1485	10,200	20,4000
111,1976	10,203	20,4050
111,2782	10,205	20,4100
111,3379	10,208	20,4150
111,3883	10,210	20,4200
111,4647	10,213	20,4250
111,5331	10,215	20,4300
111,5971	10,218	20,4350
111,6740	10,220	20,4400
111,7217	10,223	20,4450
111,8046	10,225	20,4500
111,8633	10,228	20,4550
111,9105	10,230	20,4600
111,9907	10,233	20,4650
112,0526	10,235	20,4700
112,1054	10,238	20,4750
112,1814	10,240	20,4800
112,2296	10,243	20,4850
112,3091	10,245	20,4900
112,3786	10,248	20,4950
112,4305	10,250	20,5000
112,5012	10,253	20,5050
112,5633	10,255	20,5100
112,6197	10,258	20,5150
112,6969	10,260	20,5200
112,7453	10,263	20,5250
112,8229	10,265	20,5300
112,8791	10,268	20,5350
112,9354	10,270	20,5400
113,0026	10,273	20,5450
113,0549	10,275	20,5500
113,1105	10,278	20,5550
113,1989	10,280	20,5600
113,2404	10,283	20,5650
113,3108	10,285	20,5700
113,3759	10,288	20,5750
113,4257	10,290	20,5800
113,4951	10,293	20,5850
113,5498	10,295	20,5900
113,6127	10,298	20,5950
113,6938	10,300	20,6000
113,7390	10,303	20,6050
113,8180	10,305	20,6100
113,8819	10,308	20,6150
113,9345	10,310	20,6200
114,0163	10,313	20,6250
114,0809	10,315	20,6300
114,1418	10,318	20,6350
114,2203	10,320	20,6400
114,2722	10,323	20,6450
114,3500	10,325	20,6500
114,4074	10,328	20,6550
114,4646	10,330	20,6600
114,5467	10,333	20,6650
114,6077	10,335	20,6700
114,6656	10,338	20,6750
114,7431	10,340	20,6800
114,7942	10,343	20,6850
114,8757	10,345	20,6900
114,9405	10,348	20,6950
114,9918	10,350	20,7000
115,0651	10,353	20,7050
115,1178	10,355	20,7100
115,1776	10,358	20,7150
115,2575	10,360	20,7200
115,3082	10,363	20,7250
115,3922	10,365	20,7300
115,4582	10,368	20,7350
115,5108	10,370	20,7400
115,5898	10,373	20,7450
115,6486	10,375	20,7500
115,7056	10,378	20,7550
115,7853	10,380	20,7600
115,8273	10,383	20,7650
115,9112	10,385	20,7700
115,9756	10,388	20,7750
116,0238	10,390	20,7800
116,1035	10,393	20,7850
116,1657	10,395	20,7900
116,2192	10,398	20,7950
116,3003	10,400	20,8000
116,3528	10,403	20,8050
116,4283	10,405	20,8100
116,4925	10,408	20,8150
116,5342	10,410	20,8200
116,6054	10,413	20,8250
116,6621	10,415	20,8300
116,7124	10,418	20,8350
116,7948	10,420	20,8400
116,8334	10,423	20,8450
116,9193	10,425	20,8500
116,9832	10,428	20,8550
117,0403	10,430	20,8600
117,1219	10,433	20,8650
117,1871	10,435	20,8700
117,2540	10,438	20,8750
117,3380	10,440	20,8800
117,3856	10,443	20,8850
117,4696	10,445	20,8900
117,5419	10,448	20,8950
117,5904	10,450	20,9000
117,6653	10,453	20,9050
117,7218	10,455	20,9100
117,7866	10,458	20,9150
117,8750	10,460	20,9200
117,9217	10,463	20,9250
117,9934	10,465	20,9300
118,0592	10,468	20,9350
118,1109	10,470	20,9400
118,1827	10,473	20,9450
118,2483	10,475	20,9500
118,3126	10,478	20,9550
118,3960	10,480	20,9600
118,4426	10,483	20,9650
118,5278	10,485	20,9700
118,5957	10,488	20,9750
118,6488	10,490	20,9800
118,7217	10,493	20,9850
118,7764	10,495	20,9900
118,8330	10,498	20,9950
118,9143	10,500	21,0000
118,9673	10,503	21,0050
119,0447	10,505	21,0100
119,1050	10,508	21,0150
119,1498	10,510	21,0200
119,2284	10,513	21,0250
119,2970	10,515	21,0300
119,3560	10,518	21,0350
119,4329	10,520	21,0400
119,4818	10,523	21,0450
119,5631	10,525	21,0500
119,6215	10,528	21,0550
119,6734	10,530	21,0600
119,7480	10,533	21,0650
119,8155	10,535	21,0700
119,8687	10,538	21,0750
119,9416	10,540	21,0800
119,9856	10,543	21,0850
120,0688	10,545	21,0900
120,1338	10,548	21,0950
120,1802	10,550	21,1000
120,2661	10,553	21,1050
120,3291	10,555	21,1100
120,3959	10,558	21,1150
120,4674	10,560	21,1200
120,5200	10,563	21,1250
120,6017	10,565	21,1300
120,6651	10,568	21,1350
120,7213	10,570	21,1400
120,8034	10,573	21,1450
120,8645	10,575	21,1500
120,9217	10,578	21,1550
121,0050	10,580	21,1600
121,0564	10,583	21,1650
121,1461	10,585	21,1700
121,2064	10,588	21,1750
121,2551	10,590	21,1800
121,3264	10,593	21,1850
121,3950	10,595	21,1900
121,4636	10,598	21,1950
121,5466	10,600	21,2000
121,5927	10,603	21,2050
121,6686	10,605	21,2100
121,7335	10,608	21,2150
121,7840	10,610	21,2200
121,8677	10,613	21,2250
121,9310	10,615	21,2300
121,9905	10,618	21,2350
122,0697	10,620	21,2400
122,1125	10,623	21,2450
122,1941	10,625	21,2500
122,2569	10,628	21,2550
122,3153	10,630	21,2600
122,3896	10,633	21,2650
122,4402	10,635	21,2700
122,4926	10,638	21,2750
122,5846	10,640	21,2800
122,6399	10,643	21,2850
122,7224	10,645	21,2900
122,7800	10,648	21,2950
122,8315	10,650	21,3000
122,9097	10,653	21,3050
122,9744	10,655	21,3100
123,0360	10,658	21,3150
123,1128	10,660	21,3200
123,1589	10,663	21,3250
123,2275	10,665	21,3300
123,2888	10,668	21,3350
123,3422	10,670	21,3400
123,4214	10,673	21,3450
123,4846	10,675	21,3500
123,5469	10,678	21,3550
123,6342	10,680	21,3600
123,6834	10,683	21,3650
123,7630	10,685	21,3700
123,8347	10,688	21,3750
123,8912	10,690	21,3800
123,9658	10,693	21,3850
124,0237	10,695	21,3900
124,0848	10,698	21,3950
124,1732	10,700	21,4000
124,2231	10,703	21,4050
124,3052	10,705	21,4100
124,3742	10,708	21,4150
124,4253	10,710	21,4200
124,5062	10,713	21,4250
124,5779	10,715	21,4300
124,6401	10,718	21,4350
124,7230	10,720	21,4400
124,7690	10,723	21,4450
124,8464	10,725	21,4500
124,9020	10,728	21,4550
124,9587	10,730	21,4600
125,0323	10,733	21,4650
125,1006	10,735	21,4700
125,1579	10,738	21,4750
125,2445	10,740	21,4800
125,2953	10,743	21,4850
125,3700	10,745	21,4900
125,4396	10,748	21,4950
125,4959	10,750	21,5000
125,5723	10,753	21,5050
125,6336	10,755	21,5100
125,6985	10,758	21,5150
125,7763	10,760	21,5200
125,8232	10,763	21,5250
125,8996	10,765	21,5300
125,9658	10,768	21,5350
126,0276	10,770	21,5400
126,1061	10,773	21,5450
126,1595	10,775	21,5500
126,2140	10,778	21,5550
126,2962	10,780	21,5600
126,3495	10,783	21,5650
126,4263	10,785	21,5700
126,4832	10,788	21,5750
126,5337	10,790	21,5800
126,6180	10,793	21,5850
126,6804	10,795	21,5900
126,7405	10,798	21,5950
126,8180	10,800	21,6000
126,8740	10,803	21,6050
126,9594	10,805	21,6100
127,0224	10,808	21,6150
127,0714	10,810	21,6200
127,1501	10,813	21,6250
127,2142	10,815	21,6300
127,2722	10,818	21,6350
127,3553	10,820	21,6400
127,4020	10,823	21,6450
127,4905	10,825	21,6500
127,5552	10,828	21,6550
127,6102	10,830	21,6600
127,6831	10,833	21,6650
127,7488	10,835	21,6700
127,8135	10,838	21,6750
127,9006	10,840	21,6800
127,9506	10,843	21,6850
128,0312	10,845	21,6900
128,0972	10,848	21,6950
128,1511	10,850	21,7000
128,2329	10,853	21,7050
128,3007	10,855	21,7100
128,3575	10,858	21,7150
128,4342	10,860	21,7200
128,4846	10,863	21,7250
128,5639	10,865	21,7300
128,6259	10,868	21,7350
128,6813	10,870	21,7400
128,7607	10,873	21,7450
128,8320	10,875	21,7500
128,8952	10,878	21,7550
128,9773	10,880	21,7600
129,0234	10,883	21,7650
129,0977	10,885	21,7700
129,1610	10,888	21,7750
129,2207	10,890	21,7800
129,2962	10,893	21,7850
129,3545	10,895	21,7900
129,4194	10,898	21,7950
129,4933	10,900	21,8000
129,5406	10,903	21,8050
129,6198	10,905	21,8100
129,6923	10,908	21,8150
129,7445	10,910	21,8200
129,8177	10,913	21,8250
129,8745	10,915	21,8300
129,9333	10,918	21,8350
130,0164	10,920	21,8400
130,0702	10,923	21,8450
130,1496	10,925	21,8500
130,2256	10,928	21,8550
130,2792	10,930	21,8600
130,3484	10,933	21,8650
130,4136	10,935	21,8700
130,4740	10,938	21,8750
130,5466	10,940	21,8800
130,5999	10,943	21,8850
130,6801	10,945	21,8900
130,7515	10,948	21,8950
130,7987	10,950	21,9000
130,8829	10,953	21,9050
130,9539	10,955	21,9100
131,0204	10,958	21,9150
131,0980	10,960	21,9200
131,1485	10,963	21,9250
131,2267	10,965	21,9300
131,2925	10,968	21,9350
131,3505	10,970	21,9400
131,4274	10,973	21,9450
131,4959	10,975	21,9500
131,5551	10,978	21,9550
131,6304	10,980	21,9600
131,6885	10,983	21,9650
131,7755	10,985	21,9700
131,8325	10,988	21,9750
131,8847	10,990	21,9800
131,9619	10,993	21,9850
132,0243	10,995	21,9900
132,0841	10,998	21,9950
132,1618	11,000	22,0000
132,2183	11,003	22,0050
132,2995	11,005	22,0100
132,3714	11,008	22,0150
132,4224	11,010	22,0200
132,5000	11,013	22,0250
132,5704	11,015	22,0300
132,6353	11,018	22,0350
132,7071	11,020	22,0400
132,7509	11,023	22,0450
132,8338	11,025	22,0500
132,9088	11,028	22,0550
132,9697	11,030	22,0600
133,0379	11,033	22,0650
133,0908	11,035	22,0700
133,1568	11,038	22,0750
133,2455	11,040	22,0800
133,2961	11,043	22,0850
133,3725	11,045	22,0900
133,4408	11,048	22,0950
133,4984	11,050	22,1000
133,5780	11,053	22,1050
133,6450	11,055	22,1100
133,7086	11,058	22,1150
133,7895	11,060	22,1200
133,8333	11,063	22,1250
133,9134	11,065	22,1300
133,9846	11,068	22,1350
134,0411	11,070	22,1400
134,1224	11,073	22,1450
134,1824	11,075	22,1500
134,2409	11,078	22,1550
134,3318	11,080	22,1600
134,3850	11,083	22,1650
134,4688	11,085	22,1700
134,5378	11,088	22,1750
134,5995	11,090	22,1800
134,6756	11,093	22,1850
134,7393	11,095	22,1900
134,8018	11,098	22,1950
134,8832	11,100	22,2000
134,9346	11,103	22,2050
135,0133	11,105	22,2100
135,0822	11,108	22,2150
135,1431	11,110	22,2200
135,2221	11,113	22,2250
135,2772	11,115	22,2300
135,3501	11,118	22,2350
135,4332	11,120	22,2400
135,4848	11,123	22,2450
135,5645	11,125	22,2500
135,6324	11,128	22,2550
135,6851	11,130	22,2600
135,7578	11,133	22,2650
135,8235	11,135	22,2700
135,8865	11,138	22,2750
135,9672	11,140	22,2800
136,0138	11,143	22,2850
136,0902	11,145	22,2900
136,1569	11,148	22,2950
136,2086	11,150	22,3000
136,2933	11,153	22,3050
136,3555	11,155	22,3100
136,4155	11,158	22,3150
136,4969	11,160	22,3200
136,5486	11,163	22,3250
136,6265	11,165	22,3300
136,6887	11,168	22,3350
136,7465	11,170	22,3400
136,8301	11,173	22,3450
136,8968	11,175	22,3500
136,9602	11,178	22,3550
137,0485	11,180	22,3600
137,0979	11,183	22,3650
137,1848	11,185	22,3700
137,2404	11,188	22,3750
137,2918	11,190	22,3800
137,3746	11,193	22,3850
137,4452	11,195	22,3900
137,5121	11,198	22,3950
137,6000	11,200	22,4000
137,6505	11,203	22,4050
137,7310	11,205	22,4100
137,8021	11,208	22,4150
137,8555	11,210	22,4200
137,9375	11,213	22,4250
138,0090	11,215	22,4300
138,0656	11,218	22,4350
138,1482	11,220	22,4400
138,2007	11,223	22,4450
138,2797	11,225	22,4500
138,3464	11,228	22,4550
138,4083	11,230	22,4600
138,4847	11,233	22,4650
138,5490	11,235	22,4700
138,6153	11,238	22,4750
138,6964	11,240	22,4800
138,7550	11,243	22,4850
138,8323	11,245	22,4900
138,9015	11,248	22,4950
138,9589	11,250	22,5000
139,0428	11,253	22,5050
139,1079	11,255	22,5100
139,1742	11,258	22,5150
139,2575	11,260	22,5200
139,3151	11,263	22,5250
139,3893	11,265	22,5300
139,4451	11,268	22,5350
139,5010	11,270	22,5400
139,5815	11,273	22,5450
139,6503	11,275	22,5500
139,7131	11,278	22,5550
139,7876	11,280	22,5600
139,8365	11,283	22,5650
139,9223	11,285	22,5700
139,9840	11,288	22,5750
140,0469	11,290	22,5800
140,1244	11,293	22,5850
140,1883	11,295	22,5900
140,2571	11,298	22,5950
140,3358	11,300	22,6000
140,3877	11,303	22,6050
140,4696	11,305	22,6100
140,5377	11,308	22,6150
140,5992	11,310	22,6200
140,6837	11,313	22,6250
140,7440	11,315	22,6300
140,8066	11,318	22,6350
140,8920	11,320	22,6400
140,9490	11,323	22,6450
141,0289	11,325	22,6500
141,0936	11,328	22,6550
141,1621	11,330	22,6600
141,2398	11,333	22,6650
141,3034	11,335	22,6700
141,3692	11,338	22,6750
141,4443	11,340	22,6800
141,4975	11,343	22,6850
141,5906	11,345	22,6900
141,6643	11,348	22,6950
141,7181	11,350	22,7000
141,7947	11,353	22,7050
141,8531	11,355	22,7100
141,9188	11,358	22,7150
142,0129	11,360	22,7200
142,0699	11,363	22,7250
142,1495	11,365	22,7300
142,2125	11,368	22,7350
142,2662	11,370	22,7400
142,3422	11,373	22,7450
142,4093	11,375	22,7500
142,4722	11,378	22,7550
142,5541	11,380	22,7600
142,6026	11,383	22,7650
142,6852	11,385	22,7700
142,7543	11,388	22,7750
142,8228	11,390	22,7800
142,9055	11,393	22,7850
142,9700	11,395	22,7900
143,0364	11,398	22,7950
143,1134	11,400	22,8000
143,1633	11,403	22,8050
143,2413	11,405	22,8100
143,3166	11,408	22,8150
143,3772	11,410	22,8200
143,4541	11,413	22,8250
143,5255	11,415	22,8300
143,5830	11,418	22,8350
143,6623	11,420	22,8400
143,7228	11,423	22,8450
143,8123	11,425	22,8500
143,8776	11,428	22,8550
143,9327	11,430	22,8600
144,0030	11,433	22,8650
144,0750	11,435	22,8700
144,1459	11,438	22,8750
144,2318	11,440	22,8800
144,2888	11,443	22,8850
144,3698	11,445	22,8900
144,4357	11,448	22,8950
144,4978	11,450	22,9000
144,5757	11,453	22,9050
144,6473	11,455	22,9100
144,7105	11,458	22,9150
144,7977	11,460	22,9200
144,8573	11,463	22,9250
144,9322	11,465	22,9300
144,9920	11,468	22,9350
145,0536	11,470	22,9400
145,1356	11,473	22,9450
145,2107	11,475	22,9500
145,2734	11,478	22,9550
145,3543	11,480	22,9600
145,4136	11,483	22,9650
145,4971	11,485	22,9700
145,5561	11,488	22,9750
145,6205	11,490	22,9800
145,7023	11,493	22,9850
145,7721	11,495	22,9900
145,8424	11,498	22,9950
145,9286	11,500	23,0000
145,9798	11,503	23,0050
146,0616	11,505	23,0100
146,1213	11,508	23,0150
146,1722	11,510	23,0200
146,2515	11,513	23,0250
146,3176	11,515	23,0300
146,3877	11,518	23,0350
146,4744	11,520	23,0400
146,5283	11,523	23,0450
146,6075	11,525	23,0500
146,6738	11,528	23,0550
146,7318	11,530	23,0600
146,8108	11,533	23,0650
146,8735	11,535	23,0700
146,9438	11,538	23,0750
147,0206	11,540	23,0800
147,0800	11,543	23,0850
147,1555	11,545	23,0900
147,2254	11,548	23,0950
147,2886	11,550	23,1000
147,3732	11,553	23,1050
147,4396	11,555	23,1100
147,5067	11,558	23,1150
147,5913	11,560	23,1200
147,6493	11,563	23,1250
147,7331	11,565	23,1300
147,8002	11,568	23,1350
147,8577	11,570	23,1400
147,9336	11,573	23,1450
148,0053	11,575	23,1500
148,0715	11,578	23,1550
148,1587	11,580	23,1600
148,2086	11,583	23,1650
148,2901	11,585	23,1700
148,3569	11,588	23,1750
148,4187	11,590	23,1800
148,4960	11,593	23,1850
148,5624	11,595	23,1900
148,6303	11,598	23,1950
148,7138	11,600	23,2000
148,7770	11,603	23,2050
148,8642	11,605	23,2100
148,9262	11,608	23,2150
148,9874	11,610	23,2200
149,0680	11,613	23,2250
149,1329	11,615	23,2300
149,1926	11,618	23,2350
149,2833	11,620	23,2400
149,3432	11,623	23,2450
149,4220	11,625	23,2500
149,4877	11,628	23,2550
149,5535	11,630	23,2600
149,6307	11,633	23,2650
149,6887	11,635	23,2700
149,7495	11,638	23,2750
149,8384	11,640	23,2800
149,8948	11,643	23,2850
149,9733	11,645	23,2900
150,0392	11,648	23,2950
150,0999	11,650	23,3000
150,1888	11,653	23,3050
150,2570	11,655	23,3100
150,3240	11,658	23,3150
150,4087	11,660	23,3200
150,4625	11,663	23,3250
150,5386	11,665	23,3300
150,6074	11,668	23,3350
150,6669	11,670	23,3400
150,7564	11,673	23,3450
150,8298	11,675	23,3500
150,9000	11,678	23,3550
150,9925	11,680	23,3600
151,0442	11,683	23,3650
151,1249	11,685	23,3700
151,1915	11,688	23,3750
151,2485	11,690	23,3800
151,3324	11,693	23,3850
151,4051	11,695	23,3900
151,4745	11,698	23,3950
151,5588	11,700	23,4000
151,6167	11,703	23,4050
151,6990	11,705	23,4100
151,7721	11,708	23,4150
151,8301	11,710	23,4200
151,9122	11,713	23,4250
151,9754	11,715	23,4300
152,0411	11,718	23,4350
152,1246	11,720	23,4400
152,1808	11,723	23,4450
152,2690	11,725	23,4500
152,3404	11,728	23,4550
152,4005	11,730	23,4600
152,4719	11,733	23,4650
152,5398	11,735	23,4700
152,6104	11,738	23,4750
152,6943	11,740	23,4800
152,7431	11,743	23,4850
152,8221	11,745	23,4900
152,9014	11,748	23,4950
152,9686	11,750	23,5000
153,0512	11,753	23,5050
153,1131	11,755	23,5100
153,1835	11,758	23,5150
153,2718	11,760	23,5200
153,3326	11,763	23,5250
153,4149	11,765	23,5300
153,4790	11,768	23,5350
153,5371	11,770	23,5400
153,6133	11,773	23,5450
153,6863	11,775	23,5500
153,7522	11,778	23,5550
153,8434	11,780	23,5600
153,8931	11,783	23,5650
153,9759	11,785	23,5700
154,0517	11,788	23,5750
154,1146	11,790	23,5800
154,2004	11,793	23,5850
154,2670	11,795	23,5900
154,3400	11,798	23,5950
154,4287	11,800	23,6000
154,4980	11,803	23,6050
154,5818	11,805	23,6100
154,6471	11,808	23,6150
154,7027	11,810	23,6200
154,7776	11,813	23,6250
154,8456	11,815	23,6300
154,9220	11,818	23,6350
155,0109	11,820	23,6400
155,0595	11,823	23,6450
155,1463	11,825	23,6500
155,2075	11,828	23,6550
155,2663	11,830	23,6600
155,3503	11,833	23,6650
155,4168	11,835	23,6700
155,4801	11,838	23,6750
155,5636	11,840	23,6800
155,6279	11,843	23,6850
155,7122	11,845	23,6900
155,7862	11,848	23,6950
155,8491	11,850	23,7000
155,9337	11,853	23,7050
156,0092	11,855	23,7100
156,0799	11,858	23,7150
156,1545	11,860	23,7200
156,2061	11,863	23,7250
156,2895	11,865	23,7300
156,3631	11,868	23,7350
156,4224	11,870	23,7400
156,4979	11,873	23,7450
156,5682	11,875	23,7500
156,6293	11,878	23,7550
156,7090	11,880	23,7600
156,7653	11,883	23,7650
156,8612	11,885	23,7700
156,9302	11,888	23,7750
156,9795	11,890	23,7800
157,0554	11,893	23,7850
157,1285	11,895	23,7900
157,1983	11,898	23,7950
157,2821	11,900	23,8000
157,3319	11,903	23,8050
157,4086	11,905	23,8100
157,4780	11,908	23,8150
157,5399	11,910	23,8200
157,6224	11,913	23,8250
157,6904	11,915	23,8300
157,7574	11,918	23,8350
157,8448	11,920	23,8400
157,9085	11,923	23,8450
157,9925	11,925	23,8500
158,0628	11,928	23,8550
158,1274	11,930	23,8600
158,2007	11,933	23,8650
158,2669	11,935	23,8700
158,3278	11,938	23,8750
158,4272	11,940	23,8800
158,4885	11,943	23,8850
158,5719	11,945	23,8900
158,6409	11,948	23,8950
158,6954	11,950	23,9000
158,7832	11,953	23,9050
158,8538	11,955	23,9100
158,9243	11,958	23,9150
159,0094	11,960	23,9200
159,0764	11,963	23,9250
159,1607	11,965	23,9300
159,2284	11,968	23,9350
159,2839	11,970	23,9400
159,3623	11,973	23,9450
159,4382	11,975	23,9500
159,5049	11,978	23,9550
159,5873	11,980	23,9600
159,6469	11,983	23,9650
159,7395	11,985	23,9700
159,7988	11,988	23,9750
159,8615	11,990	23,9800
159,9398	11,993	23,9850
160,0021	11,995	23,9900
160,0723	11,998	23,9950
160,1646	12,000	24,0000
160,2373	12,003	24,0050
160,3206	12,005	24,0100
160,3881	12,008	24,0150
160,4385	12,010	24,0200
160,5220	12,013	24,0250
160,5948	12,015	24,0300
160,6645	12,018	24,0350
160,7510	12,020	24,0400
160,8059	12,023	24,0450
160,8801	12,025	24,0500
160,9478	12,028	24,0550
161,0172	12,030	24,0600
161,0964	12,033	24,0650
161,1584	12,035	24,0700
161,2348	12,038	24,0750
161,3253	12,040	24,0800
161,3898	12,043	24,0850
161,4812	12,045	24,0900
161,5487	12,048	24,0950
161,6034	12,050	24,1000
161,6864	12,053	24,1050
161,7615	12,055	24,1100
161,8336	12,058	24,1150
161,9174	12,060	24,1200
161,9783	12,063	24,1250
162,0604	12,065	24,1300
162,1295	12,068	24,1350
162,1972	12,070	24,1400
162,2784	12,073	24,1450
162,3480	12,075	24,1500
162,4163	12,078	24,1550
162,5047	12,080	24,1600
162,5617	12,083	24,1650
162,6509	12,085	24,1700
162,7236	12,088	24,1750
162,7915	12,090	24,1800
162,8722	12,093	24,1850
162,9432	12,095	24,1900
163,0135	12,098	24,1950
163,0986	12,100	24,2000
163,1578	12,103	24,2050
163,2471	12,105	24,2100
163,3149	12,108	24,2150
163,3758	12,110	24,2200
163,4679	12,113	24,2250
163,5386	12,115	24,2300
163,6107	12,118	24,2350
163,7005	12,120	24,2400
163,7566	12,123	24,2450
163,8400	12,125	24,2500
163,9095	12,128	24,2550
163,9760	12,130	24,2600
164,0616	12,133	24,2650
164,1342	12,135	24,2700
164,1899	12,138	24,2750
164,2793	12,140	24,2800
164,3350	12,143	24,2850
164,4123	12,145	24,2900
164,4815	12,148	24,2950
164,5432	12,150	24,3000
164,6204	12,153	24,3050
164,6866	12,155	24,3100
164,7690	12,158	24,3150
164,8549	12,160	24,3200
164,9169	12,163	24,3250
165,0067	12,165	24,3300
165,0737	12,168	24,3350
165,1346	12,170	24,3400
165,2116	12,173	24,3450
165,2919	12,175	24,3500
165,3571	12,178	24,3550
165,4480	12,180	24,3600
165,5052	12,183	24,3650
165,5919	12,185	24,3700
165,6630	12,188	24,3750
165,7311	12,190	24,3800
165,8163	12,193	24,3850
165,8868	12,195	24,3900
165,9581	12,198	24,3950
166,0561	12,200	24,4000
166,1178	12,203	24,4050
166,1989	12,205	24,4100
166,2757	12,208	24,4150
166,3376	12,210	24,4200
166,4154	12,213	24,4250
166,4893	12,215	24,4300
166,5644	12,218	24,4350
166,6534	12,220	24,4400
166,7127	12,223	24,4450
166,8038	12,225	24,4500
166,8741	12,228	24,4550
166,9399	12,230	24,4600
167,0228	12,233	24,4650
167,0938	12,235	24,4700
167,1652	12,238	24,4750
167,2547	12,240	24,4800
167,3180	12,243	24,4850
167,4026	12,245	24,4900
167,4762	12,248	24,4950
167,5362	12,250	24,5000
167,6198	12,253	24,5050
167,6940	12,255	24,5100
167,7646	12,258	24,5150
167,8446	12,260	24,5200
167,9002	12,263	24,5250
167,9853	12,265	24,5300
168,0632	12,268	24,5350
168,1269	12,270	24,5400
168,2068	12,273	24,5450
168,2763	12,275	24,5500
168,3341	12,278	24,5550
168,4237	12,280	24,5600
168,4885	12,283	24,5650
168,5782	12,285	24,5700
168,6461	12,288	24,5750
168,7106	12,290	24,5800
168,7950	12,293	24,5850
168,8729	12,295	24,5900
168,9513	12,298	24,5950
169,0409	12,300	24,6000
169,0986	12,303	24,6050
169,1820	12,305	24,6100
169,2543	12,308	24,6150
169,3270	12,310	24,6200
169,4158	12,313	24,6250
169,4936	12,315	24,6300
169,5637	12,318	24,6350
169,6535	12,320	24,6400
169,7114	12,323	24,6450
169,7987	12,325	24,6500
169,8677	12,328	24,6550
169,9298	12,330	24,6600
170,0093	12,333	24,6650
170,0849	12,335	24,6700
170,1535	12,338	24,6750
170,2405	12,340	24,6800
170,3045	12,343	24,6850
170,3966	12,345	24,6900
170,4712	12,348	24,6950
170,5322	12,350	24,7000
170,6191	12,353	24,7050
170,6879	12,355	24,7100
170,7628	12,358	24,7150
170,8513	12,360	24,7200
170,9208	12,363	24,7250
171,0091	12,365	24,7300
171,0823	12,368	24,7350
171,1395	12,370	24,7400
171,2117	12,373	24,7450
171,2863	12,375	24,7500
171,3616	12,378	24,7550
171,4519	12,380	24,7600
171,5083	12,383	24,7650
171,5926	12,385	24,7700
171,6623	12,388	24,7750
171,7303	12,390	24,7800
171,8139	12,393	24,7850
171,8848	12,395	24,7900
171,9562	12,398	24,7950
172,0404	12,400	24,8000
172,1059	12,403	24,8050
172,1932	12,405	24,8100
172,2625	12,408	24,8150
172,3290	12,410	24,8200
172,4146	12,413	24,8250
172,4938	12,415	24,8300
172,5649	12,418	24,8350
172,6454	12,420	24,8400
172,7005	12,423	24,8450
172,7954	12,425	24,8500
172,8685	12,428	24,8550
172,9394	12,430	24,8600
173,0221	12,433	24,8650
173,1027	12,435	24,8700
173,1796	12,438	24,8750
173,2627	12,440	24,8800
173,3269	12,443	24,8850
173,4152	12,445	24,8900
173,4891	12,448	24,8950
173,5500	12,450	24,9000
173,6333	12,453	24,9050
173,7124	12,455	24,9100
173,7836	12,458	24,9150
173,8701	12,460	24,9200
173,9365	12,463	24,9250
174,0210	12,465	24,9300
174,0907	12,468	24,9350
174,1572	12,470	24,9400
174,2451	12,473	24,9450
174,3280	12,475	24,9500
174,3966	12,478	24,9550
174,4815	12,480	24,9600
174,5520	12,483	24,9650
174,6402	12,485	24,9700
174,7069	12,488	24,9750
174,7724	12,490	24,9800
174,8557	12,493	24,9850
174,9379	12,495	24,9900
175,0107	12,498	24,9950
175,0959	12,500	25,0000
175,1552	12,503	25,0050
175,2434	12,505	25,0100
175,3293	12,508	25,0150
175,3908	12,510	25,0200
175,4629	12,513	25,0250
175,5350	12,515	25,0300
175,6094	12,518	25,0350
175,7008	12,520	25,0400
175,7594	12,523	25,0450
175,8387	12,525	25,0500
175,9127	12,528	25,0550
175,9850	12,530	25,0600
176,0644	12,533	25,0650
176,1407	12,535	25,0700
176,2141	12,538	25,0750
176,3026	12,540	25,0800
176,3686	12,543	25,0850
176,4516	12,545	25,0900
176,5271	12,548	25,0950
176,5990	12,550	25,1000
176,6830	12,553	25,1050
176,7518	12,555	25,1100
176,8243	12,558	25,1150
176,9080	12,560	25,1200
176,9780	12,563	25,1250
177,0736	12,565	25,1300
177,1503	12,568	25,1350
177,2154	12,570	25,1400
177,2923	12,573	25,1450
177,3747	12,575	25,1500
177,4437	12,578	25,1550
177,5305	12,580	25,1600
177,5868	12,583	25,1650
177,6782	12,585	25,1700
177,7519	12,588	25,1750
177,8217	12,590	25,1800
177,9104	12,593	25,1850
177,9795	12,595	25,1900
178,0552	12,598	25,1950
178,1491	12,600	25,2000
178,2191	12,603	25,2050
178,3016	12,605	25,2100
178,3759	12,608	25,2150
178,4375	12,610	25,2200
178,5268	12,613	25,2250
178,6015	12,615	25,2300
178,6771	12,618	25,2350
178,7699	12,620	25,2400
178,8222	12,623	25,2450
178,9008	12,625	25,2500
178,9756	12,628	25,2550
179,0505	12,630	25,2600
179,1301	12,633	25,2650
179,2042	12,635	25,2700
179,2770	12,638	25,2750
179,3675	12,640	25,2800
179,4360	12,643	25,2850
179,5180	12,645	25,2900
179,5912	12,648	25,2950
179,6543	12,650	25,3000
179,7455	12,653	25,3050
179,8183	12,655	25,3100
179,8986	12,658	25,3150
179,9844	12,660	25,3200
180,0498	12,663	25,3250
180,1407	12,665	25,3300
180,2141	12,668	25,3350
180,2792	12,670	25,3400
180,3733	12,673	25,3450
180,4549	12,675	25,3500
180,5259	12,678	25,3550
180,6242	12,680	25,3600
180,6820	12,683	25,3650
180,7728	12,685	25,3700
180,8478	12,688	25,3750
180,9164	12,690	25,3800
180,9991	12,693	25,3850
181,0775	12,695	25,3900
181,1556	12,698	25,3950
181,2413	12,700	25,4000
181,3030	12,703	25,4050
181,3920	12,705	25,4100
181,4724	12,708	25,4150
181,5373	12,710	25,4200
181,6187	12,713	25,4250
181,6887	12,715	25,4300
181,7562	12,718	25,4350
181,8499	12,720	25,4400
181,9233	12,723	25,4450
182,0184	12,725	25,4500
182,0927	12,728	25,4550
182,1573	12,730	25,4600
182,2374	12,733	25,4650
182,3075	12,735	25,4700
182,3812	12,738	25,4750
182,4719	12,740	25,4800
182,5316	12,743	25,4850
182,6171	12,745	25,4900
182,6924	12,748	25,4950
182,7602	12,750	25,5000
182,8485	12,753	25,5050
182,9187	12,755	25,5100
182,9914	12,758	25,5150
183,0793	12,760	25,5200
183,1527	12,763	25,5250
183,2406	12,765	25,5300
183,3084	12,768	25,5350
183,3667	12,770	25,5400
183,4519	12,773	25,5450
183,5360	12,775	25,5500
183,6095	12,778	25,5550
183,7014	12,780	25,5600
183,7652	12,783	25,5650
183,8554	12,785	25,5700
183,9283	12,788	25,5750
183,9974	12,790	25,5800
184,0830	12,793	25,5850
184,1623	12,795	25,5900
184,2464	12,798	25,5950
184,3360	12,800	25,6000
184,3980	12,803	25,6050
184,4824	12,805	25,6100
184,5611	12,808	25,6150
184,6294	12,810	25,6200
184,7136	12,813	25,6250
184,7872	12,815	25,6300
184,8686	12,818	25,6350
184,9645	12,820	25,6400
185,0285	12,823	25,6450
185,1186	12,825	25,6500
185,1926	12,828	25,6550
185,2661	12,830	25,6600
185,3472	12,833	25,6650
185,4225	12,835	25,6700
185,4957	12,838	25,6750
185,5902	12,840	25,6800
185,6613	12,843	25,6850
185,7473	12,845	25,6900
185,8243	12,848	25,6950
185,8871	12,850	25,7000
185,9741	12,853	25,7050
186,0527	12,855	25,7100
186,1246	12,858	25,7150
186,2084	12,860	25,7200
186,2758	12,863	25,7250
186,3669	12,865	25,7300
186,4458	12,868	25,7350
186,5109	12,870	25,7400
186,5943	12,873	25,7450
186,6689	12,875	25,7500
186,7379	12,878	25,7550
186,8384	12,880	25,7600
186,9044	12,883	25,7650
186,9960	12,885	25,7700
187,0705	12,888	25,7750
187,1354	12,890	25,7800
187,2094	12,893	25,7850
187,2909	12,895	25,7900
187,3636	12,898	25,7950
187,4500	12,900	25,8000
187,5087	12,903	25,8050
187,5959	12,905	25,8100
187,6759	12,908	25,8150
187,7395	12,910	25,8200
187,8317	12,913	25,8250
187,9084	12,915	25,8300
187,9912	12,918	25,8350
188,0874	12,920	25,8400
188,1625	12,923	25,8450
188,2453	12,925	25,8500
188,3214	12,928	25,8550
188,3973	12,930	25,8600
188,4812	12,933	25,8650
188,5610	12,935	25,8700
188,6411	12,938	25,8750
188,7261	12,940	25,8800
188,7910	12,943	25,8850
188,8814	12,945	25,8900
188,9630	12,948	25,8950
189,0341	12,950	25,9000
189,1226	12,953	25,9050
189,1985	12,955	25,9100
189,2748	12,958	25,9150
189,3649	12,960	25,9200
189,4355	12,963	25,9250
189,5230	12,965	25,9300
189,5948	12,968	25,9350
189,6612	12,970	25,9400
189,7534	12,973	25,9450
189,8328	12,975	25,9500
189,9058	12,978	25,9550
189,9996	12,980	25,9600
190,0707	12,983	25,9650
190,1590	12,985	25,9700
190,2388	12,988	25,9750
190,3121	12,990	25,9800
190,3950	12,993	25,9850
190,4713	12,995	25,9900
190,5483	12,998	25,9950
190,6374	13,000	26,0000
190,7051	13,003	26,0050
190,7934	13,005	26,0100
190,8709	13,008	26,0150
190,9391	13,010	26,0200
191,0274	13,013	26,0250
191,1063	13,015	26,0300
191,1784	13,018	26,0350
191,2708	13,020	26,0400
191,3405	13,023	26,0450
191,4268	13,025	26,0500
191,4986	13,028	26,0550
191,5695	13,030	26,0600
191,6570	13,033	26,0650
191,7343	13,035	26,0700
191,8150	13,038	26,0750
191,9116	13,040	26,0800
191,9867	13,043	26,0850
192,0796	13,045	26,0900
192,1647	13,048	26,0950
192,2335	13,050	26,1000
192,3163	13,053	26,1050
192,3971	13,055	26,1100
192,4717	13,058	26,1150
192,5575	13,060	26,1200
192,6261	13,063	26,1250
192,7125	13,065	26,1300
192,7894	13,068	26,1350
192,8590	13,070	26,1400
192,9499	13,073	26,1450
193,0286	13,075	26,1500
193,1015	13,078	26,1550
193,1956	13,080	26,1600
193,2688	13,083	26,1650
193,3591	13,085	26,1700
193,4316	13,088	26,1750
193,5043	13,090	26,1800
193,5914	13,093	26,1850
193,6679	13,095	26,1900
193,7417	13,098	26,1950
193,8333	13,100	26,2000
193,9028	13,103	26,2050
193,9916	13,105	26,2100
194,0741	13,108	26,2150
194,1395	13,110	26,2200
194,2256	13,113	26,2250
194,2994	13,115	26,2300
194,3802	13,118	26,2350
194,4788	13,120	26,2400
194,5524	13,123	26,2450
194,6407	13,125	26,2500
194,7238	13,128	26,2550
194,7942	13,130	26,2600
194,8732	13,133	26,2650
194,9447	13,135	26,2700
195,0242	13,138	26,2750
195,1164	13,140	26,2800
195,1836	13,143	26,2850
195,2714	13,145	26,2900
195,3549	13,148	26,2950
195,4258	13,150	26,3000
195,5108	13,153	26,3050
195,5841	13,155	26,3100
195,6609	13,158	26,3150
195,7500	13,160	26,3200
195,8226	13,163	26,3250
195,9145	13,165	26,3300
195,9948	13,168	26,3350
196,0710	13,170	26,3400
196,1544	13,173	26,3450
196,2367	13,175	26,3500
196,3128	13,178	26,3550
196,4115	13,180	26,3600
196,4759	13,183	26,3650
196,5725	13,185	26,3700
196,6494	13,188	26,3750
196,7190	13,190	26,3800
196,8146	13,193	26,3850
196,8973	13,195	26,3900
196,9741	13,198	26,3950
197,0763	13,200	26,4000
197,1508	13,203	26,4050
197,2322	13,205	26,4100
197,3134	13,208	26,4150
197,3834	13,210	26,4200
197,4675	13,213	26,4250
197,5457	13,215	26,4300
197,6271	13,218	26,4350
197,7289	13,220	26,4400
197,8020	13,223	26,4450
197,8986	13,225	26,4500
197,9677	13,228	26,4550
198,0398	13,230	26,4600
198,1315	13,233	26,4650
198,2100	13,235	26,4700
198,2844	13,238	26,4750
198,3869	13,240	26,4800
198,4641	13,243	26,4850
198,5443	13,245	26,4900
198,6237	13,248	26,4950
198,6947	13,250	26,5000
198,7844	13,253	26,5050
198,8603	13,255	26,5100
198,9376	13,258	26,5150
199,0226	13,260	26,5200
199,0985	13,263	26,5250
199,1890	13,265	26,5300
199,2626	13,268	26,5350
199,3319	13,270	26,5400
199,4199	13,273	26,5450
199,5018	13,275	26,5500
199,5737	13,278	26,5550
199,6765	13,280	26,5600
199,7484	13,283	26,5650
199,8413	13,285	26,5700
199,9218	13,288	26,5750
200,0035	13,290	26,5800
200,0903	13,293	26,5850
200,1653	13,295	26,5900
200,2391	13,298	26,5950
200,3382	13,300	26,6000
200,4051	13,303	26,6050
200,4940	13,305	26,6100
200,5759	13,308	26,6150
200,6497	13,310	26,6200
200,7417	13,313	26,6250
200,8224	13,315	26,6300
200,9091	13,318	26,6350
201,0020	13,320	26,6400
201,0716	13,323	26,6450
201,1689	13,325	26,6500
201,2529	13,328	26,6550
201,3272	13,330	26,6600
201,4111	13,333	26,6650
201,4908	13,335	26,6700
201,5664	13,338	26,6750
201,6613	13,340	26,6800
201,7270	13,343	26,6850
201,8151	13,345	26,6900
201,8971	13,348	26,6950
201,9716	13,350	26,7000
202,0681	13,353	26,7050
202,1480	13,355	26,7100
202,2272	13,358	26,7150
202,3302	13,360	26,7200
202,4083	13,363	26,7250
202,4950	13,365	26,7300
202,5697	13,368	26,7350
202,6386	13,370	26,7400
202,7265	13,373	26,7450
202,8193	13,375	26,7500
202,9008	13,378	26,7550
202,9953	13,380	26,7600
203,0530	13,383	26,7650
203,1435	13,385	26,7700
203,2143	13,388	26,7750
203,2830	13,390	26,7800
203,3722	13,393	26,7850
203,4555	13,395	26,7900
203,5350	13,398	26,7950
203,6306	13,400	26,8000
203,7043	13,403	26,8050
203,7950	13,405	26,8100
203,8735	13,408	26,8150
203,9441	13,410	26,8200
204,0334	13,413	26,8250
204,1165	13,415	26,8300
204,1972	13,418	26,8350
204,2942	13,420	26,8400
204,3625	13,423	26,8450
204,4486	13,425	26,8500
204,5286	13,428	26,8550
204,6023	13,430	26,8600
204,6966	13,433	26,8650
204,7807	13,435	26,8700
204,8622	13,438	26,8750
204,9668	13,440	26,8800
205,0474	13,443	26,8850
205,1412	13,445	26,8900
205,2237	13,448	26,8950
205,2908	13,450	26,9000
205,3754	13,453	26,9050
205,4653	13,455	26,9100
205,5538	13,458	26,9150
205,6444	13,460	26,9200
205,7082	13,463	26,9250
205,7916	13,465	26,9300
205,8722	13,468	26,9350
205,9648	13,470	26,9400
206,0618	13,473	26,9450
206,1360	13,475	26,9500
206,2045	13,478	26,9550
206,3008	13,480	26,9600
206,3765	13,483	26,9650
206,4701	13,485	26,9700
206,5515	13,488	26,9750
206,6299	13,490	26,9800
206,7153	13,493	26,9850
206,7977	13,495	26,9900
206,8734	13,498	26,9950
206,9554	13,500	27,0000
207,0197	13,503	27,0050
207,1113	13,505	27,0100
207,2011	13,508	27,0150
207,2771	13,510	27,0200
207,3720	13,513	27,0250
207,4489	13,515	27,0300
207,5230	13,518	27,0350
207,6173	13,520	27,0400
207,6953	13,523	27,0450
207,7925	13,525	27,0500
207,8693	13,528	27,0550
207,9388	13,530	27,0600
208,0271	13,533	27,0650
208,1169	13,535	27,0700
208,1974	13,538	27,0750
208,2917	13,540	27,0800
208,3628	13,543	27,0850
208,4511	13,545	27,0900
208,5382	13,548	27,0950
208,6212	13,550	27,1000
208,7148	13,553	27,1050
208,7923	13,555	27,1100
208,8808	13,558	27,1150
208,9714	13,560	27,1200
209,0466	13,563	27,1250
209,1443	13,565	27,1300
209,2303	13,568	27,1350
209,3052	13,570	27,1400
209,3932	13,573	27,1450
209,4783	13,575	27,1500
209,5601	13,578	27,1550
209,6611	13,580	27,1600
209,7275	13,583	27,1650
209,8256	13,585	27,1700
209,9124	13,588	27,1750
209,9934	13,590	27,1800
210,0777	13,593	27,1850
210,1474	13,595	27,1900
210,2333	13,598	27,1950
210,3363	13,600	27,2000
210,4128	13,603	27,2050
210,5042	13,605	27,2100
210,5871	13,608	27,2150
210,6532	13,610	27,2200
210,7425	13,613	27,2250
210,8224	13,615	27,2300
210,8938	13,618	27,2350
210,9839	13,620	27,2400
211,0527	13,623	27,2450
211,1487	13,625	27,2500
211,2311	13,628	27,2550
211,3068	13,630	27,2600
211,3938	13,633	27,2650
211,4805	13,635	27,2700
211,5635	13,638	27,2750
211,6669	13,640	27,2800
211,7388	13,643	27,2850
211,8271	13,645	27,2900
211,9050	13,648	27,2950
211,9755	13,650	27,3000
212,0631	13,653	27,3050
212,1394	13,655	27,3100
212,2291	13,658	27,3150
212,3268	13,660	27,3200
212,3982	13,663	27,3250
212,4939	13,665	27,3300
212,5864	13,668	27,3350
212,6720	13,670	27,3400
212,7579	13,673	27,3450
212,8378	13,675	27,3500
212,9152	13,678	27,3550
213,0107	13,680	27,3600
213,0830	13,683	27,3650
213,1882	13,685	27,3700
213,2788	13,688	27,3750
213,3611	13,690	27,3800
213,4536	13,693	27,3850
213,5360	13,695	27,3900
213,6172	13,698	27,3950
213,7179	13,700	27,4000
213,7802	13,703	27,4050
213,8700	13,705	27,4100
213,9550	13,708	27,4150
214,0314	13,710	27,4200
214,1272	13,713	27,4250
214,2136	13,715	27,4300
214,3005	13,718	27,4350
214,3987	13,720	27,4400
214,4739	13,723	27,4450
214,5708	13,725	27,4500
214,6473	13,728	27,4550
214,7152	13,730	27,4600
214,8068	13,733	27,4650
214,8996	13,735	27,4700
214,9838	13,738	27,4750
215,0758	13,740	27,4800
215,1432	13,743	27,4850
215,2325	13,745	27,4900
215,3189	13,748	27,4950
215,3909	13,750	27,5000
215,4866	13,753	27,5050
215,5743	13,755	27,5100
215,6614	13,758	27,5150
215,7569	13,760	27,5200
215,8317	13,763	27,5250
215,9163	13,765	27,5300
215,9981	13,768	27,5350
216,0721	13,770	27,5400
216,1596	13,773	27,5450
216,2532	13,775	27,5500
216,3396	13,778	27,5550
216,4361	13,780	27,5600
216,5006	13,783	27,5650
216,5979	13,785	27,5700
216,6881	13,788	27,5750
216,7774	13,790	27,5800
216,8682	13,793	27,5850
216,9500	13,795	27,5900
217,0327	13,798	27,5950
217,1351	13,800	27,6000
217,2223	13,803	27,6050
217,3164	13,805	27,6100
217,3996	13,808	27,6150
217,4642	13,810	27,6200
217,5510	13,813	27,6250
217,6371	13,815	27,6300
217,7331	13,818	27,6350
217,8358	13,820	27,6400
217,9098	13,823	27,6450
217,9974	13,825	27,6500
218,0718	13,828	27,6550
218,1605	13,830	27,6600
218,2578	13,833	27,6650
218,3448	13,835	27,6700
218,4197	13,838	27,6750
218,5204	13,840	27,6800
218,6027	13,843	27,6850
218,7095	13,845	27,6900
218,7910	13,848	27,6950
218,8628	13,850	27,7000
218,9498	13,853	27,7050
219,0332	13,855	27,7100
219,1187	13,858	27,7150
219,2217	13,860	27,7200
219,2943	13,863	27,7250
219,3864	13,865	27,7300
219,4715	13,868	27,7350
219,5518	13,870	27,7400
219,6425	13,873	27,7450
219,7237	13,875	27,7500
219,8028	13,878	27,7550
219,9021	13,880	27,7600
219,9818	13,883	27,7650
220,0841	13,885	27,7700
220,1611	13,888	27,7750
220,2337	13,890	27,7800
220,3194	13,893	27,7850
220,4070	13,895	27,7900
220,4849	13,898	27,7950
220,5858	13,900	27,8000
220,6539	13,903	27,8050
220,7404	13,905	27,8100
220,8253	13,908	27,8150
220,9034	13,910	27,8200
221,0020	13,913	27,8250
221,0880	13,915	27,8300
221,1730	13,918	27,8350
221,2815	13,920	27,8400
221,3612	13,923	27,8450
221,4564	13,925	27,8500
221,5368	13,928	27,8550
221,6112	13,930	27,8600
221,7032	13,933	27,8650
221,7990	13,935	27,8700
221,8853	13,938	27,8750
221,9860	13,940	27,8800
222,0629	13,943	27,8850
222,1571	13,945	27,8900
222,2426	13,948	27,8950
222,3231	13,950	27,9000
222,4239	13,953	27,9050
222,5059	13,955	27,9100
222,5883	13,958	27,9150
222,6855	13,960	27,9200
222,7637	13,963	27,9250
222,8655	13,965	27,9300
222,9576	13,968	27,9350
223,0312	13,970	27,9400
223,1205	13,973	27,9450
223,2087	13,975	27,9500
223,2927	13,978	27,9550
223,3929	13,980	27,9600
223,4666	13,983	27,9650
223,5581	13,985	27,9700
223,6352	13,988	27,9750
223,7249	13,990	27,9800
223,8243	13,993	27,9850
223,9114	13,995	27,9900
223,9924	13,998	27,9950
224,0924	14,000	28,0000
224,1748	14,003	28,0050
224,2699	14,005	28,0100
224,3521	14,008	28,0150
224,4238	14,010	28,0200
224,5198	14,013	28,0250
224,6163	14,015	28,0300
224,6989	14,018	28,0350
224,7897	14,020	28,0400
224,8573	14,023	28,0450
224,9499	14,025	28,0500
225,0409	14,028	28,0550
225,1277	14,030	28,0600
225,2161	14,033	28,0650
225,3039	14,035	28,0700
225,3816	14,038	28,0750
225,4855	14,040	28,0800
225,5659	14,043	28,0850
225,6660	14,045	28,0900
225,7496	14,048	28,0950
225,8329	14,050	28,1000
225,9304	14,053	28,1050
226,0170	14,055	28,1100
226,1101	14,058	28,1150
226,2147	14,060	28,1200
226,2925	14,063	28,1250
226,3774	14,065	28,1300
226,4619	14,068	28,1350
226,5513	14,070	28,1400
226,6507	14,073	28,1450
226,7417	14,075	28,1500
226,8229	14,078	28,1550
226,9243	14,080	28,1600
227,0018	14,083	28,1650
227,1049	14,085	28,1700
227,1844	14,088	28,1750
227,2674	14,090	28,1800
227,3644	14,093	28,1850
227,4537	14,095	28,1900
227,5386	14,098	28,1950
227,6435	14,100	28,2000
227,7187	14,103	28,2050
227,8102	14,105	28,2100
227,9016	14,108	28,2150
227,9791	14,110	28,2200
228,0728	14,113	28,2250
228,1607	14,115	28,2300
228,2451	14,118	28,2350
228,3472	14,120	28,2400
228,4258	14,123	28,2450
228,5303	14,125	28,2500
228,6142	14,128	28,2550
228,6919	14,130	28,2600
228,7793	14,133	28,2650
228,8757	14,135	28,2700
228,9624	14,138	28,2750
229,0650	14,140	28,2800
229,1331	14,143	28,2850
229,2216	14,145	28,2900
229,3151	14,148	28,2950
229,3909	14,150	28,3000
229,4822	14,153	28,3050
229,5700	14,155	28,3100
229,6558	14,158	28,3150
229,7586	14,160	28,3200
229,8348	14,163	28,3250
229,9275	14,165	28,3300
230,0127	14,168	28,3350
230,0880	14,170	28,3400
230,1885	14,173	28,3450
230,2795	14,175	28,3500
230,3618	14,178	28,3550
230,4602	14,180	28,3600
230,5331	14,183	28,3650
230,6295	14,185	28,3700
230,7218	14,188	28,3750
230,8153	14,190	28,3800
230,9156	14,193	28,3850
231,0128	14,195	28,3900
231,1035	14,198	28,3950
231,2036	14,200	28,4000
231,2819	14,203	28,4050
231,3864	14,205	28,4100
231,4890	14,208	28,4150
231,5687	14,210	28,4200
231,6647	14,213	28,4250
231,7527	14,215	28,4300
231,8388	14,218	28,4350
231,9447	14,220	28,4400
232,0236	14,223	28,4450
232,1230	14,225	28,4500
232,2169	14,228	28,4550
232,2990	14,230	28,4600
232,3969	14,233	28,4650
232,4890	14,235	28,4700
232,5733	14,238	28,4750
232,6713	14,240	28,4800
232,7500	14,243	28,4850
232,8508	14,245	28,4900
232,9319	14,248	28,4950
233,0029	14,250	28,5000
233,0907	14,253	28,5050
233,1822	14,255	28,5100
233,2777	14,258	28,5150
233,3752	14,260	28,5200
233,4481	14,263	28,5250
233,5448	14,265	28,5300
233,6277	14,268	28,5350
233,7145	14,270	28,5400
233,8109	14,273	28,5450
233,8972	14,275	28,5500
233,9767	14,278	28,5550
234,0801	14,280	28,5600
234,1654	14,283	28,5650
234,2690	14,285	28,5700
234,3491	14,288	28,5750
234,4212	14,290	28,5800
234,5156	14,293	28,5850
234,6156	14,295	28,5900
234,7066	14,298	28,5950
234,8062	14,300	28,6000
234,8761	14,303	28,6050
234,9729	14,305	28,6100
235,0593	14,308	28,6150
235,1454	14,310	28,6200
235,2447	14,313	28,6250
235,3449	14,315	28,6300
235,4381	14,318	28,6350
235,5442	14,320	28,6400
235,6262	14,323	28,6450
235,7344	14,325	28,6500
235,8212	14,328	28,6550
235,8977	14,330	28,6600
235,9950	14,333	28,6650
236,0873	14,335	28,6700
236,1768	14,338	28,6750
236,2855	14,340	28,6800
236,3625	14,343	28,6850
236,4657	14,345	28,6900
236,5599	14,348	28,6950
236,6414	14,350	28,7000
236,7410	14,353	28,7050
236,8298	14,355	28,7100
236,9209	14,358	28,7150
237,0291	14,360	28,7200
237,1107	14,363	28,7250
237,2142	14,365	28,7300
237,3065	14,368	28,7350
237,3857	14,370	28,7400
237,4756	14,373	28,7450
237,5718	14,375	28,7500
237,6571	14,378	28,7550
237,7599	14,380	28,7600
237,8378	14,383	28,7650
237,9315	14,385	28,7700
238,0147	14,388	28,7750
238,1031	14,390	28,7800
238,2026	14,393	28,7850
238,2934	14,395	28,7900
238,3751	14,398	28,7950
238,4739	14,400	28,8000
238,5649	14,403	28,8050
238,6660	14,405	28,8100
238,7510	14,408	28,8150
238,8302	14,410	28,8200
238,9171	14,413	28,8250
239,0061	14,415	28,8300
239,0978	14,418	28,8350
239,2070	14,420	28,8400
239,2941	14,423	28,8450
239,3943	14,425	28,8500
239,4816	14,428	28,8550
239,5711	14,430	28,8600
239,6704	14,433	28,8650
239,7663	14,435	28,8700
239,8581	14,438	28,8750
239,9633	14,440	28,8800
240,0485	14,443	28,8850
240,1594	14,445	28,8900
240,2545	14,448	28,8950
240,3343	14,450	28,9000
240,4341	14,453	28,9050
240,5296	14,455	28,9100
240,6177	14,458	28,9150
240,7247	14,460	28,9200
240,8036	14,463	28,9250
240,9041	14,465	28,9300
240,9991	14,468	28,9350
241,0882	14,470	28,9400
241,1940	14,473	28,9450
241,2870	14,475	28,9500
241,3744	14,478	28,9550
241,4865	14,480	28,9600
241,5617	14,483	28,9650
241,6665	14,485	28,9700
241,7554	14,488	28,9750
241,8352	14,490	28,9800
241,9236	14,493	28,9850
242,0199	14,495	28,9900
242,1100	14,498	28,9950
242,2200	14,500	29,0000
242,2912	14,503	29,0050
242,3806	14,505	29,0100
242,4782	14,508	29,0150
242,5669	14,510	29,0200
242,6730	14,513	29,0250
242,7665	14,515	29,0300
242,8553	14,518	29,0350
242,9583	14,520	29,0400
243,0410	14,523	29,0450
243,1451	14,525	29,0500
243,2311	14,528	29,0550
243,3055	14,530	29,0600
243,3922	14,533	29,0650
243,4908	14,535	29,0700
243,5845	14,538	29,0750
243,6900	14,540	29,0800
243,7573	14,543	29,0850
243,8493	14,545	29,0900
243,9471	14,548	29,0950
244,0419	14,550	29,1000
244,1471	14,553	29,1050
244,2328	14,555	29,1100
244,3231	14,558	29,1150
244,4282	14,560	29,1200
244,5226	14,563	29,1250
244,6326	14,565	29,1300
244,7264	14,568	29,1350
244,8027	14,570	29,1400
244,8941	14,573	29,1450
244,9916	14,575	29,1500
245,0864	14,578	29,1550
245,1909	14,580	29,1600
245,2720	14,583	29,1650
245,3731	14,585	29,1700
245,4635	14,588	29,1750
245,5639	14,590	29,1800
245,6649	14,593	29,1850
245,7628	14,595	29,1900
245,8535	14,598	29,1950
245,9617	14,600	29,2000
246,0548	14,603	29,2050
246,1586	14,605	29,2100
246,2503	14,608	29,2150
246,3260	14,610	29,2200
246,4252	14,613	29,2250
246,5237	14,615	29,2300
246,6141	14,618	29,2350
246,7253	14,620	29,2400
246,7988	14,623	29,2450
246,8975	14,625	29,2500
246,9883	14,628	29,2550
247,0747	14,630	29,2600
247,1717	14,633	29,2650
247,2659	14,635	29,2700
247,3539	14,638	29,2750
247,4635	14,640	29,2800
247,5482	14,643	29,2850
247,6494	14,645	29,2900
247,7377	14,648	29,2950
247,8147	14,650	29,3000
247,9073	14,653	29,3050
248,0013	14,655	29,3100
248,0976	14,658	29,3150
248,2070	14,660	29,3200
248,2839	14,663	29,3250
248,3780	14,665	29,3300
248,4671	14,668	29,3350
248,5525	14,670	29,3400
248,6540	14,673	29,3450
248,7551	14,675	29,3500
248,8486	14,678	29,3550
248,9627	14,680	29,3600
249,0482	14,683	29,3650
249,1555	14,685	29,3700
249,2433	14,688	29,3750
249,3289	14,690	29,3800
249,4200	14,693	29,3850
249,5180	14,695	29,3900
249,6136	14,698	29,3950
249,7278	14,700	29,4000
249,8139	14,703	29,4050
249,9108	14,705	29,4100
250,0088	14,708	29,4150
250,0983	14,710	29,4200
250,2074	14,713	29,4250
250,3072	14,715	29,4300
250,4020	14,718	29,4350
250,4986	14,720	29,4400
250,5833	14,723	29,4450
250,6918	14,725	29,4500
250,7875	14,728	29,4550
250,8696	14,730	29,4600
250,9664	14,733	29,4650
251,0707	14,735	29,4700
251,1653	14,738	29,4750
251,2745	14,740	29,4800
251,3585	14,743	29,4850
251,4438	14,745	29,4900
251,5274	14,748	29,4950
251,6204	14,750	29,5000
251,7274	14,753	29,5050
251,8295	14,755	29,5100
251,9385	14,758	29,5150
252,0448	14,760	29,5200
252,1209	14,763	29,5250
252,2161	14,765	29,5300
252,3048	14,768	29,5350
252,3829	14,770	29,5400
252,4769	14,773	29,5450
252,5777	14,775	29,5500
252,6769	14,778	29,5550
252,7946	14,780	29,5600
252,8776	14,783	29,5650
252,9752	14,785	29,5700
253,0650	14,788	29,5750
253,1561	14,790	29,5800
253,2544	14,793	29,5850
253,3465	14,795	29,5900
253,4326	14,798	29,5950
253,5421	14,800	29,6000
253,6382	14,803	29,6050
253,7462	14,805	29,6100
253,8369	14,808	29,6150
253,9214	14,810	29,6200
254,0219	14,813	29,6250
254,1204	14,815	29,6300
254,2085	14,818	29,6350
254,3103	14,820	29,6400
254,4042	14,823	29,6450
254,5109	14,825	29,6500
254,6063	14,828	29,6550
254,6989	14,830	29,6600
254,8022	14,833	29,6650
254,8963	14,835	29,6700
254,9767	14,838	29,6750
255,0828	14,840	29,6800
255,1795	14,843	29,6850
255,2879	14,845	29,6900
255,3795	14,848	29,6950
255,4647	14,850	29,7000
255,5659	14,853	29,7050
255,6656	14,855	29,7100
255,7625	14,858	29,7150
255,8778	14,860	29,7200
255,9582	14,863	29,7250
256,0527	14,865	29,7300
256,1466	14,868	29,7350
256,2383	14,870	29,7400
256,3421	14,873	29,7450
256,4358	14,875	29,7500
256,5225	14,878	29,7550
256,6389	14,880	29,7600
256,7327	14,883	29,7650
256,8400	14,885	29,7700
256,9311	14,888	29,7750
257,0156	14,890	29,7800
257,1095	14,893	29,7850
257,2101	14,895	29,7900
257,3020	14,898	29,7950
257,4035	14,900	29,8000
257,4831	14,903	29,8050
257,5816	14,905	29,8100
257,6746	14,908	29,8150
257,7588	14,910	29,8200
257,8633	14,913	29,8250
257,9647	14,915	29,8300
258,0637	14,918	29,8350
258,1741	14,920	29,8400
258,2713	14,923	29,8450
258,3732	14,925	29,8500
258,4513	14,928	29,8550
258,5337	14,930	29,8600
258,6401	14,933	29,8650
258,7495	14,935	29,8700
258,8503	14,938	29,8750
258,9728	14,940	29,8800
259,0585	14,943	29,8850
259,1578	14,945	29,8900
259,2487	14,948	29,8950
259,3350	14,950	29,9000
259,4328	14,953	29,9050
259,5290	14,955	29,9100
259,6270	14,958	29,9150
259,7417	14,960	29,9200
259,8395	14,963	29,9250
259,9469	14,965	29,9300
260,0442	14,968	29,9350
260,1254	14,970	29,9400
260,2224	14,973	29,9450
260,3262	14,975	29,9500
260,4303	14,978	29,9550
260,5409	14,980	29,9600
260,6155	14,983	29,9650
260,7128	14,985	29,9700
260,8139	14,988	29,9750
260,9090	14,990	29,9800
261,0124	14,993	29,9850
261,1153	14,995	29,9900
261,2108	14,998	29,9950
261,3154	15,000	30,0000
261,4059	15,003	30,0050
261,5100	15,005	30,0100
261,6095	15,008	30,0150
261,6965	15,010	30,0200
261,7978	15,013	30,0250
261,8895	15,015	30,0300
261,9877	15,018	30,0350
262,0913	15,020	30,0400
262,1692	15,023	30,0450
262,2765	15,025	30,0500
262,3730	15,028	30,0550
262,4670	15,030	30,0600
262,5712	15,033	30,0650
262,6752	15,035	30,0700
262,7713	15,038	30,0750
262,8807	15,040	30,0800
262,9757	15,043	30,0850
263,0793	15,045	30,0900
263,1785	15,048	30,0950
263,2656	15,050	30,1000
263,3674	15,053	30,1050
263,4638	15,055	30,1100
263,5688	15,058	30,1150
263,6776	15,060	30,1200
263,7602	15,063	30,1250
263,8662	15,065	30,1300
263,9668	15,068	30,1350
264,0521	15,070	30,1400
264,1560	15,073	30,1450
264,2644	15,075	30,1500
264,3599	15,078	30,1550
264,4736	15,080	30,1600
264,5660	15,083	30,1650
264,6847	15,085	30,1700
264,7791	15,088	30,1750
264,8691	15,090	30,1800
264,9672	15,093	30,1850
265,0756	15,095	30,1900
265,1709	15,098	30,1950
265,2855	15,100	30,2000
265,3690	15,103	30,2050
265,4715	15,105	30,2100
265,5706	15,108	30,2150
265,6650	15,110	30,2200
265,7627	15,113	30,2250
265,8519	15,115	30,2300
265,9502	15,118	30,2350
266,0692	15,120	30,2400
266,1650	15,123	30,2450
266,2734	15,125	30,2500
266,3674	15,128	30,2550
266,4563	15,130	30,2600
266,5558	15,133	30,2650
266,6562	15,135	30,2700
266,7534	15,138	30,2750
266,8643	15,140	30,2800
266,9475	15,143	30,2850
267,0496	15,145	30,2900
267,1444	15,148	30,2950
267,2428	15,150	30,3000
267,3582	15,153	30,3050
267,4552	15,155	30,3100
267,5515	15,158	30,3150
267,6559	15,160	30,3200
267,7450	15,163	30,3250
267,8475	15,165	30,3300
267,9414	15,168	30,3350
268,0275	15,170	30,3400
268,1361	15,173	30,3450
268,2442	15,175	30,3500
268,3514	15,178	30,3550
268,4624	15,180	30,3600
268,5463	15,183	30,3650
268,6490	15,185	30,3700
268,7487	15,188	30,3750
268,8479	15,190	30,3800
268,9612	15,193	30,3850
269,0647	15,195	30,3900
269,1609	15,198	30,3950
269,2684	15,200	30,4000
269,3703	15,203	30,4050
269,4899	15,205	30,4100
269,5960	15,208	30,4150
269,6792	15,210	30,4200
269,7758	15,213	30,4250
269,8822	15,215	30,4300
269,9833	15,218	30,4350
270,1005	15,220	30,4400
270,1953	15,223	30,4450
270,3002	15,225	30,4500
270,3956	15,228	30,4550
270,4866	15,230	30,4600
270,5919	15,233	30,4650
270,6885	15,235	30,4700
270,7868	15,238	30,4750
270,9127	15,240	30,4800
271,0110	15,243	30,4850
271,1178	15,245	30,4900
271,2115	15,248	30,4950
271,3038	15,250	30,5000
271,4060	15,253	30,5050
271,5113	15,255	30,5100
271,6077	15,258	30,5150
271,7246	15,260	30,5200
271,8166	15,263	30,5250
271,9166	15,265	30,5300
272,0116	15,268	30,5350
272,1133	15,270	30,5400
272,2189	15,273	30,5450
272,3203	15,275	30,5500
272,4082	15,278	30,5550
272,5159	15,280	30,5600
272,6098	15,283	30,5650
272,7257	15,285	30,5700
272,8251	15,288	30,5750
272,9127	15,290	30,5800
273,0132	15,293	30,5850
273,1143	15,295	30,5900
273,2054	15,298	30,5950
273,3188	15,300	30,6000
273,4147	15,303	30,6050
273,5215	15,305	30,6100
273,6233	15,308	30,6150
273,7208	15,310	30,6200
273,8338	15,313	30,6250
273,9369	15,315	30,6300
274,0421	15,318	30,6350
274,1578	15,320	30,6400
274,2600	15,323	30,6450
274,3795	15,325	30,6500
274,4815	15,328	30,6550
274,5751	15,330	30,6600
274,6783	15,333	30,6650
274,7919	15,335	30,6700
274,8951	15,338	30,6750
275,0107	15,340	30,6800
275,1071	15,343	30,6850
275,2106	15,345	30,6900
275,3085	15,348	30,6950
275,4067	15,350	30,7000
275,5112	15,353	30,7050
275,6162	15,355	30,7100
275,7180	15,358	30,7150
275,8312	15,360	30,7200
275,9287	15,363	30,7250
276,0447	15,365	30,7300
276,1436	15,368	30,7350
276,2269	15,370	30,7400
276,3285	15,373	30,7450
276,4384	15,375	30,7500
276,5424	15,378	30,7550
276,6547	15,380	30,7600
276,7387	15,383	30,7650
276,8506	15,385	30,7700
276,9530	15,388	30,7750
277,0459	15,390	30,7800
277,1511	15,393	30,7850
277,2530	15,395	30,7900
277,3555	15,398	30,7950
277,4703	15,400	30,8000
277,5686	15,403	30,8050
277,6802	15,405	30,8100
277,7805	15,408	30,8150
277,8652	15,410	30,8200
277,9621	15,413	30,8250
278,0611	15,415	30,8300
278,1616	15,418	30,8350
278,2782	15,420	30,8400
278,3758	15,423	30,8450
278,4883	15,425	30,8500
278,5915	15,428	30,8550
278,6884	15,430	30,8600
278,8007	15,433	30,8650
278,9214	15,435	30,8700
279,0150	15,438	30,8750
279,1328	15,440	30,8800
279,2359	15,443	30,8850
279,3553	15,445	30,8900
279,4628	15,448	30,8950
279,5572	15,450	30,9000
279,6629	15,453	30,9050
279,7751	15,455	30,9100
279,8850	15,458	30,9150
280,0040	15,460	30,9200
280,0999	15,463	30,9250
280,2069	15,465	30,9300
280,3104	15,468	30,9350
280,4130	15,470	30,9400
280,5255	15,473	30,9450
280,6317	15,475	30,9500
280,7288	15,478	30,9550
280,8490	15,480	30,9600
280,9533	15,483	30,9650
281,0702	15,485	30,9700
281,1745	15,488	30,9750
281,2681	15,490	30,9800
281,3741	15,493	30,9850
281,4865	15,495	30,9900
281,5841	15,498	30,9950
281,6936	15,500	31,0000
281,7801	15,503	31,0050
281,8836	15,505	31,0100
281,9926	15,508	31,0150
282,0887	15,510	31,0200
282,1989	15,513	31,0250
282,3073	15,515	31,0300
282,4075	15,518	31,0350
282,5245	15,520	31,0400
282,6284	15,523	31,0450
282,7350	15,525	31,0500
282,8316	15,528	31,0550
282,9148	15,530	31,0600
283,0088	15,533	31,0650
283,1176	15,535	31,0700
283,2189	15,538	31,0750
283,3336	15,540	31,0800
283,4133	15,543	31,0850
283,5173	15,545	31,0900
283,6276	15,548	31,0950
283,7313	15,550	31,1000
283,8435	15,553	31,1050
283,9495	15,555	31,1100
284,0561	15,558	31,1150
284,1711	15,560	31,1200
284,2801	15,563	31,1250
284,3970	15,565	31,1300
284,5012	15,568	31,1350
284,5876	15,570	31,1400
284,6900	15,573	31,1450
284,8059	15,575	31,1500
284,9140	15,578	31,1550
285,0382	15,580	31,1600
285,1319	15,583	31,1650
285,2400	15,585	31,1700
285,3526	15,588	31,1750
285,4557	15,590	31,1800
285,5630	15,593	31,1850
285,6716	15,595	31,1900
285,7746	15,598	31,1950
285,8987	15,600	31,2000
286,0072	15,603	31,2050
286,1196	15,605	31,2100
286,2213	15,608	31,2150
286,3072	15,610	31,2200
286,4104	15,613	31,2250
286,5205	15,615	31,2300
286,6320	15,618	31,2350
286,7457	15,620	31,2400
286,8399	15,623	31,2450
286,9459	15,625	31,2500
287,0450	15,628	31,2550
287,1403	15,630	31,2600
287,2497	15,633	31,2650
287,3594	15,635	31,2700
287,4614	15,638	31,2750
287,5809	15,640	31,2800
287,6815	15,643	31,2850
287,7918	15,645	31,2900
287,8990	15,648	31,2950
287,9846	15,650	31,3000
288,0784	15,653	31,3050
288,1976	15,655	31,3100
288,3089	15,658	31,3150
288,4211	15,660	31,3200
288,5138	15,663	31,3250
288,6181	15,665	31,3300
288,7192	15,668	31,3350
288,8219	15,670	31,3400
288,9390	15,673	31,3450
289,0491	15,675	31,3500
289,1625	15,678	31,3550
289,2905	15,680	31,3600
289,3935	15,683	31,3650
289,5090	15,685	31,3700
289,6197	15,688	31,3750
289,7247	15,690	31,3800
289,8281	15,693	31,3850
289,9465	15,695	31,3900
290,0584	15,698	31,3950
290,1875	15,700	31,4000
290,2855	15,703	31,4050
290,3897	15,705	31,4100
290,4930	15,708	31,4150
290,6025	15,710	31,4200
290,7155	15,713	31,4250
290,8202	15,715	31,4300
290,9232	15,718	31,4350
291,0480	15,720	31,4400
291,1652	15,723	31,4450
291,2851	15,725	31,4500
291,3836	15,728	31,4550
291,4752	15,730	31,4600
291,5733	15,733	31,4650
291,6838	15,735	31,4700
291,7912	15,738	31,4750
291,9156	15,740	31,4800
292,0213	15,743	31,4850
292,1377	15,745	31,4900
292,2544	15,748	31,4950
292,3527	15,750	31,5000
292,4584	15,753	31,5050
292,5613	15,755	31,5100
292,6614	15,758	31,5150
292,7743	15,760	31,5200
292,8722	15,763	31,5250
292,9892	15,765	31,5300
293,0992	15,768	31,5350
293,1861	15,770	31,5400
293,2912	15,773	31,5450
293,3967	15,775	31,5500
293,4991	15,778	31,5550
293,6118	15,780	31,5600
293,7043	15,783	31,5650
293,8109	15,785	31,5700
293,9143	15,788	31,5750
294,0074	15,790	31,5800
294,1129	15,793	31,5850
294,2192	15,795	31,5900
294,3173	15,798	31,5950
294,4401	15,800	31,6000
294,5446	15,803	31,6050
294,6604	15,805	31,6100
294,7831	15,808	31,6150
294,8870	15,810	31,6200
294,9932	15,813	31,6250
295,1002	15,815	31,6300
295,2111	15,818	31,6350
295,3339	15,820	31,6400
295,4306	15,823	31,6450
295,5513	15,825	31,6500
295,6662	15,828	31,6550
295,7737	15,830	31,6600
295,8872	15,833	31,6650
295,9989	15,835	31,6700
296,1009	15,838	31,6750
296,2282	15,840	31,6800
296,3382	15,843	31,6850
296,4519	15,845	31,6900
296,5646	15,848	31,6950
296,6625	15,850	31,7000
296,7695	15,853	31,7050
296,8914	15,855	31,7100
297,0076	15,858	31,7150
297,1261	15,860	31,7200
297,2197	15,863	31,7250
297,3230	15,865	31,7300
297,4324	15,868	31,7350
297,5419	15,870	31,7400
297,6545	15,873	31,7450
297,7667	15,875	31,7500
297,8630	15,878	31,7550
297,9896	15,880	31,7600
298,1038	15,883	31,7650
298,2205	15,885	31,7700
298,3215	15,888	31,7750
298,4158	15,890	31,7800
298,5250	15,893	31,7850
298,6409	15,895	31,7900
298,7394	15,898	31,7950
298,8581	15,900	31,8000
298,9666	15,903	31,8050
299,0662	15,905	31,8100
299,1605	15,908	31,8150
299,2483	15,910	31,8200
299,3558	15,913	31,8250
299,4646	15,915	31,8300
299,5680	15,918	31,8350
299,6811	15,920	31,8400
299,7847	15,923	31,8450
299,9112	15,925	31,8500
300,0280	15,928	31,8550
300,1306	15,930	31,8600
300,2373	15,933	31,8650
300,3576	15,935	31,8700
300,4693	15,938	31,8750
300,5888	15,940	31,8800
300,6862	15,943	31,8850
300,8031	15,945	31,8900
300,9165	15,948	31,8950
301,0208	15,950	31,9000
301,1396	15,953	31,9050
301,2538	15,955	31,9100
301,3602	15,958	31,9150
301,4834	15,960	31,9200
301,5964	15,963	31,9250
301,7192	15,965	31,9300
301,8340	15,968	31,9350
301,9210	15,970	31,9400
302,0275	15,973	31,9450
302,1495	15,975	31,9500
302,2576	15,978	31,9550
302,3783	15,980	31,9600
302,4764	15,983	31,9650
302,5983	15,985	31,9700
302,7128	15,988	31,9750
302,8261	15,990	31,9800
302,9408	15,993	31,9850
303,0604	15,995	31,9900
303,1708	15,998	31,9950
303,2937	16,000	32,0000
303,3977	16,003	32,0050
303,5142	16,005	32,0100
303,6251	16,008	32,0150
303,7181	16,010	32,0200
303,8300	16,013	32,0250
303,9484	16,015	32,0300
304,0651	16,018	32,0350
304,1867	16,020	32,0400
304,2834	16,023	32,0450
304,3956	16,025	32,0500
304,5064	16,028	32,0550
304,6117	16,030	32,0600
304,7212	16,033	32,0650
304,8377	16,035	32,0700
304,9408	16,038	32,0750
305,0676	16,040	32,0800
305,1729	16,043	32,0850
305,2928	16,045	32,0900
305,4027	16,048	32,0950
305,5043	16,050	32,1000
305,6036	16,053	32,1050
305,7233	16,055	32,1100
305,8460	16,058	32,1150
305,9786	16,060	32,1200
306,0809	16,063	32,1250
306,1905	16,065	32,1300
306,3080	16,068	32,1350
306,4256	16,070	32,1400
306,5320	16,073	32,1450
306,6428	16,075	32,1500
306,7515	16,078	32,1550
306,8827	16,080	32,1600
306,9994	16,083	32,1650
307,1212	16,085	32,1700
307,2319	16,088	32,1750
307,3353	16,090	32,1800
307,4370	16,093	32,1850
307,5544	16,095	32,1900
307,6584	16,098	32,1950
307,7863	16,100	32,2000
307,9000	16,103	32,2050
308,0097	16,105	32,2100
308,1192	16,108	32,2150
308,2358	16,110	32,2200
308,3484	16,113	32,2250
308,4628	16,115	32,2300
308,5742	16,118	32,2350
308,7029	16,120	32,2400
308,8171	16,123	32,2450
308,9433	16,125	32,2500
309,0582	16,128	32,2550
309,1610	16,130	32,2600
309,2740	16,133	32,2650
309,3882	16,135	32,2700
309,4955	16,138	32,2750
309,6214	16,140	32,2800
309,7345	16,143	32,2850
309,8520	16,145	32,2900
309,9621	16,148	32,2950
310,0673	16,150	32,3000
310,1749	16,153	32,3050
310,2827	16,155	32,3100
310,3909	16,158	32,3150
310,5149	16,160	32,3200
310,6292	16,163	32,3250
310,7446	16,165	32,3300
310,8524	16,168	32,3350
310,9525	16,170	32,3400
311,0603	16,173	32,3450
311,1837	16,175	32,3500
311,2989	16,178	32,3550
311,4275	16,180	32,3600
311,5396	16,183	32,3650
311,6541	16,185	32,3700
311,7635	16,188	32,3750
311,8807	16,190	32,3800
312,0010	16,193	32,3850
312,1228	16,195	32,3900
312,2333	16,198	32,3950
312,3652	16,200	32,4000
312,4876	16,203	32,4050
312,6124	16,205	32,4100
312,7313	16,208	32,4150
312,8313	16,210	32,4200
312,9444	16,213	32,4250
313,0685	16,215	32,4300
313,1905	16,218	32,4350
313,3185	16,220	32,4400
313,4279	16,223	32,4450
313,5431	16,225	32,4500
313,6582	16,228	32,4550
313,7776	16,230	32,4600
313,8967	16,233	32,4650
314,0172	16,235	32,4700
314,1213	16,238	32,4750
314,2547	16,240	32,4800
314,3728	16,243	32,4850
314,4986	16,245	32,4900
314,6173	16,248	32,4950
314,7200	16,250	32,5000
314,8283	16,253	32,5050
314,9522	16,255	32,5100
315,0706	16,258	32,5150
315,2003	16,260	32,5200
315,3123	16,263	32,5250
315,4290	16,265	32,5300
315,5408	16,268	32,5350
315,6484	16,270	32,5400
315,7659	16,273	32,5450
315,8814	16,275	32,5500
315,9937	16,278	32,5550
316,1258	16,280	32,5600
316,2420	16,283	32,5650
316,3671	16,285	32,5700
316,4855	16,288	32,5750
316,5871	16,290	32,5800
316,6950	16,293	32,5850
316,8109	16,295	32,5900
316,9218	16,298	32,5950
317,0564	16,300	32,6000
317,1719	16,303	32,6050
317,2920	16,305	32,6100
317,4082	16,308	32,6150
317,5202	16,310	32,6200
317,6494	16,313	32,6250
317,7753	16,315	32,6300
317,8922	16,318	32,6350
318,0214	16,320	32,6400
318,1467	16,323	32,6450
318,2705	16,325	32,6500
318,3903	16,328	32,6550
318,5008	16,330	32,6600
318,6113	16,333	32,6650
318,7348	16,335	32,6700
318,8523	16,338	32,6750
318,9851	16,340	32,6800
319,0902	16,343	32,6850
319,2052	16,345	32,6900
319,3224	16,348	32,6950
319,4361	16,350	32,7000
319,5639	16,353	32,7050
319,6888	16,355	32,7100
319,8015	16,358	32,7150
319,9289	16,360	32,7200
320,0505	16,363	32,7250
320,1663	16,365	32,7300
320,2852	16,368	32,7350
320,3895	16,370	32,7400
320,5016	16,373	32,7450
320,6217	16,375	32,7500
320,7406	16,378	32,7550
320,8673	16,380	32,7600
320,9764	16,383	32,7650
321,0972	16,385	32,7700
321,2114	16,388	32,7750
321,3251	16,390	32,7800
321,4447	16,393	32,7850
321,5657	16,395	32,7900
321,6808	16,398	32,7950
321,8160	16,400	32,8000
321,9325	16,403	32,8050
322,0525	16,405	32,8100
322,1650	16,408	32,8150
322,2644	16,410	32,8200
322,3724	16,413	32,8250
322,4966	16,415	32,8300
322,6115	16,418	32,8350
322,7443	16,420	32,8400
322,8580	16,423	32,8450
322,9702	16,425	32,8500
323,0922	16,428	32,8550
323,2080	16,430	32,8600
323,3273	16,433	32,8650
323,4440	16,435	32,8700
323,5677	16,438	32,8750
323,7195	16,440	32,8800
323,8563	16,443	32,8850
323,9800	16,445	32,8900
324,0971	16,448	32,8950
324,2061	16,450	32,9000
324,3157	16,453	32,9050
324,4472	16,455	32,9100
324,5742	16,458	32,9150
324,7078	16,460	32,9200
324,8243	16,463	32,9250
324,9426	16,465	32,9300
325,0626	16,468	32,9350
325,1786	16,470	32,9400
325,2980	16,473	32,9450
325,4177	16,475	32,9500
325,5361	16,478	32,9550
325,6696	16,480	32,9600
325,7963	16,483	32,9650
325,9315	16,485	32,9700
326,0487	16,488	32,9750
326,1603	16,490	32,9800
326,2674	16,493	32,9850
326,3865	16,495	32,9900
326,5061	16,498	32,9950
326,6365	16,500	33,0000
326,7407	16,503	33,0050
326,8616	16,505	33,0100
326,9792	16,508	33,0150
327,1013	16,510	33,0200
327,2248	16,513	33,0250
327,3381	16,515	33,0300
327,4509	16,518	33,0350
327,5839	16,520	33,0400
327,7038	16,523	33,0450
327,8354	16,525	33,0500
327,9509	16,528	33,0550
328,0536	16,530	33,0600
328,1671	16,533	33,0650
328,2948	16,535	33,0700
328,4135	16,538	33,0750
328,5382	16,540	33,0800
328,6524	16,543	33,0850
328,7744	16,545	33,0900
328,8969	16,548	33,0950
329,0119	16,550	33,1000
329,1336	16,553	33,1050
329,2601	16,555	33,1100
329,3797	16,558	33,1150
329,5164	16,560	33,1200
329,6423	16,563	33,1250
329,7720	16,565	33,1300
329,8976	16,568	33,1350
330,0043	16,570	33,1400
330,1187	16,573	33,1450
330,2527	16,575	33,1500
330,3833	16,578	33,1550
330,5310	16,580	33,1600
330,6489	16,583	33,1650
330,7679	16,585	33,1700
330,8896	16,588	33,1750
331,0120	16,590	33,1800
331,1345	16,593	33,1850
331,2635	16,595	33,1900
331,3847	16,598	33,1950
331,5179	16,600	33,2000
331,6366	16,603	33,2050
331,7649	16,605	33,2100
331,8902	16,608	33,2150
332,0031	16,610	33,2200
332,1190	16,613	33,2250
332,2461	16,615	33,2300
332,3635	16,618	33,2350
332,5036	16,620	33,2400
332,6280	16,623	33,2450
332,7441	16,625	33,2500
332,8567	16,628	33,2550
332,9779	16,630	33,2600
333,1009	16,633	33,2650
333,2272	16,635	33,2700
333,3465	16,638	33,2750
333,4804	16,640	33,2800
333,6073	16,643	33,2850
333,7474	16,645	33,2900
333,8649	16,648	33,2950
333,9738	16,650	33,3000
334,0893	16,653	33,3050
334,2195	16,655	33,3100
334,3395	16,658	33,3150
334,4689	16,660	33,3200
334,5907	16,663	33,3250
334,7148	16,665	33,3300
334,8346	16,668	33,3350
334,9540	16,670	33,3400
335,0746	16,673	33,3450
335,1972	16,675	33,3500
335,3176	16,678	33,3550
335,4612	16,680	33,3600
335,5937	16,683	33,3650
335,7252	16,685	33,3700
335,8460	16,688	33,3750
335,9650	16,690	33,3800
336,0804	16,693	33,3850
336,2139	16,695	33,3900
336,3408	16,698	33,3950
336,4785	16,700	33,4000
336,5946	16,703	33,4050
336,7183	16,705	33,4100
336,8459	16,708	33,4150
336,9745	16,710	33,4200
337,1030	16,713	33,4250
337,2291	16,715	33,4300
337,3570	16,718	33,4350
337,5023	16,720	33,4400
337,6305	16,723	33,4450
337,7606	16,725	33,4500
337,8818	16,728	33,4550
337,9894	16,730	33,4600
338,1002	16,733	33,4650
338,2319	16,735	33,4700
338,3628	16,738	33,4750
338,4986	16,740	33,4800
338,6140	16,743	33,4850
338,7334	16,745	33,4900
338,8599	16,748	33,4950
338,9883	16,750	33,5000
339,1134	16,753	33,5050
339,2388	16,755	33,5100
339,3593	16,758	33,5150
339,4988	16,760	33,5200
339,6324	16,763	33,5250
339,7604	16,765	33,5300
339,8764	16,768	33,5350
339,9827	16,770	33,5400
340,0986	16,773	33,5450
340,2312	16,775	33,5500
340,3594	16,778	33,5550
340,5046	16,780	33,5600
340,6280	16,783	33,5650
340,7481	16,785	33,5700
340,8635	16,788	33,5750
340,9895	16,790	33,5800
341,1307	16,793	33,5850
341,2615	16,795	33,5900
341,3772	16,798	33,5950
341,5142	16,800	33,6000
341,6426	16,803	33,6050
341,7772	16,805	33,6100
341,9141	16,808	33,6150
342,0365	16,810	33,6200
342,1643	16,813	33,6250
342,3059	16,815	33,6300
342,4374	16,818	33,6350
342,5745	16,820	33,6400
342,7002	16,823	33,6450
342,8323	16,825	33,6500
342,9546	16,828	33,6550
343,0762	16,830	33,6600
343,2078	16,833	33,6650
343,3454	16,835	33,6700
343,4627	16,838	33,6750
343,6042	16,840	33,6800
343,7394	16,843	33,6850
343,8794	16,845	33,6900
344,0006	16,848	33,6950
344,1182	16,850	33,7000
344,2352	16,853	33,7050
344,3711	16,855	33,7100
344,4991	16,858	33,7150
344,6393	16,860	33,7200
344,7565	16,863	33,7250
344,8795	16,865	33,7300
345,0119	16,868	33,7350
345,1391	16,870	33,7400
345,2695	16,873	33,7450
345,4018	16,875	33,7500
345,5245	16,878	33,7550
345,6634	16,880	33,7600
345,7920	16,883	33,7650
345,9321	16,885	33,7700
346,0545	16,888	33,7750
346,1630	16,890	33,7800
346,2811	16,893	33,7850
346,4195	16,895	33,7900
346,5474	16,898	33,7950
346,6874	16,900	33,8000
346,8128	16,903	33,8050
346,9370	16,905	33,8100
347,0615	16,908	33,8150
347,1866	16,910	33,8200
347,3077	16,913	33,8250
347,4364	16,915	33,8300
347,5629	16,918	33,8350
347,7007	16,920	33,8400
347,8346	16,923	33,8450
347,9759	16,925	33,8500
348,1102	16,928	33,8550
348,2336	16,930	33,8600
348,3541	16,933	33,8650
348,4868	16,935	33,8700
348,6246	16,938	33,8750
348,7752	16,940	33,8800
348,8983	16,943	33,8850
349,0252	16,945	33,8900
349,1551	16,948	33,8950
349,2947	16,950	33,9000
349,4292	16,953	33,9050
349,5664	16,955	33,9100
349,7004	16,958	33,9150
349,8498	16,960	33,9200
349,9791	16,963	33,9250
350,1128	16,965	33,9300
350,2536	16,968	33,9350
350,3758	16,970	33,9400
350,4951	16,973	33,9450
350,6369	16,975	33,9500
350,7768	16,978	33,9550
350,9221	16,980	33,9600
351,0340	16,983	33,9650
351,1646	16,985	33,9700
351,2929	16,988	33,9750
351,4279	16,990	33,9800
351,5612	16,993	33,9850
351,6924	16,995	33,9900
351,8133	16,998	33,9950
351,9528	17,000	34,0000
352,0887	17,003	34,0050
352,2281	17,005	34,0100
352,3573	17,008	34,0150
352,4760	17,010	34,0200
352,6018	17,013	34,0250
352,7369	17,015	34,0300
352,8726	17,018	34,0350
353,0219	17,020	34,0400
353,1436	17,023	34,0450
353,2647	17,025	34,0500
353,3856	17,028	34,0550
353,5142	17,030	34,0600
353,6461	17,033	34,0650
353,7897	17,035	34,0700
353,9191	17,038	34,0750
354,0654	17,040	34,0800
354,2030	17,043	34,0850
354,3516	17,045	34,0900
354,4770	17,048	34,0950
354,5975	17,050	34,1000
354,7183	17,053	34,1050
354,8562	17,055	34,1100
354,9923	17,058	34,1150
355,1396	17,060	34,1200
355,2714	17,063	34,1250
355,4010	17,065	34,1300
355,5335	17,068	34,1350
355,6618	17,070	34,1400
355,7972	17,073	34,1450
355,9393	17,075	34,1500
356,0673	17,078	34,1550
356,2233	17,080	34,1600
356,3731	17,083	34,1650
356,5146	17,085	34,1700
356,6480	17,088	34,1750
356,7772	17,090	34,1800
356,8972	17,093	34,1850
357,0357	17,095	34,1900
357,1647	17,098	34,1950
357,3154	17,100	34,2000
357,4477	17,103	34,2050
357,5751	17,105	34,2100
357,7036	17,108	34,2150
357,8432	17,110	34,2200
357,9813	17,113	34,2250
358,1181	17,115	34,2300
358,2419	17,118	34,2350
358,3920	17,120	34,2400
358,5426	17,123	34,2450
358,6791	17,125	34,2500
358,8110	17,128	34,2550
358,9326	17,130	34,2600
359,0483	17,133	34,2650
359,1824	17,135	34,2700
359,3195	17,138	34,2750
359,4640	17,140	34,2800
359,5846	17,143	34,2850
359,7097	17,145	34,2900
359,8429	17,148	34,2950
359,9818	17,150	34,3000
360,1082	17,153	34,3050
360,2451	17,155	34,3100
360,3802	17,158	34,3150
360,5249	17,160	34,3200
360,6617	17,163	34,3250
360,7939	17,165	34,3300
360,9192	17,168	34,3350
361,0397	17,170	34,3400
361,1642	17,173	34,3450
361,3117	17,175	34,3500
361,4586	17,178	34,3550
361,6076	17,180	34,3600
361,7423	17,183	34,3650
361,8757	17,185	34,3700
362,0100	17,188	34,3750
362,1487	17,190	34,3800
362,2862	17,193	34,3850
362,4267	17,195	34,3900
362,5680	17,198	34,3950
362,7194	17,200	34,4000
362,8669	17,203	34,4050
363,0165	17,205	34,4100
363,1537	17,208	34,4150
363,2797	17,210	34,4200
363,4017	17,213	34,4250
363,5433	17,215	34,4300
363,6854	17,218	34,4350
363,8365	17,220	34,4400
363,9720	17,223	34,4450
364,1048	17,225	34,4500
364,2405	17,228	34,4550
364,3755	17,230	34,4600
364,5073	17,233	34,4650
364,6465	17,235	34,4700
364,7860	17,238	34,4750
364,9367	17,240	34,4800
365,0790	17,243	34,4850
365,2252	17,245	34,4900
365,3639	17,248	34,4950
365,4885	17,250	34,5000
365,6177	17,253	34,5050
365,7674	17,255	34,5100
365,9050	17,258	34,5150
366,0475	17,260	34,5200
366,1727	17,263	34,5250
366,3065	17,265	34,5300
366,4502	17,268	34,5350
366,5913	17,270	34,5400
366,7315	17,273	34,5450
366,8753	17,275	34,5500
367,0055	17,278	34,5550
367,1464	17,280	34,5600
367,2937	17,283	34,5650
367,4460	17,285	34,5700
367,5844	17,288	34,5750
367,7109	17,290	34,5800
367,8265	17,293	34,5850
367,9679	17,295	34,5900
368,1034	17,298	34,5950
368,2519	17,300	34,6000
368,3733	17,303	34,6050
368,4976	17,305	34,6100
368,6434	17,308	34,6150
368,8015	17,310	34,6200
368,9467	17,313	34,6250
369,0925	17,315	34,6300
369,2300	17,318	34,6350
369,3776	17,320	34,6400
369,5278	17,323	34,6450
369,6817	17,325	34,6500
369,8144	17,328	34,6550
369,9326	17,330	34,6600
370,0576	17,333	34,6650
370,2092	17,335	34,6700
370,3551	17,338	34,6750
370,5081	17,340	34,6800
370,6444	17,343	34,6850
370,7738	17,345	34,6900
370,9085	17,348	34,6950
371,0516	17,350	34,7000
371,1883	17,353	34,7050
371,3297	17,355	34,7100
371,4687	17,358	34,7150
371,6194	17,360	34,7200
371,7638	17,363	34,7250
371,9017	17,365	34,7300
372,0375	17,368	34,7350
372,1760	17,370	34,7400
372,3049	17,373	34,7450
372,4525	17,375	34,7500
372,5972	17,378	34,7550
372,7497	17,380	34,7600
372,8860	17,383	34,7650
373,0165	17,385	34,7700
373,1538	17,388	34,7750
373,3008	17,390	34,7800
373,4360	17,393	34,7850
373,5854	17,395	34,7900
373,7274	17,398	34,7950
373,8827	17,400	34,8000
374,0377	17,403	34,8050
374,1854	17,405	34,8100
374,3231	17,408	34,8150
374,4550	17,410	34,8200
374,5741	17,413	34,8250
374,7169	17,415	34,8300
374,8670	17,418	34,8350
375,0139	17,420	34,8400
375,1467	17,423	34,8450
375,2823	17,425	34,8500
375,4229	17,428	34,8550
375,5712	17,430	34,8600
375,7149	17,433	34,8650
375,8667	17,435	34,8700
376,0111	17,438	34,8750
376,1610	17,440	34,8800
376,3162	17,443	34,8850
376,4710	17,445	34,8900
376,6155	17,448	34,8950
376,7405	17,450	34,9000
376,8737	17,453	34,9050
377,0312	17,455	34,9100
377,1842	17,458	34,9150
377,3392	17,460	34,9200
377,4766	17,463	34,9250
377,6159	17,465	34,9300
377,7590	17,468	34,9350
377,9057	17,470	34,9400
378,0462	17,473	34,9450
378,1922	17,475	34,9500
378,3295	17,478	34,9550
378,4847	17,480	34,9600
378,6305	17,483	34,9650
378,7815	17,485	34,9700
378,9199	17,488	34,9750
379,0554	17,490	34,9800
379,1777	17,493	34,9850
379,3238	17,495	34,9900
379,4650	17,498	34,9950
379,6151	17,500	35,0000
379,7524	17,503	35,0050
379,8874	17,505	35,0100
380,0275	17,508	35,0150
380,1670	17,510	35,0200
380,3094	17,513	35,0250
380,4518	17,515	35,0300
380,5877	17,518	35,0350
380,7398	17,520	35,0400
380,9027	17,523	35,0450
381,0517	17,525	35,0500
381,2000	17,528	35,0550
381,3423	17,530	35,0600
381,4677	17,533	35,0650
381,6077	17,535	35,0700
381,7498	17,538	35,0750
381,9023	17,540	35,0800
382,0387	17,543	35,0850
382,1752	17,545	35,0900
382,3248	17,548	35,0950
382,4757	17,550	35,1000
382,6141	17,553	35,1050
382,7583	17,555	35,1100
382,9021	17,558	35,1150
383,0632	17,560	35,1200
383,2271	17,563	35,1250
383,3815	17,565	35,1300
383,5296	17,568	35,1350
383,6648	17,570	35,1400
383,8031	17,573	35,1450
383,9585	17,575	35,1500
384,1140	17,578	35,1550
384,2749	17,580	35,1600
384,4177	17,583	35,1650
384,5594	17,585	35,1700
384,7041	17,588	35,1750
384,8556	17,590	35,1800
385,0006	17,593	35,1850
385,1514	17,595	35,1900
385,2973	17,598	35,1950
385,4592	17,600	35,2000
385,6154	17,603	35,2050
385,7704	17,605	35,2100
385,9154	17,608	35,2150
386,0494	17,610	35,2200
386,1782	17,613	35,2250
386,3323	17,615	35,2300
386,4929	17,618	35,2350
386,6538	17,620	35,2400
386,7906	17,623	35,2450
386,9244	17,625	35,2500
387,0701	17,628	35,2550
387,2242	17,630	35,2600
387,3614	17,633	35,2650
387,5062	17,635	35,2700
387,6478	17,638	35,2750
387,8081	17,640	35,2800
387,9700	17,643	35,2850
388,1286	17,645	35,2900
388,2763	17,648	35,2950
388,4141	17,650	35,3000
388,5498	17,653	35,3050
388,7197	17,655	35,3100
388,8791	17,658	35,3150
389,0355	17,660	35,3200
389,1763	17,663	35,3250
389,3165	17,665	35,3300
389,4541	17,668	35,3350
389,5968	17,670	35,3400
389,7393	17,673	35,3450
389,8902	17,675	35,3500
390,0330	17,678	35,3550
390,1960	17,680	35,3600
390,3590	17,683	35,3650
390,5157	17,685	35,3700
390,6675	17,688	35,3750
390,8229	17,690	35,3800
390,9659	17,693	35,3850
391,1187	17,695	35,3900
391,2673	17,698	35,3950
391,4247	17,700	35,4000
391,5692	17,703	35,4050
391,7149	17,705	35,4100
391,8697	17,708	35,4150
392,0334	17,710	35,4200
392,1800	17,713	35,4250
392,3356	17,715	35,4300
392,4895	17,718	35,4350
392,6446	17,720	35,4400
392,8086	17,723	35,4450
392,9636	17,725	35,4500
393,1134	17,728	35,4550
393,2535	17,730	35,4600
393,3878	17,733	35,4650
393,5504	17,735	35,4700
393,7078	17,738	35,4750
393,8580	17,740	35,4800
394,0061	17,743	35,4850
394,1472	17,745	35,4900
394,2919	17,748	35,4950
394,4449	17,750	35,5000
394,5995	17,753	35,5050
394,7605	17,755	35,5100
394,9096	17,758	35,5150
395,0662	17,760	35,5200
395,2196	17,763	35,5250
395,3646	17,765	35,5300
395,5109	17,768	35,5350
395,6501	17,770	35,5400
395,7920	17,773	35,5450
395,9549	17,775	35,5500
396,1170	17,778	35,5550
396,2831	17,780	35,5600
396,4299	17,783	35,5650
396,5711	17,785	35,5700
396,7201	17,788	35,5750
396,8681	17,790	35,5800
397,0142	17,793	35,5850
397,1661	17,795	35,5900
397,3096	17,798	35,5950
397,4697	17,800	35,6000
397,6294	17,803	35,6050
397,7885	17,805	35,6100
397,9433	17,808	35,6150
398,0850	17,810	35,6200
398,2224	17,813	35,6250
398,3854	17,815	35,6300
398,5521	17,818	35,6350
398,7210	17,820	35,6400
398,8738	17,823	35,6450
399,0142	17,825	35,6500
399,1625	17,828	35,6550
399,3231	17,830	35,6600
399,4775	17,833	35,6650
399,6322	17,835	35,6700
399,7813	17,838	35,6750
399,9437	17,840	35,6800
400,1108	17,843	35,6850
400,2700	17,845	35,6900
400,4258	17,848	35,6950
400,5692	17,850	35,7000
400,7008	17,853	35,7050
400,8650	17,855	35,7100
401,0236	17,858	35,7150
401,1793	17,860	35,7200
401,3355	17,863	35,7250
401,4883	17,865	35,7300
401,6461	17,868	35,7350
401,7948	17,870	35,7400
401,9484	17,873	35,7450
402,1117	17,875	35,7500
402,2611	17,878	35,7550
402,4213	17,880	35,7600
402,5877	17,883	35,7650
402,7521	17,885	35,7700
402,9128	17,888	35,7750
403,0583	17,890	35,7800
403,1967	17,893	35,7850
403,3746	17,895	35,7900
403,5406	17,898	35,7950
403,7112	17,900	35,8000
403,8653	17,903	35,8050
404,0205	17,905	35,8100
404,1820	17,908	35,8150
404,3423	17,910	35,8200
404,4929	17,913	35,8250
404,6495	17,915	35,8300
404,8071	17,918	35,8350
404,9724	17,920	35,8400
405,1488	17,923	35,8450
405,3089	17,925	35,8500
405,4664	17,928	35,8550
405,6183	17,930	35,8600
405,7618	17,933	35,8650
405,9303	17,935	35,8700
406,0976	17,938	35,8750
406,2652	17,940	35,8800
406,4220	17,943	35,8850
406,5691	17,945	35,8900
406,7239	17,948	35,8950
406,8863	17,950	35,9000
407,0461	17,953	35,9050
407,2143	17,955	35,9100
407,3861	17,958	35,9150
407,5661	17,960	35,9200
407,7379	17,963	35,9250
407,8919	17,965	35,9300
408,0466	17,968	35,9350
408,1953	17,970	35,9400
408,3370	17,973	35,9450
408,5029	17,975	35,9500
408,6719	17,978	35,9550
408,8401	17,980	35,9600
408,9983	17,983	35,9650
409,1494	17,985	35,9700
409,3102	17,988	35,9750
409,4642	17,990	35,9800
409,6168	17,993	35,9850
409,7845	17,995	35,9900
409,9481	17,998	35,9950
410,1186	18,000	36,0000
410,2834	18,003	36,0050
410,4476	18,005	36,0100
410,6039	18,008	36,0150
410,7483	18,010	36,0200
410,8940	18,013	36,0250
411,0618	18,015	36,0300
411,2171	18,018	36,0350
411,3819	18,020	36,0400
411,5542	18,023	36,0450
411,7107	18,025	36,0500
411,8731	18,028	36,0550
412,0397	18,030	36,0600
412,1996	18,033	36,0650
412,3667	18,035	36,0700
412,5240	18,038	36,0750
412,6988	18,040	36,0800
412,8756	18,043	36,0850
413,0466	18,045	36,0900
413,2072	18,048	36,0950
413,3538	18,050	36,1000
413,5047	18,053	36,1050
413,6868	18,055	36,1100
413,8629	18,058	36,1150
414,0373	18,060	36,1200
414,2013	18,063	36,1250
414,3489	18,065	36,1300
414,5183	18,068	36,1350
414,6854	18,070	36,1400
414,8484	18,073	36,1450
415,0208	18,075	36,1500
415,1878	18,078	36,1550
415,3656	18,080	36,1600
415,5460	18,083	36,1650
415,7134	18,085	36,1700
415,8786	18,088	36,1750
416,0354	18,090	36,1800
416,1801	18,093	36,1850
416,3433	18,095	36,1900
416,5120	18,098	36,1950
416,6939	18,100	36,2000
416,8573	18,103	36,2050
417,0119	18,105	36,2100
417,1705	18,108	36,2150
417,3278	18,110	36,2200
417,4825	18,113	36,2250
417,6538	18,115	36,2300
417,8151	18,118	36,2350
417,9847	18,120	36,2400
418,1656	18,123	36,2450
418,3303	18,125	36,2500
418,4826	18,128	36,2550
418,6274	18,130	36,2600
418,7695	18,133	36,2650
418,9391	18,135	36,2700
419,0978	18,138	36,2750
419,2607	18,140	36,2800
419,4113	18,143	36,2850
419,5575	18,145	36,2900
419,7133	18,148	36,2950
419,8858	18,150	36,3000
420,0458	18,153	36,3050
420,2136	18,155	36,3100
420,3728	18,158	36,3150
420,5392	18,160	36,3200
420,7188	18,163	36,3250
420,8827	18,165	36,3300
421,0432	18,168	36,3350
421,1879	18,170	36,3400
421,3415	18,173	36,3450
421,5259	18,175	36,3500
421,6981	18,178	36,3550
421,8750	18,180	36,3600
422,0421	18,183	36,3650
422,1947	18,185	36,3700
422,3663	18,188	36,3750
422,5426	18,190	36,3800
422,7044	18,193	36,3850
422,8869	18,195	36,3900
423,0586	18,198	36,3950
423,2427	18,200	36,4000
423,4284	18,203	36,4050
423,6019	18,205	36,4100
423,7654	18,208	36,4150
423,9211	18,210	36,4200
424,0596	18,213	36,4250
424,2288	18,215	36,4300
424,3968	18,218	36,4350
424,5774	18,220	36,4400
424,7473	18,223	36,4450
424,9033	18,225	36,4500
425,0755	18,228	36,4550
425,2521	18,230	36,4600
425,4159	18,233	36,4650
425,5812	18,235	36,4700
425,7496	18,238	36,4750
425,9338	18,240	36,4800
426,1169	18,243	36,4850
426,2898	18,245	36,4900
426,4575	18,248	36,4950
426,6059	18,250	36,5000
426,7544	18,253	36,5050
426,9389	18,255	36,5100
427,1186	18,258	36,5150
427,2913	18,260	36,5200
427,4566	18,263	36,5250
427,6139	18,265	36,5300
427,7782	18,268	36,5350
427,9498	18,270	36,5400
428,1117	18,273	36,5450
428,2863	18,275	36,5500
428,4579	18,278	36,5550
428,6412	18,280	36,5600
428,8290	18,283	36,5650
429,0072	18,285	36,5700
429,1719	18,288	36,5750
429,3207	18,290	36,5800
429,4681	18,293	36,5850
429,6418	18,295	36,5900
429,8102	18,298	36,5950
429,9898	18,300	36,6000
430,1563	18,303	36,6050
430,3123	18,305	36,6100
430,4744	18,308	36,6150
430,6481	18,310	36,6200
430,8205	18,313	36,6250
431,0008	18,315	36,6300
431,1764	18,318	36,6350
431,3635	18,320	36,6400
431,5519	18,323	36,6450
431,7314	18,325	36,6500
431,9019	18,328	36,6550
432,0582	18,330	36,6600
432,2066	18,333	36,6650
432,3857	18,335	36,6700
432,5701	18,338	36,6750
432,7451	18,340	36,6800
432,9084	18,343	36,6850
433,0720	18,345	36,6900
433,2462	18,348	36,6950
433,4271	18,350	36,7000
433,5854	18,353	36,7050
433,7619	18,355	36,7100
433,9392	18,358	36,7150
434,1159	18,360	36,7200
434,3028	18,363	36,7250
434,4800	18,365	36,7300
434,6511	18,368	36,7350
434,8026	18,370	36,7400
434,9485	18,373	36,7450
435,1335	18,375	36,7500
435,3211	18,378	36,7550
435,5017	18,380	36,7600
435,6598	18,383	36,7650
435,8189	18,385	36,7700
435,9976	18,388	36,7750
436,1778	18,390	36,7800
436,3434	18,393	36,7850
436,5273	18,395	36,7900
436,6979	18,398	36,7950
436,8747	18,400	36,8000
437,0660	18,403	36,8050
437,2451	18,405	36,8100
437,4159	18,408	36,8150
437,5847	18,410	36,8200
437,7415	18,413	36,8250
437,9235	18,415	36,8300
438,1049	18,418	36,8350
438,2836	18,420	36,8400
438,4674	18,423	36,8450
438,6318	18,425	36,8500
438,8013	18,428	36,8550
438,9763	18,430	36,8600
439,1525	18,433	36,8650
439,3456	18,435	36,8700
439,5359	18,438	36,8750
439,7213	18,440	36,8800
439,9109	18,443	36,8850
440,0949	18,445	36,8900
440,2760	18,448	36,8950
440,4451	18,450	36,9000
440,6025	18,453	36,9050
440,7945	18,455	36,9100
440,9861	18,458	36,9150
441,1746	18,460	36,9200
441,3408	18,463	36,9250
441,4962	18,465	36,9300
441,6705	18,468	36,9350
441,8485	18,470	36,9400
442,0168	18,473	36,9450
442,2081	18,475	36,9500
442,3834	18,478	36,9550
442,5650	18,480	36,9600
442,7614	18,483	36,9650
442,9449	18,485	36,9700
443,1162	18,488	36,9750
443,2877	18,490	36,9800
443,4407	18,493	36,9850
443,6255	18,495	36,9900
443,8085	18,498	36,9950
443,9954	18,500	37,0000
444,1703	18,503	37,0050
444,3272	18,505	37,0100
444,4972	18,508	37,0150
444,6818	18,510	37,0200
444,8612	18,513	37,0250
445,0523	18,515	37,0300
445,2292	18,518	37,0350
445,4202	18,520	37,0400
445,6171	18,523	37,0450
445,8009	18,525	37,0500
445,9843	18,528	37,0550
446,1491	18,530	37,0600
446,2998	18,533	37,0650
446,4838	18,535	37,0700
446,6708	18,538	37,0750
446,8632	18,540	37,0800
447,0487	18,543	37,0850
447,2232	18,545	37,0900
447,4004	18,548	37,0950
447,5908	18,550	37,1000
447,7746	18,553	37,1050
447,9617	18,555	37,1100
448,1458	18,558	37,1150
448,3421	18,560	37,1200
448,5459	18,563	37,1250
448,7279	18,565	37,1300
448,9174	18,568	37,1350
449,0957	18,570	37,1400
449,2587	18,573	37,1450
449,4530	18,575	37,1500
449,6454	18,578	37,1550
449,8343	18,580	37,1600
450,0215	18,583	37,1650
450,1925	18,585	37,1700
450,3760	18,588	37,1750
450,5759	18,590	37,1800
450,7537	18,593	37,1850
450,9380	18,595	37,1900
451,1155	18,598	37,1950
451,3122	18,600	37,2000
451,5147	18,603	37,2050
451,7050	18,605	37,2100
451,8859	18,608	37,2150
452,0539	18,610	37,2200
452,2114	18,613	37,2250
452,4115	18,615	37,2300
452,6063	18,618	37,2350
452,7887	18,620	37,2400
452,9678	18,623	37,2450
453,1355	18,625	37,2500
453,3169	18,628	37,2550
453,4939	18,630	37,2600
453,6582	18,633	37,2650
453,8509	18,635	37,2700
454,0419	18,638	37,2750
454,2367	18,640	37,2800
454,4397	18,643	37,2850
454,6367	18,645	37,2900
454,8231	18,648	37,2950
454,9978	18,650	37,3000
455,1584	18,653	37,3050
455,3578	18,655	37,3100
455,5582	18,658	37,3150
455,7520	18,660	37,3200
455,9411	18,663	37,3250
456,1138	18,665	37,3300
456,2957	18,668	37,3350
456,4827	18,670	37,3400
456,6662	18,673	37,3450
456,8584	18,675	37,3500
457,0508	18,678	37,3550
457,2470	18,680	37,3600
457,4545	18,683	37,3650
457,6475	18,685	37,3700
457,8323	18,688	37,3750
458,0159	18,690	37,3800
458,1856	18,693	37,3850
458,3806	18,695	37,3900
458,5736	18,698	37,3950
458,7750	18,700	37,4000
458,9649	18,703	37,4050
459,1399	18,705	37,4100
459,3269	18,708	37,4150
459,5235	18,710	37,4200
459,7068	18,713	37,4250
459,9037	18,715	37,4300
460,0876	18,718	37,4350
460,2871	18,720	37,4400
460,5040	18,723	37,4450
460,6967	18,725	37,4500
460,8801	18,728	37,4550
461,0535	18,730	37,4600
461,2218	18,733	37,4650
461,4260	18,735	37,4700
461,6293	18,738	37,4750
461,8218	18,740	37,4800
462,0089	18,743	37,4850
462,1824	18,745	37,4900
462,3734	18,748	37,4950
462,5685	18,750	37,5000
462,7546	18,753	37,5050
462,9501	18,755	37,5100
463,1398	18,758	37,5150
463,3307	18,760	37,5200
463,5394	18,763	37,5250
463,7316	18,765	37,5300
463,9230	18,768	37,5350
464,1082	18,770	37,5400
464,2770	18,773	37,5450
464,4785	18,775	37,5500
464,6821	18,778	37,5550
464,8831	18,780	37,5600
465,0750	18,783	37,5650
465,2437	18,785	37,5700
465,4284	18,788	37,5750
465,6288	18,790	37,5800
465,8177	18,793	37,5850
466,0149	18,795	37,5900
466,2044	18,798	37,5950
466,4047	18,800	37,6000
466,6204	18,803	37,6050
466,8214	18,805	37,6100
467,0145	18,808	37,6150
467,1989	18,810	37,6200
467,3661	18,813	37,6250
467,5778	18,815	37,6300
467,7866	18,818	37,6350
467,9786	18,820	37,6400
468,1757	18,823	37,6450
468,3581	18,825	37,6500
468,5551	18,828	37,6550
468,7522	18,830	37,6600
468,9292	18,833	37,6650
469,1264	18,835	37,6700
469,3180	18,838	37,6750
469,5261	18,840	37,6800
469,7417	18,843	37,6850
469,9417	18,845	37,6900
470,1286	18,848	37,6950
470,2985	18,850	37,7000
470,4613	18,853	37,7050
470,6730	18,855	37,7100
470,8769	18,858	37,7150
471,0726	18,860	37,7200
471,2685	18,863	37,7250
471,4479	18,865	37,7300
471,6210	18,868	37,7350
471,8147	18,870	37,7400
471,9990	18,873	37,7450
472,2001	18,875	37,7500
472,3859	18,878	37,7550
472,5889	18,880	37,7600
472,8068	18,883	37,7650
473,0011	18,885	37,7700
473,1873	18,888	37,7750
473,3840	18,890	37,7800
473,5584	18,893	37,7850
473,7635	18,895	37,7900
473,9656	18,898	37,7950
474,1762	18,900	37,8000
474,3770	18,903	37,8050
474,5596	18,905	37,8100
474,7502	18,908	37,8150
474,9540	18,910	37,8200
475,1461	18,913	37,8250
475,3528	18,915	37,8300
475,5532	18,918	37,8350
475,7639	18,920	37,8400
475,9810	18,923	37,8450
476,1813	18,925	37,8500
476,3764	18,928	37,8550
476,5671	18,930	37,8600
476,7419	18,933	37,8650
476,9560	18,935	37,8700
477,1660	18,938	37,8750
477,3747	18,940	37,8800
477,5813	18,943	37,8850
477,7612	18,945	37,8900
477,9638	18,948	37,8950
478,1772	18,950	37,9000
478,3671	18,953	37,9050
478,5734	18,955	37,9100
478,7751	18,958	37,9150
478,9755	18,960	37,9200
479,1931	18,963	37,9250
479,3915	18,965	37,9300
479,5965	18,968	37,9350
479,7898	18,970	37,9400
479,9664	18,973	37,9450
480,1838	18,975	37,9500
480,3957	18,978	37,9550
480,5889	18,980	37,9600
480,7852	18,983	37,9650
480,9668	18,985	37,9700
481,1613	18,988	37,9750
481,3733	18,990	37,9800
481,5693	18,993	37,9850
481,7701	18,995	37,9900
481,9655	18,998	37,9950
482,1726	19,000	38,0000
482,3930	19,003	38,0050
482,5936	19,005	38,0100
482,7851	19,008	38,0150
482,9724	19,010	38,0200
483,1434	19,013	38,0250
483,3557	19,015	38,0300
483,5657	19,018	38,0350
483,7658	19,020	38,0400
483,9718	19,023	38,0450
484,1569	19,025	38,0500
484,3625	19,028	38,0550
484,5781	19,030	38,0600
484,7717	19,033	38,0650
484,9799	19,035	38,0700
485,1933	19,038	38,0750
485,4116	19,040	38,0800
485,6408	19,043	38,0850
485,8448	19,045	38,0900
486,0471	19,048	38,0950
486,2433	19,050	38,1000
486,4256	19,053	38,1050
486,6554	19,055	38,1100
486,8832	19,058	38,1150
487,0973	19,060	38,1200
487,3037	19,063	38,1250
487,4962	19,065	38,1300
487,7043	19,068	38,1350
487,9157	19,070	38,1400
488,1075	19,073	38,1450
488,3246	19,075	38,1500
488,5313	19,078	38,1550
488,7500	19,080	38,1600
488,9856	19,083	38,1650
489,1960	19,085	38,1700
489,3956	19,088	38,1750
489,5840	19,090	38,1800
489,7613	19,093	38,1850
489,9721	19,095	38,1900
490,1865	19,098	38,1950
490,4007	19,100	38,2000
490,6105	19,103	38,2050
490,8010	19,105	38,2100
490,9967	19,108	38,2150
491,2108	19,110	38,2200
491,3999	19,113	38,2250
491,6117	19,115	38,2300
491,8230	19,118	38,2350
492,0411	19,120	38,2400
492,2773	19,123	38,2450
492,4897	19,125	38,2500
492,6812	19,128	38,2550
492,8712	19,130	38,2600
493,0457	19,133	38,2650
493,2654	19,135	38,2700
493,4828	19,138	38,2750
493,6994	19,140	38,2800
493,9073	19,143	38,2850
494,0956	19,145	38,2900
494,2924	19,148	38,2950
494,5126	19,150	38,3000
494,7079	19,153	38,3050
494,9205	19,155	38,3100
495,1358	19,158	38,3150
495,3600	19,160	38,3200
495,5945	19,163	38,3250
495,8059	19,165	38,3300
496,0248	19,168	38,3350
496,2284	19,170	38,3400
496,4146	19,173	38,3450
496,6407	19,175	38,3500
496,8665	19,178	38,3550
497,0795	19,180	38,3600
497,2862	19,183	38,3650
497,4828	19,185	38,3700
497,6979	19,188	38,3750
497,9223	19,190	38,3800
498,1198	19,193	38,3850
498,3479	19,195	38,3900
498,5654	19,198	38,3950
498,7870	19,200	38,4000
499,0262	19,203	38,4050
499,2395	19,205	38,4100
499,4431	19,208	38,4150
499,6525	19,210	38,4200
499,8436	19,213	38,4250
500,0766	19,215	38,4300
500,3065	19,218	38,4350
500,5203	19,220	38,4400
500,7372	19,223	38,4450
500,9327	19,225	38,4500
501,1391	19,228	38,4550
501,3560	19,230	38,4600
501,5615	19,233	38,4650
501,7892	19,235	38,4700
502,0048	19,238	38,4750
502,2265	19,240	38,4800
502,4686	19,243	38,4850
502,6949	19,245	38,4900
502,9123	19,248	38,4950
503,1102	19,250	38,5000
503,2824	19,253	38,5050
503,5074	19,255	38,5100
503,7386	19,258	38,5150
503,9665	19,260	38,5200
504,1801	19,263	38,5250
504,3741	19,265	38,5300
504,5801	19,268	38,5350
504,7991	19,270	38,5400
505,0015	19,273	38,5450
505,2349	19,275	38,5500
505,4516	19,278	38,5550
505,6830	19,280	38,5600
505,9303	19,283	38,5650
506,1418	19,285	38,5700
506,3433	19,288	38,5750
506,5507	19,290	38,5800
506,7324	19,293	38,5850
506,9466	19,295	38,5900
507,1580	19,298	38,5950
507,3892	19,300	38,6000
507,6150	19,303	38,6050
507,8115	19,305	38,6100
508,0327	19,308	38,6150
508,2629	19,310	38,6200
508,4693	19,313	38,6250
508,6927	19,315	38,6300
508,9166	19,318	38,6350
509,1447	19,320	38,6400
509,3964	19,323	38,6450
509,6245	19,325	38,6500
509,8446	19,328	38,6550
510,0539	19,330	38,6600
510,2520	19,333	38,6650
510,4920	19,335	38,6700
510,7276	19,338	38,6750
510,9606	19,340	38,6800
511,1955	19,343	38,6850
511,3915	19,345	38,6900
511,6059	19,348	38,6950
511,8459	19,350	38,7000
512,0559	19,353	38,7050
512,2839	19,355	38,7100
512,5017	19,358	38,7150
512,7293	19,360	38,7200
512,9771	19,363	38,7250
513,1973	19,365	38,7300
513,4158	19,368	38,7350
513,6243	19,370	38,7400
513,8145	19,373	38,7450
514,0493	19,375	38,7500
514,2877	19,378	38,7550
514,5203	19,380	38,7600
514,7382	19,383	38,7650
514,9296	19,385	38,7700
515,1410	19,388	38,7750
515,3742	19,390	38,7800
515,5808	19,393	38,7850
515,8113	19,395	38,7900
516,0381	19,398	38,7950
516,2783	19,400	38,8000
516,5310	19,403	38,8050
516,7499	19,405	38,8100
516,9674	19,408	38,8150
517,1843	19,410	38,8200
517,3773	19,413	38,8250
517,6179	19,415	38,8300
517,8559	19,418	38,8350
518,0884	19,420	38,8400
518,3212	19,423	38,8450
518,5276	19,425	38,8500
518,7468	19,428	38,8550
518,9798	19,430	38,8600
519,2055	19,433	38,8650
519,4577	19,435	38,8700
519,6850	19,438	38,8750
519,9205	19,440	38,8800
520,1807	19,443	38,8850
520,4144	19,445	38,8900
520,6394	19,448	38,8950
520,8537	19,450	38,9000
521,0474	19,453	38,9050
521,2943	19,455	38,9100
521,5413	19,458	38,9150
521,7811	19,460	38,9200
522,0081	19,463	38,9250
522,2114	19,465	38,9300
522,4380	19,468	38,9350
522,6759	19,470	38,9400
522,8889	19,473	38,9450
523,1264	19,475	38,9500
523,3531	19,478	38,9550
523,5866	19,480	38,9600
523,8411	19,483	38,9650
524,0642	19,485	38,9700
524,2869	19,488	38,9750
524,5045	19,490	38,9800
524,6966	19,493	38,9850
524,9344	19,495	38,9900
525,1726	19,498	38,9950
525,4090	19,500	39,0000
525,6417	19,503	39,0050
525,8435	19,505	39,0100
526,0654	19,508	39,0150
526,3015	19,510	39,0200
526,5194	19,513	39,0250
526,7488	19,515	39,0300
526,9688	19,518	39,0350
527,2045	19,520	39,0400
527,4681	19,523	39,0450
527,7000	19,525	39,0500
527,9313	19,528	39,0550
528,1513	19,530	39,0600
528,3495	19,533	39,0650
528,5972	19,535	39,0700
528,8411	19,538	39,0750
529,0797	19,540	39,0800
529,3209	19,543	39,0850
529,5378	19,545	39,0900
529,7674	19,548	39,0950
530,0169	19,550	39,1000
530,2499	19,553	39,1050
530,4990	19,555	39,1100
530,7347	19,558	39,1150
530,9722	19,560	39,1200
531,2392	19,563	39,1250
531,4817	19,565	39,1300
531,7250	19,568	39,1350
531,9526	19,570	39,1400
532,1566	19,573	39,1450
532,4090	19,575	39,1500
532,6582	19,578	39,1550
532,9020	19,580	39,1600
533,1481	19,583	39,1650
533,3630	19,585	39,1700
533,6037	19,588	39,1750
533,8557	19,590	39,1800
534,0754	19,593	39,1850
534,3157	19,595	39,1900
534,5462	19,598	39,1950
534,7882	19,600	39,2000
535,0561	19,603	39,2050
535,2926	19,605	39,2100
535,5163	19,608	39,2150
535,7415	19,610	39,2200
535,9353	19,613	39,2250
536,1736	19,615	39,2300
536,4192	19,618	39,2350
536,6622	19,620	39,2400
536,8998	19,623	39,2450
537,1125	19,625	39,2500
537,3434	19,628	39,2550
537,5837	19,630	39,2600
537,7948	19,633	39,2650
538,0388	19,635	39,2700
538,2754	19,638	39,2750
538,5179	19,640	39,2800
538,7924	19,643	39,2850
539,0351	19,645	39,2900
539,2645	19,648	39,2950
539,4876	19,650	39,3000
539,6980	19,653	39,3050
539,9748	19,655	39,3100
540,2385	19,658	39,3150
540,4917	19,660	39,3200
540,7330	19,663	39,3250
540,9476	19,665	39,3300
541,1833	19,668	39,3350
541,4331	19,670	39,3400
541,6629	19,673	39,3450
541,9251	19,675	39,3500
542,1669	19,678	39,3550
542,4071	19,680	39,3600
542,6738	19,683	39,3650
542,9183	19,685	39,3700
543,1600	19,688	39,3750
543,3932	19,690	39,3800
543,6076	19,693	39,3850
543,8681	19,695	39,3900
544,1346	19,698	39,3950
544,3886	19,700	39,4000
544,6297	19,703	39,4050
544,8435	19,705	39,4100
545,0822	19,708	39,4150
545,3417	19,710	39,4200
545,5756	19,713	39,4250
545,8319	19,715	39,4300
546,0665	19,718	39,4350
546,3101	19,720	39,4400
546,5969	19,723	39,4450
546,8513	19,725	39,4500
547,0877	19,728	39,4550
547,3211	19,730	39,4600
547,5318	19,733	39,4650
547,7870	19,735	39,4700
548,0411	19,738	39,4750
548,2900	19,740	39,4800
548,5405	19,743	39,4850
548,7498	19,745	39,4900
548,9793	19,748	39,4950
549,2363	19,750	39,5000
549,4639	19,753	39,5050
549,7143	19,755	39,5100
549,9506	19,758	39,5150
550,1998	19,760	39,5200
550,4714	19,763	39,5250
550,7191	19,765	39,5300
550,9644	19,768	39,5350
551,1895	19,770	39,5400
551,3954	19,773	39,5450
551,6601	19,775	39,5500
551,9281	19,778	39,5550
552,1740	19,780	39,5600
552,4166	19,783	39,5650
552,6290	19,785	39,5700
552,8724	19,788	39,5750
553,1385	19,790	39,5800
553,3790	19,793	39,5850
553,6379	19,795	39,5900
553,8800	19,798	39,5950
554,1394	19,800	39,6000
554,4215	19,803	39,6050
554,6710	19,805	39,6100
554,9256	19,808	39,6150
555,1638	19,810	39,6200
555,3730	19,813	39,6250
555,6402	19,815	39,6300
555,9035	19,818	39,6350
556,1584	19,820	39,6400
556,4193	19,823	39,6450
556,6491	19,825	39,6500
556,9099	19,828	39,6550
557,1770	19,830	39,6600
557,4064	19,833	39,6650
557,6700	19,835	39,6700
557,9140	19,838	39,6750
558,1635	19,840	39,6800
558,4428	19,843	39,6850
558,6908	19,845	39,6900
558,9320	19,848	39,6950
559,1672	19,850	39,7000
559,3734	19,853	39,7050
559,6430	19,855	39,7100
559,9137	19,858	39,7150
560,1670	19,860	39,7200
560,4266	19,863	39,7250
560,6588	19,865	39,7300
560,8986	19,868	39,7350
561,1625	19,870	39,7400
561,4045	19,873	39,7450
561,6736	19,875	39,7500
561,9247	19,878	39,7550
562,1738	19,880	39,7600
562,4603	19,883	39,7650
562,7095	19,885	39,7700
562,9517	19,888	39,7750
563,1957	19,890	39,7800
563,4080	19,893	39,7850
563,6765	19,895	39,7900
563,9472	19,898	39,7950
564,2081	19,900	39,8000
564,4601	19,903	39,8050
564,6827	19,905	39,8100
564,9289	19,908	39,8150
565,1958	19,910	39,8200
565,4323	19,913	39,8250
565,6846	19,915	39,8300
565,9292	19,918	39,8350
566,1972	19,920	39,8400
566,4965	19,923	39,8450
566,7565	19,925	39,8500
567,0091	19,928	39,8550
567,2559	19,930	39,8600
567,4733	19,933	39,8650
567,7526	19,935	39,8700
568,0356	19,938	39,8750
568,3031	19,940	39,8800
568,5752	19,943	39,8850
568,8091	19,945	39,8900
569,0729	19,948	39,8950
569,3506	19,950	39,9000
569,5910	19,953	39,9050
569,8626	19,955	39,9100
570,1294	19,958	39,9150
570,4057	19,960	39,9200
570,6986	19,963	39,9250
570,9536	19,965	39,9300
571,2100	19,968	39,9350
571,4553	19,970	39,9400
571,6732	19,973	39,9450
571,9537	19,975	39,9500
572,2365	19,978	39,9550
572,5051	19,980	39,9600
572,7766	19,983	39,9650
573,0120	19,985	39,9700
573,2682	19,988	39,9750
573,5532	19,990	39,9800
573,8093	19,993	39,9850
574,0815	19,995	39,9900
574,3348	19,998	39,9950
574,5989	20,000	40,0000
574,8941	20,000	40,0050
575,0583	20,000	40,0100
574,9325	20,000	40,0150
574,5867	20,000	40,0200
574,2183	19,999	40,0250
573,8702	19,988	40,0300
573,2691	19,976	40,0350
571,4180	19,960	40,0400
568,0371	19,941	40,0450
563,7879	19,918	40,0500
558,9119	19,889	40,0550
553,4389	19,854	40,0600
546,8854	19,811	40,0650
539,2477	19,761	40,0700
530,4406	19,711	40,0750
520,6138	19,661	40,0800
510,5324	19,611	40,0850
500,9469	19,561	40,0900
492,0209	19,511	40,0950
483,5082	19,461	40,1000
475,2969	19,411	40,1050
467,4245	19,361	40,1100
459,9519	19,311	40,1150
452,7182	19,261	40,1200
445,7462	19,211	40,1250
439,0691	19,161	40,1300
432,6932	19,111	40,1350
426,4754	19,061	40,1400
420,4783	19,011	40,1450
414,7064	18,961	40,1500
409,1333	18,911	40,1550
403,7328	18,861	40,1600
398,5035	18,811	40,1650
393,4196	18,761	40,1700
388,4481	18,711	40,1750
383,6309	18,661	40,1800
378,9291	18,611	40,1850
374,3643	18,561	40,1900
369,9553	18,511	40,1950
365,6864	18,461	40,2000
361,4802	18,411	40,2050
357,3733	18,361	40,2100
353,3866	18,311	40,2150
349,5093	18,261	40,2200
345,6983	18,211	40,2250
341,9748	18,161	40,2300
338,3389	18,111	40,2350
334,7951	18,061	40,2400
331,3335	18,011	40,2450
327,9098	17,961	40,2500
324,5686	17,911	40,2550
321,2771	17,861	40,2600
318,0315	17,811	40,2650
314,8582	17,761	40,2700
311,7687	17,711	40,2750
308,7372	17,661	40,2800
305,7506	17,611	40,2850
302,8286	17,561	40,2900
299,9767	17,511	40,2950
297,1502	17,461	40,3000
294,3838	17,411	40,3050
291,6673	17,361	40,3100
288,9637	17,311	40,3150
286,3095	17,261	40,3200
283,7133	17,211	40,3250
281,1528	17,161	40,3300
278,6245	17,111	40,3350
276,1296	17,061	40,3400
273,6795	17,011	40,3450
271,2570	16,961	40,3500
268,8531	16,911	40,3550
266,4838	16,861	40,3600
264,1780	16,811	40,3650
261,9130	16,761	40,3700
259,6531	16,711	40,3750
257,4099	16,661	40,3800
255,2116	16,611	40,3850
253,0425	16,561	40,3900
250,8736	16,511	40,3950
248,7456	16,461	40,4000
246,6672	16,411	40,4050
244,5953	16,361	40,4100
242,5405	16,311	40,4150
240,5329	16,261	40,4200
238,5439	16,211	40,4250
236,5603	16,161	40,4300
234,5845	16,111	40,4350
232,6699	16,061	40,4400
230,7640	16,011	40,4450
228,8719	15,961	40,4500
227,0183	15,911	40,4550
225,1841	15,861	40,4600
223,3681	15,811	40,4650
221,5263	15,761	40,4700
219,7386	15,711	40,4750
217,9519	15,661	40,4800
216,1787	15,611	40,4850
214,4326	15,561	40,4900
212,6914	15,511	40,4950
210,9833	15,461	40,5000
209,2760	15,411	40,5050
207,5648	15,361	40,5100
205,8719	15,311	40,5150
204,1958	15,261	40,5200
202,5362	15,211	40,5250
200,9018	15,161	40,5300
199,2784	15,111	40,5350
197,6837	15,061	40,5400
196,0891	15,011	40,5450
194,4833	14,961	40,5500
192,9149	14,911	40,5550
191,3549	14,861	40,5600
189,8166	14,811	40,5650
188,2562	14,761	40,5700
186,7345	14,711	40,5750
185,2219	14,661	40,5800
183,7177	14,611	40,5850
182,2154	14,561	40,5900
180,7156	14,511	40,5950
179,2525	14,461	40,6000
177,7515	14,411	40,6050
176,2847	14,361	40,6100
174,8471	14,311	40,6150
173,4101	14,261	40,6200
171,9782	14,211	40,6250
170,5575	14,161	40,6300
169,1526	14,111	40,6350
167,7530	14,061	40,6400
166,3566	14,011	40,6450
164,9607	13,961	40,6500
163,5888	13,911	40,6550
162,2209	13,861	40,6600
160,8701	13,811	40,6650
159,5198	13,761	40,6700
158,1702	13,711	40,6750
156,8248	13,661	40,6800
155,4932	13,611	40,6850
154,1559	13,561	40,6900
152,8287	13,511	40,6950
151,5231	13,461	40,7000
150,2363	13,411	40,7050
148,9531	13,361	40,7100
147,6576	13,311	40,7150
146,3854	13,261	40,7200
145,0951	13,211	40,7250
143,8126	13,161	40,7300
142,5527	13,111	40,7350
141,2843	13,061	40,7400
140,0319	13,011	40,7450
138,7893	12,961	40,7500
137,5589	12,911	40,7550
136,3097	12,861	40,7600
135,0689	12,811	40,7650
133,8501	12,761	40,7700
132,6358	12,711	40,7750
131,4273	12,661	40,7800
130,2191	12,611	40,7850
129,0216	12,561	40,7900
127,8335	12,511	40,7950
126,6356	12,461	40,8000
125,4282	12,411	40,8050
124,2477	12,361	40,8100
123,0727	12,311	40,8150
121,9026	12,261	40,8200
120,7093	12,211	40,8250
119,5565	12,161	40,8300
118,4154	12,111	40,8350
117,2374	12,061	40,8400
116,0961	12,011	40,8450
114,9399	11,961	40,8500
113,7848	11,911	40,8550
112,6390	11,861	40,8600
111,4841	11,811	40,8650
110,3534	11,761	40,8700
109,2430	11,711	40,8750
108,1253	11,661	40,8800
107,0071	11,611	40,8850
105,8931	11,561	40,8900
104,7747	11,511	40,8950
103,6483	11,461	40,9000
102,5387	11,411	40,9050
101,4423	11,361	40,9100
100,3426	11,311	40,9150
99,2437	11,261	40,9200
98,1725	11,211	40,9250
97,0877	11,161	40,9300
96,0013	11,111	40,9350
94,9132	11,061	40,9400
93,8313	11,011	40,9450
92,7372	10,961	40,9500
91,6579	10,911	40,9550
90,5707	10,861	40,9600
89,5338	10,811	40,9650
88,4582	10,761	40,9700
87,4124	10,711	40,9750
86,3450	10,661	40,9800
85,2885	10,611	40,9850
84,2237	10,561	40,9900
83,1519	10,511	40,9950
82,1109	10,461	41,0000
81,0467	10,411	41,0050
79,9970	10,361	41,0100
78,9712	10,311	41,0150
77,9058	10,261	41,0200
76,8819	10,211	41,0250
75,8448	10,161	41,0300
74,7992	10,111	41,0350
73,7870	10,061	41,0400
72,7449	10,011	41,0450
71,7297	9,961	41,0500
70,7056	9,911	41,0550
69,6763	9,861	41,0600
68,6555	9,811	41,0650
67,6083	9,761	41,0700
66,6024	9,711	41,0750
65,5997	9,661	41,0800
64,5582	9,611	41,0850
63,5470	9,561	41,0900
62,5460	9,511	41,0950
61,5506	9,461	41,1000
60,5080	9,411	41,1050
59,5134	9,361	41,1100
58,5313	9,311	41,1150
57,5069	9,261	41,1200
56,5198	9,211	41,1250
55,5212	9,161	41,1300
54,5354	9,111	41,1350
53,5502	9,061	41,1400
52,5469	9,011	41,1450
51,5702	8,961	41,1500
50,5829	8,911	41,1550
49,5729	8,861	41,1600
48,6090	8,811	41,1650
47,6208	8,761	41,1700
46,6577	8,711	41,1750
45,6489	8,661	41,1800
44,6847	8,611	41,1850
43,7270	8,561	41,1900
42,7380	8,511	41,1950
41,7684	8,461	41,2000
40,7861	8,411	41,2050
39,8559	8,361	41,2100
38,8868	8,311	41,2150
37,9137	8,261	41,2200
36,9698	8,211	41,2250
36,0136	8,161	41,2300
35,0461	8,111	41,2350
34,0836	8,061	41,2400
33,1421	8,011	41,2450
32,2040	7,961	41,2500
31,2470	7,911	41,2550
30,3095	7,861	41,2600
29,4049	7,811	41,2650
28,4279	7,761	41,2700
27,4991	7,711	41,2750
26,5681	7,661	41,2800
25,6441	7,611	41,2850
24,7112	7,561	41,2900
23,7679	7,511	41,2950
22,8691	7,461	41,3000
21,9457	7,411	41,3050
21,0168	7,361	41,3100
20,1021	7,311	41,3150
19,1998	7,261	41,3200
18,2827	7,211	41,3250
17,3587	7,161	41,3300
16,4704	7,111	41,3350
15,5698	7,061	41,3400
14,6716	7,011	41,3450
13,7630	6,961	41,3500
12,8832	6,911	41,3550
11,9793	6,861	41,3600
11,0946	6,811	41,3650
10,1889	6,761	41,3700
9,3348	6,711	41,3750
8,4592	6,661	41,3800
7,5650	6,611	41,3850
6,6881	6,561	41,3900
5,8176	6,511	41,3950
4,9623	6,461	41,4000
4,0789	6,411	41,4050
3,2344	6,361	41,4100
2,4093	6,311	41,4150
1,5458	6,261	41,4200
0,7246	6,211	41,4250
-0,1166	6,161	41,4300
-0,9353	6,111	41,4350
-1,7754	6,061	41,4400
-2,6268	6,011	41,4450
-3,3990	5,961	41,4500
-4,2045	5,911	41,4550
-5,0104	5,861	41,4600
-5,7647	5,811	41,4650
-6,5128	5,761	41,4700
-7,2417	5,711	41,4750
-7,9977	5,661	41,4800
-8,6858	5,611	41,4850
-9,3344	5,561	41,4900
-9,9668	5,511	41,4950
-10,4787	5,461	41,5000
-10,8795	5,411	41,5050
-11,1446	5,361	41,5100
-11,2583	5,311	41,5150
-11,2618	5,261	41,5200
-10,9904	5,211	41,5250
-10,2754	5,161	41,5300
-8,3095	5,111	41,5350
-6,0091	5,061	41,5400
-4,3125	5,011	41,5450
-1,9786	4,961	41,5500
-0,5619	4,911	41,5550
-0,2378	4,861	41,5600
-0,2015	4,811	41,5650
-0,2270	4,761	41,5700
-0,2228	4,711	41,5750
-0,2389	4,661	41,5800
-0,2122	4,611	41,5850
-0,2122	4,561	41,5900
-0,2300	4,511	41,5950
-0,2097	4,461	41,6000
-0,2317	4,411	41,6050
-0,2218	4,361	41,6100
-0,2198	4,311	41,6150
-0,2248	4,261	41,6200
-0,1953	4,211	41,6250
-0,2119	4,161	41,6300
-0,2009	4,111	41,6350
-0,2014	4,061	41,6400
-0,2293	4,011	41,6450
-0,2224	3,961	41,6500
-0,2290	3,911	41,6550
-0,2134	3,861	41,6600
-0,2114	3,811	41,6650
-0,2192	3,761	41,6700
-0,2021	3,711	41,6750
-0,2006	3,661	41,6800
-0,2227	3,611	41,6850
-0,2150	3,561	41,6900
-0,1980	3,511	41,6950
-0,2022	3,461	41,7000
-0,2131	3,411	41,7050
-0,2038	3,361	41,7100
-0,1949	3,311	41,7150
-0,2074	3,261	41,7200
-0,2190	3,211	41,7250
-0,2085	3,161	41,7300
-0,1972	3,111	41,7350
-0,1880	3,061	41,7400
-0,2234	3,011	41,7450
-0,2097	2,961	41,7500
-0,1985	2,911	41,7550
-0,2104	2,861	41,7600
-0,2038	2,811	41,7650
-0,2181	2,761	41,7700
-0,1944	2,711	41,7750
-0,2157	2,661	41,7800
-0,2140	2,611	41,7850
-0,1840	2,561	41,7900
-0,1968	2,511	41,7950
-0,1978	2,461	41,8000
-0,2243	2,411	41,8050
-0,2046	2,361	41,8100
-0,1844	2,311	41,8150
-0,2170	2,261	41,8200
-0,2122	2,211	41,8250
-0,1989	2,161	41,8300
-0,1873	2,111	41,8350
-0,2126	2,061	41,8400
-0,2172	2,011	41,8450
-0,1948	1,961	41,8500
-0,1854	1,911	41,8550
-0,2058	1,861	41,8600
-0,1987	1,811	41,8650
-0,2045	1,761	41,8700
-0,2006	1,711	41,8750
-0,2124	1,661	41,8800
-0,2042	1,611	41,8850
-0,1953	1,561	41,8900
-0,1895	1,511	41,8950
-0,2153	1,461	41,9000
-0,2064	1,411	41,9050
-0,1951	1,361	41,9100
-0,1945	1,311	41,9150
-0,2155	1,261	41,9200
-0,2192	1,211	41,9250
-0,1847	1,161	41,9300
-0,1942	1,111	41,9350
-0,2207	1,061	41,9400
-0,2119	1,011	41,9450
-0,1881	0,961	41,9500
-0,1778	0,911	41,9550
-0,2215	0,861	41,9600
-0,2122	0,811	41,9650
-0,1792	0,761	41,9700
-0,1868	0,711	41,9750
-0,2283	0,661	41,9800
-0,2284	0,611	41,9850
-0,1971	0,561	41,9900
-0,2150	0,511	41,9950
-0,2169	0,461	42,0000
-0,2081	0,411	42,0050
-0,1842	0,361	42,0100
-0,1773	0,311	42,0150
-0,1926	0,261	42,0200
-0,2172	0,211	42,0250
-0,2037	0,164	42,0300
-0,1840	0,126	42,0350
0,0047	0,095	42,0400
0,1619	0,069	42,0450
0,1626	0,048	42,0500
0,0373	0,031	42,0550
-0,0335	0,017	42,0600
0,0168	0,006	42,0650
-0,0034	0,000	42,0700
