TEST_HUZAS_7	TEST_HUZAS_7	TEST_HUZAS_7
Force	Distance	Time
N	mm	sec

-0,0021	0,000	0,0000
-0,0026	-0,003	0,0050
0,0104	-0,005	0,0100
0,0137	-0,007	0,0150
0,0186	-0,009	0,0200
-0,0017	-0,011	0,0250
0,0037	-0,013	0,0300
0,0044	-0,015	0,0350
0,0086	-0,017	0,0400
-0,0005	-0,019	0,0450
-0,0009	-0,021	0,0500
0,0081	-0,024	0,0550
0,0214	-0,026	0,0600
0,0161	-0,028	0,0650
0,0157	-0,030	0,0700
0,0140	-0,032	0,0750
0,0167	-0,034	0,0800
0,0144	-0,036	0,0850
0,0207	-0,038	0,0900
0,0189	-0,040	0,0950
0,0162	-0,042	0,1000
0,0231	-0,045	0,1050
0,0256	-0,047	0,1100
0,0180	-0,049	0,1150
0,0220	-0,051	0,1200
0,0286	-0,053	0,1250
0,0243	-0,055	0,1300
0,0284	-0,057	0,1350
0,0340	-0,059	0,1400
0,0279	-0,061	0,1450
0,0276	-0,063	0,1500
0,0421	-0,066	0,1550
0,0351	-0,068	0,1600
0,0280	-0,070	0,1650
0,0322	-0,072	0,1700
0,0372	-0,074	0,1750
0,0288	-0,076	0,1800
0,0317	-0,078	0,1850
0,0414	-0,080	0,1900
0,0462	-0,082	0,1950
0,0508	-0,084	0,2000
0,0554	-0,087	0,2050
0,0519	-0,089	0,2100
0,0476	-0,091	0,2150
0,0543	-0,093	0,2200
0,0490	-0,095	0,2250
0,0369	-0,097	0,2300
0,0486	-0,099	0,2350
0,0531	-0,101	0,2400
0,0465	-0,103	0,2450
0,0529	-0,105	0,2500
0,0499	-0,108	0,2550
0,0508	-0,110	0,2600
0,0673	-0,112	0,2650
0,0703	-0,114	0,2700
0,0529	-0,116	0,2750
0,0602	-0,118	0,2800
0,0671	-0,120	0,2850
0,0556	-0,122	0,2900
0,0565	-0,124	0,2950
0,0626	-0,126	0,3000
0,0612	-0,129	0,3050
0,0588	-0,131	0,3100
0,0720	-0,133	0,3150
0,0716	-0,135	0,3200
0,0661	-0,137	0,3250
0,0773	-0,139	0,3300
0,0698	-0,141	0,3350
0,0648	-0,143	0,3400
0,0742	-0,145	0,3450
0,0760	-0,147	0,3500
0,0711	-0,150	0,3550
0,0780	-0,152	0,3600
0,0802	-0,154	0,3650
0,0756	-0,156	0,3700
0,0804	-0,158	0,3750
0,0875	-0,160	0,3800
0,0803	-0,162	0,3850
0,0811	-0,164	0,3900
0,0855	-0,166	0,3950
0,0842	-0,168	0,4000
0,0851	-0,171	0,4050
0,0947	-0,173	0,4100
0,0962	-0,175	0,4150
0,0886	-0,177	0,4200
0,0936	-0,179	0,4250
0,0918	-0,181	0,4300
0,0876	-0,183	0,4350
0,0919	-0,185	0,4400
0,0954	-0,187	0,4450
0,0972	-0,189	0,4500
0,1014	-0,192	0,4550
0,1057	-0,194	0,4600
0,0962	-0,196	0,4650
0,0999	-0,198	0,4700
0,1068	-0,200	0,4750
0,1015	-0,202	0,4800
0,0924	-0,204	0,4850
0,0996	-0,206	0,4900
0,0995	-0,208	0,4950
0,0954	-0,210	0,5000
0,1040	-0,213	0,5050
0,1063	-0,215	0,5100
0,1035	-0,217	0,5150
0,1142	-0,219	0,5200
0,1106	-0,221	0,5250
0,1120	-0,223	0,5300
0,1167	-0,225	0,5350
0,1206	-0,227	0,5400
0,1196	-0,229	0,5450
0,1161	-0,231	0,5500
0,1206	-0,234	0,5550
0,1125	-0,236	0,5600
0,1124	-0,238	0,5650
0,1239	-0,240	0,5700
0,1250	-0,242	0,5750
0,1231	-0,244	0,5800
0,1245	-0,246	0,5850
0,1169	-0,248	0,5900
0,1180	-0,250	0,5950
0,1312	-0,252	0,6000
0,1299	-0,255	0,6050
0,1270	-0,257	0,6100
0,1355	-0,259	0,6150
0,1358	-0,261	0,6200
0,1258	-0,263	0,6250
0,1279	-0,265	0,6300
0,1235	-0,267	0,6350
0,1281	-0,269	0,6400
0,1342	-0,271	0,6450
0,1426	-0,273	0,6500
0,1297	-0,276	0,6550
0,1325	-0,278	0,6600
0,1418	-0,280	0,6650
0,1356	-0,282	0,6700
0,1316	-0,284	0,6750
0,1455	-0,286	0,6800
0,1478	-0,288	0,6850
0,1442	-0,290	0,6900
0,1450	-0,292	0,6950
0,1520	-0,294	0,7000
0,1454	-0,297	0,7050
0,1518	-0,299	0,7100
0,1543	-0,301	0,7150
0,1457	-0,303	0,7200
0,1490	-0,305	0,7250
0,1582	-0,307	0,7300
0,1504	-0,309	0,7350
0,1480	-0,311	0,7400
0,1552	-0,313	0,7450
0,1517	-0,315	0,7500
0,1587	-0,318	0,7550
0,1706	-0,320	0,7600
0,1605	-0,322	0,7650
0,1607	-0,324	0,7700
0,1665	-0,326	0,7750
0,1625	-0,328	0,7800
0,1564	-0,330	0,7850
0,1631	-0,332	0,7900
0,1676	-0,334	0,7950
0,1649	-0,336	0,8000
0,1740	-0,339	0,8050
0,1729	-0,341	0,8100
0,1677	-0,343	0,8150
0,1705	-0,345	0,8200
0,1697	-0,347	0,8250
0,1670	-0,349	0,8300
0,1704	-0,351	0,8350
0,1776	-0,353	0,8400
0,1758	-0,355	0,8450
0,1799	-0,357	0,8500
0,1872	-0,360	0,8550
0,1787	-0,362	0,8600
0,1720	-0,364	0,8650
0,1834	-0,366	0,8700
0,1809	-0,368	0,8750
0,1766	-0,370	0,8800
0,1857	-0,372	0,8850
0,1910	-0,374	0,8900
0,1806	-0,376	0,8950
0,1863	-0,378	0,9000
0,1974	-0,381	0,9050
0,1934	-0,383	0,9100
0,1970	-0,385	0,9150
0,1961	-0,387	0,9200
0,1914	-0,389	0,9250
0,1876	-0,391	0,9300
0,2027	-0,393	0,9350
0,2020	-0,395	0,9400
0,1979	-0,397	0,9450
0,2074	-0,399	0,9500
0,2036	-0,402	0,9550
0,1940	-0,404	0,9600
0,2050	-0,406	0,9650
0,2060	-0,408	0,9700
0,2043	-0,410	0,9750
0,2101	-0,412	0,9800
0,2113	-0,414	0,9850
0,1958	-0,416	0,9900
0,2030	-0,418	0,9950
0,2067	-0,420	1,0000
0,2057	-0,423	1,0050
0,2138	-0,425	1,0100
0,2199	-0,427	1,0150
0,2153	-0,429	1,0200
0,2060	-0,431	1,0250
0,2178	-0,433	1,0300
0,2223	-0,435	1,0350
0,2171	-0,437	1,0400
0,2211	-0,439	1,0450
0,2216	-0,441	1,0500
0,2157	-0,444	1,0550
0,2183	-0,446	1,0600
0,2216	-0,448	1,0650
0,2189	-0,450	1,0700
0,2200	-0,452	1,0750
0,2321	-0,454	1,0800
0,2252	-0,456	1,0850
0,2236	-0,458	1,0900
0,2234	-0,460	1,0950
0,2168	-0,462	1,1000
0,2238	-0,465	1,1050
0,2360	-0,467	1,1100
0,2309	-0,469	1,1150
0,2275	-0,471	1,1200
0,2409	-0,473	1,1250
0,2388	-0,475	1,1300
0,2333	-0,477	1,1350
0,2406	-0,479	1,1400
0,2369	-0,481	1,1450
0,2303	-0,483	1,1500
0,2389	-0,486	1,1550
0,2362	-0,488	1,1600
0,2339	-0,490	1,1650
0,2421	-0,492	1,1700
0,2488	-0,494	1,1750
0,2373	-0,496	1,1800
0,2420	-0,498	1,1850
0,2485	-0,500	1,1900
0,2447	-0,502	1,1950
0,2490	-0,504	1,2000
0,2529	-0,507	1,2050
0,2438	-0,509	1,2100
0,2374	-0,511	1,2150
0,2442	-0,513	1,2200
0,2456	-0,515	1,2250
0,2456	-0,517	1,2300
0,2556	-0,519	1,2350
0,2561	-0,521	1,2400
0,2547	-0,523	1,2450
0,2580	-0,525	1,2500
0,2617	-0,528	1,2550
0,2563	-0,530	1,2600
0,2571	-0,532	1,2650
0,2701	-0,534	1,2700
0,2672	-0,536	1,2750
0,2628	-0,538	1,2800
0,2649	-0,540	1,2850
0,2581	-0,542	1,2900
0,2625	-0,544	1,2950
0,2773	-0,546	1,3000
0,2755	-0,549	1,3050
0,2699	-0,551	1,3100
0,2719	-0,553	1,3150
0,2645	-0,555	1,3200
0,2618	-0,557	1,3250
0,2749	-0,559	1,3300
0,2732	-0,561	1,3350
0,2696	-0,563	1,3400
0,2782	-0,565	1,3450
0,2786	-0,567	1,3500
0,2775	-0,570	1,3550
0,2819	-0,572	1,3600
0,2871	-0,574	1,3650
0,2874	-0,576	1,3700
0,2896	-0,578	1,3750
0,2896	-0,580	1,3800
0,2743	-0,582	1,3850
0,2720	-0,584	1,3900
0,2891	-0,586	1,3950
0,2933	-0,588	1,4000
0,2887	-0,591	1,4050
0,2900	-0,593	1,4100
0,2887	-0,595	1,4150
0,2838	-0,597	1,4200
0,2865	-0,599	1,4250
0,2927	-0,601	1,4300
0,2966	-0,603	1,4350
0,3041	-0,605	1,4400
0,2993	-0,607	1,4450
0,2884	-0,609	1,4500
0,2922	-0,612	1,4550
0,2970	-0,614	1,4600
0,2957	-0,616	1,4650
0,2982	-0,618	1,4700
0,3027	-0,620	1,4750
0,2976	-0,622	1,4800
0,2958	-0,624	1,4850
0,3056	-0,626	1,4900
0,3072	-0,628	1,4950
0,3068	-0,630	1,5000
0,3203	-0,633	1,5050
0,3216	-0,635	1,5100
0,3114	-0,637	1,5150
0,3184	-0,639	1,5200
0,3187	-0,641	1,5250
0,3087	-0,643	1,5300
0,3159	-0,645	1,5350
0,3243	-0,647	1,5400
0,3144	-0,649	1,5450
0,3082	-0,651	1,5500
0,3182	-0,654	1,5550
0,3164	-0,656	1,5600
0,3154	-0,658	1,5650
0,3226	-0,660	1,5700
0,3212	-0,662	1,5750
0,3205	-0,664	1,5800
0,3250	-0,666	1,5850
0,3285	-0,668	1,5900
0,3331	-0,670	1,5950
0,3295	-0,672	1,6000
0,3230	-0,675	1,6050
0,3176	-0,677	1,6100
0,3312	-0,679	1,6150
0,3352	-0,681	1,6200
0,3283	-0,683	1,6250
0,3418	-0,685	1,6300
0,3499	-0,687	1,6350
0,3415	-0,689	1,6400
0,3352	-0,691	1,6450
0,3392	-0,693	1,6500
0,3336	-0,696	1,6550
0,3336	-0,698	1,6600
0,3345	-0,700	1,6650
0,3316	-0,702	1,6700
0,3401	-0,704	1,6750
0,3493	-0,706	1,6800
0,3475	-0,708	1,6850
0,3482	-0,710	1,6900
0,3469	-0,712	1,6950
0,3497	-0,714	1,7000
0,3498	-0,717	1,7050
0,3564	-0,719	1,7100
0,3532	-0,721	1,7150
0,3441	-0,723	1,7200
0,3488	-0,725	1,7250
0,3557	-0,727	1,7300
0,3490	-0,729	1,7350
0,3472	-0,731	1,7400
0,3571	-0,733	1,7450
0,3570	-0,735	1,7500
0,3561	-0,738	1,7550
0,3624	-0,740	1,7600
0,3563	-0,742	1,7650
0,3560	-0,744	1,7700
0,3641	-0,746	1,7750
0,3638	-0,748	1,7800
0,3650	-0,750	1,7850
0,3696	-0,752	1,7900
0,3714	-0,754	1,7950
0,3638	-0,756	1,8000
0,3711	-0,759	1,8050
0,3651	-0,761	1,8100
0,3587	-0,763	1,8150
0,3640	-0,765	1,8200
0,3674	-0,767	1,8250
0,3668	-0,769	1,8300
0,3672	-0,771	1,8350
0,3762	-0,773	1,8400
0,3757	-0,775	1,8450
0,3752	-0,777	1,8500
0,3816	-0,780	1,8550
0,3778	-0,782	1,8600
0,3757	-0,784	1,8650
0,3852	-0,786	1,8700
0,3861	-0,788	1,8750
0,3828	-0,790	1,8800
0,3846	-0,792	1,8850
0,3906	-0,794	1,8900
0,3760	-0,796	1,8950
0,3788	-0,798	1,9000
0,3892	-0,801	1,9050
0,3865	-0,803	1,9100
0,3854	-0,805	1,9150
0,3867	-0,807	1,9200
0,3802	-0,809	1,9250
0,3827	-0,811	1,9300
0,3945	-0,813	1,9350
0,3944	-0,815	1,9400
0,3895	-0,817	1,9450
0,3973	-0,819	1,9500
0,3987	-0,822	1,9550
0,3952	-0,824	1,9600
0,4025	-0,826	1,9650
0,4002	-0,828	1,9700
0,3948	-0,830	1,9750
0,4051	-0,832	1,9800
0,4103	-0,834	1,9850
0,3989	-0,836	1,9900
0,4024	-0,838	1,9950
0,4097	-0,840	2,0000
0,4069	-0,843	2,0050
0,4150	-0,845	2,0100
0,4217	-0,847	2,0150
0,4099	-0,849	2,0200
0,4015	-0,851	2,0250
0,4099	-0,853	2,0300
0,4101	-0,855	2,0350
0,4049	-0,857	2,0400
0,4142	-0,859	2,0450
0,4198	-0,861	2,0500
0,4182	-0,864	2,0550
0,4244	-0,866	2,0600
0,4163	-0,868	2,0650
0,4124	-0,870	2,0700
0,4198	-0,872	2,0750
0,4309	-0,874	2,0800
0,4182	-0,876	2,0850
0,4187	-0,878	2,0900
0,4231	-0,880	2,0950
0,4211	-0,882	2,1000
0,4276	-0,885	2,1050
0,4292	-0,887	2,1100
0,4254	-0,889	2,1150
0,4336	-0,891	2,1200
0,4431	-0,893	2,1250
0,4339	-0,895	2,1300
0,4293	-0,897	2,1350
0,4367	-0,899	2,1400
0,4354	-0,901	2,1450
0,4272	-0,903	2,1500
0,4304	-0,906	2,1550
0,4278	-0,908	2,1600
0,4341	-0,910	2,1650
0,4431	-0,912	2,1700
0,4470	-0,914	2,1750
0,4355	-0,916	2,1800
0,4406	-0,918	2,1850
0,4489	-0,920	2,1900
0,4449	-0,922	2,1950
0,4404	-0,924	2,2000
0,4456	-0,927	2,2050
0,4400	-0,929	2,2100
0,4331	-0,931	2,2150
0,4423	-0,933	2,2200
0,4445	-0,935	2,2250
0,4426	-0,937	2,2300
0,4526	-0,939	2,2350
0,4535	-0,941	2,2400
0,4470	-0,943	2,2450
0,4509	-0,945	2,2500
0,4464	-0,948	2,2550
0,4529	-0,950	2,2600
0,4557	-0,952	2,2650
0,4599	-0,954	2,2700
0,4591	-0,956	2,2750
0,4602	-0,958	2,2800
0,4667	-0,960	2,2850
0,4683	-0,962	2,2900
0,4629	-0,964	2,2950
0,4685	-0,966	2,3000
0,4666	-0,969	2,3050
0,4655	-0,971	2,3100
0,4753	-0,973	2,3150
0,4687	-0,975	2,3200
0,4654	-0,977	2,3250
0,4845	-0,979	2,3300
0,4812	-0,981	2,3350
0,4636	-0,983	2,3400
0,4730	-0,985	2,3450
0,4697	-0,987	2,3500
0,4699	-0,990	2,3550
0,4782	-0,992	2,3600
0,4802	-0,994	2,3650
0,4738	-0,996	2,3700
0,4808	-0,998	2,3750
0,4816	-1,000	2,3800
0,4762	-1,002	2,3850
0,4767	-1,004	2,3900
0,4821	-1,006	2,3950
0,4751	-1,008	2,4000
0,4697	-1,011	2,4050
0,4854	-1,013	2,4100
0,4951	-1,015	2,4150
0,4963	-1,017	2,4200
0,5018	-1,019	2,4250
0,4972	-1,021	2,4300
0,4852	-1,023	2,4350
0,4937	-1,025	2,4400
0,4964	-1,027	2,4450
0,4916	-1,029	2,4500
0,4926	-1,032	2,4550
0,4990	-1,034	2,4600
0,4927	-1,036	2,4650
0,4976	-1,038	2,4700
0,5003	-1,040	2,4750
0,4984	-1,042	2,4800
0,5008	-1,044	2,4850
0,5076	-1,046	2,4900
0,5024	-1,048	2,4950
0,5005	-1,050	2,5000
0,5068	-1,053	2,5050
0,5061	-1,055	2,5100
0,5037	-1,057	2,5150
0,5149	-1,059	2,5200
0,5102	-1,061	2,5250
0,4988	-1,063	2,5300
0,5087	-1,065	2,5350
0,5112	-1,067	2,5400
0,5055	-1,069	2,5450
0,5050	-1,071	2,5500
0,5149	-1,074	2,5550
0,5098	-1,076	2,5600
0,5142	-1,078	2,5650
0,5204	-1,080	2,5700
0,5114	-1,082	2,5750
0,5149	-1,084	2,5800
0,5235	-1,086	2,5850
0,5188	-1,088	2,5900
0,5094	-1,090	2,5950
0,5202	-1,092	2,6000
0,5249	-1,095	2,6050
0,5148	-1,097	2,6100
0,5243	-1,099	2,6150
0,5285	-1,101	2,6200
0,5213	-1,103	2,6250
0,5247	-1,105	2,6300
0,5305	-1,107	2,6350
0,5269	-1,109	2,6400
0,5272	-1,111	2,6450
0,5360	-1,113	2,6500
0,5335	-1,116	2,6550
0,5351	-1,118	2,6600
0,5393	-1,120	2,6650
0,5339	-1,122	2,6700
0,5315	-1,124	2,6750
0,5498	-1,126	2,6800
0,5530	-1,128	2,6850
0,5434	-1,130	2,6900
0,5459	-1,132	2,6950
0,5450	-1,134	2,7000
0,5391	-1,137	2,7050
0,5444	-1,139	2,7100
0,5478	-1,141	2,7150
0,5384	-1,143	2,7200
0,5450	-1,145	2,7250
0,5505	-1,147	2,7300
0,5456	-1,149	2,7350
0,5448	-1,151	2,7400
0,5588	-1,153	2,7450
0,5527	-1,155	2,7500
0,5567	-1,158	2,7550
0,5614	-1,160	2,7600
0,5537	-1,162	2,7650
0,5502	-1,164	2,7700
0,5682	-1,166	2,7750
0,5656	-1,168	2,7800
0,5530	-1,170	2,7850
0,5584	-1,172	2,7900
0,5677	-1,174	2,7950
0,5587	-1,176	2,8000
0,5593	-1,179	2,8050
0,5641	-1,181	2,8100
0,5614	-1,183	2,8150
0,5624	-1,185	2,8200
0,5627	-1,187	2,8250
0,5645	-1,189	2,8300
0,5623	-1,191	2,8350
0,5670	-1,193	2,8400
0,5624	-1,195	2,8450
0,5640	-1,197	2,8500
0,5743	-1,200	2,8550
0,5729	-1,202	2,8600
0,5725	-1,204	2,8650
0,5817	-1,206	2,8700
0,5775	-1,208	2,8750
0,5704	-1,210	2,8800
0,5689	-1,212	2,8850
0,5727	-1,214	2,8900
0,5663	-1,216	2,8950
0,5752	-1,218	2,9000
0,5841	-1,221	2,9050
0,5763	-1,223	2,9100
0,5740	-1,225	2,9150
0,5739	-1,227	2,9200
0,5701	-1,229	2,9250
0,5727	-1,231	2,9300
0,5802	-1,233	2,9350
0,5795	-1,235	2,9400
0,5820	-1,237	2,9450
0,5902	-1,239	2,9500
0,5883	-1,242	2,9550
0,5839	-1,244	2,9600
0,5934	-1,246	2,9650
0,5954	-1,248	2,9700
0,5925	-1,250	2,9750
0,5998	-1,252	2,9800
0,5982	-1,254	2,9850
0,5882	-1,256	2,9900
0,5871	-1,258	2,9950
0,5891	-1,260	3,0000
0,5905	-1,263	3,0050
0,5990	-1,265	3,0100
0,6069	-1,267	3,0150
0,6055	-1,269	3,0200
0,6004	-1,271	3,0250
0,6035	-1,273	3,0300
0,6014	-1,275	3,0350
0,6006	-1,277	3,0400
0,6121	-1,279	3,0450
0,6133	-1,281	3,0500
0,6100	-1,284	3,0550
0,6093	-1,286	3,0600
0,6063	-1,288	3,0650
0,6067	-1,290	3,0700
0,6108	-1,292	3,0750
0,6120	-1,294	3,0800
0,6110	-1,296	3,0850
0,6251	-1,298	3,0900
0,6246	-1,300	3,0950
0,6099	-1,302	3,1000
0,6091	-1,305	3,1050
0,6095	-1,307	3,1100
0,6104	-1,309	3,1150
0,6115	-1,311	3,1200
0,6213	-1,313	3,1250
0,6295	-1,315	3,1300
0,6236	-1,317	3,1350
0,6259	-1,319	3,1400
0,6280	-1,321	3,1450
0,6225	-1,323	3,1500
0,6298	-1,326	3,1550
0,6320	-1,328	3,1600
0,6294	-1,330	3,1650
0,6343	-1,332	3,1700
0,6345	-1,334	3,1750
0,6309	-1,336	3,1800
0,6326	-1,338	3,1850
0,6396	-1,340	3,1900
0,6342	-1,342	3,1950
0,6268	-1,344	3,2000
0,6377	-1,347	3,2050
0,6394	-1,349	3,2100
0,6396	-1,351	3,2150
0,6476	-1,353	3,2200
0,6455	-1,355	3,2250
0,6399	-1,357	3,2300
0,6460	-1,359	3,2350
0,6471	-1,361	3,2400
0,6457	-1,363	3,2450
0,6560	-1,365	3,2500
0,6581	-1,368	3,2550
0,6538	-1,370	3,2600
0,6512	-1,372	3,2650
0,6473	-1,374	3,2700
0,6466	-1,376	3,2750
0,6548	-1,378	3,2800
0,6555	-1,380	3,2850
0,6481	-1,382	3,2900
0,6427	-1,384	3,2950
0,6538	-1,386	3,3000
0,6583	-1,389	3,3050
0,6499	-1,391	3,3100
0,6558	-1,393	3,3150
0,6578	-1,395	3,3200
0,6496	-1,397	3,3250
0,6598	-1,399	3,3300
0,6606	-1,401	3,3350
0,6497	-1,403	3,3400
0,6578	-1,405	3,3450
0,6603	-1,407	3,3500
0,6530	-1,410	3,3550
0,6627	-1,412	3,3600
0,6732	-1,414	3,3650
0,6677	-1,416	3,3700
0,6704	-1,418	3,3750
0,6717	-1,420	3,3800
0,6620	-1,422	3,3850
0,6604	-1,424	3,3900
0,6726	-1,426	3,3950
0,6719	-1,428	3,4000
0,6717	-1,431	3,4050
0,6811	-1,433	3,4100
0,6769	-1,435	3,4150
0,6653	-1,437	3,4200
0,6717	-1,439	3,4250
0,6819	-1,441	3,4300
0,6791	-1,443	3,4350
0,6849	-1,445	3,4400
0,6849	-1,447	3,4450
0,6769	-1,449	3,4500
0,6803	-1,452	3,4550
0,6843	-1,454	3,4600
0,6794	-1,456	3,4650
0,6884	-1,458	3,4700
0,6972	-1,460	3,4750
0,6859	-1,462	3,4800
0,6804	-1,464	3,4850
0,6915	-1,466	3,4900
0,6863	-1,468	3,4950
0,6818	-1,470	3,5000
0,6855	-1,473	3,5050
0,6866	-1,475	3,5100
0,6882	-1,477	3,5150
0,6973	-1,479	3,5200
0,6915	-1,481	3,5250
0,6936	-1,483	3,5300
0,7077	-1,485	3,5350
0,7030	-1,487	3,5400
0,6899	-1,489	3,5450
0,6940	-1,491	3,5500
0,7086	-1,494	3,5550
0,7015	-1,496	3,5600
0,7041	-1,498	3,5650
0,7098	-1,500	3,5700
0,7069	-1,502	3,5750
0,7036	-1,504	3,5800
0,7084	-1,506	3,5850
0,7100	-1,508	3,5900
0,7137	-1,510	3,5950
0,7147	-1,512	3,6000
0,7130	-1,515	3,6050
0,7059	-1,517	3,6100
0,7170	-1,519	3,6150
0,7182	-1,521	3,6200
0,7116	-1,523	3,6250
0,7222	-1,525	3,6300
0,7308	-1,527	3,6350
0,7220	-1,529	3,6400
0,7117	-1,531	3,6450
0,7100	-1,533	3,6500
0,7143	-1,536	3,6550
0,7247	-1,538	3,6600
0,7294	-1,540	3,6650
0,7228	-1,542	3,6700
0,7149	-1,544	3,6750
0,7235	-1,546	3,6800
0,7286	-1,548	3,6850
0,7259	-1,550	3,6900
0,7283	-1,552	3,6950
0,7307	-1,554	3,7000
0,7253	-1,557	3,7050
0,7319	-1,559	3,7100
0,7324	-1,561	3,7150
0,7270	-1,563	3,7200
0,7358	-1,565	3,7250
0,7424	-1,567	3,7300
0,7411	-1,569	3,7350
0,7415	-1,571	3,7400
0,7509	-1,573	3,7450
0,7463	-1,575	3,7500
0,7454	-1,578	3,7550
0,7463	-1,580	3,7600
0,7438	-1,582	3,7650
0,7416	-1,584	3,7700
0,7440	-1,586	3,7750
0,7414	-1,588	3,7800
0,7364	-1,590	3,7850
0,7449	-1,592	3,7900
0,7433	-1,594	3,7950
0,7400	-1,596	3,8000
0,7545	-1,599	3,8050
0,7503	-1,601	3,8100
0,7403	-1,603	3,8150
0,7511	-1,605	3,8200
0,7586	-1,607	3,8250
0,7498	-1,609	3,8300
0,7585	-1,611	3,8350
0,7677	-1,613	3,8400
0,7534	-1,615	3,8450
0,7509	-1,617	3,8500
0,7567	-1,620	3,8550
0,7551	-1,622	3,8600
0,7548	-1,624	3,8650
0,7650	-1,626	3,8700
0,7674	-1,628	3,8750
0,7637	-1,630	3,8800
0,7658	-1,632	3,8850
0,7727	-1,634	3,8900
0,7650	-1,636	3,8950
0,7673	-1,638	3,9000
0,7699	-1,641	3,9050
0,7634	-1,643	3,9100
0,7644	-1,645	3,9150
0,7684	-1,647	3,9200
0,7647	-1,649	3,9250
0,7640	-1,651	3,9300
0,7694	-1,653	3,9350
0,7582	-1,655	3,9400
0,7634	-1,657	3,9450
0,7813	-1,659	3,9500
0,7847	-1,662	3,9550
0,7742	-1,664	3,9600
0,7774	-1,666	3,9650
0,7753	-1,668	3,9700
0,7734	-1,670	3,9750
0,7767	-1,672	3,9800
0,7781	-1,674	3,9850
0,7776	-1,676	3,9900
0,7892	-1,678	3,9950
0,7864	-1,680	4,0000
0,7789	-1,683	4,0050
0,7870	-1,685	4,0100
0,7879	-1,687	4,0150
0,7829	-1,689	4,0200
0,7864	-1,691	4,0250
0,7966	-1,693	4,0300
0,7947	-1,695	4,0350
0,7879	-1,697	4,0400
0,7895	-1,699	4,0450
0,7796	-1,701	4,0500
0,7802	-1,704	4,0550
0,7976	-1,706	4,0600
0,8001	-1,708	4,0650
0,7962	-1,710	4,0700
0,7935	-1,712	4,0750
0,7967	-1,714	4,0800
0,7908	-1,716	4,0850
0,7992	-1,718	4,0900
0,8009	-1,720	4,0950
0,8015	-1,722	4,1000
0,8034	-1,725	4,1050
0,8083	-1,727	4,1100
0,8061	-1,729	4,1150
0,8067	-1,731	4,1200
0,8159	-1,733	4,1250
0,8103	-1,735	4,1300
0,8050	-1,737	4,1350
0,8087	-1,739	4,1400
0,8075	-1,741	4,1450
0,8054	-1,743	4,1500
0,8151	-1,746	4,1550
0,8127	-1,748	4,1600
0,8123	-1,750	4,1650
0,8119	-1,752	4,1700
0,8075	-1,754	4,1750
0,7981	-1,756	4,1800
0,8050	-1,758	4,1850
0,8168	-1,760	4,1900
0,8155	-1,762	4,1950
0,8213	-1,764	4,2000
0,8321	-1,767	4,2050
0,8281	-1,769	4,2100
0,8256	-1,771	4,2150
0,8284	-1,773	4,2200
0,8196	-1,775	4,2250
0,8177	-1,777	4,2300
0,8305	-1,779	4,2350
0,8268	-1,781	4,2400
0,8171	-1,783	4,2450
0,8309	-1,785	4,2500
0,8353	-1,788	4,2550
0,8351	-1,790	4,2600
0,8384	-1,792	4,2650
0,8434	-1,794	4,2700
0,8338	-1,796	4,2750
0,8313	-1,798	4,2800
0,8322	-1,800	4,2850
0,8349	-1,802	4,2900
0,8383	-1,804	4,2950
0,8416	-1,806	4,3000
0,8355	-1,809	4,3050
0,8346	-1,811	4,3100
0,8403	-1,813	4,3150
0,8385	-1,815	4,3200
0,8400	-1,817	4,3250
0,8498	-1,819	4,3300
0,8453	-1,821	4,3350
0,8382	-1,823	4,3400
0,8436	-1,825	4,3450
0,8478	-1,827	4,3500
0,8459	-1,830	4,3550
0,8428	-1,832	4,3600
0,8496	-1,834	4,3650
0,8502	-1,836	4,3700
0,8495	-1,838	4,3750
0,8546	-1,840	4,3800
0,8505	-1,842	4,3850
0,8491	-1,844	4,3900
0,8511	-1,846	4,3950
0,8543	-1,848	4,4000
0,8613	-1,851	4,4050
0,8708	-1,853	4,4100
0,8650	-1,855	4,4150
0,8571	-1,857	4,4200
0,8669	-1,859	4,4250
0,8682	-1,861	4,4300
0,8587	-1,863	4,4350
0,8704	-1,865	4,4400
0,8711	-1,867	4,4450
0,8637	-1,869	4,4500
0,8677	-1,872	4,4550
0,8725	-1,874	4,4600
0,8615	-1,876	4,4650
0,8663	-1,878	4,4700
0,8738	-1,880	4,4750
0,8701	-1,882	4,4800
0,8694	-1,884	4,4850
0,8734	-1,886	4,4900
0,8727	-1,888	4,4950
0,8716	-1,890	4,5000
0,8833	-1,893	4,5050
0,8782	-1,895	4,5100
0,8682	-1,897	4,5150
0,8791	-1,899	4,5200
0,8823	-1,901	4,5250
0,8775	-1,903	4,5300
0,8838	-1,905	4,5350
0,8829	-1,907	4,5400
0,8869	-1,909	4,5450
0,8844	-1,911	4,5500
0,8865	-1,914	4,5550
0,8812	-1,916	4,5600
0,8799	-1,918	4,5650
0,8782	-1,920	4,5700
0,8778	-1,922	4,5750
0,8842	-1,924	4,5800
0,9024	-1,926	4,5850
0,9008	-1,928	4,5900
0,8856	-1,930	4,5950
0,8874	-1,932	4,6000
0,8880	-1,935	4,6050
0,8844	-1,937	4,6100
0,8913	-1,939	4,6150
0,8946	-1,941	4,6200
0,8873	-1,943	4,6250
0,8942	-1,945	4,6300
0,8926	-1,947	4,6350
0,8929	-1,949	4,6400
0,8968	-1,951	4,6450
0,9017	-1,953	4,6500
0,8950	-1,956	4,6550
0,8957	-1,958	4,6600
0,9100	-1,960	4,6650
0,9032	-1,962	4,6700
0,8995	-1,964	4,6750
0,9075	-1,966	4,6800
0,9100	-1,968	4,6850
0,9049	-1,970	4,6900
0,9070	-1,972	4,6950
0,9057	-1,974	4,7000
0,9042	-1,977	4,7050
0,9130	-1,979	4,7100
0,9094	-1,981	4,7150
0,9066	-1,983	4,7200
0,9185	-1,985	4,7250
0,9240	-1,987	4,7300
0,9203	-1,989	4,7350
0,9186	-1,991	4,7400
0,9246	-1,993	4,7450
0,9164	-1,995	4,7500
0,9126	-1,998	4,7550
0,9152	-2,000	4,7600
0,9159	-2,002	4,7650
0,9157	-2,004	4,7700
0,9296	-2,006	4,7750
0,9285	-2,008	4,7800
0,9192	-2,010	4,7850
0,9219	-2,012	4,7900
0,9249	-2,014	4,7950
0,9210	-2,016	4,8000
0,9289	-2,019	4,8050
0,9301	-2,021	4,8100
0,9201	-2,023	4,8150
0,9177	-2,025	4,8200
0,9271	-2,027	4,8250
0,9303	-2,029	4,8300
0,9261	-2,031	4,8350
0,9353	-2,033	4,8400
0,9338	-2,035	4,8450
0,9344	-2,037	4,8500
0,9468	-2,040	4,8550
0,9464	-2,042	4,8600
0,9356	-2,044	4,8650
0,9380	-2,046	4,8700
0,9351	-2,048	4,8750
0,9315	-2,050	4,8800
0,9390	-2,052	4,8850
0,9408	-2,054	4,8900
0,9335	-2,056	4,8950
0,9444	-2,058	4,9000
0,9561	-2,061	4,9050
0,9532	-2,063	4,9100
0,9491	-2,065	4,9150
0,9456	-2,067	4,9200
0,9478	-2,069	4,9250
0,9561	-2,071	4,9300
0,9621	-2,073	4,9350
0,9537	-2,075	4,9400
0,9496	-2,077	4,9450
0,9562	-2,079	4,9500
0,9489	-2,082	4,9550
0,9527	-2,084	4,9600
0,9602	-2,086	4,9650
0,9535	-2,088	4,9700
0,9496	-2,090	4,9750
0,9577	-2,092	4,9800
0,9602	-2,094	4,9850
0,9565	-2,096	4,9900
0,9683	-2,098	4,9950
0,9715	-2,100	5,0000
0,9643	-2,103	5,0050
0,9665	-2,105	5,0100
0,9724	-2,107	5,0150
0,9666	-2,109	5,0200
0,9637	-2,111	5,0250
0,9736	-2,113	5,0300
0,9683	-2,115	5,0350
0,9685	-2,117	5,0400
0,9758	-2,119	5,0450
0,9708	-2,121	5,0500
0,9659	-2,124	5,0550
0,9807	-2,126	5,0600
0,9854	-2,128	5,0650
0,9809	-2,130	5,0700
0,9772	-2,132	5,0750
0,9732	-2,134	5,0800
0,9647	-2,136	5,0850
0,9759	-2,138	5,0900
0,9860	-2,140	5,0950
0,9813	-2,142	5,1000
0,9854	-2,145	5,1050
0,9928	-2,147	5,1100
0,9876	-2,149	5,1150
0,9872	-2,151	5,1200
0,9904	-2,153	5,1250
0,9883	-2,155	5,1300
0,9884	-2,157	5,1350
0,9968	-2,159	5,1400
0,9904	-2,161	5,1450
0,9861	-2,163	5,1500
0,9983	-2,166	5,1550
0,9948	-2,168	5,1600
0,9867	-2,170	5,1650
0,9875	-2,172	5,1700
0,9930	-2,174	5,1750
0,9877	-2,176	5,1800
0,9951	-2,178	5,1850
1,0029	-2,180	5,1900
0,9974	-2,182	5,1950
0,9950	-2,184	5,2000
1,0002	-2,187	5,2050
0,9963	-2,189	5,2100
0,9998	-2,191	5,2150
1,0095	-2,193	5,2200
1,0051	-2,195	5,2250
1,0017	-2,197	5,2300
1,0110	-2,199	5,2350
1,0067	-2,201	5,2400
1,0030	-2,203	5,2450
1,0130	-2,205	5,2500
1,0110	-2,208	5,2550
1,0035	-2,210	5,2600
1,0062	-2,212	5,2650
1,0094	-2,214	5,2700
1,0051	-2,216	5,2750
1,0118	-2,218	5,2800
1,0165	-2,220	5,2850
1,0110	-2,222	5,2900
1,0111	-2,224	5,2950
1,0228	-2,226	5,3000
1,0227	-2,229	5,3050
1,0137	-2,231	5,3100
1,0172	-2,233	5,3150
1,0232	-2,235	5,3200
1,0210	-2,237	5,3250
1,0261	-2,239	5,3300
1,0275	-2,241	5,3350
1,0220	-2,243	5,3400
1,0289	-2,245	5,3450
1,0247	-2,247	5,3500
1,0175	-2,250	5,3550
1,0185	-2,252	5,3600
1,0219	-2,254	5,3650
1,0232	-2,256	5,3700
1,0282	-2,258	5,3750
1,0360	-2,260	5,3800
1,0281	-2,262	5,3850
1,0283	-2,264	5,3900
1,0365	-2,266	5,3950
1,0367	-2,268	5,4000
1,0352	-2,271	5,4050
1,0395	-2,273	5,4100
1,0375	-2,275	5,4150
1,0324	-2,277	5,4200
1,0379	-2,279	5,4250
1,0365	-2,281	5,4300
1,0399	-2,283	5,4350
1,0489	-2,285	5,4400
1,0458	-2,287	5,4450
1,0368	-2,289	5,4500
1,0372	-2,292	5,4550
1,0476	-2,294	5,4600
1,0449	-2,296	5,4650
1,0478	-2,298	5,4700
1,0510	-2,300	5,4750
1,0377	-2,302	5,4800
1,0395	-2,304	5,4850
1,0549	-2,306	5,4900
1,0547	-2,308	5,4950
1,0513	-2,310	5,5000
1,0552	-2,313	5,5050
1,0549	-2,315	5,5100
1,0489	-2,317	5,5150
1,0522	-2,319	5,5200
1,0512	-2,321	5,5250
1,0540	-2,323	5,5300
1,0652	-2,325	5,5350
1,0666	-2,327	5,5400
1,0569	-2,329	5,5450
1,0598	-2,331	5,5500
1,0642	-2,334	5,5550
1,0589	-2,336	5,5600
1,0633	-2,338	5,5650
1,0656	-2,340	5,5700
1,0577	-2,342	5,5750
1,0617	-2,344	5,5800
1,0736	-2,346	5,5850
1,0680	-2,348	5,5900
1,0679	-2,350	5,5950
1,0764	-2,352	5,6000
1,0746	-2,355	5,6050
1,0651	-2,357	5,6100
1,0655	-2,359	5,6150
1,0717	-2,361	5,6200
1,0754	-2,363	5,6250
1,0747	-2,365	5,6300
1,0697	-2,367	5,6350
1,0663	-2,369	5,6400
1,0665	-2,371	5,6450
1,0791	-2,373	5,6500
1,0737	-2,376	5,6550
1,0677	-2,378	5,6600
1,0784	-2,380	5,6650
1,0804	-2,382	5,6700
1,0746	-2,384	5,6750
1,0809	-2,386	5,6800
1,0814	-2,388	5,6850
1,0829	-2,390	5,6900
1,0808	-2,392	5,6950
1,0823	-2,394	5,7000
1,0782	-2,397	5,7050
1,0853	-2,399	5,7100
1,0847	-2,401	5,7150
1,0774	-2,403	5,7200
1,0814	-2,405	5,7250
1,0885	-2,407	5,7300
1,0833	-2,409	5,7350
1,0817	-2,411	5,7400
1,0952	-2,413	5,7450
1,0990	-2,415	5,7500
1,0972	-2,418	5,7550
1,0968	-2,420	5,7600
1,0931	-2,422	5,7650
1,0909	-2,424	5,7700
1,0938	-2,426	5,7750
1,0922	-2,428	5,7800
1,0918	-2,430	5,7850
1,0964	-2,432	5,7900
1,1028	-2,434	5,7950
1,0997	-2,436	5,8000
1,1101	-2,439	5,8050
1,1080	-2,441	5,8100
1,0989	-2,443	5,8150
1,1034	-2,445	5,8200
1,1081	-2,447	5,8250
1,1077	-2,449	5,8300
1,1127	-2,451	5,8350
1,1223	-2,453	5,8400
1,1099	-2,455	5,8450
1,1062	-2,457	5,8500
1,1139	-2,460	5,8550
1,1121	-2,462	5,8600
1,1094	-2,464	5,8650
1,1155	-2,466	5,8700
1,1127	-2,468	5,8750
1,1122	-2,470	5,8800
1,1154	-2,472	5,8850
1,1173	-2,474	5,8900
1,1077	-2,476	5,8950
1,1164	-2,478	5,9000
1,1265	-2,481	5,9050
1,1242	-2,483	5,9100
1,1263	-2,485	5,9150
1,1340	-2,487	5,9200
1,1245	-2,489	5,9250
1,1186	-2,491	5,9300
1,1260	-2,493	5,9350
1,1211	-2,495	5,9400
1,1257	-2,497	5,9450
1,1375	-2,499	5,9500
1,1346	-2,502	5,9550
1,1329	-2,504	5,9600
1,1426	-2,506	5,9650
1,1362	-2,508	5,9700
1,1311	-2,510	5,9750
1,1369	-2,512	5,9800
1,1368	-2,514	5,9850
1,1296	-2,516	5,9900
1,1342	-2,518	5,9950
1,1365	-2,520	6,0000
1,1350	-2,523	6,0050
1,1373	-2,525	6,0100
1,1415	-2,527	6,0150
1,1393	-2,529	6,0200
1,1447	-2,531	6,0250
1,1551	-2,533	6,0300
1,1500	-2,535	6,0350
1,1453	-2,537	6,0400
1,1491	-2,539	6,0450
1,1404	-2,541	6,0500
1,1343	-2,544	6,0550
1,1467	-2,546	6,0600
1,1447	-2,548	6,0650
1,1458	-2,550	6,0700
1,1519	-2,552	6,0750
1,1560	-2,554	6,0800
1,1488	-2,556	6,0850
1,1557	-2,558	6,0900
1,1580	-2,560	6,0950
1,1513	-2,562	6,1000
1,1541	-2,565	6,1050
1,1603	-2,567	6,1100
1,1567	-2,569	6,1150
1,1565	-2,571	6,1200
1,1615	-2,573	6,1250
1,1638	-2,575	6,1300
1,1611	-2,577	6,1350
1,1648	-2,579	6,1400
1,1577	-2,581	6,1450
1,1525	-2,583	6,1500
1,1597	-2,586	6,1550
1,1594	-2,588	6,1600
1,1598	-2,590	6,1650
1,1649	-2,592	6,1700
1,1751	-2,594	6,1750
1,1702	-2,596	6,1800
1,1685	-2,598	6,1850
1,1689	-2,600	6,1900
1,1646	-2,602	6,1950
1,1733	-2,604	6,2000
1,1832	-2,607	6,2050
1,1757	-2,609	6,2100
1,1742	-2,611	6,2150
1,1755	-2,613	6,2200
1,1760	-2,615	6,2250
1,1709	-2,617	6,2300
1,1747	-2,619	6,2350
1,1780	-2,621	6,2400
1,1801	-2,623	6,2450
1,1850	-2,625	6,2500
1,1794	-2,628	6,2550
1,1835	-2,630	6,2600
1,1886	-2,632	6,2650
1,1876	-2,634	6,2700
1,1791	-2,636	6,2750
1,1846	-2,638	6,2800
1,1919	-2,640	6,2850
1,1889	-2,642	6,2900
1,1858	-2,644	6,2950
1,1875	-2,646	6,3000
1,1870	-2,649	6,3050
1,1838	-2,651	6,3100
1,1913	-2,653	6,3150
1,1989	-2,655	6,3200
1,1950	-2,657	6,3250
1,1941	-2,659	6,3300
1,1958	-2,661	6,3350
1,1909	-2,663	6,3400
1,1996	-2,665	6,3450
1,2065	-2,667	6,3500
1,1970	-2,670	6,3550
1,1926	-2,672	6,3600
1,2006	-2,674	6,3650
1,1947	-2,676	6,3700
1,2014	-2,678	6,3750
1,2085	-2,680	6,3800
1,2017	-2,682	6,3850
1,2014	-2,684	6,3900
1,2123	-2,686	6,3950
1,2045	-2,688	6,4000
1,1995	-2,691	6,4050
1,2040	-2,693	6,4100
1,2021	-2,695	6,4150
1,2020	-2,697	6,4200
1,2058	-2,699	6,4250
1,2097	-2,701	6,4300
1,2033	-2,703	6,4350
1,2092	-2,705	6,4400
1,2154	-2,707	6,4450
1,2197	-2,709	6,4500
1,2165	-2,712	6,4550
1,2180	-2,714	6,4600
1,2128	-2,716	6,4650
1,2150	-2,718	6,4700
1,2190	-2,720	6,4750
1,2113	-2,722	6,4800
1,2133	-2,724	6,4850
1,2211	-2,726	6,4900
1,2155	-2,728	6,4950
1,2175	-2,730	6,5000
1,2306	-2,733	6,5050
1,2315	-2,735	6,5100
1,2246	-2,737	6,5150
1,2286	-2,739	6,5200
1,2243	-2,741	6,5250
1,2182	-2,743	6,5300
1,2307	-2,745	6,5350
1,2334	-2,747	6,5400
1,2373	-2,749	6,5450
1,2403	-2,751	6,5500
1,2427	-2,754	6,5550
1,2387	-2,756	6,5600
1,2440	-2,758	6,5650
1,2470	-2,760	6,5700
1,2382	-2,762	6,5750
1,2349	-2,764	6,5800
1,2451	-2,766	6,5850
1,2356	-2,768	6,5900
1,2305	-2,770	6,5950
1,2401	-2,772	6,6000
1,2406	-2,775	6,6050
1,2323	-2,777	6,6100
1,2451	-2,779	6,6150
1,2520	-2,781	6,6200
1,2413	-2,783	6,6250
1,2398	-2,785	6,6300
1,2381	-2,787	6,6350
1,2368	-2,789	6,6400
1,2346	-2,791	6,6450
1,2475	-2,793	6,6500
1,2470	-2,796	6,6550
1,2471	-2,798	6,6600
1,2547	-2,800	6,6650
1,2535	-2,802	6,6700
1,2454	-2,804	6,6750
1,2542	-2,806	6,6800
1,2570	-2,808	6,6850
1,2500	-2,810	6,6900
1,2587	-2,812	6,6950
1,2618	-2,814	6,7000
1,2532	-2,817	6,7050
1,2584	-2,819	6,7100
1,2619	-2,821	6,7150
1,2517	-2,823	6,7200
1,2558	-2,825	6,7250
1,2639	-2,827	6,7300
1,2615	-2,829	6,7350
1,2660	-2,831	6,7400
1,2721	-2,833	6,7450
1,2607	-2,835	6,7500
1,2565	-2,838	6,7550
1,2681	-2,840	6,7600
1,2676	-2,842	6,7650
1,2596	-2,844	6,7700
1,2707	-2,846	6,7750
1,2796	-2,848	6,7800
1,2727	-2,850	6,7850
1,2717	-2,852	6,7900
1,2771	-2,854	6,7950
1,2714	-2,856	6,8000
1,2740	-2,859	6,8050
1,2756	-2,861	6,8100
1,2661	-2,863	6,8150
1,2695	-2,865	6,8200
1,2769	-2,867	6,8250
1,2793	-2,869	6,8300
1,2824	-2,871	6,8350
1,2882	-2,873	6,8400
1,2827	-2,875	6,8450
1,2825	-2,877	6,8500
1,2883	-2,880	6,8550
1,2808	-2,882	6,8600
1,2770	-2,884	6,8650
1,2893	-2,886	6,8700
1,2890	-2,888	6,8750
1,2787	-2,890	6,8800
1,2824	-2,892	6,8850
1,2890	-2,894	6,8900
1,2852	-2,896	6,8950
1,2929	-2,898	6,9000
1,2952	-2,901	6,9050
1,2827	-2,903	6,9100
1,2817	-2,905	6,9150
1,2874	-2,907	6,9200
1,2877	-2,909	6,9250
1,2925	-2,911	6,9300
1,2996	-2,913	6,9350
1,2999	-2,915	6,9400
1,2994	-2,917	6,9450
1,2993	-2,919	6,9500
1,2904	-2,922	6,9550
1,2833	-2,924	6,9600
1,2948	-2,926	6,9650
1,3035	-2,928	6,9700
1,2990	-2,930	6,9750
1,3022	-2,932	6,9800
1,3111	-2,934	6,9850
1,3006	-2,936	6,9900
1,3041	-2,938	6,9950
1,3107	-2,940	7,0000
1,3078	-2,943	7,0050
1,3079	-2,945	7,0100
1,3100	-2,947	7,0150
1,3060	-2,949	7,0200
1,3070	-2,951	7,0250
1,3163	-2,953	7,0300
1,3164	-2,955	7,0350
1,3132	-2,957	7,0400
1,3174	-2,959	7,0450
1,3164	-2,961	7,0500
1,3117	-2,964	7,0550
1,3245	-2,966	7,0600
1,3313	-2,968	7,0650
1,3199	-2,970	7,0700
1,3141	-2,972	7,0750
1,3198	-2,974	7,0800
1,3180	-2,976	7,0850
1,3199	-2,978	7,0900
1,3217	-2,980	7,0950
1,3170	-2,982	7,1000
1,3217	-2,985	7,1050
1,3276	-2,987	7,1100
1,3254	-2,989	7,1150
1,3264	-2,991	7,1200
1,3357	-2,993	7,1250
1,3311	-2,995	7,1300
1,3304	-2,997	7,1350
1,3388	-2,999	7,1400
1,3392	-3,001	7,1450
1,3296	-3,003	7,1500
1,3373	-3,006	7,1550
1,3389	-3,008	7,1600
1,3323	-3,010	7,1650
1,3377	-3,012	7,1700
1,3371	-3,014	7,1750
1,3286	-3,016	7,1800
1,3385	-3,018	7,1850
1,3415	-3,020	7,1900
1,3360	-3,022	7,1950
1,3364	-3,024	7,2000
1,3485	-3,027	7,2050
1,3532	-3,029	7,2100
1,3466	-3,031	7,2150
1,3512	-3,033	7,2200
1,3459	-3,035	7,2250
1,3409	-3,037	7,2300
1,3462	-3,039	7,2350
1,3429	-3,041	7,2400
1,3430	-3,043	7,2450
1,3490	-3,045	7,2500
1,3484	-3,048	7,2550
1,3423	-3,050	7,2600
1,3483	-3,052	7,2650
1,3574	-3,054	7,2700
1,3573	-3,056	7,2750
1,3601	-3,058	7,2800
1,3601	-3,060	7,2850
1,3580	-3,062	7,2900
1,3578	-3,064	7,2950
1,3646	-3,066	7,3000
1,3572	-3,069	7,3050
1,3530	-3,071	7,3100
1,3582	-3,073	7,3150
1,3596	-3,075	7,3200
1,3593	-3,077	7,3250
1,3695	-3,079	7,3300
1,3717	-3,081	7,3350
1,3657	-3,083	7,3400
1,3702	-3,085	7,3450
1,3688	-3,087	7,3500
1,3668	-3,090	7,3550
1,3694	-3,092	7,3600
1,3738	-3,094	7,3650
1,3654	-3,096	7,3700
1,3667	-3,098	7,3750
1,3752	-3,100	7,3800
1,3697	-3,102	7,3850
1,3632	-3,104	7,3900
1,3709	-3,106	7,3950
1,3658	-3,108	7,4000
1,3611	-3,111	7,4050
1,3768	-3,113	7,4100
1,3760	-3,115	7,4150
1,3727	-3,117	7,4200
1,3830	-3,119	7,4250
1,3837	-3,121	7,4300
1,3792	-3,123	7,4350
1,3827	-3,125	7,4400
1,3815	-3,127	7,4450
1,3778	-3,129	7,4500
1,3845	-3,132	7,4550
1,3925	-3,134	7,4600
1,3856	-3,136	7,4650
1,3867	-3,138	7,4700
1,3953	-3,140	7,4750
1,3917	-3,142	7,4800
1,3884	-3,144	7,4850
1,3992	-3,146	7,4900
1,3946	-3,148	7,4950
1,3896	-3,150	7,5000
1,3935	-3,153	7,5050
1,3936	-3,155	7,5100
1,3871	-3,157	7,5150
1,3987	-3,159	7,5200
1,4022	-3,161	7,5250
1,3971	-3,163	7,5300
1,4005	-3,165	7,5350
1,4012	-3,167	7,5400
1,3989	-3,169	7,5450
1,4058	-3,171	7,5500
1,4073	-3,174	7,5550
1,4000	-3,176	7,5600
1,4049	-3,178	7,5650
1,4139	-3,180	7,5700
1,4078	-3,182	7,5750
1,4044	-3,184	7,5800
1,4106	-3,186	7,5850
1,4075	-3,188	7,5900
1,4055	-3,190	7,5950
1,4146	-3,192	7,6000
1,4162	-3,195	7,6050
1,4055	-3,197	7,6100
1,4149	-3,199	7,6150
1,4198	-3,201	7,6200
1,4128	-3,203	7,6250
1,4187	-3,205	7,6300
1,4252	-3,207	7,6350
1,4192	-3,209	7,6400
1,4136	-3,211	7,6450
1,4186	-3,213	7,6500
1,4158	-3,216	7,6550
1,4184	-3,218	7,6600
1,4194	-3,220	7,6650
1,4130	-3,222	7,6700
1,4116	-3,224	7,6750
1,4208	-3,226	7,6800
1,4234	-3,228	7,6850
1,4180	-3,230	7,6900
1,4282	-3,232	7,6950
1,4323	-3,234	7,7000
1,4235	-3,237	7,7050
1,4270	-3,239	7,7100
1,4305	-3,241	7,7150
1,4210	-3,243	7,7200
1,4216	-3,245	7,7250
1,4295	-3,247	7,7300
1,4244	-3,249	7,7350
1,4220	-3,251	7,7400
1,4306	-3,253	7,7450
1,4345	-3,255	7,7500
1,4329	-3,258	7,7550
1,4379	-3,260	7,7600
1,4353	-3,262	7,7650
1,4359	-3,264	7,7700
1,4467	-3,266	7,7750
1,4472	-3,268	7,7800
1,4365	-3,270	7,7850
1,4391	-3,272	7,7900
1,4450	-3,274	7,7950
1,4330	-3,276	7,8000
1,4388	-3,279	7,8050
1,4457	-3,281	7,8100
1,4426	-3,283	7,8150
1,4522	-3,285	7,8200
1,4544	-3,287	7,8250
1,4472	-3,289	7,8300
1,4444	-3,291	7,8350
1,4444	-3,293	7,8400
1,4387	-3,295	7,8450
1,4432	-3,297	7,8500
1,4501	-3,300	7,8550
1,4506	-3,302	7,8600
1,4485	-3,304	7,8650
1,4564	-3,306	7,8700
1,4589	-3,308	7,8750
1,4590	-3,310	7,8800
1,4632	-3,312	7,8850
1,4633	-3,314	7,8900
1,4509	-3,316	7,8950
1,4489	-3,318	7,9000
1,4560	-3,321	7,9050
1,4531	-3,323	7,9100
1,4598	-3,325	7,9150
1,4643	-3,327	7,9200
1,4547	-3,329	7,9250
1,4585	-3,331	7,9300
1,4696	-3,333	7,9350
1,4664	-3,335	7,9400
1,4621	-3,337	7,9450
1,4632	-3,339	7,9500
1,4607	-3,342	7,9550
1,4598	-3,344	7,9600
1,4757	-3,346	7,9650
1,4739	-3,348	7,9700
1,4645	-3,350	7,9750
1,4667	-3,352	7,9800
1,4705	-3,354	7,9850
1,4632	-3,356	7,9900
1,4739	-3,358	7,9950
1,4831	-3,360	8,0000
1,4789	-3,363	8,0050
1,4760	-3,365	8,0100
1,4797	-3,367	8,0150
1,4749	-3,369	8,0200
1,4662	-3,371	8,0250
1,4691	-3,373	8,0300
1,4745	-3,375	8,0350
1,4856	-3,377	8,0400
1,4928	-3,379	8,0450
1,4777	-3,381	8,0500
1,4701	-3,384	8,0550
1,4826	-3,386	8,0600
1,4898	-3,388	8,0650
1,4817	-3,390	8,0700
1,4824	-3,392	8,0750
1,4901	-3,394	8,0800
1,4848	-3,396	8,0850
1,4910	-3,398	8,0900
1,4923	-3,400	8,0950
1,4801	-3,402	8,1000
1,4809	-3,405	8,1050
1,4949	-3,407	8,1100
1,4922	-3,409	8,1150
1,4857	-3,411	8,1200
1,4933	-3,413	8,1250
1,4895	-3,415	8,1300
1,4946	-3,417	8,1350
1,5001	-3,419	8,1400
1,4929	-3,421	8,1450
1,4869	-3,423	8,1500
1,4983	-3,426	8,1550
1,5014	-3,428	8,1600
1,4983	-3,430	8,1650
1,5033	-3,432	8,1700
1,5094	-3,434	8,1750
1,5012	-3,436	8,1800
1,4942	-3,438	8,1850
1,4956	-3,440	8,1900
1,4962	-3,442	8,1950
1,5008	-3,444	8,2000
1,5117	-3,447	8,2050
1,5123	-3,449	8,2100
1,5160	-3,451	8,2150
1,5155	-3,453	8,2200
1,5026	-3,455	8,2250
1,5080	-3,457	8,2300
1,5213	-3,459	8,2350
1,5177	-3,461	8,2400
1,5106	-3,463	8,2450
1,5172	-3,465	8,2500
1,5217	-3,468	8,2550
1,5213	-3,470	8,2600
1,5147	-3,472	8,2650
1,5141	-3,474	8,2700
1,5073	-3,476	8,2750
1,5132	-3,478	8,2800
1,5226	-3,480	8,2850
1,5173	-3,482	8,2900
1,5184	-3,484	8,2950
1,5292	-3,486	8,3000
1,5312	-3,489	8,3050
1,5224	-3,491	8,3100
1,5300	-3,493	8,3150
1,5303	-3,495	8,3200
1,5255	-3,497	8,3250
1,5352	-3,499	8,3300
1,5288	-3,501	8,3350
1,5264	-3,503	8,3400
1,5374	-3,505	8,3450
1,5395	-3,507	8,3500
1,5318	-3,510	8,3550
1,5316	-3,512	8,3600
1,5358	-3,514	8,3650
1,5306	-3,516	8,3700
1,5323	-3,518	8,3750
1,5357	-3,520	8,3800
1,5309	-3,522	8,3850
1,5317	-3,524	8,3900
1,5379	-3,526	8,3950
1,5332	-3,528	8,4000
1,5332	-3,531	8,4050
1,5439	-3,533	8,4100
1,5419	-3,535	8,4150
1,5358	-3,537	8,4200
1,5506	-3,539	8,4250
1,5460	-3,541	8,4300
1,5317	-3,543	8,4350
1,5504	-3,545	8,4400
1,5544	-3,547	8,4450
1,5523	-3,549	8,4500
1,5500	-3,552	8,4550
1,5545	-3,554	8,4600
1,5499	-3,556	8,4650
1,5487	-3,558	8,4700
1,5499	-3,560	8,4750
1,5547	-3,562	8,4800
1,5586	-3,564	8,4850
1,5584	-3,566	8,4900
1,5584	-3,568	8,4950
1,5594	-3,570	8,5000
1,5620	-3,573	8,5050
1,5638	-3,575	8,5100
1,5629	-3,577	8,5150
1,5686	-3,579	8,5200
1,5739	-3,581	8,5250
1,5568	-3,583	8,5300
1,5549	-3,585	8,5350
1,5553	-3,587	8,5400
1,5545	-3,589	8,5450
1,5535	-3,591	8,5500
1,5652	-3,594	8,5550
1,5636	-3,596	8,5600
1,5676	-3,598	8,5650
1,5735	-3,600	8,5700
1,5688	-3,602	8,5750
1,5641	-3,604	8,5800
1,5677	-3,606	8,5850
1,5626	-3,608	8,5900
1,5631	-3,610	8,5950
1,5697	-3,612	8,6000
1,5700	-3,615	8,6050
1,5684	-3,617	8,6100
1,5797	-3,619	8,6150
1,5806	-3,621	8,6200
1,5741	-3,623	8,6250
1,5846	-3,625	8,6300
1,5935	-3,627	8,6350
1,5897	-3,629	8,6400
1,5786	-3,631	8,6450
1,5815	-3,633	8,6500
1,5780	-3,636	8,6550
1,5704	-3,638	8,6600
1,5813	-3,640	8,6650
1,5858	-3,642	8,6700
1,5912	-3,644	8,6750
1,5971	-3,646	8,6800
1,5834	-3,648	8,6850
1,5792	-3,650	8,6900
1,5903	-3,652	8,6950
1,5904	-3,654	8,7000
1,5870	-3,657	8,7050
1,5942	-3,659	8,7100
1,5922	-3,661	8,7150
1,5790	-3,663	8,7200
1,5843	-3,665	8,7250
1,5970	-3,667	8,7300
1,6006	-3,669	8,7350
1,5985	-3,671	8,7400
1,6027	-3,673	8,7450
1,6045	-3,675	8,7500
1,5977	-3,678	8,7550
1,5967	-3,680	8,7600
1,5922	-3,682	8,7650
1,5890	-3,684	8,7700
1,6081	-3,686	8,7750
1,6108	-3,688	8,7800
1,6017	-3,690	8,7850
1,6024	-3,692	8,7900
1,6075	-3,694	8,7950
1,6050	-3,696	8,8000
1,6109	-3,699	8,8050
1,6138	-3,701	8,8100
1,6041	-3,703	8,8150
1,6071	-3,705	8,8200
1,6110	-3,707	8,8250
1,6100	-3,709	8,8300
1,6119	-3,711	8,8350
1,6196	-3,713	8,8400
1,6124	-3,715	8,8450
1,6065	-3,717	8,8500
1,6146	-3,720	8,8550
1,6096	-3,722	8,8600
1,6041	-3,724	8,8650
1,6166	-3,726	8,8700
1,6142	-3,728	8,8750
1,6113	-3,730	8,8800
1,6190	-3,732	8,8850
1,6233	-3,734	8,8900
1,6177	-3,736	8,8950
1,6217	-3,738	8,9000
1,6225	-3,741	8,9050
1,6197	-3,743	8,9100
1,6267	-3,745	8,9150
1,6244	-3,747	8,9200
1,6269	-3,749	8,9250
1,6311	-3,751	8,9300
1,6390	-3,753	8,9350
1,6335	-3,755	8,9400
1,6277	-3,757	8,9450
1,6313	-3,759	8,9500
1,6265	-3,762	8,9550
1,6196	-3,764	8,9600
1,6304	-3,766	8,9650
1,6340	-3,768	8,9700
1,6332	-3,770	8,9750
1,6310	-3,772	8,9800
1,6379	-3,774	8,9850
1,6382	-3,776	8,9900
1,6417	-3,778	8,9950
1,6377	-3,780	9,0000
1,6277	-3,783	9,0050
1,6357	-3,785	9,0100
1,6432	-3,787	9,0150
1,6423	-3,789	9,0200
1,6367	-3,791	9,0250
1,6493	-3,793	9,0300
1,6422	-3,795	9,0350
1,6390	-3,797	9,0400
1,6506	-3,799	9,0450
1,6512	-3,801	9,0500
1,6464	-3,804	9,0550
1,6468	-3,806	9,0600
1,6460	-3,808	9,0650
1,6405	-3,810	9,0700
1,6461	-3,812	9,0750
1,6530	-3,814	9,0800
1,6500	-3,816	9,0850
1,6559	-3,818	9,0900
1,6585	-3,820	9,0950
1,6529	-3,822	9,1000
1,6561	-3,825	9,1050
1,6607	-3,827	9,1100
1,6588	-3,829	9,1150
1,6516	-3,831	9,1200
1,6594	-3,833	9,1250
1,6560	-3,835	9,1300
1,6534	-3,837	9,1350
1,6600	-3,839	9,1400
1,6538	-3,841	9,1450
1,6549	-3,843	9,1500
1,6673	-3,846	9,1550
1,6640	-3,848	9,1600
1,6579	-3,850	9,1650
1,6621	-3,852	9,1700
1,6653	-3,854	9,1750
1,6668	-3,856	9,1800
1,6715	-3,858	9,1850
1,6748	-3,860	9,1900
1,6668	-3,862	9,1950
1,6664	-3,864	9,2000
1,6714	-3,867	9,2050
1,6698	-3,869	9,2100
1,6652	-3,871	9,2150
1,6806	-3,873	9,2200
1,6806	-3,875	9,2250
1,6675	-3,877	9,2300
1,6683	-3,879	9,2350
1,6745	-3,881	9,2400
1,6716	-3,883	9,2450
1,6774	-3,885	9,2500
1,6762	-3,888	9,2550
1,6701	-3,890	9,2600
1,6739	-3,892	9,2650
1,6892	-3,894	9,2700
1,6878	-3,896	9,2750
1,6909	-3,898	9,2800
1,6923	-3,900	9,2850
1,6820	-3,902	9,2900
1,6715	-3,904	9,2950
1,6769	-3,906	9,3000
1,6791	-3,909	9,3050
1,6864	-3,911	9,3100
1,6977	-3,913	9,3150
1,6926	-3,915	9,3200
1,6857	-3,917	9,3250
1,6856	-3,919	9,3300
1,6900	-3,921	9,3350
1,6900	-3,923	9,3400
1,6954	-3,925	9,3450
1,7044	-3,927	9,3500
1,7008	-3,930	9,3550
1,6963	-3,932	9,3600
1,7001	-3,934	9,3650
1,6949	-3,936	9,3700
1,6953	-3,938	9,3750
1,7021	-3,940	9,3800
1,6966	-3,942	9,3850
1,6948	-3,944	9,3900
1,6995	-3,946	9,3950
1,7083	-3,948	9,4000
1,7096	-3,951	9,4050
1,7074	-3,953	9,4100
1,7050	-3,955	9,4150
1,6992	-3,957	9,4200
1,7088	-3,959	9,4250
1,7157	-3,961	9,4300
1,7104	-3,963	9,4350
1,7092	-3,965	9,4400
1,7100	-3,967	9,4450
1,7028	-3,969	9,4500
1,7042	-3,972	9,4550
1,7147	-3,974	9,4600
1,7161	-3,976	9,4650
1,7133	-3,978	9,4700
1,7217	-3,980	9,4750
1,7146	-3,982	9,4800
1,7130	-3,984	9,4850
1,7238	-3,986	9,4900
1,7206	-3,988	9,4950
1,7139	-3,990	9,5000
1,7113	-3,993	9,5050
1,7128	-3,995	9,5100
1,7155	-3,997	9,5150
1,7215	-3,999	9,5200
1,7176	-4,001	9,5250
1,7123	-4,003	9,5300
1,7197	-4,005	9,5350
1,7277	-4,007	9,5400
1,7216	-4,009	9,5450
1,7246	-4,011	9,5500
1,7284	-4,014	9,5550
1,7263	-4,016	9,5600
1,7276	-4,018	9,5650
1,7290	-4,020	9,5700
1,7268	-4,022	9,5750
1,7263	-4,024	9,5800
1,7363	-4,026	9,5850
1,7376	-4,028	9,5900
1,7329	-4,030	9,5950
1,7336	-4,032	9,6000
1,7359	-4,035	9,6050
1,7339	-4,037	9,6100
1,7422	-4,039	9,6150
1,7383	-4,041	9,6200
1,7325	-4,043	9,6250
1,7430	-4,045	9,6300
1,7440	-4,047	9,6350
1,7357	-4,049	9,6400
1,7369	-4,051	9,6450
1,7493	-4,053	9,6500
1,7469	-4,056	9,6550
1,7408	-4,058	9,6600
1,7443	-4,060	9,6650
1,7364	-4,062	9,6700
1,7283	-4,064	9,6750
1,7424	-4,066	9,6800
1,7540	-4,068	9,6850
1,7499	-4,070	9,6900
1,7490	-4,072	9,6950
1,7567	-4,074	9,7000
1,7525	-4,077	9,7050
1,7542	-4,079	9,7100
1,7557	-4,081	9,7150
1,7458	-4,083	9,7200
1,7476	-4,085	9,7250
1,7523	-4,087	9,7300
1,7552	-4,089	9,7350
1,7538	-4,091	9,7400
1,7602	-4,093	9,7450
1,7594	-4,095	9,7500
1,7594	-4,098	9,7550
1,7627	-4,100	9,7600
1,7565	-4,102	9,7650
1,7537	-4,104	9,7700
1,7629	-4,106	9,7750
1,7629	-4,108	9,7800
1,7598	-4,110	9,7850
1,7656	-4,112	9,7900
1,7717	-4,114	9,7950
1,7679	-4,116	9,8000
1,7687	-4,119	9,8050
1,7722	-4,121	9,8100
1,7674	-4,123	9,8150
1,7738	-4,125	9,8200
1,7801	-4,127	9,8250
1,7751	-4,129	9,8300
1,7738	-4,131	9,8350
1,7795	-4,133	9,8400
1,7791	-4,135	9,8450
1,7807	-4,137	9,8500
1,7874	-4,140	9,8550
1,7795	-4,142	9,8600
1,7723	-4,144	9,8650
1,7802	-4,146	9,8700
1,7747	-4,148	9,8750
1,7685	-4,150	9,8800
1,7758	-4,152	9,8850
1,7818	-4,154	9,8900
1,7791	-4,156	9,8950
1,7853	-4,158	9,9000
1,7933	-4,161	9,9050
1,7865	-4,163	9,9100
1,7867	-4,165	9,9150
1,7955	-4,167	9,9200
1,7850	-4,169	9,9250
1,7705	-4,171	9,9300
1,7834	-4,173	9,9350
1,7930	-4,175	9,9400
1,7873	-4,177	9,9450
1,7885	-4,180	9,9500
1,7876	-4,182	9,9550
1,7886	-4,184	9,9600
1,7955	-4,186	9,9650
1,7908	-4,188	9,9700
1,7898	-4,190	9,9750
1,7976	-4,192	9,9800
1,8005	-4,194	9,9850
1,7873	-4,196	9,9900
1,7888	-4,198	9,9950
1,7991	-4,201	10,0000
1,7949	-4,203	10,0050
1,7984	-4,205	10,0100
1,8036	-4,207	10,0150
1,7967	-4,209	10,0200
1,7934	-4,211	10,0250
1,8064	-4,213	10,0300
1,8104	-4,215	10,0350
1,8003	-4,217	10,0400
1,8052	-4,219	10,0450
1,8101	-4,222	10,0500
1,8043	-4,224	10,0550
1,8065	-4,226	10,0600
1,8078	-4,228	10,0650
1,8043	-4,230	10,0700
1,8057	-4,232	10,0750
1,8133	-4,234	10,0800
1,8109	-4,236	10,0850
1,8119	-4,238	10,0900
1,8147	-4,240	10,0950
1,8135	-4,243	10,1000
1,8081	-4,245	10,1050
1,8112	-4,247	10,1100
1,8098	-4,249	10,1150
1,8052	-4,251	10,1200
1,8089	-4,253	10,1250
1,8094	-4,255	10,1300
1,8093	-4,257	10,1350
1,8176	-4,259	10,1400
1,8227	-4,261	10,1450
1,8201	-4,264	10,1500
1,8258	-4,266	10,1550
1,8284	-4,268	10,1600
1,8303	-4,270	10,1650
1,8327	-4,272	10,1700
1,8271	-4,274	10,1750
1,8137	-4,276	10,1800
1,8231	-4,278	10,1850
1,8334	-4,280	10,1900
1,8358	-4,282	10,1950
1,8299	-4,285	10,2000
1,8306	-4,287	10,2050
1,8297	-4,289	10,2100
1,8297	-4,291	10,2150
1,8403	-4,293	10,2200
1,8376	-4,295	10,2250
1,8308	-4,297	10,2300
1,8401	-4,299	10,2350
1,8402	-4,301	10,2400
1,8329	-4,303	10,2450
1,8397	-4,306	10,2500
1,8425	-4,308	10,2550
1,8372	-4,310	10,2600
1,8365	-4,312	10,2650
1,8452	-4,314	10,2700
1,8386	-4,316	10,2750
1,8405	-4,318	10,2800
1,8395	-4,320	10,2850
1,8351	-4,322	10,2900
1,8414	-4,324	10,2950
1,8449	-4,327	10,3000
1,8382	-4,329	10,3050
1,8414	-4,331	10,3100
1,8504	-4,333	10,3150
1,8485	-4,335	10,3200
1,8406	-4,337	10,3250
1,8509	-4,339	10,3300
1,8491	-4,341	10,3350
1,8436	-4,343	10,3400
1,8516	-4,345	10,3450
1,8493	-4,348	10,3500
1,8502	-4,350	10,3550
1,8540	-4,352	10,3600
1,8602	-4,354	10,3650
1,8577	-4,356	10,3700
1,8618	-4,358	10,3750
1,8667	-4,360	10,3800
1,8608	-4,362	10,3850
1,8541	-4,364	10,3900
1,8641	-4,366	10,3950
1,8621	-4,369	10,4000
1,8583	-4,371	10,4050
1,8668	-4,373	10,4100
1,8710	-4,375	10,4150
1,8707	-4,377	10,4200
1,8815	-4,379	10,4250
1,8797	-4,381	10,4300
1,8637	-4,383	10,4350
1,8670	-4,385	10,4400
1,8674	-4,387	10,4450
1,8670	-4,390	10,4500
1,8637	-4,392	10,4550
1,8660	-4,394	10,4600
1,8643	-4,396	10,4650
1,8724	-4,398	10,4700
1,8789	-4,400	10,4750
1,8692	-4,402	10,4800
1,8663	-4,404	10,4850
1,8717	-4,406	10,4900
1,8685	-4,408	10,4950
1,8713	-4,411	10,5000
1,8844	-4,413	10,5050
1,8797	-4,415	10,5100
1,8747	-4,417	10,5150
1,8832	-4,419	10,5200
1,8835	-4,421	10,5250
1,8770	-4,423	10,5300
1,8833	-4,425	10,5350
1,8855	-4,427	10,5400
1,8862	-4,429	10,5450
1,8905	-4,432	10,5500
1,8929	-4,434	10,5550
1,8870	-4,436	10,5600
1,8857	-4,438	10,5650
1,8921	-4,440	10,5700
1,8886	-4,442	10,5750
1,8794	-4,444	10,5800
1,8890	-4,446	10,5850
1,8903	-4,448	10,5900
1,8958	-4,450	10,5950
1,8994	-4,453	10,6000
1,8965	-4,455	10,6050
1,8914	-4,457	10,6100
1,8994	-4,459	10,6150
1,9042	-4,461	10,6200
1,8949	-4,463	10,6250
1,8960	-4,465	10,6300
1,8986	-4,467	10,6350
1,8978	-4,469	10,6400
1,8977	-4,471	10,6450
1,9034	-4,474	10,6500
1,9012	-4,476	10,6550
1,9057	-4,478	10,6600
1,9081	-4,480	10,6650
1,9051	-4,482	10,6700
1,9044	-4,484	10,6750
1,9133	-4,486	10,6800
1,9076	-4,488	10,6850
1,8972	-4,490	10,6900
1,8961	-4,492	10,6950
1,9009	-4,495	10,7000
1,9012	-4,497	10,7050
1,9114	-4,499	10,7100
1,9114	-4,501	10,7150
1,9023	-4,503	10,7200
1,9157	-4,505	10,7250
1,9251	-4,507	10,7300
1,9154	-4,509	10,7350
1,9089	-4,511	10,7400
1,9204	-4,513	10,7450
1,9116	-4,516	10,7500
1,9141	-4,518	10,7550
1,9229	-4,520	10,7600
1,9160	-4,522	10,7650
1,9103	-4,524	10,7700
1,9209	-4,526	10,7750
1,9188	-4,528	10,7800
1,9195	-4,530	10,7850
1,9224	-4,532	10,7900
1,9200	-4,534	10,7950
1,9161	-4,537	10,8000
1,9215	-4,539	10,8050
1,9284	-4,541	10,8100
1,9252	-4,543	10,8150
1,9277	-4,545	10,8200
1,9294	-4,547	10,8250
1,9337	-4,549	10,8300
1,9312	-4,551	10,8350
1,9311	-4,553	10,8400
1,9252	-4,555	10,8450
1,9227	-4,558	10,8500
1,9312	-4,560	10,8550
1,9348	-4,562	10,8600
1,9331	-4,564	10,8650
1,9362	-4,566	10,8700
1,9333	-4,568	10,8750
1,9280	-4,570	10,8800
1,9356	-4,572	10,8850
1,9400	-4,574	10,8900
1,9323	-4,576	10,8950
1,9407	-4,579	10,9000
1,9468	-4,581	10,9050
1,9368	-4,583	10,9100
1,9383	-4,585	10,9150
1,9382	-4,587	10,9200
1,9399	-4,589	10,9250
1,9417	-4,591	10,9300
1,9516	-4,593	10,9350
1,9468	-4,595	10,9400
1,9435	-4,597	10,9450
1,9509	-4,600	10,9500
1,9499	-4,602	10,9550
1,9411	-4,604	10,9600
1,9458	-4,606	10,9650
1,9437	-4,608	10,9700
1,9427	-4,610	10,9750
1,9489	-4,612	10,9800
1,9550	-4,614	10,9850
1,9487	-4,616	10,9900
1,9523	-4,618	10,9950
1,9526	-4,621	11,0000
1,9529	-4,623	11,0050
1,9611	-4,625	11,0100
1,9596	-4,627	11,0150
1,9600	-4,629	11,0200
1,9663	-4,631	11,0250
1,9683	-4,633	11,0300
1,9578	-4,635	11,0350
1,9554	-4,637	11,0400
1,9678	-4,639	11,0450
1,9677	-4,642	11,0500
1,9577	-4,644	11,0550
1,9661	-4,646	11,0600
1,9663	-4,648	11,0650
1,9618	-4,650	11,0700
1,9673	-4,652	11,0750
1,9745	-4,654	11,0800
1,9770	-4,656	11,0850
1,9835	-4,658	11,0900
1,9729	-4,660	11,0950
1,9659	-4,663	11,1000
1,9751	-4,665	11,1050
1,9810	-4,667	11,1100
1,9783	-4,669	11,1150
1,9741	-4,671	11,1200
1,9819	-4,673	11,1250
1,9716	-4,675	11,1300
1,9679	-4,677	11,1350
1,9810	-4,679	11,1400
1,9782	-4,681	11,1450
1,9736	-4,684	11,1500
1,9843	-4,686	11,1550
1,9807	-4,688	11,1600
1,9728	-4,690	11,1650
1,9746	-4,692	11,1700
1,9850	-4,694	11,1750
1,9875	-4,696	11,1800
1,9962	-4,698	11,1850
1,9982	-4,700	11,1900
1,9875	-4,702	11,1950
1,9843	-4,705	11,2000
1,9866	-4,707	11,2050
1,9840	-4,709	11,2100
1,9845	-4,711	11,2150
1,9905	-4,713	11,2200
1,9891	-4,715	11,2250
1,9811	-4,717	11,2300
1,9839	-4,719	11,2350
1,9839	-4,721	11,2400
1,9821	-4,723	11,2450
1,9972	-4,726	11,2500
2,0003	-4,728	11,2550
1,9940	-4,730	11,2600
1,9982	-4,732	11,2650
2,0048	-4,734	11,2700
1,9971	-4,736	11,2750
2,0027	-4,738	11,2800
2,0079	-4,740	11,2850
1,9970	-4,742	11,2900
1,9923	-4,744	11,2950
2,0022	-4,747	11,3000
1,9981	-4,749	11,3050
1,9981	-4,751	11,3100
2,0158	-4,753	11,3150
2,0109	-4,755	11,3200
2,0024	-4,757	11,3250
2,0067	-4,759	11,3300
2,0096	-4,761	11,3350
2,0044	-4,763	11,3400
2,0091	-4,765	11,3450
2,0090	-4,768	11,3500
2,0060	-4,770	11,3550
2,0078	-4,772	11,3600
2,0099	-4,774	11,3650
2,0048	-4,776	11,3700
2,0064	-4,778	11,3750
2,0122	-4,780	11,3800
2,0116	-4,782	11,3850
2,0138	-4,784	11,3900
2,0174	-4,786	11,3950
2,0183	-4,789	11,4000
2,0170	-4,791	11,4050
2,0240	-4,793	11,4100
2,0181	-4,795	11,4150
2,0129	-4,797	11,4200
2,0135	-4,799	11,4250
2,0183	-4,801	11,4300
2,0148	-4,803	11,4350
2,0245	-4,805	11,4400
2,0224	-4,807	11,4450
2,0172	-4,810	11,4500
2,0142	-4,812	11,4550
2,0173	-4,814	11,4600
2,0165	-4,816	11,4650
2,0283	-4,818	11,4700
2,0309	-4,820	11,4750
2,0219	-4,822	11,4800
2,0275	-4,824	11,4850
2,0359	-4,826	11,4900
2,0347	-4,828	11,4950
2,0330	-4,831	11,5000
2,0438	-4,833	11,5050
2,0459	-4,835	11,5100
2,0349	-4,837	11,5150
2,0413	-4,839	11,5200
2,0408	-4,841	11,5250
2,0347	-4,843	11,5300
2,0371	-4,845	11,5350
2,0311	-4,847	11,5400
2,0289	-4,849	11,5450
2,0399	-4,852	11,5500
2,0415	-4,854	11,5550
2,0329	-4,856	11,5600
2,0401	-4,858	11,5650
2,0466	-4,860	11,5700
2,0394	-4,862	11,5750
2,0365	-4,864	11,5800
2,0467	-4,866	11,5850
2,0520	-4,868	11,5900
2,0473	-4,870	11,5950
2,0507	-4,873	11,6000
2,0484	-4,875	11,6050
2,0417	-4,877	11,6100
2,0496	-4,879	11,6150
2,0514	-4,881	11,6200
2,0467	-4,883	11,6250
2,0536	-4,885	11,6300
2,0532	-4,887	11,6350
2,0504	-4,889	11,6400
2,0546	-4,891	11,6450
2,0665	-4,894	11,6500
2,0589	-4,896	11,6550
2,0530	-4,898	11,6600
2,0585	-4,900	11,6650
2,0562	-4,902	11,6700
2,0527	-4,904	11,6750
2,0622	-4,906	11,6800
2,0588	-4,908	11,6850
2,0568	-4,910	11,6900
2,0622	-4,912	11,6950
2,0596	-4,915	11,7000
2,0580	-4,917	11,7050
2,0710	-4,919	11,7100
2,0717	-4,921	11,7150
2,0701	-4,923	11,7200
2,0712	-4,925	11,7250
2,0707	-4,927	11,7300
2,0610	-4,929	11,7350
2,0615	-4,931	11,7400
2,0745	-4,933	11,7450
2,0746	-4,936	11,7500
2,0696	-4,938	11,7550
2,0756	-4,940	11,7600
2,0718	-4,942	11,7650
2,0671	-4,944	11,7700
2,0766	-4,946	11,7750
2,0762	-4,948	11,7800
2,0743	-4,950	11,7850
2,0825	-4,952	11,7900
2,0879	-4,954	11,7950
2,0793	-4,957	11,8000
2,0824	-4,959	11,8050
2,0805	-4,961	11,8100
2,0709	-4,963	11,8150
2,0740	-4,965	11,8200
2,0807	-4,967	11,8250
2,0782	-4,969	11,8300
2,0724	-4,971	11,8350
2,0825	-4,973	11,8400
2,0829	-4,975	11,8450
2,0802	-4,978	11,8500
2,0911	-4,980	11,8550
2,0848	-4,982	11,8600
2,0814	-4,984	11,8650
2,0868	-4,986	11,8700
2,0848	-4,988	11,8750
2,0834	-4,990	11,8800
2,0864	-4,992	11,8850
2,0870	-4,994	11,8900
2,0830	-4,996	11,8950
2,0950	-4,999	11,9000
2,0939	-5,001	11,9050
2,0906	-5,003	11,9100
2,1019	-5,005	11,9150
2,1046	-5,007	11,9200
2,1006	-5,009	11,9250
2,0978	-5,011	11,9300
2,0993	-5,013	11,9350
2,0972	-5,015	11,9400
2,0969	-5,017	11,9450
2,1028	-5,020	11,9500
2,0964	-5,022	11,9550
2,0905	-5,024	11,9600
2,0964	-5,026	11,9650
2,0958	-5,028	11,9700
2,0970	-5,030	11,9750
2,1075	-5,032	11,9800
2,1115	-5,034	11,9850
2,0967	-5,036	11,9900
2,0984	-5,038	11,9950
2,1033	-5,041	12,0000
2,1075	-5,043	12,0050
2,1162	-5,045	12,0100
2,1173	-5,047	12,0150
2,1040	-5,049	12,0200
2,1044	-5,051	12,0250
2,1151	-5,053	12,0300
2,1124	-5,055	12,0350
2,1079	-5,057	12,0400
2,1114	-5,059	12,0450
2,1081	-5,062	12,0500
2,1084	-5,064	12,0550
2,1225	-5,066	12,0600
2,1183	-5,068	12,0650
2,1114	-5,070	12,0700
2,1150	-5,072	12,0750
2,1228	-5,074	12,0800
2,1145	-5,076	12,0850
2,1138	-5,078	12,0900
2,1234	-5,080	12,0950
2,1242	-5,083	12,1000
2,1281	-5,085	12,1050
2,1319	-5,087	12,1100
2,1218	-5,089	12,1150
2,1162	-5,091	12,1200
2,1288	-5,093	12,1250
2,1335	-5,095	12,1300
2,1205	-5,097	12,1350
2,1215	-5,099	12,1400
2,1274	-5,101	12,1450
2,1266	-5,104	12,1500
2,1313	-5,106	12,1550
2,1364	-5,108	12,1600
2,1376	-5,110	12,1650
2,1400	-5,112	12,1700
2,1416	-5,114	12,1750
2,1293	-5,116	12,1800
2,1331	-5,118	12,1850
2,1353	-5,120	12,1900
2,1247	-5,122	12,1950
2,1351	-5,125	12,2000
2,1449	-5,127	12,2050
2,1367	-5,129	12,2100
2,1359	-5,131	12,2150
2,1445	-5,133	12,2200
2,1436	-5,135	12,2250
2,1396	-5,137	12,2300
2,1502	-5,139	12,2350
2,1423	-5,141	12,2400
2,1285	-5,143	12,2450
2,1400	-5,146	12,2500
2,1502	-5,148	12,2550
2,1527	-5,150	12,2600
2,1584	-5,152	12,2650
2,1537	-5,154	12,2700
2,1418	-5,156	12,2750
2,1457	-5,158	12,2800
2,1568	-5,160	12,2850
2,1497	-5,162	12,2900
2,1505	-5,164	12,2950
2,1520	-5,167	12,3000
2,1470	-5,169	12,3050
2,1489	-5,171	12,3100
2,1569	-5,173	12,3150
2,1505	-5,175	12,3200
2,1493	-5,177	12,3250
2,1573	-5,179	12,3300
2,1601	-5,181	12,3350
2,1530	-5,183	12,3400
2,1512	-5,185	12,3450
2,1505	-5,188	12,3500
2,1536	-5,190	12,3550
2,1612	-5,192	12,3600
2,1642	-5,194	12,3650
2,1589	-5,196	12,3700
2,1605	-5,198	12,3750
2,1680	-5,200	12,3800
2,1729	-5,202	12,3850
2,1730	-5,204	12,3900
2,1725	-5,206	12,3950
2,1610	-5,209	12,4000
2,1602	-5,211	12,4050
2,1724	-5,213	12,4100
2,1719	-5,215	12,4150
2,1677	-5,217	12,4200
2,1769	-5,219	12,4250
2,1756	-5,221	12,4300
2,1676	-5,223	12,4350
2,1711	-5,225	12,4400
2,1732	-5,227	12,4450
2,1711	-5,230	12,4500
2,1766	-5,232	12,4550
2,1812	-5,234	12,4600
2,1783	-5,236	12,4650
2,1748	-5,238	12,4700
2,1845	-5,240	12,4750
2,1835	-5,242	12,4800
2,1827	-5,244	12,4850
2,1921	-5,246	12,4900
2,1831	-5,248	12,4950
2,1774	-5,251	12,5000
2,1881	-5,253	12,5050
2,1869	-5,255	12,5100
2,1819	-5,257	12,5150
2,1826	-5,259	12,5200
2,1764	-5,261	12,5250
2,1722	-5,263	12,5300
2,1791	-5,265	12,5350
2,1849	-5,267	12,5400
2,1824	-5,269	12,5450
2,1878	-5,272	12,5500
2,1994	-5,274	12,5550
2,1932	-5,276	12,5600
2,1919	-5,278	12,5650
2,1965	-5,280	12,5700
2,1971	-5,282	12,5750
2,1915	-5,284	12,5800
2,1970	-5,286	12,5850
2,1887	-5,288	12,5900
2,1843	-5,290	12,5950
2,1917	-5,293	12,6000
2,1967	-5,295	12,6050
2,1925	-5,297	12,6100
2,2010	-5,299	12,6150
2,2050	-5,301	12,6200
2,1987	-5,303	12,6250
2,2052	-5,305	12,6300
2,2097	-5,307	12,6350
2,2109	-5,309	12,6400
2,2085	-5,311	12,6450
2,2085	-5,314	12,6500
2,2002	-5,316	12,6550
2,2050	-5,318	12,6600
2,2015	-5,320	12,6650
2,2010	-5,322	12,6700
2,2059	-5,324	12,6750
2,2098	-5,326	12,6800
2,2068	-5,328	12,6850
2,2043	-5,330	12,6900
2,2132	-5,332	12,6950
2,2143	-5,335	12,7000
2,2116	-5,337	12,7050
2,2189	-5,339	12,7100
2,2226	-5,341	12,7150
2,2119	-5,343	12,7200
2,2114	-5,345	12,7250
2,2133	-5,347	12,7300
2,2174	-5,349	12,7350
2,2228	-5,351	12,7400
2,2249	-5,353	12,7450
2,2222	-5,356	12,7500
2,2213	-5,358	12,7550
2,2170	-5,360	12,7600
2,2154	-5,362	12,7650
2,2169	-5,364	12,7700
2,2215	-5,366	12,7750
2,2232	-5,368	12,7800
2,2198	-5,370	12,7850
2,2282	-5,372	12,7900
2,2296	-5,374	12,7950
2,2297	-5,377	12,8000
2,2330	-5,379	12,8050
2,2306	-5,381	12,8100
2,2249	-5,383	12,8150
2,2321	-5,385	12,8200
2,2326	-5,387	12,8250
2,2280	-5,389	12,8300
2,2259	-5,391	12,8350
2,2348	-5,393	12,8400
2,2281	-5,395	12,8450
2,2276	-5,398	12,8500
2,2354	-5,400	12,8550
2,2363	-5,402	12,8600
2,2377	-5,404	12,8650
2,2466	-5,406	12,8700
2,2409	-5,408	12,8750
2,2373	-5,410	12,8800
2,2456	-5,412	12,8850
2,2451	-5,414	12,8900
2,2390	-5,416	12,8950
2,2435	-5,419	12,9000
2,2449	-5,421	12,9050
2,2403	-5,423	12,9100
2,2475	-5,425	12,9150
2,2478	-5,427	12,9200
2,2487	-5,429	12,9250
2,2471	-5,431	12,9300
2,2456	-5,433	12,9350
2,2421	-5,435	12,9400
2,2434	-5,437	12,9450
2,2541	-5,440	12,9500
2,2525	-5,442	12,9550
2,2495	-5,444	12,9600
2,2530	-5,446	12,9650
2,2515	-5,448	12,9700
2,2498	-5,450	12,9750
2,2576	-5,452	12,9800
2,2639	-5,454	12,9850
2,2558	-5,456	12,9900
2,2575	-5,458	12,9950
2,2597	-5,461	13,0000
2,2516	-5,463	13,0050
2,2561	-5,465	13,0100
2,2637	-5,467	13,0150
2,2656	-5,469	13,0200
2,2628	-5,471	13,0250
2,2648	-5,473	13,0300
2,2646	-5,475	13,0350
2,2636	-5,477	13,0400
2,2656	-5,479	13,0450
2,2623	-5,482	13,0500
2,2603	-5,484	13,0550
2,2685	-5,486	13,0600
2,2659	-5,488	13,0650
2,2631	-5,490	13,0700
2,2703	-5,492	13,0750
2,2728	-5,494	13,0800
2,2667	-5,496	13,0850
2,2729	-5,498	13,0900
2,2841	-5,500	13,0950
2,2736	-5,503	13,1000
2,2752	-5,505	13,1050
2,2776	-5,507	13,1100
2,2689	-5,509	13,1150
2,2714	-5,511	13,1200
2,2784	-5,513	13,1250
2,2754	-5,515	13,1300
2,2687	-5,517	13,1350
2,2804	-5,519	13,1400
2,2851	-5,521	13,1450
2,2803	-5,524	13,1500
2,2900	-5,526	13,1550
2,2932	-5,528	13,1600
2,2873	-5,530	13,1650
2,2862	-5,532	13,1700
2,2865	-5,534	13,1750
2,2856	-5,536	13,1800
2,2887	-5,538	13,1850
2,2897	-5,540	13,1900
2,2860	-5,542	13,1950
2,2827	-5,545	13,2000
2,2892	-5,547	13,2050
2,2914	-5,549	13,2100
2,2826	-5,551	13,2150
2,2886	-5,553	13,2200
2,2896	-5,555	13,2250
2,2885	-5,557	13,2300
2,2911	-5,559	13,2350
2,2918	-5,561	13,2400
2,2916	-5,563	13,2450
2,3016	-5,566	13,2500
2,2982	-5,568	13,2550
2,2890	-5,570	13,2600
2,2872	-5,572	13,2650
2,2962	-5,574	13,2700
2,2968	-5,576	13,2750
2,2996	-5,578	13,2800
2,3003	-5,580	13,2850
2,3000	-5,582	13,2900
2,2980	-5,584	13,2950
2,3062	-5,587	13,3000
2,2969	-5,589	13,3050
2,2969	-5,591	13,3100
2,3138	-5,593	13,3150
2,3131	-5,595	13,3200
2,3024	-5,597	13,3250
2,3021	-5,599	13,3300
2,3076	-5,601	13,3350
2,3048	-5,603	13,3400
2,3101	-5,605	13,3450
2,3129	-5,608	13,3500
2,3084	-5,610	13,3550
2,3095	-5,612	13,3600
2,3100	-5,614	13,3650
2,3055	-5,616	13,3700
2,3133	-5,618	13,3750
2,3183	-5,620	13,3800
2,3103	-5,622	13,3850
2,3102	-5,624	13,3900
2,3187	-5,626	13,3950
2,3206	-5,629	13,4000
2,3203	-5,631	13,4050
2,3228	-5,633	13,4100
2,3185	-5,635	13,4150
2,3119	-5,637	13,4200
2,3154	-5,639	13,4250
2,3164	-5,641	13,4300
2,3172	-5,643	13,4350
2,3281	-5,645	13,4400
2,3251	-5,647	13,4450
2,3163	-5,650	13,4500
2,3224	-5,652	13,4550
2,3287	-5,654	13,4600
2,3264	-5,656	13,4650
2,3260	-5,658	13,4700
2,3318	-5,660	13,4750
2,3249	-5,662	13,4800
2,3211	-5,664	13,4850
2,3281	-5,666	13,4900
2,3276	-5,668	13,4950
2,3323	-5,671	13,5000
2,3373	-5,673	13,5050
2,3278	-5,675	13,5100
2,3270	-5,677	13,5150
2,3338	-5,679	13,5200
2,3304	-5,681	13,5250
2,3246	-5,683	13,5300
2,3386	-5,685	13,5350
2,3403	-5,687	13,5400
2,3385	-5,689	13,5450
2,3374	-5,692	13,5500
2,3403	-5,694	13,5550
2,3365	-5,696	13,5600
2,3404	-5,698	13,5650
2,3456	-5,700	13,5700
2,3395	-5,702	13,5750
2,3324	-5,704	13,5800
2,3438	-5,706	13,5850
2,3452	-5,708	13,5900
2,3487	-5,710	13,5950
2,3533	-5,713	13,6000
2,3478	-5,715	13,6050
2,3365	-5,717	13,6100
2,3421	-5,719	13,6150
2,3432	-5,721	13,6200
2,3378	-5,723	13,6250
2,3484	-5,725	13,6300
2,3630	-5,727	13,6350
2,3567	-5,729	13,6400
2,3483	-5,731	13,6450
2,3497	-5,734	13,6500
2,3483	-5,736	13,6550
2,3542	-5,738	13,6600
2,3668	-5,740	13,6650
2,3588	-5,742	13,6700
2,3530	-5,744	13,6750
2,3596	-5,746	13,6800
2,3569	-5,748	13,6850
2,3542	-5,750	13,6900
2,3664	-5,752	13,6950
2,3647	-5,755	13,7000
2,3660	-5,757	13,7050
2,3725	-5,759	13,7100
2,3689	-5,761	13,7150
2,3597	-5,763	13,7200
2,3710	-5,765	13,7250
2,3730	-5,767	13,7300
2,3626	-5,769	13,7350
2,3558	-5,771	13,7400
2,3656	-5,773	13,7450
2,3662	-5,776	13,7500
2,3649	-5,778	13,7550
2,3709	-5,780	13,7600
2,3624	-5,782	13,7650
2,3642	-5,784	13,7700
2,3815	-5,786	13,7750
2,3778	-5,788	13,7800
2,3734	-5,790	13,7850
2,3783	-5,792	13,7900
2,3795	-5,794	13,7950
2,3709	-5,797	13,8000
2,3707	-5,799	13,8050
2,3719	-5,801	13,8100
2,3674	-5,803	13,8150
2,3746	-5,805	13,8200
2,3830	-5,807	13,8250
2,3738	-5,809	13,8300
2,3754	-5,811	13,8350
2,3840	-5,813	13,8400
2,3737	-5,815	13,8450
2,3760	-5,818	13,8500
2,3848	-5,820	13,8550
2,3812	-5,822	13,8600
2,3804	-5,824	13,8650
2,3931	-5,826	13,8700
2,3823	-5,828	13,8750
2,3783	-5,830	13,8800
2,3906	-5,832	13,8850
2,3928	-5,834	13,8900
2,3848	-5,836	13,8950
2,3982	-5,839	13,9000
2,3941	-5,841	13,9050
2,3856	-5,843	13,9100
2,3895	-5,845	13,9150
2,3941	-5,847	13,9200
2,3902	-5,849	13,9250
2,3902	-5,851	13,9300
2,3932	-5,853	13,9350
2,3900	-5,855	13,9400
2,3890	-5,857	13,9450
2,4021	-5,860	13,9500
2,4014	-5,862	13,9550
2,3902	-5,864	13,9600
2,3948	-5,866	13,9650
2,3984	-5,868	13,9700
2,3966	-5,870	13,9750
2,4025	-5,872	13,9800
2,4041	-5,874	13,9850
2,3957	-5,876	13,9900
2,4036	-5,878	13,9950
2,4031	-5,881	14,0000
2,3961	-5,883	14,0050
2,4019	-5,885	14,0100
2,4015	-5,887	14,0150
2,4014	-5,889	14,0200
2,4092	-5,891	14,0250
2,4157	-5,893	14,0300
2,4091	-5,895	14,0350
2,4064	-5,897	14,0400
2,4226	-5,899	14,0450
2,4240	-5,902	14,0500
2,4102	-5,904	14,0550
2,4132	-5,906	14,0600
2,4155	-5,908	14,0650
2,4114	-5,910	14,0700
2,4155	-5,912	14,0750
2,4178	-5,914	14,0800
2,4160	-5,916	14,0850
2,4228	-5,918	14,0900
2,4208	-5,920	14,0950
2,4158	-5,923	14,1000
2,4173	-5,925	14,1050
2,4190	-5,927	14,1100
2,4129	-5,929	14,1150
2,4174	-5,931	14,1200
2,4320	-5,933	14,1250
2,4299	-5,935	14,1300
2,4176	-5,937	14,1350
2,4200	-5,939	14,1400
2,4193	-5,941	14,1450
2,4119	-5,944	14,1500
2,4247	-5,946	14,1550
2,4310	-5,948	14,1600
2,4317	-5,950	14,1650
2,4341	-5,952	14,1700
2,4354	-5,954	14,1750
2,4264	-5,956	14,1800
2,4381	-5,958	14,1850
2,4415	-5,960	14,1900
2,4263	-5,962	14,1950
2,4280	-5,965	14,2000
2,4337	-5,967	14,2050
2,4296	-5,969	14,2100
2,4271	-5,971	14,2150
2,4409	-5,973	14,2200
2,4374	-5,975	14,2250
2,4305	-5,977	14,2300
2,4367	-5,979	14,2350
2,4369	-5,981	14,2400
2,4327	-5,983	14,2450
2,4479	-5,986	14,2500
2,4525	-5,988	14,2550
2,4425	-5,990	14,2600
2,4428	-5,992	14,2650
2,4538	-5,994	14,2700
2,4507	-5,996	14,2750
2,4540	-5,998	14,2800
2,4508	-6,000	14,2850
2,4437	-6,002	14,2900
2,4511	-6,004	14,2950
2,4561	-6,007	14,3000
2,4487	-6,009	14,3050
2,4458	-6,011	14,3100
2,4526	-6,013	14,3150
2,4498	-6,015	14,3200
2,4507	-6,017	14,3250
2,4639	-6,019	14,3300
2,4542	-6,021	14,3350
2,4436	-6,023	14,3400
2,4551	-6,025	14,3450
2,4604	-6,028	14,3500
2,4606	-6,030	14,3550
2,4610	-6,032	14,3600
2,4636	-6,034	14,3650
2,4564	-6,036	14,3700
2,4611	-6,038	14,3750
2,4637	-6,040	14,3800
2,4593	-6,042	14,3850
2,4580	-6,044	14,3900
2,4632	-6,046	14,3950
2,4592	-6,049	14,4000
2,4521	-6,051	14,4050
2,4641	-6,053	14,4100
2,4643	-6,055	14,4150
2,4621	-6,057	14,4200
2,4691	-6,059	14,4250
2,4657	-6,061	14,4300
2,4558	-6,063	14,4350
2,4672	-6,065	14,4400
2,4732	-6,067	14,4450
2,4683	-6,070	14,4500
2,4716	-6,072	14,4550
2,4797	-6,074	14,4600
2,4732	-6,076	14,4650
2,4800	-6,078	14,4700
2,4781	-6,080	14,4750
2,4670	-6,082	14,4800
2,4733	-6,084	14,4850
2,4795	-6,086	14,4900
2,4756	-6,088	14,4950
2,4725	-6,091	14,5000
2,4797	-6,093	14,5050
2,4764	-6,095	14,5100
2,4761	-6,097	14,5150
2,4871	-6,099	14,5200
2,4845	-6,101	14,5250
2,4712	-6,103	14,5300
2,4754	-6,105	14,5350
2,4811	-6,107	14,5400
2,4740	-6,109	14,5450
2,4757	-6,112	14,5500
2,4882	-6,114	14,5550
2,4800	-6,116	14,5600
2,4803	-6,118	14,5650
2,4874	-6,120	14,5700
2,4848	-6,122	14,5750
2,4861	-6,124	14,5800
2,4957	-6,126	14,5850
2,4920	-6,128	14,5900
2,4914	-6,130	14,5950
2,4903	-6,133	14,6000
2,4902	-6,135	14,6050
2,4896	-6,137	14,6100
2,4938	-6,139	14,6150
2,4905	-6,141	14,6200
2,4853	-6,143	14,6250
2,4954	-6,145	14,6300
2,5027	-6,147	14,6350
2,4999	-6,149	14,6400
2,4973	-6,151	14,6450
2,5042	-6,154	14,6500
2,4998	-6,156	14,6550
2,5045	-6,158	14,6600
2,5063	-6,160	14,6650
2,4969	-6,162	14,6700
2,4990	-6,164	14,6750
2,5066	-6,166	14,6800
2,4997	-6,168	14,6850
2,5010	-6,170	14,6900
2,5096	-6,172	14,6950
2,5063	-6,175	14,7000
2,4998	-6,177	14,7050
2,5088	-6,179	14,7100
2,5156	-6,181	14,7150
2,5096	-6,183	14,7200
2,5121	-6,185	14,7250
2,5120	-6,187	14,7300
2,5068	-6,189	14,7350
2,5091	-6,191	14,7400
2,5180	-6,193	14,7450
2,5137	-6,196	14,7500
2,5148	-6,198	14,7550
2,5234	-6,200	14,7600
2,5129	-6,202	14,7650
2,5030	-6,204	14,7700
2,5118	-6,206	14,7750
2,5155	-6,208	14,7800
2,5141	-6,210	14,7850
2,5167	-6,212	14,7900
2,5218	-6,214	14,7950
2,5174	-6,217	14,8000
2,5294	-6,219	14,8050
2,5275	-6,221	14,8100
2,5131	-6,223	14,8150
2,5234	-6,225	14,8200
2,5307	-6,227	14,8250
2,5233	-6,229	14,8300
2,5235	-6,231	14,8350
2,5325	-6,233	14,8400
2,5301	-6,235	14,8450
2,5197	-6,238	14,8500
2,5231	-6,240	14,8550
2,5223	-6,242	14,8600
2,5240	-6,244	14,8650
2,5381	-6,246	14,8700
2,5369	-6,248	14,8750
2,5246	-6,250	14,8800
2,5240	-6,252	14,8850
2,5308	-6,254	14,8900
2,5317	-6,256	14,8950
2,5387	-6,259	14,9000
2,5412	-6,261	14,9050
2,5303	-6,263	14,9100
2,5346	-6,265	14,9150
2,5389	-6,267	14,9200
2,5352	-6,269	14,9250
2,5370	-6,271	14,9300
2,5509	-6,273	14,9350
2,5446	-6,275	14,9400
2,5454	-6,277	14,9450
2,5467	-6,280	14,9500
2,5400	-6,282	14,9550
2,5378	-6,284	14,9600
2,5468	-6,286	14,9650
2,5452	-6,288	14,9700
2,5446	-6,290	14,9750
2,5475	-6,292	14,9800
2,5491	-6,294	14,9850
2,5413	-6,296	14,9900
2,5494	-6,298	14,9950
2,5494	-6,301	15,0000
2,5366	-6,303	15,0050
2,5362	-6,305	15,0100
2,5458	-6,307	15,0150
2,5484	-6,309	15,0200
2,5489	-6,311	15,0250
2,5550	-6,313	15,0300
2,5508	-6,315	15,0350
2,5492	-6,317	15,0400
2,5599	-6,319	15,0450
2,5531	-6,322	15,0500
2,5490	-6,324	15,0550
2,5577	-6,326	15,0600
2,5535	-6,328	15,0650
2,5482	-6,330	15,0700
2,5555	-6,332	15,0750
2,5647	-6,334	15,0800
2,5579	-6,336	15,0850
2,5684	-6,338	15,0900
2,5697	-6,340	15,0950
2,5576	-6,343	15,1000
2,5588	-6,345	15,1050
2,5606	-6,347	15,1100
2,5638	-6,349	15,1150
2,5677	-6,351	15,1200
2,5699	-6,353	15,1250
2,5655	-6,355	15,1300
2,5618	-6,357	15,1350
2,5713	-6,359	15,1400
2,5715	-6,361	15,1450
2,5714	-6,364	15,1500
2,5800	-6,366	15,1550
2,5736	-6,368	15,1600
2,5621	-6,370	15,1650
2,5642	-6,372	15,1700
2,5754	-6,374	15,1750
2,5694	-6,376	15,1800
2,5733	-6,378	15,1850
2,5759	-6,380	15,1900
2,5687	-6,382	15,1950
2,5751	-6,385	15,2000
2,5829	-6,387	15,2050
2,5707	-6,389	15,2100
2,5695	-6,391	15,2150
2,5801	-6,393	15,2200
2,5822	-6,395	15,2250
2,5794	-6,397	15,2300
2,5876	-6,399	15,2350
2,5793	-6,401	15,2400
2,5764	-6,403	15,2450
2,5835	-6,406	15,2500
2,5861	-6,408	15,2550
2,5779	-6,410	15,2600
2,5782	-6,412	15,2650
2,5836	-6,414	15,2700
2,5839	-6,416	15,2750
2,5865	-6,418	15,2800
2,5936	-6,420	15,2850
2,5860	-6,422	15,2900
2,5899	-6,424	15,2950
2,5955	-6,427	15,3000
2,5893	-6,429	15,3050
2,5939	-6,431	15,3100
2,6043	-6,433	15,3150
2,5942	-6,435	15,3200
2,5901	-6,437	15,3250
2,5982	-6,439	15,3300
2,6015	-6,441	15,3350
2,6007	-6,443	15,3400
2,6042	-6,445	15,3450
2,6014	-6,448	15,3500
2,5977	-6,450	15,3550
2,6018	-6,452	15,3600
2,6071	-6,454	15,3650
2,6017	-6,456	15,3700
2,6080	-6,458	15,3750
2,6094	-6,460	15,3800
2,5942	-6,462	15,3850
2,5895	-6,464	15,3900
2,5978	-6,466	15,3950
2,6005	-6,469	15,4000
2,5988	-6,471	15,4050
2,6094	-6,473	15,4100
2,6113	-6,475	15,4150
2,6076	-6,477	15,4200
2,6090	-6,479	15,4250
2,6047	-6,481	15,4300
2,6068	-6,483	15,4350
2,6222	-6,485	15,4400
2,6189	-6,487	15,4450
2,6107	-6,490	15,4500
2,6081	-6,492	15,4550
2,6093	-6,494	15,4600
2,6030	-6,496	15,4650
2,6066	-6,498	15,4700
2,6162	-6,500	15,4750
2,6191	-6,502	15,4800
2,6229	-6,504	15,4850
2,6315	-6,506	15,4900
2,6186	-6,508	15,4950
2,6088	-6,511	15,5000
2,6182	-6,513	15,5050
2,6197	-6,515	15,5100
2,6150	-6,517	15,5150
2,6264	-6,519	15,5200
2,6270	-6,521	15,5250
2,6212	-6,523	15,5300
2,6239	-6,525	15,5350
2,6205	-6,527	15,5400
2,6112	-6,529	15,5450
2,6125	-6,532	15,5500
2,6253	-6,534	15,5550
2,6264	-6,536	15,5600
2,6351	-6,538	15,5650
2,6415	-6,540	15,5700
2,6298	-6,542	15,5750
2,6247	-6,544	15,5800
2,6386	-6,546	15,5850
2,6417	-6,548	15,5900
2,6363	-6,550	15,5950
2,6360	-6,553	15,6000
2,6379	-6,555	15,6050
2,6383	-6,557	15,6100
2,6387	-6,559	15,6150
2,6388	-6,561	15,6200
2,6332	-6,563	15,6250
2,6383	-6,565	15,6300
2,6393	-6,567	15,6350
2,6326	-6,569	15,6400
2,6277	-6,571	15,6450
2,6340	-6,574	15,6500
2,6347	-6,576	15,6550
2,6353	-6,578	15,6600
2,6382	-6,580	15,6650
2,6382	-6,582	15,6700
2,6414	-6,584	15,6750
2,6514	-6,586	15,6800
2,6505	-6,588	15,6850
2,6502	-6,590	15,6900
2,6510	-6,592	15,6950
2,6509	-6,595	15,7000
2,6522	-6,597	15,7050
2,6627	-6,599	15,7100
2,6549	-6,601	15,7150
2,6380	-6,603	15,7200
2,6407	-6,605	15,7250
2,6559	-6,607	15,7300
2,6528	-6,609	15,7350
2,6536	-6,611	15,7400
2,6609	-6,613	15,7450
2,6480	-6,616	15,7500
2,6474	-6,618	15,7550
2,6567	-6,620	15,7600
2,6550	-6,622	15,7650
2,6537	-6,624	15,7700
2,6628	-6,626	15,7750
2,6649	-6,628	15,7800
2,6567	-6,630	15,7850
2,6581	-6,632	15,7900
2,6575	-6,634	15,7950
2,6504	-6,637	15,8000
2,6605	-6,639	15,8050
2,6695	-6,641	15,8100
2,6655	-6,643	15,8150
2,6690	-6,645	15,8200
2,6729	-6,647	15,8250
2,6684	-6,649	15,8300
2,6688	-6,651	15,8350
2,6793	-6,653	15,8400
2,6740	-6,655	15,8450
2,6745	-6,658	15,8500
2,6836	-6,660	15,8550
2,6768	-6,662	15,8600
2,6694	-6,664	15,8650
2,6814	-6,666	15,8700
2,6802	-6,668	15,8750
2,6738	-6,670	15,8800
2,6776	-6,672	15,8850
2,6822	-6,674	15,8900
2,6716	-6,676	15,8950
2,6722	-6,679	15,9000
2,6784	-6,681	15,9050
2,6755	-6,683	15,9100
2,6792	-6,685	15,9150
2,6850	-6,687	15,9200
2,6822	-6,689	15,9250
2,6767	-6,691	15,9300
2,6851	-6,693	15,9350
2,6855	-6,695	15,9400
2,6865	-6,697	15,9450
2,6971	-6,700	15,9500
2,6891	-6,702	15,9550
2,6764	-6,704	15,9600
2,6803	-6,706	15,9650
2,6856	-6,708	15,9700
2,6861	-6,710	15,9750
2,6907	-6,712	15,9800
2,6905	-6,714	15,9850
2,6830	-6,716	15,9900
2,6944	-6,718	15,9950
2,6986	-6,721	16,0000
2,6929	-6,723	16,0050
2,6966	-6,725	16,0100
2,6928	-6,727	16,0150
2,6808	-6,729	16,0200
2,6820	-6,731	16,0250
2,6948	-6,733	16,0300
2,6886	-6,735	16,0350
2,6853	-6,737	16,0400
2,7043	-6,739	16,0450
2,7056	-6,742	16,0500
2,6895	-6,744	16,0550
2,6968	-6,746	16,0600
2,7009	-6,748	16,0650
2,6998	-6,750	16,0700
2,7000	-6,752	16,0750
2,7013	-6,754	16,0800
2,6970	-6,756	16,0850
2,7039	-6,758	16,0900
2,7106	-6,760	16,0950
2,7085	-6,763	16,1000
2,7126	-6,765	16,1050
2,7167	-6,767	16,1100
2,7112	-6,769	16,1150
2,7046	-6,771	16,1200
2,7123	-6,773	16,1250
2,7152	-6,775	16,1300
2,7150	-6,777	16,1350
2,7131	-6,779	16,1400
2,7074	-6,781	16,1450
2,7085	-6,784	16,1500
2,7212	-6,786	16,1550
2,7203	-6,788	16,1600
2,7177	-6,790	16,1650
2,7186	-6,792	16,1700
2,7206	-6,794	16,1750
2,7118	-6,796	16,1800
2,7198	-6,798	16,1850
2,7202	-6,800	16,1900
2,7168	-6,802	16,1950
2,7144	-6,805	16,2000
2,7201	-6,807	16,2050
2,7132	-6,809	16,2100
2,7108	-6,811	16,2150
2,7211	-6,813	16,2200
2,7259	-6,815	16,2250
2,7247	-6,817	16,2300
2,7357	-6,819	16,2350
2,7314	-6,821	16,2400
2,7228	-6,823	16,2450
2,7254	-6,826	16,2500
2,7297	-6,828	16,2550
2,7293	-6,830	16,2600
2,7333	-6,832	16,2650
2,7393	-6,834	16,2700
2,7264	-6,836	16,2750
2,7299	-6,838	16,2800
2,7319	-6,840	16,2850
2,7257	-6,842	16,2900
2,7265	-6,844	16,2950
2,7336	-6,847	16,3000
2,7302	-6,849	16,3050
2,7300	-6,851	16,3100
2,7353	-6,853	16,3150
2,7347	-6,855	16,3200
2,7371	-6,857	16,3250
2,7391	-6,859	16,3300
2,7361	-6,861	16,3350
2,7272	-6,863	16,3400
2,7365	-6,865	16,3450
2,7399	-6,868	16,3500
2,7408	-6,870	16,3550
2,7446	-6,872	16,3600
2,7471	-6,874	16,3650
2,7380	-6,876	16,3700
2,7411	-6,878	16,3750
2,7430	-6,880	16,3800
2,7388	-6,882	16,3850
2,7435	-6,884	16,3900
2,7542	-6,886	16,3950
2,7525	-6,889	16,4000
2,7467	-6,891	16,4050
2,7527	-6,893	16,4100
2,7547	-6,895	16,4150
2,7515	-6,897	16,4200
2,7577	-6,899	16,4250
2,7586	-6,901	16,4300
2,7498	-6,903	16,4350
2,7486	-6,905	16,4400
2,7478	-6,907	16,4450
2,7514	-6,910	16,4500
2,7553	-6,912	16,4550
2,7626	-6,914	16,4600
2,7580	-6,916	16,4650
2,7632	-6,918	16,4700
2,7601	-6,920	16,4750
2,7549	-6,922	16,4800
2,7586	-6,924	16,4850
2,7671	-6,926	16,4900
2,7615	-6,928	16,4950
2,7597	-6,931	16,5000
2,7600	-6,933	16,5050
2,7612	-6,935	16,5100
2,7555	-6,937	16,5150
2,7633	-6,939	16,5200
2,7730	-6,941	16,5250
2,7620	-6,943	16,5300
2,7654	-6,945	16,5350
2,7655	-6,947	16,5400
2,7630	-6,949	16,5450
2,7605	-6,952	16,5500
2,7710	-6,954	16,5550
2,7723	-6,956	16,5600
2,7723	-6,958	16,5650
2,7787	-6,960	16,5700
2,7709	-6,962	16,5750
2,7718	-6,964	16,5800
2,7828	-6,966	16,5850
2,7820	-6,968	16,5900
2,7778	-6,970	16,5950
2,7768	-6,973	16,6000
2,7773	-6,975	16,6050
2,7797	-6,977	16,6100
2,7832	-6,979	16,6150
2,7836	-6,981	16,6200
2,7776	-6,983	16,6250
2,7778	-6,985	16,6300
2,7840	-6,987	16,6350
2,7821	-6,989	16,6400
2,7834	-6,991	16,6450
2,7895	-6,994	16,6500
2,7805	-6,996	16,6550
2,7827	-6,998	16,6600
2,7946	-7,000	16,6650
2,7911	-7,002	16,6700
2,7874	-7,004	16,6750
2,7898	-7,006	16,6800
2,7901	-7,008	16,6850
2,7901	-7,010	16,6900
2,7880	-7,012	16,6950
2,7884	-7,015	16,7000
2,7847	-7,017	16,7050
2,7962	-7,019	16,7100
2,7967	-7,021	16,7150
2,7909	-7,023	16,7200
2,7977	-7,025	16,7250
2,8030	-7,027	16,7300
2,8003	-7,029	16,7350
2,7960	-7,031	16,7400
2,8028	-7,033	16,7450
2,7941	-7,036	16,7500
2,7868	-7,038	16,7550
2,7962	-7,040	16,7600
2,7964	-7,042	16,7650
2,7965	-7,044	16,7700
2,8040	-7,046	16,7750
2,7988	-7,048	16,7800
2,7966	-7,050	16,7850
2,8018	-7,052	16,7900
2,8031	-7,054	16,7950
2,7967	-7,057	16,8000
2,7998	-7,059	16,8050
2,8026	-7,061	16,8100
2,7986	-7,063	16,8150
2,8021	-7,065	16,8200
2,8045	-7,067	16,8250
2,8082	-7,069	16,8300
2,8075	-7,071	16,8350
2,8102	-7,073	16,8400
2,8040	-7,075	16,8450
2,8014	-7,078	16,8500
2,8030	-7,080	16,8550
2,8015	-7,082	16,8600
2,8124	-7,084	16,8650
2,8218	-7,086	16,8700
2,8116	-7,088	16,8750
2,8083	-7,090	16,8800
2,8196	-7,092	16,8850
2,8259	-7,094	16,8900
2,8176	-7,096	16,8950
2,8252	-7,099	16,9000
2,8225	-7,101	16,9050
2,8166	-7,103	16,9100
2,8249	-7,105	16,9150
2,8314	-7,107	16,9200
2,8210	-7,109	16,9250
2,8202	-7,111	16,9300
2,8252	-7,113	16,9350
2,8211	-7,115	16,9400
2,8225	-7,117	16,9450
2,8263	-7,120	16,9500
2,8219	-7,122	16,9550
2,8244	-7,124	16,9600
2,8326	-7,126	16,9650
2,8244	-7,128	16,9700
2,8167	-7,130	16,9750
2,8266	-7,132	16,9800
2,8342	-7,134	16,9850
2,8254	-7,136	16,9900
2,8278	-7,138	16,9950
2,8397	-7,141	17,0000
2,8302	-7,143	17,0050
2,8345	-7,145	17,0100
2,8407	-7,147	17,0150
2,8332	-7,149	17,0200
2,8303	-7,151	17,0250
2,8385	-7,153	17,0300
2,8358	-7,155	17,0350
2,8355	-7,157	17,0400
2,8452	-7,159	17,0450
2,8420	-7,162	17,0500
2,8307	-7,164	17,0550
2,8340	-7,166	17,0600
2,8364	-7,168	17,0650
2,8407	-7,170	17,0700
2,8447	-7,172	17,0750
2,8428	-7,174	17,0800
2,8319	-7,176	17,0850
2,8364	-7,178	17,0900
2,8427	-7,180	17,0950
2,8370	-7,183	17,1000
2,8380	-7,185	17,1050
2,8495	-7,187	17,1100
2,8449	-7,189	17,1150
2,8411	-7,191	17,1200
2,8539	-7,193	17,1250
2,8442	-7,195	17,1300
2,8356	-7,197	17,1350
2,8492	-7,199	17,1400
2,8475	-7,201	17,1450
2,8406	-7,204	17,1500
2,8509	-7,206	17,1550
2,8548	-7,208	17,1600
2,8522	-7,210	17,1650
2,8529	-7,212	17,1700
2,8565	-7,214	17,1750
2,8491	-7,216	17,1800
2,8500	-7,218	17,1850
2,8545	-7,220	17,1900
2,8608	-7,222	17,1950
2,8565	-7,225	17,2000
2,8591	-7,227	17,2050
2,8641	-7,229	17,2100
2,8657	-7,231	17,2150
2,8663	-7,233	17,2200
2,8587	-7,235	17,2250
2,8573	-7,237	17,2300
2,8715	-7,239	17,2350
2,8688	-7,241	17,2400
2,8634	-7,243	17,2450
2,8724	-7,246	17,2500
2,8703	-7,248	17,2550
2,8679	-7,250	17,2600
2,8731	-7,252	17,2650
2,8750	-7,254	17,2700
2,8726	-7,256	17,2750
2,8740	-7,258	17,2800
2,8779	-7,260	17,2850
2,8733	-7,262	17,2900
2,8697	-7,264	17,2950
2,8705	-7,267	17,3000
2,8749	-7,269	17,3050
2,8762	-7,271	17,3100
2,8797	-7,273	17,3150
2,8771	-7,275	17,3200
2,8714	-7,277	17,3250
2,8774	-7,279	17,3300
2,8799	-7,281	17,3350
2,8761	-7,283	17,3400
2,8874	-7,285	17,3450
2,8858	-7,288	17,3500
2,8753	-7,290	17,3550
2,8825	-7,292	17,3600
2,8823	-7,294	17,3650
2,8710	-7,296	17,3700
2,8802	-7,298	17,3750
2,8851	-7,300	17,3800
2,8786	-7,302	17,3850
2,8834	-7,304	17,3900
2,8908	-7,306	17,3950
2,8870	-7,309	17,4000
2,8833	-7,311	17,4050
2,8901	-7,313	17,4100
2,8858	-7,315	17,4150
2,8847	-7,317	17,4200
2,8996	-7,319	17,4250
2,8999	-7,321	17,4300
2,8881	-7,323	17,4350
2,8955	-7,325	17,4400
2,9086	-7,327	17,4450
2,9004	-7,330	17,4500
2,8908	-7,332	17,4550
2,9005	-7,334	17,4600
2,8972	-7,336	17,4650
2,8982	-7,338	17,4700
2,8998	-7,340	17,4750
2,8864	-7,342	17,4800
2,8914	-7,344	17,4850
2,9004	-7,346	17,4900
2,8997	-7,348	17,4950
2,9027	-7,351	17,5000
2,9051	-7,353	17,5050
2,9004	-7,355	17,5100
2,8940	-7,357	17,5150
2,9018	-7,359	17,5200
2,9041	-7,361	17,5250
2,9017	-7,363	17,5300
2,9054	-7,365	17,5350
2,9007	-7,367	17,5400
2,9050	-7,369	17,5450
2,9056	-7,372	17,5500
2,9072	-7,374	17,5550
2,9059	-7,376	17,5600
2,9142	-7,378	17,5650
2,9177	-7,380	17,5700
2,9055	-7,382	17,5750
2,9052	-7,384	17,5800
2,9203	-7,386	17,5850
2,9187	-7,388	17,5900
2,9163	-7,390	17,5950
2,9256	-7,393	17,6000
2,9232	-7,395	17,6050
2,9067	-7,397	17,6100
2,9125	-7,399	17,6150
2,9114	-7,401	17,6200
2,9040	-7,403	17,6250
2,9168	-7,405	17,6300
2,9257	-7,407	17,6350
2,9196	-7,409	17,6400
2,9196	-7,411	17,6450
2,9271	-7,414	17,6500
2,9244	-7,416	17,6550
2,9260	-7,418	17,6600
2,9281	-7,420	17,6650
2,9211	-7,422	17,6700
2,9183	-7,424	17,6750
2,9250	-7,426	17,6800
2,9212	-7,428	17,6850
2,9241	-7,430	17,6900
2,9271	-7,432	17,6950
2,9256	-7,435	17,7000
2,9159	-7,437	17,7050
2,9271	-7,439	17,7100
2,9334	-7,441	17,7150
2,9263	-7,443	17,7200
2,9283	-7,445	17,7250
2,9360	-7,447	17,7300
2,9364	-7,449	17,7350
2,9381	-7,451	17,7400
2,9425	-7,453	17,7450
2,9351	-7,456	17,7500
2,9364	-7,458	17,7550
2,9427	-7,460	17,7600
2,9366	-7,462	17,7650
2,9366	-7,464	17,7700
2,9469	-7,466	17,7750
2,9410	-7,468	17,7800
2,9353	-7,470	17,7850
2,9454	-7,472	17,7900
2,9516	-7,474	17,7950
2,9407	-7,477	17,8000
2,9450	-7,479	17,8050
2,9539	-7,481	17,8100
2,9471	-7,483	17,8150
2,9417	-7,485	17,8200
2,9393	-7,487	17,8250
2,9376	-7,489	17,8300
2,9420	-7,491	17,8350
2,9494	-7,493	17,8400
2,9475	-7,495	17,8450
2,9503	-7,498	17,8500
2,9581	-7,500	17,8550
2,9527	-7,502	17,8600
2,9433	-7,504	17,8650
2,9469	-7,506	17,8700
2,9460	-7,508	17,8750
2,9458	-7,510	17,8800
2,9557	-7,512	17,8850
2,9551	-7,514	17,8900
2,9487	-7,516	17,8950
2,9544	-7,519	17,9000
2,9510	-7,521	17,9050
2,9471	-7,523	17,9100
2,9561	-7,525	17,9150
2,9615	-7,527	17,9200
2,9568	-7,529	17,9250
2,9557	-7,531	17,9300
2,9675	-7,533	17,9350
2,9575	-7,535	17,9400
2,9525	-7,537	17,9450
2,9614	-7,540	17,9500
2,9534	-7,542	17,9550
2,9534	-7,544	17,9600
2,9631	-7,546	17,9650
2,9599	-7,548	17,9700
2,9604	-7,550	17,9750
2,9667	-7,552	17,9800
2,9720	-7,554	17,9850
2,9640	-7,556	17,9900
2,9713	-7,558	17,9950
2,9748	-7,561	18,0000
2,9639	-7,563	18,0050
2,9674	-7,565	18,0100
2,9734	-7,567	18,0150
2,9712	-7,569	18,0200
2,9710	-7,571	18,0250
2,9819	-7,573	18,0300
2,9826	-7,575	18,0350
2,9850	-7,577	18,0400
2,9830	-7,579	18,0450
2,9784	-7,582	18,0500
2,9732	-7,584	18,0550
2,9768	-7,586	18,0600
2,9710	-7,588	18,0650
2,9718	-7,590	18,0700
2,9824	-7,592	18,0750
2,9832	-7,594	18,0800
2,9777	-7,596	18,0850
2,9874	-7,598	18,0900
2,9836	-7,600	18,0950
2,9748	-7,603	18,1000
2,9859	-7,605	18,1050
2,9919	-7,607	18,1100
2,9856	-7,609	18,1150
2,9880	-7,611	18,1200
2,9917	-7,613	18,1250
2,9835	-7,615	18,1300
2,9818	-7,617	18,1350
2,9916	-7,619	18,1400
2,9840	-7,621	18,1450
2,9762	-7,624	18,1500
2,9829	-7,626	18,1550
2,9876	-7,628	18,1600
2,9876	-7,630	18,1650
2,9880	-7,632	18,1700
2,9912	-7,634	18,1750
2,9838	-7,636	18,1800
2,9893	-7,638	18,1850
2,9933	-7,640	18,1900
2,9868	-7,642	18,1950
2,9877	-7,645	18,2000
2,9992	-7,647	18,2050
3,0038	-7,649	18,2100
3,0053	-7,651	18,2150
3,0106	-7,653	18,2200
3,0027	-7,655	18,2250
2,9902	-7,657	18,2300
3,0016	-7,659	18,2350
3,0044	-7,661	18,2400
3,0030	-7,663	18,2450
3,0120	-7,666	18,2500
3,0055	-7,668	18,2550
3,0034	-7,670	18,2600
3,0059	-7,672	18,2650
3,0167	-7,674	18,2700
3,0091	-7,676	18,2750
3,0086	-7,678	18,2800
3,0093	-7,680	18,2850
3,0041	-7,682	18,2900
3,0087	-7,684	18,2950
3,0214	-7,687	18,3000
3,0192	-7,689	18,3050
3,0125	-7,691	18,3100
3,0127	-7,693	18,3150
3,0125	-7,695	18,3200
3,0178	-7,697	18,3250
3,0193	-7,699	18,3300
3,0131	-7,701	18,3350
3,0076	-7,703	18,3400
3,0112	-7,705	18,3450
3,0125	-7,708	18,3500
3,0161	-7,710	18,3550
3,0222	-7,712	18,3600
3,0218	-7,714	18,3650
3,0126	-7,716	18,3700
3,0191	-7,718	18,3750
3,0252	-7,720	18,3800
3,0253	-7,722	18,3850
3,0230	-7,724	18,3900
3,0312	-7,726	18,3950
3,0267	-7,729	18,4000
3,0205	-7,731	18,4050
3,0226	-7,733	18,4100
3,0206	-7,735	18,4150
3,0249	-7,737	18,4200
3,0265	-7,739	18,4250
3,0255	-7,741	18,4300
3,0200	-7,743	18,4350
3,0284	-7,745	18,4400
3,0311	-7,747	18,4450
3,0237	-7,750	18,4500
3,0244	-7,752	18,4550
3,0349	-7,754	18,4600
3,0290	-7,756	18,4650
3,0350	-7,758	18,4700
3,0368	-7,760	18,4750
3,0253	-7,762	18,4800
3,0252	-7,764	18,4850
3,0338	-7,766	18,4900
3,0339	-7,768	18,4950
3,0311	-7,771	18,5000
3,0413	-7,773	18,5050
3,0442	-7,775	18,5100
3,0365	-7,777	18,5150
3,0405	-7,779	18,5200
3,0389	-7,781	18,5250
3,0349	-7,783	18,5300
3,0463	-7,785	18,5350
3,0492	-7,787	18,5400
3,0461	-7,789	18,5450
3,0424	-7,792	18,5500
3,0489	-7,794	18,5550
3,0493	-7,796	18,5600
3,0577	-7,798	18,5650
3,0611	-7,800	18,5700
3,0460	-7,802	18,5750
3,0375	-7,804	18,5800
3,0495	-7,806	18,5850
3,0487	-7,808	18,5900
3,0442	-7,810	18,5950
3,0488	-7,813	18,6000
3,0519	-7,815	18,6050
3,0480	-7,817	18,6100
3,0570	-7,819	18,6150
3,0587	-7,821	18,6200
3,0491	-7,823	18,6250
3,0526	-7,825	18,6300
3,0542	-7,827	18,6350
3,0540	-7,829	18,6400
3,0576	-7,831	18,6450
3,0648	-7,834	18,6500
3,0624	-7,836	18,6550
3,0574	-7,838	18,6600
3,0580	-7,840	18,6650
3,0554	-7,842	18,6700
3,0517	-7,844	18,6750
3,0603	-7,846	18,6800
3,0565	-7,848	18,6850
3,0561	-7,850	18,6900
3,0661	-7,852	18,6950
3,0582	-7,855	18,7000
3,0506	-7,857	18,7050
3,0693	-7,859	18,7100
3,0717	-7,861	18,7150
3,0608	-7,863	18,7200
3,0688	-7,865	18,7250
3,0758	-7,867	18,7300
3,0737	-7,869	18,7350
3,0785	-7,871	18,7400
3,0794	-7,873	18,7450
3,0703	-7,876	18,7500
3,0707	-7,878	18,7550
3,0811	-7,880	18,7600
3,0693	-7,882	18,7650
3,0610	-7,884	18,7700
3,0711	-7,886	18,7750
3,0725	-7,888	18,7800
3,0738	-7,890	18,7850
3,0755	-7,892	18,7900
3,0730	-7,894	18,7950
3,0717	-7,897	18,8000
3,0820	-7,899	18,8050
3,0848	-7,901	18,8100
3,0807	-7,903	18,8150
3,0838	-7,905	18,8200
3,0837	-7,907	18,8250
3,0862	-7,909	18,8300
3,0827	-7,911	18,8350
3,0862	-7,913	18,8400
3,0816	-7,915	18,8450
3,0843	-7,918	18,8500
3,0919	-7,920	18,8550
3,0843	-7,922	18,8600
3,0796	-7,924	18,8650
3,0929	-7,926	18,8700
3,0881	-7,928	18,8750
3,0850	-7,930	18,8800
3,0966	-7,932	18,8850
3,1036	-7,934	18,8900
3,0980	-7,936	18,8950
3,1050	-7,939	18,9000
3,1004	-7,941	18,9050
3,0879	-7,943	18,9100
3,0937	-7,945	18,9150
3,1025	-7,947	18,9200
3,1021	-7,949	18,9250
3,0962	-7,951	18,9300
3,1017	-7,953	18,9350
3,0995	-7,955	18,9400
3,1050	-7,957	18,9450
3,1048	-7,960	18,9500
3,0966	-7,962	18,9550
3,0987	-7,964	18,9600
3,1122	-7,966	18,9650
3,1102	-7,968	18,9700
3,1032	-7,970	18,9750
3,1046	-7,972	18,9800
3,1086	-7,974	18,9850
3,1007	-7,976	18,9900
3,1048	-7,978	18,9950
3,1103	-7,981	19,0000
3,1071	-7,983	19,0050
3,1063	-7,985	19,0100
3,1107	-7,987	19,0150
3,1077	-7,989	19,0200
3,1020	-7,991	19,0250
3,1078	-7,993	19,0300
3,1078	-7,995	19,0350
3,1083	-7,997	19,0400
3,1125	-7,999	19,0450
3,1072	-8,002	19,0500
3,1061	-8,004	19,0550
3,1198	-8,006	19,0600
3,1210	-8,008	19,0650
3,1143	-8,010	19,0700
3,1252	-8,012	19,0750
3,1274	-8,014	19,0800
3,1089	-8,016	19,0850
3,1096	-8,018	19,0900
3,1169	-8,020	19,0950
3,1147	-8,023	19,1000
3,1164	-8,025	19,1050
3,1253	-8,027	19,1100
3,1233	-8,029	19,1150
3,1218	-8,031	19,1200
3,1293	-8,033	19,1250
3,1267	-8,035	19,1300
3,1199	-8,037	19,1350
3,1262	-8,039	19,1400
3,1342	-8,041	19,1450
3,1303	-8,044	19,1500
3,1334	-8,046	19,1550
3,1301	-8,048	19,1600
3,1234	-8,050	19,1650
3,1279	-8,052	19,1700
3,1346	-8,054	19,1750
3,1256	-8,056	19,1800
3,1255	-8,058	19,1850
3,1326	-8,060	19,1900
3,1330	-8,062	19,1950
3,1325	-8,065	19,2000
3,1396	-8,067	19,2050
3,1326	-8,069	19,2100
3,1242	-8,071	19,2150
3,1335	-8,073	19,2200
3,1352	-8,075	19,2250
3,1293	-8,077	19,2300
3,1337	-8,079	19,2350
3,1293	-8,081	19,2400
3,1276	-8,083	19,2450
3,1434	-8,086	19,2500
3,1445	-8,088	19,2550
3,1369	-8,090	19,2600
3,1384	-8,092	19,2650
3,1467	-8,094	19,2700
3,1382	-8,096	19,2750
3,1412	-8,098	19,2800
3,1488	-8,100	19,2850
3,1419	-8,102	19,2900
3,1406	-8,104	19,2950
3,1481	-8,107	19,3000
3,1502	-8,109	19,3050
3,1552	-8,111	19,3100
3,1650	-8,113	19,3150
3,1535	-8,115	19,3200
3,1452	-8,117	19,3250
3,1528	-8,119	19,3300
3,1568	-8,121	19,3350
3,1567	-8,123	19,3400
3,1635	-8,125	19,3450
3,1573	-8,128	19,3500
3,1520	-8,130	19,3550
3,1560	-8,132	19,3600
3,1625	-8,134	19,3650
3,1580	-8,136	19,3700
3,1543	-8,138	19,3750
3,1577	-8,140	19,3800
3,1536	-8,142	19,3850
3,1517	-8,144	19,3900
3,1594	-8,146	19,3950
3,1632	-8,149	19,4000
3,1595	-8,151	19,4050
3,1620	-8,153	19,4100
3,1604	-8,155	19,4150
3,1573	-8,157	19,4200
3,1655	-8,159	19,4250
3,1638	-8,161	19,4300
3,1500	-8,163	19,4350
3,1621	-8,165	19,4400
3,1709	-8,167	19,4450
3,1683	-8,170	19,4500
3,1659	-8,172	19,4550
3,1733	-8,174	19,4600
3,1653	-8,176	19,4650
3,1649	-8,178	19,4700
3,1738	-8,180	19,4750
3,1652	-8,182	19,4800
3,1644	-8,184	19,4850
3,1729	-8,186	19,4900
3,1694	-8,188	19,4950
3,1744	-8,191	19,5000
3,1813	-8,193	19,5050
3,1797	-8,195	19,5100
3,1758	-8,197	19,5150
3,1826	-8,199	19,5200
3,1815	-8,201	19,5250
3,1719	-8,203	19,5300
3,1796	-8,205	19,5350
3,1820	-8,207	19,5400
3,1735	-8,209	19,5450
3,1721	-8,212	19,5500
3,1796	-8,214	19,5550
3,1713	-8,216	19,5600
3,1750	-8,218	19,5650
3,1872	-8,220	19,5700
3,1802	-8,222	19,5750
3,1757	-8,224	19,5800
3,1859	-8,226	19,5850
3,1900	-8,228	19,5900
3,1843	-8,230	19,5950
3,1856	-8,233	19,6000
3,1840	-8,235	19,6050
3,1835	-8,237	19,6100
3,1860	-8,239	19,6150
3,1802	-8,241	19,6200
3,1781	-8,243	19,6250
3,1898	-8,245	19,6300
3,1982	-8,247	19,6350
3,1981	-8,249	19,6400
3,1952	-8,251	19,6450
3,1993	-8,254	19,6500
3,1954	-8,256	19,6550
3,1935	-8,258	19,6600
3,2003	-8,260	19,6650
3,1966	-8,262	19,6700
3,1902	-8,264	19,6750
3,1981	-8,266	19,6800
3,1972	-8,268	19,6850
3,2004	-8,270	19,6900
3,2067	-8,272	19,6950
3,2001	-8,275	19,7000
3,1915	-8,277	19,7050
3,2050	-8,279	19,7100
3,2119	-8,281	19,7150
3,2060	-8,283	19,7200
3,2103	-8,285	19,7250
3,2136	-8,287	19,7300
3,2017	-8,289	19,7350
3,1976	-8,291	19,7400
3,2147	-8,293	19,7450
3,2140	-8,296	19,7500
3,2131	-8,298	19,7550
3,2199	-8,300	19,7600
3,2130	-8,302	19,7650
3,2050	-8,304	19,7700
3,2154	-8,306	19,7750
3,2171	-8,308	19,7800
3,2124	-8,310	19,7850
3,2154	-8,312	19,7900
3,2172	-8,314	19,7950
3,2126	-8,317	19,8000
3,2182	-8,319	19,8050
3,2189	-8,321	19,8100
3,2025	-8,323	19,8150
3,2074	-8,325	19,8200
3,2164	-8,327	19,8250
3,2160	-8,329	19,8300
3,2161	-8,331	19,8350
3,2249	-8,333	19,8400
3,2227	-8,335	19,8450
3,2256	-8,338	19,8500
3,2279	-8,340	19,8550
3,2227	-8,342	19,8600
3,2183	-8,344	19,8650
3,2291	-8,346	19,8700
3,2269	-8,348	19,8750
3,2236	-8,350	19,8800
3,2319	-8,352	19,8850
3,2263	-8,354	19,8900
3,2189	-8,356	19,8950
3,2254	-8,359	19,9000
3,2256	-8,361	19,9050
3,2193	-8,363	19,9100
3,2165	-8,365	19,9150
3,2251	-8,367	19,9200
3,2273	-8,369	19,9250
3,2280	-8,371	19,9300
3,2329	-8,373	19,9350
3,2374	-8,375	19,9400
3,2341	-8,377	19,9450
3,2388	-8,380	19,9500
3,2383	-8,382	19,9550
3,2324	-8,384	19,9600
3,2415	-8,386	19,9650
3,2445	-8,388	19,9700
3,2413	-8,390	19,9750
3,2433	-8,392	19,9800
3,2468	-8,394	19,9850
3,2407	-8,396	19,9900
3,2442	-8,398	19,9950
3,2473	-8,401	20,0000
3,2368	-8,403	20,0050
3,2406	-8,405	20,0100
3,2472	-8,407	20,0150
3,2398	-8,409	20,0200
3,2385	-8,411	20,0250
3,2450	-8,413	20,0300
3,2378	-8,415	20,0350
3,2372	-8,417	20,0400
3,2465	-8,419	20,0450
3,2466	-8,422	20,0500
3,2407	-8,424	20,0550
3,2413	-8,426	20,0600
3,2423	-8,428	20,0650
3,2421	-8,430	20,0700
3,2487	-8,432	20,0750
3,2507	-8,434	20,0800
3,2493	-8,436	20,0850
3,2556	-8,438	20,0900
3,2575	-8,440	20,0950
3,2486	-8,443	20,1000
3,2456	-8,445	20,1050
3,2465	-8,447	20,1100
3,2475	-8,449	20,1150
3,2494	-8,451	20,1200
3,2571	-8,453	20,1250
3,2556	-8,455	20,1300
3,2590	-8,457	20,1350
3,2710	-8,459	20,1400
3,2626	-8,461	20,1450
3,2537	-8,464	20,1500
3,2695	-8,466	20,1550
3,2719	-8,468	20,1600
3,2620	-8,470	20,1650
3,2614	-8,472	20,1700
3,2635	-8,474	20,1750
3,2576	-8,476	20,1800
3,2684	-8,478	20,1850
3,2736	-8,480	20,1900
3,2630	-8,482	20,1950
3,2650	-8,485	20,2000
3,2717	-8,487	20,2050
3,2703	-8,489	20,2100
3,2733	-8,491	20,2150
3,2769	-8,493	20,2200
3,2728	-8,495	20,2250
3,2668	-8,497	20,2300
3,2739	-8,499	20,2350
3,2713	-8,501	20,2400
3,2682	-8,503	20,2450
3,2698	-8,506	20,2500
3,2723	-8,508	20,2550
3,2727	-8,510	20,2600
3,2790	-8,512	20,2650
3,2816	-8,514	20,2700
3,2753	-8,516	20,2750
3,2792	-8,518	20,2800
3,2805	-8,520	20,2850
3,2772	-8,522	20,2900
3,2798	-8,524	20,2950
3,2884	-8,527	20,3000
3,2870	-8,529	20,3050
3,2781	-8,531	20,3100
3,2829	-8,533	20,3150
3,2848	-8,535	20,3200
3,2810	-8,537	20,3250
3,2864	-8,539	20,3300
3,2872	-8,541	20,3350
3,2842	-8,543	20,3400
3,2917	-8,545	20,3450
3,2848	-8,548	20,3500
3,2810	-8,550	20,3550
3,2845	-8,552	20,3600
3,2915	-8,554	20,3650
3,2883	-8,556	20,3700
3,2959	-8,558	20,3750
3,2933	-8,560	20,3800
3,2839	-8,562	20,3850
3,2851	-8,564	20,3900
3,2992	-8,566	20,3950
3,2970	-8,569	20,4000
3,2844	-8,571	20,4050
3,2908	-8,573	20,4100
3,2942	-8,575	20,4150
3,2925	-8,577	20,4200
3,3046	-8,579	20,4250
3,3019	-8,581	20,4300
3,2919	-8,583	20,4350
3,2979	-8,585	20,4400
3,3001	-8,587	20,4450
3,2988	-8,590	20,4500
3,3063	-8,592	20,4550
3,3154	-8,594	20,4600
3,2993	-8,596	20,4650
3,2908	-8,598	20,4700
3,2938	-8,600	20,4750
3,2885	-8,602	20,4800
3,2971	-8,604	20,4850
3,3111	-8,606	20,4900
3,3066	-8,608	20,4950
3,3060	-8,611	20,5000
3,3110	-8,613	20,5050
3,3026	-8,615	20,5100
3,3037	-8,617	20,5150
3,3124	-8,619	20,5200
3,3192	-8,621	20,5250
3,3139	-8,623	20,5300
3,3138	-8,625	20,5350
3,3095	-8,627	20,5400
3,3018	-8,629	20,5450
3,3055	-8,632	20,5500
3,3189	-8,634	20,5550
3,3128	-8,636	20,5600
3,3140	-8,638	20,5650
3,3179	-8,640	20,5700
3,3094	-8,642	20,5750
3,3134	-8,644	20,5800
3,3289	-8,646	20,5850
3,3264	-8,648	20,5900
3,3127	-8,650	20,5950
3,3116	-8,653	20,6000
3,3184	-8,655	20,6050
3,3159	-8,657	20,6100
3,3172	-8,659	20,6150
3,3183	-8,661	20,6200
3,3201	-8,663	20,6250
3,3238	-8,665	20,6300
3,3227	-8,667	20,6350
3,3255	-8,669	20,6400
3,3317	-8,671	20,6450
3,3435	-8,674	20,6500
3,3337	-8,676	20,6550
3,3265	-8,678	20,6600
3,3257	-8,680	20,6650
3,3216	-8,682	20,6700
3,3238	-8,684	20,6750
3,3344	-8,686	20,6800
3,3269	-8,688	20,6850
3,3241	-8,690	20,6900
3,3300	-8,692	20,6950
3,3320	-8,695	20,7000
3,3277	-8,697	20,7050
3,3386	-8,699	20,7100
3,3413	-8,701	20,7150
3,3327	-8,703	20,7200
3,3304	-8,705	20,7250
3,3351	-8,707	20,7300
3,3445	-8,709	20,7350
3,3462	-8,711	20,7400
3,3458	-8,713	20,7450
3,3384	-8,716	20,7500
3,3416	-8,718	20,7550
3,3464	-8,720	20,7600
3,3388	-8,722	20,7650
3,3396	-8,724	20,7700
3,3478	-8,726	20,7750
3,3458	-8,728	20,7800
3,3394	-8,730	20,7850
3,3503	-8,732	20,7900
3,3449	-8,734	20,7950
3,3378	-8,737	20,8000
3,3521	-8,739	20,8050
3,3580	-8,741	20,8100
3,3442	-8,743	20,8150
3,3462	-8,745	20,8200
3,3565	-8,747	20,8250
3,3567	-8,749	20,8300
3,3483	-8,751	20,8350
3,3483	-8,753	20,8400
3,3531	-8,755	20,8450
3,3545	-8,758	20,8500
3,3544	-8,760	20,8550
3,3530	-8,762	20,8600
3,3503	-8,764	20,8650
3,3624	-8,766	20,8700
3,3580	-8,768	20,8750
3,3559	-8,770	20,8800
3,3667	-8,772	20,8850
3,3662	-8,774	20,8900
3,3566	-8,776	20,8950
3,3599	-8,779	20,9000
3,3597	-8,781	20,9050
3,3519	-8,783	20,9100
3,3545	-8,785	20,9150
3,3553	-8,787	20,9200
3,3609	-8,789	20,9250
3,3659	-8,791	20,9300
3,3741	-8,793	20,9350
3,3683	-8,795	20,9400
3,3596	-8,797	20,9450
3,3660	-8,800	20,9500
3,3632	-8,802	20,9550
3,3625	-8,804	20,9600
3,3763	-8,806	20,9650
3,3772	-8,808	20,9700
3,3686	-8,810	20,9750
3,3722	-8,812	20,9800
3,3777	-8,814	20,9850
3,3689	-8,816	20,9900
3,3706	-8,818	20,9950
3,3733	-8,821	21,0000
3,3627	-8,823	21,0050
3,3675	-8,825	21,0100
3,3752	-8,827	21,0150
3,3748	-8,829	21,0200
3,3759	-8,831	21,0250
3,3839	-8,833	21,0300
3,3809	-8,835	21,0350
3,3772	-8,837	21,0400
3,3849	-8,839	21,0450
3,3796	-8,842	21,0500
3,3748	-8,844	21,0550
3,3880	-8,846	21,0600
3,3880	-8,848	21,0650
3,3811	-8,850	21,0700
3,3853	-8,852	21,0750
3,3851	-8,854	21,0800
3,3840	-8,856	21,0850
3,3920	-8,858	21,0900
3,3853	-8,860	21,0950
3,3768	-8,863	21,1000
3,3829	-8,865	21,1050
3,3906	-8,867	21,1100
3,3888	-8,869	21,1150
3,3844	-8,871	21,1200
3,3963	-8,873	21,1250
3,3910	-8,875	21,1300
3,3864	-8,877	21,1350
3,3967	-8,879	21,1400
3,3908	-8,881	21,1450
3,3814	-8,884	21,1500
3,3968	-8,886	21,1550
3,3972	-8,888	21,1600
3,3923	-8,890	21,1650
3,3980	-8,892	21,1700
3,3986	-8,894	21,1750
3,3905	-8,896	21,1800
3,3980	-8,898	21,1850
3,4034	-8,900	21,1900
3,3972	-8,902	21,1950
3,3980	-8,905	21,2000
3,3971	-8,907	21,2050
3,3918	-8,909	21,2100
3,3925	-8,911	21,2150
3,4060	-8,913	21,2200
3,3992	-8,915	21,2250
3,3978	-8,917	21,2300
3,4013	-8,919	21,2350
3,3971	-8,921	21,2400
3,3942	-8,923	21,2450
3,4039	-8,926	21,2500
3,4072	-8,928	21,2550
3,4001	-8,930	21,2600
3,4068	-8,932	21,2650
3,4146	-8,934	21,2700
3,4038	-8,936	21,2750
3,4075	-8,938	21,2800
3,4228	-8,940	21,2850
3,4158	-8,942	21,2900
3,4074	-8,944	21,2950
3,4134	-8,947	21,3000
3,4185	-8,949	21,3050
3,4212	-8,951	21,3100
3,4249	-8,953	21,3150
3,4186	-8,955	21,3200
3,4159	-8,957	21,3250
3,4173	-8,959	21,3300
3,4170	-8,961	21,3350
3,4225	-8,963	21,3400
3,4213	-8,965	21,3450
3,4199	-8,968	21,3500
3,4201	-8,970	21,3550
3,4225	-8,972	21,3600
3,4256	-8,974	21,3650
3,4202	-8,976	21,3700
3,4271	-8,978	21,3750
3,4275	-8,980	21,3800
3,4229	-8,982	21,3850
3,4237	-8,984	21,3900
3,4277	-8,986	21,3950
3,4276	-8,989	21,4000
3,4289	-8,991	21,4050
3,4288	-8,993	21,4100
3,4280	-8,995	21,4150
3,4255	-8,997	21,4200
3,4281	-8,999	21,4250
3,4349	-9,001	21,4300
3,4339	-9,003	21,4350
3,4321	-9,005	21,4400
3,4360	-9,007	21,4450
3,4297	-9,010	21,4500
3,4268	-9,012	21,4550
3,4343	-9,014	21,4600
3,4359	-9,016	21,4650
3,4393	-9,018	21,4700
3,4358	-9,020	21,4750
3,4271	-9,022	21,4800
3,4252	-9,024	21,4850
3,4397	-9,026	21,4900
3,4363	-9,028	21,4950
3,4341	-9,031	21,5000
3,4405	-9,033	21,5050
3,4442	-9,035	21,5100
3,4395	-9,037	21,5150
3,4418	-9,039	21,5200
3,4391	-9,041	21,5250
3,4389	-9,043	21,5300
3,4486	-9,045	21,5350
3,4531	-9,047	21,5400
3,4387	-9,049	21,5450
3,4354	-9,052	21,5500
3,4450	-9,054	21,5550
3,4463	-9,056	21,5600
3,4510	-9,058	21,5650
3,4583	-9,060	21,5700
3,4571	-9,062	21,5750
3,4547	-9,064	21,5800
3,4576	-9,066	21,5850
3,4552	-9,068	21,5900
3,4508	-9,070	21,5950
3,4548	-9,073	21,6000
3,4519	-9,075	21,6050
3,4429	-9,077	21,6100
3,4555	-9,079	21,6150
3,4616	-9,081	21,6200
3,4516	-9,083	21,6250
3,4566	-9,085	21,6300
3,4599	-9,087	21,6350
3,4510	-9,089	21,6400
3,4479	-9,091	21,6450
3,4598	-9,094	21,6500
3,4555	-9,096	21,6550
3,4571	-9,098	21,6600
3,4671	-9,100	21,6650
3,4615	-9,102	21,6700
3,4594	-9,104	21,6750
3,4695	-9,106	21,6800
3,4664	-9,108	21,6850
3,4617	-9,110	21,6900
3,4680	-9,112	21,6950
3,4690	-9,115	21,7000
3,4689	-9,117	21,7050
3,4738	-9,119	21,7100
3,4701	-9,121	21,7150
3,4614	-9,123	21,7200
3,4636	-9,125	21,7250
3,4680	-9,127	21,7300
3,4637	-9,129	21,7350
3,4638	-9,131	21,7400
3,4723	-9,133	21,7450
3,4747	-9,136	21,7500
3,4713	-9,138	21,7550
3,4724	-9,140	21,7600
3,4786	-9,142	21,7650
3,4794	-9,144	21,7700
3,4842	-9,146	21,7750
3,4807	-9,148	21,7800
3,4761	-9,150	21,7850
3,4821	-9,152	21,7900
3,4837	-9,154	21,7950
3,4760	-9,157	21,8000
3,4817	-9,159	21,8050
3,4798	-9,161	21,8100
3,4677	-9,163	21,8150
3,4725	-9,165	21,8200
3,4807	-9,167	21,8250
3,4775	-9,169	21,8300
3,4854	-9,171	21,8350
3,4967	-9,173	21,8400
3,4899	-9,175	21,8450
3,4870	-9,178	21,8500
3,4884	-9,180	21,8550
3,4779	-9,182	21,8600
3,4765	-9,184	21,8650
3,4933	-9,186	21,8700
3,4934	-9,188	21,8750
3,4864	-9,190	21,8800
3,4860	-9,192	21,8850
3,4849	-9,194	21,8900
3,4793	-9,196	21,8950
3,4902	-9,199	21,9000
3,5006	-9,201	21,9050
3,4944	-9,203	21,9100
3,4907	-9,205	21,9150
3,4973	-9,207	21,9200
3,4940	-9,209	21,9250
3,4914	-9,211	21,9300
3,4961	-9,213	21,9350
3,4987	-9,215	21,9400
3,4946	-9,217	21,9450
3,5006	-9,220	21,9500
3,5008	-9,222	21,9550
3,4966	-9,224	21,9600
3,4999	-9,226	21,9650
3,4961	-9,228	21,9700
3,4920	-9,230	21,9750
3,4956	-9,232	21,9800
3,4999	-9,234	21,9850
3,4966	-9,236	21,9900
3,4979	-9,238	21,9950
3,5019	-9,241	22,0000
3,4987	-9,243	22,0050
3,5032	-9,245	22,0100
3,5081	-9,247	22,0150
3,5109	-9,249	22,0200
3,5048	-9,251	22,0250
3,5039	-9,253	22,0300
3,4989	-9,255	22,0350
3,4960	-9,257	22,0400
3,5025	-9,259	22,0450
3,5017	-9,262	22,0500
3,5047	-9,264	22,0550
3,5234	-9,266	22,0600
3,5173	-9,268	22,0650
3,5092	-9,270	22,0700
3,5147	-9,272	22,0750
3,5161	-9,274	22,0800
3,5060	-9,276	22,0850
3,5134	-9,278	22,0900
3,5144	-9,280	22,0950
3,5132	-9,283	22,1000
3,5130	-9,285	22,1050
3,5152	-9,287	22,1100
3,5159	-9,289	22,1150
3,5130	-9,291	22,1200
3,5233	-9,293	22,1250
3,5270	-9,295	22,1300
3,5247	-9,297	22,1350
3,5287	-9,299	22,1400
3,5289	-9,301	22,1450
3,5242	-9,304	22,1500
3,5324	-9,306	22,1550
3,5286	-9,308	22,1600
3,5191	-9,310	22,1650
3,5206	-9,312	22,1700
3,5277	-9,314	22,1750
3,5183	-9,316	22,1800
3,5186	-9,318	22,1850
3,5218	-9,320	22,1900
3,5171	-9,322	22,1950
3,5241	-9,325	22,2000
3,5355	-9,327	22,2050
3,5300	-9,329	22,2100
3,5331	-9,331	22,2150
3,5402	-9,333	22,2200
3,5347	-9,335	22,2250
3,5287	-9,337	22,2300
3,5376	-9,339	22,2350
3,5383	-9,341	22,2400
3,5302	-9,343	22,2450
3,5369	-9,346	22,2500
3,5341	-9,348	22,2550
3,5300	-9,350	22,2600
3,5386	-9,352	22,2650
3,5513	-9,354	22,2700
3,5399	-9,356	22,2750
3,5356	-9,358	22,2800
3,5388	-9,360	22,2850
3,5344	-9,362	22,2900
3,5394	-9,364	22,2950
3,5544	-9,367	22,3000
3,5472	-9,369	22,3050
3,5413	-9,371	22,3100
3,5535	-9,373	22,3150
3,5527	-9,375	22,3200
3,5466	-9,377	22,3250
3,5508	-9,379	22,3300
3,5429	-9,381	22,3350
3,5353	-9,383	22,3400
3,5468	-9,385	22,3450
3,5532	-9,388	22,3500
3,5485	-9,390	22,3550
3,5470	-9,392	22,3600
3,5594	-9,394	22,3650
3,5533	-9,396	22,3700
3,5532	-9,398	22,3750
3,5603	-9,400	22,3800
3,5548	-9,402	22,3850
3,5546	-9,404	22,3900
3,5575	-9,406	22,3950
3,5553	-9,409	22,4000
3,5463	-9,411	22,4050
3,5509	-9,413	22,4100
3,5508	-9,415	22,4150
3,5529	-9,417	22,4200
3,5590	-9,419	22,4250
3,5585	-9,421	22,4300
3,5530	-9,423	22,4350
3,5559	-9,425	22,4400
3,5560	-9,427	22,4450
3,5627	-9,430	22,4500
3,5692	-9,432	22,4550
3,5732	-9,434	22,4600
3,5715	-9,436	22,4650
3,5684	-9,438	22,4700
3,5679	-9,440	22,4750
3,5599	-9,442	22,4800
3,5555	-9,444	22,4850
3,5570	-9,446	22,4900
3,5573	-9,448	22,4950
3,5567	-9,451	22,5000
3,5684	-9,453	22,5050
3,5709	-9,455	22,5100
3,5650	-9,457	22,5150
3,5733	-9,459	22,5200
3,5765	-9,461	22,5250
3,5730	-9,463	22,5300
3,5766	-9,465	22,5350
3,5778	-9,467	22,5400
3,5781	-9,469	22,5450
3,5747	-9,472	22,5500
3,5793	-9,474	22,5550
3,5682	-9,476	22,5600
3,5669	-9,478	22,5650
3,5786	-9,480	22,5700
3,5790	-9,482	22,5750
3,5786	-9,484	22,5800
3,5814	-9,486	22,5850
3,5746	-9,488	22,5900
3,5688	-9,490	22,5950
3,5819	-9,493	22,6000
3,5876	-9,495	22,6050
3,5802	-9,497	22,6100
3,5848	-9,499	22,6150
3,5811	-9,501	22,6200
3,5727	-9,503	22,6250
3,5850	-9,505	22,6300
3,5894	-9,507	22,6350
3,5775	-9,509	22,6400
3,5737	-9,511	22,6450
3,5888	-9,514	22,6500
3,5877	-9,516	22,6550
3,5885	-9,518	22,6600
3,5906	-9,520	22,6650
3,5880	-9,522	22,6700
3,5880	-9,524	22,6750
3,5944	-9,526	22,6800
3,5916	-9,528	22,6850
3,5838	-9,530	22,6900
3,5891	-9,532	22,6950
3,5944	-9,535	22,7000
3,5906	-9,537	22,7050
3,5994	-9,539	22,7100
3,6040	-9,541	22,7150
3,5978	-9,543	22,7200
3,6042	-9,545	22,7250
3,6078	-9,547	22,7300
3,5969	-9,549	22,7350
3,5921	-9,551	22,7400
3,5970	-9,553	22,7450
3,5936	-9,556	22,7500
3,5985	-9,558	22,7550
3,6037	-9,560	22,7600
3,5933	-9,562	22,7650
3,5919	-9,564	22,7700
3,6056	-9,566	22,7750
3,6066	-9,568	22,7800
3,6017	-9,570	22,7850
3,6031	-9,572	22,7900
3,6035	-9,574	22,7950
3,5999	-9,577	22,8000
3,6132	-9,579	22,8050
3,6155	-9,581	22,8100
3,6046	-9,583	22,8150
3,6080	-9,585	22,8200
3,6121	-9,587	22,8250
3,6123	-9,589	22,8300
3,6114	-9,591	22,8350
3,6211	-9,593	22,8400
3,6137	-9,595	22,8450
3,6084	-9,598	22,8500
3,6139	-9,600	22,8550
3,6077	-9,602	22,8600
3,6067	-9,604	22,8650
3,6247	-9,606	22,8700
3,6263	-9,608	22,8750
3,6170	-9,610	22,8800
3,6186	-9,612	22,8850
3,6196	-9,614	22,8900
3,6125	-9,616	22,8950
3,6134	-9,619	22,9000
3,6217	-9,621	22,9050
3,6202	-9,623	22,9100
3,6201	-9,625	22,9150
3,6290	-9,627	22,9200
3,6255	-9,629	22,9250
3,6215	-9,631	22,9300
3,6266	-9,633	22,9350
3,6191	-9,635	22,9400
3,6187	-9,637	22,9450
3,6215	-9,640	22,9500
3,6189	-9,642	22,9550
3,6215	-9,644	22,9600
3,6345	-9,646	22,9650
3,6321	-9,648	22,9700
3,6288	-9,650	22,9750
3,6332	-9,652	22,9800
3,6371	-9,654	22,9850
3,6305	-9,656	22,9900
3,6431	-9,658	22,9950
3,6435	-9,661	23,0000
3,6277	-9,663	23,0050
3,6223	-9,665	23,0100
3,6281	-9,667	23,0150
3,6354	-9,669	23,0200
3,6376	-9,671	23,0250
3,6435	-9,673	23,0300
3,6336	-9,675	23,0350
3,6301	-9,677	23,0400
3,6363	-9,679	23,0450
3,6389	-9,682	23,0500
3,6401	-9,684	23,0550
3,6460	-9,686	23,0600
3,6407	-9,688	23,0650
3,6384	-9,690	23,0700
3,6395	-9,692	23,0750
3,6480	-9,694	23,0800
3,6425	-9,696	23,0850
3,6410	-9,698	23,0900
3,6445	-9,700	23,0950
3,6408	-9,703	23,1000
3,6455	-9,705	23,1050
3,6537	-9,707	23,1100
3,6518	-9,709	23,1150
3,6373	-9,711	23,1200
3,6455	-9,713	23,1250
3,6469	-9,715	23,1300
3,6513	-9,717	23,1350
3,6571	-9,719	23,1400
3,6596	-9,721	23,1450
3,6542	-9,724	23,1500
3,6590	-9,726	23,1550
3,6579	-9,728	23,1600
3,6506	-9,730	23,1650
3,6545	-9,732	23,1700
3,6619	-9,734	23,1750
3,6572	-9,736	23,1800
3,6548	-9,738	23,1850
3,6612	-9,740	23,1900
3,6618	-9,742	23,1950
3,6722	-9,745	23,2000
3,6786	-9,747	23,2050
3,6719	-9,749	23,2100
3,6643	-9,751	23,2150
3,6689	-9,753	23,2200
3,6646	-9,755	23,2250
3,6662	-9,757	23,2300
3,6716	-9,759	23,2350
3,6695	-9,761	23,2400
3,6660	-9,763	23,2450
3,6711	-9,766	23,2500
3,6686	-9,768	23,2550
3,6600	-9,770	23,2600
3,6608	-9,772	23,2650
3,6661	-9,774	23,2700
3,6589	-9,776	23,2750
3,6659	-9,778	23,2800
3,6732	-9,780	23,2850
3,6640	-9,782	23,2900
3,6670	-9,784	23,2950
3,6760	-9,787	23,3000
3,6708	-9,789	23,3050
3,6689	-9,791	23,3100
3,6791	-9,793	23,3150
3,6730	-9,795	23,3200
3,6601	-9,797	23,3250
3,6687	-9,799	23,3300
3,6765	-9,801	23,3350
3,6749	-9,803	23,3400
3,6818	-9,805	23,3450
3,6838	-9,808	23,3500
3,6845	-9,810	23,3550
3,6895	-9,812	23,3600
3,6831	-9,814	23,3650
3,6762	-9,816	23,3700
3,6801	-9,818	23,3750
3,6852	-9,820	23,3800
3,6854	-9,822	23,3850
3,6828	-9,824	23,3900
3,6853	-9,826	23,3950
3,6859	-9,829	23,4000
3,6836	-9,831	23,4050
3,6885	-9,833	23,4100
3,6872	-9,835	23,4150
3,6830	-9,837	23,4200
3,6888	-9,839	23,4250
3,6905	-9,841	23,4300
3,6870	-9,843	23,4350
3,6957	-9,845	23,4400
3,6924	-9,847	23,4450
3,6854	-9,850	23,4500
3,6932	-9,852	23,4550
3,7047	-9,854	23,4600
3,6992	-9,856	23,4650
3,6964	-9,858	23,4700
3,6992	-9,860	23,4750
3,6906	-9,862	23,4800
3,6864	-9,864	23,4850
3,6911	-9,866	23,4900
3,6914	-9,868	23,4950
3,6966	-9,871	23,5000
3,7030	-9,873	23,5050
3,7071	-9,875	23,5100
3,6938	-9,877	23,5150
3,6979	-9,879	23,5200
3,6968	-9,881	23,5250
3,6881	-9,883	23,5300
3,6952	-9,885	23,5350
3,7039	-9,887	23,5400
3,7013	-9,889	23,5450
3,6978	-9,892	23,5500
3,7041	-9,894	23,5550
3,6985	-9,896	23,5600
3,7021	-9,898	23,5650
3,7054	-9,900	23,5700
3,7018	-9,902	23,5750
3,7012	-9,904	23,5800
3,7094	-9,906	23,5850
3,7065	-9,908	23,5900
3,7011	-9,910	23,5950
3,7082	-9,913	23,6000
3,7101	-9,915	23,6050
3,7048	-9,917	23,6100
3,7091	-9,919	23,6150
3,7113	-9,921	23,6200
3,7078	-9,923	23,6250
3,7189	-9,925	23,6300
3,7276	-9,927	23,6350
3,7176	-9,929	23,6400
3,7164	-9,931	23,6450
3,7216	-9,934	23,6500
3,7103	-9,936	23,6550
3,7168	-9,938	23,6600
3,7258	-9,940	23,6650
3,7206	-9,942	23,6700
3,7146	-9,944	23,6750
3,7183	-9,946	23,6800
3,7154	-9,948	23,6850
3,7143	-9,950	23,6900
3,7254	-9,952	23,6950
3,7275	-9,955	23,7000
3,7171	-9,957	23,7050
3,7208	-9,959	23,7100
3,7224	-9,961	23,7150
3,7187	-9,963	23,7200
3,7204	-9,965	23,7250
3,7231	-9,967	23,7300
3,7215	-9,969	23,7350
3,7214	-9,971	23,7400
3,7337	-9,973	23,7450
3,7347	-9,976	23,7500
3,7347	-9,978	23,7550
3,7312	-9,980	23,7600
3,7264	-9,982	23,7650
3,7264	-9,984	23,7700
3,7405	-9,986	23,7750
3,7431	-9,988	23,7800
3,7331	-9,990	23,7850
3,7352	-9,992	23,7900
3,7387	-9,994	23,7950
3,7303	-9,997	23,8000
3,7307	-9,999	23,8050
3,7321	-10,001	23,8100
3,7268	-10,003	23,8150
3,7353	-10,005	23,8200
3,7395	-10,007	23,8250
3,7322	-10,009	23,8300
3,7327	-10,011	23,8350
3,7455	-10,013	23,8400
3,7406	-10,015	23,8450
3,7401	-10,018	23,8500
3,7444	-10,020	23,8550
3,7401	-10,022	23,8600
3,7356	-10,024	23,8650
3,7471	-10,026	23,8700
3,7496	-10,028	23,8750
3,7454	-10,030	23,8800
3,7458	-10,032	23,8850
3,7491	-10,034	23,8900
3,7429	-10,036	23,8950
3,7457	-10,039	23,9000
3,7477	-10,041	23,9050
3,7354	-10,043	23,9100
3,7439	-10,045	23,9150
3,7557	-10,047	23,9200
3,7554	-10,049	23,9250
3,7554	-10,051	23,9300
3,7572	-10,053	23,9350
3,7496	-10,055	23,9400
3,7513	-10,057	23,9450
3,7610	-10,060	23,9500
3,7512	-10,062	23,9550
3,7437	-10,064	23,9600
3,7541	-10,066	23,9650
3,7508	-10,068	23,9700
3,7462	-10,070	23,9750
3,7555	-10,072	23,9800
3,7617	-10,074	23,9850
3,7550	-10,076	23,9900
3,7598	-10,078	23,9950
3,7657	-10,081	24,0000
3,7657	-10,083	24,0050
3,7710	-10,085	24,0100
3,7729	-10,087	24,0150
3,7653	-10,089	24,0200
3,7543	-10,091	24,0250
3,7610	-10,093	24,0300
3,7655	-10,095	24,0350
3,7695	-10,097	24,0400
3,7788	-10,099	24,0450
3,7710	-10,102	24,0500
3,7619	-10,104	24,0550
3,7667	-10,106	24,0600
3,7668	-10,108	24,0650
3,7675	-10,110	24,0700
3,7640	-10,112	24,0750
3,7649	-10,114	24,0800
3,7618	-10,116	24,0850
3,7728	-10,118	24,0900
3,7778	-10,120	24,0950
3,7721	-10,123	24,1000
3,7774	-10,125	24,1050
3,7842	-10,127	24,1100
3,7744	-10,129	24,1150
3,7628	-10,131	24,1200
3,7706	-10,133	24,1250
3,7748	-10,135	24,1300
3,7779	-10,137	24,1350
3,7853	-10,139	24,1400
3,7800	-10,141	24,1450
3,7717	-10,144	24,1500
3,7803	-10,146	24,1550
3,7793	-10,148	24,1600
3,7820	-10,150	24,1650
3,7838	-10,152	24,1700
3,7857	-10,154	24,1750
3,7824	-10,156	24,1800
3,7880	-10,158	24,1850
3,7896	-10,160	24,1900
3,7797	-10,162	24,1950
3,7874	-10,165	24,2000
3,8002	-10,167	24,2050
3,7938	-10,169	24,2100
3,7831	-10,171	24,2150
3,7913	-10,173	24,2200
3,7868	-10,175	24,2250
3,7825	-10,177	24,2300
3,7937	-10,179	24,2350
3,7944	-10,181	24,2400
3,7936	-10,183	24,2450
3,8051	-10,186	24,2500
3,8031	-10,188	24,2550
3,8023	-10,190	24,2600
3,8008	-10,192	24,2650
3,7992	-10,194	24,2700
3,7843	-10,196	24,2750
3,7890	-10,198	24,2800
3,7972	-10,200	24,2850
3,7944	-10,202	24,2900
3,7926	-10,204	24,2950
3,7997	-10,207	24,3000
3,8015	-10,209	24,3050
3,8001	-10,211	24,3100
3,8046	-10,213	24,3150
3,8016	-10,215	24,3200
3,7992	-10,217	24,3250
3,8082	-10,219	24,3300
3,8024	-10,221	24,3350
3,7903	-10,223	24,3400
3,8043	-10,225	24,3450
3,8130	-10,228	24,3500
3,8077	-10,230	24,3550
3,8049	-10,232	24,3600
3,8147	-10,234	24,3650
3,8089	-10,236	24,3700
3,8055	-10,238	24,3750
3,8071	-10,240	24,3800
3,8066	-10,242	24,3850
3,8067	-10,244	24,3900
3,8148	-10,246	24,3950
3,8108	-10,249	24,4000
3,8066	-10,251	24,4050
3,8115	-10,253	24,4100
3,8172	-10,255	24,4150
3,8132	-10,257	24,4200
3,8175	-10,259	24,4250
3,8174	-10,261	24,4300
3,8091	-10,263	24,4350
3,8161	-10,265	24,4400
3,8202	-10,267	24,4450
3,8148	-10,270	24,4500
3,8156	-10,272	24,4550
3,8255	-10,274	24,4600
3,8158	-10,276	24,4650
3,8165	-10,278	24,4700
3,8287	-10,280	24,4750
3,8264	-10,282	24,4800
3,8235	-10,284	24,4850
3,8250	-10,286	24,4900
3,8207	-10,288	24,4950
3,8166	-10,291	24,5000
3,8222	-10,293	24,5050
3,8151	-10,295	24,5100
3,8135	-10,297	24,5150
3,8246	-10,299	24,5200
3,8227	-10,301	24,5250
3,8121	-10,303	24,5300
3,8234	-10,305	24,5350
3,8332	-10,307	24,5400
3,8364	-10,309	24,5450
3,8253	-10,312	24,5500
3,8270	-10,314	24,5550
3,8189	-10,316	24,5600
3,8250	-10,318	24,5650
3,8336	-10,320	24,5700
3,8341	-10,322	24,5750
3,8288	-10,324	24,5800
3,8354	-10,326	24,5850
3,8325	-10,328	24,5900
3,8272	-10,330	24,5950
3,8336	-10,333	24,6000
3,8333	-10,335	24,6050
3,8340	-10,337	24,6100
3,8342	-10,339	24,6150
3,8314	-10,341	24,6200
3,8288	-10,343	24,6250
3,8382	-10,345	24,6300
3,8307	-10,347	24,6350
3,8310	-10,349	24,6400
3,8325	-10,351	24,6450
3,8374	-10,354	24,6500
3,8405	-10,356	24,6550
3,8467	-10,358	24,6600
3,8513	-10,360	24,6650
3,8443	-10,362	24,6700
3,8367	-10,364	24,6750
3,8431	-10,366	24,6800
3,8350	-10,368	24,6850
3,8312	-10,370	24,6900
3,8485	-10,372	24,6950
3,8550	-10,375	24,7000
3,8509	-10,377	24,7050
3,8508	-10,379	24,7100
3,8528	-10,381	24,7150
3,8415	-10,383	24,7200
3,8514	-10,385	24,7250
3,8602	-10,387	24,7300
3,8546	-10,389	24,7350
3,8519	-10,391	24,7400
3,8626	-10,393	24,7450
3,8607	-10,396	24,7500
3,8584	-10,398	24,7550
3,8604	-10,400	24,7600
3,8561	-10,402	24,7650
3,8563	-10,404	24,7700
3,8641	-10,406	24,7750
3,8640	-10,408	24,7800
3,8683	-10,410	24,7850
3,8650	-10,412	24,7900
3,8563	-10,414	24,7950
3,8525	-10,417	24,8000
3,8667	-10,419	24,8050
3,8631	-10,421	24,8100
3,8529	-10,423	24,8150
3,8602	-10,425	24,8200
3,8674	-10,427	24,8250
3,8607	-10,429	24,8300
3,8646	-10,431	24,8350
3,8701	-10,433	24,8400
3,8658	-10,435	24,8450
3,8646	-10,438	24,8500
3,8678	-10,440	24,8550
3,8628	-10,442	24,8600
3,8668	-10,444	24,8650
3,8812	-10,446	24,8700
3,8762	-10,448	24,8750
3,8681	-10,450	24,8800
3,8663	-10,452	24,8850
3,8707	-10,454	24,8900
3,8703	-10,456	24,8950
3,8745	-10,459	24,9000
3,8700	-10,461	24,9050
3,8632	-10,463	24,9100
3,8723	-10,465	24,9150
3,8789	-10,467	24,9200
3,8728	-10,469	24,9250
3,8726	-10,471	24,9300
3,8828	-10,473	24,9350
3,8775	-10,475	24,9400
3,8767	-10,477	24,9450
3,8786	-10,480	24,9500
3,8717	-10,482	24,9550
3,8700	-10,484	24,9600
3,8828	-10,486	24,9650
3,8871	-10,488	24,9700
3,8829	-10,490	24,9750
3,8847	-10,492	24,9800
3,8930	-10,494	24,9850
3,8800	-10,496	24,9900
3,8805	-10,498	24,9950
3,8839	-10,501	25,0000
3,8810	-10,503	25,0050
3,8904	-10,505	25,0100
3,8983	-10,507	25,0150
3,8904	-10,509	25,0200
3,8856	-10,511	25,0250
3,8948	-10,513	25,0300
3,8903	-10,515	25,0350
3,8930	-10,517	25,0400
3,8992	-10,519	25,0450
3,9010	-10,522	25,0500
3,8918	-10,524	25,0550
3,8963	-10,526	25,0600
3,8927	-10,528	25,0650
3,8905	-10,530	25,0700
3,8965	-10,532	25,0750
3,8993	-10,534	25,0800
3,8926	-10,536	25,0850
3,8959	-10,538	25,0900
3,8986	-10,540	25,0950
3,8952	-10,543	25,1000
3,8991	-10,545	25,1050
3,9023	-10,547	25,1100
3,9003	-10,549	25,1150
3,8989	-10,551	25,1200
3,9074	-10,553	25,1250
3,8985	-10,555	25,1300
3,8944	-10,557	25,1350
3,9073	-10,559	25,1400
3,9012	-10,561	25,1450
3,8995	-10,564	25,1500
3,9122	-10,566	25,1550
3,9130	-10,568	25,1600
3,9064	-10,570	25,1650
3,9044	-10,572	25,1700
3,9121	-10,574	25,1750
3,9147	-10,576	25,1800
3,9164	-10,578	25,1850
3,9139	-10,580	25,1900
3,8988	-10,582	25,1950
3,8994	-10,585	25,2000
3,9103	-10,587	25,2050
3,9131	-10,589	25,2100
3,9108	-10,591	25,2150
3,9174	-10,593	25,2200
3,9105	-10,595	25,2250
3,9107	-10,597	25,2300
3,9167	-10,599	25,2350
3,9176	-10,601	25,2400
3,9145	-10,603	25,2450
3,9185	-10,606	25,2500
3,9154	-10,608	25,2550
3,9093	-10,610	25,2600
3,9075	-10,612	25,2650
3,9170	-10,614	25,2700
3,9133	-10,616	25,2750
3,9221	-10,618	25,2800
3,9313	-10,620	25,2850
3,9214	-10,622	25,2900
3,9138	-10,624	25,2950
3,9187	-10,627	25,3000
3,9222	-10,629	25,3050
3,9261	-10,631	25,3100
3,9270	-10,633	25,3150
3,9267	-10,635	25,3200
3,9233	-10,637	25,3250
3,9314	-10,639	25,3300
3,9299	-10,641	25,3350
3,9220	-10,643	25,3400
3,9307	-10,645	25,3450
3,9354	-10,648	25,3500
3,9296	-10,650	25,3550
3,9299	-10,652	25,3600
3,9367	-10,654	25,3650
3,9329	-10,656	25,3700
3,9304	-10,658	25,3750
3,9338	-10,660	25,3800
3,9233	-10,662	25,3850
3,9271	-10,664	25,3900
3,9431	-10,666	25,3950
3,9391	-10,669	25,4000
3,9311	-10,671	25,4050
3,9420	-10,673	25,4100
3,9377	-10,675	25,4150
3,9287	-10,677	25,4200
3,9411	-10,679	25,4250
3,9433	-10,681	25,4300
3,9378	-10,683	25,4350
3,9435	-10,685	25,4400
3,9457	-10,687	25,4450
3,9346	-10,690	25,4500
3,9309	-10,692	25,4550
3,9418	-10,694	25,4600
3,9431	-10,696	25,4650
3,9453	-10,698	25,4700
3,9483	-10,700	25,4750
3,9446	-10,702	25,4800
3,9427	-10,704	25,4850
3,9438	-10,706	25,4900
3,9471	-10,708	25,4950
3,9491	-10,711	25,5000
3,9575	-10,713	25,5050
3,9562	-10,715	25,5100
3,9573	-10,717	25,5150
3,9632	-10,719	25,5200
3,9565	-10,721	25,5250
3,9487	-10,723	25,5300
3,9605	-10,725	25,5350
3,9645	-10,727	25,5400
3,9501	-10,729	25,5450
3,9517	-10,732	25,5500
3,9649	-10,734	25,5550
3,9573	-10,736	25,5600
3,9526	-10,738	25,5650
3,9613	-10,740	25,5700
3,9581	-10,742	25,5750
3,9566	-10,744	25,5800
3,9657	-10,746	25,5850
3,9667	-10,748	25,5900
3,9627	-10,750	25,5950
3,9647	-10,753	25,6000
3,9622	-10,755	25,6050
3,9520	-10,757	25,6100
3,9613	-10,759	25,6150
3,9670	-10,761	25,6200
3,9609	-10,763	25,6250
3,9704	-10,765	25,6300
3,9764	-10,767	25,6350
3,9717	-10,769	25,6400
3,9717	-10,771	25,6450
3,9702	-10,774	25,6500
3,9710	-10,776	25,6550
3,9715	-10,778	25,6600
3,9742	-10,780	25,6650
3,9698	-10,782	25,6700
3,9612	-10,784	25,6750
3,9722	-10,786	25,6800
3,9678	-10,788	25,6850
3,9638	-10,790	25,6900
3,9776	-10,792	25,6950
3,9765	-10,795	25,7000
3,9680	-10,797	25,7050
3,9784	-10,799	25,7100
3,9829	-10,801	25,7150
3,9755	-10,803	25,7200
3,9765	-10,805	25,7250
3,9820	-10,807	25,7300
3,9786	-10,809	25,7350
3,9758	-10,811	25,7400
3,9758	-10,813	25,7450
3,9754	-10,816	25,7500
3,9819	-10,818	25,7550
3,9851	-10,820	25,7600
3,9836	-10,822	25,7650
3,9820	-10,824	25,7700
3,9841	-10,826	25,7750
3,9791	-10,828	25,7800
3,9822	-10,830	25,7850
3,9879	-10,832	25,7900
3,9817	-10,834	25,7950
3,9683	-10,837	25,8000
3,9784	-10,839	25,8050
3,9870	-10,841	25,8100
3,9847	-10,843	25,8150
3,9846	-10,845	25,8200
3,9901	-10,847	25,8250
3,9867	-10,849	25,8300
3,9850	-10,851	25,8350
3,9891	-10,853	25,8400
3,9882	-10,855	25,8450
3,9858	-10,858	25,8500
3,9873	-10,860	25,8550
3,9833	-10,862	25,8600
3,9847	-10,864	25,8650
3,9980	-10,866	25,8700
3,9963	-10,868	25,8750
3,9966	-10,870	25,8800
4,0013	-10,872	25,8850
4,0016	-10,874	25,8900
3,9959	-10,876	25,8950
4,0043	-10,879	25,9000
4,0046	-10,881	25,9050
3,9925	-10,883	25,9100
3,9974	-10,885	25,9150
4,0047	-10,887	25,9200
4,0050	-10,889	25,9250
4,0044	-10,891	25,9300
4,0059	-10,893	25,9350
3,9973	-10,895	25,9400
3,9986	-10,897	25,9450
4,0118	-10,900	25,9500
4,0012	-10,902	25,9550
3,9886	-10,904	25,9600
4,0014	-10,906	25,9650
4,0096	-10,908	25,9700
4,0082	-10,910	25,9750
4,0072	-10,912	25,9800
4,0087	-10,914	25,9850
4,0065	-10,916	25,9900
4,0092	-10,918	25,9950
4,0096	-10,921	26,0000
4,0050	-10,923	26,0050
4,0094	-10,925	26,0100
4,0208	-10,927	26,0150
4,0132	-10,929	26,0200
4,0091	-10,931	26,0250
4,0182	-10,933	26,0300
4,0200	-10,935	26,0350
4,0217	-10,937	26,0400
4,0215	-10,939	26,0450
4,0098	-10,942	26,0500
4,0045	-10,944	26,0550
4,0181	-10,946	26,0600
4,0199	-10,948	26,0650
4,0175	-10,950	26,0700
4,0244	-10,952	26,0750
4,0219	-10,954	26,0800
4,0157	-10,956	26,0850
4,0224	-10,958	26,0900
4,0263	-10,960	26,0950
4,0204	-10,963	26,1000
4,0279	-10,965	26,1050
4,0332	-10,967	26,1100
4,0223	-10,969	26,1150
4,0155	-10,971	26,1200
4,0214	-10,973	26,1250
4,0201	-10,975	26,1300
4,0194	-10,977	26,1350
4,0301	-10,979	26,1400
4,0245	-10,981	26,1450
4,0230	-10,984	26,1500
4,0352	-10,986	26,1550
4,0325	-10,988	26,1600
4,0289	-10,990	26,1650
4,0318	-10,992	26,1700
4,0385	-10,994	26,1750
4,0308	-10,996	26,1800
4,0357	-10,998	26,1850
4,0435	-11,000	26,1900
4,0339	-11,002	26,1950
4,0367	-11,005	26,2000
4,0425	-11,007	26,2050
4,0408	-11,009	26,2100
4,0399	-11,011	26,2150
4,0385	-11,013	26,2200
4,0333	-11,015	26,2250
4,0345	-11,017	26,2300
4,0419	-11,019	26,2350
4,0353	-11,021	26,2400
4,0300	-11,023	26,2450
4,0419	-11,026	26,2500
4,0429	-11,028	26,2550
4,0344	-11,030	26,2600
4,0394	-11,032	26,2650
4,0464	-11,034	26,2700
4,0467	-11,036	26,2750
4,0543	-11,038	26,2800
4,0509	-11,040	26,2850
4,0471	-11,042	26,2900
4,0503	-11,044	26,2950
4,0565	-11,047	26,3000
4,0461	-11,049	26,3050
4,0449	-11,051	26,3100
4,0567	-11,053	26,3150
4,0524	-11,055	26,3200
4,0375	-11,057	26,3250
4,0450	-11,059	26,3300
4,0509	-11,061	26,3350
4,0457	-11,063	26,3400
4,0584	-11,065	26,3450
4,0645	-11,068	26,3500
4,0606	-11,070	26,3550
4,0615	-11,072	26,3600
4,0613	-11,074	26,3650
4,0458	-11,076	26,3700
4,0495	-11,078	26,3750
4,0634	-11,080	26,3800
4,0627	-11,082	26,3850
4,0638	-11,084	26,3900
4,0648	-11,086	26,3950
4,0611	-11,089	26,4000
4,0676	-11,091	26,4050
4,0725	-11,093	26,4100
4,0657	-11,095	26,4150
4,0540	-11,097	26,4200
4,0600	-11,099	26,4250
4,0642	-11,101	26,4300
4,0639	-11,103	26,4350
4,0699	-11,105	26,4400
4,0666	-11,107	26,4450
4,0657	-11,110	26,4500
4,0595	-11,112	26,4550
4,0620	-11,114	26,4600
4,0634	-11,116	26,4650
4,0641	-11,118	26,4700
4,0640	-11,120	26,4750
4,0519	-11,122	26,4800
4,0560	-11,124	26,4850
4,0706	-11,126	26,4900
4,0695	-11,128	26,4950
4,0647	-11,131	26,5000
4,0737	-11,133	26,5050
4,0790	-11,135	26,5100
4,0772	-11,137	26,5150
4,0812	-11,139	26,5200
4,0770	-11,141	26,5250
4,0659	-11,143	26,5300
4,0693	-11,145	26,5350
4,0724	-11,147	26,5400
4,0698	-11,149	26,5450
4,0697	-11,152	26,5500
4,0757	-11,154	26,5550
4,0733	-11,156	26,5600
4,0840	-11,158	26,5650
4,0888	-11,160	26,5700
4,0826	-11,162	26,5750
4,0872	-11,164	26,5800
4,0858	-11,166	26,5850
4,0820	-11,168	26,5900
4,0870	-11,170	26,5950
4,0936	-11,173	26,6000
4,0881	-11,175	26,6050
4,0813	-11,177	26,6100
4,0899	-11,179	26,6150
4,0860	-11,181	26,6200
4,0742	-11,183	26,6250
4,0856	-11,185	26,6300
4,0909	-11,187	26,6350
4,0857	-11,189	26,6400
4,0849	-11,191	26,6450
4,0940	-11,194	26,6500
4,0874	-11,196	26,6550
4,0809	-11,198	26,6600
4,0849	-11,200	26,6650
4,0832	-11,202	26,6700
4,0869	-11,204	26,6750
4,0988	-11,206	26,6800
4,0966	-11,208	26,6850
4,0898	-11,210	26,6900
4,0967	-11,212	26,6950
4,1031	-11,215	26,7000
4,0998	-11,217	26,7050
4,1037	-11,219	26,7100
4,1047	-11,221	26,7150
4,0975	-11,223	26,7200
4,1027	-11,225	26,7250
4,1147	-11,227	26,7300
4,1074	-11,229	26,7350
4,0972	-11,231	26,7400
4,1004	-11,233	26,7450
4,0961	-11,236	26,7500
4,0923	-11,238	26,7550
4,0959	-11,240	26,7600
4,0973	-11,242	26,7650
4,1015	-11,244	26,7700
4,1092	-11,246	26,7750
4,1047	-11,248	26,7800
4,0977	-11,250	26,7850
4,1113	-11,252	26,7900
4,1226	-11,254	26,7950
4,1081	-11,257	26,8000
4,1035	-11,259	26,8050
4,1102	-11,261	26,8100
4,1059	-11,263	26,8150
4,1074	-11,265	26,8200
4,1151	-11,267	26,8250
4,1116	-11,269	26,8300
4,1128	-11,271	26,8350
4,1184	-11,273	26,8400
4,1110	-11,275	26,8450
4,1104	-11,278	26,8500
4,1234	-11,280	26,8550
4,1175	-11,282	26,8600
4,1068	-11,284	26,8650
4,1106	-11,286	26,8700
4,1193	-11,288	26,8750
4,1213	-11,290	26,8800
4,1230	-11,292	26,8850
4,1176	-11,294	26,8900
4,1161	-11,296	26,8950
4,1261	-11,299	26,9000
4,1295	-11,301	26,9050
4,1195	-11,303	26,9100
4,1206	-11,305	26,9150
4,1297	-11,307	26,9200
4,1306	-11,309	26,9250
4,1231	-11,311	26,9300
4,1248	-11,313	26,9350
4,1232	-11,315	26,9400
4,1225	-11,317	26,9450
4,1268	-11,320	26,9500
4,1239	-11,322	26,9550
4,1320	-11,324	26,9600
4,1426	-11,326	26,9650
4,1438	-11,328	26,9700
4,1389	-11,330	26,9750
4,1345	-11,332	26,9800
4,1355	-11,334	26,9850
4,1283	-11,336	26,9900
4,1349	-11,338	26,9950
4,1424	-11,341	27,0000
4,1423	-11,343	27,0050
4,1353	-11,345	27,0100
4,1288	-11,347	27,0150
4,1297	-11,349	27,0200
4,1387	-11,351	27,0250
4,1496	-11,353	27,0300
4,1407	-11,355	27,0350
4,1377	-11,357	27,0400
4,1435	-11,359	27,0450
4,1373	-11,362	27,0500
4,1342	-11,364	27,0550
4,1496	-11,366	27,0600
4,1472	-11,368	27,0650
4,1364	-11,370	27,0700
4,1428	-11,372	27,0750
4,1494	-11,374	27,0800
4,1457	-11,376	27,0850
4,1427	-11,378	27,0900
4,1452	-11,380	27,0950
4,1485	-11,383	27,1000
4,1496	-11,385	27,1050
4,1544	-11,387	27,1100
4,1515	-11,389	27,1150
4,1484	-11,391	27,1200
4,1512	-11,393	27,1250
4,1452	-11,395	27,1300
4,1436	-11,397	27,1350
4,1537	-11,399	27,1400
4,1468	-11,401	27,1450
4,1427	-11,404	27,1500
4,1558	-11,406	27,1550
4,1587	-11,408	27,1600
4,1492	-11,410	27,1650
4,1563	-11,412	27,1700
4,1605	-11,414	27,1750
4,1523	-11,416	27,1800
4,1550	-11,418	27,1850
4,1565	-11,420	27,1900
4,1462	-11,422	27,1950
4,1504	-11,425	27,2000
4,1596	-11,427	27,2050
4,1569	-11,429	27,2100
4,1621	-11,431	27,2150
4,1696	-11,433	27,2200
4,1613	-11,435	27,2250
4,1538	-11,437	27,2300
4,1626	-11,439	27,2350
4,1695	-11,441	27,2400
4,1628	-11,443	27,2450
4,1674	-11,446	27,2500
4,1658	-11,448	27,2550
4,1606	-11,450	27,2600
4,1636	-11,452	27,2650
4,1641	-11,454	27,2700
4,1610	-11,456	27,2750
4,1650	-11,458	27,2800
4,1666	-11,460	27,2850
4,1608	-11,462	27,2900
4,1568	-11,464	27,2950
4,1667	-11,467	27,3000
4,1725	-11,469	27,3050
4,1723	-11,471	27,3100
4,1813	-11,473	27,3150
4,1812	-11,475	27,3200
4,1748	-11,477	27,3250
4,1744	-11,479	27,3300
4,1716	-11,481	27,3350
4,1672	-11,483	27,3400
4,1753	-11,485	27,3450
4,1781	-11,488	27,3500
4,1757	-11,490	27,3550
4,1716	-11,492	27,3600
4,1783	-11,494	27,3650
4,1766	-11,496	27,3700
4,1764	-11,498	27,3750
4,1838	-11,500	27,3800
4,1775	-11,502	27,3850
4,1729	-11,504	27,3900
4,1844	-11,506	27,3950
4,1852	-11,509	27,4000
4,1797	-11,511	27,4050
4,1812	-11,513	27,4100
4,1787	-11,515	27,4150
4,1773	-11,517	27,4200
4,1868	-11,519	27,4250
4,1904	-11,521	27,4300
4,1826	-11,523	27,4350
4,1879	-11,525	27,4400
4,1936	-11,527	27,4450
4,1799	-11,530	27,4500
4,1780	-11,532	27,4550
4,1904	-11,534	27,4600
4,1859	-11,536	27,4650
4,1862	-11,538	27,4700
4,1895	-11,540	27,4750
4,1842	-11,542	27,4800
4,1870	-11,544	27,4850
4,1978	-11,546	27,4900
4,1963	-11,548	27,4950
4,1930	-11,551	27,5000
4,2034	-11,553	27,5050
4,2055	-11,555	27,5100
4,1896	-11,557	27,5150
4,1934	-11,559	27,5200
4,1955	-11,561	27,5250
4,1943	-11,563	27,5300
4,1998	-11,565	27,5350
4,1952	-11,567	27,5400
4,1941	-11,569	27,5450
4,1933	-11,572	27,5500
4,1976	-11,574	27,5550
4,1952	-11,576	27,5600
4,1988	-11,578	27,5650
4,2042	-11,580	27,5700
4,1928	-11,582	27,5750
4,1869	-11,584	27,5800
4,1999	-11,586	27,5850
4,2032	-11,588	27,5900
4,2003	-11,590	27,5950
4,2036	-11,593	27,6000
4,2064	-11,595	27,6050
4,1946	-11,597	27,6100
4,2013	-11,599	27,6150
4,2004	-11,601	27,6200
4,1990	-11,603	27,6250
4,2090	-11,605	27,6300
4,2144	-11,607	27,6350
4,2080	-11,609	27,6400
4,2121	-11,611	27,6450
4,2182	-11,614	27,6500
4,2083	-11,616	27,6550
4,2103	-11,618	27,6600
4,2187	-11,620	27,6650
4,2117	-11,622	27,6700
4,2092	-11,624	27,6750
4,2150	-11,626	27,6800
4,2116	-11,628	27,6850
4,2097	-11,630	27,6900
4,2165	-11,632	27,6950
4,2224	-11,635	27,7000
4,2105	-11,637	27,7050
4,2134	-11,639	27,7100
4,2211	-11,641	27,7150
4,2171	-11,643	27,7200
4,2212	-11,645	27,7250
4,2254	-11,647	27,7300
4,2180	-11,649	27,7350
4,2131	-11,651	27,7400
4,2264	-11,653	27,7450
4,2289	-11,656	27,7500
4,2277	-11,658	27,7550
4,2288	-11,660	27,7600
4,2172	-11,662	27,7650
4,2139	-11,664	27,7700
4,2288	-11,666	27,7750
4,2251	-11,668	27,7800
4,2267	-11,670	27,7850
4,2248	-11,672	27,7900
4,2276	-11,674	27,7950
4,2251	-11,677	27,8000
4,2308	-11,679	27,8050
4,2364	-11,681	27,8100
4,2365	-11,683	27,8150
4,2356	-11,685	27,8200
4,2338	-11,687	27,8250
4,2305	-11,689	27,8300
4,2337	-11,691	27,8350
4,2432	-11,693	27,8400
4,2434	-11,695	27,8450
4,2475	-11,698	27,8500
4,2489	-11,700	27,8550
4,2355	-11,702	27,8600
4,2301	-11,704	27,8650
4,2432	-11,706	27,8700
4,2391	-11,708	27,8750
4,2353	-11,710	27,8800
4,2410	-11,712	27,8850
4,2427	-11,714	27,8900
4,2357	-11,716	27,8950
4,2379	-11,719	27,9000
4,2390	-11,721	27,9050
4,2391	-11,723	27,9100
4,2450	-11,725	27,9150
4,2513	-11,727	27,9200
4,2471	-11,729	27,9250
4,2435	-11,731	27,9300
4,2501	-11,733	27,9350
4,2484	-11,735	27,9400
4,2417	-11,737	27,9450
4,2478	-11,740	27,9500
4,2497	-11,742	27,9550
4,2466	-11,744	27,9600
4,2522	-11,746	27,9650
4,2554	-11,748	27,9700
4,2504	-11,750	27,9750
4,2531	-11,752	27,9800
4,2602	-11,754	27,9850
4,2521	-11,756	27,9900
4,2576	-11,758	27,9950
4,2653	-11,761	28,0000
4,2525	-11,763	28,0050
4,2551	-11,765	28,0100
4,2651	-11,767	28,0150
4,2573	-11,769	28,0200
4,2473	-11,771	28,0250
4,2584	-11,773	28,0300
4,2582	-11,775	28,0350
4,2551	-11,777	28,0400
4,2639	-11,779	28,0450
4,2595	-11,782	28,0500
4,2501	-11,784	28,0550
4,2504	-11,786	28,0600
4,2559	-11,788	28,0650
4,2643	-11,790	28,0700
4,2668	-11,792	28,0750
4,2676	-11,794	28,0800
4,2658	-11,796	28,0850
4,2687	-11,798	28,0900
4,2768	-11,800	28,0950
4,2656	-11,803	28,1000
4,2567	-11,805	28,1050
4,2577	-11,807	28,1100
4,2564	-11,809	28,1150
4,2614	-11,811	28,1200
4,2632	-11,813	28,1250
4,2649	-11,815	28,1300
4,2679	-11,817	28,1350
4,2819	-11,819	28,1400
4,2727	-11,821	28,1450
4,2620	-11,824	28,1500
4,2688	-11,826	28,1550
4,2736	-11,828	28,1600
4,2724	-11,830	28,1650
4,2778	-11,832	28,1700
4,2846	-11,834	28,1750
4,2769	-11,836	28,1800
4,2761	-11,838	28,1850
4,2739	-11,840	28,1900
4,2642	-11,842	28,1950
4,2689	-11,845	28,2000
4,2777	-11,847	28,2050
4,2718	-11,849	28,2100
4,2628	-11,851	28,2150
4,2797	-11,853	28,2200
4,2786	-11,855	28,2250
4,2705	-11,857	28,2300
4,2795	-11,859	28,2350
4,2790	-11,861	28,2400
4,2799	-11,863	28,2450
4,2878	-11,866	28,2500
4,2864	-11,868	28,2550
4,2843	-11,870	28,2600
4,2847	-11,872	28,2650
4,2856	-11,874	28,2700
4,2769	-11,876	28,2750
4,2843	-11,878	28,2800
4,2935	-11,880	28,2850
4,2884	-11,882	28,2900
4,2867	-11,884	28,2950
4,2931	-11,887	28,3000
4,2816	-11,889	28,3050
4,2778	-11,891	28,3100
4,2936	-11,893	28,3150
4,2920	-11,895	28,3200
4,2807	-11,897	28,3250
4,2889	-11,899	28,3300
4,2964	-11,901	28,3350
4,2960	-11,903	28,3400
4,3004	-11,905	28,3450
4,3005	-11,908	28,3500
4,2957	-11,910	28,3550
4,2949	-11,912	28,3600
4,2925	-11,914	28,3650
4,2816	-11,916	28,3700
4,2885	-11,918	28,3750
4,2968	-11,920	28,3800
4,2932	-11,922	28,3850
4,2948	-11,924	28,3900
4,3051	-11,926	28,3950
4,3056	-11,929	28,4000
4,3080	-11,931	28,4050
4,3149	-11,933	28,4100
4,3133	-11,935	28,4150
4,3109	-11,937	28,4200
4,3178	-11,939	28,4250
4,3104	-11,941	28,4300
4,2947	-11,943	28,4350
4,3047	-11,945	28,4400
4,3077	-11,947	28,4450
4,3110	-11,950	28,4500
4,3073	-11,952	28,4550
4,3056	-11,954	28,4600
4,2999	-11,956	28,4650
4,3144	-11,958	28,4700
4,3229	-11,960	28,4750
4,3113	-11,962	28,4800
4,3014	-11,964	28,4850
4,3083	-11,966	28,4900
4,3082	-11,968	28,4950
4,3083	-11,971	28,5000
4,3103	-11,973	28,5050
4,3129	-11,975	28,5100
4,3133	-11,977	28,5150
4,3237	-11,979	28,5200
4,3196	-11,981	28,5250
4,3106	-11,983	28,5300
4,3101	-11,985	28,5350
4,3090	-11,987	28,5400
4,3078	-11,989	28,5450
4,3139	-11,992	28,5500
4,3188	-11,994	28,5550
4,3097	-11,996	28,5600
4,3245	-11,998	28,5650
4,3333	-12,000	28,5700
4,3264	-12,002	28,5750
4,3285	-12,004	28,5800
4,3405	-12,006	28,5850
4,3327	-12,008	28,5900
4,3230	-12,010	28,5950
4,3294	-12,013	28,6000
4,3319	-12,015	28,6050
4,3280	-12,017	28,6100
4,3289	-12,019	28,6150
4,3245	-12,021	28,6200
4,3236	-12,023	28,6250
4,3287	-12,025	28,6300
4,3346	-12,027	28,6350
4,3352	-12,029	28,6400
4,3349	-12,031	28,6450
4,3386	-12,034	28,6500
4,3328	-12,036	28,6550
4,3309	-12,038	28,6600
4,3337	-12,040	28,6650
4,3294	-12,042	28,6700
4,3375	-12,044	28,6750
4,3429	-12,046	28,6800
4,3320	-12,048	28,6850
4,3280	-12,050	28,6900
4,3370	-12,052	28,6950
4,3420	-12,055	28,7000
4,3380	-12,057	28,7050
4,3453	-12,059	28,7100
4,3497	-12,061	28,7150
4,3415	-12,063	28,7200
4,3448	-12,065	28,7250
4,3454	-12,067	28,7300
4,3392	-12,069	28,7350
4,3394	-12,071	28,7400
4,3399	-12,073	28,7450
4,3367	-12,076	28,7500
4,3410	-12,078	28,7550
4,3469	-12,080	28,7600
4,3359	-12,082	28,7650
4,3333	-12,084	28,7700
4,3458	-12,086	28,7750
4,3470	-12,088	28,7800
4,3431	-12,090	28,7850
4,3488	-12,092	28,7900
4,3537	-12,094	28,7950
4,3499	-12,097	28,8000
4,3609	-12,099	28,8050
4,3620	-12,101	28,8100
4,3496	-12,103	28,8150
4,3496	-12,105	28,8200
4,3582	-12,107	28,8250
4,3576	-12,109	28,8300
4,3587	-12,111	28,8350
4,3587	-12,113	28,8400
4,3493	-12,115	28,8450
4,3524	-12,118	28,8500
4,3608	-12,120	28,8550
4,3610	-12,122	28,8600
4,3674	-12,124	28,8650
4,3723	-12,126	28,8700
4,3671	-12,128	28,8750
4,3613	-12,130	28,8800
4,3664	-12,132	28,8850
4,3679	-12,134	28,8900
4,3579	-12,136	28,8950
4,3649	-12,139	28,9000
4,3681	-12,141	28,9050
4,3588	-12,143	28,9100
4,3600	-12,145	28,9150
4,3738	-12,147	28,9200
4,3769	-12,149	28,9250
4,3682	-12,151	28,9300
4,3614	-12,153	28,9350
4,3600	-12,155	28,9400
4,3707	-12,157	28,9450
4,3759	-12,160	28,9500
4,3621	-12,162	28,9550
4,3583	-12,164	28,9600
4,3756	-12,166	28,9650
4,3714	-12,168	28,9700
4,3685	-12,170	28,9750
4,3800	-12,172	28,9800
4,3825	-12,174	28,9850
4,3711	-12,176	28,9900
4,3799	-12,178	28,9950
4,3835	-12,181	29,0000
4,3743	-12,183	29,0050
4,3779	-12,185	29,0100
4,3824	-12,187	29,0150
4,3787	-12,189	29,0200
4,3812	-12,191	29,0250
4,3820	-12,193	29,0300
4,3748	-12,195	29,0350
4,3739	-12,197	29,0400
4,3804	-12,199	29,0450
4,3736	-12,202	29,0500
4,3742	-12,204	29,0550
4,3821	-12,206	29,0600
4,3830	-12,208	29,0650
4,3809	-12,210	29,0700
4,3845	-12,212	29,0750
4,3883	-12,214	29,0800
4,3822	-12,216	29,0850
4,3905	-12,218	29,0900
4,3841	-12,220	29,0950
4,3740	-12,223	29,1000
4,3805	-12,225	29,1050
4,3930	-12,227	29,1100
4,3925	-12,229	29,1150
4,3936	-12,231	29,1200
4,3994	-12,233	29,1250
4,3913	-12,235	29,1300
4,3913	-12,237	29,1350
4,3940	-12,239	29,1400
4,3915	-12,241	29,1450
4,3885	-12,244	29,1500
4,3941	-12,246	29,1550
4,3971	-12,248	29,1600
4,3945	-12,250	29,1650
4,3981	-12,252	29,1700
4,3989	-12,254	29,1750
4,3921	-12,256	29,1800
4,3947	-12,258	29,1850
4,3995	-12,260	29,1900
4,3943	-12,262	29,1950
4,3955	-12,265	29,2000
4,4019	-12,267	29,2050
4,4025	-12,269	29,2100
4,3972	-12,271	29,2150
4,3996	-12,273	29,2200
4,3946	-12,275	29,2250
4,3940	-12,277	29,2300
4,4099	-12,279	29,2350
4,4056	-12,281	29,2400
4,4000	-12,283	29,2450
4,4095	-12,286	29,2500
4,4032	-12,288	29,2550
4,3943	-12,290	29,2600
4,3981	-12,292	29,2650
4,4088	-12,294	29,2700
4,4040	-12,296	29,2750
4,4029	-12,298	29,2800
4,4084	-12,300	29,2850
4,4043	-12,302	29,2900
4,4044	-12,304	29,2950
4,4183	-12,307	29,3000
4,4185	-12,309	29,3050
4,4142	-12,311	29,3100
4,4220	-12,313	29,3150
4,4192	-12,315	29,3200
4,4179	-12,317	29,3250
4,4245	-12,319	29,3300
4,4175	-12,321	29,3350
4,4192	-12,323	29,3400
4,4214	-12,325	29,3450
4,4153	-12,328	29,3500
4,4120	-12,330	29,3550
4,4112	-12,332	29,3600
4,4165	-12,334	29,3650
4,4178	-12,336	29,3700
4,4265	-12,338	29,3750
4,4285	-12,340	29,3800
4,4204	-12,342	29,3850
4,4200	-12,344	29,3900
4,4243	-12,346	29,3950
4,4184	-12,349	29,4000
4,4157	-12,351	29,4050
4,4248	-12,353	29,4100
4,4236	-12,355	29,4150
4,4156	-12,357	29,4200
4,4238	-12,359	29,4250
4,4226	-12,361	29,4300
4,4201	-12,363	29,4350
4,4328	-12,365	29,4400
4,4333	-12,367	29,4450
4,4279	-12,370	29,4500
4,4269	-12,372	29,4550
4,4285	-12,374	29,4600
4,4219	-12,376	29,4650
4,4258	-12,378	29,4700
4,4305	-12,380	29,4750
4,4239	-12,382	29,4800
4,4254	-12,384	29,4850
4,4424	-12,386	29,4900
4,4451	-12,388	29,4950
4,4348	-12,391	29,5000
4,4320	-12,393	29,5050
4,4346	-12,395	29,5100
4,4313	-12,397	29,5150
4,4399	-12,399	29,5200
4,4412	-12,401	29,5250
4,4351	-12,403	29,5300
4,4388	-12,405	29,5350
4,4393	-12,407	29,5400
4,4365	-12,409	29,5450
4,4397	-12,412	29,5500
4,4448	-12,414	29,5550
4,4447	-12,416	29,5600
4,4502	-12,418	29,5650
4,4446	-12,420	29,5700
4,4370	-12,422	29,5750
4,4362	-12,424	29,5800
4,4456	-12,426	29,5850
4,4515	-12,428	29,5900
4,4496	-12,430	29,5950
4,4544	-12,433	29,6000
4,4556	-12,435	29,6050
4,4464	-12,437	29,6100
4,4462	-12,439	29,6150
4,4403	-12,441	29,6200
4,4426	-12,443	29,6250
4,4489	-12,445	29,6300
4,4534	-12,447	29,6350
4,4529	-12,449	29,6400
4,4570	-12,451	29,6450
4,4593	-12,454	29,6500
4,4474	-12,456	29,6550
4,4481	-12,458	29,6600
4,4565	-12,460	29,6650
4,4500	-12,462	29,6700
4,4482	-12,464	29,6750
4,4630	-12,466	29,6800
4,4564	-12,468	29,6850
4,4482	-12,470	29,6900
4,4553	-12,472	29,6950
4,4586	-12,475	29,7000
4,4534	-12,477	29,7050
4,4633	-12,479	29,7100
4,4606	-12,481	29,7150
4,4475	-12,483	29,7200
4,4544	-12,485	29,7250
4,4643	-12,487	29,7300
4,4653	-12,489	29,7350
4,4630	-12,491	29,7400
4,4705	-12,493	29,7450
4,4619	-12,496	29,7500
4,4621	-12,498	29,7550
4,4730	-12,500	29,7600
4,4678	-12,502	29,7650
4,4617	-12,504	29,7700
4,4750	-12,506	29,7750
4,4767	-12,508	29,7800
4,4681	-12,510	29,7850
4,4696	-12,512	29,7900
4,4708	-12,514	29,7950
4,4631	-12,517	29,8000
4,4738	-12,519	29,8050
4,4787	-12,521	29,8100
4,4760	-12,523	29,8150
4,4776	-12,525	29,8200
4,4788	-12,527	29,8250
4,4673	-12,529	29,8300
4,4678	-12,531	29,8350
4,4759	-12,533	29,8400
4,4692	-12,535	29,8450
4,4694	-12,538	29,8500
4,4839	-12,540	29,8550
4,4845	-12,542	29,8600
4,4745	-12,544	29,8650
4,4767	-12,546	29,8700
4,4798	-12,548	29,8750
4,4749	-12,550	29,8800
4,4783	-12,552	29,8850
4,4849	-12,554	29,8900
4,4830	-12,556	29,8950
4,4922	-12,559	29,9000
4,4923	-12,561	29,9050
4,4803	-12,563	29,9100
4,4845	-12,565	29,9150
4,4903	-12,567	29,9200
4,4893	-12,569	29,9250
4,4862	-12,571	29,9300
4,4901	-12,573	29,9350
4,4827	-12,575	29,9400
4,4809	-12,577	29,9450
4,4873	-12,580	29,9500
4,4820	-12,582	29,9550
4,4750	-12,584	29,9600
4,4863	-12,586	29,9650
4,4893	-12,588	29,9700
4,4900	-12,590	29,9750
4,4931	-12,592	29,9800
4,4971	-12,594	29,9850
4,4880	-12,596	29,9900
4,4930	-12,598	29,9950
4,4983	-12,601	30,0000
4,4879	-12,603	30,0050
4,4940	-12,605	30,0100
4,4992	-12,607	30,0150
4,4936	-12,609	30,0200
4,4947	-12,611	30,0250
4,5026	-12,613	30,0300
4,4950	-12,615	30,0350
4,4904	-12,617	30,0400
4,5005	-12,619	30,0450
4,5039	-12,622	30,0500
4,5011	-12,624	30,0550
4,5055	-12,626	30,0600
4,5072	-12,628	30,0650
4,5023	-12,630	30,0700
4,5018	-12,632	30,0750
4,5031	-12,634	30,0800
4,5029	-12,636	30,0850
4,5076	-12,638	30,0900
4,5054	-12,640	30,0950
4,5019	-12,643	30,1000
4,5107	-12,645	30,1050
4,5169	-12,647	30,1100
4,5117	-12,649	30,1150
4,5081	-12,651	30,1200
4,5137	-12,653	30,1250
4,5073	-12,655	30,1300
4,5068	-12,657	30,1350
4,5151	-12,659	30,1400
4,5128	-12,661	30,1450
4,5083	-12,664	30,1500
4,5144	-12,666	30,1550
4,5097	-12,668	30,1600
4,5089	-12,670	30,1650
4,5184	-12,672	30,1700
4,5240	-12,674	30,1750
4,5132	-12,676	30,1800
4,5180	-12,678	30,1850
4,5161	-12,680	30,1900
4,5077	-12,682	30,1950
4,5146	-12,685	30,2000
4,5225	-12,687	30,2050
4,5187	-12,689	30,2100
4,5204	-12,691	30,2150
4,5293	-12,693	30,2200
4,5260	-12,695	30,2250
4,5158	-12,697	30,2300
4,5221	-12,699	30,2350
4,5220	-12,701	30,2400
4,5192	-12,703	30,2450
4,5251	-12,706	30,2500
4,5262	-12,708	30,2550
4,5283	-12,710	30,2600
4,5290	-12,712	30,2650
4,5263	-12,714	30,2700
4,5143	-12,716	30,2750
4,5177	-12,718	30,2800
4,5243	-12,720	30,2850
4,5250	-12,722	30,2900
4,5325	-12,724	30,2950
4,5435	-12,727	30,3000
4,5408	-12,729	30,3050
4,5365	-12,731	30,3100
4,5431	-12,733	30,3150
4,5401	-12,735	30,3200
4,5336	-12,737	30,3250
4,5415	-12,739	30,3300
4,5359	-12,741	30,3350
4,5284	-12,743	30,3400
4,5380	-12,745	30,3450
4,5365	-12,748	30,3500
4,5330	-12,750	30,3550
4,5307	-12,752	30,3600
4,5365	-12,754	30,3650
4,5336	-12,756	30,3700
4,5436	-12,758	30,3750
4,5419	-12,760	30,3800
4,5384	-12,762	30,3850
4,5376	-12,764	30,3900
4,5408	-12,766	30,3950
4,5420	-12,769	30,4000
4,5408	-12,771	30,4050
4,5402	-12,773	30,4100
4,5380	-12,775	30,4150
4,5448	-12,777	30,4200
4,5534	-12,779	30,4250
4,5496	-12,781	30,4300
4,5404	-12,783	30,4350
4,5475	-12,785	30,4400
4,5539	-12,787	30,4450
4,5535	-12,790	30,4500
4,5479	-12,792	30,4550
4,5473	-12,794	30,4600
4,5439	-12,796	30,4650
4,5493	-12,798	30,4700
4,5619	-12,800	30,4750
4,5580	-12,802	30,4800
4,5594	-12,804	30,4850
4,5754	-12,806	30,4900
4,5706	-12,808	30,4950
4,5553	-12,811	30,5000
4,5524	-12,813	30,5050
4,5539	-12,815	30,5100
4,5542	-12,817	30,5150
4,5644	-12,819	30,5200
4,5691	-12,821	30,5250
4,5665	-12,823	30,5300
4,5634	-12,825	30,5350
4,5550	-12,827	30,5400
4,5552	-12,829	30,5450
4,5591	-12,832	30,5500
4,5623	-12,834	30,5550
4,5571	-12,836	30,5600
4,5558	-12,838	30,5650
4,5595	-12,840	30,5700
4,5583	-12,842	30,5750
4,5608	-12,844	30,5800
4,5741	-12,846	30,5850
4,5636	-12,848	30,5900
4,5503	-12,850	30,5950
4,5597	-12,853	30,6000
4,5674	-12,855	30,6050
4,5660	-12,857	30,6100
4,5710	-12,859	30,6150
4,5684	-12,861	30,6200
4,5628	-12,863	30,6250
4,5747	-12,865	30,6300
4,5752	-12,867	30,6350
4,5715	-12,869	30,6400
4,5698	-12,871	30,6450
4,5830	-12,874	30,6500
4,5833	-12,876	30,6550
4,5778	-12,878	30,6600
4,5768	-12,880	30,6650
4,5740	-12,882	30,6700
4,5754	-12,884	30,6750
4,5828	-12,886	30,6800
4,5781	-12,888	30,6850
4,5724	-12,890	30,6900
4,5774	-12,892	30,6950
4,5822	-12,895	30,7000
4,5747	-12,897	30,7050
4,5819	-12,899	30,7100
4,5873	-12,901	30,7150
4,5810	-12,903	30,7200
4,5829	-12,905	30,7250
4,5799	-12,907	30,7300
4,5773	-12,909	30,7350
4,5839	-12,911	30,7400
4,5899	-12,913	30,7450
4,5848	-12,916	30,7500
4,5818	-12,918	30,7550
4,5908	-12,920	30,7600
4,5859	-12,922	30,7650
4,5838	-12,924	30,7700
4,5901	-12,926	30,7750
4,5866	-12,928	30,7800
4,5886	-12,930	30,7850
4,5945	-12,932	30,7900
4,5985	-12,934	30,7950
4,5943	-12,937	30,8000
4,6011	-12,939	30,8050
4,5976	-12,941	30,8100
4,5853	-12,943	30,8150
4,5854	-12,945	30,8200
4,5837	-12,947	30,8250
4,5857	-12,949	30,8300
4,5893	-12,951	30,8350
4,5928	-12,953	30,8400
4,5829	-12,955	30,8450
4,5858	-12,958	30,8500
4,6011	-12,960	30,8550
4,6047	-12,962	30,8600
4,6010	-12,964	30,8650
4,5999	-12,966	30,8700
4,5967	-12,968	30,8750
4,5925	-12,970	30,8800
4,5987	-12,972	30,8850
4,6032	-12,974	30,8900
4,5978	-12,976	30,8950
4,6066	-12,979	30,9000
4,6085	-12,981	30,9050
4,5980	-12,983	30,9100
4,6000	-12,985	30,9150
4,6020	-12,987	30,9200
4,6008	-12,989	30,9250
4,6048	-12,991	30,9300
4,6145	-12,993	30,9350
4,6084	-12,995	30,9400
4,6073	-12,997	30,9450
4,6130	-13,000	30,9500
4,6037	-13,002	30,9550
4,6041	-13,004	30,9600
4,6141	-13,006	30,9650
4,6085	-13,008	30,9700
4,6064	-13,010	30,9750
4,6114	-13,012	30,9800
4,6133	-13,014	30,9850
4,6094	-13,016	30,9900
4,6201	-13,018	30,9950
4,6208	-13,021	31,0000
4,6146	-13,023	31,0050
4,6145	-13,025	31,0100
4,6170	-13,027	31,0150
4,6168	-13,029	31,0200
4,6171	-13,031	31,0250
4,6154	-13,033	31,0300
4,6139	-13,035	31,0350
4,6161	-13,037	31,0400
4,6313	-13,039	31,0450
4,6333	-13,042	31,0500
4,6241	-13,044	31,0550
4,6325	-13,046	31,0600
4,6292	-13,048	31,0650
4,6156	-13,050	31,0700
4,6187	-13,052	31,0750
4,6297	-13,054	31,0800
4,6262	-13,056	31,0850
4,6318	-13,058	31,0900
4,6355	-13,060	31,0950
4,6201	-13,063	31,1000
4,6204	-13,065	31,1050
4,6235	-13,067	31,1100
4,6196	-13,069	31,1150
4,6224	-13,071	31,1200
4,6365	-13,073	31,1250
4,6409	-13,075	31,1300
4,6393	-13,077	31,1350
4,6360	-13,079	31,1400
4,6269	-13,081	31,1450
4,6255	-13,084	31,1500
4,6395	-13,086	31,1550
4,6354	-13,088	31,1600
4,6277	-13,090	31,1650
4,6253	-13,092	31,1700
4,6372	-13,094	31,1750
4,6338	-13,096	31,1800
4,6365	-13,098	31,1850
4,6426	-13,100	31,1900
4,6351	-13,102	31,1950
4,6307	-13,105	31,2000
4,6358	-13,107	31,2050
4,6405	-13,109	31,2100
4,6483	-13,111	31,2150
4,6522	-13,113	31,2200
4,6353	-13,115	31,2250
4,6365	-13,117	31,2300
4,6549	-13,119	31,2350
4,6526	-13,121	31,2400
4,6451	-13,123	31,2450
4,6494	-13,126	31,2500
4,6434	-13,128	31,2550
4,6396	-13,130	31,2600
4,6445	-13,132	31,2650
4,6501	-13,134	31,2700
4,6412	-13,136	31,2750
4,6509	-13,138	31,2800
4,6600	-13,140	31,2850
4,6559	-13,142	31,2900
4,6525	-13,144	31,2950
4,6527	-13,147	31,3000
4,6566	-13,149	31,3050
4,6608	-13,151	31,3100
4,6694	-13,153	31,3150
4,6563	-13,155	31,3200
4,6418	-13,157	31,3250
4,6532	-13,159	31,3300
4,6586	-13,161	31,3350
4,6499	-13,163	31,3400
4,6498	-13,165	31,3450
4,6577	-13,168	31,3500
4,6605	-13,170	31,3550
4,6619	-13,172	31,3600
4,6637	-13,174	31,3650
4,6561	-13,176	31,3700
4,6586	-13,178	31,3750
4,6644	-13,180	31,3800
4,6581	-13,182	31,3850
4,6539	-13,184	31,3900
4,6592	-13,186	31,3950
4,6600	-13,189	31,4000
4,6581	-13,191	31,4050
4,6643	-13,193	31,4100
4,6673	-13,195	31,4150
4,6654	-13,197	31,4200
4,6735	-13,199	31,4250
4,6723	-13,201	31,4300
4,6663	-13,203	31,4350
4,6706	-13,205	31,4400
4,6673	-13,207	31,4450
4,6657	-13,210	31,4500
4,6702	-13,212	31,4550
4,6748	-13,214	31,4600
4,6680	-13,216	31,4650
4,6724	-13,218	31,4700
4,6734	-13,220	31,4750
4,6727	-13,222	31,4800
4,6676	-13,224	31,4850
4,6687	-13,226	31,4900
4,6669	-13,228	31,4950
4,6715	-13,231	31,5000
4,6796	-13,233	31,5050
4,6826	-13,235	31,5100
4,6793	-13,237	31,5150
4,6861	-13,239	31,5200
4,6873	-13,241	31,5250
4,6797	-13,243	31,5300
4,6798	-13,245	31,5350
4,6784	-13,247	31,5400
4,6761	-13,249	31,5450
4,6774	-13,252	31,5500
4,6793	-13,254	31,5550
4,6818	-13,256	31,5600
4,6898	-13,258	31,5650
4,6995	-13,260	31,5700
4,6871	-13,262	31,5750
4,6799	-13,264	31,5800
4,6842	-13,266	31,5850
4,6803	-13,268	31,5900
4,6822	-13,270	31,5950
4,6876	-13,273	31,6000
4,6910	-13,275	31,6050
4,6840	-13,277	31,6100
4,6900	-13,279	31,6150
4,6901	-13,281	31,6200
4,6895	-13,283	31,6250
4,6945	-13,285	31,6300
4,6957	-13,287	31,6350
4,6858	-13,289	31,6400
4,6838	-13,291	31,6450
4,6979	-13,294	31,6500
4,6941	-13,296	31,6550
4,6926	-13,298	31,6600
4,6961	-13,300	31,6650
4,6875	-13,302	31,6700
4,6839	-13,304	31,6750
4,6964	-13,306	31,6800
4,6981	-13,308	31,6850
4,6963	-13,310	31,6900
4,6984	-13,312	31,6950
4,7024	-13,315	31,7000
4,6991	-13,317	31,7050
4,7053	-13,319	31,7100
4,7013	-13,321	31,7150
4,6951	-13,323	31,7200
4,7017	-13,325	31,7250
4,7035	-13,327	31,7300
4,6992	-13,329	31,7350
4,6974	-13,331	31,7400
4,7049	-13,333	31,7450
4,7046	-13,336	31,7500
4,7039	-13,338	31,7550
4,7113	-13,340	31,7600
4,7028	-13,342	31,7650
4,6965	-13,344	31,7700
4,7137	-13,346	31,7750
4,7143	-13,348	31,7800
4,7111	-13,350	31,7850
4,7165	-13,352	31,7900
4,7098	-13,354	31,7950
4,7049	-13,357	31,8000
4,7101	-13,359	31,8050
4,7100	-13,361	31,8100
4,7038	-13,363	31,8150
4,7114	-13,365	31,8200
4,7151	-13,367	31,8250
4,7086	-13,369	31,8300
4,7057	-13,371	31,8350
4,7186	-13,373	31,8400
4,7191	-13,375	31,8450
4,7158	-13,378	31,8500
4,7166	-13,380	31,8550
4,7146	-13,382	31,8600
4,7161	-13,384	31,8650
4,7267	-13,386	31,8700
4,7202	-13,388	31,8750
4,7180	-13,390	31,8800
4,7250	-13,392	31,8850
4,7266	-13,394	31,8900
4,7208	-13,396	31,8950
4,7277	-13,399	31,9000
4,7269	-13,401	31,9050
4,7211	-13,403	31,9100
4,7186	-13,405	31,9150
4,7173	-13,407	31,9200
4,7153	-13,409	31,9250
4,7196	-13,411	31,9300
4,7238	-13,413	31,9350
4,7215	-13,415	31,9400
4,7224	-13,417	31,9450
4,7364	-13,420	31,9500
4,7342	-13,422	31,9550
4,7272	-13,424	31,9600
4,7344	-13,426	31,9650
4,7312	-13,428	31,9700
4,7269	-13,430	31,9750
4,7353	-13,432	31,9800
4,7411	-13,434	31,9850
4,7323	-13,436	31,9900
4,7337	-13,438	31,9950
4,7360	-13,441	32,0000
4,7365	-13,443	32,0050
4,7406	-13,445	32,0100
4,7386	-13,447	32,0150
4,7288	-13,449	32,0200
4,7290	-13,451	32,0250
4,7382	-13,453	32,0300
4,7339	-13,455	32,0350
4,7330	-13,457	32,0400
4,7435	-13,459	32,0450
4,7386	-13,462	32,0500
4,7345	-13,464	32,0550
4,7433	-13,466	32,0600
4,7447	-13,468	32,0650
4,7363	-13,470	32,0700
4,7439	-13,472	32,0750
4,7520	-13,474	32,0800
4,7446	-13,476	32,0850
4,7480	-13,478	32,0900
4,7469	-13,480	32,0950
4,7354	-13,483	32,1000
4,7423	-13,485	32,1050
4,7547	-13,487	32,1100
4,7492	-13,489	32,1150
4,7469	-13,491	32,1200
4,7491	-13,493	32,1250
4,7475	-13,495	32,1300
4,7428	-13,497	32,1350
4,7501	-13,499	32,1400
4,7523	-13,501	32,1450
4,7445	-13,504	32,1500
4,7473	-13,506	32,1550
4,7534	-13,508	32,1600
4,7551	-13,510	32,1650
4,7596	-13,512	32,1700
4,7566	-13,514	32,1750
4,7456	-13,516	32,1800
4,7526	-13,518	32,1850
4,7625	-13,520	32,1900
4,7545	-13,522	32,1950
4,7558	-13,525	32,2000
4,7619	-13,527	32,2050
4,7577	-13,529	32,2100
4,7490	-13,531	32,2150
4,7562	-13,533	32,2200
4,7551	-13,535	32,2250
4,7520	-13,537	32,2300
4,7649	-13,539	32,2350
4,7646	-13,541	32,2400
4,7550	-13,543	32,2450
4,7589	-13,546	32,2500
4,7618	-13,548	32,2550
4,7582	-13,550	32,2600
4,7585	-13,552	32,2650
4,7622	-13,554	32,2700
4,7652	-13,556	32,2750
4,7718	-13,558	32,2800
4,7741	-13,560	32,2850
4,7661	-13,562	32,2900
4,7703	-13,564	32,2950
4,7804	-13,567	32,3000
4,7763	-13,569	32,3050
4,7681	-13,571	32,3100
4,7736	-13,573	32,3150
4,7705	-13,575	32,3200
4,7644	-13,577	32,3250
4,7712	-13,579	32,3300
4,7694	-13,581	32,3350
4,7703	-13,583	32,3400
4,7811	-13,585	32,3450
4,7809	-13,588	32,3500
4,7742	-13,590	32,3550
4,7714	-13,592	32,3600
4,7803	-13,594	32,3650
4,7710	-13,596	32,3700
4,7723	-13,598	32,3750
4,7807	-13,600	32,3800
4,7774	-13,602	32,3850
4,7757	-13,604	32,3900
4,7820	-13,606	32,3950
4,7802	-13,609	32,4000
4,7811	-13,611	32,4050
4,7949	-13,613	32,4100
4,7912	-13,615	32,4150
4,7795	-13,617	32,4200
4,7872	-13,619	32,4250
4,7867	-13,621	32,4300
4,7762	-13,623	32,4350
4,7797	-13,625	32,4400
4,7844	-13,627	32,4450
4,7867	-13,630	32,4500
4,7891	-13,632	32,4550
4,7957	-13,634	32,4600
4,7878	-13,636	32,4650
4,7904	-13,638	32,4700
4,7951	-13,640	32,4750
4,7908	-13,642	32,4800
4,7935	-13,644	32,4850
4,7976	-13,646	32,4900
4,7867	-13,648	32,4950
4,7853	-13,651	32,5000
4,7892	-13,653	32,5050
4,7924	-13,655	32,5100
4,7974	-13,657	32,5150
4,8057	-13,659	32,5200
4,7993	-13,661	32,5250
4,7864	-13,663	32,5300
4,8006	-13,665	32,5350
4,8091	-13,667	32,5400
4,8034	-13,669	32,5450
4,7975	-13,672	32,5500
4,8086	-13,674	32,5550
4,7990	-13,676	32,5600
4,7951	-13,678	32,5650
4,7959	-13,680	32,5700
4,7949	-13,682	32,5750
4,7935	-13,684	32,5800
4,8050	-13,686	32,5850
4,8046	-13,688	32,5900
4,8026	-13,690	32,5950
4,8061	-13,693	32,6000
4,8088	-13,695	32,6050
4,8017	-13,697	32,6100
4,8051	-13,699	32,6150
4,8097	-13,701	32,6200
4,8071	-13,703	32,6250
4,8109	-13,705	32,6300
4,8087	-13,707	32,6350
4,8061	-13,709	32,6400
4,8073	-13,711	32,6450
4,8175	-13,714	32,6500
4,8132	-13,716	32,6550
4,8117	-13,718	32,6600
4,8098	-13,720	32,6650
4,8038	-13,722	32,6700
4,8122	-13,724	32,6750
4,8215	-13,726	32,6800
4,8205	-13,728	32,6850
4,8181	-13,730	32,6900
4,8210	-13,732	32,6950
4,8183	-13,735	32,7000
4,8158	-13,737	32,7050
4,8260	-13,739	32,7100
4,8246	-13,741	32,7150
4,8111	-13,743	32,7200
4,8173	-13,745	32,7250
4,8220	-13,747	32,7300
4,8237	-13,749	32,7350
4,8215	-13,751	32,7400
4,8240	-13,753	32,7450
4,8156	-13,756	32,7500
4,8178	-13,758	32,7550
4,8234	-13,760	32,7600
4,8192	-13,762	32,7650
4,8165	-13,764	32,7700
4,8242	-13,766	32,7750
4,8223	-13,768	32,7800
4,8203	-13,770	32,7850
4,8240	-13,772	32,7900
4,8333	-13,774	32,7950
4,8306	-13,777	32,8000
4,8369	-13,779	32,8050
4,8380	-13,781	32,8100
4,8266	-13,783	32,8150
4,8311	-13,785	32,8200
4,8360	-13,787	32,8250
4,8298	-13,789	32,8300
4,8310	-13,791	32,8350
4,8370	-13,793	32,8400
4,8269	-13,795	32,8450
4,8315	-13,798	32,8500
4,8375	-13,800	32,8550
4,8382	-13,802	32,8600
4,8361	-13,804	32,8650
4,8384	-13,806	32,8700
4,8375	-13,808	32,8750
4,8315	-13,810	32,8800
4,8364	-13,812	32,8850
4,8353	-13,814	32,8900
4,8335	-13,816	32,8950
4,8404	-13,819	32,9000
4,8341	-13,821	32,9050
4,8249	-13,823	32,9100
4,8344	-13,825	32,9150
4,8418	-13,827	32,9200
4,8374	-13,829	32,9250
4,8349	-13,831	32,9300
4,8496	-13,833	32,9350
4,8455	-13,835	32,9400
4,8368	-13,837	32,9450
4,8434	-13,840	32,9500
4,8482	-13,842	32,9550
4,8480	-13,844	32,9600
4,8520	-13,846	32,9650
4,8468	-13,848	32,9700
4,8416	-13,850	32,9750
4,8515	-13,852	32,9800
4,8558	-13,854	32,9850
4,8522	-13,856	32,9900
4,8524	-13,858	32,9950
4,8448	-13,861	33,0000
4,8408	-13,863	33,0050
4,8450	-13,865	33,0100
4,8512	-13,867	33,0150
4,8497	-13,869	33,0200
4,8476	-13,871	33,0250
4,8600	-13,873	33,0300
4,8599	-13,875	33,0350
4,8542	-13,877	33,0400
4,8587	-13,879	33,0450
4,8568	-13,882	33,0500
4,8542	-13,884	33,0550
4,8631	-13,886	33,0600
4,8601	-13,888	33,0650
4,8512	-13,890	33,0700
4,8507	-13,892	33,0750
4,8586	-13,894	33,0800
4,8574	-13,896	33,0850
4,8631	-13,898	33,0900
4,8638	-13,900	33,0950
4,8586	-13,903	33,1000
4,8624	-13,905	33,1050
4,8649	-13,907	33,1100
4,8611	-13,909	33,1150
4,8588	-13,911	33,1200
4,8662	-13,913	33,1250
4,8614	-13,915	33,1300
4,8619	-13,917	33,1350
4,8798	-13,919	33,1400
4,8741	-13,921	33,1450
4,8581	-13,924	33,1500
4,8668	-13,926	33,1550
4,8712	-13,928	33,1600
4,8660	-13,930	33,1650
4,8673	-13,932	33,1700
4,8762	-13,934	33,1750
4,8729	-13,936	33,1800
4,8699	-13,938	33,1850
4,8680	-13,940	33,1900
4,8649	-13,942	33,1950
4,8744	-13,945	33,2000
4,8809	-13,947	33,2050
4,8792	-13,949	33,2100
4,8802	-13,951	33,2150
4,8860	-13,953	33,2200
4,8779	-13,955	33,2250
4,8739	-13,957	33,2300
4,8844	-13,959	33,2350
4,8762	-13,961	33,2400
4,8665	-13,963	33,2450
4,8820	-13,966	33,2500
4,8866	-13,968	33,2550
4,8737	-13,970	33,2600
4,8699	-13,972	33,2650
4,8747	-13,974	33,2700
4,8792	-13,976	33,2750
4,8905	-13,978	33,2800
4,8928	-13,980	33,2850
4,8843	-13,982	33,2900
4,8833	-13,984	33,2950
4,8900	-13,987	33,3000
4,8885	-13,989	33,3050
4,8809	-13,991	33,3100
4,8924	-13,993	33,3150
4,8981	-13,995	33,3200
4,8944	-13,997	33,3250
4,8945	-13,999	33,3300
4,8907	-14,001	33,3350
4,8933	-14,003	33,3400
4,8975	-14,005	33,3450
4,8936	-14,008	33,3500
4,8915	-14,010	33,3550
4,8985	-14,012	33,3600
4,9029	-14,014	33,3650
4,8937	-14,016	33,3700
4,8977	-14,018	33,3750
4,8983	-14,020	33,3800
4,8925	-14,022	33,3850
4,8960	-14,024	33,3900
4,9037	-14,026	33,3950
4,8999	-14,029	33,4000
4,8944	-14,031	33,4050
4,9031	-14,033	33,4100
4,9050	-14,035	33,4150
4,8965	-14,037	33,4200
4,9033	-14,039	33,4250
4,9076	-14,041	33,4300
4,9006	-14,043	33,4350
4,9030	-14,045	33,4400
4,9053	-14,047	33,4450
4,9033	-14,050	33,4500
4,9096	-14,052	33,4550
4,9102	-14,054	33,4600
4,9035	-14,056	33,4650
4,9057	-14,058	33,4700
4,9103	-14,060	33,4750
4,8971	-14,062	33,4800
4,9021	-14,064	33,4850
4,9153	-14,066	33,4900
4,9084	-14,068	33,4950
4,8952	-14,071	33,5000
4,9025	-14,073	33,5050
4,9067	-14,075	33,5100
4,9054	-14,077	33,5150
4,9196	-14,079	33,5200
4,9241	-14,081	33,5250
4,9143	-14,083	33,5300
4,9101	-14,085	33,5350
4,9107	-14,087	33,5400
4,9130	-14,089	33,5450
4,9131	-14,092	33,5500
4,9171	-14,094	33,5550
4,9150	-14,096	33,5600
4,9124	-14,098	33,5650
4,9178	-14,100	33,5700
4,9124	-14,102	33,5750
4,9075	-14,104	33,5800
4,9136	-14,106	33,5850
4,9241	-14,108	33,5900
4,9205	-14,110	33,5950
4,9246	-14,113	33,6000
4,9275	-14,115	33,6050
4,9245	-14,117	33,6100
4,9261	-14,119	33,6150
4,9212	-14,121	33,6200
4,9162	-14,123	33,6250
4,9221	-14,125	33,6300
4,9222	-14,127	33,6350
4,9162	-14,129	33,6400
4,9215	-14,131	33,6450
4,9334	-14,134	33,6500
4,9261	-14,136	33,6550
4,9254	-14,138	33,6600
4,9309	-14,140	33,6650
4,9326	-14,142	33,6700
4,9310	-14,144	33,6750
4,9345	-14,146	33,6800
4,9381	-14,148	33,6850
4,9343	-14,150	33,6900
4,9353	-14,152	33,6950
4,9392	-14,155	33,7000
4,9364	-14,157	33,7050
4,9433	-14,159	33,7100
4,9403	-14,161	33,7150
4,9295	-14,163	33,7200
4,9368	-14,165	33,7250
4,9440	-14,167	33,7300
4,9394	-14,169	33,7350
4,9397	-14,171	33,7400
4,9471	-14,173	33,7450
4,9432	-14,176	33,7500
4,9449	-14,178	33,7550
4,9517	-14,180	33,7600
4,9455	-14,182	33,7650
4,9381	-14,184	33,7700
4,9454	-14,186	33,7750
4,9416	-14,188	33,7800
4,9391	-14,190	33,7850
4,9414	-14,192	33,7900
4,9417	-14,194	33,7950
4,9419	-14,197	33,8000
4,9513	-14,199	33,8050
4,9449	-14,201	33,8100
4,9340	-14,203	33,8150
4,9427	-14,205	33,8200
4,9529	-14,207	33,8250
4,9489	-14,209	33,8300
4,9420	-14,211	33,8350
4,9452	-14,213	33,8400
4,9497	-14,215	33,8450
4,9547	-14,218	33,8500
4,9542	-14,220	33,8550
4,9432	-14,222	33,8600
4,9440	-14,224	33,8650
4,9577	-14,226	33,8700
4,9596	-14,228	33,8750
4,9528	-14,230	33,8800
4,9567	-14,232	33,8850
4,9575	-14,234	33,8900
4,9509	-14,236	33,8950
4,9545	-14,239	33,9000
4,9539	-14,241	33,9050
4,9495	-14,243	33,9100
4,9607	-14,245	33,9150
4,9667	-14,247	33,9200
4,9563	-14,249	33,9250
4,9512	-14,251	33,9300
4,9607	-14,253	33,9350
4,9562	-14,255	33,9400
4,9524	-14,257	33,9450
4,9617	-14,260	33,9500
4,9615	-14,262	33,9550
4,9537	-14,264	33,9600
4,9606	-14,266	33,9650
4,9634	-14,268	33,9700
4,9599	-14,270	33,9750
4,9670	-14,272	33,9800
4,9692	-14,274	33,9850
4,9669	-14,276	33,9900
4,9706	-14,278	33,9950
4,9725	-14,281	34,0000
4,9643	-14,283	34,0050
4,9620	-14,285	34,0100
4,9659	-14,287	34,0150
4,9685	-14,289	34,0200
4,9712	-14,291	34,0250
4,9798	-14,293	34,0300
4,9736	-14,295	34,0350
4,9715	-14,297	34,0400
4,9796	-14,299	34,0450
4,9751	-14,302	34,0500
4,9649	-14,304	34,0550
4,9732	-14,306	34,0600
4,9764	-14,308	34,0650
4,9765	-14,310	34,0700
4,9810	-14,312	34,0750
4,9834	-14,314	34,0800
4,9771	-14,316	34,0850
4,9759	-14,318	34,0900
4,9778	-14,320	34,0950
4,9758	-14,323	34,1000
4,9788	-14,325	34,1050
4,9872	-14,327	34,1100
4,9843	-14,329	34,1150
4,9849	-14,331	34,1200
4,9886	-14,333	34,1250
4,9818	-14,335	34,1300
4,9811	-14,337	34,1350
4,9846	-14,339	34,1400
4,9769	-14,341	34,1450
4,9700	-14,344	34,1500
4,9901	-14,346	34,1550
4,9938	-14,348	34,1600
4,9929	-14,350	34,1650
4,9885	-14,352	34,1700
4,9853	-14,354	34,1750
4,9808	-14,356	34,1800
4,9889	-14,358	34,1850
4,9938	-14,360	34,1900
4,9885	-14,362	34,1950
4,9901	-14,365	34,2000
4,9966	-14,367	34,2050
4,9955	-14,369	34,2100
4,9883	-14,371	34,2150
4,9901	-14,373	34,2200
4,9908	-14,375	34,2250
4,9931	-14,377	34,2300
5,0009	-14,379	34,2350
4,9947	-14,381	34,2400
4,9864	-14,383	34,2450
4,9910	-14,386	34,2500
4,9948	-14,388	34,2550
4,9960	-14,390	34,2600
4,9960	-14,392	34,2650
5,0011	-14,394	34,2700
4,9983	-14,396	34,2750
5,0050	-14,398	34,2800
5,0103	-14,400	34,2850
5,0052	-14,402	34,2900
5,0049	-14,404	34,2950
5,0104	-14,407	34,3000
4,9995	-14,409	34,3050
4,9958	-14,411	34,3100
5,0030	-14,413	34,3150
5,0047	-14,415	34,3200
5,0012	-14,417	34,3250
5,0058	-14,419	34,3300
5,0072	-14,421	34,3350
5,0046	-14,423	34,3400
5,0082	-14,425	34,3450
5,0083	-14,428	34,3500
5,0010	-14,430	34,3550
5,0046	-14,432	34,3600
5,0103	-14,434	34,3650
5,0026	-14,436	34,3700
5,0038	-14,438	34,3750
5,0087	-14,440	34,3800
5,0085	-14,442	34,3850
5,0119	-14,444	34,3900
5,0237	-14,446	34,3950
5,0177	-14,449	34,4000
5,0106	-14,451	34,4050
5,0195	-14,453	34,4100
5,0219	-14,455	34,4150
5,0155	-14,457	34,4200
5,0163	-14,459	34,4250
5,0104	-14,461	34,4300
5,0047	-14,463	34,4350
5,0144	-14,465	34,4400
5,0223	-14,467	34,4450
5,0250	-14,470	34,4500
5,0243	-14,472	34,4550
5,0254	-14,474	34,4600
5,0173	-14,476	34,4650
5,0238	-14,478	34,4700
5,0291	-14,480	34,4750
5,0229	-14,482	34,4800
5,0245	-14,484	34,4850
5,0236	-14,486	34,4900
5,0201	-14,488	34,4950
5,0195	-14,491	34,5000
5,0341	-14,493	34,5050
5,0383	-14,495	34,5100
5,0248	-14,497	34,5150
5,0324	-14,499	34,5200
5,0397	-14,501	34,5250
5,0316	-14,503	34,5300
5,0356	-14,505	34,5350
5,0323	-14,507	34,5400
5,0288	-14,509	34,5450
5,0279	-14,512	34,5500
5,0326	-14,514	34,5550
5,0346	-14,516	34,5600
5,0346	-14,518	34,5650
5,0322	-14,520	34,5700
5,0255	-14,522	34,5750
5,0301	-14,524	34,5800
5,0429	-14,526	34,5850
5,0404	-14,528	34,5900
5,0334	-14,530	34,5950
5,0371	-14,533	34,6000
5,0396	-14,535	34,6050
5,0347	-14,537	34,6100
5,0440	-14,539	34,6150
5,0444	-14,541	34,6200
5,0300	-14,543	34,6250
5,0342	-14,545	34,6300
5,0405	-14,547	34,6350
5,0405	-14,549	34,6400
5,0439	-14,551	34,6450
5,0533	-14,554	34,6500
5,0439	-14,556	34,6550
5,0464	-14,558	34,6600
5,0516	-14,560	34,6650
5,0358	-14,562	34,6700
5,0346	-14,564	34,6750
5,0412	-14,566	34,6800
5,0334	-14,568	34,6850
5,0292	-14,570	34,6900
5,0457	-14,572	34,6950
5,0531	-14,575	34,7000
5,0497	-14,577	34,7050
5,0561	-14,579	34,7100
5,0519	-14,581	34,7150
5,0437	-14,583	34,7200
5,0532	-14,585	34,7250
5,0551	-14,587	34,7300
5,0483	-14,589	34,7350
5,0430	-14,591	34,7400
5,0525	-14,593	34,7450
5,0476	-14,596	34,7500
5,0476	-14,598	34,7550
5,0529	-14,600	34,7600
5,0476	-14,602	34,7650
5,0496	-14,604	34,7700
5,0618	-14,606	34,7750
5,0627	-14,608	34,7800
5,0611	-14,610	34,7850
5,0670	-14,612	34,7900
5,0642	-14,614	34,7950
5,0571	-14,617	34,8000
5,0636	-14,619	34,8050
5,0684	-14,621	34,8100
5,0640	-14,623	34,8150
5,0657	-14,625	34,8200
5,0699	-14,627	34,8250
5,0685	-14,629	34,8300
5,0648	-14,631	34,8350
5,0663	-14,633	34,8400
5,0637	-14,635	34,8450
5,0665	-14,638	34,8500
5,0708	-14,640	34,8550
5,0633	-14,642	34,8600
5,0584	-14,644	34,8650
5,0668	-14,646	34,8700
5,0686	-14,648	34,8750
5,0619	-14,650	34,8800
5,0612	-14,652	34,8850
5,0641	-14,654	34,8900
5,0680	-14,656	34,8950
5,0778	-14,659	34,9000
5,0811	-14,661	34,9050
5,0693	-14,663	34,9100
5,0771	-14,665	34,9150
5,0780	-14,667	34,9200
5,0673	-14,669	34,9250
5,0653	-14,671	34,9300
5,0837	-14,673	34,9350
5,0782	-14,675	34,9400
5,0684	-14,677	34,9450
5,0748	-14,680	34,9500
5,0732	-14,682	34,9550
5,0704	-14,684	34,9600
5,0805	-14,686	34,9650
5,0820	-14,688	34,9700
5,0800	-14,690	34,9750
5,0742	-14,692	34,9800
5,0801	-14,694	34,9850
5,0797	-14,696	34,9900
5,0898	-14,698	34,9950
5,0953	-14,701	35,0000
5,0799	-14,703	35,0050
5,0789	-14,705	35,0100
5,0841	-14,707	35,0150
5,0870	-14,709	35,0200
5,0837	-14,711	35,0250
5,0914	-14,713	35,0300
5,0870	-14,715	35,0350
5,0853	-14,717	35,0400
5,0934	-14,719	35,0450
5,0966	-14,722	35,0500
5,0974	-14,724	35,0550
5,0947	-14,726	35,0600
5,0843	-14,728	35,0650
5,0788	-14,730	35,0700
5,0890	-14,732	35,0750
5,1032	-14,734	35,0800
5,0962	-14,736	35,0850
5,0946	-14,738	35,0900
5,1008	-14,740	35,0950
5,0988	-14,743	35,1000
5,1002	-14,745	35,1050
5,1016	-14,747	35,1100
5,0903	-14,749	35,1150
5,0872	-14,751	35,1200
5,0972	-14,753	35,1250
5,0983	-14,755	35,1300
5,0998	-14,757	35,1350
5,1026	-14,759	35,1400
5,1008	-14,761	35,1450
5,1035	-14,764	35,1500
5,1122	-14,766	35,1550
5,1018	-14,768	35,1600
5,0939	-14,770	35,1650
5,1036	-14,772	35,1700
5,1138	-14,774	35,1750
5,1051	-14,776	35,1800
5,1056	-14,778	35,1850
5,1052	-14,780	35,1900
5,0988	-14,782	35,1950
5,1049	-14,785	35,2000
5,1181	-14,787	35,2050
5,1186	-14,789	35,2100
5,1098	-14,791	35,2150
5,1141	-14,793	35,2200
5,1092	-14,795	35,2250
5,1055	-14,797	35,2300
5,1153	-14,799	35,2350
5,1149	-14,801	35,2400
5,1053	-14,803	35,2450
5,1136	-14,806	35,2500
5,1165	-14,808	35,2550
5,1081	-14,810	35,2600
5,1061	-14,812	35,2650
5,1129	-14,814	35,2700
5,1076	-14,816	35,2750
5,1174	-14,818	35,2800
5,1247	-14,820	35,2850
5,1117	-14,822	35,2900
5,1086	-14,824	35,2950
5,1201	-14,827	35,3000
5,1198	-14,829	35,3050
5,1186	-14,831	35,3100
5,1272	-14,833	35,3150
5,1253	-14,835	35,3200
5,1186	-14,837	35,3250
5,1239	-14,839	35,3300
5,1226	-14,841	35,3350
5,1163	-14,843	35,3400
5,1226	-14,845	35,3450
5,1213	-14,848	35,3500
5,1180	-14,850	35,3550
5,1254	-14,852	35,3600
5,1312	-14,854	35,3650
5,1276	-14,856	35,3700
5,1307	-14,858	35,3750
5,1306	-14,860	35,3800
5,1270	-14,862	35,3850
5,1263	-14,864	35,3900
5,1293	-14,866	35,3950
5,1244	-14,869	35,4000
5,1222	-14,871	35,4050
5,1349	-14,873	35,4100
5,1299	-14,875	35,4150
5,1201	-14,877	35,4200
5,1322	-14,879	35,4250
5,1321	-14,881	35,4300
5,1257	-14,883	35,4350
5,1316	-14,885	35,4400
5,1335	-14,887	35,4450
5,1321	-14,890	35,4500
5,1340	-14,892	35,4550
5,1446	-14,894	35,4600
5,1422	-14,896	35,4650
5,1416	-14,898	35,4700
5,1447	-14,900	35,4750
5,1370	-14,902	35,4800
5,1325	-14,904	35,4850
5,1358	-14,906	35,4900
5,1365	-14,908	35,4950
5,1386	-14,911	35,5000
5,1454	-14,913	35,5050
5,1389	-14,915	35,5100
5,1325	-14,917	35,5150
5,1457	-14,919	35,5200
5,1462	-14,921	35,5250
5,1394	-14,923	35,5300
5,1460	-14,925	35,5350
5,1468	-14,927	35,5400
5,1495	-14,929	35,5450
5,1534	-14,932	35,5500
5,1500	-14,934	35,5550
5,1442	-14,936	35,5600
5,1498	-14,938	35,5650
5,1547	-14,940	35,5700
5,1471	-14,942	35,5750
5,1462	-14,944	35,5800
5,1496	-14,946	35,5850
5,1428	-14,948	35,5900
5,1432	-14,950	35,5950
5,1551	-14,953	35,6000
5,1597	-14,955	35,6050
5,1506	-14,957	35,6100
5,1535	-14,959	35,6150
5,1560	-14,961	35,6200
5,1451	-14,963	35,6250
5,1519	-14,965	35,6300
5,1601	-14,967	35,6350
5,1575	-14,969	35,6400
5,1514	-14,971	35,6450
5,1508	-14,974	35,6500
5,1466	-14,976	35,6550
5,1513	-14,978	35,6600
5,1591	-14,980	35,6650
5,1597	-14,982	35,6700
5,1593	-14,984	35,6750
5,1674	-14,986	35,6800
5,1609	-14,988	35,6850
5,1570	-14,990	35,6900
5,1677	-14,992	35,6950
5,1715	-14,995	35,7000
5,1622	-14,997	35,7050
5,1669	-14,999	35,7100
5,1712	-15,001	35,7150
5,1670	-15,003	35,7200
5,1714	-15,005	35,7250
5,1743	-15,007	35,7300
5,1692	-15,009	35,7350
5,1662	-15,011	35,7400
5,1764	-15,013	35,7450
5,1717	-15,016	35,7500
5,1668	-15,018	35,7550
5,1757	-15,020	35,7600
5,1786	-15,022	35,7650
5,1715	-15,024	35,7700
5,1705	-15,026	35,7750
5,1675	-15,028	35,7800
5,1678	-15,030	35,7850
5,1723	-15,032	35,7900
5,1741	-15,034	35,7950
5,1674	-15,037	35,8000
5,1704	-15,039	35,8050
5,1725	-15,041	35,8100
5,1661	-15,043	35,8150
5,1738	-15,045	35,8200
5,1801	-15,047	35,8250
5,1763	-15,049	35,8300
5,1757	-15,051	35,8350
5,1828	-15,053	35,8400
5,1827	-15,055	35,8450
5,1857	-15,058	35,8500
5,1885	-15,060	35,8550
5,1824	-15,062	35,8600
5,1777	-15,064	35,8650
5,1829	-15,066	35,8700
5,1886	-15,068	35,8750
5,1884	-15,070	35,8800
5,1913	-15,072	35,8850
5,1983	-15,074	35,8900
5,1900	-15,076	35,8950
5,1852	-15,079	35,9000
5,1851	-15,081	35,9050
5,1805	-15,083	35,9100
5,1823	-15,085	35,9150
5,1881	-15,087	35,9200
5,1860	-15,089	35,9250
5,1863	-15,091	35,9300
5,1892	-15,093	35,9350
5,1835	-15,095	35,9400
5,1856	-15,097	35,9450
5,1975	-15,100	35,9500
5,1981	-15,102	35,9550
5,1916	-15,104	35,9600
5,1950	-15,106	35,9650
5,1898	-15,108	35,9700
5,1925	-15,110	35,9750
5,1945	-15,112	35,9800
5,1957	-15,114	35,9850
5,1927	-15,116	35,9900
5,1985	-15,118	35,9950
5,2000	-15,121	36,0000
5,1927	-15,123	36,0050
5,1924	-15,125	36,0100
5,1960	-15,127	36,0150
5,1952	-15,129	36,0200
5,1889	-15,131	36,0250
5,1970	-15,133	36,0300
5,1942	-15,135	36,0350
5,2000	-15,137	36,0400
5,2151	-15,139	36,0450
5,2069	-15,142	36,0500
5,1948	-15,144	36,0550
5,2019	-15,146	36,0600
5,2096	-15,148	36,0650
5,2136	-15,150	36,0700
5,2141	-15,152	36,0750
5,2102	-15,154	36,0800
5,2038	-15,156	36,0850
5,2077	-15,158	36,0900
5,2041	-15,160	36,0950
5,1986	-15,163	36,1000
5,2089	-15,165	36,1050
5,2186	-15,167	36,1100
5,2119	-15,169	36,1150
5,2039	-15,171	36,1200
5,2149	-15,173	36,1250
5,2140	-15,175	36,1300
5,2077	-15,177	36,1350
5,2192	-15,179	36,1400
5,2226	-15,181	36,1450
5,2153	-15,184	36,1500
5,2265	-15,186	36,1550
5,2205	-15,188	36,1600
5,2114	-15,190	36,1650
5,2140	-15,192	36,1700
5,2183	-15,194	36,1750
5,2106	-15,196	36,1800
5,2125	-15,198	36,1850
5,2203	-15,200	36,1900
5,2205	-15,202	36,1950
5,2195	-15,205	36,2000
5,2233	-15,207	36,2050
5,2151	-15,209	36,2100
5,2087	-15,211	36,2150
5,2187	-15,213	36,2200
5,2195	-15,215	36,2250
5,2237	-15,217	36,2300
5,2321	-15,219	36,2350
5,2296	-15,221	36,2400
5,2229	-15,223	36,2450
5,2297	-15,226	36,2500
5,2285	-15,228	36,2550
5,2299	-15,230	36,2600
5,2364	-15,232	36,2650
5,2396	-15,234	36,2700
5,2258	-15,236	36,2750
5,2295	-15,238	36,2800
5,2352	-15,240	36,2850
5,2281	-15,242	36,2900
5,2298	-15,244	36,2950
5,2362	-15,247	36,3000
5,2410	-15,249	36,3050
5,2403	-15,251	36,3100
5,2369	-15,253	36,3150
5,2325	-15,255	36,3200
5,2313	-15,257	36,3250
5,2350	-15,259	36,3300
5,2283	-15,261	36,3350
5,2251	-15,263	36,3400
5,2359	-15,265	36,3450
5,2390	-15,268	36,3500
5,2373	-15,270	36,3550
5,2449	-15,272	36,3600
5,2535	-15,274	36,3650
5,2395	-15,276	36,3700
5,2374	-15,278	36,3750
5,2449	-15,280	36,3800
5,2396	-15,282	36,3850
5,2369	-15,284	36,3900
5,2450	-15,286	36,3950
5,2398	-15,289	36,4000
5,2358	-15,291	36,4050
5,2493	-15,293	36,4100
5,2414	-15,295	36,4150
5,2378	-15,297	36,4200
5,2529	-15,299	36,4250
5,2529	-15,301	36,4300
5,2393	-15,303	36,4350
5,2446	-15,305	36,4400
5,2531	-15,307	36,4450
5,2534	-15,310	36,4500
5,2495	-15,312	36,4550
5,2526	-15,314	36,4600
5,2468	-15,316	36,4650
5,2506	-15,318	36,4700
5,2485	-15,320	36,4750
5,2428	-15,322	36,4800
5,2456	-15,324	36,4850
5,2539	-15,326	36,4900
5,2501	-15,328	36,4950
5,2474	-15,331	36,5000
5,2540	-15,333	36,5050
5,2569	-15,335	36,5100
5,2523	-15,337	36,5150
5,2549	-15,339	36,5200
5,2578	-15,341	36,5250
5,2554	-15,343	36,5300
5,2631	-15,345	36,5350
5,2599	-15,347	36,5400
5,2574	-15,349	36,5450
5,2619	-15,352	36,5500
5,2668	-15,354	36,5550
5,2627	-15,356	36,5600
5,2596	-15,358	36,5650
5,2622	-15,360	36,5700
5,2644	-15,362	36,5750
5,2669	-15,364	36,5800
5,2794	-15,366	36,5850
5,2721	-15,368	36,5900
5,2579	-15,370	36,5950
5,2582	-15,373	36,6000
5,2607	-15,375	36,6050
5,2670	-15,377	36,6100
5,2785	-15,379	36,6150
5,2726	-15,381	36,6200
5,2602	-15,383	36,6250
5,2641	-15,385	36,6300
5,2650	-15,387	36,6350
5,2635	-15,389	36,6400
5,2720	-15,391	36,6450
5,2738	-15,394	36,6500
5,2579	-15,396	36,6550
5,2639	-15,398	36,6600
5,2757	-15,400	36,6650
5,2713	-15,402	36,6700
5,2727	-15,404	36,6750
5,2806	-15,406	36,6800
5,2815	-15,408	36,6850
5,2790	-15,410	36,6900
5,2821	-15,412	36,6950
5,2792	-15,415	36,7000
5,2723	-15,417	36,7050
5,2755	-15,419	36,7100
5,2759	-15,421	36,7150
5,2710	-15,423	36,7200
5,2765	-15,425	36,7250
5,2788	-15,427	36,7300
5,2769	-15,429	36,7350
5,2830	-15,431	36,7400
5,2935	-15,433	36,7450
5,2867	-15,436	36,7500
5,2821	-15,438	36,7550
5,2876	-15,440	36,7600
5,2845	-15,442	36,7650
5,2886	-15,444	36,7700
5,2912	-15,446	36,7750
5,2879	-15,448	36,7800
5,2859	-15,450	36,7850
5,2901	-15,452	36,7900
5,2856	-15,454	36,7950
5,2771	-15,457	36,8000
5,2850	-15,459	36,8050
5,2972	-15,461	36,8100
5,2867	-15,463	36,8150
5,2867	-15,465	36,8200
5,2872	-15,467	36,8250
5,2906	-15,469	36,8300
5,2986	-15,471	36,8350
5,3022	-15,473	36,8400
5,2877	-15,475	36,8450
5,2788	-15,478	36,8500
5,2887	-15,480	36,8550
5,2899	-15,482	36,8600
5,2857	-15,484	36,8650
5,2939	-15,486	36,8700
5,2966	-15,488	36,8750
5,2999	-15,490	36,8800
5,3019	-15,492	36,8850
5,2956	-15,494	36,8900
5,2860	-15,496	36,8950
5,2960	-15,499	36,9000
5,3088	-15,501	36,9050
5,3083	-15,503	36,9100
5,3037	-15,505	36,9150
5,3055	-15,507	36,9200
5,3070	-15,509	36,9250
5,3009	-15,511	36,9300
5,3076	-15,513	36,9350
5,3048	-15,515	36,9400
5,3022	-15,517	36,9450
5,3005	-15,520	36,9500
5,2968	-15,522	36,9550
5,2977	-15,524	36,9600
5,3058	-15,526	36,9650
5,3091	-15,528	36,9700
5,3040	-15,530	36,9750
5,3133	-15,532	36,9800
5,3173	-15,534	36,9850
5,3066	-15,536	36,9900
5,3080	-15,538	36,9950
5,3079	-15,541	37,0000
5,3005	-15,543	37,0050
5,3064	-15,545	37,0100
5,3148	-15,547	37,0150
5,3176	-15,549	37,0200
5,3213	-15,551	37,0250
5,3294	-15,553	37,0300
5,3149	-15,555	37,0350
5,3042	-15,557	37,0400
5,3063	-15,559	37,0450
5,3102	-15,562	37,0500
5,3087	-15,564	37,0550
5,3215	-15,566	37,0600
5,3243	-15,568	37,0650
5,3173	-15,570	37,0700
5,3176	-15,572	37,0750
5,3256	-15,574	37,0800
5,3200	-15,576	37,0850
5,3207	-15,578	37,0900
5,3198	-15,580	37,0950
5,3099	-15,583	37,1000
5,3141	-15,585	37,1050
5,3226	-15,587	37,1100
5,3256	-15,589	37,1150
5,3227	-15,591	37,1200
5,3227	-15,593	37,1250
5,3159	-15,595	37,1300
5,3206	-15,597	37,1350
5,3302	-15,599	37,1400
5,3262	-15,601	37,1450
5,3244	-15,604	37,1500
5,3366	-15,606	37,1550
5,3372	-15,608	37,1600
5,3290	-15,610	37,1650
5,3272	-15,612	37,1700
5,3328	-15,614	37,1750
5,3294	-15,616	37,1800
5,3336	-15,618	37,1850
5,3373	-15,620	37,1900
5,3293	-15,622	37,1950
5,3265	-15,625	37,2000
5,3318	-15,627	37,2050
5,3264	-15,629	37,2100
5,3295	-15,631	37,2150
5,3428	-15,633	37,2200
5,3360	-15,635	37,2250
5,3247	-15,637	37,2300
5,3279	-15,639	37,2350
5,3303	-15,641	37,2400
5,3312	-15,643	37,2450
5,3380	-15,646	37,2500
5,3345	-15,648	37,2550
5,3334	-15,650	37,2600
5,3416	-15,652	37,2650
5,3528	-15,654	37,2700
5,3444	-15,656	37,2750
5,3391	-15,658	37,2800
5,3447	-15,660	37,2850
5,3441	-15,662	37,2900
5,3423	-15,664	37,2950
5,3484	-15,667	37,3000
5,3449	-15,669	37,3050
5,3402	-15,671	37,3100
5,3527	-15,673	37,3150
5,3522	-15,675	37,3200
5,3451	-15,677	37,3250
5,3507	-15,679	37,3300
5,3483	-15,681	37,3350
5,3417	-15,683	37,3400
5,3507	-15,685	37,3450
5,3523	-15,688	37,3500
5,3467	-15,690	37,3550
5,3464	-15,692	37,3600
5,3549	-15,694	37,3650
5,3514	-15,696	37,3700
5,3534	-15,698	37,3750
5,3573	-15,700	37,3800
5,3536	-15,702	37,3850
5,3529	-15,704	37,3900
5,3563	-15,706	37,3950
5,3520	-15,709	37,4000
5,3458	-15,711	37,4050
5,3522	-15,713	37,4100
5,3498	-15,715	37,4150
5,3487	-15,717	37,4200
5,3614	-15,719	37,4250
5,3661	-15,721	37,4300
5,3591	-15,723	37,4350
5,3603	-15,725	37,4400
5,3572	-15,727	37,4450
5,3507	-15,730	37,4500
5,3538	-15,732	37,4550
5,3640	-15,734	37,4600
5,3602	-15,736	37,4650
5,3634	-15,738	37,4700
5,3636	-15,740	37,4750
5,3571	-15,742	37,4800
5,3595	-15,744	37,4850
5,3716	-15,746	37,4900
5,3661	-15,748	37,4950
5,3589	-15,751	37,5000
5,3620	-15,753	37,5050
5,3621	-15,755	37,5100
5,3583	-15,757	37,5150
5,3687	-15,759	37,5200
5,3738	-15,761	37,5250
5,3689	-15,763	37,5300
5,3747	-15,765	37,5350
5,3687	-15,767	37,5400
5,3571	-15,769	37,5450
5,3617	-15,772	37,5500
5,3796	-15,774	37,5550
5,3750	-15,776	37,5600
5,3745	-15,778	37,5650
5,3762	-15,780	37,5700
5,3699	-15,782	37,5750
5,3668	-15,784	37,5800
5,3747	-15,786	37,5850
5,3774	-15,788	37,5900
5,3713	-15,790	37,5950
5,3741	-15,793	37,6000
5,3693	-15,795	37,6050
5,3649	-15,797	37,6100
5,3747	-15,799	37,6150
5,3733	-15,801	37,6200
5,3667	-15,803	37,6250
5,3774	-15,805	37,6300
5,3850	-15,807	37,6350
5,3820	-15,809	37,6400
5,3763	-15,811	37,6450
5,3827	-15,814	37,6500
5,3810	-15,816	37,6550
5,3837	-15,818	37,6600
5,3878	-15,820	37,6650
5,3794	-15,822	37,6700
5,3785	-15,824	37,6750
5,3896	-15,826	37,6800
5,3871	-15,828	37,6850
5,3824	-15,830	37,6900
5,3849	-15,832	37,6950
5,3841	-15,835	37,7000
5,3787	-15,837	37,7050
5,3889	-15,839	37,7100
5,3897	-15,841	37,7150
5,3866	-15,843	37,7200
5,3936	-15,845	37,7250
5,3941	-15,847	37,7300
5,3936	-15,849	37,7350
5,3924	-15,851	37,7400
5,3916	-15,853	37,7450
5,3834	-15,856	37,7500
5,3902	-15,858	37,7550
5,4003	-15,860	37,7600
5,3937	-15,862	37,7650
5,3912	-15,864	37,7700
5,4040	-15,866	37,7750
5,4018	-15,868	37,7800
5,3978	-15,870	37,7850
5,3994	-15,872	37,7900
5,3959	-15,874	37,7950
5,3906	-15,877	37,8000
5,3971	-15,879	37,8050
5,3981	-15,881	37,8100
5,3962	-15,883	37,8150
5,4075	-15,885	37,8200
5,4125	-15,887	37,8250
5,4044	-15,889	37,8300
5,4037	-15,891	37,8350
5,4139	-15,893	37,8400
5,4113	-15,895	37,8450
5,4044	-15,898	37,8500
5,4016	-15,900	37,8550
5,4034	-15,902	37,8600
5,3937	-15,904	37,8650
5,4013	-15,906	37,8700
5,4076	-15,908	37,8750
5,4070	-15,910	37,8800
5,4142	-15,912	37,8850
5,4105	-15,914	37,8900
5,4056	-15,916	37,8950
5,4123	-15,919	37,9000
5,4166	-15,921	37,9050
5,4164	-15,923	37,9100
5,4209	-15,925	37,9150
5,4210	-15,927	37,9200
5,4116	-15,929	37,9250
5,4078	-15,931	37,9300
5,4200	-15,933	37,9350
5,4206	-15,935	37,9400
5,4196	-15,937	37,9450
5,4279	-15,940	37,9500
5,4179	-15,942	37,9550
5,4154	-15,944	37,9600
5,4247	-15,946	37,9650
5,4207	-15,948	37,9700
5,4202	-15,950	37,9750
5,4148	-15,952	37,9800
5,4193	-15,954	37,9850
5,4153	-15,956	37,9900
5,4249	-15,958	37,9950
5,4282	-15,961	38,0000
5,4148	-15,963	38,0050
5,4192	-15,965	38,0100
5,4333	-15,967	38,0150
5,4292	-15,969	38,0200
5,4280	-15,971	38,0250
5,4285	-15,973	38,0300
5,4286	-15,975	38,0350
5,4309	-15,977	38,0400
5,4363	-15,979	38,0450
5,4292	-15,982	38,0500
5,4210	-15,984	38,0550
5,4252	-15,986	38,0600
5,4272	-15,988	38,0650
5,4294	-15,990	38,0700
5,4337	-15,992	38,0750
5,4320	-15,994	38,0800
5,4269	-15,996	38,0850
5,4326	-15,998	38,0900
5,4386	-16,000	38,0950
5,4345	-16,003	38,1000
5,4334	-16,005	38,1050
5,4326	-16,007	38,1100
5,4302	-16,009	38,1150
5,4367	-16,011	38,1200
5,4457	-16,013	38,1250
5,4390	-16,015	38,1300
5,4324	-16,017	38,1350
5,4430	-16,019	38,1400
5,4446	-16,021	38,1450
5,4315	-16,024	38,1500
5,4355	-16,026	38,1550
5,4309	-16,028	38,1600
5,4315	-16,030	38,1650
5,4419	-16,032	38,1700
5,4507	-16,034	38,1750
5,4459	-16,036	38,1800
5,4494	-16,038	38,1850
5,4464	-16,040	38,1900
5,4325	-16,042	38,1950
5,4369	-16,045	38,2000
5,4443	-16,047	38,2050
5,4345	-16,049	38,2100
5,4267	-16,051	38,2150
5,4386	-16,053	38,2200
5,4519	-16,055	38,2250
5,4502	-16,057	38,2300
5,4526	-16,059	38,2350
5,4503	-16,061	38,2400
5,4421	-16,063	38,2450
5,4539	-16,066	38,2500
5,4561	-16,068	38,2550
5,4515	-16,070	38,2600
5,4470	-16,072	38,2650
5,4534	-16,074	38,2700
5,4464	-16,076	38,2750
5,4513	-16,078	38,2800
5,4602	-16,080	38,2850
5,4545	-16,082	38,2900
5,4603	-16,084	38,2950
5,4653	-16,087	38,3000
5,4582	-16,089	38,3050
5,4498	-16,091	38,3100
5,4516	-16,093	38,3150
5,4495	-16,095	38,3200
5,4475	-16,097	38,3250
5,4637	-16,099	38,3300
5,4627	-16,101	38,3350
5,4503	-16,103	38,3400
5,4476	-16,105	38,3450
5,4479	-16,108	38,3500
5,4560	-16,110	38,3550
5,4644	-16,112	38,3600
5,4710	-16,114	38,3650
5,4659	-16,116	38,3700
5,4681	-16,118	38,3750
5,4667	-16,120	38,3800
5,4616	-16,122	38,3850
5,4612	-16,124	38,3900
5,4678	-16,126	38,3950
5,4608	-16,129	38,4000
5,4625	-16,131	38,4050
5,4742	-16,133	38,4100
5,4741	-16,135	38,4150
5,4695	-16,137	38,4200
5,4721	-16,139	38,4250
5,4728	-16,141	38,4300
5,4675	-16,143	38,4350
5,4686	-16,145	38,4400
5,4709	-16,147	38,4450
5,4719	-16,150	38,4500
5,4735	-16,152	38,4550
5,4776	-16,154	38,4600
5,4686	-16,156	38,4650
5,4763	-16,158	38,4700
5,4823	-16,160	38,4750
5,4787	-16,162	38,4800
5,4769	-16,164	38,4850
5,4880	-16,166	38,4900
5,4813	-16,168	38,4950
5,4780	-16,171	38,5000
5,4859	-16,173	38,5050
5,4833	-16,175	38,5100
5,4763	-16,177	38,5150
5,4781	-16,179	38,5200
5,4767	-16,181	38,5250
5,4628	-16,183	38,5300
5,4766	-16,185	38,5350
5,4845	-16,187	38,5400
5,4856	-16,189	38,5450
5,4832	-16,192	38,5500
5,4891	-16,194	38,5550
5,4825	-16,196	38,5600
5,4847	-16,198	38,5650
5,4914	-16,200	38,5700
5,4857	-16,202	38,5750
5,4831	-16,204	38,5800
5,4885	-16,206	38,5850
5,4876	-16,208	38,5900
5,4822	-16,210	38,5950
5,4817	-16,213	38,6000
5,4827	-16,215	38,6050
5,4785	-16,217	38,6100
5,4864	-16,219	38,6150
5,4962	-16,221	38,6200
5,4945	-16,223	38,6250
5,5010	-16,225	38,6300
5,5028	-16,227	38,6350
5,5019	-16,229	38,6400
5,4962	-16,231	38,6450
5,4986	-16,234	38,6500
5,4918	-16,236	38,6550
5,4879	-16,238	38,6600
5,4968	-16,240	38,6650
5,4938	-16,242	38,6700
5,4946	-16,244	38,6750
5,5002	-16,246	38,6800
5,4929	-16,248	38,6850
5,4859	-16,250	38,6900
5,4956	-16,252	38,6950
5,5012	-16,255	38,7000
5,4951	-16,257	38,7050
5,5026	-16,259	38,7100
5,5081	-16,261	38,7150
5,4986	-16,263	38,7200
5,4990	-16,265	38,7250
5,4993	-16,267	38,7300
5,5051	-16,269	38,7350
5,5003	-16,271	38,7400
5,5031	-16,273	38,7450
5,5014	-16,276	38,7500
5,5049	-16,278	38,7550
5,5117	-16,280	38,7600
5,5115	-16,282	38,7650
5,5107	-16,284	38,7700
5,5130	-16,286	38,7750
5,5094	-16,288	38,7800
5,4987	-16,290	38,7850
5,5047	-16,292	38,7900
5,5090	-16,294	38,7950
5,5077	-16,297	38,8000
5,5111	-16,299	38,8050
5,5151	-16,301	38,8100
5,5136	-16,303	38,8150
5,5185	-16,305	38,8200
5,5242	-16,307	38,8250
5,5192	-16,309	38,8300
5,5142	-16,311	38,8350
5,5148	-16,313	38,8400
5,5082	-16,315	38,8450
5,5123	-16,318	38,8500
5,5184	-16,320	38,8550
5,5210	-16,322	38,8600
5,5167	-16,324	38,8650
5,5221	-16,326	38,8700
5,5165	-16,328	38,8750
5,5158	-16,330	38,8800
5,5220	-16,332	38,8850
5,5212	-16,334	38,8900
5,5122	-16,336	38,8950
5,5166	-16,339	38,9000
5,5185	-16,341	38,9050
5,5107	-16,343	38,9100
5,5146	-16,345	38,9150
5,5214	-16,347	38,9200
5,5213	-16,349	38,9250
5,5243	-16,351	38,9300
5,5328	-16,353	38,9350
5,5274	-16,355	38,9400
5,5280	-16,357	38,9450
5,5279	-16,360	38,9500
5,5227	-16,362	38,9550
5,5236	-16,364	38,9600
5,5301	-16,366	38,9650
5,5272	-16,368	38,9700
5,5212	-16,370	38,9750
5,5234	-16,372	38,9800
5,5379	-16,374	38,9850
5,5315	-16,376	38,9900
5,5369	-16,378	38,9950
5,5427	-16,381	39,0000
5,5275	-16,383	39,0050
5,5284	-16,385	39,0100
5,5359	-16,387	39,0150
5,5377	-16,389	39,0200
5,5389	-16,391	39,0250
5,5423	-16,393	39,0300
5,5383	-16,395	39,0350
5,5325	-16,397	39,0400
5,5378	-16,399	39,0450
5,5432	-16,402	39,0500
5,5366	-16,404	39,0550
5,5417	-16,406	39,0600
5,5413	-16,408	39,0650
5,5411	-16,410	39,0700
5,5451	-16,412	39,0750
5,5463	-16,414	39,0800
5,5381	-16,416	39,0850
5,5517	-16,418	39,0900
5,5509	-16,420	39,0950
5,5479	-16,423	39,1000
5,5486	-16,425	39,1050
5,5505	-16,427	39,1100
5,5498	-16,429	39,1150
5,5460	-16,431	39,1200
5,5517	-16,433	39,1250
5,5547	-16,435	39,1300
5,5529	-16,437	39,1350
5,5545	-16,439	39,1400
5,5522	-16,441	39,1450
5,5476	-16,444	39,1500
5,5541	-16,446	39,1550
5,5570	-16,448	39,1600
5,5498	-16,450	39,1650
5,5490	-16,452	39,1700
5,5570	-16,454	39,1750
5,5521	-16,456	39,1800
5,5659	-16,458	39,1850
5,5638	-16,460	39,1900
5,5502	-16,462	39,1950
5,5502	-16,465	39,2000
5,5554	-16,467	39,2050
5,5552	-16,469	39,2100
5,5561	-16,471	39,2150
5,5653	-16,473	39,2200
5,5629	-16,475	39,2250
5,5514	-16,477	39,2300
5,5621	-16,479	39,2350
5,5665	-16,481	39,2400
5,5576	-16,483	39,2450
5,5623	-16,486	39,2500
5,5683	-16,488	39,2550
5,5697	-16,490	39,2600
5,5733	-16,492	39,2650
5,5713	-16,494	39,2700
5,5642	-16,496	39,2750
5,5657	-16,498	39,2800
5,5680	-16,500	39,2850
5,5600	-16,502	39,2900
5,5566	-16,504	39,2950
5,5610	-16,507	39,3000
5,5622	-16,509	39,3050
5,5747	-16,511	39,3100
5,5810	-16,513	39,3150
5,5730	-16,515	39,3200
5,5595	-16,517	39,3250
5,5631	-16,519	39,3300
5,5682	-16,521	39,3350
5,5671	-16,523	39,3400
5,5777	-16,525	39,3450
5,5777	-16,528	39,3500
5,5691	-16,530	39,3550
5,5675	-16,532	39,3600
5,5758	-16,534	39,3650
5,5714	-16,536	39,3700
5,5706	-16,538	39,3750
5,5783	-16,540	39,3800
5,5742	-16,542	39,3850
5,5692	-16,544	39,3900
5,5792	-16,546	39,3950
5,5776	-16,549	39,4000
5,5797	-16,551	39,4050
5,5857	-16,553	39,4100
5,5877	-16,555	39,4150
5,5805	-16,557	39,4200
5,5813	-16,559	39,4250
5,5799	-16,561	39,4300
5,5795	-16,563	39,4350
5,5866	-16,565	39,4400
5,5879	-16,567	39,4450
5,5810	-16,570	39,4500
5,5829	-16,572	39,4550
5,5898	-16,574	39,4600
5,5889	-16,576	39,4650
5,5883	-16,578	39,4700
5,5886	-16,580	39,4750
5,5826	-16,582	39,4800
5,5871	-16,584	39,4850
5,5969	-16,586	39,4900
5,5943	-16,588	39,4950
5,5887	-16,591	39,5000
5,5863	-16,593	39,5050
5,5881	-16,595	39,5100
5,5834	-16,597	39,5150
5,5927	-16,599	39,5200
5,5910	-16,601	39,5250
5,5927	-16,603	39,5300
5,6019	-16,605	39,5350
5,6002	-16,607	39,5400
5,5929	-16,609	39,5450
5,5909	-16,612	39,5500
5,5928	-16,614	39,5550
5,5885	-16,616	39,5600
5,5941	-16,618	39,5650
5,6025	-16,620	39,5700
5,6009	-16,622	39,5750
5,5867	-16,624	39,5800
5,5936	-16,626	39,5850
5,5976	-16,628	39,5900
5,5956	-16,630	39,5950
5,5986	-16,633	39,6000
5,5989	-16,635	39,6050
5,5986	-16,637	39,6100
5,6037	-16,639	39,6150
5,5992	-16,641	39,6200
5,5981	-16,643	39,6250
5,6064	-16,645	39,6300
5,6047	-16,647	39,6350
5,5959	-16,649	39,6400
5,6018	-16,651	39,6450
5,6108	-16,654	39,6500
5,6120	-16,656	39,6550
5,6114	-16,658	39,6600
5,6116	-16,660	39,6650
5,6053	-16,662	39,6700
5,6092	-16,664	39,6750
5,6190	-16,666	39,6800
5,6161	-16,668	39,6850
5,6128	-16,670	39,6900
5,6158	-16,672	39,6950
5,6143	-16,675	39,7000
5,6077	-16,677	39,7050
5,6100	-16,679	39,7100
5,6125	-16,681	39,7150
5,6104	-16,683	39,7200
5,6124	-16,685	39,7250
5,6158	-16,687	39,7300
5,6149	-16,689	39,7350
5,6135	-16,691	39,7400
5,6210	-16,693	39,7450
5,6122	-16,696	39,7500
5,6134	-16,698	39,7550
5,6268	-16,700	39,7600
5,6174	-16,702	39,7650
5,6100	-16,704	39,7700
5,6266	-16,706	39,7750
5,6269	-16,708	39,7800
5,6226	-16,710	39,7850
5,6248	-16,712	39,7900
5,6226	-16,714	39,7950
5,6137	-16,717	39,8000
5,6268	-16,719	39,8050
5,6298	-16,721	39,8100
5,6204	-16,723	39,8150
5,6245	-16,725	39,8200
5,6247	-16,727	39,8250
5,6187	-16,729	39,8300
5,6193	-16,731	39,8350
5,6271	-16,733	39,8400
5,6262	-16,735	39,8450
5,6272	-16,738	39,8500
5,6314	-16,740	39,8550
5,6224	-16,742	39,8600
5,6192	-16,744	39,8650
5,6308	-16,746	39,8700
5,6317	-16,748	39,8750
5,6320	-16,750	39,8800
5,6363	-16,752	39,8850
5,6326	-16,754	39,8900
5,6270	-16,756	39,8950
5,6330	-16,759	39,9000
5,6324	-16,761	39,9050
5,6247	-16,763	39,9100
5,6305	-16,765	39,9150
5,6376	-16,767	39,9200
5,6339	-16,769	39,9250
5,6335	-16,771	39,9300
5,6436	-16,773	39,9350
5,6367	-16,775	39,9400
5,6395	-16,777	39,9450
5,6499	-16,780	39,9500
5,6419	-16,782	39,9550
5,6348	-16,784	39,9600
5,6442	-16,786	39,9650
5,6464	-16,788	39,9700
5,6434	-16,790	39,9750
5,6387	-16,792	39,9800
5,6424	-16,794	39,9850
5,6414	-16,796	39,9900
5,6551	-16,798	39,9950
5,6552	-16,801	40,0000
5,6431	-16,803	40,0050
5,6565	-16,805	40,0100
5,6642	-16,807	40,0150
5,6513	-16,809	40,0200
5,6444	-16,811	40,0250
5,6527	-16,813	40,0300
5,6487	-16,815	40,0350
5,6457	-16,817	40,0400
5,6544	-16,819	40,0450
5,6532	-16,822	40,0500
5,6451	-16,824	40,0550
5,6534	-16,826	40,0600
5,6550	-16,828	40,0650
5,6552	-16,830	40,0700
5,6558	-16,832	40,0750
5,6520	-16,834	40,0800
5,6414	-16,836	40,0850
5,6505	-16,838	40,0900
5,6562	-16,840	40,0950
5,6496	-16,843	40,1000
5,6533	-16,845	40,1050
5,6663	-16,847	40,1100
5,6595	-16,849	40,1150
5,6552	-16,851	40,1200
5,6642	-16,853	40,1250
5,6631	-16,855	40,1300
5,6600	-16,857	40,1350
5,6695	-16,859	40,1400
5,6663	-16,861	40,1450
5,6534	-16,864	40,1500
5,6599	-16,866	40,1550
5,6653	-16,868	40,1600
5,6595	-16,870	40,1650
5,6578	-16,872	40,1700
5,6639	-16,874	40,1750
5,6597	-16,876	40,1800
5,6624	-16,878	40,1850
5,6666	-16,880	40,1900
5,6653	-16,882	40,1950
5,6693	-16,885	40,2000
5,6635	-16,887	40,2050
5,6616	-16,889	40,2100
5,6687	-16,891	40,2150
5,6743	-16,893	40,2200
5,6719	-16,895	40,2250
5,6680	-16,897	40,2300
5,6734	-16,899	40,2350
5,6731	-16,901	40,2400
5,6697	-16,903	40,2450
5,6708	-16,906	40,2500
5,6686	-16,908	40,2550
5,6730	-16,910	40,2600
5,6804	-16,912	40,2650
5,6826	-16,914	40,2700
5,6717	-16,916	40,2750
5,6734	-16,918	40,2800
5,6750	-16,920	40,2850
5,6660	-16,922	40,2900
5,6749	-16,924	40,2950
5,6798	-16,927	40,3000
5,6669	-16,929	40,3050
5,6677	-16,931	40,3100
5,6768	-16,933	40,3150
5,6811	-16,935	40,3200
5,6738	-16,937	40,3250
5,6790	-16,939	40,3300
5,6807	-16,941	40,3350
5,6769	-16,943	40,3400
5,6895	-16,945	40,3450
5,6847	-16,948	40,3500
5,6802	-16,950	40,3550
5,6832	-16,952	40,3600
5,6857	-16,954	40,3650
5,6822	-16,956	40,3700
5,6797	-16,958	40,3750
5,6789	-16,960	40,3800
5,6816	-16,962	40,3850
5,6872	-16,964	40,3900
5,6934	-16,966	40,3950
5,6899	-16,969	40,4000
5,6807	-16,971	40,4050
5,6890	-16,973	40,4100
5,6909	-16,975	40,4150
5,6924	-16,977	40,4200
5,6956	-16,979	40,4250
5,6900	-16,981	40,4300
5,6866	-16,983	40,4350
5,6985	-16,985	40,4400
5,6985	-16,987	40,4450
5,6889	-16,990	40,4500
5,6891	-16,992	40,4550
5,7042	-16,994	40,4600
5,7006	-16,996	40,4650
5,6962	-16,998	40,4700
5,6983	-17,000	40,4750
5,6905	-17,002	40,4800
5,6864	-17,004	40,4850
5,6953	-17,006	40,4900
5,6921	-17,008	40,4950
5,6944	-17,011	40,5000
5,7051	-17,013	40,5050
5,7079	-17,015	40,5100
5,7049	-17,017	40,5150
5,7099	-17,019	40,5200
5,7009	-17,021	40,5250
5,6940	-17,023	40,5300
5,7010	-17,025	40,5350
5,6991	-17,027	40,5400
5,7007	-17,029	40,5450
5,7023	-17,032	40,5500
5,7104	-17,034	40,5550
5,7083	-17,036	40,5600
5,7117	-17,038	40,5650
5,7140	-17,040	40,5700
5,7062	-17,042	40,5750
5,7012	-17,044	40,5800
5,7086	-17,046	40,5850
5,7124	-17,048	40,5900
5,7079	-17,050	40,5950
5,7144	-17,053	40,6000
5,7141	-17,055	40,6050
5,7126	-17,057	40,6100
5,7232	-17,059	40,6150
5,7174	-17,061	40,6200
5,7067	-17,063	40,6250
5,7149	-17,065	40,6300
5,7208	-17,067	40,6350
5,7180	-17,069	40,6400
5,7203	-17,071	40,6450
5,7236	-17,074	40,6500
5,7094	-17,076	40,6550
5,7090	-17,078	40,6600
5,7243	-17,080	40,6650
5,7223	-17,082	40,6700
5,7209	-17,084	40,6750
5,7254	-17,086	40,6800
5,7128	-17,088	40,6850
5,7087	-17,090	40,6900
5,7244	-17,092	40,6950
5,7264	-17,095	40,7000
5,7185	-17,097	40,7050
5,7250	-17,099	40,7100
5,7306	-17,101	40,7150
5,7175	-17,103	40,7200
5,7205	-17,105	40,7250
5,7239	-17,107	40,7300
5,7248	-17,109	40,7350
5,7245	-17,111	40,7400
5,7276	-17,113	40,7450
5,7151	-17,116	40,7500
5,7152	-17,118	40,7550
5,7339	-17,120	40,7600
5,7320	-17,122	40,7650
5,7309	-17,124	40,7700
5,7375	-17,126	40,7750
5,7257	-17,128	40,7800
5,7219	-17,130	40,7850
5,7310	-17,132	40,7900
5,7323	-17,134	40,7950
5,7288	-17,137	40,8000
5,7329	-17,139	40,8050
5,7367	-17,141	40,8100
5,7302	-17,143	40,8150
5,7289	-17,145	40,8200
5,7325	-17,147	40,8250
5,7318	-17,149	40,8300
5,7369	-17,151	40,8350
5,7422	-17,153	40,8400
5,7352	-17,155	40,8450
5,7288	-17,158	40,8500
5,7359	-17,160	40,8550
5,7342	-17,162	40,8600
5,7343	-17,164	40,8650
5,7442	-17,166	40,8700
5,7417	-17,168	40,8750
5,7315	-17,170	40,8800
5,7372	-17,172	40,8850
5,7433	-17,174	40,8900
5,7397	-17,176	40,8950
5,7462	-17,179	40,9000
5,7466	-17,181	40,9050
5,7342	-17,183	40,9100
5,7366	-17,185	40,9150
5,7487	-17,187	40,9200
5,7489	-17,189	40,9250
5,7479	-17,191	40,9300
5,7496	-17,193	40,9350
5,7479	-17,195	40,9400
5,7458	-17,197	40,9450
5,7576	-17,200	40,9500
5,7453	-17,202	40,9550
5,7411	-17,204	40,9600
5,7516	-17,206	40,9650
5,7548	-17,208	40,9700
5,7467	-17,210	40,9750
5,7500	-17,212	40,9800
5,7505	-17,214	40,9850
5,7390	-17,216	40,9900
5,7518	-17,218	40,9950
5,7557	-17,221	41,0000
5,7504	-17,223	41,0050
5,7492	-17,225	41,0100
5,7521	-17,227	41,0150
5,7499	-17,229	41,0200
5,7537	-17,231	41,0250
5,7612	-17,233	41,0300
5,7541	-17,235	41,0350
5,7512	-17,237	41,0400
5,7663	-17,239	41,0450
5,7696	-17,242	41,0500
5,7637	-17,244	41,0550
5,7714	-17,246	41,0600
5,7637	-17,248	41,0650
5,7540	-17,250	41,0700
5,7596	-17,252	41,0750
5,7665	-17,254	41,0800
5,7686	-17,256	41,0850
5,7724	-17,258	41,0900
5,7768	-17,260	41,0950
5,7685	-17,263	41,1000
5,7667	-17,265	41,1050
5,7686	-17,267	41,1100
5,7626	-17,269	41,1150
5,7657	-17,271	41,1200
5,7715	-17,273	41,1250
5,7708	-17,275	41,1300
5,7676	-17,277	41,1350
5,7751	-17,279	41,1400
5,7733	-17,281	41,1450
5,7652	-17,284	41,1500
5,7717	-17,286	41,1550
5,7762	-17,288	41,1600
5,7738	-17,290	41,1650
5,7730	-17,292	41,1700
5,7752	-17,294	41,1750
5,7694	-17,296	41,1800
5,7768	-17,298	41,1850
5,7834	-17,300	41,1900
5,7787	-17,302	41,1950
5,7801	-17,305	41,2000
5,7841	-17,307	41,2050
5,7781	-17,309	41,2100
5,7767	-17,311	41,2150
5,7820	-17,313	41,2200
5,7807	-17,315	41,2250
5,7761	-17,317	41,2300
5,7858	-17,319	41,2350
5,7840	-17,321	41,2400
5,7785	-17,323	41,2450
5,7811	-17,326	41,2500
5,7832	-17,328	41,2550
5,7805	-17,330	41,2600
5,7910	-17,332	41,2650
5,7950	-17,334	41,2700
5,7870	-17,336	41,2750
5,7928	-17,338	41,2800
5,7963	-17,340	41,2850
5,7879	-17,342	41,2900
5,7885	-17,344	41,2950
5,7963	-17,347	41,3000
5,7911	-17,349	41,3050
5,7972	-17,351	41,3100
5,8026	-17,353	41,3150
5,7897	-17,355	41,3200
5,7814	-17,357	41,3250
5,7930	-17,359	41,3300
5,7920	-17,361	41,3350
5,7853	-17,363	41,3400
5,7955	-17,365	41,3450
5,7958	-17,368	41,3500
5,7945	-17,370	41,3550
5,7907	-17,372	41,3600
5,7940	-17,374	41,3650
5,7897	-17,376	41,3700
5,7897	-17,378	41,3750
5,7959	-17,380	41,3800
5,7924	-17,382	41,3850
5,7930	-17,384	41,3900
5,7979	-17,386	41,3950
5,7998	-17,389	41,4000
5,7979	-17,391	41,4050
5,8027	-17,393	41,4100
5,7996	-17,395	41,4150
5,7936	-17,397	41,4200
5,8071	-17,399	41,4250
5,8050	-17,401	41,4300
5,7977	-17,403	41,4350
5,8091	-17,405	41,4400
5,8117	-17,407	41,4450
5,7993	-17,410	41,4500
5,8020	-17,412	41,4550
5,8087	-17,414	41,4600
5,8020	-17,416	41,4650
5,8064	-17,418	41,4700
5,8040	-17,420	41,4750
5,8002	-17,422	41,4800
5,8046	-17,424	41,4850
5,8144	-17,426	41,4900
5,8088	-17,428	41,4950
5,8052	-17,431	41,5000
5,8138	-17,433	41,5050
5,8188	-17,435	41,5100
5,8025	-17,437	41,5150
5,8041	-17,439	41,5200
5,8040	-17,441	41,5250
5,8016	-17,443	41,5300
5,8199	-17,445	41,5350
5,8257	-17,447	41,5400
5,8150	-17,449	41,5450
5,8150	-17,452	41,5500
5,8206	-17,454	41,5550
5,8175	-17,456	41,5600
5,8206	-17,458	41,5650
5,8249	-17,460	41,5700
5,8086	-17,462	41,5750
5,8118	-17,464	41,5800
5,8278	-17,466	41,5850
5,8286	-17,468	41,5900
5,8204	-17,470	41,5950
5,8206	-17,473	41,6000
5,8237	-17,475	41,6050
5,8201	-17,477	41,6100
5,8287	-17,479	41,6150
5,8280	-17,481	41,6200
5,8155	-17,483	41,6250
5,8205	-17,485	41,6300
5,8293	-17,487	41,6350
5,8230	-17,489	41,6400
5,8243	-17,491	41,6450
5,8329	-17,494	41,6500
5,8257	-17,496	41,6550
5,8212	-17,498	41,6600
5,8279	-17,500	41,6650
5,8233	-17,502	41,6700
5,8212	-17,504	41,6750
5,8323	-17,506	41,6800
5,8304	-17,508	41,6850
5,8272	-17,510	41,6900
5,8324	-17,512	41,6950
5,8336	-17,515	41,7000
5,8308	-17,517	41,7050
5,8371	-17,519	41,7100
5,8409	-17,521	41,7150
5,8374	-17,523	41,7200
5,8381	-17,525	41,7250
5,8373	-17,527	41,7300
5,8313	-17,529	41,7350
5,8320	-17,531	41,7400
5,8444	-17,533	41,7450
5,8331	-17,536	41,7500
5,8294	-17,538	41,7550
5,8398	-17,540	41,7600
5,8344	-17,542	41,7650
5,8329	-17,544	41,7700
5,8442	-17,546	41,7750
5,8398	-17,548	41,7800
5,8390	-17,550	41,7850
5,8491	-17,552	41,7900
5,8479	-17,554	41,7950
5,8338	-17,557	41,8000
5,8386	-17,559	41,8050
5,8430	-17,561	41,8100
5,8382	-17,563	41,8150
5,8509	-17,565	41,8200
5,8576	-17,567	41,8250
5,8529	-17,569	41,8300
5,8514	-17,571	41,8350
5,8511	-17,573	41,8400
5,8418	-17,575	41,8450
5,8414	-17,578	41,8500
5,8540	-17,580	41,8550
5,8498	-17,582	41,8600
5,8441	-17,584	41,8650
5,8493	-17,586	41,8700
5,8457	-17,588	41,8750
5,8472	-17,590	41,8800
5,8573	-17,592	41,8850
5,8544	-17,594	41,8900
5,8490	-17,596	41,8950
5,8581	-17,599	41,9000
5,8586	-17,601	41,9050
5,8507	-17,603	41,9100
5,8573	-17,605	41,9150
5,8640	-17,607	41,9200
5,8540	-17,609	41,9250
5,8490	-17,611	41,9300
5,8573	-17,613	41,9350
5,8582	-17,615	41,9400
5,8599	-17,617	41,9450
5,8681	-17,620	41,9500
5,8642	-17,622	41,9550
5,8595	-17,624	41,9600
5,8671	-17,626	41,9650
5,8641	-17,628	41,9700
5,8577	-17,630	41,9750
5,8592	-17,632	41,9800
5,8603	-17,634	41,9850
5,8496	-17,636	41,9900
5,8632	-17,638	41,9950
5,8697	-17,641	42,0000
5,8598	-17,643	42,0050
5,8678	-17,645	42,0100
5,8760	-17,647	42,0150
5,8666	-17,649	42,0200
5,8692	-17,651	42,0250
5,8751	-17,653	42,0300
5,8707	-17,655	42,0350
5,8668	-17,657	42,0400
5,8677	-17,659	42,0450
5,8640	-17,662	42,0500
5,8644	-17,664	42,0550
5,8706	-17,666	42,0600
5,8709	-17,668	42,0650
5,8675	-17,670	42,0700
5,8717	-17,672	42,0750
5,8768	-17,674	42,0800
5,8734	-17,676	42,0850
5,8793	-17,678	42,0900
5,8822	-17,680	42,0950
5,8699	-17,683	42,1000
5,8664	-17,685	42,1050
5,8727	-17,687	42,1100
5,8731	-17,689	42,1150
5,8727	-17,691	42,1200
5,8802	-17,693	42,1250
5,8856	-17,695	42,1300
5,8861	-17,697	42,1350
5,8932	-17,699	42,1400
5,8855	-17,701	42,1450
5,8787	-17,704	42,1500
5,8888	-17,706	42,1550
5,8871	-17,708	42,1600
5,8833	-17,710	42,1650
5,8855	-17,712	42,1700
5,8858	-17,714	42,1750
5,8752	-17,716	42,1800
5,8773	-17,718	42,1850
5,8851	-17,720	42,1900
5,8790	-17,722	42,1950
5,8817	-17,725	42,2000
5,8895	-17,727	42,2050
5,8830	-17,729	42,2100
5,8806	-17,731	42,2150
5,8881	-17,733	42,2200
5,8859	-17,735	42,2250
5,8807	-17,737	42,2300
5,8914	-17,739	42,2350
5,8912	-17,741	42,2400
5,8862	-17,743	42,2450
5,8951	-17,746	42,2500
5,9023	-17,748	42,2550
5,8991	-17,750	42,2600
5,8928	-17,752	42,2650
5,8938	-17,754	42,2700
5,8890	-17,756	42,2750
5,8934	-17,758	42,2800
5,8974	-17,760	42,2850
5,8916	-17,762	42,2900
5,8856	-17,764	42,2950
5,8905	-17,767	42,3000
5,8924	-17,769	42,3050
5,8970	-17,771	42,3100
5,9052	-17,773	42,3150
5,9036	-17,775	42,3200
5,8954	-17,777	42,3250
5,9011	-17,779	42,3300
5,9073	-17,781	42,3350
5,8969	-17,783	42,3400
5,9101	-17,785	42,3450
5,9164	-17,788	42,3500
5,9143	-17,790	42,3550
5,9084	-17,792	42,3600
5,9103	-17,794	42,3650
5,9025	-17,796	42,3700
5,9071	-17,798	42,3750
5,9054	-17,800	42,3800
5,8975	-17,802	42,3850
5,9050	-17,804	42,3900
5,9149	-17,806	42,3950
5,9058	-17,809	42,4000
5,9044	-17,811	42,4050
5,9148	-17,813	42,4100
5,9165	-17,815	42,4150
5,9094	-17,817	42,4200
5,9189	-17,819	42,4250
5,9175	-17,821	42,4300
5,9052	-17,823	42,4350
5,9149	-17,825	42,4400
5,9262	-17,827	42,4450
5,9157	-17,830	42,4500
5,9114	-17,832	42,4550
5,9175	-17,834	42,4600
5,9155	-17,836	42,4650
5,9188	-17,838	42,4700
5,9254	-17,840	42,4750
5,9208	-17,842	42,4800
5,9168	-17,844	42,4850
5,9209	-17,846	42,4900
5,9226	-17,848	42,4950
5,9199	-17,851	42,5000
5,9213	-17,853	42,5050
5,9258	-17,855	42,5100
5,9225	-17,857	42,5150
5,9225	-17,859	42,5200
5,9197	-17,861	42,5250
5,9165	-17,863	42,5300
5,9212	-17,865	42,5350
5,9222	-17,867	42,5400
5,9237	-17,869	42,5450
5,9280	-17,872	42,5500
5,9395	-17,874	42,5550
5,9261	-17,876	42,5600
5,9237	-17,878	42,5650
5,9245	-17,880	42,5700
5,9208	-17,882	42,5750
5,9223	-17,884	42,5800
5,9298	-17,886	42,5850
5,9295	-17,888	42,5900
5,9218	-17,890	42,5950
5,9232	-17,893	42,6000
5,9240	-17,895	42,6050
5,9235	-17,897	42,6100
5,9376	-17,899	42,6150
5,9361	-17,901	42,6200
5,9233	-17,903	42,6250
5,9285	-17,905	42,6300
5,9355	-17,907	42,6350
5,9363	-17,909	42,6400
5,9364	-17,911	42,6450
5,9375	-17,914	42,6500
5,9317	-17,916	42,6550
5,9309	-17,918	42,6600
5,9449	-17,920	42,6650
5,9422	-17,922	42,6700
5,9401	-17,924	42,6750
5,9507	-17,926	42,6800
5,9421	-17,928	42,6850
5,9404	-17,930	42,6900
5,9419	-17,932	42,6950
5,9411	-17,935	42,7000
5,9404	-17,937	42,7050
5,9492	-17,939	42,7100
5,9479	-17,941	42,7150
5,9363	-17,943	42,7200
5,9470	-17,945	42,7250
5,9567	-17,947	42,7300
5,9478	-17,949	42,7350
5,9422	-17,951	42,7400
5,9510	-17,953	42,7450
5,9467	-17,956	42,7500
5,9468	-17,958	42,7550
5,9517	-17,960	42,7600
5,9475	-17,962	42,7650
5,9455	-17,964	42,7700
5,9543	-17,966	42,7750
5,9538	-17,968	42,7800
5,9436	-17,970	42,7850
5,9446	-17,972	42,7900
5,9513	-17,974	42,7950
5,9489	-17,977	42,8000
5,9568	-17,979	42,8050
5,9579	-17,981	42,8100
5,9492	-17,983	42,8150
5,9548	-17,985	42,8200
5,9594	-17,987	42,8250
5,9611	-17,989	42,8300
5,9605	-17,991	42,8350
5,9646	-17,993	42,8400
5,9528	-17,995	42,8450
5,9521	-17,998	42,8500
5,9586	-18,000	42,8550
5,9580	-18,002	42,8600
5,9538	-18,004	42,8650
5,9637	-18,006	42,8700
5,9572	-18,008	42,8750
5,9486	-18,010	42,8800
5,9613	-18,012	42,8850
5,9695	-18,014	42,8900
5,9659	-18,016	42,8950
5,9748	-18,019	42,9000
5,9704	-18,021	42,9050
5,9612	-18,023	42,9100
5,9630	-18,025	42,9150
5,9639	-18,027	42,9200
5,9571	-18,029	42,9250
5,9636	-18,031	42,9300
5,9757	-18,033	42,9350
5,9670	-18,035	42,9400
5,9644	-18,037	42,9450
5,9731	-18,040	42,9500
5,9745	-18,042	42,9550
5,9716	-18,044	42,9600
5,9761	-18,046	42,9650
5,9719	-18,048	42,9700
5,9635	-18,050	42,9750
5,9659	-18,052	42,9800
5,9690	-18,054	42,9850
5,9726	-18,056	42,9900
5,9780	-18,058	42,9950
5,9813	-18,061	43,0000
5,9703	-18,063	43,0050
5,9624	-18,065	43,0100
5,9696	-18,067	43,0150
5,9712	-18,069	43,0200
5,9713	-18,071	43,0250
5,9815	-18,073	43,0300
5,9794	-18,075	43,0350
5,9764	-18,077	43,0400
5,9821	-18,079	43,0450
5,9814	-18,082	43,0500
5,9777	-18,084	43,0550
5,9832	-18,086	43,0600
5,9787	-18,088	43,0650
5,9714	-18,090	43,0700
5,9760	-18,092	43,0750
5,9799	-18,094	43,0800
5,9778	-18,096	43,0850
5,9844	-18,098	43,0900
5,9904	-18,100	43,0950
5,9855	-18,103	43,1000
5,9831	-18,105	43,1050
5,9864	-18,107	43,1100
5,9890	-18,109	43,1150
5,9882	-18,111	43,1200
5,9868	-18,113	43,1250
5,9824	-18,115	43,1300
5,9904	-18,117	43,1350
6,0008	-18,119	43,1400
5,9983	-18,121	43,1450
5,9902	-18,124	43,1500
5,9955	-18,126	43,1550
5,9938	-18,128	43,1600
5,9908	-18,130	43,1650
5,9895	-18,132	43,1700
5,9934	-18,134	43,1750
5,9883	-18,136	43,1800
5,9961	-18,138	43,1850
5,9991	-18,140	43,1900
5,9903	-18,142	43,1950
5,9902	-18,145	43,2000
5,9970	-18,147	43,2050
5,9974	-18,149	43,2100
5,9948	-18,151	43,2150
6,0030	-18,153	43,2200
5,9982	-18,155	43,2250
5,9911	-18,157	43,2300
5,9984	-18,159	43,2350
5,9987	-18,161	43,2400
5,9959	-18,163	43,2450
6,0012	-18,166	43,2500
6,0108	-18,168	43,2550
6,0037	-18,170	43,2600
5,9987	-18,172	43,2650
6,0036	-18,174	43,2700
5,9977	-18,176	43,2750
6,0052	-18,178	43,2800
6,0158	-18,180	43,2850
6,0090	-18,182	43,2900
6,0084	-18,184	43,2950
6,0054	-18,187	43,3000
6,0034	-18,189	43,3050
6,0069	-18,191	43,3100
6,0197	-18,193	43,3150
6,0160	-18,195	43,3200
6,0098	-18,197	43,3250
6,0158	-18,199	43,3300
6,0150	-18,201	43,3350
6,0091	-18,203	43,3400
6,0184	-18,205	43,3450
6,0188	-18,208	43,3500
6,0087	-18,210	43,3550
6,0123	-18,212	43,3600
6,0202	-18,214	43,3650
6,0131	-18,216	43,3700
6,0176	-18,218	43,3750
6,0177	-18,220	43,3800
6,0092	-18,222	43,3850
6,0097	-18,224	43,3900
6,0241	-18,226	43,3950
6,0247	-18,229	43,4000
6,0194	-18,231	43,4050
6,0294	-18,233	43,4100
6,0237	-18,235	43,4150
6,0157	-18,237	43,4200
6,0257	-18,239	43,4250
6,0314	-18,241	43,4300
6,0240	-18,243	43,4350
6,0297	-18,245	43,4400
6,0283	-18,247	43,4450
6,0269	-18,250	43,4500
6,0275	-18,252	43,4550
6,0289	-18,254	43,4600
6,0235	-18,256	43,4650
6,0250	-18,258	43,4700
6,0311	-18,260	43,4750
6,0221	-18,262	43,4800
6,0194	-18,264	43,4850
6,0319	-18,266	43,4900
6,0302	-18,268	43,4950
6,0300	-18,271	43,5000
6,0402	-18,273	43,5050
6,0346	-18,275	43,5100
6,0266	-18,277	43,5150
6,0319	-18,279	43,5200
6,0258	-18,281	43,5250
6,0175	-18,283	43,5300
6,0318	-18,285	43,5350
6,0408	-18,287	43,5400
6,0359	-18,289	43,5450
6,0303	-18,292	43,5500
6,0430	-18,294	43,5550
6,0454	-18,296	43,5600
6,0417	-18,298	43,5650
6,0478	-18,300	43,5700
6,0407	-18,302	43,5750
6,0338	-18,304	43,5800
6,0343	-18,306	43,5850
6,0289	-18,308	43,5900
6,0301	-18,310	43,5950
6,0365	-18,313	43,6000
6,0340	-18,315	43,6050
6,0310	-18,317	43,6100
6,0389	-18,319	43,6150
6,0375	-18,321	43,6200
6,0401	-18,323	43,6250
6,0464	-18,325	43,6300
6,0482	-18,327	43,6350
6,0365	-18,329	43,6400
6,0414	-18,331	43,6450
6,0511	-18,334	43,6500
6,0477	-18,336	43,6550
6,0443	-18,338	43,6600
6,0515	-18,340	43,6650
6,0476	-18,342	43,6700
6,0386	-18,344	43,6750
6,0497	-18,346	43,6800
6,0501	-18,348	43,6850
6,0481	-18,350	43,6900
6,0537	-18,352	43,6950
6,0536	-18,355	43,7000
6,0492	-18,357	43,7050
6,0532	-18,359	43,7100
6,0480	-18,361	43,7150
6,0439	-18,363	43,7200
6,0468	-18,365	43,7250
6,0511	-18,367	43,7300
6,0499	-18,369	43,7350
6,0480	-18,371	43,7400
6,0586	-18,373	43,7450
6,0622	-18,376	43,7500
6,0639	-18,378	43,7550
6,0657	-18,380	43,7600
6,0557	-18,382	43,7650
6,0492	-18,384	43,7700
6,0554	-18,386	43,7750
6,0549	-18,388	43,7800
6,0526	-18,390	43,7850
6,0626	-18,392	43,7900
6,0666	-18,394	43,7950
6,0588	-18,397	43,8000
6,0645	-18,399	43,8050
6,0658	-18,401	43,8100
6,0507	-18,403	43,8150
6,0530	-18,405	43,8200
6,0634	-18,407	43,8250
6,0616	-18,409	43,8300
6,0626	-18,411	43,8350
6,0692	-18,413	43,8400
6,0618	-18,415	43,8450
6,0678	-18,418	43,8500
6,0772	-18,420	43,8550
6,0732	-18,422	43,8600
6,0725	-18,424	43,8650
6,0763	-18,426	43,8700
6,0712	-18,428	43,8750
6,0695	-18,430	43,8800
6,0762	-18,432	43,8850
6,0761	-18,434	43,8900
6,0675	-18,436	43,8950
6,0715	-18,439	43,9000
6,0750	-18,441	43,9050
6,0692	-18,443	43,9100
6,0758	-18,445	43,9150
6,0730	-18,447	43,9200
6,0640	-18,449	43,9250
6,0722	-18,451	43,9300
6,0856	-18,453	43,9350
6,0800	-18,455	43,9400
6,0763	-18,457	43,9450
6,0850	-18,460	43,9500
6,0832	-18,462	43,9550
6,0748	-18,464	43,9600
6,0845	-18,466	43,9650
6,0785	-18,468	43,9700
6,0709	-18,470	43,9750
6,0750	-18,472	43,9800
6,0880	-18,474	43,9850
6,0811	-18,476	43,9900
6,0874	-18,478	43,9950
6,0907	-18,481	44,0000
6,0837	-18,483	44,0050
6,0821	-18,485	44,0100
6,0851	-18,487	44,0150
6,0864	-18,489	44,0200
6,0866	-18,491	44,0250
6,0968	-18,493	44,0300
6,0937	-18,495	44,0350
6,0873	-18,497	44,0400
6,0932	-18,499	44,0450
6,0947	-18,502	44,0500
6,0917	-18,504	44,0550
6,0986	-18,506	44,0600
6,0918	-18,508	44,0650
6,0893	-18,510	44,0700
6,0962	-18,512	44,0750
6,1051	-18,514	44,0800
6,0909	-18,516	44,0850
6,0893	-18,518	44,0900
6,0915	-18,520	44,0950
6,0875	-18,523	44,1000
6,0972	-18,525	44,1050
6,1030	-18,527	44,1100
6,0967	-18,529	44,1150
6,0876	-18,531	44,1200
6,0916	-18,533	44,1250
6,0921	-18,535	44,1300
6,0905	-18,537	44,1350
6,1012	-18,539	44,1400
6,1060	-18,541	44,1450
6,0951	-18,544	44,1500
6,1029	-18,546	44,1550
6,1071	-18,548	44,1600
6,1037	-18,550	44,1650
6,1030	-18,552	44,1700
6,1009	-18,554	44,1750
6,0916	-18,556	44,1800
6,1077	-18,558	44,1850
6,1127	-18,560	44,1900
6,1038	-18,562	44,1950
6,1075	-18,565	44,2000
6,1151	-18,567	44,2050
6,1140	-18,569	44,2100
6,1121	-18,571	44,2150
6,1137	-18,573	44,2200
6,1136	-18,575	44,2250
6,1110	-18,577	44,2300
6,1149	-18,579	44,2350
6,1131	-18,581	44,2400
6,1084	-18,583	44,2450
6,1169	-18,586	44,2500
6,1124	-18,588	44,2550
6,1081	-18,590	44,2600
6,1117	-18,592	44,2650
6,1179	-18,594	44,2700
6,1111	-18,596	44,2750
6,1118	-18,598	44,2800
6,1145	-18,600	44,2850
6,1122	-18,602	44,2900
6,1127	-18,604	44,2950
6,1151	-18,607	44,3000
6,1144	-18,609	44,3050
6,1087	-18,611	44,3100
6,1134	-18,613	44,3150
6,1187	-18,615	44,3200
6,1221	-18,617	44,3250
6,1278	-18,619	44,3300
6,1236	-18,621	44,3350
6,1162	-18,623	44,3400
6,1291	-18,625	44,3450
6,1309	-18,628	44,3500
6,1199	-18,630	44,3550
6,1162	-18,632	44,3600
6,1272	-18,634	44,3650
6,1194	-18,636	44,3700
6,1231	-18,638	44,3750
6,1325	-18,640	44,3800
6,1265	-18,642	44,3850
6,1233	-18,644	44,3900
6,1305	-18,646	44,3950
6,1242	-18,649	44,4000
6,1248	-18,651	44,4050
6,1248	-18,653	44,4100
6,1259	-18,655	44,4150
6,1246	-18,657	44,4200
6,1314	-18,659	44,4250
6,1366	-18,661	44,4300
6,1351	-18,663	44,4350
6,1382	-18,665	44,4400
6,1357	-18,667	44,4450
6,1317	-18,670	44,4500
6,1362	-18,672	44,4550
6,1392	-18,674	44,4600
6,1286	-18,676	44,4650
6,1355	-18,678	44,4700
6,1449	-18,680	44,4750
6,1313	-18,682	44,4800
6,1272	-18,684	44,4850
6,1398	-18,686	44,4900
6,1394	-18,688	44,4950
6,1332	-18,691	44,5000
6,1382	-18,693	44,5050
6,1411	-18,695	44,5100
6,1368	-18,697	44,5150
6,1422	-18,699	44,5200
6,1430	-18,701	44,5250
6,1357	-18,703	44,5300
6,1434	-18,705	44,5350
6,1423	-18,707	44,5400
6,1417	-18,709	44,5450
6,1424	-18,712	44,5500
6,1433	-18,714	44,5550
6,1342	-18,716	44,5600
6,1412	-18,718	44,5650
6,1508	-18,720	44,5700
6,1450	-18,722	44,5750
6,1482	-18,724	44,5800
6,1518	-18,726	44,5850
6,1440	-18,728	44,5900
6,1361	-18,730	44,5950
6,1458	-18,733	44,6000
6,1561	-18,735	44,6050
6,1503	-18,737	44,6100
6,1568	-18,739	44,6150
6,1554	-18,741	44,6200
6,1468	-18,743	44,6250
6,1526	-18,745	44,6300
6,1585	-18,747	44,6350
6,1600	-18,749	44,6400
6,1554	-18,751	44,6450
6,1558	-18,754	44,6500
6,1526	-18,756	44,6550
6,1593	-18,758	44,6600
6,1607	-18,760	44,6650
6,1485	-18,762	44,6700
6,1506	-18,764	44,6750
6,1622	-18,766	44,6800
6,1588	-18,768	44,6850
6,1509	-18,770	44,6900
6,1578	-18,772	44,6950
6,1635	-18,775	44,7000
6,1668	-18,777	44,7050
6,1649	-18,779	44,7100
6,1633	-18,781	44,7150
6,1581	-18,783	44,7200
6,1584	-18,785	44,7250
6,1599	-18,787	44,7300
6,1605	-18,789	44,7350
6,1595	-18,791	44,7400
6,1651	-18,793	44,7450
6,1590	-18,796	44,7500
6,1626	-18,798	44,7550
6,1714	-18,800	44,7600
6,1656	-18,802	44,7650
6,1641	-18,804	44,7700
6,1740	-18,806	44,7750
6,1676	-18,808	44,7800
6,1623	-18,810	44,7850
6,1633	-18,812	44,7900
6,1684	-18,814	44,7950
6,1695	-18,817	44,8000
6,1722	-18,819	44,8050
6,1739	-18,821	44,8100
6,1725	-18,823	44,8150
6,1718	-18,825	44,8200
6,1742	-18,827	44,8250
6,1757	-18,829	44,8300
6,1743	-18,831	44,8350
6,1803	-18,833	44,8400
6,1779	-18,835	44,8450
6,1760	-18,838	44,8500
6,1803	-18,840	44,8550
6,1748	-18,842	44,8600
6,1785	-18,844	44,8650
6,1839	-18,846	44,8700
6,1823	-18,848	44,8750
6,1806	-18,850	44,8800
6,1921	-18,852	44,8850
6,1956	-18,854	44,8900
6,1852	-18,856	44,8950
6,1885	-18,859	44,9000
6,1879	-18,861	44,9050
6,1774	-18,863	44,9100
6,1855	-18,865	44,9150
6,1852	-18,867	44,9200
6,1833	-18,869	44,9250
6,1843	-18,871	44,9300
6,1905	-18,873	44,9350
6,1885	-18,875	44,9400
6,1830	-18,877	44,9450
6,1849	-18,880	44,9500
6,1805	-18,882	44,9550
6,1802	-18,884	44,9600
6,1865	-18,886	44,9650
6,1761	-18,888	44,9700
6,1746	-18,890	44,9750
6,1847	-18,892	44,9800
6,1937	-18,894	44,9850
6,1887	-18,896	44,9900
6,1933	-18,898	44,9950
6,1945	-18,901	45,0000
6,1867	-18,903	45,0050
6,1867	-18,905	45,0100
6,1933	-18,907	45,0150
6,1959	-18,909	45,0200
6,2001	-18,911	45,0250
6,2021	-18,913	45,0300
6,1908	-18,915	45,0350
6,1868	-18,917	45,0400
6,2000	-18,919	45,0450
6,1964	-18,922	45,0500
6,1956	-18,924	45,0550
6,2065	-18,926	45,0600
6,1944	-18,928	45,0650
6,1933	-18,930	45,0700
6,2030	-18,932	45,0750
6,2080	-18,934	45,0800
6,1983	-18,936	45,0850
6,1995	-18,938	45,0900
6,1992	-18,940	45,0950
6,1964	-18,943	45,1000
6,1987	-18,945	45,1050
6,2064	-18,947	45,1100
6,2079	-18,949	45,1150
6,2066	-18,951	45,1200
6,2113	-18,953	45,1250
6,2074	-18,955	45,1300
6,2035	-18,957	45,1350
6,2080	-18,959	45,1400
6,2064	-18,961	45,1450
6,1987	-18,964	45,1500
6,2098	-18,966	45,1550
6,2099	-18,968	45,1600
6,2016	-18,970	45,1650
6,2080	-18,972	45,1700
6,2190	-18,974	45,1750
6,2129	-18,976	45,1800
6,2125	-18,978	45,1850
6,2108	-18,980	45,1900
6,2057	-18,982	45,1950
6,2117	-18,985	45,2000
6,2176	-18,987	45,2050
6,2166	-18,989	45,2100
6,2135	-18,991	45,2150
6,2189	-18,993	45,2200
6,2177	-18,995	45,2250
6,2193	-18,997	45,2300
6,2314	-18,999	45,2350
6,2307	-19,001	45,2400
6,2180	-19,003	45,2450
6,2160	-19,006	45,2500
6,2158	-19,008	45,2550
6,2143	-19,010	45,2600
6,2233	-19,012	45,2650
6,2291	-19,014	45,2700
6,2207	-19,016	45,2750
6,2192	-19,018	45,2800
6,2305	-19,020	45,2850
6,2252	-19,022	45,2900
6,2221	-19,024	45,2950
6,2294	-19,027	45,3000
6,2276	-19,029	45,3050
6,2207	-19,031	45,3100
6,2252	-19,033	45,3150
6,2253	-19,035	45,3200
6,2210	-19,037	45,3250
6,2250	-19,039	45,3300
6,2272	-19,041	45,3350
6,2242	-19,043	45,3400
6,2368	-19,045	45,3450
6,2354	-19,048	45,3500
6,2288	-19,050	45,3550
6,2245	-19,052	45,3600
6,2255	-19,054	45,3650
6,2232	-19,056	45,3700
6,2296	-19,058	45,3750
6,2410	-19,060	45,3800
6,2398	-19,062	45,3850
6,2400	-19,064	45,3900
6,2415	-19,066	45,3950
6,2372	-19,069	45,4000
6,2377	-19,071	45,4050
6,2438	-19,073	45,4100
6,2416	-19,075	45,4150
6,2380	-19,077	45,4200
6,2432	-19,079	45,4250
6,2457	-19,081	45,4300
6,2346	-19,083	45,4350
6,2402	-19,085	45,4400
6,2405	-19,087	45,4450
6,2431	-19,090	45,4500
6,2516	-19,092	45,4550
6,2593	-19,094	45,4600
6,2481	-19,096	45,4650
6,2470	-19,098	45,4700
6,2491	-19,100	45,4750
6,2427	-19,102	45,4800
6,2419	-19,104	45,4850
6,2496	-19,106	45,4900
6,2471	-19,108	45,4950
6,2437	-19,111	45,5000
6,2491	-19,113	45,5050
6,2517	-19,115	45,5100
6,2422	-19,117	45,5150
6,2445	-19,119	45,5200
6,2513	-19,121	45,5250
6,2552	-19,123	45,5300
6,2646	-19,125	45,5350
6,2649	-19,127	45,5400
6,2537	-19,129	45,5450
6,2552	-19,132	45,5500
6,2587	-19,134	45,5550
6,2486	-19,136	45,5600
6,2507	-19,138	45,5650
6,2573	-19,140	45,5700
6,2539	-19,142	45,5750
6,2511	-19,144	45,5800
6,2592	-19,146	45,5850
6,2591	-19,148	45,5900
6,2612	-19,150	45,5950
6,2713	-19,153	45,6000
6,2679	-19,155	45,6050
6,2559	-19,157	45,6100
6,2602	-19,159	45,6150
6,2699	-19,161	45,6200
6,2658	-19,163	45,6250
6,2697	-19,165	45,6300
6,2674	-19,167	45,6350
6,2591	-19,169	45,6400
6,2594	-19,171	45,6450
6,2690	-19,174	45,6500
6,2605	-19,176	45,6550
6,2576	-19,178	45,6600
6,2635	-19,180	45,6650
6,2622	-19,182	45,6700
6,2612	-19,184	45,6750
6,2675	-19,186	45,6800
6,2656	-19,188	45,6850
6,2669	-19,190	45,6900
6,2817	-19,192	45,6950
6,2770	-19,195	45,7000
6,2604	-19,197	45,7050
6,2663	-19,199	45,7100
6,2724	-19,201	45,7150
6,2672	-19,203	45,7200
6,2737	-19,205	45,7250
6,2774	-19,207	45,7300
6,2713	-19,209	45,7350
6,2739	-19,211	45,7400
6,2746	-19,213	45,7450
6,2711	-19,216	45,7500
6,2760	-19,218	45,7550
6,2845	-19,220	45,7600
6,2779	-19,222	45,7650
6,2751	-19,224	45,7700
6,2821	-19,226	45,7750
6,2819	-19,228	45,7800
6,2827	-19,230	45,7850
6,2911	-19,232	45,7900
6,2869	-19,234	45,7950
6,2718	-19,237	45,8000
6,2753	-19,239	45,8050
6,2858	-19,241	45,8100
6,2819	-19,243	45,8150
6,2780	-19,245	45,8200
6,2845	-19,247	45,8250
6,2861	-19,249	45,8300
6,2828	-19,251	45,8350
6,2857	-19,253	45,8400
6,2872	-19,255	45,8450
6,2874	-19,258	45,8500
6,2894	-19,260	45,8550
6,2775	-19,262	45,8600
6,2747	-19,264	45,8650
6,2940	-19,266	45,8700
6,2927	-19,268	45,8750
6,2923	-19,270	45,8800
6,2945	-19,272	45,8850
6,2892	-19,274	45,8900
6,2856	-19,276	45,8950
6,2959	-19,279	45,9000
6,2988	-19,281	45,9050
6,2957	-19,283	45,9100
6,2990	-19,285	45,9150
6,3035	-19,287	45,9200
6,2965	-19,289	45,9250
6,2855	-19,291	45,9300
6,2913	-19,293	45,9350
6,2914	-19,295	45,9400
6,2932	-19,297	45,9450
6,3030	-19,300	45,9500
6,3044	-19,302	45,9550
6,2988	-19,304	45,9600
6,3029	-19,306	45,9650
6,2962	-19,308	45,9700
6,2902	-19,310	45,9750
6,2984	-19,312	45,9800
6,3026	-19,314	45,9850
6,2922	-19,316	45,9900
6,2998	-19,318	45,9950
6,3071	-19,321	46,0000
6,3047	-19,323	46,0050
6,3181	-19,325	46,0100
6,3199	-19,327	46,0150
6,3037	-19,329	46,0200
6,3008	-19,331	46,0250
6,3080	-19,333	46,0300
6,3031	-19,335	46,0350
6,2995	-19,337	46,0400
6,3071	-19,339	46,0450
6,3080	-19,342	46,0500
6,3073	-19,344	46,0550
6,3153	-19,346	46,0600
6,3127	-19,348	46,0650
6,3164	-19,350	46,0700
6,3201	-19,352	46,0750
6,3205	-19,354	46,0800
6,3162	-19,356	46,0850
6,3218	-19,358	46,0900
6,3173	-19,360	46,0950
6,3096	-19,363	46,1000
6,3213	-19,365	46,1050
6,3316	-19,367	46,1100
6,3268	-19,369	46,1150
6,3121	-19,371	46,1200
6,3153	-19,373	46,1250
6,3152	-19,375	46,1300
6,3169	-19,377	46,1350
6,3220	-19,379	46,1400
6,3145	-19,381	46,1450
6,3068	-19,384	46,1500
6,3187	-19,386	46,1550
6,3161	-19,388	46,1600
6,3151	-19,390	46,1650
6,3199	-19,392	46,1700
6,3197	-19,394	46,1750
6,3061	-19,396	46,1800
6,3174	-19,398	46,1850
6,3304	-19,400	46,1900
6,3254	-19,402	46,1950
6,3197	-19,405	46,2000
6,3306	-19,407	46,2050
6,3259	-19,409	46,2100
6,3215	-19,411	46,2150
6,3339	-19,413	46,2200
6,3342	-19,415	46,2250
6,3281	-19,417	46,2300
6,3329	-19,419	46,2350
6,3344	-19,421	46,2400
6,3241	-19,423	46,2450
6,3283	-19,426	46,2500
6,3341	-19,428	46,2550
6,3260	-19,430	46,2600
6,3228	-19,432	46,2650
6,3308	-19,434	46,2700
6,3252	-19,436	46,2750
6,3334	-19,438	46,2800
6,3429	-19,440	46,2850
6,3402	-19,442	46,2900
6,3401	-19,444	46,2950
6,3373	-19,447	46,3000
6,3295	-19,449	46,3050
6,3223	-19,451	46,3100
6,3352	-19,453	46,3150
6,3401	-19,455	46,3200
6,3366	-19,457	46,3250
6,3465	-19,459	46,3300
6,3443	-19,461	46,3350
6,3379	-19,463	46,3400
6,3424	-19,465	46,3450
6,3473	-19,468	46,3500
6,3495	-19,470	46,3550
6,3450	-19,472	46,3600
6,3485	-19,474	46,3650
6,3400	-19,476	46,3700
6,3408	-19,478	46,3750
6,3452	-19,480	46,3800
6,3362	-19,482	46,3850
6,3377	-19,484	46,3900
6,3534	-19,486	46,3950
6,3554	-19,489	46,4000
6,3448	-19,491	46,4050
6,3459	-19,493	46,4100
6,3512	-19,495	46,4150
6,3473	-19,497	46,4200
6,3522	-19,499	46,4250
6,3487	-19,501	46,4300
6,3456	-19,503	46,4350
6,3513	-19,505	46,4400
6,3537	-19,507	46,4450
6,3498	-19,510	46,4500
6,3546	-19,512	46,4550
6,3591	-19,514	46,4600
6,3462	-19,516	46,4650
6,3498	-19,518	46,4700
6,3649	-19,520	46,4750
6,3630	-19,522	46,4800
6,3596	-19,524	46,4850
6,3669	-19,526	46,4900
6,3626	-19,528	46,4950
6,3534	-19,531	46,5000
6,3551	-19,533	46,5050
6,3567	-19,535	46,5100
6,3580	-19,537	46,5150
6,3660	-19,539	46,5200
6,3654	-19,541	46,5250
6,3556	-19,543	46,5300
6,3611	-19,545	46,5350
6,3640	-19,547	46,5400
6,3630	-19,549	46,5450
6,3640	-19,552	46,5500
6,3688	-19,554	46,5550
6,3618	-19,556	46,5600
6,3601	-19,558	46,5650
6,3604	-19,560	46,5700
6,3539	-19,562	46,5750
6,3559	-19,564	46,5800
6,3706	-19,566	46,5850
6,3712	-19,568	46,5900
6,3669	-19,570	46,5950
6,3697	-19,573	46,6000
6,3758	-19,575	46,6050
6,3658	-19,577	46,6100
6,3730	-19,579	46,6150
6,3659	-19,581	46,6200
6,3555	-19,583	46,6250
6,3609	-19,585	46,6300
6,3688	-19,587	46,6350
6,3696	-19,589	46,6400
6,3711	-19,591	46,6450
6,3775	-19,594	46,6500
6,3727	-19,596	46,6550
6,3690	-19,598	46,6600
6,3740	-19,600	46,6650
6,3757	-19,602	46,6700
6,3756	-19,604	46,6750
6,3780	-19,606	46,6800
6,3689	-19,608	46,6850
6,3648	-19,610	46,6900
6,3740	-19,612	46,6950
6,3721	-19,615	46,7000
6,3677	-19,617	46,7050
6,3831	-19,619	46,7100
6,3868	-19,621	46,7150
6,3751	-19,623	46,7200
6,3792	-19,625	46,7250
6,3922	-19,627	46,7300
6,3880	-19,629	46,7350
6,3860	-19,631	46,7400
6,3949	-19,633	46,7450
6,3869	-19,636	46,7500
6,3860	-19,638	46,7550
6,3895	-19,640	46,7600
6,3877	-19,642	46,7650
6,3857	-19,644	46,7700
6,3901	-19,646	46,7750
6,3885	-19,648	46,7800
6,3870	-19,650	46,7850
6,3843	-19,652	46,7900
6,3882	-19,654	46,7950
6,3933	-19,657	46,8000
6,4021	-19,659	46,8050
6,4023	-19,661	46,8100
6,3885	-19,663	46,8150
6,3870	-19,665	46,8200
6,3946	-19,667	46,8250
6,3974	-19,669	46,8300
6,3947	-19,671	46,8350
6,3987	-19,673	46,8400
6,3923	-19,675	46,8450
6,3868	-19,678	46,8500
6,3951	-19,680	46,8550
6,3958	-19,682	46,8600
6,3938	-19,684	46,8650
6,4015	-19,686	46,8700
6,4018	-19,688	46,8750
6,3951	-19,690	46,8800
6,3958	-19,692	46,8850
6,3997	-19,694	46,8900
6,3960	-19,696	46,8950
6,3980	-19,699	46,9000
6,4043	-19,701	46,9050
6,4028	-19,703	46,9100
6,4041	-19,705	46,9150
6,4031	-19,707	46,9200
6,3999	-19,709	46,9250
6,3963	-19,711	46,9300
6,4068	-19,713	46,9350
6,4073	-19,715	46,9400
6,4052	-19,717	46,9450
6,4109	-19,720	46,9500
6,4038	-19,722	46,9550
6,4012	-19,724	46,9600
6,4103	-19,726	46,9650
6,4133	-19,728	46,9700
6,4078	-19,730	46,9750
6,4070	-19,732	46,9800
6,4086	-19,734	46,9850
6,4035	-19,736	46,9900
6,3991	-19,738	46,9950
6,4011	-19,741	47,0000
6,3963	-19,743	47,0050
6,4001	-19,745	47,0100
6,4047	-19,747	47,0150
6,4047	-19,749	47,0200
6,4082	-19,751	47,0250
6,4253	-19,753	47,0300
6,4218	-19,755	47,0350
6,4136	-19,757	47,0400
6,4166	-19,759	47,0450
6,4123	-19,762	47,0500
6,4059	-19,764	47,0550
6,4178	-19,766	47,0600
6,4230	-19,768	47,0650
6,4163	-19,770	47,0700
6,4157	-19,772	47,0750
6,4263	-19,774	47,0800
6,4263	-19,776	47,0850
6,4312	-19,778	47,0900
6,4325	-19,780	47,0950
6,4236	-19,783	47,1000
6,4281	-19,785	47,1050
6,4318	-19,787	47,1100
6,4287	-19,789	47,1150
6,4203	-19,791	47,1200
6,4293	-19,793	47,1250
6,4300	-19,795	47,1300
6,4282	-19,797	47,1350
6,4302	-19,799	47,1400
6,4265	-19,801	47,1450
6,4225	-19,804	47,1500
6,4324	-19,806	47,1550
6,4308	-19,808	47,1600
6,4212	-19,810	47,1650
6,4223	-19,812	47,1700
6,4308	-19,814	47,1750
6,4312	-19,816	47,1800
6,4337	-19,818	47,1850
6,4349	-19,820	47,1900
6,4288	-19,822	47,1950
6,4313	-19,825	47,2000
6,4441	-19,827	47,2050
6,4414	-19,829	47,2100
6,4322	-19,831	47,2150
6,4344	-19,833	47,2200
6,4296	-19,835	47,2250
6,4278	-19,837	47,2300
6,4365	-19,839	47,2350
6,4316	-19,841	47,2400
6,4310	-19,843	47,2450
6,4409	-19,846	47,2500
6,4399	-19,848	47,2550
6,4351	-19,850	47,2600
6,4372	-19,852	47,2650
6,4386	-19,854	47,2700
6,4388	-19,856	47,2750
6,4436	-19,858	47,2800
6,4444	-19,860	47,2850
6,4387	-19,862	47,2900
6,4371	-19,864	47,2950
6,4425	-19,867	47,3000
6,4400	-19,869	47,3050
6,4363	-19,871	47,3100
6,4492	-19,873	47,3150
6,4469	-19,875	47,3200
6,4373	-19,877	47,3250
6,4425	-19,879	47,3300
6,4444	-19,881	47,3350
6,4392	-19,883	47,3400
6,4489	-19,885	47,3450
6,4541	-19,888	47,3500
6,4544	-19,890	47,3550
6,4533	-19,892	47,3600
6,4552	-19,894	47,3650
6,4484	-19,896	47,3700
6,4523	-19,898	47,3750
6,4541	-19,900	47,3800
6,4526	-19,902	47,3850
6,4572	-19,904	47,3900
6,4553	-19,906	47,3950
6,4569	-19,909	47,4000
6,4551	-19,911	47,4050
6,4547	-19,913	47,4100
6,4544	-19,915	47,4150
6,4519	-19,917	47,4200
6,4571	-19,919	47,4250
6,4611	-19,921	47,4300
6,4493	-19,923	47,4350
6,4539	-19,925	47,4400
6,4611	-19,927	47,4450
6,4579	-19,930	47,4500
6,4609	-19,932	47,4550
6,4729	-19,934	47,4600
6,4675	-19,936	47,4650
6,4639	-19,938	47,4700
6,4635	-19,940	47,4750
6,4548	-19,942	47,4800
6,4507	-19,944	47,4850
6,4574	-19,946	47,4900
6,4597	-19,948	47,4950
6,4603	-19,951	47,5000
6,4668	-19,953	47,5050
6,4617	-19,955	47,5100
6,4595	-19,957	47,5150
6,4676	-19,959	47,5200
6,4652	-19,961	47,5250
6,4576	-19,963	47,5300
6,4714	-19,965	47,5350
6,4744	-19,967	47,5400
6,4713	-19,969	47,5450
6,4671	-19,972	47,5500
6,4705	-19,974	47,5550
6,4656	-19,976	47,5600
6,4659	-19,978	47,5650
6,4698	-19,980	47,5700
6,4608	-19,982	47,5750
6,4588	-19,984	47,5800
6,4683	-19,986	47,5850
6,4693	-19,988	47,5900
6,4716	-19,990	47,5950
6,4781	-19,993	47,6000
6,4781	-19,995	47,6050
6,4836	-19,997	47,6100
6,4845	-19,999	47,6150
6,4771	-20,001	47,6200
6,4737	-20,003	47,6250
6,4776	-20,005	47,6300
6,4822	-20,007	47,6350
6,4779	-20,009	47,6400
6,4817	-20,011	47,6450
6,4901	-20,014	47,6500
6,4814	-20,016	47,6550
6,4710	-20,018	47,6600
6,4748	-20,020	47,6650
6,4732	-20,022	47,6700
6,4759	-20,024	47,6750
6,4828	-20,026	47,6800
6,4876	-20,028	47,6850
6,4819	-20,030	47,6900
6,4859	-20,032	47,6950
6,4841	-20,035	47,7000
6,4799	-20,037	47,7050
6,4878	-20,039	47,7100
6,4867	-20,041	47,7150
6,4849	-20,043	47,7200
6,4905	-20,045	47,7250
6,4995	-20,047	47,7300
6,4925	-20,049	47,7350
6,4890	-20,051	47,7400
6,5001	-20,053	47,7450
6,4938	-20,056	47,7500
6,4834	-20,058	47,7550
6,4887	-20,060	47,7600
6,4914	-20,062	47,7650
6,4914	-20,064	47,7700
6,4925	-20,066	47,7750
6,4922	-20,068	47,7800
6,4894	-20,070	47,7850
6,4936	-20,072	47,7900
6,5025	-20,074	47,7950
6,4978	-20,077	47,8000
6,4982	-20,079	47,8050
6,4923	-20,081	47,8100
6,4871	-20,083	47,8150
6,4947	-20,085	47,8200
6,4957	-20,087	47,8250
6,4893	-20,089	47,8300
6,4960	-20,091	47,8350
6,5081	-20,093	47,8400
6,5038	-20,095	47,8450
6,5025	-20,098	47,8500
6,5122	-20,100	47,8550
6,5023	-20,102	47,8600
6,4919	-20,104	47,8650
6,4963	-20,106	47,8700
6,4969	-20,108	47,8750
6,4898	-20,110	47,8800
6,4937	-20,112	47,8850
6,5059	-20,114	47,8900
6,5038	-20,116	47,8950
6,5033	-20,119	47,9000
6,5004	-20,121	47,9050
6,5010	-20,123	47,9100
6,5098	-20,125	47,9150
6,5126	-20,127	47,9200
6,5037	-20,129	47,9250
6,5053	-20,131	47,9300
6,5131	-20,133	47,9350
6,5082	-20,135	47,9400
6,5067	-20,137	47,9450
6,5177	-20,140	47,9500
6,5190	-20,142	47,9550
6,5162	-20,144	47,9600
6,5197	-20,146	47,9650
6,5154	-20,148	47,9700
6,5167	-20,150	47,9750
6,5202	-20,152	47,9800
6,5169	-20,154	47,9850
6,5093	-20,156	47,9900
6,5149	-20,158	47,9950
6,5162	-20,161	48,0000
6,5063	-20,163	48,0050
6,5135	-20,165	48,0100
6,5282	-20,167	48,0150
6,5225	-20,169	48,0200
6,5073	-20,171	48,0250
6,5197	-20,173	48,0300
6,5223	-20,175	48,0350
6,5157	-20,177	48,0400
6,5214	-20,180	48,0450
6,5204	-20,182	48,0500
6,5169	-20,184	48,0550
6,5335	-20,186	48,0600
6,5314	-20,188	48,0650
6,5261	-20,190	48,0700
6,5327	-20,192	48,0750
6,5373	-20,194	48,0800
6,5254	-20,196	48,0850
6,5306	-20,198	48,0900
6,5376	-20,201	48,0950
6,5269	-20,203	48,1000
6,5269	-20,205	48,1050
6,5329	-20,207	48,1100
6,5270	-20,209	48,1150
6,5286	-20,211	48,1200
6,5356	-20,213	48,1250
6,5314	-20,215	48,1300
6,5288	-20,217	48,1350
6,5404	-20,219	48,1400
6,5341	-20,222	48,1450
6,5244	-20,224	48,1500
6,5368	-20,226	48,1550
6,5383	-20,228	48,1600
6,5356	-20,230	48,1650
6,5313	-20,232	48,1700
6,5358	-20,234	48,1750
6,5325	-20,236	48,1800
6,5337	-20,238	48,1850
6,5374	-20,240	48,1900
6,5350	-20,243	48,1950
6,5382	-20,245	48,2000
6,5418	-20,247	48,2050
6,5372	-20,249	48,2100
6,5366	-20,251	48,2150
6,5477	-20,253	48,2200
6,5508	-20,255	48,2250
6,5461	-20,257	48,2300
6,5484	-20,259	48,2350
6,5485	-20,261	48,2400
6,5441	-20,264	48,2450
6,5503	-20,266	48,2500
6,5545	-20,268	48,2550
6,5525	-20,270	48,2600
6,5495	-20,272	48,2650
6,5483	-20,274	48,2700
6,5374	-20,276	48,2750
6,5431	-20,278	48,2800
6,5464	-20,280	48,2850
6,5480	-20,282	48,2900
6,5524	-20,285	48,2950
6,5571	-20,287	48,3000
6,5568	-20,289	48,3050
6,5489	-20,291	48,3100
6,5514	-20,293	48,3150
6,5494	-20,295	48,3200
6,5524	-20,297	48,3250
6,5648	-20,299	48,3300
6,5612	-20,301	48,3350
6,5459	-20,303	48,3400
6,5486	-20,306	48,3450
6,5549	-20,308	48,3500
6,5593	-20,310	48,3550
6,5615	-20,312	48,3600
6,5657	-20,314	48,3650
6,5609	-20,316	48,3700
6,5600	-20,318	48,3750
6,5611	-20,320	48,3800
6,5537	-20,322	48,3850
6,5516	-20,324	48,3900
6,5608	-20,327	48,3950
6,5584	-20,329	48,4000
6,5562	-20,331	48,4050
6,5711	-20,333	48,4100
6,5679	-20,335	48,4150
6,5563	-20,337	48,4200
6,5621	-20,339	48,4250
6,5647	-20,341	48,4300
6,5606	-20,343	48,4350
6,5638	-20,345	48,4400
6,5669	-20,348	48,4450
6,5699	-20,350	48,4500
6,5707	-20,352	48,4550
6,5702	-20,354	48,4600
6,5578	-20,356	48,4650
6,5679	-20,358	48,4700
6,5779	-20,360	48,4750
6,5680	-20,362	48,4800
6,5681	-20,364	48,4850
6,5789	-20,366	48,4900
6,5697	-20,369	48,4950
6,5637	-20,371	48,5000
6,5723	-20,373	48,5050
6,5759	-20,375	48,5100
6,5790	-20,377	48,5150
6,5854	-20,379	48,5200
6,5779	-20,381	48,5250
6,5624	-20,383	48,5300
6,5733	-20,385	48,5350
6,5751	-20,387	48,5400
6,5756	-20,390	48,5450
6,5841	-20,392	48,5500
6,5902	-20,394	48,5550
6,5749	-20,396	48,5600
6,5755	-20,398	48,5650
6,5809	-20,400	48,5700
6,5743	-20,402	48,5750
6,5683	-20,404	48,5800
6,5814	-20,406	48,5850
6,5805	-20,408	48,5900
6,5788	-20,411	48,5950
6,5888	-20,413	48,6000
6,5878	-20,415	48,6050
6,5880	-20,417	48,6100
6,5961	-20,419	48,6150
6,5879	-20,421	48,6200
6,5815	-20,423	48,6250
6,5923	-20,425	48,6300
6,5961	-20,427	48,6350
6,5907	-20,429	48,6400
6,5834	-20,432	48,6450
6,5887	-20,434	48,6500
6,5864	-20,436	48,6550
6,5872	-20,438	48,6600
6,5960	-20,440	48,6650
6,5982	-20,442	48,6700
6,5979	-20,444	48,6750
6,6042	-20,446	48,6800
6,5986	-20,448	48,6850
6,5903	-20,450	48,6900
6,5976	-20,453	48,6950
6,5968	-20,455	48,7000
6,5894	-20,457	48,7050
6,5976	-20,459	48,7100
6,5972	-20,461	48,7150
6,5885	-20,463	48,7200
6,5982	-20,465	48,7250
6,6027	-20,467	48,7300
6,5959	-20,469	48,7350
6,5982	-20,471	48,7400
6,6102	-20,474	48,7450
6,5966	-20,476	48,7500
6,5926	-20,478	48,7550
6,6015	-20,480	48,7600
6,6012	-20,482	48,7650
6,6028	-20,484	48,7700
6,6105	-20,486	48,7750
6,6079	-20,488	48,7800
6,6030	-20,490	48,7850
6,6065	-20,492	48,7900
6,6059	-20,495	48,7950
6,6040	-20,497	48,8000
6,6097	-20,499	48,8050
6,6086	-20,501	48,8100
6,6011	-20,503	48,8150
6,6095	-20,505	48,8200
6,6171	-20,507	48,8250
6,6069	-20,509	48,8300
6,5985	-20,511	48,8350
6,6107	-20,513	48,8400
6,6095	-20,516	48,8450
6,6086	-20,518	48,8500
6,6160	-20,520	48,8550
6,6095	-20,522	48,8600
6,6082	-20,524	48,8650
6,6166	-20,526	48,8700
6,6149	-20,528	48,8750
6,6106	-20,530	48,8800
6,6164	-20,532	48,8850
6,6179	-20,534	48,8900
6,6122	-20,537	48,8950
6,6119	-20,539	48,9000
6,6178	-20,541	48,9050
6,6108	-20,543	48,9100
6,6152	-20,545	48,9150
6,6177	-20,547	48,9200
6,6140	-20,549	48,9250
6,6146	-20,551	48,9300
6,6209	-20,553	48,9350
6,6133	-20,555	48,9400
6,6126	-20,558	48,9450
6,6240	-20,560	48,9500
6,6283	-20,562	48,9550
6,6235	-20,564	48,9600
6,6291	-20,566	48,9650
6,6265	-20,568	48,9700
6,6228	-20,570	48,9750
6,6264	-20,572	48,9800
6,6336	-20,574	48,9850
6,6282	-20,576	48,9900
6,6265	-20,579	48,9950
6,6229	-20,581	49,0000
6,6178	-20,583	49,0050
6,6250	-20,585	49,0100
6,6327	-20,587	49,0150
6,6222	-20,589	49,0200
6,6252	-20,591	49,0250
6,6366	-20,593	49,0300
6,6308	-20,595	49,0350
6,6299	-20,597	49,0400
6,6415	-20,600	49,0450
6,6384	-20,602	49,0500
6,6265	-20,604	49,0550
6,6316	-20,606	49,0600
6,6319	-20,608	49,0650
6,6253	-20,610	49,0700
6,6306	-20,612	49,0750
6,6344	-20,614	49,0800
6,6294	-20,616	49,0850
6,6406	-20,618	49,0900
6,6439	-20,621	49,0950
6,6332	-20,623	49,1000
6,6333	-20,625	49,1050
6,6355	-20,627	49,1100
6,6357	-20,629	49,1150
6,6378	-20,631	49,1200
6,6425	-20,633	49,1250
6,6396	-20,635	49,1300
6,6365	-20,637	49,1350
6,6425	-20,639	49,1400
6,6426	-20,642	49,1450
6,6403	-20,644	49,1500
6,6459	-20,646	49,1550
6,6432	-20,648	49,1600
6,6406	-20,650	49,1650
6,6485	-20,652	49,1700
6,6512	-20,654	49,1750
6,6477	-20,656	49,1800
6,6510	-20,658	49,1850
6,6507	-20,660	49,1900
6,6407	-20,663	49,1950
6,6443	-20,665	49,2000
6,6493	-20,667	49,2050
6,6442	-20,669	49,2100
6,6428	-20,671	49,2150
6,6505	-20,673	49,2200
6,6495	-20,675	49,2250
6,6505	-20,677	49,2300
6,6598	-20,679	49,2350
6,6505	-20,681	49,2400
6,6374	-20,684	49,2450
6,6450	-20,686	49,2500
6,6512	-20,688	49,2550
6,6510	-20,690	49,2600
6,6595	-20,692	49,2650
6,6604	-20,694	49,2700
6,6492	-20,696	49,2750
6,6531	-20,698	49,2800
6,6609	-20,700	49,2850
6,6550	-20,702	49,2900
6,6539	-20,705	49,2950
6,6604	-20,707	49,3000
6,6580	-20,709	49,3050
6,6573	-20,711	49,3100
6,6685	-20,713	49,3150
6,6622	-20,715	49,3200
6,6543	-20,717	49,3250
6,6599	-20,719	49,3300
6,6621	-20,721	49,3350
6,6598	-20,723	49,3400
6,6681	-20,726	49,3450
6,6692	-20,728	49,3500
6,6666	-20,730	49,3550
6,6683	-20,732	49,3600
6,6690	-20,734	49,3650
6,6614	-20,736	49,3700
6,6687	-20,738	49,3750
6,6796	-20,740	49,3800
6,6727	-20,742	49,3850
6,6685	-20,744	49,3900
6,6646	-20,747	49,3950
6,6627	-20,749	49,4000
6,6605	-20,751	49,4050
6,6696	-20,753	49,4100
6,6727	-20,755	49,4150
6,6717	-20,757	49,4200
6,6794	-20,759	49,4250
6,6738	-20,761	49,4300
6,6675	-20,763	49,4350
6,6736	-20,765	49,4400
6,6719	-20,768	49,4450
6,6630	-20,770	49,4500
6,6657	-20,772	49,4550
6,6715	-20,774	49,4600
6,6652	-20,776	49,4650
6,6690	-20,778	49,4700
6,6788	-20,780	49,4750
6,6680	-20,782	49,4800
6,6608	-20,784	49,4850
6,6705	-20,786	49,4900
6,6735	-20,789	49,4950
6,6778	-20,791	49,5000
6,6835	-20,793	49,5050
6,6757	-20,795	49,5100
6,6690	-20,797	49,5150
6,6810	-20,799	49,5200
6,6837	-20,801	49,5250
6,6752	-20,803	49,5300
6,6852	-20,805	49,5350
6,6875	-20,807	49,5400
6,6810	-20,810	49,5450
6,6842	-20,812	49,5500
6,6903	-20,814	49,5550
6,6893	-20,816	49,5600
6,6880	-20,818	49,5650
6,6910	-20,820	49,5700
6,6917	-20,822	49,5750
6,6902	-20,824	49,5800
6,6964	-20,826	49,5850
6,6921	-20,828	49,5900
6,6862	-20,831	49,5950
6,6921	-20,833	49,6000
6,6925	-20,835	49,6050
6,6891	-20,837	49,6100
6,6910	-20,839	49,6150
6,6898	-20,841	49,6200
6,6873	-20,843	49,6250
6,6965	-20,845	49,6300
6,6991	-20,847	49,6350
6,6978	-20,849	49,6400
6,6994	-20,852	49,6450
6,7008	-20,854	49,6500
6,6925	-20,856	49,6550
6,6905	-20,858	49,6600
6,6950	-20,860	49,6650
6,6829	-20,862	49,6700
6,6853	-20,864	49,6750
6,6993	-20,866	49,6800
6,6944	-20,868	49,6850
6,6917	-20,870	49,6900
6,7035	-20,873	49,6950
6,7024	-20,875	49,7000
6,6940	-20,877	49,7050
6,6998	-20,879	49,7100
6,6996	-20,881	49,7150
6,6957	-20,883	49,7200
6,7112	-20,885	49,7250
6,7113	-20,887	49,7300
6,6988	-20,889	49,7350
6,6984	-20,891	49,7400
6,7058	-20,894	49,7450
6,7030	-20,896	49,7500
6,7027	-20,898	49,7550
6,7094	-20,900	49,7600
6,7103	-20,902	49,7650
6,7052	-20,904	49,7700
6,7067	-20,906	49,7750
6,7075	-20,908	49,7800
6,7121	-20,910	49,7850
6,7119	-20,912	49,7900
6,7135	-20,915	49,7950
6,7041	-20,917	49,8000
6,7097	-20,919	49,8050
6,7095	-20,921	49,8100
6,7077	-20,923	49,8150
6,7105	-20,925	49,8200
6,7133	-20,927	49,8250
6,7138	-20,929	49,8300
6,7192	-20,931	49,8350
6,7296	-20,933	49,8400
6,7228	-20,936	49,8450
6,7141	-20,938	49,8500
6,7135	-20,940	49,8550
6,7153	-20,942	49,8600
6,7190	-20,944	49,8650
6,7254	-20,946	49,8700
6,7263	-20,948	49,8750
6,7247	-20,950	49,8800
6,7273	-20,952	49,8850
6,7238	-20,954	49,8900
6,7158	-20,957	49,8950
6,7180	-20,959	49,9000
6,7206	-20,961	49,9050
6,7221	-20,963	49,9100
6,7263	-20,965	49,9150
6,7292	-20,967	49,9200
6,7258	-20,969	49,9250
6,7275	-20,971	49,9300
6,7366	-20,973	49,9350
6,7278	-20,975	49,9400
6,7255	-20,978	49,9450
6,7360	-20,980	49,9500
6,7277	-20,982	49,9550
6,7235	-20,984	49,9600
6,7302	-20,986	49,9650
6,7351	-20,988	49,9700
6,7333	-20,990	49,9750
6,7359	-20,992	49,9800
6,7356	-20,994	49,9850
6,7285	-20,996	49,9900
6,7369	-20,999	49,9950
6,7342	-21,001	50,0000
6,7287	-21,003	50,0050
6,7332	-21,005	50,0100
6,7413	-21,007	50,0150
6,7342	-21,009	50,0200
6,7280	-21,011	50,0250
6,7368	-21,013	50,0300
6,7297	-21,015	50,0350
6,7326	-21,017	50,0400
6,7436	-21,020	50,0450
6,7303	-21,022	50,0500
6,7209	-21,024	50,0550
6,7384	-21,026	50,0600
6,7407	-21,028	50,0650
6,7393	-21,030	50,0700
6,7459	-21,032	50,0750
6,7424	-21,034	50,0800
6,7302	-21,036	50,0850
6,7431	-21,038	50,0900
6,7477	-21,041	50,0950
6,7395	-21,043	50,1000
6,7382	-21,045	50,1050
6,7435	-21,047	50,1100
6,7382	-21,049	50,1150
6,7453	-21,051	50,1200
6,7489	-21,053	50,1250
6,7446	-21,055	50,1300
6,7423	-21,057	50,1350
6,7525	-21,059	50,1400
6,7487	-21,062	50,1450
6,7409	-21,064	50,1500
6,7526	-21,066	50,1550
6,7486	-21,068	50,1600
6,7387	-21,070	50,1650
6,7424	-21,072	50,1700
6,7546	-21,074	50,1750
6,7520	-21,076	50,1800
6,7548	-21,078	50,1850
6,7627	-21,080	50,1900
6,7528	-21,083	50,1950
6,7486	-21,085	50,2000
6,7551	-21,087	50,2050
6,7497	-21,089	50,2100
6,7516	-21,091	50,2150
6,7702	-21,093	50,2200
6,7622	-21,095	50,2250
6,7543	-21,097	50,2300
6,7615	-21,099	50,2350
6,7630	-21,101	50,2400
6,7577	-21,104	50,2450
6,7625	-21,106	50,2500
6,7588	-21,108	50,2550
6,7560	-21,110	50,2600
6,7553	-21,112	50,2650
6,7557	-21,114	50,2700
6,7555	-21,116	50,2750
6,7639	-21,118	50,2800
6,7645	-21,120	50,2850
6,7544	-21,122	50,2900
6,7581	-21,125	50,2950
6,7714	-21,127	50,3000
6,7688	-21,129	50,3050
6,7645	-21,131	50,3100
6,7694	-21,133	50,3150
6,7685	-21,135	50,3200
6,7635	-21,137	50,3250
6,7739	-21,139	50,3300
6,7709	-21,141	50,3350
6,7599	-21,143	50,3400
6,7646	-21,146	50,3450
6,7681	-21,148	50,3500
6,7775	-21,150	50,3550
6,7786	-21,152	50,3600
6,7757	-21,154	50,3650
6,7643	-21,156	50,3700
6,7641	-21,158	50,3750
6,7753	-21,160	50,3800
6,7670	-21,162	50,3850
6,7688	-21,164	50,3900
6,7806	-21,167	50,3950
6,7754	-21,169	50,4000
6,7744	-21,171	50,4050
6,7802	-21,173	50,4100
6,7813	-21,175	50,4150
6,7739	-21,177	50,4200
6,7786	-21,179	50,4250
6,7801	-21,181	50,4300
6,7737	-21,183	50,4350
6,7825	-21,185	50,4400
6,7894	-21,188	50,4450
6,7867	-21,190	50,4500
6,7889	-21,192	50,4550
6,7952	-21,194	50,4600
6,7834	-21,196	50,4650
6,7765	-21,198	50,4700
6,7807	-21,200	50,4750
6,7790	-21,202	50,4800
6,7809	-21,204	50,4850
6,7904	-21,206	50,4900
6,7876	-21,209	50,4950
6,7864	-21,211	50,5000
6,7894	-21,213	50,5050
6,7901	-21,215	50,5100
6,7880	-21,217	50,5150
6,7900	-21,219	50,5200
6,7852	-21,221	50,5250
6,7829	-21,223	50,5300
6,7886	-21,225	50,5350
6,7907	-21,227	50,5400
6,7882	-21,230	50,5450
6,7904	-21,232	50,5500
6,8041	-21,234	50,5550
6,7957	-21,236	50,5600
6,7920	-21,238	50,5650
6,7999	-21,240	50,5700
6,7959	-21,242	50,5750
6,7933	-21,244	50,5800
6,8018	-21,246	50,5850
6,7978	-21,248	50,5900
6,7923	-21,251	50,5950
6,7964	-21,253	50,6000
6,7955	-21,255	50,6050
6,7917	-21,257	50,6100
6,7993	-21,259	50,6150
6,7944	-21,261	50,6200
6,7876	-21,263	50,6250
6,8002	-21,265	50,6300
6,8075	-21,267	50,6350
6,8043	-21,269	50,6400
6,8009	-21,272	50,6450
6,8038	-21,274	50,6500
6,8012	-21,276	50,6550
6,8041	-21,278	50,6600
6,8059	-21,280	50,6650
6,7944	-21,282	50,6700
6,7997	-21,284	50,6750
6,8126	-21,286	50,6800
6,8034	-21,288	50,6850
6,7967	-21,290	50,6900
6,7972	-21,293	50,6950
6,7990	-21,295	50,7000
6,7992	-21,297	50,7050
6,8136	-21,299	50,7100
6,8203	-21,301	50,7150
6,8068	-21,303	50,7200
6,8124	-21,305	50,7250
6,8156	-21,307	50,7300
6,8120	-21,309	50,7350
6,8110	-21,311	50,7400
6,8078	-21,314	50,7450
6,8053	-21,316	50,7500
6,8150	-21,318	50,7550
6,8245	-21,320	50,7600
6,8196	-21,322	50,7650
6,8155	-21,324	50,7700
6,8212	-21,326	50,7750
6,8172	-21,328	50,7800
6,8120	-21,330	50,7850
6,8214	-21,332	50,7900
6,8239	-21,335	50,7950
6,8097	-21,337	50,8000
6,8188	-21,339	50,8050
6,8192	-21,341	50,8100
6,8106	-21,343	50,8150
6,8204	-21,345	50,8200
6,8303	-21,347	50,8250
6,8251	-21,349	50,8300
6,8206	-21,351	50,8350
6,8258	-21,353	50,8400
6,8220	-21,356	50,8450
6,8206	-21,358	50,8500
6,8294	-21,360	50,8550
6,8318	-21,362	50,8600
6,8302	-21,364	50,8650
6,8321	-21,366	50,8700
6,8315	-21,368	50,8750
6,8278	-21,370	50,8800
6,8258	-21,372	50,8850
6,8243	-21,374	50,8900
6,8184	-21,377	50,8950
6,8300	-21,379	50,9000
6,8329	-21,381	50,9050
6,8279	-21,383	50,9100
6,8326	-21,385	50,9150
6,8346	-21,387	50,9200
6,8337	-21,389	50,9250
6,8344	-21,391	50,9300
6,8410	-21,393	50,9350
6,8367	-21,395	50,9400
6,8321	-21,398	50,9450
6,8404	-21,400	50,9500
6,8370	-21,402	50,9550
6,8261	-21,404	50,9600
6,8305	-21,406	50,9650
6,8316	-21,408	50,9700
6,8309	-21,410	50,9750
6,8394	-21,412	50,9800
6,8431	-21,414	50,9850
6,8381	-21,416	50,9900
6,8434	-21,419	50,9950
6,8389	-21,421	51,0000
6,8278	-21,423	51,0050
6,8355	-21,425	51,0100
6,8407	-21,427	51,0150
6,8349	-21,429	51,0200
6,8378	-21,431	51,0250
6,8485	-21,433	51,0300
6,8464	-21,435	51,0350
6,8384	-21,437	51,0400
6,8464	-21,440	51,0450
6,8491	-21,442	51,0500
6,8442	-21,444	51,0550
6,8517	-21,446	51,0600
6,8411	-21,448	51,0650
6,8365	-21,450	51,0700
6,8443	-21,452	51,0750
6,8488	-21,454	51,0800
6,8426	-21,456	51,0850
6,8505	-21,458	51,0900
6,8584	-21,461	51,0950
6,8524	-21,463	51,1000
6,8594	-21,465	51,1050
6,8643	-21,467	51,1100
6,8566	-21,469	51,1150
6,8543	-21,471	51,1200
6,8520	-21,473	51,1250
6,8440	-21,475	51,1300
6,8409	-21,477	51,1350
6,8556	-21,479	51,1400
6,8573	-21,482	51,1450
6,8504	-21,484	51,1500
6,8592	-21,486	51,1550
6,8570	-21,488	51,1600
6,8558	-21,490	51,1650
6,8626	-21,492	51,1700
6,8654	-21,494	51,1750
6,8590	-21,496	51,1800
6,8654	-21,498	51,1850
6,8638	-21,500	51,1900
6,8503	-21,503	51,1950
6,8538	-21,505	51,2000
6,8591	-21,507	51,2050
6,8542	-21,509	51,2100
6,8485	-21,511	51,2150
6,8581	-21,513	51,2200
6,8602	-21,515	51,2250
6,8521	-21,517	51,2300
6,8656	-21,519	51,2350
6,8684	-21,521	51,2400
6,8674	-21,524	51,2450
6,8722	-21,526	51,2500
6,8676	-21,528	51,2550
6,8598	-21,530	51,2600
6,8636	-21,532	51,2650
6,8689	-21,534	51,2700
6,8590	-21,536	51,2750
6,8636	-21,538	51,2800
6,8733	-21,540	51,2850
6,8621	-21,542	51,2900
6,8630	-21,545	51,2950
6,8730	-21,547	51,3000
6,8742	-21,549	51,3050
6,8695	-21,551	51,3100
6,8736	-21,553	51,3150
6,8720	-21,555	51,3200
6,8674	-21,557	51,3250
6,8765	-21,559	51,3300
6,8734	-21,561	51,3350
6,8670	-21,563	51,3400
6,8752	-21,566	51,3450
6,8791	-21,568	51,3500
6,8711	-21,570	51,3550
6,8696	-21,572	51,3600
6,8802	-21,574	51,3650
6,8812	-21,576	51,3700
6,8863	-21,578	51,3750
6,8877	-21,580	51,3800
6,8715	-21,582	51,3850
6,8744	-21,584	51,3900
6,8844	-21,587	51,3950
6,8803	-21,589	51,4000
6,8734	-21,591	51,4050
6,8836	-21,593	51,4100
6,8892	-21,595	51,4150
6,8820	-21,597	51,4200
6,8873	-21,599	51,4250
6,8952	-21,601	51,4300
6,8947	-21,603	51,4350
6,8952	-21,605	51,4400
6,8893	-21,608	51,4450
6,8799	-21,610	51,4500
6,8808	-21,612	51,4550
6,8867	-21,614	51,4600
6,8886	-21,616	51,4650
6,8914	-21,618	51,4700
6,8903	-21,620	51,4750
6,8826	-21,622	51,4800
6,8823	-21,624	51,4850
6,8831	-21,626	51,4900
6,8813	-21,629	51,4950
6,8887	-21,631	51,5000
6,9003	-21,633	51,5050
6,8901	-21,635	51,5100
6,8820	-21,637	51,5150
6,8990	-21,639	51,5200
6,9010	-21,641	51,5250
6,8937	-21,643	51,5300
6,8995	-21,645	51,5350
6,8995	-21,647	51,5400
6,8983	-21,650	51,5450
6,9022	-21,652	51,5500
6,9038	-21,654	51,5550
6,8963	-21,656	51,5600
6,8992	-21,658	51,5650
6,9036	-21,660	51,5700
6,8998	-21,662	51,5750
6,8980	-21,664	51,5800
6,9061	-21,666	51,5850
6,9032	-21,668	51,5900
6,8924	-21,671	51,5950
6,9008	-21,673	51,6000
6,9085	-21,675	51,6050
6,8998	-21,677	51,6100
6,9033	-21,679	51,6150
6,9072	-21,681	51,6200
6,9053	-21,683	51,6250
6,9087	-21,685	51,6300
6,9137	-21,687	51,6350
6,9079	-21,689	51,6400
6,8966	-21,692	51,6450
6,9062	-21,694	51,6500
6,9026	-21,696	51,6550
6,9072	-21,698	51,6600
6,9086	-21,700	51,6650
6,8970	-21,702	51,6700
6,9023	-21,704	51,6750
6,9163	-21,706	51,6800
6,9149	-21,708	51,6850
6,9146	-21,710	51,6900
6,9212	-21,713	51,6950
6,9130	-21,715	51,7000
6,9030	-21,717	51,7050
6,9124	-21,719	51,7100
6,9166	-21,721	51,7150
6,9103	-21,723	51,7200
6,9227	-21,725	51,7250
6,9246	-21,727	51,7300
6,9128	-21,729	51,7350
6,9125	-21,731	51,7400
6,9277	-21,734	51,7450
6,9257	-21,736	51,7500
6,9176	-21,738	51,7550
6,9239	-21,740	51,7600
6,9200	-21,742	51,7650
6,9135	-21,744	51,7700
6,9190	-21,746	51,7750
6,9237	-21,748	51,7800
6,9223	-21,750	51,7850
6,9268	-21,752	51,7900
6,9268	-21,755	51,7950
6,9279	-21,757	51,8000
6,9327	-21,759	51,8050
6,9271	-21,761	51,8100
6,9121	-21,763	51,8150
6,9171	-21,765	51,8200
6,9261	-21,767	51,8250
6,9222	-21,769	51,8300
6,9139	-21,771	51,8350
6,9190	-21,773	51,8400
6,9204	-21,776	51,8450
6,9263	-21,778	51,8500
6,9312	-21,780	51,8550
6,9334	-21,782	51,8600
6,9314	-21,784	51,8650
6,9344	-21,786	51,8700
6,9329	-21,788	51,8750
6,9298	-21,790	51,8800
6,9315	-21,792	51,8850
6,9354	-21,794	51,8900
6,9341	-21,797	51,8950
6,9409	-21,799	51,9000
6,9431	-21,801	51,9050
6,9323	-21,803	51,9100
6,9387	-21,805	51,9150
6,9448	-21,807	51,9200
6,9347	-21,809	51,9250
6,9335	-21,811	51,9300
6,9384	-21,813	51,9350
6,9375	-21,815	51,9400
6,9376	-21,818	51,9450
6,9390	-21,820	51,9500
6,9332	-21,822	51,9550
6,9344	-21,824	51,9600
6,9523	-21,826	51,9650
6,9520	-21,828	51,9700
6,9428	-21,830	51,9750
6,9495	-21,832	51,9800
6,9492	-21,834	51,9850
6,9411	-21,836	51,9900
6,9433	-21,839	51,9950
6,9483	-21,841	52,0000
6,9459	-21,843	52,0050
6,9493	-21,845	52,0100
6,9549	-21,847	52,0150
6,9465	-21,849	52,0200
6,9450	-21,851	52,0250
6,9539	-21,853	52,0300
6,9558	-21,855	52,0350
6,9600	-21,857	52,0400
6,9605	-21,860	52,0450
6,9486	-21,862	52,0500
6,9438	-21,864	52,0550
6,9525	-21,866	52,0600
6,9538	-21,868	52,0650
6,9577	-21,870	52,0700
6,9620	-21,872	52,0750
6,9606	-21,874	52,0800
6,9490	-21,876	52,0850
6,9473	-21,878	52,0900
6,9470	-21,881	52,0950
6,9427	-21,883	52,1000
6,9487	-21,885	52,1050
6,9589	-21,887	52,1100
6,9597	-21,889	52,1150
6,9560	-21,891	52,1200
6,9613	-21,893	52,1250
6,9612	-21,895	52,1300
6,9592	-21,897	52,1350
6,9668	-21,899	52,1400
6,9584	-21,902	52,1450
6,9538	-21,904	52,1500
6,9680	-21,906	52,1550
6,9654	-21,908	52,1600
6,9619	-21,910	52,1650
6,9680	-21,912	52,1700
6,9720	-21,914	52,1750
6,9588	-21,916	52,1800
6,9612	-21,918	52,1850
6,9677	-21,920	52,1900
6,9595	-21,923	52,1950
6,9621	-21,925	52,2000
6,9704	-21,927	52,2050
6,9634	-21,929	52,2100
6,9592	-21,931	52,2150
6,9632	-21,933	52,2200
6,9630	-21,935	52,2250
6,9665	-21,937	52,2300
6,9791	-21,939	52,2350
6,9758	-21,941	52,2400
6,9698	-21,944	52,2450
6,9730	-21,946	52,2500
6,9698	-21,948	52,2550
6,9744	-21,950	52,2600
6,9752	-21,952	52,2650
6,9769	-21,954	52,2700
6,9712	-21,956	52,2750
6,9756	-21,958	52,2800
6,9739	-21,960	52,2850
6,9724	-21,962	52,2900
6,9822	-21,965	52,2950
6,9906	-21,967	52,3000
6,9816	-21,969	52,3050
6,9726	-21,971	52,3100
6,9789	-21,973	52,3150
6,9797	-21,975	52,3200
6,9708	-21,977	52,3250
6,9779	-21,979	52,3300
6,9817	-21,981	52,3350
6,9783	-21,983	52,3400
6,9853	-21,986	52,3450
6,9819	-21,988	52,3500
6,9853	-21,990	52,3550
6,9870	-21,992	52,3600
6,9893	-21,994	52,3650
6,9791	-21,996	52,3700
6,9830	-21,998	52,3750
6,9878	-22,000	52,3800
6,9828	-22,002	52,3850
6,9808	-22,004	52,3900
6,9852	-22,007	52,3950
6,9797	-22,009	52,4000
6,9784	-22,011	52,4050
6,9930	-22,013	52,4100
6,9922	-22,015	52,4150
6,9872	-22,017	52,4200
6,9943	-22,019	52,4250
6,9914	-22,021	52,4300
6,9885	-22,023	52,4350
6,9916	-22,025	52,4400
6,9918	-22,028	52,4450
6,9941	-22,030	52,4500
6,9973	-22,032	52,4550
6,9976	-22,034	52,4600
6,9866	-22,036	52,4650
6,9881	-22,038	52,4700
6,9933	-22,040	52,4750
6,9955	-22,042	52,4800
6,9966	-22,044	52,4850
7,0075	-22,046	52,4900
7,0016	-22,049	52,4950
6,9926	-22,051	52,5000
6,9976	-22,053	52,5050
6,9967	-22,055	52,5100
6,9963	-22,057	52,5150
7,0022	-22,059	52,5200
7,0012	-22,061	52,5250
6,9925	-22,063	52,5300
7,0009	-22,065	52,5350
7,0048	-22,067	52,5400
7,0026	-22,070	52,5450
7,0037	-22,072	52,5500
7,0052	-22,074	52,5550
6,9942	-22,076	52,5600
6,9986	-22,078	52,5650
7,0046	-22,080	52,5700
6,9948	-22,082	52,5750
7,0002	-22,084	52,5800
7,0100	-22,086	52,5850
7,0100	-22,088	52,5900
7,0149	-22,091	52,5950
7,0195	-22,093	52,6000
7,0135	-22,095	52,6050
7,0099	-22,097	52,6100
7,0204	-22,099	52,6150
7,0178	-22,101	52,6200
7,0115	-22,103	52,6250
7,0108	-22,105	52,6300
7,0159	-22,107	52,6350
7,0197	-22,109	52,6400
7,0180	-22,112	52,6450
7,0230	-22,114	52,6500
7,0170	-22,116	52,6550
7,0250	-22,118	52,6600
7,0275	-22,120	52,6650
7,0152	-22,122	52,6700
7,0150	-22,124	52,6750
7,0284	-22,126	52,6800
7,0237	-22,128	52,6850
7,0155	-22,130	52,6900
7,0255	-22,133	52,6950
7,0267	-22,135	52,7000
7,0205	-22,137	52,7050
7,0276	-22,139	52,7100
7,0331	-22,141	52,7150
7,0273	-22,143	52,7200
7,0263	-22,145	52,7250
7,0250	-22,147	52,7300
7,0160	-22,149	52,7350
7,0156	-22,151	52,7400
7,0281	-22,154	52,7450
7,0286	-22,156	52,7500
7,0330	-22,158	52,7550
7,0310	-22,160	52,7600
7,0232	-22,162	52,7650
7,0223	-22,164	52,7700
7,0340	-22,166	52,7750
7,0300	-22,168	52,7800
7,0282	-22,170	52,7850
7,0352	-22,172	52,7900
7,0381	-22,175	52,7950
7,0324	-22,177	52,8000
7,0360	-22,179	52,8050
7,0372	-22,181	52,8100
7,0329	-22,183	52,8150
7,0327	-22,185	52,8200
7,0352	-22,187	52,8250
7,0355	-22,189	52,8300
7,0371	-22,191	52,8350
7,0457	-22,193	52,8400
7,0303	-22,196	52,8450
7,0301	-22,198	52,8500
7,0406	-22,200	52,8550
7,0395	-22,202	52,8600
7,0399	-22,204	52,8650
7,0514	-22,206	52,8700
7,0494	-22,208	52,8750
7,0402	-22,210	52,8800
7,0461	-22,212	52,8850
7,0451	-22,214	52,8900
7,0385	-22,217	52,8950
7,0461	-22,219	52,9000
7,0456	-22,221	52,9050
7,0314	-22,223	52,9100
7,0307	-22,225	52,9150
7,0384	-22,227	52,9200
7,0369	-22,229	52,9250
7,0371	-22,231	52,9300
7,0470	-22,233	52,9350
7,0390	-22,235	52,9400
7,0353	-22,238	52,9450
7,0420	-22,240	52,9500
7,0422	-22,242	52,9550
7,0401	-22,244	52,9600
7,0559	-22,246	52,9650
7,0599	-22,248	52,9700
7,0474	-22,250	52,9750
7,0468	-22,252	52,9800
7,0478	-22,254	52,9850
7,0388	-22,256	52,9900
7,0454	-22,259	52,9950
7,0542	-22,261	53,0000
7,0534	-22,263	53,0050
7,0493	-22,265	53,0100
7,0540	-22,267	53,0150
7,0500	-22,269	53,0200
7,0493	-22,271	53,0250
7,0665	-22,273	53,0300
7,0678	-22,275	53,0350
7,0647	-22,277	53,0400
7,0668	-22,280	53,0450
7,0585	-22,282	53,0500
7,0487	-22,284	53,0550
7,0595	-22,286	53,0600
7,0636	-22,288	53,0650
7,0605	-22,290	53,0700
7,0602	-22,292	53,0750
7,0564	-22,294	53,0800
7,0498	-22,296	53,0850
7,0583	-22,298	53,0900
7,0636	-22,301	53,0950
7,0584	-22,303	53,1000
7,0578	-22,305	53,1050
7,0662	-22,307	53,1100
7,0691	-22,309	53,1150
7,0645	-22,311	53,1200
7,0635	-22,313	53,1250
7,0616	-22,315	53,1300
7,0595	-22,317	53,1350
7,0627	-22,319	53,1400
7,0624	-22,322	53,1450
7,0647	-22,324	53,1500
7,0753	-22,326	53,1550
7,0706	-22,328	53,1600
7,0584	-22,330	53,1650
7,0644	-22,332	53,1700
7,0744	-22,334	53,1750
7,0715	-22,336	53,1800
7,0721	-22,338	53,1850
7,0732	-22,340	53,1900
7,0588	-22,343	53,1950
7,0601	-22,345	53,2000
7,0733	-22,347	53,2050
7,0712	-22,349	53,2100
7,0739	-22,351	53,2150
7,0811	-22,353	53,2200
7,0692	-22,355	53,2250
7,0708	-22,357	53,2300
7,0821	-22,359	53,2350
7,0772	-22,361	53,2400
7,0656	-22,364	53,2450
7,0743	-22,366	53,2500
7,0855	-22,368	53,2550
7,0765	-22,370	53,2600
7,0727	-22,372	53,2650
7,0765	-22,374	53,2700
7,0751	-22,376	53,2750
7,0812	-22,378	53,2800
7,0849	-22,380	53,2850
7,0779	-22,382	53,2900
7,0782	-22,385	53,2950
7,0856	-22,387	53,3000
7,0843	-22,389	53,3050
7,0772	-22,391	53,3100
7,0855	-22,393	53,3150
7,0870	-22,395	53,3200
7,0773	-22,397	53,3250
7,0839	-22,399	53,3300
7,0817	-22,401	53,3350
7,0783	-22,403	53,3400
7,0938	-22,406	53,3450
7,0955	-22,408	53,3500
7,0895	-22,410	53,3550
7,0931	-22,412	53,3600
7,0998	-22,414	53,3650
7,0921	-22,416	53,3700
7,0987	-22,418	53,3750
7,1022	-22,420	53,3800
7,0919	-22,422	53,3850
7,0874	-22,424	53,3900
7,0986	-22,427	53,3950
7,1046	-22,429	53,4000
7,0973	-22,431	53,4050
7,0977	-22,433	53,4100
7,0959	-22,435	53,4150
7,0909	-22,437	53,4200
7,1001	-22,439	53,4250
7,1004	-22,441	53,4300
7,0922	-22,443	53,4350
7,0988	-22,445	53,4400
7,0977	-22,448	53,4450
7,0974	-22,450	53,4500
7,0956	-22,452	53,4550
7,1021	-22,454	53,4600
7,0938	-22,456	53,4650
7,0999	-22,458	53,4700
7,1097	-22,460	53,4750
7,1004	-22,462	53,4800
7,0962	-22,464	53,4850
7,1018	-22,466	53,4900
7,1042	-22,469	53,4950
7,1007	-22,471	53,5000
7,1058	-22,473	53,5050
7,1131	-22,475	53,5100
7,1143	-22,477	53,5150
7,1210	-22,479	53,5200
7,1175	-22,481	53,5250
7,1127	-22,483	53,5300
7,1143	-22,485	53,5350
7,1090	-22,487	53,5400
7,1024	-22,490	53,5450
7,1054	-22,492	53,5500
7,1119	-22,494	53,5550
7,1033	-22,496	53,5600
7,1117	-22,498	53,5650
7,1219	-22,500	53,5700
7,1137	-22,502	53,5750
7,1092	-22,504	53,5800
7,1142	-22,506	53,5850
7,1124	-22,508	53,5900
7,1125	-22,511	53,5950
7,1290	-22,513	53,6000
7,1273	-22,515	53,6050
7,1122	-22,517	53,6100
7,1191	-22,519	53,6150
7,1204	-22,521	53,6200
7,1129	-22,523	53,6250
7,1205	-22,525	53,6300
7,1263	-22,527	53,6350
7,1235	-22,529	53,6400
7,1233	-22,532	53,6450
7,1279	-22,534	53,6500
7,1212	-22,536	53,6550
7,1191	-22,538	53,6600
7,1200	-22,540	53,6650
7,1137	-22,542	53,6700
7,1133	-22,544	53,6750
7,1230	-22,546	53,6800
7,1234	-22,548	53,6850
7,1214	-22,550	53,6900
7,1254	-22,553	53,6950
7,1237	-22,555	53,7000
7,1199	-22,557	53,7050
7,1283	-22,559	53,7100
7,1326	-22,561	53,7150
7,1271	-22,563	53,7200
7,1326	-22,565	53,7250
7,1249	-22,567	53,7300
7,1188	-22,569	53,7350
7,1281	-22,571	53,7400
7,1453	-22,574	53,7450
7,1409	-22,576	53,7500
7,1376	-22,578	53,7550
7,1360	-22,580	53,7600
7,1252	-22,582	53,7650
7,1255	-22,584	53,7700
7,1307	-22,586	53,7750
7,1264	-22,588	53,7800
7,1321	-22,590	53,7850
7,1393	-22,592	53,7900
7,1380	-22,595	53,7950
7,1294	-22,597	53,8000
7,1356	-22,599	53,8050
7,1363	-22,601	53,8100
7,1327	-22,603	53,8150
7,1344	-22,605	53,8200
7,1343	-22,607	53,8250
7,1268	-22,609	53,8300
7,1300	-22,611	53,8350
7,1410	-22,613	53,8400
7,1397	-22,616	53,8450
7,1435	-22,618	53,8500
7,1517	-22,620	53,8550
7,1478	-22,622	53,8600
7,1402	-22,624	53,8650
7,1468	-22,626	53,8700
7,1462	-22,628	53,8750
7,1431	-22,630	53,8800
7,1465	-22,632	53,8850
7,1469	-22,634	53,8900
7,1362	-22,637	53,8950
7,1436	-22,639	53,9000
7,1515	-22,641	53,9050
7,1434	-22,643	53,9100
7,1404	-22,645	53,9150
7,1456	-22,647	53,9200
7,1485	-22,649	53,9250
7,1457	-22,651	53,9300
7,1492	-22,653	53,9350
7,1485	-22,655	53,9400
7,1544	-22,658	53,9450
7,1616	-22,660	53,9500
7,1532	-22,662	53,9550
7,1539	-22,664	53,9600
7,1580	-22,666	53,9650
7,1492	-22,668	53,9700
7,1521	-22,670	53,9750
7,1586	-22,672	53,9800
7,1625	-22,674	53,9850
7,1623	-22,676	53,9900
7,1639	-22,679	53,9950
7,1626	-22,681	54,0000
7,1578	-22,683	54,0050
7,1590	-22,685	54,0100
7,1591	-22,687	54,0150
7,1504	-22,689	54,0200
7,1581	-22,691	54,0250
7,1695	-22,693	54,0300
7,1659	-22,695	54,0350
7,1630	-22,697	54,0400
7,1676	-22,700	54,0450
7,1588	-22,702	54,0500
7,1507	-22,704	54,0550
7,1553	-22,706	54,0600
7,1598	-22,708	54,0650
7,1641	-22,710	54,0700
7,1765	-22,712	54,0750
7,1752	-22,714	54,0800
7,1616	-22,716	54,0850
7,1595	-22,718	54,0900
7,1569	-22,721	54,0950
7,1594	-22,723	54,1000
7,1656	-22,725	54,1050
7,1705	-22,727	54,1100
7,1724	-22,729	54,1150
7,1685	-22,731	54,1200
7,1794	-22,733	54,1250
7,1817	-22,735	54,1300
7,1776	-22,737	54,1350
7,1843	-22,739	54,1400
7,1762	-22,742	54,1450
7,1690	-22,744	54,1500
7,1799	-22,746	54,1550
7,1846	-22,748	54,1600
7,1799	-22,750	54,1650
7,1773	-22,752	54,1700
7,1803	-22,754	54,1750
7,1757	-22,756	54,1800
7,1798	-22,758	54,1850
7,1851	-22,760	54,1900
7,1783	-22,763	54,1950
7,1762	-22,765	54,2000
7,1803	-22,767	54,2050
7,1766	-22,769	54,2100
7,1756	-22,771	54,2150
7,1801	-22,773	54,2200
7,1795	-22,775	54,2250
7,1785	-22,777	54,2300
7,1846	-22,779	54,2350
7,1870	-22,781	54,2400
7,1864	-22,784	54,2450
7,2004	-22,786	54,2500
7,2014	-22,788	54,2550
7,1862	-22,790	54,2600
7,1818	-22,792	54,2650
7,1863	-22,794	54,2700
7,1809	-22,796	54,2750
7,1888	-22,798	54,2800
7,1910	-22,800	54,2850
7,1804	-22,802	54,2900
7,1816	-22,805	54,2950
7,1934	-22,807	54,3000
7,1919	-22,809	54,3050
7,1907	-22,811	54,3100
7,2064	-22,813	54,3150
7,2048	-22,815	54,3200
7,1933	-22,817	54,3250
7,1905	-22,819	54,3300
7,1887	-22,821	54,3350
7,1901	-22,823	54,3400
7,1964	-22,826	54,3450
7,1937	-22,828	54,3500
7,1919	-22,830	54,3550
7,1988	-22,832	54,3600
7,2112	-22,834	54,3650
7,2024	-22,836	54,3700
7,2016	-22,838	54,3750
7,2038	-22,840	54,3800
7,2025	-22,842	54,3850
7,1990	-22,844	54,3900
7,2009	-22,847	54,3950
7,1955	-22,849	54,4000
7,1925	-22,851	54,4050
7,1987	-22,853	54,4100
7,2006	-22,855	54,4150
7,1975	-22,857	54,4200
7,2118	-22,859	54,4250
7,2077	-22,861	54,4300
7,1952	-22,863	54,4350
7,2089	-22,865	54,4400
7,2123	-22,868	54,4450
7,2078	-22,870	54,4500
7,2065	-22,872	54,4550
7,2134	-22,874	54,4600
7,2100	-22,876	54,4650
7,2063	-22,878	54,4700
7,2122	-22,880	54,4750
7,2030	-22,882	54,4800
7,2028	-22,884	54,4850
7,2128	-22,886	54,4900
7,2141	-22,889	54,4950
7,2120	-22,891	54,5000
7,2152	-22,893	54,5050
7,2147	-22,895	54,5100
7,2086	-22,897	54,5150
7,2155	-22,899	54,5200
7,2160	-22,901	54,5250
7,2076	-22,903	54,5300
7,2160	-22,905	54,5350
7,2145	-22,907	54,5400
7,2109	-22,910	54,5450
7,2161	-22,912	54,5500
7,2249	-22,914	54,5550
7,2193	-22,916	54,5600
7,2169	-22,918	54,5650
7,2201	-22,920	54,5700
7,2196	-22,922	54,5750
7,2175	-22,924	54,5800
7,2280	-22,926	54,5850
7,2269	-22,928	54,5900
7,2209	-22,931	54,5950
7,2247	-22,933	54,6000
7,2261	-22,935	54,6050
7,2168	-22,937	54,6100
7,2194	-22,939	54,6150
7,2170	-22,941	54,6200
7,2113	-22,943	54,6250
7,2291	-22,945	54,6300
7,2380	-22,947	54,6350
7,2298	-22,949	54,6400
7,2281	-22,952	54,6450
7,2390	-22,954	54,6500
7,2319	-22,956	54,6550
7,2212	-22,958	54,6600
7,2195	-22,960	54,6650
7,2210	-22,962	54,6700
7,2245	-22,964	54,6750
7,2364	-22,966	54,6800
7,2349	-22,968	54,6850
7,2283	-22,970	54,6900
7,2305	-22,973	54,6950
7,2310	-22,975	54,7000
7,2290	-22,977	54,7050
7,2356	-22,979	54,7100
7,2374	-22,981	54,7150
7,2303	-22,983	54,7200
7,2359	-22,985	54,7250
7,2400	-22,987	54,7300
7,2401	-22,989	54,7350
7,2361	-22,991	54,7400
7,2381	-22,994	54,7450
7,2316	-22,996	54,7500
7,2329	-22,998	54,7550
7,2403	-23,000	54,7600
7,2364	-23,002	54,7650
7,2347	-23,004	54,7700
7,2469	-23,006	54,7750
7,2486	-23,008	54,7800
7,2406	-23,010	54,7850
7,2453	-23,012	54,7900
7,2440	-23,015	54,7950
7,2405	-23,017	54,8000
7,2454	-23,019	54,8050
7,2444	-23,021	54,8100
7,2455	-23,023	54,8150
7,2515	-23,025	54,8200
7,2492	-23,027	54,8250
7,2429	-23,029	54,8300
7,2433	-23,031	54,8350
7,2546	-23,033	54,8400
7,2523	-23,036	54,8450
7,2546	-23,038	54,8500
7,2616	-23,040	54,8550
7,2564	-23,042	54,8600
7,2497	-23,044	54,8650
7,2527	-23,046	54,8700
7,2505	-23,048	54,8750
7,2485	-23,050	54,8800
7,2482	-23,052	54,8850
7,2546	-23,054	54,8900
7,2566	-23,057	54,8950
7,2608	-23,059	54,9000
7,2568	-23,061	54,9050
7,2427	-23,063	54,9100
7,2441	-23,065	54,9150
7,2538	-23,067	54,9200
7,2555	-23,069	54,9250
7,2513	-23,071	54,9300
7,2608	-23,073	54,9350
7,2611	-23,075	54,9400
7,2615	-23,078	54,9450
7,2685	-23,080	54,9500
7,2595	-23,082	54,9550
7,2520	-23,084	54,9600
7,2613	-23,086	54,9650
7,2631	-23,088	54,9700
7,2593	-23,090	54,9750
7,2594	-23,092	54,9800
7,2617	-23,094	54,9850
7,2547	-23,096	54,9900
7,2637	-23,099	54,9950
7,2662	-23,101	55,0000
7,2557	-23,103	55,0050
7,2637	-23,105	55,0100
7,2710	-23,107	55,0150
7,2626	-23,109	55,0200
7,2666	-23,111	55,0250
7,2720	-23,113	55,0300
7,2664	-23,115	55,0350
7,2648	-23,117	55,0400
7,2699	-23,120	55,0450
7,2706	-23,122	55,0500
7,2636	-23,124	55,0550
7,2648	-23,126	55,0600
7,2657	-23,128	55,0650
7,2665	-23,130	55,0700
7,2727	-23,132	55,0750
7,2765	-23,134	55,0800
7,2744	-23,136	55,0850
7,2770	-23,138	55,0900
7,2854	-23,141	55,0950
7,2773	-23,143	55,1000
7,2752	-23,145	55,1050
7,2791	-23,147	55,1100
7,2825	-23,149	55,1150
7,2808	-23,151	55,1200
7,2853	-23,153	55,1250
7,2800	-23,155	55,1300
7,2712	-23,157	55,1350
7,2798	-23,159	55,1400
7,2810	-23,162	55,1450
7,2753	-23,164	55,1500
7,2794	-23,166	55,1550
7,2791	-23,168	55,1600
7,2703	-23,170	55,1650
7,2765	-23,172	55,1700
7,2858	-23,174	55,1750
7,2852	-23,176	55,1800
7,2887	-23,178	55,1850
7,2947	-23,180	55,1900
7,2870	-23,183	55,1950
7,2885	-23,185	55,2000
7,2935	-23,187	55,2050
7,2895	-23,189	55,2100
7,2882	-23,191	55,2150
7,2950	-23,193	55,2200
7,2901	-23,195	55,2250
7,2867	-23,197	55,2300
7,2934	-23,199	55,2350
7,2931	-23,201	55,2400
7,2959	-23,204	55,2450
7,3027	-23,206	55,2500
7,2962	-23,208	55,2550
7,2877	-23,210	55,2600
7,2910	-23,212	55,2650
7,2970	-23,214	55,2700
7,2873	-23,216	55,2750
7,2922	-23,218	55,2800
7,2995	-23,220	55,2850
7,2972	-23,222	55,2900
7,2909	-23,225	55,2950
7,2954	-23,227	55,3000
7,2894	-23,229	55,3050
7,2914	-23,231	55,3100
7,3015	-23,233	55,3150
7,2955	-23,235	55,3200
7,2915	-23,237	55,3250
7,2961	-23,239	55,3300
7,2947	-23,241	55,3350
7,2882	-23,243	55,3400
7,2984	-23,246	55,3450
7,3131	-23,248	55,3500
7,3081	-23,250	55,3550
7,3072	-23,252	55,3600
7,3128	-23,254	55,3650
7,3066	-23,256	55,3700
7,3065	-23,258	55,3750
7,3081	-23,260	55,3800
7,3031	-23,262	55,3850
7,3019	-23,264	55,3900
7,3010	-23,267	55,3950
7,2967	-23,269	55,4000
7,2976	-23,271	55,4050
7,3133	-23,273	55,4100
7,3168	-23,275	55,4150
7,3089	-23,277	55,4200
7,3116	-23,279	55,4250
7,3154	-23,281	55,4300
7,3100	-23,283	55,4350
7,3133	-23,285	55,4400
7,3112	-23,288	55,4450
7,3050	-23,290	55,4500
7,3153	-23,292	55,4550
7,3275	-23,294	55,4600
7,3216	-23,296	55,4650
7,3196	-23,298	55,4700
7,3237	-23,300	55,4750
7,3147	-23,302	55,4800
7,3072	-23,304	55,4850
7,3136	-23,306	55,4900
7,3125	-23,309	55,4950
7,3137	-23,311	55,5000
7,3139	-23,313	55,5050
7,3113	-23,315	55,5100
7,3054	-23,317	55,5150
7,3171	-23,319	55,5200
7,3251	-23,321	55,5250
7,3173	-23,323	55,5300
7,3208	-23,325	55,5350
7,3239	-23,327	55,5400
7,3134	-23,330	55,5450
7,3161	-23,332	55,5500
7,3287	-23,334	55,5550
7,3268	-23,336	55,5600
7,3271	-23,338	55,5650
7,3310	-23,340	55,5700
7,3239	-23,342	55,5750
7,3234	-23,344	55,5800
7,3349	-23,346	55,5850
7,3328	-23,348	55,5900
7,3323	-23,351	55,5950
7,3331	-23,353	55,6000
7,3311	-23,355	55,6050
7,3273	-23,357	55,6100
7,3361	-23,359	55,6150
7,3377	-23,361	55,6200
7,3338	-23,363	55,6250
7,3354	-23,365	55,6300
7,3346	-23,367	55,6350
7,3226	-23,369	55,6400
7,3209	-23,372	55,6450
7,3327	-23,374	55,6500
7,3332	-23,376	55,6550
7,3341	-23,378	55,6600
7,3413	-23,380	55,6650
7,3343	-23,382	55,6700
7,3313	-23,384	55,6750
7,3427	-23,386	55,6800
7,3462	-23,388	55,6850
7,3440	-23,390	55,6900
7,3374	-23,393	55,6950
7,3370	-23,395	55,7000
7,3358	-23,397	55,7050
7,3370	-23,399	55,7100
7,3447	-23,401	55,7150
7,3411	-23,403	55,7200
7,3422	-23,405	55,7250
7,3491	-23,407	55,7300
7,3382	-23,409	55,7350
7,3308	-23,411	55,7400
7,3447	-23,414	55,7450
7,3444	-23,416	55,7500
7,3391	-23,418	55,7550
7,3437	-23,420	55,7600
7,3438	-23,422	55,7650
7,3457	-23,424	55,7700
7,3545	-23,426	55,7750
7,3506	-23,428	55,7800
7,3467	-23,430	55,7850
7,3563	-23,432	55,7900
7,3522	-23,435	55,7950
7,3394	-23,437	55,8000
7,3448	-23,439	55,8050
7,3545	-23,441	55,8100
7,3543	-23,443	55,8150
7,3525	-23,445	55,8200
7,3579	-23,447	55,8250
7,3568	-23,449	55,8300
7,3547	-23,451	55,8350
7,3633	-23,453	55,8400
7,3594	-23,456	55,8450
7,3538	-23,458	55,8500
7,3595	-23,460	55,8550
7,3551	-23,462	55,8600
7,3515	-23,464	55,8650
7,3609	-23,466	55,8700
7,3585	-23,468	55,8750
7,3513	-23,470	55,8800
7,3583	-23,472	55,8850
7,3604	-23,474	55,8900
7,3528	-23,477	55,8950
7,3616	-23,479	55,9000
7,3655	-23,481	55,9050
7,3601	-23,483	55,9100
7,3644	-23,485	55,9150
7,3626	-23,487	55,9200
7,3556	-23,489	55,9250
7,3503	-23,491	55,9300
7,3629	-23,493	55,9350
7,3659	-23,495	55,9400
7,3644	-23,498	55,9450
7,3671	-23,500	55,9500
7,3565	-23,502	55,9550
7,3471	-23,504	55,9600
7,3617	-23,506	55,9650
7,3662	-23,508	55,9700
7,3637	-23,510	55,9750
7,3691	-23,512	55,9800
7,3767	-23,514	55,9850
7,3673	-23,516	55,9900
7,3675	-23,519	55,9950
7,3670	-23,521	56,0000
7,3647	-23,523	56,0050
7,3694	-23,525	56,0100
7,3782	-23,527	56,0150
7,3681	-23,529	56,0200
7,3623	-23,531	56,0250
7,3728	-23,533	56,0300
7,3706	-23,535	56,0350
7,3670	-23,537	56,0400
7,3766	-23,540	56,0450
7,3721	-23,542	56,0500
7,3631	-23,544	56,0550
7,3681	-23,546	56,0600
7,3737	-23,548	56,0650
7,3777	-23,550	56,0700
7,3856	-23,552	56,0750
7,3867	-23,554	56,0800
7,3751	-23,556	56,0850
7,3746	-23,558	56,0900
7,3803	-23,561	56,0950
7,3785	-23,563	56,1000
7,3817	-23,565	56,1050
7,3880	-23,567	56,1100
7,3902	-23,569	56,1150
7,3886	-23,571	56,1200
7,3899	-23,573	56,1250
7,3851	-23,575	56,1300
7,3834	-23,577	56,1350
7,3900	-23,579	56,1400
7,3861	-23,582	56,1450
7,3839	-23,584	56,1500
7,3900	-23,586	56,1550
7,3891	-23,588	56,1600
7,3961	-23,590	56,1650
7,3948	-23,592	56,1700
7,3918	-23,594	56,1750
7,3782	-23,596	56,1800
7,3863	-23,598	56,1850
7,3948	-23,600	56,1900
7,3924	-23,603	56,1950
7,3962	-23,605	56,2000
7,4021	-23,607	56,2050
7,3934	-23,609	56,2100
7,3934	-23,611	56,2150
7,4029	-23,613	56,2200
7,3978	-23,615	56,2250
7,3934	-23,617	56,2300
7,3995	-23,619	56,2350
7,3973	-23,621	56,2400
7,3907	-23,624	56,2450
7,3959	-23,626	56,2500
7,3968	-23,628	56,2550
7,4011	-23,630	56,2600
7,4082	-23,632	56,2650
7,4073	-23,634	56,2700
7,3914	-23,636	56,2750
7,3945	-23,638	56,2800
7,4053	-23,640	56,2850
7,4003	-23,642	56,2900
7,4002	-23,645	56,2950
7,4106	-23,647	56,3000
7,4085	-23,649	56,3050
7,4100	-23,651	56,3100
7,4070	-23,653	56,3150
7,4052	-23,655	56,3200
7,4021	-23,657	56,3250
7,4088	-23,659	56,3300
7,4006	-23,661	56,3350
7,3945	-23,663	56,3400
7,4050	-23,666	56,3450
7,4091	-23,668	56,3500
7,4135	-23,670	56,3550
7,4211	-23,672	56,3600
7,4227	-23,674	56,3650
7,4156	-23,676	56,3700
7,4154	-23,678	56,3750
7,4138	-23,680	56,3800
7,4038	-23,682	56,3850
7,4023	-23,684	56,3900
7,4137	-23,687	56,3950
7,4173	-23,689	56,4000
7,4119	-23,691	56,4050
7,4139	-23,693	56,4100
7,4127	-23,695	56,4150
7,4111	-23,697	56,4200
7,4203	-23,699	56,4250
7,4188	-23,701	56,4300
7,4126	-23,703	56,4350
7,4224	-23,705	56,4400
7,4278	-23,708	56,4450
7,4244	-23,710	56,4500
7,4224	-23,712	56,4550
7,4262	-23,714	56,4600
7,4176	-23,716	56,4650
7,4225	-23,718	56,4700
7,4266	-23,720	56,4750
7,4263	-23,722	56,4800
7,4250	-23,724	56,4850
7,4291	-23,726	56,4900
7,4256	-23,729	56,4950
7,4249	-23,731	56,5000
7,4304	-23,733	56,5050
7,4301	-23,735	56,5100
7,4248	-23,737	56,5150
7,4262	-23,739	56,5200
7,4243	-23,741	56,5250
7,4181	-23,743	56,5300
7,4266	-23,745	56,5350
7,4294	-23,747	56,5400
7,4242	-23,750	56,5450
7,4279	-23,752	56,5500
7,4341	-23,754	56,5550
7,4263	-23,756	56,5600
7,4281	-23,758	56,5650
7,4359	-23,760	56,5700
7,4277	-23,762	56,5750
7,4292	-23,764	56,5800
7,4355	-23,766	56,5850
7,4285	-23,768	56,5900
7,4156	-23,771	56,5950
7,4221	-23,773	56,6000
7,4252	-23,775	56,6050
7,4241	-23,777	56,6100
7,4443	-23,779	56,6150
7,4527	-23,781	56,6200
7,4361	-23,783	56,6250
7,4349	-23,785	56,6300
7,4392	-23,787	56,6350
7,4446	-23,789	56,6400
7,4410	-23,792	56,6450
7,4448	-23,794	56,6500
7,4367	-23,796	56,6550
7,4392	-23,798	56,6600
7,4472	-23,800	56,6650
7,4352	-23,802	56,6700
7,4372	-23,804	56,6750
7,4498	-23,806	56,6800
7,4420	-23,808	56,6850
7,4367	-23,810	56,6900
7,4447	-23,813	56,6950
7,4434	-23,815	56,7000
7,4363	-23,817	56,7050
7,4440	-23,819	56,7100
7,4483	-23,821	56,7150
7,4417	-23,823	56,7200
7,4517	-23,825	56,7250
7,4608	-23,827	56,7300
7,4559	-23,829	56,7350
7,4438	-23,831	56,7400
7,4408	-23,834	56,7450
7,4390	-23,836	56,7500
7,4462	-23,838	56,7550
7,4594	-23,840	56,7600
7,4587	-23,842	56,7650
7,4503	-23,844	56,7700
7,4580	-23,846	56,7750
7,4659	-23,848	56,7800
7,4598	-23,850	56,7850
7,4608	-23,852	56,7900
7,4618	-23,855	56,7950
7,4580	-23,857	56,8000
7,4672	-23,859	56,8050
7,4696	-23,861	56,8100
7,4559	-23,863	56,8150
7,4569	-23,865	56,8200
7,4566	-23,867	56,8250
7,4523	-23,869	56,8300
7,4524	-23,871	56,8350
7,4631	-23,873	56,8400
7,4582	-23,876	56,8450
7,4554	-23,878	56,8500
7,4656	-23,880	56,8550
7,4621	-23,882	56,8600
7,4612	-23,884	56,8650
7,4705	-23,886	56,8700
7,4614	-23,888	56,8750
7,4499	-23,890	56,8800
7,4617	-23,892	56,8850
7,4735	-23,894	56,8900
7,4641	-23,897	56,8950
7,4652	-23,899	56,9000
7,4691	-23,901	56,9050
7,4642	-23,903	56,9100
7,4626	-23,905	56,9150
7,4693	-23,907	56,9200
7,4685	-23,909	56,9250
7,4662	-23,911	56,9300
7,4694	-23,913	56,9350
7,4645	-23,915	56,9400
7,4688	-23,918	56,9450
7,4741	-23,920	56,9500
7,4738	-23,922	56,9550
7,4741	-23,924	56,9600
7,4778	-23,926	56,9650
7,4747	-23,928	56,9700
7,4688	-23,930	56,9750
7,4802	-23,932	56,9800
7,4839	-23,934	56,9850
7,4697	-23,936	56,9900
7,4771	-23,939	56,9950
7,4783	-23,941	57,0000
7,4714	-23,943	57,0050
7,4795	-23,945	57,0100
7,4806	-23,947	57,0150
7,4715	-23,949	57,0200
7,4776	-23,951	57,0250
7,4853	-23,953	57,0300
7,4797	-23,955	57,0350
7,4763	-23,957	57,0400
7,4794	-23,960	57,0450
7,4777	-23,962	57,0500
7,4765	-23,964	57,0550
7,4890	-23,966	57,0600
7,4889	-23,968	57,0650
7,4806	-23,970	57,0700
7,4843	-23,972	57,0750
7,4934	-23,974	57,0800
7,4846	-23,976	57,0850
7,4856	-23,978	57,0900
7,4913	-23,981	57,0950
7,4821	-23,983	57,1000
7,4747	-23,985	57,1050
7,4784	-23,987	57,1100
7,4794	-23,989	57,1150
7,4810	-23,991	57,1200
7,4907	-23,993	57,1250
7,4938	-23,995	57,1300
7,4901	-23,997	57,1350
7,5020	-23,999	57,1400
7,5034	-24,002	57,1450
7,4929	-24,004	57,1500
7,4918	-24,006	57,1550
7,4944	-24,008	57,1600
7,4968	-24,010	57,1650
7,4978	-24,012	57,1700
7,5043	-24,014	57,1750
7,4964	-24,016	57,1800
7,5024	-24,018	57,1850
7,5030	-24,020	57,1900
7,4938	-24,023	57,1950
7,4968	-24,025	57,2000
7,5029	-24,027	57,2050
7,4999	-24,029	57,2100
7,4983	-24,031	57,2150
7,4991	-24,033	57,2200
7,4947	-24,035	57,2250
7,4916	-24,037	57,2300
7,5040	-24,039	57,2350
7,5096	-24,041	57,2400
7,5058	-24,044	57,2450
7,5096	-24,046	57,2500
7,5059	-24,048	57,2550
7,5009	-24,050	57,2600
7,5062	-24,052	57,2650
7,5092	-24,054	57,2700
7,4966	-24,056	57,2750
7,4982	-24,058	57,2800
7,5059	-24,060	57,2850
7,5011	-24,062	57,2900
7,5061	-24,065	57,2950
7,5169	-24,067	57,3000
7,5121	-24,069	57,3050
7,5093	-24,071	57,3100
7,5160	-24,073	57,3150
7,5117	-24,075	57,3200
7,5062	-24,077	57,3250
7,5169	-24,079	57,3300
7,5119	-24,081	57,3350
7,4982	-24,083	57,3400
7,5107	-24,086	57,3450
7,5231	-24,088	57,3500
7,5229	-24,090	57,3550
7,5207	-24,092	57,3600
7,5195	-24,094	57,3650
7,5152	-24,096	57,3700
7,5159	-24,098	57,3750
7,5191	-24,100	57,3800
7,5118	-24,102	57,3850
7,5108	-24,104	57,3900
7,5175	-24,107	57,3950
7,5235	-24,109	57,4000
7,5233	-24,111	57,4050
7,5271	-24,113	57,4100
7,5174	-24,115	57,4150
7,5167	-24,117	57,4200
7,5230	-24,119	57,4250
7,5217	-24,121	57,4300
7,5149	-24,123	57,4350
7,5227	-24,125	57,4400
7,5253	-24,128	57,4450
7,5232	-24,130	57,4500
7,5276	-24,132	57,4550
7,5432	-24,134	57,4600
7,5330	-24,136	57,4650
7,5302	-24,138	57,4700
7,5376	-24,140	57,4750
7,5296	-24,142	57,4800
7,5233	-24,144	57,4850
7,5276	-24,146	57,4900
7,5307	-24,149	57,4950
7,5343	-24,151	57,5000
7,5419	-24,153	57,5050
7,5348	-24,155	57,5100
7,5289	-24,157	57,5150
7,5342	-24,159	57,5200
7,5324	-24,161	57,5250
7,5276	-24,163	57,5300
7,5378	-24,165	57,5350
7,5440	-24,167	57,5400
7,5401	-24,170	57,5450
7,5323	-24,172	57,5500
7,5389	-24,174	57,5550
7,5346	-24,176	57,5600
7,5339	-24,178	57,5650
7,5407	-24,180	57,5700
7,5322	-24,182	57,5750
7,5248	-24,184	57,5800
7,5337	-24,186	57,5850
7,5378	-24,188	57,5900
7,5364	-24,191	57,5950
7,5421	-24,193	57,6000
7,5393	-24,195	57,6050
7,5332	-24,197	57,6100
7,5421	-24,199	57,6150
7,5443	-24,201	57,6200
7,5393	-24,203	57,6250
7,5450	-24,205	57,6300
7,5494	-24,207	57,6350
7,5446	-24,209	57,6400
7,5416	-24,212	57,6450
7,5496	-24,214	57,6500
7,5464	-24,216	57,6550
7,5475	-24,218	57,6600
7,5473	-24,220	57,6650
7,5447	-24,222	57,6700
7,5420	-24,224	57,6750
7,5538	-24,226	57,6800
7,5550	-24,228	57,6850
7,5457	-24,230	57,6900
7,5523	-24,233	57,6950
7,5609	-24,235	57,7000
7,5481	-24,237	57,7050
7,5510	-24,239	57,7100
7,5594	-24,241	57,7150
7,5570	-24,243	57,7200
7,5618	-24,245	57,7250
7,5595	-24,247	57,7300
7,5520	-24,249	57,7350
7,5500	-24,251	57,7400
7,5515	-24,254	57,7450
7,5509	-24,256	57,7500
7,5521	-24,258	57,7550
7,5567	-24,260	57,7600
7,5606	-24,262	57,7650
7,5645	-24,264	57,7700
7,5710	-24,266	57,7750
7,5658	-24,268	57,7800
7,5587	-24,270	57,7850
7,5633	-24,272	57,7900
7,5634	-24,275	57,7950
7,5505	-24,277	57,8000
7,5666	-24,279	57,8050
7,5755	-24,281	57,8100
7,5674	-24,283	57,8150
7,5697	-24,285	57,8200
7,5687	-24,287	57,8250
7,5583	-24,289	57,8300
7,5553	-24,291	57,8350
7,5628	-24,293	57,8400
7,5574	-24,296	57,8450
7,5606	-24,298	57,8500
7,5731	-24,300	57,8550
7,5688	-24,302	57,8600
7,5683	-24,304	57,8650
7,5774	-24,306	57,8700
7,5688	-24,308	57,8750
7,5628	-24,310	57,8800
7,5697	-24,312	57,8850
7,5756	-24,314	57,8900
7,5693	-24,317	57,8950
7,5787	-24,319	57,9000
7,5852	-24,321	57,9050
7,5744	-24,323	57,9100
7,5715	-24,325	57,9150
7,5776	-24,327	57,9200
7,5787	-24,329	57,9250
7,5723	-24,331	57,9300
7,5780	-24,333	57,9350
7,5751	-24,335	57,9400
7,5686	-24,338	57,9450
7,5738	-24,340	57,9500
7,5733	-24,342	57,9550
7,5728	-24,344	57,9600
7,5870	-24,346	57,9650
7,5848	-24,348	57,9700
7,5854	-24,350	57,9750
7,5874	-24,352	57,9800
7,5829	-24,354	57,9850
7,5793	-24,356	57,9900
7,5821	-24,359	57,9950
7,5856	-24,361	58,0000
7,5794	-24,363	58,0050
7,5843	-24,365	58,0100
7,5889	-24,367	58,0150
7,5821	-24,369	58,0200
7,5762	-24,371	58,0250
7,5834	-24,373	58,0300
7,5911	-24,375	58,0350
7,5924	-24,377	58,0400
7,5969	-24,380	58,0450
7,5860	-24,382	58,0500
7,5784	-24,384	58,0550
7,5887	-24,386	58,0600
7,5890	-24,388	58,0650
7,5850	-24,390	58,0700
7,5925	-24,392	58,0750
7,5978	-24,394	58,0800
7,5865	-24,396	58,0850
7,5847	-24,398	58,0900
7,6001	-24,401	58,0950
7,5996	-24,403	58,1000
7,5989	-24,405	58,1050
7,6041	-24,407	58,1100
7,6008	-24,409	58,1150
7,5952	-24,411	58,1200
7,5991	-24,413	58,1250
7,5956	-24,415	58,1300
7,5945	-24,417	58,1350
7,6003	-24,419	58,1400
7,5979	-24,422	58,1450
7,5981	-24,424	58,1500
7,6071	-24,426	58,1550
7,6008	-24,428	58,1600
7,5927	-24,430	58,1650
7,5959	-24,432	58,1700
7,6047	-24,434	58,1750
7,6032	-24,436	58,1800
7,6120	-24,438	58,1850
7,6182	-24,440	58,1900
7,6071	-24,443	58,1950
7,6052	-24,445	58,2000
7,6056	-24,447	58,2050
7,6008	-24,449	58,2100
7,6006	-24,451	58,2150
7,6100	-24,453	58,2200
7,6122	-24,455	58,2250
7,6051	-24,457	58,2300
7,6115	-24,459	58,2350
7,6092	-24,461	58,2400
7,6040	-24,464	58,2450
7,6129	-24,466	58,2500
7,6181	-24,468	58,2550
7,6175	-24,470	58,2600
7,6178	-24,472	58,2650
7,6202	-24,474	58,2700
7,6103	-24,476	58,2750
7,6142	-24,478	58,2800
7,6198	-24,480	58,2850
7,6083	-24,482	58,2900
7,6095	-24,485	58,2950
7,6231	-24,487	58,3000
7,6190	-24,489	58,3050
7,6182	-24,491	58,3100
7,6287	-24,493	58,3150
7,6260	-24,495	58,3200
7,6155	-24,497	58,3250
7,6224	-24,499	58,3300
7,6178	-24,501	58,3350
7,6088	-24,503	58,3400
7,6161	-24,506	58,3450
7,6248	-24,508	58,3500
7,6252	-24,510	58,3550
7,6264	-24,512	58,3600
7,6327	-24,514	58,3650
7,6233	-24,516	58,3700
7,6231	-24,518	58,3750
7,6269	-24,520	58,3800
7,6230	-24,522	58,3850
7,6244	-24,524	58,3900
7,6321	-24,527	58,3950
7,6258	-24,529	58,4000
7,6173	-24,531	58,4050
7,6250	-24,533	58,4100
7,6282	-24,535	58,4150
7,6241	-24,537	58,4200
7,6275	-24,539	58,4250
7,6254	-24,541	58,4300
7,6200	-24,543	58,4350
7,6329	-24,545	58,4400
7,6379	-24,548	58,4450
7,6364	-24,550	58,4500
7,6361	-24,552	58,4550
7,6344	-24,554	58,4600
7,6266	-24,556	58,4650
7,6303	-24,558	58,4700
7,6353	-24,560	58,4750
7,6254	-24,562	58,4800
7,6266	-24,564	58,4850
7,6343	-24,566	58,4900
7,6301	-24,569	58,4950
7,6284	-24,571	58,5000
7,6352	-24,573	58,5050
7,6360	-24,575	58,5100
7,6379	-24,577	58,5150
7,6448	-24,579	58,5200
7,6408	-24,581	58,5250
7,6306	-24,583	58,5300
7,6492	-24,585	58,5350
7,6444	-24,587	58,5400
7,6309	-24,590	58,5450
7,6336	-24,592	58,5500
7,6464	-24,594	58,5550
7,6431	-24,596	58,5600
7,6474	-24,598	58,5650
7,6501	-24,600	58,5700
7,6432	-24,602	58,5750
7,6436	-24,604	58,5800
7,6493	-24,606	58,5850
7,6437	-24,608	58,5900
7,6374	-24,611	58,5950
7,6427	-24,613	58,6000
7,6521	-24,615	58,6050
7,6552	-24,617	58,6100
7,6634	-24,619	58,6150
7,6546	-24,621	58,6200
7,6459	-24,623	58,6250
7,6516	-24,625	58,6300
7,6460	-24,627	58,6350
7,6417	-24,629	58,6400
7,6488	-24,632	58,6450
7,6582	-24,634	58,6500
7,6462	-24,636	58,6550
7,6468	-24,638	58,6600
7,6506	-24,640	58,6650
7,6520	-24,642	58,6700
7,6597	-24,644	58,6750
7,6674	-24,646	58,6800
7,6615	-24,648	58,6850
7,6546	-24,650	58,6900
7,6547	-24,653	58,6950
7,6606	-24,655	58,7000
7,6624	-24,657	58,7050
7,6640	-24,659	58,7100
7,6654	-24,661	58,7150
7,6581	-24,663	58,7200
7,6584	-24,665	58,7250
7,6583	-24,667	58,7300
7,6566	-24,669	58,7350
7,6565	-24,671	58,7400
7,6676	-24,674	58,7450
7,6622	-24,676	58,7500
7,6636	-24,678	58,7550
7,6750	-24,680	58,7600
7,6709	-24,682	58,7650
7,6665	-24,684	58,7700
7,6707	-24,686	58,7750
7,6636	-24,688	58,7800
7,6643	-24,690	58,7850
7,6693	-24,692	58,7900
7,6700	-24,695	58,7950
7,6643	-24,697	58,8000
7,6682	-24,699	58,8050
7,6631	-24,701	58,8100
7,6590	-24,703	58,8150
7,6674	-24,705	58,8200
7,6721	-24,707	58,8250
7,6713	-24,709	58,8300
7,6757	-24,711	58,8350
7,6848	-24,713	58,8400
7,6804	-24,716	58,8450
7,6752	-24,718	58,8500
7,6746	-24,720	58,8550
7,6638	-24,722	58,8600
7,6637	-24,724	58,8650
7,6791	-24,726	58,8700
7,6749	-24,728	58,8750
7,6658	-24,730	58,8800
7,6693	-24,732	58,8850
7,6783	-24,734	58,8900
7,6776	-24,737	58,8950
7,6832	-24,739	58,9000
7,6864	-24,741	58,9050
7,6838	-24,743	58,9100
7,6855	-24,745	58,9150
7,6789	-24,747	58,9200
7,6786	-24,749	58,9250
7,6829	-24,751	58,9300
7,6859	-24,753	58,9350
7,6819	-24,755	58,9400
7,6837	-24,758	58,9450
7,6866	-24,760	58,9500
7,6827	-24,762	58,9550
7,6792	-24,764	58,9600
7,6901	-24,766	58,9650
7,6925	-24,768	58,9700
7,6840	-24,770	58,9750
7,6852	-24,772	58,9800
7,6885	-24,774	58,9850
7,6893	-24,776	58,9900
7,6948	-24,779	58,9950
7,6894	-24,781	59,0000
7,6738	-24,783	59,0050
7,6801	-24,785	59,0100
7,6906	-24,787	59,0150
7,6883	-24,789	59,0200
7,6913	-24,791	59,0250
7,6959	-24,793	59,0300
7,6908	-24,795	59,0350
7,6932	-24,797	59,0400
7,7045	-24,800	59,0450
7,6954	-24,802	59,0500
7,6871	-24,804	59,0550
7,6992	-24,806	59,0600
7,6957	-24,808	59,0650
7,6860	-24,810	59,0700
7,6874	-24,812	59,0750
7,6971	-24,814	59,0800
7,6948	-24,816	59,0850
7,7031	-24,818	59,0900
7,7051	-24,821	59,0950
7,6919	-24,823	59,1000
7,6941	-24,825	59,1050
7,7010	-24,827	59,1100
7,7002	-24,829	59,1150
7,7069	-24,831	59,1200
7,7146	-24,833	59,1250
7,7121	-24,835	59,1300
7,7055	-24,837	59,1350
7,7120	-24,839	59,1400
7,7095	-24,842	59,1450
7,7002	-24,844	59,1500
7,7027	-24,846	59,1550
7,7048	-24,848	59,1600
7,7091	-24,850	59,1650
7,7127	-24,852	59,1700
7,7177	-24,854	59,1750
7,7169	-24,856	59,1800
7,7183	-24,858	59,1850
7,7176	-24,860	59,1900
7,7070	-24,863	59,1950
7,7026	-24,865	59,2000
7,7070	-24,867	59,2050
7,7062	-24,869	59,2100
7,7135	-24,871	59,2150
7,7195	-24,873	59,2200
7,7133	-24,875	59,2250
7,7100	-24,877	59,2300
7,7161	-24,879	59,2350
7,7142	-24,881	59,2400
7,7037	-24,884	59,2450
7,7113	-24,886	59,2500
7,7177	-24,888	59,2550
7,7134	-24,890	59,2600
7,7080	-24,892	59,2650
7,7132	-24,894	59,2700
7,7092	-24,896	59,2750
7,7194	-24,898	59,2800
7,7271	-24,900	59,2850
7,7140	-24,902	59,2900
7,7105	-24,905	59,2950
7,7183	-24,907	59,3000
7,7153	-24,909	59,3050
7,7182	-24,911	59,3100
7,7301	-24,913	59,3150
7,7237	-24,915	59,3200
7,7157	-24,917	59,3250
7,7204	-24,919	59,3300
7,7202	-24,921	59,3350
7,7187	-24,923	59,3400
7,7273	-24,926	59,3450
7,7281	-24,928	59,3500
7,7254	-24,930	59,3550
7,7206	-24,932	59,3600
7,7275	-24,934	59,3650
7,7249	-24,936	59,3700
7,7290	-24,938	59,3750
7,7347	-24,940	59,3800
7,7264	-24,942	59,3850
7,7247	-24,944	59,3900
7,7313	-24,947	59,3950
7,7295	-24,949	59,4000
7,7327	-24,951	59,4050
7,7450	-24,953	59,4100
7,7389	-24,955	59,4150
7,7298	-24,957	59,4200
7,7377	-24,959	59,4250
7,7379	-24,961	59,4300
7,7314	-24,963	59,4350
7,7409	-24,965	59,4400
7,7454	-24,968	59,4450
7,7363	-24,970	59,4500
7,7364	-24,972	59,4550
7,7363	-24,974	59,4600
7,7309	-24,976	59,4650
7,7401	-24,978	59,4700
7,7498	-24,980	59,4750
7,7395	-24,982	59,4800
7,7375	-24,984	59,4850
7,7427	-24,986	59,4900
7,7405	-24,989	59,4950
7,7440	-24,991	59,5000
7,7482	-24,993	59,5050
7,7458	-24,995	59,5100
7,7386	-24,997	59,5150
7,7546	-24,999	59,5200
7,7570	-25,001	59,5250
7,7447	-25,003	59,5300
7,7432	-25,005	59,5350
7,7381	-25,007	59,5400
7,7350	-25,010	59,5450
7,7434	-25,012	59,5500
7,7535	-25,014	59,5550
7,7470	-25,016	59,5600
7,7535	-25,018	59,5650
7,7595	-25,020	59,5700
7,7533	-25,022	59,5750
7,7516	-25,024	59,5800
7,7585	-25,026	59,5850
7,7563	-25,028	59,5900
7,7587	-25,031	59,5950
7,7624	-25,033	59,6000
7,7554	-25,035	59,6050
7,7456	-25,037	59,6100
7,7508	-25,039	59,6150
7,7512	-25,041	59,6200
7,7470	-25,043	59,6250
7,7523	-25,045	59,6300
7,7566	-25,047	59,6350
7,7514	-25,049	59,6400
7,7554	-25,052	59,6450
7,7662	-25,054	59,6500
7,7624	-25,056	59,6550
7,7645	-25,058	59,6600
7,7682	-25,060	59,6650
7,7515	-25,062	59,6700
7,7523	-25,064	59,6750
7,7656	-25,066	59,6800
7,7633	-25,068	59,6850
7,7606	-25,070	59,6900
7,7675	-25,073	59,6950
7,7645	-25,075	59,7000
7,7592	-25,077	59,7050
7,7679	-25,079	59,7100
7,7643	-25,081	59,7150
7,7572	-25,083	59,7200
7,7609	-25,085	59,7250
7,7644	-25,087	59,7300
7,7671	-25,089	59,7350
7,7690	-25,091	59,7400
7,7725	-25,094	59,7450
7,7617	-25,096	59,7500
7,7615	-25,098	59,7550
7,7687	-25,100	59,7600
7,7657	-25,102	59,7650
7,7630	-25,104	59,7700
7,7745	-25,106	59,7750
7,7730	-25,108	59,7800
7,7630	-25,110	59,7850
7,7707	-25,112	59,7900
7,7690	-25,115	59,7950
7,7650	-25,117	59,8000
7,7723	-25,119	59,8050
7,7732	-25,121	59,8100
7,7685	-25,123	59,8150
7,7716	-25,125	59,8200
7,7819	-25,127	59,8250
7,7724	-25,129	59,8300
7,7682	-25,131	59,8350
7,7746	-25,133	59,8400
7,7695	-25,136	59,8450
7,7716	-25,138	59,8500
7,7850	-25,140	59,8550
7,7830	-25,142	59,8600
7,7735	-25,144	59,8650
7,7803	-25,146	59,8700
7,7855	-25,148	59,8750
7,7885	-25,150	59,8800
7,7955	-25,152	59,8850
7,7853	-25,154	59,8900
7,7732	-25,157	59,8950
7,7802	-25,159	59,9000
7,7834	-25,161	59,9050
7,7819	-25,163	59,9100
7,7906	-25,165	59,9150
7,7976	-25,167	59,9200
7,7926	-25,169	59,9250
7,7890	-25,171	59,9300
7,7948	-25,173	59,9350
7,7945	-25,175	59,9400
7,7982	-25,178	59,9450
7,8006	-25,180	59,9500
7,7901	-25,182	59,9550
7,7876	-25,184	59,9600
7,7954	-25,186	59,9650
7,7851	-25,188	59,9700
7,7800	-25,190	59,9750
7,7876	-25,192	59,9800
7,7989	-25,194	59,9850
7,7960	-25,196	59,9900
7,7960	-25,199	59,9950
7,7948	-25,201	60,0000
7,7892	-25,203	60,0050
7,7978	-25,205	60,0100
7,8086	-25,207	60,0150
7,7961	-25,209	60,0200
7,7912	-25,211	60,0250
7,7997	-25,213	60,0300
7,7948	-25,215	60,0350
7,7937	-25,217	60,0400
7,7988	-25,220	60,0450
7,7979	-25,222	60,0500
7,7942	-25,224	60,0550
7,8012	-25,226	60,0600
7,8036	-25,228	60,0650
7,8026	-25,230	60,0700
7,8067	-25,232	60,0750
7,8071	-25,234	60,0800
7,8015	-25,236	60,0850
7,8056	-25,238	60,0900
7,8033	-25,241	60,0950
7,7959	-25,243	60,1000
7,8060	-25,245	60,1050
7,8128	-25,247	60,1100
7,8101	-25,249	60,1150
7,8111	-25,251	60,1200
7,8147	-25,253	60,1250
7,8142	-25,255	60,1300
7,8124	-25,257	60,1350
7,8144	-25,259	60,1400
7,8049	-25,262	60,1450
7,8006	-25,264	60,1500
7,8160	-25,266	60,1550
7,8137	-25,268	60,1600
7,8057	-25,270	60,1650
7,8090	-25,272	60,1700
7,8193	-25,274	60,1750
7,8137	-25,276	60,1800
7,8133	-25,278	60,1850
7,8200	-25,280	60,1900
7,8160	-25,283	60,1950
7,8162	-25,285	60,2000
7,8254	-25,287	60,2050
7,8155	-25,289	60,2100
7,8132	-25,291	60,2150
7,8265	-25,293	60,2200
7,8185	-25,295	60,2250
7,8133	-25,297	60,2300
7,8197	-25,299	60,2350
7,8147	-25,301	60,2400
7,8027	-25,304	60,2450
7,8165	-25,306	60,2500
7,8213	-25,308	60,2550
7,8157	-25,310	60,2600
7,8178	-25,312	60,2650
7,8232	-25,314	60,2700
7,8192	-25,316	60,2750
7,8205	-25,318	60,2800
7,8216	-25,320	60,2850
7,8139	-25,322	60,2900
7,8231	-25,325	60,2950
7,8396	-25,327	60,3000
7,8375	-25,329	60,3050
7,8347	-25,331	60,3100
7,8332	-25,333	60,3150
7,8260	-25,335	60,3200
7,8261	-25,337	60,3250
7,8362	-25,339	60,3300
7,8320	-25,341	60,3350
7,8262	-25,343	60,3400
7,8360	-25,346	60,3450
7,8290	-25,348	60,3500
7,8251	-25,350	60,3550
7,8344	-25,352	60,3600
7,8408	-25,354	60,3650
7,8313	-25,356	60,3700
7,8260	-25,358	60,3750
7,8339	-25,360	60,3800
7,8403	-25,362	60,3850
7,8443	-25,364	60,3900
7,8482	-25,367	60,3950
7,8463	-25,369	60,4000
7,8414	-25,371	60,4050
7,8403	-25,373	60,4100
7,8459	-25,375	60,4150
7,8449	-25,377	60,4200
7,8501	-25,379	60,4250
7,8471	-25,381	60,4300
7,8420	-25,383	60,4350
7,8443	-25,385	60,4400
7,8477	-25,388	60,4450
7,8473	-25,390	60,4500
7,8455	-25,392	60,4550
7,8419	-25,394	60,4600
7,8312	-25,396	60,4650
7,8477	-25,398	60,4700
7,8616	-25,400	60,4750
7,8497	-25,402	60,4800
7,8443	-25,404	60,4850
7,8501	-25,406	60,4900
7,8445	-25,409	60,4950
7,8460	-25,411	60,5000
7,8497	-25,413	60,5050
7,8475	-25,415	60,5100
7,8478	-25,417	60,5150
7,8612	-25,419	60,5200
7,8518	-25,421	60,5250
7,8416	-25,423	60,5300
7,8496	-25,425	60,5350
7,8576	-25,427	60,5400
7,8575	-25,430	60,5450
7,8575	-25,432	60,5500
7,8568	-25,434	60,5550
7,8499	-25,436	60,5600
7,8536	-25,438	60,5650
7,8562	-25,440	60,5700
7,8508	-25,442	60,5750
7,8558	-25,444	60,5800
7,8676	-25,446	60,5850
7,8553	-25,448	60,5900
7,8466	-25,451	60,5950
7,8598	-25,453	60,6000
7,8580	-25,455	60,6050
7,8522	-25,457	60,6100
7,8593	-25,459	60,6150
7,8623	-25,461	60,6200
7,8589	-25,463	60,6250
7,8668	-25,465	60,6300
7,8691	-25,467	60,6350
7,8659	-25,469	60,6400
7,8655	-25,472	60,6450
7,8688	-25,474	60,6500
7,8597	-25,476	60,6550
7,8627	-25,478	60,6600
7,8740	-25,480	60,6650
7,8641	-25,482	60,6700
7,8650	-25,484	60,6750
7,8781	-25,486	60,6800
7,8713	-25,488	60,6850
7,8651	-25,490	60,6900
7,8727	-25,493	60,6950
7,8721	-25,495	60,7000
7,8712	-25,497	60,7050
7,8801	-25,499	60,7100
7,8762	-25,501	60,7150
7,8698	-25,503	60,7200
7,8724	-25,505	60,7250
7,8734	-25,507	60,7300
7,8698	-25,509	60,7350
7,8726	-25,511	60,7400
7,8774	-25,514	60,7450
7,8675	-25,516	60,7500
7,8697	-25,518	60,7550
7,8741	-25,520	60,7600
7,8721	-25,522	60,7650
7,8742	-25,524	60,7700
7,8836	-25,526	60,7750
7,8730	-25,528	60,7800
7,8695	-25,530	60,7850
7,8758	-25,532	60,7900
7,8827	-25,535	60,7950
7,8845	-25,537	60,8000
7,8893	-25,539	60,8050
7,8857	-25,541	60,8100
7,8753	-25,543	60,8150
7,8850	-25,545	60,8200
7,8848	-25,547	60,8250
7,8791	-25,549	60,8300
7,8824	-25,551	60,8350
7,8847	-25,553	60,8400
7,8775	-25,556	60,8450
7,8732	-25,558	60,8500
7,8865	-25,560	60,8550
7,8874	-25,562	60,8600
7,8856	-25,564	60,8650
7,8971	-25,566	60,8700
7,8873	-25,568	60,8750
7,8823	-25,570	60,8800
7,8945	-25,572	60,8850
7,9014	-25,574	60,8900
7,8915	-25,577	60,8950
7,8936	-25,579	60,9000
7,8946	-25,581	60,9050
7,8887	-25,583	60,9100
7,8930	-25,585	60,9150
7,9009	-25,587	60,9200
7,8950	-25,589	60,9250
7,8871	-25,591	60,9300
7,8931	-25,593	60,9350
7,8859	-25,595	60,9400
7,8925	-25,598	60,9450
7,9055	-25,600	60,9500
7,8994	-25,602	60,9550
7,8950	-25,604	60,9600
7,9017	-25,606	60,9650
7,8983	-25,608	60,9700
7,8907	-25,610	60,9750
7,9034	-25,612	60,9800
7,9052	-25,614	60,9850
7,8858	-25,616	60,9900
7,8917	-25,619	60,9950
7,8994	-25,621	61,0000
7,8966	-25,623	61,0050
7,8930	-25,625	61,0100
7,8977	-25,627	61,0150
7,9037	-25,629	61,0200
7,9074	-25,631	61,0250
7,9161	-25,633	61,0300
7,9046	-25,635	61,0350
7,8907	-25,637	61,0400
7,9032	-25,640	61,0450
7,9114	-25,642	61,0500
7,9028	-25,644	61,0550
7,9052	-25,646	61,0600
7,9064	-25,648	61,0650
7,9092	-25,650	61,0700
7,9205	-25,652	61,0750
7,9265	-25,654	61,0800
7,9124	-25,656	61,0850
7,9098	-25,658	61,0900
7,9135	-25,661	61,0950
7,9066	-25,663	61,1000
7,9127	-25,665	61,1050
7,9208	-25,667	61,1100
7,9155	-25,669	61,1150
7,9147	-25,671	61,1200
7,9235	-25,673	61,1250
7,9224	-25,675	61,1300
7,9138	-25,677	61,1350
7,9186	-25,679	61,1400
7,9144	-25,682	61,1450
7,9080	-25,684	61,1500
7,9172	-25,686	61,1550
7,9192	-25,688	61,1600
7,9180	-25,690	61,1650
7,9247	-25,692	61,1700
7,9321	-25,694	61,1750
7,9260	-25,696	61,1800
7,9259	-25,698	61,1850
7,9229	-25,700	61,1900
7,9183	-25,703	61,1950
7,9269	-25,705	61,2000
7,9303	-25,707	61,2050
7,9237	-25,709	61,2100
7,9242	-25,711	61,2150
7,9317	-25,713	61,2200
7,9316	-25,715	61,2250
7,9274	-25,717	61,2300
7,9304	-25,719	61,2350
7,9181	-25,721	61,2400
7,9158	-25,724	61,2450
7,9273	-25,726	61,2500
7,9248	-25,728	61,2550
7,9218	-25,730	61,2600
7,9260	-25,732	61,2650
7,9315	-25,734	61,2700
7,9219	-25,736	61,2750
7,9247	-25,738	61,2800
7,9337	-25,740	61,2850
7,9262	-25,742	61,2900
7,9268	-25,745	61,2950
7,9389	-25,747	61,3000
7,9354	-25,749	61,3050
7,9306	-25,751	61,3100
7,9415	-25,753	61,3150
7,9430	-25,755	61,3200
7,9408	-25,757	61,3250
7,9424	-25,759	61,3300
7,9344	-25,761	61,3350
7,9260	-25,763	61,3400
7,9404	-25,766	61,3450
7,9434	-25,768	61,3500
7,9318	-25,770	61,3550
7,9346	-25,772	61,3600
7,9485	-25,774	61,3650
7,9410	-25,776	61,3700
7,9382	-25,778	61,3750
7,9428	-25,780	61,3800
7,9391	-25,782	61,3850
7,9373	-25,784	61,3900
7,9449	-25,787	61,3950
7,9462	-25,789	61,4000
7,9416	-25,791	61,4050
7,9549	-25,793	61,4100
7,9498	-25,795	61,4150
7,9367	-25,797	61,4200
7,9393	-25,799	61,4250
7,9390	-25,801	61,4300
7,9417	-25,803	61,4350
7,9523	-25,805	61,4400
7,9489	-25,808	61,4450
7,9466	-25,810	61,4500
7,9504	-25,812	61,4550
7,9509	-25,814	61,4600
7,9490	-25,816	61,4650
7,9602	-25,818	61,4700
7,9556	-25,820	61,4750
7,9426	-25,822	61,4800
7,9465	-25,824	61,4850
7,9567	-25,826	61,4900
7,9526	-25,829	61,4950
7,9480	-25,831	61,5000
7,9536	-25,833	61,5050
7,9577	-25,835	61,5100
7,9554	-25,837	61,5150
7,9635	-25,839	61,5200
7,9563	-25,841	61,5250
7,9417	-25,843	61,5300
7,9492	-25,845	61,5350
7,9536	-25,847	61,5400
7,9594	-25,850	61,5450
7,9668	-25,852	61,5500
7,9671	-25,854	61,5550
7,9577	-25,856	61,5600
7,9579	-25,858	61,5650
7,9558	-25,860	61,5700
7,9508	-25,862	61,5750
7,9552	-25,864	61,5800
7,9644	-25,866	61,5850
7,9650	-25,868	61,5900
7,9610	-25,871	61,5950
7,9672	-25,873	61,6000
7,9681	-25,875	61,6050
7,9634	-25,877	61,6100
7,9690	-25,879	61,6150
7,9619	-25,881	61,6200
7,9593	-25,883	61,6250
7,9695	-25,885	61,6300
7,9724	-25,887	61,6350
7,9681	-25,889	61,6400
7,9661	-25,892	61,6450
7,9685	-25,894	61,6500
7,9610	-25,896	61,6550
7,9625	-25,898	61,6600
7,9669	-25,900	61,6650
7,9681	-25,902	61,6700
7,9663	-25,904	61,6750
7,9697	-25,906	61,6800
7,9741	-25,908	61,6850
7,9710	-25,910	61,6900
7,9772	-25,913	61,6950
7,9753	-25,915	61,7000
7,9700	-25,917	61,7050
7,9804	-25,919	61,7100
7,9729	-25,921	61,7150
7,9617	-25,923	61,7200
7,9737	-25,925	61,7250
7,9845	-25,927	61,7300
7,9781	-25,929	61,7350
7,9794	-25,931	61,7400
7,9922	-25,934	61,7450
7,9882	-25,936	61,7500
7,9864	-25,938	61,7550
7,9916	-25,940	61,7600
7,9780	-25,942	61,7650
7,9724	-25,944	61,7700
7,9852	-25,946	61,7750
7,9819	-25,948	61,7800
7,9807	-25,950	61,7850
7,9876	-25,952	61,7900
7,9887	-25,955	61,7950
7,9815	-25,957	61,8000
7,9894	-25,959	61,8050
7,9892	-25,961	61,8100
7,9827	-25,963	61,8150
7,9906	-25,965	61,8200
7,9905	-25,967	61,8250
7,9858	-25,969	61,8300
7,9931	-25,971	61,8350
7,9949	-25,973	61,8400
7,9878	-25,976	61,8450
7,9857	-25,978	61,8500
7,9945	-25,980	61,8550
7,9964	-25,982	61,8600
7,9921	-25,984	61,8650
7,9954	-25,986	61,8700
7,9975	-25,988	61,8750
7,9945	-25,990	61,8800
7,9959	-25,992	61,8850
7,9928	-25,994	61,8900
7,9881	-25,997	61,8950
8,0024	-25,999	61,9000
8,0071	-26,001	61,9050
7,9932	-26,003	61,9100
7,9984	-26,005	61,9150
8,0097	-26,007	61,9200
8,0045	-26,009	61,9250
8,0021	-26,011	61,9300
8,0106	-26,013	61,9350
8,0034	-26,015	61,9400
7,9993	-26,018	61,9450
8,0089	-26,020	61,9500
8,0050	-26,022	61,9550
8,0037	-26,024	61,9600
8,0095	-26,026	61,9650
8,0022	-26,028	61,9700
8,0005	-26,030	61,9750
8,0118	-26,032	61,9800
8,0108	-26,034	61,9850
7,9978	-26,036	61,9900
8,0069	-26,039	61,9950
8,0126	-26,041	62,0000
8,0069	-26,043	62,0050
8,0073	-26,045	62,0100
8,0071	-26,047	62,0150
8,0065	-26,049	62,0200
8,0062	-26,051	62,0250
8,0100	-26,053	62,0300
8,0040	-26,055	62,0350
8,0023	-26,057	62,0400
8,0113	-26,060	62,0450
8,0150	-26,062	62,0500
8,0094	-26,064	62,0550
8,0160	-26,066	62,0600
8,0195	-26,068	62,0650
8,0175	-26,070	62,0700
8,0175	-26,072	62,0750
8,0167	-26,074	62,0800
8,0109	-26,076	62,0850
8,0228	-26,078	62,0900
8,0264	-26,081	62,0950
8,0135	-26,083	62,1000
8,0149	-26,085	62,1050
8,0232	-26,087	62,1100
8,0227	-26,089	62,1150
8,0186	-26,091	62,1200
8,0199	-26,093	62,1250
8,0178	-26,095	62,1300
8,0163	-26,097	62,1350
8,0280	-26,099	62,1400
8,0274	-26,102	62,1450
8,0211	-26,104	62,1500
8,0268	-26,106	62,1550
8,0328	-26,108	62,1600
8,0322	-26,110	62,1650
8,0274	-26,112	62,1700
8,0259	-26,114	62,1750
8,0223	-26,116	62,1800
8,0329	-26,118	62,1850
8,0350	-26,120	62,1900
8,0250	-26,123	62,1950
8,0224	-26,125	62,2000
8,0281	-26,127	62,2050
8,0200	-26,129	62,2100
8,0193	-26,131	62,2150
8,0337	-26,133	62,2200
8,0359	-26,135	62,2250
8,0271	-26,137	62,2300
8,0356	-26,139	62,2350
8,0335	-26,141	62,2400
8,0195	-26,144	62,2450
8,0248	-26,146	62,2500
8,0317	-26,148	62,2550
8,0355	-26,150	62,2600
8,0409	-26,152	62,2650
8,0409	-26,154	62,2700
8,0368	-26,156	62,2750
8,0442	-26,158	62,2800
8,0417	-26,160	62,2850
8,0304	-26,162	62,2900
8,0347	-26,165	62,2950
8,0397	-26,167	62,3000
8,0336	-26,169	62,3050
8,0313	-26,171	62,3100
8,0374	-26,173	62,3150
8,0344	-26,175	62,3200
8,0366	-26,177	62,3250
8,0462	-26,179	62,3300
8,0482	-26,181	62,3350
8,0441	-26,183	62,3400
8,0432	-26,186	62,3450
8,0433	-26,188	62,3500
8,0409	-26,190	62,3550
8,0431	-26,192	62,3600
8,0541	-26,194	62,3650
8,0463	-26,196	62,3700
8,0424	-26,198	62,3750
8,0442	-26,200	62,3800
8,0453	-26,202	62,3850
8,0497	-26,204	62,3900
8,0496	-26,207	62,3950
8,0488	-26,209	62,4000
8,0549	-26,211	62,4050
8,0623	-26,213	62,4100
8,0566	-26,215	62,4150
8,0548	-26,217	62,4200
8,0582	-26,219	62,4250
8,0515	-26,221	62,4300
8,0421	-26,223	62,4350
8,0491	-26,225	62,4400
8,0568	-26,228	62,4450
8,0535	-26,230	62,4500
8,0544	-26,232	62,4550
8,0665	-26,234	62,4600
8,0578	-26,236	62,4650
8,0560	-26,238	62,4700
8,0613	-26,240	62,4750
8,0586	-26,242	62,4800
8,0617	-26,244	62,4850
8,0673	-26,246	62,4900
8,0581	-26,249	62,4950
8,0540	-26,251	62,5000
8,0696	-26,253	62,5050
8,0669	-26,255	62,5100
8,0629	-26,257	62,5150
8,0698	-26,259	62,5200
8,0640	-26,261	62,5250
8,0514	-26,263	62,5300
8,0616	-26,265	62,5350
8,0655	-26,267	62,5400
8,0626	-26,270	62,5450
8,0614	-26,272	62,5500
8,0643	-26,274	62,5550
8,0587	-26,276	62,5600
8,0642	-26,278	62,5650
8,0763	-26,280	62,5700
8,0768	-26,282	62,5750
8,0791	-26,284	62,5800
8,0875	-26,286	62,5850
8,0775	-26,288	62,5900
8,0695	-26,291	62,5950
8,0699	-26,293	62,6000
8,0665	-26,295	62,6050
8,0686	-26,297	62,6100
8,0858	-26,299	62,6150
8,0836	-26,301	62,6200
8,0690	-26,303	62,6250
8,0734	-26,305	62,6300
8,0768	-26,307	62,6350
8,0731	-26,309	62,6400
8,0720	-26,312	62,6450
8,0811	-26,314	62,6500
8,0770	-26,316	62,6550
8,0793	-26,318	62,6600
8,0811	-26,320	62,6650
8,0775	-26,322	62,6700
8,0814	-26,324	62,6750
8,0860	-26,326	62,6800
8,0772	-26,328	62,6850
8,0752	-26,330	62,6900
8,0782	-26,333	62,6950
8,0783	-26,335	62,7000
8,0764	-26,337	62,7050
8,0844	-26,339	62,7100
8,0906	-26,341	62,7150
8,0822	-26,343	62,7200
8,0830	-26,345	62,7250
8,0839	-26,347	62,7300
8,0846	-26,349	62,7350
8,0819	-26,351	62,7400
8,0818	-26,354	62,7450
8,0777	-26,356	62,7500
8,0848	-26,358	62,7550
8,0947	-26,360	62,7600
8,0899	-26,362	62,7650
8,0868	-26,364	62,7700
8,0961	-26,366	62,7750
8,0972	-26,368	62,7800
8,0923	-26,370	62,7850
8,0968	-26,372	62,7900
8,0981	-26,375	62,7950
8,0898	-26,377	62,8000
8,0928	-26,379	62,8050
8,1017	-26,381	62,8100
8,0870	-26,383	62,8150
8,0915	-26,385	62,8200
8,0934	-26,387	62,8250
8,0817	-26,389	62,8300
8,0844	-26,391	62,8350
8,0945	-26,393	62,8400
8,0858	-26,396	62,8450
8,0921	-26,398	62,8500
8,0976	-26,400	62,8550
8,0919	-26,402	62,8600
8,0916	-26,404	62,8650
8,1020	-26,406	62,8700
8,0993	-26,408	62,8750
8,0980	-26,410	62,8800
8,1024	-26,412	62,8850
8,1028	-26,414	62,8900
8,0997	-26,417	62,8950
8,1098	-26,419	62,9000
8,1077	-26,421	62,9050
8,1021	-26,423	62,9100
8,1045	-26,425	62,9150
8,1074	-26,427	62,9200
8,1097	-26,429	62,9250
8,1114	-26,431	62,9300
8,1137	-26,433	62,9350
8,1079	-26,435	62,9400
8,1038	-26,438	62,9450
8,1116	-26,440	62,9500
8,1175	-26,442	62,9550
8,1082	-26,444	62,9600
8,1084	-26,446	62,9650
8,1056	-26,448	62,9700
8,0982	-26,450	62,9750
8,1082	-26,452	62,9800
8,1122	-26,454	62,9850
8,1042	-26,456	62,9900
8,1076	-26,459	62,9950
8,1179	-26,461	63,0000
8,1162	-26,463	63,0050
8,1143	-26,465	63,0100
8,1145	-26,467	63,0150
8,1070	-26,469	63,0200
8,1069	-26,471	63,0250
8,1143	-26,473	63,0300
8,1129	-26,475	63,0350
8,1141	-26,477	63,0400
8,1260	-26,480	63,0450
8,1202	-26,482	63,0500
8,1108	-26,484	63,0550
8,1109	-26,486	63,0600
8,1083	-26,488	63,0650
8,1112	-26,490	63,0700
8,1208	-26,492	63,0750
8,1300	-26,494	63,0800
8,1184	-26,496	63,0850
8,1193	-26,498	63,0900
8,1235	-26,501	63,0950
8,1211	-26,503	63,1000
8,1240	-26,505	63,1050
8,1307	-26,507	63,1100
8,1294	-26,509	63,1150
8,1212	-26,511	63,1200
8,1240	-26,513	63,1250
8,1220	-26,515	63,1300
8,1219	-26,517	63,1350
8,1304	-26,519	63,1400
8,1254	-26,522	63,1450
8,1212	-26,524	63,1500
8,1339	-26,526	63,1550
8,1386	-26,528	63,1600
8,1206	-26,530	63,1650
8,1181	-26,532	63,1700
8,1363	-26,534	63,1750
8,1314	-26,536	63,1800
8,1316	-26,538	63,1850
8,1320	-26,540	63,1900
8,1237	-26,543	63,1950
8,1329	-26,545	63,2000
8,1418	-26,547	63,2050
8,1386	-26,549	63,2100
8,1377	-26,551	63,2150
8,1376	-26,553	63,2200
8,1338	-26,555	63,2250
8,1362	-26,557	63,2300
8,1373	-26,559	63,2350
8,1341	-26,561	63,2400
8,1381	-26,564	63,2450
8,1505	-26,566	63,2500
8,1468	-26,568	63,2550
8,1399	-26,570	63,2600
8,1403	-26,572	63,2650
8,1429	-26,574	63,2700
8,1391	-26,576	63,2750
8,1456	-26,578	63,2800
8,1537	-26,580	63,2850
8,1440	-26,582	63,2900
8,1436	-26,585	63,2950
8,1516	-26,587	63,3000
8,1508	-26,589	63,3050
8,1450	-26,591	63,3100
8,1461	-26,593	63,3150
8,1457	-26,595	63,3200
8,1465	-26,597	63,3250
8,1542	-26,599	63,3300
8,1467	-26,601	63,3350
8,1437	-26,603	63,3400
8,1545	-26,606	63,3450
8,1590	-26,608	63,3500
8,1471	-26,610	63,3550
8,1462	-26,612	63,3600
8,1495	-26,614	63,3650
8,1386	-26,616	63,3700
8,1436	-26,618	63,3750
8,1528	-26,620	63,3800
8,1506	-26,622	63,3850
8,1482	-26,624	63,3900
8,1522	-26,627	63,3950
8,1479	-26,629	63,4000
8,1490	-26,631	63,4050
8,1622	-26,633	63,4100
8,1607	-26,635	63,4150
8,1586	-26,637	63,4200
8,1601	-26,639	63,4250
8,1543	-26,641	63,4300
8,1533	-26,643	63,4350
8,1689	-26,645	63,4400
8,1684	-26,648	63,4450
8,1582	-26,650	63,4500
8,1648	-26,652	63,4550
8,1677	-26,654	63,4600
8,1583	-26,656	63,4650
8,1647	-26,658	63,4700
8,1726	-26,660	63,4750
8,1638	-26,662	63,4800
8,1635	-26,664	63,4850
8,1731	-26,666	63,4900
8,1642	-26,669	63,4950
8,1580	-26,671	63,5000
8,1670	-26,673	63,5050
8,1617	-26,675	63,5100
8,1580	-26,677	63,5150
8,1681	-26,679	63,5200
8,1705	-26,681	63,5250
8,1656	-26,683	63,5300
8,1723	-26,685	63,5350
8,1731	-26,687	63,5400
8,1723	-26,690	63,5450
8,1695	-26,692	63,5500
8,1652	-26,694	63,5550
8,1618	-26,696	63,5600
8,1693	-26,698	63,5650
8,1778	-26,700	63,5700
8,1728	-26,702	63,5750
8,1766	-26,704	63,5800
8,1819	-26,706	63,5850
8,1768	-26,708	63,5900
8,1729	-26,711	63,5950
8,1784	-26,713	63,6000
8,1719	-26,715	63,6050
8,1638	-26,717	63,6100
8,1783	-26,719	63,6150
8,1767	-26,721	63,6200
8,1742	-26,723	63,6250
8,1822	-26,725	63,6300
8,1864	-26,727	63,6350
8,1772	-26,729	63,6400
8,1751	-26,732	63,6450
8,1794	-26,734	63,6500
8,1817	-26,736	63,6550
8,1859	-26,738	63,6600
8,1851	-26,740	63,6650
8,1801	-26,742	63,6700
8,1826	-26,744	63,6750
8,1909	-26,746	63,6800
8,1848	-26,748	63,6850
8,1809	-26,750	63,6900
8,1896	-26,753	63,6950
8,1888	-26,755	63,7000
8,1802	-26,757	63,7050
8,1850	-26,759	63,7100
8,1904	-26,761	63,7150
8,1833	-26,763	63,7200
8,1880	-26,765	63,7250
8,1912	-26,767	63,7300
8,1816	-26,769	63,7350
8,1790	-26,771	63,7400
8,1915	-26,774	63,7450
8,1879	-26,776	63,7500
8,1946	-26,778	63,7550
8,1970	-26,780	63,7600
8,1871	-26,782	63,7650
8,1859	-26,784	63,7700
8,1952	-26,786	63,7750
8,1933	-26,788	63,7800
8,1938	-26,790	63,7850
8,2040	-26,792	63,7900
8,1978	-26,795	63,7950
8,1901	-26,797	63,8000
8,1948	-26,799	63,8050
8,2043	-26,801	63,8100
8,1995	-26,803	63,8150
8,2070	-26,805	63,8200
8,2114	-26,807	63,8250
8,1996	-26,809	63,8300
8,1995	-26,811	63,8350
8,2086	-26,813	63,8400
8,2058	-26,816	63,8450
8,1969	-26,818	63,8500
8,2097	-26,820	63,8550
8,2035	-26,822	63,8600
8,1990	-26,824	63,8650
8,2009	-26,826	63,8700
8,2050	-26,828	63,8750
8,2085	-26,830	63,8800
8,2087	-26,832	63,8850
8,2056	-26,834	63,8900
8,1958	-26,837	63,8950
8,2046	-26,839	63,9000
8,2067	-26,841	63,9050
8,2020	-26,843	63,9100
8,2118	-26,845	63,9150
8,2207	-26,847	63,9200
8,2054	-26,849	63,9250
8,2085	-26,851	63,9300
8,2196	-26,853	63,9350
8,2128	-26,855	63,9400
8,2139	-26,858	63,9450
8,2210	-26,860	63,9500
8,2133	-26,862	63,9550
8,2066	-26,864	63,9600
8,2132	-26,866	63,9650
8,2127	-26,868	63,9700
8,2093	-26,870	63,9750
8,2112	-26,872	63,9800
8,2139	-26,874	63,9850
8,2111	-26,876	63,9900
8,2241	-26,879	63,9950
8,2236	-26,881	64,0000
8,2077	-26,883	64,0050
8,2120	-26,885	64,0100
8,2271	-26,887	64,0150
8,2299	-26,889	64,0200
8,2232	-26,891	64,0250
8,2325	-26,893	64,0300
8,2245	-26,895	64,0350
8,2174	-26,897	64,0400
8,2181	-26,900	64,0450
8,2173	-26,902	64,0500
8,2154	-26,904	64,0550
8,2253	-26,906	64,0600
8,2278	-26,908	64,0650
8,2280	-26,910	64,0700
8,2334	-26,912	64,0750
8,2295	-26,914	64,0800
8,2228	-26,916	64,0850
8,2329	-26,918	64,0900
8,2332	-26,921	64,0950
8,2224	-26,923	64,1000
8,2258	-26,925	64,1050
8,2355	-26,927	64,1100
8,2269	-26,929	64,1150
8,2252	-26,931	64,1200
8,2358	-26,933	64,1250
8,2346	-26,935	64,1300
8,2322	-26,937	64,1350
8,2408	-26,939	64,1400
8,2358	-26,942	64,1450
8,2243	-26,944	64,1500
8,2280	-26,946	64,1550
8,2276	-26,948	64,1600
8,2308	-26,950	64,1650
8,2378	-26,952	64,1700
8,2404	-26,954	64,1750
8,2312	-26,956	64,1800
8,2343	-26,958	64,1850
8,2379	-26,960	64,1900
8,2271	-26,963	64,1950
8,2333	-26,965	64,2000
8,2431	-26,967	64,2050
8,2403	-26,969	64,2100
8,2403	-26,971	64,2150
8,2473	-26,973	64,2200
8,2451	-26,975	64,2250
8,2391	-26,977	64,2300
8,2497	-26,979	64,2350
8,2532	-26,981	64,2400
8,2441	-26,984	64,2450
8,2457	-26,986	64,2500
8,2474	-26,988	64,2550
8,2430	-26,990	64,2600
8,2477	-26,992	64,2650
8,2534	-26,994	64,2700
8,2471	-26,996	64,2750
8,2502	-26,998	64,2800
8,2565	-27,000	64,2850
8,2497	-27,002	64,2900
8,2524	-27,005	64,2950
8,2585	-27,007	64,3000
8,2473	-27,009	64,3050
8,2365	-27,011	64,3100
8,2421	-27,013	64,3150
8,2444	-27,015	64,3200
8,2528	-27,017	64,3250
8,2568	-27,019	64,3300
8,2577	-27,021	64,3350
8,2538	-27,023	64,3400
8,2542	-27,026	64,3450
8,2565	-27,028	64,3500
8,2559	-27,030	64,3550
8,2605	-27,032	64,3600
8,2612	-27,034	64,3650
8,2514	-27,036	64,3700
8,2541	-27,038	64,3750
8,2599	-27,040	64,3800
8,2518	-27,042	64,3850
8,2563	-27,044	64,3900
8,2634	-27,047	64,3950
8,2610	-27,049	64,4000
8,2568	-27,051	64,4050
8,2667	-27,053	64,4100
8,2659	-27,055	64,4150
8,2637	-27,057	64,4200
8,2740	-27,059	64,4250
8,2715	-27,061	64,4300
8,2570	-27,063	64,4350
8,2639	-27,065	64,4400
8,2645	-27,068	64,4450
8,2634	-27,070	64,4500
8,2638	-27,072	64,4550
8,2683	-27,074	64,4600
8,2669	-27,076	64,4650
8,2688	-27,078	64,4700
8,2707	-27,080	64,4750
8,2652	-27,082	64,4800
8,2673	-27,084	64,4850
8,2761	-27,086	64,4900
8,2748	-27,089	64,4950
8,2722	-27,091	64,5000
8,2844	-27,093	64,5050
8,2810	-27,095	64,5100
8,2697	-27,097	64,5150
8,2769	-27,099	64,5200
8,2727	-27,101	64,5250
8,2654	-27,103	64,5300
8,2734	-27,105	64,5350
8,2713	-27,107	64,5400
8,2745	-27,110	64,5450
8,2804	-27,112	64,5500
8,2892	-27,114	64,5550
8,2830	-27,116	64,5600
8,2803	-27,118	64,5650
8,2787	-27,120	64,5700
8,2744	-27,122	64,5750
8,2718	-27,124	64,5800
8,2770	-27,126	64,5850
8,2794	-27,128	64,5900
8,2858	-27,131	64,5950
8,2865	-27,133	64,6000
8,2793	-27,135	64,6050
8,2765	-27,137	64,6100
8,2893	-27,139	64,6150
8,2864	-27,141	64,6200
8,2795	-27,143	64,6250
8,2843	-27,145	64,6300
8,2932	-27,147	64,6350
8,2880	-27,149	64,6400
8,2815	-27,152	64,6450
8,2904	-27,154	64,6500
8,2875	-27,156	64,6550
8,2875	-27,158	64,6600
8,2927	-27,160	64,6650
8,2871	-27,162	64,6700
8,2889	-27,164	64,6750
8,2978	-27,166	64,6800
8,2999	-27,168	64,6850
8,2909	-27,170	64,6900
8,2934	-27,173	64,6950
8,2937	-27,175	64,7000
8,2855	-27,177	64,7050
8,2877	-27,179	64,7100
8,2883	-27,181	64,7150
8,2856	-27,183	64,7200
8,3002	-27,185	64,7250
8,2981	-27,187	64,7300
8,2956	-27,189	64,7350
8,2965	-27,191	64,7400
8,3036	-27,194	64,7450
8,2988	-27,196	64,7500
8,2988	-27,198	64,7550
8,3063	-27,200	64,7600
8,2967	-27,202	64,7650
8,2959	-27,204	64,7700
8,3082	-27,206	64,7750
8,3016	-27,208	64,7800
8,2933	-27,210	64,7850
8,3052	-27,212	64,7900
8,3127	-27,215	64,7950
8,3026	-27,217	64,8000
8,3048	-27,219	64,8050
8,3076	-27,221	64,8100
8,2961	-27,223	64,8150
8,3034	-27,225	64,8200
8,3125	-27,227	64,8250
8,3045	-27,229	64,8300
8,2993	-27,231	64,8350
8,3020	-27,233	64,8400
8,3017	-27,236	64,8450
8,3035	-27,238	64,8500
8,3051	-27,240	64,8550
8,3023	-27,242	64,8600
8,3081	-27,244	64,8650
8,3204	-27,246	64,8700
8,3130	-27,248	64,8750
8,3056	-27,250	64,8800
8,3176	-27,252	64,8850
8,3159	-27,254	64,8900
8,3107	-27,257	64,8950
8,3181	-27,259	64,9000
8,3225	-27,261	64,9050
8,3106	-27,263	64,9100
8,3168	-27,265	64,9150
8,3221	-27,267	64,9200
8,3229	-27,269	64,9250
8,3160	-27,271	64,9300
8,3220	-27,273	64,9350
8,3133	-27,275	64,9400
8,3069	-27,278	64,9450
8,3185	-27,280	64,9500
8,3231	-27,282	64,9550
8,3231	-27,284	64,9600
8,3297	-27,286	64,9650
8,3265	-27,288	64,9700
8,3221	-27,290	64,9750
8,3238	-27,292	64,9800
8,3234	-27,294	64,9850
8,3243	-27,296	64,9900
8,3327	-27,299	64,9950
8,3277	-27,301	65,0000
8,3167	-27,303	65,0050
8,3210	-27,305	65,0100
8,3237	-27,307	65,0150
8,3246	-27,309	65,0200
8,3269	-27,311	65,0250
8,3301	-27,313	65,0300
8,3237	-27,315	65,0350
8,3250	-27,317	65,0400
8,3317	-27,320	65,0450
8,3322	-27,322	65,0500
8,3315	-27,324	65,0550
8,3327	-27,326	65,0600
8,3328	-27,328	65,0650
8,3224	-27,330	65,0700
8,3316	-27,332	65,0750
8,3429	-27,334	65,0800
8,3370	-27,336	65,0850
8,3410	-27,338	65,0900
8,3386	-27,341	65,0950
8,3288	-27,343	65,1000
8,3337	-27,345	65,1050
8,3347	-27,347	65,1100
8,3317	-27,349	65,1150
8,3351	-27,351	65,1200
8,3419	-27,353	65,1250
8,3339	-27,355	65,1300
8,3305	-27,357	65,1350
8,3413	-27,359	65,1400
8,3453	-27,362	65,1450
8,3390	-27,364	65,1500
8,3425	-27,366	65,1550
8,3409	-27,368	65,1600
8,3347	-27,370	65,1650
8,3334	-27,372	65,1700
8,3379	-27,374	65,1750
8,3405	-27,376	65,1800
8,3451	-27,378	65,1850
8,3450	-27,380	65,1900
8,3448	-27,383	65,1950
8,3520	-27,385	65,2000
8,3473	-27,387	65,2050
8,3426	-27,389	65,2100
8,3463	-27,391	65,2150
8,3547	-27,393	65,2200
8,3529	-27,395	65,2250
8,3491	-27,397	65,2300
8,3542	-27,399	65,2350
8,3504	-27,401	65,2400
8,3431	-27,404	65,2450
8,3518	-27,406	65,2500
8,3544	-27,408	65,2550
8,3526	-27,410	65,2600
8,3530	-27,412	65,2650
8,3551	-27,414	65,2700
8,3438	-27,416	65,2750
8,3488	-27,418	65,2800
8,3556	-27,420	65,2850
8,3414	-27,422	65,2900
8,3418	-27,425	65,2950
8,3579	-27,427	65,3000
8,3547	-27,429	65,3050
8,3492	-27,431	65,3100
8,3553	-27,433	65,3150
8,3542	-27,435	65,3200
8,3505	-27,437	65,3250
8,3574	-27,439	65,3300
8,3591	-27,441	65,3350
8,3522	-27,443	65,3400
8,3568	-27,446	65,3450
8,3562	-27,448	65,3500
8,3532	-27,450	65,3550
8,3620	-27,452	65,3600
8,3615	-27,454	65,3650
8,3622	-27,456	65,3700
8,3692	-27,458	65,3750
8,3711	-27,460	65,3800
8,3636	-27,462	65,3850
8,3591	-27,464	65,3900
8,3628	-27,467	65,3950
8,3631	-27,469	65,4000
8,3623	-27,471	65,4050
8,3684	-27,473	65,4100
8,3678	-27,475	65,4150
8,3618	-27,477	65,4200
8,3693	-27,479	65,4250
8,3677	-27,481	65,4300
8,3608	-27,483	65,4350
8,3655	-27,485	65,4400
8,3685	-27,488	65,4450
8,3681	-27,490	65,4500
8,3708	-27,492	65,4550
8,3804	-27,494	65,4600
8,3747	-27,496	65,4650
8,3783	-27,498	65,4700
8,3835	-27,500	65,4750
8,3752	-27,502	65,4800
8,3711	-27,504	65,4850
8,3826	-27,506	65,4900
8,3834	-27,509	65,4950
8,3787	-27,511	65,5000
8,3805	-27,513	65,5050
8,3817	-27,515	65,5100
8,3779	-27,517	65,5150
8,3813	-27,519	65,5200
8,3801	-27,521	65,5250
8,3776	-27,523	65,5300
8,3837	-27,525	65,5350
8,3798	-27,527	65,5400
8,3722	-27,530	65,5450
8,3711	-27,532	65,5500
8,3818	-27,534	65,5550
8,3796	-27,536	65,5600
8,3827	-27,538	65,5650
8,3910	-27,540	65,5700
8,3792	-27,542	65,5750
8,3741	-27,544	65,5800
8,3839	-27,546	65,5850
8,3884	-27,548	65,5900
8,3862	-27,551	65,5950
8,3933	-27,553	65,6000
8,3869	-27,555	65,6050
8,3785	-27,557	65,6100
8,3860	-27,559	65,6150
8,3936	-27,561	65,6200
8,3950	-27,563	65,6250
8,3987	-27,565	65,6300
8,3964	-27,567	65,6350
8,3919	-27,569	65,6400
8,3902	-27,572	65,6450
8,3962	-27,574	65,6500
8,3891	-27,576	65,6550
8,3914	-27,578	65,6600
8,3998	-27,580	65,6650
8,3978	-27,582	65,6700
8,4028	-27,584	65,6750
8,4107	-27,586	65,6800
8,4072	-27,588	65,6850
8,3986	-27,590	65,6900
8,3958	-27,593	65,6950
8,3983	-27,595	65,7000
8,3963	-27,597	65,7050
8,4031	-27,599	65,7100
8,4053	-27,601	65,7150
8,4012	-27,603	65,7200
8,4063	-27,605	65,7250
8,4067	-27,607	65,7300
8,3956	-27,609	65,7350
8,3925	-27,611	65,7400
8,4016	-27,614	65,7450
8,4030	-27,616	65,7500
8,4050	-27,618	65,7550
8,4089	-27,620	65,7600
8,4062	-27,622	65,7650
8,4018	-27,624	65,7700
8,4094	-27,626	65,7750
8,3973	-27,628	65,7800
8,3971	-27,630	65,7850
8,4134	-27,632	65,7900
8,4121	-27,635	65,7950
8,3991	-27,637	65,8000
8,4051	-27,639	65,8050
8,4107	-27,641	65,8100
8,4122	-27,643	65,8150
8,4164	-27,645	65,8200
8,4209	-27,647	65,8250
8,4122	-27,649	65,8300
8,4081	-27,651	65,8350
8,4152	-27,653	65,8400
8,4080	-27,656	65,8450
8,4035	-27,658	65,8500
8,4101	-27,660	65,8550
8,4132	-27,662	65,8600
8,4148	-27,664	65,8650
8,4210	-27,666	65,8700
8,4167	-27,668	65,8750
8,4123	-27,670	65,8800
8,4166	-27,672	65,8850
8,4185	-27,674	65,8900
8,4149	-27,677	65,8950
8,4268	-27,679	65,9000
8,4332	-27,681	65,9050
8,4254	-27,683	65,9100
8,4242	-27,685	65,9150
8,4266	-27,687	65,9200
8,4228	-27,689	65,9250
8,4205	-27,691	65,9300
8,4265	-27,693	65,9350
8,4169	-27,695	65,9400
8,4179	-27,698	65,9450
8,4340	-27,700	65,9500
8,4351	-27,702	65,9550
8,4258	-27,704	65,9600
8,4296	-27,706	65,9650
8,4268	-27,708	65,9700
8,4221	-27,710	65,9750
8,4231	-27,712	65,9800
8,4197	-27,714	65,9850
8,4144	-27,716	65,9900
8,4215	-27,719	65,9950
8,4296	-27,721	66,0000
8,4254	-27,723	66,0050
8,4313	-27,725	66,0100
8,4436	-27,727	66,0150
8,4455	-27,729	66,0200
8,4391	-27,731	66,0250
8,4370	-27,733	66,0300
8,4295	-27,735	66,0350
8,4295	-27,737	66,0400
8,4341	-27,740	66,0450
8,4391	-27,742	66,0500
8,4387	-27,744	66,0550
8,4417	-27,746	66,0600
8,4372	-27,748	66,0650
8,4358	-27,750	66,0700
8,4430	-27,752	66,0750
8,4443	-27,754	66,0800
8,4350	-27,756	66,0850
8,4326	-27,758	66,0900
8,4288	-27,761	66,0950
8,4292	-27,763	66,1000
8,4423	-27,765	66,1050
8,4497	-27,767	66,1100
8,4456	-27,769	66,1150
8,4416	-27,771	66,1200
8,4459	-27,773	66,1250
8,4431	-27,775	66,1300
8,4392	-27,777	66,1350
8,4408	-27,779	66,1400
8,4477	-27,782	66,1450
8,4392	-27,784	66,1500
8,4501	-27,786	66,1550
8,4508	-27,788	66,1600
8,4472	-27,790	66,1650
8,4448	-27,792	66,1700
8,4501	-27,794	66,1750
8,4382	-27,796	66,1800
8,4412	-27,798	66,1850
8,4466	-27,800	66,1900
8,4473	-27,803	66,1950
8,4439	-27,805	66,2000
8,4515	-27,807	66,2050
8,4555	-27,809	66,2100
8,4524	-27,811	66,2150
8,4483	-27,813	66,2200
8,4393	-27,815	66,2250
8,4517	-27,817	66,2300
8,4713	-27,819	66,2350
8,4650	-27,821	66,2400
8,4518	-27,824	66,2450
8,4606	-27,826	66,2500
8,4664	-27,828	66,2550
8,4604	-27,830	66,2600
8,4566	-27,832	66,2650
8,4585	-27,834	66,2700
8,4548	-27,836	66,2750
8,4614	-27,838	66,2800
8,4631	-27,840	66,2850
8,4523	-27,842	66,2900
8,4530	-27,845	66,2950
8,4662	-27,847	66,3000
8,4703	-27,849	66,3050
8,4692	-27,851	66,3100
8,4647	-27,853	66,3150
8,4634	-27,855	66,3200
8,4684	-27,857	66,3250
8,4732	-27,859	66,3300
8,4693	-27,861	66,3350
8,4569	-27,863	66,3400
8,4605	-27,866	66,3450
8,4595	-27,868	66,3500
8,4638	-27,870	66,3550
8,4696	-27,872	66,3600
8,4721	-27,874	66,3650
8,4653	-27,876	66,3700
8,4735	-27,878	66,3750
8,4742	-27,880	66,3800
8,4633	-27,882	66,3850
8,4637	-27,884	66,3900
8,4704	-27,887	66,3950
8,4705	-27,889	66,4000
8,4684	-27,891	66,4050
8,4712	-27,893	66,4100
8,4732	-27,895	66,4150
8,4663	-27,897	66,4200
8,4741	-27,899	66,4250
8,4782	-27,901	66,4300
8,4661	-27,903	66,4350
8,4735	-27,905	66,4400
8,4802	-27,908	66,4450
8,4729	-27,910	66,4500
8,4727	-27,912	66,4550
8,4759	-27,914	66,4600
8,4699	-27,916	66,4650
8,4778	-27,918	66,4700
8,4838	-27,920	66,4750
8,4790	-27,922	66,4800
8,4773	-27,924	66,4850
8,4860	-27,926	66,4900
8,4835	-27,929	66,4950
8,4809	-27,931	66,5000
8,4874	-27,933	66,5050
8,4870	-27,935	66,5100
8,4861	-27,937	66,5150
8,4925	-27,939	66,5200
8,4928	-27,941	66,5250
8,4831	-27,943	66,5300
8,4851	-27,945	66,5350
8,4833	-27,947	66,5400
8,4839	-27,950	66,5450
8,4853	-27,952	66,5500
8,4951	-27,954	66,5550
8,4883	-27,956	66,5600
8,4872	-27,958	66,5650
8,4918	-27,960	66,5700
8,4856	-27,962	66,5750
8,4914	-27,964	66,5800
8,4965	-27,966	66,5850
8,4900	-27,968	66,5900
8,4841	-27,971	66,5950
8,4961	-27,973	66,6000
8,4994	-27,975	66,6050
8,4969	-27,977	66,6100
8,5041	-27,979	66,6150
8,5012	-27,981	66,6200
8,4948	-27,983	66,6250
8,4982	-27,985	66,6300
8,4996	-27,987	66,6350
8,5019	-27,989	66,6400
8,5028	-27,992	66,6450
8,5044	-27,994	66,6500
8,4971	-27,996	66,6550
8,4989	-27,998	66,6600
8,5116	-28,000	66,6650
8,5087	-28,002	66,6700
8,5037	-28,004	66,6750
8,5136	-28,006	66,6800
8,5094	-28,008	66,6850
8,4965	-28,010	66,6900
8,5048	-28,013	66,6950
8,5079	-28,015	66,7000
8,5038	-28,017	66,7050
8,5079	-28,019	66,7100
8,5048	-28,021	66,7150
8,4954	-28,023	66,7200
8,5024	-28,025	66,7250
8,5112	-28,027	66,7300
8,5107	-28,029	66,7350
8,5073	-28,031	66,7400
8,5152	-28,034	66,7450
8,5109	-28,036	66,7500
8,5093	-28,038	66,7550
8,5143	-28,040	66,7600
8,5081	-28,042	66,7650
8,5096	-28,044	66,7700
8,5228	-28,046	66,7750
8,5210	-28,048	66,7800
8,5126	-28,050	66,7850
8,5139	-28,052	66,7900
8,5109	-28,055	66,7950
8,5013	-28,057	66,8000
8,5083	-28,059	66,8050
8,5145	-28,061	66,8100
8,5145	-28,063	66,8150
8,5237	-28,065	66,8200
8,5164	-28,067	66,8250
8,5164	-28,069	66,8300
8,5219	-28,071	66,8350
8,5246	-28,073	66,8400
8,5169	-28,076	66,8450
8,5215	-28,078	66,8500
8,5286	-28,080	66,8550
8,5274	-28,082	66,8600
8,5214	-28,084	66,8650
8,5296	-28,086	66,8700
8,5302	-28,088	66,8750
8,5201	-28,090	66,8800
8,5211	-28,092	66,8850
8,5237	-28,094	66,8900
8,5141	-28,097	66,8950
8,5243	-28,099	66,9000
8,5295	-28,101	66,9050
8,5224	-28,103	66,9100
8,5263	-28,105	66,9150
8,5258	-28,107	66,9200
8,5209	-28,109	66,9250
8,5197	-28,111	66,9300
8,5295	-28,113	66,9350
8,5290	-28,115	66,9400
8,5310	-28,118	66,9450
8,5363	-28,120	66,9500
8,5301	-28,122	66,9550
8,5290	-28,124	66,9600
8,5383	-28,126	66,9650
8,5360	-28,128	66,9700
8,5310	-28,130	66,9750
8,5351	-28,132	66,9800
8,5388	-28,134	66,9850
8,5339	-28,136	66,9900
8,5383	-28,139	66,9950
8,5363	-28,141	67,0000
8,5271	-28,143	67,0050
8,5305	-28,145	67,0100
8,5305	-28,147	67,0150
8,5329	-28,149	67,0200
8,5378	-28,151	67,0250
8,5435	-28,153	67,0300
8,5359	-28,155	67,0350
8,5390	-28,157	67,0400
8,5461	-28,160	67,0450
8,5379	-28,162	67,0500
8,5338	-28,164	67,0550
8,5446	-28,166	67,0600
8,5444	-28,168	67,0650
8,5382	-28,170	67,0700
8,5398	-28,172	67,0750
8,5392	-28,174	67,0800
8,5361	-28,176	67,0850
8,5424	-28,178	67,0900
8,5496	-28,181	67,0950
8,5407	-28,183	67,1000
8,5417	-28,185	67,1050
8,5497	-28,187	67,1100
8,5502	-28,189	67,1150
8,5516	-28,191	67,1200
8,5559	-28,193	67,1250
8,5478	-28,195	67,1300
8,5417	-28,197	67,1350
8,5561	-28,199	67,1400
8,5533	-28,202	67,1450
8,5468	-28,204	67,1500
8,5557	-28,206	67,1550
8,5515	-28,208	67,1600
8,5429	-28,210	67,1650
8,5478	-28,212	67,1700
8,5517	-28,214	67,1750
8,5497	-28,216	67,1800
8,5545	-28,218	67,1850
8,5573	-28,220	67,1900
8,5523	-28,223	67,1950
8,5521	-28,225	67,2000
8,5528	-28,227	67,2050
8,5585	-28,229	67,2100
8,5631	-28,231	67,2150
8,5692	-28,233	67,2200
8,5632	-28,235	67,2250
8,5592	-28,237	67,2300
8,5664	-28,239	67,2350
8,5614	-28,241	67,2400
8,5581	-28,244	67,2450
8,5648	-28,246	67,2500
8,5649	-28,248	67,2550
8,5583	-28,250	67,2600
8,5613	-28,252	67,2650
8,5699	-28,254	67,2700
8,5670	-28,256	67,2750
8,5645	-28,258	67,2800
8,5679	-28,260	67,2850
8,5553	-28,262	67,2900
8,5585	-28,265	67,2950
8,5681	-28,267	67,3000
8,5604	-28,269	67,3050
8,5608	-28,271	67,3100
8,5752	-28,273	67,3150
8,5698	-28,275	67,3200
8,5614	-28,277	67,3250
8,5704	-28,279	67,3300
8,5671	-28,281	67,3350
8,5624	-28,283	67,3400
8,5694	-28,286	67,3450
8,5805	-28,288	67,3500
8,5770	-28,290	67,3550
8,5730	-28,292	67,3600
8,5805	-28,294	67,3650
8,5819	-28,296	67,3700
8,5819	-28,298	67,3750
8,5862	-28,300	67,3800
8,5808	-28,302	67,3850
8,5765	-28,304	67,3900
8,5859	-28,307	67,3950
8,5785	-28,309	67,4000
8,5735	-28,311	67,4050
8,5783	-28,313	67,4100
8,5727	-28,315	67,4150
8,5693	-28,317	67,4200
8,5791	-28,319	67,4250
8,5767	-28,321	67,4300
8,5746	-28,323	67,4350
8,5815	-28,325	67,4400
8,5785	-28,328	67,4450
8,5766	-28,330	67,4500
8,5852	-28,332	67,4550
8,5952	-28,334	67,4600
8,5881	-28,336	67,4650
8,5882	-28,338	67,4700
8,5966	-28,340	67,4750
8,5958	-28,342	67,4800
8,5887	-28,344	67,4850
8,5810	-28,346	67,4900
8,5771	-28,349	67,4950
8,5875	-28,351	67,5000
8,5969	-28,353	67,5050
8,5913	-28,355	67,5100
8,5841	-28,357	67,5150
8,5929	-28,359	67,5200
8,5926	-28,361	67,5250
8,5830	-28,363	67,5300
8,5890	-28,365	67,5350
8,5882	-28,367	67,5400
8,5871	-28,370	67,5450
8,5932	-28,372	67,5500
8,6024	-28,374	67,5550
8,5997	-28,376	67,5600
8,6038	-28,378	67,5650
8,6047	-28,380	67,5700
8,5961	-28,382	67,5750
8,5954	-28,384	67,5800
8,6040	-28,386	67,5850
8,5945	-28,388	67,5900
8,5946	-28,391	67,5950
8,6031	-28,393	67,6000
8,6023	-28,395	67,6050
8,5891	-28,397	67,6100
8,5967	-28,399	67,6150
8,6035	-28,401	67,6200
8,5971	-28,403	67,6250
8,6005	-28,405	67,6300
8,6072	-28,407	67,6350
8,6009	-28,409	67,6400
8,5983	-28,412	67,6450
8,6037	-28,414	67,6500
8,6002	-28,416	67,6550
8,6076	-28,418	67,6600
8,6134	-28,420	67,6650
8,6072	-28,422	67,6700
8,5981	-28,424	67,6750
8,6056	-28,426	67,6800
8,6063	-28,428	67,6850
8,6018	-28,430	67,6900
8,6019	-28,433	67,6950
8,6006	-28,435	67,7000
8,6018	-28,437	67,7050
8,6089	-28,439	67,7100
8,6066	-28,441	67,7150
8,6042	-28,443	67,7200
8,6141	-28,445	67,7250
8,6201	-28,447	67,7300
8,6173	-28,449	67,7350
8,6088	-28,451	67,7400
8,6119	-28,454	67,7450
8,6169	-28,456	67,7500
8,6178	-28,458	67,7550
8,6192	-28,460	67,7600
8,6188	-28,462	67,7650
8,6147	-28,464	67,7700
8,6275	-28,466	67,7750
8,6259	-28,468	67,7800
8,6171	-28,470	67,7850
8,6224	-28,472	67,7900
8,6307	-28,475	67,7950
8,6215	-28,477	67,8000
8,6235	-28,479	67,8050
8,6245	-28,481	67,8100
8,6167	-28,483	67,8150
8,6170	-28,485	67,8200
8,6198	-28,487	67,8250
8,6170	-28,489	67,8300
8,6149	-28,491	67,8350
8,6256	-28,493	67,8400
8,6214	-28,496	67,8450
8,6201	-28,498	67,8500
8,6317	-28,500	67,8550
8,6299	-28,502	67,8600
8,6256	-28,504	67,8650
8,6354	-28,506	67,8700
8,6373	-28,508	67,8750
8,6281	-28,510	67,8800
8,6305	-28,512	67,8850
8,6325	-28,514	67,8900
8,6180	-28,517	67,8950
8,6227	-28,519	67,9000
8,6285	-28,521	67,9050
8,6214	-28,523	67,9100
8,6285	-28,525	67,9150
8,6350	-28,527	67,9200
8,6327	-28,529	67,9250
8,6313	-28,531	67,9300
8,6416	-28,533	67,9350
8,6407	-28,535	67,9400
8,6406	-28,538	67,9450
8,6453	-28,540	67,9500
8,6403	-28,542	67,9550
8,6347	-28,544	67,9600
8,6446	-28,546	67,9650
8,6388	-28,548	67,9700
8,6354	-28,550	67,9750
8,6435	-28,552	67,9800
8,6479	-28,554	67,9850
8,6343	-28,556	67,9900
8,6366	-28,559	67,9950
8,6450	-28,561	68,0000
8,6396	-28,563	68,0050
8,6411	-28,565	68,0100
8,6484	-28,567	68,0150
8,6431	-28,569	68,0200
8,6368	-28,571	68,0250
8,6478	-28,573	68,0300
8,6512	-28,575	68,0350
8,6450	-28,577	68,0400
8,6465	-28,580	68,0450
8,6461	-28,582	68,0500
8,6450	-28,584	68,0550
8,6492	-28,586	68,0600
8,6459	-28,588	68,0650
8,6443	-28,590	68,0700
8,6523	-28,592	68,0750
8,6563	-28,594	68,0800
8,6470	-28,596	68,0850
8,6480	-28,598	68,0900
8,6469	-28,601	68,0950
8,6429	-28,603	68,1000
8,6495	-28,605	68,1050
8,6588	-28,607	68,1100
8,6525	-28,609	68,1150
8,6488	-28,611	68,1200
8,6571	-28,613	68,1250
8,6603	-28,615	68,1300
8,6578	-28,617	68,1350
8,6636	-28,619	68,1400
8,6538	-28,622	68,1450
8,6500	-28,624	68,1500
8,6578	-28,626	68,1550
8,6593	-28,628	68,1600
8,6561	-28,630	68,1650
8,6562	-28,632	68,1700
8,6614	-28,634	68,1750
8,6598	-28,636	68,1800
8,6704	-28,638	68,1850
8,6733	-28,640	68,1900
8,6640	-28,643	68,1950
8,6621	-28,645	68,2000
8,6655	-28,647	68,2050
8,6568	-28,649	68,2100
8,6556	-28,651	68,2150
8,6645	-28,653	68,2200
8,6585	-28,655	68,2250
8,6548	-28,657	68,2300
8,6643	-28,659	68,2350
8,6615	-28,661	68,2400
8,6613	-28,664	68,2450
8,6724	-28,666	68,2500
8,6685	-28,668	68,2550
8,6635	-28,670	68,2600
8,6655	-28,672	68,2650
8,6717	-28,674	68,2700
8,6620	-28,676	68,2750
8,6681	-28,678	68,2800
8,6742	-28,680	68,2850
8,6712	-28,682	68,2900
8,6726	-28,685	68,2950
8,6826	-28,687	68,3000
8,6758	-28,689	68,3050
8,6705	-28,691	68,3100
8,6773	-28,693	68,3150
8,6750	-28,695	68,3200
8,6741	-28,697	68,3250
8,6796	-28,699	68,3300
8,6715	-28,701	68,3350
8,6666	-28,703	68,3400
8,6806	-28,706	68,3450
8,6884	-28,708	68,3500
8,6795	-28,710	68,3550
8,6815	-28,712	68,3600
8,6877	-28,714	68,3650
8,6808	-28,716	68,3700
8,6842	-28,718	68,3750
8,6836	-28,720	68,3800
8,6766	-28,722	68,3850
8,6810	-28,724	68,3900
8,6875	-28,727	68,3950
8,6821	-28,729	68,4000
8,6747	-28,731	68,4050
8,6875	-28,733	68,4100
8,6879	-28,735	68,4150
8,6803	-28,737	68,4200
8,6891	-28,739	68,4250
8,6919	-28,741	68,4300
8,6848	-28,743	68,4350
8,6904	-28,745	68,4400
8,6930	-28,748	68,4450
8,6894	-28,750	68,4500
8,6857	-28,752	68,4550
8,6875	-28,754	68,4600
8,6806	-28,756	68,4650
8,6862	-28,758	68,4700
8,6975	-28,760	68,4750
8,6927	-28,762	68,4800
8,6922	-28,764	68,4850
8,7029	-28,766	68,4900
8,6940	-28,769	68,4950
8,6833	-28,771	68,5000
8,6900	-28,773	68,5050
8,6909	-28,775	68,5100
8,6880	-28,777	68,5150
8,6988	-28,779	68,5200
8,6977	-28,781	68,5250
8,6846	-28,783	68,5300
8,6907	-28,785	68,5350
8,7018	-28,787	68,5400
8,7000	-28,790	68,5450
8,6961	-28,792	68,5500
8,7023	-28,794	68,5550
8,6983	-28,796	68,5600
8,6979	-28,798	68,5650
8,7037	-28,800	68,5700
8,7022	-28,802	68,5750
8,6985	-28,804	68,5800
8,7044	-28,806	68,5850
8,7051	-28,808	68,5900
8,7072	-28,811	68,5950
8,7136	-28,813	68,6000
8,7052	-28,815	68,6050
8,6950	-28,817	68,6100
8,7083	-28,819	68,6150
8,7147	-28,821	68,6200
8,7038	-28,823	68,6250
8,7037	-28,825	68,6300
8,7099	-28,827	68,6350
8,7091	-28,829	68,6400
8,7131	-28,832	68,6450
8,7157	-28,834	68,6500
8,7027	-28,836	68,6550
8,7016	-28,838	68,6600
8,7100	-28,840	68,6650
8,7119	-28,842	68,6700
8,7140	-28,844	68,6750
8,7209	-28,846	68,6800
8,7150	-28,848	68,6850
8,7116	-28,850	68,6900
8,7143	-28,853	68,6950
8,7150	-28,855	68,7000
8,7137	-28,857	68,7050
8,7224	-28,859	68,7100
8,7285	-28,861	68,7150
8,7175	-28,863	68,7200
8,7173	-28,865	68,7250
8,7196	-28,867	68,7300
8,7258	-28,869	68,7350
8,7215	-28,871	68,7400
8,7218	-28,874	68,7450
8,7099	-28,876	68,7500
8,7110	-28,878	68,7550
8,7219	-28,880	68,7600
8,7204	-28,882	68,7650
8,7204	-28,884	68,7700
8,7259	-28,886	68,7750
8,7226	-28,888	68,7800
8,7243	-28,890	68,7850
8,7272	-28,892	68,7900
8,7293	-28,895	68,7950
8,7245	-28,897	68,8000
8,7326	-28,899	68,8050
8,7332	-28,901	68,8100
8,7258	-28,903	68,8150
8,7317	-28,905	68,8200
8,7338	-28,907	68,8250
8,7245	-28,909	68,8300
8,7211	-28,911	68,8350
8,7329	-28,913	68,8400
8,7276	-28,916	68,8450
8,7243	-28,918	68,8500
8,7360	-28,920	68,8550
8,7338	-28,922	68,8600
8,7291	-28,924	68,8650
8,7385	-28,926	68,8700
8,7352	-28,928	68,8750
8,7318	-28,930	68,8800
8,7317	-28,932	68,8850
8,7278	-28,934	68,8900
8,7285	-28,937	68,8950
8,7359	-28,939	68,9000
8,7350	-28,941	68,9050
8,7331	-28,943	68,9100
8,7354	-28,945	68,9150
8,7373	-28,947	68,9200
8,7393	-28,949	68,9250
8,7376	-28,951	68,9300
8,7478	-28,953	68,9350
8,7435	-28,955	68,9400
8,7394	-28,958	68,9450
8,7492	-28,960	68,9500
8,7421	-28,962	68,9550
8,7366	-28,964	68,9600
8,7437	-28,966	68,9650
8,7412	-28,968	68,9700
8,7338	-28,970	68,9750
8,7430	-28,972	68,9800
8,7521	-28,974	68,9850
8,7467	-28,976	68,9900
8,7545	-28,979	68,9950
8,7532	-28,981	69,0000
8,7426	-28,983	69,0050
8,7457	-28,985	69,0100
8,7513	-28,987	69,0150
8,7462	-28,989	69,0200
8,7434	-28,991	69,0250
8,7511	-28,993	69,0300
8,7425	-28,995	69,0350
8,7405	-28,997	69,0400
8,7517	-29,000	69,0450
8,7464	-29,002	69,0500
8,7457	-29,004	69,0550
8,7609	-29,006	69,0600
8,7611	-29,008	69,0650
8,7548	-29,010	69,0700
8,7583	-29,012	69,0750
8,7592	-29,014	69,0800
8,7561	-29,016	69,0850
8,7645	-29,018	69,0900
8,7683	-29,021	69,0950
8,7588	-29,023	69,1000
8,7523	-29,025	69,1050
8,7575	-29,027	69,1100
8,7570	-29,029	69,1150
8,7549	-29,031	69,1200
8,7622	-29,033	69,1250
8,7495	-29,035	69,1300
8,7488	-29,037	69,1350
8,7631	-29,039	69,1400
8,7600	-29,042	69,1450
8,7555	-29,044	69,1500
8,7627	-29,046	69,1550
8,7608	-29,048	69,1600
8,7612	-29,050	69,1650
8,7638	-29,052	69,1700
8,7732	-29,054	69,1750
8,7675	-29,056	69,1800
8,7734	-29,058	69,1850
8,7762	-29,060	69,1900
8,7611	-29,063	69,1950
8,7607	-29,065	69,2000
8,7645	-29,067	69,2050
8,7664	-29,069	69,2100
8,7673	-29,071	69,2150
8,7715	-29,073	69,2200
8,7710	-29,075	69,2250
8,7712	-29,077	69,2300
8,7750	-29,079	69,2350
8,7702	-29,081	69,2400
8,7714	-29,084	69,2450
8,7809	-29,086	69,2500
8,7805	-29,088	69,2550
8,7755	-29,090	69,2600
8,7838	-29,092	69,2650
8,7851	-29,094	69,2700
8,7711	-29,096	69,2750
8,7746	-29,098	69,2800
8,7802	-29,100	69,2850
8,7641	-29,102	69,2900
8,7682	-29,105	69,2950
8,7741	-29,107	69,3000
8,7759	-29,109	69,3050
8,7738	-29,111	69,3100
8,7786	-29,113	69,3150
8,7798	-29,115	69,3200
8,7772	-29,117	69,3250
8,7814	-29,119	69,3300
8,7800	-29,121	69,3350
8,7777	-29,123	69,3400
8,7839	-29,126	69,3450
8,7782	-29,128	69,3500
8,7719	-29,130	69,3550
8,7796	-29,132	69,3600
8,7825	-29,134	69,3650
8,7744	-29,136	69,3700
8,7803	-29,138	69,3750
8,7905	-29,140	69,3800
8,7826	-29,142	69,3850
8,7753	-29,144	69,3900
8,7812	-29,147	69,3950
8,7845	-29,149	69,4000
8,7841	-29,151	69,4050
8,7945	-29,153	69,4100
8,7879	-29,155	69,4150
8,7819	-29,157	69,4200
8,7892	-29,159	69,4250
8,7888	-29,161	69,4300
8,7855	-29,163	69,4350
8,8001	-29,165	69,4400
8,7992	-29,168	69,4450
8,7837	-29,170	69,4500
8,7894	-29,172	69,4550
8,8004	-29,174	69,4600
8,7970	-29,176	69,4650
8,8007	-29,178	69,4700
8,8023	-29,180	69,4750
8,7930	-29,182	69,4800
8,7915	-29,184	69,4850
8,8003	-29,186	69,4900
8,7993	-29,189	69,4950
8,7975	-29,191	69,5000
8,8030	-29,193	69,5050
8,8025	-29,195	69,5100
8,7938	-29,197	69,5150
8,8045	-29,199	69,5200
8,8042	-29,201	69,5250
8,7965	-29,203	69,5300
8,8034	-29,205	69,5350
8,8100	-29,207	69,5400
8,8082	-29,210	69,5450
8,8038	-29,212	69,5500
8,8070	-29,214	69,5550
8,8007	-29,216	69,5600
8,8037	-29,218	69,5650
8,8104	-29,220	69,5700
8,8006	-29,222	69,5750
8,8061	-29,224	69,5800
8,8138	-29,226	69,5850
8,8067	-29,228	69,5900
8,7974	-29,231	69,5950
8,8036	-29,233	69,6000
8,8055	-29,235	69,6050
8,7988	-29,237	69,6100
8,8112	-29,239	69,6150
8,8128	-29,241	69,6200
8,8064	-29,243	69,6250
8,8176	-29,245	69,6300
8,8177	-29,247	69,6350
8,8006	-29,249	69,6400
8,8042	-29,252	69,6450
8,8157	-29,254	69,6500
8,8137	-29,256	69,6550
8,8241	-29,258	69,6600
8,8289	-29,260	69,6650
8,8194	-29,262	69,6700
8,8162	-29,264	69,6750
8,8252	-29,266	69,6800
8,8204	-29,268	69,6850
8,8155	-29,270	69,6900
8,8158	-29,273	69,6950
8,8174	-29,275	69,7000
8,8124	-29,277	69,7050
8,8231	-29,279	69,7100
8,8309	-29,281	69,7150
8,8182	-29,283	69,7200
8,8269	-29,285	69,7250
8,8324	-29,287	69,7300
8,8259	-29,289	69,7350
8,8209	-29,291	69,7400
8,8324	-29,294	69,7450
8,8249	-29,296	69,7500
8,8170	-29,298	69,7550
8,8261	-29,300	69,7600
8,8307	-29,302	69,7650
8,8244	-29,304	69,7700
8,8319	-29,306	69,7750
8,8336	-29,308	69,7800
8,8314	-29,310	69,7850
8,8305	-29,312	69,7900
8,8306	-29,315	69,7950
8,8231	-29,317	69,8000
8,8249	-29,319	69,8050
8,8288	-29,321	69,8100
8,8253	-29,323	69,8150
8,8302	-29,325	69,8200
8,8400	-29,327	69,8250
8,8361	-29,329	69,8300
8,8390	-29,331	69,8350
8,8393	-29,333	69,8400
8,8340	-29,336	69,8450
8,8311	-29,338	69,8500
8,8419	-29,340	69,8550
8,8455	-29,342	69,8600
8,8404	-29,344	69,8650
8,8427	-29,346	69,8700
8,8384	-29,348	69,8750
8,8379	-29,350	69,8800
8,8455	-29,352	69,8850
8,8475	-29,354	69,8900
8,8447	-29,357	69,8950
8,8433	-29,359	69,9000
8,8343	-29,361	69,9050
8,8321	-29,363	69,9100
8,8493	-29,365	69,9150
8,8534	-29,367	69,9200
8,8418	-29,369	69,9250
8,8383	-29,371	69,9300
8,8533	-29,373	69,9350
8,8539	-29,375	69,9400
8,8499	-29,378	69,9450
8,8554	-29,380	69,9500
8,8483	-29,382	69,9550
8,8437	-29,384	69,9600
8,8544	-29,386	69,9650
8,8516	-29,388	69,9700
8,8462	-29,390	69,9750
8,8519	-29,392	69,9800
8,8530	-29,394	69,9850
8,8471	-29,396	69,9900
8,8534	-29,399	69,9950
8,8489	-29,401	70,0000
8,8343	-29,403	70,0050
8,8378	-29,405	70,0100
8,8436	-29,407	70,0150
8,8470	-29,409	70,0200
8,8480	-29,411	70,0250
8,8553	-29,413	70,0300
8,8553	-29,415	70,0350
8,8547	-29,417	70,0400
8,8613	-29,420	70,0450
8,8606	-29,422	70,0500
8,8586	-29,424	70,0550
8,8682	-29,426	70,0600
8,8605	-29,428	70,0650
8,8509	-29,430	70,0700
8,8506	-29,432	70,0750
8,8558	-29,434	70,0800
8,8547	-29,436	70,0850
8,8574	-29,438	70,0900
8,8574	-29,441	70,0950
8,8507	-29,443	70,1000
8,8491	-29,445	70,1050
8,8584	-29,447	70,1100
8,8591	-29,449	70,1150
8,8621	-29,451	70,1200
8,8731	-29,453	70,1250
8,8653	-29,455	70,1300
8,8578	-29,457	70,1350
8,8648	-29,459	70,1400
8,8681	-29,462	70,1450
8,8621	-29,464	70,1500
8,8663	-29,466	70,1550
8,8683	-29,468	70,1600
8,8661	-29,470	70,1650
8,8674	-29,472	70,1700
8,8708	-29,474	70,1750
8,8658	-29,476	70,1800
8,8726	-29,478	70,1850
8,8776	-29,480	70,1900
8,8718	-29,483	70,1950
8,8729	-29,485	70,2000
8,8816	-29,487	70,2050
8,8758	-29,489	70,2100
8,8709	-29,491	70,2150
8,8752	-29,493	70,2200
8,8739	-29,495	70,2250
8,8709	-29,497	70,2300
8,8846	-29,499	70,2350
8,8839	-29,501	70,2400
8,8811	-29,504	70,2450
8,8845	-29,506	70,2500
8,8868	-29,508	70,2550
8,8875	-29,510	70,2600
8,8839	-29,512	70,2650
8,8849	-29,514	70,2700
8,8759	-29,516	70,2750
8,8767	-29,518	70,2800
8,8826	-29,520	70,2850
8,8817	-29,522	70,2900
8,8882	-29,525	70,2950
8,8964	-29,527	70,3000
8,8823	-29,529	70,3050
8,8807	-29,531	70,3100
8,8954	-29,533	70,3150
8,8903	-29,535	70,3200
8,8853	-29,537	70,3250
8,8912	-29,539	70,3300
8,8861	-29,541	70,3350
8,8773	-29,543	70,3400
8,8873	-29,546	70,3450
8,8916	-29,548	70,3500
8,8873	-29,550	70,3550
8,8972	-29,552	70,3600
8,9050	-29,554	70,3650
8,8923	-29,556	70,3700
8,8886	-29,558	70,3750
8,8921	-29,560	70,3800
8,8855	-29,562	70,3850
8,8883	-29,564	70,3900
8,9051	-29,567	70,3950
8,9030	-29,569	70,4000
8,8976	-29,571	70,4050
8,8999	-29,573	70,4100
8,8938	-29,575	70,4150
8,8899	-29,577	70,4200
8,9014	-29,579	70,4250
8,9004	-29,581	70,4300
8,8932	-29,583	70,4350
8,8995	-29,585	70,4400
8,9033	-29,588	70,4450
8,8965	-29,590	70,4500
8,9028	-29,592	70,4550
8,9116	-29,594	70,4600
8,9020	-29,596	70,4650
8,9084	-29,598	70,4700
8,9099	-29,600	70,4750
8,9081	-29,602	70,4800
8,9099	-29,604	70,4850
8,9074	-29,606	70,4900
8,8989	-29,609	70,4950
8,8967	-29,611	70,5000
8,9056	-29,613	70,5050
8,9092	-29,615	70,5100
8,9065	-29,617	70,5150
8,9166	-29,619	70,5200
8,9153	-29,621	70,5250
8,9037	-29,623	70,5300
8,9118	-29,625	70,5350
8,9213	-29,627	70,5400
8,9122	-29,630	70,5450
8,9040	-29,632	70,5500
8,9102	-29,634	70,5550
8,9102	-29,636	70,5600
8,9032	-29,638	70,5650
8,9068	-29,640	70,5700
8,9119	-29,642	70,5750
8,9129	-29,644	70,5800
8,9153	-29,646	70,5850
8,9116	-29,648	70,5900
8,9074	-29,651	70,5950
8,9136	-29,653	70,6000
8,9119	-29,655	70,6050
8,9086	-29,657	70,6100
8,9090	-29,659	70,6150
8,9053	-29,661	70,6200
8,8947	-29,663	70,6250
8,9092	-29,665	70,6300
8,9184	-29,667	70,6350
8,9183	-29,669	70,6400
8,9243	-29,672	70,6450
8,9244	-29,674	70,6500
8,9110	-29,676	70,6550
8,9144	-29,678	70,6600
8,9261	-29,680	70,6650
8,9233	-29,682	70,6700
8,9214	-29,684	70,6750
8,9250	-29,686	70,6800
8,9208	-29,688	70,6850
8,9147	-29,690	70,6900
8,9251	-29,693	70,6950
8,9307	-29,695	70,7000
8,9283	-29,697	70,7050
8,9304	-29,699	70,7100
8,9305	-29,701	70,7150
8,9168	-29,703	70,7200
8,9232	-29,705	70,7250
8,9304	-29,707	70,7300
8,9255	-29,709	70,7350
8,9317	-29,711	70,7400
8,9344	-29,714	70,7450
8,9233	-29,716	70,7500
8,9268	-29,718	70,7550
8,9317	-29,720	70,7600
8,9213	-29,722	70,7650
8,9218	-29,724	70,7700
8,9351	-29,726	70,7750
8,9368	-29,728	70,7800
8,9317	-29,730	70,7850
8,9333	-29,732	70,7900
8,9353	-29,735	70,7950
8,9317	-29,737	70,8000
8,9359	-29,739	70,8050
8,9387	-29,741	70,8100
8,9290	-29,743	70,8150
8,9321	-29,745	70,8200
8,9393	-29,747	70,8250
8,9378	-29,749	70,8300
8,9417	-29,751	70,8350
8,9465	-29,753	70,8400
8,9450	-29,756	70,8450
8,9522	-29,758	70,8500
8,9524	-29,760	70,8550
8,9457	-29,762	70,8600
8,9375	-29,764	70,8650
8,9468	-29,766	70,8700
8,9484	-29,768	70,8750
8,9467	-29,770	70,8800
8,9428	-29,772	70,8850
8,9458	-29,774	70,8900
8,9456	-29,777	70,8950
8,9516	-29,779	70,9000
8,9539	-29,781	70,9050
8,9442	-29,783	70,9100
8,9458	-29,785	70,9150
8,9514	-29,787	70,9200
8,9481	-29,789	70,9250
8,9489	-29,791	70,9300
8,9528	-29,793	70,9350
8,9502	-29,795	70,9400
8,9507	-29,798	70,9450
8,9586	-29,800	70,9500
8,9530	-29,802	70,9550
8,9489	-29,804	70,9600
8,9558	-29,806	70,9650
8,9586	-29,808	70,9700
8,9467	-29,810	70,9750
8,9485	-29,812	70,9800
8,9566	-29,814	70,9850
8,9489	-29,816	70,9900
8,9555	-29,819	70,9950
8,9616	-29,821	71,0000
8,9567	-29,823	71,0050
8,9583	-29,825	71,0100
8,9629	-29,827	71,0150
8,9629	-29,829	71,0200
8,9600	-29,831	71,0250
8,9693	-29,833	71,0300
8,9594	-29,835	71,0350
8,9511	-29,837	71,0400
8,9587	-29,840	71,0450
8,9594	-29,842	71,0500
8,9565	-29,844	71,0550
8,9634	-29,846	71,0600
8,9644	-29,848	71,0650
8,9595	-29,850	71,0700
8,9668	-29,852	71,0750
8,9794	-29,854	71,0800
8,9684	-29,856	71,0850
8,9706	-29,858	71,0900
8,9742	-29,861	71,0950
8,9724	-29,863	71,1000
8,9720	-29,865	71,1050
8,9777	-29,867	71,1100
8,9741	-29,869	71,1150
8,9674	-29,871	71,1200
8,9760	-29,873	71,1250
8,9734	-29,875	71,1300
8,9707	-29,877	71,1350
8,9735	-29,879	71,1400
8,9696	-29,882	71,1450
8,9705	-29,884	71,1500
8,9772	-29,886	71,1550
8,9761	-29,888	71,1600
8,9771	-29,890	71,1650
8,9767	-29,892	71,1700
8,9796	-29,894	71,1750
8,9699	-29,896	71,1800
8,9748	-29,898	71,1850
8,9776	-29,900	71,1900
8,9725	-29,903	71,1950
8,9770	-29,905	71,2000
8,9741	-29,907	71,2050
8,9733	-29,909	71,2100
8,9804	-29,911	71,2150
8,9820	-29,913	71,2200
8,9803	-29,915	71,2250
8,9862	-29,917	71,2300
8,9939	-29,919	71,2350
8,9812	-29,921	71,2400
8,9774	-29,924	71,2450
8,9856	-29,926	71,2500
8,9889	-29,928	71,2550
8,9858	-29,930	71,2600
8,9853	-29,932	71,2650
8,9904	-29,934	71,2700
8,9815	-29,936	71,2750
8,9900	-29,938	71,2800
8,9991	-29,940	71,2850
8,9924	-29,942	71,2900
8,9915	-29,945	71,2950
8,9986	-29,947	71,3000
8,9933	-29,949	71,3050
8,9962	-29,951	71,3100
9,0009	-29,953	71,3150
8,9967	-29,955	71,3200
9,0013	-29,957	71,3250
9,0068	-29,959	71,3300
8,9911	-29,961	71,3350
8,9819	-29,963	71,3400
8,9905	-29,966	71,3450
8,9899	-29,968	71,3500
8,9906	-29,970	71,3550
8,9974	-29,972	71,3600
9,0038	-29,974	71,3650
8,9952	-29,976	71,3700
9,0000	-29,978	71,3750
9,0046	-29,980	71,3800
8,9930	-29,982	71,3850
8,9905	-29,984	71,3900
9,0043	-29,987	71,3950
9,0038	-29,989	71,4000
9,0001	-29,991	71,4050
9,0057	-29,993	71,4100
9,0007	-29,995	71,4150
8,9925	-29,997	71,4200
9,0037	-29,999	71,4250
8,9985	-30,001	71,4300
8,9943	-30,003	71,4350
9,0021	-30,005	71,4400
9,0073	-30,008	71,4450
9,0034	-30,010	71,4500
9,0028	-30,012	71,4550
9,0121	-30,014	71,4600
9,0065	-30,016	71,4650
9,0020	-30,018	71,4700
9,0018	-30,020	71,4750
8,9968	-30,022	71,4800
9,0004	-30,024	71,4850
9,0092	-30,026	71,4900
9,0098	-30,029	71,4950
9,0095	-30,031	71,5000
9,0168	-30,033	71,5050
9,0118	-30,035	71,5100
9,0083	-30,037	71,5150
9,0169	-30,039	71,5200
9,0151	-30,041	71,5250
9,0074	-30,043	71,5300
9,0112	-30,045	71,5350
9,0158	-30,047	71,5400
9,0162	-30,050	71,5450
9,0185	-30,052	71,5500
9,0226	-30,054	71,5550
9,0111	-30,056	71,5600
9,0172	-30,058	71,5650
9,0190	-30,060	71,5700
9,0146	-30,062	71,5750
9,0164	-30,064	71,5800
9,0269	-30,066	71,5850
9,0296	-30,068	71,5900
9,0206	-30,071	71,5950
9,0208	-30,073	71,6000
9,0184	-30,075	71,6050
9,0146	-30,077	71,6100
9,0238	-30,079	71,6150
9,0197	-30,081	71,6200
9,0194	-30,083	71,6250
9,0266	-30,085	71,6300
9,0240	-30,087	71,6350
9,0197	-30,089	71,6400
9,0216	-30,092	71,6450
9,0308	-30,094	71,6500
9,0243	-30,096	71,6550
9,0260	-30,098	71,6600
9,0305	-30,100	71,6650
9,0210	-30,102	71,6700
9,0227	-30,104	71,6750
9,0311	-30,106	71,6800
9,0279	-30,108	71,6850
9,0291	-30,110	71,6900
9,0366	-30,113	71,6950
9,0308	-30,115	71,7000
9,0219	-30,117	71,7050
9,0310	-30,119	71,7100
9,0311	-30,121	71,7150
9,0324	-30,123	71,7200
9,0408	-30,125	71,7250
9,0389	-30,127	71,7300
9,0327	-30,129	71,7350
9,0367	-30,131	71,7400
9,0493	-30,134	71,7450
9,0415	-30,136	71,7500
9,0373	-30,138	71,7550
9,0446	-30,140	71,7600
9,0326	-30,142	71,7650
9,0274	-30,144	71,7700
9,0374	-30,146	71,7750
9,0364	-30,148	71,7800
9,0328	-30,150	71,7850
9,0422	-30,152	71,7900
9,0463	-30,155	71,7950
9,0429	-30,157	71,8000
9,0464	-30,159	71,8050
9,0435	-30,161	71,8100
9,0384	-30,163	71,8150
9,0485	-30,165	71,8200
9,0546	-30,167	71,8250
9,0443	-30,169	71,8300
9,0406	-30,171	71,8350
9,0424	-30,173	71,8400
9,0373	-30,176	71,8450
9,0417	-30,178	71,8500
9,0540	-30,180	71,8550
9,0495	-30,182	71,8600
9,0510	-30,184	71,8650
9,0561	-30,186	71,8700
9,0531	-30,188	71,8750
9,0525	-30,190	71,8800
9,0550	-30,192	71,8850
9,0530	-30,194	71,8900
9,0488	-30,197	71,8950
9,0501	-30,199	71,9000
9,0472	-30,201	71,9050
9,0449	-30,203	71,9100
9,0530	-30,205	71,9150
9,0605	-30,207	71,9200
9,0606	-30,209	71,9250
9,0508	-30,211	71,9300
9,0566	-30,213	71,9350
9,0540	-30,215	71,9400
9,0583	-30,218	71,9450
9,0643	-30,220	71,9500
9,0583	-30,222	71,9550
9,0532	-30,224	71,9600
9,0659	-30,226	71,9650
9,0667	-30,228	71,9700
9,0655	-30,230	71,9750
9,0661	-30,232	71,9800
9,0629	-30,234	71,9850
9,0519	-30,236	71,9900
9,0652	-30,239	71,9950
9,0665	-30,241	72,0000
9,0614	-30,243	72,0050
9,0618	-30,245	72,0100
9,0644	-30,247	72,0150
9,0663	-30,249	72,0200
9,0658	-30,251	72,0250
9,0693	-30,253	72,0300
9,0700	-30,255	72,0350
9,0685	-30,257	72,0400
9,0768	-30,260	72,0450
9,0682	-30,262	72,0500
9,0610	-30,264	72,0550
9,0710	-30,266	72,0600
9,0703	-30,268	72,0650
9,0674	-30,270	72,0700
9,0707	-30,272	72,0750
9,0752	-30,274	72,0800
9,0650	-30,276	72,0850
9,0645	-30,278	72,0900
9,0671	-30,281	72,0950
9,0721	-30,283	72,1000
9,0812	-30,285	72,1050
9,0743	-30,287	72,1100
9,0682	-30,289	72,1150
9,0747	-30,291	72,1200
9,0879	-30,293	72,1250
9,0880	-30,295	72,1300
9,0802	-30,297	72,1350
9,0850	-30,299	72,1400
9,0790	-30,302	72,1450
9,0718	-30,304	72,1500
9,0813	-30,306	72,1550
9,0827	-30,308	72,1600
9,0731	-30,310	72,1650
9,0694	-30,312	72,1700
9,0775	-30,314	72,1750
9,0732	-30,316	72,1800
9,0811	-30,318	72,1850
9,0912	-30,320	72,1900
9,0882	-30,323	72,1950
9,0842	-30,325	72,2000
9,0891	-30,327	72,2050
9,0817	-30,329	72,2100
9,0793	-30,331	72,2150
9,0905	-30,333	72,2200
9,0939	-30,335	72,2250
9,0859	-30,337	72,2300
9,0898	-30,339	72,2350
9,0861	-30,341	72,2400
9,0828	-30,344	72,2450
9,0908	-30,346	72,2500
9,0897	-30,348	72,2550
9,0864	-30,350	72,2600
9,0897	-30,352	72,2650
9,0887	-30,354	72,2700
9,0816	-30,356	72,2750
9,0843	-30,358	72,2800
9,0902	-30,360	72,2850
9,0869	-30,362	72,2900
9,0962	-30,365	72,2950
9,1060	-30,367	72,3000
9,0975	-30,369	72,3050
9,0897	-30,371	72,3100
9,0971	-30,373	72,3150
9,0971	-30,375	72,3200
9,0951	-30,377	72,3250
9,0979	-30,379	72,3300
9,0975	-30,381	72,3350
9,0901	-30,383	72,3400
9,0921	-30,386	72,3450
9,0950	-30,388	72,3500
9,0966	-30,390	72,3550
9,1034	-30,392	72,3600
9,1025	-30,394	72,3650
9,1017	-30,396	72,3700
9,1055	-30,398	72,3750
9,1077	-30,400	72,3800
9,0962	-30,402	72,3850
9,0939	-30,404	72,3900
9,1116	-30,407	72,3950
9,1088	-30,409	72,4000
9,1094	-30,411	72,4050
9,1113	-30,413	72,4100
9,1002	-30,415	72,4150
9,0954	-30,417	72,4200
9,1053	-30,419	72,4250
9,1012	-30,421	72,4300
9,0951	-30,423	72,4350
9,1054	-30,425	72,4400
9,1062	-30,428	72,4450
9,1110	-30,430	72,4500
9,1169	-30,432	72,4550
9,1120	-30,434	72,4600
9,1008	-30,436	72,4650
9,1049	-30,438	72,4700
9,1126	-30,440	72,4750
9,1095	-30,442	72,4800
9,1093	-30,444	72,4850
9,1238	-30,446	72,4900
9,1243	-30,449	72,4950
9,1181	-30,451	72,5000
9,1202	-30,453	72,5050
9,1178	-30,455	72,5100
9,1142	-30,457	72,5150
9,1254	-30,459	72,5200
9,1243	-30,461	72,5250
9,1108	-30,463	72,5300
9,1200	-30,465	72,5350
9,1232	-30,467	72,5400
9,1198	-30,470	72,5450
9,1199	-30,472	72,5500
9,1277	-30,474	72,5550
9,1295	-30,476	72,5600
9,1287	-30,478	72,5650
9,1295	-30,480	72,5700
9,1190	-30,482	72,5750
9,1169	-30,484	72,5800
9,1308	-30,486	72,5850
9,1345	-30,488	72,5900
9,1298	-30,491	72,5950
9,1327	-30,493	72,6000
9,1328	-30,495	72,6050
9,1266	-30,497	72,6100
9,1350	-30,499	72,6150
9,1358	-30,501	72,6200
9,1232	-30,503	72,6250
9,1269	-30,505	72,6300
9,1310	-30,507	72,6350
9,1257	-30,509	72,6400
9,1260	-30,512	72,6450
9,1399	-30,514	72,6500
9,1274	-30,516	72,6550
9,1302	-30,518	72,6600
9,1383	-30,520	72,6650
9,1355	-30,522	72,6700
9,1397	-30,524	72,6750
9,1444	-30,526	72,6800
9,1315	-30,528	72,6850
9,1229	-30,530	72,6900
9,1329	-30,533	72,6950
9,1455	-30,535	72,7000
9,1373	-30,537	72,7050
9,1404	-30,539	72,7100
9,1418	-30,541	72,7150
9,1334	-30,543	72,7200
9,1394	-30,545	72,7250
9,1475	-30,547	72,7300
9,1404	-30,549	72,7350
9,1394	-30,551	72,7400
9,1441	-30,554	72,7450
9,1370	-30,556	72,7500
9,1405	-30,558	72,7550
9,1528	-30,560	72,7600
9,1404	-30,562	72,7650
9,1389	-30,564	72,7700
9,1519	-30,566	72,7750
9,1468	-30,568	72,7800
9,1428	-30,570	72,7850
9,1460	-30,572	72,7900
9,1442	-30,575	72,7950
9,1471	-30,577	72,8000
9,1577	-30,579	72,8050
9,1558	-30,581	72,8100
9,1448	-30,583	72,8150
9,1453	-30,585	72,8200
9,1502	-30,587	72,8250
9,1539	-30,589	72,8300
9,1537	-30,591	72,8350
9,1565	-30,593	72,8400
9,1514	-30,596	72,8450
9,1508	-30,598	72,8500
9,1579	-30,600	72,8550
9,1524	-30,602	72,8600
9,1542	-30,604	72,8650
9,1642	-30,606	72,8700
9,1632	-30,608	72,8750
9,1625	-30,610	72,8800
9,1656	-30,612	72,8850
9,1616	-30,614	72,8900
9,1519	-30,617	72,8950
9,1598	-30,619	72,9000
9,1587	-30,621	72,9050
9,1479	-30,623	72,9100
9,1564	-30,625	72,9150
9,1716	-30,627	72,9200
9,1685	-30,629	72,9250
9,1726	-30,631	72,9300
9,1777	-30,633	72,9350
9,1683	-30,635	72,9400
9,1607	-30,638	72,9450
9,1665	-30,640	72,9500
9,1672	-30,642	72,9550
9,1722	-30,644	72,9600
9,1845	-30,646	72,9650
9,1760	-30,648	72,9700
9,1723	-30,650	72,9750
9,1765	-30,652	72,9800
9,1808	-30,654	72,9850
9,1779	-30,656	72,9900
9,1775	-30,659	72,9950
9,1704	-30,661	73,0000
9,1595	-30,663	73,0050
9,1683	-30,665	73,0100
9,1746	-30,667	73,0150
9,1674	-30,669	73,0200
9,1701	-30,671	73,0250
9,1779	-30,673	73,0300
9,1728	-30,675	73,0350
9,1672	-30,677	73,0400
9,1761	-30,680	73,0450
9,1768	-30,682	73,0500
9,1716	-30,684	73,0550
9,1748	-30,686	73,0600
9,1716	-30,688	73,0650
9,1664	-30,690	73,0700
9,1753	-30,692	73,0750
9,1842	-30,694	73,0800
9,1761	-30,696	73,0850
9,1839	-30,698	73,0900
9,1859	-30,701	73,0950
9,1745	-30,703	73,1000
9,1708	-30,705	73,1050
9,1771	-30,707	73,1100
9,1729	-30,709	73,1150
9,1714	-30,711	73,1200
9,1823	-30,713	73,1250
9,1774	-30,715	73,1300
9,1762	-30,717	73,1350
9,1846	-30,719	73,1400
9,1799	-30,722	73,1450
9,1711	-30,724	73,1500
9,1807	-30,726	73,1550
9,1893	-30,728	73,1600
9,1876	-30,730	73,1650
9,1887	-30,732	73,1700
9,1884	-30,734	73,1750
9,1814	-30,736	73,1800
9,1879	-30,738	73,1850
9,1988	-30,740	73,1900
9,1966	-30,743	73,1950
9,1913	-30,745	73,2000
9,1936	-30,747	73,2050
9,1885	-30,749	73,2100
9,1890	-30,751	73,2150
9,2020	-30,753	73,2200
9,1956	-30,755	73,2250
9,1875	-30,757	73,2300
9,1916	-30,759	73,2350
9,1897	-30,761	73,2400
9,1814	-30,764	73,2450
9,1916	-30,766	73,2500
9,1942	-30,768	73,2550
9,1898	-30,770	73,2600
9,1912	-30,772	73,2650
9,2048	-30,774	73,2700
9,1985	-30,776	73,2750
9,1995	-30,778	73,2800
9,2064	-30,780	73,2850
9,1993	-30,782	73,2900
9,2018	-30,785	73,2950
9,2054	-30,787	73,3000
9,1958	-30,789	73,3050
9,1926	-30,791	73,3100
9,2038	-30,793	73,3150
9,2047	-30,795	73,3200
9,2029	-30,797	73,3250
9,2095	-30,799	73,3300
9,2073	-30,801	73,3350
9,1985	-30,803	73,3400
9,2043	-30,806	73,3450
9,2100	-30,808	73,3500
9,2093	-30,810	73,3550
9,2119	-30,812	73,3600
9,2142	-30,814	73,3650
9,2099	-30,816	73,3700
9,2142	-30,818	73,3750
9,2215	-30,820	73,3800
9,2166	-30,822	73,3850
9,2037	-30,824	73,3900
9,2038	-30,827	73,3950
9,2024	-30,829	73,4000
9,2030	-30,831	73,4050
9,2208	-30,833	73,4100
9,2204	-30,835	73,4150
9,2118	-30,837	73,4200
9,2215	-30,839	73,4250
9,2208	-30,841	73,4300
9,2112	-30,843	73,4350
9,2183	-30,845	73,4400
9,2174	-30,848	73,4450
9,2108	-30,850	73,4500
9,2156	-30,852	73,4550
9,2229	-30,854	73,4600
9,2223	-30,856	73,4650
9,2254	-30,858	73,4700
9,2283	-30,860	73,4750
9,2121	-30,862	73,4800
9,2056	-30,864	73,4850
9,2150	-30,866	73,4900
9,2169	-30,869	73,4950
9,2210	-30,871	73,5000
9,2302	-30,873	73,5050
9,2291	-30,875	73,5100
9,2177	-30,877	73,5150
9,2317	-30,879	73,5200
9,2314	-30,881	73,5250
9,2256	-30,883	73,5300
9,2279	-30,885	73,5350
9,2311	-30,887	73,5400
9,2271	-30,890	73,5450
9,2277	-30,892	73,5500
9,2302	-30,894	73,5550
9,2279	-30,896	73,5600
9,2294	-30,898	73,5650
9,2337	-30,900	73,5700
9,2276	-30,902	73,5750
9,2228	-30,904	73,5800
9,2280	-30,906	73,5850
9,2294	-30,908	73,5900
9,2267	-30,911	73,5950
9,2335	-30,913	73,6000
9,2350	-30,915	73,6050
9,2349	-30,917	73,6100
9,2471	-30,919	73,6150
9,2405	-30,921	73,6200
9,2282	-30,923	73,6250
9,2347	-30,925	73,6300
9,2407	-30,927	73,6350
9,2351	-30,929	73,6400
9,2379	-30,932	73,6450
9,2449	-30,934	73,6500
9,2367	-30,936	73,6550
9,2342	-30,938	73,6600
9,2416	-30,940	73,6650
9,2358	-30,942	73,6700
9,2398	-30,944	73,6750
9,2476	-30,946	73,6800
9,2406	-30,948	73,6850
9,2403	-30,950	73,6900
9,2481	-30,953	73,6950
9,2421	-30,955	73,7000
9,2314	-30,957	73,7050
9,2394	-30,959	73,7100
9,2462	-30,961	73,7150
9,2431	-30,963	73,7200
9,2401	-30,965	73,7250
9,2489	-30,967	73,7300
9,2488	-30,969	73,7350
9,2452	-30,971	73,7400
9,2493	-30,974	73,7450
9,2449	-30,976	73,7500
9,2449	-30,978	73,7550
9,2468	-30,980	73,7600
9,2469	-30,982	73,7650
9,2486	-30,984	73,7700
9,2619	-30,986	73,7750
9,2557	-30,988	73,7800
9,2465	-30,990	73,7850
9,2564	-30,992	73,7900
9,2573	-30,995	73,7950
9,2450	-30,997	73,8000
9,2532	-30,999	73,8050
9,2590	-31,001	73,8100
9,2543	-31,003	73,8150
9,2564	-31,005	73,8200
9,2616	-31,007	73,8250
9,2562	-31,009	73,8300
9,2593	-31,011	73,8350
9,2663	-31,013	73,8400
9,2601	-31,016	73,8450
9,2571	-31,018	73,8500
9,2680	-31,020	73,8550
9,2615	-31,022	73,8600
9,2526	-31,024	73,8650
9,2624	-31,026	73,8700
9,2629	-31,028	73,8750
9,2601	-31,030	73,8800
9,2693	-31,032	73,8850
9,2759	-31,034	73,8900
9,2669	-31,037	73,8950
9,2659	-31,039	73,9000
9,2688	-31,041	73,9050
9,2573	-31,043	73,9100
9,2646	-31,045	73,9150
9,2695	-31,047	73,9200
9,2606	-31,049	73,9250
9,2623	-31,051	73,9300
9,2746	-31,053	73,9350
9,2700	-31,055	73,9400
9,2710	-31,058	73,9450
9,2827	-31,060	73,9500
9,2785	-31,062	73,9550
9,2730	-31,064	73,9600
9,2765	-31,066	73,9650
9,2727	-31,068	73,9700
9,2673	-31,070	73,9750
9,2705	-31,072	73,9800
9,2744	-31,074	73,9850
9,2633	-31,076	73,9900
9,2683	-31,079	73,9950
9,2683	-31,081	74,0000
9,2621	-31,083	74,0050
9,2678	-31,085	74,0100
9,2802	-31,087	74,0150
9,2748	-31,089	74,0200
9,2665	-31,091	74,0250
9,2723	-31,093	74,0300
9,2732	-31,095	74,0350
9,2737	-31,097	74,0400
9,2865	-31,100	74,0450
9,2812	-31,102	74,0500
9,2737	-31,104	74,0550
9,2815	-31,106	74,0600
9,2869	-31,108	74,0650
9,2812	-31,110	74,0700
9,2761	-31,112	74,0750
9,2864	-31,114	74,0800
9,2867	-31,116	74,0850
9,2871	-31,118	74,0900
9,2860	-31,121	74,0950
9,2804	-31,123	74,1000
9,2825	-31,125	74,1050
9,2886	-31,127	74,1100
9,2799	-31,129	74,1150
9,2785	-31,131	74,1200
9,2929	-31,133	74,1250
9,2940	-31,135	74,1300
9,2906	-31,137	74,1350
9,2987	-31,139	74,1400
9,2873	-31,142	74,1450
9,2788	-31,144	74,1500
9,2785	-31,146	74,1550
9,2844	-31,148	74,1600
9,2872	-31,150	74,1650
9,2907	-31,152	74,1700
9,2886	-31,154	74,1750
9,2804	-31,156	74,1800
9,2903	-31,158	74,1850
9,2949	-31,160	74,1900
9,2878	-31,163	74,1950
9,2907	-31,165	74,2000
9,3064	-31,167	74,2050
9,3012	-31,169	74,2100
9,2914	-31,171	74,2150
9,2979	-31,173	74,2200
9,2964	-31,175	74,2250
9,2935	-31,177	74,2300
9,3060	-31,179	74,2350
9,3024	-31,181	74,2400
9,2945	-31,184	74,2450
9,2995	-31,186	74,2500
9,2991	-31,188	74,2550
9,3013	-31,190	74,2600
9,3049	-31,192	74,2650
9,3113	-31,194	74,2700
9,2969	-31,196	74,2750
9,2964	-31,198	74,2800
9,3006	-31,200	74,2850
9,2959	-31,202	74,2900
9,3035	-31,205	74,2950
9,3128	-31,207	74,3000
9,3066	-31,209	74,3050
9,2996	-31,211	74,3100
9,3095	-31,213	74,3150
9,3096	-31,215	74,3200
9,3018	-31,217	74,3250
9,3094	-31,219	74,3300
9,3087	-31,221	74,3350
9,3043	-31,223	74,3400
9,3128	-31,226	74,3450
9,3079	-31,228	74,3500
9,3041	-31,230	74,3550
9,3057	-31,232	74,3600
9,3105	-31,234	74,3650
9,3070	-31,236	74,3700
9,3094	-31,238	74,3750
9,3165	-31,240	74,3800
9,3156	-31,242	74,3850
9,3118	-31,244	74,3900
9,3231	-31,247	74,3950
9,3169	-31,249	74,4000
9,3137	-31,251	74,4050
9,3217	-31,253	74,4100
9,3206	-31,255	74,4150
9,3127	-31,257	74,4200
9,3250	-31,259	74,4250
9,3220	-31,261	74,4300
9,3143	-31,263	74,4350
9,3214	-31,265	74,4400
9,3249	-31,268	74,4450
9,3118	-31,270	74,4500
9,3072	-31,272	74,4550
9,3181	-31,274	74,4600
9,3122	-31,276	74,4650
9,3218	-31,278	74,4700
9,3221	-31,280	74,4750
9,3174	-31,282	74,4800
9,3273	-31,284	74,4850
9,3417	-31,286	74,4900
9,3363	-31,289	74,4950
9,3172	-31,291	74,5000
9,3243	-31,293	74,5050
9,3356	-31,295	74,5100
9,3283	-31,297	74,5150
9,3327	-31,299	74,5200
9,3289	-31,301	74,5250
9,3213	-31,303	74,5300
9,3312	-31,305	74,5350
9,3338	-31,307	74,5400
9,3321	-31,310	74,5450
9,3331	-31,312	74,5500
9,3406	-31,314	74,5550
9,3333	-31,316	74,5600
9,3360	-31,318	74,5650
9,3471	-31,320	74,5700
9,3407	-31,322	74,5750
9,3345	-31,324	74,5800
9,3338	-31,326	74,5850
9,3357	-31,328	74,5900
9,3332	-31,331	74,5950
9,3375	-31,333	74,6000
9,3403	-31,335	74,6050
9,3313	-31,337	74,6100
9,3381	-31,339	74,6150
9,3420	-31,341	74,6200
9,3364	-31,343	74,6250
9,3463	-31,345	74,6300
9,3466	-31,347	74,6350
9,3389	-31,349	74,6400
9,3437	-31,352	74,6450
9,3472	-31,354	74,6500
9,3439	-31,356	74,6550
9,3469	-31,358	74,6600
9,3543	-31,360	74,6650
9,3479	-31,362	74,6700
9,3439	-31,364	74,6750
9,3524	-31,366	74,6800
9,3491	-31,368	74,6850
9,3460	-31,370	74,6900
9,3555	-31,373	74,6950
9,3536	-31,375	74,7000
9,3436	-31,377	74,7050
9,3504	-31,379	74,7100
9,3510	-31,381	74,7150
9,3445	-31,383	74,7200
9,3543	-31,385	74,7250
9,3593	-31,387	74,7300
9,3553	-31,389	74,7350
9,3528	-31,391	74,7400
9,3607	-31,394	74,7450
9,3617	-31,396	74,7500
9,3600	-31,398	74,7550
9,3602	-31,400	74,7600
9,3481	-31,402	74,7650
9,3472	-31,404	74,7700
9,3574	-31,406	74,7750
9,3548	-31,408	74,7800
9,3466	-31,410	74,7850
9,3532	-31,412	74,7900
9,3594	-31,415	74,7950
9,3557	-31,417	74,8000
9,3637	-31,419	74,8050
9,3659	-31,421	74,8100
9,3589	-31,423	74,8150
9,3648	-31,425	74,8200
9,3655	-31,427	74,8250
9,3585	-31,429	74,8300
9,3606	-31,431	74,8350
9,3702	-31,433	74,8400
9,3610	-31,436	74,8450
9,3533	-31,438	74,8500
9,3595	-31,440	74,8550
9,3560	-31,442	74,8600
9,3559	-31,444	74,8650
9,3721	-31,446	74,8700
9,3725	-31,448	74,8750
9,3609	-31,450	74,8800
9,3618	-31,452	74,8850
9,3651	-31,454	74,8900
9,3688	-31,457	74,8950
9,3793	-31,459	74,9000
9,3778	-31,461	74,9050
9,3628	-31,463	74,9100
9,3630	-31,465	74,9150
9,3692	-31,467	74,9200
9,3681	-31,469	74,9250
9,3718	-31,471	74,9300
9,3847	-31,473	74,9350
9,3780	-31,475	74,9400
9,3753	-31,478	74,9450
9,3779	-31,480	74,9500
9,3700	-31,482	74,9550
9,3681	-31,484	74,9600
9,3801	-31,486	74,9650
9,3822	-31,488	74,9700
9,3794	-31,490	74,9750
9,3829	-31,492	74,9800
9,3819	-31,494	74,9850
9,3728	-31,496	74,9900
9,3802	-31,499	74,9950
9,3852	-31,501	75,0000
9,3723	-31,503	75,0050
9,3741	-31,505	75,0100
9,3834	-31,507	75,0150
9,3790	-31,509	75,0200
9,3766	-31,511	75,0250
9,3863	-31,513	75,0300
9,3822	-31,515	75,0350
9,3818	-31,517	75,0400
9,3952	-31,520	75,0450
9,3916	-31,522	75,0500
9,3834	-31,524	75,0550
9,3944	-31,526	75,0600
9,3881	-31,528	75,0650
9,3839	-31,530	75,0700
9,3894	-31,532	75,0750
9,3912	-31,534	75,0800
9,3805	-31,536	75,0850
9,3870	-31,538	75,0900
9,3982	-31,541	75,0950
9,3953	-31,543	75,1000
9,3948	-31,545	75,1050
9,3985	-31,547	75,1100
9,3895	-31,549	75,1150
9,3914	-31,551	75,1200
9,3993	-31,553	75,1250
9,3928	-31,555	75,1300
9,3920	-31,557	75,1350
9,4068	-31,559	75,1400
9,4051	-31,562	75,1450
9,3889	-31,564	75,1500
9,4021	-31,566	75,1550
9,3998	-31,568	75,1600
9,3893	-31,570	75,1650
9,3921	-31,572	75,1700
9,3997	-31,574	75,1750
9,3932	-31,576	75,1800
9,3963	-31,578	75,1850
9,4023	-31,580	75,1900
9,4004	-31,583	75,1950
9,4034	-31,585	75,2000
9,4112	-31,587	75,2050
9,4085	-31,589	75,2100
9,3980	-31,591	75,2150
9,4036	-31,593	75,2200
9,4090	-31,595	75,2250
9,4064	-31,597	75,2300
9,4178	-31,599	75,2350
9,4202	-31,601	75,2400
9,4108	-31,604	75,2450
9,4085	-31,606	75,2500
9,4132	-31,608	75,2550
9,4054	-31,610	75,2600
9,4051	-31,612	75,2650
9,4110	-31,614	75,2700
9,4059	-31,616	75,2750
9,4106	-31,618	75,2800
9,4127	-31,620	75,2850
9,4070	-31,622	75,2900
9,4066	-31,625	75,2950
9,4086	-31,627	75,3000
9,4068	-31,629	75,3050
9,4074	-31,631	75,3100
9,4178	-31,633	75,3150
9,4171	-31,635	75,3200
9,4126	-31,637	75,3250
9,4284	-31,639	75,3300
9,4251	-31,641	75,3350
9,4174	-31,643	75,3400
9,4251	-31,646	75,3450
9,4312	-31,648	75,3500
9,4186	-31,650	75,3550
9,4154	-31,652	75,3600
9,4215	-31,654	75,3650
9,4128	-31,656	75,3700
9,4166	-31,658	75,3750
9,4266	-31,660	75,3800
9,4227	-31,662	75,3850
9,4266	-31,664	75,3900
9,4251	-31,667	75,3950
9,4175	-31,669	75,4000
9,4195	-31,671	75,4050
9,4303	-31,673	75,4100
9,4267	-31,675	75,4150
9,4201	-31,677	75,4200
9,4354	-31,679	75,4250
9,4332	-31,681	75,4300
9,4258	-31,683	75,4350
9,4328	-31,685	75,4400
9,4297	-31,688	75,4450
9,4198	-31,690	75,4500
9,4241	-31,692	75,4550
9,4327	-31,694	75,4600
9,4314	-31,696	75,4650
9,4370	-31,698	75,4700
9,4414	-31,700	75,4750
9,4334	-31,702	75,4800
9,4257	-31,704	75,4850
9,4305	-31,706	75,4900
9,4305	-31,709	75,4950
9,4277	-31,711	75,5000
9,4363	-31,713	75,5050
9,4395	-31,715	75,5100
9,4345	-31,717	75,5150
9,4452	-31,719	75,5200
9,4430	-31,721	75,5250
9,4361	-31,723	75,5300
9,4450	-31,725	75,5350
9,4482	-31,727	75,5400
9,4451	-31,730	75,5450
9,4446	-31,732	75,5500
9,4477	-31,734	75,5550
9,4398	-31,736	75,5600
9,4316	-31,738	75,5650
9,4365	-31,740	75,5700
9,4396	-31,742	75,5750
9,4420	-31,744	75,5800
9,4501	-31,746	75,5850
9,4490	-31,748	75,5900
9,4364	-31,751	75,5950
9,4392	-31,753	75,6000
9,4429	-31,755	75,6050
9,4399	-31,757	75,6100
9,4520	-31,759	75,6150
9,4556	-31,761	75,6200
9,4437	-31,763	75,6250
9,4416	-31,765	75,6300
9,4454	-31,767	75,6350
9,4461	-31,769	75,6400
9,4490	-31,772	75,6450
9,4530	-31,774	75,6500
9,4511	-31,776	75,6550
9,4562	-31,778	75,6600
9,4610	-31,780	75,6650
9,4457	-31,782	75,6700
9,4402	-31,784	75,6750
9,4545	-31,786	75,6800
9,4599	-31,788	75,6850
9,4595	-31,790	75,6900
9,4603	-31,793	75,6950
9,4584	-31,795	75,7000
9,4497	-31,797	75,7050
9,4518	-31,799	75,7100
9,4514	-31,801	75,7150
9,4424	-31,803	75,7200
9,4487	-31,805	75,7250
9,4584	-31,807	75,7300
9,4567	-31,809	75,7350
9,4622	-31,811	75,7400
9,4698	-31,814	75,7450
9,4585	-31,816	75,7500
9,4604	-31,818	75,7550
9,4633	-31,820	75,7600
9,4571	-31,822	75,7650
9,4515	-31,824	75,7700
9,4598	-31,826	75,7750
9,4653	-31,828	75,7800
9,4608	-31,830	75,7850
9,4585	-31,832	75,7900
9,4622	-31,835	75,7950
9,4545	-31,837	75,8000
9,4589	-31,839	75,8050
9,4638	-31,841	75,8100
9,4626	-31,843	75,8150
9,4729	-31,845	75,8200
9,4784	-31,847	75,8250
9,4708	-31,849	75,8300
9,4697	-31,851	75,8350
9,4732	-31,853	75,8400
9,4673	-31,856	75,8450
9,4712	-31,858	75,8500
9,4836	-31,860	75,8550
9,4750	-31,862	75,8600
9,4705	-31,864	75,8650
9,4809	-31,866	75,8700
9,4773	-31,868	75,8750
9,4719	-31,870	75,8800
9,4773	-31,872	75,8850
9,4782	-31,874	75,8900
9,4746	-31,877	75,8950
9,4793	-31,879	75,9000
9,4746	-31,881	75,9050
9,4718	-31,883	75,9100
9,4738	-31,885	75,9150
9,4784	-31,887	75,9200
9,4770	-31,889	75,9250
9,4743	-31,891	75,9300
9,4849	-31,893	75,9350
9,4831	-31,895	75,9400
9,4735	-31,898	75,9450
9,4806	-31,900	75,9500
9,4768	-31,902	75,9550
9,4701	-31,904	75,9600
9,4832	-31,906	75,9650
9,4844	-31,908	75,9700
9,4792	-31,910	75,9750
9,4809	-31,912	75,9800
9,4887	-31,914	75,9850
9,4826	-31,916	75,9900
9,4876	-31,919	75,9950
9,4934	-31,921	76,0000
9,4886	-31,923	76,0050
9,4891	-31,925	76,0100
9,4914	-31,927	76,0150
9,4822	-31,929	76,0200
9,4785	-31,931	76,0250
9,4866	-31,933	76,0300
9,4892	-31,935	76,0350
9,4916	-31,937	76,0400
9,5015	-31,940	76,0450
9,5000	-31,942	76,0500
9,4927	-31,944	76,0550
9,4971	-31,946	76,0600
9,4986	-31,948	76,0650
9,4927	-31,950	76,0700
9,4937	-31,952	76,0750
9,4984	-31,954	76,0800
9,4917	-31,956	76,0850
9,4931	-31,958	76,0900
9,4920	-31,961	76,0950
9,4833	-31,963	76,1000
9,4889	-31,965	76,1050
9,5056	-31,967	76,1100
9,5055	-31,969	76,1150
9,4967	-31,971	76,1200
9,5016	-31,973	76,1250
9,5011	-31,975	76,1300
9,4970	-31,977	76,1350
9,5076	-31,979	76,1400
9,5027	-31,982	76,1450
9,4955	-31,984	76,1500
9,5037	-31,986	76,1550
9,5090	-31,988	76,1600
9,5094	-31,990	76,1650
9,5089	-31,992	76,1700
9,5076	-31,994	76,1750
9,4939	-31,996	76,1800
9,5012	-31,998	76,1850
9,5137	-32,000	76,1900
9,5071	-32,003	76,1950
9,5110	-32,005	76,2000
9,5159	-32,007	76,2050
9,5068	-32,009	76,2100
9,5059	-32,011	76,2150
9,5182	-32,013	76,2200
9,5121	-32,015	76,2250
9,5096	-32,017	76,2300
9,5167	-32,019	76,2350
9,5102	-32,021	76,2400
9,5056	-32,024	76,2450
9,5156	-32,026	76,2500
9,5177	-32,028	76,2550
9,5156	-32,030	76,2600
9,5170	-32,032	76,2650
9,5281	-32,034	76,2700
9,5204	-32,036	76,2750
9,5178	-32,038	76,2800
9,5184	-32,040	76,2850
9,5195	-32,042	76,2900
9,5252	-32,045	76,2950
9,5309	-32,047	76,3000
9,5155	-32,049	76,3050
9,5058	-32,051	76,3100
9,5150	-32,053	76,3150
9,5187	-32,055	76,3200
9,5157	-32,057	76,3250
9,5228	-32,059	76,3300
9,5208	-32,061	76,3350
9,5084	-32,063	76,3400
9,5180	-32,066	76,3450
9,5254	-32,068	76,3500
9,5258	-32,070	76,3550
9,5288	-32,072	76,3600
9,5323	-32,074	76,3650
9,5260	-32,076	76,3700
9,5271	-32,078	76,3750
9,5301	-32,080	76,3800
9,5267	-32,082	76,3850
9,5256	-32,084	76,3900
9,5300	-32,087	76,3950
9,5302	-32,089	76,4000
9,5265	-32,091	76,4050
9,5280	-32,093	76,4100
9,5266	-32,095	76,4150
9,5275	-32,097	76,4200
9,5400	-32,099	76,4250
9,5414	-32,101	76,4300
9,5285	-32,103	76,4350
9,5367	-32,105	76,4400
9,5407	-32,108	76,4450
9,5339	-32,110	76,4500
9,5366	-32,112	76,4550
9,5465	-32,114	76,4600
9,5366	-32,116	76,4650
9,5377	-32,118	76,4700
9,5402	-32,120	76,4750
9,5343	-32,122	76,4800
9,5403	-32,124	76,4850
9,5452	-32,126	76,4900
9,5378	-32,129	76,4950
9,5357	-32,131	76,5000
9,5455	-32,133	76,5050
9,5457	-32,135	76,5100
9,5354	-32,137	76,5150
9,5411	-32,139	76,5200
9,5449	-32,141	76,5250
9,5385	-32,143	76,5300
9,5486	-32,145	76,5350
9,5535	-32,147	76,5400
9,5442	-32,150	76,5450
9,5467	-32,152	76,5500
9,5530	-32,154	76,5550
9,5470	-32,156	76,5600
9,5471	-32,158	76,5650
9,5518	-32,160	76,5700
9,5438	-32,162	76,5750
9,5478	-32,164	76,5800
9,5605	-32,166	76,5850
9,5535	-32,168	76,5900
9,5405	-32,171	76,5950
9,5522	-32,173	76,6000
9,5615	-32,175	76,6050
9,5540	-32,177	76,6100
9,5492	-32,179	76,6150
9,5504	-32,181	76,6200
9,5440	-32,183	76,6250
9,5553	-32,185	76,6300
9,5625	-32,187	76,6350
9,5596	-32,189	76,6400
9,5578	-32,192	76,6450
9,5642	-32,194	76,6500
9,5600	-32,196	76,6550
9,5620	-32,198	76,6600
9,5669	-32,200	76,6650
9,5571	-32,202	76,6700
9,5564	-32,204	76,6750
9,5659	-32,206	76,6800
9,5595	-32,208	76,6850
9,5524	-32,210	76,6900
9,5596	-32,213	76,6950
9,5617	-32,215	76,7000
9,5609	-32,217	76,7050
9,5654	-32,219	76,7100
9,5646	-32,221	76,7150
9,5592	-32,223	76,7200
9,5689	-32,225	76,7250
9,5792	-32,227	76,7300
9,5736	-32,229	76,7350
9,5617	-32,231	76,7400
9,5650	-32,234	76,7450
9,5584	-32,236	76,7500
9,5609	-32,238	76,7550
9,5601	-32,240	76,7600
9,5562	-32,242	76,7650
9,5610	-32,244	76,7700
9,5741	-32,246	76,7750
9,5690	-32,248	76,7800
9,5575	-32,250	76,7850
9,5654	-32,252	76,7900
9,5689	-32,255	76,7950
9,5646	-32,257	76,8000
9,5758	-32,259	76,8050
9,5738	-32,261	76,8100
9,5621	-32,263	76,8150
9,5708	-32,265	76,8200
9,5793	-32,267	76,8250
9,5750	-32,269	76,8300
9,5739	-32,271	76,8350
9,5881	-32,273	76,8400
9,5754	-32,276	76,8450
9,5695	-32,278	76,8500
9,5753	-32,280	76,8550
9,5743	-32,282	76,8600
9,5795	-32,284	76,8650
9,5861	-32,286	76,8700
9,5781	-32,288	76,8750
9,5676	-32,290	76,8800
9,5725	-32,292	76,8850
9,5783	-32,294	76,8900
9,5808	-32,297	76,8950
9,5948	-32,299	76,9000
9,5925	-32,301	76,9050
9,5753	-32,303	76,9100
9,5687	-32,305	76,9150
9,5744	-32,307	76,9200
9,5836	-32,309	76,9250
9,5849	-32,311	76,9300
9,5910	-32,313	76,9350
9,5863	-32,315	76,9400
9,5796	-32,318	76,9450
9,5823	-32,320	76,9500
9,5840	-32,322	76,9550
9,5844	-32,324	76,9600
9,5936	-32,326	76,9650
9,5887	-32,328	76,9700
9,5821	-32,330	76,9750
9,5901	-32,332	76,9800
9,5970	-32,334	76,9850
9,5834	-32,336	76,9900
9,5847	-32,339	76,9950
9,5922	-32,341	77,0000
9,5794	-32,343	77,0050
9,5857	-32,345	77,0100
9,6008	-32,347	77,0150
9,6041	-32,349	77,0200
9,5992	-32,351	77,0250
9,6026	-32,353	77,0300
9,5969	-32,355	77,0350
9,5939	-32,357	77,0400
9,5981	-32,360	77,0450
9,5911	-32,362	77,0500
9,5883	-32,364	77,0550
9,6045	-32,366	77,0600
9,6081	-32,368	77,0650
9,6017	-32,370	77,0700
9,5968	-32,372	77,0750
9,6003	-32,374	77,0800
9,5975	-32,376	77,0850
9,6040	-32,378	77,0900
9,6090	-32,381	77,0950
9,5996	-32,383	77,1000
9,6020	-32,385	77,1050
9,6070	-32,387	77,1100
9,5958	-32,389	77,1150
9,5994	-32,391	77,1200
9,6104	-32,393	77,1250
9,6052	-32,395	77,1300
9,6044	-32,397	77,1350
9,6054	-32,399	77,1400
9,6044	-32,402	77,1450
9,5986	-32,404	77,1500
9,6092	-32,406	77,1550
9,6147	-32,408	77,1600
9,6115	-32,410	77,1650
9,6134	-32,412	77,1700
9,6119	-32,414	77,1750
9,6064	-32,416	77,1800
9,6227	-32,418	77,1850
9,6211	-32,420	77,1900
9,6099	-32,423	77,1950
9,6058	-32,425	77,2000
9,6152	-32,427	77,2050
9,6194	-32,429	77,2100
9,6208	-32,431	77,2150
9,6296	-32,433	77,2200
9,6218	-32,435	77,2250
9,6096	-32,437	77,2300
9,6157	-32,439	77,2350
9,6213	-32,441	77,2400
9,6204	-32,444	77,2450
9,6291	-32,446	77,2500
9,6232	-32,448	77,2550
9,6139	-32,450	77,2600
9,6221	-32,452	77,2650
9,6276	-32,454	77,2700
9,6126	-32,456	77,2750
9,6130	-32,458	77,2800
9,6216	-32,460	77,2850
9,6148	-32,462	77,2900
9,6197	-32,465	77,2950
9,6225	-32,467	77,3000
9,6216	-32,469	77,3050
9,6255	-32,471	77,3100
9,6379	-32,473	77,3150
9,6278	-32,475	77,3200
9,6200	-32,477	77,3250
9,6230	-32,479	77,3300
9,6207	-32,481	77,3350
9,6200	-32,483	77,3400
9,6389	-32,486	77,3450
9,6358	-32,488	77,3500
9,6279	-32,490	77,3550
9,6334	-32,492	77,3600
9,6391	-32,494	77,3650
9,6262	-32,496	77,3700
9,6335	-32,498	77,3750
9,6402	-32,500	77,3800
9,6314	-32,502	77,3850
9,6352	-32,504	77,3900
9,6440	-32,507	77,3950
9,6397	-32,509	77,4000
9,6346	-32,511	77,4050
9,6388	-32,513	77,4100
9,6312	-32,515	77,4150
9,6259	-32,517	77,4200
9,6362	-32,519	77,4250
9,6440	-32,521	77,4300
9,6381	-32,523	77,4350
9,6494	-32,525	77,4400
9,6509	-32,528	77,4450
9,6397	-32,530	77,4500
9,6382	-32,532	77,4550
9,6459	-32,534	77,4600
9,6352	-32,536	77,4650
9,6421	-32,538	77,4700
9,6487	-32,540	77,4750
9,6462	-32,542	77,4800
9,6458	-32,544	77,4850
9,6555	-32,546	77,4900
9,6526	-32,549	77,4950
9,6467	-32,551	77,5000
9,6479	-32,553	77,5050
9,6414	-32,555	77,5100
9,6360	-32,557	77,5150
9,6467	-32,559	77,5200
9,6472	-32,561	77,5250
9,6492	-32,563	77,5300
9,6576	-32,565	77,5350
9,6570	-32,567	77,5400
9,6469	-32,570	77,5450
9,6441	-32,572	77,5500
9,6522	-32,574	77,5550
9,6506	-32,576	77,5600
9,6508	-32,578	77,5650
9,6533	-32,580	77,5700
9,6448	-32,582	77,5750
9,6479	-32,584	77,5800
9,6513	-32,586	77,5850
9,6498	-32,588	77,5900
9,6524	-32,591	77,5950
9,6633	-32,593	77,6000
9,6626	-32,595	77,6050
9,6575	-32,597	77,6100
9,6641	-32,599	77,6150
9,6610	-32,601	77,6200
9,6503	-32,603	77,6250
9,6592	-32,605	77,6300
9,6679	-32,607	77,6350
9,6628	-32,609	77,6400
9,6575	-32,612	77,6450
9,6622	-32,614	77,6500
9,6579	-32,616	77,6550
9,6649	-32,618	77,6600
9,6744	-32,620	77,6650
9,6624	-32,622	77,6700
9,6578	-32,624	77,6750
9,6696	-32,626	77,6800
9,6732	-32,628	77,6850
9,6708	-32,630	77,6900
9,6757	-32,633	77,6950
9,6753	-32,635	77,7000
9,6677	-32,637	77,7050
9,6711	-32,639	77,7100
9,6711	-32,641	77,7150
9,6671	-32,643	77,7200
9,6767	-32,645	77,7250
9,6860	-32,647	77,7300
9,6791	-32,649	77,7350
9,6766	-32,651	77,7400
9,6802	-32,654	77,7450
9,6724	-32,656	77,7500
9,6766	-32,658	77,7550
9,6819	-32,660	77,7600
9,6725	-32,662	77,7650
9,6738	-32,664	77,7700
9,6866	-32,666	77,7750
9,6850	-32,668	77,7800
9,6811	-32,670	77,7850
9,6865	-32,672	77,7900
9,6869	-32,675	77,7950
9,6749	-32,677	77,8000
9,6724	-32,679	77,8050
9,6733	-32,681	77,8100
9,6715	-32,683	77,8150
9,6762	-32,685	77,8200
9,6743	-32,687	77,8250
9,6766	-32,689	77,8300
9,6817	-32,691	77,8350
9,6970	-32,693	77,8400
9,6905	-32,696	77,8450
9,6806	-32,698	77,8500
9,6869	-32,700	77,8550
9,6854	-32,702	77,8600
9,6816	-32,704	77,8650
9,6876	-32,706	77,8700
9,6861	-32,708	77,8750
9,6903	-32,710	77,8800
9,6916	-32,712	77,8850
9,6883	-32,714	77,8900
9,6823	-32,717	77,8950
9,6938	-32,719	77,9000
9,6947	-32,721	77,9050
9,6907	-32,723	77,9100
9,6921	-32,725	77,9150
9,6963	-32,727	77,9200
9,6907	-32,729	77,9250
9,6912	-32,731	77,9300
9,7011	-32,733	77,9350
9,6953	-32,735	77,9400
9,6877	-32,738	77,9450
9,6995	-32,740	77,9500
9,6954	-32,742	77,9550
9,6928	-32,744	77,9600
9,7081	-32,746	77,9650
9,7043	-32,748	77,9700
9,6976	-32,750	77,9750
9,6991	-32,752	77,9800
9,6969	-32,754	77,9850
9,6937	-32,756	77,9900
9,7059	-32,759	77,9950
9,7052	-32,761	78,0000
9,6947	-32,763	78,0050
9,7048	-32,765	78,0100
9,7099	-32,767	78,0150
9,7103	-32,769	78,0200
9,7078	-32,771	78,0250
9,7117	-32,773	78,0300
9,7072	-32,775	78,0350
9,7122	-32,777	78,0400
9,7182	-32,780	78,0450
9,7060	-32,782	78,0500
9,6977	-32,784	78,0550
9,6998	-32,786	78,0600
9,7050	-32,788	78,0650
9,7107	-32,790	78,0700
9,7157	-32,792	78,0750
9,7148	-32,794	78,0800
9,7022	-32,796	78,0850
9,7143	-32,798	78,0900
9,7269	-32,801	78,0950
9,7202	-32,803	78,1000
9,7180	-32,805	78,1050
9,7183	-32,807	78,1100
9,7083	-32,809	78,1150
9,7050	-32,811	78,1200
9,7222	-32,813	78,1250
9,7240	-32,815	78,1300
9,7247	-32,817	78,1350
9,7291	-32,819	78,1400
9,7110	-32,822	78,1450
9,7003	-32,824	78,1500
9,7096	-32,826	78,1550
9,7169	-32,828	78,1600
9,7126	-32,830	78,1650
9,7157	-32,832	78,1700
9,7194	-32,834	78,1750
9,7102	-32,836	78,1800
9,7177	-32,838	78,1850
9,7276	-32,840	78,1900
9,7214	-32,843	78,1950
9,7172	-32,845	78,2000
9,7206	-32,847	78,2050
9,7135	-32,849	78,2100
9,7142	-32,851	78,2150
9,7260	-32,853	78,2200
9,7242	-32,855	78,2250
9,7192	-32,857	78,2300
9,7242	-32,859	78,2350
9,7274	-32,861	78,2400
9,7235	-32,864	78,2450
9,7284	-32,866	78,2500
9,7274	-32,868	78,2550
9,7244	-32,870	78,2600
9,7295	-32,872	78,2650
9,7386	-32,874	78,2700
9,7285	-32,876	78,2750
9,7323	-32,878	78,2800
9,7385	-32,880	78,2850
9,7311	-32,882	78,2900
9,7391	-32,885	78,2950
9,7485	-32,887	78,3000
9,7369	-32,889	78,3050
9,7333	-32,891	78,3100
9,7405	-32,893	78,3150
9,7322	-32,895	78,3200
9,7264	-32,897	78,3250
9,7369	-32,899	78,3300
9,7369	-32,901	78,3350
9,7336	-32,903	78,3400
9,7402	-32,906	78,3450
9,7355	-32,908	78,3500
9,7366	-32,910	78,3550
9,7438	-32,912	78,3600
9,7468	-32,914	78,3650
9,7361	-32,916	78,3700
9,7379	-32,918	78,3750
9,7372	-32,920	78,3800
9,7336	-32,922	78,3850
9,7402	-32,924	78,3900
9,7486	-32,927	78,3950
9,7421	-32,929	78,4000
9,7356	-32,931	78,4050
9,7416	-32,933	78,4100
9,7398	-32,935	78,4150
9,7433	-32,937	78,4200
9,7512	-32,939	78,4250
9,7404	-32,941	78,4300
9,7297	-32,943	78,4350
9,7353	-32,945	78,4400
9,7431	-32,948	78,4450
9,7488	-32,950	78,4500
9,7513	-32,952	78,4550
9,7529	-32,954	78,4600
9,7441	-32,956	78,4650
9,7531	-32,958	78,4700
9,7599	-32,960	78,4750
9,7517	-32,962	78,4800
9,7502	-32,964	78,4850
9,7584	-32,966	78,4900
9,7522	-32,969	78,4950
9,7499	-32,971	78,5000
9,7593	-32,973	78,5050
9,7574	-32,975	78,5100
9,7506	-32,977	78,5150
9,7578	-32,979	78,5200
9,7580	-32,981	78,5250
9,7553	-32,983	78,5300
9,7694	-32,985	78,5350
9,7671	-32,987	78,5400
9,7671	-32,990	78,5450
9,7645	-32,992	78,5500
9,7666	-32,994	78,5550
9,7575	-32,996	78,5600
9,7624	-32,998	78,5650
9,7687	-33,000	78,5700
9,7593	-33,002	78,5750
9,7596	-33,004	78,5800
9,7742	-33,006	78,5850
9,7688	-33,008	78,5900
9,7564	-33,011	78,5950
9,7655	-33,013	78,6000
9,7678	-33,015	78,6050
9,7603	-33,017	78,6100
9,7676	-33,019	78,6150
9,7639	-33,021	78,6200
9,7569	-33,023	78,6250
9,7675	-33,025	78,6300
9,7734	-33,027	78,6350
9,7727	-33,029	78,6400
9,7717	-33,032	78,6450
9,7755	-33,034	78,6500
9,7612	-33,036	78,6550
9,7620	-33,038	78,6600
9,7761	-33,040	78,6650
9,7691	-33,042	78,6700
9,7659	-33,044	78,6750
9,7821	-33,046	78,6800
9,7798	-33,048	78,6850
9,7690	-33,050	78,6900
9,7691	-33,053	78,6950
9,7715	-33,055	78,7000
9,7697	-33,057	78,7050
9,7772	-33,059	78,7100
9,7774	-33,061	78,7150
9,7726	-33,063	78,7200
9,7756	-33,065	78,7250
9,7759	-33,067	78,7300
9,7742	-33,069	78,7350
9,7719	-33,071	78,7400
9,7814	-33,074	78,7450
9,7731	-33,076	78,7500
9,7673	-33,078	78,7550
9,7788	-33,080	78,7600
9,7855	-33,082	78,7650
9,7846	-33,084	78,7700
9,7927	-33,086	78,7750
9,7899	-33,088	78,7800
9,7872	-33,090	78,7850
9,7912	-33,092	78,7900
9,7868	-33,095	78,7950
9,7763	-33,097	78,8000
9,7818	-33,099	78,8050
9,7838	-33,101	78,8100
9,7827	-33,103	78,8150
9,7910	-33,105	78,8200
9,7944	-33,107	78,8250
9,7975	-33,109	78,8300
9,7950	-33,111	78,8350
9,7987	-33,113	78,8400
9,7858	-33,116	78,8450
9,7839	-33,118	78,8500
9,7946	-33,120	78,8550
9,7925	-33,122	78,8600
9,7837	-33,124	78,8650
9,7852	-33,126	78,8700
9,7899	-33,128	78,8750
9,7897	-33,130	78,8800
9,7996	-33,132	78,8850
9,8056	-33,134	78,8900
9,7957	-33,137	78,8950
9,7998	-33,139	78,9000
9,7990	-33,141	78,9050
9,7877	-33,143	78,9100
9,7941	-33,145	78,9150
9,7927	-33,147	78,9200
9,7831	-33,149	78,9250
9,7835	-33,151	78,9300
9,7982	-33,153	78,9350
9,8018	-33,155	78,9400
9,8049	-33,158	78,9450
9,8089	-33,160	78,9500
9,8050	-33,162	78,9550
9,8011	-33,164	78,9600
9,8120	-33,166	78,9650
9,8031	-33,168	78,9700
9,7942	-33,170	78,9750
9,8049	-33,172	78,9800
9,8086	-33,174	78,9850
9,8086	-33,176	78,9900
9,8253	-33,179	78,9950
9,8208	-33,181	79,0000
9,8012	-33,183	79,0050
9,8011	-33,185	79,0100
9,8071	-33,187	79,0150
9,8066	-33,189	79,0200
9,8029	-33,191	79,0250
9,8116	-33,193	79,0300
9,8155	-33,195	79,0350
9,8144	-33,197	79,0400
9,8178	-33,200	79,0450
9,8080	-33,202	79,0500
9,8066	-33,204	79,0550
9,8158	-33,206	79,0600
9,8160	-33,208	79,0650
9,8148	-33,210	79,0700
9,8168	-33,212	79,0750
9,8173	-33,214	79,0800
9,8163	-33,216	79,0850
9,8244	-33,218	79,0900
9,8248	-33,221	79,0950
9,8132	-33,223	79,1000
9,8116	-33,225	79,1050
9,8192	-33,227	79,1100
9,8199	-33,229	79,1150
9,8216	-33,231	79,1200
9,8299	-33,233	79,1250
9,8250	-33,235	79,1300
9,8177	-33,237	79,1350
9,8233	-33,239	79,1400
9,8198	-33,242	79,1450
9,8173	-33,244	79,1500
9,8274	-33,246	79,1550
9,8266	-33,248	79,1600
9,8241	-33,250	79,1650
9,8253	-33,252	79,1700
9,8299	-33,254	79,1750
9,8280	-33,256	79,1800
9,8334	-33,258	79,1850
9,8301	-33,260	79,1900
9,8120	-33,263	79,1950
9,8145	-33,265	79,2000
9,8233	-33,267	79,2050
9,8290	-33,269	79,2100
9,8292	-33,271	79,2150
9,8395	-33,273	79,2200
9,8338	-33,275	79,2250
9,8281	-33,277	79,2300
9,8327	-33,279	79,2350
9,8281	-33,281	79,2400
9,8232	-33,284	79,2450
9,8333	-33,286	79,2500
9,8349	-33,288	79,2550
9,8295	-33,290	79,2600
9,8370	-33,292	79,2650
9,8447	-33,294	79,2700
9,8374	-33,296	79,2750
9,8419	-33,298	79,2800
9,8478	-33,300	79,2850
9,8478	-33,302	79,2900
9,8435	-33,305	79,2950
9,8440	-33,307	79,3000
9,8399	-33,309	79,3050
9,8411	-33,311	79,3100
9,8485	-33,313	79,3150
9,8398	-33,315	79,3200
9,8341	-33,317	79,3250
9,8407	-33,319	79,3300
9,8422	-33,321	79,3350
9,8380	-33,323	79,3400
9,8507	-33,326	79,3450
9,8515	-33,328	79,3500
9,8407	-33,330	79,3550
9,8456	-33,332	79,3600
9,8555	-33,334	79,3650
9,8508	-33,336	79,3700
9,8500	-33,338	79,3750
9,8458	-33,340	79,3800
9,8375	-33,342	79,3850
9,8423	-33,344	79,3900
9,8544	-33,347	79,3950
9,8576	-33,349	79,4000
9,8512	-33,351	79,4050
9,8468	-33,353	79,4100
9,8456	-33,355	79,4150
9,8472	-33,357	79,4200
9,8579	-33,359	79,4250
9,8613	-33,361	79,4300
9,8431	-33,363	79,4350
9,8502	-33,365	79,4400
9,8598	-33,368	79,4450
9,8526	-33,370	79,4500
9,8562	-33,372	79,4550
9,8672	-33,374	79,4600
9,8559	-33,376	79,4650
9,8610	-33,378	79,4700
9,8641	-33,380	79,4750
9,8534	-33,382	79,4800
9,8478	-33,384	79,4850
9,8530	-33,386	79,4900
9,8581	-33,389	79,4950
9,8610	-33,391	79,5000
9,8657	-33,393	79,5050
9,8608	-33,395	79,5100
9,8547	-33,397	79,5150
9,8616	-33,399	79,5200
9,8664	-33,401	79,5250
9,8635	-33,403	79,5300
9,8695	-33,405	79,5350
9,8702	-33,407	79,5400
9,8651	-33,410	79,5450
9,8631	-33,412	79,5500
9,8684	-33,414	79,5550
9,8605	-33,416	79,5600
9,8689	-33,418	79,5650
9,8776	-33,420	79,5700
9,8744	-33,422	79,5750
9,8680	-33,424	79,5800
9,8714	-33,426	79,5850
9,8677	-33,428	79,5900
9,8651	-33,431	79,5950
9,8693	-33,433	79,6000
9,8679	-33,435	79,6050
9,8646	-33,437	79,6100
9,8713	-33,439	79,6150
9,8736	-33,441	79,6200
9,8772	-33,443	79,6250
9,8881	-33,445	79,6300
9,8762	-33,447	79,6350
9,8646	-33,449	79,6400
9,8655	-33,452	79,6450
9,8724	-33,454	79,6500
9,8697	-33,456	79,6550
9,8679	-33,458	79,6600
9,8749	-33,460	79,6650
9,8720	-33,462	79,6700
9,8739	-33,464	79,6750
9,8843	-33,466	79,6800
9,8783	-33,468	79,6850
9,8728	-33,470	79,6900
9,8817	-33,473	79,6950
9,8772	-33,475	79,7000
9,8728	-33,477	79,7050
9,8865	-33,479	79,7100
9,8836	-33,481	79,7150
9,8815	-33,483	79,7200
9,8912	-33,485	79,7250
9,8907	-33,487	79,7300
9,8898	-33,489	79,7350
9,8909	-33,491	79,7400
9,8914	-33,494	79,7450
9,8799	-33,496	79,7500
9,8794	-33,498	79,7550
9,8903	-33,500	79,7600
9,8902	-33,502	79,7650
9,8871	-33,504	79,7700
9,8968	-33,506	79,7750
9,8967	-33,508	79,7800
9,8853	-33,510	79,7850
9,8882	-33,512	79,7900
9,8884	-33,515	79,7950
9,8858	-33,517	79,8000
9,8967	-33,519	79,8050
9,8961	-33,521	79,8100
9,8873	-33,523	79,8150
9,8914	-33,525	79,8200
9,8980	-33,527	79,8250
9,8981	-33,529	79,8300
9,8975	-33,531	79,8350
9,9050	-33,533	79,8400
9,9032	-33,536	79,8450
9,8997	-33,538	79,8500
9,9031	-33,540	79,8550
9,8970	-33,542	79,8600
9,8889	-33,544	79,8650
9,8956	-33,546	79,8700
9,9024	-33,548	79,8750
9,9016	-33,550	79,8800
9,9056	-33,552	79,8850
9,9090	-33,554	79,8900
9,9014	-33,557	79,8950
9,9065	-33,559	79,9000
9,9051	-33,561	79,9050
9,8971	-33,563	79,9100
9,9032	-33,565	79,9150
9,9045	-33,567	79,9200
9,9002	-33,569	79,9250
9,9023	-33,571	79,9300
9,9068	-33,573	79,9350
9,9004	-33,575	79,9400
9,9010	-33,578	79,9450
9,9129	-33,580	79,9500
9,9154	-33,582	79,9550
9,9058	-33,584	79,9600
9,9093	-33,586	79,9650
9,9083	-33,588	79,9700
9,9107	-33,590	79,9750
9,9168	-33,592	79,9800
9,9123	-33,594	79,9850
9,9095	-33,596	79,9900
9,9232	-33,599	79,9950
9,9263	-33,601	80,0000
9,9103	-33,603	80,0050
9,9102	-33,605	80,0100
9,9192	-33,607	80,0150
9,9103	-33,609	80,0200
9,9063	-33,611	80,0250
9,9160	-33,613	80,0300
9,9156	-33,615	80,0350
9,9211	-33,617	80,0400
9,9324	-33,620	80,0450
9,9262	-33,622	80,0500
9,9171	-33,624	80,0550
9,9226	-33,626	80,0600
9,9198	-33,628	80,0650
9,9173	-33,630	80,0700
9,9271	-33,632	80,0750
9,9281	-33,634	80,0800
9,9180	-33,636	80,0850
9,9230	-33,638	80,0900
9,9297	-33,641	80,0950
9,9279	-33,643	80,1000
9,9298	-33,645	80,1050
9,9256	-33,647	80,1100
9,9190	-33,649	80,1150
9,9227	-33,651	80,1200
9,9356	-33,653	80,1250
9,9309	-33,655	80,1300
9,9254	-33,657	80,1350
9,9257	-33,659	80,1400
9,9233	-33,662	80,1450
9,9168	-33,664	80,1500
9,9296	-33,666	80,1550
9,9330	-33,668	80,1600
9,9279	-33,670	80,1650
9,9296	-33,672	80,1700
9,9274	-33,674	80,1750
9,9245	-33,676	80,1800
9,9329	-33,678	80,1850
9,9365	-33,680	80,1900
9,9301	-33,683	80,1950
9,9384	-33,685	80,2000
9,9393	-33,687	80,2050
9,9401	-33,689	80,2100
9,9391	-33,691	80,2150
9,9440	-33,693	80,2200
9,9406	-33,695	80,2250
9,9302	-33,697	80,2300
9,9390	-33,699	80,2350
9,9391	-33,701	80,2400
9,9319	-33,704	80,2450
9,9372	-33,706	80,2500
9,9465	-33,708	80,2550
9,9419	-33,710	80,2600
9,9459	-33,712	80,2650
9,9506	-33,714	80,2700
9,9393	-33,716	80,2750
9,9478	-33,718	80,2800
9,9522	-33,720	80,2850
9,9431	-33,722	80,2900
9,9451	-33,725	80,2950
9,9478	-33,727	80,3000
9,9428	-33,729	80,3050
9,9406	-33,731	80,3100
9,9491	-33,733	80,3150
9,9481	-33,735	80,3200
9,9443	-33,737	80,3250
9,9489	-33,739	80,3300
9,9425	-33,741	80,3350
9,9350	-33,743	80,3400
9,9459	-33,746	80,3450
9,9498	-33,748	80,3500
9,9463	-33,750	80,3550
9,9539	-33,752	80,3600
9,9532	-33,754	80,3650
9,9488	-33,756	80,3700
9,9585	-33,758	80,3750
9,9577	-33,760	80,3800
9,9498	-33,762	80,3850
9,9575	-33,764	80,3900
9,9606	-33,767	80,3950
9,9482	-33,769	80,4000
9,9422	-33,771	80,4050
9,9543	-33,773	80,4100
9,9591	-33,775	80,4150
9,9573	-33,777	80,4200
9,9647	-33,779	80,4250
9,9632	-33,781	80,4300
9,9558	-33,783	80,4350
9,9651	-33,785	80,4400
9,9647	-33,788	80,4450
9,9698	-33,790	80,4500
9,9683	-33,792	80,4550
9,9629	-33,794	80,4600
9,9535	-33,796	80,4650
9,9586	-33,798	80,4700
9,9688	-33,800	80,4750
9,9633	-33,802	80,4800
9,9614	-33,804	80,4850
9,9707	-33,806	80,4900
9,9680	-33,809	80,4950
9,9612	-33,811	80,5000
9,9699	-33,813	80,5050
9,9705	-33,815	80,5100
9,9669	-33,817	80,5150
9,9755	-33,819	80,5200
9,9794	-33,821	80,5250
9,9727	-33,823	80,5300
9,9784	-33,825	80,5350
9,9755	-33,827	80,5400
9,9678	-33,830	80,5450
9,9733	-33,832	80,5500
9,9798	-33,834	80,5550
9,9733	-33,836	80,5600
9,9743	-33,838	80,5650
9,9666	-33,840	80,5700
9,9669	-33,842	80,5750
9,9749	-33,844	80,5800
9,9822	-33,846	80,5850
9,9743	-33,848	80,5900
9,9738	-33,851	80,5950
9,9780	-33,853	80,6000
9,9823	-33,855	80,6050
9,9823	-33,857	80,6100
9,9860	-33,859	80,6150
9,9848	-33,861	80,6200
9,9769	-33,863	80,6250
9,9834	-33,865	80,6300
9,9898	-33,867	80,6350
9,9829	-33,869	80,6400
9,9796	-33,872	80,6450
9,9870	-33,874	80,6500
9,9815	-33,876	80,6550
9,9859	-33,878	80,6600
9,9941	-33,880	80,6650
9,9869	-33,882	80,6700
9,9905	-33,884	80,6750
9,9992	-33,886	80,6800
9,9915	-33,888	80,6850
9,9881	-33,890	80,6900
9,9948	-33,893	80,6950
9,9873	-33,895	80,7000
9,9836	-33,897	80,7050
9,9909	-33,899	80,7100
9,9932	-33,901	80,7150
9,9872	-33,903	80,7200
9,9939	-33,905	80,7250
9,9966	-33,907	80,7300
9,9930	-33,909	80,7350
9,9933	-33,911	80,7400
10,0003	-33,914	80,7450
9,9910	-33,916	80,7500
9,9874	-33,918	80,7550
9,9926	-33,920	80,7600
9,9935	-33,922	80,7650
9,9902	-33,924	80,7700
9,9957	-33,926	80,7750
9,9992	-33,928	80,7800
9,9919	-33,930	80,7850
9,9952	-33,932	80,7900
10,0003	-33,935	80,7950
9,9981	-33,937	80,8000
10,0098	-33,939	80,8050
10,0052	-33,941	80,8100
9,9972	-33,943	80,8150
10,0007	-33,945	80,8200
10,0029	-33,947	80,8250
9,9996	-33,949	80,8300
9,9992	-33,951	80,8350
10,0055	-33,953	80,8400
10,0014	-33,956	80,8450
10,0064	-33,958	80,8500
10,0124	-33,960	80,8550
10,0102	-33,962	80,8600
10,0092	-33,964	80,8650
10,0163	-33,966	80,8700
10,0146	-33,968	80,8750
10,0119	-33,970	80,8800
10,0145	-33,972	80,8850
10,0164	-33,974	80,8900
10,0085	-33,977	80,8950
10,0156	-33,979	80,9000
10,0165	-33,981	80,9050
10,0111	-33,983	80,9100
10,0129	-33,985	80,9150
10,0160	-33,987	80,9200
10,0146	-33,989	80,9250
10,0170	-33,991	80,9300
10,0228	-33,993	80,9350
10,0138	-33,995	80,9400
10,0123	-33,998	80,9450
10,0216	-34,000	80,9500
10,0176	-34,002	80,9550
10,0153	-34,004	80,9600
10,0265	-34,006	80,9650
10,0259	-34,008	80,9700
10,0189	-34,010	80,9750
10,0216	-34,012	80,9800
10,0263	-34,014	80,9850
10,0175	-34,016	80,9900
10,0229	-34,019	80,9950
10,0218	-34,021	81,0000
10,0182	-34,023	81,0050
10,0266	-34,025	81,0100
10,0298	-34,027	81,0150
10,0252	-34,029	81,0200
10,0233	-34,031	81,0250
10,0263	-34,033	81,0300
10,0263	-34,035	81,0350
10,0240	-34,037	81,0400
10,0317	-34,040	81,0450
10,0299	-34,042	81,0500
10,0268	-34,044	81,0550
10,0362	-34,046	81,0600
10,0324	-34,048	81,0650
10,0200	-34,050	81,0700
10,0224	-34,052	81,0750
10,0337	-34,054	81,0800
10,0325	-34,056	81,0850
10,0432	-34,058	81,0900
10,0423	-34,061	81,0950
10,0282	-34,063	81,1000
10,0296	-34,065	81,1050
10,0370	-34,067	81,1100
10,0340	-34,069	81,1150
10,0260	-34,071	81,1200
10,0328	-34,073	81,1250
10,0292	-34,075	81,1300
10,0315	-34,077	81,1350
10,0437	-34,079	81,1400
10,0391	-34,082	81,1450
10,0313	-34,084	81,1500
10,0415	-34,086	81,1550
10,0452	-34,088	81,1600
10,0415	-34,090	81,1650
10,0407	-34,092	81,1700
10,0425	-34,094	81,1750
10,0354	-34,096	81,1800
10,0376	-34,098	81,1850
10,0445	-34,100	81,1900
10,0371	-34,103	81,1950
10,0346	-34,105	81,2000
10,0397	-34,107	81,2050
10,0468	-34,109	81,2100
10,0485	-34,111	81,2150
10,0570	-34,113	81,2200
10,0501	-34,115	81,2250
10,0407	-34,117	81,2300
10,0476	-34,119	81,2350
10,0563	-34,121	81,2400
10,0497	-34,124	81,2450
10,0551	-34,126	81,2500
10,0559	-34,128	81,2550
10,0499	-34,130	81,2600
10,0553	-34,132	81,2650
10,0613	-34,134	81,2700
10,0545	-34,136	81,2750
10,0572	-34,138	81,2800
10,0589	-34,140	81,2850
10,0553	-34,142	81,2900
10,0514	-34,145	81,2950
10,0512	-34,147	81,3000
10,0490	-34,149	81,3050
10,0504	-34,151	81,3100
10,0546	-34,153	81,3150
10,0448	-34,155	81,3200
10,0466	-34,157	81,3250
10,0562	-34,159	81,3300
10,0485	-34,161	81,3350
10,0466	-34,163	81,3400
10,0652	-34,166	81,3450
10,0678	-34,168	81,3500
10,0553	-34,170	81,3550
10,0516	-34,172	81,3600
10,0610	-34,174	81,3650
10,0654	-34,176	81,3700
10,0667	-34,178	81,3750
10,0597	-34,180	81,3800
10,0491	-34,182	81,3850
10,0562	-34,184	81,3900
10,0679	-34,187	81,3950
10,0634	-34,189	81,4000
10,0534	-34,191	81,4050
10,0602	-34,193	81,4100
10,0647	-34,195	81,4150
10,0613	-34,197	81,4200
10,0615	-34,199	81,4250
10,0597	-34,201	81,4300
10,0613	-34,203	81,4350
10,0759	-34,205	81,4400
10,0801	-34,208	81,4450
10,0728	-34,210	81,4500
10,0688	-34,212	81,4550
10,0726	-34,214	81,4600
10,0573	-34,216	81,4650
10,0643	-34,218	81,4700
10,0758	-34,220	81,4750
10,0722	-34,222	81,4800
10,0753	-34,224	81,4850
10,0767	-34,226	81,4900
10,0683	-34,229	81,4950
10,0695	-34,231	81,5000
10,0797	-34,233	81,5050
10,0784	-34,235	81,5100
10,0707	-34,237	81,5150
10,0758	-34,239	81,5200
10,0796	-34,241	81,5250
10,0713	-34,243	81,5300
10,0726	-34,245	81,5350
10,0779	-34,247	81,5400
10,0738	-34,250	81,5450
10,0722	-34,252	81,5500
10,0824	-34,254	81,5550
10,0784	-34,256	81,5600
10,0798	-34,258	81,5650
10,0865	-34,260	81,5700
10,0799	-34,262	81,5750
10,0856	-34,264	81,5800
10,0959	-34,266	81,5850
10,0940	-34,268	81,5900
10,0909	-34,271	81,5950
10,0985	-34,273	81,6000
10,0903	-34,275	81,6050
10,0804	-34,277	81,6100
10,0931	-34,279	81,6150
10,0911	-34,281	81,6200
10,0787	-34,283	81,6250
10,0849	-34,285	81,6300
10,0915	-34,287	81,6350
10,0871	-34,289	81,6400
10,0835	-34,292	81,6450
10,0936	-34,294	81,6500
10,0885	-34,296	81,6550
10,0953	-34,298	81,6600
10,1060	-34,300	81,6650
10,0973	-34,302	81,6700
10,0860	-34,304	81,6750
10,0953	-34,306	81,6800
10,0945	-34,308	81,6850
10,0906	-34,310	81,6900
10,0969	-34,313	81,6950
10,1011	-34,315	81,7000
10,1011	-34,317	81,7050
10,1028	-34,319	81,7100
10,0955	-34,321	81,7150
10,0933	-34,323	81,7200
10,0991	-34,325	81,7250
10,0986	-34,327	81,7300
10,0969	-34,329	81,7350
10,0984	-34,331	81,7400
10,1060	-34,334	81,7450
10,1024	-34,336	81,7500
10,1055	-34,338	81,7550
10,1120	-34,340	81,7600
10,0979	-34,342	81,7650
10,0910	-34,344	81,7700
10,1000	-34,346	81,7750
10,0991	-34,348	81,7800
10,0952	-34,350	81,7850
10,1104	-34,352	81,7900
10,1086	-34,355	81,7950
10,0970	-34,357	81,8000
10,0986	-34,359	81,8050
10,1029	-34,361	81,8100
10,0982	-34,363	81,8150
10,1057	-34,365	81,8200
10,1155	-34,367	81,8250
10,1097	-34,369	81,8300
10,1067	-34,371	81,8350
10,1109	-34,373	81,8400
10,1035	-34,376	81,8450
10,1040	-34,378	81,8500
10,1199	-34,380	81,8550
10,1189	-34,382	81,8600
10,1061	-34,384	81,8650
10,1114	-34,386	81,8700
10,1062	-34,388	81,8750
10,1061	-34,390	81,8800
10,1161	-34,392	81,8850
10,1148	-34,394	81,8900
10,1065	-34,397	81,8950
10,1128	-34,399	81,9000
10,1218	-34,401	81,9050
10,1178	-34,403	81,9100
10,1187	-34,405	81,9150
10,1184	-34,407	81,9200
10,1119	-34,409	81,9250
10,1127	-34,411	81,9300
10,1300	-34,413	81,9350
10,1236	-34,415	81,9400
10,1159	-34,418	81,9450
10,1237	-34,420	81,9500
10,1200	-34,422	81,9550
10,1123	-34,424	81,9600
10,1246	-34,426	81,9650
10,1258	-34,428	81,9700
10,1217	-34,430	81,9750
10,1317	-34,432	81,9800
10,1351	-34,434	81,9850
10,1243	-34,436	81,9900
10,1286	-34,439	81,9950
10,1313	-34,441	82,0000
10,1287	-34,443	82,0050
10,1341	-34,445	82,0100
10,1382	-34,447	82,0150
10,1312	-34,449	82,0200
10,1317	-34,451	82,0250
10,1383	-34,453	82,0300
10,1285	-34,455	82,0350
10,1229	-34,457	82,0400
10,1313	-34,460	82,0450
10,1262	-34,462	82,0500
10,1251	-34,464	82,0550
10,1347	-34,466	82,0600
10,1360	-34,468	82,0650
10,1396	-34,470	82,0700
10,1392	-34,472	82,0750
10,1370	-34,474	82,0800
10,1308	-34,476	82,0850
10,1356	-34,478	82,0900
10,1460	-34,481	82,0950
10,1418	-34,483	82,1000
10,1414	-34,485	82,1050
10,1440	-34,487	82,1100
10,1442	-34,489	82,1150
10,1430	-34,491	82,1200
10,1468	-34,493	82,1250
10,1385	-34,495	82,1300
10,1399	-34,497	82,1350
10,1524	-34,499	82,1400
10,1494	-34,502	82,1450
10,1392	-34,504	82,1500
10,1516	-34,506	82,1550
10,1564	-34,508	82,1600
10,1463	-34,510	82,1650
10,1389	-34,512	82,1700
10,1412	-34,514	82,1750
10,1369	-34,516	82,1800
10,1452	-34,518	82,1850
10,1479	-34,520	82,1900
10,1462	-34,523	82,1950
10,1523	-34,525	82,2000
10,1652	-34,527	82,2050
10,1613	-34,529	82,2100
10,1515	-34,531	82,2150
10,1572	-34,533	82,2200
10,1541	-34,535	82,2250
10,1452	-34,537	82,2300
10,1513	-34,539	82,2350
10,1513	-34,541	82,2400
10,1460	-34,544	82,2450
10,1575	-34,546	82,2500
10,1574	-34,548	82,2550
10,1616	-34,550	82,2600
10,1660	-34,552	82,2650
10,1615	-34,554	82,2700
10,1553	-34,556	82,2750
10,1603	-34,558	82,2800
10,1614	-34,560	82,2850
10,1528	-34,562	82,2900
10,1553	-34,565	82,2950
10,1617	-34,567	82,3000
10,1666	-34,569	82,3050
10,1653	-34,571	82,3100
10,1701	-34,573	82,3150
10,1687	-34,575	82,3200
10,1671	-34,577	82,3250
10,1637	-34,579	82,3300
10,1545	-34,581	82,3350
10,1506	-34,583	82,3400
10,1637	-34,586	82,3450
10,1671	-34,588	82,3500
10,1639	-34,590	82,3550
10,1647	-34,592	82,3600
10,1689	-34,594	82,3650
10,1676	-34,596	82,3700
10,1720	-34,598	82,3750
10,1732	-34,600	82,3800
10,1657	-34,602	82,3850
10,1639	-34,604	82,3900
10,1723	-34,607	82,3950
10,1751	-34,609	82,4000
10,1702	-34,611	82,4050
10,1719	-34,613	82,4100
10,1724	-34,615	82,4150
10,1767	-34,617	82,4200
10,1838	-34,619	82,4250
10,1785	-34,621	82,4300
10,1712	-34,623	82,4350
10,1728	-34,625	82,4400
10,1789	-34,628	82,4450
10,1764	-34,630	82,4500
10,1765	-34,632	82,4550
10,1767	-34,634	82,4600
10,1703	-34,636	82,4650
10,1820	-34,638	82,4700
10,1849	-34,640	82,4750
10,1757	-34,642	82,4800
10,1781	-34,644	82,4850
10,1825	-34,646	82,4900
10,1766	-34,649	82,4950
10,1772	-34,651	82,5000
10,1859	-34,653	82,5050
10,1861	-34,655	82,5100
10,1781	-34,657	82,5150
10,1829	-34,659	82,5200
10,1828	-34,661	82,5250
10,1781	-34,663	82,5300
10,1869	-34,665	82,5350
10,1890	-34,667	82,5400
10,1893	-34,670	82,5450
10,1926	-34,672	82,5500
10,2005	-34,674	82,5550
10,1934	-34,676	82,5600
10,1913	-34,678	82,5650
10,1940	-34,680	82,5700
10,1908	-34,682	82,5750
10,1959	-34,684	82,5800
10,2041	-34,686	82,5850
10,1992	-34,688	82,5900
10,1932	-34,691	82,5950
10,1945	-34,693	82,6000
10,1900	-34,695	82,6050
10,1747	-34,697	82,6100
10,1839	-34,699	82,6150
10,1890	-34,701	82,6200
10,1874	-34,703	82,6250
10,1932	-34,705	82,6300
10,1961	-34,707	82,6350
10,1984	-34,709	82,6400
10,2019	-34,712	82,6450
10,2044	-34,714	82,6500
10,1946	-34,716	82,6550
10,1970	-34,718	82,6600
10,2035	-34,720	82,6650
10,1980	-34,722	82,6700
10,1948	-34,724	82,6750
10,2033	-34,726	82,6800
10,1993	-34,728	82,6850
10,2009	-34,730	82,6900
10,2096	-34,733	82,6950
10,2058	-34,735	82,7000
10,2027	-34,737	82,7050
10,2090	-34,739	82,7100
10,2055	-34,741	82,7150
10,2025	-34,743	82,7200
10,2094	-34,745	82,7250
10,2111	-34,747	82,7300
10,2116	-34,749	82,7350
10,2175	-34,751	82,7400
10,2189	-34,754	82,7450
10,2099	-34,756	82,7500
10,2014	-34,758	82,7550
10,2078	-34,760	82,7600
10,2089	-34,762	82,7650
10,2045	-34,764	82,7700
10,2177	-34,766	82,7750
10,2194	-34,768	82,7800
10,2099	-34,770	82,7850
10,2193	-34,772	82,7900
10,2249	-34,775	82,7950
10,2109	-34,777	82,8000
10,2167	-34,779	82,8050
10,2184	-34,781	82,8100
10,2033	-34,783	82,8150
10,2092	-34,785	82,8200
10,2225	-34,787	82,8250
10,2183	-34,789	82,8300
10,2157	-34,791	82,8350
10,2207	-34,793	82,8400
10,2100	-34,796	82,8450
10,2164	-34,798	82,8500
10,2262	-34,800	82,8550
10,2218	-34,802	82,8600
10,2143	-34,804	82,8650
10,2270	-34,806	82,8700
10,2281	-34,808	82,8750
10,2153	-34,810	82,8800
10,2233	-34,812	82,8850
10,2326	-34,814	82,8900
10,2262	-34,817	82,8950
10,2302	-34,819	82,9000
10,2371	-34,821	82,9050
10,2243	-34,823	82,9100
10,2261	-34,825	82,9150
10,2273	-34,827	82,9200
10,2216	-34,829	82,9250
10,2285	-34,831	82,9300
10,2411	-34,833	82,9350
10,2297	-34,835	82,9400
10,2257	-34,838	82,9450
10,2336	-34,840	82,9500
10,2289	-34,842	82,9550
10,2238	-34,844	82,9600
10,2393	-34,846	82,9650
10,2398	-34,848	82,9700
10,2334	-34,850	82,9750
10,2354	-34,852	82,9800
10,2366	-34,854	82,9850
10,2335	-34,856	82,9900
10,2379	-34,859	82,9950
10,2427	-34,861	83,0000
10,2364	-34,863	83,0050
10,2379	-34,865	83,0100
10,2436	-34,867	83,0150
10,2426	-34,869	83,0200
10,2414	-34,871	83,0250
10,2470	-34,873	83,0300
10,2340	-34,875	83,0350
10,2260	-34,877	83,0400
10,2325	-34,880	83,0450
10,2384	-34,882	83,0500
10,2412	-34,884	83,0550
10,2512	-34,886	83,0600
10,2488	-34,888	83,0650
10,2499	-34,890	83,0700
10,2549	-34,892	83,0750
10,2560	-34,894	83,0800
10,2446	-34,896	83,0850
10,2484	-34,898	83,0900
10,2546	-34,901	83,0950
10,2482	-34,903	83,1000
10,2478	-34,905	83,1050
10,2534	-34,907	83,1100
10,2528	-34,909	83,1150
10,2536	-34,911	83,1200
10,2640	-34,913	83,1250
10,2518	-34,915	83,1300
10,2464	-34,917	83,1350
10,2482	-34,919	83,1400
10,2416	-34,922	83,1450
10,2452	-34,924	83,1500
10,2590	-34,926	83,1550
10,2566	-34,928	83,1600
10,2479	-34,930	83,1650
10,2540	-34,932	83,1700
10,2615	-34,934	83,1750
10,2606	-34,936	83,1800
10,2662	-34,938	83,1850
10,2675	-34,940	83,1900
10,2510	-34,943	83,1950
10,2509	-34,945	83,2000
10,2620	-34,947	83,2050
10,2633	-34,949	83,2100
10,2617	-34,951	83,2150
10,2676	-34,953	83,2200
10,2648	-34,955	83,2250
10,2612	-34,957	83,2300
10,2689	-34,959	83,2350
10,2701	-34,961	83,2400
10,2641	-34,964	83,2450
10,2693	-34,966	83,2500
10,2666	-34,968	83,2550
10,2571	-34,970	83,2600
10,2610	-34,972	83,2650
10,2731	-34,974	83,2700
10,2723	-34,976	83,2750
10,2739	-34,978	83,2800
10,2769	-34,980	83,2850
10,2713	-34,982	83,2900
10,2754	-34,985	83,2950
10,2784	-34,987	83,3000
10,2724	-34,989	83,3050
10,2663	-34,991	83,3100
10,2676	-34,993	83,3150
10,2654	-34,995	83,3200
10,2724	-34,997	83,3250
10,2807	-34,999	83,3300
10,2793	-35,001	83,3350
10,2747	-35,003	83,3400
10,2804	-35,006	83,3450
10,2724	-35,008	83,3500
10,2645	-35,010	83,3550
10,2767	-35,012	83,3600
10,2855	-35,014	83,3650
10,2811	-35,016	83,3700
10,2863	-35,018	83,3750
10,2866	-35,020	83,3800
10,2774	-35,022	83,3850
10,2786	-35,024	83,3900
10,2834	-35,027	83,3950
10,2857	-35,029	83,4000
10,2838	-35,031	83,4050
10,2928	-35,033	83,4100
10,2910	-35,035	83,4150
10,2809	-35,037	83,4200
10,2871	-35,039	83,4250
10,2934	-35,041	83,4300
10,2863	-35,043	83,4350
10,2879	-35,045	83,4400
10,2892	-35,048	83,4450
10,2845	-35,050	83,4500
10,2823	-35,052	83,4550
10,2880	-35,054	83,4600
10,2871	-35,056	83,4650
10,2902	-35,058	83,4700
10,2965	-35,060	83,4750
10,2904	-35,062	83,4800
10,2854	-35,064	83,4850
10,2941	-35,066	83,4900
10,2890	-35,069	83,4950
10,2907	-35,071	83,5000
10,3023	-35,073	83,5050
10,2975	-35,075	83,5100
10,2935	-35,077	83,5150
10,2975	-35,079	83,5200
10,2905	-35,081	83,5250
10,2835	-35,083	83,5300
10,2954	-35,085	83,5350
10,3035	-35,087	83,5400
10,3003	-35,090	83,5450
10,2993	-35,092	83,5500
10,3036	-35,094	83,5550
10,2992	-35,096	83,5600
10,3046	-35,098	83,5650
10,3100	-35,100	83,5700
10,3015	-35,102	83,5750
10,2927	-35,104	83,5800
10,3013	-35,106	83,5850
10,2935	-35,108	83,5900
10,2900	-35,111	83,5950
10,3011	-35,113	83,6000
10,3045	-35,115	83,6050
10,2939	-35,117	83,6100
10,2999	-35,119	83,6150
10,3020	-35,121	83,6200
10,3012	-35,123	83,6250
10,3080	-35,125	83,6300
10,3079	-35,127	83,6350
10,3008	-35,129	83,6400
10,3049	-35,132	83,6450
10,3197	-35,134	83,6500
10,3185	-35,136	83,6550
10,3108	-35,138	83,6600
10,3122	-35,140	83,6650
10,3081	-35,142	83,6700
10,3029	-35,144	83,6750
10,3096	-35,146	83,6800
10,3148	-35,148	83,6850
10,3138	-35,150	83,6900
10,3205	-35,153	83,6950
10,3167	-35,155	83,7000
10,3108	-35,157	83,7050
10,3211	-35,159	83,7100
10,3201	-35,161	83,7150
10,3137	-35,163	83,7200
10,3231	-35,165	83,7250
10,3213	-35,167	83,7300
10,3137	-35,169	83,7350
10,3079	-35,171	83,7400
10,3133	-35,174	83,7450
10,3141	-35,176	83,7500
10,3269	-35,178	83,7550
10,3279	-35,180	83,7600
10,3110	-35,182	83,7650
10,3091	-35,184	83,7700
10,3196	-35,186	83,7750
10,3202	-35,188	83,7800
10,3187	-35,190	83,7850
10,3286	-35,192	83,7900
10,3319	-35,195	83,7950
10,3261	-35,197	83,8000
10,3255	-35,199	83,8050
10,3265	-35,201	83,8100
10,3267	-35,203	83,8150
10,3317	-35,205	83,8200
10,3349	-35,207	83,8250
10,3303	-35,209	83,8300
10,3319	-35,211	83,8350
10,3325	-35,213	83,8400
10,3254	-35,216	83,8450
10,3309	-35,218	83,8500
10,3359	-35,220	83,8550
10,3251	-35,222	83,8600
10,3174	-35,224	83,8650
10,3283	-35,226	83,8700
10,3404	-35,228	83,8750
10,3381	-35,230	83,8800
10,3351	-35,232	83,8850
10,3356	-35,234	83,8900
10,3344	-35,237	83,8950
10,3394	-35,239	83,9000
10,3486	-35,241	83,9050
10,3419	-35,243	83,9100
10,3426	-35,245	83,9150
10,3420	-35,247	83,9200
10,3300	-35,249	83,9250
10,3270	-35,251	83,9300
10,3357	-35,253	83,9350
10,3361	-35,255	83,9400
10,3453	-35,258	83,9450
10,3568	-35,260	83,9500
10,3447	-35,262	83,9550
10,3276	-35,264	83,9600
10,3360	-35,266	83,9650
10,3416	-35,268	83,9700
10,3416	-35,270	83,9750
10,3521	-35,272	83,9800
10,3549	-35,274	83,9850
10,3431	-35,276	83,9900
10,3464	-35,279	83,9950
10,3533	-35,281	84,0000
10,3410	-35,283	84,0050
10,3443	-35,285	84,0100
10,3554	-35,287	84,0150
10,3526	-35,289	84,0200
10,3482	-35,291	84,0250
10,3524	-35,293	84,0300
10,3447	-35,295	84,0350
10,3422	-35,297	84,0400
10,3500	-35,300	84,0450
10,3480	-35,302	84,0500
10,3403	-35,304	84,0550
10,3459	-35,306	84,0600
10,3440	-35,308	84,0650
10,3506	-35,310	84,0700
10,3605	-35,312	84,0750
10,3588	-35,314	84,0800
10,3507	-35,316	84,0850
10,3589	-35,318	84,0900
10,3609	-35,321	84,0950
10,3504	-35,323	84,1000
10,3499	-35,325	84,1050
10,3608	-35,327	84,1100
10,3556	-35,329	84,1150
10,3493	-35,331	84,1200
10,3625	-35,333	84,1250
10,3644	-35,335	84,1300
10,3618	-35,337	84,1350
10,3687	-35,339	84,1400
10,3611	-35,342	84,1450
10,3560	-35,344	84,1500
10,3639	-35,346	84,1550
10,3598	-35,348	84,1600
10,3584	-35,350	84,1650
10,3674	-35,352	84,1700
10,3685	-35,354	84,1750
10,3574	-35,356	84,1800
10,3634	-35,358	84,1850
10,3671	-35,360	84,1900
10,3649	-35,363	84,1950
10,3662	-35,365	84,2000
10,3710	-35,367	84,2050
10,3650	-35,369	84,2100
10,3619	-35,371	84,2150
10,3696	-35,373	84,2200
10,3652	-35,375	84,2250
10,3631	-35,377	84,2300
10,3750	-35,379	84,2350
10,3738	-35,381	84,2400
10,3654	-35,384	84,2450
10,3713	-35,386	84,2500
10,3718	-35,388	84,2550
10,3730	-35,390	84,2600
10,3809	-35,392	84,2650
10,3814	-35,394	84,2700
10,3699	-35,396	84,2750
10,3729	-35,398	84,2800
10,3754	-35,400	84,2850
10,3739	-35,402	84,2900
10,3796	-35,405	84,2950
10,3896	-35,407	84,3000
10,3814	-35,409	84,3050
10,3751	-35,411	84,3100
10,3848	-35,413	84,3150
10,3807	-35,415	84,3200
10,3760	-35,417	84,3250
10,3845	-35,419	84,3300
10,3855	-35,421	84,3350
10,3763	-35,423	84,3400
10,3827	-35,426	84,3450
10,3821	-35,428	84,3500
10,3795	-35,430	84,3550
10,3824	-35,432	84,3600
10,3875	-35,434	84,3650
10,3748	-35,436	84,3700
10,3806	-35,438	84,3750
10,3889	-35,440	84,3800
10,3843	-35,442	84,3850
10,3840	-35,444	84,3900
10,3908	-35,447	84,3950
10,3836	-35,449	84,4000
10,3752	-35,451	84,4050
10,3880	-35,453	84,4100
10,3899	-35,455	84,4150
10,3860	-35,457	84,4200
10,3927	-35,459	84,4250
10,3894	-35,461	84,4300
10,3824	-35,463	84,4350
10,3933	-35,465	84,4400
10,3969	-35,468	84,4450
10,3984	-35,470	84,4500
10,3986	-35,472	84,4550
10,4005	-35,474	84,4600
10,3922	-35,476	84,4650
10,3979	-35,478	84,4700
10,3981	-35,480	84,4750
10,3925	-35,482	84,4800
10,3909	-35,484	84,4850
10,4009	-35,486	84,4900
10,4032	-35,489	84,4950
10,3948	-35,491	84,5000
10,3995	-35,493	84,5050
10,4056	-35,495	84,5100
10,4016	-35,497	84,5150
10,4081	-35,499	84,5200
10,4132	-35,501	84,5250
10,3984	-35,503	84,5300
10,3951	-35,505	84,5350
10,4066	-35,507	84,5400
10,4051	-35,510	84,5450
10,4054	-35,512	84,5500
10,4114	-35,514	84,5550
10,3960	-35,516	84,5600
10,3978	-35,518	84,5650
10,4108	-35,520	84,5700
10,4119	-35,522	84,5750
10,4157	-35,524	84,5800
10,4230	-35,526	84,5850
10,4171	-35,528	84,5900
10,4066	-35,531	84,5950
10,4128	-35,533	84,6000
10,4126	-35,535	84,6050
10,4106	-35,537	84,6100
10,4217	-35,539	84,6150
10,4188	-35,541	84,6200
10,4050	-35,543	84,6250
10,4084	-35,545	84,6300
10,4135	-35,547	84,6350
10,4175	-35,549	84,6400
10,4219	-35,552	84,6450
10,4240	-35,554	84,6500
10,4133	-35,556	84,6550
10,4189	-35,558	84,6600
10,4311	-35,560	84,6650
10,4253	-35,562	84,6700
10,4166	-35,564	84,6750
10,4216	-35,566	84,6800
10,4217	-35,568	84,6850
10,4190	-35,570	84,6900
10,4237	-35,573	84,6950
10,4236	-35,575	84,7000
10,4225	-35,577	84,7050
10,4281	-35,579	84,7100
10,4318	-35,581	84,7150
10,4223	-35,583	84,7200
10,4176	-35,585	84,7250
10,4197	-35,587	84,7300
10,4244	-35,589	84,7350
10,4287	-35,591	84,7400
10,4314	-35,594	84,7450
10,4228	-35,596	84,7500
10,4284	-35,598	84,7550
10,4346	-35,600	84,7600
10,4254	-35,602	84,7650
10,4207	-35,604	84,7700
10,4337	-35,606	84,7750
10,4296	-35,608	84,7800
10,4186	-35,610	84,7850
10,4284	-35,612	84,7900
10,4351	-35,615	84,7950
10,4214	-35,617	84,8000
10,4275	-35,619	84,8050
10,4335	-35,621	84,8100
10,4243	-35,623	84,8150
10,4313	-35,625	84,8200
10,4418	-35,627	84,8250
10,4354	-35,629	84,8300
10,4348	-35,631	84,8350
10,4460	-35,633	84,8400
10,4392	-35,636	84,8450
10,4367	-35,638	84,8500
10,4429	-35,640	84,8550
10,4401	-35,642	84,8600
10,4351	-35,644	84,8650
10,4422	-35,646	84,8700
10,4417	-35,648	84,8750
10,4371	-35,650	84,8800
10,4413	-35,652	84,8850
10,4429	-35,654	84,8900
10,4446	-35,657	84,8950
10,4574	-35,659	84,9000
10,4578	-35,661	84,9050
10,4426	-35,663	84,9100
10,4416	-35,665	84,9150
10,4446	-35,667	84,9200
10,4427	-35,669	84,9250
10,4446	-35,671	84,9300
10,4535	-35,673	84,9350
10,4431	-35,675	84,9400
10,4407	-35,678	84,9450
10,4479	-35,680	84,9500
10,4429	-35,682	84,9550
10,4446	-35,684	84,9600
10,4528	-35,686	84,9650
10,4494	-35,688	84,9700
10,4403	-35,690	84,9750
10,4417	-35,692	84,9800
10,4499	-35,694	84,9850
10,4465	-35,696	84,9900
10,4515	-35,699	84,9950
10,4619	-35,701	85,0000
10,4600	-35,703	85,0050
10,4637	-35,705	85,0100
10,4645	-35,707	85,0150
10,4635	-35,709	85,0200
10,4605	-35,711	85,0250
10,4651	-35,713	85,0300
10,4551	-35,715	85,0350
10,4536	-35,717	85,0400
10,4632	-35,720	85,0450
10,4577	-35,722	85,0500
10,4514	-35,724	85,0550
10,4649	-35,726	85,0600
10,4658	-35,728	85,0650
10,4566	-35,730	85,0700
10,4638	-35,732	85,0750
10,4645	-35,734	85,0800
10,4540	-35,736	85,0850
10,4517	-35,738	85,0900
10,4595	-35,741	85,0950
10,4587	-35,743	85,1000
10,4591	-35,745	85,1050
10,4650	-35,747	85,1100
10,4642	-35,749	85,1150
10,4625	-35,751	85,1200
10,4731	-35,753	85,1250
10,4728	-35,755	85,1300
10,4669	-35,757	85,1350
10,4722	-35,759	85,1400
10,4698	-35,762	85,1450
10,4660	-35,764	85,1500
10,4724	-35,766	85,1550
10,4739	-35,768	85,1600
10,4691	-35,770	85,1650
10,4717	-35,772	85,1700
10,4729	-35,774	85,1750
10,4646	-35,776	85,1800
10,4724	-35,778	85,1850
10,4802	-35,780	85,1900
10,4770	-35,783	85,1950
10,4816	-35,785	85,2000
10,4828	-35,787	85,2050
10,4788	-35,789	85,2100
10,4728	-35,791	85,2150
10,4728	-35,793	85,2200
10,4682	-35,795	85,2250
10,4711	-35,797	85,2300
10,4791	-35,799	85,2350
10,4764	-35,801	85,2400
10,4666	-35,804	85,2450
10,4781	-35,806	85,2500
10,4777	-35,808	85,2550
10,4754	-35,810	85,2600
10,4797	-35,812	85,2650
10,4831	-35,814	85,2700
10,4782	-35,816	85,2750
10,4887	-35,818	85,2800
10,4913	-35,820	85,2850
10,4838	-35,822	85,2900
10,4847	-35,825	85,2950
10,4932	-35,827	85,3000
10,4889	-35,829	85,3050
10,4865	-35,831	85,3100
10,5039	-35,833	85,3150
10,5000	-35,835	85,3200
10,4903	-35,837	85,3250
10,4934	-35,839	85,3300
10,4942	-35,841	85,3350
10,4870	-35,843	85,3400
10,4901	-35,846	85,3450
10,4836	-35,848	85,3500
10,4802	-35,850	85,3550
10,4868	-35,852	85,3600
10,4931	-35,854	85,3650
10,4894	-35,856	85,3700
10,4957	-35,858	85,3750
10,5029	-35,860	85,3800
10,4929	-35,862	85,3850
10,4862	-35,864	85,3900
10,4947	-35,867	85,3950
10,5027	-35,869	85,4000
10,4955	-35,871	85,4050
10,4953	-35,873	85,4100
10,4967	-35,875	85,4150
10,4934	-35,877	85,4200
10,5022	-35,879	85,4250
10,5025	-35,881	85,4300
10,5025	-35,883	85,4350
10,5018	-35,885	85,4400
10,4992	-35,888	85,4450
10,4979	-35,890	85,4500
10,5015	-35,892	85,4550
10,5048	-35,894	85,4600
10,4954	-35,896	85,4650
10,5012	-35,898	85,4700
10,5076	-35,900	85,4750
10,5033	-35,902	85,4800
10,5052	-35,904	85,4850
10,5113	-35,906	85,4900
10,5087	-35,909	85,4950
10,5104	-35,911	85,5000
10,5152	-35,913	85,5050
10,5079	-35,915	85,5100
10,5031	-35,917	85,5150
10,5160	-35,919	85,5200
10,5160	-35,921	85,5250
10,5063	-35,923	85,5300
10,5141	-35,925	85,5350
10,5153	-35,927	85,5400
10,5111	-35,930	85,5450
10,5092	-35,932	85,5500
10,5092	-35,934	85,5550
10,5108	-35,936	85,5600
10,5199	-35,938	85,5650
10,5284	-35,940	85,5700
10,5153	-35,942	85,5750
10,5060	-35,944	85,5800
10,5136	-35,946	85,5850
10,5177	-35,948	85,5900
10,5128	-35,951	85,5950
10,5185	-35,953	85,6000
10,5228	-35,955	85,6050
10,5172	-35,957	85,6100
10,5233	-35,959	85,6150
10,5226	-35,961	85,6200
10,5120	-35,963	85,6250
10,5206	-35,965	85,6300
10,5268	-35,967	85,6350
10,5196	-35,969	85,6400
10,5162	-35,972	85,6450
10,5204	-35,974	85,6500
10,5173	-35,976	85,6550
10,5212	-35,978	85,6600
10,5273	-35,980	85,6650
10,5204	-35,982	85,6700
10,5177	-35,984	85,6750
10,5250	-35,986	85,6800
10,5255	-35,988	85,6850
10,5308	-35,990	85,6900
10,5396	-35,993	85,6950
10,5356	-35,995	85,7000
10,5243	-35,997	85,7050
10,5337	-35,999	85,7100
10,5309	-36,001	85,7150
10,5232	-36,003	85,7200
10,5365	-36,005	85,7250
10,5403	-36,007	85,7300
10,5329	-36,009	85,7350
10,5308	-36,011	85,7400
10,5327	-36,014	85,7450
10,5290	-36,016	85,7500
10,5315	-36,018	85,7550
10,5325	-36,020	85,7600
10,5290	-36,022	85,7650
10,5310	-36,024	85,7700
10,5432	-36,026	85,7750
10,5451	-36,028	85,7800
10,5381	-36,030	85,7850
10,5402	-36,032	85,7900
10,5393	-36,035	85,7950
10,5340	-36,037	85,8000
10,5417	-36,039	85,8050
10,5494	-36,041	85,8100
10,5415	-36,043	85,8150
10,5377	-36,045	85,8200
10,5427	-36,047	85,8250
10,5445	-36,049	85,8300
10,5378	-36,051	85,8350
10,5443	-36,053	85,8400
10,5394	-36,056	85,8450
10,5422	-36,058	85,8500
10,5484	-36,060	85,8550
10,5482	-36,062	85,8600
10,5453	-36,064	85,8650
10,5543	-36,066	85,8700
10,5627	-36,068	85,8750
10,5587	-36,070	85,8800
10,5531	-36,072	85,8850
10,5480	-36,074	85,8900
10,5414	-36,077	85,8950
10,5480	-36,079	85,9000
10,5444	-36,081	85,9050
10,5432	-36,083	85,9100
10,5522	-36,085	85,9150
10,5542	-36,087	85,9200
10,5495	-36,089	85,9250
10,5523	-36,091	85,9300
10,5621	-36,093	85,9350
10,5530	-36,095	85,9400
10,5513	-36,098	85,9450
10,5647	-36,100	85,9500
10,5620	-36,102	85,9550
10,5556	-36,104	85,9600
10,5564	-36,106	85,9650
10,5533	-36,108	85,9700
10,5541	-36,110	85,9750
10,5591	-36,112	85,9800
10,5599	-36,114	85,9850
10,5540	-36,116	85,9900
10,5620	-36,119	85,9950
10,5701	-36,121	86,0000
10,5631	-36,123	86,0050
10,5623	-36,125	86,0100
10,5661	-36,127	86,0150
10,5568	-36,129	86,0200
10,5595	-36,131	86,0250
10,5674	-36,133	86,0300
10,5633	-36,135	86,0350
10,5616	-36,137	86,0400
10,5677	-36,140	86,0450
10,5587	-36,142	86,0500
10,5546	-36,144	86,0550
10,5710	-36,146	86,0600
10,5705	-36,148	86,0650
10,5693	-36,150	86,0700
10,5772	-36,152	86,0750
10,5737	-36,154	86,0800
10,5650	-36,156	86,0850
10,5690	-36,158	86,0900
10,5673	-36,161	86,0950
10,5578	-36,163	86,1000
10,5711	-36,165	86,1050
10,5803	-36,167	86,1100
10,5730	-36,169	86,1150
10,5696	-36,171	86,1200
10,5881	-36,173	86,1250
10,5885	-36,175	86,1300
10,5844	-36,177	86,1350
10,5878	-36,180	86,1400
10,5844	-36,182	86,1450
10,5751	-36,184	86,1500
10,5763	-36,186	86,1550
10,5745	-36,188	86,1600
10,5816	-36,190	86,1650
10,5895	-36,192	86,1700
10,5847	-36,194	86,1750
10,5731	-36,196	86,1800
10,5744	-36,198	86,1850
10,5756	-36,201	86,1900
10,5671	-36,203	86,1950
10,5805	-36,205	86,2000
10,5847	-36,207	86,2050
10,5777	-36,209	86,2100
10,5775	-36,211	86,2150
10,5830	-36,213	86,2200
10,5803	-36,215	86,2250
10,5864	-36,217	86,2300
10,5906	-36,219	86,2350
10,5853	-36,222	86,2400
10,5844	-36,224	86,2450
10,5944	-36,226	86,2500
10,5941	-36,228	86,2550
10,5905	-36,230	86,2600
10,5881	-36,232	86,2650
10,5973	-36,234	86,2700
10,5930	-36,236	86,2750
10,5963	-36,238	86,2800
10,6072	-36,240	86,2850
10,5973	-36,243	86,2900
10,5987	-36,245	86,2950
10,6024	-36,247	86,3000
10,5929	-36,249	86,3050
10,5886	-36,251	86,3100
10,5962	-36,253	86,3150
10,5938	-36,255	86,3200
10,5940	-36,257	86,3250
10,6041	-36,259	86,3300
10,5979	-36,261	86,3350
10,5899	-36,264	86,3400
10,6018	-36,266	86,3450
10,6074	-36,268	86,3500
10,6017	-36,270	86,3550
10,6017	-36,272	86,3600
10,6047	-36,274	86,3650
10,5949	-36,276	86,3700
10,6031	-36,278	86,3750
10,6081	-36,280	86,3800
10,5994	-36,282	86,3850
10,5949	-36,285	86,3900
10,6064	-36,287	86,3950
10,6054	-36,289	86,4000
10,5997	-36,291	86,4050
10,6045	-36,293	86,4100
10,6038	-36,295	86,4150
10,6022	-36,297	86,4200
10,6098	-36,299	86,4250
10,6064	-36,301	86,4300
10,5998	-36,303	86,4350
10,6109	-36,306	86,4400
10,6143	-36,308	86,4450
10,6111	-36,310	86,4500
10,6114	-36,312	86,4550
10,6140	-36,314	86,4600
10,6088	-36,316	86,4650
10,6132	-36,318	86,4700
10,6159	-36,320	86,4750
10,6073	-36,322	86,4800
10,6030	-36,324	86,4850
10,6134	-36,327	86,4900
10,6133	-36,329	86,4950
10,6051	-36,331	86,5000
10,6162	-36,333	86,5050
10,6202	-36,335	86,5100
10,6160	-36,337	86,5150
10,6301	-36,339	86,5200
10,6303	-36,341	86,5250
10,6106	-36,343	86,5300
10,6152	-36,345	86,5350
10,6227	-36,348	86,5400
10,6226	-36,350	86,5450
10,6236	-36,352	86,5500
10,6255	-36,354	86,5550
10,6159	-36,356	86,5600
10,6123	-36,358	86,5650
10,6189	-36,360	86,5700
10,6203	-36,362	86,5750
10,6214	-36,364	86,5800
10,6234	-36,366	86,5850
10,6195	-36,369	86,5900
10,6141	-36,371	86,5950
10,6233	-36,373	86,6000
10,6231	-36,375	86,6050
10,6217	-36,377	86,6100
10,6256	-36,379	86,6150
10,6192	-36,381	86,6200
10,6183	-36,383	86,6250
10,6311	-36,385	86,6300
10,6342	-36,387	86,6350
10,6283	-36,390	86,6400
10,6320	-36,392	86,6450
10,6372	-36,394	86,6500
10,6289	-36,396	86,6550
10,6341	-36,398	86,6600
10,6467	-36,400	86,6650
10,6349	-36,402	86,6700
10,6307	-36,404	86,6750
10,6357	-36,406	86,6800
10,6275	-36,408	86,6850
10,6269	-36,411	86,6900
10,6369	-36,413	86,6950
10,6366	-36,415	86,7000
10,6317	-36,417	86,7050
10,6431	-36,419	86,7100
10,6458	-36,421	86,7150
10,6372	-36,423	86,7200
10,6389	-36,425	86,7250
10,6359	-36,427	86,7300
10,6282	-36,429	86,7350
10,6309	-36,432	86,7400
10,6433	-36,434	86,7450
10,6323	-36,436	86,7500
10,6309	-36,438	86,7550
10,6406	-36,440	86,7600
10,6462	-36,442	86,7650
10,6368	-36,444	86,7700
10,6422	-36,446	86,7750
10,6456	-36,448	86,7800
10,6431	-36,450	86,7850
10,6438	-36,453	86,7900
10,6512	-36,455	86,7950
10,6464	-36,457	86,8000
10,6546	-36,459	86,8050
10,6597	-36,461	86,8100
10,6561	-36,463	86,8150
10,6557	-36,465	86,8200
10,6507	-36,467	86,8250
10,6477	-36,469	86,8300
10,6527	-36,471	86,8350
10,6540	-36,474	86,8400
10,6460	-36,476	86,8450
10,6524	-36,478	86,8500
10,6607	-36,480	86,8550
10,6592	-36,482	86,8600
10,6567	-36,484	86,8650
10,6615	-36,486	86,8700
10,6534	-36,488	86,8750
10,6560	-36,490	86,8800
10,6615	-36,492	86,8850
10,6641	-36,495	86,8900
10,6568	-36,497	86,8950
10,6646	-36,499	86,9000
10,6634	-36,501	86,9050
10,6543	-36,503	86,9100
10,6517	-36,505	86,9150
10,6577	-36,507	86,9200
10,6576	-36,509	86,9250
10,6559	-36,511	86,9300
10,6619	-36,513	86,9350
10,6603	-36,516	86,9400
10,6628	-36,518	86,9450
10,6726	-36,520	86,9500
10,6742	-36,522	86,9550
10,6626	-36,524	86,9600
10,6681	-36,526	86,9650
10,6621	-36,528	86,9700
10,6585	-36,530	86,9750
10,6648	-36,532	86,9800
10,6702	-36,534	86,9850
10,6703	-36,537	86,9900
10,6764	-36,539	86,9950
10,6768	-36,541	87,0000
10,6658	-36,543	87,0050
10,6671	-36,545	87,0100
10,6730	-36,547	87,0150
10,6725	-36,549	87,0200
10,6636	-36,551	87,0250
10,6726	-36,553	87,0300
10,6676	-36,555	87,0350
10,6711	-36,558	87,0400
10,6787	-36,560	87,0450
10,6771	-36,562	87,0500
10,6708	-36,564	87,0550
10,6806	-36,566	87,0600
10,6757	-36,568	87,0650
10,6734	-36,570	87,0700
10,6817	-36,572	87,0750
10,6844	-36,574	87,0800
10,6817	-36,576	87,0850
10,6883	-36,579	87,0900
10,6853	-36,581	87,0950
10,6733	-36,583	87,1000
10,6798	-36,585	87,1050
10,6858	-36,587	87,1100
10,6854	-36,589	87,1150
10,6859	-36,591	87,1200
10,6915	-36,593	87,1250
10,6806	-36,595	87,1300
10,6775	-36,597	87,1350
10,6855	-36,600	87,1400
10,6850	-36,602	87,1450
10,6792	-36,604	87,1500
10,6919	-36,606	87,1550
10,6929	-36,608	87,1600
10,6836	-36,610	87,1650
10,6801	-36,612	87,1700
10,6867	-36,614	87,1750
10,6842	-36,616	87,1800
10,6957	-36,618	87,1850
10,7001	-36,621	87,1900
10,6814	-36,623	87,1950
10,6798	-36,625	87,2000
10,6930	-36,627	87,2050
10,6897	-36,629	87,2100
10,6868	-36,631	87,2150
10,6994	-36,633	87,2200
10,6987	-36,635	87,2250
10,6952	-36,637	87,2300
10,6971	-36,639	87,2350
10,6912	-36,642	87,2400
10,6887	-36,644	87,2450
10,7044	-36,646	87,2500
10,7057	-36,648	87,2550
10,7004	-36,650	87,2600
10,7031	-36,652	87,2650
10,7058	-36,654	87,2700
10,7055	-36,656	87,2750
10,6997	-36,658	87,2800
10,7019	-36,660	87,2850
10,6981	-36,663	87,2900
10,7035	-36,665	87,2950
10,7106	-36,667	87,3000
10,7086	-36,669	87,3050
10,7022	-36,671	87,3100
10,7108	-36,673	87,3150
10,7065	-36,675	87,3200
10,7011	-36,677	87,3250
10,7089	-36,679	87,3300
10,7062	-36,681	87,3350
10,7026	-36,684	87,3400
10,7099	-36,686	87,3450
10,7151	-36,688	87,3500
10,7100	-36,690	87,3550
10,7075	-36,692	87,3600
10,7112	-36,694	87,3650
10,7034	-36,696	87,3700
10,7036	-36,698	87,3750
10,7087	-36,700	87,3800
10,7029	-36,702	87,3850
10,6918	-36,705	87,3900
10,6989	-36,707	87,3950
10,7018	-36,709	87,4000
10,7029	-36,711	87,4050
10,7199	-36,713	87,4100
10,7154	-36,715	87,4150
10,7087	-36,717	87,4200
10,7177	-36,719	87,4250
10,7245	-36,721	87,4300
10,7132	-36,723	87,4350
10,7158	-36,726	87,4400
10,7148	-36,728	87,4450
10,7092	-36,730	87,4500
10,7138	-36,732	87,4550
10,7247	-36,734	87,4600
10,7132	-36,736	87,4650
10,7150	-36,738	87,4700
10,7219	-36,740	87,4750
10,7084	-36,742	87,4800
10,7088	-36,744	87,4850
10,7211	-36,747	87,4900
10,7206	-36,749	87,4950
10,7157	-36,751	87,5000
10,7185	-36,753	87,5050
10,7133	-36,755	87,5100
10,7115	-36,757	87,5150
10,7224	-36,759	87,5200
10,7261	-36,761	87,5250
10,7218	-36,763	87,5300
10,7304	-36,765	87,5350
10,7345	-36,768	87,5400
10,7287	-36,770	87,5450
10,7288	-36,772	87,5500
10,7356	-36,774	87,5550
10,7322	-36,776	87,5600
10,7332	-36,778	87,5650
10,7355	-36,780	87,5700
10,7225	-36,782	87,5750
10,7223	-36,784	87,5800
10,7257	-36,786	87,5850
10,7257	-36,789	87,5900
10,7242	-36,791	87,5950
10,7337	-36,793	87,6000
10,7441	-36,795	87,6050
10,7448	-36,797	87,6100
10,7447	-36,799	87,6150
10,7481	-36,801	87,6200
10,7411	-36,803	87,6250
10,7445	-36,805	87,6300
10,7377	-36,807	87,6350
10,7276	-36,810	87,6400
10,7296	-36,812	87,6450
10,7419	-36,814	87,6500
10,7327	-36,816	87,6550
10,7325	-36,818	87,6600
10,7432	-36,820	87,6650
10,7415	-36,822	87,6700
10,7367	-36,824	87,6750
10,7412	-36,826	87,6800
10,7380	-36,828	87,6850
10,7401	-36,831	87,6900
10,7471	-36,833	87,6950
10,7467	-36,835	87,7000
10,7448	-36,837	87,7050
10,7477	-36,839	87,7100
10,7469	-36,841	87,7150
10,7420	-36,843	87,7200
10,7490	-36,845	87,7250
10,7485	-36,847	87,7300
10,7461	-36,849	87,7350
10,7458	-36,852	87,7400
10,7576	-36,854	87,7450
10,7548	-36,856	87,7500
10,7547	-36,858	87,7550
10,7546	-36,860	87,7600
10,7464	-36,862	87,7650
10,7478	-36,864	87,7700
10,7597	-36,866	87,7750
10,7602	-36,868	87,7800
10,7593	-36,870	87,7850
10,7598	-36,873	87,7900
10,7573	-36,875	87,7950
10,7463	-36,877	87,8000
10,7521	-36,879	87,8050
10,7558	-36,881	87,8100
10,7550	-36,883	87,8150
10,7593	-36,885	87,8200
10,7644	-36,887	87,8250
10,7583	-36,889	87,8300
10,7572	-36,891	87,8350
10,7616	-36,894	87,8400
10,7616	-36,896	87,8450
10,7592	-36,898	87,8500
10,7677	-36,900	87,8550
10,7707	-36,902	87,8600
10,7675	-36,904	87,8650
10,7743	-36,906	87,8700
10,7746	-36,908	87,8750
10,7657	-36,910	87,8800
10,7693	-36,912	87,8850
10,7670	-36,915	87,8900
10,7584	-36,917	87,8950
10,7659	-36,919	87,9000
10,7646	-36,921	87,9050
10,7601	-36,923	87,9100
10,7680	-36,925	87,9150
10,7716	-36,927	87,9200
10,7682	-36,929	87,9250
10,7704	-36,931	87,9300
10,7822	-36,933	87,9350
10,7797	-36,936	87,9400
10,7673	-36,938	87,9450
10,7772	-36,940	87,9500
10,7769	-36,942	87,9550
10,7707	-36,944	87,9600
10,7710	-36,946	87,9650
10,7715	-36,948	87,9700
10,7747	-36,950	87,9750
10,7775	-36,952	87,9800
10,7766	-36,954	87,9850
10,7689	-36,957	87,9900
10,7754	-36,959	87,9950
10,7819	-36,961	88,0000
10,7764	-36,963	88,0050
10,7796	-36,965	88,0100
10,7855	-36,967	88,0150
10,7807	-36,969	88,0200
10,7766	-36,971	88,0250
10,7878	-36,973	88,0300
10,7835	-36,975	88,0350
10,7795	-36,978	88,0400
10,7906	-36,980	88,0450
10,7841	-36,982	88,0500
10,7854	-36,984	88,0550
10,7948	-36,986	88,0600
10,7894	-36,988	88,0650
10,7837	-36,990	88,0700
10,7898	-36,992	88,0750
10,7936	-36,994	88,0800
10,7853	-36,996	88,0850
10,7880	-36,999	88,0900
10,7874	-37,001	88,0950
10,7785	-37,003	88,1000
10,7844	-37,005	88,1050
10,7898	-37,007	88,1100
10,7863	-37,009	88,1150
10,7814	-37,011	88,1200
10,7914	-37,013	88,1250
10,7898	-37,015	88,1300
10,7912	-37,017	88,1350
10,8025	-37,020	88,1400
10,7991	-37,022	88,1450
10,7956	-37,024	88,1500
10,8025	-37,026	88,1550
10,8018	-37,028	88,1600
10,7985	-37,030	88,1650
10,7965	-37,032	88,1700
10,8040	-37,034	88,1750
10,7937	-37,036	88,1800
10,7970	-37,038	88,1850
10,8044	-37,041	88,1900
10,7927	-37,043	88,1950
10,7972	-37,045	88,2000
10,8027	-37,047	88,2050
10,7930	-37,049	88,2100
10,7928	-37,051	88,2150
10,7972	-37,053	88,2200
10,7963	-37,055	88,2250
10,7958	-37,057	88,2300
10,8060	-37,059	88,2350
10,8064	-37,062	88,2400
10,8016	-37,064	88,2450
10,8131	-37,066	88,2500
10,8025	-37,068	88,2550
10,7932	-37,070	88,2600
10,8023	-37,072	88,2650
10,8117	-37,074	88,2700
10,8017	-37,076	88,2750
10,8035	-37,078	88,2800
10,8074	-37,080	88,2850
10,7999	-37,083	88,2900
10,8070	-37,085	88,2950
10,8168	-37,087	88,3000
10,8146	-37,089	88,3050
10,8102	-37,091	88,3100
10,8145	-37,093	88,3150
10,8088	-37,095	88,3200
10,8044	-37,097	88,3250
10,8191	-37,099	88,3300
10,8135	-37,101	88,3350
10,8009	-37,104	88,3400
10,8110	-37,106	88,3450
10,8169	-37,108	88,3500
10,8205	-37,110	88,3550
10,8279	-37,112	88,3600
10,8271	-37,114	88,3650
10,8087	-37,116	88,3700
10,8103	-37,118	88,3750
10,8147	-37,120	88,3800
10,8113	-37,122	88,3850
10,8117	-37,125	88,3900
10,8182	-37,127	88,3950
10,8124	-37,129	88,4000
10,8099	-37,131	88,4050
10,8231	-37,133	88,4100
10,8270	-37,135	88,4150
10,8252	-37,137	88,4200
10,8301	-37,139	88,4250
10,8300	-37,141	88,4300
10,8150	-37,143	88,4350
10,8297	-37,146	88,4400
10,8360	-37,148	88,4450
10,8313	-37,150	88,4500
10,8299	-37,152	88,4550
10,8321	-37,154	88,4600
10,8221	-37,156	88,4650
10,8269	-37,158	88,4700
10,8325	-37,160	88,4750
10,8288	-37,162	88,4800
10,8352	-37,164	88,4850
10,8405	-37,167	88,4900
10,8355	-37,169	88,4950
10,8332	-37,171	88,5000
10,8422	-37,173	88,5050
10,8379	-37,175	88,5100
10,8263	-37,177	88,5150
10,8311	-37,179	88,5200
10,8323	-37,181	88,5250
10,8256	-37,183	88,5300
10,8320	-37,185	88,5350
10,8375	-37,188	88,5400
10,8403	-37,190	88,5450
10,8402	-37,192	88,5500
10,8398	-37,194	88,5550
10,8321	-37,196	88,5600
10,8328	-37,198	88,5650
10,8414	-37,200	88,5700
10,8361	-37,202	88,5750
10,8380	-37,204	88,5800
10,8486	-37,206	88,5850
10,8425	-37,209	88,5900
10,8407	-37,211	88,5950
10,8481	-37,213	88,6000
10,8462	-37,215	88,6050
10,8447	-37,217	88,6100
10,8513	-37,219	88,6150
10,8500	-37,221	88,6200
10,8398	-37,223	88,6250
10,8440	-37,225	88,6300
10,8448	-37,227	88,6350
10,8411	-37,230	88,6400
10,8448	-37,232	88,6450
10,8555	-37,234	88,6500
10,8533	-37,236	88,6550
10,8545	-37,238	88,6600
10,8609	-37,240	88,6650
10,8565	-37,242	88,6700
10,8529	-37,244	88,6750
10,8576	-37,246	88,6800
10,8493	-37,248	88,6850
10,8437	-37,251	88,6900
10,8512	-37,253	88,6950
10,8576	-37,255	88,7000
10,8525	-37,257	88,7050
10,8558	-37,259	88,7100
10,8542	-37,261	88,7150
10,8441	-37,263	88,7200
10,8513	-37,265	88,7250
10,8565	-37,267	88,7300
10,8531	-37,269	88,7350
10,8490	-37,272	88,7400
10,8610	-37,274	88,7450
10,8617	-37,276	88,7500
10,8635	-37,278	88,7550
10,8693	-37,280	88,7600
10,8623	-37,282	88,7650
10,8581	-37,284	88,7700
10,8673	-37,286	88,7750
10,8592	-37,288	88,7800
10,8540	-37,290	88,7850
10,8657	-37,293	88,7900
10,8660	-37,295	88,7950
10,8584	-37,297	88,8000
10,8606	-37,299	88,8050
10,8604	-37,301	88,8100
10,8553	-37,303	88,8150
10,8697	-37,305	88,8200
10,8731	-37,307	88,8250
10,8685	-37,309	88,8300
10,8692	-37,311	88,8350
10,8744	-37,314	88,8400
10,8727	-37,316	88,8450
10,8688	-37,318	88,8500
10,8708	-37,320	88,8550
10,8711	-37,322	88,8600
10,8675	-37,324	88,8650
10,8786	-37,326	88,8700
10,8780	-37,328	88,8750
10,8655	-37,330	88,8800
10,8743	-37,332	88,8850
10,8839	-37,335	88,8900
10,8851	-37,337	88,8950
10,8877	-37,339	88,9000
10,8807	-37,341	88,9050
10,8708	-37,343	88,9100
10,8739	-37,345	88,9150
10,8802	-37,347	88,9200
10,8758	-37,349	88,9250
10,8721	-37,351	88,9300
10,8809	-37,353	88,9350
10,8756	-37,356	88,9400
10,8747	-37,358	88,9450
10,8857	-37,360	88,9500
10,8841	-37,362	88,9550
10,8805	-37,364	88,9600
10,8904	-37,366	88,9650
10,8871	-37,368	88,9700
10,8769	-37,370	88,9750
10,8817	-37,372	88,9800
10,8896	-37,374	88,9850
10,8871	-37,377	88,9900
10,8889	-37,379	88,9950
10,8887	-37,381	89,0000
10,8847	-37,383	89,0050
10,8937	-37,385	89,0100
10,8942	-37,387	89,0150
10,8890	-37,389	89,0200
10,8902	-37,391	89,0250
10,9004	-37,393	89,0300
10,8936	-37,395	89,0350
10,8885	-37,398	89,0400
10,8989	-37,400	89,0450
10,8978	-37,402	89,0500
10,8914	-37,404	89,0550
10,9025	-37,406	89,0600
10,8984	-37,408	89,0650
10,8927	-37,410	89,0700
10,8980	-37,412	89,0750
10,9026	-37,414	89,0800
10,8934	-37,416	89,0850
10,8938	-37,419	89,0900
10,8962	-37,421	89,0950
10,8921	-37,423	89,1000
10,9007	-37,425	89,1050
10,9071	-37,427	89,1100
10,9001	-37,429	89,1150
10,8929	-37,431	89,1200
10,9016	-37,433	89,1250
10,9004	-37,435	89,1300
10,9029	-37,437	89,1350
10,9112	-37,440	89,1400
10,9070	-37,442	89,1450
10,9059	-37,444	89,1500
10,9113	-37,446	89,1550
10,9092	-37,448	89,1600
10,9027	-37,450	89,1650
10,8991	-37,452	89,1700
10,9038	-37,454	89,1750
10,9022	-37,456	89,1800
10,9062	-37,458	89,1850
10,9105	-37,461	89,1900
10,9008	-37,463	89,1950
10,9086	-37,465	89,2000
10,9125	-37,467	89,2050
10,9089	-37,469	89,2100
10,9108	-37,471	89,2150
10,9223	-37,473	89,2200
10,9142	-37,475	89,2250
10,9103	-37,477	89,2300
10,9125	-37,479	89,2350
10,9096	-37,482	89,2400
10,9087	-37,484	89,2450
10,9188	-37,486	89,2500
10,9202	-37,488	89,2550
10,9118	-37,490	89,2600
10,9184	-37,492	89,2650
10,9298	-37,494	89,2700
10,9168	-37,496	89,2750
10,9166	-37,498	89,2800
10,9210	-37,500	89,2850
10,9197	-37,503	89,2900
10,9198	-37,505	89,2950
10,9202	-37,507	89,3000
10,9204	-37,509	89,3050
10,9219	-37,511	89,3100
10,9266	-37,513	89,3150
10,9230	-37,515	89,3200
10,9150	-37,517	89,3250
10,9216	-37,519	89,3300
10,9202	-37,521	89,3350
10,9194	-37,524	89,3400
10,9317	-37,526	89,3450
10,9304	-37,528	89,3500
10,9231	-37,530	89,3550
10,9263	-37,532	89,3600
10,9282	-37,534	89,3650
10,9217	-37,536	89,3700
10,9315	-37,538	89,3750
10,9348	-37,540	89,3800
10,9241	-37,542	89,3850
10,9267	-37,545	89,3900
10,9343	-37,547	89,3950
10,9292	-37,549	89,4000
10,9324	-37,551	89,4050
10,9383	-37,553	89,4100
10,9342	-37,555	89,4150
10,9256	-37,557	89,4200
10,9286	-37,559	89,4250
10,9336	-37,561	89,4300
10,9252	-37,563	89,4350
10,9342	-37,566	89,4400
10,9365	-37,568	89,4450
10,9280	-37,570	89,4500
10,9320	-37,572	89,4550
10,9431	-37,574	89,4600
10,9383	-37,576	89,4650
10,9414	-37,578	89,4700
10,9460	-37,580	89,4750
10,9397	-37,582	89,4800
10,9342	-37,584	89,4850
10,9410	-37,587	89,4900
10,9417	-37,589	89,4950
10,9346	-37,591	89,5000
10,9374	-37,593	89,5050
10,9348	-37,595	89,5100
10,9310	-37,597	89,5150
10,9372	-37,599	89,5200
10,9339	-37,601	89,5250
10,9276	-37,603	89,5300
10,9463	-37,605	89,5350
10,9491	-37,608	89,5400
10,9438	-37,610	89,5450
10,9503	-37,612	89,5500
10,9603	-37,614	89,5550
10,9566	-37,616	89,5600
10,9597	-37,618	89,5650
10,9599	-37,620	89,5700
10,9476	-37,622	89,5750
10,9456	-37,624	89,5800
10,9579	-37,626	89,5850
10,9584	-37,629	89,5900
10,9509	-37,631	89,5950
10,9608	-37,633	89,6000
10,9603	-37,635	89,6050
10,9444	-37,637	89,6100
10,9455	-37,639	89,6150
10,9511	-37,641	89,6200
10,9563	-37,643	89,6250
10,9709	-37,645	89,6300
10,9729	-37,647	89,6350
10,9603	-37,650	89,6400
10,9532	-37,652	89,6450
10,9608	-37,654	89,6500
10,9545	-37,656	89,6550
10,9548	-37,658	89,6600
10,9634	-37,660	89,6650
10,9670	-37,662	89,6700
10,9626	-37,664	89,6750
10,9616	-37,666	89,6800
10,9598	-37,668	89,6850
10,9537	-37,671	89,6900
10,9576	-37,673	89,6950
10,9630	-37,675	89,7000
10,9672	-37,677	89,7050
10,9761	-37,679	89,7100
10,9693	-37,681	89,7150
10,9635	-37,683	89,7200
10,9648	-37,685	89,7250
10,9652	-37,687	89,7300
10,9670	-37,689	89,7350
10,9652	-37,692	89,7400
10,9707	-37,694	89,7450
10,9661	-37,696	89,7500
10,9671	-37,698	89,7550
10,9746	-37,700	89,7600
10,9743	-37,702	89,7650
10,9675	-37,704	89,7700
10,9762	-37,706	89,7750
10,9755	-37,708	89,7800
10,9738	-37,710	89,7850
10,9789	-37,713	89,7900
10,9786	-37,715	89,7950
10,9712	-37,717	89,8000
10,9730	-37,719	89,8050
10,9757	-37,721	89,8100
10,9733	-37,723	89,8150
10,9833	-37,725	89,8200
10,9824	-37,727	89,8250
10,9698	-37,729	89,8300
10,9680	-37,731	89,8350
10,9801	-37,734	89,8400
10,9846	-37,736	89,8450
10,9839	-37,738	89,8500
10,9851	-37,740	89,8550
10,9855	-37,742	89,8600
10,9781	-37,744	89,8650
10,9896	-37,746	89,8700
10,9886	-37,748	89,8750
10,9734	-37,750	89,8800
10,9795	-37,752	89,8850
10,9832	-37,755	89,8900
10,9796	-37,757	89,8950
10,9879	-37,759	89,9000
10,9888	-37,761	89,9050
10,9814	-37,763	89,9100
10,9922	-37,765	89,9150
11,0010	-37,767	89,9200
10,9933	-37,769	89,9250
10,9861	-37,771	89,9300
10,9874	-37,773	89,9350
10,9920	-37,776	89,9400
10,9903	-37,778	89,9450
10,9876	-37,780	89,9500
10,9775	-37,782	89,9550
10,9759	-37,784	89,9600
10,9913	-37,786	89,9650
10,9965	-37,788	89,9700
10,9931	-37,790	89,9750
11,0008	-37,792	89,9800
11,0024	-37,794	89,9850
10,9960	-37,797	89,9900
11,0018	-37,799	89,9950
11,0033	-37,801	90,0000
11,0007	-37,803	90,0050
11,0026	-37,805	90,0100
11,0036	-37,807	90,0150
10,9922	-37,809	90,0200
10,9878	-37,811	90,0250
10,9934	-37,813	90,0300
10,9877	-37,815	90,0350
10,9888	-37,818	90,0400
11,0080	-37,820	90,0450
11,0084	-37,822	90,0500
10,9988	-37,824	90,0550
11,0048	-37,826	90,0600
11,0008	-37,828	90,0650
11,0023	-37,830	90,0700
11,0114	-37,832	90,0750
11,0089	-37,834	90,0800
10,9976	-37,836	90,0850
11,0035	-37,839	90,0900
11,0007	-37,841	90,0950
10,9967	-37,843	90,1000
11,0050	-37,845	90,1050
11,0150	-37,847	90,1100
11,0077	-37,849	90,1150
10,9987	-37,851	90,1200
11,0055	-37,853	90,1250
11,0067	-37,855	90,1300
11,0148	-37,857	90,1350
11,0174	-37,860	90,1400
11,0098	-37,862	90,1450
11,0079	-37,864	90,1500
11,0205	-37,866	90,1550
11,0221	-37,868	90,1600
11,0146	-37,870	90,1650
11,0170	-37,872	90,1700
11,0224	-37,874	90,1750
11,0116	-37,876	90,1800
11,0169	-37,878	90,1850
11,0180	-37,881	90,1900
11,0115	-37,883	90,1950
11,0163	-37,885	90,2000
11,0230	-37,887	90,2050
11,0174	-37,889	90,2100
11,0143	-37,891	90,2150
11,0231	-37,893	90,2200
11,0232	-37,895	90,2250
11,0151	-37,897	90,2300
11,0154	-37,899	90,2350
11,0145	-37,902	90,2400
11,0119	-37,904	90,2450
11,0219	-37,906	90,2500
11,0271	-37,908	90,2550
11,0292	-37,910	90,2600
11,0313	-37,912	90,2650
11,0343	-37,914	90,2700
11,0258	-37,916	90,2750
11,0287	-37,918	90,2800
11,0368	-37,920	90,2850
11,0314	-37,923	90,2900
11,0324	-37,925	90,2950
11,0336	-37,927	90,3000
11,0240	-37,929	90,3050
11,0217	-37,931	90,3100
11,0283	-37,933	90,3150
11,0291	-37,935	90,3200
11,0363	-37,937	90,3250
11,0464	-37,939	90,3300
11,0360	-37,941	90,3350
11,0233	-37,944	90,3400
11,0331	-37,946	90,3450
11,0312	-37,948	90,3500
11,0352	-37,950	90,3550
11,0380	-37,952	90,3600
11,0441	-37,954	90,3650
11,0326	-37,956	90,3700
11,0391	-37,958	90,3750
11,0529	-37,960	90,3800
11,0399	-37,962	90,3850
11,0342	-37,965	90,3900
11,0343	-37,967	90,3950
11,0320	-37,969	90,4000
11,0301	-37,971	90,4050
11,0429	-37,973	90,4100
11,0437	-37,975	90,4150
11,0383	-37,977	90,4200
11,0452	-37,979	90,4250
11,0415	-37,981	90,4300
11,0352	-37,983	90,4350
11,0393	-37,986	90,4400
11,0428	-37,988	90,4450
11,0462	-37,990	90,4500
11,0502	-37,992	90,4550
11,0510	-37,994	90,4600
11,0406	-37,996	90,4650
11,0416	-37,998	90,4700
11,0464	-38,000	90,4750
11,0446	-38,002	90,4800
11,0473	-38,004	90,4850
11,0526	-38,007	90,4900
11,0469	-38,009	90,4950
11,0448	-38,011	90,5000
11,0547	-38,013	90,5050
11,0540	-38,015	90,5100
11,0470	-38,017	90,5150
11,0519	-38,019	90,5200
11,0523	-38,021	90,5250
11,0454	-38,023	90,5300
11,0589	-38,025	90,5350
11,0657	-38,028	90,5400
11,0647	-38,030	90,5450
11,0628	-38,032	90,5500
11,0637	-38,034	90,5550
11,0562	-38,036	90,5600
11,0602	-38,038	90,5650
11,0647	-38,040	90,5700
11,0556	-38,042	90,5750
11,0561	-38,044	90,5800
11,0644	-38,046	90,5850
11,0578	-38,049	90,5900
11,0563	-38,051	90,5950
11,0642	-38,053	90,6000
11,0636	-38,055	90,6050
11,0596	-38,057	90,6100
11,0637	-38,059	90,6150
11,0595	-38,061	90,6200
11,0525	-38,063	90,6250
11,0614	-38,065	90,6300
11,0631	-38,067	90,6350
11,0604	-38,070	90,6400
11,0599	-38,072	90,6450
11,0657	-38,074	90,6500
11,0627	-38,076	90,6550
11,0681	-38,078	90,6600
11,0798	-38,080	90,6650
11,0718	-38,082	90,6700
11,0651	-38,084	90,6750
11,0718	-38,086	90,6800
11,0691	-38,088	90,6850
11,0733	-38,091	90,6900
11,0746	-38,093	90,6950
11,0731	-38,095	90,7000
11,0734	-38,097	90,7050
11,0846	-38,099	90,7100
11,0840	-38,101	90,7150
11,0734	-38,103	90,7200
11,0731	-38,105	90,7250
11,0809	-38,107	90,7300
11,0836	-38,109	90,7350
11,0792	-38,112	90,7400
11,0839	-38,114	90,7450
11,0798	-38,116	90,7500
11,0805	-38,118	90,7550
11,0877	-38,120	90,7600
11,0822	-38,122	90,7650
11,0778	-38,124	90,7700
11,0816	-38,126	90,7750
11,0836	-38,128	90,7800
11,0788	-38,130	90,7850
11,0806	-38,133	90,7900
11,0796	-38,135	90,7950
11,0745	-38,137	90,8000
11,0807	-38,139	90,8050
11,0813	-38,141	90,8100
11,0781	-38,143	90,8150
11,0870	-38,145	90,8200
11,0905	-38,147	90,8250
11,0889	-38,149	90,8300
11,0945	-38,151	90,8350
11,1024	-38,154	90,8400
11,0902	-38,156	90,8450
11,0871	-38,158	90,8500
11,0928	-38,160	90,8550
11,0916	-38,162	90,8600
11,0898	-38,164	90,8650
11,0942	-38,166	90,8700
11,0856	-38,168	90,8750
11,0811	-38,170	90,8800
11,0927	-38,172	90,8850
11,0976	-38,175	90,8900
11,0966	-38,177	90,8950
11,1028	-38,179	90,9000
11,1043	-38,181	90,9050
11,0918	-38,183	90,9100
11,0988	-38,185	90,9150
11,1070	-38,187	90,9200
11,0997	-38,189	90,9250
11,0932	-38,191	90,9300
11,0995	-38,193	90,9350
11,0880	-38,196	90,9400
11,0854	-38,198	90,9450
11,0984	-38,200	90,9500
11,0986	-38,202	90,9550
11,0959	-38,204	90,9600
11,1088	-38,206	90,9650
11,1088	-38,208	90,9700
11,1046	-38,210	90,9750
11,1075	-38,212	90,9800
11,1068	-38,214	90,9850
11,1072	-38,217	90,9900
11,1204	-38,219	90,9950
11,1177	-38,221	91,0000
11,1028	-38,223	91,0050
11,1065	-38,225	91,0100
11,1092	-38,227	91,0150
11,1089	-38,229	91,0200
11,1103	-38,231	91,0250
11,1208	-38,233	91,0300
11,1137	-38,235	91,0350
11,1084	-38,238	91,0400
11,1145	-38,240	91,0450
11,1116	-38,242	91,0500
11,1107	-38,244	91,0550
11,1212	-38,246	91,0600
11,1123	-38,248	91,0650
11,1088	-38,250	91,0700
11,1138	-38,252	91,0750
11,1168	-38,254	91,0800
11,1142	-38,256	91,0850
11,1173	-38,259	91,0900
11,1183	-38,261	91,0950
11,1068	-38,263	91,1000
11,1083	-38,265	91,1050
11,1180	-38,267	91,1100
11,1234	-38,269	91,1150
11,1165	-38,271	91,1200
11,1203	-38,273	91,1250
11,1199	-38,275	91,1300
11,1184	-38,277	91,1350
11,1278	-38,280	91,1400
11,1240	-38,282	91,1450
11,1157	-38,284	91,1500
11,1296	-38,286	91,1550
11,1346	-38,288	91,1600
11,1237	-38,290	91,1650
11,1262	-38,292	91,1700
11,1268	-38,294	91,1750
11,1169	-38,296	91,1800
11,1175	-38,298	91,1850
11,1199	-38,301	91,1900
11,1122	-38,303	91,1950
11,1134	-38,305	91,2000
11,1246	-38,307	91,2050
11,1233	-38,309	91,2100
11,1194	-38,311	91,2150
11,1312	-38,313	91,2200
11,1353	-38,315	91,2250
11,1349	-38,317	91,2300
11,1361	-38,319	91,2350
11,1251	-38,322	91,2400
11,1279	-38,324	91,2450
11,1380	-38,326	91,2500
11,1344	-38,328	91,2550
11,1267	-38,330	91,2600
11,1268	-38,332	91,2650
11,1303	-38,334	91,2700
11,1284	-38,336	91,2750
11,1339	-38,338	91,2800
11,1318	-38,340	91,2850
11,1237	-38,343	91,2900
11,1338	-38,345	91,2950
11,1459	-38,347	91,3000
11,1410	-38,349	91,3050
11,1306	-38,351	91,3100
11,1394	-38,353	91,3150
11,1407	-38,355	91,3200
11,1385	-38,357	91,3250
11,1426	-38,359	91,3300
11,1404	-38,361	91,3350
11,1392	-38,364	91,3400
11,1480	-38,366	91,3450
11,1418	-38,368	91,3500
11,1382	-38,370	91,3550
11,1491	-38,372	91,3600
11,1602	-38,374	91,3650
11,1522	-38,376	91,3700
11,1477	-38,378	91,3750
11,1562	-38,380	91,3800
11,1514	-38,382	91,3850
11,1483	-38,385	91,3900
11,1595	-38,387	91,3950
11,1669	-38,389	91,4000
11,1606	-38,391	91,4050
11,1574	-38,393	91,4100
11,1525	-38,395	91,4150
11,1461	-38,397	91,4200
11,1533	-38,399	91,4250
11,1499	-38,401	91,4300
11,1438	-38,403	91,4350
11,1523	-38,406	91,4400
11,1578	-38,408	91,4450
11,1554	-38,410	91,4500
11,1513	-38,412	91,4550
11,1547	-38,414	91,4600
11,1574	-38,416	91,4650
11,1602	-38,418	91,4700
11,1668	-38,420	91,4750
11,1584	-38,422	91,4800
11,1541	-38,424	91,4850
11,1615	-38,427	91,4900
11,1609	-38,429	91,4950
11,1624	-38,431	91,5000
11,1723	-38,433	91,5050
11,1687	-38,435	91,5100
11,1605	-38,437	91,5150
11,1674	-38,439	91,5200
11,1719	-38,441	91,5250
11,1679	-38,443	91,5300
11,1713	-38,445	91,5350
11,1737	-38,448	91,5400
11,1690	-38,450	91,5450
11,1661	-38,452	91,5500
11,1773	-38,454	91,5550
11,1686	-38,456	91,5600
11,1607	-38,458	91,5650
11,1671	-38,460	91,5700
11,1617	-38,462	91,5750
11,1573	-38,464	91,5800
11,1699	-38,466	91,5850
11,1746	-38,469	91,5900
11,1721	-38,471	91,5950
11,1722	-38,473	91,6000
11,1753	-38,475	91,6050
11,1726	-38,477	91,6100
11,1776	-38,479	91,6150
11,1777	-38,481	91,6200
11,1676	-38,483	91,6250
11,1709	-38,485	91,6300
11,1789	-38,487	91,6350
11,1721	-38,490	91,6400
11,1724	-38,492	91,6450
11,1742	-38,494	91,6500
11,1727	-38,496	91,6550
11,1784	-38,498	91,6600
11,1869	-38,500	91,6650
11,1800	-38,502	91,6700
11,1715	-38,504	91,6750
11,1841	-38,506	91,6800
11,1886	-38,508	91,6850
11,1878	-38,511	91,6900
11,1882	-38,513	91,6950
11,1904	-38,515	91,7000
11,1845	-38,517	91,7050
11,1855	-38,519	91,7100
11,1833	-38,521	91,7150
11,1741	-38,523	91,7200
11,1806	-38,525	91,7250
11,1864	-38,527	91,7300
11,1876	-38,529	91,7350
11,1854	-38,532	91,7400
11,1877	-38,534	91,7450
11,1879	-38,536	91,7500
11,1956	-38,538	91,7550
11,2053	-38,540	91,7600
11,1943	-38,542	91,7650
11,1873	-38,544	91,7700
11,1977	-38,546	91,7750
11,2011	-38,548	91,7800
11,1964	-38,550	91,7850
11,1998	-38,553	91,7900
11,1943	-38,555	91,7950
11,1883	-38,557	91,8000
11,1982	-38,559	91,8050
11,2004	-38,561	91,8100
11,1936	-38,563	91,8150
11,2016	-38,565	91,8200
11,2014	-38,567	91,8250
11,2004	-38,569	91,8300
11,2016	-38,571	91,8350
11,2061	-38,574	91,8400
11,1988	-38,576	91,8450
11,1927	-38,578	91,8500
11,2055	-38,580	91,8550
11,2065	-38,582	91,8600
11,2036	-38,584	91,8650
11,2080	-38,586	91,8700
11,2092	-38,588	91,8750
11,2051	-38,590	91,8800
11,2014	-38,592	91,8850
11,2031	-38,595	91,8900
11,2015	-38,597	91,8950
11,2143	-38,599	91,9000
11,2176	-38,601	91,9050
11,2062	-38,603	91,9100
11,2066	-38,605	91,9150
11,2117	-38,607	91,9200
11,2137	-38,609	91,9250
11,2104	-38,611	91,9300
11,2165	-38,613	91,9350
11,2166	-38,616	91,9400
11,2135	-38,618	91,9450
11,2214	-38,620	91,9500
11,2193	-38,622	91,9550
11,2101	-38,624	91,9600
11,2134	-38,626	91,9650
11,2138	-38,628	91,9700
11,2157	-38,630	91,9750
11,2242	-38,632	91,9800
11,2283	-38,634	91,9850
11,2195	-38,637	91,9900
11,2233	-38,639	91,9950
11,2270	-38,641	92,0000
11,2199	-38,643	92,0050
11,2219	-38,645	92,0100
11,2260	-38,647	92,0150
11,2207	-38,649	92,0200
11,2197	-38,651	92,0250
11,2243	-38,653	92,0300
11,2229	-38,655	92,0350
11,2191	-38,658	92,0400
11,2281	-38,660	92,0450
11,2211	-38,662	92,0500
11,2134	-38,664	92,0550
11,2270	-38,666	92,0600
11,2272	-38,668	92,0650
11,2228	-38,670	92,0700
11,2263	-38,672	92,0750
11,2273	-38,674	92,0800
11,2205	-38,676	92,0850
11,2257	-38,679	92,0900
11,2358	-38,681	92,0950
11,2288	-38,683	92,1000
11,2255	-38,685	92,1050
11,2318	-38,687	92,1100
11,2298	-38,689	92,1150
11,2261	-38,691	92,1200
11,2303	-38,693	92,1250
11,2309	-38,695	92,1300
11,2296	-38,697	92,1350
11,2392	-38,700	92,1400
11,2343	-38,702	92,1450
11,2198	-38,704	92,1500
11,2260	-38,706	92,1550
11,2336	-38,708	92,1600
11,2317	-38,710	92,1650
11,2377	-38,712	92,1700
11,2393	-38,714	92,1750
11,2332	-38,716	92,1800
11,2380	-38,718	92,1850
11,2489	-38,721	92,1900
11,2458	-38,723	92,1950
11,2418	-38,725	92,2000
11,2446	-38,727	92,2050
11,2356	-38,729	92,2100
11,2322	-38,731	92,2150
11,2405	-38,733	92,2200
11,2424	-38,735	92,2250
11,2444	-38,737	92,2300
11,2504	-38,739	92,2350
11,2484	-38,742	92,2400
11,2452	-38,744	92,2450
11,2540	-38,746	92,2500
11,2544	-38,748	92,2550
11,2520	-38,750	92,2600
11,2508	-38,752	92,2650
11,2515	-38,754	92,2700
11,2497	-38,756	92,2750
11,2537	-38,758	92,2800
11,2507	-38,760	92,2850
11,2378	-38,763	92,2900
11,2489	-38,765	92,2950
11,2644	-38,767	92,3000
11,2619	-38,769	92,3050
11,2528	-38,771	92,3100
11,2499	-38,773	92,3150
11,2513	-38,775	92,3200
11,2537	-38,777	92,3250
11,2523	-38,779	92,3300
11,2459	-38,781	92,3350
11,2411	-38,784	92,3400
11,2524	-38,786	92,3450
11,2578	-38,788	92,3500
11,2578	-38,790	92,3550
11,2596	-38,792	92,3600
11,2661	-38,794	92,3650
11,2538	-38,796	92,3700
11,2556	-38,798	92,3750
11,2657	-38,800	92,3800
11,2570	-38,802	92,3850
11,2560	-38,805	92,3900
11,2669	-38,807	92,3950
11,2628	-38,809	92,4000
11,2521	-38,811	92,4050
11,2616	-38,813	92,4100
11,2644	-38,815	92,4150
11,2622	-38,817	92,4200
11,2660	-38,819	92,4250
11,2648	-38,821	92,4300
11,2641	-38,823	92,4350
11,2728	-38,826	92,4400
11,2678	-38,828	92,4450
11,2684	-38,830	92,4500
11,2755	-38,832	92,4550
11,2786	-38,834	92,4600
11,2670	-38,836	92,4650
11,2623	-38,838	92,4700
11,2645	-38,840	92,4750
11,2696	-38,842	92,4800
11,2769	-38,844	92,4850
11,2772	-38,847	92,4900
11,2660	-38,849	92,4950
11,2647	-38,851	92,5000
11,2740	-38,853	92,5050
11,2734	-38,855	92,5100
11,2735	-38,857	92,5150
11,2834	-38,859	92,5200
11,2837	-38,861	92,5250
11,2748	-38,863	92,5300
11,2802	-38,865	92,5350
11,2794	-38,868	92,5400
11,2745	-38,870	92,5450
11,2775	-38,872	92,5500
11,2829	-38,874	92,5550
11,2786	-38,876	92,5600
11,2848	-38,878	92,5650
11,2888	-38,880	92,5700
11,2805	-38,882	92,5750
11,2786	-38,884	92,5800
11,2833	-38,886	92,5850
11,2809	-38,889	92,5900
11,2806	-38,891	92,5950
11,2933	-38,893	92,6000
11,2937	-38,895	92,6050
11,2841	-38,897	92,6100
11,2929	-38,899	92,6150
11,2926	-38,901	92,6200
11,2862	-38,903	92,6250
11,2949	-38,905	92,6300
11,2936	-38,907	92,6350
11,2905	-38,910	92,6400
11,2922	-38,912	92,6450
11,2983	-38,914	92,6500
11,2934	-38,916	92,6550
11,2967	-38,918	92,6600
11,2993	-38,920	92,6650
11,2936	-38,922	92,6700
11,2959	-38,924	92,6750
11,2993	-38,926	92,6800
11,2917	-38,928	92,6850
11,2870	-38,931	92,6900
11,2976	-38,933	92,6950
11,3100	-38,935	92,7000
11,3109	-38,937	92,7050
11,3057	-38,939	92,7100
11,2987	-38,941	92,7150
11,2916	-38,943	92,7200
11,3038	-38,945	92,7250
11,3072	-38,947	92,7300
11,3032	-38,949	92,7350
11,3064	-38,952	92,7400
11,3113	-38,954	92,7450
11,3093	-38,956	92,7500
11,3094	-38,958	92,7550
11,3102	-38,960	92,7600
11,3023	-38,962	92,7650
11,2999	-38,964	92,7700
11,3048	-38,966	92,7750
11,3031	-38,968	92,7800
11,2988	-38,970	92,7850
11,3058	-38,973	92,7900
11,3105	-38,975	92,7950
11,3047	-38,977	92,8000
11,3084	-38,979	92,8050
11,3112	-38,981	92,8100
11,3033	-38,983	92,8150
11,3068	-38,985	92,8200
11,3086	-38,987	92,8250
11,3094	-38,989	92,8300
11,3107	-38,991	92,8350
11,3203	-38,994	92,8400
11,3110	-38,996	92,8450
11,3045	-38,998	92,8500
11,3178	-39,000	92,8550
11,3128	-39,002	92,8600
11,3065	-39,004	92,8650
11,3229	-39,006	92,8700
11,3276	-39,008	92,8750
11,3260	-39,010	92,8800
11,3275	-39,012	92,8850
11,3235	-39,015	92,8900
11,3166	-39,017	92,8950
11,3273	-39,019	92,9000
11,3285	-39,021	92,9050
11,3165	-39,023	92,9100
11,3177	-39,025	92,9150
11,3228	-39,027	92,9200
11,3201	-39,029	92,9250
11,3162	-39,031	92,9300
11,3234	-39,033	92,9350
11,3180	-39,036	92,9400
11,3129	-39,038	92,9450
11,3212	-39,040	92,9500
11,3272	-39,042	92,9550
11,3270	-39,044	92,9600
11,3364	-39,046	92,9650
11,3344	-39,048	92,9700
11,3217	-39,050	92,9750
11,3230	-39,052	92,9800
11,3256	-39,054	92,9850
11,3231	-39,057	92,9900
11,3304	-39,059	92,9950
11,3321	-39,061	93,0000
11,3255	-39,063	93,0050
11,3289	-39,065	93,0100
11,3322	-39,067	93,0150
11,3341	-39,069	93,0200
11,3283	-39,071	93,0250
11,3347	-39,073	93,0300
11,3381	-39,075	93,0350
11,3345	-39,078	93,0400
11,3280	-39,080	93,0450
11,3236	-39,082	93,0500
11,3202	-39,084	93,0550
11,3382	-39,086	93,0600
11,3404	-39,088	93,0650
11,3327	-39,090	93,0700
11,3327	-39,092	93,0750
11,3330	-39,094	93,0800
11,3314	-39,096	93,0850
11,3473	-39,099	93,0900
11,3511	-39,101	93,0950
11,3417	-39,103	93,1000
11,3369	-39,105	93,1050
11,3411	-39,107	93,1100
11,3425	-39,109	93,1150
11,3431	-39,111	93,1200
11,3455	-39,113	93,1250
11,3395	-39,115	93,1300
11,3437	-39,117	93,1350
11,3544	-39,120	93,1400
11,3512	-39,122	93,1450
11,3440	-39,124	93,1500
11,3535	-39,126	93,1550
11,3481	-39,128	93,1600
11,3437	-39,130	93,1650
11,3525	-39,132	93,1700
11,3590	-39,134	93,1750
11,3426	-39,136	93,1800
11,3458	-39,138	93,1850
11,3550	-39,141	93,1900
11,3373	-39,143	93,1950
11,3399	-39,145	93,2000
11,3529	-39,147	93,2050
11,3507	-39,149	93,2100
11,3444	-39,151	93,2150
11,3493	-39,153	93,2200
11,3507	-39,155	93,2250
11,3544	-39,157	93,2300
11,3622	-39,159	93,2350
11,3592	-39,162	93,2400
11,3532	-39,164	93,2450
11,3642	-39,166	93,2500
11,3643	-39,168	93,2550
11,3597	-39,170	93,2600
11,3629	-39,172	93,2650
11,3662	-39,174	93,2700
11,3562	-39,176	93,2750
11,3554	-39,178	93,2800
11,3650	-39,180	93,2850
11,3586	-39,183	93,2900
11,3556	-39,185	93,2950
11,3548	-39,187	93,3000
11,3555	-39,189	93,3050
11,3599	-39,191	93,3100
11,3665	-39,193	93,3150
11,3631	-39,195	93,3200
11,3557	-39,197	93,3250
11,3641	-39,199	93,3300
11,3656	-39,201	93,3350
11,3612	-39,204	93,3400
11,3737	-39,206	93,3450
11,3727	-39,208	93,3500
11,3646	-39,210	93,3550
11,3674	-39,212	93,3600
11,3787	-39,214	93,3650
11,3727	-39,216	93,3700
11,3726	-39,218	93,3750
11,3831	-39,220	93,3800
11,3829	-39,222	93,3850
11,3758	-39,225	93,3900
11,3764	-39,227	93,3950
11,3768	-39,229	93,4000
11,3723	-39,231	93,4050
11,3747	-39,233	93,4100
11,3802	-39,235	93,4150
11,3749	-39,237	93,4200
11,3798	-39,239	93,4250
11,3764	-39,241	93,4300
11,3748	-39,243	93,4350
11,3834	-39,246	93,4400
11,3878	-39,248	93,4450
11,3812	-39,250	93,4500
11,3793	-39,252	93,4550
11,3812	-39,254	93,4600
11,3734	-39,256	93,4650
11,3787	-39,258	93,4700
11,3864	-39,260	93,4750
11,3790	-39,262	93,4800
11,3785	-39,264	93,4850
11,3901	-39,267	93,4900
11,3835	-39,269	93,4950
11,3776	-39,271	93,5000
11,3917	-39,273	93,5050
11,3854	-39,275	93,5100
11,3744	-39,277	93,5150
11,3856	-39,279	93,5200
11,3879	-39,281	93,5250
11,3803	-39,283	93,5300
11,3885	-39,285	93,5350
11,3866	-39,288	93,5400
11,3803	-39,290	93,5450
11,3843	-39,292	93,5500
11,3997	-39,294	93,5550
11,3890	-39,296	93,5600
11,3853	-39,298	93,5650
11,3914	-39,300	93,5700
11,3915	-39,302	93,5750
11,3913	-39,304	93,5800
11,3936	-39,306	93,5850
11,3907	-39,309	93,5900
11,3887	-39,311	93,5950
11,4014	-39,313	93,6000
11,4008	-39,315	93,6050
11,3954	-39,317	93,6100
11,4020	-39,319	93,6150
11,3991	-39,321	93,6200
11,3924	-39,323	93,6250
11,3949	-39,325	93,6300
11,4027	-39,327	93,6350
11,4011	-39,330	93,6400
11,4044	-39,332	93,6450
11,4082	-39,334	93,6500
11,4005	-39,336	93,6550
11,4055	-39,338	93,6600
11,4149	-39,340	93,6650
11,4084	-39,342	93,6700
11,3996	-39,344	93,6750
11,4064	-39,346	93,6800
11,4091	-39,348	93,6850
11,4074	-39,351	93,6900
11,4133	-39,353	93,6950
11,4132	-39,355	93,7000
11,4106	-39,357	93,7050
11,4154	-39,359	93,7100
11,4094	-39,361	93,7150
11,4003	-39,363	93,7200
11,4115	-39,365	93,7250
11,4154	-39,367	93,7300
11,4063	-39,369	93,7350
11,4031	-39,372	93,7400
11,4101	-39,374	93,7450
11,4067	-39,376	93,7500
11,4073	-39,378	93,7550
11,4148	-39,380	93,7600
11,4099	-39,382	93,7650
11,4080	-39,384	93,7700
11,4172	-39,386	93,7750
11,4136	-39,388	93,7800
11,4125	-39,390	93,7850
11,4199	-39,393	93,7900
11,4186	-39,395	93,7950
11,4140	-39,397	93,8000
11,4196	-39,399	93,8050
11,4166	-39,401	93,8100
11,4118	-39,403	93,8150
11,4180	-39,405	93,8200
11,4199	-39,407	93,8250
11,4147	-39,409	93,8300
11,4186	-39,411	93,8350
11,4302	-39,414	93,8400
11,4292	-39,416	93,8450
11,4296	-39,418	93,8500
11,4252	-39,420	93,8550
11,4141	-39,422	93,8600
11,4097	-39,424	93,8650
11,4200	-39,426	93,8700
11,4257	-39,428	93,8750
11,4271	-39,430	93,8800
11,4318	-39,432	93,8850
11,4290	-39,435	93,8900
11,4235	-39,437	93,8950
11,4298	-39,439	93,9000
11,4310	-39,441	93,9050
11,4269	-39,443	93,9100
11,4391	-39,445	93,9150
11,4434	-39,447	93,9200
11,4314	-39,449	93,9250
11,4263	-39,451	93,9300
11,4347	-39,453	93,9350
11,4372	-39,456	93,9400
11,4388	-39,458	93,9450
11,4393	-39,460	93,9500
11,4323	-39,462	93,9550
11,4320	-39,464	93,9600
11,4433	-39,466	93,9650
11,4428	-39,468	93,9700
11,4361	-39,470	93,9750
11,4392	-39,472	93,9800
11,4456	-39,474	93,9850
11,4371	-39,477	93,9900
11,4416	-39,479	93,9950
11,4423	-39,481	94,0000
11,4385	-39,483	94,0050
11,4423	-39,485	94,0100
11,4474	-39,487	94,0150
11,4431	-39,489	94,0200
11,4436	-39,491	94,0250
11,4528	-39,493	94,0300
11,4477	-39,495	94,0350
11,4432	-39,498	94,0400
11,4492	-39,500	94,0450
11,4422	-39,502	94,0500
11,4358	-39,504	94,0550
11,4470	-39,506	94,0600
11,4441	-39,508	94,0650
11,4419	-39,510	94,0700
11,4487	-39,512	94,0750
11,4538	-39,514	94,0800
11,4432	-39,516	94,0850
11,4465	-39,519	94,0900
11,4472	-39,521	94,0950
11,4461	-39,523	94,1000
11,4558	-39,525	94,1050
11,4602	-39,527	94,1100
11,4525	-39,529	94,1150
11,4443	-39,531	94,1200
11,4545	-39,533	94,1250
11,4515	-39,535	94,1300
11,4527	-39,537	94,1350
11,4586	-39,540	94,1400
11,4556	-39,542	94,1450
11,4509	-39,544	94,1500
11,4540	-39,546	94,1550
11,4568	-39,548	94,1600
11,4554	-39,550	94,1650
11,4590	-39,552	94,1700
11,4624	-39,554	94,1750
11,4581	-39,556	94,1800
11,4594	-39,558	94,1850
11,4621	-39,561	94,1900
11,4569	-39,563	94,1950
11,4579	-39,565	94,2000
11,4640	-39,567	94,2050
11,4570	-39,569	94,2100
11,4545	-39,571	94,2150
11,4653	-39,573	94,2200
11,4642	-39,575	94,2250
11,4608	-39,577	94,2300
11,4648	-39,579	94,2350
11,4636	-39,582	94,2400
11,4590	-39,584	94,2450
11,4660	-39,586	94,2500
11,4697	-39,588	94,2550
11,4711	-39,590	94,2600
11,4720	-39,592	94,2650
11,4755	-39,594	94,2700
11,4641	-39,596	94,2750
11,4702	-39,598	94,2800
11,4725	-39,600	94,2850
11,4673	-39,603	94,2900
11,4685	-39,605	94,2950
11,4768	-39,607	94,3000
11,4749	-39,609	94,3050
11,4662	-39,611	94,3100
11,4788	-39,613	94,3150
11,4851	-39,615	94,3200
11,4735	-39,617	94,3250
11,4787	-39,619	94,3300
11,4813	-39,621	94,3350
11,4724	-39,624	94,3400
11,4760	-39,626	94,3450
11,4780	-39,628	94,3500
11,4739	-39,630	94,3550
11,4772	-39,632	94,3600
11,4872	-39,634	94,3650
11,4807	-39,636	94,3700
11,4796	-39,638	94,3750
11,4842	-39,640	94,3800
11,4799	-39,642	94,3850
11,4832	-39,645	94,3900
11,4883	-39,647	94,3950
11,4784	-39,649	94,4000
11,4707	-39,651	94,4050
11,4790	-39,653	94,4100
11,4819	-39,655	94,4150
11,4803	-39,657	94,4200
11,4828	-39,659	94,4250
11,4828	-39,661	94,4300
11,4845	-39,663	94,4350
11,4953	-39,666	94,4400
11,4916	-39,668	94,4450
11,4839	-39,670	94,4500
11,4877	-39,672	94,4550
11,4996	-39,674	94,4600
11,4904	-39,676	94,4650
11,4863	-39,678	94,4700
11,4891	-39,680	94,4750
11,4890	-39,682	94,4800
11,4920	-39,684	94,4850
11,4894	-39,687	94,4900
11,4882	-39,689	94,4950
11,4925	-39,691	94,5000
11,5015	-39,693	94,5050
11,5013	-39,695	94,5100
11,4978	-39,697	94,5150
11,5037	-39,699	94,5200
11,5081	-39,701	94,5250
11,4964	-39,703	94,5300
11,4907	-39,705	94,5350
11,4972	-39,708	94,5400
11,4991	-39,710	94,5450
11,4991	-39,712	94,5500
11,5121	-39,714	94,5550
11,5077	-39,716	94,5600
11,5076	-39,718	94,5650
11,5048	-39,720	94,5700
11,4959	-39,722	94,5750
11,4979	-39,724	94,5800
11,5025	-39,726	94,5850
11,5038	-39,729	94,5900
11,4986	-39,731	94,5950
11,5045	-39,733	94,6000
11,5049	-39,735	94,6050
11,5074	-39,737	94,6100
11,5122	-39,739	94,6150
11,5122	-39,741	94,6200
11,4999	-39,743	94,6250
11,5040	-39,745	94,6300
11,5109	-39,747	94,6350
11,5131	-39,750	94,6400
11,5130	-39,752	94,6450
11,5169	-39,754	94,6500
11,5105	-39,756	94,6550
11,5099	-39,758	94,6600
11,5136	-39,760	94,6650
11,5100	-39,762	94,6700
11,5098	-39,764	94,6750
11,5211	-39,766	94,6800
11,5184	-39,768	94,6850
11,5109	-39,771	94,6900
11,5199	-39,773	94,6950
11,5242	-39,775	94,7000
11,5207	-39,777	94,7050
11,5223	-39,779	94,7100
11,5256	-39,781	94,7150
11,5134	-39,783	94,7200
11,5104	-39,785	94,7250
11,5122	-39,787	94,7300
11,5128	-39,789	94,7350
11,5169	-39,792	94,7400
11,5283	-39,794	94,7450
11,5212	-39,796	94,7500
11,5238	-39,798	94,7550
11,5299	-39,800	94,7600
11,5218	-39,802	94,7650
11,5167	-39,804	94,7700
11,5320	-39,806	94,7750
11,5325	-39,808	94,7800
11,5246	-39,810	94,7850
11,5276	-39,813	94,7900
11,5283	-39,815	94,7950
11,5249	-39,817	94,8000
11,5312	-39,819	94,8050
11,5311	-39,821	94,8100
11,5293	-39,823	94,8150
11,5281	-39,825	94,8200
11,5308	-39,827	94,8250
11,5324	-39,829	94,8300
11,5270	-39,831	94,8350
11,5346	-39,834	94,8400
11,5279	-39,836	94,8450
11,5266	-39,838	94,8500
11,5349	-39,840	94,8550
11,5363	-39,842	94,8600
11,5383	-39,844	94,8650
11,5420	-39,846	94,8700
11,5439	-39,848	94,8750
11,5392	-39,850	94,8800
11,5385	-39,852	94,8850
11,5419	-39,855	94,8900
11,5378	-39,857	94,8950
11,5428	-39,859	94,9000
11,5427	-39,861	94,9050
11,5343	-39,863	94,9100
11,5383	-39,865	94,9150
11,5444	-39,867	94,9200
11,5423	-39,869	94,9250
11,5349	-39,871	94,9300
11,5437	-39,873	94,9350
11,5447	-39,876	94,9400
11,5439	-39,878	94,9450
11,5523	-39,880	94,9500
11,5503	-39,882	94,9550
11,5485	-39,884	94,9600
11,5534	-39,886	94,9650
11,5533	-39,888	94,9700
11,5504	-39,890	94,9750
11,5530	-39,892	94,9800
11,5532	-39,894	94,9850
11,5494	-39,897	94,9900
11,5577	-39,899	94,9950
11,5543	-39,901	95,0000
11,5418	-39,903	95,0050
11,5465	-39,905	95,0100
11,5532	-39,907	95,0150
11,5509	-39,909	95,0200
11,5472	-39,911	95,0250
11,5637	-39,913	95,0300
11,5585	-39,915	95,0350
11,5536	-39,918	95,0400
11,5568	-39,920	95,0450
11,5572	-39,922	95,0500
11,5570	-39,924	95,0550
11,5646	-39,926	95,0600
11,5569	-39,928	95,0650
11,5519	-39,930	95,0700
11,5524	-39,932	95,0750
11,5550	-39,934	95,0800
11,5548	-39,936	95,0850
11,5676	-39,939	95,0900
11,5717	-39,941	95,0950
11,5636	-39,943	95,1000
11,5572	-39,945	95,1050
11,5559	-39,947	95,1100
11,5611	-39,949	95,1150
11,5624	-39,951	95,1200
11,5684	-39,953	95,1250
11,5617	-39,955	95,1300
11,5611	-39,957	95,1350
11,5702	-39,960	95,1400
11,5689	-39,962	95,1450
11,5612	-39,964	95,1500
11,5676	-39,966	95,1550
11,5691	-39,968	95,1600
11,5644	-39,970	95,1650
11,5671	-39,972	95,1700
11,5716	-39,974	95,1750
11,5660	-39,976	95,1800
11,5696	-39,978	95,1850
11,5756	-39,981	95,1900
11,5688	-39,983	95,1950
11,5660	-39,985	95,2000
11,5682	-39,987	95,2050
11,5673	-39,989	95,2100
11,5701	-39,991	95,2150
11,5775	-39,993	95,2200
11,5796	-39,995	95,2250
11,5807	-39,997	95,2300
11,5784	-39,999	95,2350
11,5701	-40,002	95,2400
11,5667	-40,004	95,2450
11,5823	-40,006	95,2500
11,5897	-40,008	95,2550
11,5808	-40,010	95,2600
11,5788	-40,012	95,2650
11,5793	-40,014	95,2700
11,5771	-40,016	95,2750
11,5890	-40,018	95,2800
11,5868	-40,020	95,2850
11,5771	-40,023	95,2900
11,5798	-40,025	95,2950
11,5913	-40,027	95,3000
11,5900	-40,029	95,3050
11,5895	-40,031	95,3100
11,5993	-40,033	95,3150
11,5925	-40,035	95,3200
11,5842	-40,037	95,3250
11,5890	-40,039	95,3300
11,5880	-40,041	95,3350
11,5839	-40,044	95,3400
11,5903	-40,046	95,3450
11,5903	-40,048	95,3500
11,5878	-40,050	95,3550
11,5953	-40,052	95,3600
11,6026	-40,054	95,3650
11,5959	-40,056	95,3700
11,5983	-40,058	95,3750
11,6005	-40,060	95,3800
11,5872	-40,062	95,3850
11,5869	-40,065	95,3900
11,5912	-40,067	95,3950
11,5929	-40,069	95,4000
11,5915	-40,071	95,4050
11,5965	-40,073	95,4100
11,5932	-40,075	95,4150
11,5869	-40,077	95,4200
11,5994	-40,079	95,4250
11,6048	-40,081	95,4300
11,5992	-40,083	95,4350
11,6067	-40,086	95,4400
11,6096	-40,088	95,4450
11,6004	-40,090	95,4500
11,5928	-40,092	95,4550
11,6048	-40,094	95,4600
11,6054	-40,096	95,4650
11,6066	-40,098	95,4700
11,6054	-40,100	95,4750
11,5984	-40,102	95,4800
11,5965	-40,104	95,4850
11,6070	-40,107	95,4900
11,6024	-40,109	95,4950
11,5973	-40,111	95,5000
11,6135	-40,113	95,5050
11,6145	-40,115	95,5100
11,6090	-40,117	95,5150
11,6145	-40,119	95,5200
11,6105	-40,121	95,5250
11,5990	-40,123	95,5300
11,6057	-40,125	95,5350
11,6160	-40,128	95,5400
11,6153	-40,130	95,5450
11,6146	-40,132	95,5500
11,6156	-40,134	95,5550
11,6100	-40,136	95,5600
11,6154	-40,138	95,5650
11,6268	-40,140	95,5700
11,6106	-40,142	95,5750
11,6077	-40,144	95,5800
11,6201	-40,146	95,5850
11,6224	-40,149	95,5900
11,6185	-40,151	95,5950
11,6154	-40,153	95,6000
11,6084	-40,155	95,6050
11,6117	-40,157	95,6100
11,6239	-40,159	95,6150
11,6258	-40,161	95,6200
11,6189	-40,163	95,6250
11,6260	-40,165	95,6300
11,6252	-40,167	95,6350
11,6200	-40,170	95,6400
11,6163	-40,172	95,6450
11,6229	-40,174	95,6500
11,6205	-40,176	95,6550
11,6237	-40,178	95,6600
11,6358	-40,180	95,6650
11,6352	-40,182	95,6700
11,6323	-40,184	95,6750
11,6313	-40,186	95,6800
11,6319	-40,188	95,6850
11,6314	-40,191	95,6900
11,6371	-40,193	95,6950
11,6339	-40,195	95,7000
11,6252	-40,197	95,7050
11,6336	-40,199	95,7100
11,6376	-40,201	95,7150
11,6287	-40,203	95,7200
11,6312	-40,205	95,7250
11,6306	-40,207	95,7300
11,6271	-40,209	95,7350
11,6315	-40,212	95,7400
11,6375	-40,214	95,7450
11,6239	-40,216	95,7500
11,6239	-40,218	95,7550
11,6363	-40,220	95,7600
11,6374	-40,222	95,7650
11,6357	-40,224	95,7700
11,6503	-40,226	95,7750
11,6513	-40,228	95,7800
11,6443	-40,230	95,7850
11,6488	-40,233	95,7900
11,6416	-40,235	95,7950
11,6265	-40,237	95,8000
11,6331	-40,239	95,8050
11,6348	-40,241	95,8100
11,6358	-40,243	95,8150
11,6450	-40,245	95,8200
11,6492	-40,247	95,8250
11,6439	-40,249	95,8300
11,6433	-40,251	95,8350
11,6522	-40,254	95,8400
11,6511	-40,256	95,8450
11,6484	-40,258	95,8500
11,6506	-40,260	95,8550
11,6479	-40,262	95,8600
11,6393	-40,264	95,8650
11,6484	-40,266	95,8700
11,6520	-40,268	95,8750
11,6491	-40,270	95,8800
11,6560	-40,272	95,8850
11,6584	-40,275	95,8900
11,6478	-40,277	95,8950
11,6488	-40,279	95,9000
11,6548	-40,281	95,9050
11,6526	-40,283	95,9100
11,6575	-40,285	95,9150
11,6553	-40,287	95,9200
11,6479	-40,289	95,9250
11,6423	-40,291	95,9300
11,6549	-40,293	95,9350
11,6593	-40,296	95,9400
11,6550	-40,298	95,9450
11,6626	-40,300	95,9500
11,6585	-40,302	95,9550
11,6506	-40,304	95,9600
11,6563	-40,306	95,9650
11,6538	-40,308	95,9700
11,6559	-40,310	95,9750
11,6616	-40,312	95,9800
11,6628	-40,314	95,9850
11,6575	-40,317	95,9900
11,6666	-40,319	95,9950
11,6648	-40,321	96,0000
11,6552	-40,323	96,0050
11,6565	-40,325	96,0100
11,6666	-40,327	96,0150
11,6609	-40,329	96,0200
11,6537	-40,331	96,0250
11,6650	-40,333	96,0300
11,6656	-40,335	96,0350
11,6633	-40,338	96,0400
11,6639	-40,340	96,0450
11,6582	-40,342	96,0500
11,6574	-40,344	96,0550
11,6676	-40,346	96,0600
11,6737	-40,348	96,0650
11,6732	-40,350	96,0700
11,6725	-40,352	96,0750
11,6670	-40,354	96,0800
11,6592	-40,356	96,0850
11,6683	-40,359	96,0900
11,6730	-40,361	96,0950
11,6698	-40,363	96,1000
11,6738	-40,365	96,1050
11,6819	-40,367	96,1100
11,6762	-40,369	96,1150
11,6714	-40,371	96,1200
11,6788	-40,373	96,1250
11,6730	-40,375	96,1300
11,6742	-40,377	96,1350
11,6789	-40,380	96,1400
11,6731	-40,382	96,1450
11,6711	-40,384	96,1500
11,6851	-40,386	96,1550
11,6841	-40,388	96,1600
11,6785	-40,390	96,1650
11,6802	-40,392	96,1700
11,6852	-40,394	96,1750
11,6751	-40,396	96,1800
11,6829	-40,398	96,1850
11,6878	-40,401	96,1900
11,6816	-40,403	96,1950
11,6841	-40,405	96,2000
11,6916	-40,407	96,2050
11,6840	-40,409	96,2100
11,6761	-40,411	96,2150
11,6882	-40,413	96,2200
11,6886	-40,415	96,2250
11,6847	-40,417	96,2300
11,6924	-40,419	96,2350
11,6889	-40,422	96,2400
11,6850	-40,424	96,2450
11,6969	-40,426	96,2500
11,7010	-40,428	96,2550
11,6928	-40,430	96,2600
11,6945	-40,432	96,2650
11,6932	-40,434	96,2700
11,6867	-40,436	96,2750
11,6897	-40,438	96,2800
11,6901	-40,440	96,2850
11,6904	-40,443	96,2900
11,6999	-40,445	96,2950
11,7062	-40,447	96,3000
11,6981	-40,449	96,3050
11,6925	-40,451	96,3100
11,7001	-40,453	96,3150
11,6892	-40,455	96,3200
11,6887	-40,457	96,3250
11,7016	-40,459	96,3300
11,7042	-40,461	96,3350
11,7017	-40,464	96,3400
11,7049	-40,466	96,3450
11,7053	-40,468	96,3500
11,6975	-40,470	96,3550
11,6954	-40,472	96,3600
11,7060	-40,474	96,3650
11,7045	-40,476	96,3700
11,6991	-40,478	96,3750
11,6983	-40,480	96,3800
11,6973	-40,482	96,3850
11,7067	-40,485	96,3900
11,7174	-40,487	96,3950
11,7141	-40,489	96,4000
11,7089	-40,491	96,4050
11,7118	-40,493	96,4100
11,7084	-40,495	96,4150
11,7127	-40,497	96,4200
11,7177	-40,499	96,4250
11,7147	-40,501	96,4300
11,7017	-40,503	96,4350
11,7074	-40,506	96,4400
11,7100	-40,508	96,4450
11,7063	-40,510	96,4500
11,7163	-40,512	96,4550
11,7194	-40,514	96,4600
11,7065	-40,516	96,4650
11,7138	-40,518	96,4700
11,7214	-40,520	96,4750
11,7099	-40,522	96,4800
11,7093	-40,524	96,4850
11,7220	-40,527	96,4900
11,7191	-40,529	96,4950
11,7155	-40,531	96,5000
11,7212	-40,533	96,5050
11,7249	-40,535	96,5100
11,7194	-40,537	96,5150
11,7255	-40,539	96,5200
11,7249	-40,541	96,5250
11,7175	-40,543	96,5300
11,7165	-40,545	96,5350
11,7256	-40,548	96,5400
11,7288	-40,550	96,5450
11,7201	-40,552	96,5500
11,7198	-40,554	96,5550
11,7188	-40,556	96,5600
11,7259	-40,558	96,5650
11,7303	-40,560	96,5700
11,7256	-40,562	96,5750
11,7224	-40,564	96,5800
11,7274	-40,566	96,5850
11,7256	-40,569	96,5900
11,7245	-40,571	96,5950
11,7301	-40,573	96,6000
11,7332	-40,575	96,6050
11,7251	-40,577	96,6100
11,7282	-40,579	96,6150
11,7296	-40,581	96,6200
11,7268	-40,583	96,6250
11,7332	-40,585	96,6300
11,7367	-40,587	96,6350
11,7337	-40,590	96,6400
11,7346	-40,592	96,6450
11,7411	-40,594	96,6500
11,7307	-40,596	96,6550
11,7357	-40,598	96,6600
11,7393	-40,600	96,6650
11,7334	-40,602	96,6700
11,7324	-40,604	96,6750
11,7447	-40,606	96,6800
11,7391	-40,608	96,6850
11,7366	-40,611	96,6900
11,7435	-40,613	96,6950
11,7373	-40,615	96,7000
11,7354	-40,617	96,7050
11,7491	-40,619	96,7100
11,7473	-40,621	96,7150
11,7359	-40,623	96,7200
11,7419	-40,625	96,7250
11,7489	-40,627	96,7300
11,7387	-40,629	96,7350
11,7451	-40,632	96,7400
11,7559	-40,634	96,7450
11,7428	-40,636	96,7500
11,7366	-40,638	96,7550
11,7420	-40,640	96,7600
11,7417	-40,642	96,7650
11,7435	-40,644	96,7700
11,7591	-40,646	96,7750
11,7606	-40,648	96,7800
11,7565	-40,650	96,7850
11,7668	-40,653	96,7900
11,7580	-40,655	96,7950
11,7477	-40,657	96,8000
11,7509	-40,659	96,8050
11,7530	-40,661	96,8100
11,7524	-40,663	96,8150
11,7572	-40,665	96,8200
11,7597	-40,667	96,8250
11,7578	-40,669	96,8300
11,7563	-40,671	96,8350
11,7596	-40,674	96,8400
11,7518	-40,676	96,8450
11,7543	-40,678	96,8500
11,7576	-40,680	96,8550
11,7534	-40,682	96,8600
11,7545	-40,684	96,8650
11,7616	-40,686	96,8700
11,7557	-40,688	96,8750
11,7562	-40,690	96,8800
11,7667	-40,692	96,8850
11,7690	-40,695	96,8900
11,7596	-40,697	96,8950
11,7609	-40,699	96,9000
11,7679	-40,701	96,9050
11,7672	-40,703	96,9100
11,7679	-40,705	96,9150
11,7678	-40,707	96,9200
11,7652	-40,709	96,9250
11,7645	-40,711	96,9300
11,7744	-40,713	96,9350
11,7717	-40,716	96,9400
11,7708	-40,718	96,9450
11,7788	-40,720	96,9500
11,7762	-40,722	96,9550
11,7762	-40,724	96,9600
11,7826	-40,726	96,9650
11,7754	-40,728	96,9700
11,7651	-40,730	96,9750
11,7737	-40,732	96,9800
11,7783	-40,734	96,9850
11,7705	-40,737	96,9900
11,7778	-40,739	96,9950
11,7790	-40,741	97,0000
11,7661	-40,743	97,0050
11,7690	-40,745	97,0100
11,7765	-40,747	97,0150
11,7782	-40,749	97,0200
11,7856	-40,751	97,0250
11,7898	-40,753	97,0300
11,7773	-40,755	97,0350
11,7752	-40,758	97,0400
11,7855	-40,760	97,0450
11,7837	-40,762	97,0500
11,7798	-40,764	97,0550
11,7786	-40,766	97,0600
11,7727	-40,768	97,0650
11,7743	-40,770	97,0700
11,7828	-40,772	97,0750
11,7831	-40,774	97,0800
11,7737	-40,776	97,0850
11,7771	-40,779	97,0900
11,7784	-40,781	97,0950
11,7704	-40,783	97,1000
11,7797	-40,785	97,1050
11,7876	-40,787	97,1100
11,7824	-40,789	97,1150
11,7786	-40,791	97,1200
11,7927	-40,793	97,1250
11,7830	-40,795	97,1300
11,7768	-40,797	97,1350
11,7846	-40,800	97,1400
11,7884	-40,802	97,1450
11,7853	-40,804	97,1500
11,7966	-40,806	97,1550
11,8002	-40,808	97,1600
11,7946	-40,810	97,1650
11,7961	-40,812	97,1700
11,8043	-40,814	97,1750
11,7999	-40,816	97,1800
11,8012	-40,818	97,1850
11,7968	-40,821	97,1900
11,7915	-40,823	97,1950
11,7995	-40,825	97,2000
11,8092	-40,827	97,2050
11,8061	-40,829	97,2100
11,7984	-40,831	97,2150
11,8159	-40,833	97,2200
11,8135	-40,835	97,2250
11,7965	-40,837	97,2300
11,7986	-40,839	97,2350
11,8014	-40,842	97,2400
11,7949	-40,844	97,2450
11,8020	-40,846	97,2500
11,8059	-40,848	97,2550
11,7998	-40,850	97,2600
11,8038	-40,852	97,2650
11,8069	-40,854	97,2700
11,8037	-40,856	97,2750
11,8065	-40,858	97,2800
11,8089	-40,860	97,2850
11,7966	-40,863	97,2900
11,7964	-40,865	97,2950
11,8080	-40,867	97,3000
11,8130	-40,869	97,3050
11,8087	-40,871	97,3100
11,8157	-40,873	97,3150
11,8073	-40,875	97,3200
11,8042	-40,877	97,3250
11,8139	-40,879	97,3300
11,8124	-40,881	97,3350
11,8077	-40,884	97,3400
11,8178	-40,886	97,3450
11,8171	-40,888	97,3500
11,8072	-40,890	97,3550
11,8111	-40,892	97,3600
11,8163	-40,894	97,3650
11,8123	-40,896	97,3700
11,8157	-40,898	97,3750
11,8152	-40,900	97,3800
11,8087	-40,902	97,3850
11,8167	-40,905	97,3900
11,8183	-40,907	97,3950
11,8144	-40,909	97,4000
11,8182	-40,911	97,4050
11,8237	-40,913	97,4100
11,8175	-40,915	97,4150
11,8154	-40,917	97,4200
11,8248	-40,919	97,4250
11,8253	-40,921	97,4300
11,8190	-40,923	97,4350
11,8278	-40,926	97,4400
11,8300	-40,928	97,4450
11,8249	-40,930	97,4500
11,8243	-40,932	97,4550
11,8293	-40,934	97,4600
11,8194	-40,936	97,4650
11,8235	-40,938	97,4700
11,8330	-40,940	97,4750
11,8216	-40,942	97,4800
11,8225	-40,944	97,4850
11,8321	-40,947	97,4900
11,8321	-40,949	97,4950
11,8358	-40,951	97,5000
11,8407	-40,953	97,5050
11,8318	-40,955	97,5100
11,8298	-40,957	97,5150
11,8344	-40,959	97,5200
11,8329	-40,961	97,5250
11,8330	-40,963	97,5300
11,8398	-40,965	97,5350
11,8344	-40,968	97,5400
11,8347	-40,970	97,5450
11,8394	-40,972	97,5500
11,8431	-40,974	97,5550
11,8383	-40,976	97,5600
11,8405	-40,978	97,5650
11,8400	-40,980	97,5700
11,8353	-40,982	97,5750
11,8383	-40,984	97,5800
11,8481	-40,986	97,5850
11,8412	-40,989	97,5900
11,8359	-40,991	97,5950
11,8425	-40,993	97,6000
11,8407	-40,995	97,6050
11,8363	-40,997	97,6100
11,8402	-40,999	97,6150
11,8361	-41,001	97,6200
11,8333	-41,003	97,6250
11,8469	-41,005	97,6300
11,8476	-41,007	97,6350
11,8389	-41,010	97,6400
11,8393	-41,012	97,6450
11,8482	-41,014	97,6500
11,8416	-41,016	97,6550
11,8449	-41,018	97,6600
11,8537	-41,020	97,6650
11,8508	-41,022	97,6700
11,8524	-41,024	97,6750
11,8608	-41,026	97,6800
11,8544	-41,028	97,6850
11,8498	-41,031	97,6900
11,8539	-41,033	97,6950
11,8522	-41,035	97,7000
11,8484	-41,037	97,7050
11,8550	-41,039	97,7100
11,8541	-41,041	97,7150
11,8480	-41,043	97,7200
11,8591	-41,045	97,7250
11,8639	-41,047	97,7300
11,8524	-41,049	97,7350
11,8518	-41,052	97,7400
11,8641	-41,054	97,7450
11,8616	-41,056	97,7500
11,8610	-41,058	97,7550
11,8634	-41,060	97,7600
11,8526	-41,062	97,7650
11,8499	-41,064	97,7700
11,8596	-41,066	97,7750
11,8652	-41,068	97,7800
11,8643	-41,070	97,7850
11,8667	-41,073	97,7900
11,8638	-41,075	97,7950
11,8636	-41,077	97,8000
11,8690	-41,079	97,8050
11,8595	-41,081	97,8100
11,8532	-41,083	97,8150
11,8634	-41,085	97,8200
11,8695	-41,087	97,8250
11,8658	-41,089	97,8300
11,8668	-41,091	97,8350
11,8758	-41,094	97,8400
11,8670	-41,096	97,8450
11,8665	-41,098	97,8500
11,8790	-41,100	97,8550
11,8722	-41,102	97,8600
11,8660	-41,104	97,8650
11,8732	-41,106	97,8700
11,8715	-41,108	97,8750
11,8662	-41,110	97,8800
11,8732	-41,112	97,8850
11,8725	-41,115	97,8900
11,8659	-41,117	97,8950
11,8690	-41,119	97,9000
11,8704	-41,121	97,9050
11,8733	-41,123	97,9100
11,8811	-41,125	97,9150
11,8852	-41,127	97,9200
11,8788	-41,129	97,9250
11,8773	-41,131	97,9300
11,8816	-41,133	97,9350
11,8791	-41,136	97,9400
11,8768	-41,138	97,9450
11,8844	-41,140	97,9500
11,8775	-41,142	97,9550
11,8712	-41,144	97,9600
11,8817	-41,146	97,9650
11,8733	-41,148	97,9700
11,8700	-41,150	97,9750
11,8867	-41,152	97,9800
11,8875	-41,154	97,9850
11,8805	-41,157	97,9900
11,8911	-41,159	97,9950
11,8958	-41,161	98,0000
11,8900	-41,163	98,0050
11,8952	-41,165	98,0100
11,8997	-41,167	98,0150
11,8868	-41,169	98,0200
11,8763	-41,171	98,0250
11,8893	-41,173	98,0300
11,8901	-41,175	98,0350
11,8893	-41,178	98,0400
11,8973	-41,180	98,0450
11,8938	-41,182	98,0500
11,8843	-41,184	98,0550
11,8912	-41,186	98,0600
11,8973	-41,188	98,0650
11,8975	-41,190	98,0700
11,8958	-41,192	98,0750
11,8973	-41,194	98,0800
11,8899	-41,196	98,0850
11,8940	-41,199	98,0900
11,8963	-41,201	98,0950
11,8943	-41,203	98,1000
11,9033	-41,205	98,1050
11,9072	-41,207	98,1100
11,8959	-41,209	98,1150
11,8930	-41,211	98,1200
11,9034	-41,213	98,1250
11,8976	-41,215	98,1300
11,9004	-41,217	98,1350
11,9107	-41,220	98,1400
11,9060	-41,222	98,1450
11,8945	-41,224	98,1500
11,8972	-41,226	98,1550
11,9007	-41,228	98,1600
11,8972	-41,230	98,1650
11,8981	-41,232	98,1700
11,9042	-41,234	98,1750
11,9020	-41,236	98,1800
11,9030	-41,238	98,1850
11,9139	-41,241	98,1900
11,9118	-41,243	98,1950
11,9181	-41,245	98,2000
11,9202	-41,247	98,2050
11,9102	-41,249	98,2100
11,9082	-41,251	98,2150
11,9200	-41,253	98,2200
11,9102	-41,255	98,2250
11,9018	-41,257	98,2300
11,9083	-41,259	98,2350
11,9078	-41,262	98,2400
11,9015	-41,264	98,2450
11,9166	-41,266	98,2500
11,9209	-41,268	98,2550
11,9165	-41,270	98,2600
11,9240	-41,272	98,2650
11,9216	-41,274	98,2700
11,9161	-41,276	98,2750
11,9215	-41,278	98,2800
11,9252	-41,280	98,2850
11,9185	-41,283	98,2900
11,9147	-41,285	98,2950
11,9169	-41,287	98,3000
11,9145	-41,289	98,3050
11,9124	-41,291	98,3100
11,9234	-41,293	98,3150
11,9189	-41,295	98,3200
11,9159	-41,297	98,3250
11,9184	-41,299	98,3300
11,9198	-41,301	98,3350
11,9143	-41,304	98,3400
11,9275	-41,306	98,3450
11,9321	-41,308	98,3500
11,9253	-41,310	98,3550
11,9289	-41,312	98,3600
11,9308	-41,314	98,3650
11,9247	-41,316	98,3700
11,9318	-41,318	98,3750
11,9354	-41,320	98,3800
11,9219	-41,322	98,3850
11,9246	-41,325	98,3900
11,9387	-41,327	98,3950
11,9367	-41,329	98,4000
11,9334	-41,331	98,4050
11,9361	-41,333	98,4100
11,9322	-41,335	98,4150
11,9296	-41,337	98,4200
11,9375	-41,339	98,4250
11,9344	-41,341	98,4300
11,9242	-41,343	98,4350
11,9364	-41,346	98,4400
11,9380	-41,348	98,4450
11,9284	-41,350	98,4500
11,9350	-41,352	98,4550
11,9424	-41,354	98,4600
11,9348	-41,356	98,4650
11,9445	-41,358	98,4700
11,9529	-41,360	98,4750
11,9392	-41,362	98,4800
11,9316	-41,364	98,4850
11,9406	-41,367	98,4900
11,9430	-41,369	98,4950
11,9394	-41,371	98,5000
11,9478	-41,373	98,5050
11,9450	-41,375	98,5100
11,9433	-41,377	98,5150
11,9581	-41,379	98,5200
11,9562	-41,381	98,5250
11,9447	-41,383	98,5300
11,9489	-41,385	98,5350
11,9492	-41,388	98,5400
11,9501	-41,390	98,5450
11,9527	-41,392	98,5500
11,9560	-41,394	98,5550
11,9489	-41,396	98,5600
11,9533	-41,398	98,5650
11,9553	-41,400	98,5700
11,9433	-41,402	98,5750
11,9436	-41,404	98,5800
11,9573	-41,406	98,5850
11,9538	-41,409	98,5900
11,9498	-41,411	98,5950
11,9642	-41,413	98,6000
11,9639	-41,415	98,6050
11,9508	-41,417	98,6100
11,9526	-41,419	98,6150
11,9549	-41,421	98,6200
11,9518	-41,423	98,6250
11,9578	-41,425	98,6300
11,9545	-41,427	98,6350
11,9480	-41,430	98,6400
11,9501	-41,432	98,6450
11,9563	-41,434	98,6500
11,9560	-41,436	98,6550
11,9565	-41,438	98,6600
11,9590	-41,440	98,6650
11,9566	-41,442	98,6700
11,9564	-41,444	98,6750
11,9638	-41,446	98,6800
11,9643	-41,448	98,6850
11,9644	-41,451	98,6900
11,9696	-41,453	98,6950
11,9727	-41,455	98,7000
11,9682	-41,457	98,7050
11,9676	-41,459	98,7100
11,9696	-41,461	98,7150
11,9615	-41,463	98,7200
11,9705	-41,465	98,7250
11,9726	-41,467	98,7300
11,9715	-41,469	98,7350
11,9707	-41,472	98,7400
11,9701	-41,474	98,7450
11,9596	-41,476	98,7500
11,9696	-41,478	98,7550
11,9790	-41,480	98,7600
11,9691	-41,482	98,7650
11,9652	-41,484	98,7700
11,9732	-41,486	98,7750
11,9720	-41,488	98,7800
11,9674	-41,490	98,7850
11,9759	-41,493	98,7900
11,9784	-41,495	98,7950
11,9731	-41,497	98,8000
11,9800	-41,499	98,8050
11,9839	-41,501	98,8100
11,9756	-41,503	98,8150
11,9760	-41,505	98,8200
11,9785	-41,507	98,8250
11,9739	-41,509	98,8300
11,9732	-41,511	98,8350
11,9726	-41,514	98,8400
11,9701	-41,516	98,8450
11,9714	-41,518	98,8500
11,9748	-41,520	98,8550
11,9691	-41,522	98,8600
11,9767	-41,524	98,8650
11,9846	-41,526	98,8700
11,9803	-41,528	98,8750
11,9767	-41,530	98,8800
11,9862	-41,532	98,8850
11,9877	-41,535	98,8900
11,9786	-41,537	98,8950
11,9885	-41,539	98,9000
11,9961	-41,541	98,9050
11,9884	-41,543	98,9100
11,9869	-41,545	98,9150
11,9821	-41,547	98,9200
11,9853	-41,549	98,9250
11,9860	-41,551	98,9300
11,9927	-41,553	98,9350
11,9896	-41,556	98,9400
11,9891	-41,558	98,9450
11,9928	-41,560	98,9500
11,9908	-41,562	98,9550
11,9821	-41,564	98,9600
11,9890	-41,566	98,9650
11,9922	-41,568	98,9700
11,9893	-41,570	98,9750
11,9945	-41,572	98,9800
11,9953	-41,574	98,9850
11,9946	-41,577	98,9900
11,9995	-41,579	98,9950
12,0049	-41,581	99,0000
12,0002	-41,583	99,0050
12,0023	-41,585	99,0100
12,0061	-41,587	99,0150
12,0018	-41,589	99,0200
11,9956	-41,591	99,0250
11,9957	-41,593	99,0300
11,9925	-41,595	99,0350
11,9987	-41,598	99,0400
12,0109	-41,600	99,0450
12,0099	-41,602	99,0500
12,0031	-41,604	99,0550
12,0049	-41,606	99,0600
12,0001	-41,608	99,0650
11,9937	-41,610	99,0700
12,0006	-41,612	99,0750
12,0074	-41,614	99,0800
12,0053	-41,616	99,0850
12,0133	-41,619	99,0900
12,0132	-41,621	99,0950
12,0097	-41,623	99,1000
12,0090	-41,625	99,1050
12,0095	-41,627	99,1100
12,0076	-41,629	99,1150
12,0073	-41,631	99,1200
12,0127	-41,633	99,1250
12,0052	-41,635	99,1300
12,0132	-41,637	99,1350
12,0229	-41,640	99,1400
12,0130	-41,642	99,1450
12,0084	-41,644	99,1500
12,0159	-41,646	99,1550
12,0125	-41,648	99,1600
12,0104	-41,650	99,1650
12,0177	-41,652	99,1700
12,0194	-41,654	99,1750
12,0156	-41,656	99,1800
12,0175	-41,658	99,1850
12,0189	-41,661	99,1900
12,0071	-41,663	99,1950
12,0127	-41,665	99,2000
12,0242	-41,667	99,2050
12,0177	-41,669	99,2100
12,0131	-41,671	99,2150
12,0260	-41,673	99,2200
12,0194	-41,675	99,2250
12,0144	-41,677	99,2300
12,0202	-41,679	99,2350
12,0153	-41,682	99,2400
12,0160	-41,684	99,2450
12,0297	-41,686	99,2500
12,0266	-41,688	99,2550
12,0198	-41,690	99,2600
12,0236	-41,692	99,2650
12,0344	-41,694	99,2700
12,0298	-41,696	99,2750
12,0305	-41,698	99,2800
12,0345	-41,700	99,2850
12,0277	-41,703	99,2900
12,0319	-41,705	99,2950
12,0355	-41,707	99,3000
12,0311	-41,709	99,3050
12,0300	-41,711	99,3100
12,0331	-41,713	99,3150
12,0308	-41,715	99,3200
12,0271	-41,717	99,3250
12,0355	-41,719	99,3300
12,0396	-41,721	99,3350
12,0368	-41,724	99,3400
12,0408	-41,726	99,3450
12,0360	-41,728	99,3500
12,0274	-41,730	99,3550
12,0328	-41,732	99,3600
12,0405	-41,734	99,3650
12,0350	-41,736	99,3700
12,0403	-41,738	99,3750
12,0448	-41,740	99,3800
12,0376	-41,742	99,3850
12,0363	-41,745	99,3900
12,0418	-41,747	99,3950
12,0386	-41,749	99,4000
12,0402	-41,751	99,4050
12,0530	-41,753	99,4100
12,0462	-41,755	99,4150
12,0362	-41,757	99,4200
12,0450	-41,759	99,4250
12,0462	-41,761	99,4300
12,0414	-41,763	99,4350
12,0495	-41,766	99,4400
12,0474	-41,768	99,4450
12,0428	-41,770	99,4500
12,0385	-41,772	99,4550
12,0502	-41,774	99,4600
12,0449	-41,776	99,4650
12,0490	-41,778	99,4700
12,0587	-41,780	99,4750
12,0538	-41,782	99,4800
12,0486	-41,784	99,4850
12,0548	-41,787	99,4900
12,0554	-41,789	99,4950
12,0521	-41,791	99,5000
12,0555	-41,793	99,5050
12,0560	-41,795	99,5100
12,0523	-41,797	99,5150
12,0582	-41,799	99,5200
12,0607	-41,801	99,5250
12,0570	-41,803	99,5300
12,0642	-41,805	99,5350
12,0691	-41,808	99,5400
12,0566	-41,810	99,5450
12,0505	-41,812	99,5500
12,0558	-41,814	99,5550
12,0589	-41,816	99,5600
12,0642	-41,818	99,5650
12,0668	-41,820	99,5700
12,0596	-41,822	99,5750
12,0541	-41,824	99,5800
12,0592	-41,826	99,5850
12,0580	-41,829	99,5900
12,0607	-41,831	99,5950
12,0685	-41,833	99,6000
12,0628	-41,835	99,6050
12,0626	-41,837	99,6100
12,0745	-41,839	99,6150
12,0693	-41,841	99,6200
12,0562	-41,843	99,6250
12,0652	-41,845	99,6300
12,0733	-41,847	99,6350
12,0688	-41,850	99,6400
12,0691	-41,852	99,6450
12,0777	-41,854	99,6500
12,0702	-41,856	99,6550
12,0641	-41,858	99,6600
12,0707	-41,860	99,6650
12,0709	-41,862	99,6700
12,0697	-41,864	99,6750
12,0784	-41,866	99,6800
12,0731	-41,868	99,6850
12,0647	-41,871	99,6900
12,0677	-41,873	99,6950
12,0741	-41,875	99,7000
12,0714	-41,877	99,7050
12,0795	-41,879	99,7100
12,0794	-41,881	99,7150
12,0785	-41,883	99,7200
12,0889	-41,885	99,7250
12,0778	-41,887	99,7300
12,0695	-41,889	99,7350
12,0693	-41,892	99,7400
12,0707	-41,894	99,7450
12,0681	-41,896	99,7500
12,0774	-41,898	99,7550
12,0836	-41,900	99,7600
12,0811	-41,902	99,7650
12,0791	-41,904	99,7700
12,0851	-41,906	99,7750
12,0854	-41,908	99,7800
12,0839	-41,910	99,7850
12,0906	-41,913	99,7900
12,0915	-41,915	99,7950
12,0927	-41,917	99,8000
12,1005	-41,919	99,8050
12,0998	-41,921	99,8100
12,0915	-41,923	99,8150
12,0980	-41,925	99,8200
12,0999	-41,927	99,8250
12,0927	-41,929	99,8300
12,0949	-41,931	99,8350
12,1009	-41,934	99,8400
12,0925	-41,936	99,8450
12,0888	-41,938	99,8500
12,0943	-41,940	99,8550
12,0901	-41,942	99,8600
12,0847	-41,944	99,8650
12,0967	-41,946	99,8700
12,0989	-41,948	99,8750
12,0980	-41,950	99,8800
12,1004	-41,952	99,8850
12,1004	-41,955	99,8900
12,0918	-41,957	99,8950
12,0964	-41,959	99,9000
12,1059	-41,961	99,9050
12,0933	-41,963	99,9100
12,0984	-41,965	99,9150
12,1042	-41,967	99,9200
12,1013	-41,969	99,9250
12,0977	-41,971	99,9300
12,1004	-41,973	99,9350
12,0908	-41,976	99,9400
12,0949	-41,978	99,9450
12,1078	-41,980	99,9500
12,1112	-41,982	99,9550
12,1036	-41,984	99,9600
12,1069	-41,986	99,9650
12,1061	-41,988	99,9700
12,1015	-41,990	99,9750
12,1035	-41,992	99,9800
12,1057	-41,994	99,9850
12,0985	-41,997	99,9900
12,1066	-41,999	99,9950
12,1105	-42,001	100,0000
12,1006	-42,003	100,0050
12,1058	-42,005	100,0100
12,1188	-42,007	100,0150
12,1126	-42,009	100,0200
12,1089	-42,011	100,0250
12,1236	-42,013	100,0300
12,1225	-42,015	100,0350
12,1149	-42,018	100,0400
12,1153	-42,020	100,0450
12,1119	-42,022	100,0500
12,1136	-42,024	100,0550
12,1267	-42,026	100,0600
12,1220	-42,028	100,0650
12,1151	-42,030	100,0700
12,1226	-42,032	100,0750
12,1283	-42,034	100,0800
12,1185	-42,036	100,0850
12,1229	-42,039	100,0900
12,1282	-42,041	100,0950
12,1176	-42,043	100,1000
12,1188	-42,045	100,1050
12,1247	-42,047	100,1100
12,1219	-42,049	100,1150
12,1210	-42,051	100,1200
12,1314	-42,053	100,1250
12,1270	-42,055	100,1300
12,1186	-42,057	100,1350
12,1263	-42,060	100,1400
12,1284	-42,062	100,1450
12,1201	-42,064	100,1500
12,1223	-42,066	100,1550
12,1269	-42,068	100,1600
12,1229	-42,070	100,1650
12,1293	-42,072	100,1700
12,1338	-42,074	100,1750
12,1185	-42,076	100,1800
12,1248	-42,078	100,1850
12,1287	-42,081	100,1900
12,1214	-42,083	100,1950
12,1207	-42,085	100,2000
12,1320	-42,087	100,2050
12,1348	-42,089	100,2100
12,1327	-42,091	100,2150
12,1348	-42,093	100,2200
12,1362	-42,095	100,2250
12,1331	-42,097	100,2300
12,1392	-42,099	100,2350
12,1437	-42,102	100,2400
12,1365	-42,104	100,2450
12,1403	-42,106	100,2500
12,1396	-42,108	100,2550
12,1392	-42,110	100,2600
12,1425	-42,112	100,2650
12,1456	-42,114	100,2700
12,1422	-42,116	100,2750
12,1452	-42,118	100,2800
12,1375	-42,120	100,2850
12,1322	-42,123	100,2900
12,1415	-42,125	100,2950
12,1491	-42,127	100,3000
12,1447	-42,129	100,3050
12,1421	-42,131	100,3100
12,1425	-42,133	100,3150
12,1370	-42,135	100,3200
12,1397	-42,137	100,3250
12,1453	-42,139	100,3300
12,1422	-42,141	100,3350
12,1379	-42,144	100,3400
12,1419	-42,146	100,3450
12,1450	-42,148	100,3500
12,1483	-42,150	100,3550
12,1526	-42,152	100,3600
12,1536	-42,154	100,3650
12,1513	-42,156	100,3700
12,1543	-42,158	100,3750
12,1528	-42,160	100,3800
12,1427	-42,162	100,3850
12,1498	-42,165	100,3900
12,1567	-42,167	100,3950
12,1488	-42,169	100,4000
12,1473	-42,171	100,4050
12,1585	-42,173	100,4100
12,1603	-42,175	100,4150
12,1521	-42,177	100,4200
12,1603	-42,179	100,4250
12,1589	-42,181	100,4300
12,1497	-42,183	100,4350
12,1600	-42,186	100,4400
12,1576	-42,188	100,4450
12,1527	-42,190	100,4500
12,1570	-42,192	100,4550
12,1645	-42,194	100,4600
12,1590	-42,196	100,4650
12,1612	-42,198	100,4700
12,1611	-42,200	100,4750
12,1528	-42,202	100,4800
12,1565	-42,204	100,4850
12,1657	-42,207	100,4900
12,1654	-42,209	100,4950
12,1599	-42,211	100,5000
12,1690	-42,213	100,5050
12,1645	-42,215	100,5100
12,1558	-42,217	100,5150
12,1629	-42,219	100,5200
12,1603	-42,221	100,5250
12,1551	-42,223	100,5300
12,1634	-42,225	100,5350
12,1652	-42,228	100,5400
12,1629	-42,230	100,5450
12,1677	-42,232	100,5500
12,1741	-42,234	100,5550
12,1654	-42,236	100,5600
12,1662	-42,238	100,5650
12,1734	-42,240	100,5700
12,1677	-42,242	100,5750
12,1661	-42,244	100,5800
12,1766	-42,246	100,5850
12,1727	-42,249	100,5900
12,1667	-42,251	100,5950
12,1726	-42,253	100,6000
12,1702	-42,255	100,6050
12,1758	-42,257	100,6100
12,1871	-42,259	100,6150
12,1820	-42,261	100,6200
12,1706	-42,263	100,6250
12,1738	-42,265	100,6300
12,1730	-42,267	100,6350
12,1725	-42,270	100,6400
12,1753	-42,272	100,6450
12,1806	-42,274	100,6500
12,1724	-42,276	100,6550
12,1771	-42,278	100,6600
12,1850	-42,280	100,6650
12,1784	-42,282	100,6700
12,1752	-42,284	100,6750
12,1866	-42,286	100,6800
12,1860	-42,288	100,6850
12,1810	-42,291	100,6900
12,1855	-42,293	100,6950
12,1851	-42,295	100,7000
12,1782	-42,297	100,7050
12,1895	-42,299	100,7100
12,1934	-42,301	100,7150
12,1819	-42,303	100,7200
12,1913	-42,305	100,7250
12,1994	-42,307	100,7300
12,1904	-42,309	100,7350
12,1834	-42,312	100,7400
12,1925	-42,314	100,7450
12,1853	-42,316	100,7500
12,1841	-42,318	100,7550
12,1923	-42,320	100,7600
12,1915	-42,322	100,7650
12,1910	-42,324	100,7700
12,2029	-42,326	100,7750
12,1943	-42,328	100,7800
12,1903	-42,330	100,7850
12,1956	-42,333	100,7900
12,1942	-42,335	100,7950
12,1873	-42,337	100,8000
12,1937	-42,339	100,8050
12,2033	-42,341	100,8100
12,1957	-42,343	100,8150
12,1948	-42,345	100,8200
12,1951	-42,347	100,8250
12,1916	-42,349	100,8300
12,1973	-42,351	100,8350
12,2057	-42,354	100,8400
12,2047	-42,356	100,8450
12,2029	-42,358	100,8500
12,2062	-42,360	100,8550
12,2027	-42,362	100,8600
12,1978	-42,364	100,8650
12,2030	-42,366	100,8700
12,2055	-42,368	100,8750
12,2024	-42,370	100,8800
12,2073	-42,372	100,8850
12,2082	-42,375	100,8900
12,2020	-42,377	100,8950
12,2045	-42,379	100,9000
12,2093	-42,381	100,9050
12,1962	-42,383	100,9100
12,1971	-42,385	100,9150
12,2070	-42,387	100,9200
12,2085	-42,389	100,9250
12,2084	-42,391	100,9300
12,2125	-42,393	100,9350
12,2046	-42,396	100,9400
12,2065	-42,398	100,9450
12,2155	-42,400	100,9500
12,2108	-42,402	100,9550
12,2096	-42,404	100,9600
12,2192	-42,406	100,9650
12,2144	-42,408	100,9700
12,2056	-42,410	100,9750
12,2119	-42,412	100,9800
12,2196	-42,414	100,9850
12,2192	-42,417	100,9900
12,2235	-42,419	100,9950
12,2282	-42,421	101,0000
12,2212	-42,423	101,0050
12,2239	-42,425	101,0100
12,2215	-42,427	101,0150
12,2132	-42,429	101,0200
12,2143	-42,431	101,0250
12,2238	-42,433	101,0300
12,2238	-42,435	101,0350
12,2206	-42,438	101,0400
12,2308	-42,440	101,0450
12,2252	-42,442	101,0500
12,2225	-42,444	101,0550
12,2307	-42,446	101,0600
12,2318	-42,448	101,0650
12,2249	-42,450	101,0700
12,2272	-42,452	101,0750
12,2315	-42,454	101,0800
12,2293	-42,456	101,0850
12,2328	-42,459	101,0900
12,2354	-42,461	101,0950
12,2199	-42,463	101,1000
12,2175	-42,465	101,1050
12,2289	-42,467	101,1100
12,2367	-42,469	101,1150
12,2377	-42,471	101,1200
12,2380	-42,473	101,1250
12,2288	-42,475	101,1300
12,2291	-42,477	101,1350
12,2417	-42,480	101,1400
12,2369	-42,482	101,1450
12,2367	-42,484	101,1500
12,2446	-42,486	101,1550
12,2431	-42,488	101,1600
12,2349	-42,490	101,1650
12,2372	-42,492	101,1700
12,2459	-42,494	101,1750
12,2419	-42,496	101,1800
12,2448	-42,498	101,1850
12,2419	-42,501	101,1900
12,2312	-42,503	101,1950
12,2346	-42,505	101,2000
12,2419	-42,507	101,2050
12,2415	-42,509	101,2100
12,2483	-42,511	101,2150
12,2505	-42,513	101,2200
12,2421	-42,515	101,2250
12,2420	-42,517	101,2300
12,2464	-42,519	101,2350
12,2431	-42,522	101,2400
12,2446	-42,524	101,2450
12,2486	-42,526	101,2500
12,2469	-42,528	101,2550
12,2440	-42,530	101,2600
12,2509	-42,532	101,2650
12,2635	-42,534	101,2700
12,2537	-42,536	101,2750
12,2530	-42,538	101,2800
12,2559	-42,540	101,2850
12,2439	-42,543	101,2900
12,2489	-42,545	101,2950
12,2607	-42,547	101,3000
12,2507	-42,549	101,3050
12,2477	-42,551	101,3100
12,2568	-42,553	101,3150
12,2579	-42,555	101,3200
12,2573	-42,557	101,3250
12,2600	-42,559	101,3300
12,2567	-42,561	101,3350
12,2537	-42,564	101,3400
12,2640	-42,566	101,3450
12,2634	-42,568	101,3500
12,2530	-42,570	101,3550
12,2540	-42,572	101,3600
12,2596	-42,574	101,3650
12,2580	-42,576	101,3700
12,2568	-42,578	101,3750
12,2586	-42,580	101,3800
12,2562	-42,582	101,3850
12,2573	-42,585	101,3900
12,2638	-42,587	101,3950
12,2625	-42,589	101,4000
12,2658	-42,591	101,4050
12,2754	-42,593	101,4100
12,2649	-42,595	101,4150
12,2530	-42,597	101,4200
12,2674	-42,599	101,4250
12,2740	-42,601	101,4300
12,2657	-42,603	101,4350
12,2706	-42,606	101,4400
12,2743	-42,608	101,4450
12,2699	-42,610	101,4500
12,2675	-42,612	101,4550
12,2762	-42,614	101,4600
12,2699	-42,616	101,4650
12,2649	-42,618	101,4700
12,2659	-42,620	101,4750
12,2674	-42,622	101,4800
12,2678	-42,624	101,4850
12,2784	-42,627	101,4900
12,2749	-42,629	101,4950
12,2779	-42,631	101,5000
12,2873	-42,633	101,5050
12,2823	-42,635	101,5100
12,2765	-42,637	101,5150
12,2770	-42,639	101,5200
12,2735	-42,641	101,5250
12,2651	-42,643	101,5300
12,2760	-42,645	101,5350
12,2816	-42,648	101,5400
12,2751	-42,650	101,5450
12,2798	-42,652	101,5500
12,2885	-42,654	101,5550
12,2840	-42,656	101,5600
12,2897	-42,658	101,5650
12,2930	-42,660	101,5700
12,2861	-42,662	101,5750
12,2828	-42,664	101,5800
12,2861	-42,666	101,5850
12,2840	-42,669	101,5900
12,2846	-42,671	101,5950
12,2946	-42,673	101,6000
12,2948	-42,675	101,6050
12,2836	-42,677	101,6100
12,2899	-42,679	101,6150
12,2918	-42,681	101,6200
12,2831	-42,683	101,6250
12,2895	-42,685	101,6300
12,2983	-42,687	101,6350
12,2929	-42,690	101,6400
12,2970	-42,692	101,6450
12,2973	-42,694	101,6500
12,2870	-42,696	101,6550
12,2924	-42,698	101,6600
12,3072	-42,700	101,6650
12,3030	-42,702	101,6700
12,2895	-42,704	101,6750
12,2939	-42,706	101,6800
12,2947	-42,708	101,6850
12,2934	-42,711	101,6900
12,3059	-42,713	101,6950
12,3018	-42,715	101,7000
12,2918	-42,717	101,7050
12,3014	-42,719	101,7100
12,3065	-42,721	101,7150
12,3005	-42,723	101,7200
12,3014	-42,725	101,7250
12,3013	-42,727	101,7300
12,3005	-42,729	101,7350
12,3014	-42,732	101,7400
12,3092	-42,734	101,7450
12,3017	-42,736	101,7500
12,3031	-42,738	101,7550
12,3144	-42,740	101,7600
12,3085	-42,742	101,7650
12,3045	-42,744	101,7700
12,3101	-42,746	101,7750
12,3099	-42,748	101,7800
12,3101	-42,750	101,7850
12,3128	-42,753	101,7900
12,3129	-42,755	101,7950
12,3084	-42,757	101,8000
12,3121	-42,759	101,8050
12,3190	-42,761	101,8100
12,3164	-42,763	101,8150
12,3162	-42,765	101,8200
12,3107	-42,767	101,8250
12,3083	-42,769	101,8300
12,3166	-42,771	101,8350
12,3272	-42,774	101,8400
12,3239	-42,776	101,8450
12,3136	-42,778	101,8500
12,3178	-42,780	101,8550
12,3187	-42,782	101,8600
12,3140	-42,784	101,8650
12,3230	-42,786	101,8700
12,3274	-42,788	101,8750
12,3234	-42,790	101,8800
12,3274	-42,792	101,8850
12,3275	-42,795	101,8900
12,3144	-42,797	101,8950
12,3169	-42,799	101,9000
12,3242	-42,801	101,9050
12,3215	-42,803	101,9100
12,3288	-42,805	101,9150
12,3383	-42,807	101,9200
12,3295	-42,809	101,9250
12,3254	-42,811	101,9300
12,3288	-42,813	101,9350
12,3219	-42,816	101,9400
12,3192	-42,818	101,9450
12,3275	-42,820	101,9500
12,3253	-42,822	101,9550
12,3191	-42,824	101,9600
12,3295	-42,826	101,9650
12,3381	-42,828	101,9700
12,3334	-42,830	101,9750
12,3325	-42,832	101,9800
12,3341	-42,834	101,9850
12,3303	-42,837	101,9900
12,3381	-42,839	101,9950
12,3404	-42,841	102,0000
12,3338	-42,843	102,0050
12,3356	-42,845	102,0100
12,3438	-42,847	102,0150
12,3389	-42,849	102,0200
12,3375	-42,851	102,0250
12,3445	-42,853	102,0300
12,3450	-42,855	102,0350
12,3486	-42,858	102,0400
12,3541	-42,860	102,0450
12,3522	-42,862	102,0500
12,3433	-42,864	102,0550
12,3512	-42,866	102,0600
12,3427	-42,868	102,0650
12,3402	-42,870	102,0700
12,3441	-42,872	102,0750
12,3484	-42,874	102,0800
12,3399	-42,876	102,0850
12,3426	-42,879	102,0900
12,3482	-42,881	102,0950
12,3443	-42,883	102,1000
12,3481	-42,885	102,1050
12,3498	-42,887	102,1100
12,3459	-42,889	102,1150
12,3407	-42,891	102,1200
12,3470	-42,893	102,1250
12,3527	-42,895	102,1300
12,3535	-42,897	102,1350
12,3554	-42,900	102,1400
12,3525	-42,902	102,1450
12,3409	-42,904	102,1500
12,3468	-42,906	102,1550
12,3553	-42,908	102,1600
12,3565	-42,910	102,1650
12,3642	-42,912	102,1700
12,3691	-42,914	102,1750
12,3570	-42,916	102,1800
12,3611	-42,918	102,1850
12,3592	-42,921	102,1900
12,3522	-42,923	102,1950
12,3535	-42,925	102,2000
12,3564	-42,927	102,2050
12,3533	-42,929	102,2100
12,3561	-42,931	102,2150
12,3664	-42,933	102,2200
12,3635	-42,935	102,2250
12,3652	-42,937	102,2300
12,3732	-42,939	102,2350
12,3698	-42,942	102,2400
12,3581	-42,944	102,2450
12,3586	-42,946	102,2500
12,3559	-42,948	102,2550
12,3553	-42,950	102,2600
12,3612	-42,952	102,2650
12,3658	-42,954	102,2700
12,3590	-42,956	102,2750
12,3594	-42,958	102,2800
12,3633	-42,960	102,2850
12,3585	-42,963	102,2900
12,3611	-42,965	102,2950
12,3650	-42,967	102,3000
12,3630	-42,969	102,3050
12,3572	-42,971	102,3100
12,3633	-42,973	102,3150
12,3658	-42,975	102,3200
12,3712	-42,977	102,3250
12,3782	-42,979	102,3300
12,3725	-42,981	102,3350
12,3685	-42,984	102,3400
12,3750	-42,986	102,3450
12,3750	-42,988	102,3500
12,3718	-42,990	102,3550
12,3760	-42,992	102,3600
12,3782	-42,994	102,3650
12,3727	-42,996	102,3700
12,3755	-42,998	102,3750
12,3762	-43,000	102,3800
12,3754	-43,002	102,3850
12,3819	-43,005	102,3900
12,3924	-43,007	102,3950
12,3790	-43,009	102,4000
12,3743	-43,011	102,4050
12,3845	-43,013	102,4100
12,3804	-43,015	102,4150
12,3730	-43,017	102,4200
12,3855	-43,019	102,4250
12,3881	-43,021	102,4300
12,3803	-43,023	102,4350
12,3818	-43,026	102,4400
12,3837	-43,028	102,4450
12,3828	-43,030	102,4500
12,3860	-43,032	102,4550
12,3957	-43,034	102,4600
12,3842	-43,036	102,4650
12,3817	-43,038	102,4700
12,3925	-43,040	102,4750
12,3897	-43,042	102,4800
12,3885	-43,044	102,4850
12,3964	-43,047	102,4900
12,3962	-43,049	102,4950
12,3984	-43,051	102,5000
12,4045	-43,053	102,5050
12,3998	-43,055	102,5100
12,3939	-43,057	102,5150
12,3973	-43,059	102,5200
12,3960	-43,061	102,5250
12,3881	-43,063	102,5300
12,3928	-43,065	102,5350
12,3921	-43,068	102,5400
12,3908	-43,070	102,5450
12,3947	-43,072	102,5500
12,4039	-43,074	102,5550
12,3949	-43,076	102,5600
12,3963	-43,078	102,5650
12,3992	-43,080	102,5700
12,3906	-43,082	102,5750
12,3952	-43,084	102,5800
12,4050	-43,086	102,5850
12,3955	-43,089	102,5900
12,3941	-43,091	102,5950
12,4054	-43,093	102,6000
12,4074	-43,095	102,6050
12,3979	-43,097	102,6100
12,4072	-43,099	102,6150
12,4070	-43,101	102,6200
12,3976	-43,103	102,6250
12,4060	-43,105	102,6300
12,4132	-43,107	102,6350
12,4042	-43,110	102,6400
12,3976	-43,112	102,6450
12,4019	-43,114	102,6500
12,4002	-43,116	102,6550
12,4048	-43,118	102,6600
12,4116	-43,120	102,6650
12,4056	-43,122	102,6700
12,4045	-43,124	102,6750
12,4117	-43,126	102,6800
12,4080	-43,128	102,6850
12,4064	-43,131	102,6900
12,4177	-43,133	102,6950
12,4176	-43,135	102,7000
12,4146	-43,137	102,7050
12,4250	-43,139	102,7100
12,4264	-43,141	102,7150
12,4184	-43,143	102,7200
12,4246	-43,145	102,7250
12,4152	-43,147	102,7300
12,4115	-43,149	102,7350
12,4142	-43,152	102,7400
12,4236	-43,154	102,7450
12,4194	-43,156	102,7500
12,4212	-43,158	102,7550
12,4258	-43,160	102,7600
12,4162	-43,162	102,7650
12,4158	-43,164	102,7700
12,4283	-43,166	102,7750
12,4316	-43,168	102,7800
12,4315	-43,170	102,7850
12,4310	-43,173	102,7900
12,4245	-43,175	102,7950
12,4232	-43,177	102,8000
12,4376	-43,179	102,8050
12,4331	-43,181	102,8100
12,4166	-43,183	102,8150
12,4223	-43,185	102,8200
12,4295	-43,187	102,8250
12,4331	-43,189	102,8300
12,4344	-43,191	102,8350
12,4430	-43,194	102,8400
12,4327	-43,196	102,8450
12,4256	-43,198	102,8500
12,4304	-43,200	102,8550
12,4270	-43,202	102,8600
12,4254	-43,204	102,8650
12,4352	-43,206	102,8700
12,4357	-43,208	102,8750
12,4316	-43,210	102,8800
12,4384	-43,212	102,8850
12,4433	-43,215	102,8900
12,4427	-43,217	102,8950
12,4453	-43,219	102,9000
12,4462	-43,221	102,9050
12,4401	-43,223	102,9100
12,4426	-43,225	102,9150
12,4386	-43,227	102,9200
12,4341	-43,229	102,9250
12,4309	-43,231	102,9300
12,4406	-43,233	102,9350
12,4349	-43,236	102,9400
12,4281	-43,238	102,9450
12,4366	-43,240	102,9500
12,4342	-43,242	102,9550
12,4414	-43,244	102,9600
12,4544	-43,246	102,9650
12,4503	-43,248	102,9700
12,4434	-43,250	102,9750
12,4492	-43,252	102,9800
12,4527	-43,254	102,9850
12,4468	-43,257	102,9900
12,4500	-43,259	102,9950
12,4491	-43,261	103,0000
12,4475	-43,263	103,0050
12,4496	-43,265	103,0100
12,4511	-43,267	103,0150
12,4499	-43,269	103,0200
12,4427	-43,271	103,0250
12,4508	-43,273	103,0300
12,4484	-43,275	103,0350
12,4463	-43,278	103,0400
12,4530	-43,280	103,0450
12,4485	-43,282	103,0500
12,4469	-43,284	103,0550
12,4567	-43,286	103,0600
12,4590	-43,288	103,0650
12,4551	-43,290	103,0700
12,4592	-43,292	103,0750
12,4656	-43,294	103,0800
12,4603	-43,296	103,0850
12,4624	-43,299	103,0900
12,4612	-43,301	103,0950
12,4532	-43,303	103,1000
12,4559	-43,305	103,1050
12,4668	-43,307	103,1100
12,4660	-43,309	103,1150
12,4623	-43,311	103,1200
12,4725	-43,313	103,1250
12,4742	-43,315	103,1300
12,4658	-43,317	103,1350
12,4698	-43,320	103,1400
12,4702	-43,322	103,1450
12,4634	-43,324	103,1500
12,4671	-43,326	103,1550
12,4679	-43,328	103,1600
12,4607	-43,330	103,1650
12,4675	-43,332	103,1700
12,4766	-43,334	103,1750
12,4654	-43,336	103,1800
12,4753	-43,338	103,1850
12,4803	-43,341	103,1900
12,4668	-43,343	103,1950
12,4700	-43,345	103,2000
12,4682	-43,347	103,2050
12,4641	-43,349	103,2100
12,4695	-43,351	103,2150
12,4731	-43,353	103,2200
12,4695	-43,355	103,2250
12,4703	-43,357	103,2300
12,4822	-43,359	103,2350
12,4786	-43,362	103,2400
12,4685	-43,364	103,2450
12,4804	-43,366	103,2500
12,4884	-43,368	103,2550
12,4839	-43,370	103,2600
12,4837	-43,372	103,2650
12,4840	-43,374	103,2700
12,4765	-43,376	103,2750
12,4776	-43,378	103,2800
12,4865	-43,380	103,2850
12,4864	-43,383	103,2900
12,4869	-43,385	103,2950
12,4872	-43,387	103,3000
12,4847	-43,389	103,3050
12,4793	-43,391	103,3100
12,4897	-43,393	103,3150
12,4925	-43,395	103,3200
12,4866	-43,397	103,3250
12,4920	-43,399	103,3300
12,4875	-43,401	103,3350
12,4832	-43,404	103,3400
12,4952	-43,406	103,3450
12,4971	-43,408	103,3500
12,4852	-43,410	103,3550
12,4867	-43,412	103,3600
12,4947	-43,414	103,3650
12,4939	-43,416	103,3700
12,4976	-43,418	103,3750
12,5015	-43,420	103,3800
12,4860	-43,422	103,3850
12,4830	-43,425	103,3900
12,4953	-43,427	103,3950
12,5000	-43,429	103,4000
12,4953	-43,431	103,4050
12,5011	-43,433	103,4100
12,5008	-43,435	103,4150
12,4907	-43,437	103,4200
12,4965	-43,439	103,4250
12,4971	-43,441	103,4300
12,4915	-43,443	103,4350
12,5044	-43,446	103,4400
12,5108	-43,448	103,4450
12,5006	-43,450	103,4500
12,5019	-43,452	103,4550
12,5096	-43,454	103,4600
12,5008	-43,456	103,4650
12,4971	-43,458	103,4700
12,5009	-43,460	103,4750
12,4940	-43,462	103,4800
12,5024	-43,464	103,4850
12,5165	-43,467	103,4900
12,5126	-43,469	103,4950
12,5110	-43,471	103,5000
12,5161	-43,473	103,5050
12,5143	-43,475	103,5100
12,5072	-43,477	103,5150
12,5141	-43,479	103,5200
12,5151	-43,481	103,5250
12,5047	-43,483	103,5300
12,5114	-43,485	103,5350
12,5156	-43,488	103,5400
12,5085	-43,490	103,5450
12,5083	-43,492	103,5500
12,5151	-43,494	103,5550
12,5140	-43,496	103,5600
12,5173	-43,498	103,5650
12,5239	-43,500	103,5700
12,5088	-43,502	103,5750
12,5038	-43,504	103,5800
12,5188	-43,506	103,5850
12,5226	-43,509	103,5900
12,5162	-43,511	103,5950
12,5186	-43,513	103,6000
12,5182	-43,515	103,6050
12,5142	-43,517	103,6100
12,5239	-43,519	103,6150
12,5260	-43,521	103,6200
12,5223	-43,523	103,6250
12,5204	-43,525	103,6300
12,5147	-43,527	103,6350
12,5095	-43,530	103,6400
12,5158	-43,532	103,6450
12,5280	-43,534	103,6500
12,5253	-43,536	103,6550
12,5256	-43,538	103,6600
12,5348	-43,540	103,6650
12,5259	-43,542	103,6700
12,5205	-43,544	103,6750
12,5307	-43,546	103,6800
12,5336	-43,548	103,6850
12,5298	-43,551	103,6900
12,5273	-43,553	103,6950
12,5254	-43,555	103,7000
12,5238	-43,557	103,7050
12,5319	-43,559	103,7100
12,5335	-43,561	103,7150
12,5282	-43,563	103,7200
12,5312	-43,565	103,7250
12,5389	-43,567	103,7300
12,5314	-43,569	103,7350
12,5302	-43,572	103,7400
12,5380	-43,574	103,7450
12,5319	-43,576	103,7500
12,5291	-43,578	103,7550
12,5403	-43,580	103,7600
12,5375	-43,582	103,7650
12,5334	-43,584	103,7700
12,5361	-43,586	103,7750
12,5366	-43,588	103,7800
12,5362	-43,590	103,7850
12,5425	-43,593	103,7900
12,5463	-43,595	103,7950
12,5363	-43,597	103,8000
12,5333	-43,599	103,8050
12,5339	-43,601	103,8100
12,5361	-43,603	103,8150
12,5415	-43,605	103,8200
12,5467	-43,607	103,8250
12,5359	-43,609	103,8300
12,5368	-43,611	103,8350
12,5480	-43,614	103,8400
12,5433	-43,616	103,8450
12,5443	-43,618	103,8500
12,5518	-43,620	103,8550
12,5498	-43,622	103,8600
12,5431	-43,624	103,8650
12,5477	-43,626	103,8700
12,5476	-43,628	103,8750
12,5425	-43,630	103,8800
12,5467	-43,632	103,8850
12,5555	-43,635	103,8900
12,5562	-43,637	103,8950
12,5627	-43,639	103,9000
12,5613	-43,641	103,9050
12,5557	-43,643	103,9100
12,5557	-43,645	103,9150
12,5582	-43,647	103,9200
12,5540	-43,649	103,9250
12,5524	-43,651	103,9300
12,5615	-43,653	103,9350
12,5553	-43,656	103,9400
12,5512	-43,658	103,9450
12,5599	-43,660	103,9500
12,5525	-43,662	103,9550
12,5456	-43,664	103,9600
12,5540	-43,666	103,9650
12,5568	-43,668	103,9700
12,5598	-43,670	103,9750
12,5601	-43,672	103,9800
12,5626	-43,674	103,9850
12,5574	-43,677	103,9900
12,5629	-43,679	103,9950
12,5627	-43,681	104,0000
12,5636	-43,683	104,0050
12,5686	-43,685	104,0100
12,5709	-43,687	104,0150
12,5661	-43,689	104,0200
12,5608	-43,691	104,0250
12,5650	-43,693	104,0300
12,5618	-43,695	104,0350
12,5669	-43,698	104,0400
12,5775	-43,700	104,0450
12,5734	-43,702	104,0500
12,5646	-43,704	104,0550
12,5794	-43,706	104,0600
12,5821	-43,708	104,0650
12,5734	-43,710	104,0700
12,5763	-43,712	104,0750
12,5761	-43,714	104,0800
12,5725	-43,716	104,0850
12,5766	-43,719	104,0900
12,5756	-43,721	104,0950
12,5708	-43,723	104,1000
12,5752	-43,725	104,1050
12,5745	-43,727	104,1100
12,5653	-43,729	104,1150
12,5705	-43,731	104,1200
12,5844	-43,733	104,1250
12,5777	-43,735	104,1300
12,5733	-43,737	104,1350
12,5827	-43,740	104,1400
12,5801	-43,742	104,1450
12,5761	-43,744	104,1500
12,5843	-43,746	104,1550
12,5874	-43,748	104,1600
12,5847	-43,750	104,1650
12,5864	-43,752	104,1700
12,5889	-43,754	104,1750
12,5849	-43,756	104,1800
12,5900	-43,758	104,1850
12,5908	-43,761	104,1900
12,5799	-43,763	104,1950
12,5889	-43,765	104,2000
12,5995	-43,767	104,2050
12,5943	-43,769	104,2100
12,5858	-43,771	104,2150
12,5957	-43,773	104,2200
12,5919	-43,775	104,2250
12,5815	-43,777	104,2300
12,5910	-43,779	104,2350
12,5961	-43,782	104,2400
12,5903	-43,784	104,2450
12,5951	-43,786	104,2500
12,5932	-43,788	104,2550
12,5936	-43,790	104,2600
12,5969	-43,792	104,2650
12,5972	-43,794	104,2700
12,5814	-43,796	104,2750
12,5817	-43,798	104,2800
12,5948	-43,800	104,2850
12,5943	-43,803	104,2900
12,5923	-43,805	104,2950
12,6046	-43,807	104,3000
12,6011	-43,809	104,3050
12,5952	-43,811	104,3100
12,6024	-43,813	104,3150
12,5977	-43,815	104,3200
12,5912	-43,817	104,3250
12,6051	-43,819	104,3300
12,6055	-43,821	104,3350
12,5993	-43,824	104,3400
12,6088	-43,826	104,3450
12,6047	-43,828	104,3500
12,6010	-43,830	104,3550
12,6027	-43,832	104,3600
12,6040	-43,834	104,3650
12,5936	-43,836	104,3700
12,6051	-43,838	104,3750
12,6130	-43,840	104,3800
12,6123	-43,842	104,3850
12,6085	-43,845	104,3900
12,6092	-43,847	104,3950
12,6022	-43,849	104,4000
12,6004	-43,851	104,4050
12,6107	-43,853	104,4100
12,6080	-43,855	104,4150
12,6043	-43,857	104,4200
12,6184	-43,859	104,4250
12,6182	-43,861	104,4300
12,6068	-43,863	104,4350
12,6074	-43,866	104,4400
12,6124	-43,868	104,4450
12,6093	-43,870	104,4500
12,6058	-43,872	104,4550
12,6088	-43,874	104,4600
12,6100	-43,876	104,4650
12,6219	-43,878	104,4700
12,6312	-43,880	104,4750
12,6247	-43,882	104,4800
12,6232	-43,884	104,4850
12,6313	-43,887	104,4900
12,6290	-43,889	104,4950
12,6190	-43,891	104,5000
12,6249	-43,893	104,5050
12,6249	-43,895	104,5100
12,6209	-43,897	104,5150
12,6264	-43,899	104,5200
12,6253	-43,901	104,5250
12,6172	-43,903	104,5300
12,6202	-43,905	104,5350
12,6265	-43,908	104,5400
12,6259	-43,910	104,5450
12,6271	-43,912	104,5500
12,6289	-43,914	104,5550
12,6206	-43,916	104,5600
12,6286	-43,918	104,5650
12,6316	-43,920	104,5700
12,6243	-43,922	104,5750
12,6209	-43,924	104,5800
12,6340	-43,926	104,5850
12,6357	-43,929	104,5900
12,6220	-43,931	104,5950
12,6267	-43,933	104,6000
12,6342	-43,935	104,6050
12,6347	-43,937	104,6100
12,6408	-43,939	104,6150
12,6424	-43,941	104,6200
12,6278	-43,943	104,6250
12,6308	-43,945	104,6300
12,6387	-43,947	104,6350
12,6413	-43,950	104,6400
12,6399	-43,952	104,6450
12,6472	-43,954	104,6500
12,6379	-43,956	104,6550
12,6394	-43,958	104,6600
12,6379	-43,960	104,6650
12,6312	-43,962	104,6700
12,6347	-43,964	104,6750
12,6445	-43,966	104,6800
12,6461	-43,968	104,6850
12,6439	-43,971	104,6900
12,6513	-43,973	104,6950
12,6529	-43,975	104,7000
12,6477	-43,977	104,7050
12,6506	-43,979	104,7100
12,6481	-43,981	104,7150
12,6391	-43,983	104,7200
12,6509	-43,985	104,7250
12,6501	-43,987	104,7300
12,6413	-43,989	104,7350
12,6448	-43,992	104,7400
12,6561	-43,994	104,7450
12,6509	-43,996	104,7500
12,6511	-43,998	104,7550
12,6576	-44,000	104,7600
12,6543	-44,002	104,7650
12,6557	-44,004	104,7700
12,6675	-44,006	104,7750
12,6596	-44,008	104,7800
12,6517	-44,010	104,7850
12,6565	-44,013	104,7900
12,6582	-44,015	104,7950
12,6573	-44,017	104,8000
12,6625	-44,019	104,8050
12,6548	-44,021	104,8100
12,6461	-44,023	104,8150
12,6542	-44,025	104,8200
12,6671	-44,027	104,8250
12,6722	-44,029	104,8300
12,6714	-44,031	104,8350
12,6715	-44,034	104,8400
12,6613	-44,036	104,8450
12,6649	-44,038	104,8500
12,6699	-44,040	104,8550
12,6648	-44,042	104,8600
12,6634	-44,044	104,8650
12,6731	-44,046	104,8700
12,6702	-44,048	104,8750
12,6675	-44,050	104,8800
12,6659	-44,052	104,8850
12,6638	-44,055	104,8900
12,6627	-44,057	104,8950
12,6709	-44,059	104,9000
12,6778	-44,061	104,9050
12,6673	-44,063	104,9100
12,6673	-44,065	104,9150
12,6685	-44,067	104,9200
12,6670	-44,069	104,9250
12,6662	-44,071	104,9300
12,6736	-44,073	104,9350
12,6669	-44,076	104,9400
12,6605	-44,078	104,9450
12,6647	-44,080	104,9500
12,6668	-44,082	104,9550
12,6690	-44,084	104,9600
12,6767	-44,086	104,9650
12,6726	-44,088	104,9700
12,6732	-44,090	104,9750
12,6857	-44,092	104,9800
12,6866	-44,094	104,9850
12,6753	-44,097	104,9900
12,6819	-44,099	104,9950
12,6826	-44,101	105,0000
12,6731	-44,103	105,0050
12,6732	-44,105	105,0100
12,6747	-44,107	105,0150
12,6782	-44,109	105,0200
12,6876	-44,111	105,0250
12,6927	-44,113	105,0300
12,6817	-44,115	105,0350
12,6814	-44,118	105,0400
12,6936	-44,120	105,0450
12,6878	-44,122	105,0500
12,6815	-44,124	105,0550
12,6869	-44,126	105,0600
12,6852	-44,128	105,0650
12,6804	-44,130	105,0700
12,6880	-44,132	105,0750
12,6964	-44,134	105,0800
12,6908	-44,136	105,0850
12,6963	-44,139	105,0900
12,7015	-44,141	105,0950
12,6933	-44,143	105,1000
12,6928	-44,145	105,1050
12,6941	-44,147	105,1100
12,6884	-44,149	105,1150
12,6931	-44,151	105,1200
12,6985	-44,153	105,1250
12,6920	-44,155	105,1300
12,6878	-44,157	105,1350
12,6921	-44,160	105,1400
12,6946	-44,162	105,1450
12,6944	-44,164	105,1500
12,6983	-44,166	105,1550
12,6970	-44,168	105,1600
12,6945	-44,170	105,1650
12,7018	-44,172	105,1700
12,7013	-44,174	105,1750
12,6896	-44,176	105,1800
12,7024	-44,178	105,1850
12,7078	-44,181	105,1900
12,6975	-44,183	105,1950
12,6976	-44,185	105,2000
12,7042	-44,187	105,2050
12,7106	-44,189	105,2100
12,7104	-44,191	105,2150
12,7128	-44,193	105,2200
12,7043	-44,195	105,2250
12,6969	-44,197	105,2300
12,7040	-44,199	105,2350
12,7019	-44,202	105,2400
12,7027	-44,204	105,2450
12,7156	-44,206	105,2500
12,7113	-44,208	105,2550
12,6980	-44,210	105,2600
12,7038	-44,212	105,2650
12,7152	-44,214	105,2700
12,7115	-44,216	105,2750
12,7110	-44,218	105,2800
12,7122	-44,220	105,2850
12,7090	-44,223	105,2900
12,7151	-44,225	105,2950
12,7189	-44,227	105,3000
12,7144	-44,229	105,3050
12,7133	-44,231	105,3100
12,7214	-44,233	105,3150
12,7131	-44,235	105,3200
12,7101	-44,237	105,3250
12,7171	-44,239	105,3300
12,7102	-44,241	105,3350
12,7085	-44,244	105,3400
12,7175	-44,246	105,3450
12,7218	-44,248	105,3500
12,7171	-44,250	105,3550
12,7203	-44,252	105,3600
12,7283	-44,254	105,3650
12,7210	-44,256	105,3700
12,7262	-44,258	105,3750
12,7317	-44,260	105,3800
12,7276	-44,262	105,3850
12,7228	-44,265	105,3900
12,7258	-44,267	105,3950
12,7239	-44,269	105,4000
12,7218	-44,271	105,4050
12,7312	-44,273	105,4100
12,7366	-44,275	105,4150
12,7389	-44,277	105,4200
12,7424	-44,279	105,4250
12,7342	-44,281	105,4300
12,7285	-44,283	105,4350
12,7333	-44,286	105,4400
12,7333	-44,288	105,4450
12,7262	-44,290	105,4500
12,7260	-44,292	105,4550
12,7418	-44,294	105,4600
12,7374	-44,296	105,4650
12,7332	-44,298	105,4700
12,7367	-44,300	105,4750
12,7368	-44,302	105,4800
12,7361	-44,304	105,4850
12,7423	-44,307	105,4900
12,7415	-44,309	105,4950
12,7373	-44,311	105,5000
12,7433	-44,313	105,5050
12,7420	-44,315	105,5100
12,7350	-44,317	105,5150
12,7458	-44,319	105,5200
12,7441	-44,321	105,5250
12,7295	-44,323	105,5300
12,7391	-44,325	105,5350
12,7487	-44,328	105,5400
12,7472	-44,330	105,5450
12,7520	-44,332	105,5500
12,7546	-44,334	105,5550
12,7405	-44,336	105,5600
12,7381	-44,338	105,5650
12,7419	-44,340	105,5700
12,7407	-44,342	105,5750
12,7421	-44,344	105,5800
12,7528	-44,346	105,5850
12,7546	-44,349	105,5900
12,7532	-44,351	105,5950
12,7558	-44,353	105,6000
12,7526	-44,355	105,6050
12,7524	-44,357	105,6100
12,7499	-44,359	105,6150
12,7450	-44,361	105,6200
12,7400	-44,363	105,6250
12,7522	-44,365	105,6300
12,7531	-44,367	105,6350
12,7489	-44,370	105,6400
12,7486	-44,372	105,6450
12,7513	-44,374	105,6500
12,7524	-44,376	105,6550
12,7566	-44,378	105,6600
12,7552	-44,380	105,6650
12,7566	-44,382	105,6700
12,7585	-44,384	105,6750
12,7585	-44,386	105,6800
12,7567	-44,388	105,6850
12,7551	-44,391	105,6900
12,7570	-44,393	105,6950
12,7543	-44,395	105,7000
12,7508	-44,397	105,7050
12,7624	-44,399	105,7100
12,7634	-44,401	105,7150
12,7545	-44,403	105,7200
12,7650	-44,405	105,7250
12,7681	-44,407	105,7300
12,7650	-44,409	105,7350
12,7610	-44,412	105,7400
12,7685	-44,414	105,7450
12,7676	-44,416	105,7500
12,7691	-44,418	105,7550
12,7700	-44,420	105,7600
12,7604	-44,422	105,7650
12,7593	-44,424	105,7700
12,7715	-44,426	105,7750
12,7719	-44,428	105,7800
12,7621	-44,430	105,7850
12,7682	-44,433	105,7900
12,7711	-44,435	105,7950
12,7642	-44,437	105,8000
12,7763	-44,439	105,8050
12,7786	-44,441	105,8100
12,7678	-44,443	105,8150
12,7732	-44,445	105,8200
12,7795	-44,447	105,8250
12,7721	-44,449	105,8300
12,7734	-44,451	105,8350
12,7816	-44,454	105,8400
12,7716	-44,456	105,8450
12,7672	-44,458	105,8500
12,7734	-44,460	105,8550
12,7739	-44,462	105,8600
12,7711	-44,464	105,8650
12,7749	-44,466	105,8700
12,7790	-44,468	105,8750
12,7774	-44,470	105,8800
12,7854	-44,472	105,8850
12,7874	-44,475	105,8900
12,7800	-44,477	105,8950
12,7885	-44,479	105,9000
12,7858	-44,481	105,9050
12,7774	-44,483	105,9100
12,7832	-44,485	105,9150
12,7947	-44,487	105,9200
12,7902	-44,489	105,9250
12,7868	-44,491	105,9300
12,7874	-44,493	105,9350
12,7856	-44,496	105,9400
12,7908	-44,498	105,9450
12,7962	-44,500	105,9500
12,7850	-44,502	105,9550
12,7826	-44,504	105,9600
12,7946	-44,506	105,9650
12,8006	-44,508	105,9700
12,7970	-44,510	105,9750
12,7977	-44,512	105,9800
12,8022	-44,514	105,9850
12,7907	-44,517	105,9900
12,7922	-44,519	105,9950
12,7990	-44,521	106,0000
12,7907	-44,523	106,0050
12,7989	-44,525	106,0100
12,8047	-44,527	106,0150
12,7959	-44,529	106,0200
12,7972	-44,531	106,0250
12,8043	-44,533	106,0300
12,7970	-44,535	106,0350
12,8026	-44,538	106,0400
12,8116	-44,540	106,0450
12,8053	-44,542	106,0500
12,7954	-44,544	106,0550
12,8035	-44,546	106,0600
12,8133	-44,548	106,0650
12,8115	-44,550	106,0700
12,8025	-44,552	106,0750
12,7981	-44,554	106,0800
12,7981	-44,556	106,0850
12,8080	-44,559	106,0900
12,8077	-44,561	106,0950
12,7998	-44,563	106,1000
12,7998	-44,565	106,1050
12,8109	-44,567	106,1100
12,8047	-44,569	106,1150
12,8011	-44,571	106,1200
12,8207	-44,573	106,1250
12,8207	-44,575	106,1300
12,8176	-44,577	106,1350
12,8215	-44,580	106,1400
12,8139	-44,582	106,1450
12,8079	-44,584	106,1500
12,8188	-44,586	106,1550
12,8158	-44,588	106,1600
12,8127	-44,590	106,1650
12,8217	-44,592	106,1700
12,8208	-44,594	106,1750
12,8092	-44,596	106,1800
12,8143	-44,598	106,1850
12,8192	-44,601	106,1900
12,8119	-44,603	106,1950
12,8154	-44,605	106,2000
12,8280	-44,607	106,2050
12,8229	-44,609	106,2100
12,8190	-44,611	106,2150
12,8325	-44,613	106,2200
12,8320	-44,615	106,2250
12,8249	-44,617	106,2300
12,8272	-44,619	106,2350
12,8149	-44,622	106,2400
12,8062	-44,624	106,2450
12,8218	-44,626	106,2500
12,8204	-44,628	106,2550
12,8142	-44,630	106,2600
12,8233	-44,632	106,2650
12,8328	-44,634	106,2700
12,8229	-44,636	106,2750
12,8285	-44,638	106,2800
12,8356	-44,640	106,2850
12,8257	-44,643	106,2900
12,8224	-44,645	106,2950
12,8269	-44,647	106,3000
12,8253	-44,649	106,3050
12,8307	-44,651	106,3100
12,8481	-44,653	106,3150
12,8418	-44,655	106,3200
12,8364	-44,657	106,3250
12,8400	-44,659	106,3300
12,8421	-44,661	106,3350
12,8342	-44,664	106,3400
12,8328	-44,666	106,3450
12,8300	-44,668	106,3500
12,8301	-44,670	106,3550
12,8302	-44,672	106,3600
12,8382	-44,674	106,3650
12,8343	-44,676	106,3700
12,8336	-44,678	106,3750
12,8354	-44,680	106,3800
12,8331	-44,682	106,3850
12,8379	-44,685	106,3900
12,8519	-44,687	106,3950
12,8513	-44,689	106,4000
12,8461	-44,691	106,4050
12,8480	-44,693	106,4100
12,8453	-44,695	106,4150
12,8458	-44,697	106,4200
12,8524	-44,699	106,4250
12,8492	-44,701	106,4300
12,8468	-44,703	106,4350
12,8519	-44,706	106,4400
12,8478	-44,708	106,4450
12,8431	-44,710	106,4500
12,8456	-44,712	106,4550
12,8495	-44,714	106,4600
12,8452	-44,716	106,4650
12,8507	-44,718	106,4700
12,8586	-44,720	106,4750
12,8591	-44,722	106,4800
12,8621	-44,724	106,4850
12,8622	-44,727	106,4900
12,8580	-44,729	106,4950
12,8500	-44,731	106,5000
12,8490	-44,733	106,5050
12,8514	-44,735	106,5100
12,8510	-44,737	106,5150
12,8574	-44,739	106,5200
12,8637	-44,741	106,5250
12,8608	-44,743	106,5300
12,8610	-44,745	106,5350
12,8600	-44,748	106,5400
12,8573	-44,750	106,5450
12,8588	-44,752	106,5500
12,8640	-44,754	106,5550
12,8608	-44,756	106,5600
12,8605	-44,758	106,5650
12,8577	-44,760	106,5700
12,8519	-44,762	106,5750
12,8546	-44,764	106,5800
12,8696	-44,766	106,5850
12,8716	-44,769	106,5900
12,8631	-44,771	106,5950
12,8611	-44,773	106,6000
12,8616	-44,775	106,6050
12,8597	-44,777	106,6100
12,8650	-44,779	106,6150
12,8619	-44,781	106,6200
12,8578	-44,783	106,6250
12,8679	-44,785	106,6300
12,8737	-44,787	106,6350
12,8733	-44,790	106,6400
12,8675	-44,792	106,6450
12,8744	-44,794	106,6500
12,8773	-44,796	106,6550
12,8731	-44,798	106,6600
12,8706	-44,800	106,6650
12,8645	-44,802	106,6700
12,8659	-44,804	106,6750
12,8804	-44,806	106,6800
12,8726	-44,808	106,6850
12,8624	-44,811	106,6900
12,8753	-44,813	106,6950
12,8835	-44,815	106,7000
12,8766	-44,817	106,7050
12,8865	-44,819	106,7100
12,8841	-44,821	106,7150
12,8728	-44,823	106,7200
12,8779	-44,825	106,7250
12,8860	-44,827	106,7300
12,8843	-44,829	106,7350
12,8814	-44,832	106,7400
12,8864	-44,834	106,7450
12,8801	-44,836	106,7500
12,8816	-44,838	106,7550
12,8908	-44,840	106,7600
12,8883	-44,842	106,7650
12,8819	-44,844	106,7700
12,8845	-44,846	106,7750
12,8814	-44,848	106,7800
12,8809	-44,850	106,7850
12,8817	-44,853	106,7900
12,8844	-44,855	106,7950
12,8847	-44,857	106,8000
12,8946	-44,859	106,8050
12,8964	-44,861	106,8100
12,8845	-44,863	106,8150
12,8883	-44,865	106,8200
12,8893	-44,867	106,8250
12,8908	-44,869	106,8300
12,8909	-44,871	106,8350
12,8979	-44,874	106,8400
12,8875	-44,876	106,8450
12,8866	-44,878	106,8500
12,8964	-44,880	106,8550
12,8886	-44,882	106,8600
12,8855	-44,884	106,8650
12,8936	-44,886	106,8700
12,8972	-44,888	106,8750
12,8938	-44,890	106,8800
12,8995	-44,892	106,8850
12,9059	-44,895	106,8900
12,8960	-44,897	106,8950
12,8984	-44,899	106,9000
12,9030	-44,901	106,9050
12,8999	-44,903	106,9100
12,9041	-44,905	106,9150
12,9081	-44,907	106,9200
12,9007	-44,909	106,9250
12,8956	-44,911	106,9300
12,9049	-44,913	106,9350
12,8971	-44,916	106,9400
12,9045	-44,918	106,9450
12,9156	-44,920	106,9500
12,9085	-44,922	106,9550
12,9002	-44,924	106,9600
12,9063	-44,926	106,9650
12,9130	-44,928	106,9700
12,9063	-44,930	106,9750
12,9079	-44,932	106,9800
12,9082	-44,934	106,9850
12,9015	-44,937	106,9900
12,9102	-44,939	106,9950
12,9101	-44,941	107,0000
12,8984	-44,943	107,0050
12,9058	-44,945	107,0100
12,9152	-44,947	107,0150
12,9194	-44,949	107,0200
12,9206	-44,951	107,0250
12,9189	-44,953	107,0300
12,9105	-44,955	107,0350
12,9087	-44,958	107,0400
12,9175	-44,960	107,0450
12,9098	-44,962	107,0500
12,9067	-44,964	107,0550
12,9194	-44,966	107,0600
12,9223	-44,968	107,0650
12,9222	-44,970	107,0700
12,9254	-44,972	107,0750
12,9294	-44,974	107,0800
12,9234	-44,976	107,0850
12,9223	-44,979	107,0900
12,9245	-44,981	107,0950
12,9236	-44,983	107,1000
12,9295	-44,985	107,1050
12,9341	-44,987	107,1100
12,9322	-44,989	107,1150
12,9268	-44,991	107,1200
12,9317	-44,993	107,1250
12,9263	-44,995	107,1300
12,9264	-44,997	107,1350
12,9380	-45,000	107,1400
12,9343	-45,002	107,1450
12,9287	-45,004	107,1500
12,9361	-45,006	107,1550
12,9324	-45,008	107,1600
12,9256	-45,010	107,1650
12,9296	-45,012	107,1700
12,9403	-45,014	107,1750
12,9347	-45,016	107,1800
12,9334	-45,018	107,1850
12,9352	-45,021	107,1900
12,9253	-45,023	107,1950
12,9233	-45,025	107,2000
12,9311	-45,027	107,2050
12,9338	-45,029	107,2100
12,9298	-45,031	107,2150
12,9362	-45,033	107,2200
12,9349	-45,035	107,2250
12,9292	-45,037	107,2300
12,9393	-45,039	107,2350
12,9441	-45,042	107,2400
12,9377	-45,044	107,2450
12,9435	-45,046	107,2500
12,9458	-45,048	107,2550
12,9363	-45,050	107,2600
12,9331	-45,052	107,2650
12,9337	-45,054	107,2700
12,9327	-45,056	107,2750
12,9459	-45,058	107,2800
12,9488	-45,060	107,2850
12,9447	-45,063	107,2900
12,9500	-45,065	107,2950
12,9513	-45,067	107,3000
12,9465	-45,069	107,3050
12,9450	-45,071	107,3100
12,9556	-45,073	107,3150
12,9471	-45,075	107,3200
12,9476	-45,077	107,3250
12,9562	-45,079	107,3300
12,9509	-45,081	107,3350
12,9437	-45,084	107,3400
12,9501	-45,086	107,3450
12,9514	-45,088	107,3500
12,9521	-45,090	107,3550
12,9563	-45,092	107,3600
12,9598	-45,094	107,3650
12,9520	-45,096	107,3700
12,9523	-45,098	107,3750
12,9590	-45,100	107,3800
12,9528	-45,102	107,3850
12,9473	-45,105	107,3900
12,9552	-45,107	107,3950
12,9589	-45,109	107,4000
12,9527	-45,111	107,4050
12,9620	-45,113	107,4100
12,9572	-45,115	107,4150
12,9552	-45,117	107,4200
12,9590	-45,119	107,4250
12,9651	-45,121	107,4300
12,9627	-45,123	107,4350
12,9611	-45,126	107,4400
12,9639	-45,128	107,4450
12,9670	-45,130	107,4500
12,9659	-45,132	107,4550
12,9704	-45,134	107,4600
12,9697	-45,136	107,4650
12,9720	-45,138	107,4700
12,9747	-45,140	107,4750
12,9659	-45,142	107,4800
12,9601	-45,144	107,4850
12,9695	-45,147	107,4900
12,9706	-45,149	107,4950
12,9656	-45,151	107,5000
12,9630	-45,153	107,5050
12,9615	-45,155	107,5100
12,9672	-45,157	107,5150
12,9762	-45,159	107,5200
12,9727	-45,161	107,5250
12,9630	-45,163	107,5300
12,9779	-45,165	107,5350
12,9819	-45,168	107,5400
12,9772	-45,170	107,5450
12,9786	-45,172	107,5500
12,9824	-45,174	107,5550
12,9817	-45,176	107,5600
12,9785	-45,178	107,5650
12,9772	-45,180	107,5700
12,9659	-45,182	107,5750
12,9667	-45,184	107,5800
12,9839	-45,186	107,5850
12,9817	-45,189	107,5900
12,9803	-45,191	107,5950
12,9914	-45,193	107,6000
12,9871	-45,195	107,6050
12,9880	-45,197	107,6100
12,9949	-45,199	107,6150
12,9868	-45,201	107,6200
12,9763	-45,203	107,6250
12,9843	-45,205	107,6300
12,9835	-45,207	107,6350
12,9761	-45,210	107,6400
12,9778	-45,212	107,6450
12,9864	-45,214	107,6500
12,9850	-45,216	107,6550
12,9906	-45,218	107,6600
12,9988	-45,220	107,6650
12,9889	-45,222	107,6700
12,9813	-45,224	107,6750
12,9905	-45,226	107,6800
13,0002	-45,228	107,6850
12,9934	-45,231	107,6900
12,9957	-45,233	107,6950
12,9971	-45,235	107,7000
12,9908	-45,237	107,7050
12,9932	-45,239	107,7100
12,9931	-45,241	107,7150
12,9904	-45,243	107,7200
12,9954	-45,245	107,7250
13,0013	-45,247	107,7300
13,0017	-45,249	107,7350
13,0070	-45,252	107,7400
13,0156	-45,254	107,7450
13,0075	-45,256	107,7500
13,0008	-45,258	107,7550
13,0049	-45,260	107,7600
12,9990	-45,262	107,7650
12,9984	-45,264	107,7700
13,0029	-45,266	107,7750
12,9998	-45,268	107,7800
12,9979	-45,270	107,7850
13,0038	-45,273	107,7900
13,0042	-45,275	107,7950
13,0033	-45,277	107,8000
13,0081	-45,279	107,8050
13,0079	-45,281	107,8100
12,9998	-45,283	107,8150
13,0052	-45,285	107,8200
13,0105	-45,287	107,8250
13,0100	-45,289	107,8300
13,0126	-45,291	107,8350
13,0153	-45,294	107,8400
13,0092	-45,296	107,8450
13,0153	-45,298	107,8500
13,0220	-45,300	107,8550
13,0126	-45,302	107,8600
13,0093	-45,304	107,8650
13,0215	-45,306	107,8700
13,0195	-45,308	107,8750
13,0202	-45,310	107,8800
13,0282	-45,312	107,8850
13,0231	-45,315	107,8900
13,0086	-45,317	107,8950
13,0212	-45,319	107,9000
13,0288	-45,321	107,9050
13,0249	-45,323	107,9100
13,0260	-45,325	107,9150
13,0283	-45,327	107,9200
13,0205	-45,329	107,9250
13,0138	-45,331	107,9300
13,0224	-45,333	107,9350
13,0192	-45,336	107,9400
13,0139	-45,338	107,9450
13,0241	-45,340	107,9500
13,0271	-45,342	107,9550
13,0302	-45,344	107,9600
13,0334	-45,346	107,9650
13,0256	-45,348	107,9700
13,0247	-45,350	107,9750
13,0374	-45,352	107,9800
13,0360	-45,354	107,9850
13,0303	-45,357	107,9900
13,0375	-45,359	107,9950
13,0358	-45,361	108,0000
13,0318	-45,363	108,0050
13,0379	-45,365	108,0100
13,0385	-45,367	108,0150
13,0300	-45,369	108,0200
13,0238	-45,371	108,0250
13,0309	-45,373	108,0300
13,0298	-45,375	108,0350
13,0318	-45,378	108,0400
13,0361	-45,380	108,0450
13,0318	-45,382	108,0500
13,0239	-45,384	108,0550
13,0306	-45,386	108,0600
13,0338	-45,388	108,0650
13,0361	-45,390	108,0700
13,0435	-45,392	108,0750
13,0423	-45,394	108,0800
13,0345	-45,396	108,0850
13,0375	-45,399	108,0900
13,0381	-45,401	108,0950
13,0355	-45,403	108,1000
13,0410	-45,405	108,1050
13,0549	-45,407	108,1100
13,0542	-45,409	108,1150
13,0488	-45,411	108,1200
13,0478	-45,413	108,1250
13,0382	-45,415	108,1300
13,0337	-45,417	108,1350
13,0404	-45,420	108,1400
13,0461	-45,422	108,1450
13,0405	-45,424	108,1500
13,0467	-45,426	108,1550
13,0478	-45,428	108,1600
13,0484	-45,430	108,1650
13,0559	-45,432	108,1700
13,0590	-45,434	108,1750
13,0580	-45,436	108,1800
13,0572	-45,438	108,1850
13,0511	-45,441	108,1900
13,0439	-45,443	108,1950
13,0490	-45,445	108,2000
13,0610	-45,447	108,2050
13,0542	-45,449	108,2100
13,0522	-45,451	108,2150
13,0553	-45,453	108,2200
13,0511	-45,455	108,2250
13,0498	-45,457	108,2300
13,0616	-45,459	108,2350
13,0596	-45,462	108,2400
13,0495	-45,464	108,2450
13,0616	-45,466	108,2500
13,0652	-45,468	108,2550
13,0643	-45,470	108,2600
13,0677	-45,472	108,2650
13,0666	-45,474	108,2700
13,0498	-45,476	108,2750
13,0565	-45,478	108,2800
13,0646	-45,480	108,2850
13,0629	-45,483	108,2900
13,0684	-45,485	108,2950
13,0697	-45,487	108,3000
13,0592	-45,489	108,3050
13,0589	-45,491	108,3100
13,0750	-45,493	108,3150
13,0727	-45,495	108,3200
13,0623	-45,497	108,3250
13,0636	-45,499	108,3300
13,0628	-45,501	108,3350
13,0582	-45,504	108,3400
13,0708	-45,506	108,3450
13,0726	-45,508	108,3500
13,0710	-45,510	108,3550
13,0727	-45,512	108,3600
13,0768	-45,514	108,3650
13,0660	-45,516	108,3700
13,0636	-45,518	108,3750
13,0722	-45,520	108,3800
13,0701	-45,522	108,3850
13,0736	-45,525	108,3900
13,0773	-45,527	108,3950
13,0715	-45,529	108,4000
13,0686	-45,531	108,4050
13,0780	-45,533	108,4100
13,0740	-45,535	108,4150
13,0706	-45,537	108,4200
13,0786	-45,539	108,4250
13,0825	-45,541	108,4300
13,0771	-45,543	108,4350
13,0848	-45,546	108,4400
13,0855	-45,548	108,4450
13,0836	-45,550	108,4500
13,0881	-45,552	108,4550
13,0934	-45,554	108,4600
13,0850	-45,556	108,4650
13,0843	-45,558	108,4700
13,0852	-45,560	108,4750
13,0725	-45,562	108,4800
13,0779	-45,564	108,4850
13,0918	-45,567	108,4900
13,0845	-45,569	108,4950
13,0710	-45,571	108,5000
13,0865	-45,573	108,5050
13,0903	-45,575	108,5100
13,0912	-45,577	108,5150
13,0981	-45,579	108,5200
13,0904	-45,581	108,5250
13,0786	-45,583	108,5300
13,0885	-45,585	108,5350
13,0904	-45,588	108,5400
13,0910	-45,590	108,5450
13,0924	-45,592	108,5500
13,1007	-45,594	108,5550
13,1002	-45,596	108,5600
13,1040	-45,598	108,5650
13,1056	-45,600	108,5700
13,0930	-45,602	108,5750
13,0892	-45,604	108,5800
13,0987	-45,606	108,5850
13,0958	-45,609	108,5900
13,0926	-45,611	108,5950
13,0941	-45,613	108,6000
13,0927	-45,615	108,6050
13,0891	-45,617	108,6100
13,0994	-45,619	108,6150
13,0974	-45,621	108,6200
13,0900	-45,623	108,6250
13,0993	-45,625	108,6300
13,1091	-45,627	108,6350
13,1037	-45,630	108,6400
13,1033	-45,632	108,6450
13,1103	-45,634	108,6500
13,1031	-45,636	108,6550
13,1032	-45,638	108,6600
13,1130	-45,640	108,6650
13,1061	-45,642	108,6700
13,1015	-45,644	108,6750
13,1137	-45,646	108,6800
13,1090	-45,648	108,6850
13,1035	-45,651	108,6900
13,1113	-45,653	108,6950
13,1127	-45,655	108,7000
13,1099	-45,657	108,7050
13,1171	-45,659	108,7100
13,1098	-45,661	108,7150
13,0995	-45,663	108,7200
13,1129	-45,665	108,7250
13,1258	-45,667	108,7300
13,1249	-45,669	108,7350
13,1194	-45,672	108,7400
13,1153	-45,674	108,7450
13,1031	-45,676	108,7500
13,1103	-45,678	108,7550
13,1181	-45,680	108,7600
13,1091	-45,682	108,7650
13,1117	-45,684	108,7700
13,1237	-45,686	108,7750
13,1165	-45,688	108,7800
13,1069	-45,690	108,7850
13,1136	-45,693	108,7900
13,1181	-45,695	108,7950
13,1147	-45,697	108,8000
13,1258	-45,699	108,8050
13,1325	-45,701	108,8100
13,1233	-45,703	108,8150
13,1220	-45,705	108,8200
13,1222	-45,707	108,8250
13,1220	-45,709	108,8300
13,1233	-45,711	108,8350
13,1301	-45,714	108,8400
13,1265	-45,716	108,8450
13,1308	-45,718	108,8500
13,1363	-45,720	108,8550
13,1309	-45,722	108,8600
13,1328	-45,724	108,8650
13,1454	-45,726	108,8700
13,1376	-45,728	108,8750
13,1256	-45,730	108,8800
13,1338	-45,732	108,8850
13,1363	-45,735	108,8900
13,1277	-45,737	108,8950
13,1394	-45,739	108,9000
13,1454	-45,741	108,9050
13,1345	-45,743	108,9100
13,1400	-45,745	108,9150
13,1427	-45,747	108,9200
13,1363	-45,749	108,9250
13,1387	-45,751	108,9300
13,1403	-45,753	108,9350
13,1332	-45,756	108,9400
13,1330	-45,758	108,9450
13,1422	-45,760	108,9500
13,1447	-45,762	108,9550
13,1440	-45,764	108,9600
13,1508	-45,766	108,9650
13,1404	-45,768	108,9700
13,1347	-45,770	108,9750
13,1398	-45,772	108,9800
13,1387	-45,774	108,9850
13,1367	-45,777	108,9900
13,1476	-45,779	108,9950
13,1531	-45,781	109,0000
13,1425	-45,783	109,0050
13,1493	-45,785	109,0100
13,1560	-45,787	109,0150
13,1480	-45,789	109,0200
13,1423	-45,791	109,0250
13,1551	-45,793	109,0300
13,1502	-45,795	109,0350
13,1443	-45,798	109,0400
13,1455	-45,800	109,0450
13,1405	-45,802	109,0500
13,1402	-45,804	109,0550
13,1528	-45,806	109,0600
13,1550	-45,808	109,0650
13,1497	-45,810	109,0700
13,1544	-45,812	109,0750
13,1562	-45,814	109,0800
13,1547	-45,816	109,0850
13,1580	-45,819	109,0900
13,1608	-45,821	109,0950
13,1554	-45,823	109,1000
13,1578	-45,825	109,1050
13,1559	-45,827	109,1100
13,1568	-45,829	109,1150
13,1569	-45,831	109,1200
13,1653	-45,833	109,1250
13,1644	-45,835	109,1300
13,1601	-45,837	109,1350
13,1622	-45,840	109,1400
13,1594	-45,842	109,1450
13,1604	-45,844	109,1500
13,1709	-45,846	109,1550
13,1656	-45,848	109,1600
13,1599	-45,850	109,1650
13,1660	-45,852	109,1700
13,1658	-45,854	109,1750
13,1608	-45,856	109,1800
13,1598	-45,858	109,1850
13,1615	-45,861	109,1900
13,1614	-45,863	109,1950
13,1702	-45,865	109,2000
13,1722	-45,867	109,2050
13,1688	-45,869	109,2100
13,1722	-45,871	109,2150
13,1807	-45,873	109,2200
13,1744	-45,875	109,2250
13,1742	-45,877	109,2300
13,1758	-45,879	109,2350
13,1700	-45,882	109,2400
13,1687	-45,884	109,2450
13,1711	-45,886	109,2500
13,1681	-45,888	109,2550
13,1665	-45,890	109,2600
13,1760	-45,892	109,2650
13,1867	-45,894	109,2700
13,1854	-45,896	109,2750
13,1834	-45,898	109,2800
13,1849	-45,900	109,2850
13,1764	-45,903	109,2900
13,1738	-45,905	109,2950
13,1759	-45,907	109,3000
13,1714	-45,909	109,3050
13,1715	-45,911	109,3100
13,1832	-45,913	109,3150
13,1798	-45,915	109,3200
13,1741	-45,917	109,3250
13,1806	-45,919	109,3300
13,1784	-45,921	109,3350
13,1767	-45,924	109,3400
13,1954	-45,926	109,3450
13,1901	-45,928	109,3500
13,1784	-45,930	109,3550
13,1826	-45,932	109,3600
13,1936	-45,934	109,3650
13,1831	-45,936	109,3700
13,1843	-45,938	109,3750
13,1919	-45,940	109,3800
13,1866	-45,942	109,3850
13,1887	-45,945	109,3900
13,1948	-45,947	109,3950
13,1880	-45,949	109,4000
13,1844	-45,951	109,4050
13,1950	-45,953	109,4100
13,1912	-45,955	109,4150
13,1868	-45,957	109,4200
13,1936	-45,959	109,4250
13,1902	-45,961	109,4300
13,1872	-45,963	109,4350
13,1955	-45,966	109,4400
13,1965	-45,968	109,4450
13,1910	-45,970	109,4500
13,1979	-45,972	109,4550
13,2073	-45,974	109,4600
13,2033	-45,976	109,4650
13,1998	-45,978	109,4700
13,1973	-45,980	109,4750
13,1950	-45,982	109,4800
13,2040	-45,984	109,4850
13,2067	-45,987	109,4900
13,2008	-45,989	109,4950
13,1946	-45,991	109,5000
13,2066	-45,993	109,5050
13,2118	-45,995	109,5100
13,2049	-45,997	109,5150
13,2129	-45,999	109,5200
13,2090	-46,001	109,5250
13,1993	-46,003	109,5300
13,2042	-46,005	109,5350
13,2009	-46,008	109,5400
13,1990	-46,010	109,5450
13,2065	-46,012	109,5500
13,2106	-46,014	109,5550
13,2022	-46,016	109,5600
13,2050	-46,018	109,5650
13,2110	-46,020	109,5700
13,2107	-46,022	109,5750
13,2163	-46,024	109,5800
13,2146	-46,026	109,5850
13,2050	-46,029	109,5900
13,2038	-46,031	109,5950
13,2167	-46,033	109,6000
13,2186	-46,035	109,6050
13,2114	-46,037	109,6100
13,2147	-46,039	109,6150
13,2157	-46,041	109,6200
13,2107	-46,043	109,6250
13,2213	-46,045	109,6300
13,2234	-46,047	109,6350
13,2168	-46,050	109,6400
13,2203	-46,052	109,6450
13,2324	-46,054	109,6500
13,2324	-46,056	109,6550
13,2276	-46,058	109,6600
13,2292	-46,060	109,6650
13,2153	-46,062	109,6700
13,2083	-46,064	109,6750
13,2195	-46,066	109,6800
13,2253	-46,068	109,6850
13,2225	-46,071	109,6900
13,2313	-46,073	109,6950
13,2310	-46,075	109,7000
13,2255	-46,077	109,7050
13,2275	-46,079	109,7100
13,2248	-46,081	109,7150
13,2272	-46,083	109,7200
13,2384	-46,085	109,7250
13,2407	-46,087	109,7300
13,2360	-46,089	109,7350
13,2361	-46,092	109,7400
13,2403	-46,094	109,7450
13,2296	-46,096	109,7500
13,2322	-46,098	109,7550
13,2358	-46,100	109,7600
13,2247	-46,102	109,7650
13,2180	-46,104	109,7700
13,2268	-46,106	109,7750
13,2306	-46,108	109,7800
13,2312	-46,110	109,7850
13,2407	-46,113	109,7900
13,2380	-46,115	109,7950
13,2297	-46,117	109,8000
13,2446	-46,119	109,8050
13,2509	-46,121	109,8100
13,2397	-46,123	109,8150
13,2407	-46,125	109,8200
13,2392	-46,127	109,8250
13,2367	-46,129	109,8300
13,2406	-46,131	109,8350
13,2500	-46,134	109,8400
13,2474	-46,136	109,8450
13,2428	-46,138	109,8500
13,2497	-46,140	109,8550
13,2447	-46,142	109,8600
13,2412	-46,144	109,8650
13,2483	-46,146	109,8700
13,2472	-46,148	109,8750
13,2483	-46,150	109,8800
13,2499	-46,152	109,8850
13,2493	-46,155	109,8900
13,2460	-46,157	109,8950
13,2516	-46,159	109,9000
13,2534	-46,161	109,9050
13,2478	-46,163	109,9100
13,2541	-46,165	109,9150
13,2567	-46,167	109,9200
13,2521	-46,169	109,9250
13,2538	-46,171	109,9300
13,2655	-46,173	109,9350
13,2573	-46,176	109,9400
13,2558	-46,178	109,9450
13,2625	-46,180	109,9500
13,2551	-46,182	109,9550
13,2548	-46,184	109,9600
13,2642	-46,186	109,9650
13,2585	-46,188	109,9700
13,2555	-46,190	109,9750
13,2587	-46,192	109,9800
13,2568	-46,194	109,9850
13,2519	-46,197	109,9900
13,2612	-46,199	109,9950
13,2631	-46,201	110,0000
13,2553	-46,203	110,0050
13,2610	-46,205	110,0100
13,2640	-46,207	110,0150
13,2609	-46,209	110,0200
13,2620	-46,211	110,0250
13,2709	-46,213	110,0300
13,2688	-46,215	110,0350
13,2689	-46,218	110,0400
13,2734	-46,220	110,0450
13,2722	-46,222	110,0500
13,2631	-46,224	110,0550
13,2679	-46,226	110,0600
13,2709	-46,228	110,0650
13,2727	-46,230	110,0700
13,2747	-46,232	110,0750
13,2709	-46,234	110,0800
13,2636	-46,236	110,0850
13,2640	-46,239	110,0900
13,2752	-46,241	110,0950
13,2780	-46,243	110,1000
13,2801	-46,245	110,1050
13,2840	-46,247	110,1100
13,2772	-46,249	110,1150
13,2741	-46,251	110,1200
13,2803	-46,253	110,1250
13,2795	-46,255	110,1300
13,2782	-46,257	110,1350
13,2828	-46,260	110,1400
13,2717	-46,262	110,1450
13,2655	-46,264	110,1500
13,2776	-46,266	110,1550
13,2805	-46,268	110,1600
13,2789	-46,270	110,1650
13,2770	-46,272	110,1700
13,2823	-46,274	110,1750
13,2832	-46,276	110,1800
13,2858	-46,278	110,1850
13,2933	-46,281	110,1900
13,2892	-46,283	110,1950
13,2848	-46,285	110,2000
13,2824	-46,287	110,2050
13,2783	-46,289	110,2100
13,2743	-46,291	110,2150
13,2895	-46,293	110,2200
13,2928	-46,295	110,2250
13,2865	-46,297	110,2300
13,2921	-46,299	110,2350
13,2886	-46,302	110,2400
13,2812	-46,304	110,2450
13,2926	-46,306	110,2500
13,2923	-46,308	110,2550
13,2877	-46,310	110,2600
13,2899	-46,312	110,2650
13,2967	-46,314	110,2700
13,2894	-46,316	110,2750
13,2908	-46,318	110,2800
13,2915	-46,320	110,2850
13,2897	-46,323	110,2900
13,2949	-46,325	110,2950
13,3042	-46,327	110,3000
13,2939	-46,329	110,3050
13,2831	-46,331	110,3100
13,2957	-46,333	110,3150
13,3012	-46,335	110,3200
13,2993	-46,337	110,3250
13,3090	-46,339	110,3300
13,3018	-46,341	110,3350
13,2885	-46,344	110,3400
13,2950	-46,346	110,3450
13,2972	-46,348	110,3500
13,2978	-46,350	110,3550
13,3070	-46,352	110,3600
13,3077	-46,354	110,3650
13,3019	-46,356	110,3700
13,3089	-46,358	110,3750
13,3133	-46,360	110,3800
13,3089	-46,362	110,3850
13,3007	-46,365	110,3900
13,3070	-46,367	110,3950
13,3067	-46,369	110,4000
13,3001	-46,371	110,4050
13,3078	-46,373	110,4100
13,3073	-46,375	110,4150
13,3057	-46,377	110,4200
13,3124	-46,379	110,4250
13,3144	-46,381	110,4300
13,3071	-46,383	110,4350
13,3128	-46,386	110,4400
13,3164	-46,388	110,4450
13,3095	-46,390	110,4500
13,3121	-46,392	110,4550
13,3194	-46,394	110,4600
13,3156	-46,396	110,4650
13,3232	-46,398	110,4700
13,3219	-46,400	110,4750
13,3145	-46,402	110,4800
13,3208	-46,404	110,4850
13,3242	-46,407	110,4900
13,3156	-46,409	110,4950
13,3180	-46,411	110,5000
13,3280	-46,413	110,5050
13,3310	-46,415	110,5100
13,3238	-46,417	110,5150
13,3254	-46,419	110,5200
13,3210	-46,421	110,5250
13,3192	-46,423	110,5300
13,3306	-46,425	110,5350
13,3308	-46,428	110,5400
13,3251	-46,430	110,5450
13,3325	-46,432	110,5500
13,3414	-46,434	110,5550
13,3326	-46,436	110,5600
13,3281	-46,438	110,5650
13,3331	-46,440	110,5700
13,3302	-46,442	110,5750
13,3328	-46,444	110,5800
13,3441	-46,446	110,5850
13,3335	-46,449	110,5900
13,3293	-46,451	110,5950
13,3382	-46,453	110,6000
13,3332	-46,455	110,6050
13,3257	-46,457	110,6100
13,3341	-46,459	110,6150
13,3372	-46,461	110,6200
13,3324	-46,463	110,6250
13,3402	-46,465	110,6300
13,3415	-46,467	110,6350
13,3389	-46,470	110,6400
13,3327	-46,472	110,6450
13,3380	-46,474	110,6500
13,3386	-46,476	110,6550
13,3372	-46,478	110,6600
13,3417	-46,480	110,6650
13,3353	-46,482	110,6700
13,3370	-46,484	110,6750
13,3438	-46,486	110,6800
13,3487	-46,488	110,6850
13,3493	-46,491	110,6900
13,3510	-46,493	110,6950
13,3515	-46,495	110,7000
13,3439	-46,497	110,7050
13,3422	-46,499	110,7100
13,3394	-46,501	110,7150
13,3390	-46,503	110,7200
13,3550	-46,505	110,7250
13,3602	-46,507	110,7300
13,3487	-46,509	110,7350
13,3430	-46,512	110,7400
13,3541	-46,514	110,7450
13,3471	-46,516	110,7500
13,3419	-46,518	110,7550
13,3451	-46,520	110,7600
13,3459	-46,522	110,7650
13,3443	-46,524	110,7700
13,3550	-46,526	110,7750
13,3564	-46,528	110,7800
13,3489	-46,530	110,7850
13,3552	-46,533	110,7900
13,3555	-46,535	110,7950
13,3525	-46,537	110,8000
13,3616	-46,539	110,8050
13,3643	-46,541	110,8100
13,3557	-46,543	110,8150
13,3610	-46,545	110,8200
13,3658	-46,547	110,8250
13,3631	-46,549	110,8300
13,3583	-46,551	110,8350
13,3623	-46,554	110,8400
13,3562	-46,556	110,8450
13,3587	-46,558	110,8500
13,3690	-46,560	110,8550
13,3600	-46,562	110,8600
13,3569	-46,564	110,8650
13,3675	-46,566	110,8700
13,3618	-46,568	110,8750
13,3533	-46,570	110,8800
13,3613	-46,572	110,8850
13,3723	-46,575	110,8900
13,3656	-46,577	110,8950
13,3751	-46,579	110,9000
13,3840	-46,581	110,9050
13,3687	-46,583	110,9100
13,3678	-46,585	110,9150
13,3694	-46,587	110,9200
13,3637	-46,589	110,9250
13,3622	-46,591	110,9300
13,3710	-46,593	110,9350
13,3674	-46,596	110,9400
13,3706	-46,598	110,9450
13,3752	-46,600	110,9500
13,3661	-46,602	110,9550
13,3658	-46,604	110,9600
13,3772	-46,606	110,9650
13,3712	-46,608	110,9700
13,3656	-46,610	110,9750
13,3735	-46,612	110,9800
13,3840	-46,614	110,9850
13,3787	-46,617	110,9900
13,3813	-46,619	110,9950
13,3898	-46,621	111,0000
13,3817	-46,623	111,0050
13,3760	-46,625	111,0100
13,3805	-46,627	111,0150
13,3808	-46,629	111,0200
13,3801	-46,631	111,0250
13,3885	-46,633	111,0300
13,3814	-46,635	111,0350
13,3772	-46,638	111,0400
13,3928	-46,640	111,0450
13,3903	-46,642	111,0500
13,3898	-46,644	111,0550
13,4016	-46,646	111,0600
13,3938	-46,648	111,0650
13,3826	-46,650	111,0700
13,3916	-46,652	111,0750
13,3955	-46,654	111,0800
13,3897	-46,656	111,0850
13,3948	-46,659	111,0900
13,3980	-46,661	111,0950
13,3878	-46,663	111,1000
13,3931	-46,665	111,1050
13,3954	-46,667	111,1100
13,3889	-46,669	111,1150
13,3919	-46,671	111,1200
13,3928	-46,673	111,1250
13,3825	-46,675	111,1300
13,3807	-46,677	111,1350
13,3916	-46,680	111,1400
13,3934	-46,682	111,1450
13,3884	-46,684	111,1500
13,4002	-46,686	111,1550
13,4021	-46,688	111,1600
13,3945	-46,690	111,1650
13,4019	-46,692	111,1700
13,4118	-46,694	111,1750
13,4045	-46,696	111,1800
13,4069	-46,698	111,1850
13,4089	-46,701	111,1900
13,3987	-46,703	111,1950
13,3987	-46,705	111,2000
13,4033	-46,707	111,2050
13,4036	-46,709	111,2100
13,4055	-46,711	111,2150
13,4148	-46,713	111,2200
13,4058	-46,715	111,2250
13,4026	-46,717	111,2300
13,4110	-46,719	111,2350
13,4042	-46,722	111,2400
13,4058	-46,724	111,2450
13,4134	-46,726	111,2500
13,4090	-46,728	111,2550
13,4023	-46,730	111,2600
13,4061	-46,732	111,2650
13,4178	-46,734	111,2700
13,4190	-46,736	111,2750
13,4168	-46,738	111,2800
13,4201	-46,740	111,2850
13,4111	-46,743	111,2900
13,4090	-46,745	111,2950
13,4169	-46,747	111,3000
13,4150	-46,749	111,3050
13,4174	-46,751	111,3100
13,4291	-46,753	111,3150
13,4210	-46,755	111,3200
13,4118	-46,757	111,3250
13,4203	-46,759	111,3300
13,4204	-46,761	111,3350
13,4135	-46,764	111,3400
13,4257	-46,766	111,3450
13,4293	-46,768	111,3500
13,4222	-46,770	111,3550
13,4228	-46,772	111,3600
13,4320	-46,774	111,3650
13,4323	-46,776	111,3700
13,4338	-46,778	111,3750
13,4349	-46,780	111,3800
13,4261	-46,782	111,3850
13,4260	-46,785	111,3900
13,4355	-46,787	111,3950
13,4365	-46,789	111,4000
13,4330	-46,791	111,4050
13,4390	-46,793	111,4100
13,4326	-46,795	111,4150
13,4274	-46,797	111,4200
13,4276	-46,799	111,4250
13,4234	-46,801	111,4300
13,4256	-46,803	111,4350
13,4415	-46,806	111,4400
13,4378	-46,808	111,4450
13,4255	-46,810	111,4500
13,4227	-46,812	111,4550
13,4319	-46,814	111,4600
13,4297	-46,816	111,4650
13,4384	-46,818	111,4700
13,4400	-46,820	111,4750
13,4333	-46,822	111,4800
13,4363	-46,824	111,4850
13,4427	-46,827	111,4900
13,4384	-46,829	111,4950
13,4343	-46,831	111,5000
13,4413	-46,833	111,5050
13,4384	-46,835	111,5100
13,4343	-46,837	111,5150
13,4433	-46,839	111,5200
13,4462	-46,841	111,5250
13,4420	-46,843	111,5300
13,4480	-46,845	111,5350
13,4469	-46,848	111,5400
13,4421	-46,850	111,5450
13,4449	-46,852	111,5500
13,4540	-46,854	111,5550
13,4479	-46,856	111,5600
13,4503	-46,858	111,5650
13,4545	-46,860	111,5700
13,4420	-46,862	111,5750
13,4343	-46,864	111,5800
13,4524	-46,866	111,5850
13,4563	-46,869	111,5900
13,4514	-46,871	111,5950
13,4582	-46,873	111,6000
13,4553	-46,875	111,6050
13,4478	-46,877	111,6100
13,4539	-46,879	111,6150
13,4608	-46,881	111,6200
13,4617	-46,883	111,6250
13,4653	-46,885	111,6300
13,4572	-46,887	111,6350
13,4516	-46,890	111,6400
13,4558	-46,892	111,6450
13,4610	-46,894	111,6500
13,4571	-46,896	111,6550
13,4617	-46,898	111,6600
13,4642	-46,900	111,6650
13,4516	-46,902	111,6700
13,4426	-46,904	111,6750
13,4540	-46,906	111,6800
13,4599	-46,908	111,6850
13,4627	-46,911	111,6900
13,4644	-46,913	111,6950
13,4574	-46,915	111,7000
13,4544	-46,917	111,7050
13,4622	-46,919	111,7100
13,4626	-46,921	111,7150
13,4596	-46,923	111,7200
13,4703	-46,925	111,7250
13,4729	-46,927	111,7300
13,4652	-46,929	111,7350
13,4679	-46,932	111,7400
13,4688	-46,934	111,7450
13,4634	-46,936	111,7500
13,4675	-46,938	111,7550
13,4768	-46,940	111,7600
13,4700	-46,942	111,7650
13,4653	-46,944	111,7700
13,4728	-46,946	111,7750
13,4799	-46,948	111,7800
13,4795	-46,950	111,7850
13,4773	-46,953	111,7900
13,4758	-46,955	111,7950
13,4720	-46,957	111,8000
13,4804	-46,959	111,8050
13,4817	-46,961	111,8100
13,4733	-46,963	111,8150
13,4851	-46,965	111,8200
13,4819	-46,967	111,8250
13,4703	-46,969	111,8300
13,4691	-46,971	111,8350
13,4838	-46,974	111,8400
13,4782	-46,976	111,8450
13,4758	-46,978	111,8500
13,4812	-46,980	111,8550
13,4788	-46,982	111,8600
13,4725	-46,984	111,8650
13,4799	-46,986	111,8700
13,4848	-46,988	111,8750
13,4799	-46,990	111,8800
13,4825	-46,992	111,8850
13,4810	-46,995	111,8900
13,4790	-46,997	111,8950
13,4856	-46,999	111,9000
13,4885	-47,001	111,9050
13,4835	-47,003	111,9100
13,4883	-47,005	111,9150
13,4996	-47,007	111,9200
13,4871	-47,009	111,9250
13,4856	-47,011	111,9300
13,4938	-47,013	111,9350
13,4843	-47,016	111,9400
13,4882	-47,018	111,9450
13,4972	-47,020	111,9500
13,4927	-47,022	111,9550
13,4890	-47,024	111,9600
13,4962	-47,026	111,9650
13,4978	-47,028	111,9700
13,4879	-47,030	111,9750
13,4942	-47,032	111,9800
13,5008	-47,034	111,9850
13,4919	-47,037	111,9900
13,4980	-47,039	111,9950
13,4930	-47,041	112,0000
13,4940	-47,043	112,0050
13,5011	-47,045	112,0100
13,5036	-47,047	112,0150
13,4965	-47,049	112,0200
13,4970	-47,051	112,0250
13,5069	-47,053	112,0300
13,5008	-47,055	112,0350
13,5043	-47,058	112,0400
13,5102	-47,060	112,0450
13,4990	-47,062	112,0500
13,4942	-47,064	112,0550
13,5098	-47,066	112,0600
13,5086	-47,068	112,0650
13,5004	-47,070	112,0700
13,5052	-47,072	112,0750
13,5100	-47,074	112,0800
13,5042	-47,076	112,0850
13,5105	-47,079	112,0900
13,5111	-47,081	112,0950
13,5038	-47,083	112,1000
13,5084	-47,085	112,1050
13,5087	-47,087	112,1100
13,5012	-47,089	112,1150
13,5065	-47,091	112,1200
13,5133	-47,093	112,1250
13,5114	-47,095	112,1300
13,5173	-47,097	112,1350
13,5163	-47,100	112,1400
13,5101	-47,102	112,1450
13,5062	-47,104	112,1500
13,5188	-47,106	112,1550
13,5179	-47,108	112,1600
13,5221	-47,110	112,1650
13,5245	-47,112	112,1700
13,5248	-47,114	112,1750
13,5145	-47,116	112,1800
13,5166	-47,118	112,1850
13,5218	-47,121	112,1900
13,5236	-47,123	112,1950
13,5247	-47,125	112,2000
13,5271	-47,127	112,2050
13,5203	-47,129	112,2100
13,5201	-47,131	112,2150
13,5295	-47,133	112,2200
13,5265	-47,135	112,2250
13,5206	-47,137	112,2300
13,5304	-47,139	112,2350
13,5240	-47,142	112,2400
13,5115	-47,144	112,2450
13,5193	-47,146	112,2500
13,5213	-47,148	112,2550
13,5223	-47,150	112,2600
13,5338	-47,152	112,2650
13,5345	-47,154	112,2700
13,5233	-47,156	112,2750
13,5355	-47,158	112,2800
13,5394	-47,160	112,2850
13,5268	-47,163	112,2900
13,5302	-47,165	112,2950
13,5390	-47,167	112,3000
13,5370	-47,169	112,3050
13,5341	-47,171	112,3100
13,5375	-47,173	112,3150
13,5365	-47,175	112,3200
13,5347	-47,177	112,3250
13,5382	-47,179	112,3300
13,5312	-47,181	112,3350
13,5249	-47,184	112,3400
13,5323	-47,186	112,3450
13,5347	-47,188	112,3500
13,5360	-47,190	112,3550
13,5351	-47,192	112,3600
13,5340	-47,194	112,3650
13,5279	-47,196	112,3700
13,5334	-47,198	112,3750
13,5434	-47,200	112,3800
13,5381	-47,202	112,3850
13,5394	-47,205	112,3900
13,5511	-47,207	112,3950
13,5449	-47,209	112,4000
13,5374	-47,211	112,4050
13,5418	-47,213	112,4100
13,5433	-47,215	112,4150
13,5426	-47,217	112,4200
13,5514	-47,219	112,4250
13,5533	-47,221	112,4300
13,5463	-47,223	112,4350
13,5511	-47,226	112,4400
13,5536	-47,228	112,4450
13,5530	-47,230	112,4500
13,5465	-47,232	112,4550
13,5499	-47,234	112,4600
13,5457	-47,236	112,4650
13,5473	-47,238	112,4700
13,5545	-47,240	112,4750
13,5543	-47,242	112,4800
13,5605	-47,244	112,4850
13,5683	-47,247	112,4900
13,5552	-47,249	112,4950
13,5482	-47,251	112,5000
13,5582	-47,253	112,5050
13,5576	-47,255	112,5100
13,5563	-47,257	112,5150
13,5643	-47,259	112,5200
13,5621	-47,261	112,5250
13,5542	-47,263	112,5300
13,5629	-47,265	112,5350
13,5624	-47,268	112,5400
13,5603	-47,270	112,5450
13,5584	-47,272	112,5500
13,5672	-47,274	112,5550
13,5646	-47,276	112,5600
13,5616	-47,278	112,5650
13,5643	-47,280	112,5700
13,5641	-47,282	112,5750
13,5631	-47,284	112,5800
13,5660	-47,286	112,5850
13,5648	-47,289	112,5900
13,5640	-47,291	112,5950
13,5736	-47,293	112,6000
13,5728	-47,295	112,6050
13,5631	-47,297	112,6100
13,5615	-47,299	112,6150
13,5651	-47,301	112,6200
13,5700	-47,303	112,6250
13,5730	-47,305	112,6300
13,5728	-47,307	112,6350
13,5776	-47,310	112,6400
13,5803	-47,312	112,6450
13,5821	-47,314	112,6500
13,5737	-47,316	112,6550
13,5752	-47,318	112,6600
13,5811	-47,320	112,6650
13,5736	-47,322	112,6700
13,5694	-47,324	112,6750
13,5790	-47,326	112,6800
13,5803	-47,328	112,6850
13,5776	-47,331	112,6900
13,5845	-47,333	112,6950
13,5859	-47,335	112,7000
13,5789	-47,337	112,7050
13,5850	-47,339	112,7100
13,5828	-47,341	112,7150
13,5782	-47,343	112,7200
13,5832	-47,345	112,7250
13,5823	-47,347	112,7300
13,5807	-47,349	112,7350
13,5885	-47,352	112,7400
13,5913	-47,354	112,7450
13,5802	-47,356	112,7500
13,5817	-47,358	112,7550
13,5889	-47,360	112,7600
13,5844	-47,362	112,7650
13,5806	-47,364	112,7700
13,5841	-47,366	112,7750
13,5816	-47,368	112,7800
13,5795	-47,370	112,7850
13,5908	-47,373	112,7900
13,5930	-47,375	112,7950
13,5845	-47,377	112,8000
13,5941	-47,379	112,8050
13,5989	-47,381	112,8100
13,5903	-47,383	112,8150
13,5942	-47,385	112,8200
13,5986	-47,387	112,8250
13,5959	-47,389	112,8300
13,5961	-47,391	112,8350
13,5973	-47,394	112,8400
13,5849	-47,396	112,8450
13,5896	-47,398	112,8500
13,5946	-47,400	112,8550
13,5871	-47,402	112,8600
13,5871	-47,404	112,8650
13,6056	-47,406	112,8700
13,6050	-47,408	112,8750
13,6002	-47,410	112,8800
13,6081	-47,412	112,8850
13,6068	-47,415	112,8900
13,6005	-47,417	112,8950
13,6101	-47,419	112,9000
13,6145	-47,421	112,9050
13,6094	-47,423	112,9100
13,6154	-47,425	112,9150
13,6176	-47,427	112,9200
13,6089	-47,429	112,9250
13,6034	-47,431	112,9300
13,6065	-47,433	112,9350
13,5980	-47,436	112,9400
13,6006	-47,438	112,9450
13,6098	-47,440	112,9500
13,6068	-47,442	112,9550
13,6064	-47,444	112,9600
13,6187	-47,446	112,9650
13,6250	-47,448	112,9700
13,6176	-47,450	112,9750
13,6104	-47,452	112,9800
13,6159	-47,454	112,9850
13,6129	-47,457	112,9900
13,6118	-47,459	112,9950
13,6112	-47,461	113,0000
13,6085	-47,463	113,0050
13,6143	-47,465	113,0100
13,6217	-47,467	113,0150
13,6212	-47,469	113,0200
13,6154	-47,471	113,0250
13,6258	-47,473	113,0300
13,6197	-47,475	113,0350
13,6172	-47,478	113,0400
13,6254	-47,480	113,0450
13,6260	-47,482	113,0500
13,6257	-47,484	113,0550
13,6303	-47,486	113,0600
13,6254	-47,488	113,0650
13,6257	-47,490	113,0700
13,6302	-47,492	113,0750
13,6285	-47,494	113,0800
13,6203	-47,496	113,0850
13,6263	-47,499	113,0900
13,6311	-47,501	113,0950
13,6262	-47,503	113,1000
13,6265	-47,505	113,1050
13,6274	-47,507	113,1100
13,6332	-47,509	113,1150
13,6365	-47,511	113,1200
13,6414	-47,513	113,1250
13,6331	-47,515	113,1300
13,6278	-47,517	113,1350
13,6337	-47,520	113,1400
13,6366	-47,522	113,1450
13,6334	-47,524	113,1500
13,6397	-47,526	113,1550
13,6357	-47,528	113,1600
13,6286	-47,530	113,1650
13,6328	-47,532	113,1700
13,6394	-47,534	113,1750
13,6341	-47,536	113,1800
13,6407	-47,538	113,1850
13,6401	-47,541	113,1900
13,6247	-47,543	113,1950
13,6310	-47,545	113,2000
13,6401	-47,547	113,2050
13,6410	-47,549	113,2100
13,6332	-47,551	113,2150
13,6411	-47,553	113,2200
13,6381	-47,555	113,2250
13,6410	-47,557	113,2300
13,6532	-47,559	113,2350
13,6499	-47,562	113,2400
13,6411	-47,564	113,2450
13,6489	-47,566	113,2500
13,6459	-47,568	113,2550
13,6370	-47,570	113,2600
13,6499	-47,572	113,2650
13,6621	-47,574	113,2700
13,6522	-47,576	113,2750
13,6461	-47,578	113,2800
13,6459	-47,580	113,2850
13,6423	-47,583	113,2900
13,6488	-47,585	113,2950
13,6546	-47,587	113,3000
13,6498	-47,589	113,3050
13,6451	-47,591	113,3100
13,6627	-47,593	113,3150
13,6629	-47,595	113,3200
13,6519	-47,597	113,3250
13,6616	-47,599	113,3300
13,6634	-47,601	113,3350
13,6514	-47,604	113,3400
13,6514	-47,606	113,3450
13,6550	-47,608	113,3500
13,6597	-47,610	113,3550
13,6646	-47,612	113,3600
13,6682	-47,614	113,3650
13,6578	-47,616	113,3700
13,6573	-47,618	113,3750
13,6609	-47,620	113,3800
13,6495	-47,622	113,3850
13,6558	-47,625	113,3900
13,6663	-47,627	113,3950
13,6698	-47,629	113,4000
13,6731	-47,631	113,4050
13,6779	-47,633	113,4100
13,6664	-47,635	113,4150
13,6543	-47,637	113,4200
13,6629	-47,639	113,4250
13,6696	-47,641	113,4300
13,6623	-47,643	113,4350
13,6698	-47,646	113,4400
13,6737	-47,648	113,4450
13,6673	-47,650	113,4500
13,6697	-47,652	113,4550
13,6725	-47,654	113,4600
13,6723	-47,656	113,4650
13,6846	-47,658	113,4700
13,6889	-47,660	113,4750
13,6697	-47,662	113,4800
13,6645	-47,664	113,4850
13,6716	-47,667	113,4900
13,6722	-47,669	113,4950
13,6696	-47,671	113,5000
13,6801	-47,673	113,5050
13,6760	-47,675	113,5100
13,6772	-47,677	113,5150
13,6847	-47,679	113,5200
13,6875	-47,681	113,5250
13,6806	-47,683	113,5300
13,6775	-47,685	113,5350
13,6796	-47,688	113,5400
13,6718	-47,690	113,5450
13,6707	-47,692	113,5500
13,6808	-47,694	113,5550
13,6815	-47,696	113,5600
13,6825	-47,698	113,5650
13,6884	-47,700	113,5700
13,6777	-47,702	113,5750
13,6824	-47,704	113,5800
13,6966	-47,706	113,5850
13,6931	-47,709	113,5900
13,6849	-47,711	113,5950
13,6869	-47,713	113,6000
13,6841	-47,715	113,6050
13,6734	-47,717	113,6100
13,6828	-47,719	113,6150
13,6890	-47,721	113,6200
13,6844	-47,723	113,6250
13,6942	-47,725	113,6300
13,7006	-47,727	113,6350
13,6910	-47,730	113,6400
13,6891	-47,732	113,6450
13,6983	-47,734	113,6500
13,6939	-47,736	113,6550
13,6937	-47,738	113,6600
13,6990	-47,740	113,6650
13,6932	-47,742	113,6700
13,6865	-47,744	113,6750
13,6858	-47,746	113,6800
13,6892	-47,748	113,6850
13,6972	-47,751	113,6900
13,7027	-47,753	113,6950
13,6998	-47,755	113,7000
13,7004	-47,757	113,7050
13,7018	-47,759	113,7100
13,7043	-47,761	113,7150
13,6969	-47,763	113,7200
13,7045	-47,765	113,7250
13,7139	-47,767	113,7300
13,7085	-47,769	113,7350
13,6949	-47,772	113,7400
13,6975	-47,774	113,7450
13,7003	-47,776	113,7500
13,7064	-47,778	113,7550
13,7118	-47,780	113,7600
13,7044	-47,782	113,7650
13,6950	-47,784	113,7700
13,7071	-47,786	113,7750
13,7071	-47,788	113,7800
13,7007	-47,790	113,7850
13,7081	-47,793	113,7900
13,7153	-47,795	113,7950
13,7117	-47,797	113,8000
13,7134	-47,799	113,8050
13,7069	-47,801	113,8100
13,7033	-47,803	113,8150
13,7153	-47,805	113,8200
13,7153	-47,807	113,8250
13,7088	-47,809	113,8300
13,7015	-47,811	113,8350
13,7087	-47,814	113,8400
13,7100	-47,816	113,8450
13,7157	-47,818	113,8500
13,7181	-47,820	113,8550
13,7175	-47,822	113,8600
13,7174	-47,824	113,8650
13,7221	-47,826	113,8700
13,7236	-47,828	113,8750
13,7160	-47,830	113,8800
13,7220	-47,832	113,8850
13,7306	-47,835	113,8900
13,7262	-47,837	113,8950
13,7309	-47,839	113,9000
13,7306	-47,841	113,9050
13,7215	-47,843	113,9100
13,7240	-47,845	113,9150
13,7290	-47,847	113,9200
13,7239	-47,849	113,9250
13,7250	-47,851	113,9300
13,7292	-47,853	113,9350
13,7263	-47,856	113,9400
13,7245	-47,858	113,9450
13,7294	-47,860	113,9500
13,7296	-47,862	113,9550
13,7287	-47,864	113,9600
13,7346	-47,866	113,9650
13,7337	-47,868	113,9700
13,7324	-47,870	113,9750
13,7377	-47,872	113,9800
13,7322	-47,874	113,9850
13,7183	-47,877	113,9900
13,7342	-47,879	113,9950
13,7486	-47,881	114,0000
13,7372	-47,883	114,0050
13,7359	-47,885	114,0100
13,7394	-47,887	114,0150
13,7405	-47,889	114,0200
13,7430	-47,891	114,0250
13,7466	-47,893	114,0300
13,7394	-47,895	114,0350
13,7354	-47,898	114,0400
13,7435	-47,900	114,0450
13,7392	-47,902	114,0500
13,7399	-47,904	114,0550
13,7503	-47,906	114,0600
13,7504	-47,908	114,0650
13,7440	-47,910	114,0700
13,7412	-47,912	114,0750
13,7398	-47,914	114,0800
13,7337	-47,916	114,0850
13,7376	-47,919	114,0900
13,7458	-47,921	114,0950
13,7472	-47,923	114,1000
13,7504	-47,925	114,1050
13,7510	-47,927	114,1100
13,7418	-47,929	114,1150
13,7412	-47,931	114,1200
13,7497	-47,933	114,1250
13,7470	-47,935	114,1300
13,7476	-47,937	114,1350
13,7535	-47,940	114,1400
13,7499	-47,942	114,1450
13,7501	-47,944	114,1500
13,7583	-47,946	114,1550
13,7619	-47,948	114,1600
13,7596	-47,950	114,1650
13,7571	-47,952	114,1700
13,7560	-47,954	114,1750
13,7570	-47,956	114,1800
13,7678	-47,958	114,1850
13,7676	-47,961	114,1900
13,7597	-47,963	114,1950
13,7620	-47,965	114,2000
13,7629	-47,967	114,2050
13,7582	-47,969	114,2100
13,7543	-47,971	114,2150
13,7647	-47,973	114,2200
13,7624	-47,975	114,2250
13,7622	-47,977	114,2300
13,7671	-47,979	114,2350
13,7662	-47,982	114,2400
13,7619	-47,984	114,2450
13,7711	-47,986	114,2500
13,7686	-47,988	114,2550
13,7621	-47,990	114,2600
13,7682	-47,992	114,2650
13,7763	-47,994	114,2700
13,7714	-47,996	114,2750
13,7693	-47,998	114,2800
13,7713	-48,000	114,2850
13,7722	-48,003	114,2900
13,7740	-48,005	114,2950
13,7800	-48,007	114,3000
13,7726	-48,009	114,3050
13,7647	-48,011	114,3100
13,7731	-48,013	114,3150
13,7738	-48,015	114,3200
13,7743	-48,017	114,3250
13,7811	-48,019	114,3300
13,7791	-48,021	114,3350
13,7689	-48,024	114,3400
13,7768	-48,026	114,3450
13,7792	-48,028	114,3500
13,7750	-48,030	114,3550
13,7768	-48,032	114,3600
13,7837	-48,034	114,3650
13,7784	-48,036	114,3700
13,7800	-48,038	114,3750
13,7884	-48,040	114,3800
13,7798	-48,042	114,3850
13,7813	-48,045	114,3900
13,7873	-48,047	114,3950
13,7796	-48,049	114,4000
13,7663	-48,051	114,4050
13,7765	-48,053	114,4100
13,7778	-48,055	114,4150
13,7833	-48,057	114,4200
13,7881	-48,059	114,4250
13,7816	-48,061	114,4300
13,7728	-48,063	114,4350
13,7819	-48,066	114,4400
13,7896	-48,068	114,4450
13,7890	-48,070	114,4500
13,7869	-48,072	114,4550
13,7928	-48,074	114,4600
13,7874	-48,076	114,4650
13,7873	-48,078	114,4700
13,7958	-48,080	114,4750
13,7937	-48,082	114,4800
13,8019	-48,084	114,4850
13,8020	-48,087	114,4900
13,7914	-48,089	114,4950
13,7890	-48,091	114,5000
13,7936	-48,093	114,5050
13,7955	-48,095	114,5100
13,7933	-48,097	114,5150
13,8006	-48,099	114,5200
13,7963	-48,101	114,5250
13,7895	-48,103	114,5300
13,7987	-48,105	114,5350
13,8116	-48,108	114,5400
13,8027	-48,110	114,5450
13,8009	-48,112	114,5500
13,8093	-48,114	114,5550
13,8018	-48,116	114,5600
13,7997	-48,118	114,5650
13,7994	-48,120	114,5700
13,7967	-48,122	114,5750
13,8001	-48,124	114,5800
13,8087	-48,126	114,5850
13,8009	-48,129	114,5900
13,7943	-48,131	114,5950
13,8134	-48,133	114,6000
13,8166	-48,135	114,6050
13,8044	-48,137	114,6100
13,8059	-48,139	114,6150
13,8049	-48,141	114,6200
13,8001	-48,143	114,6250
13,8048	-48,145	114,6300
13,8136	-48,147	114,6350
13,8191	-48,150	114,6400
13,8147	-48,152	114,6450
13,8166	-48,154	114,6500
13,8121	-48,156	114,6550
13,8152	-48,158	114,6600
13,8182	-48,160	114,6650
13,8161	-48,162	114,6700
13,8106	-48,164	114,6750
13,8176	-48,166	114,6800
13,8120	-48,168	114,6850
13,8041	-48,171	114,6900
13,8120	-48,173	114,6950
13,8195	-48,175	114,7000
13,8164	-48,177	114,7050
13,8197	-48,179	114,7100
13,8286	-48,181	114,7150
13,8246	-48,183	114,7200
13,8225	-48,185	114,7250
13,8168	-48,187	114,7300
13,8145	-48,189	114,7350
13,8202	-48,192	114,7400
13,8308	-48,194	114,7450
13,8235	-48,196	114,7500
13,8243	-48,198	114,7550
13,8298	-48,200	114,7600
13,8274	-48,202	114,7650
13,8233	-48,204	114,7700
13,8342	-48,206	114,7750
13,8349	-48,208	114,7800
13,8299	-48,210	114,7850
13,8304	-48,213	114,7900
13,8259	-48,215	114,7950
13,8188	-48,217	114,8000
13,8253	-48,219	114,8050
13,8265	-48,221	114,8100
13,8270	-48,223	114,8150
13,8340	-48,225	114,8200
13,8368	-48,227	114,8250
13,8354	-48,229	114,8300
13,8352	-48,231	114,8350
13,8409	-48,234	114,8400
13,8389	-48,236	114,8450
13,8323	-48,238	114,8500
13,8329	-48,240	114,8550
13,8370	-48,242	114,8600
13,8340	-48,244	114,8650
13,8398	-48,246	114,8700
13,8402	-48,248	114,8750
13,8347	-48,250	114,8800
13,8392	-48,252	114,8850
13,8449	-48,255	114,8900
13,8419	-48,257	114,8950
13,8459	-48,259	114,9000
13,8530	-48,261	114,9050
13,8465	-48,263	114,9100
13,8472	-48,265	114,9150
13,8478	-48,267	114,9200
13,8418	-48,269	114,9250
13,8470	-48,271	114,9300
13,8608	-48,273	114,9350
13,8516	-48,276	114,9400
13,8488	-48,278	114,9450
13,8481	-48,280	114,9500
13,8466	-48,282	114,9550
13,8491	-48,284	114,9600
13,8538	-48,286	114,9650
13,8429	-48,288	114,9700
13,8366	-48,290	114,9750
13,8507	-48,292	114,9800
13,8599	-48,294	114,9850
13,8606	-48,297	114,9900
13,8651	-48,299	114,9950
13,8631	-48,301	115,0000
13,8495	-48,303	115,0050
13,8510	-48,305	115,0100
13,8582	-48,307	115,0150
13,8540	-48,309	115,0200
13,8541	-48,311	115,0250
13,8601	-48,313	115,0300
13,8559	-48,315	115,0350
13,8563	-48,318	115,0400
13,8650	-48,320	115,0450
13,8602	-48,322	115,0500
13,8573	-48,324	115,0550
13,8684	-48,326	115,0600
13,8670	-48,328	115,0650
13,8587	-48,330	115,0700
13,8636	-48,332	115,0750
13,8700	-48,334	115,0800
13,8631	-48,336	115,0850
13,8646	-48,339	115,0900
13,8719	-48,341	115,0950
13,8621	-48,343	115,1000
13,8614	-48,345	115,1050
13,8680	-48,347	115,1100
13,8675	-48,349	115,1150
13,8655	-48,351	115,1200
13,8730	-48,353	115,1250
13,8703	-48,355	115,1300
13,8742	-48,357	115,1350
13,8811	-48,360	115,1400
13,8769	-48,362	115,1450
13,8653	-48,364	115,1500
13,8698	-48,366	115,1550
13,8748	-48,368	115,1600
13,8742	-48,370	115,1650
13,8776	-48,372	115,1700
13,8829	-48,374	115,1750
13,8787	-48,376	115,1800
13,8859	-48,378	115,1850
13,8843	-48,381	115,1900
13,8675	-48,383	115,1950
13,8673	-48,385	115,2000
13,8797	-48,387	115,2050
13,8841	-48,389	115,2100
13,8809	-48,391	115,2150
13,8915	-48,393	115,2200
13,8882	-48,395	115,2250
13,8834	-48,397	115,2300
13,8896	-48,399	115,2350
13,8886	-48,402	115,2400
13,8770	-48,404	115,2450
13,8865	-48,406	115,2500
13,8906	-48,408	115,2550
13,8785	-48,410	115,2600
13,8828	-48,412	115,2650
13,8891	-48,414	115,2700
13,8828	-48,416	115,2750
13,8925	-48,418	115,2800
13,8969	-48,420	115,2850
13,8859	-48,423	115,2900
13,8897	-48,425	115,2950
13,9007	-48,427	115,3000
13,8980	-48,429	115,3050
13,8898	-48,431	115,3100
13,8959	-48,433	115,3150
13,8953	-48,435	115,3200
13,8881	-48,437	115,3250
13,8929	-48,439	115,3300
13,8942	-48,441	115,3350
13,8934	-48,444	115,3400
13,8975	-48,446	115,3450
13,9011	-48,448	115,3500
13,8939	-48,450	115,3550
13,8949	-48,452	115,3600
13,9003	-48,454	115,3650
13,8888	-48,456	115,3700
13,8941	-48,458	115,3750
13,9033	-48,460	115,3800
13,8983	-48,462	115,3850
13,9014	-48,465	115,3900
13,9089	-48,467	115,3950
13,9003	-48,469	115,4000
13,8964	-48,471	115,4050
13,9074	-48,473	115,4100
13,9117	-48,475	115,4150
13,9126	-48,477	115,4200
13,9177	-48,479	115,4250
13,9141	-48,481	115,4300
13,9078	-48,483	115,4350
13,9062	-48,486	115,4400
13,9109	-48,488	115,4450
13,9116	-48,490	115,4500
13,9114	-48,492	115,4550
13,9119	-48,494	115,4600
13,9007	-48,496	115,4650
13,9014	-48,498	115,4700
13,9066	-48,500	115,4750
13,9007	-48,502	115,4800
13,9015	-48,504	115,4850
13,9116	-48,507	115,4900
13,9142	-48,509	115,4950
13,9172	-48,511	115,5000
13,9211	-48,513	115,5050
13,9079	-48,515	115,5100
13,9095	-48,517	115,5150
13,9207	-48,519	115,5200
13,9247	-48,521	115,5250
13,9205	-48,523	115,5300
13,9232	-48,525	115,5350
13,9237	-48,528	115,5400
13,9152	-48,530	115,5450
13,9163	-48,532	115,5500
13,9196	-48,534	115,5550
13,9175	-48,536	115,5600
13,9238	-48,538	115,5650
13,9330	-48,540	115,5700
13,9256	-48,542	115,5750
13,9175	-48,544	115,5800
13,9249	-48,546	115,5850
13,9268	-48,549	115,5900
13,9242	-48,551	115,5950
13,9343	-48,553	115,6000
13,9336	-48,555	115,6050
13,9276	-48,557	115,6100
13,9316	-48,559	115,6150
13,9258	-48,561	115,6200
13,9186	-48,563	115,6250
13,9348	-48,565	115,6300
13,9455	-48,567	115,6350
13,9390	-48,570	115,6400
13,9354	-48,572	115,6450
13,9416	-48,574	115,6500
13,9390	-48,576	115,6550
13,9347	-48,578	115,6600
13,9353	-48,580	115,6650
13,9325	-48,582	115,6700
13,9320	-48,584	115,6750
13,9439	-48,586	115,6800
13,9390	-48,588	115,6850
13,9346	-48,591	115,6900
13,9402	-48,593	115,6950
13,9395	-48,595	115,7000
13,9305	-48,597	115,7050
13,9349	-48,599	115,7100
13,9358	-48,601	115,7150
13,9326	-48,603	115,7200
13,9448	-48,605	115,7250
13,9505	-48,607	115,7300
13,9376	-48,609	115,7350
13,9407	-48,612	115,7400
13,9451	-48,614	115,7450
13,9386	-48,616	115,7500
13,9436	-48,618	115,7550
13,9491	-48,620	115,7600
13,9449	-48,622	115,7650
13,9391	-48,624	115,7700
13,9515	-48,626	115,7750
13,9522	-48,628	115,7800
13,9462	-48,630	115,7850
13,9560	-48,633	115,7900
13,9511	-48,635	115,7950
13,9395	-48,637	115,8000
13,9457	-48,639	115,8050
13,9482	-48,641	115,8100
13,9430	-48,643	115,8150
13,9516	-48,645	115,8200
13,9596	-48,647	115,8250
13,9588	-48,649	115,8300
13,9592	-48,651	115,8350
13,9657	-48,654	115,8400
13,9669	-48,656	115,8450
13,9608	-48,658	115,8500
13,9647	-48,660	115,8550
13,9606	-48,662	115,8600
13,9589	-48,664	115,8650
13,9656	-48,666	115,8700
13,9601	-48,668	115,8750
13,9624	-48,670	115,8800
13,9759	-48,672	115,8850
13,9730	-48,675	115,8900
13,9582	-48,677	115,8950
13,9615	-48,679	115,9000
13,9714	-48,681	115,9050
13,9647	-48,683	115,9100
13,9661	-48,685	115,9150
13,9733	-48,687	115,9200
13,9696	-48,689	115,9250
13,9659	-48,691	115,9300
13,9740	-48,693	115,9350
13,9732	-48,696	115,9400
13,9679	-48,698	115,9450
13,9749	-48,700	115,9500
13,9706	-48,702	115,9550
13,9618	-48,704	115,9600
13,9660	-48,706	115,9650
13,9712	-48,708	115,9700
13,9746	-48,710	115,9750
13,9861	-48,712	115,9800
13,9827	-48,714	115,9850
13,9680	-48,717	115,9900
13,9749	-48,719	115,9950
13,9755	-48,721	116,0000
13,9658	-48,723	116,0050
13,9708	-48,725	116,0100
13,9817	-48,727	116,0150
13,9767	-48,729	116,0200
13,9733	-48,731	116,0250
13,9829	-48,733	116,0300
13,9760	-48,735	116,0350
13,9719	-48,738	116,0400
13,9838	-48,740	116,0450
13,9856	-48,742	116,0500
13,9818	-48,744	116,0550
13,9916	-48,746	116,0600
13,9899	-48,748	116,0650
13,9865	-48,750	116,0700
13,9910	-48,752	116,0750
13,9934	-48,754	116,0800
13,9878	-48,756	116,0850
13,9923	-48,759	116,0900
13,9878	-48,761	116,0950
13,9815	-48,763	116,1000
13,9869	-48,765	116,1050
13,9929	-48,767	116,1100
13,9909	-48,769	116,1150
13,9877	-48,771	116,1200
13,9968	-48,773	116,1250
13,9910	-48,775	116,1300
13,9892	-48,777	116,1350
13,9957	-48,780	116,1400
13,9888	-48,782	116,1450
13,9767	-48,784	116,1500
13,9845	-48,786	116,1550
13,9904	-48,788	116,1600
13,9939	-48,790	116,1650
14,0000	-48,792	116,1700
14,0052	-48,794	116,1750
13,9949	-48,796	116,1800
13,9985	-48,798	116,1850
14,0056	-48,801	116,1900
13,9988	-48,803	116,1950
14,0003	-48,805	116,2000
14,0074	-48,807	116,2050
14,0010	-48,809	116,2100
13,9978	-48,811	116,2150
14,0094	-48,813	116,2200
14,0055	-48,815	116,2250
13,9922	-48,817	116,2300
13,9984	-48,819	116,2350
14,0063	-48,822	116,2400
14,0061	-48,824	116,2450
14,0142	-48,826	116,2500
14,0097	-48,828	116,2550
14,0031	-48,830	116,2600
14,0108	-48,832	116,2650
14,0141	-48,834	116,2700
14,0056	-48,836	116,2750
14,0090	-48,838	116,2800
14,0161	-48,840	116,2850
14,0107	-48,843	116,2900
14,0110	-48,845	116,2950
14,0159	-48,847	116,3000
14,0160	-48,849	116,3050
14,0193	-48,851	116,3100
14,0252	-48,853	116,3150
14,0179	-48,855	116,3200
14,0086	-48,857	116,3250
14,0162	-48,859	116,3300
14,0103	-48,861	116,3350
14,0001	-48,864	116,3400
14,0134	-48,866	116,3450
14,0150	-48,868	116,3500
14,0112	-48,870	116,3550
14,0186	-48,872	116,3600
14,0249	-48,874	116,3650
14,0095	-48,876	116,3700
14,0187	-48,878	116,3750
14,0271	-48,880	116,3800
14,0173	-48,882	116,3850
14,0206	-48,885	116,3900
14,0278	-48,887	116,3950
14,0236	-48,889	116,4000
14,0215	-48,891	116,4050
14,0235	-48,893	116,4100
14,0253	-48,895	116,4150
14,0279	-48,897	116,4200
14,0312	-48,899	116,4250
14,0238	-48,901	116,4300
14,0187	-48,903	116,4350
14,0297	-48,906	116,4400
14,0355	-48,908	116,4450
14,0274	-48,910	116,4500
14,0230	-48,912	116,4550
14,0256	-48,914	116,4600
14,0194	-48,916	116,4650
14,0256	-48,918	116,4700
14,0340	-48,920	116,4750
14,0317	-48,922	116,4800
14,0334	-48,924	116,4850
14,0445	-48,927	116,4900
14,0386	-48,929	116,4950
14,0342	-48,931	116,5000
14,0452	-48,933	116,5050
14,0418	-48,935	116,5100
14,0372	-48,937	116,5150
14,0419	-48,939	116,5200
14,0464	-48,941	116,5250
14,0403	-48,943	116,5300
14,0400	-48,945	116,5350
14,0405	-48,948	116,5400
14,0352	-48,950	116,5450
14,0315	-48,952	116,5500
14,0423	-48,954	116,5550
14,0396	-48,956	116,5600
14,0357	-48,958	116,5650
14,0464	-48,960	116,5700
14,0434	-48,962	116,5750
14,0431	-48,964	116,5800
14,0540	-48,966	116,5850
14,0539	-48,969	116,5900
14,0379	-48,971	116,5950
14,0463	-48,973	116,6000
14,0555	-48,975	116,6050
14,0477	-48,977	116,6100
14,0548	-48,979	116,6150
14,0479	-48,981	116,6200
14,0369	-48,983	116,6250
14,0470	-48,985	116,6300
14,0547	-48,987	116,6350
14,0512	-48,990	116,6400
14,0485	-48,992	116,6450
14,0566	-48,994	116,6500
14,0478	-48,996	116,6550
14,0486	-48,998	116,6600
14,0586	-49,000	116,6650
14,0520	-49,002	116,6700
14,0532	-49,004	116,6750
14,0650	-49,006	116,6800
14,0619	-49,008	116,6850
14,0531	-49,011	116,6900
14,0567	-49,013	116,6950
14,0589	-49,015	116,7000
14,0575	-49,017	116,7050
14,0673	-49,019	116,7100
14,0641	-49,021	116,7150
14,0572	-49,023	116,7200
14,0622	-49,025	116,7250
14,0626	-49,027	116,7300
14,0594	-49,029	116,7350
14,0615	-49,032	116,7400
14,0730	-49,034	116,7450
14,0675	-49,036	116,7500
14,0647	-49,038	116,7550
14,0678	-49,040	116,7600
14,0599	-49,042	116,7650
14,0615	-49,044	116,7700
14,0711	-49,046	116,7750
14,0704	-49,048	116,7800
14,0731	-49,050	116,7850
14,0779	-49,053	116,7900
14,0738	-49,055	116,7950
14,0680	-49,057	116,8000
14,0728	-49,059	116,8050
14,0701	-49,061	116,8100
14,0600	-49,063	116,8150
14,0792	-49,065	116,8200
14,0756	-49,067	116,8250
14,0679	-49,069	116,8300
14,0722	-49,071	116,8350
14,0820	-49,074	116,8400
14,0720	-49,076	116,8450
14,0753	-49,078	116,8500
14,0868	-49,080	116,8550
14,0780	-49,082	116,8600
14,0730	-49,084	116,8650
14,0815	-49,086	116,8700
14,0800	-49,088	116,8750
14,0836	-49,090	116,8800
14,0922	-49,092	116,8850
14,0906	-49,095	116,8900
14,0812	-49,097	116,8950
14,0948	-49,099	116,9000
14,0971	-49,101	116,9050
14,0862	-49,103	116,9100
14,0871	-49,105	116,9150
14,0955	-49,107	116,9200
14,0959	-49,109	116,9250
14,0868	-49,111	116,9300
14,0866	-49,113	116,9350
14,0800	-49,116	116,9400
14,0817	-49,118	116,9450
14,0936	-49,120	116,9500
14,0965	-49,122	116,9550
14,0895	-49,124	116,9600
14,0981	-49,126	116,9650
14,0963	-49,128	116,9700
14,0843	-49,130	116,9750
14,0906	-49,132	116,9800
14,0986	-49,134	116,9850
14,0942	-49,137	116,9900
14,1012	-49,139	116,9950
14,1057	-49,141	117,0000
14,0959	-49,143	117,0050
14,0967	-49,145	117,0100
14,1028	-49,147	117,0150
14,0986	-49,149	117,0200
14,0947	-49,151	117,0250
14,1086	-49,153	117,0300
14,1021	-49,155	117,0350
14,0992	-49,158	117,0400
14,1047	-49,160	117,0450
14,1013	-49,162	117,0500
14,0937	-49,164	117,0550
14,1042	-49,166	117,0600
14,1036	-49,168	117,0650
14,0975	-49,170	117,0700
14,1092	-49,172	117,0750
14,1167	-49,174	117,0800
14,1057	-49,176	117,0850
14,1059	-49,179	117,0900
14,1071	-49,181	117,0950
14,1005	-49,183	117,1000
14,1061	-49,185	117,1050
14,1068	-49,187	117,1100
14,1005	-49,189	117,1150
14,1060	-49,191	117,1200
14,1159	-49,193	117,1250
14,1077	-49,195	117,1300
14,1024	-49,197	117,1350
14,1134	-49,200	117,1400
14,1123	-49,202	117,1450
14,1039	-49,204	117,1500
14,1162	-49,206	117,1550
14,1251	-49,208	117,1600
14,1162	-49,210	117,1650
14,1110	-49,212	117,1700
14,1202	-49,214	117,1750
14,1200	-49,216	117,1800
14,1269	-49,218	117,1850
14,1271	-49,221	117,1900
14,1199	-49,223	117,1950
14,1270	-49,225	117,2000
14,1256	-49,227	117,2050
14,1149	-49,229	117,2100
14,1169	-49,231	117,2150
14,1322	-49,233	117,2200
14,1329	-49,235	117,2250
14,1325	-49,237	117,2300
14,1305	-49,239	117,2350
14,1164	-49,242	117,2400
14,1100	-49,244	117,2450
14,1274	-49,246	117,2500
14,1282	-49,248	117,2550
14,1260	-49,250	117,2600
14,1296	-49,252	117,2650
14,1316	-49,254	117,2700
14,1224	-49,256	117,2750
14,1269	-49,258	117,2800
14,1316	-49,260	117,2850
14,1161	-49,263	117,2900
14,1153	-49,265	117,2950
14,1310	-49,267	117,3000
14,1340	-49,269	117,3050
14,1353	-49,271	117,3100
14,1393	-49,273	117,3150
14,1326	-49,275	117,3200
14,1290	-49,277	117,3250
14,1362	-49,279	117,3300
14,1331	-49,281	117,3350
14,1280	-49,284	117,3400
14,1399	-49,286	117,3450
14,1370	-49,288	117,3500
14,1347	-49,290	117,3550
14,1415	-49,292	117,3600
14,1410	-49,294	117,3650
14,1317	-49,296	117,3700
14,1337	-49,298	117,3750
14,1449	-49,300	117,3800
14,1391	-49,302	117,3850
14,1334	-49,305	117,3900
14,1442	-49,307	117,3950
14,1465	-49,309	117,4000
14,1476	-49,311	117,4050
14,1560	-49,313	117,4100
14,1502	-49,315	117,4150
14,1420	-49,317	117,4200
14,1492	-49,319	117,4250
14,1492	-49,321	117,4300
14,1502	-49,323	117,4350
14,1590	-49,326	117,4400
14,1573	-49,328	117,4450
14,1527	-49,330	117,4500
14,1544	-49,332	117,4550
14,1605	-49,334	117,4600
14,1544	-49,336	117,4650
14,1586	-49,338	117,4700
14,1617	-49,340	117,4750
14,1526	-49,342	117,4800
14,1508	-49,344	117,4850
14,1677	-49,347	117,4900
14,1608	-49,349	117,4950
14,1553	-49,351	117,5000
14,1612	-49,353	117,5050
14,1555	-49,355	117,5100
14,1525	-49,357	117,5150
14,1625	-49,359	117,5200
14,1681	-49,361	117,5250
14,1608	-49,363	117,5300
14,1655	-49,365	117,5350
14,1643	-49,368	117,5400
14,1563	-49,370	117,5450
14,1591	-49,372	117,5500
14,1694	-49,374	117,5550
14,1653	-49,376	117,5600
14,1647	-49,378	117,5650
14,1675	-49,380	117,5700
14,1600	-49,382	117,5750
14,1615	-49,384	117,5800
14,1710	-49,386	117,5850
14,1678	-49,389	117,5900
14,1667	-49,391	117,5950
14,1724	-49,393	117,6000
14,1714	-49,395	117,6050
14,1597	-49,397	117,6100
14,1753	-49,399	117,6150
14,1798	-49,401	117,6200
14,1704	-49,403	117,6250
14,1804	-49,405	117,6300
14,1827	-49,407	117,6350
14,1743	-49,410	117,6400
14,1680	-49,412	117,6450
14,1768	-49,414	117,6500
14,1712	-49,416	117,6550
14,1762	-49,418	117,6600
14,1801	-49,420	117,6650
14,1691	-49,422	117,6700
14,1661	-49,424	117,6750
14,1786	-49,426	117,6800
14,1822	-49,428	117,6850
14,1824	-49,431	117,6900
14,1946	-49,433	117,6950
14,1899	-49,435	117,7000
14,1770	-49,437	117,7050
14,1927	-49,439	117,7100
14,1958	-49,441	117,7150
14,1821	-49,443	117,7200
14,1795	-49,445	117,7250
14,1825	-49,447	117,7300
14,1829	-49,449	117,7350
14,1852	-49,452	117,7400
14,1920	-49,454	117,7450
14,1852	-49,456	117,7500
14,1869	-49,458	117,7550
14,1917	-49,460	117,7600
14,1818	-49,462	117,7650
14,1790	-49,464	117,7700
14,1906	-49,466	117,7750
14,1898	-49,468	117,7800
14,1859	-49,470	117,7850
14,1929	-49,473	117,7900
14,1936	-49,475	117,7950
14,1875	-49,477	117,8000
14,1967	-49,479	117,8050
14,1897	-49,481	117,8100
14,1817	-49,483	117,8150
14,1912	-49,485	117,8200
14,2008	-49,487	117,8250
14,2035	-49,489	117,8300
14,2003	-49,491	117,8350
14,1990	-49,494	117,8400
14,1947	-49,496	117,8450
14,1966	-49,498	117,8500
14,2047	-49,500	117,8550
14,1987	-49,502	117,8600
14,1952	-49,504	117,8650
14,2015	-49,506	117,8700
14,2062	-49,508	117,8750
14,2063	-49,510	117,8800
14,2116	-49,512	117,8850
14,2070	-49,515	117,8900
14,1987	-49,517	117,8950
14,2003	-49,519	117,9000
14,2026	-49,521	117,9050
14,1980	-49,523	117,9100
14,2063	-49,525	117,9150
14,2151	-49,527	117,9200
14,2146	-49,529	117,9250
14,2094	-49,531	117,9300
14,2139	-49,533	117,9350
14,2092	-49,536	117,9400
14,2057	-49,538	117,9450
14,2179	-49,540	117,9500
14,2154	-49,542	117,9550
14,2106	-49,544	117,9600
14,2189	-49,546	117,9650
14,2111	-49,548	117,9700
14,2058	-49,550	117,9750
14,2210	-49,552	117,9800
14,2259	-49,554	117,9850
14,2192	-49,557	117,9900
14,2140	-49,559	117,9950
14,2184	-49,561	118,0000
14,2170	-49,563	118,0050
14,2201	-49,565	118,0100
14,2235	-49,567	118,0150
14,2239	-49,569	118,0200
14,2222	-49,571	118,0250
14,2251	-49,573	118,0300
14,2202	-49,575	118,0350
14,2191	-49,578	118,0400
14,2223	-49,580	118,0450
14,2182	-49,582	118,0500
14,2103	-49,584	118,0550
14,2218	-49,586	118,0600
14,2236	-49,588	118,0650
14,2242	-49,590	118,0700
14,2271	-49,592	118,0750
14,2277	-49,594	118,0800
14,2256	-49,596	118,0850
14,2338	-49,599	118,0900
14,2387	-49,601	118,0950
14,2403	-49,603	118,1000
14,2390	-49,605	118,1050
14,2338	-49,607	118,1100
14,2263	-49,609	118,1150
14,2326	-49,611	118,1200
14,2372	-49,613	118,1250
14,2310	-49,615	118,1300
14,2278	-49,617	118,1350
14,2364	-49,620	118,1400
14,2361	-49,622	118,1450
14,2347	-49,624	118,1500
14,2408	-49,626	118,1550
14,2414	-49,628	118,1600
14,2413	-49,630	118,1650
14,2455	-49,632	118,1700
14,2422	-49,634	118,1750
14,2291	-49,636	118,1800
14,2330	-49,638	118,1850
14,2424	-49,641	118,1900
14,2367	-49,643	118,1950
14,2421	-49,645	118,2000
14,2491	-49,647	118,2050
14,2380	-49,649	118,2100
14,2373	-49,651	118,2150
14,2504	-49,653	118,2200
14,2494	-49,655	118,2250
14,2465	-49,657	118,2300
14,2490	-49,659	118,2350
14,2395	-49,662	118,2400
14,2330	-49,664	118,2450
14,2551	-49,666	118,2500
14,2585	-49,668	118,2550
14,2498	-49,670	118,2600
14,2542	-49,672	118,2650
14,2662	-49,674	118,2700
14,2544	-49,676	118,2750
14,2508	-49,678	118,2800
14,2509	-49,680	118,2850
14,2480	-49,683	118,2900
14,2527	-49,685	118,2950
14,2568	-49,687	118,3000
14,2521	-49,689	118,3050
14,2500	-49,691	118,3100
14,2560	-49,693	118,3150
14,2503	-49,695	118,3200
14,2536	-49,697	118,3250
14,2605	-49,699	118,3300
14,2548	-49,701	118,3350
14,2499	-49,704	118,3400
14,2630	-49,706	118,3450
14,2624	-49,708	118,3500
14,2604	-49,710	118,3550
14,2601	-49,712	118,3600
14,2695	-49,714	118,3650
14,2572	-49,716	118,3700
14,2556	-49,718	118,3750
14,2666	-49,720	118,3800
14,2671	-49,722	118,3850
14,2619	-49,725	118,3900
14,2655	-49,727	118,3950
14,2635	-49,729	118,4000
14,2572	-49,731	118,4050
14,2672	-49,733	118,4100
14,2645	-49,735	118,4150
14,2542	-49,737	118,4200
14,2653	-49,739	118,4250
14,2699	-49,741	118,4300
14,2705	-49,743	118,4350
14,2786	-49,746	118,4400
14,2716	-49,748	118,4450
14,2654	-49,750	118,4500
14,2672	-49,752	118,4550
14,2705	-49,754	118,4600
14,2673	-49,756	118,4650
14,2790	-49,758	118,4700
14,2835	-49,760	118,4750
14,2731	-49,762	118,4800
14,2744	-49,764	118,4850
14,2820	-49,767	118,4900
14,2776	-49,769	118,4950
14,2668	-49,771	118,5000
14,2749	-49,773	118,5050
14,2775	-49,775	118,5100
14,2804	-49,777	118,5150
14,2915	-49,779	118,5200
14,2822	-49,781	118,5250
14,2684	-49,783	118,5300
14,2799	-49,785	118,5350
14,2832	-49,788	118,5400
14,2814	-49,790	118,5450
14,2820	-49,792	118,5500
14,2878	-49,794	118,5550
14,2849	-49,796	118,5600
14,2843	-49,798	118,5650
14,2856	-49,800	118,5700
14,2801	-49,802	118,5750
14,2805	-49,804	118,5800
14,2967	-49,806	118,5850
14,2967	-49,809	118,5900
14,2826	-49,811	118,5950
14,2869	-49,813	118,6000
14,2930	-49,815	118,6050
14,2946	-49,817	118,6100
14,2971	-49,819	118,6150
14,2962	-49,821	118,6200
14,2824	-49,823	118,6250
14,2884	-49,825	118,6300
14,2971	-49,827	118,6350
14,2939	-49,830	118,6400
14,2934	-49,832	118,6450
14,3054	-49,834	118,6500
14,2956	-49,836	118,6550
14,2965	-49,838	118,6600
14,3065	-49,840	118,6650
14,2992	-49,842	118,6700
14,3027	-49,844	118,6750
14,3084	-49,846	118,6800
14,3016	-49,848	118,6850
14,3012	-49,851	118,6900
14,3089	-49,853	118,6950
14,3136	-49,855	118,7000
14,3023	-49,857	118,7050
14,2994	-49,859	118,7100
14,3089	-49,861	118,7150
14,2993	-49,863	118,7200
14,3056	-49,865	118,7250
14,3075	-49,867	118,7300
14,3059	-49,869	118,7350
14,3111	-49,872	118,7400
14,3216	-49,874	118,7450
14,3072	-49,876	118,7500
14,3036	-49,878	118,7550
14,3112	-49,880	118,7600
14,3066	-49,882	118,7650
14,3066	-49,884	118,7700
14,3144	-49,886	118,7750
14,3141	-49,888	118,7800
14,3124	-49,890	118,7850
14,3200	-49,893	118,7900
14,3134	-49,895	118,7950
14,3010	-49,897	118,8000
14,3088	-49,899	118,8050
14,3127	-49,901	118,8100
14,3100	-49,903	118,8150
14,3165	-49,905	118,8200
14,3179	-49,907	118,8250
14,3163	-49,909	118,8300
14,3152	-49,911	118,8350
14,3204	-49,914	118,8400
14,3083	-49,916	118,8450
14,3107	-49,918	118,8500
14,3250	-49,920	118,8550
14,3210	-49,922	118,8600
14,3201	-49,924	118,8650
14,3316	-49,926	118,8700
14,3269	-49,928	118,8750
14,3177	-49,930	118,8800
14,3250	-49,932	118,8850
14,3320	-49,935	118,8900
14,3266	-49,937	118,8950
14,3310	-49,939	118,9000
14,3270	-49,941	118,9050
14,3162	-49,943	118,9100
14,3241	-49,945	118,9150
14,3321	-49,947	118,9200
14,3352	-49,949	118,9250
14,3321	-49,951	118,9300
14,3336	-49,953	118,9350
14,3260	-49,956	118,9400
14,3301	-49,958	118,9450
14,3376	-49,960	118,9500
14,3339	-49,962	118,9550
14,3268	-49,964	118,9600
14,3386	-49,966	118,9650
14,3360	-49,968	118,9700
14,3297	-49,970	118,9750
14,3332	-49,972	118,9800
14,3333	-49,974	118,9850
14,3293	-49,977	118,9900
14,3414	-49,979	118,9950
14,3386	-49,981	119,0000
14,3246	-49,983	119,0050
14,3370	-49,985	119,0100
14,3446	-49,987	119,0150
14,3448	-49,989	119,0200
14,3431	-49,991	119,0250
14,3490	-49,993	119,0300
14,3352	-49,995	119,0350
14,3299	-49,998	119,0400
14,3420	-50,000	119,0450
14,3439	-50,002	119,0500
14,3421	-50,004	119,0550
14,3508	-50,006	119,0600
14,3429	-50,008	119,0650
14,3290	-50,010	119,0700
14,3415	-50,012	119,0750
14,3540	-50,014	119,0800
14,3485	-50,016	119,0850
14,3472	-50,019	119,0900
14,3499	-50,021	119,0950
14,3477	-50,023	119,1000
14,3513	-50,025	119,1050
14,3553	-50,027	119,1100
14,3519	-50,029	119,1150
14,3453	-50,031	119,1200
14,3510	-50,033	119,1250
14,3487	-50,035	119,1300
14,3502	-50,037	119,1350
14,3629	-50,040	119,1400
14,3573	-50,042	119,1450
14,3474	-50,044	119,1500
14,3571	-50,046	119,1550
14,3542	-50,048	119,1600
14,3487	-50,050	119,1650
14,3573	-50,052	119,1700
14,3645	-50,054	119,1750
14,3575	-50,056	119,1800
14,3639	-50,058	119,1850
14,3673	-50,061	119,1900
14,3586	-50,063	119,1950
14,3643	-50,065	119,2000
14,3729	-50,067	119,2050
14,3714	-50,069	119,2100
14,3697	-50,071	119,2150
14,3723	-50,073	119,2200
14,3677	-50,075	119,2250
14,3661	-50,077	119,2300
14,3719	-50,079	119,2350
14,3689	-50,082	119,2400
14,3613	-50,084	119,2450
14,3659	-50,086	119,2500
14,3647	-50,088	119,2550
14,3640	-50,090	119,2600
14,3676	-50,092	119,2650
14,3679	-50,094	119,2700
14,3588	-50,096	119,2750
14,3650	-50,098	119,2800
14,3690	-50,100	119,2850
14,3704	-50,103	119,2900
14,3761	-50,105	119,2950
14,3792	-50,107	119,3000
14,3766	-50,109	119,3050
14,3757	-50,111	119,3100
14,3814	-50,113	119,3150
14,3777	-50,115	119,3200
14,3757	-50,117	119,3250
14,3814	-50,119	119,3300
14,3845	-50,121	119,3350
14,3840	-50,124	119,3400
14,3880	-50,126	119,3450
14,3857	-50,128	119,3500
14,3761	-50,130	119,3550
14,3790	-50,132	119,3600
14,3869	-50,134	119,3650
14,3789	-50,136	119,3700
14,3786	-50,138	119,3750
14,3867	-50,140	119,3800
14,3839	-50,142	119,3850
14,3889	-50,145	119,3900
14,3941	-50,147	119,3950
14,3903	-50,149	119,4000
14,3848	-50,151	119,4050
14,3966	-50,153	119,4100
14,3908	-50,155	119,4150
14,3829	-50,157	119,4200
14,3913	-50,159	119,4250
14,3959	-50,161	119,4300
14,3892	-50,163	119,4350
14,3971	-50,166	119,4400
14,3967	-50,168	119,4450
14,3977	-50,170	119,4500
14,3963	-50,172	119,4550
14,3975	-50,174	119,4600
14,3900	-50,176	119,4650
14,3929	-50,178	119,4700
14,3989	-50,180	119,4750
14,3902	-50,182	119,4800
14,3928	-50,184	119,4850
14,4011	-50,187	119,4900
14,3992	-50,189	119,4950
14,3997	-50,191	119,5000
14,4057	-50,193	119,5050
14,3975	-50,195	119,5100
14,3995	-50,197	119,5150
14,4085	-50,199	119,5200
14,4017	-50,201	119,5250
14,3976	-50,203	119,5300
14,4049	-50,205	119,5350
14,4083	-50,208	119,5400
14,4023	-50,210	119,5450
14,4021	-50,212	119,5500
14,4072	-50,214	119,5550
14,4055	-50,216	119,5600
14,4131	-50,218	119,5650
14,4223	-50,220	119,5700
14,4150	-50,222	119,5750
14,4092	-50,224	119,5800
14,4114	-50,226	119,5850
14,4135	-50,229	119,5900
14,4128	-50,231	119,5950
14,4219	-50,233	119,6000
14,4171	-50,235	119,6050
14,4127	-50,237	119,6100
14,4224	-50,239	119,6150
14,4195	-50,241	119,6200
14,4111	-50,243	119,6250
14,4173	-50,245	119,6300
14,4206	-50,247	119,6350
14,4176	-50,250	119,6400
14,4223	-50,252	119,6450
14,4263	-50,254	119,6500
14,4150	-50,256	119,6550
14,4145	-50,258	119,6600
14,4239	-50,260	119,6650
14,4193	-50,262	119,6700
14,4172	-50,264	119,6750
14,4196	-50,266	119,6800
14,4210	-50,268	119,6850
14,4285	-50,271	119,6900
14,4351	-50,273	119,6950
14,4315	-50,275	119,7000
14,4235	-50,277	119,7050
14,4273	-50,279	119,7100
14,4224	-50,281	119,7150
14,4169	-50,283	119,7200
14,4288	-50,285	119,7250
14,4303	-50,287	119,7300
14,4279	-50,289	119,7350
14,4286	-50,292	119,7400
14,4354	-50,294	119,7450
14,4345	-50,296	119,7500
14,4305	-50,298	119,7550
14,4329	-50,300	119,7600
14,4245	-50,302	119,7650
14,4210	-50,304	119,7700
14,4349	-50,306	119,7750
14,4345	-50,308	119,7800
14,4307	-50,310	119,7850
14,4379	-50,313	119,7900
14,4376	-50,315	119,7950
14,4288	-50,317	119,8000
14,4295	-50,319	119,8050
14,4261	-50,321	119,8100
14,4277	-50,323	119,8150
14,4412	-50,325	119,8200
14,4500	-50,327	119,8250
14,4399	-50,329	119,8300
14,4373	-50,331	119,8350
14,4472	-50,334	119,8400
14,4449	-50,336	119,8450
14,4425	-50,338	119,8500
14,4539	-50,340	119,8550
14,4428	-50,342	119,8600
14,4358	-50,344	119,8650
14,4514	-50,346	119,8700
14,4500	-50,348	119,8750
14,4478	-50,350	119,8800
14,4518	-50,352	119,8850
14,4458	-50,355	119,8900
14,4352	-50,357	119,8950
14,4412	-50,359	119,9000
14,4531	-50,361	119,9050
14,4526	-50,363	119,9100
14,4527	-50,365	119,9150
14,4531	-50,367	119,9200
14,4483	-50,369	119,9250
14,4412	-50,371	119,9300
14,4535	-50,373	119,9350
14,4542	-50,376	119,9400
14,4566	-50,378	119,9450
14,4626	-50,380	119,9500
14,4602	-50,382	119,9550
14,4553	-50,384	119,9600
14,4603	-50,386	119,9650
14,4550	-50,388	119,9700
14,4507	-50,390	119,9750
14,4583	-50,392	119,9800
14,4597	-50,394	119,9850
14,4514	-50,397	119,9900
14,4650	-50,399	119,9950
14,4711	-50,401	120,0000
14,4583	-50,403	120,0050
14,4614	-50,405	120,0100
14,4659	-50,407	120,0150
14,4599	-50,409	120,0200
14,4552	-50,411	120,0250
14,4645	-50,413	120,0300
14,4668	-50,415	120,0350
14,4696	-50,418	120,0400
14,4726	-50,420	120,0450
14,4719	-50,422	120,0500
14,4706	-50,424	120,0550
14,4798	-50,426	120,0600
14,4744	-50,428	120,0650
14,4606	-50,430	120,0700
14,4641	-50,432	120,0750
14,4699	-50,434	120,0800
14,4595	-50,436	120,0850
14,4593	-50,439	120,0900
14,4610	-50,441	120,0950
14,4638	-50,443	120,1000
14,4737	-50,445	120,1050
14,4849	-50,447	120,1100
14,4810	-50,449	120,1150
14,4749	-50,451	120,1200
14,4848	-50,453	120,1250
14,4840	-50,455	120,1300
14,4799	-50,457	120,1350
14,4909	-50,460	120,1400
14,4842	-50,462	120,1450
14,4761	-50,464	120,1500
14,4837	-50,466	120,1550
14,4851	-50,468	120,1600
14,4780	-50,470	120,1650
14,4801	-50,472	120,1700
14,4854	-50,474	120,1750
14,4793	-50,476	120,1800
14,4879	-50,478	120,1850
14,4919	-50,481	120,1900
14,4807	-50,483	120,1950
14,4859	-50,485	120,2000
14,4936	-50,487	120,2050
14,4862	-50,489	120,2100
14,4827	-50,491	120,2150
14,4943	-50,493	120,2200
14,4940	-50,495	120,2250
14,4923	-50,497	120,2300
14,5010	-50,499	120,2350
14,4986	-50,502	120,2400
14,4926	-50,504	120,2450
14,4971	-50,506	120,2500
14,4957	-50,508	120,2550
14,4908	-50,510	120,2600
14,4940	-50,512	120,2650
14,5006	-50,514	120,2700
14,4934	-50,516	120,2750
14,4967	-50,518	120,2800
14,4949	-50,520	120,2850
14,4876	-50,523	120,2900
14,4842	-50,525	120,2950
14,4916	-50,527	120,3000
14,4891	-50,529	120,3050
14,4844	-50,531	120,3100
14,5011	-50,533	120,3150
14,4934	-50,535	120,3200
14,4844	-50,537	120,3250
14,5023	-50,539	120,3300
14,5057	-50,541	120,3350
14,4966	-50,544	120,3400
14,5037	-50,546	120,3450
14,5066	-50,548	120,3500
14,5061	-50,550	120,3550
14,5135	-50,552	120,3600
14,5135	-50,554	120,3650
14,5010	-50,556	120,3700
14,5065	-50,558	120,3750
14,5196	-50,560	120,3800
14,5151	-50,562	120,3850
14,5112	-50,565	120,3900
14,5156	-50,567	120,3950
14,5064	-50,569	120,4000
14,5025	-50,571	120,4050
14,5133	-50,573	120,4100
14,5144	-50,575	120,4150
14,5045	-50,577	120,4200
14,5128	-50,579	120,4250
14,5151	-50,581	120,4300
14,5108	-50,583	120,4350
14,5189	-50,586	120,4400
14,5214	-50,588	120,4450
14,5254	-50,590	120,4500
14,5254	-50,592	120,4550
14,5230	-50,594	120,4600
14,5188	-50,596	120,4650
14,5206	-50,598	120,4700
14,5212	-50,600	120,4750
14,5162	-50,602	120,4800
14,5201	-50,604	120,4850
14,5280	-50,607	120,4900
14,5178	-50,609	120,4950
14,5121	-50,611	120,5000
14,5248	-50,613	120,5050
14,5247	-50,615	120,5100
14,5204	-50,617	120,5150
14,5311	-50,619	120,5200
14,5309	-50,621	120,5250
14,5170	-50,623	120,5300
14,5184	-50,625	120,5350
14,5267	-50,628	120,5400
14,5280	-50,630	120,5450
14,5287	-50,632	120,5500
14,5342	-50,634	120,5550
14,5258	-50,636	120,5600
14,5248	-50,638	120,5650
14,5296	-50,640	120,5700
14,5259	-50,642	120,5750
14,5262	-50,644	120,5800
14,5388	-50,646	120,5850
14,5390	-50,649	120,5900
14,5304	-50,651	120,5950
14,5418	-50,653	120,6000
14,5413	-50,655	120,6050
14,5263	-50,657	120,6100
14,5327	-50,659	120,6150
14,5369	-50,661	120,6200
14,5314	-50,663	120,6250
14,5389	-50,665	120,6300
14,5398	-50,667	120,6350
14,5343	-50,670	120,6400
14,5357	-50,672	120,6450
14,5422	-50,674	120,6500
14,5317	-50,676	120,6550
14,5378	-50,678	120,6600
14,5493	-50,680	120,6650
14,5445	-50,682	120,6700
14,5415	-50,684	120,6750
14,5530	-50,686	120,6800
14,5537	-50,688	120,6850
14,5467	-50,691	120,6900
14,5435	-50,693	120,6950
14,5430	-50,695	120,7000
14,5433	-50,697	120,7050
14,5572	-50,699	120,7100
14,5642	-50,701	120,7150
14,5489	-50,703	120,7200
14,5507	-50,705	120,7250
14,5492	-50,707	120,7300
14,5482	-50,709	120,7350
14,5526	-50,712	120,7400
14,5626	-50,714	120,7450
14,5571	-50,716	120,7500
14,5568	-50,718	120,7550
14,5544	-50,720	120,7600
14,5475	-50,722	120,7650
14,5510	-50,724	120,7700
14,5610	-50,726	120,7750
14,5563	-50,728	120,7800
14,5498	-50,730	120,7850
14,5574	-50,733	120,7900
14,5630	-50,735	120,7950
14,5593	-50,737	120,8000
14,5611	-50,739	120,8050
14,5626	-50,741	120,8100
14,5608	-50,743	120,8150
14,5627	-50,745	120,8200
14,5666	-50,747	120,8250
14,5670	-50,749	120,8300
14,5696	-50,751	120,8350
14,5679	-50,754	120,8400
14,5621	-50,756	120,8450
14,5625	-50,758	120,8500
14,5694	-50,760	120,8550
14,5616	-50,762	120,8600
14,5585	-50,764	120,8650
14,5679	-50,766	120,8700
14,5679	-50,768	120,8750
14,5689	-50,770	120,8800
14,5752	-50,772	120,8850
14,5727	-50,775	120,8900
14,5678	-50,777	120,8950
14,5668	-50,779	120,9000
14,5664	-50,781	120,9050
14,5622	-50,783	120,9100
14,5705	-50,785	120,9150
14,5746	-50,787	120,9200
14,5737	-50,789	120,9250
14,5826	-50,791	120,9300
14,5860	-50,793	120,9350
14,5801	-50,796	120,9400
14,5701	-50,798	120,9450
14,5774	-50,800	120,9500
14,5737	-50,802	120,9550
14,5711	-50,804	120,9600
14,5770	-50,806	120,9650
14,5730	-50,808	120,9700
14,5733	-50,810	120,9750
14,5854	-50,812	120,9800
14,5906	-50,814	120,9850
14,5852	-50,817	120,9900
14,5918	-50,819	120,9950
14,5887	-50,821	121,0000
14,5790	-50,823	121,0050
14,5784	-50,825	121,0100
14,5831	-50,827	121,0150
14,5894	-50,829	121,0200
14,5915	-50,831	121,0250
14,5997	-50,833	121,0300
14,5938	-50,835	121,0350
14,5960	-50,838	121,0400
14,5982	-50,840	121,0450
14,5875	-50,842	121,0500
14,5817	-50,844	121,0550
14,5983	-50,846	121,0600
14,6006	-50,848	121,0650
14,5973	-50,850	121,0700
14,6010	-50,852	121,0750
14,6067	-50,854	121,0800
14,5976	-50,856	121,0850
14,5955	-50,859	121,0900
14,5954	-50,861	121,0950
14,5851	-50,863	121,1000
14,5902	-50,865	121,1050
14,6045	-50,867	121,1100
14,5956	-50,869	121,1150
14,5909	-50,871	121,1200
14,6097	-50,873	121,1250
14,6026	-50,875	121,1300
14,5941	-50,877	121,1350
14,6053	-50,880	121,1400
14,6071	-50,882	121,1450
14,5982	-50,884	121,1500
14,5961	-50,886	121,1550
14,5936	-50,888	121,1600
14,5983	-50,890	121,1650
14,6080	-50,892	121,1700
14,6081	-50,894	121,1750
14,6012	-50,896	121,1800
14,6111	-50,898	121,1850
14,6104	-50,901	121,1900
14,5990	-50,903	121,1950
14,6023	-50,905	121,2000
14,6159	-50,907	121,2050
14,6166	-50,909	121,2100
14,6141	-50,911	121,2150
14,6175	-50,913	121,2200
14,6116	-50,915	121,2250
14,6111	-50,917	121,2300
14,6093	-50,919	121,2350
14,6077	-50,922	121,2400
14,6039	-50,924	121,2450
14,6094	-50,926	121,2500
14,6030	-50,928	121,2550
14,5963	-50,930	121,2600
14,6039	-50,932	121,2650
14,6169	-50,934	121,2700
14,6156	-50,936	121,2750
14,6172	-50,938	121,2800
14,6179	-50,940	121,2850
14,6057	-50,943	121,2900
14,6130	-50,945	121,2950
14,6283	-50,947	121,3000
14,6265	-50,949	121,3050
14,6232	-50,951	121,3100
14,6317	-50,953	121,3150
14,6306	-50,955	121,3200
14,6207	-50,957	121,3250
14,6209	-50,959	121,3300
14,6184	-50,961	121,3350
14,6208	-50,964	121,3400
14,6259	-50,966	121,3450
14,6315	-50,968	121,3500
14,6317	-50,970	121,3550
14,6274	-50,972	121,3600
14,6327	-50,974	121,3650
14,6277	-50,976	121,3700
14,6293	-50,978	121,3750
14,6320	-50,980	121,3800
14,6250	-50,982	121,3850
14,6303	-50,985	121,3900
14,6338	-50,987	121,3950
14,6292	-50,989	121,4000
14,6299	-50,991	121,4050
14,6326	-50,993	121,4100
14,6331	-50,995	121,4150
14,6297	-50,997	121,4200
14,6335	-50,999	121,4250
14,6318	-51,001	121,4300
14,6352	-51,003	121,4350
14,6466	-51,006	121,4400
14,6424	-51,008	121,4450
14,6314	-51,010	121,4500
14,6332	-51,012	121,4550
14,6428	-51,014	121,4600
14,6359	-51,016	121,4650
14,6361	-51,018	121,4700
14,6388	-51,020	121,4750
14,6373	-51,022	121,4800
14,6349	-51,024	121,4850
14,6513	-51,027	121,4900
14,6573	-51,029	121,4950
14,6487	-51,031	121,5000
14,6508	-51,033	121,5050
14,6475	-51,035	121,5100
14,6377	-51,037	121,5150
14,6453	-51,039	121,5200
14,6513	-51,041	121,5250
14,6508	-51,043	121,5300
14,6481	-51,045	121,5350
14,6415	-51,048	121,5400
14,6403	-51,050	121,5450
14,6453	-51,052	121,5500
14,6556	-51,054	121,5550
14,6558	-51,056	121,5600
14,6605	-51,058	121,5650
14,6632	-51,060	121,5700
14,6553	-51,062	121,5750
14,6561	-51,064	121,5800
14,6615	-51,066	121,5850
14,6587	-51,069	121,5900
14,6533	-51,071	121,5950
14,6630	-51,073	121,6000
14,6621	-51,075	121,6050
14,6528	-51,077	121,6100
14,6567	-51,079	121,6150
14,6584	-51,081	121,6200
14,6616	-51,083	121,6250
14,6712	-51,085	121,6300
14,6685	-51,087	121,6350
14,6632	-51,090	121,6400
14,6673	-51,092	121,6450
14,6785	-51,094	121,6500
14,6665	-51,096	121,6550
14,6697	-51,098	121,6600
14,6745	-51,100	121,6650
14,6673	-51,102	121,6700
14,6668	-51,104	121,6750
14,6675	-51,106	121,6800
14,6650	-51,108	121,6850
14,6645	-51,111	121,6900
14,6725	-51,113	121,6950
14,6659	-51,115	121,7000
14,6566	-51,117	121,7050
14,6734	-51,119	121,7100
14,6790	-51,121	121,7150
14,6698	-51,123	121,7200
14,6757	-51,125	121,7250
14,6778	-51,127	121,7300
14,6687	-51,129	121,7350
14,6688	-51,132	121,7400
14,6792	-51,134	121,7450
14,6745	-51,136	121,7500
14,6786	-51,138	121,7550
14,6808	-51,140	121,7600
14,6771	-51,142	121,7650
14,6720	-51,144	121,7700
14,6757	-51,146	121,7750
14,6786	-51,148	121,7800
14,6755	-51,150	121,7850
14,6816	-51,153	121,7900
14,6774	-51,155	121,7950
14,6785	-51,157	121,8000
14,6883	-51,159	121,8050
14,6933	-51,161	121,8100
14,6798	-51,163	121,8150
14,6823	-51,165	121,8200
14,6925	-51,167	121,8250
14,6883	-51,169	121,8300
14,6826	-51,171	121,8350
14,6860	-51,174	121,8400
14,6799	-51,176	121,8450
14,6804	-51,178	121,8500
14,6922	-51,180	121,8550
14,6858	-51,182	121,8600
14,6836	-51,184	121,8650
14,6949	-51,186	121,8700
14,6917	-51,188	121,8750
14,6892	-51,190	121,8800
14,6924	-51,192	121,8850
14,6984	-51,195	121,8900
14,6947	-51,197	121,8950
14,7076	-51,199	121,9000
14,7086	-51,201	121,9050
14,6988	-51,203	121,9100
14,6988	-51,205	121,9150
14,7021	-51,207	121,9200
14,6935	-51,209	121,9250
14,6902	-51,211	121,9300
14,7026	-51,213	121,9350
14,6974	-51,216	121,9400
14,6928	-51,218	121,9450
14,6908	-51,220	121,9500
14,6920	-51,222	121,9550
14,6945	-51,224	121,9600
14,7119	-51,226	121,9650
14,7096	-51,228	121,9700
14,7043	-51,230	121,9750
14,7079	-51,232	121,9800
14,7056	-51,234	121,9850
14,7011	-51,237	121,9900
14,7089	-51,239	121,9950
14,7156	-51,241	122,0000
14,7015	-51,243	122,0050
14,7029	-51,245	122,0100
14,7145	-51,247	122,0150
14,7114	-51,249	122,0200
14,7033	-51,251	122,0250
14,7102	-51,253	122,0300
14,7124	-51,255	122,0350
14,7159	-51,258	122,0400
14,7203	-51,260	122,0450
14,7166	-51,262	122,0500
14,7123	-51,264	122,0550
14,7146	-51,266	122,0600
14,7173	-51,268	122,0650
14,7191	-51,270	122,0700
14,7232	-51,272	122,0750
14,7211	-51,274	122,0800
14,7099	-51,276	122,0850
14,7116	-51,279	122,0900
14,7121	-51,281	122,0950
14,7083	-51,283	122,1000
14,7156	-51,285	122,1050
14,7225	-51,287	122,1100
14,7213	-51,289	122,1150
14,7172	-51,291	122,1200
14,7252	-51,293	122,1250
14,7245	-51,295	122,1300
14,7171	-51,297	122,1350
14,7237	-51,300	122,1400
14,7283	-51,302	122,1450
14,7172	-51,304	122,1500
14,7245	-51,306	122,1550
14,7299	-51,308	122,1600
14,7267	-51,310	122,1650
14,7277	-51,312	122,1700
14,7315	-51,314	122,1750
14,7287	-51,316	122,1800
14,7347	-51,318	122,1850
14,7373	-51,321	122,1900
14,7301	-51,323	122,1950
14,7288	-51,325	122,2000
14,7385	-51,327	122,2050
14,7351	-51,329	122,2100
14,7304	-51,331	122,2150
14,7371	-51,333	122,2200
14,7359	-51,335	122,2250
14,7376	-51,337	122,2300
14,7389	-51,339	122,2350
14,7327	-51,342	122,2400
14,7261	-51,344	122,2450
14,7329	-51,346	122,2500
14,7460	-51,348	122,2550
14,7446	-51,350	122,2600
14,7449	-51,352	122,2650
14,7506	-51,354	122,2700
14,7464	-51,356	122,2750
14,7493	-51,358	122,2800
14,7525	-51,360	122,2850
14,7376	-51,363	122,2900
14,7382	-51,365	122,2950
14,7450	-51,367	122,3000
14,7393	-51,369	122,3050
14,7364	-51,371	122,3100
14,7468	-51,373	122,3150
14,7501	-51,375	122,3200
14,7479	-51,377	122,3250
14,7607	-51,379	122,3300
14,7600	-51,381	122,3350
14,7464	-51,384	122,3400
14,7500	-51,386	122,3450
14,7543	-51,388	122,3500
14,7469	-51,390	122,3550
14,7483	-51,392	122,3600
14,7510	-51,394	122,3650
14,7466	-51,396	122,3700
14,7516	-51,398	122,3750
14,7564	-51,400	122,3800
14,7490	-51,402	122,3850
14,7407	-51,405	122,3900
14,7461	-51,407	122,3950
14,7481	-51,409	122,4000
14,7513	-51,411	122,4050
14,7615	-51,413	122,4100
14,7570	-51,415	122,4150
14,7489	-51,417	122,4200
14,7573	-51,419	122,4250
14,7619	-51,421	122,4300
14,7534	-51,423	122,4350
14,7549	-51,426	122,4400
14,7563	-51,428	122,4450
14,7556	-51,430	122,4500
14,7620	-51,432	122,4550
14,7685	-51,434	122,4600
14,7607	-51,436	122,4650
14,7644	-51,438	122,4700
14,7721	-51,440	122,4750
14,7670	-51,442	122,4800
14,7639	-51,444	122,4850
14,7682	-51,447	122,4900
14,7610	-51,449	122,4950
14,7636	-51,451	122,5000
14,7723	-51,453	122,5050
14,7722	-51,455	122,5100
14,7676	-51,457	122,5150
14,7737	-51,459	122,5200
14,7673	-51,461	122,5250
14,7585	-51,463	122,5300
14,7695	-51,465	122,5350
14,7724	-51,468	122,5400
14,7658	-51,470	122,5450
14,7672	-51,472	122,5500
14,7853	-51,474	122,5550
14,7826	-51,476	122,5600
14,7790	-51,478	122,5650
14,7794	-51,480	122,5700
14,7700	-51,482	122,5750
14,7771	-51,484	122,5800
14,7861	-51,486	122,5850
14,7860	-51,489	122,5900
14,7847	-51,491	122,5950
14,7864	-51,493	122,6000
14,7757	-51,495	122,6050
14,7740	-51,497	122,6100
14,7823	-51,499	122,6150
14,7929	-51,501	122,6200
14,7819	-51,503	122,6250
14,7843	-51,505	122,6300
14,7899	-51,507	122,6350
14,7877	-51,510	122,6400
14,7801	-51,512	122,6450
14,7875	-51,514	122,6500
14,7816	-51,516	122,6550
14,7869	-51,518	122,6600
14,7965	-51,520	122,6650
14,7906	-51,522	122,6700
14,7844	-51,524	122,6750
14,7894	-51,526	122,6800
14,7954	-51,528	122,6850
14,7951	-51,531	122,6900
14,7954	-51,533	122,6950
14,7970	-51,535	122,7000
14,7923	-51,537	122,7050
14,8026	-51,539	122,7100
14,8028	-51,541	122,7150
14,7890	-51,543	122,7200
14,7919	-51,545	122,7250
14,7997	-51,547	122,7300
14,7981	-51,549	122,7350
14,7963	-51,552	122,7400
14,8034	-51,554	122,7450
14,7942	-51,556	122,7500
14,7982	-51,558	122,7550
14,8058	-51,560	122,7600
14,8048	-51,562	122,7650
14,8071	-51,564	122,7700
14,8166	-51,566	122,7750
14,8120	-51,568	122,7800
14,8021	-51,570	122,7850
14,8083	-51,573	122,7900
14,8106	-51,575	122,7950
14,8102	-51,577	122,8000
14,8131	-51,579	122,8050
14,8069	-51,581	122,8100
14,8008	-51,583	122,8150
14,8044	-51,585	122,8200
14,8080	-51,587	122,8250
14,8130	-51,589	122,8300
14,8098	-51,591	122,8350
14,8154	-51,594	122,8400
14,8084	-51,596	122,8450
14,8052	-51,598	122,8500
14,8121	-51,600	122,8550
14,8059	-51,602	122,8600
14,8082	-51,604	122,8650
14,8250	-51,606	122,8700
14,8225	-51,608	122,8750
14,8159	-51,610	122,8800
14,8233	-51,612	122,8850
14,8266	-51,615	122,8900
14,8224	-51,617	122,8950
14,8314	-51,619	122,9000
14,8290	-51,621	122,9050
14,8173	-51,623	122,9100
14,8243	-51,625	122,9150
14,8260	-51,627	122,9200
14,8214	-51,629	122,9250
14,8217	-51,631	122,9300
14,8280	-51,633	122,9350
14,8195	-51,636	122,9400
14,8174	-51,638	122,9450
14,8270	-51,640	122,9500
14,8290	-51,642	122,9550
14,8241	-51,644	122,9600
14,8280	-51,646	122,9650
14,8219	-51,648	122,9700
14,8211	-51,650	122,9750
14,8265	-51,652	122,9800
14,8275	-51,654	122,9850
14,8240	-51,657	122,9900
14,8317	-51,659	122,9950
14,8322	-51,661	123,0000
14,8230	-51,663	123,0050
14,8349	-51,665	123,0100
14,8432	-51,667	123,0150
14,8350	-51,669	123,0200
14,8263	-51,671	123,0250
14,8300	-51,673	123,0300
14,8297	-51,675	123,0350
14,8325	-51,678	123,0400
14,8370	-51,680	123,0450
14,8314	-51,682	123,0500
14,8335	-51,684	123,0550
14,8409	-51,686	123,0600
14,8384	-51,688	123,0650
14,8304	-51,690	123,0700
14,8351	-51,692	123,0750
14,8402	-51,694	123,0800
14,8377	-51,696	123,0850
14,8433	-51,699	123,0900
14,8509	-51,701	123,0950
14,8433	-51,703	123,1000
14,8419	-51,705	123,1050
14,8467	-51,707	123,1100
14,8488	-51,709	123,1150
14,8471	-51,711	123,1200
14,8467	-51,713	123,1250
14,8463	-51,715	123,1300
14,8508	-51,717	123,1350
14,8529	-51,720	123,1400
14,8506	-51,722	123,1450
14,8520	-51,724	123,1500
14,8539	-51,726	123,1550
14,8413	-51,728	123,1600
14,8326	-51,730	123,1650
14,8460	-51,732	123,1700
14,8539	-51,734	123,1750
14,8476	-51,736	123,1800
14,8531	-51,738	123,1850
14,8561	-51,741	123,1900
14,8475	-51,743	123,1950
14,8524	-51,745	123,2000
14,8588	-51,747	123,2050
14,8461	-51,749	123,2100
14,8387	-51,751	123,2150
14,8493	-51,753	123,2200
14,8502	-51,755	123,2250
14,8541	-51,757	123,2300
14,8640	-51,759	123,2350
14,8662	-51,762	123,2400
14,8617	-51,764	123,2450
14,8691	-51,766	123,2500
14,8646	-51,768	123,2550
14,8561	-51,770	123,2600
14,8596	-51,772	123,2650
14,8651	-51,774	123,2700
14,8601	-51,776	123,2750
14,8606	-51,778	123,2800
14,8622	-51,780	123,2850
14,8561	-51,783	123,2900
14,8626	-51,785	123,2950
14,8711	-51,787	123,3000
14,8694	-51,789	123,3050
14,8699	-51,791	123,3100
14,8809	-51,793	123,3150
14,8725	-51,795	123,3200
14,8695	-51,797	123,3250
14,8752	-51,799	123,3300
14,8752	-51,801	123,3350
14,8698	-51,804	123,3400
14,8775	-51,806	123,3450
14,8771	-51,808	123,3500
14,8710	-51,810	123,3550
14,8710	-51,812	123,3600
14,8765	-51,814	123,3650
14,8762	-51,816	123,3700
14,8843	-51,818	123,3750
14,8834	-51,820	123,3800
14,8719	-51,822	123,3850
14,8742	-51,825	123,3900
14,8824	-51,827	123,3950
14,8802	-51,829	123,4000
14,8773	-51,831	123,4050
14,8860	-51,833	123,4100
14,8833	-51,835	123,4150
14,8771	-51,837	123,4200
14,8803	-51,839	123,4250
14,8789	-51,841	123,4300
14,8742	-51,843	123,4350
14,8808	-51,846	123,4400
14,8778	-51,848	123,4450
14,8790	-51,850	123,4500
14,8875	-51,852	123,4550
14,8948	-51,854	123,4600
14,8940	-51,856	123,4650
14,9027	-51,858	123,4700
14,9049	-51,860	123,4750
14,8897	-51,862	123,4800
14,8854	-51,864	123,4850
14,8934	-51,867	123,4900
14,8930	-51,869	123,4950
14,8890	-51,871	123,5000
14,8938	-51,873	123,5050
14,8917	-51,875	123,5100
14,8879	-51,877	123,5150
14,8978	-51,879	123,5200
14,8970	-51,881	123,5250
14,8989	-51,883	123,5300
14,9056	-51,885	123,5350
14,9024	-51,888	123,5400
14,8966	-51,890	123,5450
14,8937	-51,892	123,5500
14,8988	-51,894	123,5550
14,9000	-51,896	123,5600
14,9061	-51,898	123,5650
14,9100	-51,900	123,5700
14,9007	-51,902	123,5750
14,8997	-51,904	123,5800
14,9106	-51,906	123,5850
14,9070	-51,909	123,5900
14,8966	-51,911	123,5950
14,9075	-51,913	123,6000
14,9113	-51,915	123,6050
14,9120	-51,917	123,6100
14,9172	-51,919	123,6150
14,9162	-51,921	123,6200
14,9058	-51,923	123,6250
14,9143	-51,925	123,6300
14,9165	-51,927	123,6350
14,9077	-51,930	123,6400
14,9111	-51,932	123,6450
14,9165	-51,934	123,6500
14,9078	-51,936	123,6550
14,9141	-51,938	123,6600
14,9232	-51,940	123,6650
14,9148	-51,942	123,6700
14,9097	-51,944	123,6750
14,9130	-51,946	123,6800
14,9157	-51,948	123,6850
14,9119	-51,951	123,6900
14,9198	-51,953	123,6950
14,9170	-51,955	123,7000
14,9070	-51,957	123,7050
14,9125	-51,959	123,7100
14,9116	-51,961	123,7150
14,9109	-51,963	123,7200
14,9218	-51,965	123,7250
14,9222	-51,967	123,7300
14,9126	-51,969	123,7350
14,9188	-51,972	123,7400
14,9327	-51,974	123,7450
14,9308	-51,976	123,7500
14,9220	-51,978	123,7550
14,9279	-51,980	123,7600
14,9253	-51,982	123,7650
14,9209	-51,984	123,7700
14,9303	-51,986	123,7750
14,9293	-51,988	123,7800
14,9261	-51,990	123,7850
14,9322	-51,993	123,7900
14,9333	-51,995	123,7950
14,9305	-51,997	123,8000
14,9344	-51,999	123,8050
14,9356	-52,001	123,8100
14,9300	-52,003	123,8150
14,9356	-52,005	123,8200
14,9392	-52,007	123,8250
14,9338	-52,009	123,8300
14,9332	-52,011	123,8350
14,9416	-52,014	123,8400
14,9376	-52,016	123,8450
14,9312	-52,018	123,8500
14,9320	-52,020	123,8550
14,9327	-52,022	123,8600
14,9346	-52,024	123,8650
14,9417	-52,026	123,8700
14,9411	-52,028	123,8750
14,9354	-52,030	123,8800
14,9404	-52,032	123,8850
14,9423	-52,035	123,8900
14,9336	-52,037	123,8950
14,9426	-52,039	123,9000
14,9462	-52,041	123,9050
14,9443	-52,043	123,9100
14,9503	-52,045	123,9150
14,9563	-52,047	123,9200
14,9539	-52,049	123,9250
14,9468	-52,051	123,9300
14,9460	-52,053	123,9350
14,9405	-52,056	123,9400
14,9451	-52,058	123,9450
14,9545	-52,060	123,9500
14,9495	-52,062	123,9550
14,9435	-52,064	123,9600
14,9551	-52,066	123,9650
14,9561	-52,068	123,9700
14,9531	-52,070	123,9750
14,9605	-52,072	123,9800
14,9573	-52,074	123,9850
14,9489	-52,077	123,9900
14,9605	-52,079	123,9950
14,9616	-52,081	124,0000
14,9562	-52,083	124,0050
14,9610	-52,085	124,0100
14,9620	-52,087	124,0150
14,9520	-52,089	124,0200
14,9512	-52,091	124,0250
14,9572	-52,093	124,0300
14,9515	-52,095	124,0350
14,9518	-52,098	124,0400
14,9602	-52,100	124,0450
14,9523	-52,102	124,0500
14,9454	-52,104	124,0550
14,9565	-52,106	124,0600
14,9643	-52,108	124,0650
14,9634	-52,110	124,0700
14,9681	-52,112	124,0750
14,9746	-52,114	124,0800
14,9636	-52,116	124,0850
14,9685	-52,119	124,0900
14,9681	-52,121	124,0950
14,9521	-52,123	124,1000
14,9614	-52,125	124,1050
14,9677	-52,127	124,1100
14,9639	-52,129	124,1150
14,9636	-52,131	124,1200
14,9737	-52,133	124,1250
14,9749	-52,135	124,1300
14,9710	-52,137	124,1350
14,9766	-52,140	124,1400
14,9782	-52,142	124,1450
14,9713	-52,144	124,1500
14,9796	-52,146	124,1550
14,9806	-52,148	124,1600
14,9779	-52,150	124,1650
14,9813	-52,152	124,1700
14,9830	-52,154	124,1750
14,9778	-52,156	124,1800
14,9791	-52,158	124,1850
14,9837	-52,161	124,1900
14,9779	-52,163	124,1950
14,9813	-52,165	124,2000
14,9856	-52,167	124,2050
14,9806	-52,169	124,2100
14,9712	-52,171	124,2150
14,9817	-52,173	124,2200
14,9828	-52,175	124,2250
14,9823	-52,177	124,2300
14,9897	-52,180	124,2350
14,9910	-52,182	124,2400
14,9823	-52,184	124,2450
14,9792	-52,186	124,2500
14,9803	-52,188	124,2550
14,9850	-52,190	124,2600
14,9893	-52,192	124,2650
14,9908	-52,194	124,2700
14,9798	-52,196	124,2750
14,9799	-52,198	124,2800
14,9887	-52,201	124,2850
14,9870	-52,203	124,2900
14,9998	-52,205	124,2950
15,0049	-52,207	124,3000
14,9983	-52,209	124,3050
14,9896	-52,211	124,3100
14,9950	-52,213	124,3150
14,9950	-52,215	124,3200
14,9924	-52,217	124,3250
15,0033	-52,219	124,3300
14,9959	-52,222	124,3350
14,9878	-52,224	124,3400
15,0020	-52,226	124,3450
15,0057	-52,228	124,3500
15,0018	-52,230	124,3550
15,0033	-52,232	124,3600
15,0046	-52,234	124,3650
14,9919	-52,236	124,3700
14,9998	-52,238	124,3750
15,0105	-52,240	124,3800
15,0019	-52,243	124,3850
14,9989	-52,245	124,3900
15,0062	-52,247	124,3950
15,0033	-52,249	124,4000
15,0042	-52,251	124,4050
15,0090	-52,253	124,4100
15,0080	-52,255	124,4150
15,0022	-52,257	124,4200
15,0062	-52,259	124,4250
15,0047	-52,261	124,4300
15,0066	-52,264	124,4350
15,0164	-52,266	124,4400
15,0179	-52,268	124,4450
15,0166	-52,270	124,4500
15,0209	-52,272	124,4550
15,0216	-52,274	124,4600
15,0091	-52,276	124,4650
15,0042	-52,278	124,4700
15,0116	-52,280	124,4750
15,0119	-52,282	124,4800
15,0154	-52,285	124,4850
15,0218	-52,287	124,4900
15,0146	-52,289	124,4950
15,0084	-52,291	124,5000
15,0125	-52,293	124,5050
15,0152	-52,295	124,5100
15,0208	-52,297	124,5150
15,0254	-52,299	124,5200
15,0242	-52,301	124,5250
15,0229	-52,303	124,5300
15,0318	-52,306	124,5350
15,0227	-52,308	124,5400
15,0119	-52,310	124,5450
15,0156	-52,312	124,5500
15,0268	-52,314	124,5550
15,0202	-52,316	124,5600
15,0193	-52,318	124,5650
15,0218	-52,320	124,5700
15,0193	-52,322	124,5750
15,0230	-52,324	124,5800
15,0372	-52,327	124,5850
15,0335	-52,329	124,5900
15,0276	-52,331	124,5950
15,0328	-52,333	124,6000
15,0327	-52,335	124,6050
15,0278	-52,337	124,6100
15,0387	-52,339	124,6150
15,0423	-52,341	124,6200
15,0273	-52,343	124,6250
15,0324	-52,345	124,6300
15,0327	-52,348	124,6350
15,0312	-52,350	124,6400
15,0324	-52,352	124,6450
15,0376	-52,354	124,6500
15,0254	-52,356	124,6550
15,0306	-52,358	124,6600
15,0395	-52,360	124,6650
15,0355	-52,362	124,6700
15,0363	-52,364	124,6750
15,0491	-52,366	124,6800
15,0520	-52,369	124,6850
15,0434	-52,371	124,6900
15,0490	-52,373	124,6950
15,0496	-52,375	124,7000
15,0436	-52,377	124,7050
15,0520	-52,379	124,7100
15,0497	-52,381	124,7150
15,0381	-52,383	124,7200
15,0424	-52,385	124,7250
15,0492	-52,387	124,7300
15,0512	-52,390	124,7350
15,0521	-52,392	124,7400
15,0592	-52,394	124,7450
15,0530	-52,396	124,7500
15,0555	-52,398	124,7550
15,0575	-52,400	124,7600
15,0484	-52,402	124,7650
15,0429	-52,404	124,7700
15,0567	-52,406	124,7750
15,0550	-52,408	124,7800
15,0465	-52,411	124,7850
15,0517	-52,413	124,7900
15,0539	-52,415	124,7950
15,0544	-52,417	124,8000
15,0655	-52,419	124,8050
15,0575	-52,421	124,8100
15,0484	-52,423	124,8150
15,0559	-52,425	124,8200
15,0641	-52,427	124,8250
15,0631	-52,429	124,8300
15,0555	-52,432	124,8350
15,0588	-52,434	124,8400
15,0510	-52,436	124,8450
15,0562	-52,438	124,8500
15,0645	-52,440	124,8550
15,0618	-52,442	124,8600
15,0601	-52,444	124,8650
15,0640	-52,446	124,8700
15,0560	-52,448	124,8750
15,0480	-52,450	124,8800
15,0611	-52,453	124,8850
15,0700	-52,455	124,8900
15,0656	-52,457	124,8950
15,0728	-52,459	124,9000
15,0708	-52,461	124,9050
15,0613	-52,463	124,9100
15,0642	-52,465	124,9150
15,0655	-52,467	124,9200
15,0639	-52,469	124,9250
15,0679	-52,471	124,9300
15,0817	-52,474	124,9350
15,0738	-52,476	124,9400
15,0678	-52,478	124,9450
15,0743	-52,480	124,9500
15,0716	-52,482	124,9550
15,0715	-52,484	124,9600
15,0778	-52,486	124,9650
15,0734	-52,488	124,9700
15,0744	-52,490	124,9750
15,0821	-52,492	124,9800
15,0850	-52,495	124,9850
15,0769	-52,497	124,9900
15,0825	-52,499	124,9950
15,0825	-52,501	125,0000
15,0726	-52,503	125,0050
15,0760	-52,505	125,0100
15,0840	-52,507	125,0150
15,0880	-52,509	125,0200
15,0866	-52,511	125,0250
15,0911	-52,513	125,0300
15,0817	-52,516	125,0350
15,0832	-52,518	125,0400
15,0914	-52,520	125,0450
15,0861	-52,522	125,0500
15,0803	-52,524	125,0550
15,0914	-52,526	125,0600
15,0928	-52,528	125,0650
15,0861	-52,530	125,0700
15,0819	-52,532	125,0750
15,0887	-52,534	125,0800
15,0932	-52,537	125,0850
15,1048	-52,539	125,0900
15,1015	-52,541	125,0950
15,0886	-52,543	125,1000
15,0837	-52,545	125,1050
15,0912	-52,547	125,1100
15,0938	-52,549	125,1150
15,0953	-52,551	125,1200
15,0970	-52,553	125,1250
15,1007	-52,555	125,1300
15,1018	-52,558	125,1350
15,1012	-52,560	125,1400
15,0929	-52,562	125,1450
15,0985	-52,564	125,1500
15,1114	-52,566	125,1550
15,1127	-52,568	125,1600
15,1037	-52,570	125,1650
15,0981	-52,572	125,1700
15,0989	-52,574	125,1750
15,0971	-52,576	125,1800
15,1063	-52,579	125,1850
15,1111	-52,581	125,1900
15,1045	-52,583	125,1950
15,1045	-52,585	125,2000
15,1084	-52,587	125,2050
15,1091	-52,589	125,2100
15,1089	-52,591	125,2150
15,1131	-52,593	125,2200
15,1071	-52,595	125,2250
15,1001	-52,597	125,2300
15,1126	-52,600	125,2350
15,1106	-52,602	125,2400
15,1026	-52,604	125,2450
15,1132	-52,606	125,2500
15,1162	-52,608	125,2550
15,1130	-52,610	125,2600
15,1103	-52,612	125,2650
15,1072	-52,614	125,2700
15,1010	-52,616	125,2750
15,1146	-52,618	125,2800
15,1199	-52,621	125,2850
15,1115	-52,623	125,2900
15,1137	-52,625	125,2950
15,1202	-52,627	125,3000
15,1156	-52,629	125,3050
15,1155	-52,631	125,3100
15,1262	-52,633	125,3150
15,1168	-52,635	125,3200
15,1120	-52,637	125,3250
15,1161	-52,639	125,3300
15,1119	-52,642	125,3350
15,1117	-52,644	125,3400
15,1258	-52,646	125,3450
15,1276	-52,648	125,3500
15,1216	-52,650	125,3550
15,1229	-52,652	125,3600
15,1287	-52,654	125,3650
15,1268	-52,656	125,3700
15,1340	-52,658	125,3750
15,1324	-52,660	125,3800
15,1196	-52,663	125,3850
15,1198	-52,665	125,3900
15,1273	-52,667	125,3950
15,1286	-52,669	125,4000
15,1230	-52,671	125,4050
15,1337	-52,673	125,4100
15,1329	-52,675	125,4150
15,1285	-52,677	125,4200
15,1394	-52,679	125,4250
15,1430	-52,681	125,4300
15,1376	-52,684	125,4350
15,1404	-52,686	125,4400
15,1371	-52,688	125,4450
15,1313	-52,690	125,4500
15,1356	-52,692	125,4550
15,1393	-52,694	125,4600
15,1297	-52,696	125,4650
15,1359	-52,698	125,4700
15,1427	-52,700	125,4750
15,1395	-52,702	125,4800
15,1413	-52,705	125,4850
15,1445	-52,707	125,4900
15,1476	-52,709	125,4950
15,1482	-52,711	125,5000
15,1505	-52,713	125,5050
15,1457	-52,715	125,5100
15,1398	-52,717	125,5150
15,1444	-52,719	125,5200
15,1454	-52,721	125,5250
15,1406	-52,723	125,5300
15,1500	-52,726	125,5350
15,1558	-52,728	125,5400
15,1515	-52,730	125,5450
15,1500	-52,732	125,5500
15,1518	-52,734	125,5550
15,1404	-52,736	125,5600
15,1456	-52,738	125,5650
15,1601	-52,740	125,5700
15,1489	-52,742	125,5750
15,1458	-52,744	125,5800
15,1533	-52,747	125,5850
15,1463	-52,749	125,5900
15,1491	-52,751	125,5950
15,1586	-52,753	125,6000
15,1523	-52,755	125,6050
15,1534	-52,757	125,6100
15,1609	-52,759	125,6150
15,1593	-52,761	125,6200
15,1612	-52,763	125,6250
15,1730	-52,765	125,6300
15,1692	-52,768	125,6350
15,1595	-52,770	125,6400
15,1593	-52,772	125,6450
15,1657	-52,774	125,6500
15,1573	-52,776	125,6550
15,1616	-52,778	125,6600
15,1717	-52,780	125,6650
15,1660	-52,782	125,6700
15,1631	-52,784	125,6750
15,1731	-52,786	125,6800
15,1669	-52,789	125,6850
15,1611	-52,791	125,6900
15,1674	-52,793	125,6950
15,1667	-52,795	125,7000
15,1573	-52,797	125,7050
15,1699	-52,799	125,7100
15,1720	-52,801	125,7150
15,1612	-52,803	125,7200
15,1644	-52,805	125,7250
15,1748	-52,807	125,7300
15,1694	-52,810	125,7350
15,1638	-52,812	125,7400
15,1689	-52,814	125,7450
15,1675	-52,816	125,7500
15,1726	-52,818	125,7550
15,1784	-52,820	125,7600
15,1726	-52,822	125,7650
15,1690	-52,824	125,7700
15,1778	-52,826	125,7750
15,1774	-52,828	125,7800
15,1782	-52,831	125,7850
15,1873	-52,833	125,7900
15,1830	-52,835	125,7950
15,1675	-52,837	125,8000
15,1708	-52,839	125,8050
15,1787	-52,841	125,8100
15,1796	-52,843	125,8150
15,1857	-52,845	125,8200
15,1925	-52,847	125,8250
15,1849	-52,849	125,8300
15,1825	-52,852	125,8350
15,1901	-52,854	125,8400
15,1848	-52,856	125,8450
15,1829	-52,858	125,8500
15,1861	-52,860	125,8550
15,1783	-52,862	125,8600
15,1799	-52,864	125,8650
15,1898	-52,866	125,8700
15,1900	-52,868	125,8750
15,1928	-52,870	125,8800
15,2024	-52,873	125,8850
15,2004	-52,875	125,8900
15,1898	-52,877	125,8950
15,1972	-52,879	125,9000
15,1975	-52,881	125,9050
15,1921	-52,883	125,9100
15,1995	-52,885	125,9150
15,1985	-52,887	125,9200
15,2002	-52,889	125,9250
15,2024	-52,891	125,9300
15,2063	-52,894	125,9350
15,2000	-52,896	125,9400
15,1999	-52,898	125,9450
15,2064	-52,900	125,9500
15,2011	-52,902	125,9550
15,1947	-52,904	125,9600
15,2001	-52,906	125,9650
15,1999	-52,908	125,9700
15,2021	-52,910	125,9750
15,2075	-52,912	125,9800
15,2097	-52,915	125,9850
15,2007	-52,917	125,9900
15,2034	-52,919	125,9950
15,2047	-52,921	126,0000
15,1977	-52,923	126,0050
15,2085	-52,925	126,0100
15,2173	-52,927	126,0150
15,2049	-52,929	126,0200
15,2004	-52,931	126,0250
15,2066	-52,933	126,0300
15,2027	-52,936	126,0350
15,2045	-52,938	126,0400
15,2144	-52,940	126,0450
15,2136	-52,942	126,0500
15,2063	-52,944	126,0550
15,2074	-52,946	126,0600
15,2043	-52,948	126,0650
15,2094	-52,950	126,0700
15,2169	-52,952	126,0750
15,2146	-52,954	126,0800
15,2091	-52,957	126,0850
15,2189	-52,959	126,0900
15,2190	-52,961	126,0950
15,2093	-52,963	126,1000
15,2133	-52,965	126,1050
15,2249	-52,967	126,1100
15,2224	-52,969	126,1150
15,2137	-52,971	126,1200
15,2198	-52,973	126,1250
15,2204	-52,975	126,1300
15,2208	-52,978	126,1350
15,2272	-52,980	126,1400
15,2178	-52,982	126,1450
15,2081	-52,984	126,1500
15,2150	-52,986	126,1550
15,2236	-52,988	126,1600
15,2313	-52,990	126,1650
15,2380	-52,992	126,1700
15,2367	-52,994	126,1750
15,2249	-52,996	126,1800
15,2317	-52,999	126,1850
15,2345	-53,001	126,1900
15,2279	-53,003	126,1950
15,2297	-53,005	126,2000
15,2339	-53,007	126,2050
15,2287	-53,009	126,2100
15,2239	-53,011	126,2150
15,2336	-53,013	126,2200
15,2333	-53,015	126,2250
15,2307	-53,017	126,2300
15,2357	-53,020	126,2350
15,2353	-53,022	126,2400
15,2314	-53,024	126,2450
15,2456	-53,026	126,2500
15,2420	-53,028	126,2550
15,2416	-53,030	126,2600
15,2444	-53,032	126,2650
15,2423	-53,034	126,2700
15,2299	-53,036	126,2750
15,2396	-53,038	126,2800
15,2485	-53,041	126,2850
15,2449	-53,043	126,2900
15,2450	-53,045	126,2950
15,2523	-53,047	126,3000
15,2522	-53,049	126,3050
15,2454	-53,051	126,3100
15,2475	-53,053	126,3150
15,2408	-53,055	126,3200
15,2395	-53,057	126,3250
15,2497	-53,059	126,3300
15,2488	-53,062	126,3350
15,2373	-53,064	126,3400
15,2416	-53,066	126,3450
15,2455	-53,068	126,3500
15,2423	-53,070	126,3550
15,2494	-53,072	126,3600
15,2581	-53,074	126,3650
15,2539	-53,076	126,3700
15,2541	-53,078	126,3750
15,2524	-53,080	126,3800
15,2463	-53,083	126,3850
15,2593	-53,085	126,3900
15,2645	-53,087	126,3950
15,2590	-53,089	126,4000
15,2490	-53,091	126,4050
15,2549	-53,093	126,4100
15,2558	-53,095	126,4150
15,2543	-53,097	126,4200
15,2643	-53,099	126,4250
15,2583	-53,101	126,4300
15,2467	-53,104	126,4350
15,2537	-53,106	126,4400
15,2654	-53,108	126,4450
15,2659	-53,110	126,4500
15,2594	-53,112	126,4550
15,2708	-53,114	126,4600
15,2669	-53,116	126,4650
15,2714	-53,118	126,4700
15,2748	-53,120	126,4750
15,2684	-53,122	126,4800
15,2678	-53,125	126,4850
15,2746	-53,127	126,4900
15,2708	-53,129	126,4950
15,2699	-53,131	126,5000
15,2742	-53,133	126,5050
15,2695	-53,135	126,5100
15,2680	-53,137	126,5150
15,2761	-53,139	126,5200
15,2753	-53,141	126,5250
15,2628	-53,143	126,5300
15,2666	-53,146	126,5350
15,2662	-53,148	126,5400
15,2632	-53,150	126,5450
15,2707	-53,152	126,5500
15,2760	-53,154	126,5550
15,2698	-53,156	126,5600
15,2741	-53,158	126,5650
15,2782	-53,160	126,5700
15,2701	-53,162	126,5750
15,2779	-53,164	126,5800
15,2868	-53,167	126,5850
15,2800	-53,169	126,5900
15,2712	-53,171	126,5950
15,2791	-53,173	126,6000
15,2854	-53,175	126,6050
15,2812	-53,177	126,6100
15,2819	-53,179	126,6150
15,2824	-53,181	126,6200
15,2741	-53,183	126,6250
15,2822	-53,185	126,6300
15,2881	-53,188	126,6350
15,2904	-53,190	126,6400
15,2851	-53,192	126,6450
15,2868	-53,194	126,6500
15,2816	-53,196	126,6550
15,2878	-53,198	126,6600
15,2945	-53,200	126,6650
15,2905	-53,202	126,6700
15,2875	-53,204	126,6750
15,2974	-53,206	126,6800
15,2899	-53,209	126,6850
15,2853	-53,211	126,6900
15,2948	-53,213	126,6950
15,2981	-53,215	126,7000
15,2936	-53,217	126,7050
15,3039	-53,219	126,7100
15,2966	-53,221	126,7150
15,2898	-53,223	126,7200
15,2892	-53,225	126,7250
15,2883	-53,227	126,7300
15,2873	-53,230	126,7350
15,2924	-53,232	126,7400
15,3031	-53,234	126,7450
15,3003	-53,236	126,7500
15,3013	-53,238	126,7550
15,2997	-53,240	126,7600
15,2961	-53,242	126,7650
15,3005	-53,244	126,7700
15,3067	-53,246	126,7750
15,3048	-53,248	126,7800
15,3053	-53,251	126,7850
15,3113	-53,253	126,7900
15,3044	-53,255	126,7950
15,2931	-53,257	126,8000
15,3018	-53,259	126,8050
15,3082	-53,261	126,8100
15,2987	-53,263	126,8150
15,3047	-53,265	126,8200
15,3103	-53,267	126,8250
15,3124	-53,269	126,8300
15,3151	-53,272	126,8350
15,3222	-53,274	126,8400
15,3122	-53,276	126,8450
15,3122	-53,278	126,8500
15,3138	-53,280	126,8550
15,3088	-53,282	126,8600
15,3113	-53,284	126,8650
15,3214	-53,286	126,8700
15,3197	-53,288	126,8750
15,3090	-53,290	126,8800
15,3153	-53,293	126,8850
15,3243	-53,295	126,8900
15,3205	-53,297	126,8950
15,3262	-53,299	126,9000
15,3230	-53,301	126,9050
15,3144	-53,303	126,9100
15,3186	-53,305	126,9150
15,3221	-53,307	126,9200
15,3145	-53,309	126,9250
15,3188	-53,311	126,9300
15,3312	-53,314	126,9350
15,3211	-53,316	126,9400
15,3254	-53,318	126,9450
15,3354	-53,320	126,9500
15,3296	-53,322	126,9550
15,3203	-53,324	126,9600
15,3262	-53,326	126,9650
15,3235	-53,328	126,9700
15,3152	-53,330	126,9750
15,3192	-53,332	126,9800
15,3278	-53,335	126,9850
15,3304	-53,337	126,9900
15,3430	-53,339	126,9950
15,3417	-53,341	127,0000
15,3330	-53,343	127,0050
15,3414	-53,345	127,0100
15,3389	-53,347	127,0150
15,3334	-53,349	127,0200
15,3345	-53,351	127,0250
15,3400	-53,353	127,0300
15,3305	-53,356	127,0350
15,3292	-53,358	127,0400
15,3362	-53,360	127,0450
15,3354	-53,362	127,0500
15,3322	-53,364	127,0550
15,3380	-53,366	127,0600
15,3365	-53,368	127,0650
15,3332	-53,370	127,0700
15,3494	-53,372	127,0750
15,3526	-53,374	127,0800
15,3438	-53,377	127,0850
15,3461	-53,379	127,0900
15,3528	-53,381	127,0950
15,3425	-53,383	127,1000
15,3450	-53,385	127,1050
15,3504	-53,387	127,1100
15,3434	-53,389	127,1150
15,3356	-53,391	127,1200
15,3488	-53,393	127,1250
15,3515	-53,395	127,1300
15,3473	-53,398	127,1350
15,3491	-53,400	127,1400
15,3468	-53,402	127,1450
15,3512	-53,404	127,1500
15,3609	-53,406	127,1550
15,3566	-53,408	127,1600
15,3536	-53,410	127,1650
15,3566	-53,412	127,1700
15,3617	-53,414	127,1750
15,3570	-53,416	127,1800
15,3612	-53,419	127,1850
15,3600	-53,421	127,1900
15,3452	-53,423	127,1950
15,3439	-53,425	127,2000
15,3536	-53,427	127,2050
15,3569	-53,429	127,2100
15,3617	-53,431	127,2150
15,3648	-53,433	127,2200
15,3594	-53,435	127,2250
15,3603	-53,437	127,2300
15,3664	-53,440	127,2350
15,3578	-53,442	127,2400
15,3519	-53,444	127,2450
15,3659	-53,446	127,2500
15,3650	-53,448	127,2550
15,3632	-53,450	127,2600
15,3699	-53,452	127,2650
15,3716	-53,454	127,2700
15,3661	-53,456	127,2750
15,3692	-53,458	127,2800
15,3719	-53,461	127,2850
15,3618	-53,463	127,2900
15,3637	-53,465	127,2950
15,3739	-53,467	127,3000
15,3719	-53,469	127,3050
15,3712	-53,471	127,3100
15,3756	-53,473	127,3150
15,3746	-53,475	127,3200
15,3701	-53,477	127,3250
15,3741	-53,479	127,3300
15,3726	-53,482	127,3350
15,3660	-53,484	127,3400
15,3693	-53,486	127,3450
15,3740	-53,488	127,3500
15,3691	-53,490	127,3550
15,3699	-53,492	127,3600
15,3722	-53,494	127,3650
15,3656	-53,496	127,3700
15,3695	-53,498	127,3750
15,3774	-53,500	127,3800
15,3778	-53,503	127,3850
15,3832	-53,505	127,3900
15,3871	-53,507	127,3950
15,3801	-53,509	127,4000
15,3808	-53,511	127,4050
15,3911	-53,513	127,4100
15,3859	-53,515	127,4150
15,3770	-53,517	127,4200
15,3800	-53,519	127,4250
15,3836	-53,521	127,4300
15,3883	-53,524	127,4350
15,3949	-53,526	127,4400
15,3930	-53,528	127,4450
15,3868	-53,530	127,4500
15,3928	-53,532	127,4550
15,3995	-53,534	127,4600
15,3898	-53,536	127,4650
15,3899	-53,538	127,4700
15,3929	-53,540	127,4750
15,3847	-53,542	127,4800
15,3849	-53,545	127,4850
15,3918	-53,547	127,4900
15,3886	-53,549	127,4950
15,3930	-53,551	127,5000
15,4032	-53,553	127,5050
15,3956	-53,555	127,5100
15,3883	-53,557	127,5150
15,3963	-53,559	127,5200
15,3974	-53,561	127,5250
15,3975	-53,563	127,5300
15,4044	-53,566	127,5350
15,4026	-53,568	127,5400
15,3998	-53,570	127,5450
15,3990	-53,572	127,5500
15,4017	-53,574	127,5550
15,3985	-53,576	127,5600
15,4005	-53,578	127,5650
15,4060	-53,580	127,5700
15,4045	-53,582	127,5750
15,4029	-53,584	127,5800
15,4059	-53,587	127,5850
15,4022	-53,589	127,5900
15,4058	-53,591	127,5950
15,4187	-53,593	127,6000
15,4170	-53,595	127,6050
15,4105	-53,597	127,6100
15,4174	-53,599	127,6150
15,4185	-53,601	127,6200
15,4136	-53,603	127,6250
15,4240	-53,605	127,6300
15,4147	-53,608	127,6350
15,3978	-53,610	127,6400
15,4059	-53,612	127,6450
15,4160	-53,614	127,6500
15,4126	-53,616	127,6550
15,4218	-53,618	127,6600
15,4329	-53,620	127,6650
15,4232	-53,622	127,6700
15,4083	-53,624	127,6750
15,4120	-53,626	127,6800
15,4169	-53,629	127,6850
15,4207	-53,631	127,6900
15,4230	-53,633	127,6950
15,4164	-53,635	127,7000
15,4144	-53,637	127,7050
15,4198	-53,639	127,7100
15,4167	-53,641	127,7150
15,4110	-53,643	127,7200
15,4181	-53,645	127,7250
15,4166	-53,647	127,7300
15,4151	-53,650	127,7350
15,4232	-53,652	127,7400
15,4309	-53,654	127,7450
15,4262	-53,656	127,7500
15,4294	-53,658	127,7550
15,4303	-53,660	127,7600
15,4214	-53,662	127,7650
15,4267	-53,664	127,7700
15,4342	-53,666	127,7750
15,4287	-53,668	127,7800
15,4294	-53,671	127,7850
15,4369	-53,673	127,7900
15,4284	-53,675	127,7950
15,4182	-53,677	127,8000
15,4309	-53,679	127,8050
15,4295	-53,681	127,8100
15,4247	-53,683	127,8150
15,4388	-53,685	127,8200
15,4482	-53,687	127,8250
15,4408	-53,689	127,8300
15,4391	-53,692	127,8350
15,4469	-53,694	127,8400
15,4394	-53,696	127,8450
15,4395	-53,698	127,8500
15,4423	-53,700	127,8550
15,4280	-53,702	127,8600
15,4317	-53,704	127,8650
15,4474	-53,706	127,8700
15,4463	-53,708	127,8750
15,4493	-53,710	127,8800
15,4564	-53,713	127,8850
15,4481	-53,715	127,8900
15,4413	-53,717	127,8950
15,4465	-53,719	127,9000
15,4462	-53,721	127,9050
15,4439	-53,723	127,9100
15,4486	-53,725	127,9150
15,4500	-53,727	127,9200
15,4453	-53,729	127,9250
15,4448	-53,731	127,9300
15,4535	-53,734	127,9350
15,4531	-53,736	127,9400
15,4451	-53,738	127,9450
15,4471	-53,740	127,9500
15,4503	-53,742	127,9550
15,4505	-53,744	127,9600
15,4557	-53,746	127,9650
15,4568	-53,748	127,9700
15,4547	-53,750	127,9750
15,4603	-53,752	127,9800
15,4523	-53,755	127,9850
15,4495	-53,757	127,9900
15,4604	-53,759	127,9950
15,4596	-53,761	128,0000
15,4544	-53,763	128,0050
15,4531	-53,765	128,0100
15,4569	-53,767	128,0150
15,4546	-53,769	128,0200
15,4561	-53,771	128,0250
15,4637	-53,773	128,0300
15,4606	-53,776	128,0350
15,4595	-53,778	128,0400
15,4707	-53,780	128,0450
15,4673	-53,782	128,0500
15,4641	-53,784	128,0550
15,4666	-53,786	128,0600
15,4685	-53,788	128,0650
15,4659	-53,790	128,0700
15,4700	-53,792	128,0750
15,4720	-53,794	128,0800
15,4691	-53,797	128,0850
15,4766	-53,799	128,0900
15,4802	-53,801	128,0950
15,4695	-53,803	128,1000
15,4720	-53,805	128,1050
15,4784	-53,807	128,1100
15,4721	-53,809	128,1150
15,4651	-53,811	128,1200
15,4735	-53,813	128,1250
15,4637	-53,815	128,1300
15,4625	-53,818	128,1350
15,4777	-53,820	128,1400
15,4794	-53,822	128,1450
15,4713	-53,824	128,1500
15,4735	-53,826	128,1550
15,4706	-53,828	128,1600
15,4708	-53,830	128,1650
15,4812	-53,832	128,1700
15,4878	-53,834	128,1750
15,4771	-53,836	128,1800
15,4791	-53,839	128,1850
15,4813	-53,841	128,1900
15,4739	-53,843	128,1950
15,4717	-53,845	128,2000
15,4818	-53,847	128,2050
15,4822	-53,849	128,2100
15,4747	-53,851	128,2150
15,4843	-53,853	128,2200
15,4859	-53,855	128,2250
15,4854	-53,857	128,2300
15,4914	-53,860	128,2350
15,4905	-53,862	128,2400
15,4845	-53,864	128,2450
15,4895	-53,866	128,2500
15,4850	-53,868	128,2550
15,4861	-53,870	128,2600
15,4931	-53,872	128,2650
15,4953	-53,874	128,2700
15,4893	-53,876	128,2750
15,4943	-53,878	128,2800
15,4953	-53,881	128,2850
15,4889	-53,883	128,2900
15,4994	-53,885	128,2950
15,5094	-53,887	128,3000
15,5000	-53,889	128,3050
15,4906	-53,891	128,3100
15,4941	-53,893	128,3150
15,4892	-53,895	128,3200
15,4872	-53,897	128,3250
15,5068	-53,899	128,3300
15,5102	-53,902	128,3350
15,5000	-53,904	128,3400
15,4988	-53,906	128,3450
15,4987	-53,908	128,3500
15,4937	-53,910	128,3550
15,5024	-53,912	128,3600
15,5064	-53,914	128,3650
15,4994	-53,916	128,3700
15,5039	-53,918	128,3750
15,5028	-53,920	128,3800
15,4923	-53,923	128,3850
15,4998	-53,925	128,3900
15,5105	-53,927	128,3950
15,5081	-53,929	128,4000
15,5025	-53,931	128,4050
15,5157	-53,933	128,4100
15,5107	-53,935	128,4150
15,5083	-53,937	128,4200
15,5154	-53,939	128,4250
15,5149	-53,941	128,4300
15,5022	-53,944	128,4350
15,5042	-53,946	128,4400
15,5063	-53,948	128,4450
15,5089	-53,950	128,4500
15,5189	-53,952	128,4550
15,5230	-53,954	128,4600
15,5162	-53,956	128,4650
15,5128	-53,958	128,4700
15,5230	-53,960	128,4750
15,5263	-53,962	128,4800
15,5249	-53,965	128,4850
15,5238	-53,967	128,4900
15,5152	-53,969	128,4950
15,5126	-53,971	128,5000
15,5264	-53,973	128,5050
15,5310	-53,975	128,5100
15,5242	-53,977	128,5150
15,5280	-53,979	128,5200
15,5224	-53,981	128,5250
15,5127	-53,983	128,5300
15,5170	-53,986	128,5350
15,5200	-53,988	128,5400
15,5249	-53,990	128,5450
15,5250	-53,992	128,5500
15,5274	-53,994	128,5550
15,5257	-53,996	128,5600
15,5360	-53,998	128,5650
15,5370	-54,000	128,5700
15,5323	-54,002	128,5750
15,5303	-54,004	128,5800
15,5417	-54,007	128,5850
15,5382	-54,009	128,5900
15,5244	-54,011	128,5950
15,5354	-54,013	128,6000
15,5382	-54,015	128,6050
15,5313	-54,017	128,6100
15,5422	-54,019	128,6150
15,5412	-54,021	128,6200
15,5280	-54,023	128,6250
15,5336	-54,025	128,6300
15,5388	-54,028	128,6350
15,5307	-54,030	128,6400
15,5358	-54,032	128,6450
15,5432	-54,034	128,6500
15,5366	-54,036	128,6550
15,5351	-54,038	128,6600
15,5366	-54,040	128,6650
15,5356	-54,042	128,6700
15,5389	-54,044	128,6750
15,5489	-54,046	128,6800
15,5478	-54,049	128,6850
15,5385	-54,051	128,6900
15,5448	-54,053	128,6950
15,5474	-54,055	128,7000
15,5488	-54,057	128,7050
15,5524	-54,059	128,7100
15,5536	-54,061	128,7150
15,5411	-54,063	128,7200
15,5417	-54,065	128,7250
15,5412	-54,067	128,7300
15,5381	-54,070	128,7350
15,5405	-54,072	128,7400
15,5529	-54,074	128,7450
15,5501	-54,076	128,7500
15,5478	-54,078	128,7550
15,5599	-54,080	128,7600
15,5602	-54,082	128,7650
15,5534	-54,084	128,7700
15,5548	-54,086	128,7750
15,5574	-54,088	128,7800
15,5566	-54,091	128,7850
15,5669	-54,093	128,7900
15,5693	-54,095	128,7950
15,5586	-54,097	128,8000
15,5543	-54,099	128,8050
15,5608	-54,101	128,8100
15,5610	-54,103	128,8150
15,5686	-54,105	128,8200
15,5702	-54,107	128,8250
15,5611	-54,109	128,8300
15,5618	-54,112	128,8350
15,5693	-54,114	128,8400
15,5625	-54,116	128,8450
15,5632	-54,118	128,8500
15,5688	-54,120	128,8550
15,5611	-54,122	128,8600
15,5580	-54,124	128,8650
15,5688	-54,126	128,8700
15,5692	-54,128	128,8750
15,5620	-54,130	128,8800
15,5726	-54,133	128,8850
15,5799	-54,135	128,8900
15,5675	-54,137	128,8950
15,5764	-54,139	128,9000
15,5847	-54,141	128,9050
15,5677	-54,143	128,9100
15,5642	-54,145	128,9150
15,5719	-54,147	128,9200
15,5695	-54,149	128,9250
15,5692	-54,151	128,9300
15,5842	-54,154	128,9350
15,5824	-54,156	128,9400
15,5731	-54,158	128,9450
15,5807	-54,160	128,9500
15,5798	-54,162	128,9550
15,5723	-54,164	128,9600
15,5786	-54,166	128,9650
15,5770	-54,168	128,9700
15,5699	-54,170	128,9750
15,5810	-54,172	128,9800
15,5875	-54,175	128,9850
15,5801	-54,177	128,9900
15,5849	-54,179	128,9950
15,5849	-54,181	129,0000
15,5755	-54,183	129,0050
15,5810	-54,185	129,0100
15,5868	-54,187	129,0150
15,5881	-54,189	129,0200
15,5864	-54,191	129,0250
15,5898	-54,193	129,0300
15,5872	-54,196	129,0350
15,5928	-54,198	129,0400
15,5983	-54,200	129,0450
15,5893	-54,202	129,0500
15,5836	-54,204	129,0550
15,5982	-54,206	129,0600
15,6048	-54,208	129,0650
15,5934	-54,210	129,0700
15,5926	-54,212	129,0750
15,5931	-54,214	129,0800
15,5862	-54,217	129,0850
15,5981	-54,219	129,0900
15,6030	-54,221	129,0950
15,5887	-54,223	129,1000
15,5919	-54,225	129,1050
15,6064	-54,227	129,1100
15,6030	-54,229	129,1150
15,5937	-54,231	129,1200
15,5992	-54,233	129,1250
15,5946	-54,235	129,1300
15,5950	-54,238	129,1350
15,6048	-54,240	129,1400
15,6036	-54,242	129,1450
15,6007	-54,244	129,1500
15,6048	-54,246	129,1550
15,6007	-54,248	129,1600
15,5925	-54,250	129,1650
15,6003	-54,252	129,1700
15,6052	-54,254	129,1750
15,6059	-54,256	129,1800
15,6147	-54,259	129,1850
15,6154	-54,261	129,1900
15,5960	-54,263	129,1950
15,5971	-54,265	129,2000
15,6064	-54,267	129,2050
15,6123	-54,269	129,2100
15,6145	-54,271	129,2150
15,6230	-54,273	129,2200
15,6126	-54,275	129,2250
15,6100	-54,277	129,2300
15,6169	-54,280	129,2350
15,6181	-54,282	129,2400
15,6184	-54,284	129,2450
15,6282	-54,286	129,2500
15,6267	-54,288	129,2550
15,6217	-54,290	129,2600
15,6226	-54,292	129,2650
15,6232	-54,294	129,2700
15,6124	-54,296	129,2750
15,6214	-54,298	129,2800
15,6266	-54,301	129,2850
15,6232	-54,303	129,2900
15,6242	-54,305	129,2950
15,6291	-54,307	129,3000
15,6225	-54,309	129,3050
15,6160	-54,311	129,3100
15,6255	-54,313	129,3150
15,6284	-54,315	129,3200
15,6275	-54,317	129,3250
15,6315	-54,319	129,3300
15,6294	-54,322	129,3350
15,6212	-54,324	129,3400
15,6221	-54,326	129,3450
15,6248	-54,328	129,3500
15,6269	-54,330	129,3550
15,6298	-54,332	129,3600
15,6358	-54,334	129,3650
15,6302	-54,336	129,3700
15,6300	-54,338	129,3750
15,6355	-54,340	129,3800
15,6224	-54,343	129,3850
15,6189	-54,345	129,3900
15,6261	-54,347	129,3950
15,6267	-54,349	129,4000
15,6262	-54,351	129,4050
15,6380	-54,353	129,4100
15,6339	-54,355	129,4150
15,6329	-54,357	129,4200
15,6414	-54,359	129,4250
15,6405	-54,361	129,4300
15,6377	-54,364	129,4350
15,6452	-54,366	129,4400
15,6410	-54,368	129,4450
15,6307	-54,370	129,4500
15,6334	-54,372	129,4550
15,6477	-54,374	129,4600
15,6455	-54,376	129,4650
15,6458	-54,378	129,4700
15,6483	-54,380	129,4750
15,6462	-54,382	129,4800
15,6536	-54,385	129,4850
15,6559	-54,387	129,4900
15,6478	-54,389	129,4950
15,6397	-54,391	129,5000
15,6452	-54,393	129,5050
15,6472	-54,395	129,5100
15,6494	-54,397	129,5150
15,6594	-54,399	129,5200
15,6546	-54,401	129,5250
15,6408	-54,403	129,5300
15,6445	-54,406	129,5350
15,6514	-54,408	129,5400
15,6487	-54,410	129,5450
15,6474	-54,412	129,5500
15,6573	-54,414	129,5550
15,6588	-54,416	129,5600
15,6638	-54,418	129,5650
15,6672	-54,420	129,5700
15,6608	-54,422	129,5750
15,6624	-54,424	129,5800
15,6629	-54,427	129,5850
15,6590	-54,429	129,5900
15,6608	-54,431	129,5950
15,6681	-54,433	129,6000
15,6674	-54,435	129,6050
15,6613	-54,437	129,6100
15,6652	-54,439	129,6150
15,6635	-54,441	129,6200
15,6602	-54,443	129,6250
15,6727	-54,445	129,6300
15,6724	-54,448	129,6350
15,6600	-54,450	129,6400
15,6595	-54,452	129,6450
15,6678	-54,454	129,6500
15,6619	-54,456	129,6550
15,6666	-54,458	129,6600
15,6721	-54,460	129,6650
15,6661	-54,462	129,6700
15,6674	-54,464	129,6750
15,6774	-54,466	129,6800
15,6745	-54,469	129,6850
15,6683	-54,471	129,6900
15,6809	-54,473	129,6950
15,6855	-54,475	129,7000
15,6803	-54,477	129,7050
15,6864	-54,479	129,7100
15,6850	-54,481	129,7150
15,6709	-54,483	129,7200
15,6753	-54,485	129,7250
15,6818	-54,487	129,7300
15,6803	-54,490	129,7350
15,6736	-54,492	129,7400
15,6794	-54,494	129,7450
15,6763	-54,496	129,7500
15,6827	-54,498	129,7550
15,6964	-54,500	129,7600
15,6856	-54,502	129,7650
15,6765	-54,504	129,7700
15,6844	-54,506	129,7750
15,6830	-54,508	129,7800
15,6836	-54,511	129,7850
15,6884	-54,513	129,7900
15,6888	-54,515	129,7950
15,6819	-54,517	129,8000
15,6865	-54,519	129,8050
15,6910	-54,521	129,8100
15,6897	-54,523	129,8150
15,6964	-54,525	129,8200
15,7016	-54,527	129,8250
15,6927	-54,529	129,8300
15,6830	-54,532	129,8350
15,6912	-54,534	129,8400
15,6928	-54,536	129,8450
15,6949	-54,538	129,8500
15,6922	-54,540	129,8550
15,6885	-54,542	129,8600
15,6931	-54,544	129,8650
15,7015	-54,546	129,8700
15,6961	-54,548	129,8750
15,6935	-54,550	129,8800
15,6995	-54,553	129,8850
15,7001	-54,555	129,8900
15,6979	-54,557	129,8950
15,7034	-54,559	129,9000
15,7090	-54,561	129,9050
15,7038	-54,563	129,9100
15,7027	-54,565	129,9150
15,7088	-54,567	129,9200
15,7023	-54,569	129,9250
15,6960	-54,571	129,9300
15,7051	-54,574	129,9350
15,7048	-54,576	129,9400
15,7015	-54,578	129,9450
15,6999	-54,580	129,9500
15,6938	-54,582	129,9550
15,6865	-54,584	129,9600
15,7006	-54,586	129,9650
15,7106	-54,588	129,9700
15,7093	-54,590	129,9750
15,7086	-54,592	129,9800
15,7031	-54,595	129,9850
15,6971	-54,597	129,9900
15,7086	-54,599	129,9950
15,7107	-54,601	130,0000
15,7081	-54,603	130,0050
15,7161	-54,605	130,0100
15,7158	-54,607	130,0150
15,7032	-54,609	130,0200
15,7058	-54,611	130,0250
15,7187	-54,613	130,0300
15,7160	-54,616	130,0350
15,7114	-54,618	130,0400
15,7177	-54,620	130,0450
15,7104	-54,622	130,0500
15,7115	-54,624	130,0550
15,7280	-54,626	130,0600
15,7258	-54,628	130,0650
15,7205	-54,630	130,0700
15,7216	-54,632	130,0750
15,7267	-54,634	130,0800
15,7197	-54,637	130,0850
15,7221	-54,639	130,0900
15,7234	-54,641	130,0950
15,7215	-54,643	130,1000
15,7252	-54,645	130,1050
15,7278	-54,647	130,1100
15,7190	-54,649	130,1150
15,7190	-54,651	130,1200
15,7289	-54,653	130,1250
15,7293	-54,655	130,1300
15,7297	-54,658	130,1350
15,7402	-54,660	130,1400
15,7337	-54,662	130,1450
15,7268	-54,664	130,1500
15,7375	-54,666	130,1550
15,7388	-54,668	130,1600
15,7307	-54,670	130,1650
15,7332	-54,672	130,1700
15,7374	-54,674	130,1750
15,7330	-54,676	130,1800
15,7363	-54,679	130,1850
15,7357	-54,681	130,1900
15,7310	-54,683	130,1950
15,7396	-54,685	130,2000
15,7476	-54,687	130,2050
15,7356	-54,689	130,2100
15,7274	-54,691	130,2150
15,7366	-54,693	130,2200
15,7353	-54,695	130,2250
15,7392	-54,697	130,2300
15,7500	-54,700	130,2350
15,7426	-54,702	130,2400
15,7351	-54,704	130,2450
15,7429	-54,706	130,2500
15,7383	-54,708	130,2550
15,7365	-54,710	130,2600
15,7428	-54,712	130,2650
15,7452	-54,714	130,2700
15,7418	-54,716	130,2750
15,7509	-54,718	130,2800
15,7520	-54,721	130,2850
15,7473	-54,723	130,2900
15,7501	-54,725	130,2950
15,7594	-54,727	130,3000
15,7588	-54,729	130,3050
15,7534	-54,731	130,3100
15,7630	-54,733	130,3150
15,7599	-54,735	130,3200
15,7546	-54,737	130,3250
15,7615	-54,739	130,3300
15,7608	-54,742	130,3350
15,7595	-54,744	130,3400
15,7643	-54,746	130,3450
15,7620	-54,748	130,3500
15,7529	-54,750	130,3550
15,7551	-54,752	130,3600
15,7663	-54,754	130,3650
15,7662	-54,756	130,3700
15,7637	-54,758	130,3750
15,7626	-54,760	130,3800
15,7535	-54,763	130,3850
15,7558	-54,765	130,3900
15,7633	-54,767	130,3950
15,7652	-54,769	130,4000
15,7626	-54,771	130,4050
15,7701	-54,773	130,4100
15,7651	-54,775	130,4150
15,7630	-54,777	130,4200
15,7716	-54,779	130,4250
15,7741	-54,781	130,4300
15,7597	-54,784	130,4350
15,7637	-54,786	130,4400
15,7654	-54,788	130,4450
15,7635	-54,790	130,4500
15,7655	-54,792	130,4550
15,7718	-54,794	130,4600
15,7699	-54,796	130,4650
15,7730	-54,798	130,4700
15,7782	-54,800	130,4750
15,7752	-54,802	130,4800
15,7741	-54,805	130,4850
15,7773	-54,807	130,4900
15,7743	-54,809	130,4950
15,7657	-54,811	130,5000
15,7712	-54,813	130,5050
15,7737	-54,815	130,5100
15,7667	-54,817	130,5150
15,7753	-54,819	130,5200
15,7711	-54,821	130,5250
15,7661	-54,823	130,5300
15,7750	-54,826	130,5350
15,7797	-54,828	130,5400
15,7801	-54,830	130,5450
15,7803	-54,832	130,5500
15,7863	-54,834	130,5550
15,7820	-54,836	130,5600
15,7811	-54,838	130,5650
15,7868	-54,840	130,5700
15,7865	-54,842	130,5750
15,7893	-54,844	130,5800
15,7938	-54,847	130,5850
15,7900	-54,849	130,5900
15,7847	-54,851	130,5950
15,7865	-54,853	130,6000
15,7850	-54,855	130,6050
15,7806	-54,857	130,6100
15,7862	-54,859	130,6150
15,7853	-54,861	130,6200
15,7875	-54,863	130,6250
15,7973	-54,865	130,6300
15,7990	-54,868	130,6350
15,7955	-54,870	130,6400
15,7987	-54,872	130,6450
15,8023	-54,874	130,6500
15,7926	-54,876	130,6550
15,7977	-54,878	130,6600
15,8068	-54,880	130,6650
15,7986	-54,882	130,6700
15,7961	-54,884	130,6750
15,8025	-54,886	130,6800
15,7980	-54,889	130,6850
15,7929	-54,891	130,6900
15,8036	-54,893	130,6950
15,8045	-54,895	130,7000
15,7963	-54,897	130,7050
15,8098	-54,899	130,7100
15,8124	-54,901	130,7150
15,7916	-54,903	130,7200
15,7934	-54,905	130,7250
15,7964	-54,907	130,7300
15,7972	-54,910	130,7350
15,8012	-54,912	130,7400
15,8115	-54,914	130,7450
15,8072	-54,916	130,7500
15,8037	-54,918	130,7550
15,8125	-54,920	130,7600
15,8144	-54,922	130,7650
15,8118	-54,924	130,7700
15,8138	-54,926	130,7750
15,8119	-54,928	130,7800
15,8068	-54,931	130,7850
15,8148	-54,933	130,7900
15,8197	-54,935	130,7950
15,8123	-54,937	130,8000
15,8085	-54,939	130,8050
15,8095	-54,941	130,8100
15,8036	-54,943	130,8150
15,8146	-54,945	130,8200
15,8206	-54,947	130,8250
15,8227	-54,949	130,8300
15,8207	-54,952	130,8350
15,8283	-54,954	130,8400
15,8207	-54,956	130,8450
15,8196	-54,958	130,8500
15,8191	-54,960	130,8550
15,8138	-54,962	130,8600
15,8229	-54,964	130,8650
15,8338	-54,966	130,8700
15,8274	-54,968	130,8750
15,8173	-54,970	130,8800
15,8267	-54,973	130,8850
15,8321	-54,975	130,8900
15,8244	-54,977	130,8950
15,8265	-54,979	130,9000
15,8324	-54,981	130,9050
15,8263	-54,983	130,9100
15,8301	-54,985	130,9150
15,8348	-54,987	130,9200
15,8321	-54,989	130,9250
15,8268	-54,991	130,9300
15,8384	-54,994	130,9350
15,8406	-54,996	130,9400
15,8418	-54,998	130,9450
15,8379	-55,000	130,9500
15,8331	-55,002	130,9550
15,8386	-55,004	130,9600
15,8433	-55,006	130,9650
15,8309	-55,008	130,9700
15,8171	-55,010	130,9750
15,8284	-55,012	130,9800
15,8445	-55,015	130,9850
15,8340	-55,017	130,9900
15,8387	-55,019	130,9950
15,8446	-55,021	131,0000
15,8342	-55,023	131,0050
15,8351	-55,025	131,0100
15,8461	-55,027	131,0150
15,8425	-55,029	131,0200
15,8387	-55,031	131,0250
15,8456	-55,033	131,0300
15,8376	-55,036	131,0350
15,8312	-55,038	131,0400
15,8437	-55,040	131,0450
15,8484	-55,042	131,0500
15,8458	-55,044	131,0550
15,8545	-55,046	131,0600
15,8505	-55,048	131,0650
15,8404	-55,050	131,0700
15,8489	-55,052	131,0750
15,8587	-55,054	131,0800
15,8515	-55,057	131,0850
15,8510	-55,059	131,0900
15,8502	-55,061	131,0950
15,8510	-55,063	131,1000
15,8525	-55,065	131,1050
15,8572	-55,067	131,1100
15,8577	-55,069	131,1150
15,8556	-55,071	131,1200
15,8593	-55,073	131,1250
15,8520	-55,075	131,1300
15,8546	-55,078	131,1350
15,8622	-55,080	131,1400
15,8562	-55,082	131,1450
15,8558	-55,084	131,1500
15,8672	-55,086	131,1550
15,8675	-55,088	131,1600
15,8595	-55,090	131,1650
15,8561	-55,092	131,1700
15,8612	-55,094	131,1750
15,8616	-55,096	131,1800
15,8683	-55,099	131,1850
15,8712	-55,101	131,1900
15,8657	-55,103	131,1950
15,8656	-55,105	131,2000
15,8652	-55,107	131,2050
15,8636	-55,109	131,2100
15,8613	-55,111	131,2150
15,8726	-55,113	131,2200
15,8723	-55,115	131,2250
15,8717	-55,117	131,2300
15,8802	-55,120	131,2350
15,8696	-55,122	131,2400
15,8612	-55,124	131,2450
15,8732	-55,126	131,2500
15,8716	-55,128	131,2550
15,8574	-55,130	131,2600
15,8672	-55,132	131,2650
15,8869	-55,134	131,2700
15,8803	-55,136	131,2750
15,8741	-55,138	131,2800
15,8740	-55,141	131,2850
15,8682	-55,143	131,2900
15,8675	-55,145	131,2950
15,8755	-55,147	131,3000
15,8716	-55,149	131,3050
15,8698	-55,151	131,3100
15,8755	-55,153	131,3150
15,8765	-55,155	131,3200
15,8804	-55,157	131,3250
15,8800	-55,159	131,3300
15,8690	-55,162	131,3350
15,8653	-55,164	131,3400
15,8834	-55,166	131,3450
15,8880	-55,168	131,3500
15,8797	-55,170	131,3550
15,8794	-55,172	131,3600
15,8826	-55,174	131,3650
15,8752	-55,176	131,3700
15,8882	-55,178	131,3750
15,8995	-55,180	131,3800
15,8875	-55,183	131,3850
15,8865	-55,185	131,3900
15,8937	-55,187	131,3950
15,8917	-55,189	131,4000
15,8830	-55,191	131,4050
15,8867	-55,193	131,4100
15,8903	-55,195	131,4150
15,8929	-55,197	131,4200
15,8968	-55,199	131,4250
15,8953	-55,201	131,4300
15,8935	-55,204	131,4350
15,8997	-55,206	131,4400
15,8973	-55,208	131,4450
15,8926	-55,210	131,4500
15,8961	-55,212	131,4550
15,9025	-55,214	131,4600
15,8928	-55,216	131,4650
15,8931	-55,218	131,4700
15,8985	-55,220	131,4750
15,8969	-55,222	131,4800
15,8947	-55,225	131,4850
15,9025	-55,227	131,4900
15,9084	-55,229	131,4950
15,9094	-55,231	131,5000
15,9106	-55,233	131,5050
15,9097	-55,235	131,5100
15,9031	-55,237	131,5150
15,9105	-55,239	131,5200
15,9073	-55,241	131,5250
15,9007	-55,243	131,5300
15,9087	-55,246	131,5350
15,9113	-55,248	131,5400
15,9121	-55,250	131,5450
15,9185	-55,252	131,5500
15,9202	-55,254	131,5550
15,9103	-55,256	131,5600
15,9139	-55,258	131,5650
15,9191	-55,260	131,5700
15,9083	-55,262	131,5750
15,9009	-55,264	131,5800
15,9131	-55,267	131,5850
15,9195	-55,269	131,5900
15,9174	-55,271	131,5950
15,9211	-55,273	131,6000
15,9178	-55,275	131,6050
15,9144	-55,277	131,6100
15,9258	-55,279	131,6150
15,9258	-55,281	131,6200
15,9179	-55,283	131,6250
15,9219	-55,285	131,6300
15,9213	-55,288	131,6350
15,9162	-55,290	131,6400
15,9143	-55,292	131,6450
15,9192	-55,294	131,6500
15,9158	-55,296	131,6550
15,9229	-55,298	131,6600
15,9257	-55,300	131,6650
15,9228	-55,302	131,6700
15,9173	-55,304	131,6750
15,9220	-55,306	131,6800
15,9235	-55,309	131,6850
15,9238	-55,311	131,6900
15,9280	-55,313	131,6950
15,9302	-55,315	131,7000
15,9247	-55,317	131,7050
15,9282	-55,319	131,7100
15,9334	-55,321	131,7150
15,9289	-55,323	131,7200
15,9282	-55,325	131,7250
15,9300	-55,327	131,7300
15,9255	-55,330	131,7350
15,9300	-55,332	131,7400
15,9376	-55,334	131,7450
15,9310	-55,336	131,7500
15,9295	-55,338	131,7550
15,9452	-55,340	131,7600
15,9418	-55,342	131,7650
15,9338	-55,344	131,7700
15,9335	-55,346	131,7750
15,9356	-55,348	131,7800
15,9363	-55,351	131,7850
15,9397	-55,353	131,7900
15,9380	-55,355	131,7950
15,9334	-55,357	131,8000
15,9463	-55,359	131,8050
15,9466	-55,361	131,8100
15,9402	-55,363	131,8150
15,9491	-55,365	131,8200
15,9524	-55,367	131,8250
15,9451	-55,369	131,8300
15,9410	-55,372	131,8350
15,9461	-55,374	131,8400
15,9496	-55,376	131,8450
15,9525	-55,378	131,8500
15,9565	-55,380	131,8550
15,9518	-55,382	131,8600
15,9477	-55,384	131,8650
15,9510	-55,386	131,8700
15,9503	-55,388	131,8750
15,9550	-55,390	131,8800
15,9649	-55,393	131,8850
15,9632	-55,395	131,8900
15,9555	-55,397	131,8950
15,9610	-55,399	131,9000
15,9578	-55,401	131,9050
15,9481	-55,403	131,9100
15,9567	-55,405	131,9150
15,9636	-55,407	131,9200
15,9569	-55,409	131,9250
15,9599	-55,411	131,9300
15,9684	-55,414	131,9350
15,9590	-55,416	131,9400
15,9596	-55,418	131,9450
15,9706	-55,420	131,9500
15,9674	-55,422	131,9550
15,9627	-55,424	131,9600
15,9674	-55,426	131,9650
15,9609	-55,428	131,9700
15,9594	-55,430	131,9750
15,9695	-55,432	131,9800
15,9702	-55,435	131,9850
15,9608	-55,437	131,9900
15,9700	-55,439	131,9950
15,9793	-55,441	132,0000
15,9759	-55,443	132,0050
15,9731	-55,445	132,0100
15,9714	-55,447	132,0150
15,9652	-55,449	132,0200
15,9750	-55,451	132,0250
15,9878	-55,453	132,0300
15,9806	-55,456	132,0350
15,9804	-55,458	132,0400
15,9828	-55,460	132,0450
15,9744	-55,462	132,0500
15,9693	-55,464	132,0550
15,9788	-55,466	132,0600
15,9799	-55,468	132,0650
15,9792	-55,470	132,0700
15,9786	-55,472	132,0750
15,9790	-55,474	132,0800
15,9670	-55,477	132,0850
15,9726	-55,479	132,0900
15,9801	-55,481	132,0950
15,9766	-55,483	132,1000
15,9769	-55,485	132,1050
15,9816	-55,487	132,1100
15,9838	-55,489	132,1150
15,9852	-55,491	132,1200
15,9956	-55,493	132,1250
15,9886	-55,495	132,1300
15,9840	-55,498	132,1350
15,9927	-55,500	132,1400
15,9918	-55,502	132,1450
15,9877	-55,504	132,1500
15,9945	-55,506	132,1550
15,9934	-55,508	132,1600
15,9922	-55,510	132,1650
15,9920	-55,512	132,1700
15,9915	-55,514	132,1750
15,9753	-55,516	132,1800
15,9785	-55,519	132,1850
15,9810	-55,521	132,1900
15,9863	-55,523	132,1950
15,9943	-55,525	132,2000
16,0013	-55,527	132,2050
15,9944	-55,529	132,2100
15,9928	-55,531	132,2150
16,0046	-55,533	132,2200
16,0023	-55,535	132,2250
15,9965	-55,537	132,2300
16,0013	-55,540	132,2350
15,9972	-55,542	132,2400
15,9875	-55,544	132,2450
15,9986	-55,546	132,2500
16,0042	-55,548	132,2550
15,9983	-55,550	132,2600
16,0001	-55,552	132,2650
16,0083	-55,554	132,2700
16,0020	-55,556	132,2750
16,0076	-55,558	132,2800
16,0096	-55,561	132,2850
16,0020	-55,563	132,2900
16,0101	-55,565	132,2950
16,0175	-55,567	132,3000
16,0120	-55,569	132,3050
16,0026	-55,571	132,3100
16,0095	-55,573	132,3150
16,0127	-55,575	132,3200
16,0102	-55,577	132,3250
16,0175	-55,579	132,3300
16,0116	-55,582	132,3350
16,0030	-55,584	132,3400
16,0125	-55,586	132,3450
16,0156	-55,588	132,3500
16,0147	-55,590	132,3550
16,0110	-55,592	132,3600
16,0167	-55,594	132,3650
16,0135	-55,596	132,3700
16,0189	-55,598	132,3750
16,0261	-55,600	132,3800
16,0197	-55,603	132,3850
16,0206	-55,605	132,3900
16,0290	-55,607	132,3950
16,0213	-55,609	132,4000
16,0123	-55,611	132,4050
16,0216	-55,613	132,4100
16,0260	-55,615	132,4150
16,0262	-55,617	132,4200
16,0288	-55,619	132,4250
16,0220	-55,621	132,4300
16,0128	-55,624	132,4350
16,0209	-55,626	132,4400
16,0296	-55,628	132,4450
16,0314	-55,630	132,4500
16,0295	-55,632	132,4550
16,0354	-55,634	132,4600
16,0284	-55,636	132,4650
16,0265	-55,638	132,4700
16,0334	-55,640	132,4750
16,0302	-55,642	132,4800
16,0279	-55,645	132,4850
16,0335	-55,647	132,4900
16,0293	-55,649	132,4950
16,0236	-55,651	132,5000
16,0298	-55,653	132,5050
16,0336	-55,655	132,5100
16,0369	-55,657	132,5150
16,0425	-55,659	132,5200
16,0308	-55,661	132,5250
16,0216	-55,663	132,5300
16,0302	-55,666	132,5350
16,0304	-55,668	132,5400
16,0332	-55,670	132,5450
16,0374	-55,672	132,5500
16,0446	-55,674	132,5550
16,0361	-55,676	132,5600
16,0402	-55,678	132,5650
16,0437	-55,680	132,5700
16,0347	-55,682	132,5750
16,0373	-55,684	132,5800
16,0473	-55,687	132,5850
16,0451	-55,689	132,5900
16,0432	-55,691	132,5950
16,0457	-55,693	132,6000
16,0412	-55,695	132,6050
16,0374	-55,697	132,6100
16,0406	-55,699	132,6150
16,0428	-55,701	132,6200
16,0424	-55,703	132,6250
16,0460	-55,705	132,6300
16,0458	-55,708	132,6350
16,0459	-55,710	132,6400
16,0478	-55,712	132,6450
16,0518	-55,714	132,6500
16,0477	-55,716	132,6550
16,0536	-55,718	132,6600
16,0587	-55,720	132,6650
16,0526	-55,722	132,6700
16,0498	-55,724	132,6750
16,0574	-55,726	132,6800
16,0557	-55,729	132,6850
16,0527	-55,731	132,6900
16,0615	-55,733	132,6950
16,0632	-55,735	132,7000
16,0581	-55,737	132,7050
16,0688	-55,739	132,7100
16,0674	-55,741	132,7150
16,0494	-55,743	132,7200
16,0549	-55,745	132,7250
16,0662	-55,747	132,7300
16,0683	-55,750	132,7350
16,0599	-55,752	132,7400
16,0596	-55,754	132,7450
16,0500	-55,756	132,7500
16,0555	-55,758	132,7550
16,0713	-55,760	132,7600
16,0710	-55,762	132,7650
16,0728	-55,764	132,7700
16,0788	-55,766	132,7750
16,0733	-55,768	132,7800
16,0663	-55,771	132,7850
16,0718	-55,773	132,7900
16,0739	-55,775	132,7950
16,0631	-55,777	132,8000
16,0717	-55,779	132,8050
16,0767	-55,781	132,8100
16,0677	-55,783	132,8150
16,0716	-55,785	132,8200
16,0725	-55,787	132,8250
16,0769	-55,789	132,8300
16,0768	-55,792	132,8350
16,0809	-55,794	132,8400
16,0797	-55,796	132,8450
16,0832	-55,798	132,8500
16,0892	-55,800	132,8550
16,0797	-55,802	132,8600
16,0733	-55,804	132,8650
16,0797	-55,806	132,8700
16,0794	-55,808	132,8750
16,0745	-55,810	132,8800
16,0814	-55,813	132,8850
16,0880	-55,815	132,8900
16,0804	-55,817	132,8950
16,0878	-55,819	132,9000
16,0898	-55,821	132,9050
16,0827	-55,823	132,9100
16,0868	-55,825	132,9150
16,0920	-55,827	132,9200
16,0851	-55,829	132,9250
16,0840	-55,831	132,9300
16,0906	-55,834	132,9350
16,0837	-55,836	132,9400
16,0799	-55,838	132,9450
16,0905	-55,840	132,9500
16,0879	-55,842	132,9550
16,0822	-55,844	132,9600
16,0949	-55,846	132,9650
16,0916	-55,848	132,9700
16,0832	-55,850	132,9750
16,0931	-55,852	132,9800
16,1008	-55,855	132,9850
16,0889	-55,857	132,9900
16,0889	-55,859	132,9950
16,0937	-55,861	133,0000
16,0903	-55,863	133,0050
16,0892	-55,865	133,0100
16,0943	-55,867	133,0150
16,0929	-55,869	133,0200
16,0986	-55,871	133,0250
16,1067	-55,873	133,0300
16,0997	-55,876	133,0350
16,0968	-55,878	133,0400
16,1040	-55,880	133,0450
16,1057	-55,882	133,0500
16,1056	-55,884	133,0550
16,1103	-55,886	133,0600
16,1118	-55,888	133,0650
16,1064	-55,890	133,0700
16,1128	-55,892	133,0750
16,1160	-55,894	133,0800
16,1084	-55,897	133,0850
16,1138	-55,899	133,0900
16,1170	-55,901	133,0950
16,1048	-55,903	133,1000
16,1060	-55,905	133,1050
16,1113	-55,907	133,1100
16,1041	-55,909	133,1150
16,1040	-55,911	133,1200
16,1166	-55,913	133,1250
16,1178	-55,915	133,1300
16,1200	-55,918	133,1350
16,1211	-55,920	133,1400
16,1089	-55,922	133,1450
16,1053	-55,924	133,1500
16,1158	-55,926	133,1550
16,1181	-55,928	133,1600
16,1136	-55,930	133,1650
16,1245	-55,932	133,1700
16,1354	-55,934	133,1750
16,1240	-55,936	133,1800
16,1244	-55,939	133,1850
16,1254	-55,941	133,1900
16,1190	-55,943	133,1950
16,1214	-55,945	133,2000
16,1280	-55,947	133,2050
16,1276	-55,949	133,2100
16,1252	-55,951	133,2150
16,1322	-55,953	133,2200
16,1233	-55,955	133,2250
16,1186	-55,957	133,2300
16,1281	-55,960	133,2350
16,1278	-55,962	133,2400
16,1262	-55,964	133,2450
16,1325	-55,966	133,2500
16,1343	-55,968	133,2550
16,1249	-55,970	133,2600
16,1261	-55,972	133,2650
16,1322	-55,974	133,2700
16,1315	-55,976	133,2750
16,1387	-55,978	133,2800
16,1458	-55,981	133,2850
16,1332	-55,983	133,2900
16,1282	-55,985	133,2950
16,1368	-55,987	133,3000
16,1333	-55,989	133,3050
16,1267	-55,991	133,3100
16,1289	-55,993	133,3150
16,1286	-55,995	133,3200
16,1268	-55,997	133,3250
16,1342	-55,999	133,3300
16,1369	-56,002	133,3350
16,1369	-56,004	133,3400
16,1411	-56,006	133,3450
16,1442	-56,008	133,3500
16,1431	-56,010	133,3550
16,1424	-56,012	133,3600
16,1493	-56,014	133,3650
16,1440	-56,016	133,3700
16,1502	-56,018	133,3750
16,1560	-56,020	133,3800
16,1431	-56,023	133,3850
16,1419	-56,025	133,3900
16,1492	-56,027	133,3950
16,1430	-56,029	133,4000
16,1383	-56,031	133,4050
16,1485	-56,033	133,4100
16,1481	-56,035	133,4150
16,1422	-56,037	133,4200
16,1556	-56,039	133,4250
16,1568	-56,041	133,4300
16,1533	-56,044	133,4350
16,1650	-56,046	133,4400
16,1605	-56,048	133,4450
16,1448	-56,050	133,4500
16,1442	-56,052	133,4550
16,1485	-56,054	133,4600
16,1522	-56,056	133,4650
16,1547	-56,058	133,4700
16,1522	-56,060	133,4750
16,1568	-56,062	133,4800
16,1639	-56,065	133,4850
16,1668	-56,067	133,4900
16,1545	-56,069	133,4950
16,1565	-56,071	133,5000
16,1652	-56,073	133,5050
16,1626	-56,075	133,5100
16,1580	-56,077	133,5150
16,1637	-56,079	133,5200
16,1695	-56,081	133,5250
16,1656	-56,083	133,5300
16,1752	-56,086	133,5350
16,1760	-56,088	133,5400
16,1660	-56,090	133,5450
16,1687	-56,092	133,5500
16,1669	-56,094	133,5550
16,1528	-56,096	133,5600
16,1628	-56,098	133,5650
16,1726	-56,100	133,5700
16,1653	-56,102	133,5750
16,1615	-56,104	133,5800
16,1681	-56,107	133,5850
16,1644	-56,109	133,5900
16,1604	-56,111	133,5950
16,1728	-56,113	133,6000
16,1753	-56,115	133,6050
16,1678	-56,117	133,6100
16,1748	-56,119	133,6150
16,1800	-56,121	133,6200
16,1730	-56,123	133,6250
16,1809	-56,125	133,6300
16,1858	-56,128	133,6350
16,1782	-56,130	133,6400
16,1806	-56,132	133,6450
16,1886	-56,134	133,6500
16,1742	-56,136	133,6550
16,1728	-56,138	133,6600
16,1809	-56,140	133,6650
16,1753	-56,142	133,6700
16,1758	-56,144	133,6750
16,1866	-56,146	133,6800
16,1847	-56,149	133,6850
16,1798	-56,151	133,6900
16,1839	-56,153	133,6950
16,1835	-56,155	133,7000
16,1810	-56,157	133,7050
16,1875	-56,159	133,7100
16,1885	-56,161	133,7150
16,1754	-56,163	133,7200
16,1788	-56,165	133,7250
16,1864	-56,167	133,7300
16,1860	-56,170	133,7350
16,1868	-56,172	133,7400
16,1925	-56,174	133,7450
16,1864	-56,176	133,7500
16,1867	-56,178	133,7550
16,1939	-56,180	133,7600
16,1930	-56,182	133,7650
16,1881	-56,184	133,7700
16,2012	-56,186	133,7750
16,2017	-56,188	133,7800
16,1976	-56,191	133,7850
16,2004	-56,193	133,7900
16,1960	-56,195	133,7950
16,1909	-56,197	133,8000
16,2023	-56,199	133,8050
16,2029	-56,201	133,8100
16,2006	-56,203	133,8150
16,2009	-56,205	133,8200
16,2072	-56,207	133,8250
16,2047	-56,209	133,8300
16,2023	-56,212	133,8350
16,2120	-56,214	133,8400
16,2080	-56,216	133,8450
16,2084	-56,218	133,8500
16,2126	-56,220	133,8550
16,2107	-56,222	133,8600
16,2044	-56,224	133,8650
16,2028	-56,226	133,8700
16,2045	-56,228	133,8750
16,2074	-56,230	133,8800
16,2154	-56,233	133,8850
16,2134	-56,235	133,8900
16,2074	-56,237	133,8950
16,2099	-56,239	133,9000
16,2077	-56,241	133,9050
16,2062	-56,243	133,9100
16,2171	-56,245	133,9150
16,2268	-56,247	133,9200
16,2238	-56,249	133,9250
16,2244	-56,251	133,9300
16,2296	-56,254	133,9350
16,2248	-56,256	133,9400
16,2215	-56,258	133,9450
16,2234	-56,260	133,9500
16,2195	-56,262	133,9550
16,2169	-56,264	133,9600
16,2271	-56,266	133,9650
16,2265	-56,268	133,9700
16,2202	-56,270	133,9750
16,2295	-56,272	133,9800
16,2336	-56,275	133,9850
16,2185	-56,277	133,9900
16,2176	-56,279	133,9950
16,2208	-56,281	134,0000
16,2208	-56,283	134,0050
16,2327	-56,285	134,0100
16,2325	-56,287	134,0150
16,2200	-56,289	134,0200
16,2147	-56,291	134,0250
16,2275	-56,293	134,0300
16,2253	-56,296	134,0350
16,2306	-56,298	134,0400
16,2411	-56,300	134,0450
16,2303	-56,302	134,0500
16,2259	-56,304	134,0550
16,2363	-56,306	134,0600
16,2312	-56,308	134,0650
16,2359	-56,310	134,0700
16,2420	-56,312	134,0750
16,2434	-56,314	134,0800
16,2294	-56,317	134,0850
16,2336	-56,319	134,0900
16,2365	-56,321	134,0950
16,2334	-56,323	134,1000
16,2339	-56,325	134,1050
16,2399	-56,327	134,1100
16,2324	-56,329	134,1150
16,2310	-56,331	134,1200
16,2437	-56,333	134,1250
16,2430	-56,335	134,1300
16,2401	-56,338	134,1350
16,2453	-56,340	134,1400
16,2432	-56,342	134,1450
16,2367	-56,344	134,1500
16,2467	-56,346	134,1550
16,2450	-56,348	134,1600
16,2434	-56,350	134,1650
16,2474	-56,352	134,1700
16,2517	-56,354	134,1750
16,2509	-56,356	134,1800
16,2539	-56,359	134,1850
16,2509	-56,361	134,1900
16,2403	-56,363	134,1950
16,2479	-56,365	134,2000
16,2586	-56,367	134,2050
16,2493	-56,369	134,2100
16,2411	-56,371	134,2150
16,2508	-56,373	134,2200
16,2528	-56,375	134,2250
16,2502	-56,377	134,2300
16,2565	-56,380	134,2350
16,2524	-56,382	134,2400
16,2531	-56,384	134,2450
16,2626	-56,386	134,2500
16,2578	-56,388	134,2550
16,2596	-56,390	134,2600
16,2645	-56,392	134,2650
16,2602	-56,394	134,2700
16,2524	-56,396	134,2750
16,2605	-56,398	134,2800
16,2693	-56,401	134,2850
16,2631	-56,403	134,2900
16,2602	-56,405	134,2950
16,2643	-56,407	134,3000
16,2592	-56,409	134,3050
16,2568	-56,411	134,3100
16,2652	-56,413	134,3150
16,2623	-56,415	134,3200
16,2635	-56,417	134,3250
16,2705	-56,419	134,3300
16,2655	-56,422	134,3350
16,2577	-56,424	134,3400
16,2642	-56,426	134,3450
16,2659	-56,428	134,3500
16,2632	-56,430	134,3550
16,2677	-56,432	134,3600
16,2716	-56,434	134,3650
16,2632	-56,436	134,3700
16,2633	-56,438	134,3750
16,2688	-56,440	134,3800
16,2676	-56,443	134,3850
16,2732	-56,445	134,3900
16,2831	-56,447	134,3950
16,2750	-56,449	134,4000
16,2705	-56,451	134,4050
16,2767	-56,453	134,4100
16,2708	-56,455	134,4150
16,2631	-56,457	134,4200
16,2796	-56,459	134,4250
16,2877	-56,461	134,4300
16,2766	-56,464	134,4350
16,2814	-56,466	134,4400
16,2876	-56,468	134,4450
16,2853	-56,470	134,4500
16,2857	-56,472	134,4550
16,2875	-56,474	134,4600
16,2744	-56,476	134,4650
16,2788	-56,478	134,4700
16,2887	-56,480	134,4750
16,2871	-56,482	134,4800
16,2846	-56,485	134,4850
16,2900	-56,487	134,4900
16,2860	-56,489	134,4950
16,2817	-56,491	134,5000
16,2888	-56,493	134,5050
16,2809	-56,495	134,5100
16,2725	-56,497	134,5150
16,2882	-56,499	134,5200
16,2973	-56,501	134,5250
16,2892	-56,503	134,5300
16,2939	-56,506	134,5350
16,2931	-56,508	134,5400
16,2960	-56,510	134,5450
16,2960	-56,512	134,5500
16,2993	-56,514	134,5550
16,2966	-56,516	134,5600
16,2970	-56,518	134,5650
16,3000	-56,520	134,5700
16,2948	-56,522	134,5750
16,2985	-56,524	134,5800
16,3091	-56,527	134,5850
16,3030	-56,529	134,5900
16,2919	-56,531	134,5950
16,3036	-56,533	134,6000
16,3018	-56,535	134,6050
16,2957	-56,537	134,6100
16,2998	-56,539	134,6150
16,3051	-56,541	134,6200
16,3015	-56,543	134,6250
16,3077	-56,545	134,6300
16,3069	-56,548	134,6350
16,3048	-56,550	134,6400
16,3040	-56,552	134,6450
16,3080	-56,554	134,6500
16,3034	-56,556	134,6550
16,3023	-56,558	134,6600
16,3114	-56,560	134,6650
16,3045	-56,562	134,6700
16,3082	-56,564	134,6750
16,3201	-56,566	134,6800
16,3198	-56,569	134,6850
16,3152	-56,571	134,6900
16,3177	-56,573	134,6950
16,3130	-56,575	134,7000
16,3159	-56,577	134,7050
16,3293	-56,579	134,7100
16,3213	-56,581	134,7150
16,3102	-56,583	134,7200
16,3126	-56,585	134,7250
16,3123	-56,587	134,7300
16,3124	-56,590	134,7350
16,3200	-56,592	134,7400
16,3288	-56,594	134,7450
16,3129	-56,596	134,7500
16,3136	-56,598	134,7550
16,3310	-56,600	134,7600
16,3287	-56,602	134,7650
16,3276	-56,604	134,7700
16,3372	-56,606	134,7750
16,3345	-56,608	134,7800
16,3247	-56,611	134,7850
16,3272	-56,613	134,7900
16,3321	-56,615	134,7950
16,3268	-56,617	134,8000
16,3322	-56,619	134,8050
16,3318	-56,621	134,8100
16,3270	-56,623	134,8150
16,3319	-56,625	134,8200
16,3334	-56,627	134,8250
16,3327	-56,629	134,8300
16,3361	-56,632	134,8350
16,3435	-56,634	134,8400
16,3333	-56,636	134,8450
16,3350	-56,638	134,8500
16,3412	-56,640	134,8550
16,3395	-56,642	134,8600
16,3397	-56,644	134,8650
16,3424	-56,646	134,8700
16,3323	-56,648	134,8750
16,3295	-56,650	134,8800
16,3396	-56,653	134,8850
16,3423	-56,655	134,8900
16,3338	-56,657	134,8950
16,3447	-56,659	134,9000
16,3430	-56,661	134,9050
16,3303	-56,663	134,9100
16,3402	-56,665	134,9150
16,3496	-56,667	134,9200
16,3486	-56,669	134,9250
16,3458	-56,671	134,9300
16,3545	-56,674	134,9350
16,3456	-56,676	134,9400
16,3423	-56,678	134,9450
16,3541	-56,680	134,9500
16,3522	-56,682	134,9550
16,3515	-56,684	134,9600
16,3570	-56,686	134,9650
16,3533	-56,688	134,9700
16,3510	-56,690	134,9750
16,3577	-56,692	134,9800
16,3544	-56,695	134,9850
16,3496	-56,697	134,9900
16,3641	-56,699	134,9950
16,3631	-56,701	135,0000
16,3483	-56,703	135,0050
16,3469	-56,705	135,0100
16,3556	-56,707	135,0150
16,3556	-56,709	135,0200
16,3561	-56,711	135,0250
16,3632	-56,713	135,0300
16,3508	-56,716	135,0350
16,3540	-56,718	135,0400
16,3698	-56,720	135,0450
16,3673	-56,722	135,0500
16,3614	-56,724	135,0550
16,3671	-56,726	135,0600
16,3653	-56,728	135,0650
16,3658	-56,730	135,0700
16,3726	-56,732	135,0750
16,3778	-56,734	135,0800
16,3631	-56,737	135,0850
16,3709	-56,739	135,0900
16,3760	-56,741	135,0950
16,3640	-56,743	135,1000
16,3684	-56,745	135,1050
16,3732	-56,747	135,1100
16,3629	-56,749	135,1150
16,3689	-56,751	135,1200
16,3805	-56,753	135,1250
16,3688	-56,755	135,1300
16,3686	-56,758	135,1350
16,3760	-56,760	135,1400
16,3716	-56,762	135,1450
16,3722	-56,764	135,1500
16,3803	-56,766	135,1550
16,3786	-56,768	135,1600
16,3760	-56,770	135,1650
16,3745	-56,772	135,1700
16,3761	-56,774	135,1750
16,3710	-56,776	135,1800
16,3793	-56,779	135,1850
16,3834	-56,781	135,1900
16,3712	-56,783	135,1950
16,3717	-56,785	135,2000
16,3812	-56,787	135,2050
16,3758	-56,789	135,2100
16,3755	-56,791	135,2150
16,3846	-56,793	135,2200
16,3795	-56,795	135,2250
16,3723	-56,797	135,2300
16,3850	-56,800	135,2350
16,3845	-56,802	135,2400
16,3816	-56,804	135,2450
16,3913	-56,806	135,2500
16,3926	-56,808	135,2550
16,3837	-56,810	135,2600
16,3878	-56,812	135,2650
16,3897	-56,814	135,2700
16,3829	-56,816	135,2750
16,3898	-56,818	135,2800
16,3974	-56,821	135,2850
16,3922	-56,823	135,2900
16,3890	-56,825	135,2950
16,3962	-56,827	135,3000
16,3959	-56,829	135,3050
16,3898	-56,831	135,3100
16,3947	-56,833	135,3150
16,3859	-56,835	135,3200
16,3803	-56,837	135,3250
16,3902	-56,839	135,3300
16,3945	-56,842	135,3350
16,3980	-56,844	135,3400
16,4124	-56,846	135,3450
16,4089	-56,848	135,3500
16,3889	-56,850	135,3550
16,3942	-56,852	135,3600
16,3977	-56,854	135,3650
16,3893	-56,856	135,3700
16,3910	-56,858	135,3750
16,4007	-56,860	135,3800
16,3964	-56,863	135,3850
16,4033	-56,865	135,3900
16,4125	-56,867	135,3950
16,4050	-56,869	135,4000
16,4022	-56,871	135,4050
16,4133	-56,873	135,4100
16,4066	-56,875	135,4150
16,4010	-56,877	135,4200
16,4146	-56,879	135,4250
16,4110	-56,881	135,4300
16,4079	-56,884	135,4350
16,4115	-56,886	135,4400
16,4099	-56,888	135,4450
16,4048	-56,890	135,4500
16,4102	-56,892	135,4550
16,4206	-56,894	135,4600
16,4157	-56,896	135,4650
16,4209	-56,898	135,4700
16,4227	-56,900	135,4750
16,4114	-56,902	135,4800
16,4063	-56,905	135,4850
16,4161	-56,907	135,4900
16,4172	-56,909	135,4950
16,4132	-56,911	135,5000
16,4196	-56,913	135,5050
16,4209	-56,915	135,5100
16,4146	-56,917	135,5150
16,4242	-56,919	135,5200
16,4204	-56,921	135,5250
16,4181	-56,923	135,5300
16,4298	-56,926	135,5350
16,4297	-56,928	135,5400
16,4215	-56,930	135,5450
16,4233	-56,932	135,5500
16,4325	-56,934	135,5550
16,4248	-56,936	135,5600
16,4264	-56,938	135,5650
16,4331	-56,940	135,5700
16,4270	-56,942	135,5750
16,4311	-56,944	135,5800
16,4452	-56,947	135,5850
16,4450	-56,949	135,5900
16,4402	-56,951	135,5950
16,4410	-56,953	135,6000
16,4341	-56,955	135,6050
16,4266	-56,957	135,6100
16,4359	-56,959	135,6150
16,4426	-56,961	135,6200
16,4424	-56,963	135,6250
16,4494	-56,965	135,6300
16,4426	-56,968	135,6350
16,4357	-56,970	135,6400
16,4344	-56,972	135,6450
16,4401	-56,974	135,6500
16,4377	-56,976	135,6550
16,4424	-56,978	135,6600
16,4453	-56,980	135,6650
16,4312	-56,982	135,6700
16,4250	-56,984	135,6750
16,4401	-56,986	135,6800
16,4446	-56,989	135,6850
16,4375	-56,991	135,6900
16,4410	-56,993	135,6950
16,4479	-56,995	135,7000
16,4362	-56,997	135,7050
16,4440	-56,999	135,7100
16,4476	-57,001	135,7150
16,4429	-57,003	135,7200
16,4465	-57,005	135,7250
16,4442	-57,007	135,7300
16,4346	-57,010	135,7350
16,4394	-57,012	135,7400
16,4544	-57,014	135,7450
16,4529	-57,016	135,7500
16,4567	-57,018	135,7550
16,4613	-57,020	135,7600
16,4532	-57,022	135,7650
16,4425	-57,024	135,7700
16,4504	-57,026	135,7750
16,4569	-57,028	135,7800
16,4540	-57,031	135,7850
16,4562	-57,033	135,7900
16,4522	-57,035	135,7950
16,4458	-57,037	135,8000
16,4599	-57,039	135,8050
16,4653	-57,041	135,8100
16,4593	-57,043	135,8150
16,4583	-57,045	135,8200
16,4604	-57,047	135,8250
16,4557	-57,049	135,8300
16,4533	-57,052	135,8350
16,4613	-57,054	135,8400
16,4642	-57,056	135,8450
16,4645	-57,058	135,8500
16,4634	-57,060	135,8550
16,4575	-57,062	135,8600
16,4640	-57,064	135,8650
16,4747	-57,066	135,8700
16,4695	-57,068	135,8750
16,4606	-57,070	135,8800
16,4674	-57,073	135,8850
16,4707	-57,075	135,8900
16,4620	-57,077	135,8950
16,4631	-57,079	135,9000
16,4615	-57,081	135,9050
16,4641	-57,083	135,9100
16,4768	-57,085	135,9150
16,4782	-57,087	135,9200
16,4745	-57,089	135,9250
16,4690	-57,091	135,9300
16,4705	-57,094	135,9350
16,4687	-57,096	135,9400
16,4741	-57,098	135,9450
16,4892	-57,100	135,9500
16,4835	-57,102	135,9550
16,4750	-57,104	135,9600
16,4845	-57,106	135,9650
16,4846	-57,108	135,9700
16,4821	-57,110	135,9750
16,4889	-57,112	135,9800
16,4916	-57,115	135,9850
16,4856	-57,117	135,9900
16,4863	-57,119	135,9950
16,4849	-57,121	136,0000
16,4822	-57,123	136,0050
16,4901	-57,125	136,0100
16,4913	-57,127	136,0150
16,4840	-57,129	136,0200
16,4786	-57,131	136,0250
16,4901	-57,133	136,0300
16,4865	-57,136	136,0350
16,4867	-57,138	136,0400
16,4955	-57,140	136,0450
16,4967	-57,142	136,0500
16,4931	-57,144	136,0550
16,4959	-57,146	136,0600
16,4873	-57,148	136,0650
16,4915	-57,150	136,0700
16,4992	-57,152	136,0750
16,4974	-57,154	136,0800
16,4868	-57,157	136,0850
16,4933	-57,159	136,0900
16,4969	-57,161	136,0950
16,4896	-57,163	136,1000
16,5025	-57,165	136,1050
16,5106	-57,167	136,1100
16,4994	-57,169	136,1150
16,4915	-57,171	136,1200
16,5072	-57,173	136,1250
16,5078	-57,175	136,1300
16,5018	-57,178	136,1350
16,5079	-57,180	136,1400
16,5057	-57,182	136,1450
16,5004	-57,184	136,1500
16,5111	-57,186	136,1550
16,5085	-57,188	136,1600
16,5076	-57,190	136,1650
16,5129	-57,192	136,1700
16,5103	-57,194	136,1750
16,4976	-57,196	136,1800
16,5035	-57,199	136,1850
16,5092	-57,201	136,1900
16,5038	-57,203	136,1950
16,5090	-57,205	136,2000
16,5209	-57,207	136,2050
16,5118	-57,209	136,2100
16,5047	-57,211	136,2150
16,5117	-57,213	136,2200
16,5146	-57,215	136,2250
16,5146	-57,217	136,2300
16,5244	-57,220	136,2350
16,5140	-57,222	136,2400
16,5090	-57,224	136,2450
16,5180	-57,226	136,2500
16,5118	-57,228	136,2550
16,5110	-57,230	136,2600
16,5131	-57,232	136,2650
16,5190	-57,234	136,2700
16,5060	-57,236	136,2750
16,5124	-57,238	136,2800
16,5220	-57,241	136,2850
16,5179	-57,243	136,2900
16,5191	-57,245	136,2950
16,5254	-57,247	136,3000
16,5186	-57,249	136,3050
16,5168	-57,251	136,3100
16,5257	-57,253	136,3150
16,5236	-57,255	136,3200
16,5214	-57,257	136,3250
16,5274	-57,259	136,3300
16,5286	-57,262	136,3350
16,5238	-57,264	136,3400
16,5311	-57,266	136,3450
16,5352	-57,268	136,3500
16,5334	-57,270	136,3550
16,5352	-57,272	136,3600
16,5443	-57,274	136,3650
16,5387	-57,276	136,3700
16,5462	-57,278	136,3750
16,5506	-57,280	136,3800
16,5409	-57,283	136,3850
16,5393	-57,285	136,3900
16,5430	-57,287	136,3950
16,5366	-57,289	136,4000
16,5331	-57,291	136,4050
16,5355	-57,293	136,4100
16,5387	-57,295	136,4150
16,5359	-57,297	136,4200
16,5422	-57,299	136,4250
16,5344	-57,301	136,4300
16,5247	-57,304	136,4350
16,5383	-57,306	136,4400
16,5418	-57,308	136,4450
16,5409	-57,310	136,4500
16,5441	-57,312	136,4550
16,5496	-57,314	136,4600
16,5438	-57,316	136,4650
16,5475	-57,318	136,4700
16,5472	-57,320	136,4750
16,5409	-57,322	136,4800
16,5437	-57,325	136,4850
16,5495	-57,327	136,4900
16,5526	-57,329	136,4950
16,5574	-57,331	136,5000
16,5716	-57,333	136,5050
16,5602	-57,335	136,5100
16,5443	-57,337	136,5150
16,5469	-57,339	136,5200
16,5442	-57,341	136,5250
16,5388	-57,343	136,5300
16,5544	-57,346	136,5350
16,5587	-57,348	136,5400
16,5560	-57,350	136,5450
16,5498	-57,352	136,5500
16,5523	-57,354	136,5550
16,5490	-57,356	136,5600
16,5517	-57,358	136,5650
16,5587	-57,360	136,5700
16,5521	-57,362	136,5750
16,5537	-57,364	136,5800
16,5628	-57,367	136,5850
16,5548	-57,369	136,5900
16,5505	-57,371	136,5950
16,5632	-57,373	136,6000
16,5671	-57,375	136,6050
16,5597	-57,377	136,6100
16,5633	-57,379	136,6150
16,5612	-57,381	136,6200
16,5514	-57,383	136,6250
16,5644	-57,385	136,6300
16,5664	-57,388	136,6350
16,5602	-57,390	136,6400
16,5630	-57,392	136,6450
16,5673	-57,394	136,6500
16,5626	-57,396	136,6550
16,5713	-57,398	136,6600
16,5696	-57,400	136,6650
16,5637	-57,402	136,6700
16,5625	-57,404	136,6750
16,5725	-57,406	136,6800
16,5690	-57,409	136,6850
16,5576	-57,411	136,6900
16,5623	-57,413	136,6950
16,5684	-57,415	136,7000
16,5619	-57,417	136,7050
16,5660	-57,419	136,7100
16,5682	-57,421	136,7150
16,5649	-57,423	136,7200
16,5754	-57,425	136,7250
16,5743	-57,427	136,7300
16,5652	-57,430	136,7350
16,5698	-57,432	136,7400
16,5825	-57,434	136,7450
16,5784	-57,436	136,7500
16,5790	-57,438	136,7550
16,5833	-57,440	136,7600
16,5780	-57,442	136,7650
16,5813	-57,444	136,7700
16,5936	-57,446	136,7750
16,5857	-57,448	136,7800
16,5790	-57,451	136,7850
16,5801	-57,453	136,7900
16,5842	-57,455	136,7950
16,5846	-57,457	136,8000
16,5941	-57,459	136,8050
16,5874	-57,461	136,8100
16,5786	-57,463	136,8150
16,5805	-57,465	136,8200
16,5861	-57,467	136,8250
16,5874	-57,469	136,8300
16,5860	-57,472	136,8350
16,5905	-57,474	136,8400
16,5832	-57,476	136,8450
16,5774	-57,478	136,8500
16,5858	-57,480	136,8550
16,5838	-57,482	136,8600
16,5892	-57,484	136,8650
16,5999	-57,486	136,8700
16,5934	-57,488	136,8750
16,5887	-57,490	136,8800
16,6016	-57,493	136,8850
16,6046	-57,495	136,8900
16,6003	-57,497	136,8950
16,6002	-57,499	136,9000
16,5979	-57,501	136,9050
16,5924	-57,503	136,9100
16,5979	-57,505	136,9150
16,6034	-57,507	136,9200
16,6006	-57,509	136,9250
16,6015	-57,511	136,9300
16,6133	-57,514	136,9350
16,6042	-57,516	136,9400
16,6009	-57,518	136,9450
16,6163	-57,520	136,9500
16,6164	-57,522	136,9550
16,6082	-57,524	136,9600
16,6158	-57,526	136,9650
16,6113	-57,528	136,9700
16,6024	-57,530	136,9750
16,6067	-57,532	136,9800
16,6101	-57,535	136,9850
16,6085	-57,537	136,9900
16,6173	-57,539	136,9950
16,6197	-57,541	137,0000
16,6099	-57,543	137,0050
16,6133	-57,545	137,0100
16,6116	-57,547	137,0150
16,6053	-57,549	137,0200
16,6040	-57,551	137,0250
16,6123	-57,553	137,0300
16,6076	-57,556	137,0350
16,6139	-57,558	137,0400
16,6281	-57,560	137,0450
16,6211	-57,562	137,0500
16,6152	-57,564	137,0550
16,6266	-57,566	137,0600
16,6280	-57,568	137,0650
16,6135	-57,570	137,0700
16,6150	-57,572	137,0750
16,6231	-57,574	137,0800
16,6189	-57,577	137,0850
16,6215	-57,579	137,0900
16,6204	-57,581	137,0950
16,6151	-57,583	137,1000
16,6208	-57,585	137,1050
16,6260	-57,587	137,1100
16,6276	-57,589	137,1150
16,6244	-57,591	137,1200
16,6217	-57,593	137,1250
16,6157	-57,595	137,1300
16,6152	-57,598	137,1350
16,6257	-57,600	137,1400
16,6264	-57,602	137,1450
16,6216	-57,604	137,1500
16,6320	-57,606	137,1550
16,6297	-57,608	137,1600
16,6285	-57,610	137,1650
16,6312	-57,612	137,1700
16,6432	-57,614	137,1750
16,6416	-57,616	137,1800
16,6359	-57,619	137,1850
16,6317	-57,621	137,1900
16,6247	-57,623	137,1950
16,6306	-57,625	137,2000
16,6406	-57,627	137,2050
16,6418	-57,629	137,2100
16,6385	-57,631	137,2150
16,6471	-57,633	137,2200
16,6421	-57,635	137,2250
16,6426	-57,637	137,2300
16,6479	-57,640	137,2350
16,6471	-57,642	137,2400
16,6358	-57,644	137,2450
16,6363	-57,646	137,2500
16,6398	-57,648	137,2550
16,6418	-57,650	137,2600
16,6440	-57,652	137,2650
16,6496	-57,654	137,2700
16,6446	-57,656	137,2750
16,6485	-57,658	137,2800
16,6507	-57,661	137,2850
16,6511	-57,663	137,2900
16,6561	-57,665	137,2950
16,6574	-57,667	137,3000
16,6522	-57,669	137,3050
16,6474	-57,671	137,3100
16,6532	-57,673	137,3150
16,6531	-57,675	137,3200
16,6527	-57,677	137,3250
16,6603	-57,679	137,3300
16,6550	-57,682	137,3350
16,6498	-57,684	137,3400
16,6574	-57,686	137,3450
16,6606	-57,688	137,3500
16,6562	-57,690	137,3550
16,6612	-57,692	137,3600
16,6628	-57,694	137,3650
16,6520	-57,696	137,3700
16,6545	-57,698	137,3750
16,6607	-57,700	137,3800
16,6521	-57,703	137,3850
16,6523	-57,705	137,3900
16,6642	-57,707	137,3950
16,6617	-57,709	137,4000
16,6588	-57,711	137,4050
16,6682	-57,713	137,4100
16,6708	-57,715	137,4150
16,6685	-57,717	137,4200
16,6699	-57,719	137,4250
16,6660	-57,721	137,4300
16,6555	-57,724	137,4350
16,6641	-57,726	137,4400
16,6692	-57,728	137,4450
16,6639	-57,730	137,4500
16,6630	-57,732	137,4550
16,6703	-57,734	137,4600
16,6675	-57,736	137,4650
16,6699	-57,738	137,4700
16,6772	-57,740	137,4750
16,6742	-57,742	137,4800
16,6715	-57,745	137,4850
16,6724	-57,747	137,4900
16,6661	-57,749	137,4950
16,6702	-57,751	137,5000
16,6755	-57,753	137,5050
16,6800	-57,755	137,5100
16,6785	-57,757	137,5150
16,6807	-57,759	137,5200
16,6742	-57,761	137,5250
16,6754	-57,763	137,5300
16,6891	-57,766	137,5350
16,6894	-57,768	137,5400
16,6759	-57,770	137,5450
16,6688	-57,772	137,5500
16,6773	-57,774	137,5550
16,6767	-57,776	137,5600
16,6797	-57,778	137,5650
16,6832	-57,780	137,5700
16,6822	-57,782	137,5750
16,6785	-57,784	137,5800
16,6844	-57,787	137,5850
16,6872	-57,789	137,5900
16,6887	-57,791	137,5950
16,6908	-57,793	137,6000
16,6880	-57,795	137,6050
16,6798	-57,797	137,6100
16,6899	-57,799	137,6150
16,6987	-57,801	137,6200
16,6962	-57,803	137,6250
16,6996	-57,805	137,6300
16,7005	-57,808	137,6350
16,6968	-57,810	137,6400
16,6968	-57,812	137,6450
16,7065	-57,814	137,6500
16,7043	-57,816	137,6550
16,7010	-57,818	137,6600
16,6960	-57,820	137,6650
16,6894	-57,822	137,6700
16,6910	-57,824	137,6750
16,6993	-57,826	137,6800
16,6980	-57,829	137,6850
16,7007	-57,831	137,6900
16,7033	-57,833	137,6950
16,7033	-57,835	137,7000
16,7050	-57,837	137,7050
16,7153	-57,839	137,7100
16,7092	-57,841	137,7150
16,7006	-57,843	137,7200
16,7055	-57,845	137,7250
16,7115	-57,847	137,7300
16,7077	-57,850	137,7350
16,7059	-57,852	137,7400
16,7129	-57,854	137,7450
16,7012	-57,856	137,7500
16,6993	-57,858	137,7550
16,7159	-57,860	137,7600
16,7138	-57,862	137,7650
16,7032	-57,864	137,7700
16,7085	-57,866	137,7750
16,7107	-57,868	137,7800
16,7072	-57,871	137,7850
16,7164	-57,873	137,7900
16,7171	-57,875	137,7950
16,7123	-57,877	137,8000
16,7148	-57,879	137,8050
16,7128	-57,881	137,8100
16,7054	-57,883	137,8150
16,7176	-57,885	137,8200
16,7239	-57,887	137,8250
16,7162	-57,889	137,8300
16,7137	-57,892	137,8350
16,7204	-57,894	137,8400
16,7222	-57,896	137,8450
16,7240	-57,898	137,8500
16,7278	-57,900	137,8550
16,7261	-57,902	137,8600
16,7271	-57,904	137,8650
16,7355	-57,906	137,8700
16,7309	-57,908	137,8750
16,7268	-57,910	137,8800
16,7337	-57,913	137,8850
16,7305	-57,915	137,8900
16,7216	-57,917	137,8950
16,7274	-57,919	137,9000
16,7344	-57,921	137,9050
16,7255	-57,923	137,9100
16,7257	-57,925	137,9150
16,7302	-57,927	137,9200
16,7310	-57,929	137,9250
16,7320	-57,931	137,9300
16,7443	-57,934	137,9350
16,7355	-57,936	137,9400
16,7289	-57,938	137,9450
16,7387	-57,940	137,9500
16,7378	-57,942	137,9550
16,7292	-57,944	137,9600
16,7326	-57,946	137,9650
16,7371	-57,948	137,9700
16,7393	-57,950	137,9750
16,7443	-57,952	137,9800
16,7425	-57,955	137,9850
16,7341	-57,957	137,9900
16,7413	-57,959	137,9950
16,7502	-57,961	138,0000
16,7392	-57,963	138,0050
16,7347	-57,965	138,0100
16,7429	-57,967	138,0150
16,7425	-57,969	138,0200
16,7402	-57,971	138,0250
16,7484	-57,973	138,0300
16,7416	-57,976	138,0350
16,7422	-57,978	138,0400
16,7482	-57,980	138,0450
16,7468	-57,982	138,0500
16,7413	-57,984	138,0550
16,7511	-57,986	138,0600
16,7532	-57,988	138,0650
16,7514	-57,990	138,0700
16,7510	-57,992	138,0750
16,7550	-57,994	138,0800
16,7461	-57,997	138,0850
16,7523	-57,999	138,0900
16,7627	-58,001	138,0950
16,7585	-58,003	138,1000
16,7606	-58,005	138,1050
16,7631	-58,007	138,1100
16,7536	-58,009	138,1150
16,7476	-58,011	138,1200
16,7556	-58,013	138,1250
16,7523	-58,015	138,1300
16,7562	-58,018	138,1350
16,7644	-58,020	138,1400
16,7608	-58,022	138,1450
16,7574	-58,024	138,1500
16,7607	-58,026	138,1550
16,7590	-58,028	138,1600
16,7553	-58,030	138,1650
16,7676	-58,032	138,1700
16,7722	-58,034	138,1750
16,7642	-58,036	138,1800
16,7644	-58,039	138,1850
16,7726	-58,041	138,1900
16,7661	-58,043	138,1950
16,7609	-58,045	138,2000
16,7680	-58,047	138,2050
16,7705	-58,049	138,2100
16,7696	-58,051	138,2150
16,7724	-58,053	138,2200
16,7691	-58,055	138,2250
16,7679	-58,057	138,2300
16,7798	-58,060	138,2350
16,7801	-58,062	138,2400
16,7732	-58,064	138,2450
16,7844	-58,066	138,2500
16,7867	-58,068	138,2550
16,7786	-58,070	138,2600
16,7774	-58,072	138,2650
16,7753	-58,074	138,2700
16,7655	-58,076	138,2750
16,7841	-58,078	138,2800
16,7869	-58,081	138,2850
16,7791	-58,083	138,2900
16,7847	-58,085	138,2950
16,7889	-58,087	138,3000
16,7869	-58,089	138,3050
16,7843	-58,091	138,3100
16,7899	-58,093	138,3150
16,7876	-58,095	138,3200
16,7848	-58,097	138,3250
16,7892	-58,099	138,3300
16,7923	-58,102	138,3350
16,7861	-58,104	138,3400
16,7885	-58,106	138,3450
16,7905	-58,108	138,3500
16,7942	-58,110	138,3550
16,7970	-58,112	138,3600
16,7986	-58,114	138,3650
16,7910	-58,116	138,3700
16,7925	-58,118	138,3750
16,7969	-58,120	138,3800
16,7942	-58,123	138,3850
16,7964	-58,125	138,3900
16,8014	-58,127	138,3950
16,7982	-58,129	138,4000
16,7916	-58,131	138,4050
16,7961	-58,133	138,4100
16,7895	-58,135	138,4150
16,7960	-58,137	138,4200
16,8091	-58,139	138,4250
16,8045	-58,141	138,4300
16,7945	-58,144	138,4350
16,7967	-58,146	138,4400
16,7950	-58,148	138,4450
16,7965	-58,150	138,4500
16,8037	-58,152	138,4550
16,8077	-58,154	138,4600
16,7958	-58,156	138,4650
16,7991	-58,158	138,4700
16,8096	-58,160	138,4750
16,8059	-58,162	138,4800
16,8050	-58,165	138,4850
16,8135	-58,167	138,4900
16,8106	-58,169	138,4950
16,8031	-58,171	138,5000
16,8142	-58,173	138,5050
16,8151	-58,175	138,5100
16,8045	-58,177	138,5150
16,8121	-58,179	138,5200
16,8188	-58,181	138,5250
16,8111	-58,183	138,5300
16,8143	-58,186	138,5350
16,8181	-58,188	138,5400
16,8155	-58,190	138,5450
16,8176	-58,192	138,5500
16,8291	-58,194	138,5550
16,8206	-58,196	138,5600
16,8262	-58,198	138,5650
16,8310	-58,200	138,5700
16,8200	-58,202	138,5750
16,8196	-58,204	138,5800
16,8232	-58,207	138,5850
16,8201	-58,209	138,5900
16,8179	-58,211	138,5950
16,8280	-58,213	138,6000
16,8280	-58,215	138,6050
16,8258	-58,217	138,6100
16,8283	-58,219	138,6150
16,8220	-58,221	138,6200
16,8178	-58,223	138,6250
16,8298	-58,225	138,6300
16,8354	-58,228	138,6350
16,8324	-58,230	138,6400
16,8352	-58,232	138,6450
16,8398	-58,234	138,6500
16,8291	-58,236	138,6550
16,8206	-58,238	138,6600
16,8276	-58,240	138,6650
16,8277	-58,242	138,6700
16,8322	-58,244	138,6750
16,8400	-58,246	138,6800
16,8367	-58,249	138,6850
16,8327	-58,251	138,6900
16,8393	-58,253	138,6950
16,8341	-58,255	138,7000
16,8318	-58,257	138,7050
16,8423	-58,259	138,7100
16,8441	-58,261	138,7150
16,8262	-58,263	138,7200
16,8316	-58,265	138,7250
16,8441	-58,267	138,7300
16,8421	-58,270	138,7350
16,8446	-58,272	138,7400
16,8513	-58,274	138,7450
16,8416	-58,276	138,7500
16,8384	-58,278	138,7550
16,8415	-58,280	138,7600
16,8393	-58,282	138,7650
16,8394	-58,284	138,7700
16,8398	-58,286	138,7750
16,8371	-58,288	138,7800
16,8377	-58,291	138,7850
16,8482	-58,293	138,7900
16,8493	-58,295	138,7950
16,8394	-58,297	138,8000
16,8476	-58,299	138,8050
16,8532	-58,301	138,8100
16,8489	-58,303	138,8150
16,8560	-58,305	138,8200
16,8558	-58,307	138,8250
16,8530	-58,309	138,8300
16,8519	-58,312	138,8350
16,8600	-58,314	138,8400
16,8531	-58,316	138,8450
16,8541	-58,318	138,8500
16,8606	-58,320	138,8550
16,8535	-58,322	138,8600
16,8504	-58,324	138,8650
16,8567	-58,326	138,8700
16,8551	-58,328	138,8750
16,8527	-58,330	138,8800
16,8576	-58,333	138,8850
16,8620	-58,335	138,8900
16,8547	-58,337	138,8950
16,8558	-58,339	138,9000
16,8668	-58,341	138,9050
16,8660	-58,343	138,9100
16,8638	-58,345	138,9150
16,8625	-58,347	138,9200
16,8680	-58,349	138,9250
16,8712	-58,351	138,9300
16,8727	-58,354	138,9350
16,8661	-58,356	138,9400
16,8630	-58,358	138,9450
16,8680	-58,360	138,9500
16,8646	-58,362	138,9550
16,8583	-58,364	138,9600
16,8693	-58,366	138,9650
16,8745	-58,368	138,9700
16,8650	-58,370	138,9750
16,8669	-58,372	138,9800
16,8756	-58,375	138,9850
16,8731	-58,377	138,9900
16,8778	-58,379	138,9950
16,8791	-58,381	139,0000
16,8728	-58,383	139,0050
16,8713	-58,385	139,0100
16,8783	-58,387	139,0150
16,8771	-58,389	139,0200
16,8692	-58,391	139,0250
16,8813	-58,393	139,0300
16,8828	-58,396	139,0350
16,8769	-58,398	139,0400
16,8789	-58,400	139,0450
16,8785	-58,402	139,0500
16,8776	-58,404	139,0550
16,8907	-58,406	139,0600
16,8917	-58,408	139,0650
16,8835	-58,410	139,0700
16,8894	-58,412	139,0750
16,8977	-58,414	139,0800
16,8891	-58,417	139,0850
16,8945	-58,419	139,0900
16,9055	-58,421	139,0950
16,8966	-58,423	139,1000
16,8919	-58,425	139,1050
16,8958	-58,427	139,1100
16,8915	-58,429	139,1150
16,8839	-58,431	139,1200
16,8881	-58,433	139,1250
16,8824	-58,435	139,1300
16,8813	-58,438	139,1350
16,8932	-58,440	139,1400
16,8997	-58,442	139,1450
16,8970	-58,444	139,1500
16,9029	-58,446	139,1550
16,9001	-58,448	139,1600
16,8932	-58,450	139,1650
16,9021	-58,452	139,1700
16,9068	-58,454	139,1750
16,9013	-58,456	139,1800
16,9046	-58,459	139,1850
16,9006	-58,461	139,1900
16,8917	-58,463	139,1950
16,8947	-58,465	139,2000
16,9010	-58,467	139,2050
16,9015	-58,469	139,2100
16,8987	-58,471	139,2150
16,9124	-58,473	139,2200
16,9132	-58,475	139,2250
16,9095	-58,477	139,2300
16,9130	-58,480	139,2350
16,9099	-58,482	139,2400
16,9097	-58,484	139,2450
16,9117	-58,486	139,2500
16,9087	-58,488	139,2550
16,9037	-58,490	139,2600
16,8990	-58,492	139,2650
16,9041	-58,494	139,2700
16,9026	-58,496	139,2750
16,9101	-58,498	139,2800
16,9184	-58,501	139,2850
16,9136	-58,503	139,2900
16,9174	-58,505	139,2950
16,9185	-58,507	139,3000
16,9184	-58,509	139,3050
16,9169	-58,511	139,3100
16,9195	-58,513	139,3150
16,9166	-58,515	139,3200
16,9133	-58,517	139,3250
16,9211	-58,519	139,3300
16,9106	-58,522	139,3350
16,9106	-58,524	139,3400
16,9281	-58,526	139,3450
16,9285	-58,528	139,3500
16,9209	-58,530	139,3550
16,9245	-58,532	139,3600
16,9300	-58,534	139,3650
16,9241	-58,536	139,3700
16,9250	-58,538	139,3750
16,9309	-58,540	139,3800
16,9268	-58,543	139,3850
16,9224	-58,545	139,3900
16,9285	-58,547	139,3950
16,9303	-58,549	139,4000
16,9276	-58,551	139,4050
16,9337	-58,553	139,4100
16,9357	-58,555	139,4150
16,9337	-58,557	139,4200
16,9360	-58,559	139,4250
16,9300	-58,561	139,4300
16,9230	-58,564	139,4350
16,9317	-58,566	139,4400
16,9397	-58,568	139,4450
16,9390	-58,570	139,4500
16,9408	-58,572	139,4550
16,9457	-58,574	139,4600
16,9390	-58,576	139,4650
16,9431	-58,578	139,4700
16,9428	-58,580	139,4750
16,9310	-58,582	139,4800
16,9342	-58,585	139,4850
16,9431	-58,587	139,4900
16,9441	-58,589	139,4950
16,9381	-58,591	139,5000
16,9407	-58,593	139,5050
16,9441	-58,595	139,5100
16,9455	-58,597	139,5150
16,9482	-58,599	139,5200
16,9436	-58,601	139,5250
16,9362	-58,603	139,5300
16,9464	-58,606	139,5350
16,9559	-58,608	139,5400
16,9510	-58,610	139,5450
16,9478	-58,612	139,5500
16,9524	-58,614	139,5550
16,9496	-58,616	139,5600
16,9473	-58,618	139,5650
16,9510	-58,620	139,5700
16,9507	-58,622	139,5750
16,9493	-58,624	139,5800
16,9592	-58,627	139,5850
16,9501	-58,629	139,5900
16,9444	-58,631	139,5950
16,9586	-58,633	139,6000
16,9615	-58,635	139,6050
16,9580	-58,637	139,6100
16,9626	-58,639	139,6150
16,9569	-58,641	139,6200
16,9503	-58,643	139,6250
16,9564	-58,645	139,6300
16,9645	-58,648	139,6350
16,9618	-58,650	139,6400
16,9645	-58,652	139,6450
16,9703	-58,654	139,6500
16,9641	-58,656	139,6550
16,9612	-58,658	139,6600
16,9656	-58,660	139,6650
16,9614	-58,662	139,6700
16,9639	-58,664	139,6750
16,9683	-58,666	139,6800
16,9684	-58,669	139,6850
16,9715	-58,671	139,6900
16,9757	-58,673	139,6950
16,9727	-58,675	139,7000
16,9660	-58,677	139,7050
16,9779	-58,679	139,7100
16,9824	-58,681	139,7150
16,9679	-58,683	139,7200
16,9744	-58,685	139,7250
16,9772	-58,687	139,7300
16,9690	-58,690	139,7350
16,9677	-58,692	139,7400
16,9806	-58,694	139,7450
16,9796	-58,696	139,7500
16,9743	-58,698	139,7550
16,9748	-58,700	139,7600
16,9709	-58,702	139,7650
16,9793	-58,704	139,7700
16,9891	-58,706	139,7750
16,9825	-58,708	139,7800
16,9765	-58,711	139,7850
16,9826	-58,713	139,7900
16,9818	-58,715	139,7950
16,9839	-58,717	139,8000
16,9892	-58,719	139,8050
16,9856	-58,721	139,8100
16,9778	-58,723	139,8150
16,9845	-58,725	139,8200
16,9921	-58,727	139,8250
16,9850	-58,729	139,8300
16,9806	-58,732	139,8350
16,9879	-58,734	139,8400
16,9859	-58,736	139,8450
16,9885	-58,738	139,8500
17,0024	-58,740	139,8550
16,9991	-58,742	139,8600
16,9878	-58,744	139,8650
16,9891	-58,746	139,8700
16,9911	-58,748	139,8750
16,9959	-58,750	139,8800
16,9962	-58,753	139,8850
16,9976	-58,755	139,8900
16,9970	-58,757	139,8950
17,0026	-58,759	139,9000
17,0006	-58,761	139,9050
16,9880	-58,763	139,9100
16,9921	-58,765	139,9150
16,9992	-58,767	139,9200
16,9999	-58,769	139,9250
16,9948	-58,771	139,9300
17,0085	-58,774	139,9350
17,0119	-58,776	139,9400
17,0037	-58,778	139,9450
17,0030	-58,780	139,9500
16,9992	-58,782	139,9550
16,9994	-58,784	139,9600
17,0092	-58,786	139,9650
17,0102	-58,788	139,9700
17,0065	-58,790	139,9750
17,0163	-58,792	139,9800
17,0147	-58,795	139,9850
17,0100	-58,797	139,9900
17,0147	-58,799	139,9950
17,0143	-58,801	140,0000
17,0041	-58,803	140,0050
17,0104	-58,805	140,0100
17,0153	-58,807	140,0150
17,0069	-58,809	140,0200
16,9998	-58,811	140,0250
17,0074	-58,813	140,0300
17,0120	-58,816	140,0350
17,0073	-58,818	140,0400
17,0076	-58,820	140,0450
17,0056	-58,822	140,0500
17,0072	-58,824	140,0550
17,0182	-58,826	140,0600
17,0208	-58,828	140,0650
17,0151	-58,830	140,0700
17,0184	-58,832	140,0750
17,0211	-58,834	140,0800
17,0166	-58,837	140,0850
17,0223	-58,839	140,0900
17,0247	-58,841	140,0950
17,0180	-58,843	140,1000
17,0215	-58,845	140,1050
17,0305	-58,847	140,1100
17,0281	-58,849	140,1150
17,0218	-58,851	140,1200
17,0297	-58,853	140,1250
17,0320	-58,855	140,1300
17,0306	-58,858	140,1350
17,0339	-58,860	140,1400
17,0267	-58,862	140,1450
17,0243	-58,864	140,1500
17,0354	-58,866	140,1550
17,0405	-58,868	140,1600
17,0342	-58,870	140,1650
17,0322	-58,872	140,1700
17,0333	-58,874	140,1750
17,0266	-58,876	140,1800
17,0314	-58,879	140,1850
17,0324	-58,881	140,1900
17,0248	-58,883	140,1950
17,0258	-58,885	140,2000
17,0358	-58,887	140,2050
17,0396	-58,889	140,2100
17,0336	-58,891	140,2150
17,0340	-58,893	140,2200
17,0343	-58,895	140,2250
17,0350	-58,897	140,2300
17,0435	-58,900	140,2350
17,0448	-58,902	140,2400
17,0393	-58,904	140,2450
17,0504	-58,906	140,2500
17,0541	-58,908	140,2550
17,0485	-58,910	140,2600
17,0490	-58,912	140,2650
17,0497	-58,914	140,2700
17,0462	-58,916	140,2750
17,0470	-58,918	140,2800
17,0486	-58,921	140,2850
17,0453	-58,923	140,2900
17,0526	-58,925	140,2950
17,0581	-58,927	140,3000
17,0454	-58,929	140,3050
17,0406	-58,931	140,3100
17,0545	-58,933	140,3150
17,0485	-58,935	140,3200
17,0456	-58,937	140,3250
17,0550	-58,939	140,3300
17,0506	-58,942	140,3350
17,0475	-58,944	140,3400
17,0515	-58,946	140,3450
17,0510	-58,948	140,3500
17,0524	-58,950	140,3550
17,0526	-58,952	140,3600
17,0481	-58,954	140,3650
17,0481	-58,956	140,3700
17,0590	-58,958	140,3750
17,0625	-58,960	140,3800
17,0523	-58,963	140,3850
17,0504	-58,965	140,3900
17,0586	-58,967	140,3950
17,0706	-58,969	140,4000
17,0669	-58,971	140,4050
17,0676	-58,973	140,4100
17,0637	-58,975	140,4150
17,0566	-58,977	140,4200
17,0653	-58,979	140,4250
17,0649	-58,981	140,4300
17,0569	-58,984	140,4350
17,0651	-58,986	140,4400
17,0662	-58,988	140,4450
17,0655	-58,990	140,4500
17,0673	-58,992	140,4550
17,0663	-58,994	140,4600
17,0560	-58,996	140,4650
17,0605	-58,998	140,4700
17,0725	-59,000	140,4750
17,0678	-59,002	140,4800
17,0697	-59,005	140,4850
17,0805	-59,007	140,4900
17,0808	-59,009	140,4950
17,0783	-59,011	140,5000
17,0818	-59,013	140,5050
17,0800	-59,015	140,5100
17,0728	-59,017	140,5150
17,0829	-59,019	140,5200
17,0844	-59,021	140,5250
17,0789	-59,023	140,5300
17,0832	-59,026	140,5350
17,0853	-59,028	140,5400
17,0778	-59,030	140,5450
17,0775	-59,032	140,5500
17,0805	-59,034	140,5550
17,0710	-59,036	140,5600
17,0756	-59,038	140,5650
17,0850	-59,040	140,5700
17,0871	-59,042	140,5750
17,0924	-59,044	140,5800
17,0999	-59,047	140,5850
17,0873	-59,049	140,5900
17,0773	-59,051	140,5950
17,0897	-59,053	140,6000
17,0926	-59,055	140,6050
17,0897	-59,057	140,6100
17,0980	-59,059	140,6150
17,0998	-59,061	140,6200
17,0956	-59,063	140,6250
17,0943	-59,065	140,6300
17,0890	-59,068	140,6350
17,0868	-59,070	140,6400
17,0869	-59,072	140,6450
17,0938	-59,074	140,6500
17,0922	-59,076	140,6550
17,0943	-59,078	140,6600
17,1031	-59,080	140,6650
17,0956	-59,082	140,6700
17,0962	-59,084	140,6750
17,1136	-59,086	140,6800
17,1161	-59,089	140,6850
17,1003	-59,091	140,6900
17,1006	-59,093	140,6950
17,1019	-59,095	140,7000
17,0956	-59,097	140,7050
17,1055	-59,099	140,7100
17,1114	-59,101	140,7150
17,1003	-59,103	140,7200
17,1010	-59,105	140,7250
17,1010	-59,107	140,7300
17,1028	-59,110	140,7350
17,1031	-59,112	140,7400
17,1087	-59,114	140,7450
17,1028	-59,116	140,7500
17,1091	-59,118	140,7550
17,1125	-59,120	140,7600
17,1045	-59,122	140,7650
17,1012	-59,124	140,7700
17,1105	-59,126	140,7750
17,1084	-59,128	140,7800
17,1084	-59,131	140,7850
17,1248	-59,133	140,7900
17,1241	-59,135	140,7950
17,1132	-59,137	140,8000
17,1168	-59,139	140,8050
17,1223	-59,141	140,8100
17,1124	-59,143	140,8150
17,1103	-59,145	140,8200
17,1091	-59,147	140,8250
17,1147	-59,149	140,8300
17,1224	-59,152	140,8350
17,1285	-59,154	140,8400
17,1276	-59,156	140,8450
17,1199	-59,158	140,8500
17,1213	-59,160	140,8550
17,1238	-59,162	140,8600
17,1245	-59,164	140,8650
17,1296	-59,166	140,8700
17,1292	-59,168	140,8750
17,1240	-59,170	140,8800
17,1273	-59,173	140,8850
17,1284	-59,175	140,8900
17,1244	-59,177	140,8950
17,1307	-59,179	140,9000
17,1355	-59,181	140,9050
17,1292	-59,183	140,9100
17,1307	-59,185	140,9150
17,1307	-59,187	140,9200
17,1352	-59,189	140,9250
17,1331	-59,191	140,9300
17,1326	-59,194	140,9350
17,1322	-59,196	140,9400
17,1360	-59,198	140,9450
17,1409	-59,200	140,9500
17,1356	-59,202	140,9550
17,1286	-59,204	140,9600
17,1385	-59,206	140,9650
17,1446	-59,208	140,9700
17,1396	-59,210	140,9750
17,1412	-59,212	140,9800
17,1471	-59,215	140,9850
17,1433	-59,217	140,9900
17,1462	-59,219	140,9950
17,1474	-59,221	141,0000
17,1416	-59,223	141,0050
17,1410	-59,225	141,0100
17,1430	-59,227	141,0150
17,1423	-59,229	141,0200
17,1405	-59,231	141,0250
17,1468	-59,233	141,0300
17,1386	-59,236	141,0350
17,1384	-59,238	141,0400
17,1382	-59,240	141,0450
17,1369	-59,242	141,0500
17,1459	-59,244	141,0550
17,1529	-59,246	141,0600
17,1484	-59,248	141,0650
17,1439	-59,250	141,0700
17,1535	-59,252	141,0750
17,1565	-59,254	141,0800
17,1483	-59,257	141,0850
17,1518	-59,259	141,0900
17,1519	-59,261	141,0950
17,1493	-59,263	141,1000
17,1554	-59,265	141,1050
17,1606	-59,267	141,1100
17,1626	-59,269	141,1150
17,1606	-59,271	141,1200
17,1648	-59,273	141,1250
17,1546	-59,275	141,1300
17,1513	-59,278	141,1350
17,1626	-59,280	141,1400
17,1626	-59,282	141,1450
17,1589	-59,284	141,1500
17,1683	-59,286	141,1550
17,1745	-59,288	141,1600
17,1638	-59,290	141,1650
17,1653	-59,292	141,1700
17,1656	-59,294	141,1750
17,1617	-59,296	141,1800
17,1712	-59,299	141,1850
17,1704	-59,301	141,1900
17,1602	-59,303	141,1950
17,1568	-59,305	141,2000
17,1686	-59,307	141,2050
17,1760	-59,309	141,2100
17,1739	-59,311	141,2150
17,1800	-59,313	141,2200
17,1731	-59,315	141,2250
17,1670	-59,317	141,2300
17,1714	-59,320	141,2350
17,1687	-59,322	141,2400
17,1659	-59,324	141,2450
17,1706	-59,326	141,2500
17,1744	-59,328	141,2550
17,1730	-59,330	141,2600
17,1830	-59,332	141,2650
17,1858	-59,334	141,2700
17,1750	-59,336	141,2750
17,1758	-59,338	141,2800
17,1816	-59,341	141,2850
17,1756	-59,343	141,2900
17,1725	-59,345	141,2950
17,1795	-59,347	141,3000
17,1826	-59,349	141,3050
17,1848	-59,351	141,3100
17,1893	-59,353	141,3150
17,1815	-59,355	141,3200
17,1801	-59,357	141,3250
17,1786	-59,359	141,3300
17,1784	-59,362	141,3350
17,1794	-59,364	141,3400
17,1909	-59,366	141,3450
17,1890	-59,368	141,3500
17,1777	-59,370	141,3550
17,1800	-59,372	141,3600
17,1890	-59,374	141,3650
17,1901	-59,376	141,3700
17,1962	-59,378	141,3750
17,2054	-59,380	141,3800
17,1909	-59,383	141,3850
17,1896	-59,385	141,3900
17,1985	-59,387	141,3950
17,2015	-59,389	141,4000
17,1994	-59,391	141,4050
17,2062	-59,393	141,4100
17,2024	-59,395	141,4150
17,1975	-59,397	141,4200
17,2046	-59,399	141,4250
17,1970	-59,401	141,4300
17,1912	-59,404	141,4350
17,2019	-59,406	141,4400
17,2034	-59,408	141,4450
17,1972	-59,410	141,4500
17,2049	-59,412	141,4550
17,2021	-59,414	141,4600
17,1962	-59,416	141,4650
17,2024	-59,418	141,4700
17,2114	-59,420	141,4750
17,2060	-59,422	141,4800
17,2015	-59,425	141,4850
17,1994	-59,427	141,4900
17,1988	-59,429	141,4950
17,2046	-59,431	141,5000
17,2152	-59,433	141,5050
17,2101	-59,435	141,5100
17,2006	-59,437	141,5150
17,2109	-59,439	141,5200
17,2161	-59,441	141,5250
17,2080	-59,443	141,5300
17,2135	-59,446	141,5350
17,2193	-59,448	141,5400
17,2116	-59,450	141,5450
17,2136	-59,452	141,5500
17,2140	-59,454	141,5550
17,2083	-59,456	141,5600
17,2127	-59,458	141,5650
17,2212	-59,460	141,5700
17,2141	-59,462	141,5750
17,2146	-59,464	141,5800
17,2240	-59,467	141,5850
17,2251	-59,469	141,5900
17,2269	-59,471	141,5950
17,2365	-59,473	141,6000
17,2296	-59,475	141,6050
17,2203	-59,477	141,6100
17,2271	-59,479	141,6150
17,2252	-59,481	141,6200
17,2173	-59,483	141,6250
17,2225	-59,485	141,6300
17,2257	-59,488	141,6350
17,2180	-59,490	141,6400
17,2135	-59,492	141,6450
17,2230	-59,494	141,6500
17,2172	-59,496	141,6550
17,2230	-59,498	141,6600
17,2290	-59,500	141,6650
17,2277	-59,502	141,6700
17,2240	-59,504	141,6750
17,2358	-59,506	141,6800
17,2327	-59,509	141,6850
17,2241	-59,511	141,6900
17,2330	-59,513	141,6950
17,2335	-59,515	141,7000
17,2310	-59,517	141,7050
17,2375	-59,519	141,7100
17,2356	-59,521	141,7150
17,2276	-59,523	141,7200
17,2411	-59,525	141,7250
17,2448	-59,527	141,7300
17,2398	-59,530	141,7350
17,2425	-59,532	141,7400
17,2496	-59,534	141,7450
17,2414	-59,536	141,7500
17,2407	-59,538	141,7550
17,2507	-59,540	141,7600
17,2481	-59,542	141,7650
17,2452	-59,544	141,7700
17,2488	-59,546	141,7750
17,2480	-59,548	141,7800
17,2431	-59,551	141,7850
17,2507	-59,553	141,7900
17,2499	-59,555	141,7950
17,2421	-59,557	141,8000
17,2494	-59,559	141,8050
17,2556	-59,561	141,8100
17,2495	-59,563	141,8150
17,2569	-59,565	141,8200
17,2588	-59,567	141,8250
17,2548	-59,569	141,8300
17,2484	-59,572	141,8350
17,2453	-59,574	141,8400
17,2417	-59,576	141,8450
17,2472	-59,578	141,8500
17,2579	-59,580	141,8550
17,2533	-59,582	141,8600
17,2548	-59,584	141,8650
17,2641	-59,586	141,8700
17,2624	-59,588	141,8750
17,2539	-59,590	141,8800
17,2609	-59,593	141,8850
17,2628	-59,595	141,8900
17,2543	-59,597	141,8950
17,2622	-59,599	141,9000
17,2678	-59,601	141,9050
17,2604	-59,603	141,9100
17,2653	-59,605	141,9150
17,2699	-59,607	141,9200
17,2620	-59,609	141,9250
17,2654	-59,611	141,9300
17,2794	-59,614	141,9350
17,2745	-59,616	141,9400
17,2664	-59,618	141,9450
17,2679	-59,620	141,9500
17,2661	-59,622	141,9550
17,2649	-59,624	141,9600
17,2665	-59,626	141,9650
17,2654	-59,628	141,9700
17,2656	-59,630	141,9750
17,2714	-59,632	141,9800
17,2679	-59,635	141,9850
17,2571	-59,637	141,9900
17,2693	-59,639	141,9950
17,2763	-59,641	142,0000
17,2660	-59,643	142,0050
17,2653	-59,645	142,0100
17,2745	-59,647	142,0150
17,2693	-59,649	142,0200
17,2650	-59,651	142,0250
17,2759	-59,653	142,0300
17,2751	-59,656	142,0350
17,2737	-59,658	142,0400
17,2806	-59,660	142,0450
17,2789	-59,662	142,0500
17,2698	-59,664	142,0550
17,2780	-59,666	142,0600
17,2837	-59,668	142,0650
17,2806	-59,670	142,0700
17,2825	-59,672	142,0750
17,2804	-59,674	142,0800
17,2742	-59,677	142,0850
17,2816	-59,679	142,0900
17,2901	-59,681	142,0950
17,2883	-59,683	142,1000
17,2932	-59,685	142,1050
17,2981	-59,687	142,1100
17,2953	-59,689	142,1150
17,2875	-59,691	142,1200
17,2923	-59,693	142,1250
17,2917	-59,695	142,1300
17,2896	-59,698	142,1350
17,2975	-59,700	142,1400
17,2904	-59,702	142,1450
17,2853	-59,704	142,1500
17,2903	-59,706	142,1550
17,2911	-59,708	142,1600
17,2959	-59,710	142,1650
17,3025	-59,712	142,1700
17,2993	-59,714	142,1750
17,2828	-59,716	142,1800
17,2922	-59,719	142,1850
17,3101	-59,721	142,1900
17,3094	-59,723	142,1950
17,3045	-59,725	142,2000
17,3024	-59,727	142,2050
17,2994	-59,729	142,2100
17,3015	-59,731	142,2150
17,3077	-59,733	142,2200
17,3066	-59,735	142,2250
17,3057	-59,737	142,2300
17,3166	-59,740	142,2350
17,3187	-59,742	142,2400
17,3036	-59,744	142,2450
17,3029	-59,746	142,2500
17,3061	-59,748	142,2550
17,3034	-59,750	142,2600
17,3116	-59,752	142,2650
17,3172	-59,754	142,2700
17,3013	-59,756	142,2750
17,3031	-59,758	142,2800
17,3128	-59,761	142,2850
17,3125	-59,763	142,2900
17,3200	-59,765	142,2950
17,3211	-59,767	142,3000
17,3100	-59,769	142,3050
17,3059	-59,771	142,3100
17,3169	-59,773	142,3150
17,3171	-59,775	142,3200
17,3107	-59,777	142,3250
17,3172	-59,779	142,3300
17,3125	-59,782	142,3350
17,3054	-59,784	142,3400
17,3086	-59,786	142,3450
17,3190	-59,788	142,3500
17,3265	-59,790	142,3550
17,3318	-59,792	142,3600
17,3323	-59,794	142,3650
17,3157	-59,796	142,3700
17,3216	-59,798	142,3750
17,3309	-59,800	142,3800
17,3267	-59,803	142,3850
17,3318	-59,805	142,3900
17,3342	-59,807	142,3950
17,3286	-59,809	142,4000
17,3293	-59,811	142,4050
17,3337	-59,813	142,4100
17,3315	-59,815	142,4150
17,3263	-59,817	142,4200
17,3337	-59,819	142,4250
17,3370	-59,821	142,4300
17,3311	-59,824	142,4350
17,3338	-59,826	142,4400
17,3352	-59,828	142,4450
17,3366	-59,830	142,4500
17,3418	-59,832	142,4550
17,3449	-59,834	142,4600
17,3350	-59,836	142,4650
17,3367	-59,838	142,4700
17,3432	-59,840	142,4750
17,3390	-59,842	142,4800
17,3421	-59,845	142,4850
17,3421	-59,847	142,4900
17,3374	-59,849	142,4950
17,3352	-59,851	142,5000
17,3404	-59,853	142,5050
17,3380	-59,855	142,5100
17,3351	-59,857	142,5150
17,3442	-59,859	142,5200
17,3437	-59,861	142,5250
17,3362	-59,863	142,5300
17,3435	-59,866	142,5350
17,3516	-59,868	142,5400
17,3529	-59,870	142,5450
17,3500	-59,872	142,5500
17,3574	-59,874	142,5550
17,3528	-59,876	142,5600
17,3526	-59,878	142,5650
17,3546	-59,880	142,5700
17,3518	-59,882	142,5750
17,3528	-59,884	142,5800
17,3589	-59,887	142,5850
17,3562	-59,889	142,5900
17,3510	-59,891	142,5950
17,3610	-59,893	142,6000
17,3589	-59,895	142,6050
17,3519	-59,897	142,6100
17,3561	-59,899	142,6150
17,3547	-59,901	142,6200
17,3471	-59,903	142,6250
17,3572	-59,905	142,6300
17,3613	-59,908	142,6350
17,3537	-59,910	142,6400
17,3521	-59,912	142,6450
17,3604	-59,914	142,6500
17,3570	-59,916	142,6550
17,3569	-59,918	142,6600
17,3639	-59,920	142,6650
17,3612	-59,922	142,6700
17,3583	-59,924	142,6750
17,3623	-59,926	142,6800
17,3621	-59,929	142,6850
17,3659	-59,931	142,6900
17,3746	-59,933	142,6950
17,3737	-59,935	142,7000
17,3607	-59,937	142,7050
17,3702	-59,939	142,7100
17,3771	-59,941	142,7150
17,3686	-59,943	142,7200
17,3702	-59,945	142,7250
17,3745	-59,947	142,7300
17,3684	-59,950	142,7350
17,3651	-59,952	142,7400
17,3748	-59,954	142,7450
17,3731	-59,956	142,7500
17,3764	-59,958	142,7550
17,3877	-59,960	142,7600
17,3788	-59,962	142,7650
17,3731	-59,964	142,7700
17,3864	-59,966	142,7750
17,3895	-59,968	142,7800
17,3791	-59,971	142,7850
17,3803	-59,973	142,7900
17,3812	-59,975	142,7950
17,3802	-59,977	142,8000
17,3877	-59,979	142,8050
17,3884	-59,981	142,8100
17,3823	-59,983	142,8150
17,3863	-59,985	142,8200
17,3872	-59,987	142,8250
17,3869	-59,989	142,8300
17,3838	-59,992	142,8350
17,3887	-59,994	142,8400
17,3838	-59,996	142,8450
17,3880	-59,998	142,8500
17,3974	-60,000	142,8550
17,3898	-60,002	142,8600
17,3813	-60,004	142,8650
17,3915	-60,006	142,8700
17,3937	-60,008	142,8750
17,3878	-60,010	142,8800
17,3924	-60,013	142,8850
17,3963	-60,015	142,8900
17,3930	-60,017	142,8950
17,4059	-60,019	142,9000
17,4017	-60,021	142,9050
17,3917	-60,023	142,9100
17,3936	-60,025	142,9150
17,3988	-60,027	142,9200
17,3944	-60,029	142,9250
17,3933	-60,031	142,9300
17,4035	-60,034	142,9350
17,3930	-60,036	142,9400
17,3900	-60,038	142,9450
17,4028	-60,040	142,9500
17,4006	-60,042	142,9550
17,3992	-60,044	142,9600
17,4080	-60,046	142,9650
17,4149	-60,048	142,9700
17,4091	-60,050	142,9750
17,4021	-60,052	142,9800
17,3988	-60,055	142,9850
17,4061	-60,057	142,9900
17,4188	-60,059	142,9950
17,4232	-60,061	143,0000
17,4126	-60,063	143,0050
17,4125	-60,065	143,0100
17,4145	-60,067	143,0150
17,4070	-60,069	143,0200
17,4030	-60,071	143,0250
17,4085	-60,073	143,0300
17,4029	-60,076	143,0350
17,4039	-60,078	143,0400
17,4157	-60,080	143,0450
17,4148	-60,082	143,0500
17,4142	-60,084	143,0550
17,4225	-60,086	143,0600
17,4197	-60,088	143,0650
17,4152	-60,090	143,0700
17,4195	-60,092	143,0750
17,4143	-60,094	143,0800
17,4120	-60,097	143,0850
17,4180	-60,099	143,0900
17,4197	-60,101	143,0950
17,4140	-60,103	143,1000
17,4194	-60,105	143,1050
17,4295	-60,107	143,1100
17,4234	-60,109	143,1150
17,4132	-60,111	143,1200
17,4195	-60,113	143,1250
17,4197	-60,115	143,1300
17,4201	-60,118	143,1350
17,4347	-60,120	143,1400
17,4354	-60,122	143,1450
17,4351	-60,124	143,1500
17,4367	-60,126	143,1550
17,4252	-60,128	143,1600
17,4248	-60,130	143,1650
17,4335	-60,132	143,1700
17,4386	-60,134	143,1750
17,4352	-60,136	143,1800
17,4388	-60,139	143,1850
17,4352	-60,141	143,1900
17,4250	-60,143	143,1950
17,4313	-60,145	143,2000
17,4413	-60,147	143,2050
17,4383	-60,149	143,2100
17,4399	-60,151	143,2150
17,4514	-60,153	143,2200
17,4435	-60,155	143,2250
17,4389	-60,157	143,2300
17,4395	-60,160	143,2350
17,4351	-60,162	143,2400
17,4370	-60,164	143,2450
17,4477	-60,166	143,2500
17,4420	-60,168	143,2550
17,4314	-60,170	143,2600
17,4432	-60,172	143,2650
17,4497	-60,174	143,2700
17,4395	-60,176	143,2750
17,4427	-60,178	143,2800
17,4511	-60,181	143,2850
17,4406	-60,183	143,2900
17,4422	-60,185	143,2950
17,4474	-60,187	143,3000
17,4421	-60,189	143,3050
17,4448	-60,191	143,3100
17,4593	-60,193	143,3150
17,4517	-60,195	143,3200
17,4451	-60,197	143,3250
17,4536	-60,199	143,3300
17,4536	-60,202	143,3350
17,4405	-60,204	143,3400
17,4509	-60,206	143,3450
17,4547	-60,208	143,3500
17,4504	-60,210	143,3550
17,4541	-60,212	143,3600
17,4587	-60,214	143,3650
17,4513	-60,216	143,3700
17,4592	-60,218	143,3750
17,4655	-60,220	143,3800
17,4553	-60,223	143,3850
17,4532	-60,225	143,3900
17,4566	-60,227	143,3950
17,4560	-60,229	143,4000
17,4611	-60,231	143,4050
17,4725	-60,233	143,4100
17,4624	-60,235	143,4150
17,4519	-60,237	143,4200
17,4687	-60,239	143,4250
17,4776	-60,241	143,4300
17,4651	-60,244	143,4350
17,4656	-60,246	143,4400
17,4686	-60,248	143,4450
17,4639	-60,250	143,4500
17,4625	-60,252	143,4550
17,4670	-60,254	143,4600
17,4607	-60,256	143,4650
17,4652	-60,258	143,4700
17,4717	-60,260	143,4750
17,4656	-60,262	143,4800
17,4688	-60,265	143,4850
17,4783	-60,267	143,4900
17,4739	-60,269	143,4950
17,4728	-60,271	143,5000
17,4856	-60,273	143,5050
17,4799	-60,275	143,5100
17,4702	-60,277	143,5150
17,4820	-60,279	143,5200
17,4854	-60,281	143,5250
17,4765	-60,283	143,5300
17,4813	-60,286	143,5350
17,4825	-60,288	143,5400
17,4722	-60,290	143,5450
17,4772	-60,292	143,5500
17,4878	-60,294	143,5550
17,4840	-60,296	143,5600
17,4879	-60,298	143,5650
17,4946	-60,300	143,5700
17,4865	-60,302	143,5750
17,4857	-60,304	143,5800
17,4889	-60,307	143,5850
17,4810	-60,309	143,5900
17,4819	-60,311	143,5950
17,4892	-60,313	143,6000
17,4861	-60,315	143,6050
17,4803	-60,317	143,6100
17,4929	-60,319	143,6150
17,4900	-60,321	143,6200
17,4810	-60,323	143,6250
17,4922	-60,325	143,6300
17,5013	-60,328	143,6350
17,4880	-60,330	143,6400
17,4889	-60,332	143,6450
17,5054	-60,334	143,6500
17,4978	-60,336	143,6550
17,4958	-60,338	143,6600
17,4945	-60,340	143,6650
17,4858	-60,342	143,6700
17,4872	-60,344	143,6750
17,5071	-60,346	143,6800
17,5020	-60,349	143,6850
17,4942	-60,351	143,6900
17,4964	-60,353	143,6950
17,4965	-60,355	143,7000
17,4990	-60,357	143,7050
17,5119	-60,359	143,7100
17,5086	-60,361	143,7150
17,5004	-60,363	143,7200
17,5102	-60,365	143,7250
17,5105	-60,367	143,7300
17,5091	-60,370	143,7350
17,5048	-60,372	143,7400
17,5125	-60,374	143,7450
17,5080	-60,376	143,7500
17,5074	-60,378	143,7550
17,5157	-60,380	143,7600
17,5138	-60,382	143,7650
17,5096	-60,384	143,7700
17,5177	-60,386	143,7750
17,5152	-60,388	143,7800
17,5103	-60,391	143,7850
17,5208	-60,393	143,7900
17,5153	-60,395	143,7950
17,5057	-60,397	143,8000
17,5103	-60,399	143,8050
17,5152	-60,401	143,8100
17,5125	-60,403	143,8150
17,5244	-60,405	143,8200
17,5287	-60,407	143,8250
17,5147	-60,409	143,8300
17,5146	-60,412	143,8350
17,5260	-60,414	143,8400
17,5194	-60,416	143,8450
17,5230	-60,418	143,8500
17,5311	-60,420	143,8550
17,5265	-60,422	143,8600
17,5213	-60,424	143,8650
17,5254	-60,426	143,8700
17,5329	-60,428	143,8750
17,5259	-60,430	143,8800
17,5241	-60,433	143,8850
17,5216	-60,435	143,8900
17,5226	-60,437	143,8950
17,5348	-60,439	143,9000
17,5408	-60,441	143,9050
17,5349	-60,443	143,9100
17,5391	-60,445	143,9150
17,5332	-60,447	143,9200
17,5239	-60,449	143,9250
17,5253	-60,451	143,9300
17,5353	-60,454	143,9350
17,5322	-60,456	143,9400
17,5361	-60,458	143,9450
17,5438	-60,460	143,9500
17,5328	-60,462	143,9550
17,5261	-60,464	143,9600
17,5316	-60,466	143,9650
17,5358	-60,468	143,9700
17,5344	-60,470	143,9750
17,5419	-60,472	143,9800
17,5458	-60,475	143,9850
17,5380	-60,477	143,9900
17,5458	-60,479	143,9950
17,5513	-60,481	144,0000
17,5416	-60,483	144,0050
17,5429	-60,485	144,0100
17,5498	-60,487	144,0150
17,5446	-60,489	144,0200
17,5416	-60,491	144,0250
17,5537	-60,493	144,0300
17,5494	-60,496	144,0350
17,5552	-60,498	144,0400
17,5632	-60,500	144,0450
17,5578	-60,502	144,0500
17,5507	-60,504	144,0550
17,5595	-60,506	144,0600
17,5540	-60,508	144,0650
17,5463	-60,510	144,0700
17,5565	-60,512	144,0750
17,5583	-60,514	144,0800
17,5567	-60,517	144,0850
17,5607	-60,519	144,0900
17,5576	-60,521	144,0950
17,5543	-60,523	144,1000
17,5535	-60,525	144,1050
17,5521	-60,527	144,1100
17,5492	-60,529	144,1150
17,5555	-60,531	144,1200
17,5664	-60,533	144,1250
17,5595	-60,535	144,1300
17,5528	-60,538	144,1350
17,5591	-60,540	144,1400
17,5634	-60,542	144,1450
17,5619	-60,544	144,1500
17,5681	-60,546	144,1550
17,5680	-60,548	144,1600
17,5636	-60,550	144,1650
17,5658	-60,552	144,1700
17,5679	-60,554	144,1750
17,5618	-60,556	144,1800
17,5651	-60,559	144,1850
17,5629	-60,561	144,1900
17,5602	-60,563	144,1950
17,5686	-60,565	144,2000
17,5789	-60,567	144,2050
17,5787	-60,569	144,2100
17,5704	-60,571	144,2150
17,5768	-60,573	144,2200
17,5759	-60,575	144,2250
17,5732	-60,577	144,2300
17,5796	-60,580	144,2350
17,5736	-60,582	144,2400
17,5666	-60,584	144,2450
17,5786	-60,586	144,2500
17,5834	-60,588	144,2550
17,5816	-60,590	144,2600
17,5779	-60,592	144,2650
17,5756	-60,594	144,2700
17,5682	-60,596	144,2750
17,5801	-60,598	144,2800
17,5923	-60,601	144,2850
17,5786	-60,603	144,2900
17,5781	-60,605	144,2950
17,5853	-60,607	144,3000
17,5785	-60,609	144,3050
17,5773	-60,611	144,3100
17,5869	-60,613	144,3150
17,5825	-60,615	144,3200
17,5833	-60,617	144,3250
17,5953	-60,619	144,3300
17,5898	-60,622	144,3350
17,5822	-60,624	144,3400
17,5898	-60,626	144,3450
17,5904	-60,628	144,3500
17,5876	-60,630	144,3550
17,5932	-60,632	144,3600
17,5990	-60,634	144,3650
17,5908	-60,636	144,3700
17,5934	-60,638	144,3750
17,5985	-60,640	144,3800
17,6016	-60,643	144,3850
17,6054	-60,645	144,3900
17,6047	-60,647	144,3950
17,5942	-60,649	144,4000
17,5903	-60,651	144,4050
17,5971	-60,653	144,4100
17,5921	-60,655	144,4150
17,5963	-60,657	144,4200
17,6051	-60,659	144,4250
17,6026	-60,661	144,4300
17,5929	-60,664	144,4350
17,6046	-60,666	144,4400
17,6030	-60,668	144,4450
17,5945	-60,670	144,4500
17,5960	-60,672	144,4550
17,6048	-60,674	144,4600
17,5996	-60,676	144,4650
17,6137	-60,678	144,4700
17,6155	-60,680	144,4750
17,6027	-60,682	144,4800
17,5994	-60,685	144,4850
17,6055	-60,687	144,4900
17,6082	-60,689	144,4950
17,6121	-60,691	144,5000
17,6191	-60,693	144,5050
17,6170	-60,695	144,5100
17,6111	-60,697	144,5150
17,6193	-60,699	144,5200
17,6211	-60,701	144,5250
17,6165	-60,703	144,5300
17,6186	-60,706	144,5350
17,6199	-60,708	144,5400
17,6150	-60,710	144,5450
17,6119	-60,712	144,5500
17,6223	-60,714	144,5550
17,6159	-60,716	144,5600
17,6148	-60,718	144,5650
17,6216	-60,720	144,5700
17,6152	-60,722	144,5750
17,6216	-60,724	144,5800
17,6260	-60,727	144,5850
17,6191	-60,729	144,5900
17,6150	-60,731	144,5950
17,6263	-60,733	144,6000
17,6341	-60,735	144,6050
17,6224	-60,737	144,6100
17,6209	-60,739	144,6150
17,6276	-60,741	144,6200
17,6257	-60,743	144,6250
17,6340	-60,745	144,6300
17,6340	-60,748	144,6350
17,6271	-60,750	144,6400
17,6288	-60,752	144,6450
17,6396	-60,754	144,6500
17,6333	-60,756	144,6550
17,6370	-60,758	144,6600
17,6389	-60,760	144,6650
17,6309	-60,762	144,6700
17,6324	-60,764	144,6750
17,6450	-60,766	144,6800
17,6416	-60,769	144,6850
17,6316	-60,771	144,6900
17,6420	-60,773	144,6950
17,6428	-60,775	144,7000
17,6450	-60,777	144,7050
17,6548	-60,779	144,7100
17,6501	-60,781	144,7150
17,6328	-60,783	144,7200
17,6378	-60,785	144,7250
17,6434	-60,787	144,7300
17,6455	-60,790	144,7350
17,6410	-60,792	144,7400
17,6440	-60,794	144,7450
17,6407	-60,796	144,7500
17,6487	-60,798	144,7550
17,6508	-60,800	144,7600
17,6432	-60,802	144,7650
17,6448	-60,804	144,7700
17,6578	-60,806	144,7750
17,6570	-60,808	144,7800
17,6500	-60,811	144,7850
17,6535	-60,813	144,7900
17,6526	-60,815	144,7950
17,6423	-60,817	144,8000
17,6503	-60,819	144,8050
17,6591	-60,821	144,8100
17,6575	-60,823	144,8150
17,6612	-60,825	144,8200
17,6605	-60,827	144,8250
17,6528	-60,829	144,8300
17,6575	-60,832	144,8350
17,6679	-60,834	144,8400
17,6599	-60,836	144,8450
17,6566	-60,838	144,8500
17,6599	-60,840	144,8550
17,6581	-60,842	144,8600
17,6584	-60,844	144,8650
17,6636	-60,846	144,8700
17,6618	-60,848	144,8750
17,6543	-60,850	144,8800
17,6568	-60,853	144,8850
17,6601	-60,855	144,8900
17,6585	-60,857	144,8950
17,6678	-60,859	144,9000
17,6736	-60,861	144,9050
17,6639	-60,863	144,9100
17,6721	-60,865	144,9150
17,6753	-60,867	144,9200
17,6731	-60,869	144,9250
17,6674	-60,871	144,9300
17,6727	-60,874	144,9350
17,6706	-60,876	144,9400
17,6714	-60,878	144,9450
17,6721	-60,880	144,9500
17,6609	-60,882	144,9550
17,6667	-60,884	144,9600
17,6830	-60,886	144,9650
17,6820	-60,888	144,9700
17,6714	-60,890	144,9750
17,6748	-60,892	144,9800
17,6823	-60,895	144,9850
17,6761	-60,897	144,9900
17,6806	-60,899	144,9950
17,6838	-60,901	145,0000
17,6776	-60,903	145,0050
17,6815	-60,905	145,0100
17,6851	-60,907	145,0150
17,6784	-60,909	145,0200
17,6754	-60,911	145,0250
17,6831	-60,913	145,0300
17,6780	-60,916	145,0350
17,6772	-60,918	145,0400
17,6813	-60,920	145,0450
17,6799	-60,922	145,0500
17,6784	-60,924	145,0550
17,6845	-60,926	145,0600
17,6820	-60,928	145,0650
17,6795	-60,930	145,0700
17,6871	-60,932	145,0750
17,6941	-60,934	145,0800
17,6836	-60,937	145,0850
17,6888	-60,939	145,0900
17,6908	-60,941	145,0950
17,6858	-60,943	145,1000
17,6861	-60,945	145,1050
17,6970	-60,947	145,1100
17,6949	-60,949	145,1150
17,6928	-60,951	145,1200
17,7000	-60,953	145,1250
17,6900	-60,955	145,1300
17,6929	-60,958	145,1350
17,7067	-60,960	145,1400
17,6984	-60,962	145,1450
17,6964	-60,964	145,1500
17,7055	-60,966	145,1550
17,7016	-60,968	145,1600
17,6975	-60,970	145,1650
17,6945	-60,972	145,1700
17,7009	-60,974	145,1750
17,6996	-60,976	145,1800
17,7015	-60,979	145,1850
17,7037	-60,981	145,1900
17,6967	-60,983	145,1950
17,7050	-60,985	145,2000
17,7063	-60,987	145,2050
17,7004	-60,989	145,2100
17,6984	-60,991	145,2150
17,7109	-60,993	145,2200
17,7011	-60,995	145,2250
17,6950	-60,997	145,2300
17,7055	-61,000	145,2350
17,7069	-61,002	145,2400
17,7088	-61,004	145,2450
17,7149	-61,006	145,2500
17,7113	-61,008	145,2550
17,6994	-61,010	145,2600
17,7042	-61,012	145,2650
17,7166	-61,014	145,2700
17,7153	-61,016	145,2750
17,7219	-61,018	145,2800
17,7243	-61,021	145,2850
17,7179	-61,023	145,2900
17,7167	-61,025	145,2950
17,7209	-61,027	145,3000
17,7159	-61,029	145,3050
17,7185	-61,031	145,3100
17,7259	-61,033	145,3150
17,7235	-61,035	145,3200
17,7174	-61,037	145,3250
17,7268	-61,039	145,3300
17,7265	-61,042	145,3350
17,7255	-61,044	145,3400
17,7343	-61,046	145,3450
17,7376	-61,048	145,3500
17,7264	-61,050	145,3550
17,7295	-61,052	145,3600
17,7326	-61,054	145,3650
17,7254	-61,056	145,3700
17,7268	-61,058	145,3750
17,7317	-61,060	145,3800
17,7262	-61,063	145,3850
17,7278	-61,065	145,3900
17,7340	-61,067	145,3950
17,7313	-61,069	145,4000
17,7269	-61,071	145,4050
17,7371	-61,073	145,4100
17,7283	-61,075	145,4150
17,7187	-61,077	145,4200
17,7284	-61,079	145,4250
17,7308	-61,081	145,4300
17,7292	-61,084	145,4350
17,7371	-61,086	145,4400
17,7328	-61,088	145,4450
17,7329	-61,090	145,4500
17,7431	-61,092	145,4550
17,7451	-61,094	145,4600
17,7351	-61,096	145,4650
17,7399	-61,098	145,4700
17,7409	-61,100	145,4750
17,7322	-61,102	145,4800
17,7328	-61,105	145,4850
17,7426	-61,107	145,4900
17,7386	-61,109	145,4950
17,7397	-61,111	145,5000
17,7537	-61,113	145,5050
17,7552	-61,115	145,5100
17,7491	-61,117	145,5150
17,7553	-61,119	145,5200
17,7492	-61,121	145,5250
17,7390	-61,123	145,5300
17,7457	-61,126	145,5350
17,7533	-61,128	145,5400
17,7473	-61,130	145,5450
17,7429	-61,132	145,5500
17,7525	-61,134	145,5550
17,7476	-61,136	145,5600
17,7489	-61,138	145,5650
17,7623	-61,140	145,5700
17,7523	-61,142	145,5750
17,7524	-61,144	145,5800
17,7594	-61,147	145,5850
17,7555	-61,149	145,5900
17,7497	-61,151	145,5950
17,7604	-61,153	145,6000
17,7575	-61,155	145,6050
17,7462	-61,157	145,6100
17,7516	-61,159	145,6150
17,7564	-61,161	145,6200
17,7522	-61,163	145,6250
17,7590	-61,165	145,6300
17,7622	-61,168	145,6350
17,7568	-61,170	145,6400
17,7534	-61,172	145,6450
17,7666	-61,174	145,6500
17,7606	-61,176	145,6550
17,7626	-61,178	145,6600
17,7738	-61,180	145,6650
17,7651	-61,182	145,6700
17,7604	-61,184	145,6750
17,7636	-61,186	145,6800
17,7612	-61,189	145,6850
17,7628	-61,191	145,6900
17,7747	-61,193	145,6950
17,7685	-61,195	145,7000
17,7627	-61,197	145,7050
17,7763	-61,199	145,7100
17,7697	-61,201	145,7150
17,7644	-61,203	145,7200
17,7740	-61,205	145,7250
17,7739	-61,207	145,7300
17,7664	-61,210	145,7350
17,7683	-61,212	145,7400
17,7792	-61,214	145,7450
17,7730	-61,216	145,7500
17,7723	-61,218	145,7550
17,7818	-61,220	145,7600
17,7823	-61,222	145,7650
17,7792	-61,224	145,7700
17,7902	-61,226	145,7750
17,7860	-61,228	145,7800
17,7757	-61,231	145,7850
17,7836	-61,233	145,7900
17,7841	-61,235	145,7950
17,7808	-61,237	145,8000
17,7835	-61,239	145,8050
17,7778	-61,241	145,8100
17,7740	-61,243	145,8150
17,7851	-61,245	145,8200
17,7917	-61,247	145,8250
17,7862	-61,249	145,8300
17,7829	-61,252	145,8350
17,7885	-61,254	145,8400
17,7883	-61,256	145,8450
17,7940	-61,258	145,8500
17,8054	-61,260	145,8550
17,7943	-61,262	145,8600
17,7804	-61,264	145,8650
17,7878	-61,266	145,8700
17,7906	-61,268	145,8750
17,7848	-61,270	145,8800
17,7922	-61,273	145,8850
17,7933	-61,275	145,8900
17,7839	-61,277	145,8950
17,7952	-61,279	145,9000
17,8001	-61,281	145,9050
17,7899	-61,283	145,9100
17,7944	-61,285	145,9150
17,8022	-61,287	145,9200
17,7983	-61,289	145,9250
17,7973	-61,291	145,9300
17,8054	-61,294	145,9350
17,7964	-61,296	145,9400
17,7971	-61,298	145,9450
17,8072	-61,300	145,9500
17,8062	-61,302	145,9550
17,7988	-61,304	145,9600
17,8068	-61,306	145,9650
17,8104	-61,308	145,9700
17,8049	-61,310	145,9750
17,8085	-61,312	145,9800
17,8103	-61,315	145,9850
17,7995	-61,317	145,9900
17,8093	-61,319	145,9950
17,8159	-61,321	146,0000
17,8047	-61,323	146,0050
17,8121	-61,325	146,0100
17,8171	-61,327	146,0150
17,8065	-61,329	146,0200
17,8041	-61,331	146,0250
17,8198	-61,333	146,0300
17,8161	-61,336	146,0350
17,8122	-61,338	146,0400
17,8157	-61,340	146,0450
17,8120	-61,342	146,0500
17,8144	-61,344	146,0550
17,8270	-61,346	146,0600
17,8297	-61,348	146,0650
17,8218	-61,350	146,0700
17,8197	-61,352	146,0750
17,8136	-61,354	146,0800
17,8078	-61,357	146,0850
17,8233	-61,359	146,0900
17,8247	-61,361	146,0950
17,8116	-61,363	146,1000
17,8187	-61,365	146,1050
17,8299	-61,367	146,1100
17,8261	-61,369	146,1150
17,8207	-61,371	146,1200
17,8260	-61,373	146,1250
17,8258	-61,375	146,1300
17,8204	-61,378	146,1350
17,8326	-61,380	146,1400
17,8345	-61,382	146,1450
17,8273	-61,384	146,1500
17,8328	-61,386	146,1550
17,8332	-61,388	146,1600
17,8332	-61,390	146,1650
17,8323	-61,392	146,1700
17,8379	-61,394	146,1750
17,8336	-61,396	146,1800
17,8353	-61,399	146,1850
17,8347	-61,401	146,1900
17,8320	-61,403	146,1950
17,8405	-61,405	146,2000
17,8460	-61,407	146,2050
17,8331	-61,409	146,2100
17,8331	-61,411	146,2150
17,8409	-61,413	146,2200
17,8398	-61,415	146,2250
17,8352	-61,417	146,2300
17,8464	-61,420	146,2350
17,8378	-61,422	146,2400
17,8306	-61,424	146,2450
17,8441	-61,426	146,2500
17,8405	-61,428	146,2550
17,8367	-61,430	146,2600
17,8443	-61,432	146,2650
17,8497	-61,434	146,2700
17,8399	-61,436	146,2750
17,8430	-61,438	146,2800
17,8477	-61,441	146,2850
17,8375	-61,443	146,2900
17,8410	-61,445	146,2950
17,8555	-61,447	146,3000
17,8505	-61,449	146,3050
17,8457	-61,451	146,3100
17,8521	-61,453	146,3150
17,8488	-61,455	146,3200
17,8440	-61,457	146,3250
17,8547	-61,459	146,3300
17,8523	-61,462	146,3350
17,8531	-61,464	146,3400
17,8605	-61,466	146,3450
17,8596	-61,468	146,3500
17,8542	-61,470	146,3550
17,8580	-61,472	146,3600
17,8617	-61,474	146,3650
17,8508	-61,476	146,3700
17,8533	-61,478	146,3750
17,8577	-61,480	146,3800
17,8496	-61,483	146,3850
17,8489	-61,485	146,3900
17,8576	-61,487	146,3950
17,8570	-61,489	146,4000
17,8568	-61,491	146,4050
17,8602	-61,493	146,4100
17,8609	-61,495	146,4150
17,8597	-61,497	146,4200
17,8662	-61,499	146,4250
17,8585	-61,501	146,4300
17,8566	-61,504	146,4350
17,8690	-61,506	146,4400
17,8709	-61,508	146,4450
17,8726	-61,510	146,4500
17,8762	-61,512	146,4550
17,8750	-61,514	146,4600
17,8659	-61,516	146,4650
17,8731	-61,518	146,4700
17,8863	-61,520	146,4750
17,8794	-61,522	146,4800
17,8795	-61,525	146,4850
17,8877	-61,527	146,4900
17,8806	-61,529	146,4950
17,8724	-61,531	146,5000
17,8768	-61,533	146,5050
17,8739	-61,535	146,5100
17,8716	-61,537	146,5150
17,8822	-61,539	146,5200
17,8812	-61,541	146,5250
17,8699	-61,543	146,5300
17,8781	-61,546	146,5350
17,8864	-61,548	146,5400
17,8873	-61,550	146,5450
17,8879	-61,552	146,5500
17,8975	-61,554	146,5550
17,8886	-61,556	146,5600
17,8841	-61,558	146,5650
17,8867	-61,560	146,5700
17,8770	-61,562	146,5750
17,8754	-61,564	146,5800
17,8834	-61,567	146,5850
17,8831	-61,569	146,5900
17,8849	-61,571	146,5950
17,8935	-61,573	146,6000
17,8965	-61,575	146,6050
17,8946	-61,577	146,6100
17,8948	-61,579	146,6150
17,8912	-61,581	146,6200
17,8876	-61,583	146,6250
17,8945	-61,585	146,6300
17,8996	-61,588	146,6350
17,8990	-61,590	146,6400
17,8947	-61,592	146,6450
17,8971	-61,594	146,6500
17,8906	-61,596	146,6550
17,8953	-61,598	146,6600
17,9064	-61,600	146,6650
17,9025	-61,602	146,6700
17,9000	-61,604	146,6750
17,9072	-61,606	146,6800
17,9015	-61,609	146,6850
17,8973	-61,611	146,6900
17,9043	-61,613	146,6950
17,9072	-61,615	146,7000
17,9054	-61,617	146,7050
17,9156	-61,619	146,7100
17,9145	-61,621	146,7150
17,9054	-61,623	146,7200
17,9040	-61,625	146,7250
17,9073	-61,627	146,7300
17,9074	-61,630	146,7350
17,9053	-61,632	146,7400
17,9148	-61,634	146,7450
17,9113	-61,636	146,7500
17,9060	-61,638	146,7550
17,9107	-61,640	146,7600
17,9075	-61,642	146,7650
17,9056	-61,644	146,7700
17,9098	-61,646	146,7750
17,9084	-61,648	146,7800
17,9064	-61,651	146,7850
17,9237	-61,653	146,7900
17,9257	-61,655	146,7950
17,9200	-61,657	146,8000
17,9258	-61,659	146,8050
17,9284	-61,661	146,8100
17,9206	-61,663	146,8150
17,9203	-61,665	146,8200
17,9222	-61,667	146,8250
17,9226	-61,669	146,8300
17,9186	-61,672	146,8350
17,9201	-61,674	146,8400
17,9186	-61,676	146,8450
17,9262	-61,678	146,8500
17,9329	-61,680	146,8550
17,9173	-61,682	146,8600
17,9169	-61,684	146,8650
17,9267	-61,686	146,8700
17,9252	-61,688	146,8750
17,9268	-61,690	146,8800
17,9293	-61,693	146,8850
17,9286	-61,695	146,8900
17,9229	-61,697	146,8950
17,9345	-61,699	146,9000
17,9415	-61,701	146,9050
17,9324	-61,703	146,9100
17,9304	-61,705	146,9150
17,9334	-61,707	146,9200
17,9324	-61,709	146,9250
17,9389	-61,711	146,9300
17,9447	-61,714	146,9350
17,9326	-61,716	146,9400
17,9294	-61,718	146,9450
17,9451	-61,720	146,9500
17,9445	-61,722	146,9550
17,9397	-61,724	146,9600
17,9439	-61,726	146,9650
17,9384	-61,728	146,9700
17,9280	-61,730	146,9750
17,9291	-61,732	146,9800
17,9423	-61,735	146,9850
17,9386	-61,737	146,9900
17,9453	-61,739	146,9950
17,9465	-61,741	147,0000
17,9355	-61,743	147,0050
17,9431	-61,745	147,0100
17,9477	-61,747	147,0150
17,9480	-61,749	147,0200
17,9469	-61,751	147,0250
17,9555	-61,753	147,0300
17,9524	-61,756	147,0350
17,9475	-61,758	147,0400
17,9539	-61,760	147,0450
17,9566	-61,762	147,0500
17,9497	-61,764	147,0550
17,9535	-61,766	147,0600
17,9513	-61,768	147,0650
17,9473	-61,770	147,0700
17,9525	-61,772	147,0750
17,9577	-61,774	147,0800
17,9520	-61,777	147,0850
17,9585	-61,779	147,0900
17,9659	-61,781	147,0950
17,9561	-61,783	147,1000
17,9539	-61,785	147,1050
17,9591	-61,787	147,1100
17,9572	-61,789	147,1150
17,9544	-61,791	147,1200
17,9658	-61,793	147,1250
17,9627	-61,795	147,1300
17,9619	-61,798	147,1350
17,9701	-61,800	147,1400
17,9675	-61,802	147,1450
17,9642	-61,804	147,1500
17,9720	-61,806	147,1550
17,9713	-61,808	147,1600
17,9647	-61,810	147,1650
17,9680	-61,812	147,1700
17,9739	-61,814	147,1750
17,9698	-61,816	147,1800
17,9764	-61,819	147,1850
17,9818	-61,821	147,1900
17,9717	-61,823	147,1950
17,9743	-61,825	147,2000
17,9777	-61,827	147,2050
17,9712	-61,829	147,2100
17,9750	-61,831	147,2150
17,9786	-61,833	147,2200
17,9761	-61,835	147,2250
17,9752	-61,837	147,2300
17,9824	-61,840	147,2350
17,9844	-61,842	147,2400
17,9774	-61,844	147,2450
17,9850	-61,846	147,2500
17,9830	-61,848	147,2550
17,9806	-61,850	147,2600
17,9858	-61,852	147,2650
17,9838	-61,854	147,2700
17,9757	-61,856	147,2750
17,9845	-61,858	147,2800
17,9886	-61,861	147,2850
17,9722	-61,863	147,2900
17,9786	-61,865	147,2950
17,9894	-61,867	147,3000
17,9898	-61,869	147,3050
17,9892	-61,871	147,3100
17,9989	-61,873	147,3150
17,9898	-61,875	147,3200
17,9835	-61,877	147,3250
17,9892	-61,879	147,3300
17,9965	-61,882	147,3350
17,9938	-61,884	147,3400
17,9997	-61,886	147,3450
17,9989	-61,888	147,3500
17,9908	-61,890	147,3550
17,9950	-61,892	147,3600
17,9989	-61,894	147,3650
17,9906	-61,896	147,3700
17,9947	-61,898	147,3750
17,9976	-61,900	147,3800
17,9904	-61,903	147,3850
17,9926	-61,905	147,3900
17,9989	-61,907	147,3950
18,0007	-61,909	147,4000
17,9981	-61,911	147,4050
18,0085	-61,913	147,4100
18,0090	-61,915	147,4150
18,0015	-61,917	147,4200
18,0114	-61,919	147,4250
18,0094	-61,921	147,4300
17,9989	-61,924	147,4350
18,0080	-61,926	147,4400
18,0084	-61,928	147,4450
17,9962	-61,930	147,4500
18,0008	-61,932	147,4550
18,0142	-61,934	147,4600
18,0042	-61,936	147,4650
18,0022	-61,938	147,4700
18,0074	-61,940	147,4750
18,0062	-61,942	147,4800
18,0052	-61,945	147,4850
18,0161	-61,947	147,4900
18,0168	-61,949	147,4950
18,0126	-61,951	147,5000
18,0157	-61,953	147,5050
18,0120	-61,955	147,5100
18,0093	-61,957	147,5150
18,0223	-61,959	147,5200
18,0216	-61,961	147,5250
18,0157	-61,963	147,5300
18,0227	-61,966	147,5350
18,0245	-61,968	147,5400
18,0205	-61,970	147,5450
18,0245	-61,972	147,5500
18,0338	-61,974	147,5550
18,0209	-61,976	147,5600
18,0195	-61,978	147,5650
18,0265	-61,980	147,5700
18,0226	-61,982	147,5750
18,0249	-61,984	147,5800
18,0232	-61,987	147,5850
18,0187	-61,989	147,5900
18,0185	-61,991	147,5950
18,0265	-61,993	147,6000
18,0271	-61,995	147,6050
18,0274	-61,997	147,6100
18,0311	-61,999	147,6150
18,0250	-62,001	147,6200
18,0228	-62,003	147,6250
18,0280	-62,005	147,6300
18,0360	-62,008	147,6350
18,0333	-62,010	147,6400
18,0376	-62,012	147,6450
18,0446	-62,014	147,6500
18,0382	-62,016	147,6550
18,0400	-62,018	147,6600
18,0446	-62,020	147,6650
18,0381	-62,022	147,6700
18,0352	-62,024	147,6750
18,0446	-62,026	147,6800
18,0410	-62,029	147,6850
18,0378	-62,031	147,6900
18,0429	-62,033	147,6950
18,0444	-62,035	147,7000
18,0395	-62,037	147,7050
18,0468	-62,039	147,7100
18,0446	-62,041	147,7150
18,0435	-62,043	147,7200
18,0467	-62,045	147,7250
18,0433	-62,047	147,7300
18,0451	-62,050	147,7350
18,0546	-62,052	147,7400
18,0605	-62,054	147,7450
18,0554	-62,056	147,7500
18,0543	-62,058	147,7550
18,0588	-62,060	147,7600
18,0540	-62,062	147,7650
18,0517	-62,064	147,7700
18,0542	-62,066	147,7750
18,0529	-62,068	147,7800
18,0571	-62,071	147,7850
18,0624	-62,073	147,7900
18,0589	-62,075	147,7950
18,0554	-62,077	147,8000
18,0548	-62,079	147,8050
18,0539	-62,081	147,8100
18,0542	-62,083	147,8150
18,0621	-62,085	147,8200
18,0628	-62,087	147,8250
18,0592	-62,089	147,8300
18,0603	-62,092	147,8350
18,0681	-62,094	147,8400
18,0567	-62,096	147,8450
18,0604	-62,098	147,8500
18,0691	-62,100	147,8550
18,0636	-62,102	147,8600
18,0592	-62,104	147,8650
18,0696	-62,106	147,8700
18,0769	-62,108	147,8750
18,0741	-62,110	147,8800
18,0727	-62,113	147,8850
18,0786	-62,115	147,8900
18,0747	-62,117	147,8950
18,0783	-62,119	147,9000
18,0774	-62,121	147,9050
18,0690	-62,123	147,9100
18,0743	-62,125	147,9150
18,0752	-62,127	147,9200
18,0692	-62,129	147,9250
18,0730	-62,131	147,9300
18,0766	-62,134	147,9350
18,0700	-62,136	147,9400
18,0742	-62,138	147,9450
18,0823	-62,140	147,9500
18,0769	-62,142	147,9550
18,0718	-62,144	147,9600
18,0808	-62,146	147,9650
18,0792	-62,148	147,9700
18,0755	-62,150	147,9750
18,0785	-62,152	147,9800
18,0804	-62,155	147,9850
18,0771	-62,157	147,9900
18,0841	-62,159	147,9950
18,0866	-62,161	148,0000
18,0757	-62,163	148,0050
18,0799	-62,165	148,0100
18,0846	-62,167	148,0150
18,0810	-62,169	148,0200
18,0844	-62,171	148,0250
18,0895	-62,173	148,0300
18,0842	-62,176	148,0350
18,0846	-62,178	148,0400
18,0993	-62,180	148,0450
18,0929	-62,182	148,0500
18,0822	-62,184	148,0550
18,0972	-62,186	148,0600
18,0962	-62,188	148,0650
18,0877	-62,190	148,0700
18,0876	-62,192	148,0750
18,0965	-62,194	148,0800
18,0925	-62,197	148,0850
18,0991	-62,199	148,0900
18,0998	-62,201	148,0950
18,0890	-62,203	148,1000
18,0946	-62,205	148,1050
18,1069	-62,207	148,1100
18,1015	-62,209	148,1150
18,0940	-62,211	148,1200
18,1036	-62,213	148,1250
18,1021	-62,215	148,1300
18,0995	-62,218	148,1350
18,1070	-62,220	148,1400
18,1028	-62,222	148,1450
18,0970	-62,224	148,1500
18,1100	-62,226	148,1550
18,1059	-62,228	148,1600
18,0941	-62,230	148,1650
18,1024	-62,232	148,1700
18,1107	-62,234	148,1750
18,1086	-62,236	148,1800
18,1080	-62,239	148,1850
18,1016	-62,241	148,1900
18,0955	-62,243	148,1950
18,1093	-62,245	148,2000
18,1237	-62,247	148,2050
18,1186	-62,249	148,2100
18,1144	-62,251	148,2150
18,1179	-62,253	148,2200
18,1176	-62,255	148,2250
18,1140	-62,257	148,2300
18,1188	-62,260	148,2350
18,1194	-62,262	148,2400
18,1157	-62,264	148,2450
18,1203	-62,266	148,2500
18,1172	-62,268	148,2550
18,1180	-62,270	148,2600
18,1238	-62,272	148,2650
18,1300	-62,274	148,2700
18,1306	-62,276	148,2750
18,1357	-62,278	148,2800
18,1321	-62,281	148,2850
18,1258	-62,283	148,2900
18,1271	-62,285	148,2950
18,1284	-62,287	148,3000
18,1285	-62,289	148,3050
18,1281	-62,291	148,3100
18,1280	-62,293	148,3150
18,1240	-62,295	148,3200
18,1181	-62,297	148,3250
18,1284	-62,299	148,3300
18,1317	-62,302	148,3350
18,1212	-62,304	148,3400
18,1221	-62,306	148,3450
18,1254	-62,308	148,3500
18,1287	-62,310	148,3550
18,1349	-62,312	148,3600
18,1384	-62,314	148,3650
18,1285	-62,316	148,3700
18,1347	-62,318	148,3750
18,1464	-62,320	148,3800
18,1426	-62,323	148,3850
18,1346	-62,325	148,3900
18,1395	-62,327	148,3950
18,1368	-62,329	148,4000
18,1353	-62,331	148,4050
18,1457	-62,333	148,4100
18,1443	-62,335	148,4150
18,1386	-62,337	148,4200
18,1426	-62,339	148,4250
18,1395	-62,341	148,4300
18,1320	-62,344	148,4350
18,1432	-62,346	148,4400
18,1439	-62,348	148,4450
18,1446	-62,350	148,4500
18,1481	-62,352	148,4550
18,1485	-62,354	148,4600
18,1462	-62,356	148,4650
18,1515	-62,358	148,4700
18,1490	-62,360	148,4750
18,1367	-62,362	148,4800
18,1438	-62,365	148,4850
18,1533	-62,367	148,4900
18,1536	-62,369	148,4950
18,1534	-62,371	148,5000
18,1617	-62,373	148,5050
18,1653	-62,375	148,5100
18,1520	-62,377	148,5150
18,1512	-62,379	148,5200
18,1450	-62,381	148,5250
18,1435	-62,383	148,5300
18,1561	-62,386	148,5350
18,1646	-62,388	148,5400
18,1667	-62,390	148,5450
18,1613	-62,392	148,5500
18,1634	-62,394	148,5550
18,1541	-62,396	148,5600
18,1576	-62,398	148,5650
18,1671	-62,400	148,5700
18,1648	-62,402	148,5750
18,1616	-62,404	148,5800
18,1676	-62,407	148,5850
18,1640	-62,409	148,5900
18,1631	-62,411	148,5950
18,1704	-62,413	148,6000
18,1661	-62,415	148,6050
18,1625	-62,417	148,6100
18,1768	-62,419	148,6150
18,1728	-62,421	148,6200
18,1601	-62,423	148,6250
18,1699	-62,425	148,6300
18,1724	-62,428	148,6350
18,1680	-62,430	148,6400
18,1666	-62,432	148,6450
18,1739	-62,434	148,6500
18,1662	-62,436	148,6550
18,1665	-62,438	148,6600
18,1694	-62,440	148,6650
18,1648	-62,442	148,6700
18,1719	-62,444	148,6750
18,1826	-62,446	148,6800
18,1791	-62,449	148,6850
18,1736	-62,451	148,6900
18,1779	-62,453	148,6950
18,1827	-62,455	148,7000
18,1758	-62,457	148,7050
18,1825	-62,459	148,7100
18,1882	-62,461	148,7150
18,1800	-62,463	148,7200
18,1886	-62,465	148,7250
18,1869	-62,467	148,7300
18,1786	-62,470	148,7350
18,1839	-62,472	148,7400
18,1955	-62,474	148,7450
18,1814	-62,476	148,7500
18,1823	-62,478	148,7550
18,1920	-62,480	148,7600
18,1893	-62,482	148,7650
18,1869	-62,484	148,7700
18,1958	-62,486	148,7750
18,1924	-62,488	148,7800
18,1865	-62,491	148,7850
18,1902	-62,493	148,7900
18,1916	-62,495	148,7950
18,1844	-62,497	148,8000
18,1975	-62,499	148,8050
18,1979	-62,501	148,8100
18,1847	-62,503	148,8150
18,1914	-62,505	148,8200
18,2021	-62,507	148,8250
18,1995	-62,509	148,8300
18,1885	-62,512	148,8350
18,1924	-62,514	148,8400
18,1967	-62,516	148,8450
18,1959	-62,518	148,8500
18,1968	-62,520	148,8550
18,2012	-62,522	148,8600
18,2057	-62,524	148,8650
18,2060	-62,526	148,8700
18,2032	-62,528	148,8750
18,1975	-62,530	148,8800
18,2044	-62,533	148,8850
18,2053	-62,535	148,8900
18,1982	-62,537	148,8950
18,2045	-62,539	148,9000
18,2078	-62,541	148,9050
18,1938	-62,543	148,9100
18,1972	-62,545	148,9150
18,2039	-62,547	148,9200
18,2100	-62,549	148,9250
18,2152	-62,551	148,9300
18,2181	-62,554	148,9350
18,2134	-62,556	148,9400
18,2164	-62,558	148,9450
18,2257	-62,560	148,9500
18,2200	-62,562	148,9550
18,2108	-62,564	148,9600
18,2110	-62,566	148,9650
18,2130	-62,568	148,9700
18,2085	-62,570	148,9750
18,2137	-62,572	148,9800
18,2170	-62,575	148,9850
18,2040	-62,577	148,9900
18,2136	-62,579	148,9950
18,2197	-62,581	149,0000
18,2167	-62,583	149,0050
18,2235	-62,585	149,0100
18,2249	-62,587	149,0150
18,2228	-62,589	149,0200
18,2198	-62,591	149,0250
18,2252	-62,593	149,0300
18,2232	-62,596	149,0350
18,2221	-62,598	149,0400
18,2333	-62,600	149,0450
18,2323	-62,602	149,0500
18,2292	-62,604	149,0550
18,2356	-62,606	149,0600
18,2327	-62,608	149,0650
18,2274	-62,610	149,0700
18,2256	-62,612	149,0750
18,2339	-62,614	149,0800
18,2341	-62,617	149,0850
18,2385	-62,619	149,0900
18,2391	-62,621	149,0950
18,2362	-62,623	149,1000
18,2373	-62,625	149,1050
18,2368	-62,627	149,1100
18,2294	-62,629	149,1150
18,2251	-62,631	149,1200
18,2375	-62,633	149,1250
18,2375	-62,635	149,1300
18,2368	-62,638	149,1350
18,2474	-62,640	149,1400
18,2495	-62,642	149,1450
18,2409	-62,644	149,1500
18,2460	-62,646	149,1550
18,2482	-62,648	149,1600
18,2368	-62,650	149,1650
18,2359	-62,652	149,1700
18,2414	-62,654	149,1750
18,2395	-62,656	149,1800
18,2458	-62,659	149,1850
18,2461	-62,661	149,1900
18,2363	-62,663	149,1950
18,2416	-62,665	149,2000
18,2487	-62,667	149,2050
18,2546	-62,669	149,2100
18,2592	-62,671	149,2150
18,2630	-62,673	149,2200
18,2602	-62,675	149,2250
18,2515	-62,677	149,2300
18,2551	-62,680	149,2350
18,2497	-62,682	149,2400
18,2491	-62,684	149,2450
18,2587	-62,686	149,2500
18,2568	-62,688	149,2550
18,2519	-62,690	149,2600
18,2599	-62,692	149,2650
18,2685	-62,694	149,2700
18,2526	-62,696	149,2750
18,2560	-62,698	149,2800
18,2648	-62,701	149,2850
18,2522	-62,703	149,2900
18,2489	-62,705	149,2950
18,2573	-62,707	149,3000
18,2651	-62,709	149,3050
18,2668	-62,711	149,3100
18,2687	-62,713	149,3150
18,2616	-62,715	149,3200
18,2570	-62,717	149,3250
18,2659	-62,719	149,3300
18,2656	-62,722	149,3350
18,2663	-62,724	149,3400
18,2788	-62,726	149,3450
18,2757	-62,728	149,3500
18,2654	-62,730	149,3550
18,2707	-62,732	149,3600
18,2715	-62,734	149,3650
18,2623	-62,736	149,3700
18,2678	-62,738	149,3750
18,2721	-62,740	149,3800
18,2698	-62,743	149,3850
18,2726	-62,745	149,3900
18,2797	-62,747	149,3950
18,2722	-62,749	149,4000
18,2725	-62,751	149,4050
18,2799	-62,753	149,4100
18,2749	-62,755	149,4150
18,2739	-62,757	149,4200
18,2788	-62,759	149,4250
18,2816	-62,761	149,4300
18,2780	-62,764	149,4350
18,2898	-62,766	149,4400
18,2927	-62,768	149,4450
18,2778	-62,770	149,4500
18,2781	-62,772	149,4550
18,2857	-62,774	149,4600
18,2771	-62,776	149,4650
18,2752	-62,778	149,4700
18,2845	-62,780	149,4750
18,2843	-62,782	149,4800
18,2773	-62,785	149,4850
18,2802	-62,787	149,4900
18,2839	-62,789	149,4950
18,2911	-62,791	149,5000
18,2951	-62,793	149,5050
18,2945	-62,795	149,5100
18,2886	-62,797	149,5150
18,2909	-62,799	149,5200
18,2927	-62,801	149,5250
18,2930	-62,803	149,5300
18,2988	-62,806	149,5350
18,2983	-62,808	149,5400
18,2854	-62,810	149,5450
18,2937	-62,812	149,5500
18,3077	-62,814	149,5550
18,2933	-62,816	149,5600
18,2921	-62,818	149,5650
18,3012	-62,820	149,5700
18,3043	-62,822	149,5750
18,3079	-62,824	149,5800
18,3047	-62,827	149,5850
18,2961	-62,829	149,5900
18,2994	-62,831	149,5950
18,3114	-62,833	149,6000
18,3073	-62,835	149,6050
18,2967	-62,837	149,6100
18,3081	-62,839	149,6150
18,3075	-62,841	149,6200
18,3039	-62,843	149,6250
18,3113	-62,845	149,6300
18,3147	-62,848	149,6350
18,3087	-62,850	149,6400
18,3100	-62,852	149,6450
18,3110	-62,854	149,6500
18,3040	-62,856	149,6550
18,3066	-62,858	149,6600
18,3129	-62,860	149,6650
18,3066	-62,862	149,6700
18,3060	-62,864	149,6750
18,3242	-62,866	149,6800
18,3207	-62,869	149,6850
18,3125	-62,871	149,6900
18,3200	-62,873	149,6950
18,3184	-62,875	149,7000
18,3103	-62,877	149,7050
18,3187	-62,879	149,7100
18,3170	-62,881	149,7150
18,3129	-62,883	149,7200
18,3225	-62,885	149,7250
18,3253	-62,887	149,7300
18,3213	-62,890	149,7350
18,3170	-62,892	149,7400
18,3249	-62,894	149,7450
18,3275	-62,896	149,7500
18,3225	-62,898	149,7550
18,3279	-62,900	149,7600
18,3239	-62,902	149,7650
18,3224	-62,904	149,7700
18,3288	-62,906	149,7750
18,3235	-62,908	149,7800
18,3261	-62,911	149,7850
18,3292	-62,913	149,7900
18,3235	-62,915	149,7950
18,3154	-62,917	149,8000
18,3238	-62,919	149,8050
18,3329	-62,921	149,8100
18,3294	-62,923	149,8150
18,3302	-62,925	149,8200
18,3366	-62,927	149,8250
18,3355	-62,929	149,8300
18,3354	-62,932	149,8350
18,3416	-62,934	149,8400
18,3390	-62,936	149,8450
18,3410	-62,938	149,8500
18,3504	-62,940	149,8550
18,3410	-62,942	149,8600
18,3333	-62,944	149,8650
18,3438	-62,946	149,8700
18,3465	-62,948	149,8750
18,3467	-62,950	149,8800
18,3522	-62,953	149,8850
18,3492	-62,955	149,8900
18,3406	-62,957	149,8950
18,3444	-62,959	149,9000
18,3488	-62,961	149,9050
18,3448	-62,963	149,9100
18,3530	-62,965	149,9150
18,3536	-62,967	149,9200
18,3447	-62,969	149,9250
18,3439	-62,971	149,9300
18,3529	-62,974	149,9350
18,3480	-62,976	149,9400
18,3523	-62,978	149,9450
18,3618	-62,980	149,9500
18,3588	-62,982	149,9550
18,3412	-62,984	149,9600
18,3488	-62,986	149,9650
18,3522	-62,988	149,9700
18,3452	-62,990	149,9750
18,3503	-62,992	149,9800
18,3578	-62,995	149,9850
18,3568	-62,997	149,9900
18,3642	-62,999	149,9950
18,3606	-63,001	150,0000
18,3454	-63,003	150,0050
18,3560	-63,005	150,0100
18,3695	-63,007	150,0150
18,3648	-63,009	150,0200
18,3563	-63,011	150,0250
18,3556	-63,013	150,0300
18,3571	-63,016	150,0350
18,3587	-63,018	150,0400
18,3655	-63,020	150,0450
18,3698	-63,022	150,0500
18,3730	-63,024	150,0550
18,3771	-63,026	150,0600
18,3656	-63,028	150,0650
18,3629	-63,030	150,0700
18,3732	-63,032	150,0750
18,3817	-63,034	150,0800
18,3746	-63,037	150,0850
18,3706	-63,039	150,0900
18,3685	-63,041	150,0950
18,3549	-63,043	150,1000
18,3599	-63,045	150,1050
18,3749	-63,047	150,1100
18,3694	-63,049	150,1150
18,3682	-63,051	150,1200
18,3818	-63,053	150,1250
18,3847	-63,055	150,1300
18,3754	-63,058	150,1350
18,3764	-63,060	150,1400
18,3752	-63,062	150,1450
18,3785	-63,064	150,1500
18,3884	-63,066	150,1550
18,3853	-63,068	150,1600
18,3829	-63,070	150,1650
18,3818	-63,072	150,1700
18,3750	-63,074	150,1750
18,3672	-63,076	150,1800
18,3784	-63,079	150,1850
18,3802	-63,081	150,1900
18,3761	-63,083	150,1950
18,3817	-63,085	150,2000
18,3908	-63,087	150,2050
18,3862	-63,089	150,2100
18,3825	-63,091	150,2150
18,3953	-63,093	150,2200
18,3963	-63,095	150,2250
18,3964	-63,097	150,2300
18,3994	-63,100	150,2350
18,3892	-63,102	150,2400
18,3792	-63,104	150,2450
18,3879	-63,106	150,2500
18,3889	-63,108	150,2550
18,3923	-63,110	150,2600
18,3977	-63,112	150,2650
18,4044	-63,114	150,2700
18,3976	-63,116	150,2750
18,4012	-63,118	150,2800
18,4020	-63,121	150,2850
18,3979	-63,123	150,2900
18,4045	-63,125	150,2950
18,4129	-63,127	150,3000
18,4020	-63,129	150,3050
18,3979	-63,131	150,3100
18,4090	-63,133	150,3150
18,4107	-63,135	150,3200
18,4002	-63,137	150,3250
18,4060	-63,139	150,3300
18,4037	-63,142	150,3350
18,3940	-63,144	150,3400
18,4093	-63,146	150,3450
18,4160	-63,148	150,3500
18,4092	-63,150	150,3550
18,4086	-63,152	150,3600
18,4094	-63,154	150,3650
18,4034	-63,156	150,3700
18,4107	-63,158	150,3750
18,4183	-63,160	150,3800
18,4090	-63,163	150,3850
18,4017	-63,165	150,3900
18,4070	-63,167	150,3950
18,4069	-63,169	150,4000
18,4043	-63,171	150,4050
18,4095	-63,173	150,4100
18,4110	-63,175	150,4150
18,4098	-63,177	150,4200
18,4242	-63,179	150,4250
18,4235	-63,181	150,4300
18,4114	-63,184	150,4350
18,4177	-63,186	150,4400
18,4267	-63,188	150,4450
18,4270	-63,190	150,4500
18,4252	-63,192	150,4550
18,4293	-63,194	150,4600
18,4153	-63,196	150,4650
18,4171	-63,198	150,4700
18,4238	-63,200	150,4750
18,4210	-63,202	150,4800
18,4224	-63,205	150,4850
18,4290	-63,207	150,4900
18,4232	-63,209	150,4950
18,4196	-63,211	150,5000
18,4247	-63,213	150,5050
18,4243	-63,215	150,5100
18,4195	-63,217	150,5150
18,4265	-63,219	150,5200
18,4283	-63,221	150,5250
18,4252	-63,223	150,5300
18,4358	-63,226	150,5350
18,4381	-63,228	150,5400
18,4352	-63,230	150,5450
18,4316	-63,232	150,5500
18,4380	-63,234	150,5550
18,4244	-63,236	150,5600
18,4263	-63,238	150,5650
18,4457	-63,240	150,5700
18,4433	-63,242	150,5750
18,4459	-63,244	150,5800
18,4516	-63,247	150,5850
18,4422	-63,249	150,5900
18,4319	-63,251	150,5950
18,4438	-63,253	150,6000
18,4473	-63,255	150,6050
18,4446	-63,257	150,6100
18,4483	-63,259	150,6150
18,4484	-63,261	150,6200
18,4408	-63,263	150,6250
18,4481	-63,265	150,6300
18,4501	-63,268	150,6350
18,4421	-63,270	150,6400
18,4362	-63,272	150,6450
18,4480	-63,274	150,6500
18,4462	-63,276	150,6550
18,4516	-63,278	150,6600
18,4549	-63,280	150,6650
18,4460	-63,282	150,6700
18,4470	-63,284	150,6750
18,4529	-63,286	150,6800
18,4505	-63,289	150,6850
18,4484	-63,291	150,6900
18,4512	-63,293	150,6950
18,4492	-63,295	150,7000
18,4522	-63,297	150,7050
18,4631	-63,299	150,7100
18,4587	-63,301	150,7150
18,4526	-63,303	150,7200
18,4551	-63,305	150,7250
18,4584	-63,307	150,7300
18,4561	-63,310	150,7350
18,4570	-63,312	150,7400
18,4665	-63,314	150,7450
18,4593	-63,316	150,7500
18,4615	-63,318	150,7550
18,4691	-63,320	150,7600
18,4612	-63,322	150,7650
18,4590	-63,324	150,7700
18,4694	-63,326	150,7750
18,4713	-63,328	150,7800
18,4669	-63,331	150,7850
18,4712	-63,333	150,7900
18,4728	-63,335	150,7950
18,4696	-63,337	150,8000
18,4750	-63,339	150,8050
18,4743	-63,341	150,8100
18,4679	-63,343	150,8150
18,4667	-63,345	150,8200
18,4675	-63,347	150,8250
18,4706	-63,349	150,8300
18,4769	-63,352	150,8350
18,4856	-63,354	150,8400
18,4779	-63,356	150,8450
18,4810	-63,358	150,8500
18,4865	-63,360	150,8550
18,4755	-63,362	150,8600
18,4722	-63,364	150,8650
18,4777	-63,366	150,8700
18,4765	-63,368	150,8750
18,4762	-63,370	150,8800
18,4818	-63,373	150,8850
18,4886	-63,375	150,8900
18,4857	-63,377	150,8950
18,4901	-63,379	150,9000
18,4888	-63,381	150,9050
18,4792	-63,383	150,9100
18,4865	-63,385	150,9150
18,4908	-63,387	150,9200
18,4833	-63,389	150,9250
18,4800	-63,391	150,9300
18,4933	-63,394	150,9350
18,4911	-63,396	150,9400
18,4858	-63,398	150,9450
18,4939	-63,400	150,9500
18,4944	-63,402	150,9550
18,4898	-63,404	150,9600
18,4949	-63,406	150,9650
18,4996	-63,408	150,9700
18,4996	-63,410	150,9750
18,5008	-63,412	150,9800
18,4965	-63,415	150,9850
18,4912	-63,417	150,9900
18,4980	-63,419	150,9950
18,4963	-63,421	151,0000
18,4904	-63,423	151,0050
18,4953	-63,425	151,0100
18,5006	-63,427	151,0150
18,4954	-63,429	151,0200
18,4885	-63,431	151,0250
18,4959	-63,433	151,0300
18,4959	-63,436	151,0350
18,4943	-63,438	151,0400
18,5073	-63,440	151,0450
18,5059	-63,442	151,0500
18,5059	-63,444	151,0550
18,5110	-63,446	151,0600
18,5096	-63,448	151,0650
18,5097	-63,450	151,0700
18,5090	-63,452	151,0750
18,5119	-63,454	151,0800
18,5073	-63,457	151,0850
18,5074	-63,459	151,0900
18,5071	-63,461	151,0950
18,5002	-63,463	151,1000
18,5034	-63,465	151,1050
18,5113	-63,467	151,1100
18,5115	-63,469	151,1150
18,5100	-63,471	151,1200
18,5211	-63,473	151,1250
18,5142	-63,475	151,1300
18,5119	-63,478	151,1350
18,5220	-63,480	151,1400
18,5207	-63,482	151,1450
18,5193	-63,484	151,1500
18,5268	-63,486	151,1550
18,5289	-63,488	151,1600
18,5233	-63,490	151,1650
18,5264	-63,492	151,1700
18,5336	-63,494	151,1750
18,5243	-63,496	151,1800
18,5272	-63,499	151,1850
18,5239	-63,501	151,1900
18,5163	-63,503	151,1950
18,5108	-63,505	151,2000
18,5214	-63,507	151,2050
18,5231	-63,509	151,2100
18,5229	-63,511	151,2150
18,5379	-63,513	151,2200
18,5342	-63,515	151,2250
18,5276	-63,517	151,2300
18,5376	-63,520	151,2350
18,5408	-63,522	151,2400
18,5308	-63,524	151,2450
18,5357	-63,526	151,2500
18,5336	-63,528	151,2550
18,5291	-63,530	151,2600
18,5336	-63,532	151,2650
18,5321	-63,534	151,2700
18,5223	-63,536	151,2750
18,5309	-63,538	151,2800
18,5458	-63,541	151,2850
18,5406	-63,543	151,2900
18,5431	-63,545	151,2950
18,5475	-63,547	151,3000
18,5427	-63,549	151,3050
18,5420	-63,551	151,3100
18,5527	-63,553	151,3150
18,5514	-63,555	151,3200
18,5431	-63,557	151,3250
18,5499	-63,559	151,3300
18,5480	-63,562	151,3350
18,5368	-63,564	151,3400
18,5456	-63,566	151,3450
18,5473	-63,568	151,3500
18,5420	-63,570	151,3550
18,5420	-63,572	151,3600
18,5459	-63,574	151,3650
18,5458	-63,576	151,3700
18,5507	-63,578	151,3750
18,5565	-63,580	151,3800
18,5487	-63,583	151,3850
18,5462	-63,585	151,3900
18,5574	-63,587	151,3950
18,5570	-63,589	151,4000
18,5550	-63,591	151,4050
18,5613	-63,593	151,4100
18,5624	-63,595	151,4150
18,5596	-63,597	151,4200
18,5568	-63,599	151,4250
18,5573	-63,601	151,4300
18,5532	-63,604	151,4350
18,5537	-63,606	151,4400
18,5583	-63,608	151,4450
18,5554	-63,610	151,4500
18,5612	-63,612	151,4550
18,5679	-63,614	151,4600
18,5616	-63,616	151,4650
18,5613	-63,618	151,4700
18,5659	-63,620	151,4750
18,5609	-63,622	151,4800
18,5629	-63,625	151,4850
18,5669	-63,627	151,4900
18,5644	-63,629	151,4950
18,5641	-63,631	151,5000
18,5709	-63,633	151,5050
18,5668	-63,635	151,5100
18,5572	-63,637	151,5150
18,5711	-63,639	151,5200
18,5791	-63,641	151,5250
18,5668	-63,643	151,5300
18,5676	-63,646	151,5350
18,5704	-63,648	151,5400
18,5701	-63,650	151,5450
18,5681	-63,652	151,5500
18,5817	-63,654	151,5550
18,5812	-63,656	151,5600
18,5797	-63,658	151,5650
18,5804	-63,660	151,5700
18,5642	-63,662	151,5750
18,5664	-63,664	151,5800
18,5801	-63,667	151,5850
18,5804	-63,669	151,5900
18,5786	-63,671	151,5950
18,5843	-63,673	151,6000
18,5836	-63,675	151,6050
18,5762	-63,677	151,6100
18,5817	-63,679	151,6150
18,5781	-63,681	151,6200
18,5768	-63,683	151,6250
18,5843	-63,685	151,6300
18,5889	-63,688	151,6350
18,5872	-63,690	151,6400
18,5884	-63,692	151,6450
18,5936	-63,694	151,6500
18,5835	-63,696	151,6550
18,5830	-63,698	151,6600
18,5878	-63,700	151,6650
18,5892	-63,702	151,6700
18,5888	-63,704	151,6750
18,5913	-63,706	151,6800
18,5861	-63,709	151,6850
18,5832	-63,711	151,6900
18,5950	-63,713	151,6950
18,6001	-63,715	151,7000
18,5945	-63,717	151,7050
18,5986	-63,719	151,7100
18,5958	-63,721	151,7150
18,5903	-63,723	151,7200
18,6021	-63,725	151,7250
18,6047	-63,727	151,7300
18,5965	-63,730	151,7350
18,5965	-63,732	151,7400
18,6066	-63,734	151,7450
18,6002	-63,736	151,7500
18,6005	-63,738	151,7550
18,6038	-63,740	151,7600
18,6003	-63,742	151,7650
18,6034	-63,744	151,7700
18,6085	-63,746	151,7750
18,6042	-63,748	151,7800
18,6021	-63,751	151,7850
18,6117	-63,753	151,7900
18,6117	-63,755	151,7950
18,6048	-63,757	151,8000
18,6121	-63,759	151,8050
18,6161	-63,761	151,8100
18,6077	-63,763	151,8150
18,6137	-63,765	151,8200
18,6083	-63,767	151,8250
18,6007	-63,769	151,8300
18,6008	-63,772	151,8350
18,6132	-63,774	151,8400
18,6140	-63,776	151,8450
18,6109	-63,778	151,8500
18,6180	-63,780	151,8550
18,6162	-63,782	151,8600
18,6127	-63,784	151,8650
18,6191	-63,786	151,8700
18,6212	-63,788	151,8750
18,6235	-63,790	151,8800
18,6297	-63,793	151,8850
18,6268	-63,795	151,8900
18,6201	-63,797	151,8950
18,6216	-63,799	151,9000
18,6259	-63,801	151,9050
18,6215	-63,803	151,9100
18,6306	-63,805	151,9150
18,6305	-63,807	151,9200
18,6245	-63,809	151,9250
18,6240	-63,811	151,9300
18,6286	-63,814	151,9350
18,6253	-63,816	151,9400
18,6265	-63,818	151,9450
18,6323	-63,820	151,9500
18,6226	-63,822	151,9550
18,6223	-63,824	151,9600
18,6346	-63,826	151,9650
18,6345	-63,828	151,9700
18,6346	-63,830	151,9750
18,6363	-63,832	151,9800
18,6372	-63,835	151,9850
18,6308	-63,837	151,9900
18,6381	-63,839	151,9950
18,6414	-63,841	152,0000
18,6338	-63,843	152,0050
18,6368	-63,845	152,0100
18,6449	-63,847	152,0150
18,6391	-63,849	152,0200
18,6340	-63,851	152,0250
18,6455	-63,853	152,0300
18,6411	-63,856	152,0350
18,6375	-63,858	152,0400
18,6497	-63,860	152,0450
18,6435	-63,862	152,0500
18,6355	-63,864	152,0550
18,6433	-63,866	152,0600
18,6484	-63,868	152,0650
18,6469	-63,870	152,0700
18,6515	-63,872	152,0750
18,6504	-63,874	152,0800
18,6421	-63,877	152,0850
18,6495	-63,879	152,0900
18,6520	-63,881	152,0950
18,6441	-63,883	152,1000
18,6471	-63,885	152,1050
18,6516	-63,887	152,1100
18,6490	-63,889	152,1150
18,6484	-63,891	152,1200
18,6584	-63,893	152,1250
18,6604	-63,895	152,1300
18,6588	-63,898	152,1350
18,6606	-63,900	152,1400
18,6527	-63,902	152,1450
18,6420	-63,904	152,1500
18,6540	-63,906	152,1550
18,6568	-63,908	152,1600
18,6540	-63,910	152,1650
18,6605	-63,912	152,1700
18,6606	-63,914	152,1750
18,6480	-63,916	152,1800
18,6516	-63,919	152,1850
18,6621	-63,921	152,1900
18,6584	-63,923	152,1950
18,6626	-63,925	152,2000
18,6650	-63,927	152,2050
18,6575	-63,929	152,2100
18,6559	-63,931	152,2150
18,6678	-63,933	152,2200
18,6648	-63,935	152,2250
18,6618	-63,937	152,2300
18,6700	-63,940	152,2350
18,6720	-63,942	152,2400
18,6635	-63,944	152,2450
18,6710	-63,946	152,2500
18,6664	-63,948	152,2550
18,6589	-63,950	152,2600
18,6693	-63,952	152,2650
18,6769	-63,954	152,2700
18,6655	-63,956	152,2750
18,6696	-63,958	152,2800
18,6729	-63,961	152,2850
18,6717	-63,963	152,2900
18,6739	-63,965	152,2950
18,6814	-63,967	152,3000
18,6755	-63,969	152,3050
18,6720	-63,971	152,3100
18,6802	-63,973	152,3150
18,6820	-63,975	152,3200
18,6813	-63,977	152,3250
18,6958	-63,979	152,3300
18,6914	-63,982	152,3350
18,6807	-63,984	152,3400
18,6866	-63,986	152,3450
18,6828	-63,988	152,3500
18,6733	-63,990	152,3550
18,6777	-63,992	152,3600
18,6865	-63,994	152,3650
18,6780	-63,996	152,3700
18,6806	-63,998	152,3750
18,6865	-64,000	152,3800
18,6818	-64,003	152,3850
18,6836	-64,005	152,3900
18,6878	-64,007	152,3950
18,6800	-64,009	152,4000
18,6778	-64,011	152,4050
18,6904	-64,013	152,4100
18,6909	-64,015	152,4150
18,6852	-64,017	152,4200
18,6944	-64,019	152,4250
18,6885	-64,021	152,4300
18,6748	-64,024	152,4350
18,6823	-64,026	152,4400
18,6937	-64,028	152,4450
18,6902	-64,030	152,4500
18,6925	-64,032	152,4550
18,6946	-64,034	152,4600
18,6826	-64,036	152,4650
18,6885	-64,038	152,4700
18,6910	-64,040	152,4750
18,6900	-64,042	152,4800
18,6972	-64,045	152,4850
18,6991	-64,047	152,4900
18,6923	-64,049	152,4950
18,6911	-64,051	152,5000
18,6982	-64,053	152,5050
18,6944	-64,055	152,5100
18,6985	-64,057	152,5150
18,7116	-64,059	152,5200
18,7112	-64,061	152,5250
18,6933	-64,063	152,5300
18,6917	-64,066	152,5350
18,6975	-64,068	152,5400
18,7058	-64,070	152,5450
18,7062	-64,072	152,5500
18,7095	-64,074	152,5550
18,7035	-64,076	152,5600
18,7056	-64,078	152,5650
18,7109	-64,080	152,5700
18,7000	-64,082	152,5750
18,6983	-64,084	152,5800
18,7113	-64,087	152,5850
18,7149	-64,089	152,5900
18,7053	-64,091	152,5950
18,7053	-64,093	152,6000
18,7092	-64,095	152,6050
18,7065	-64,097	152,6100
18,7178	-64,099	152,6150
18,7232	-64,101	152,6200
18,7177	-64,103	152,6250
18,7199	-64,105	152,6300
18,7199	-64,108	152,6350
18,7163	-64,110	152,6400
18,7168	-64,112	152,6450
18,7273	-64,114	152,6500
18,7232	-64,116	152,6550
18,7218	-64,118	152,6600
18,7204	-64,120	152,6650
18,7165	-64,122	152,6700
18,7200	-64,124	152,6750
18,7256	-64,126	152,6800
18,7221	-64,129	152,6850
18,7205	-64,131	152,6900
18,7350	-64,133	152,6950
18,7339	-64,135	152,7000
18,7319	-64,137	152,7050
18,7388	-64,139	152,7100
18,7396	-64,141	152,7150
18,7284	-64,143	152,7200
18,7305	-64,145	152,7250
18,7297	-64,147	152,7300
18,7311	-64,150	152,7350
18,7347	-64,152	152,7400
18,7342	-64,154	152,7450
18,7251	-64,156	152,7500
18,7283	-64,158	152,7550
18,7414	-64,160	152,7600
18,7418	-64,162	152,7650
18,7406	-64,164	152,7700
18,7417	-64,166	152,7750
18,7368	-64,168	152,7800
18,7281	-64,171	152,7850
18,7347	-64,173	152,7900
18,7383	-64,175	152,7950
18,7408	-64,177	152,8000
18,7520	-64,179	152,8050
18,7539	-64,181	152,8100
18,7387	-64,183	152,8150
18,7375	-64,185	152,8200
18,7435	-64,187	152,8250
18,7413	-64,189	152,8300
18,7475	-64,192	152,8350
18,7555	-64,194	152,8400
18,7433	-64,196	152,8450
18,7442	-64,198	152,8500
18,7508	-64,200	152,8550
18,7464	-64,202	152,8600
18,7542	-64,204	152,8650
18,7645	-64,206	152,8700
18,7575	-64,208	152,8750
18,7512	-64,210	152,8800
18,7567	-64,213	152,8850
18,7561	-64,215	152,8900
18,7502	-64,217	152,8950
18,7543	-64,219	152,9000
18,7512	-64,221	152,9050
18,7439	-64,223	152,9100
18,7533	-64,225	152,9150
18,7645	-64,227	152,9200
18,7563	-64,229	152,9250
18,7536	-64,231	152,9300
18,7632	-64,234	152,9350
18,7569	-64,236	152,9400
18,7532	-64,238	152,9450
18,7581	-64,240	152,9500
18,7564	-64,242	152,9550
18,7544	-64,244	152,9600
18,7621	-64,246	152,9650
18,7663	-64,248	152,9700
18,7713	-64,250	152,9750
18,7760	-64,252	152,9800
18,7691	-64,255	152,9850
18,7606	-64,257	152,9900
18,7629	-64,259	152,9950
18,7688	-64,261	153,0000
18,7625	-64,263	153,0050
18,7637	-64,265	153,0100
18,7716	-64,267	153,0150
18,7721	-64,269	153,0200
18,7707	-64,271	153,0250
18,7807	-64,273	153,0300
18,7712	-64,276	153,0350
18,7688	-64,278	153,0400
18,7798	-64,280	153,0450
18,7787	-64,282	153,0500
18,7731	-64,284	153,0550
18,7809	-64,286	153,0600
18,7783	-64,288	153,0650
18,7744	-64,290	153,0700
18,7826	-64,292	153,0750
18,7826	-64,294	153,0800
18,7705	-64,297	153,0850
18,7849	-64,299	153,0900
18,7941	-64,301	153,0950
18,7861	-64,303	153,1000
18,7792	-64,305	153,1050
18,7835	-64,307	153,1100
18,7917	-64,309	153,1150
18,7910	-64,311	153,1200
18,7949	-64,313	153,1250
18,7884	-64,315	153,1300
18,7883	-64,318	153,1350
18,7881	-64,320	153,1400
18,7804	-64,322	153,1450
18,7836	-64,324	153,1500
18,7983	-64,326	153,1550
18,8014	-64,328	153,1600
18,7906	-64,330	153,1650
18,7853	-64,332	153,1700
18,7870	-64,334	153,1750
18,7860	-64,336	153,1800
18,7987	-64,339	153,1850
18,7969	-64,341	153,1900
18,7907	-64,343	153,1950
18,7935	-64,345	153,2000
18,7961	-64,347	153,2050
18,7959	-64,349	153,2100
18,7960	-64,351	153,2150
18,8039	-64,353	153,2200
18,7984	-64,355	153,2250
18,7982	-64,357	153,2300
18,8052	-64,360	153,2350
18,8018	-64,362	153,2400
18,8035	-64,364	153,2450
18,8154	-64,366	153,2500
18,8112	-64,368	153,2550
18,8007	-64,370	153,2600
18,8028	-64,372	153,2650
18,8155	-64,374	153,2700
18,8083	-64,376	153,2750
18,8140	-64,378	153,2800
18,8146	-64,381	153,2850
18,8034	-64,383	153,2900
18,8081	-64,385	153,2950
18,8173	-64,387	153,3000
18,8180	-64,389	153,3050
18,8113	-64,391	153,3100
18,8154	-64,393	153,3150
18,8137	-64,395	153,3200
18,8078	-64,397	153,3250
18,8158	-64,399	153,3300
18,8148	-64,402	153,3350
18,8138	-64,404	153,3400
18,8280	-64,406	153,3450
18,8238	-64,408	153,3500
18,8150	-64,410	153,3550
18,8126	-64,412	153,3600
18,8189	-64,414	153,3650
18,8222	-64,416	153,3700
18,8249	-64,418	153,3750
18,8204	-64,420	153,3800
18,8111	-64,423	153,3850
18,8232	-64,425	153,3900
18,8355	-64,427	153,3950
18,8300	-64,429	153,4000
18,8247	-64,431	153,4050
18,8348	-64,433	153,4100
18,8389	-64,435	153,4150
18,8306	-64,437	153,4200
18,8300	-64,439	153,4250
18,8306	-64,441	153,4300
18,8256	-64,444	153,4350
18,8329	-64,446	153,4400
18,8348	-64,448	153,4450
18,8281	-64,450	153,4500
18,8311	-64,452	153,4550
18,8316	-64,454	153,4600
18,8284	-64,456	153,4650
18,8354	-64,458	153,4700
18,8409	-64,460	153,4750
18,8403	-64,462	153,4800
18,8398	-64,465	153,4850
18,8427	-64,467	153,4900
18,8400	-64,469	153,4950
18,8365	-64,471	153,5000
18,8381	-64,473	153,5050
18,8350	-64,475	153,5100
18,8322	-64,477	153,5150
18,8433	-64,479	153,5200
18,8471	-64,481	153,5250
18,8443	-64,483	153,5300
18,8484	-64,486	153,5350
18,8495	-64,488	153,5400
18,8450	-64,490	153,5450
18,8439	-64,492	153,5500
18,8518	-64,494	153,5550
18,8474	-64,496	153,5600
18,8499	-64,498	153,5650
18,8594	-64,500	153,5700
18,8498	-64,502	153,5750
18,8423	-64,504	153,5800
18,8489	-64,507	153,5850
18,8526	-64,509	153,5900
18,8462	-64,511	153,5950
18,8540	-64,513	153,6000
18,8590	-64,515	153,6050
18,8565	-64,517	153,6100
18,8659	-64,519	153,6150
18,8650	-64,521	153,6200
18,8548	-64,523	153,6250
18,8591	-64,525	153,6300
18,8613	-64,528	153,6350
18,8573	-64,530	153,6400
18,8578	-64,532	153,6450
18,8627	-64,534	153,6500
18,8617	-64,536	153,6550
18,8661	-64,538	153,6600
18,8642	-64,540	153,6650
18,8524	-64,542	153,6700
18,8545	-64,544	153,6750
18,8655	-64,546	153,6800
18,8670	-64,549	153,6850
18,8630	-64,551	153,6900
18,8642	-64,553	153,6950
18,8626	-64,555	153,7000
18,8613	-64,557	153,7050
18,8682	-64,559	153,7100
18,8718	-64,561	153,7150
18,8669	-64,563	153,7200
18,8753	-64,565	153,7250
18,8811	-64,567	153,7300
18,8698	-64,570	153,7350
18,8652	-64,572	153,7400
18,8708	-64,574	153,7450
18,8703	-64,576	153,7500
18,8728	-64,578	153,7550
18,8760	-64,580	153,7600
18,8722	-64,582	153,7650
18,8754	-64,584	153,7700
18,8834	-64,586	153,7750
18,8798	-64,588	153,7800
18,8779	-64,591	153,7850
18,8797	-64,593	153,7900
18,8807	-64,595	153,7950
18,8834	-64,597	153,8000
18,8935	-64,599	153,8050
18,8861	-64,601	153,8100
18,8742	-64,603	153,8150
18,8716	-64,605	153,8200
18,8802	-64,607	153,8250
18,8830	-64,609	153,8300
18,8850	-64,612	153,8350
18,8959	-64,614	153,8400
18,8858	-64,616	153,8450
18,8878	-64,618	153,8500
18,8944	-64,620	153,8550
18,8860	-64,622	153,8600
18,8883	-64,624	153,8650
18,8934	-64,626	153,8700
18,8840	-64,628	153,8750
18,8829	-64,630	153,8800
18,8951	-64,633	153,8850
18,8941	-64,635	153,8900
18,8900	-64,637	153,8950
18,8997	-64,639	153,9000
18,9016	-64,641	153,9050
18,8946	-64,643	153,9100
18,8923	-64,645	153,9150
18,8973	-64,647	153,9200
18,8986	-64,649	153,9250
18,8980	-64,651	153,9300
18,9062	-64,654	153,9350
18,8958	-64,656	153,9400
18,8998	-64,658	153,9450
18,9143	-64,660	153,9500
18,9104	-64,662	153,9550
18,9003	-64,664	153,9600
18,9044	-64,666	153,9650
18,9031	-64,668	153,9700
18,9086	-64,670	153,9750
18,9160	-64,672	153,9800
18,9060	-64,675	153,9850
18,8968	-64,677	153,9900
18,9121	-64,679	153,9950
18,9145	-64,681	154,0000
18,9064	-64,683	154,0050
18,9171	-64,685	154,0100
18,9261	-64,687	154,0150
18,9143	-64,689	154,0200
18,9056	-64,691	154,0250
18,9143	-64,693	154,0300
18,9174	-64,696	154,0350
18,9233	-64,698	154,0400
18,9277	-64,700	154,0450
18,9221	-64,702	154,0500
18,9157	-64,704	154,0550
18,9204	-64,706	154,0600
18,9243	-64,708	154,0650
18,9259	-64,710	154,0700
18,9289	-64,712	154,0750
18,9227	-64,714	154,0800
18,9161	-64,717	154,0850
18,9240	-64,719	154,0900
18,9220	-64,721	154,0950
18,9164	-64,723	154,1000
18,9286	-64,725	154,1050
18,9400	-64,727	154,1100
18,9445	-64,729	154,1150
18,9373	-64,731	154,1200
18,9367	-64,733	154,1250
18,9288	-64,735	154,1300
18,9259	-64,738	154,1350
18,9329	-64,740	154,1400
18,9307	-64,742	154,1450
18,9260	-64,744	154,1500
18,9386	-64,746	154,1550
18,9404	-64,748	154,1600
18,9324	-64,750	154,1650
18,9330	-64,752	154,1700
18,9372	-64,754	154,1750
18,9340	-64,756	154,1800
18,9406	-64,759	154,1850
18,9456	-64,761	154,1900
18,9350	-64,763	154,1950
18,9376	-64,765	154,2000
18,9422	-64,767	154,2050
18,9398	-64,769	154,2100
18,9371	-64,771	154,2150
18,9415	-64,773	154,2200
18,9382	-64,775	154,2250
18,9399	-64,777	154,2300
18,9487	-64,780	154,2350
18,9424	-64,782	154,2400
18,9356	-64,784	154,2450
18,9422	-64,786	154,2500
18,9432	-64,788	154,2550
18,9469	-64,790	154,2600
18,9539	-64,792	154,2650
18,9643	-64,794	154,2700
18,9556	-64,796	154,2750
18,9519	-64,798	154,2800
18,9555	-64,801	154,2850
18,9528	-64,803	154,2900
18,9565	-64,805	154,2950
18,9553	-64,807	154,3000
18,9456	-64,809	154,3050
18,9431	-64,811	154,3100
18,9536	-64,813	154,3150
18,9524	-64,815	154,3200
18,9598	-64,817	154,3250
18,9670	-64,819	154,3300
18,9590	-64,822	154,3350
18,9525	-64,824	154,3400
18,9598	-64,826	154,3450
18,9622	-64,828	154,3500
18,9631	-64,830	154,3550
18,9696	-64,832	154,3600
18,9697	-64,834	154,3650
18,9581	-64,836	154,3700
18,9576	-64,838	154,3750
18,9607	-64,840	154,3800
18,9606	-64,843	154,3850
18,9633	-64,845	154,3900
18,9713	-64,847	154,3950
18,9627	-64,849	154,4000
18,9548	-64,851	154,4050
18,9685	-64,853	154,4100
18,9725	-64,855	154,4150
18,9672	-64,857	154,4200
18,9711	-64,859	154,4250
18,9723	-64,861	154,4300
18,9707	-64,864	154,4350
18,9806	-64,866	154,4400
18,9853	-64,868	154,4450
18,9730	-64,870	154,4500
18,9700	-64,872	154,4550
18,9758	-64,874	154,4600
18,9742	-64,876	154,4650
18,9805	-64,878	154,4700
18,9805	-64,880	154,4750
18,9666	-64,882	154,4800
18,9656	-64,885	154,4850
18,9742	-64,887	154,4900
18,9707	-64,889	154,4950
18,9660	-64,891	154,5000
18,9752	-64,893	154,5050
18,9857	-64,895	154,5100
18,9789	-64,897	154,5150
18,9886	-64,899	154,5200
18,9902	-64,901	154,5250
18,9795	-64,903	154,5300
18,9799	-64,906	154,5350
18,9796	-64,908	154,5400
18,9833	-64,910	154,5450
18,9824	-64,912	154,5500
18,9887	-64,914	154,5550
18,9853	-64,916	154,5600
18,9894	-64,918	154,5650
18,9857	-64,920	154,5700
18,9796	-64,922	154,5750
18,9801	-64,924	154,5800
18,9903	-64,927	154,5850
18,9861	-64,929	154,5900
18,9780	-64,931	154,5950
18,9905	-64,933	154,6000
18,9873	-64,935	154,6050
18,9843	-64,937	154,6100
19,0028	-64,939	154,6150
19,0072	-64,941	154,6200
19,0003	-64,943	154,6250
19,0009	-64,945	154,6300
18,9929	-64,948	154,6350
18,9940	-64,950	154,6400
18,9948	-64,952	154,6450
19,0015	-64,954	154,6500
18,9944	-64,956	154,6550
18,9942	-64,958	154,6600
19,0002	-64,960	154,6650
19,0016	-64,962	154,6700
19,0028	-64,964	154,6750
19,0095	-64,966	154,6800
19,0102	-64,969	154,6850
18,9992	-64,971	154,6900
19,0086	-64,973	154,6950
19,0085	-64,975	154,7000
19,0072	-64,977	154,7050
19,0188	-64,979	154,7100
19,0166	-64,981	154,7150
19,0050	-64,983	154,7200
19,0065	-64,985	154,7250
19,0075	-64,987	154,7300
19,0110	-64,990	154,7350
19,0144	-64,992	154,7400
19,0190	-64,994	154,7450
19,0033	-64,996	154,7500
19,0082	-64,998	154,7550
19,0162	-65,000	154,7600
19,0118	-65,002	154,7650
19,0145	-65,004	154,7700
19,0297	-65,006	154,7750
19,0279	-65,008	154,7800
19,0205	-65,011	154,7850
19,0276	-65,013	154,7900
19,0299	-65,015	154,7950
19,0284	-65,017	154,8000
19,0336	-65,019	154,8050
19,0234	-65,021	154,8100
19,0156	-65,023	154,8150
19,0249	-65,025	154,8200
19,0255	-65,027	154,8250
19,0170	-65,029	154,8300
19,0200	-65,032	154,8350
19,0350	-65,034	154,8400
19,0265	-65,036	154,8450
19,0220	-65,038	154,8500
19,0300	-65,040	154,8550
19,0289	-65,042	154,8600
19,0270	-65,044	154,8650
19,0353	-65,046	154,8700
19,0295	-65,048	154,8750
19,0216	-65,050	154,8800
19,0293	-65,053	154,8850
19,0364	-65,055	154,8900
19,0333	-65,057	154,8950
19,0404	-65,059	154,9000
19,0399	-65,061	154,9050
19,0328	-65,063	154,9100
19,0360	-65,065	154,9150
19,0380	-65,067	154,9200
19,0331	-65,069	154,9250
19,0340	-65,071	154,9300
19,0385	-65,074	154,9350
19,0323	-65,076	154,9400
19,0381	-65,078	154,9450
19,0494	-65,080	154,9500
19,0495	-65,082	154,9550
19,0508	-65,084	154,9600
19,0551	-65,086	154,9650
19,0502	-65,088	154,9700
19,0454	-65,090	154,9750
19,0461	-65,092	154,9800
19,0492	-65,095	154,9850
19,0501	-65,097	154,9900
19,0506	-65,099	154,9950
19,0514	-65,101	155,0000
19,0546	-65,103	155,0050
19,0565	-65,105	155,0100
19,0500	-65,107	155,0150
19,0493	-65,109	155,0200
19,0515	-65,111	155,0250
19,0618	-65,113	155,0300
19,0554	-65,116	155,0350
19,0499	-65,118	155,0400
19,0585	-65,120	155,0450
19,0624	-65,122	155,0500
19,0583	-65,124	155,0550
19,0605	-65,126	155,0600
19,0631	-65,128	155,0650
19,0642	-65,130	155,0700
19,0669	-65,132	155,0750
19,0684	-65,134	155,0800
19,0637	-65,137	155,0850
19,0698	-65,139	155,0900
19,0719	-65,141	155,0950
19,0626	-65,143	155,1000
19,0622	-65,145	155,1050
19,0692	-65,147	155,1100
19,0728	-65,149	155,1150
19,0763	-65,151	155,1200
19,0779	-65,153	155,1250
19,0693	-65,155	155,1300
19,0617	-65,158	155,1350
19,0685	-65,160	155,1400
19,0675	-65,162	155,1450
19,0628	-65,164	155,1500
19,0716	-65,166	155,1550
19,0712	-65,168	155,1600
19,0728	-65,170	155,1650
19,0818	-65,172	155,1700
19,0814	-65,174	155,1750
19,0741	-65,176	155,1800
19,0770	-65,179	155,1850
19,0830	-65,181	155,1900
19,0800	-65,183	155,1950
19,0875	-65,185	155,2000
19,0907	-65,187	155,2050
19,0854	-65,189	155,2100
19,0827	-65,191	155,2150
19,0827	-65,193	155,2200
19,0729	-65,195	155,2250
19,0685	-65,197	155,2300
19,0775	-65,200	155,2350
19,0783	-65,202	155,2400
19,0772	-65,204	155,2450
19,0868	-65,206	155,2500
19,0839	-65,208	155,2550
19,0792	-65,210	155,2600
19,0848	-65,212	155,2650
19,0934	-65,214	155,2700
19,0815	-65,216	155,2750
19,0820	-65,218	155,2800
19,0898	-65,221	155,2850
19,0849	-65,223	155,2900
19,0810	-65,225	155,2950
19,0794	-65,227	155,3000
19,0764	-65,229	155,3050
19,0811	-65,231	155,3100
19,0932	-65,233	155,3150
19,0920	-65,235	155,3200
19,0894	-65,237	155,3250
19,0971	-65,239	155,3300
19,1004	-65,242	155,3350
19,0936	-65,244	155,3400
19,1028	-65,246	155,3450
19,1028	-65,248	155,3500
19,0898	-65,250	155,3550
19,0924	-65,252	155,3600
19,1007	-65,254	155,3650
19,0958	-65,256	155,3700
19,0992	-65,258	155,3750
19,1020	-65,260	155,3800
19,0883	-65,263	155,3850
19,0933	-65,265	155,3900
19,1036	-65,267	155,3950
19,0958	-65,269	155,4000
19,0904	-65,271	155,4050
19,1016	-65,273	155,4100
19,0911	-65,275	155,4150
19,0853	-65,277	155,4200
19,0944	-65,279	155,4250
19,0974	-65,281	155,4300
19,0943	-65,284	155,4350
19,1043	-65,286	155,4400
19,1060	-65,288	155,4450
19,1057	-65,290	155,4500
19,1172	-65,292	155,4550
19,1182	-65,294	155,4600
19,1033	-65,296	155,4650
19,1090	-65,298	155,4700
19,1163	-65,300	155,4750
19,1089	-65,302	155,4800
19,1043	-65,305	155,4850
19,1135	-65,307	155,4900
19,1137	-65,309	155,4950
19,1089	-65,311	155,5000
19,1207	-65,313	155,5050
19,1168	-65,315	155,5100
19,1097	-65,317	155,5150
19,1081	-65,319	155,5200
19,1068	-65,321	155,5250
19,1097	-65,323	155,5300
19,1198	-65,326	155,5350
19,1239	-65,328	155,5400
19,1185	-65,330	155,5450
19,1188	-65,332	155,5500
19,1199	-65,334	155,5550
19,1134	-65,336	155,5600
19,1189	-65,338	155,5650
19,1254	-65,340	155,5700
19,1236	-65,342	155,5750
19,1287	-65,344	155,5800
19,1299	-65,347	155,5850
19,1172	-65,349	155,5900
19,1173	-65,351	155,5950
19,1386	-65,353	155,6000
19,1411	-65,355	155,6050
19,1278	-65,357	155,6100
19,1271	-65,359	155,6150
19,1254	-65,361	155,6200
19,1219	-65,363	155,6250
19,1344	-65,365	155,6300
19,1432	-65,368	155,6350
19,1324	-65,370	155,6400
19,1322	-65,372	155,6450
19,1447	-65,374	155,6500
19,1439	-65,376	155,6550
19,1345	-65,378	155,6600
19,1370	-65,380	155,6650
19,1348	-65,382	155,6700
19,1325	-65,384	155,6750
19,1404	-65,386	155,6800
19,1417	-65,389	155,6850
19,1421	-65,391	155,6900
19,1485	-65,393	155,6950
19,1431	-65,395	155,7000
19,1330	-65,397	155,7050
19,1388	-65,399	155,7100
19,1375	-65,401	155,7150
19,1339	-65,403	155,7200
19,1430	-65,405	155,7250
19,1461	-65,407	155,7300
19,1403	-65,410	155,7350
19,1391	-65,412	155,7400
19,1480	-65,414	155,7450
19,1387	-65,416	155,7500
19,1447	-65,418	155,7550
19,1545	-65,420	155,7600
19,1468	-65,422	155,7650
19,1465	-65,424	155,7700
19,1563	-65,426	155,7750
19,1512	-65,428	155,7800
19,1494	-65,431	155,7850
19,1546	-65,433	155,7900
19,1537	-65,435	155,7950
19,1496	-65,437	155,8000
19,1616	-65,439	155,8050
19,1615	-65,441	155,8100
19,1618	-65,443	155,8150
19,1664	-65,445	155,8200
19,1708	-65,447	155,8250
19,1677	-65,449	155,8300
19,1641	-65,452	155,8350
19,1628	-65,454	155,8400
19,1554	-65,456	155,8450
19,1595	-65,458	155,8500
19,1722	-65,460	155,8550
19,1657	-65,462	155,8600
19,1608	-65,464	155,8650
19,1675	-65,466	155,8700
19,1624	-65,468	155,8750
19,1632	-65,470	155,8800
19,1731	-65,473	155,8850
19,1718	-65,475	155,8900
19,1696	-65,477	155,8950
19,1796	-65,479	155,9000
19,1801	-65,481	155,9050
19,1747	-65,483	155,9100
19,1832	-65,485	155,9150
19,1790	-65,487	155,9200
19,1664	-65,489	155,9250
19,1651	-65,491	155,9300
19,1796	-65,494	155,9350
19,1760	-65,496	155,9400
19,1774	-65,498	155,9450
19,1915	-65,500	155,9500
19,1920	-65,502	155,9550
19,1833	-65,504	155,9600
19,1897	-65,506	155,9650
19,1885	-65,508	155,9700
19,1858	-65,510	155,9750
19,1911	-65,512	155,9800
19,1899	-65,515	155,9850
19,1788	-65,517	155,9900
19,1786	-65,519	155,9950
19,1725	-65,521	156,0000
19,1725	-65,523	156,0050
19,1868	-65,525	156,0100
19,1872	-65,527	156,0150
19,1833	-65,529	156,0200
19,1846	-65,531	156,0250
19,1851	-65,533	156,0300
19,1841	-65,536	156,0350
19,1924	-65,538	156,0400
19,1952	-65,540	156,0450
19,1944	-65,542	156,0500
19,1916	-65,544	156,0550
19,2016	-65,546	156,0600
19,1992	-65,548	156,0650
19,1975	-65,550	156,0700
19,1976	-65,552	156,0750
19,1930	-65,554	156,0800
19,1867	-65,557	156,0850
19,1935	-65,559	156,0900
19,1966	-65,561	156,0950
19,1937	-65,563	156,1000
19,1977	-65,565	156,1050
19,2021	-65,567	156,1100
19,2021	-65,569	156,1150
19,2001	-65,571	156,1200
19,2117	-65,573	156,1250
19,2038	-65,575	156,1300
19,1962	-65,578	156,1350
19,2037	-65,580	156,1400
19,2072	-65,582	156,1450
19,2046	-65,584	156,1500
19,2056	-65,586	156,1550
19,2085	-65,588	156,1600
19,2073	-65,590	156,1650
19,2147	-65,592	156,1700
19,2155	-65,594	156,1750
19,2056	-65,596	156,1800
19,2095	-65,599	156,1850
19,2235	-65,601	156,1900
19,2141	-65,603	156,1950
19,2078	-65,605	156,2000
19,2155	-65,607	156,2050
19,2135	-65,609	156,2100
19,2123	-65,611	156,2150
19,2200	-65,613	156,2200
19,2134	-65,615	156,2250
19,2131	-65,617	156,2300
19,2200	-65,620	156,2350
19,2153	-65,622	156,2400
19,2125	-65,624	156,2450
19,2251	-65,626	156,2500
19,2301	-65,628	156,2550
19,2244	-65,630	156,2600
19,2211	-65,632	156,2650
19,2274	-65,634	156,2700
19,2222	-65,636	156,2750
19,2222	-65,638	156,2800
19,2263	-65,641	156,2850
19,2224	-65,643	156,2900
19,2207	-65,645	156,2950
19,2270	-65,647	156,3000
19,2238	-65,649	156,3050
19,2184	-65,651	156,3100
19,2239	-65,653	156,3150
19,2266	-65,655	156,3200
19,2268	-65,657	156,3250
19,2389	-65,659	156,3300
19,2281	-65,662	156,3350
19,2222	-65,664	156,3400
19,2381	-65,666	156,3450
19,2408	-65,668	156,3500
19,2355	-65,670	156,3550
19,2385	-65,672	156,3600
19,2421	-65,674	156,3650
19,2325	-65,676	156,3700
19,2383	-65,678	156,3750
19,2449	-65,680	156,3800
19,2417	-65,683	156,3850
19,2402	-65,685	156,3900
19,2466	-65,687	156,3950
19,2462	-65,689	156,4000
19,2457	-65,691	156,4050
19,2468	-65,693	156,4100
19,2367	-65,695	156,4150
19,2350	-65,697	156,4200
19,2489	-65,699	156,4250
19,2589	-65,701	156,4300
19,2480	-65,704	156,4350
19,2480	-65,706	156,4400
19,2490	-65,708	156,4450
19,2483	-65,710	156,4500
19,2495	-65,712	156,4550
19,2496	-65,714	156,4600
19,2395	-65,716	156,4650
19,2438	-65,718	156,4700
19,2431	-65,720	156,4750
19,2456	-65,722	156,4800
19,2551	-65,725	156,4850
19,2611	-65,727	156,4900
19,2593	-65,729	156,4950
19,2582	-65,731	156,5000
19,2637	-65,733	156,5050
19,2646	-65,735	156,5100
19,2662	-65,737	156,5150
19,2696	-65,739	156,5200
19,2638	-65,741	156,5250
19,2571	-65,743	156,5300
19,2599	-65,746	156,5350
19,2599	-65,748	156,5400
19,2561	-65,750	156,5450
19,2577	-65,752	156,5500
19,2662	-65,754	156,5550
19,2663	-65,756	156,5600
19,2708	-65,758	156,5650
19,2713	-65,760	156,5700
19,2637	-65,762	156,5750
19,2651	-65,764	156,5800
19,2768	-65,767	156,5850
19,2745	-65,769	156,5900
19,2707	-65,771	156,5950
19,2756	-65,773	156,6000
19,2680	-65,775	156,6050
19,2606	-65,777	156,6100
19,2691	-65,779	156,6150
19,2730	-65,781	156,6200
19,2621	-65,783	156,6250
19,2636	-65,785	156,6300
19,2662	-65,788	156,6350
19,2751	-65,790	156,6400
19,2826	-65,792	156,6450
19,2841	-65,794	156,6500
19,2785	-65,796	156,6550
19,2804	-65,798	156,6600
19,2880	-65,800	156,6650
19,2802	-65,802	156,6700
19,2758	-65,804	156,6750
19,2862	-65,806	156,6800
19,2760	-65,809	156,6850
19,2716	-65,811	156,6900
19,2820	-65,813	156,6950
19,2846	-65,815	156,7000
19,2809	-65,817	156,7050
19,2819	-65,819	156,7100
19,2819	-65,821	156,7150
19,2777	-65,823	156,7200
19,2862	-65,825	156,7250
19,2962	-65,827	156,7300
19,2944	-65,830	156,7350
19,2905	-65,832	156,7400
19,2920	-65,834	156,7450
19,2897	-65,836	156,7500
19,2934	-65,838	156,7550
19,2940	-65,840	156,7600
19,2828	-65,842	156,7650
19,2794	-65,844	156,7700
19,2943	-65,846	156,7750
19,2901	-65,848	156,7800
19,2832	-65,851	156,7850
19,2950	-65,853	156,7900
19,3011	-65,855	156,7950
19,2979	-65,857	156,8000
19,2996	-65,859	156,8050
19,2988	-65,861	156,8100
19,2979	-65,863	156,8150
19,3030	-65,865	156,8200
19,3053	-65,867	156,8250
19,3038	-65,869	156,8300
19,3056	-65,872	156,8350
19,3133	-65,874	156,8400
19,2996	-65,876	156,8450
19,3030	-65,878	156,8500
19,3098	-65,880	156,8550
19,3060	-65,882	156,8600
19,3102	-65,884	156,8650
19,3140	-65,886	156,8700
19,3083	-65,888	156,8750
19,3096	-65,890	156,8800
19,3183	-65,893	156,8850
19,3147	-65,895	156,8900
19,3076	-65,897	156,8950
19,3145	-65,899	156,9000
19,3134	-65,901	156,9050
19,3027	-65,903	156,9100
19,3124	-65,905	156,9150
19,3197	-65,907	156,9200
19,3222	-65,909	156,9250
19,3177	-65,911	156,9300
19,3216	-65,914	156,9350
19,3078	-65,916	156,9400
19,3104	-65,918	156,9450
19,3206	-65,920	156,9500
19,3237	-65,922	156,9550
19,3188	-65,924	156,9600
19,3254	-65,926	156,9650
19,3220	-65,928	156,9700
19,3170	-65,930	156,9750
19,3248	-65,932	156,9800
19,3306	-65,935	156,9850
19,3274	-65,937	156,9900
19,3284	-65,939	156,9950
19,3310	-65,941	157,0000
19,3248	-65,943	157,0050
19,3267	-65,945	157,0100
19,3233	-65,947	157,0150
19,3225	-65,949	157,0200
19,3245	-65,951	157,0250
19,3332	-65,953	157,0300
19,3303	-65,956	157,0350
19,3298	-65,958	157,0400
19,3375	-65,960	157,0450
19,3358	-65,962	157,0500
19,3336	-65,964	157,0550
19,3411	-65,966	157,0600
19,3388	-65,968	157,0650
19,3346	-65,970	157,0700
19,3420	-65,972	157,0750
19,3436	-65,974	157,0800
19,3438	-65,977	157,0850
19,3505	-65,979	157,0900
19,3483	-65,981	157,0950
19,3369	-65,983	157,1000
19,3349	-65,985	157,1050
19,3424	-65,987	157,1100
19,3459	-65,989	157,1150
19,3370	-65,991	157,1200
19,3403	-65,993	157,1250
19,3372	-65,995	157,1300
19,3448	-65,998	157,1350
19,3515	-66,000	157,1400
19,3489	-66,002	157,1450
19,3428	-66,004	157,1500
19,3502	-66,006	157,1550
19,3494	-66,008	157,1600
19,3452	-66,010	157,1650
19,3512	-66,012	157,1700
19,3545	-66,014	157,1750
19,3471	-66,016	157,1800
19,3541	-66,019	157,1850
19,3546	-66,021	157,1900
19,3467	-66,023	157,1950
19,3483	-66,025	157,2000
19,3572	-66,027	157,2050
19,3553	-66,029	157,2100
19,3605	-66,031	157,2150
19,3679	-66,033	157,2200
19,3553	-66,035	157,2250
19,3497	-66,037	157,2300
19,3599	-66,040	157,2350
19,3593	-66,042	157,2400
19,3512	-66,044	157,2450
19,3612	-66,046	157,2500
19,3642	-66,048	157,2550
19,3657	-66,050	157,2600
19,3695	-66,052	157,2650
19,3743	-66,054	157,2700
19,3676	-66,056	157,2750
19,3694	-66,058	157,2800
19,3704	-66,061	157,2850
19,3639	-66,063	157,2900
19,3742	-66,065	157,2950
19,3806	-66,067	157,3000
19,3760	-66,069	157,3050
19,3779	-66,071	157,3100
19,3904	-66,073	157,3150
19,3816	-66,075	157,3200
19,3765	-66,077	157,3250
19,3857	-66,079	157,3300
19,3784	-66,082	157,3350
19,3668	-66,084	157,3400
19,3696	-66,086	157,3450
19,3749	-66,088	157,3500
19,3765	-66,090	157,3550
19,3742	-66,092	157,3600
19,3784	-66,094	157,3650
19,3782	-66,096	157,3700
19,3861	-66,098	157,3750
19,3906	-66,100	157,3800
19,3808	-66,103	157,3850
19,3799	-66,105	157,3900
19,3809	-66,107	157,3950
19,3756	-66,109	157,4000
19,3721	-66,111	157,4050
19,3823	-66,113	157,4100
19,3820	-66,115	157,4150
19,3805	-66,117	157,4200
19,3855	-66,119	157,4250
19,3903	-66,121	157,4300
19,3913	-66,124	157,4350
19,3951	-66,126	157,4400
19,3912	-66,128	157,4450
19,3840	-66,130	157,4500
19,3930	-66,132	157,4550
19,3997	-66,134	157,4600
19,3898	-66,136	157,4650
19,3984	-66,138	157,4700
19,4043	-66,140	157,4750
19,3926	-66,142	157,4800
19,3900	-66,145	157,4850
19,3989	-66,147	157,4900
19,4006	-66,149	157,4950
19,3940	-66,151	157,5000
19,4043	-66,153	157,5050
19,4013	-66,155	157,5100
19,3951	-66,157	157,5150
19,3992	-66,159	157,5200
19,3992	-66,161	157,5250
19,3928	-66,163	157,5300
19,4005	-66,166	157,5350
19,4020	-66,168	157,5400
19,3975	-66,170	157,5450
19,4020	-66,172	157,5500
19,4060	-66,174	157,5550
19,4023	-66,176	157,5600
19,4114	-66,178	157,5650
19,4106	-66,180	157,5700
19,3987	-66,182	157,5750
19,4017	-66,184	157,5800
19,4087	-66,187	157,5850
19,4061	-66,189	157,5900
19,4092	-66,191	157,5950
19,4137	-66,193	157,6000
19,4110	-66,195	157,6050
19,4081	-66,197	157,6100
19,4137	-66,199	157,6150
19,4122	-66,201	157,6200
19,4032	-66,203	157,6250
19,4084	-66,205	157,6300
19,4132	-66,208	157,6350
19,4094	-66,210	157,6400
19,4143	-66,212	157,6450
19,4293	-66,214	157,6500
19,4243	-66,216	157,6550
19,4234	-66,218	157,6600
19,4193	-66,220	157,6650
19,4128	-66,222	157,6700
19,4171	-66,224	157,6750
19,4275	-66,226	157,6800
19,4217	-66,229	157,6850
19,4187	-66,231	157,6900
19,4254	-66,233	157,6950
19,4293	-66,235	157,7000
19,4231	-66,237	157,7050
19,4333	-66,239	157,7100
19,4397	-66,241	157,7150
19,4353	-66,243	157,7200
19,4340	-66,245	157,7250
19,4356	-66,247	157,7300
19,4262	-66,250	157,7350
19,4251	-66,252	157,7400
19,4395	-66,254	157,7450
19,4424	-66,256	157,7500
19,4390	-66,258	157,7550
19,4405	-66,260	157,7600
19,4287	-66,262	157,7650
19,4305	-66,264	157,7700
19,4392	-66,266	157,7750
19,4366	-66,268	157,7800
19,4301	-66,271	157,7850
19,4298	-66,273	157,7900
19,4333	-66,275	157,7950
19,4335	-66,277	157,8000
19,4378	-66,279	157,8050
19,4355	-66,281	157,8100
19,4392	-66,283	157,8150
19,4508	-66,285	157,8200
19,4494	-66,287	157,8250
19,4437	-66,289	157,8300
19,4405	-66,292	157,8350
19,4485	-66,294	157,8400
19,4363	-66,296	157,8450
19,4385	-66,298	157,8500
19,4505	-66,300	157,8550
19,4477	-66,302	157,8600
19,4445	-66,304	157,8650
19,4579	-66,306	157,8700
19,4601	-66,308	157,8750
19,4562	-66,310	157,8800
19,4560	-66,313	157,8850
19,4508	-66,315	157,8900
19,4437	-66,317	157,8950
19,4553	-66,319	157,9000
19,4554	-66,321	157,9050
19,4472	-66,323	157,9100
19,4496	-66,325	157,9150
19,4593	-66,327	157,9200
19,4533	-66,329	157,9250
19,4460	-66,331	157,9300
19,4580	-66,334	157,9350
19,4567	-66,336	157,9400
19,4555	-66,338	157,9450
19,4664	-66,340	157,9500
19,4670	-66,342	157,9550
19,4681	-66,344	157,9600
19,4721	-66,346	157,9650
19,4671	-66,348	157,9700
19,4664	-66,350	157,9750
19,4717	-66,352	157,9800
19,4697	-66,355	157,9850
19,4564	-66,357	157,9900
19,4646	-66,359	157,9950
19,4722	-66,361	158,0000
19,4623	-66,363	158,0050
19,4627	-66,365	158,0100
19,4702	-66,367	158,0150
19,4681	-66,369	158,0200
19,4650	-66,371	158,0250
19,4788	-66,373	158,0300
19,4762	-66,376	158,0350
19,4697	-66,378	158,0400
19,4713	-66,380	158,0450
19,4690	-66,382	158,0500
19,4727	-66,384	158,0550
19,4841	-66,386	158,0600
19,4800	-66,388	158,0650
19,4717	-66,390	158,0700
19,4741	-66,392	158,0750
19,4714	-66,394	158,0800
19,4676	-66,397	158,0850
19,4807	-66,399	158,0900
19,4876	-66,401	158,0950
19,4786	-66,403	158,1000
19,4820	-66,405	158,1050
19,4850	-66,407	158,1100
19,4860	-66,409	158,1150
19,4841	-66,411	158,1200
19,4935	-66,413	158,1250
19,4908	-66,415	158,1300
19,4881	-66,418	158,1350
19,4931	-66,420	158,1400
19,4924	-66,422	158,1450
19,4905	-66,424	158,1500
19,4974	-66,426	158,1550
19,4953	-66,428	158,1600
19,4848	-66,430	158,1650
19,4912	-66,432	158,1700
19,5021	-66,434	158,1750
19,4912	-66,436	158,1800
19,4958	-66,439	158,1850
19,5018	-66,441	158,1900
19,5015	-66,443	158,1950
19,5056	-66,445	158,2000
19,5076	-66,447	158,2050
19,4962	-66,449	158,2100
19,4931	-66,451	158,2150
19,4981	-66,453	158,2200
19,4912	-66,455	158,2250
19,4887	-66,457	158,2300
19,5004	-66,460	158,2350
19,5059	-66,462	158,2400
19,5080	-66,464	158,2450
19,5142	-66,466	158,2500
19,5094	-66,468	158,2550
19,5036	-66,470	158,2600
19,5046	-66,472	158,2650
19,5076	-66,474	158,2700
19,4985	-66,476	158,2750
19,5044	-66,478	158,2800
19,5100	-66,481	158,2850
19,5049	-66,483	158,2900
19,5097	-66,485	158,2950
19,5219	-66,487	158,3000
19,5175	-66,489	158,3050
19,5097	-66,491	158,3100
19,5200	-66,493	158,3150
19,5123	-66,495	158,3200
19,5039	-66,497	158,3250
19,5125	-66,499	158,3300
19,5114	-66,502	158,3350
19,5121	-66,504	158,3400
19,5241	-66,506	158,3450
19,5245	-66,508	158,3500
19,5251	-66,510	158,3550
19,5258	-66,512	158,3600
19,5272	-66,514	158,3650
19,5152	-66,516	158,3700
19,5182	-66,518	158,3750
19,5255	-66,520	158,3800
19,5144	-66,523	158,3850
19,5173	-66,525	158,3900
19,5282	-66,527	158,3950
19,5191	-66,529	158,4000
19,5172	-66,531	158,4050
19,5340	-66,533	158,4100
19,5265	-66,535	158,4150
19,5227	-66,537	158,4200
19,5350	-66,539	158,4250
19,5325	-66,541	158,4300
19,5228	-66,544	158,4350
19,5327	-66,546	158,4400
19,5381	-66,548	158,4450
19,5338	-66,550	158,4500
19,5353	-66,552	158,4550
19,5441	-66,554	158,4600
19,5353	-66,556	158,4650
19,5366	-66,558	158,4700
19,5446	-66,560	158,4750
19,5358	-66,562	158,4800
19,5309	-66,565	158,4850
19,5419	-66,567	158,4900
19,5417	-66,569	158,4950
19,5387	-66,571	158,5000
19,5446	-66,573	158,5050
19,5372	-66,575	158,5100
19,5300	-66,577	158,5150
19,5412	-66,579	158,5200
19,5362	-66,581	158,5250
19,5344	-66,583	158,5300
19,5466	-66,586	158,5350
19,5446	-66,588	158,5400
19,5406	-66,590	158,5450
19,5488	-66,592	158,5500
19,5584	-66,594	158,5550
19,5442	-66,596	158,5600
19,5465	-66,598	158,5650
19,5544	-66,600	158,5700
19,5424	-66,602	158,5750
19,5451	-66,604	158,5800
19,5565	-66,607	158,5850
19,5597	-66,609	158,5900
19,5595	-66,611	158,5950
19,5589	-66,613	158,6000
19,5576	-66,615	158,6050
19,5544	-66,617	158,6100
19,5582	-66,619	158,6150
19,5527	-66,621	158,6200
19,5454	-66,623	158,6250
19,5559	-66,625	158,6300
19,5576	-66,628	158,6350
19,5567	-66,630	158,6400
19,5650	-66,632	158,6450
19,5744	-66,634	158,6500
19,5665	-66,636	158,6550
19,5596	-66,638	158,6600
19,5699	-66,640	158,6650
19,5706	-66,642	158,6700
19,5679	-66,644	158,6750
19,5738	-66,646	158,6800
19,5741	-66,649	158,6850
19,5720	-66,651	158,6900
19,5732	-66,653	158,6950
19,5701	-66,655	158,7000
19,5682	-66,657	158,7050
19,5762	-66,659	158,7100
19,5670	-66,661	158,7150
19,5559	-66,663	158,7200
19,5706	-66,665	158,7250
19,5860	-66,667	158,7300
19,5796	-66,670	158,7350
19,5711	-66,672	158,7400
19,5784	-66,674	158,7450
19,5703	-66,676	158,7500
19,5762	-66,678	158,7550
19,5878	-66,680	158,7600
19,5802	-66,682	158,7650
19,5814	-66,684	158,7700
19,5929	-66,686	158,7750
19,5914	-66,688	158,7800
19,5833	-66,691	158,7850
19,5866	-66,693	158,7900
19,5877	-66,695	158,7950
19,5857	-66,697	158,8000
19,5891	-66,699	158,8050
19,5878	-66,701	158,8100
19,5704	-66,703	158,8150
19,5767	-66,705	158,8200
19,5961	-66,707	158,8250
19,5984	-66,709	158,8300
19,5881	-66,712	158,8350
19,5928	-66,714	158,8400
19,5907	-66,716	158,8450
19,5884	-66,718	158,8500
19,5879	-66,720	158,8550
19,5869	-66,722	158,8600
19,5869	-66,724	158,8650
19,5956	-66,726	158,8700
19,5900	-66,728	158,8750
19,5873	-66,730	158,8800
19,5916	-66,733	158,8850
19,5944	-66,735	158,8900
19,5865	-66,737	158,8950
19,5880	-66,739	158,9000
19,5898	-66,741	158,9050
19,5908	-66,743	158,9100
19,5972	-66,745	158,9150
19,6050	-66,747	158,9200
19,6089	-66,749	158,9250
19,6112	-66,751	158,9300
19,6160	-66,754	158,9350
19,6105	-66,756	158,9400
19,6065	-66,758	158,9450
19,6086	-66,760	158,9500
19,6047	-66,762	158,9550
19,6014	-66,764	158,9600
19,6072	-66,766	158,9650
19,6080	-66,768	158,9700
19,6014	-66,770	158,9750
19,6057	-66,772	158,9800
19,6144	-66,775	158,9850
19,6125	-66,777	158,9900
19,6135	-66,779	158,9950
19,6131	-66,781	159,0000
19,6084	-66,783	159,0050
19,6101	-66,785	159,0100
19,6139	-66,787	159,0150
19,6107	-66,789	159,0200
19,6112	-66,791	159,0250
19,6216	-66,793	159,0300
19,6111	-66,796	159,0350
19,6090	-66,798	159,0400
19,6148	-66,800	159,0450
19,6053	-66,802	159,0500
19,6085	-66,804	159,0550
19,6251	-66,806	159,0600
19,6233	-66,808	159,0650
19,6174	-66,810	159,0700
19,6197	-66,812	159,0750
19,6254	-66,814	159,0800
19,6252	-66,817	159,0850
19,6300	-66,819	159,0900
19,6239	-66,821	159,0950
19,6160	-66,823	159,1000
19,6228	-66,825	159,1050
19,6319	-66,827	159,1100
19,6289	-66,829	159,1150
19,6242	-66,831	159,1200
19,6305	-66,833	159,1250
19,6232	-66,835	159,1300
19,6159	-66,838	159,1350
19,6248	-66,840	159,1400
19,6249	-66,842	159,1450
19,6247	-66,844	159,1500
19,6310	-66,846	159,1550
19,6317	-66,848	159,1600
19,6333	-66,850	159,1650
19,6367	-66,852	159,1700
19,6427	-66,854	159,1750
19,6354	-66,856	159,1800
19,6394	-66,859	159,1850
19,6462	-66,861	159,1900
19,6355	-66,863	159,1950
19,6396	-66,865	159,2000
19,6455	-66,867	159,2050
19,6379	-66,869	159,2100
19,6371	-66,871	159,2150
19,6527	-66,873	159,2200
19,6454	-66,875	159,2250
19,6354	-66,877	159,2300
19,6455	-66,880	159,2350
19,6444	-66,882	159,2400
19,6383	-66,884	159,2450
19,6506	-66,886	159,2500
19,6502	-66,888	159,2550
19,6370	-66,890	159,2600
19,6381	-66,892	159,2650
19,6467	-66,894	159,2700
19,6449	-66,896	159,2750
19,6470	-66,898	159,2800
19,6503	-66,901	159,2850
19,6517	-66,903	159,2900
19,6526	-66,905	159,2950
19,6558	-66,907	159,3000
19,6522	-66,909	159,3050
19,6472	-66,911	159,3100
19,6571	-66,913	159,3150
19,6532	-66,915	159,3200
19,6511	-66,917	159,3250
19,6554	-66,919	159,3300
19,6535	-66,922	159,3350
19,6484	-66,924	159,3400
19,6615	-66,926	159,3450
19,6627	-66,928	159,3500
19,6598	-66,930	159,3550
19,6634	-66,932	159,3600
19,6699	-66,934	159,3650
19,6600	-66,936	159,3700
19,6611	-66,938	159,3750
19,6681	-66,940	159,3800
19,6654	-66,943	159,3850
19,6674	-66,945	159,3900
19,6697	-66,947	159,3950
19,6650	-66,949	159,4000
19,6619	-66,951	159,4050
19,6720	-66,953	159,4100
19,6674	-66,955	159,4150
19,6673	-66,957	159,4200
19,6731	-66,959	159,4250
19,6688	-66,961	159,4300
19,6594	-66,964	159,4350
19,6698	-66,966	159,4400
19,6636	-66,968	159,4450
19,6548	-66,970	159,4500
19,6629	-66,972	159,4550
19,6718	-66,974	159,4600
19,6720	-66,976	159,4650
19,6772	-66,978	159,4700
19,6802	-66,980	159,4750
19,6719	-66,982	159,4800
19,6706	-66,985	159,4850
19,6799	-66,987	159,4900
19,6768	-66,989	159,4950
19,6762	-66,991	159,5000
19,6833	-66,993	159,5050
19,6740	-66,995	159,5100
19,6735	-66,997	159,5150
19,6837	-66,999	159,5200
19,6773	-67,001	159,5250
19,6688	-67,003	159,5300
19,6805	-67,006	159,5350
19,6822	-67,008	159,5400
19,6759	-67,010	159,5450
19,6805	-67,012	159,5500
19,6898	-67,014	159,5550
19,6846	-67,016	159,5600
19,6904	-67,018	159,5650
19,6907	-67,020	159,5700
19,6816	-67,022	159,5750
19,6842	-67,024	159,5800
19,6915	-67,027	159,5850
19,6900	-67,029	159,5900
19,6859	-67,031	159,5950
19,6950	-67,033	159,6000
19,6948	-67,035	159,6050
19,6847	-67,037	159,6100
19,6879	-67,039	159,6150
19,6886	-67,041	159,6200
19,6883	-67,043	159,6250
19,6972	-67,045	159,6300
19,6969	-67,048	159,6350
19,6875	-67,050	159,6400
19,6930	-67,052	159,6450
19,7029	-67,054	159,6500
19,6951	-67,056	159,6550
19,6872	-67,058	159,6600
19,6992	-67,060	159,6650
19,7006	-67,062	159,6700
19,7001	-67,064	159,6750
19,7032	-67,066	159,6800
19,7025	-67,069	159,6850
19,7032	-67,071	159,6900
19,7119	-67,073	159,6950
19,7140	-67,075	159,7000
19,7056	-67,077	159,7050
19,7081	-67,079	159,7100
19,7124	-67,081	159,7150
19,7036	-67,083	159,7200
19,7041	-67,085	159,7250
19,7010	-67,087	159,7300
19,7045	-67,090	159,7350
19,7074	-67,092	159,7400
19,7155	-67,094	159,7450
19,7146	-67,096	159,7500
19,7168	-67,098	159,7550
19,7260	-67,100	159,7600
19,7178	-67,102	159,7650
19,7056	-67,104	159,7700
19,7125	-67,106	159,7750
19,7145	-67,108	159,7800
19,7116	-67,111	159,7850
19,7136	-67,113	159,7900
19,7108	-67,115	159,7950
19,7104	-67,117	159,8000
19,7185	-67,119	159,8050
19,7197	-67,121	159,8100
19,7221	-67,123	159,8150
19,7177	-67,125	159,8200
19,7194	-67,127	159,8250
19,7166	-67,129	159,8300
19,7141	-67,132	159,8350
19,7187	-67,134	159,8400
19,7136	-67,136	159,8450
19,7129	-67,138	159,8500
19,7304	-67,140	159,8550
19,7305	-67,142	159,8600
19,7235	-67,144	159,8650
19,7299	-67,146	159,8700
19,7294	-67,148	159,8750
19,7321	-67,150	159,8800
19,7406	-67,153	159,8850
19,7357	-67,155	159,8900
19,7299	-67,157	159,8950
19,7394	-67,159	159,9000
19,7376	-67,161	159,9050
19,7322	-67,163	159,9100
19,7363	-67,165	159,9150
19,7369	-67,167	159,9200
19,7342	-67,169	159,9250
19,7328	-67,171	159,9300
19,7421	-67,174	159,9350
19,7406	-67,176	159,9400
19,7370	-67,178	159,9450
19,7410	-67,180	159,9500
19,7363	-67,182	159,9550
19,7337	-67,184	159,9600
19,7411	-67,186	159,9650
19,7396	-67,188	159,9700
19,7424	-67,190	159,9750
19,7453	-67,192	159,9800
19,7467	-67,195	159,9850
19,7409	-67,197	159,9900
19,7493	-67,199	159,9950
19,7505	-67,201	160,0000
19,7490	-67,203	160,0050
19,7615	-67,205	160,0100
19,7621	-67,207	160,0150
19,7547	-67,209	160,0200
19,7488	-67,211	160,0250
19,7568	-67,213	160,0300
19,7521	-67,216	160,0350
19,7478	-67,218	160,0400
19,7565	-67,220	160,0450
19,7599	-67,222	160,0500
19,7568	-67,224	160,0550
19,7613	-67,226	160,0600
19,7670	-67,228	160,0650
19,7607	-67,230	160,0700
19,7606	-67,232	160,0750
19,7581	-67,234	160,0800
19,7487	-67,237	160,0850
19,7523	-67,239	160,0900
19,7578	-67,241	160,0950
19,7551	-67,243	160,1000
19,7593	-67,245	160,1050
19,7638	-67,247	160,1100
19,7585	-67,249	160,1150
19,7567	-67,251	160,1200
19,7710	-67,253	160,1250
19,7657	-67,255	160,1300
19,7581	-67,258	160,1350
19,7652	-67,260	160,1400
19,7615	-67,262	160,1450
19,7563	-67,264	160,1500
19,7668	-67,266	160,1550
19,7754	-67,268	160,1600
19,7729	-67,270	160,1650
19,7732	-67,272	160,1700
19,7713	-67,274	160,1750
19,7587	-67,276	160,1800
19,7683	-67,279	160,1850
19,7822	-67,281	160,1900
19,7838	-67,283	160,1950
19,7846	-67,285	160,2000
19,7808	-67,287	160,2050
19,7665	-67,289	160,2100
19,7677	-67,291	160,2150
19,7811	-67,293	160,2200
19,7771	-67,295	160,2250
19,7769	-67,297	160,2300
19,7804	-67,300	160,2350
19,7787	-67,302	160,2400
19,7737	-67,304	160,2450
19,7819	-67,306	160,2500
19,7839	-67,308	160,2550
19,7847	-67,310	160,2600
19,7857	-67,312	160,2650
19,7829	-67,314	160,2700
19,7765	-67,316	160,2750
19,7835	-67,318	160,2800
19,7876	-67,321	160,2850
19,7840	-67,323	160,2900
19,7833	-67,325	160,2950
19,7892	-67,327	160,3000
19,7887	-67,329	160,3050
19,7869	-67,331	160,3100
19,7975	-67,333	160,3150
19,7914	-67,335	160,3200
19,7834	-67,337	160,3250
19,7957	-67,339	160,3300
19,7933	-67,342	160,3350
19,7788	-67,344	160,3400
19,7828	-67,346	160,3450
19,7898	-67,348	160,3500
19,7928	-67,350	160,3550
19,7922	-67,352	160,3600
19,7991	-67,354	160,3650
19,7931	-67,356	160,3700
19,7909	-67,358	160,3750
19,7979	-67,360	160,3800
19,7957	-67,363	160,3850
19,7993	-67,365	160,3900
19,8014	-67,367	160,3950
19,8008	-67,369	160,4000
19,8027	-67,371	160,4050
19,8124	-67,373	160,4100
19,8143	-67,375	160,4150
19,8109	-67,377	160,4200
19,8131	-67,379	160,4250
19,8068	-67,381	160,4300
19,7992	-67,384	160,4350
19,8063	-67,386	160,4400
19,8060	-67,388	160,4450
19,8044	-67,390	160,4500
19,8046	-67,392	160,4550
19,8135	-67,394	160,4600
19,8092	-67,396	160,4650
19,8077	-67,398	160,4700
19,8116	-67,400	160,4750
19,8054	-67,402	160,4800
19,8106	-67,405	160,4850
19,8201	-67,407	160,4900
19,8142	-67,409	160,4950
19,8109	-67,411	160,5000
19,8190	-67,413	160,5050
19,8250	-67,415	160,5100
19,8206	-67,417	160,5150
19,8250	-67,419	160,5200
19,8176	-67,421	160,5250
19,8056	-67,423	160,5300
19,8151	-67,426	160,5350
19,8192	-67,428	160,5400
19,8194	-67,430	160,5450
19,8212	-67,432	160,5500
19,8241	-67,434	160,5550
19,8132	-67,436	160,5600
19,8172	-67,438	160,5650
19,8312	-67,440	160,5700
19,8344	-67,442	160,5750
19,8306	-67,444	160,5800
19,8294	-67,447	160,5850
19,8263	-67,449	160,5900
19,8243	-67,451	160,5950
19,8301	-67,453	160,6000
19,8256	-67,455	160,6050
19,8238	-67,457	160,6100
19,8297	-67,459	160,6150
19,8318	-67,461	160,6200
19,8282	-67,463	160,6250
19,8329	-67,465	160,6300
19,8349	-67,468	160,6350
19,8328	-67,470	160,6400
19,8374	-67,472	160,6450
19,8459	-67,474	160,6500
19,8409	-67,476	160,6550
19,8398	-67,478	160,6600
19,8435	-67,480	160,6650
19,8371	-67,482	160,6700
19,8364	-67,484	160,6750
19,8412	-67,486	160,6800
19,8399	-67,489	160,6850
19,8403	-67,491	160,6900
19,8502	-67,493	160,6950
19,8516	-67,495	160,7000
19,8442	-67,497	160,7050
19,8442	-67,499	160,7100
19,8453	-67,501	160,7150
19,8450	-67,503	160,7200
19,8494	-67,505	160,7250
19,8509	-67,507	160,7300
19,8543	-67,510	160,7350
19,8485	-67,512	160,7400
19,8574	-67,514	160,7450
19,8482	-67,516	160,7500
19,8399	-67,518	160,7550
19,8496	-67,520	160,7600
19,8574	-67,522	160,7650
19,8624	-67,524	160,7700
19,8708	-67,526	160,7750
19,8631	-67,528	160,7800
19,8585	-67,531	160,7850
19,8595	-67,533	160,7900
19,8610	-67,535	160,7950
19,8617	-67,537	160,8000
19,8697	-67,539	160,8050
19,8676	-67,541	160,8100
19,8568	-67,543	160,8150
19,8615	-67,545	160,8200
19,8630	-67,547	160,8250
19,8648	-67,549	160,8300
19,8708	-67,552	160,8350
19,8797	-67,554	160,8400
19,8666	-67,556	160,8450
19,8689	-67,558	160,8500
19,8751	-67,560	160,8550
19,8667	-67,562	160,8600
19,8610	-67,564	160,8650
19,8745	-67,566	160,8700
19,8731	-67,568	160,8750
19,8656	-67,570	160,8800
19,8726	-67,573	160,8850
19,8721	-67,575	160,8900
19,8693	-67,577	160,8950
19,8804	-67,579	160,9000
19,8742	-67,581	160,9050
19,8590	-67,583	160,9100
19,8718	-67,585	160,9150
19,8801	-67,587	160,9200
19,8784	-67,589	160,9250
19,8821	-67,591	160,9300
19,8923	-67,594	160,9350
19,8880	-67,596	160,9400
19,8859	-67,598	160,9450
19,8883	-67,600	160,9500
19,8814	-67,602	160,9550
19,8809	-67,604	160,9600
19,8921	-67,606	160,9650
19,8877	-67,608	160,9700
19,8792	-67,610	160,9750
19,8828	-67,612	160,9800
19,8840	-67,615	160,9850
19,8820	-67,617	160,9900
19,8867	-67,619	160,9950
19,8918	-67,621	161,0000
19,8867	-67,623	161,0050
19,8907	-67,625	161,0100
19,9013	-67,627	161,0150
19,8952	-67,629	161,0200
19,8873	-67,631	161,0250
19,8962	-67,633	161,0300
19,8938	-67,636	161,0350
19,8984	-67,638	161,0400
19,8993	-67,640	161,0450
19,8899	-67,642	161,0500
19,8836	-67,644	161,0550
19,8972	-67,646	161,0600
19,9025	-67,648	161,0650
19,9037	-67,650	161,0700
19,9048	-67,652	161,0750
19,9031	-67,654	161,0800
19,8989	-67,657	161,0850
19,9095	-67,659	161,0900
19,9156	-67,661	161,0950
19,9011	-67,663	161,1000
19,9050	-67,665	161,1050
19,9049	-67,667	161,1100
19,9012	-67,669	161,1150
19,9039	-67,671	161,1200
19,9172	-67,673	161,1250
19,9100	-67,675	161,1300
19,9070	-67,678	161,1350
19,9173	-67,680	161,1400
19,9071	-67,682	161,1450
19,9020	-67,684	161,1500
19,9109	-67,686	161,1550
19,9155	-67,688	161,1600
19,9146	-67,690	161,1650
19,9227	-67,692	161,1700
19,9267	-67,694	161,1750
19,9199	-67,696	161,1800
19,9169	-67,699	161,1850
19,9195	-67,701	161,1900
19,9139	-67,703	161,1950
19,9194	-67,705	161,2000
19,9240	-67,707	161,2050
19,9210	-67,709	161,2100
19,9155	-67,711	161,2150
19,9227	-67,713	161,2200
19,9160	-67,715	161,2250
19,9212	-67,717	161,2300
19,9364	-67,720	161,2350
19,9361	-67,722	161,2400
19,9216	-67,724	161,2450
19,9254	-67,726	161,2500
19,9301	-67,728	161,2550
19,9267	-67,730	161,2600
19,9318	-67,732	161,2650
19,9412	-67,734	161,2700
19,9305	-67,736	161,2750
19,9295	-67,738	161,2800
19,9370	-67,741	161,2850
19,9278	-67,743	161,2900
19,9200	-67,745	161,2950
19,9247	-67,747	161,3000
19,9314	-67,749	161,3050
19,9326	-67,751	161,3100
19,9396	-67,753	161,3150
19,9410	-67,755	161,3200
19,9386	-67,757	161,3250
19,9426	-67,759	161,3300
19,9420	-67,762	161,3350
19,9377	-67,764	161,3400
19,9426	-67,766	161,3450
19,9406	-67,768	161,3500
19,9371	-67,770	161,3550
19,9425	-67,772	161,3600
19,9509	-67,774	161,3650
19,9420	-67,776	161,3700
19,9496	-67,778	161,3750
19,9492	-67,780	161,3800
19,9443	-67,783	161,3850
19,9506	-67,785	161,3900
19,9510	-67,787	161,3950
19,9451	-67,789	161,4000
19,9466	-67,791	161,4050
19,9594	-67,793	161,4100
19,9529	-67,795	161,4150
19,9484	-67,797	161,4200
19,9591	-67,799	161,4250
19,9560	-67,801	161,4300
19,9472	-67,804	161,4350
19,9573	-67,806	161,4400
19,9630	-67,808	161,4450
19,9590	-67,810	161,4500
19,9616	-67,812	161,4550
19,9699	-67,814	161,4600
19,9622	-67,816	161,4650
19,9629	-67,818	161,4700
19,9599	-67,820	161,4750
19,9518	-67,822	161,4800
19,9549	-67,825	161,4850
19,9700	-67,827	161,4900
19,9712	-67,829	161,4950
19,9655	-67,831	161,5000
19,9678	-67,833	161,5050
19,9604	-67,835	161,5100
19,9518	-67,837	161,5150
19,9631	-67,839	161,5200
19,9672	-67,841	161,5250
19,9674	-67,843	161,5300
19,9763	-67,846	161,5350
19,9735	-67,848	161,5400
19,9623	-67,850	161,5450
19,9568	-67,852	161,5500
19,9674	-67,854	161,5550
19,9707	-67,856	161,5600
19,9759	-67,858	161,5650
19,9838	-67,860	161,5700
19,9734	-67,862	161,5750
19,9723	-67,864	161,5800
19,9828	-67,867	161,5850
19,9836	-67,869	161,5900
19,9746	-67,871	161,5950
19,9766	-67,873	161,6000
19,9730	-67,875	161,6050
19,9741	-67,877	161,6100
19,9812	-67,879	161,6150
19,9807	-67,881	161,6200
19,9753	-67,883	161,6250
19,9812	-67,885	161,6300
19,9811	-67,888	161,6350
19,9795	-67,890	161,6400
19,9827	-67,892	161,6450
19,9867	-67,894	161,6500
19,9815	-67,896	161,6550
19,9862	-67,898	161,6600
19,9886	-67,900	161,6650
19,9839	-67,902	161,6700
19,9875	-67,904	161,6750
19,9933	-67,906	161,6800
19,9895	-67,909	161,6850
19,9796	-67,911	161,6900
19,9873	-67,913	161,6950
19,9815	-67,915	161,7000
19,9836	-67,917	161,7050
19,9908	-67,919	161,7100
19,9881	-67,921	161,7150
19,9841	-67,923	161,7200
19,9903	-67,925	161,7250
19,9966	-67,927	161,7300
19,9970	-67,930	161,7350
19,9981	-67,932	161,7400
19,9996	-67,934	161,7450
19,9954	-67,936	161,7500
20,0032	-67,938	161,7550
20,0092	-67,940	161,7600
20,0023	-67,942	161,7650
20,0008	-67,944	161,7700
20,0054	-67,946	161,7750
20,0094	-67,948	161,7800
20,0098	-67,951	161,7850
20,0063	-67,953	161,7900
19,9947	-67,955	161,7950
19,9937	-67,957	161,8000
20,0105	-67,959	161,8050
20,0146	-67,961	161,8100
20,0092	-67,963	161,8150
20,0162	-67,965	161,8200
20,0164	-67,967	161,8250
20,0047	-67,969	161,8300
20,0015	-67,972	161,8350
20,0174	-67,974	161,8400
20,0182	-67,976	161,8450
20,0146	-67,978	161,8500
20,0146	-67,980	161,8550
20,0080	-67,982	161,8600
20,0132	-67,984	161,8650
20,0184	-67,986	161,8700
20,0120	-67,988	161,8750
20,0092	-67,990	161,8800
20,0165	-67,993	161,8850
20,0186	-67,995	161,8900
20,0152	-67,997	161,8950
20,0171	-67,999	161,9000
20,0141	-68,001	161,9050
20,0114	-68,003	161,9100
20,0144	-68,005	161,9150
20,0198	-68,007	161,9200
20,0243	-68,009	161,9250
20,0271	-68,011	161,9300
20,0291	-68,014	161,9350
20,0211	-68,016	161,9400
20,0246	-68,018	161,9450
20,0307	-68,020	161,9500
20,0244	-68,022	161,9550
20,0193	-68,024	161,9600
20,0262	-68,026	161,9650
20,0286	-68,028	161,9700
20,0319	-68,030	161,9750
20,0397	-68,032	161,9800
20,0405	-68,035	161,9850
20,0344	-68,037	161,9900
20,0345	-68,039	161,9950
20,0395	-68,041	162,0000
20,0361	-68,043	162,0050
20,0336	-68,045	162,0100
20,0404	-68,047	162,0150
20,0403	-68,049	162,0200
20,0410	-68,051	162,0250
20,0413	-68,053	162,0300
20,0296	-68,056	162,0350
20,0315	-68,058	162,0400
20,0444	-68,060	162,0450
20,0372	-68,062	162,0500
20,0340	-68,064	162,0550
20,0539	-68,066	162,0600
20,0546	-68,068	162,0650
20,0468	-68,070	162,0700
20,0479	-68,072	162,0750
20,0524	-68,074	162,0800
20,0463	-68,077	162,0850
20,0487	-68,079	162,0900
20,0511	-68,081	162,0950
20,0476	-68,083	162,1000
20,0489	-68,085	162,1050
20,0580	-68,087	162,1100
20,0532	-68,089	162,1150
20,0505	-68,091	162,1200
20,0518	-68,093	162,1250
20,0544	-68,095	162,1300
20,0551	-68,098	162,1350
20,0588	-68,100	162,1400
20,0533	-68,102	162,1450
20,0458	-68,104	162,1500
20,0514	-68,106	162,1550
20,0574	-68,108	162,1600
20,0570	-68,110	162,1650
20,0621	-68,112	162,1700
20,0662	-68,114	162,1750
20,0578	-68,116	162,1800
20,0644	-68,119	162,1850
20,0709	-68,121	162,1900
20,0636	-68,123	162,1950
20,0638	-68,125	162,2000
20,0695	-68,127	162,2050
20,0645	-68,129	162,2100
20,0594	-68,131	162,2150
20,0707	-68,133	162,2200
20,0683	-68,135	162,2250
20,0662	-68,137	162,2300
20,0788	-68,140	162,2350
20,0761	-68,142	162,2400
20,0644	-68,144	162,2450
20,0725	-68,146	162,2500
20,0748	-68,148	162,2550
20,0719	-68,150	162,2600
20,0706	-68,152	162,2650
20,0742	-68,154	162,2700
20,0677	-68,156	162,2750
20,0622	-68,158	162,2800
20,0652	-68,161	162,2850
20,0599	-68,163	162,2900
20,0639	-68,165	162,2950
20,0688	-68,167	162,3000
20,0709	-68,169	162,3050
20,0766	-68,171	162,3100
20,0798	-68,173	162,3150
20,0711	-68,175	162,3200
20,0694	-68,177	162,3250
20,0833	-68,180	162,3300
20,0929	-68,182	162,3350
20,0798	-68,184	162,3400
20,0846	-68,186	162,3450
20,0834	-68,188	162,3500
20,0790	-68,190	162,3550
20,0859	-68,192	162,3600
20,0894	-68,194	162,3650
20,0791	-68,196	162,3700
20,0866	-68,198	162,3750
20,0973	-68,201	162,3800
20,0927	-68,203	162,3850
20,0867	-68,205	162,3900
20,0916	-68,207	162,3950
20,0862	-68,209	162,4000
20,0805	-68,211	162,4050
20,0897	-68,213	162,4100
20,0829	-68,215	162,4150
20,0832	-68,217	162,4200
20,0984	-68,219	162,4250
20,1015	-68,222	162,4300
20,0970	-68,224	162,4350
20,1026	-68,226	162,4400
20,1048	-68,228	162,4450
20,0984	-68,230	162,4500
20,0996	-68,232	162,4550
20,0942	-68,234	162,4600
20,0905	-68,236	162,4650
20,0929	-68,238	162,4700
20,1030	-68,240	162,4750
20,1032	-68,243	162,4800
20,1038	-68,245	162,4850
20,1097	-68,247	162,4900
20,1078	-68,249	162,4950
20,1028	-68,251	162,5000
20,1083	-68,253	162,5050
20,1093	-68,255	162,5100
20,1102	-68,257	162,5150
20,1171	-68,259	162,5200
20,1171	-68,261	162,5250
20,1062	-68,264	162,5300
20,1151	-68,266	162,5350
20,1197	-68,268	162,5400
20,1157	-68,270	162,5450
20,1141	-68,272	162,5500
20,1227	-68,274	162,5550
20,1164	-68,276	162,5600
20,1187	-68,278	162,5650
20,1239	-68,280	162,5700
20,1182	-68,282	162,5750
20,1183	-68,285	162,5800
20,1219	-68,287	162,5850
20,1212	-68,289	162,5900
20,1198	-68,291	162,5950
20,1211	-68,293	162,6000
20,1217	-68,295	162,6050
20,1313	-68,297	162,6100
20,1369	-68,299	162,6150
20,1348	-68,301	162,6200
20,1245	-68,303	162,6250
20,1233	-68,306	162,6300
20,1263	-68,308	162,6350
20,1236	-68,310	162,6400
20,1208	-68,312	162,6450
20,1305	-68,314	162,6500
20,1304	-68,316	162,6550
20,1346	-68,318	162,6600
20,1269	-68,320	162,6650
20,1176	-68,322	162,6700
20,1212	-68,324	162,6750
20,1341	-68,327	162,6800
20,1360	-68,329	162,6850
20,1327	-68,331	162,6900
20,1417	-68,333	162,6950
20,1476	-68,335	162,7000
20,1383	-68,337	162,7050
20,1392	-68,339	162,7100
20,1347	-68,341	162,7150
20,1252	-68,343	162,7200
20,1375	-68,345	162,7250
20,1438	-68,348	162,7300
20,1385	-68,350	162,7350
20,1452	-68,352	162,7400
20,1536	-68,354	162,7450
20,1448	-68,356	162,7500
20,1367	-68,358	162,7550
20,1386	-68,360	162,7600
20,1401	-68,362	162,7650
20,1472	-68,364	162,7700
20,1574	-68,366	162,7750
20,1523	-68,369	162,7800
20,1445	-68,371	162,7850
20,1462	-68,373	162,7900
20,1515	-68,375	162,7950
20,1473	-68,377	162,8000
20,1497	-68,379	162,8050
20,1553	-68,381	162,8100
20,1498	-68,383	162,8150
20,1627	-68,385	162,8200
20,1702	-68,387	162,8250
20,1610	-68,390	162,8300
20,1553	-68,392	162,8350
20,1619	-68,394	162,8400
20,1560	-68,396	162,8450
20,1504	-68,398	162,8500
20,1559	-68,400	162,8550
20,1570	-68,402	162,8600
20,1497	-68,404	162,8650
20,1583	-68,406	162,8700
20,1638	-68,408	162,8750
20,1613	-68,411	162,8800
20,1627	-68,413	162,8850
20,1634	-68,415	162,8900
20,1612	-68,417	162,8950
20,1671	-68,419	162,9000
20,1631	-68,421	162,9050
20,1586	-68,423	162,9100
20,1655	-68,425	162,9150
20,1742	-68,427	162,9200
20,1700	-68,429	162,9250
20,1663	-68,432	162,9300
20,1698	-68,434	162,9350
20,1643	-68,436	162,9400
20,1646	-68,438	162,9450
20,1751	-68,440	162,9500
20,1744	-68,442	162,9550
20,1658	-68,444	162,9600
20,1681	-68,446	162,9650
20,1707	-68,448	162,9700
20,1643	-68,450	162,9750
20,1728	-68,453	162,9800
20,1759	-68,455	162,9850
20,1694	-68,457	162,9900
20,1726	-68,459	162,9950
20,1750	-68,461	163,0000
20,1724	-68,463	163,0050
20,1776	-68,465	163,0100
20,1793	-68,467	163,0150
20,1812	-68,469	163,0200
20,1792	-68,471	163,0250
20,1927	-68,474	163,0300
20,1855	-68,476	163,0350
20,1799	-68,478	163,0400
20,1875	-68,480	163,0450
20,1877	-68,482	163,0500
20,1866	-68,484	163,0550
20,1895	-68,486	163,0600
20,1806	-68,488	163,0650
20,1765	-68,490	163,0700
20,1946	-68,492	163,0750
20,1975	-68,495	163,0800
20,1864	-68,497	163,0850
20,1935	-68,499	163,0900
20,1941	-68,501	163,0950
20,1900	-68,503	163,1000
20,1926	-68,505	163,1050
20,2013	-68,507	163,1100
20,1984	-68,509	163,1150
20,1915	-68,511	163,1200
20,1968	-68,513	163,1250
20,1936	-68,516	163,1300
20,1901	-68,518	163,1350
20,1953	-68,520	163,1400
20,1943	-68,522	163,1450
20,1913	-68,524	163,1500
20,2080	-68,526	163,1550
20,2135	-68,528	163,1600
20,2027	-68,530	163,1650
20,2041	-68,532	163,1700
20,2073	-68,534	163,1750
20,2008	-68,537	163,1800
20,2053	-68,539	163,1850
20,2066	-68,541	163,1900
20,2011	-68,543	163,1950
20,2089	-68,545	163,2000
20,2070	-68,547	163,2050
20,2060	-68,549	163,2100
20,2084	-68,551	163,2150
20,2156	-68,553	163,2200
20,2133	-68,555	163,2250
20,2151	-68,558	163,2300
20,2233	-68,560	163,2350
20,2197	-68,562	163,2400
20,2127	-68,564	163,2450
20,2194	-68,566	163,2500
20,2186	-68,568	163,2550
20,2106	-68,570	163,2600
20,2091	-68,572	163,2650
20,2215	-68,574	163,2700
20,2209	-68,576	163,2750
20,2282	-68,579	163,2800
20,2353	-68,581	163,2850
20,2211	-68,583	163,2900
20,2158	-68,585	163,2950
20,2270	-68,587	163,3000
20,2278	-68,589	163,3050
20,2255	-68,591	163,3100
20,2346	-68,593	163,3150
20,2312	-68,595	163,3200
20,2238	-68,597	163,3250
20,2280	-68,600	163,3300
20,2275	-68,602	163,3350
20,2232	-68,604	163,3400
20,2334	-68,606	163,3450
20,2322	-68,608	163,3500
20,2252	-68,610	163,3550
20,2350	-68,612	163,3600
20,2385	-68,614	163,3650
20,2261	-68,616	163,3700
20,2295	-68,618	163,3750
20,2332	-68,621	163,3800
20,2299	-68,623	163,3850
20,2252	-68,625	163,3900
20,2313	-68,627	163,3950
20,2356	-68,629	163,4000
20,2304	-68,631	163,4050
20,2350	-68,633	163,4100
20,2320	-68,635	163,4150
20,2378	-68,637	163,4200
20,2476	-68,639	163,4250
20,2506	-68,642	163,4300
20,2481	-68,644	163,4350
20,2538	-68,646	163,4400
20,2494	-68,648	163,4450
20,2356	-68,650	163,4500
20,2389	-68,652	163,4550
20,2474	-68,654	163,4600
20,2378	-68,656	163,4650
20,2405	-68,658	163,4700
20,2519	-68,660	163,4750
20,2483	-68,663	163,4800
20,2474	-68,665	163,4850
20,2562	-68,667	163,4900
20,2536	-68,669	163,4950
20,2472	-68,671	163,5000
20,2583	-68,673	163,5050
20,2514	-68,675	163,5100
20,2447	-68,677	163,5150
20,2593	-68,679	163,5200
20,2589	-68,681	163,5250
20,2504	-68,684	163,5300
20,2637	-68,686	163,5350
20,2675	-68,688	163,5400
20,2575	-68,690	163,5450
20,2586	-68,692	163,5500
20,2666	-68,694	163,5550
20,2559	-68,696	163,5600
20,2658	-68,698	163,5650
20,2705	-68,700	163,5700
20,2541	-68,702	163,5750
20,2529	-68,705	163,5800
20,2630	-68,707	163,5850
20,2639	-68,709	163,5900
20,2564	-68,711	163,5950
20,2684	-68,713	163,6000
20,2689	-68,715	163,6050
20,2665	-68,717	163,6100
20,2726	-68,719	163,6150
20,2703	-68,721	163,6200
20,2606	-68,723	163,6250
20,2663	-68,726	163,6300
20,2723	-68,728	163,6350
20,2644	-68,730	163,6400
20,2707	-68,732	163,6450
20,2781	-68,734	163,6500
20,2745	-68,736	163,6550
20,2750	-68,738	163,6600
20,2792	-68,740	163,6650
20,2716	-68,742	163,6700
20,2702	-68,744	163,6750
20,2828	-68,747	163,6800
20,2835	-68,749	163,6850
20,2820	-68,751	163,6900
20,2871	-68,753	163,6950
20,2839	-68,755	163,7000
20,2793	-68,757	163,7050
20,2861	-68,759	163,7100
20,2907	-68,761	163,7150
20,2867	-68,763	163,7200
20,2963	-68,765	163,7250
20,3014	-68,768	163,7300
20,2889	-68,770	163,7350
20,2846	-68,772	163,7400
20,2862	-68,774	163,7450
20,2805	-68,776	163,7500
20,2863	-68,778	163,7550
20,2917	-68,780	163,7600
20,2909	-68,782	163,7650
20,2854	-68,784	163,7700
20,2915	-68,786	163,7750
20,2940	-68,789	163,7800
20,2880	-68,791	163,7850
20,2974	-68,793	163,7900
20,3028	-68,795	163,7950
20,2955	-68,797	163,8000
20,2949	-68,799	163,8050
20,2940	-68,801	163,8100
20,2860	-68,803	163,8150
20,2918	-68,805	163,8200
20,3058	-68,807	163,8250
20,2964	-68,810	163,8300
20,2948	-68,812	163,8350
20,3057	-68,814	163,8400
20,3006	-68,816	163,8450
20,2934	-68,818	163,8500
20,2982	-68,820	163,8550
20,2948	-68,822	163,8600
20,2955	-68,824	163,8650
20,3050	-68,826	163,8700
20,3013	-68,828	163,8750
20,2986	-68,831	163,8800
20,3083	-68,833	163,8850
20,3101	-68,835	163,8900
20,3020	-68,837	163,8950
20,3060	-68,839	163,9000
20,3133	-68,841	163,9050
20,3069	-68,843	163,9100
20,3072	-68,845	163,9150
20,3174	-68,847	163,9200
20,3146	-68,849	163,9250
20,3084	-68,852	163,9300
20,3178	-68,854	163,9350
20,3120	-68,856	163,9400
20,3193	-68,858	163,9450
20,3319	-68,860	163,9500
20,3198	-68,862	163,9550
20,3103	-68,864	163,9600
20,3179	-68,866	163,9650
20,3222	-68,868	163,9700
20,3197	-68,870	163,9750
20,3253	-68,873	163,9800
20,3286	-68,875	163,9850
20,3214	-68,877	163,9900
20,3234	-68,879	163,9950
20,3294	-68,881	164,0000
20,3307	-68,883	164,0050
20,3292	-68,885	164,0100
20,3323	-68,887	164,0150
20,3368	-68,889	164,0200
20,3336	-68,891	164,0250
20,3346	-68,894	164,0300
20,3233	-68,896	164,0350
20,3294	-68,898	164,0400
20,3367	-68,900	164,0450
20,3355	-68,902	164,0500
20,3312	-68,904	164,0550
20,3418	-68,906	164,0600
20,3475	-68,908	164,0650
20,3421	-68,910	164,0700
20,3412	-68,912	164,0750
20,3393	-68,915	164,0800
20,3363	-68,917	164,0850
20,3398	-68,919	164,0900
20,3369	-68,921	164,0950
20,3327	-68,923	164,1000
20,3386	-68,925	164,1050
20,3443	-68,927	164,1100
20,3401	-68,929	164,1150
20,3353	-68,931	164,1200
20,3407	-68,933	164,1250
20,3348	-68,936	164,1300
20,3376	-68,938	164,1350
20,3494	-68,940	164,1400
20,3470	-68,942	164,1450
20,3452	-68,944	164,1500
20,3562	-68,946	164,1550
20,3585	-68,948	164,1600
20,3552	-68,950	164,1650
20,3601	-68,952	164,1700
20,3607	-68,954	164,1750
20,3526	-68,957	164,1800
20,3543	-68,959	164,1850
20,3540	-68,961	164,1900
20,3521	-68,963	164,1950
20,3622	-68,965	164,2000
20,3679	-68,967	164,2050
20,3606	-68,969	164,2100
20,3524	-68,971	164,2150
20,3552	-68,973	164,2200
20,3546	-68,975	164,2250
20,3584	-68,978	164,2300
20,3676	-68,980	164,2350
20,3680	-68,982	164,2400
20,3633	-68,984	164,2450
20,3713	-68,986	164,2500
20,3701	-68,988	164,2550
20,3676	-68,990	164,2600
20,3676	-68,992	164,2650
20,3710	-68,994	164,2700
20,3618	-68,996	164,2750
20,3619	-68,999	164,2800
20,3648	-69,001	164,2850
20,3579	-69,003	164,2900
20,3707	-69,005	164,2950
20,3861	-69,007	164,3000
20,3717	-69,009	164,3050
20,3648	-69,011	164,3100
20,3731	-69,013	164,3150
20,3774	-69,015	164,3200
20,3813	-69,017	164,3250
20,3830	-69,020	164,3300
20,3698	-69,022	164,3350
20,3633	-69,024	164,3400
20,3732	-69,026	164,3450
20,3792	-69,028	164,3500
20,3823	-69,030	164,3550
20,3868	-69,032	164,3600
20,3888	-69,034	164,3650
20,3812	-69,036	164,3700
20,3817	-69,038	164,3750
20,3910	-69,041	164,3800
20,3857	-69,043	164,3850
20,3825	-69,045	164,3900
20,3893	-69,047	164,3950
20,3833	-69,049	164,4000
20,3765	-69,051	164,4050
20,3826	-69,053	164,4100
20,3811	-69,055	164,4150
20,3827	-69,057	164,4200
20,3926	-69,059	164,4250
20,3860	-69,062	164,4300
20,3759	-69,064	164,4350
20,3896	-69,066	164,4400
20,3902	-69,068	164,4450
20,3885	-69,070	164,4500
20,3952	-69,072	164,4550
20,3972	-69,074	164,4600
20,3818	-69,076	164,4650
20,3835	-69,078	164,4700
20,3929	-69,080	164,4750
20,3906	-69,083	164,4800
20,3946	-69,085	164,4850
20,4028	-69,087	164,4900
20,3998	-69,089	164,4950
20,3974	-69,091	164,5000
20,4019	-69,093	164,5050
20,3978	-69,095	164,5100
20,3957	-69,097	164,5150
20,4021	-69,099	164,5200
20,4030	-69,101	164,5250
20,3983	-69,104	164,5300
20,4031	-69,106	164,5350
20,4025	-69,108	164,5400
20,4016	-69,110	164,5450
20,4043	-69,112	164,5500
20,4060	-69,114	164,5550
20,3990	-69,116	164,5600
20,4091	-69,118	164,5650
20,4113	-69,120	164,5700
20,4048	-69,122	164,5750
20,4090	-69,125	164,5800
20,4192	-69,127	164,5850
20,4184	-69,129	164,5900
20,4181	-69,131	164,5950
20,4266	-69,133	164,6000
20,4237	-69,135	164,6050
20,4089	-69,137	164,6100
20,4123	-69,139	164,6150
20,4205	-69,141	164,6200
20,4150	-69,143	164,6250
20,4194	-69,146	164,6300
20,4171	-69,148	164,6350
20,4119	-69,150	164,6400
20,4156	-69,152	164,6450
20,4258	-69,154	164,6500
20,4214	-69,156	164,6550
20,4210	-69,158	164,6600
20,4293	-69,160	164,6650
20,4261	-69,162	164,6700
20,4284	-69,164	164,6750
20,4317	-69,167	164,6800
20,4294	-69,169	164,6850
20,4256	-69,171	164,6900
20,4309	-69,173	164,6950
20,4294	-69,175	164,7000
20,4224	-69,177	164,7050
20,4308	-69,179	164,7100
20,4329	-69,181	164,7150
20,4261	-69,183	164,7200
20,4347	-69,185	164,7250
20,4406	-69,188	164,7300
20,4425	-69,190	164,7350
20,4366	-69,192	164,7400
20,4363	-69,194	164,7450
20,4305	-69,196	164,7500
20,4341	-69,198	164,7550
20,4395	-69,200	164,7600
20,4332	-69,202	164,7650
20,4326	-69,204	164,7700
20,4435	-69,206	164,7750
20,4403	-69,209	164,7800
20,4405	-69,211	164,7850
20,4477	-69,213	164,7900
20,4426	-69,215	164,7950
20,4358	-69,217	164,8000
20,4429	-69,219	164,8050
20,4507	-69,221	164,8100
20,4394	-69,223	164,8150
20,4436	-69,225	164,8200
20,4506	-69,227	164,8250
20,4576	-69,230	164,8300
20,4562	-69,232	164,8350
20,4586	-69,234	164,8400
20,4524	-69,236	164,8450
20,4545	-69,238	164,8500
20,4545	-69,240	164,8550
20,4514	-69,242	164,8600
20,4463	-69,244	164,8650
20,4482	-69,246	164,8700
20,4491	-69,248	164,8750
20,4525	-69,251	164,8800
20,4592	-69,253	164,8850
20,4621	-69,255	164,8900
20,4604	-69,257	164,8950
20,4648	-69,259	164,9000
20,4632	-69,261	164,9050
20,4525	-69,263	164,9100
20,4583	-69,265	164,9150
20,4640	-69,267	164,9200
20,4658	-69,269	164,9250
20,4637	-69,272	164,9300
20,4711	-69,274	164,9350
20,4639	-69,276	164,9400
20,4677	-69,278	164,9450
20,4700	-69,280	164,9500
20,4628	-69,282	164,9550
20,4584	-69,284	164,9600
20,4679	-69,286	164,9650
20,4674	-69,288	164,9700
20,4648	-69,290	164,9750
20,4734	-69,293	164,9800
20,4790	-69,295	164,9850
20,4740	-69,297	164,9900
20,4695	-69,299	164,9950
20,4735	-69,301	165,0000
20,4774	-69,303	165,0050
20,4795	-69,305	165,0100
20,4762	-69,307	165,0150
20,4705	-69,309	165,0200
20,4707	-69,311	165,0250
20,4765	-69,314	165,0300
20,4720	-69,316	165,0350
20,4700	-69,318	165,0400
20,4806	-69,320	165,0450
20,4799	-69,322	165,0500
20,4787	-69,324	165,0550
20,4828	-69,326	165,0600
20,4757	-69,328	165,0650
20,4732	-69,330	165,0700
20,4863	-69,332	165,0750
20,4910	-69,335	165,0800
20,4792	-69,337	165,0850
20,4809	-69,339	165,0900
20,4882	-69,341	165,0950
20,4854	-69,343	165,1000
20,4854	-69,345	165,1050
20,4929	-69,347	165,1100
20,4921	-69,349	165,1150
20,4895	-69,351	165,1200
20,4987	-69,353	165,1250
20,4942	-69,356	165,1300
20,4946	-69,358	165,1350
20,4991	-69,360	165,1400
20,4944	-69,362	165,1450
20,4905	-69,364	165,1500
20,5042	-69,366	165,1550
20,5034	-69,368	165,1600
20,4947	-69,370	165,1650
20,4940	-69,372	165,1700
20,4997	-69,374	165,1750
20,4978	-69,377	165,1800
20,5080	-69,379	165,1850
20,5097	-69,381	165,1900
20,4966	-69,383	165,1950
20,4969	-69,385	165,2000
20,4992	-69,387	165,2050
20,5022	-69,389	165,2100
20,5055	-69,391	165,2150
20,5174	-69,393	165,2200
20,5048	-69,395	165,2250
20,4957	-69,398	165,2300
20,4984	-69,400	165,2350
20,4960	-69,402	165,2400
20,5014	-69,404	165,2450
20,5167	-69,406	165,2500
20,5173	-69,408	165,2550
20,5123	-69,410	165,2600
20,5100	-69,412	165,2650
20,5093	-69,414	165,2700
20,5044	-69,416	165,2750
20,5111	-69,419	165,2800
20,5140	-69,421	165,2850
20,5074	-69,423	165,2900
20,5134	-69,425	165,2950
20,5233	-69,427	165,3000
20,5225	-69,429	165,3050
20,5151	-69,431	165,3100
20,5165	-69,433	165,3150
20,5121	-69,435	165,3200
20,5150	-69,437	165,3250
20,5268	-69,440	165,3300
20,5232	-69,442	165,3350
20,5170	-69,444	165,3400
20,5269	-69,446	165,3450
20,5345	-69,448	165,3500
20,5324	-69,450	165,3550
20,5280	-69,452	165,3600
20,5273	-69,454	165,3650
20,5180	-69,456	165,3700
20,5275	-69,458	165,3750
20,5334	-69,461	165,3800
20,5248	-69,463	165,3850
20,5232	-69,465	165,3900
20,5256	-69,467	165,3950
20,5269	-69,469	165,4000
20,5232	-69,471	165,4050
20,5394	-69,473	165,4100
20,5350	-69,475	165,4150
20,5309	-69,477	165,4200
20,5382	-69,479	165,4250
20,5315	-69,482	165,4300
20,5305	-69,484	165,4350
20,5413	-69,486	165,4400
20,5401	-69,488	165,4450
20,5353	-69,490	165,4500
20,5382	-69,492	165,4550
20,5391	-69,494	165,4600
20,5357	-69,496	165,4650
20,5434	-69,498	165,4700
20,5496	-69,500	165,4750
20,5427	-69,503	165,4800
20,5461	-69,505	165,4850
20,5523	-69,507	165,4900
20,5425	-69,509	165,4950
20,5390	-69,511	165,5000
20,5487	-69,513	165,5050
20,5479	-69,515	165,5100
20,5366	-69,517	165,5150
20,5436	-69,519	165,5200
20,5438	-69,521	165,5250
20,5387	-69,524	165,5300
20,5471	-69,526	165,5350
20,5524	-69,528	165,5400
20,5409	-69,530	165,5450
20,5456	-69,532	165,5500
20,5524	-69,534	165,5550
20,5432	-69,536	165,5600
20,5508	-69,538	165,5650
20,5669	-69,540	165,5700
20,5649	-69,542	165,5750
20,5592	-69,545	165,5800
20,5640	-69,547	165,5850
20,5650	-69,549	165,5900
20,5580	-69,551	165,5950
20,5594	-69,553	165,6000
20,5537	-69,555	165,6050
20,5556	-69,557	165,6100
20,5672	-69,559	165,6150
20,5752	-69,561	165,6200
20,5707	-69,563	165,6250
20,5779	-69,566	165,6300
20,5781	-69,568	165,6350
20,5617	-69,570	165,6400
20,5565	-69,572	165,6450
20,5678	-69,574	165,6500
20,5715	-69,576	165,6550
20,5747	-69,578	165,6600
20,5816	-69,580	165,6650
20,5756	-69,582	165,6700
20,5721	-69,584	165,6750
20,5724	-69,587	165,6800
20,5706	-69,589	165,6850
20,5731	-69,591	165,6900
20,5811	-69,593	165,6950
20,5767	-69,595	165,7000
20,5729	-69,597	165,7050
20,5887	-69,599	165,7100
20,5868	-69,601	165,7150
20,5736	-69,603	165,7200
20,5827	-69,605	165,7250
20,5879	-69,608	165,7300
20,5789	-69,610	165,7350
20,5760	-69,612	165,7400
20,5850	-69,614	165,7450
20,5828	-69,616	165,7500
20,5807	-69,618	165,7550
20,5803	-69,620	165,7600
20,5842	-69,622	165,7650
20,5858	-69,624	165,7700
20,5946	-69,626	165,7750
20,5876	-69,629	165,7800
20,5833	-69,631	165,7850
20,5965	-69,633	165,7900
20,5952	-69,635	165,7950
20,5937	-69,637	165,8000
20,5992	-69,639	165,8050
20,5992	-69,641	165,8100
20,5867	-69,643	165,8150
20,5906	-69,645	165,8200
20,5973	-69,647	165,8250
20,5920	-69,650	165,8300
20,5911	-69,652	165,8350
20,5983	-69,654	165,8400
20,5911	-69,656	165,8450
20,5863	-69,658	165,8500
20,5934	-69,660	165,8550
20,5890	-69,662	165,8600
20,5854	-69,664	165,8650
20,5957	-69,666	165,8700
20,6014	-69,668	165,8750
20,6031	-69,671	165,8800
20,6121	-69,673	165,8850
20,6074	-69,675	165,8900
20,5985	-69,677	165,8950
20,6104	-69,679	165,9000
20,6115	-69,681	165,9050
20,6039	-69,683	165,9100
20,6095	-69,685	165,9150
20,6080	-69,687	165,9200
20,6021	-69,689	165,9250
20,6051	-69,692	165,9300
20,6124	-69,694	165,9350
20,6025	-69,696	165,9400
20,6048	-69,698	165,9450
20,6153	-69,700	165,9500
20,6137	-69,702	165,9550
20,6097	-69,704	165,9600
20,6156	-69,706	165,9650
20,6139	-69,708	165,9700
20,6131	-69,710	165,9750
20,6186	-69,713	165,9800
20,6156	-69,715	165,9850
20,6069	-69,717	165,9900
20,6126	-69,719	165,9950
20,6157	-69,721	166,0000
20,6120	-69,723	166,0050
20,6223	-69,725	166,0100
20,6345	-69,727	166,0150
20,6246	-69,729	166,0200
20,6187	-69,731	166,0250
20,6364	-69,734	166,0300
20,6284	-69,736	166,0350
20,6203	-69,738	166,0400
20,6242	-69,740	166,0450
20,6224	-69,742	166,0500
20,6203	-69,744	166,0550
20,6372	-69,746	166,0600
20,6411	-69,748	166,0650
20,6344	-69,750	166,0700
20,6347	-69,752	166,0750
20,6311	-69,755	166,0800
20,6250	-69,757	166,0850
20,6345	-69,759	166,0900
20,6303	-69,761	166,0950
20,6176	-69,763	166,1000
20,6274	-69,765	166,1050
20,6359	-69,767	166,1100
20,6362	-69,769	166,1150
20,6349	-69,771	166,1200
20,6393	-69,773	166,1250
20,6344	-69,776	166,1300
20,6306	-69,778	166,1350
20,6354	-69,780	166,1400
20,6339	-69,782	166,1450
20,6333	-69,784	166,1500
20,6413	-69,786	166,1550
20,6415	-69,788	166,1600
20,6445	-69,790	166,1650
20,6501	-69,792	166,1700
20,6478	-69,794	166,1750
20,6355	-69,797	166,1800
20,6353	-69,799	166,1850
20,6443	-69,801	166,1900
20,6395	-69,803	166,1950
20,6452	-69,805	166,2000
20,6517	-69,807	166,2050
20,6429	-69,809	166,2100
20,6425	-69,811	166,2150
20,6507	-69,813	166,2200
20,6415	-69,815	166,2250
20,6411	-69,818	166,2300
20,6571	-69,820	166,2350
20,6601	-69,822	166,2400
20,6559	-69,824	166,2450
20,6660	-69,826	166,2500
20,6632	-69,828	166,2550
20,6555	-69,830	166,2600
20,6620	-69,832	166,2650
20,6637	-69,834	166,2700
20,6546	-69,836	166,2750
20,6569	-69,839	166,2800
20,6634	-69,841	166,2850
20,6568	-69,843	166,2900
20,6576	-69,845	166,2950
20,6623	-69,847	166,3000
20,6507	-69,849	166,3050
20,6440	-69,851	166,3100
20,6537	-69,853	166,3150
20,6549	-69,855	166,3200
20,6544	-69,857	166,3250
20,6710	-69,860	166,3300
20,6722	-69,862	166,3350
20,6600	-69,864	166,3400
20,6671	-69,866	166,3450
20,6752	-69,868	166,3500
20,6670	-69,870	166,3550
20,6663	-69,872	166,3600
20,6781	-69,874	166,3650
20,6781	-69,876	166,3700
20,6802	-69,878	166,3750
20,6781	-69,881	166,3800
20,6686	-69,883	166,3850
20,6672	-69,885	166,3900
20,6796	-69,887	166,3950
20,6742	-69,889	166,4000
20,6697	-69,891	166,4050
20,6772	-69,893	166,4100
20,6786	-69,895	166,4150
20,6773	-69,897	166,4200
20,6872	-69,899	166,4250
20,6820	-69,902	166,4300
20,6752	-69,904	166,4350
20,6816	-69,906	166,4400
20,6842	-69,908	166,4450
20,6823	-69,910	166,4500
20,6909	-69,912	166,4550
20,6934	-69,914	166,4600
20,6789	-69,916	166,4650
20,6809	-69,918	166,4700
20,6918	-69,920	166,4750
20,6873	-69,923	166,4800
20,6876	-69,925	166,4850
20,6878	-69,927	166,4900
20,6876	-69,929	166,4950
20,6842	-69,931	166,5000
20,6901	-69,933	166,5050
20,6866	-69,935	166,5100
20,6833	-69,937	166,5150
20,6865	-69,939	166,5200
20,6854	-69,941	166,5250
20,6865	-69,944	166,5300
20,6947	-69,946	166,5350
20,6935	-69,948	166,5400
20,6917	-69,950	166,5450
20,6954	-69,952	166,5500
20,7020	-69,954	166,5550
20,6996	-69,956	166,5600
20,7010	-69,958	166,5650
20,7059	-69,960	166,5700
20,7038	-69,962	166,5750
20,7074	-69,965	166,5800
20,7123	-69,967	166,5850
20,7017	-69,969	166,5900
20,6979	-69,971	166,5950
20,7089	-69,973	166,6000
20,7119	-69,975	166,6050
20,7068	-69,977	166,6100
20,7109	-69,979	166,6150
20,7116	-69,981	166,6200
20,7043	-69,983	166,6250
20,7104	-69,986	166,6300
20,7103	-69,988	166,6350
20,7054	-69,990	166,6400
20,7092	-69,992	166,6450
20,7215	-69,994	166,6500
20,7160	-69,996	166,6550
20,7152	-69,998	166,6600
20,7151	-70,000	166,6650
20,7081	-70,002	166,6700
20,7129	-70,004	166,6750
20,7237	-70,007	166,6800
20,7187	-70,009	166,6850
20,7085	-70,011	166,6900
20,7178	-70,013	166,6950
20,7198	-70,015	166,7000
20,7150	-70,017	166,7050
20,7240	-70,019	166,7100
20,7206	-70,021	166,7150
20,7124	-70,023	166,7200
20,7268	-70,025	166,7250
20,7297	-70,028	166,7300
20,7242	-70,030	166,7350
20,7183	-70,032	166,7400
20,7264	-70,034	166,7450
20,7240	-70,036	166,7500
20,7234	-70,038	166,7550
20,7352	-70,040	166,7600
20,7353	-70,042	166,7650
20,7330	-70,044	166,7700
20,7373	-70,046	166,7750
20,7361	-70,049	166,7800
20,7264	-70,051	166,7850
20,7288	-70,053	166,7900
20,7328	-70,055	166,7950
20,7387	-70,057	166,8000
20,7431	-70,059	166,8050
20,7387	-70,061	166,8100
20,7240	-70,063	166,8150
20,7292	-70,065	166,8200
20,7364	-70,067	166,8250
20,7346	-70,070	166,8300
20,7351	-70,072	166,8350
20,7444	-70,074	166,8400
20,7342	-70,076	166,8450
20,7376	-70,078	166,8500
20,7468	-70,080	166,8550
20,7408	-70,082	166,8600
20,7364	-70,084	166,8650
20,7435	-70,086	166,8700
20,7477	-70,088	166,8750
20,7409	-70,091	166,8800
20,7416	-70,093	166,8850
20,7443	-70,095	166,8900
20,7420	-70,097	166,8950
20,7462	-70,099	166,9000
20,7564	-70,101	166,9050
20,7540	-70,103	166,9100
20,7515	-70,105	166,9150
20,7546	-70,107	166,9200
20,7588	-70,109	166,9250
20,7575	-70,112	166,9300
20,7591	-70,114	166,9350
20,7543	-70,116	166,9400
20,7541	-70,118	166,9450
20,7585	-70,120	166,9500
20,7511	-70,122	166,9550
20,7566	-70,124	166,9600
20,7638	-70,126	166,9650
20,7558	-70,128	166,9700
20,7487	-70,130	166,9750
20,7559	-70,133	166,9800
20,7616	-70,135	166,9850
20,7536	-70,137	166,9900
20,7591	-70,139	166,9950
20,7554	-70,141	167,0000
20,7511	-70,143	167,0050
20,7653	-70,145	167,0100
20,7721	-70,147	167,0150
20,7699	-70,149	167,0200
20,7752	-70,151	167,0250
20,7759	-70,154	167,0300
20,7708	-70,156	167,0350
20,7748	-70,158	167,0400
20,7791	-70,160	167,0450
20,7722	-70,162	167,0500
20,7601	-70,164	167,0550
20,7676	-70,166	167,0600
20,7692	-70,168	167,0650
20,7629	-70,170	167,0700
20,7730	-70,172	167,0750
20,7787	-70,175	167,0800
20,7754	-70,177	167,0850
20,7828	-70,179	167,0900
20,7885	-70,181	167,0950
20,7753	-70,183	167,1000
20,7746	-70,185	167,1050
20,7783	-70,187	167,1100
20,7808	-70,189	167,1150
20,7803	-70,191	167,1200
20,7840	-70,193	167,1250
20,7757	-70,196	167,1300
20,7808	-70,198	167,1350
20,7941	-70,200	167,1400
20,7941	-70,202	167,1450
20,7878	-70,204	167,1500
20,7923	-70,206	167,1550
20,7894	-70,208	167,1600
20,7844	-70,210	167,1650
20,7985	-70,212	167,1700
20,8053	-70,214	167,1750
20,7928	-70,217	167,1800
20,7960	-70,219	167,1850
20,8007	-70,221	167,1900
20,7937	-70,223	167,1950
20,7965	-70,225	167,2000
20,8073	-70,227	167,2050
20,8021	-70,229	167,2100
20,7915	-70,231	167,2150
20,7953	-70,233	167,2200
20,7953	-70,235	167,2250
20,7947	-70,238	167,2300
20,7998	-70,240	167,2350
20,7981	-70,242	167,2400
20,7972	-70,244	167,2450
20,8046	-70,246	167,2500
20,8075	-70,248	167,2550
20,8061	-70,250	167,2600
20,8098	-70,252	167,2650
20,8168	-70,254	167,2700
20,8099	-70,256	167,2750
20,8090	-70,259	167,2800
20,8073	-70,261	167,2850
20,8020	-70,263	167,2900
20,7939	-70,265	167,2950
20,8025	-70,267	167,3000
20,8122	-70,269	167,3050
20,8124	-70,271	167,3100
20,8161	-70,273	167,3150
20,8127	-70,275	167,3200
20,8097	-70,277	167,3250
20,8238	-70,280	167,3300
20,8245	-70,282	167,3350
20,8117	-70,284	167,3400
20,8165	-70,286	167,3450
20,8206	-70,288	167,3500
20,8180	-70,290	167,3550
20,8146	-70,292	167,3600
20,8193	-70,294	167,3650
20,8175	-70,296	167,3700
20,8196	-70,298	167,3750
20,8227	-70,301	167,3800
20,8174	-70,303	167,3850
20,8213	-70,305	167,3900
20,8258	-70,307	167,3950
20,8246	-70,309	167,4000
20,8159	-70,311	167,4050
20,8205	-70,313	167,4100
20,8220	-70,315	167,4150
20,8193	-70,317	167,4200
20,8307	-70,319	167,4250
20,8301	-70,322	167,4300
20,8275	-70,324	167,4350
20,8353	-70,326	167,4400
20,8325	-70,328	167,4450
20,8214	-70,330	167,4500
20,8172	-70,332	167,4550
20,8236	-70,334	167,4600
20,8238	-70,336	167,4650
20,8281	-70,338	167,4700
20,8321	-70,340	167,4750
20,8295	-70,343	167,4800
20,8334	-70,345	167,4850
20,8385	-70,347	167,4900
20,8353	-70,349	167,4950
20,8324	-70,351	167,5000
20,8406	-70,353	167,5050
20,8389	-70,355	167,5100
20,8360	-70,357	167,5150
20,8425	-70,359	167,5200
20,8438	-70,361	167,5250
20,8368	-70,364	167,5300
20,8478	-70,366	167,5350
20,8413	-70,368	167,5400
20,8291	-70,370	167,5450
20,8282	-70,372	167,5500
20,8393	-70,374	167,5550
20,8430	-70,376	167,5600
20,8488	-70,378	167,5650
20,8485	-70,380	167,5700
20,8415	-70,382	167,5750
20,8415	-70,385	167,5800
20,8406	-70,387	167,5850
20,8470	-70,389	167,5900
20,8515	-70,391	167,5950
20,8530	-70,393	167,6000
20,8509	-70,395	167,6050
20,8548	-70,397	167,6100
20,8562	-70,399	167,6150
20,8591	-70,401	167,6200
20,8583	-70,403	167,6250
20,8628	-70,406	167,6300
20,8590	-70,408	167,6350
20,8546	-70,410	167,6400
20,8578	-70,412	167,6450
20,8621	-70,414	167,6500
20,8561	-70,416	167,6550
20,8634	-70,418	167,6600
20,8664	-70,420	167,6650
20,8583	-70,422	167,6700
20,8579	-70,424	167,6750
20,8592	-70,427	167,6800
20,8590	-70,429	167,6850
20,8566	-70,431	167,6900
20,8623	-70,433	167,6950
20,8664	-70,435	167,7000
20,8672	-70,437	167,7050
20,8726	-70,439	167,7100
20,8662	-70,441	167,7150
20,8592	-70,443	167,7200
20,8757	-70,445	167,7250
20,8842	-70,448	167,7300
20,8781	-70,450	167,7350
20,8675	-70,452	167,7400
20,8675	-70,454	167,7450
20,8658	-70,456	167,7500
20,8708	-70,458	167,7550
20,8795	-70,460	167,7600
20,8825	-70,462	167,7650
20,8790	-70,464	167,7700
20,8853	-70,466	167,7750
20,8803	-70,469	167,7800
20,8773	-70,471	167,7850
20,8838	-70,473	167,7900
20,8777	-70,475	167,7950
20,8658	-70,477	167,8000
20,8794	-70,479	167,8050
20,8844	-70,481	167,8100
20,8794	-70,483	167,8150
20,8827	-70,485	167,8200
20,8885	-70,487	167,8250
20,8871	-70,490	167,8300
20,8866	-70,492	167,8350
20,8931	-70,494	167,8400
20,8901	-70,496	167,8450
20,8889	-70,498	167,8500
20,8975	-70,500	167,8550
20,8924	-70,502	167,8600
20,8904	-70,504	167,8650
20,8948	-70,506	167,8700
20,8919	-70,508	167,8750
20,8903	-70,511	167,8800
20,8903	-70,513	167,8850
20,8915	-70,515	167,8900
20,8906	-70,517	167,8950
20,8947	-70,519	167,9000
20,8960	-70,521	167,9050
20,8920	-70,523	167,9100
20,8962	-70,525	167,9150
20,8970	-70,527	167,9200
20,8926	-70,529	167,9250
20,8905	-70,532	167,9300
20,8955	-70,534	167,9350
20,8944	-70,536	167,9400
20,8957	-70,538	167,9450
20,9051	-70,540	167,9500
20,9040	-70,542	167,9550
20,9008	-70,544	167,9600
20,9109	-70,546	167,9650
20,9142	-70,548	167,9700
20,9102	-70,550	167,9750
20,9120	-70,553	167,9800
20,9082	-70,555	167,9850
20,9024	-70,557	167,9900
20,9045	-70,559	167,9950
20,9028	-70,561	168,0000
20,8996	-70,563	168,0050
20,9090	-70,565	168,0100
20,9152	-70,567	168,0150
20,9126	-70,569	168,0200
20,9111	-70,571	168,0250
20,9231	-70,574	168,0300
20,9211	-70,576	168,0350
20,9192	-70,578	168,0400
20,9226	-70,580	168,0450
20,9114	-70,582	168,0500
20,9119	-70,584	168,0550
20,9187	-70,586	168,0600
20,9172	-70,588	168,0650
20,9126	-70,590	168,0700
20,9169	-70,592	168,0750
20,9254	-70,595	168,0800
20,9194	-70,597	168,0850
20,9262	-70,599	168,0900
20,9318	-70,601	168,0950
20,9168	-70,603	168,1000
20,9135	-70,605	168,1050
20,9185	-70,607	168,1100
20,9227	-70,609	168,1150
20,9308	-70,611	168,1200
20,9364	-70,613	168,1250
20,9256	-70,616	168,1300
20,9220	-70,618	168,1350
20,9289	-70,620	168,1400
20,9302	-70,622	168,1450
20,9229	-70,624	168,1500
20,9252	-70,626	168,1550
20,9331	-70,628	168,1600
20,9348	-70,630	168,1650
20,9409	-70,632	168,1700
20,9390	-70,634	168,1750
20,9249	-70,637	168,1800
20,9365	-70,639	168,1850
20,9457	-70,641	168,1900
20,9416	-70,643	168,1950
20,9384	-70,645	168,2000
20,9394	-70,647	168,2050
20,9358	-70,649	168,2100
20,9366	-70,651	168,2150
20,9446	-70,653	168,2200
20,9394	-70,655	168,2250
20,9376	-70,658	168,2300
20,9403	-70,660	168,2350
20,9396	-70,662	168,2400
20,9389	-70,664	168,2450
20,9518	-70,666	168,2500
20,9542	-70,668	168,2550
20,9468	-70,670	168,2600
20,9518	-70,672	168,2650
20,9542	-70,674	168,2700
20,9449	-70,676	168,2750
20,9471	-70,679	168,2800
20,9523	-70,681	168,2850
20,9407	-70,683	168,2900
20,9489	-70,685	168,2950
20,9611	-70,687	168,3000
20,9567	-70,689	168,3050
20,9558	-70,691	168,3100
20,9664	-70,693	168,3150
20,9634	-70,695	168,3200
20,9615	-70,697	168,3250
20,9652	-70,700	168,3300
20,9637	-70,702	168,3350
20,9615	-70,704	168,3400
20,9663	-70,706	168,3450
20,9656	-70,708	168,3500
20,9618	-70,710	168,3550
20,9615	-70,712	168,3600
20,9649	-70,714	168,3650
20,9607	-70,716	168,3700
20,9644	-70,718	168,3750
20,9692	-70,721	168,3800
20,9638	-70,723	168,3850
20,9613	-70,725	168,3900
20,9726	-70,727	168,3950
20,9634	-70,729	168,4000
20,9617	-70,731	168,4050
20,9750	-70,733	168,4100
20,9758	-70,735	168,4150
20,9680	-70,737	168,4200
20,9773	-70,739	168,4250
20,9737	-70,742	168,4300
20,9661	-70,744	168,4350
20,9775	-70,746	168,4400
20,9750	-70,748	168,4450
20,9729	-70,750	168,4500
20,9798	-70,752	168,4550
20,9831	-70,754	168,4600
20,9738	-70,756	168,4650
20,9751	-70,758	168,4700
20,9801	-70,760	168,4750
20,9794	-70,763	168,4800
20,9829	-70,765	168,4850
20,9909	-70,767	168,4900
20,9821	-70,769	168,4950
20,9770	-70,771	168,5000
20,9885	-70,773	168,5050
20,9930	-70,775	168,5100
20,9836	-70,777	168,5150
20,9792	-70,779	168,5200
20,9787	-70,781	168,5250
20,9820	-70,784	168,5300
20,9902	-70,786	168,5350
20,9877	-70,788	168,5400
20,9847	-70,790	168,5450
20,9908	-70,792	168,5500
20,9964	-70,794	168,5550
20,9842	-70,796	168,5600
20,9850	-70,798	168,5650
20,9921	-70,800	168,5700
20,9932	-70,802	168,5750
20,9926	-70,805	168,5800
21,0015	-70,807	168,5850
20,9941	-70,809	168,5900
20,9860	-70,811	168,5950
20,9940	-70,813	168,6000
20,9914	-70,815	168,6050
20,9918	-70,817	168,6100
20,9988	-70,819	168,6150
20,9963	-70,821	168,6200
20,9961	-70,823	168,6250
21,0014	-70,826	168,6300
21,0007	-70,828	168,6350
21,0016	-70,830	168,6400
21,0074	-70,832	168,6450
21,0170	-70,834	168,6500
21,0109	-70,836	168,6550
21,0062	-70,838	168,6600
21,0044	-70,840	168,6650
21,0048	-70,842	168,6700
21,0077	-70,844	168,6750
21,0115	-70,847	168,6800
21,0070	-70,849	168,6850
21,0101	-70,851	168,6900
21,0150	-70,853	168,6950
21,0120	-70,855	168,7000
21,0077	-70,857	168,7050
21,0077	-70,859	168,7100
21,0059	-70,861	168,7150
20,9987	-70,863	168,7200
21,0116	-70,865	168,7250
21,0213	-70,868	168,7300
21,0184	-70,870	168,7350
21,0144	-70,872	168,7400
21,0191	-70,874	168,7450
21,0130	-70,876	168,7500
21,0142	-70,878	168,7550
21,0197	-70,880	168,7600
21,0208	-70,882	168,7650
21,0244	-70,884	168,7700
21,0328	-70,886	168,7750
21,0289	-70,889	168,7800
21,0204	-70,891	168,7850
21,0201	-70,893	168,7900
21,0190	-70,895	168,7950
21,0239	-70,897	168,8000
21,0356	-70,899	168,8050
21,0366	-70,901	168,8100
21,0280	-70,903	168,8150
21,0308	-70,905	168,8200
21,0310	-70,907	168,8250
21,0284	-70,910	168,8300
21,0260	-70,912	168,8350
21,0350	-70,914	168,8400
21,0297	-70,916	168,8450
21,0356	-70,918	168,8500
21,0423	-70,920	168,8550
21,0390	-70,922	168,8600
21,0335	-70,924	168,8650
21,0359	-70,926	168,8700
21,0314	-70,928	168,8750
21,0321	-70,931	168,8800
21,0408	-70,933	168,8850
21,0435	-70,935	168,8900
21,0446	-70,937	168,8950
21,0520	-70,939	168,9000
21,0499	-70,941	168,9050
21,0411	-70,943	168,9100
21,0438	-70,945	168,9150
21,0432	-70,947	168,9200
21,0387	-70,949	168,9250
21,0444	-70,952	168,9300
21,0534	-70,954	168,9350
21,0497	-70,956	168,9400
21,0495	-70,958	168,9450
21,0456	-70,960	168,9500
21,0446	-70,962	168,9550
21,0465	-70,964	168,9600
21,0620	-70,966	168,9650
21,0570	-70,968	168,9700
21,0498	-70,970	168,9750
21,0525	-70,973	168,9800
21,0510	-70,975	168,9850
21,0475	-70,977	168,9900
21,0538	-70,979	168,9950
21,0534	-70,981	169,0000
21,0510	-70,983	169,0050
21,0601	-70,985	169,0100
21,0641	-70,987	169,0150
21,0639	-70,989	169,0200
21,0573	-70,991	169,0250
21,0625	-70,994	169,0300
21,0617	-70,996	169,0350
21,0627	-70,998	169,0400
21,0702	-71,000	169,0450
21,0707	-71,002	169,0500
21,0669	-71,004	169,0550
21,0690	-71,006	169,0600
21,0630	-71,008	169,0650
21,0570	-71,010	169,0700
21,0601	-71,012	169,0750
21,0668	-71,015	169,0800
21,0692	-71,017	169,0850
21,0682	-71,019	169,0900
21,0671	-71,021	169,0950
21,0596	-71,023	169,1000
21,0631	-71,025	169,1050
21,0746	-71,027	169,1100
21,0739	-71,029	169,1150
21,0672	-71,031	169,1200
21,0731	-71,033	169,1250
21,0725	-71,036	169,1300
21,0746	-71,038	169,1350
21,0809	-71,040	169,1400
21,0784	-71,042	169,1450
21,0766	-71,044	169,1500
21,0835	-71,046	169,1550
21,0842	-71,048	169,1600
21,0887	-71,050	169,1650
21,0901	-71,052	169,1700
21,0862	-71,054	169,1750
21,0789	-71,057	169,1800
21,0860	-71,059	169,1850
21,0914	-71,061	169,1900
21,0837	-71,063	169,1950
21,0808	-71,065	169,2000
21,0817	-71,067	169,2050
21,0824	-71,069	169,2100
21,0871	-71,071	169,2150
21,0980	-71,073	169,2200
21,0903	-71,075	169,2250
21,0825	-71,078	169,2300
21,0914	-71,080	169,2350
21,0931	-71,082	169,2400
21,0903	-71,084	169,2450
21,0947	-71,086	169,2500
21,0943	-71,088	169,2550
21,0851	-71,090	169,2600
21,0900	-71,092	169,2650
21,0986	-71,094	169,2700
21,0937	-71,096	169,2750
21,0951	-71,099	169,2800
21,1004	-71,101	169,2850
21,0948	-71,103	169,2900
21,0934	-71,105	169,2950
21,1045	-71,107	169,3000
21,1056	-71,109	169,3050
21,1000	-71,111	169,3100
21,1023	-71,113	169,3150
21,0984	-71,115	169,3200
21,0991	-71,117	169,3250
21,1011	-71,120	169,3300
21,0987	-71,122	169,3350
21,0935	-71,124	169,3400
21,1055	-71,126	169,3450
21,1096	-71,128	169,3500
21,0991	-71,130	169,3550
21,1049	-71,132	169,3600
21,1140	-71,134	169,3650
21,1117	-71,136	169,3700
21,1130	-71,138	169,3750
21,1162	-71,141	169,3800
21,1159	-71,143	169,3850
21,1176	-71,145	169,3900
21,1193	-71,147	169,3950
21,1184	-71,149	169,4000
21,1141	-71,151	169,4050
21,1108	-71,153	169,4100
21,1019	-71,155	169,4150
21,1056	-71,157	169,4200
21,1188	-71,159	169,4250
21,1207	-71,162	169,4300
21,1147	-71,164	169,4350
21,1184	-71,166	169,4400
21,1189	-71,168	169,4450
21,1176	-71,170	169,4500
21,1199	-71,172	169,4550
21,1235	-71,174	169,4600
21,1169	-71,176	169,4650
21,1236	-71,178	169,4700
21,1350	-71,180	169,4750
21,1294	-71,183	169,4800
21,1211	-71,185	169,4850
21,1212	-71,187	169,4900
21,1325	-71,189	169,4950
21,1347	-71,191	169,5000
21,1359	-71,193	169,5050
21,1305	-71,195	169,5100
21,1306	-71,197	169,5150
21,1336	-71,199	169,5200
21,1325	-71,201	169,5250
21,1287	-71,204	169,5300
21,1409	-71,206	169,5350
21,1475	-71,208	169,5400
21,1433	-71,210	169,5450
21,1437	-71,212	169,5500
21,1373	-71,214	169,5550
21,1270	-71,216	169,5600
21,1317	-71,218	169,5650
21,1332	-71,220	169,5700
21,1351	-71,222	169,5750
21,1320	-71,225	169,5800
21,1396	-71,227	169,5850
21,1419	-71,229	169,5900
21,1384	-71,231	169,5950
21,1452	-71,233	169,6000
21,1408	-71,235	169,6050
21,1396	-71,237	169,6100
21,1448	-71,239	169,6150
21,1422	-71,241	169,6200
21,1404	-71,243	169,6250
21,1530	-71,246	169,6300
21,1557	-71,248	169,6350
21,1473	-71,250	169,6400
21,1491	-71,252	169,6450
21,1562	-71,254	169,6500
21,1522	-71,256	169,6550
21,1493	-71,258	169,6600
21,1551	-71,260	169,6650
21,1532	-71,262	169,6700
21,1502	-71,264	169,6750
21,1530	-71,267	169,6800
21,1520	-71,269	169,6850
21,1575	-71,271	169,6900
21,1663	-71,273	169,6950
21,1607	-71,275	169,7000
21,1507	-71,277	169,7050
21,1558	-71,279	169,7100
21,1571	-71,281	169,7150
21,1554	-71,283	169,7200
21,1623	-71,285	169,7250
21,1667	-71,288	169,7300
21,1604	-71,290	169,7350
21,1629	-71,292	169,7400
21,1714	-71,294	169,7450
21,1635	-71,296	169,7500
21,1619	-71,298	169,7550
21,1642	-71,300	169,7600
21,1585	-71,302	169,7650
21,1622	-71,304	169,7700
21,1720	-71,306	169,7750
21,1754	-71,309	169,7800
21,1725	-71,311	169,7850
21,1771	-71,313	169,7900
21,1789	-71,315	169,7950
21,1673	-71,317	169,8000
21,1707	-71,319	169,8050
21,1782	-71,321	169,8100
21,1756	-71,323	169,8150
21,1782	-71,325	169,8200
21,1732	-71,327	169,8250
21,1709	-71,330	169,8300
21,1738	-71,332	169,8350
21,1778	-71,334	169,8400
21,1738	-71,336	169,8450
21,1827	-71,338	169,8500
21,1947	-71,340	169,8550
21,1865	-71,342	169,8600
21,1787	-71,344	169,8650
21,1850	-71,346	169,8700
21,1739	-71,348	169,8750
21,1738	-71,351	169,8800
21,1874	-71,353	169,8850
21,1884	-71,355	169,8900
21,1792	-71,357	169,8950
21,1852	-71,359	169,9000
21,1869	-71,361	169,9050
21,1795	-71,363	169,9100
21,1865	-71,365	169,9150
21,1952	-71,367	169,9200
21,1914	-71,369	169,9250
21,1880	-71,372	169,9300
21,1990	-71,374	169,9350
21,1966	-71,376	169,9400
21,1954	-71,378	169,9450
21,1976	-71,380	169,9500
21,1897	-71,382	169,9550
21,1884	-71,384	169,9600
21,2014	-71,386	169,9650
21,2024	-71,388	169,9700
21,2018	-71,390	169,9750
21,2034	-71,393	169,9800
21,1968	-71,395	169,9850
21,1905	-71,397	169,9900
21,1957	-71,399	169,9950
21,1999	-71,401	170,0000
21,1953	-71,403	170,0050
21,1972	-71,405	170,0100
21,2017	-71,407	170,0150
21,1986	-71,409	170,0200
21,1968	-71,411	170,0250
21,2019	-71,414	170,0300
21,2007	-71,416	170,0350
21,2036	-71,418	170,0400
21,2088	-71,420	170,0450
21,2044	-71,422	170,0500
21,2057	-71,424	170,0550
21,2203	-71,426	170,0600
21,2145	-71,428	170,0650
21,2127	-71,430	170,0700
21,2141	-71,432	170,0750
21,2138	-71,435	170,0800
21,2069	-71,437	170,0850
21,2088	-71,439	170,0900
21,2150	-71,441	170,0950
21,2132	-71,443	170,1000
21,2207	-71,445	170,1050
21,2279	-71,447	170,1100
21,2199	-71,449	170,1150
21,2197	-71,451	170,1200
21,2259	-71,453	170,1250
21,2204	-71,456	170,1300
21,2208	-71,458	170,1350
21,2265	-71,460	170,1400
21,2186	-71,462	170,1450
21,2114	-71,464	170,1500
21,2251	-71,466	170,1550
21,2295	-71,468	170,1600
21,2214	-71,470	170,1650
21,2255	-71,472	170,1700
21,2295	-71,474	170,1750
21,2278	-71,477	170,1800
21,2379	-71,479	170,1850
21,2380	-71,481	170,1900
21,2263	-71,483	170,1950
21,2300	-71,485	170,2000
21,2376	-71,487	170,2050
21,2336	-71,489	170,2100
21,2306	-71,491	170,2150
21,2454	-71,493	170,2200
21,2427	-71,495	170,2250
21,2349	-71,498	170,2300
21,2382	-71,500	170,2350
21,2353	-71,502	170,2400
21,2331	-71,504	170,2450
21,2400	-71,506	170,2500
21,2354	-71,508	170,2550
21,2355	-71,510	170,2600
21,2396	-71,512	170,2650
21,2466	-71,514	170,2700
21,2418	-71,516	170,2750
21,2438	-71,519	170,2800
21,2460	-71,521	170,2850
21,2452	-71,523	170,2900
21,2440	-71,525	170,2950
21,2487	-71,527	170,3000
21,2481	-71,529	170,3050
21,2471	-71,531	170,3100
21,2549	-71,533	170,3150
21,2504	-71,535	170,3200
21,2455	-71,537	170,3250
21,2485	-71,540	170,3300
21,2562	-71,542	170,3350
21,2554	-71,544	170,3400
21,2550	-71,546	170,3450
21,2496	-71,548	170,3500
21,2484	-71,550	170,3550
21,2537	-71,552	170,3600
21,2572	-71,554	170,3650
21,2488	-71,556	170,3700
21,2566	-71,558	170,3750
21,2707	-71,561	170,3800
21,2646	-71,563	170,3850
21,2627	-71,565	170,3900
21,2682	-71,567	170,3950
21,2574	-71,569	170,4000
21,2507	-71,571	170,4050
21,2655	-71,573	170,4100
21,2666	-71,575	170,4150
21,2587	-71,577	170,4200
21,2668	-71,579	170,4250
21,2694	-71,582	170,4300
21,2630	-71,584	170,4350
21,2675	-71,586	170,4400
21,2698	-71,588	170,4450
21,2630	-71,590	170,4500
21,2655	-71,592	170,4550
21,2728	-71,594	170,4600
21,2605	-71,596	170,4650
21,2618	-71,598	170,4700
21,2674	-71,600	170,4750
21,2640	-71,603	170,4800
21,2703	-71,605	170,4850
21,2832	-71,607	170,4900
21,2775	-71,609	170,4950
21,2678	-71,611	170,5000
21,2762	-71,613	170,5050
21,2819	-71,615	170,5100
21,2847	-71,617	170,5150
21,2878	-71,619	170,5200
21,2852	-71,621	170,5250
21,2802	-71,624	170,5300
21,2852	-71,626	170,5350
21,2861	-71,628	170,5400
21,2827	-71,630	170,5450
21,2908	-71,632	170,5500
21,2910	-71,634	170,5550
21,2789	-71,636	170,5600
21,2848	-71,638	170,5650
21,2924	-71,640	170,5700
21,2879	-71,642	170,5750
21,2823	-71,645	170,5800
21,2936	-71,647	170,5850
21,2940	-71,649	170,5900
21,2870	-71,651	170,5950
21,2934	-71,653	170,6000
21,2876	-71,655	170,6050
21,2862	-71,657	170,6100
21,2983	-71,659	170,6150
21,2985	-71,661	170,6200
21,2886	-71,663	170,6250
21,2968	-71,666	170,6300
21,2984	-71,668	170,6350
21,2958	-71,670	170,6400
21,2981	-71,672	170,6450
21,3044	-71,674	170,6500
21,2980	-71,676	170,6550
21,3066	-71,678	170,6600
21,3091	-71,680	170,6650
21,3020	-71,682	170,6700
21,3034	-71,684	170,6750
21,3168	-71,687	170,6800
21,3204	-71,689	170,6850
21,3063	-71,691	170,6900
21,3023	-71,693	170,6950
21,3040	-71,695	170,7000
21,3029	-71,697	170,7050
21,3084	-71,699	170,7100
21,3104	-71,701	170,7150
21,3082	-71,703	170,7200
21,3108	-71,705	170,7250
21,3099	-71,708	170,7300
21,3112	-71,710	170,7350
21,3113	-71,712	170,7400
21,3209	-71,714	170,7450
21,3161	-71,716	170,7500
21,3109	-71,718	170,7550
21,3071	-71,720	170,7600
21,3048	-71,722	170,7650
21,3154	-71,724	170,7700
21,3248	-71,726	170,7750
21,3195	-71,729	170,7800
21,3085	-71,731	170,7850
21,3207	-71,733	170,7900
21,3235	-71,735	170,7950
21,3182	-71,737	170,8000
21,3243	-71,739	170,8050
21,3298	-71,741	170,8100
21,3176	-71,743	170,8150
21,3276	-71,745	170,8200
21,3362	-71,747	170,8250
21,3280	-71,750	170,8300
21,3227	-71,752	170,8350
21,3289	-71,754	170,8400
21,3184	-71,756	170,8450
21,3165	-71,758	170,8500
21,3234	-71,760	170,8550
21,3307	-71,762	170,8600
21,3356	-71,764	170,8650
21,3414	-71,766	170,8700
21,3327	-71,768	170,8750
21,3277	-71,771	170,8800
21,3341	-71,773	170,8850
21,3362	-71,775	170,8900
21,3366	-71,777	170,8950
21,3437	-71,779	170,9000
21,3438	-71,781	170,9050
21,3340	-71,783	170,9100
21,3406	-71,785	170,9150
21,3491	-71,787	170,9200
21,3459	-71,789	170,9250
21,3427	-71,792	170,9300
21,3459	-71,794	170,9350
21,3375	-71,796	170,9400
21,3394	-71,798	170,9450
21,3442	-71,800	170,9500
21,3326	-71,802	170,9550
21,3303	-71,804	170,9600
21,3511	-71,806	170,9650
21,3496	-71,808	170,9700
21,3398	-71,810	170,9750
21,3496	-71,813	170,9800
21,3482	-71,815	170,9850
21,3429	-71,817	170,9900
21,3482	-71,819	170,9950
21,3580	-71,821	171,0000
21,3506	-71,823	171,0050
21,3452	-71,825	171,0100
21,3484	-71,827	171,0150
21,3473	-71,829	171,0200
21,3458	-71,831	171,0250
21,3542	-71,834	171,0300
21,3495	-71,836	171,0350
21,3478	-71,838	171,0400
21,3565	-71,840	171,0450
21,3568	-71,842	171,0500
21,3589	-71,844	171,0550
21,3633	-71,846	171,0600
21,3568	-71,848	171,0650
21,3533	-71,850	171,0700
21,3629	-71,852	171,0750
21,3659	-71,855	171,0800
21,3636	-71,857	171,0850
21,3731	-71,859	171,0900
21,3687	-71,861	171,0950
21,3562	-71,863	171,1000
21,3663	-71,865	171,1050
21,3727	-71,867	171,1100
21,3697	-71,869	171,1150
21,3617	-71,871	171,1200
21,3696	-71,873	171,1250
21,3655	-71,876	171,1300
21,3600	-71,878	171,1350
21,3717	-71,880	171,1400
21,3727	-71,882	171,1450
21,3739	-71,884	171,1500
21,3815	-71,886	171,1550
21,3796	-71,888	171,1600
21,3749	-71,890	171,1650
21,3803	-71,892	171,1700
21,3826	-71,894	171,1750
21,3687	-71,897	171,1800
21,3729	-71,899	171,1850
21,3826	-71,901	171,1900
21,3760	-71,903	171,1950
21,3773	-71,905	171,2000
21,3773	-71,907	171,2050
21,3823	-71,909	171,2100
21,3821	-71,911	171,2150
21,3826	-71,913	171,2200
21,3765	-71,915	171,2250
21,3831	-71,918	171,2300
21,3870	-71,920	171,2350
21,3832	-71,922	171,2400
21,3862	-71,924	171,2450
21,3932	-71,926	171,2500
21,3864	-71,928	171,2550
21,3823	-71,930	171,2600
21,3877	-71,932	171,2650
21,3909	-71,934	171,2700
21,3842	-71,936	171,2750
21,3902	-71,939	171,2800
21,3979	-71,941	171,2850
21,3933	-71,943	171,2900
21,3979	-71,945	171,2950
21,4010	-71,947	171,3000
21,3968	-71,949	171,3050
21,3971	-71,951	171,3100
21,4036	-71,953	171,3150
21,3970	-71,955	171,3200
21,3930	-71,957	171,3250
21,4022	-71,960	171,3300
21,4018	-71,962	171,3350
21,3961	-71,964	171,3400
21,4075	-71,966	171,3450
21,4097	-71,968	171,3500
21,4015	-71,970	171,3550
21,4048	-71,972	171,3600
21,4109	-71,974	171,3650
21,4017	-71,976	171,3700
21,4006	-71,978	171,3750
21,4021	-71,981	171,3800
21,3977	-71,983	171,3850
21,4041	-71,985	171,3900
21,4139	-71,987	171,3950
21,4167	-71,989	171,4000
21,4052	-71,991	171,4050
21,4084	-71,993	171,4100
21,4034	-71,995	171,4150
21,4013	-71,997	171,4200
21,4077	-71,999	171,4250
21,4061	-72,002	171,4300
21,4028	-72,004	171,4350
21,4152	-72,006	171,4400
21,4145	-72,008	171,4450
21,4094	-72,010	171,4500
21,4250	-72,012	171,4550
21,4337	-72,014	171,4600
21,4231	-72,016	171,4650
21,4227	-72,018	171,4700
21,4250	-72,020	171,4750
21,4165	-72,023	171,4800
21,4180	-72,025	171,4850
21,4239	-72,027	171,4900
21,4268	-72,029	171,4950
21,4205	-72,031	171,5000
21,4263	-72,033	171,5050
21,4314	-72,035	171,5100
21,4271	-72,037	171,5150
21,4334	-72,039	171,5200
21,4281	-72,041	171,5250
21,4272	-72,044	171,5300
21,4356	-72,046	171,5350
21,4376	-72,048	171,5400
21,4341	-72,050	171,5450
21,4305	-72,052	171,5500
21,4319	-72,054	171,5550
21,4289	-72,056	171,5600
21,4330	-72,058	171,5650
21,4397	-72,060	171,5700
21,4324	-72,062	171,5750
21,4390	-72,065	171,5800
21,4477	-72,067	171,5850
21,4457	-72,069	171,5900
21,4369	-72,071	171,5950
21,4473	-72,073	171,6000
21,4446	-72,075	171,6050
21,4370	-72,077	171,6100
21,4474	-72,079	171,6150
21,4404	-72,081	171,6200
21,4339	-72,083	171,6250
21,4435	-72,086	171,6300
21,4488	-72,088	171,6350
21,4435	-72,090	171,6400
21,4461	-72,092	171,6450
21,4562	-72,094	171,6500
21,4514	-72,096	171,6550
21,4454	-72,098	171,6600
21,4452	-72,100	171,6650
21,4405	-72,102	171,6700
21,4400	-72,104	171,6750
21,4454	-72,107	171,6800
21,4504	-72,109	171,6850
21,4454	-72,111	171,6900
21,4457	-72,113	171,6950
21,4439	-72,115	171,7000
21,4407	-72,117	171,7050
21,4530	-72,119	171,7100
21,4569	-72,121	171,7150
21,4519	-72,123	171,7200
21,4596	-72,125	171,7250
21,4630	-72,128	171,7300
21,4524	-72,130	171,7350
21,4500	-72,132	171,7400
21,4544	-72,134	171,7450
21,4424	-72,136	171,7500
21,4543	-72,138	171,7550
21,4639	-72,140	171,7600
21,4605	-72,142	171,7650
21,4576	-72,144	171,7700
21,4666	-72,146	171,7750
21,4665	-72,149	171,7800
21,4619	-72,151	171,7850
21,4654	-72,153	171,7900
21,4712	-72,155	171,7950
21,4732	-72,157	171,8000
21,4715	-72,159	171,8050
21,4720	-72,161	171,8100
21,4641	-72,163	171,8150
21,4706	-72,165	171,8200
21,4784	-72,167	171,8250
21,4709	-72,170	171,8300
21,4655	-72,172	171,8350
21,4729	-72,174	171,8400
21,4752	-72,176	171,8450
21,4792	-72,178	171,8500
21,4808	-72,180	171,8550
21,4700	-72,182	171,8600
21,4646	-72,184	171,8650
21,4738	-72,186	171,8700
21,4819	-72,188	171,8750
21,4765	-72,191	171,8800
21,4794	-72,193	171,8850
21,4817	-72,195	171,8900
21,4826	-72,197	171,8950
21,4903	-72,199	171,9000
21,4924	-72,201	171,9050
21,4824	-72,203	171,9100
21,4828	-72,205	171,9150
21,4793	-72,207	171,9200
21,4724	-72,209	171,9250
21,4745	-72,212	171,9300
21,4855	-72,214	171,9350
21,4857	-72,216	171,9400
21,4857	-72,218	171,9450
21,4958	-72,220	171,9500
21,4948	-72,222	171,9550
21,4915	-72,224	171,9600
21,4986	-72,226	171,9650
21,4926	-72,228	171,9700
21,4890	-72,230	171,9750
21,4957	-72,233	171,9800
21,4956	-72,235	171,9850
21,4887	-72,237	171,9900
21,4973	-72,239	171,9950
21,5031	-72,241	172,0000
21,4992	-72,243	172,0050
21,5019	-72,245	172,0100
21,5097	-72,247	172,0150
21,5036	-72,249	172,0200
21,5032	-72,251	172,0250
21,5103	-72,254	172,0300
21,5029	-72,256	172,0350
21,4959	-72,258	172,0400
21,5038	-72,260	172,0450
21,5013	-72,262	172,0500
21,4965	-72,264	172,0550
21,5063	-72,266	172,0600
21,5044	-72,268	172,0650
21,5023	-72,270	172,0700
21,5152	-72,272	172,0750
21,5168	-72,275	172,0800
21,5075	-72,277	172,0850
21,5170	-72,279	172,0900
21,5133	-72,281	172,0950
21,5081	-72,283	172,1000
21,5187	-72,285	172,1050
21,5252	-72,287	172,1100
21,5203	-72,289	172,1150
21,5148	-72,291	172,1200
21,5229	-72,293	172,1250
21,5201	-72,296	172,1300
21,5209	-72,298	172,1350
21,5253	-72,300	172,1400
21,5184	-72,302	172,1450
21,5132	-72,304	172,1500
21,5231	-72,306	172,1550
21,5209	-72,308	172,1600
21,5200	-72,310	172,1650
21,5205	-72,312	172,1700
21,5256	-72,314	172,1750
21,5226	-72,317	172,1800
21,5210	-72,319	172,1850
21,5237	-72,321	172,1900
21,5216	-72,323	172,1950
21,5262	-72,325	172,2000
21,5379	-72,327	172,2050
21,5362	-72,329	172,2100
21,5324	-72,331	172,2150
21,5402	-72,333	172,2200
21,5310	-72,335	172,2250
21,5272	-72,338	172,2300
21,5303	-72,340	172,2350
21,5323	-72,342	172,2400
21,5309	-72,344	172,2450
21,5395	-72,346	172,2500
21,5399	-72,348	172,2550
21,5416	-72,350	172,2600
21,5376	-72,352	172,2650
21,5366	-72,354	172,2700
21,5300	-72,356	172,2750
21,5406	-72,359	172,2800
21,5499	-72,361	172,2850
21,5383	-72,363	172,2900
21,5420	-72,365	172,2950
21,5489	-72,367	172,3000
21,5411	-72,369	172,3050
21,5384	-72,371	172,3100
21,5482	-72,373	172,3150
21,5392	-72,375	172,3200
21,5366	-72,377	172,3250
21,5509	-72,380	172,3300
21,5509	-72,382	172,3350
21,5434	-72,384	172,3400
21,5517	-72,386	172,3450
21,5549	-72,388	172,3500
21,5464	-72,390	172,3550
21,5465	-72,392	172,3600
21,5547	-72,394	172,3650
21,5487	-72,396	172,3700
21,5500	-72,398	172,3750
21,5525	-72,401	172,3800
21,5446	-72,403	172,3850
21,5476	-72,405	172,3900
21,5606	-72,407	172,3950
21,5568	-72,409	172,4000
21,5468	-72,411	172,4050
21,5554	-72,413	172,4100
21,5568	-72,415	172,4150
21,5547	-72,417	172,4200
21,5629	-72,419	172,4250
21,5632	-72,422	172,4300
21,5531	-72,424	172,4350
21,5583	-72,426	172,4400
21,5552	-72,428	172,4450
21,5583	-72,430	172,4500
21,5755	-72,432	172,4550
21,5832	-72,434	172,4600
21,5721	-72,436	172,4650
21,5645	-72,438	172,4700
21,5624	-72,440	172,4750
21,5629	-72,443	172,4800
21,5708	-72,445	172,4850
21,5764	-72,447	172,4900
21,5707	-72,449	172,4950
21,5648	-72,451	172,5000
21,5742	-72,453	172,5050
21,5747	-72,455	172,5100
21,5723	-72,457	172,5150
21,5828	-72,459	172,5200
21,5832	-72,461	172,5250
21,5714	-72,464	172,5300
21,5750	-72,466	172,5350
21,5844	-72,468	172,5400
21,5854	-72,470	172,5450
21,5887	-72,472	172,5500
21,5949	-72,474	172,5550
21,5840	-72,476	172,5600
21,5800	-72,478	172,5650
21,5871	-72,480	172,5700
21,5832	-72,482	172,5750
21,5830	-72,485	172,5800
21,5934	-72,487	172,5850
21,5917	-72,489	172,5900
21,5851	-72,491	172,5950
21,5893	-72,493	172,6000
21,5830	-72,495	172,6050
21,5820	-72,497	172,6100
21,5924	-72,499	172,6150
21,5853	-72,501	172,6200
21,5829	-72,503	172,6250
21,6001	-72,506	172,6300
21,6057	-72,508	172,6350
21,5996	-72,510	172,6400
21,6010	-72,512	172,6450
21,6018	-72,514	172,6500
21,5897	-72,516	172,6550
21,5979	-72,518	172,6600
21,6031	-72,520	172,6650
21,5949	-72,522	172,6700
21,5964	-72,524	172,6750
21,6079	-72,527	172,6800
21,6022	-72,529	172,6850
21,5985	-72,531	172,6900
21,6048	-72,533	172,6950
21,6071	-72,535	172,7000
21,6049	-72,537	172,7050
21,6089	-72,539	172,7100
21,6110	-72,541	172,7150
21,6028	-72,543	172,7200
21,6112	-72,545	172,7250
21,6188	-72,548	172,7300
21,6062	-72,550	172,7350
21,5973	-72,552	172,7400
21,6016	-72,554	172,7450
21,6071	-72,556	172,7500
21,6154	-72,558	172,7550
21,6210	-72,560	172,7600
21,6164	-72,562	172,7650
21,6126	-72,564	172,7700
21,6179	-72,566	172,7750
21,6164	-72,569	172,7800
21,6138	-72,571	172,7850
21,6252	-72,573	172,7900
21,6231	-72,575	172,7950
21,6214	-72,577	172,8000
21,6259	-72,579	172,8050
21,6197	-72,581	172,8100
21,6104	-72,583	172,8150
21,6141	-72,585	172,8200
21,6147	-72,587	172,8250
21,6142	-72,590	172,8300
21,6177	-72,592	172,8350
21,6275	-72,594	172,8400
21,6277	-72,596	172,8450
21,6318	-72,598	172,8500
21,6317	-72,600	172,8550
21,6237	-72,602	172,8600
21,6160	-72,604	172,8650
21,6279	-72,606	172,8700
21,6338	-72,608	172,8750
21,6309	-72,611	172,8800
21,6412	-72,613	172,8850
21,6400	-72,615	172,8900
21,6261	-72,617	172,8950
21,6316	-72,619	172,9000
21,6298	-72,621	172,9050
21,6200	-72,623	172,9100
21,6318	-72,625	172,9150
21,6419	-72,627	172,9200
21,6406	-72,629	172,9250
21,6388	-72,632	172,9300
21,6407	-72,634	172,9350
21,6315	-72,636	172,9400
21,6277	-72,638	172,9450
21,6422	-72,640	172,9500
21,6401	-72,642	172,9550
21,6306	-72,644	172,9600
21,6401	-72,646	172,9650
21,6449	-72,648	172,9700
21,6417	-72,650	172,9750
21,6515	-72,653	172,9800
21,6524	-72,655	172,9850
21,6445	-72,657	172,9900
21,6549	-72,659	172,9950
21,6581	-72,661	173,0000
21,6441	-72,663	173,0050
21,6466	-72,665	173,0100
21,6585	-72,667	173,0150
21,6598	-72,669	173,0200
21,6552	-72,671	173,0250
21,6584	-72,674	173,0300
21,6540	-72,676	173,0350
21,6498	-72,678	173,0400
21,6594	-72,680	173,0450
21,6597	-72,682	173,0500
21,6531	-72,684	173,0550
21,6625	-72,686	173,0600
21,6649	-72,688	173,0650
21,6623	-72,690	173,0700
21,6626	-72,692	173,0750
21,6591	-72,695	173,0800
21,6607	-72,697	173,0850
21,6698	-72,699	173,0900
21,6688	-72,701	173,0950
21,6546	-72,703	173,1000
21,6612	-72,705	173,1050
21,6764	-72,707	173,1100
21,6790	-72,709	173,1150
21,6655	-72,711	173,1200
21,6683	-72,713	173,1250
21,6650	-72,716	173,1300
21,6712	-72,718	173,1350
21,6764	-72,720	173,1400
21,6683	-72,722	173,1450
21,6671	-72,724	173,1500
21,6762	-72,726	173,1550
21,6764	-72,728	173,1600
21,6730	-72,730	173,1650
21,6803	-72,732	173,1700
21,6791	-72,734	173,1750
21,6718	-72,737	173,1800
21,6762	-72,739	173,1850
21,6813	-72,741	173,1900
21,6807	-72,743	173,1950
21,6834	-72,745	173,2000
21,6823	-72,747	173,2050
21,6808	-72,749	173,2100
21,6844	-72,751	173,2150
21,6928	-72,753	173,2200
21,6840	-72,755	173,2250
21,6809	-72,758	173,2300
21,6858	-72,760	173,2350
21,6844	-72,762	173,2400
21,6819	-72,764	173,2450
21,6918	-72,766	173,2500
21,6970	-72,768	173,2550
21,6906	-72,770	173,2600
21,6921	-72,772	173,2650
21,6939	-72,774	173,2700
21,6895	-72,776	173,2750
21,6894	-72,779	173,2800
21,6864	-72,781	173,2850
21,6806	-72,783	173,2900
21,6938	-72,785	173,2950
21,7018	-72,787	173,3000
21,6982	-72,789	173,3050
21,6910	-72,791	173,3100
21,7032	-72,793	173,3150
21,7011	-72,795	173,3200
21,6978	-72,797	173,3250
21,7038	-72,800	173,3300
21,7001	-72,802	173,3350
21,6958	-72,804	173,3400
21,7069	-72,806	173,3450
21,7082	-72,808	173,3500
21,7012	-72,810	173,3550
21,7015	-72,812	173,3600
21,7065	-72,814	173,3650
21,7012	-72,816	173,3700
21,7041	-72,818	173,3750
21,7049	-72,821	173,3800
21,7020	-72,823	173,3850
21,7057	-72,825	173,3900
21,7158	-72,827	173,3950
21,7153	-72,829	173,4000
21,7075	-72,831	173,4050
21,7053	-72,833	173,4100
21,7030	-72,835	173,4150
21,7068	-72,837	173,4200
21,7180	-72,839	173,4250
21,7207	-72,842	173,4300
21,7140	-72,844	173,4350
21,7172	-72,846	173,4400
21,7212	-72,848	173,4450
21,7133	-72,850	173,4500
21,7120	-72,852	173,4550
21,7160	-72,854	173,4600
21,7156	-72,856	173,4650
21,7205	-72,858	173,4700
21,7261	-72,860	173,4750
21,7141	-72,863	173,4800
21,7145	-72,865	173,4850
21,7152	-72,867	173,4900
21,7117	-72,869	173,4950
21,7113	-72,871	173,5000
21,7224	-72,873	173,5050
21,7225	-72,875	173,5100
21,7144	-72,877	173,5150
21,7230	-72,879	173,5200
21,7258	-72,881	173,5250
21,7162	-72,884	173,5300
21,7209	-72,886	173,5350
21,7278	-72,888	173,5400
21,7240	-72,890	173,5450
21,7293	-72,892	173,5500
21,7424	-72,894	173,5550
21,7304	-72,896	173,5600
21,7258	-72,898	173,5650
21,7293	-72,900	173,5700
21,7280	-72,902	173,5750
21,7322	-72,905	173,5800
21,7372	-72,907	173,5850
21,7316	-72,909	173,5900
21,7278	-72,911	173,5950
21,7388	-72,913	173,6000
21,7330	-72,915	173,6050
21,7307	-72,917	173,6100
21,7332	-72,919	173,6150
21,7378	-72,921	173,6200
21,7358	-72,923	173,6250
21,7412	-72,926	173,6300
21,7419	-72,928	173,6350
21,7453	-72,930	173,6400
21,7501	-72,932	173,6450
21,7547	-72,934	173,6500
21,7488	-72,936	173,6550
21,7516	-72,938	173,6600
21,7534	-72,940	173,6650
21,7516	-72,942	173,6700
21,7513	-72,944	173,6750
21,7515	-72,947	173,6800
21,7525	-72,949	173,6850
21,7542	-72,951	173,6900
21,7590	-72,953	173,6950
21,7594	-72,955	173,7000
21,7497	-72,957	173,7050
21,7544	-72,959	173,7100
21,7584	-72,961	173,7150
21,7541	-72,963	173,7200
21,7595	-72,965	173,7250
21,7545	-72,968	173,7300
21,7481	-72,970	173,7350
21,7536	-72,972	173,7400
21,7633	-72,974	173,7450
21,7560	-72,976	173,7500
21,7552	-72,978	173,7550
21,7629	-72,980	173,7600
21,7583	-72,982	173,7650
21,7606	-72,984	173,7700
21,7682	-72,986	173,7750
21,7638	-72,989	173,7800
21,7551	-72,991	173,7850
21,7678	-72,993	173,7900
21,7720	-72,995	173,7950
21,7642	-72,997	173,8000
21,7702	-72,999	173,8050
21,7750	-73,001	173,8100
21,7673	-73,003	173,8150
21,7681	-73,005	173,8200
21,7699	-73,007	173,8250
21,7655	-73,010	173,8300
21,7719	-73,012	173,8350
21,7832	-73,014	173,8400
21,7691	-73,016	173,8450
21,7700	-73,018	173,8500
21,7807	-73,020	173,8550
21,7772	-73,022	173,8600
21,7727	-73,024	173,8650
21,7730	-73,026	173,8700
21,7729	-73,028	173,8750
21,7717	-73,031	173,8800
21,7779	-73,033	173,8850
21,7789	-73,035	173,8900
21,7725	-73,037	173,8950
21,7776	-73,039	173,9000
21,7820	-73,041	173,9050
21,7807	-73,043	173,9100
21,7889	-73,045	173,9150
21,7878	-73,047	173,9200
21,7744	-73,049	173,9250
21,7792	-73,052	173,9300
21,7944	-73,054	173,9350
21,7914	-73,056	173,9400
21,7894	-73,058	173,9450
21,7956	-73,060	173,9500
21,7909	-73,062	173,9550
21,7856	-73,064	173,9600
21,7932	-73,066	173,9650
21,7971	-73,068	173,9700
21,7963	-73,070	173,9750
21,8012	-73,073	173,9800
21,7999	-73,075	173,9850
21,7958	-73,077	173,9900
21,8006	-73,079	173,9950
21,8003	-73,081	174,0000
21,7914	-73,083	174,0050
21,7934	-73,085	174,0100
21,7984	-73,087	174,0150
21,8018	-73,089	174,0200
21,8053	-73,091	174,0250
21,8139	-73,094	174,0300
21,8058	-73,096	174,0350
21,8019	-73,098	174,0400
21,8044	-73,100	174,0450
21,8030	-73,102	174,0500
21,8037	-73,104	174,0550
21,8085	-73,106	174,0600
21,8087	-73,108	174,0650
21,8085	-73,110	174,0700
21,8152	-73,112	174,0750
21,8135	-73,115	174,0800
21,7993	-73,117	174,0850
21,8023	-73,119	174,0900
21,8112	-73,121	174,0950
21,8136	-73,123	174,1000
21,8180	-73,125	174,1050
21,8215	-73,127	174,1100
21,8115	-73,129	174,1150
21,8119	-73,131	174,1200
21,8248	-73,133	174,1250
21,8218	-73,136	174,1300
21,8216	-73,138	174,1350
21,8238	-73,140	174,1400
21,8127	-73,142	174,1450
21,8103	-73,144	174,1500
21,8245	-73,146	174,1550
21,8239	-73,148	174,1600
21,8136	-73,150	174,1650
21,8125	-73,152	174,1700
21,8265	-73,154	174,1750
21,8255	-73,157	174,1800
21,8297	-73,159	174,1850
21,8300	-73,161	174,1900
21,8210	-73,163	174,1950
21,8248	-73,165	174,2000
21,8331	-73,167	174,2050
21,8330	-73,169	174,2100
21,8300	-73,171	174,2150
21,8402	-73,173	174,2200
21,8350	-73,175	174,2250
21,8287	-73,178	174,2300
21,8330	-73,180	174,2350
21,8362	-73,182	174,2400
21,8359	-73,184	174,2450
21,8406	-73,186	174,2500
21,8382	-73,188	174,2550
21,8343	-73,190	174,2600
21,8378	-73,192	174,2650
21,8420	-73,194	174,2700
21,8376	-73,196	174,2750
21,8454	-73,199	174,2800
21,8487	-73,201	174,2850
21,8426	-73,203	174,2900
21,8410	-73,205	174,2950
21,8460	-73,207	174,3000
21,8437	-73,209	174,3050
21,8327	-73,211	174,3100
21,8380	-73,213	174,3150
21,8412	-73,215	174,3200
21,8397	-73,217	174,3250
21,8516	-73,220	174,3300
21,8510	-73,222	174,3350
21,8420	-73,224	174,3400
21,8456	-73,226	174,3450
21,8473	-73,228	174,3500
21,8495	-73,230	174,3550
21,8564	-73,232	174,3600
21,8633	-73,234	174,3650
21,8463	-73,236	174,3700
21,8442	-73,238	174,3750
21,8529	-73,241	174,3800
21,8523	-73,243	174,3850
21,8547	-73,245	174,3900
21,8663	-73,247	174,3950
21,8642	-73,249	174,4000
21,8568	-73,251	174,4050
21,8600	-73,253	174,4100
21,8547	-73,255	174,4150
21,8503	-73,257	174,4200
21,8592	-73,259	174,4250
21,8638	-73,262	174,4300
21,8584	-73,264	174,4350
21,8626	-73,266	174,4400
21,8661	-73,268	174,4450
21,8697	-73,270	174,4500
21,8753	-73,272	174,4550
21,8770	-73,274	174,4600
21,8660	-73,276	174,4650
21,8685	-73,278	174,4700
21,8708	-73,280	174,4750
21,8645	-73,283	174,4800
21,8619	-73,285	174,4850
21,8697	-73,287	174,4900
21,8712	-73,289	174,4950
21,8720	-73,291	174,5000
21,8816	-73,293	174,5050
21,8729	-73,295	174,5100
21,8743	-73,297	174,5150
21,8760	-73,299	174,5200
21,8751	-73,301	174,5250
21,8780	-73,304	174,5300
21,8921	-73,306	174,5350
21,8919	-73,308	174,5400
21,8889	-73,310	174,5450
21,8787	-73,312	174,5500
21,8761	-73,314	174,5550
21,8798	-73,316	174,5600
21,8855	-73,318	174,5650
21,8955	-73,320	174,5700
21,8854	-73,322	174,5750
21,8873	-73,325	174,5800
21,8973	-73,327	174,5850
21,8903	-73,329	174,5900
21,8835	-73,331	174,5950
21,8931	-73,333	174,6000
21,8930	-73,335	174,6050
21,8896	-73,337	174,6100
21,8922	-73,339	174,6150
21,8958	-73,341	174,6200
21,8867	-73,343	174,6250
21,8996	-73,346	174,6300
21,8988	-73,348	174,6350
21,8914	-73,350	174,6400
21,8936	-73,352	174,6450
21,9039	-73,354	174,6500
21,9023	-73,356	174,6550
21,9028	-73,358	174,6600
21,9046	-73,360	174,6650
21,9026	-73,362	174,6700
21,9009	-73,364	174,6750
21,9062	-73,367	174,6800
21,9068	-73,369	174,6850
21,9017	-73,371	174,6900
21,9093	-73,373	174,6950
21,9077	-73,375	174,7000
21,9078	-73,377	174,7050
21,9099	-73,379	174,7100
21,9095	-73,381	174,7150
21,9027	-73,383	174,7200
21,9103	-73,385	174,7250
21,9080	-73,388	174,7300
21,9033	-73,390	174,7350
21,9060	-73,392	174,7400
21,9206	-73,394	174,7450
21,9140	-73,396	174,7500
21,9144	-73,398	174,7550
21,9218	-73,400	174,7600
21,9199	-73,402	174,7650
21,9246	-73,404	174,7700
21,9332	-73,406	174,7750
21,9269	-73,409	174,7800
21,9138	-73,411	174,7850
21,9113	-73,413	174,7900
21,9133	-73,415	174,7950
21,9100	-73,417	174,8000
21,9185	-73,419	174,8050
21,9259	-73,421	174,8100
21,9200	-73,423	174,8150
21,9212	-73,425	174,8200
21,9227	-73,427	174,8250
21,9224	-73,430	174,8300
21,9228	-73,432	174,8350
21,9301	-73,434	174,8400
21,9283	-73,436	174,8450
21,9324	-73,438	174,8500
21,9329	-73,440	174,8550
21,9331	-73,442	174,8600
21,9318	-73,444	174,8650
21,9306	-73,446	174,8700
21,9243	-73,448	174,8750
21,9210	-73,451	174,8800
21,9307	-73,453	174,8850
21,9310	-73,455	174,8900
21,9281	-73,457	174,8950
21,9324	-73,459	174,9000
21,9349	-73,461	174,9050
21,9271	-73,463	174,9100
21,9373	-73,465	174,9150
21,9421	-73,467	174,9200
21,9420	-73,469	174,9250
21,9414	-73,472	174,9300
21,9492	-73,474	174,9350
21,9382	-73,476	174,9400
21,9300	-73,478	174,9450
21,9362	-73,480	174,9500
21,9432	-73,482	174,9550
21,9466	-73,484	174,9600
21,9523	-73,486	174,9650
21,9478	-73,488	174,9700
21,9384	-73,490	174,9750
21,9360	-73,493	174,9800
21,9440	-73,495	174,9850
21,9479	-73,497	174,9900
21,9543	-73,499	174,9950
21,9556	-73,501	175,0000
21,9457	-73,503	175,0050
21,9472	-73,505	175,0100
21,9544	-73,507	175,0150
21,9525	-73,509	175,0200
21,9504	-73,511	175,0250
21,9582	-73,514	175,0300
21,9502	-73,516	175,0350
21,9528	-73,518	175,0400
21,9643	-73,520	175,0450
21,9595	-73,522	175,0500
21,9521	-73,524	175,0550
21,9554	-73,526	175,0600
21,9536	-73,528	175,0650
21,9562	-73,530	175,0700
21,9660	-73,532	175,0750
21,9690	-73,535	175,0800
21,9629	-73,537	175,0850
21,9627	-73,539	175,0900
21,9678	-73,541	175,0950
21,9546	-73,543	175,1000
21,9614	-73,545	175,1050
21,9754	-73,547	175,1100
21,9773	-73,549	175,1150
21,9735	-73,551	175,1200
21,9784	-73,553	175,1250
21,9732	-73,556	175,1300
21,9690	-73,558	175,1350
21,9724	-73,560	175,1400
21,9662	-73,562	175,1450
21,9662	-73,564	175,1500
21,9776	-73,566	175,1550
21,9761	-73,568	175,1600
21,9728	-73,570	175,1650
21,9787	-73,572	175,1700
21,9778	-73,574	175,1750
21,9724	-73,577	175,1800
21,9788	-73,579	175,1850
21,9817	-73,581	175,1900
21,9731	-73,583	175,1950
21,9728	-73,585	175,2000
21,9800	-73,587	175,2050
21,9850	-73,589	175,2100
21,9869	-73,591	175,2150
21,9953	-73,593	175,2200
21,9853	-73,595	175,2250
21,9837	-73,598	175,2300
21,9916	-73,600	175,2350
21,9884	-73,602	175,2400
21,9802	-73,604	175,2450
21,9858	-73,606	175,2500
21,9884	-73,608	175,2550
21,9790	-73,610	175,2600
21,9856	-73,612	175,2650
21,9990	-73,614	175,2700
21,9959	-73,616	175,2750
21,9890	-73,619	175,2800
21,9851	-73,621	175,2850
21,9833	-73,623	175,2900
21,9897	-73,625	175,2950
21,9924	-73,627	175,3000
21,9877	-73,629	175,3050
21,9921	-73,631	175,3100
22,0024	-73,633	175,3150
22,0021	-73,635	175,3200
21,9982	-73,637	175,3250
22,0086	-73,640	175,3300
22,0085	-73,642	175,3350
22,0030	-73,644	175,3400
22,0095	-73,646	175,3450
22,0075	-73,648	175,3500
22,0036	-73,650	175,3550
22,0022	-73,652	175,3600
22,0080	-73,654	175,3650
22,0161	-73,656	175,3700
22,0220	-73,658	175,3750
22,0229	-73,661	175,3800
22,0024	-73,663	175,3850
21,9980	-73,665	175,3900
21,9996	-73,667	175,3950
22,0016	-73,669	175,4000
22,0082	-73,671	175,4050
22,0201	-73,673	175,4100
22,0165	-73,675	175,4150
22,0165	-73,677	175,4200
22,0189	-73,679	175,4250
22,0142	-73,682	175,4300
22,0193	-73,684	175,4350
22,0346	-73,686	175,4400
22,0248	-73,688	175,4450
22,0103	-73,690	175,4500
22,0123	-73,692	175,4550
22,0232	-73,694	175,4600
22,0172	-73,696	175,4650
22,0251	-73,698	175,4700
22,0356	-73,700	175,4750
22,0224	-73,703	175,4800
22,0227	-73,705	175,4850
22,0322	-73,707	175,4900
22,0278	-73,709	175,4950
22,0206	-73,711	175,5000
22,0303	-73,713	175,5050
22,0245	-73,715	175,5100
22,0206	-73,717	175,5150
22,0252	-73,719	175,5200
22,0281	-73,721	175,5250
22,0246	-73,724	175,5300
22,0319	-73,726	175,5350
22,0355	-73,728	175,5400
22,0323	-73,730	175,5450
22,0315	-73,732	175,5500
22,0426	-73,734	175,5550
22,0362	-73,736	175,5600
22,0359	-73,738	175,5650
22,0443	-73,740	175,5700
22,0394	-73,742	175,5750
22,0328	-73,745	175,5800
22,0359	-73,747	175,5850
22,0349	-73,749	175,5900
22,0352	-73,751	175,5950
22,0400	-73,753	175,6000
22,0376	-73,755	175,6050
22,0323	-73,757	175,6100
22,0364	-73,759	175,6150
22,0427	-73,761	175,6200
22,0342	-73,763	175,6250
22,0345	-73,766	175,6300
22,0333	-73,768	175,6350
22,0316	-73,770	175,6400
22,0398	-73,772	175,6450
22,0499	-73,774	175,6500
22,0508	-73,776	175,6550
22,0537	-73,778	175,6600
22,0583	-73,780	175,6650
22,0509	-73,782	175,6700
22,0541	-73,784	175,6750
22,0617	-73,787	175,6800
22,0531	-73,789	175,6850
22,0477	-73,791	175,6900
22,0641	-73,793	175,6950
22,0631	-73,795	175,7000
22,0598	-73,797	175,7050
22,0641	-73,799	175,7100
22,0647	-73,801	175,7150
22,0549	-73,803	175,7200
22,0596	-73,805	175,7250
22,0642	-73,808	175,7300
22,0577	-73,810	175,7350
22,0596	-73,812	175,7400
22,0698	-73,814	175,7450
22,0609	-73,816	175,7500
22,0659	-73,818	175,7550
22,0735	-73,820	175,7600
22,0692	-73,822	175,7650
22,0654	-73,824	175,7700
22,0660	-73,826	175,7750
22,0657	-73,829	175,7800
22,0630	-73,831	175,7850
22,0731	-73,833	175,7900
22,0729	-73,835	175,7950
22,0638	-73,837	175,8000
22,0669	-73,839	175,8050
22,0739	-73,841	175,8100
22,0682	-73,843	175,8150
22,0691	-73,845	175,8200
22,0716	-73,847	175,8250
22,0684	-73,850	175,8300
22,0695	-73,852	175,8350
22,0746	-73,854	175,8400
22,0689	-73,856	175,8450
22,0735	-73,858	175,8500
22,0840	-73,860	175,8550
22,0786	-73,862	175,8600
22,0761	-73,864	175,8650
22,0798	-73,866	175,8700
22,0816	-73,868	175,8750
22,0770	-73,871	175,8800
22,0824	-73,873	175,8850
22,0852	-73,875	175,8900
22,0841	-73,877	175,8950
22,0947	-73,879	175,9000
22,0933	-73,881	175,9050
22,0851	-73,883	175,9100
22,0885	-73,885	175,9150
22,0837	-73,887	175,9200
22,0838	-73,889	175,9250
22,0883	-73,892	175,9300
22,0979	-73,894	175,9350
22,0903	-73,896	175,9400
22,0895	-73,898	175,9450
22,0973	-73,900	175,9500
22,0899	-73,902	175,9550
22,0841	-73,904	175,9600
22,0952	-73,906	175,9650
22,0943	-73,908	175,9700
22,0947	-73,910	175,9750
22,1015	-73,913	175,9800
22,1060	-73,915	175,9850
22,0993	-73,917	175,9900
22,1052	-73,919	175,9950
22,1100	-73,921	176,0000
22,0986	-73,923	176,0050
22,0958	-73,925	176,0100
22,1029	-73,927	176,0150
22,1045	-73,929	176,0200
22,1049	-73,931	176,0250
22,1107	-73,934	176,0300
22,1042	-73,936	176,0350
22,1050	-73,938	176,0400
22,1152	-73,940	176,0450
22,1123	-73,942	176,0500
22,1053	-73,944	176,0550
22,1172	-73,946	176,0600
22,1186	-73,948	176,0650
22,1074	-73,950	176,0700
22,1072	-73,952	176,0750
22,1138	-73,955	176,0800
22,1074	-73,957	176,0850
22,1079	-73,959	176,0900
22,1196	-73,961	176,0950
22,1191	-73,963	176,1000
22,1231	-73,965	176,1050
22,1306	-73,967	176,1100
22,1306	-73,969	176,1150
22,1268	-73,971	176,1200
22,1273	-73,973	176,1250
22,1144	-73,976	176,1300
22,1106	-73,978	176,1350
22,1187	-73,980	176,1400
22,1232	-73,982	176,1450
22,1194	-73,984	176,1500
22,1250	-73,986	176,1550
22,1269	-73,988	176,1600
22,1266	-73,990	176,1650
22,1331	-73,992	176,1700
22,1307	-73,994	176,1750
22,1258	-73,997	176,1800
22,1246	-73,999	176,1850
22,1276	-74,001	176,1900
22,1262	-74,003	176,1950
22,1278	-74,005	176,2000
22,1341	-74,007	176,2050
22,1321	-74,009	176,2100
22,1334	-74,011	176,2150
22,1460	-74,013	176,2200
22,1435	-74,015	176,2250
22,1337	-74,018	176,2300
22,1385	-74,020	176,2350
22,1427	-74,022	176,2400
22,1410	-74,024	176,2450
22,1430	-74,026	176,2500
22,1423	-74,028	176,2550
22,1428	-74,030	176,2600
22,1483	-74,032	176,2650
22,1399	-74,034	176,2700
22,1317	-74,036	176,2750
22,1389	-74,039	176,2800
22,1429	-74,041	176,2850
22,1386	-74,043	176,2900
22,1405	-74,045	176,2950
22,1520	-74,047	176,3000
22,1479	-74,049	176,3050
22,1461	-74,051	176,3100
22,1587	-74,053	176,3150
22,1512	-74,055	176,3200
22,1430	-74,057	176,3250
22,1494	-74,060	176,3300
22,1537	-74,062	176,3350
22,1559	-74,064	176,3400
22,1548	-74,066	176,3450
22,1568	-74,068	176,3500
22,1541	-74,070	176,3550
22,1551	-74,072	176,3600
22,1575	-74,074	176,3650
22,1414	-74,076	176,3700
22,1473	-74,078	176,3750
22,1606	-74,081	176,3800
22,1663	-74,083	176,3850
22,1715	-74,085	176,3900
22,1714	-74,087	176,3950
22,1611	-74,089	176,4000
22,1579	-74,091	176,4050
22,1676	-74,093	176,4100
22,1640	-74,095	176,4150
22,1597	-74,097	176,4200
22,1646	-74,099	176,4250
22,1634	-74,102	176,4300
22,1641	-74,104	176,4350
22,1672	-74,106	176,4400
22,1640	-74,108	176,4450
22,1622	-74,110	176,4500
22,1741	-74,112	176,4550
22,1815	-74,114	176,4600
22,1708	-74,116	176,4650
22,1704	-74,118	176,4700
22,1811	-74,120	176,4750
22,1772	-74,123	176,4800
22,1748	-74,125	176,4850
22,1787	-74,127	176,4900
22,1732	-74,129	176,4950
22,1676	-74,131	176,5000
22,1728	-74,133	176,5050
22,1661	-74,135	176,5100
22,1691	-74,137	176,5150
22,1808	-74,139	176,5200
22,1828	-74,141	176,5250
22,1778	-74,144	176,5300
22,1777	-74,146	176,5350
22,1773	-74,148	176,5400
22,1805	-74,150	176,5450
22,1871	-74,152	176,5500
22,1889	-74,154	176,5550
22,1759	-74,156	176,5600
22,1734	-74,158	176,5650
22,1858	-74,160	176,5700
22,1861	-74,162	176,5750
22,1859	-74,165	176,5800
22,1903	-74,167	176,5850
22,1864	-74,169	176,5900
22,1832	-74,171	176,5950
22,1908	-74,173	176,6000
22,1938	-74,175	176,6050
22,1981	-74,177	176,6100
22,1980	-74,179	176,6150
22,1941	-74,181	176,6200
22,1886	-74,183	176,6250
22,1954	-74,186	176,6300
22,1957	-74,188	176,6350
22,1964	-74,190	176,6400
22,1964	-74,192	176,6450
22,2058	-74,194	176,6500
22,2009	-74,196	176,6550
22,1998	-74,198	176,6600
22,2051	-74,200	176,6650
22,2043	-74,202	176,6700
22,2041	-74,204	176,6750
22,2165	-74,207	176,6800
22,2145	-74,209	176,6850
22,2074	-74,211	176,6900
22,2129	-74,213	176,6950
22,2153	-74,215	176,7000
22,2085	-74,217	176,7050
22,2121	-74,219	176,7100
22,2093	-74,221	176,7150
22,2021	-74,223	176,7200
22,2162	-74,225	176,7250
22,2248	-74,228	176,7300
22,2196	-74,230	176,7350
22,2230	-74,232	176,7400
22,2187	-74,234	176,7450
22,2039	-74,236	176,7500
22,2034	-74,238	176,7550
22,2097	-74,240	176,7600
22,2111	-74,242	176,7650
22,2137	-74,244	176,7700
22,2257	-74,246	176,7750
22,2221	-74,249	176,7800
22,2117	-74,251	176,7850
22,2160	-74,253	176,7900
22,2189	-74,255	176,7950
22,2116	-74,257	176,8000
22,2185	-74,259	176,8050
22,2329	-74,261	176,8100
22,2306	-74,263	176,8150
22,2305	-74,265	176,8200
22,2280	-74,267	176,8250
22,2275	-74,270	176,8300
22,2255	-74,272	176,8350
22,2308	-74,274	176,8400
22,2227	-74,276	176,8450
22,2250	-74,278	176,8500
22,2317	-74,280	176,8550
22,2326	-74,282	176,8600
22,2355	-74,284	176,8650
22,2422	-74,286	176,8700
22,2417	-74,288	176,8750
22,2349	-74,291	176,8800
22,2399	-74,293	176,8850
22,2370	-74,295	176,8900
22,2261	-74,297	176,8950
22,2365	-74,299	176,9000
22,2463	-74,301	176,9050
22,2364	-74,303	176,9100
22,2371	-74,305	176,9150
22,2439	-74,307	176,9200
22,2501	-74,309	176,9250
22,2498	-74,312	176,9300
22,2457	-74,314	176,9350
22,2393	-74,316	176,9400
22,2444	-74,318	176,9450
22,2541	-74,320	176,9500
22,2509	-74,322	176,9550
22,2451	-74,324	176,9600
22,2531	-74,326	176,9650
22,2493	-74,328	176,9700
22,2426	-74,330	176,9750
22,2450	-74,333	176,9800
22,2490	-74,335	176,9850
22,2486	-74,337	176,9900
22,2571	-74,339	176,9950
22,2587	-74,341	177,0000
22,2490	-74,343	177,0050
22,2548	-74,345	177,0100
22,2550	-74,347	177,0150
22,2514	-74,349	177,0200
22,2552	-74,351	177,0250
22,2634	-74,354	177,0300
22,2546	-74,356	177,0350
22,2501	-74,358	177,0400
22,2524	-74,360	177,0450
22,2494	-74,362	177,0500
22,2484	-74,364	177,0550
22,2602	-74,366	177,0600
22,2626	-74,368	177,0650
22,2570	-74,370	177,0700
22,2644	-74,372	177,0750
22,2701	-74,375	177,0800
22,2588	-74,377	177,0850
22,2620	-74,379	177,0900
22,2675	-74,381	177,0950
22,2639	-74,383	177,1000
22,2727	-74,385	177,1050
22,2773	-74,387	177,1100
22,2764	-74,389	177,1150
22,2662	-74,391	177,1200
22,2713	-74,393	177,1250
22,2668	-74,396	177,1300
22,2640	-74,398	177,1350
22,2786	-74,400	177,1400
22,2820	-74,402	177,1450
22,2713	-74,404	177,1500
22,2774	-74,406	177,1550
22,2765	-74,408	177,1600
22,2762	-74,410	177,1650
22,2809	-74,412	177,1700
22,2846	-74,414	177,1750
22,2741	-74,417	177,1800
22,2764	-74,419	177,1850
22,2794	-74,421	177,1900
22,2757	-74,423	177,1950
22,2768	-74,425	177,2000
22,2863	-74,427	177,2050
22,2867	-74,429	177,2100
22,2783	-74,431	177,2150
22,2798	-74,433	177,2200
22,2755	-74,435	177,2250
22,2834	-74,438	177,2300
22,2917	-74,440	177,2350
22,2885	-74,442	177,2400
22,2850	-74,444	177,2450
22,2934	-74,446	177,2500
22,2995	-74,448	177,2550
22,2894	-74,450	177,2600
22,2892	-74,452	177,2650
22,2993	-74,454	177,2700
22,2901	-74,456	177,2750
22,2952	-74,459	177,2800
22,3050	-74,461	177,2850
22,2954	-74,463	177,2900
22,2946	-74,465	177,2950
22,2983	-74,467	177,3000
22,3012	-74,469	177,3050
22,2977	-74,471	177,3100
22,3028	-74,473	177,3150
22,2977	-74,475	177,3200
22,2940	-74,477	177,3250
22,3044	-74,480	177,3300
22,3021	-74,482	177,3350
22,3005	-74,484	177,3400
22,3064	-74,486	177,3450
22,3045	-74,488	177,3500
22,2957	-74,490	177,3550
22,2949	-74,492	177,3600
22,3002	-74,494	177,3650
22,2945	-74,496	177,3700
22,2991	-74,498	177,3750
22,3025	-74,501	177,3800
22,2998	-74,503	177,3850
22,3033	-74,505	177,3900
22,3060	-74,507	177,3950
22,3121	-74,509	177,4000
22,3185	-74,511	177,4050
22,3239	-74,513	177,4100
22,3176	-74,515	177,4150
22,3122	-74,517	177,4200
22,3186	-74,519	177,4250
22,3170	-74,522	177,4300
22,3081	-74,524	177,4350
22,3203	-74,526	177,4400
22,3254	-74,528	177,4450
22,3183	-74,530	177,4500
22,3160	-74,532	177,4550
22,3212	-74,534	177,4600
22,3195	-74,536	177,4650
22,3245	-74,538	177,4700
22,3301	-74,540	177,4750
22,3251	-74,543	177,4800
22,3215	-74,545	177,4850
22,3205	-74,547	177,4900
22,3221	-74,549	177,4950
22,3221	-74,551	177,5000
22,3351	-74,553	177,5050
22,3341	-74,555	177,5100
22,3277	-74,557	177,5150
22,3331	-74,559	177,5200
22,3347	-74,561	177,5250
22,3354	-74,564	177,5300
22,3470	-74,566	177,5350
22,3437	-74,568	177,5400
22,3268	-74,570	177,5450
22,3242	-74,572	177,5500
22,3333	-74,574	177,5550
22,3358	-74,576	177,5600
22,3423	-74,578	177,5650
22,3431	-74,580	177,5700
22,3330	-74,582	177,5750
22,3340	-74,585	177,5800
22,3422	-74,587	177,5850
22,3489	-74,589	177,5900
22,3496	-74,591	177,5950
22,3544	-74,593	177,6000
22,3488	-74,595	177,6050
22,3380	-74,597	177,6100
22,3416	-74,599	177,6150
22,3424	-74,601	177,6200
22,3388	-74,603	177,6250
22,3411	-74,606	177,6300
22,3462	-74,608	177,6350
22,3403	-74,610	177,6400
22,3376	-74,612	177,6450
22,3485	-74,614	177,6500
22,3532	-74,616	177,6550
22,3574	-74,618	177,6600
22,3591	-74,620	177,6650
22,3550	-74,622	177,6700
22,3486	-74,624	177,6750
22,3531	-74,627	177,6800
22,3474	-74,629	177,6850
22,3484	-74,631	177,6900
22,3652	-74,633	177,6950
22,3643	-74,635	177,7000
22,3567	-74,637	177,7050
22,3666	-74,639	177,7100
22,3653	-74,641	177,7150
22,3568	-74,643	177,7200
22,3608	-74,645	177,7250
22,3685	-74,648	177,7300
22,3600	-74,650	177,7350
22,3562	-74,652	177,7400
22,3635	-74,654	177,7450
22,3599	-74,656	177,7500
22,3616	-74,658	177,7550
22,3674	-74,660	177,7600
22,3655	-74,662	177,7650
22,3621	-74,664	177,7700
22,3737	-74,666	177,7750
22,3758	-74,669	177,7800
22,3705	-74,671	177,7850
22,3749	-74,673	177,7900
22,3775	-74,675	177,7950
22,3697	-74,677	177,8000
22,3785	-74,679	177,8050
22,3784	-74,681	177,8100
22,3701	-74,683	177,8150
22,3745	-74,685	177,8200
22,3838	-74,687	177,8250
22,3786	-74,690	177,8300
22,3761	-74,692	177,8350
22,3894	-74,694	177,8400
22,3878	-74,696	177,8450
22,3809	-74,698	177,8500
22,3839	-74,700	177,8550
22,3821	-74,702	177,8600
22,3716	-74,704	177,8650
22,3843	-74,706	177,8700
22,3845	-74,708	177,8750
22,3801	-74,711	177,8800
22,3923	-74,713	177,8850
22,3946	-74,715	177,8900
22,3880	-74,717	177,8950
22,3900	-74,719	177,9000
22,3868	-74,721	177,9050
22,3816	-74,723	177,9100
22,3935	-74,725	177,9150
22,3977	-74,727	177,9200
22,3905	-74,729	177,9250
22,3953	-74,732	177,9300
22,4064	-74,734	177,9350
22,3966	-74,736	177,9400
22,3872	-74,738	177,9450
22,3965	-74,740	177,9500
22,3955	-74,742	177,9550
22,3957	-74,744	177,9600
22,4019	-74,746	177,9650
22,4020	-74,748	177,9700
22,4022	-74,750	177,9750
22,4099	-74,753	177,9800
22,4052	-74,755	177,9850
22,4001	-74,757	177,9900
22,4091	-74,759	177,9950
22,4155	-74,761	178,0000
22,4067	-74,763	178,0050
22,4085	-74,765	178,0100
22,4102	-74,767	178,0150
22,3963	-74,769	178,0200
22,3899	-74,771	178,0250
22,4045	-74,774	178,0300
22,4029	-74,776	178,0350
22,4066	-74,778	178,0400
22,4127	-74,780	178,0450
22,4048	-74,782	178,0500
22,4024	-74,784	178,0550
22,4095	-74,786	178,0600
22,4143	-74,788	178,0650
22,4132	-74,790	178,0700
22,4147	-74,792	178,0750
22,4187	-74,795	178,0800
22,4113	-74,797	178,0850
22,4188	-74,799	178,0900
22,4211	-74,801	178,0950
22,4136	-74,803	178,1000
22,4128	-74,805	178,1050
22,4195	-74,807	178,1100
22,4225	-74,809	178,1150
22,4212	-74,811	178,1200
22,4304	-74,813	178,1250
22,4265	-74,816	178,1300
22,4245	-74,818	178,1350
22,4361	-74,820	178,1400
22,4381	-74,822	178,1450
22,4303	-74,824	178,1500
22,4314	-74,826	178,1550
22,4257	-74,828	178,1600
22,4200	-74,830	178,1650
22,4303	-74,832	178,1700
22,4352	-74,834	178,1750
22,4235	-74,837	178,1800
22,4287	-74,839	178,1850
22,4356	-74,841	178,1900
22,4368	-74,843	178,1950
22,4409	-74,845	178,2000
22,4434	-74,847	178,2050
22,4349	-74,849	178,2100
22,4350	-74,851	178,2150
22,4428	-74,853	178,2200
22,4401	-74,855	178,2250
22,4373	-74,858	178,2300
22,4468	-74,860	178,2350
22,4416	-74,862	178,2400
22,4343	-74,864	178,2450
22,4428	-74,866	178,2500
22,4419	-74,868	178,2550
22,4388	-74,870	178,2600
22,4423	-74,872	178,2650
22,4462	-74,874	178,2700
22,4354	-74,876	178,2750
22,4361	-74,879	178,2800
22,4348	-74,881	178,2850
22,4318	-74,883	178,2900
22,4422	-74,885	178,2950
22,4478	-74,887	178,3000
22,4458	-74,889	178,3050
22,4437	-74,891	178,3100
22,4621	-74,893	178,3150
22,4594	-74,895	178,3200
22,4500	-74,897	178,3250
22,4498	-74,900	178,3300
22,4513	-74,902	178,3350
22,4471	-74,904	178,3400
22,4539	-74,906	178,3450
22,4558	-74,908	178,3500
22,4562	-74,910	178,3550
22,4663	-74,912	178,3600
22,4666	-74,914	178,3650
22,4545	-74,916	178,3700
22,4555	-74,918	178,3750
22,4562	-74,921	178,3800
22,4587	-74,923	178,3850
22,4627	-74,925	178,3900
22,4690	-74,927	178,3950
22,4626	-74,929	178,4000
22,4624	-74,931	178,4050
22,4747	-74,933	178,4100
22,4742	-74,935	178,4150
22,4672	-74,937	178,4200
22,4676	-74,939	178,4250
22,4668	-74,942	178,4300
22,4627	-74,944	178,4350
22,4713	-74,946	178,4400
22,4724	-74,948	178,4450
22,4739	-74,950	178,4500
22,4738	-74,952	178,4550
22,4760	-74,954	178,4600
22,4738	-74,956	178,4650
22,4745	-74,958	178,4700
22,4750	-74,960	178,4750
22,4695	-74,963	178,4800
22,4768	-74,965	178,4850
22,4875	-74,967	178,4900
22,4846	-74,969	178,4950
22,4735	-74,971	178,5000
22,4818	-74,973	178,5050
22,4833	-74,975	178,5100
22,4871	-74,977	178,5150
22,4923	-74,979	178,5200
22,4884	-74,981	178,5250
22,4808	-74,984	178,5300
22,4857	-74,986	178,5350
22,4857	-74,988	178,5400
22,4860	-74,990	178,5450
22,4867	-74,992	178,5500
22,4900	-74,994	178,5550
22,4858	-74,996	178,5600
22,4934	-74,998	178,5650
22,5001	-75,000	178,5700
22,4902	-75,000	178,5750
22,4641	-75,000	178,5800
22,4678	-75,000	178,5850
22,4793	-75,000	178,5900
22,4937	-74,999	178,5950
22,4935	-74,988	178,6000
22,4023	-74,976	178,6050
22,3486	-74,960	178,6100
22,3741	-74,941	178,6150
22,3519	-74,918	178,6200
22,3655	-74,889	178,6250
22,2638	-74,854	178,6300
22,2019	-74,811	178,6350
22,1796	-74,761	178,6400
22,1266	-74,711	178,6450
22,1017	-74,661	178,6500
22,1396	-74,611	178,6550
22,1212	-74,561	178,6600
22,0725	-74,511	178,6650
21,9626	-74,461	178,6700
21,9264	-74,411	178,6750
21,9222	-74,361	178,6800
21,8337	-74,311	178,6850
21,7597	-74,261	178,6900
21,7303	-74,211	178,6950
21,6809	-74,161	178,7000
21,6061	-74,111	178,7050
21,5422	-74,061	178,7100
21,5311	-74,011	178,7150
21,4723	-73,961	178,7200
21,4099	-73,911	178,7250
21,3655	-73,861	178,7300
21,3401	-73,811	178,7350
21,2722	-73,761	178,7400
21,2150	-73,711	178,7450
21,1813	-73,661	178,7500
21,1371	-73,611	178,7550
21,0500	-73,561	178,7600
21,0207	-73,511	178,7650
20,9817	-73,461	178,7700
20,9423	-73,411	178,7750
20,8991	-73,361	178,7800
20,8348	-73,311	178,7850
20,8099	-73,261	178,7900
20,7589	-73,211	178,7950
20,7077	-73,161	178,8000
20,6594	-73,111	178,8050
20,6099	-73,061	178,8100
20,5793	-73,011	178,8150
20,5211	-72,961	178,8200
20,4854	-72,911	178,8250
20,4588	-72,861	178,8300
20,4025	-72,811	178,8350
20,3599	-72,761	178,8400
20,3071	-72,711	178,8450
20,2890	-72,661	178,8500
20,2332	-72,611	178,8550
20,1729	-72,561	178,8600
20,1571	-72,511	178,8650
20,1043	-72,461	178,8700
20,0611	-72,411	178,8750
20,0198	-72,361	178,8800
19,9766	-72,311	178,8850
19,9498	-72,261	178,8900
19,8933	-72,211	178,8950
19,8567	-72,161	178,9000
19,8234	-72,111	178,9050
19,7672	-72,061	178,9100
19,7434	-72,011	178,9150
19,7033	-71,961	178,9200
19,6728	-71,911	178,9250
19,6313	-71,861	178,9300
19,5798	-71,811	178,9350
19,5517	-71,761	178,9400
19,5002	-71,711	178,9450
19,4711	-71,661	178,9500
19,4343	-71,611	178,9550
19,3850	-71,561	178,9600
19,3662	-71,511	178,9650
19,3101	-71,461	178,9700
19,2765	-71,411	178,9750
19,2413	-71,361	178,9800
19,1921	-71,311	178,9850
19,1758	-71,261	178,9900
19,1214	-71,211	178,9950
19,0899	-71,161	179,0000
19,0671	-71,111	179,0050
19,0163	-71,061	179,0100
18,9907	-71,011	179,0150
18,9542	-70,961	179,0200
18,9234	-70,911	179,0250
18,8844	-70,861	179,0300
18,8360	-70,811	179,0350
18,8154	-70,761	179,0400
18,7697	-70,711	179,0450
18,7353	-70,661	179,0500
18,7066	-70,611	179,0550
18,6620	-70,561	179,0600
18,6513	-70,511	179,0650
18,5959	-70,461	179,0700
18,5663	-70,411	179,0750
18,5343	-70,361	179,0800
18,4855	-70,311	179,0850
18,4768	-70,261	179,0900
18,4342	-70,211	179,0950
18,4037	-70,161	179,1000
18,3633	-70,111	179,1050
18,3163	-70,061	179,1100
18,2980	-70,011	179,1150
18,2396	-69,961	179,1200
18,2339	-69,911	179,1250
18,1998	-69,861	179,1300
18,1586	-69,811	179,1350
18,1403	-69,761	179,1400
18,1017	-69,711	179,1450
18,0794	-69,661	179,1500
18,0467	-69,611	179,1550
17,9980	-69,561	179,1600
17,9789	-69,511	179,1650
17,9283	-69,461	179,1700
17,9074	-69,411	179,1750
17,8825	-69,361	179,1800
17,8437	-69,311	179,1850
17,8259	-69,261	179,1900
17,7646	-69,211	179,1950
17,7542	-69,161	179,2000
17,7367	-69,111	179,2050
17,6861	-69,061	179,2100
17,6707	-69,011	179,2150
17,6236	-68,961	179,2200
17,5964	-68,911	179,2250
17,5750	-68,861	179,2300
17,5358	-68,811	179,2350
17,5196	-68,761	179,2400
17,4737	-68,711	179,2450
17,4475	-68,661	179,2500
17,4298	-68,611	179,2550
17,3898	-68,561	179,2600
17,3683	-68,511	179,2650
17,3222	-68,461	179,2700
17,3066	-68,411	179,2750
17,2808	-68,361	179,2800
17,2399	-68,311	179,2850
17,2297	-68,261	179,2900
17,1886	-68,211	179,2950
17,1581	-68,161	179,3000
17,1421	-68,111	179,3050
17,1009	-68,061	179,3100
17,0792	-68,011	179,3150
17,0445	-67,961	179,3200
17,0261	-67,911	179,3250
17,0051	-67,861	179,3300
16,9707	-67,811	179,3350
16,9567	-67,761	179,3400
16,9143	-67,711	179,3450
16,8812	-67,661	179,3500
16,8571	-67,611	179,3550
16,8204	-67,561	179,3600
16,8081	-67,511	179,3650
16,7786	-67,461	179,3700
16,7519	-67,411	179,3750
16,7327	-67,361	179,3800
16,6949	-67,311	179,3850
16,6601	-67,261	179,3900
16,6450	-67,211	179,3950
16,6231	-67,161	179,4000
16,5967	-67,111	179,4050
16,5546	-67,061	179,4100
16,5372	-67,011	179,4150
16,5169	-66,961	179,4200
16,4758	-66,911	179,4250
16,4641	-66,861	179,4300
16,4394	-66,811	179,4350
16,4143	-66,761	179,4400
16,3909	-66,711	179,4450
16,3674	-66,661	179,4500
16,3441	-66,611	179,4550
16,3068	-66,561	179,4600
16,2880	-66,511	179,4650
16,2688	-66,461	179,4700
16,2294	-66,411	179,4750
16,2092	-66,361	179,4800
16,1769	-66,311	179,4850
16,1632	-66,261	179,4900
16,1423	-66,211	179,4950
16,1103	-66,161	179,5000
16,0944	-66,111	179,5050
16,0604	-66,061	179,5100
16,0405	-66,011	179,5150
16,0152	-65,961	179,5200
15,9950	-65,911	179,5250
15,9827	-65,861	179,5300
15,9444	-65,811	179,5350
15,9314	-65,761	179,5400
15,9071	-65,711	179,5450
15,8798	-65,661	179,5500
15,8599	-65,611	179,5550
15,8290	-65,561	179,5600
15,8164	-65,511	179,5650
15,7751	-65,461	179,5700
15,7511	-65,411	179,5750
15,7466	-65,361	179,5800
15,7137	-65,311	179,5850
15,6997	-65,261	179,5900
15,6717	-65,211	179,5950
15,6466	-65,161	179,6000
15,6280	-65,111	179,6050
15,5909	-65,061	179,6100
15,5794	-65,011	179,6150
15,5564	-64,961	179,6200
15,5302	-64,911	179,6250
15,5168	-64,861	179,6300
15,4794	-64,811	179,6350
15,4722	-64,761	179,6400
15,4424	-64,711	179,6450
15,4227	-64,661	179,6500
15,4054	-64,611	179,6550
15,3678	-64,561	179,6600
15,3792	-64,511	179,6650
15,3525	-64,461	179,6700
15,3274	-64,411	179,6750
15,3116	-64,361	179,6800
15,2731	-64,311	179,6850
15,2485	-64,261	179,6900
15,2118	-64,211	179,6950
15,2007	-64,161	179,7000
15,1857	-64,111	179,7050
15,1492	-64,061	179,7100
15,1473	-64,011	179,7150
15,1184	-63,961	179,7200
15,1013	-63,911	179,7250
15,0805	-63,861	179,7300
15,0408	-63,811	179,7350
15,0482	-63,761	179,7400
15,0229	-63,711	179,7450
14,9979	-63,661	179,7500
14,9895	-63,611	179,7550
14,9623	-63,561	179,7600
14,9444	-63,511	179,7650
14,9215	-63,461	179,7700
14,8956	-63,411	179,7750
14,8777	-63,361	179,7800
14,8377	-63,311	179,7850
14,8254	-63,261	179,7900
14,8193	-63,211	179,7950
14,7953	-63,161	179,8000
14,7864	-63,111	179,8050
14,7701	-63,061	179,8100
14,7376	-63,011	179,8150
14,7261	-62,961	179,8200
14,6845	-62,911	179,8250
14,6626	-62,861	179,8300
14,6580	-62,811	179,8350
14,6157	-62,761	179,8400
14,6197	-62,711	179,8450
14,5906	-62,661	179,8500
14,5639	-62,611	179,8550
14,5632	-62,561	179,8600
14,5253	-62,511	179,8650
14,5314	-62,461	179,8700
14,4983	-62,411	179,8750
14,4866	-62,361	179,8800
14,4738	-62,311	179,8850
14,4405	-62,261	179,8900
14,4320	-62,211	179,8950
14,4000	-62,161	179,9000
14,3900	-62,111	179,9050
14,3889	-62,061	179,9100
14,3549	-62,011	179,9150
14,3404	-61,961	179,9200
14,3129	-61,911	179,9250
14,3002	-61,861	179,9300
14,2896	-61,811	179,9350
14,2526	-61,761	179,9400
14,2491	-61,711	179,9450
14,2181	-61,661	179,9500
14,2075	-61,611	179,9550
14,1953	-61,561	179,9600
14,1723	-61,511	179,9650
14,1564	-61,461	179,9700
14,1218	-61,411	179,9750
14,1113	-61,361	179,9800
14,0995	-61,311	179,9850
14,0555	-61,261	179,9900
14,0589	-61,211	179,9950
14,0468	-61,161	180,0000
14,0378	-61,111	180,0050
14,0134	-61,061	180,0100
13,9891	-61,011	180,0150
13,9966	-60,961	180,0200
13,9570	-60,911	180,0250
13,9414	-60,861	180,0300
13,9178	-60,811	180,0350
13,8966	-60,761	180,0400
13,8907	-60,711	180,0450
13,8576	-60,661	180,0500
13,8511	-60,611	180,0550
13,8250	-60,561	180,0600
13,8123	-60,511	180,0650
13,8004	-60,461	180,0700
13,7713	-60,411	180,0750
13,7641	-60,361	180,0800
13,7438	-60,311	180,0850
13,7328	-60,261	180,0900
13,7146	-60,211	180,0950
13,7032	-60,161	180,1000
13,6917	-60,111	180,1050
13,6643	-60,061	180,1100
13,6597	-60,011	180,1150
13,6348	-59,961	180,1200
13,6096	-59,911	180,1250
13,5899	-59,861	180,1300
13,5692	-59,811	180,1350
13,5775	-59,761	180,1400
13,5505	-59,711	180,1450
13,5387	-59,661	180,1500
13,5263	-59,611	180,1550
13,4955	-59,561	180,1600
13,4896	-59,511	180,1650
13,4540	-59,461	180,1700
13,4529	-59,411	180,1750
13,4417	-59,361	180,1800
13,3982	-59,311	180,1850
13,3963	-59,261	180,1900
13,3705	-59,211	180,1950
13,3759	-59,161	180,2000
13,3620	-59,111	180,2050
13,3391	-59,061	180,2100
13,3270	-59,011	180,2150
13,2983	-58,961	180,2200
13,2887	-58,911	180,2250
13,2792	-58,861	180,2300
13,2457	-58,811	180,2350
13,2407	-58,761	180,2400
13,2163	-58,711	180,2450
13,2044	-58,661	180,2500
13,1936	-58,611	180,2550
13,1678	-58,561	180,2600
13,1689	-58,511	180,2650
13,1445	-58,461	180,2700
13,1367	-58,411	180,2750
13,1126	-58,361	180,2800
13,1003	-58,311	180,2850
13,0945	-58,261	180,2900
13,0630	-58,211	180,2950
13,0475	-58,161	180,3000
13,0399	-58,111	180,3050
13,0166	-58,061	180,3100
13,0150	-58,011	180,3150
12,9894	-57,961	180,3200
12,9792	-57,911	180,3250
12,9637	-57,861	180,3300
12,9301	-57,811	180,3350
12,9199	-57,761	180,3400
12,9073	-57,711	180,3450
12,8986	-57,661	180,3500
12,8953	-57,611	180,3550
12,8700	-57,561	180,3600
12,8572	-57,511	180,3650
12,8334	-57,461	180,3700
12,8155	-57,411	180,3750
12,8007	-57,361	180,3800
12,7833	-57,311	180,3850
12,7684	-57,261	180,3900
12,7504	-57,211	180,3950
12,7390	-57,161	180,4000
12,7409	-57,111	180,4050
12,7327	-57,061	180,4100
12,6927	-57,011	180,4150
12,6740	-56,961	180,4200
12,6739	-56,911	180,4250
12,6752	-56,861	180,4300
12,6512	-56,811	180,4350
12,6317	-56,761	180,4400
12,6368	-56,711	180,4450
12,6047	-56,661	180,4500
12,5819	-56,611	180,4550
12,5749	-56,561	180,4600
12,5592	-56,511	180,4650
12,5455	-56,461	180,4700
12,5200	-56,411	180,4750
12,5233	-56,361	180,4800
12,4972	-56,311	180,4850
12,4806	-56,261	180,4900
12,4745	-56,211	180,4950
12,4541	-56,161	180,5000
12,4483	-56,111	180,5050
12,4317	-56,061	180,5100
12,4082	-56,011	180,5150
12,4018	-55,961	180,5200
12,3832	-55,911	180,5250
12,3823	-55,861	180,5300
12,3582	-55,811	180,5350
12,3461	-55,761	180,5400
12,3345	-55,711	180,5450
12,3199	-55,661	180,5500
12,3080	-55,611	180,5550
12,2786	-55,561	180,5600
12,2765	-55,511	180,5650
12,2618	-55,461	180,5700
12,2358	-55,411	180,5750
12,2314	-55,361	180,5800
12,2108	-55,311	180,5850
12,2000	-55,261	180,5900
12,1852	-55,211	180,5950
12,1731	-55,161	180,6000
12,1610	-55,111	180,6050
12,1438	-55,061	180,6100
12,1357	-55,011	180,6150
12,1197	-54,961	180,6200
12,1071	-54,911	180,6250
12,1107	-54,861	180,6300
12,0871	-54,811	180,6350
12,0625	-54,761	180,6400
12,0575	-54,711	180,6450
12,0404	-54,661	180,6500
12,0289	-54,611	180,6550
12,0055	-54,561	180,6600
11,9971	-54,511	180,6650
11,9937	-54,461	180,6700
11,9713	-54,411	180,6750
11,9701	-54,361	180,6800
11,9559	-54,311	180,6850
11,9366	-54,261	180,6900
11,9157	-54,211	180,6950
11,9057	-54,161	180,7000
11,8864	-54,111	180,7050
11,8689	-54,061	180,7100
11,8640	-54,011	180,7150
11,8432	-53,961	180,7200
11,8324	-53,911	180,7250
11,8273	-53,861	180,7300
11,8065	-53,811	180,7350
11,8087	-53,761	180,7400
11,7926	-53,711	180,7450
11,7721	-53,661	180,7500
11,7553	-53,611	180,7550
11,7296	-53,561	180,7600
11,7315	-53,511	180,7650
11,7190	-53,461	180,7700
11,6983	-53,411	180,7750
11,7035	-53,361	180,7800
11,6796	-53,311	180,7850
11,6660	-53,261	180,7900
11,6511	-53,211	180,7950
11,6348	-53,161	180,8000
11,6352	-53,111	180,8050
11,6124	-53,061	180,8100
11,5938	-53,011	180,8150
11,5922	-52,961	180,8200
11,5757	-52,911	180,8250
11,5727	-52,861	180,8300
11,5540	-52,811	180,8350
11,5274	-52,761	180,8400
11,5238	-52,711	180,8450
11,5124	-52,661	180,8500
11,5045	-52,611	180,8550
11,4867	-52,561	180,8600
11,4814	-52,511	180,8650
11,4806	-52,461	180,8700
11,4512	-52,411	180,8750
11,4520	-52,361	180,8800
11,4231	-52,311	180,8850
11,4019	-52,261	180,8900
11,3940	-52,211	180,8950
11,3750	-52,161	180,9000
11,3644	-52,111	180,9050
11,3612	-52,061	180,9100
11,3603	-52,011	180,9150
11,3392	-51,961	180,9200
11,3244	-51,911	180,9250
11,3178	-51,861	180,9300
11,2928	-51,811	180,9350
11,2800	-51,761	180,9400
11,2752	-51,711	180,9450
11,2633	-51,661	180,9500
11,2582	-51,611	180,9550
11,2310	-51,561	180,9600
11,2338	-51,511	180,9650
11,2255	-51,461	180,9700
11,2073	-51,411	180,9750
11,1990	-51,361	180,9800
11,1755	-51,311	180,9850
11,1612	-51,261	180,9900
11,1353	-51,211	180,9950
11,1369	-51,161	181,0000
11,1461	-51,111	181,0050
11,1267	-51,061	181,0100
11,1127	-51,011	181,0150
11,1000	-50,961	181,0200
11,0714	-50,911	181,0250
11,0663	-50,861	181,0300
11,0483	-50,811	181,0350
11,0385	-50,761	181,0400
11,0387	-50,711	181,0450
11,0173	-50,661	181,0500
11,0081	-50,611	181,0550
11,0038	-50,561	181,0600
10,9831	-50,511	181,0650
10,9839	-50,461	181,0700
10,9622	-50,411	181,0750
10,9519	-50,361	181,0800
10,9303	-50,311	181,0850
10,9200	-50,261	181,0900
10,9130	-50,211	181,0950
10,9008	-50,161	181,1000
10,9049	-50,111	181,1050
10,8868	-50,061	181,1100
10,8628	-50,011	181,1150
10,8576	-49,961	181,1200
10,8396	-49,911	181,1250
10,8310	-49,861	181,1300
10,8193	-49,811	181,1350
10,8074	-49,761	181,1400
10,7976	-49,711	181,1450
10,7836	-49,661	181,1500
10,7827	-49,611	181,1550
10,7512	-49,561	181,1600
10,7419	-49,511	181,1650
10,7329	-49,461	181,1700
10,7138	-49,411	181,1750
10,7046	-49,361	181,1800
10,6875	-49,311	181,1850
10,6886	-49,261	181,1900
10,6857	-49,211	181,1950
10,6660	-49,161	181,2000
10,6647	-49,111	181,2050
10,6519	-49,061	181,2100
10,6299	-49,011	181,2150
10,6253	-48,961	181,2200
10,6105	-48,911	181,2250
10,6101	-48,861	181,2300
10,5871	-48,811	181,2350
10,5714	-48,761	181,2400
10,5655	-48,711	181,2450
10,5363	-48,661	181,2500
10,5338	-48,611	181,2550
10,5252	-48,561	181,2600
10,5090	-48,511	181,2650
10,5109	-48,461	181,2700
10,4940	-48,411	181,2750
10,4819	-48,361	181,2800
10,4635	-48,311	181,2850
10,4589	-48,261	181,2900
10,4608	-48,211	181,2950
10,4404	-48,161	181,3000
10,4254	-48,111	181,3050
10,4075	-48,061	181,3100
10,4041	-48,011	181,3150
10,3921	-47,961	181,3200
10,3825	-47,911	181,3250
10,3826	-47,861	181,3300
10,3493	-47,811	181,3350
10,3548	-47,761	181,3400
10,3453	-47,711	181,3450
10,3216	-47,661	181,3500
10,3217	-47,611	181,3550
10,3040	-47,561	181,3600
10,3020	-47,511	181,3650
10,2803	-47,461	181,3700
10,2645	-47,411	181,3750
10,2676	-47,361	181,3800
10,2317	-47,311	181,3850
10,2281	-47,261	181,3900
10,2221	-47,211	181,3950
10,2045	-47,161	181,4000
10,2016	-47,111	181,4050
10,1813	-47,061	181,4100
10,1804	-47,011	181,4150
10,1735	-46,961	181,4200
10,1590	-46,911	181,4250
10,1572	-46,861	181,4300
10,1296	-46,811	181,4350
10,1191	-46,761	181,4400
10,1090	-46,711	181,4450
10,0987	-46,661	181,4500
10,0952	-46,611	181,4550
10,0684	-46,561	181,4600
10,0746	-46,511	181,4650
10,0681	-46,461	181,4700
10,0491	-46,411	181,4750
10,0501	-46,361	181,4800
10,0255	-46,311	181,4850
10,0134	-46,261	181,4900
9,9932	-46,211	181,4950
9,9808	-46,161	181,5000
9,9833	-46,111	181,5050
9,9596	-46,061	181,5100
9,9635	-46,011	181,5150
9,9491	-45,961	181,5200
9,9388	-45,911	181,5250
9,9333	-45,861	181,5300
9,9034	-45,811	181,5350
9,9170	-45,761	181,5400
9,9037	-45,711	181,5450
9,8877	-45,661	181,5500
9,8919	-45,611	181,5550
9,8610	-45,561	181,5600
9,8598	-45,511	181,5650
9,8436	-45,461	181,5700
9,8326	-45,411	181,5750
9,8241	-45,361	181,5800
9,7869	-45,311	181,5850
9,7924	-45,261	181,5900
9,7900	-45,211	181,5950
9,7800	-45,161	181,6000
9,7795	-45,111	181,6050
9,7564	-45,061	181,6100
9,7343	-45,011	181,6150
9,7317	-44,961	181,6200
9,7286	-44,911	181,6250
9,7292	-44,861	181,6300
9,7000	-44,811	181,6350
9,6928	-44,761	181,6400
9,6937	-44,711	181,6450
9,6810	-44,661	181,6500
9,6694	-44,611	181,6550
9,6400	-44,561	181,6600
9,6413	-44,511	181,6650
9,6263	-44,461	181,6700
9,6220	-44,411	181,6750
9,6199	-44,361	181,6800
9,5895	-44,311	181,6850
9,5869	-44,261	181,6900
9,5783	-44,211	181,6950
9,5734	-44,161	181,7000
9,5643	-44,111	181,7050
9,5416	-44,061	181,7100
9,5392	-44,011	181,7150
9,5368	-43,961	181,7200
9,5204	-43,911	181,7250
9,5024	-43,861	181,7300
9,4854	-43,811	181,7350
9,4883	-43,761	181,7400
9,4876	-43,711	181,7450
9,4547	-43,661	181,7500
9,4509	-43,611	181,7550
9,4361	-43,561	181,7600
9,4210	-43,511	181,7650
9,4315	-43,461	181,7700
9,4112	-43,411	181,7750
9,4076	-43,361	181,7800
9,3928	-43,311	181,7850
9,3736	-43,261	181,7900
9,3653	-43,211	181,7950
9,3473	-43,161	181,8000
9,3490	-43,111	181,8050
9,3455	-43,061	181,8100
9,3305	-43,011	181,8150
9,3260	-42,961	181,8200
9,3053	-42,911	181,8250
9,3083	-42,861	181,8300
9,2860	-42,811	181,8350
9,2695	-42,761	181,8400
9,2850	-42,711	181,8450
9,2640	-42,661	181,8500
9,2511	-42,611	181,8550
9,2401	-42,561	181,8600
9,2353	-42,511	181,8650
9,2299	-42,461	181,8700
9,2083	-42,411	181,8750
9,2014	-42,361	181,8800
9,1780	-42,311	181,8850
9,1782	-42,261	181,8900
9,1593	-42,211	181,8950
9,1432	-42,161	181,9000
9,1419	-42,111	181,9050
9,1476	-42,061	181,9100
9,1346	-42,011	181,9150
9,1236	-41,961	181,9200
9,1108	-41,911	181,9250
9,1033	-41,861	181,9300
9,0766	-41,811	181,9350
9,0862	-41,761	181,9400
9,0748	-41,711	181,9450
9,0573	-41,661	181,9500
9,0459	-41,611	181,9550
9,0282	-41,561	181,9600
9,0349	-41,511	181,9650
9,0032	-41,461	181,9700
9,0001	-41,411	181,9750
9,0040	-41,361	181,9800
8,9814	-41,311	181,9850
8,9834	-41,261	181,9900
8,9596	-41,211	181,9950
8,9591	-41,161	182,0000
8,9489	-41,111	182,0050
8,9258	-41,061	182,0100
8,9350	-41,011	182,0150
8,9121	-40,961	182,0200
8,9101	-40,911	182,0250
8,8975	-40,861	182,0300
8,8735	-40,811	182,0350
8,8767	-40,761	182,0400
8,8612	-40,711	182,0450
8,8594	-40,661	182,0500
8,8439	-40,611	182,0550
8,8316	-40,561	182,0600
8,8452	-40,511	182,0650
8,8122	-40,461	182,0700
8,8112	-40,411	182,0750
8,7937	-40,361	182,0800
8,7690	-40,311	182,0850
8,7774	-40,261	182,0900
8,7584	-40,211	182,0950
8,7688	-40,161	182,1000
8,7590	-40,111	182,1050
8,7321	-40,061	182,1100
8,7357	-40,011	182,1150
8,7117	-39,961	182,1200
8,7084	-39,911	182,1250
8,6991	-39,861	182,1300
8,6857	-39,811	182,1350
8,6836	-39,761	182,1400
8,6645	-39,711	182,1450
8,6605	-39,661	182,1500
8,6521	-39,611	182,1550
8,6339	-39,561	182,1600
8,6272	-39,511	182,1650
8,6057	-39,461	182,1700
8,6166	-39,411	182,1750
8,6086	-39,361	182,1800
8,5899	-39,311	182,1850
8,5968	-39,261	182,1900
8,5732	-39,211	182,1950
8,5614	-39,161	182,2000
8,5589	-39,111	182,2050
8,5262	-39,061	182,2100
8,5250	-39,011	182,2150
8,5087	-38,961	182,2200
8,5185	-38,911	182,2250
8,5111	-38,861	182,2300
8,4800	-38,811	182,2350
8,4967	-38,761	182,2400
8,4702	-38,711	182,2450
8,4670	-38,661	182,2500
8,4532	-38,611	182,2550
8,4220	-38,561	182,2600
8,4372	-38,511	182,2650
8,4267	-38,461	182,2700
8,4220	-38,411	182,2750
8,4124	-38,361	182,2800
8,3864	-38,311	182,2850
8,3851	-38,261	182,2900
8,3658	-38,211	182,2950
8,3648	-38,161	182,3000
8,3686	-38,111	182,3050
8,3408	-38,061	182,3100
8,3437	-38,011	182,3150
8,3183	-37,961	182,3200
8,3248	-37,911	182,3250
8,3266	-37,861	182,3300
8,2917	-37,811	182,3350
8,2930	-37,761	182,3400
8,2723	-37,711	182,3450
8,2752	-37,661	182,3500
8,2751	-37,611	182,3550
8,2447	-37,561	182,3600
8,2527	-37,511	182,3650
8,2360	-37,461	182,3700
8,2338	-37,411	182,3750
8,2239	-37,361	182,3800
8,2020	-37,311	182,3850
8,2022	-37,261	182,3900
8,1772	-37,211	182,3950
8,1702	-37,161	182,4000
8,1742	-37,111	182,4050
8,1534	-37,061	182,4100
8,1600	-37,011	182,4150
8,1364	-36,961	182,4200
8,1230	-36,911	182,4250
8,1199	-36,861	182,4300
8,0953	-36,811	182,4350
8,1018	-36,761	182,4400
8,0856	-36,711	182,4450
8,0697	-36,661	182,4500
8,0814	-36,611	182,4550
8,0595	-36,561	182,4600
8,0611	-36,511	182,4650
8,0360	-36,461	182,4700
8,0335	-36,411	182,4750
8,0269	-36,361	182,4800
7,9967	-36,311	182,4850
7,9958	-36,261	182,4900
7,9844	-36,211	182,4950
7,9910	-36,161	182,5000
7,9845	-36,111	182,5050
7,9486	-36,061	182,5100
7,9572	-36,011	182,5150
7,9419	-35,961	182,5200
7,9365	-35,911	182,5250
7,9254	-35,861	182,5300
7,9063	-35,811	182,5350
7,9132	-35,761	182,5400
7,9040	-35,711	182,5450
7,9006	-35,661	182,5500
7,8857	-35,611	182,5550
7,8641	-35,561	182,5600
7,8659	-35,511	182,5650
7,8607	-35,461	182,5700
7,8533	-35,411	182,5750
7,8398	-35,361	182,5800
7,8147	-35,311	182,5850
7,8222	-35,261	182,5900
7,7962	-35,211	182,5950
7,7884	-35,161	182,6000
7,7971	-35,111	182,6050
7,7720	-35,061	182,6100
7,7646	-35,011	182,6150
7,7482	-34,961	182,6200
7,7444	-34,911	182,6250
7,7425	-34,861	182,6300
7,7254	-34,811	182,6350
7,7333	-34,761	182,6400
7,7150	-34,711	182,6450
7,6888	-34,661	182,6500
7,6853	-34,611	182,6550
7,6725	-34,561	182,6600
7,6777	-34,511	182,6650
7,6660	-34,461	182,6700
7,6626	-34,411	182,6750
7,6582	-34,361	182,6800
7,6274	-34,311	182,6850
7,6280	-34,261	182,6900
7,6111	-34,211	182,6950
7,5987	-34,161	182,7000
7,6020	-34,111	182,7050
7,5773	-34,061	182,7100
7,5744	-34,011	182,7150
7,5622	-33,961	182,7200
7,5582	-33,911	182,7250
7,5458	-33,861	182,7300
7,5302	-33,811	182,7350
7,5455	-33,761	182,7400
7,5230	-33,711	182,7450
7,5046	-33,661	182,7500
7,5032	-33,611	182,7550
7,4778	-33,561	182,7600
7,4853	-33,511	182,7650
7,4816	-33,461	182,7700
7,4684	-33,411	182,7750
7,4611	-33,361	182,7800
7,4353	-33,311	182,7850
7,4321	-33,261	182,7900
7,4212	-33,211	182,7950
7,4144	-33,161	182,8000
7,4256	-33,111	182,8050
7,4074	-33,061	182,8100
7,3931	-33,011	182,8150
7,3795	-32,961	182,8200
7,3596	-32,911	182,8250
7,3606	-32,861	182,8300
7,3451	-32,811	182,8350
7,3465	-32,761	182,8400
7,3379	-32,711	182,8450
7,3269	-32,661	182,8500
7,3278	-32,611	182,8550
7,3075	-32,561	182,8600
7,3152	-32,511	182,8650
7,2935	-32,461	182,8700
7,2648	-32,411	182,8750
7,2759	-32,361	182,8800
7,2626	-32,311	182,8850
7,2564	-32,261	182,8900
7,2423	-32,211	182,8950
7,2265	-32,161	182,9000
7,2213	-32,111	182,9050
7,2003	-32,061	182,9100
7,1978	-32,011	182,9150
7,1914	-31,961	182,9200
7,1779	-31,911	182,9250
7,1745	-31,861	182,9300
7,1659	-31,811	182,9350
7,1652	-31,761	182,9400
7,1523	-31,711	182,9450
7,1268	-31,661	182,9500
7,1407	-31,611	182,9550
7,1173	-31,561	182,9600
7,1062	-31,511	182,9650
7,1053	-31,461	182,9700
7,0864	-31,411	182,9750
7,0848	-31,361	182,9800
7,0684	-31,311	182,9850
7,0552	-31,261	182,9900
7,0640	-31,211	182,9950
7,0454	-31,161	183,0000
7,0465	-31,111	183,0050
7,0393	-31,061	183,0100
7,0091	-31,011	183,0150
7,0065	-30,961	183,0200
6,9945	-30,911	183,0250
6,9872	-30,861	183,0300
6,9925	-30,811	183,0350
6,9647	-30,761	183,0400
6,9798	-30,711	183,0450
6,9551	-30,661	183,0500
6,9389	-30,611	183,0550
6,9262	-30,561	183,0600
6,9188	-30,511	183,0650
6,9221	-30,461	183,0700
6,8994	-30,411	183,0750
6,8964	-30,361	183,0800
6,8912	-30,311	183,0850
6,8808	-30,261	183,0900
6,8780	-30,211	183,0950
6,8575	-30,161	183,1000
6,8476	-30,111	183,1050
6,8396	-30,061	183,1100
6,8360	-30,011	183,1150
6,8209	-29,961	183,1200
6,7990	-29,911	183,1250
6,8086	-29,861	183,1300
6,7918	-29,811	183,1350
6,7671	-29,761	183,1400
6,7644	-29,711	183,1450
6,7522	-29,661	183,1500
6,7574	-29,611	183,1550
6,7376	-29,561	183,1600
6,7226	-29,511	183,1650
6,7353	-29,461	183,1700
6,7180	-29,411	183,1750
6,7082	-29,361	183,1800
6,7039	-29,311	183,1850
6,7035	-29,261	183,1900
6,6916	-29,211	183,1950
6,6654	-29,161	183,2000
6,6727	-29,111	183,2050
6,6531	-29,061	183,2100
6,6306	-29,011	183,2150
6,6383	-28,961	183,2200
6,6302	-28,911	183,2250
6,6243	-28,861	183,2300
6,5999	-28,811	183,2350
6,5893	-28,761	183,2400
6,5961	-28,711	183,2450
6,5752	-28,661	183,2500
6,5814	-28,611	183,2550
6,5547	-28,561	183,2600
6,5570	-28,511	183,2650
6,5440	-28,461	183,2700
6,5226	-28,411	183,2750
6,5290	-28,361	183,2800
6,5123	-28,311	183,2850
6,5005	-28,261	183,2900
6,4835	-28,211	183,2950
6,4786	-28,161	183,3000
6,4778	-28,111	183,3050
6,4560	-28,061	183,3100
6,4589	-28,011	183,3150
6,4503	-27,961	183,3200
6,4364	-27,911	183,3250
6,4292	-27,861	183,3300
6,4153	-27,811	183,3350
6,4245	-27,761	183,3400
6,3960	-27,711	183,3450
6,3811	-27,661	183,3500
6,3827	-27,611	183,3550
6,3621	-27,561	183,3600
6,3652	-27,511	183,3650
6,3421	-27,461	183,3700
6,3302	-27,411	183,3750
6,3362	-27,361	183,3800
6,3171	-27,311	183,3850
6,3108	-27,261	183,3900
6,2915	-27,211	183,3950
6,2902	-27,161	183,4000
6,2934	-27,111	183,4050
6,2659	-27,061	183,4100
6,2733	-27,011	183,4150
6,2596	-26,961	183,4200
6,2394	-26,911	183,4250
6,2295	-26,861	183,4300
6,2115	-26,811	183,4350
6,2221	-26,761	183,4400
6,2029	-26,711	183,4450
6,1902	-26,661	183,4500
6,1870	-26,611	183,4550
6,1756	-26,561	183,4600
6,1860	-26,511	183,4650
6,1655	-26,461	183,4700
6,1578	-26,411	183,4750
6,1469	-26,361	183,4800
6,1193	-26,311	183,4850
6,1256	-26,261	183,4900
6,1111	-26,211	183,4950
6,1016	-26,161	183,5000
6,0946	-26,111	183,5050
6,0785	-26,061	183,5100
6,0808	-26,011	183,5150
6,0579	-25,961	183,5200
6,0579	-25,911	183,5250
6,0503	-25,861	183,5300
6,0308	-25,811	183,5350
6,0257	-25,761	183,5400
6,0037	-25,711	183,5450
6,0061	-25,661	183,5500
6,0101	-25,611	183,5550
5,9801	-25,561	183,5600
5,9766	-25,511	183,5650
5,9654	-25,461	183,5700
5,9525	-25,411	183,5750
5,9434	-25,361	183,5800
5,9257	-25,311	183,5850
5,9213	-25,261	183,5900
5,9214	-25,211	183,5950
5,9213	-25,161	183,6000
5,9151	-25,111	183,6050
5,8865	-25,061	183,6100
5,8792	-25,011	183,6150
5,8806	-24,961	183,6200
5,8670	-24,911	183,6250
5,8690	-24,861	183,6300
5,8498	-24,811	183,6350
5,8364	-24,761	183,6400
5,8273	-24,711	183,6450
5,8083	-24,661	183,6500
5,8045	-24,611	183,6550
5,7820	-24,561	183,6600
5,7824	-24,511	183,6650
5,7728	-24,461	183,6700
5,7513	-24,411	183,6750
5,7556	-24,361	183,6800
5,7360	-24,311	183,6850
5,7435	-24,261	183,6900
5,7298	-24,211	183,6950
5,7135	-24,161	183,7000
5,7077	-24,111	183,7050
5,6881	-24,061	183,7100
5,6758	-24,011	183,7150
5,6702	-23,961	183,7200
5,6686	-23,911	183,7250
5,6633	-23,861	183,7300
5,6391	-23,811	183,7350
5,6391	-23,761	183,7400
5,6236	-23,711	183,7450
5,6103	-23,661	183,7500
5,6074	-23,611	183,7550
5,5904	-23,561	183,7600
5,5832	-23,511	183,7650
5,5830	-23,461	183,7700
5,5743	-23,411	183,7750
5,5664	-23,361	183,7800
5,5456	-23,311	183,7850
5,5331	-23,261	183,7900
5,5214	-23,211	183,7950
5,5190	-23,161	183,8000
5,5162	-23,111	183,8050
5,4986	-23,061	183,8100
5,4716	-23,011	183,8150
5,4758	-22,961	183,8200
5,4567	-22,911	183,8250
5,4498	-22,861	183,8300
5,4508	-22,811	183,8350
5,4450	-22,761	183,8400
5,4446	-22,711	183,8450
5,4206	-22,661	183,8500
5,4119	-22,611	183,8550
5,4020	-22,561	183,8600
5,3878	-22,511	183,8650
5,3955	-22,461	183,8700
5,3712	-22,411	183,8750
5,3636	-22,361	183,8800
5,3442	-22,311	183,8850
5,3325	-22,261	183,8900
5,3236	-22,211	183,8950
5,3191	-22,161	183,9000
5,3166	-22,111	183,9050
5,3021	-22,061	183,9100
5,2887	-22,011	183,9150
5,2762	-21,961	183,9200
5,2738	-21,911	183,9250
5,2653	-21,861	183,9300
5,2340	-21,811	183,9350
5,2260	-21,761	183,9400
5,2200	-21,711	183,9450
5,2192	-21,661	183,9500
5,2232	-21,611	183,9550
5,1969	-21,561	183,9600
5,1858	-21,511	183,9650
5,1834	-21,461	183,9700
5,1627	-21,411	183,9750
5,1588	-21,361	183,9800
5,1421	-21,311	183,9850
5,1280	-21,261	183,9900
5,1167	-21,211	183,9950
5,1009	-21,161	184,0000
5,1029	-21,111	184,0050
5,0918	-21,061	184,0100
5,0885	-21,011	184,0150
5,0850	-20,961	184,0200
5,0598	-20,911	184,0250
5,0573	-20,861	184,0300
5,0360	-20,811	184,0350
5,0363	-20,761	184,0400
5,0307	-20,711	184,0450
5,0150	-20,661	184,0500
5,0168	-20,611	184,0550
4,9951	-20,561	184,0600
4,9809	-20,511	184,0650
4,9713	-20,461	184,0700
4,9678	-20,411	184,0750
4,9640	-20,361	184,0800
4,9295	-20,311	184,0850
4,9412	-20,261	184,0900
4,9282	-20,211	184,0950
4,9078	-20,161	184,1000
4,8980	-20,111	184,1050
4,8873	-20,061	184,1100
4,8848	-20,011	184,1150
4,8705	-19,961	184,1200
4,8578	-19,911	184,1250
4,8542	-19,861	184,1300
4,8280	-19,811	184,1350
4,8282	-19,761	184,1400
4,8170	-19,711	184,1450
4,8040	-19,661	184,1500
4,7940	-19,611	184,1550
4,7663	-19,561	184,1600
4,7674	-19,511	184,1650
4,7593	-19,461	184,1700
4,7474	-19,411	184,1750
4,7459	-19,361	184,1800
4,7288	-19,311	184,1850
4,7247	-19,261	184,1900
4,7027	-19,211	184,1950
4,6880	-19,161	184,2000
4,6840	-19,111	184,2050
4,6772	-19,061	184,2100
4,6715	-19,011	184,2150
4,6553	-18,961	184,2200
4,6419	-18,911	184,2250
4,6445	-18,861	184,2300
4,6259	-18,811	184,2350
4,6024	-18,761	184,2400
4,6084	-18,711	184,2450
4,5920	-18,661	184,2500
4,5824	-18,611	184,2550
4,5696	-18,561	184,2600
4,5596	-18,511	184,2650
4,5533	-18,461	184,2700
4,5340	-18,411	184,2750
4,5318	-18,361	184,2800
4,5146	-18,311	184,2850
4,5033	-18,261	184,2900
4,5006	-18,211	184,2950
4,4765	-18,161	184,3000
4,4668	-18,111	184,3050
4,4431	-18,061	184,3100
4,4387	-18,011	184,3150
4,4372	-17,961	184,3200
4,4167	-17,911	184,3250
4,4169	-17,861	184,3300
4,4034	-17,811	184,3350
4,4015	-17,761	184,3400
4,3885	-17,711	184,3450
4,3595	-17,661	184,3500
4,3579	-17,611	184,3550
4,3508	-17,561	184,3600
4,3319	-17,511	184,3650
4,3355	-17,461	184,3700
4,3175	-17,411	184,3750
4,3163	-17,361	184,3800
4,2988	-17,311	184,3850
4,2750	-17,261	184,3900
4,2712	-17,211	184,3950
4,2506	-17,161	184,4000
4,2518	-17,111	184,4050
4,2407	-17,061	184,4100
4,2169	-17,011	184,4150
4,2181	-16,961	184,4200
4,2085	-16,911	184,4250
4,2013	-16,861	184,4300
4,1821	-16,811	184,4350
4,1573	-16,761	184,4400
4,1606	-16,711	184,4450
4,1381	-16,661	184,4500
4,1340	-16,611	184,4550
4,1115	-16,561	184,4600
4,1123	-16,511	184,4650
4,1136	-16,461	184,4700
4,0977	-16,411	184,4750
4,0935	-16,361	184,4800
4,0660	-16,311	184,4850
4,0527	-16,261	184,4900
4,0414	-16,211	184,4950
4,0352	-16,161	184,5000
4,0375	-16,111	184,5050
4,0063	-16,061	184,5100
3,9949	-16,011	184,5150
3,9885	-15,961	184,5200
3,9815	-15,911	184,5250
3,9684	-15,861	184,5300
3,9410	-15,811	184,5350
3,9452	-15,761	184,5400
3,9271	-15,711	184,5450
3,9209	-15,661	184,5500
3,9139	-15,611	184,5550
3,8898	-15,561	184,5600
3,8957	-15,511	184,5650
3,8757	-15,461	184,5700
3,8678	-15,411	184,5750
3,8551	-15,361	184,5800
3,8203	-15,311	184,5850
3,8359	-15,261	184,5900
3,8128	-15,211	184,5950
3,7993	-15,161	184,6000
3,8051	-15,111	184,6050
3,7791	-15,061	184,6100
3,7775	-15,011	184,6150
3,7430	-14,961	184,6200
3,7318	-14,911	184,6250
3,7322	-14,861	184,6300
3,7042	-14,811	184,6350
3,7030	-14,761	184,6400
3,6874	-14,711	184,6450
3,6762	-14,661	184,6500
3,6783	-14,611	184,6550
3,6486	-14,561	184,6600
3,6474	-14,511	184,6650
3,6410	-14,461	184,6700
3,6228	-14,411	184,6750
3,6182	-14,361	184,6800
3,5929	-14,311	184,6850
3,5968	-14,261	184,6900
3,5787	-14,211	184,6950
3,5686	-14,161	184,7000
3,5593	-14,111	184,7050
3,5270	-14,061	184,7100
3,5134	-14,011	184,7150
3,4981	-13,961	184,7200
3,4922	-13,911	184,7250
3,4896	-13,861	184,7300
3,4552	-13,811	184,7350
3,4650	-13,761	184,7400
3,4420	-13,711	184,7450
3,4319	-13,661	184,7500
3,4347	-13,611	184,7550
3,4092	-13,561	184,7600
3,3986	-13,511	184,7650
3,3738	-13,461	184,7700
3,3593	-13,411	184,7750
3,3729	-13,361	184,7800
3,3446	-13,311	184,7850
3,3395	-13,261	184,7900
3,3277	-13,211	184,7950
3,3141	-13,161	184,8000
3,3153	-13,111	184,8050
3,2853	-13,061	184,8100
3,2616	-13,011	184,8150
3,2535	-12,961	184,8200
3,2358	-12,911	184,8250
3,2247	-12,861	184,8300
3,2115	-12,811	184,8350
3,2011	-12,761	184,8400
3,1988	-12,711	184,8450
3,1754	-12,661	184,8500
3,1817	-12,611	184,8550
3,1553	-12,561	184,8600
3,1304	-12,511	184,8650
3,1269	-12,461	184,8700
3,1155	-12,411	184,8750
3,1052	-12,361	184,8800
3,0834	-12,311	184,8850
3,0648	-12,261	184,8900
3,0712	-12,211	184,8950
3,0512	-12,161	184,9000
3,0412	-12,111	184,9050
3,0337	-12,061	184,9100
3,0034	-12,011	184,9150
2,9973	-11,961	184,9200
2,9745	-11,911	184,9250
2,9750	-11,861	184,9300
2,9633	-11,811	184,9350
2,9324	-11,761	184,9400
2,9337	-11,711	184,9450
2,9199	-11,661	184,9500
2,9201	-11,611	184,9550
2,8903	-11,561	184,9600
2,8652	-11,511	184,9650
2,8680	-11,461	184,9700
2,8392	-11,411	184,9750
2,8492	-11,361	184,9800
2,8309	-11,311	184,9850
2,8065	-11,261	184,9900
2,7978	-11,211	184,9950
2,7811	-11,161	185,0000
2,7789	-11,111	185,0050
2,7625	-11,061	185,0100
2,7448	-11,011	185,0150
2,7312	-10,961	185,0200
2,7112	-10,911	185,0250
2,7063	-10,861	185,0300
2,6832	-10,811	185,0350
2,6754	-10,761	185,0400
2,6704	-10,711	185,0450
2,6548	-10,661	185,0500
2,6355	-10,611	185,0550
2,6020	-10,561	185,0600
2,6088	-10,511	185,0650
2,5926	-10,461	185,0700
2,5766	-10,411	185,0750
2,5727	-10,361	185,0800
2,5474	-10,311	185,0850
2,5410	-10,261	185,0900
2,5217	-10,211	185,0950
2,5129	-10,161	185,1000
2,4984	-10,111	185,1050
2,4683	-10,061	185,1100
2,4661	-10,011	185,1150
2,4444	-9,961	185,1200
2,4413	-9,911	185,1250
2,4370	-9,861	185,1300
2,3998	-9,811	185,1350
2,3999	-9,761	185,1400
2,3717	-9,711	185,1450
2,3511	-9,661	185,1500
2,3398	-9,611	185,1550
2,3299	-9,561	185,1600
2,3292	-9,511	185,1650
2,3031	-9,461	185,1700
2,2980	-9,411	185,1750
2,2835	-9,361	185,1800
2,2533	-9,311	185,1850
2,2471	-9,261	185,1900
2,2165	-9,211	185,1950
2,2125	-9,161	185,2000
2,2048	-9,111	185,2050
2,1767	-9,061	185,2100
2,1735	-9,011	185,2150
2,1450	-8,961	185,2200
2,1506	-8,911	185,2250
2,1363	-8,861	185,2300
2,1024	-8,811	185,2350
2,0902	-8,761	185,2400
2,0743	-8,711	185,2450
2,0661	-8,661	185,2500
2,0509	-8,611	185,2550
2,0310	-8,561	185,2600
2,0304	-8,511	185,2650
1,9936	-8,461	185,2700
1,9824	-8,411	185,2750
1,9718	-8,361	185,2800
1,9371	-8,311	185,2850
1,9381	-8,261	185,2900
1,9139	-8,211	185,2950
1,9034	-8,161	185,3000
1,8923	-8,111	185,3050
1,8665	-8,061	185,3100
1,8740	-8,011	185,3150
1,8388	-7,961	185,3200
1,8217	-7,911	185,3250
1,8262	-7,861	185,3300
1,7915	-7,811	185,3350
1,7877	-7,761	185,3400
1,7656	-7,711	185,3450
1,7540	-7,661	185,3500
1,7389	-7,611	185,3550
1,7181	-7,561	185,3600
1,7139	-7,511	185,3650
1,6816	-7,461	185,3700
1,6601	-7,411	185,3750
1,6599	-7,361	185,3800
1,6380	-7,311	185,3850
1,6325	-7,261	185,3900
1,6009	-7,211	185,3950
1,5865	-7,161	185,4000
1,5820	-7,111	185,4050
1,5505	-7,061	185,4100
1,5421	-7,011	185,4150
1,5253	-6,961	185,4200
1,5121	-6,911	185,4250
1,4944	-6,861	185,4300
1,4617	-6,811	185,4350
1,4582	-6,761	185,4400
1,4415	-6,711	185,4450
1,4260	-6,661	185,4500
1,4256	-6,611	185,4550
1,3923	-6,561	185,4600
1,3812	-6,511	185,4650
1,3621	-6,461	185,4700
1,3583	-6,411	185,4750
1,3394	-6,361	185,4800
1,3011	-6,311	185,4850
1,3059	-6,261	185,4900
1,2800	-6,211	185,4950
1,2641	-6,161	185,5000
1,2519	-6,111	185,5050
1,2191	-6,061	185,5100
1,2208	-6,011	185,5150
1,1881	-5,961	185,5200
1,1760	-5,911	185,5250
1,1700	-5,861	185,5300
1,1333	-5,811	185,5350
1,1360	-5,761	185,5400
1,1080	-5,711	185,5450
1,0945	-5,661	185,5500
1,0711	-5,611	185,5550
1,0415	-5,561	185,5600
1,0466	-5,511	185,5650
1,0210	-5,461	185,5700
1,0083	-5,411	185,5750
0,9882	-5,361	185,5800
0,9647	-5,311	185,5850
0,9526	-5,261	185,5900
0,9235	-5,211	185,5950
0,9215	-5,161	185,6000
0,9097	-5,111	185,6050
0,8798	-5,061	185,6100
0,8753	-5,011	185,6150
0,8374	-4,961	185,6200
0,8267	-4,911	185,6250
0,8181	-4,861	185,6300
0,7906	-4,811	185,6350
0,7789	-4,761	185,6400
0,7611	-4,711	185,6450
0,7508	-4,661	185,6500
0,7219	-4,611	185,6550
0,6981	-4,561	185,6600
0,7001	-4,511	185,6650
0,6695	-4,461	185,6700
0,6496	-4,411	185,6750
0,6292	-4,361	185,6800
0,6042	-4,311	185,6850
0,6052	-4,261	185,6900
0,5773	-4,211	185,6950
0,5697	-4,161	185,7000
0,5484	-4,111	185,7050
0,5154	-4,061	185,7100
0,5141	-4,011	185,7150
0,4818	-3,961	185,7200
0,4618	-3,911	185,7250
0,4462	-3,861	185,7300
0,4102	-3,811	185,7350
0,4035	-3,761	185,7400
0,3890	-3,711	185,7450
0,3722	-3,661	185,7500
0,3537	-3,611	185,7550
0,3128	-3,561	185,7600
0,3285	-3,511	185,7650
0,2859	-3,461	185,7700
0,2640	-3,411	185,7750
0,2596	-3,361	185,7800
0,2391	-3,311	185,7850
0,2188	-3,261	185,7900
0,1939	-3,211	185,7950
0,1703	-3,161	185,8000
0,1553	-3,111	185,8050
0,1370	-3,061	185,8100
0,1385	-3,011	185,8150
0,1155	-2,961	185,8200
0,0825	-2,911	185,8250
0,0624	-2,861	185,8300
0,0280	-2,811	185,8350
0,0227	-2,761	185,8400
0,0127	-2,711	185,8450
-0,0200	-2,661	185,8500
-0,0289	-2,611	185,8550
-0,0544	-2,561	185,8600
-0,0776	-2,511	185,8650
-0,0977	-2,461	185,8700
-0,1065	-2,411	185,8750
-0,1097	-2,361	185,8800
-0,1449	-2,311	185,8850
-0,1505	-2,261	185,8900
-0,1612	-2,211	185,8950
-0,1820	-2,161	185,9000
-0,1657	-2,111	185,9050
-0,1854	-2,061	185,9100
-0,1843	-2,011	185,9150
-0,1838	-1,961	185,9200
-0,1843	-1,911	185,9250
-0,1745	-1,861	185,9300
-0,1831	-1,811	185,9350
-0,1782	-1,761	185,9400
-0,1775	-1,711	185,9450
-0,1838	-1,661	185,9500
-0,1773	-1,611	185,9550
-0,2057	-1,561	185,9600
-0,1919	-1,511	185,9650
-0,1862	-1,461	185,9700
-0,1919	-1,411	185,9750
-0,1740	-1,361	185,9800
-0,1838	-1,311	185,9850
-0,1766	-1,261	185,9900
-0,1812	-1,211	185,9950
-0,1830	-1,161	186,0000
-0,1697	-1,111	186,0050
-0,1814	-1,061	186,0100
-0,1806	-1,011	186,0150
-0,1747	-0,961	186,0200
-0,1754	-0,911	186,0250
-0,1617	-0,861	186,0300
-0,1861	-0,811	186,0350
-0,1769	-0,761	186,0400
-0,1777	-0,711	186,0450
-0,1774	-0,661	186,0500
-0,1568	-0,611	186,0550
-0,1744	-0,561	186,0600
-0,1618	-0,511	186,0650
-0,1762	-0,461	186,0700
-0,1806	-0,411	186,0750
-0,1652	-0,361	186,0800
-0,1763	-0,311	186,0850
-0,1740	-0,261	186,0900
-0,1673	-0,211	186,0950
-0,1713	-0,164	186,1000
-0,1538	-0,126	186,1050
-0,0642	-0,095	186,1100
0,0163	-0,069	186,1150
-0,0061	-0,048	186,1200
-0,0481	-0,031	186,1250
-0,0858	-0,017	186,1300
-0,0641	-0,006	186,1350
