TEST_HUZAS_5	TEST_HUZAS_5	TEST_HUZAS_5
Force	Distance	Time
N	mm	sec

0,0005	0,000	0,0000
0,0023	-0,003	0,0050
0,0197	-0,005	0,0100
0,0240	-0,007	0,0150
0,0211	-0,009	0,0200
-0,0079	-0,011	0,0250
-0,0039	-0,013	0,0300
0,0125	-0,015	0,0350
0,0221	-0,017	0,0400
0,0039	-0,019	0,0450
-0,0010	-0,021	0,0500
0,0045	-0,024	0,0550
0,0066	-0,026	0,0600
0,0027	-0,028	0,0650
0,0122	-0,030	0,0700
0,0179	-0,032	0,0750
0,0111	-0,034	0,0800
0,0082	-0,036	0,0850
0,0167	-0,038	0,0900
0,0182	-0,040	0,0950
0,0145	-0,042	0,1000
0,0216	-0,045	0,1050
0,0329	-0,047	0,1100
0,0242	-0,049	0,1150
0,0177	-0,051	0,1200
0,0220	-0,053	0,1250
0,0269	-0,055	0,1300
0,0262	-0,057	0,1350
0,0367	-0,059	0,1400
0,0345	-0,061	0,1450
0,0271	-0,063	0,1500
0,0381	-0,066	0,1550
0,0376	-0,068	0,1600
0,0282	-0,070	0,1650
0,0262	-0,072	0,1700
0,0303	-0,074	0,1750
0,0276	-0,076	0,1800
0,0301	-0,078	0,1850
0,0329	-0,080	0,1900
0,0337	-0,082	0,1950
0,0420	-0,084	0,2000
0,0463	-0,087	0,2050
0,0338	-0,089	0,2100
0,0257	-0,091	0,2150
0,0348	-0,093	0,2200
0,0330	-0,095	0,2250
0,0405	-0,097	0,2300
0,0527	-0,099	0,2350
0,0434	-0,101	0,2400
0,0310	-0,103	0,2450
0,0397	-0,105	0,2500
0,0445	-0,108	0,2550
0,0458	-0,110	0,2600
0,0543	-0,112	0,2650
0,0563	-0,114	0,2700
0,0463	-0,116	0,2750
0,0515	-0,118	0,2800
0,0535	-0,120	0,2850
0,0472	-0,122	0,2900
0,0483	-0,124	0,2950
0,0631	-0,126	0,3000
0,0572	-0,129	0,3050
0,0452	-0,131	0,3100
0,0516	-0,133	0,3150
0,0550	-0,135	0,3200
0,0507	-0,137	0,3250
0,0647	-0,139	0,3300
0,0678	-0,141	0,3350
0,0606	-0,143	0,3400
0,0667	-0,145	0,3450
0,0690	-0,147	0,3500
0,0642	-0,150	0,3550
0,0643	-0,152	0,3600
0,0691	-0,154	0,3650
0,0629	-0,156	0,3700
0,0668	-0,158	0,3750
0,0754	-0,160	0,3800
0,0696	-0,162	0,3850
0,0699	-0,164	0,3900
0,0806	-0,166	0,3950
0,0724	-0,168	0,4000
0,0598	-0,171	0,4050
0,0678	-0,173	0,4100
0,0717	-0,175	0,4150
0,0739	-0,177	0,4200
0,0832	-0,179	0,4250
0,0760	-0,181	0,4300
0,0687	-0,183	0,4350
0,0788	-0,185	0,4400
0,0757	-0,187	0,4450
0,0763	-0,189	0,4500
0,0845	-0,192	0,4550
0,0855	-0,194	0,4600
0,0740	-0,196	0,4650
0,0843	-0,198	0,4700
0,0849	-0,200	0,4750
0,0739	-0,202	0,4800
0,0801	-0,204	0,4850
0,0954	-0,206	0,4900
0,0867	-0,208	0,4950
0,0882	-0,210	0,5000
0,0946	-0,213	0,5050
0,0935	-0,215	0,5100
0,0938	-0,217	0,5150
0,0992	-0,219	0,5200
0,0944	-0,221	0,5250
0,0894	-0,223	0,5300
0,0957	-0,225	0,5350
0,0960	-0,227	0,5400
0,0937	-0,229	0,5450
0,0938	-0,231	0,5500
0,1007	-0,234	0,5550
0,0932	-0,236	0,5600
0,0908	-0,238	0,5650
0,1010	-0,240	0,5700
0,0995	-0,242	0,5750
0,1020	-0,244	0,5800
0,1143	-0,246	0,5850
0,1056	-0,248	0,5900
0,0999	-0,250	0,5950
0,1132	-0,252	0,6000
0,1123	-0,255	0,6050
0,1013	-0,257	0,6100
0,1117	-0,259	0,6150
0,1074	-0,261	0,6200
0,0996	-0,263	0,6250
0,1069	-0,265	0,6300
0,1083	-0,267	0,6350
0,1109	-0,269	0,6400
0,1146	-0,271	0,6450
0,1220	-0,273	0,6500
0,1131	-0,276	0,6550
0,1110	-0,278	0,6600
0,1151	-0,280	0,6650
0,1101	-0,282	0,6700
0,1095	-0,284	0,6750
0,1231	-0,286	0,6800
0,1166	-0,288	0,6850
0,1153	-0,290	0,6900
0,1273	-0,292	0,6950
0,1241	-0,294	0,7000
0,1073	-0,297	0,7050
0,1212	-0,299	0,7100
0,1193	-0,301	0,7150
0,1105	-0,303	0,7200
0,1249	-0,305	0,7250
0,1398	-0,307	0,7300
0,1318	-0,309	0,7350
0,1217	-0,311	0,7400
0,1264	-0,313	0,7450
0,1217	-0,315	0,7500
0,1248	-0,318	0,7550
0,1326	-0,320	0,7600
0,1283	-0,322	0,7650
0,1271	-0,324	0,7700
0,1337	-0,326	0,7750
0,1305	-0,328	0,7800
0,1296	-0,330	0,7850
0,1384	-0,332	0,7900
0,1454	-0,334	0,7950
0,1379	-0,336	0,8000
0,1429	-0,339	0,8050
0,1429	-0,341	0,8100
0,1376	-0,343	0,8150
0,1422	-0,345	0,8200
0,1442	-0,347	0,8250
0,1392	-0,349	0,8300
0,1460	-0,351	0,8350
0,1509	-0,353	0,8400
0,1432	-0,355	0,8450
0,1368	-0,357	0,8500
0,1468	-0,360	0,8550
0,1453	-0,362	0,8600
0,1418	-0,364	0,8650
0,1516	-0,366	0,8700
0,1489	-0,368	0,8750
0,1464	-0,370	0,8800
0,1482	-0,372	0,8850
0,1518	-0,374	0,8900
0,1457	-0,376	0,8950
0,1532	-0,378	0,9000
0,1583	-0,381	0,9050
0,1470	-0,383	0,9100
0,1416	-0,385	0,9150
0,1425	-0,387	0,9200
0,1467	-0,389	0,9250
0,1525	-0,391	0,9300
0,1592	-0,393	0,9350
0,1517	-0,395	0,9400
0,1524	-0,397	0,9450
0,1625	-0,399	0,9500
0,1620	-0,402	0,9550
0,1573	-0,404	0,9600
0,1641	-0,406	0,9650
0,1658	-0,408	0,9700
0,1596	-0,410	0,9750
0,1612	-0,412	0,9800
0,1692	-0,414	0,9850
0,1615	-0,416	0,9900
0,1656	-0,418	0,9950
0,1698	-0,420	1,0000
0,1651	-0,423	1,0050
0,1687	-0,425	1,0100
0,1793	-0,427	1,0150
0,1745	-0,429	1,0200
0,1674	-0,431	1,0250
0,1821	-0,433	1,0300
0,1835	-0,435	1,0350
0,1748	-0,437	1,0400
0,1761	-0,439	1,0450
0,1766	-0,441	1,0500
0,1755	-0,444	1,0550
0,1816	-0,446	1,0600
0,1802	-0,448	1,0650
0,1765	-0,450	1,0700
0,1804	-0,452	1,0750
0,1868	-0,454	1,0800
0,1864	-0,456	1,0850
0,1896	-0,458	1,0900
0,1861	-0,460	1,0950
0,1781	-0,462	1,1000
0,1820	-0,465	1,1050
0,1873	-0,467	1,1100
0,1923	-0,469	1,1150
0,1918	-0,471	1,1200
0,1945	-0,473	1,1250
0,1889	-0,475	1,1300
0,1809	-0,477	1,1350
0,1880	-0,479	1,1400
0,1846	-0,481	1,1450
0,1853	-0,483	1,1500
0,1912	-0,486	1,1550
0,1897	-0,488	1,1600
0,1838	-0,490	1,1650
0,1876	-0,492	1,1700
0,1896	-0,494	1,1750
0,1865	-0,496	1,1800
0,1981	-0,498	1,1850
0,2050	-0,500	1,1900
0,1974	-0,502	1,1950
0,1997	-0,504	1,2000
0,2044	-0,507	1,2050
0,2031	-0,509	1,2100
0,2079	-0,511	1,2150
0,2151	-0,513	1,2200
0,2049	-0,515	1,2250
0,1976	-0,517	1,2300
0,2085	-0,519	1,2350
0,2056	-0,521	1,2400
0,1998	-0,523	1,2450
0,2100	-0,525	1,2500
0,2107	-0,528	1,2550
0,2055	-0,530	1,2600
0,2149	-0,532	1,2650
0,2241	-0,534	1,2700
0,2102	-0,536	1,2750
0,2105	-0,538	1,2800
0,2215	-0,540	1,2850
0,2179	-0,542	1,2900
0,2207	-0,544	1,2950
0,2278	-0,546	1,3000
0,2200	-0,549	1,3050
0,2164	-0,551	1,3100
0,2252	-0,553	1,3150
0,2207	-0,555	1,3200
0,2181	-0,557	1,3250
0,2246	-0,559	1,3300
0,2239	-0,561	1,3350
0,2156	-0,563	1,3400
0,2225	-0,565	1,3450
0,2235	-0,567	1,3500
0,2162	-0,570	1,3550
0,2203	-0,572	1,3600
0,2311	-0,574	1,3650
0,2307	-0,576	1,3700
0,2315	-0,578	1,3750
0,2382	-0,580	1,3800
0,2304	-0,582	1,3850
0,2252	-0,584	1,3900
0,2278	-0,586	1,3950
0,2299	-0,588	1,4000
0,2303	-0,591	1,4050
0,2305	-0,593	1,4100
0,2290	-0,595	1,4150
0,2268	-0,597	1,4200
0,2350	-0,599	1,4250
0,2341	-0,601	1,4300
0,2270	-0,603	1,4350
0,2382	-0,605	1,4400
0,2379	-0,607	1,4450
0,2344	-0,609	1,4500
0,2358	-0,612	1,4550
0,2466	-0,614	1,4600
0,2439	-0,616	1,4650
0,2402	-0,618	1,4700
0,2463	-0,620	1,4750
0,2398	-0,622	1,4800
0,2293	-0,624	1,4850
0,2410	-0,626	1,4900
0,2441	-0,628	1,4950
0,2432	-0,630	1,5000
0,2503	-0,633	1,5050
0,2475	-0,635	1,5100
0,2437	-0,637	1,5150
0,2499	-0,639	1,5200
0,2536	-0,641	1,5250
0,2517	-0,643	1,5300
0,2538	-0,645	1,5350
0,2572	-0,647	1,5400
0,2521	-0,649	1,5450
0,2529	-0,651	1,5500
0,2606	-0,654	1,5550
0,2600	-0,656	1,5600
0,2655	-0,658	1,5650
0,2678	-0,660	1,5700
0,2641	-0,662	1,5750
0,2600	-0,664	1,5800
0,2646	-0,666	1,5850
0,2631	-0,668	1,5900
0,2592	-0,670	1,5950
0,2650	-0,672	1,6000
0,2673	-0,675	1,6050
0,2582	-0,677	1,6100
0,2639	-0,679	1,6150
0,2621	-0,681	1,6200
0,2552	-0,683	1,6250
0,2691	-0,685	1,6300
0,2718	-0,687	1,6350
0,2603	-0,689	1,6400
0,2586	-0,691	1,6450
0,2656	-0,693	1,6500
0,2685	-0,696	1,6550
0,2730	-0,698	1,6600
0,2776	-0,700	1,6650
0,2750	-0,702	1,6700
0,2687	-0,704	1,6750
0,2728	-0,706	1,6800
0,2746	-0,708	1,6850
0,2717	-0,710	1,6900
0,2714	-0,712	1,6950
0,2654	-0,714	1,7000
0,2664	-0,717	1,7050
0,2785	-0,719	1,7100
0,2762	-0,721	1,7150
0,2748	-0,723	1,7200
0,2814	-0,725	1,7250
0,2878	-0,727	1,7300
0,2801	-0,729	1,7350
0,2794	-0,731	1,7400
0,2847	-0,733	1,7450
0,2788	-0,735	1,7500
0,2764	-0,738	1,7550
0,2897	-0,740	1,7600
0,2882	-0,742	1,7650
0,2824	-0,744	1,7700
0,2947	-0,746	1,7750
0,2927	-0,748	1,7800
0,2930	-0,750	1,7850
0,2923	-0,752	1,7900
0,2894	-0,754	1,7950
0,2880	-0,756	1,8000
0,3001	-0,759	1,8050
0,3008	-0,761	1,8100
0,2872	-0,763	1,8150
0,2882	-0,765	1,8200
0,2983	-0,767	1,8250
0,2964	-0,769	1,8300
0,2979	-0,771	1,8350
0,3111	-0,773	1,8400
0,3045	-0,775	1,8450
0,2945	-0,777	1,8500
0,3014	-0,780	1,8550
0,3018	-0,782	1,8600
0,2998	-0,784	1,8650
0,3061	-0,786	1,8700
0,3069	-0,788	1,8750
0,3115	-0,790	1,8800
0,3152	-0,792	1,8850
0,3137	-0,794	1,8900
0,3068	-0,796	1,8950
0,3128	-0,798	1,9000
0,3112	-0,801	1,9050
0,3027	-0,803	1,9100
0,3101	-0,805	1,9150
0,3165	-0,807	1,9200
0,3129	-0,809	1,9250
0,3134	-0,811	1,9300
0,3196	-0,813	1,9350
0,3137	-0,815	1,9400
0,3155	-0,817	1,9450
0,3182	-0,819	1,9500
0,3114	-0,822	1,9550
0,3023	-0,824	1,9600
0,3164	-0,826	1,9650
0,3226	-0,828	1,9700
0,3209	-0,830	1,9750
0,3297	-0,832	1,9800
0,3351	-0,834	1,9850
0,3233	-0,836	1,9900
0,3222	-0,838	1,9950
0,3196	-0,840	2,0000
0,3163	-0,843	2,0050
0,3211	-0,845	2,0100
0,3307	-0,847	2,0150
0,3247	-0,849	2,0200
0,3200	-0,851	2,0250
0,3294	-0,853	2,0300
0,3303	-0,855	2,0350
0,3271	-0,857	2,0400
0,3333	-0,859	2,0450
0,3312	-0,861	2,0500
0,3257	-0,864	2,0550
0,3398	-0,866	2,0600
0,3412	-0,868	2,0650
0,3296	-0,870	2,0700
0,3343	-0,872	2,0750
0,3389	-0,874	2,0800
0,3309	-0,876	2,0850
0,3434	-0,878	2,0900
0,3493	-0,880	2,0950
0,3397	-0,882	2,1000
0,3359	-0,885	2,1050
0,3389	-0,887	2,1100
0,3357	-0,889	2,1150
0,3330	-0,891	2,1200
0,3358	-0,893	2,1250
0,3391	-0,895	2,1300
0,3417	-0,897	2,1350
0,3454	-0,899	2,1400
0,3449	-0,901	2,1450
0,3406	-0,903	2,1500
0,3540	-0,906	2,1550
0,3562	-0,908	2,1600
0,3481	-0,910	2,1650
0,3485	-0,912	2,1700
0,3479	-0,914	2,1750
0,3378	-0,916	2,1800
0,3487	-0,918	2,1850
0,3597	-0,920	2,1900
0,3553	-0,922	2,1950
0,3535	-0,924	2,2000
0,3585	-0,927	2,2050
0,3531	-0,929	2,2100
0,3443	-0,931	2,2150
0,3566	-0,933	2,2200
0,3606	-0,935	2,2250
0,3593	-0,937	2,2300
0,3658	-0,939	2,2350
0,3635	-0,941	2,2400
0,3599	-0,943	2,2450
0,3615	-0,945	2,2500
0,3561	-0,948	2,2550
0,3575	-0,950	2,2600
0,3644	-0,952	2,2650
0,3701	-0,954	2,2700
0,3680	-0,956	2,2750
0,3713	-0,958	2,2800
0,3691	-0,960	2,2850
0,3601	-0,962	2,2900
0,3582	-0,964	2,2950
0,3714	-0,966	2,3000
0,3696	-0,969	2,3050
0,3610	-0,971	2,3100
0,3700	-0,973	2,3150
0,3742	-0,975	2,3200
0,3691	-0,977	2,3250
0,3783	-0,979	2,3300
0,3784	-0,981	2,3350
0,3734	-0,983	2,3400
0,3749	-0,985	2,3450
0,3742	-0,987	2,3500
0,3780	-0,990	2,3550
0,3862	-0,992	2,3600
0,3892	-0,994	2,3650
0,3784	-0,996	2,3700
0,3815	-0,998	2,3750
0,3948	-1,000	2,3800
0,3849	-1,002	2,3850
0,3869	-1,004	2,3900
0,3977	-1,006	2,3950
0,3862	-1,008	2,4000
0,3746	-1,011	2,4050
0,3872	-1,013	2,4100
0,3931	-1,015	2,4150
0,3948	-1,017	2,4200
0,4032	-1,019	2,4250
0,3966	-1,021	2,4300
0,3776	-1,023	2,4350
0,3840	-1,025	2,4400
0,3932	-1,027	2,4450
0,3862	-1,029	2,4500
0,3909	-1,032	2,4550
0,4032	-1,034	2,4600
0,3937	-1,036	2,4650
0,3911	-1,038	2,4700
0,3948	-1,040	2,4750
0,3982	-1,042	2,4800
0,4093	-1,044	2,4850
0,4115	-1,046	2,4900
0,3991	-1,048	2,4950
0,3889	-1,050	2,5000
0,3992	-1,053	2,5050
0,4084	-1,055	2,5100
0,4102	-1,057	2,5150
0,4183	-1,059	2,5200
0,4121	-1,061	2,5250
0,3999	-1,063	2,5300
0,4052	-1,065	2,5350
0,4060	-1,067	2,5400
0,4008	-1,069	2,5450
0,4052	-1,071	2,5500
0,4161	-1,074	2,5550
0,4078	-1,076	2,5600
0,4134	-1,078	2,5650
0,4137	-1,080	2,5700
0,4056	-1,082	2,5750
0,4112	-1,084	2,5800
0,4223	-1,086	2,5850
0,4193	-1,088	2,5900
0,4048	-1,090	2,5950
0,4033	-1,092	2,6000
0,4157	-1,095	2,6050
0,4181	-1,097	2,6100
0,4241	-1,099	2,6150
0,4255	-1,101	2,6200
0,4223	-1,103	2,6250
0,4191	-1,105	2,6300
0,4220	-1,107	2,6350
0,4298	-1,109	2,6400
0,4320	-1,111	2,6450
0,4328	-1,113	2,6500
0,4229	-1,116	2,6550
0,4274	-1,118	2,6600
0,4327	-1,120	2,6650
0,4263	-1,122	2,6700
0,4297	-1,124	2,6750
0,4353	-1,126	2,6800
0,4281	-1,128	2,6850
0,4254	-1,130	2,6900
0,4364	-1,132	2,6950
0,4335	-1,134	2,7000
0,4235	-1,137	2,7050
0,4298	-1,139	2,7100
0,4356	-1,141	2,7150
0,4239	-1,143	2,7200
0,4328	-1,145	2,7250
0,4396	-1,147	2,7300
0,4354	-1,149	2,7350
0,4359	-1,151	2,7400
0,4395	-1,153	2,7450
0,4312	-1,155	2,7500
0,4355	-1,158	2,7550
0,4407	-1,160	2,7600
0,4297	-1,162	2,7650
0,4323	-1,164	2,7700
0,4394	-1,166	2,7750
0,4392	-1,168	2,7800
0,4430	-1,170	2,7850
0,4531	-1,172	2,7900
0,4468	-1,174	2,7950
0,4359	-1,176	2,8000
0,4472	-1,179	2,8050
0,4506	-1,181	2,8100
0,4436	-1,183	2,8150
0,4463	-1,185	2,8200
0,4469	-1,187	2,8250
0,4467	-1,189	2,8300
0,4526	-1,191	2,8350
0,4652	-1,193	2,8400
0,4601	-1,195	2,8450
0,4562	-1,197	2,8500
0,4610	-1,200	2,8550
0,4537	-1,202	2,8600
0,4491	-1,204	2,8650
0,4587	-1,206	2,8700
0,4599	-1,208	2,8750
0,4526	-1,210	2,8800
0,4575	-1,212	2,8850
0,4630	-1,214	2,8900
0,4566	-1,216	2,8950
0,4664	-1,218	2,9000
0,4681	-1,221	2,9050
0,4585	-1,223	2,9100
0,4637	-1,225	2,9150
0,4679	-1,227	2,9200
0,4640	-1,229	2,9250
0,4636	-1,231	2,9300
0,4708	-1,233	2,9350
0,4634	-1,235	2,9400
0,4579	-1,237	2,9450
0,4675	-1,239	2,9500
0,4674	-1,242	2,9550
0,4664	-1,244	2,9600
0,4725	-1,246	2,9650
0,4674	-1,248	2,9700
0,4651	-1,250	2,9750
0,4737	-1,252	2,9800
0,4794	-1,254	2,9850
0,4775	-1,256	2,9900
0,4836	-1,258	2,9950
0,4834	-1,260	3,0000
0,4689	-1,263	3,0050
0,4758	-1,265	3,0100
0,4837	-1,267	3,0150
0,4791	-1,269	3,0200
0,4763	-1,271	3,0250
0,4830	-1,273	3,0300
0,4780	-1,275	3,0350
0,4725	-1,277	3,0400
0,4789	-1,279	3,0450
0,4745	-1,281	3,0500
0,4771	-1,284	3,0550
0,4837	-1,286	3,0600
0,4840	-1,288	3,0650
0,4843	-1,290	3,0700
0,4898	-1,292	3,0750
0,4917	-1,294	3,0800
0,4820	-1,296	3,0850
0,4829	-1,298	3,0900
0,4860	-1,300	3,0950
0,4776	-1,302	3,1000
0,4790	-1,305	3,1050
0,4880	-1,307	3,1100
0,4877	-1,309	3,1150
0,4831	-1,311	3,1200
0,4938	-1,313	3,1250
0,4989	-1,315	3,1300
0,5000	-1,317	3,1350
0,4976	-1,319	3,1400
0,4934	-1,321	3,1450
0,4957	-1,323	3,1500
0,5060	-1,326	3,1550
0,5012	-1,328	3,1600
0,4973	-1,330	3,1650
0,5100	-1,332	3,1700
0,5226	-1,334	3,1750
0,5073	-1,336	3,1800
0,5011	-1,338	3,1850
0,5047	-1,340	3,1900
0,4951	-1,342	3,1950
0,4990	-1,344	3,2000
0,5097	-1,347	3,2050
0,5063	-1,349	3,2100
0,5036	-1,351	3,2150
0,5118	-1,353	3,2200
0,5129	-1,355	3,2250
0,5088	-1,357	3,2300
0,5125	-1,359	3,2350
0,5122	-1,361	3,2400
0,5100	-1,363	3,2450
0,5214	-1,365	3,2500
0,5276	-1,368	3,2550
0,5227	-1,370	3,2600
0,5193	-1,372	3,2650
0,5263	-1,374	3,2700
0,5233	-1,376	3,2750
0,5184	-1,378	3,2800
0,5171	-1,380	3,2850
0,5162	-1,382	3,2900
0,5134	-1,384	3,2950
0,5218	-1,386	3,3000
0,5184	-1,389	3,3050
0,5145	-1,391	3,3100
0,5260	-1,393	3,3150
0,5261	-1,395	3,3200
0,5189	-1,397	3,3250
0,5271	-1,399	3,3300
0,5275	-1,401	3,3350
0,5211	-1,403	3,3400
0,5252	-1,405	3,3450
0,5308	-1,407	3,3500
0,5259	-1,410	3,3550
0,5292	-1,412	3,3600
0,5321	-1,414	3,3650
0,5305	-1,416	3,3700
0,5355	-1,418	3,3750
0,5348	-1,420	3,3800
0,5231	-1,422	3,3850
0,5199	-1,424	3,3900
0,5340	-1,426	3,3950
0,5345	-1,428	3,4000
0,5358	-1,431	3,4050
0,5457	-1,433	3,4100
0,5462	-1,435	3,4150
0,5358	-1,437	3,4200
0,5429	-1,439	3,4250
0,5449	-1,441	3,4300
0,5393	-1,443	3,4350
0,5505	-1,445	3,4400
0,5579	-1,447	3,4450
0,5481	-1,449	3,4500
0,5415	-1,452	3,4550
0,5436	-1,454	3,4600
0,5333	-1,456	3,4650
0,5381	-1,458	3,4700
0,5476	-1,460	3,4750
0,5432	-1,462	3,4800
0,5388	-1,464	3,4850
0,5471	-1,466	3,4900
0,5483	-1,468	3,4950
0,5477	-1,470	3,5000
0,5565	-1,473	3,5050
0,5545	-1,475	3,5100
0,5483	-1,477	3,5150
0,5633	-1,479	3,5200
0,5628	-1,481	3,5250
0,5519	-1,483	3,5300
0,5611	-1,485	3,5350
0,5617	-1,487	3,5400
0,5570	-1,489	3,5450
0,5614	-1,491	3,5500
0,5671	-1,494	3,5550
0,5576	-1,496	3,5600
0,5596	-1,498	3,5650
0,5662	-1,500	3,5700
0,5611	-1,502	3,5750
0,5633	-1,504	3,5800
0,5683	-1,506	3,5850
0,5602	-1,508	3,5900
0,5605	-1,510	3,5950
0,5710	-1,512	3,6000
0,5743	-1,515	3,6050
0,5658	-1,517	3,6100
0,5715	-1,519	3,6150
0,5705	-1,521	3,6200
0,5672	-1,523	3,6250
0,5716	-1,525	3,6300
0,5728	-1,527	3,6350
0,5689	-1,529	3,6400
0,5708	-1,531	3,6450
0,5820	-1,533	3,6500
0,5738	-1,536	3,6550
0,5696	-1,538	3,6600
0,5735	-1,540	3,6650
0,5717	-1,542	3,6700
0,5670	-1,544	3,6750
0,5772	-1,546	3,6800
0,5713	-1,548	3,6850
0,5728	-1,550	3,6900
0,5820	-1,552	3,6950
0,5848	-1,554	3,7000
0,5798	-1,557	3,7050
0,5820	-1,559	3,7100
0,5823	-1,561	3,7150
0,5769	-1,563	3,7200
0,5853	-1,565	3,7250
0,5929	-1,567	3,7300
0,5902	-1,569	3,7350
0,5873	-1,571	3,7400
0,5894	-1,573	3,7450
0,5867	-1,575	3,7500
0,5887	-1,578	3,7550
0,5952	-1,580	3,7600
0,5958	-1,582	3,7650
0,5898	-1,584	3,7700
0,5887	-1,586	3,7750
0,5825	-1,588	3,7800
0,5847	-1,590	3,7850
0,5936	-1,592	3,7900
0,5971	-1,594	3,7950
0,5942	-1,596	3,8000
0,5997	-1,599	3,8050
0,5980	-1,601	3,8100
0,5887	-1,603	3,8150
0,6051	-1,605	3,8200
0,6161	-1,607	3,8250
0,6031	-1,609	3,8300
0,5990	-1,611	3,8350
0,6124	-1,613	3,8400
0,6079	-1,615	3,8450
0,6010	-1,617	3,8500
0,6035	-1,620	3,8550
0,5982	-1,622	3,8600
0,6003	-1,624	3,8650
0,6067	-1,626	3,8700
0,6052	-1,628	3,8750
0,5980	-1,630	3,8800
0,6049	-1,632	3,8850
0,6079	-1,634	3,8900
0,6018	-1,636	3,8950
0,6039	-1,638	3,9000
0,6092	-1,641	3,9050
0,6039	-1,643	3,9100
0,6094	-1,645	3,9150
0,6195	-1,647	3,9200
0,6138	-1,649	3,9250
0,6117	-1,651	3,9300
0,6189	-1,653	3,9350
0,6141	-1,655	3,9400
0,6114	-1,657	3,9450
0,6185	-1,659	3,9500
0,6058	-1,662	3,9550
0,6051	-1,664	3,9600
0,6171	-1,666	3,9650
0,6171	-1,668	3,9700
0,6170	-1,670	3,9750
0,6243	-1,672	3,9800
0,6246	-1,674	3,9850
0,6143	-1,676	3,9900
0,6205	-1,678	3,9950
0,6215	-1,680	4,0000
0,6131	-1,683	4,0050
0,6269	-1,685	4,0100
0,6434	-1,687	4,0150
0,6352	-1,689	4,0200
0,6302	-1,691	4,0250
0,6329	-1,693	4,0300
0,6231	-1,695	4,0350
0,6214	-1,697	4,0400
0,6313	-1,699	4,0450
0,6278	-1,701	4,0500
0,6177	-1,704	4,0550
0,6237	-1,706	4,0600
0,6273	-1,708	4,0650
0,6333	-1,710	4,0700
0,6335	-1,712	4,0750
0,6389	-1,714	4,0800
0,6283	-1,716	4,0850
0,6336	-1,718	4,0900
0,6419	-1,720	4,0950
0,6389	-1,722	4,1000
0,6348	-1,725	4,1050
0,6402	-1,727	4,1100
0,6348	-1,729	4,1150
0,6357	-1,731	4,1200
0,6422	-1,733	4,1250
0,6315	-1,735	4,1300
0,6262	-1,737	4,1350
0,6412	-1,739	4,1400
0,6401	-1,741	4,1450
0,6369	-1,743	4,1500
0,6590	-1,746	4,1550
0,6675	-1,748	4,1600
0,6569	-1,750	4,1650
0,6538	-1,752	4,1700
0,6536	-1,754	4,1750
0,6448	-1,756	4,1800
0,6471	-1,758	4,1850
0,6473	-1,760	4,1900
0,6434	-1,762	4,1950
0,6458	-1,764	4,2000
0,6574	-1,767	4,2050
0,6550	-1,769	4,2100
0,6480	-1,771	4,2150
0,6558	-1,773	4,2200
0,6553	-1,775	4,2250
0,6516	-1,777	4,2300
0,6559	-1,779	4,2350
0,6546	-1,781	4,2400
0,6496	-1,783	4,2450
0,6584	-1,785	4,2500
0,6607	-1,788	4,2550
0,6649	-1,790	4,2600
0,6687	-1,792	4,2650
0,6661	-1,794	4,2700
0,6602	-1,796	4,2750
0,6657	-1,798	4,2800
0,6688	-1,800	4,2850
0,6603	-1,802	4,2900
0,6635	-1,804	4,2950
0,6741	-1,806	4,3000
0,6690	-1,809	4,3050
0,6647	-1,811	4,3100
0,6756	-1,813	4,3150
0,6725	-1,815	4,3200
0,6677	-1,817	4,3250
0,6750	-1,819	4,3300
0,6729	-1,821	4,3350
0,6653	-1,823	4,3400
0,6723	-1,825	4,3450
0,6732	-1,827	4,3500
0,6707	-1,830	4,3550
0,6757	-1,832	4,3600
0,6802	-1,834	4,3650
0,6731	-1,836	4,3700
0,6740	-1,838	4,3750
0,6814	-1,840	4,3800
0,6758	-1,842	4,3850
0,6743	-1,844	4,3900
0,6883	-1,846	4,3950
0,6855	-1,848	4,4000
0,6783	-1,851	4,4050
0,6857	-1,853	4,4100
0,6803	-1,855	4,4150
0,6811	-1,857	4,4200
0,6949	-1,859	4,4250
0,6959	-1,861	4,4300
0,6875	-1,863	4,4350
0,6928	-1,865	4,4400
0,6873	-1,867	4,4450
0,6817	-1,869	4,4500
0,6793	-1,872	4,4550
0,6882	-1,874	4,4600
0,6861	-1,876	4,4650
0,6908	-1,878	4,4700
0,6982	-1,880	4,4750
0,6907	-1,882	4,4800
0,6893	-1,884	4,4850
0,6955	-1,886	4,4900
0,6916	-1,888	4,4950
0,6908	-1,890	4,5000
0,7033	-1,893	4,5050
0,6956	-1,895	4,5100
0,6871	-1,897	4,5150
0,6973	-1,899	4,5200
0,6945	-1,901	4,5250
0,6907	-1,903	4,5300
0,6990	-1,905	4,5350
0,7033	-1,907	4,5400
0,7014	-1,909	4,5450
0,7025	-1,911	4,5500
0,7060	-1,914	4,5550
0,6967	-1,916	4,5600
0,7020	-1,918	4,5650
0,7086	-1,920	4,5700
0,7023	-1,922	4,5750
0,7112	-1,924	4,5800
0,7224	-1,926	4,5850
0,7094	-1,928	4,5900
0,6991	-1,930	4,5950
0,7091	-1,932	4,6000
0,7131	-1,935	4,6050
0,7142	-1,937	4,6100
0,7194	-1,939	4,6150
0,7139	-1,941	4,6200
0,7011	-1,943	4,6250
0,7119	-1,945	4,6300
0,7130	-1,947	4,6350
0,7150	-1,949	4,6400
0,7175	-1,951	4,6450
0,7204	-1,953	4,6500
0,7172	-1,956	4,6550
0,7185	-1,958	4,6600
0,7192	-1,960	4,6650
0,7133	-1,962	4,6700
0,7205	-1,964	4,6750
0,7367	-1,966	4,6800
0,7354	-1,968	4,6850
0,7242	-1,970	4,6900
0,7257	-1,972	4,6950
0,7248	-1,974	4,7000
0,7198	-1,977	4,7050
0,7321	-1,979	4,7100
0,7312	-1,981	4,7150
0,7176	-1,983	4,7200
0,7214	-1,985	4,7250
0,7270	-1,987	4,7300
0,7284	-1,989	4,7350
0,7329	-1,991	4,7400
0,7367	-1,993	4,7450
0,7304	-1,995	4,7500
0,7280	-1,998	4,7550
0,7353	-2,000	4,7600
0,7378	-2,002	4,7650
0,7289	-2,004	4,7700
0,7282	-2,006	4,7750
0,7292	-2,008	4,7800
0,7295	-2,010	4,7850
0,7395	-2,012	4,7900
0,7432	-2,014	4,7950
0,7441	-2,016	4,8000
0,7488	-2,019	4,8050
0,7393	-2,021	4,8100
0,7248	-2,023	4,8150
0,7377	-2,025	4,8200
0,7457	-2,027	4,8250
0,7399	-2,029	4,8300
0,7363	-2,031	4,8350
0,7460	-2,033	4,8400
0,7432	-2,035	4,8450
0,7416	-2,037	4,8500
0,7516	-2,040	4,8550
0,7515	-2,042	4,8600
0,7492	-2,044	4,8650
0,7521	-2,046	4,8700
0,7436	-2,048	4,8750
0,7463	-2,050	4,8800
0,7623	-2,052	4,8850
0,7607	-2,054	4,8900
0,7451	-2,056	4,8950
0,7505	-2,058	4,9000
0,7532	-2,061	4,9050
0,7482	-2,063	4,9100
0,7545	-2,065	4,9150
0,7569	-2,067	4,9200
0,7556	-2,069	4,9250
0,7537	-2,071	4,9300
0,7654	-2,073	4,9350
0,7568	-2,075	4,9400
0,7475	-2,077	4,9450
0,7511	-2,079	4,9500
0,7454	-2,082	4,9550
0,7484	-2,084	4,9600
0,7680	-2,086	4,9650
0,7686	-2,088	4,9700
0,7640	-2,090	4,9750
0,7701	-2,092	4,9800
0,7738	-2,094	4,9850
0,7677	-2,096	4,9900
0,7723	-2,098	4,9950
0,7699	-2,100	5,0000
0,7613	-2,103	5,0050
0,7617	-2,105	5,0100
0,7687	-2,107	5,0150
0,7718	-2,109	5,0200
0,7756	-2,111	5,0250
0,7783	-2,113	5,0300
0,7706	-2,115	5,0350
0,7694	-2,117	5,0400
0,7727	-2,119	5,0450
0,7671	-2,121	5,0500
0,7662	-2,124	5,0550
0,7760	-2,126	5,0600
0,7744	-2,128	5,0650
0,7723	-2,130	5,0700
0,7828	-2,132	5,0750
0,7875	-2,134	5,0800
0,7778	-2,136	5,0850
0,7835	-2,138	5,0900
0,7875	-2,140	5,0950
0,7880	-2,142	5,1000
0,7894	-2,145	5,1050
0,7863	-2,147	5,1100
0,7818	-2,149	5,1150
0,7781	-2,151	5,1200
0,7887	-2,153	5,1250
0,7884	-2,155	5,1300
0,7848	-2,157	5,1350
0,7921	-2,159	5,1400
0,7906	-2,161	5,1450
0,7847	-2,163	5,1500
0,7958	-2,166	5,1550
0,7968	-2,168	5,1600
0,7902	-2,170	5,1650
0,7910	-2,172	5,1700
0,7921	-2,174	5,1750
0,7808	-2,176	5,1800
0,7936	-2,178	5,1850
0,7990	-2,180	5,1900
0,7899	-2,182	5,1950
0,7964	-2,184	5,2000
0,8018	-2,187	5,2050
0,8015	-2,189	5,2100
0,7995	-2,191	5,2150
0,8054	-2,193	5,2200
0,8016	-2,195	5,2250
0,7978	-2,197	5,2300
0,8021	-2,199	5,2350
0,7999	-2,201	5,2400
0,7976	-2,203	5,2450
0,8110	-2,205	5,2500
0,8105	-2,208	5,2550
0,8023	-2,210	5,2600
0,8063	-2,212	5,2650
0,8120	-2,214	5,2700
0,8062	-2,216	5,2750
0,8105	-2,218	5,2800
0,8146	-2,220	5,2850
0,8044	-2,222	5,2900
0,8038	-2,224	5,2950
0,8123	-2,226	5,3000
0,8088	-2,229	5,3050
0,8026	-2,231	5,3100
0,8046	-2,233	5,3150
0,8063	-2,235	5,3200
0,8055	-2,237	5,3250
0,8202	-2,239	5,3300
0,8222	-2,241	5,3350
0,8135	-2,243	5,3400
0,8150	-2,245	5,3450
0,8173	-2,247	5,3500
0,8171	-2,250	5,3550
0,8187	-2,252	5,3600
0,8218	-2,254	5,3650
0,8176	-2,256	5,3700
0,8226	-2,258	5,3750
0,8330	-2,260	5,3800
0,8239	-2,262	5,3850
0,8198	-2,264	5,3900
0,8275	-2,266	5,3950
0,8263	-2,268	5,4000
0,8224	-2,271	5,4050
0,8201	-2,273	5,4100
0,8215	-2,275	5,4150
0,8236	-2,277	5,4200
0,8381	-2,279	5,4250
0,8359	-2,281	5,4300
0,8222	-2,283	5,4350
0,8233	-2,285	5,4400
0,8319	-2,287	5,4450
0,8285	-2,289	5,4500
0,8320	-2,292	5,4550
0,8327	-2,294	5,4600
0,8251	-2,296	5,4650
0,8341	-2,298	5,4700
0,8384	-2,300	5,4750
0,8397	-2,302	5,4800
0,8370	-2,304	5,4850
0,8302	-2,306	5,4900
0,8306	-2,308	5,4950
0,8414	-2,310	5,5000
0,8474	-2,313	5,5050
0,8422	-2,315	5,5100
0,8332	-2,317	5,5150
0,8417	-2,319	5,5200
0,8417	-2,321	5,5250
0,8408	-2,323	5,5300
0,8484	-2,325	5,5350
0,8532	-2,327	5,5400
0,8490	-2,329	5,5450
0,8479	-2,331	5,5500
0,8561	-2,334	5,5550
0,8514	-2,336	5,5600
0,8494	-2,338	5,5650
0,8567	-2,340	5,5700
0,8470	-2,342	5,5750
0,8460	-2,344	5,5800
0,8558	-2,346	5,5850
0,8511	-2,348	5,5900
0,8499	-2,350	5,5950
0,8552	-2,352	5,6000
0,8496	-2,355	5,6050
0,8415	-2,357	5,6100
0,8534	-2,359	5,6150
0,8635	-2,361	5,6200
0,8546	-2,363	5,6250
0,8603	-2,365	5,6300
0,8649	-2,367	5,6350
0,8613	-2,369	5,6400
0,8610	-2,371	5,6450
0,8658	-2,373	5,6500
0,8613	-2,376	5,6550
0,8628	-2,378	5,6600
0,8712	-2,380	5,6650
0,8684	-2,382	5,6700
0,8705	-2,384	5,6750
0,8787	-2,386	5,6800
0,8676	-2,388	5,6850
0,8665	-2,390	5,6900
0,8716	-2,392	5,6950
0,8720	-2,394	5,7000
0,8675	-2,397	5,7050
0,8754	-2,399	5,7100
0,8721	-2,401	5,7150
0,8682	-2,403	5,7200
0,8733	-2,405	5,7250
0,8739	-2,407	5,7300
0,8675	-2,409	5,7350
0,8748	-2,411	5,7400
0,8793	-2,413	5,7450
0,8715	-2,415	5,7500
0,8715	-2,418	5,7550
0,8755	-2,420	5,7600
0,8727	-2,422	5,7650
0,8725	-2,424	5,7700
0,8832	-2,426	5,7750
0,8847	-2,428	5,7800
0,8782	-2,430	5,7850
0,8840	-2,432	5,7900
0,8881	-2,434	5,7950
0,8765	-2,436	5,8000
0,8859	-2,439	5,8050
0,8854	-2,441	5,8100
0,8767	-2,443	5,8150
0,8886	-2,445	5,8200
0,8964	-2,447	5,8250
0,8843	-2,449	5,8300
0,8844	-2,451	5,8350
0,8932	-2,453	5,8400
0,8878	-2,455	5,8450
0,8834	-2,457	5,8500
0,8917	-2,460	5,8550
0,8878	-2,462	5,8600
0,8862	-2,464	5,8650
0,8974	-2,466	5,8700
0,8977	-2,468	5,8750
0,8971	-2,470	5,8800
0,8992	-2,472	5,8850
0,8980	-2,474	5,8900
0,8943	-2,476	5,8950
0,8985	-2,478	5,9000
0,8980	-2,481	5,9050
0,8925	-2,483	5,9100
0,8962	-2,485	5,9150
0,9007	-2,487	5,9200
0,8942	-2,489	5,9250
0,8881	-2,491	5,9300
0,8950	-2,493	5,9350
0,8911	-2,495	5,9400
0,8903	-2,497	5,9450
0,9042	-2,499	5,9500
0,9069	-2,502	5,9550
0,8991	-2,504	5,9600
0,9022	-2,506	5,9650
0,9008	-2,508	5,9700
0,9062	-2,510	5,9750
0,9107	-2,512	5,9800
0,9117	-2,514	5,9850
0,9082	-2,516	5,9900
0,9133	-2,518	5,9950
0,9103	-2,520	6,0000
0,9008	-2,523	6,0050
0,9062	-2,525	6,0100
0,9161	-2,527	6,0150
0,9172	-2,529	6,0200
0,9197	-2,531	6,0250
0,9268	-2,533	6,0300
0,9119	-2,535	6,0350
0,9093	-2,537	6,0400
0,9220	-2,539	6,0450
0,9214	-2,541	6,0500
0,9179	-2,544	6,0550
0,9203	-2,546	6,0600
0,9135	-2,548	6,0650
0,9150	-2,550	6,0700
0,9240	-2,552	6,0750
0,9300	-2,554	6,0800
0,9202	-2,556	6,0850
0,9214	-2,558	6,0900
0,9202	-2,560	6,0950
0,9174	-2,562	6,1000
0,9201	-2,565	6,1050
0,9193	-2,567	6,1100
0,9116	-2,569	6,1150
0,9164	-2,571	6,1200
0,9333	-2,573	6,1250
0,9318	-2,575	6,1300
0,9252	-2,577	6,1350
0,9338	-2,579	6,1400
0,9308	-2,581	6,1450
0,9187	-2,583	6,1500
0,9184	-2,586	6,1550
0,9242	-2,588	6,1600
0,9300	-2,590	6,1650
0,9335	-2,592	6,1700
0,9327	-2,594	6,1750
0,9240	-2,596	6,1800
0,9286	-2,598	6,1850
0,9296	-2,600	6,1900
0,9336	-2,602	6,1950
0,9440	-2,604	6,2000
0,9507	-2,607	6,2050
0,9380	-2,609	6,2100
0,9326	-2,611	6,2150
0,9438	-2,613	6,2200
0,9442	-2,615	6,2250
0,9381	-2,617	6,2300
0,9422	-2,619	6,2350
0,9452	-2,621	6,2400
0,9380	-2,623	6,2450
0,9455	-2,625	6,2500
0,9430	-2,628	6,2550
0,9356	-2,630	6,2600
0,9442	-2,632	6,2650
0,9524	-2,634	6,2700
0,9445	-2,636	6,2750
0,9446	-2,638	6,2800
0,9512	-2,640	6,2850
0,9476	-2,642	6,2900
0,9503	-2,644	6,2950
0,9594	-2,646	6,3000
0,9470	-2,649	6,3050
0,9381	-2,651	6,3100
0,9460	-2,653	6,3150
0,9520	-2,655	6,3200
0,9493	-2,657	6,3250
0,9617	-2,659	6,3300
0,9598	-2,661	6,3350
0,9500	-2,663	6,3400
0,9605	-2,665	6,3450
0,9683	-2,667	6,3500
0,9628	-2,670	6,3550
0,9593	-2,672	6,3600
0,9695	-2,674	6,3650
0,9554	-2,676	6,3700
0,9576	-2,678	6,3750
0,9663	-2,680	6,3800
0,9601	-2,682	6,3850
0,9630	-2,684	6,3900
0,9663	-2,686	6,3950
0,9566	-2,688	6,4000
0,9574	-2,691	6,4050
0,9682	-2,693	6,4100
0,9731	-2,695	6,4150
0,9684	-2,697	6,4200
0,9755	-2,699	6,4250
0,9758	-2,701	6,4300
0,9671	-2,703	6,4350
0,9716	-2,705	6,4400
0,9702	-2,707	6,4450
0,9689	-2,709	6,4500
0,9759	-2,712	6,4550
0,9860	-2,714	6,4600
0,9759	-2,716	6,4650
0,9727	-2,718	6,4700
0,9762	-2,720	6,4750
0,9741	-2,722	6,4800
0,9719	-2,724	6,4850
0,9809	-2,726	6,4900
0,9787	-2,728	6,4950
0,9771	-2,730	6,5000
0,9810	-2,733	6,5050
0,9801	-2,735	6,5100
0,9715	-2,737	6,5150
0,9763	-2,739	6,5200
0,9851	-2,741	6,5250
0,9811	-2,743	6,5300
0,9808	-2,745	6,5350
0,9798	-2,747	6,5400
0,9767	-2,749	6,5450
0,9823	-2,751	6,5500
0,9874	-2,754	6,5550
0,9859	-2,756	6,5600
0,9828	-2,758	6,5650
0,9828	-2,760	6,5700
0,9786	-2,762	6,5750
0,9858	-2,764	6,5800
1,0015	-2,766	6,5850
0,9977	-2,768	6,5900
0,9927	-2,770	6,5950
0,9945	-2,772	6,6000
0,9969	-2,775	6,6050
0,9944	-2,777	6,6100
1,0010	-2,779	6,6150
1,0025	-2,781	6,6200
0,9913	-2,783	6,6250
0,9990	-2,785	6,6300
0,9985	-2,787	6,6350
0,9923	-2,789	6,6400
0,9915	-2,791	6,6450
1,0047	-2,793	6,6500
0,9946	-2,796	6,6550
1,0036	-2,798	6,6600
1,0161	-2,800	6,6650
1,0068	-2,802	6,6700
1,0043	-2,804	6,6750
1,0143	-2,806	6,6800
1,0107	-2,808	6,6850
1,0056	-2,810	6,6900
1,0027	-2,812	6,6950
0,9997	-2,814	6,7000
1,0032	-2,817	6,7050
1,0120	-2,819	6,7100
1,0086	-2,821	6,7150
0,9997	-2,823	6,7200
1,0038	-2,825	6,7250
1,0114	-2,827	6,7300
1,0092	-2,829	6,7350
1,0153	-2,831	6,7400
1,0269	-2,833	6,7450
1,0178	-2,835	6,7500
1,0171	-2,838	6,7550
1,0207	-2,840	6,7600
1,0163	-2,842	6,7650
1,0167	-2,844	6,7700
1,0260	-2,846	6,7750
1,0235	-2,848	6,7800
1,0190	-2,850	6,7850
1,0218	-2,852	6,7900
1,0256	-2,854	6,7950
1,0223	-2,856	6,8000
1,0259	-2,859	6,8050
1,0267	-2,861	6,8100
1,0162	-2,863	6,8150
1,0156	-2,865	6,8200
1,0276	-2,867	6,8250
1,0265	-2,869	6,8300
1,0237	-2,871	6,8350
1,0288	-2,873	6,8400
1,0248	-2,875	6,8450
1,0245	-2,877	6,8500
1,0321	-2,880	6,8550
1,0214	-2,882	6,8600
1,0201	-2,884	6,8650
1,0330	-2,886	6,8700
1,0320	-2,888	6,8750
1,0320	-2,890	6,8800
1,0323	-2,892	6,8850
1,0345	-2,894	6,8900
1,0296	-2,896	6,8950
1,0379	-2,898	6,9000
1,0389	-2,901	6,9050
1,0282	-2,903	6,9100
1,0270	-2,905	6,9150
1,0392	-2,907	6,9200
1,0392	-2,909	6,9250
1,0348	-2,911	6,9300
1,0476	-2,913	6,9350
1,0405	-2,915	6,9400
1,0349	-2,917	6,9450
1,0431	-2,919	6,9500
1,0492	-2,922	6,9550
1,0445	-2,924	6,9600
1,0547	-2,926	6,9650
1,0532	-2,928	6,9700
1,0455	-2,930	6,9750
1,0436	-2,932	6,9800
1,0486	-2,934	6,9850
1,0419	-2,936	6,9900
1,0422	-2,938	6,9950
1,0466	-2,940	7,0000
1,0417	-2,943	7,0050
1,0464	-2,945	7,0100
1,0529	-2,947	7,0150
1,0481	-2,949	7,0200
1,0483	-2,951	7,0250
1,0582	-2,953	7,0300
1,0517	-2,955	7,0350
1,0450	-2,957	7,0400
1,0481	-2,959	7,0450
1,0474	-2,961	7,0500
1,0445	-2,964	7,0550
1,0562	-2,966	7,0600
1,0579	-2,968	7,0650
1,0529	-2,970	7,0700
1,0593	-2,972	7,0750
1,0596	-2,974	7,0800
1,0568	-2,976	7,0850
1,0617	-2,978	7,0900
1,0656	-2,980	7,0950
1,0646	-2,982	7,1000
1,0646	-2,985	7,1050
1,0603	-2,987	7,1100
1,0620	-2,989	7,1150
1,0627	-2,991	7,1200
1,0659	-2,993	7,1250
1,0597	-2,995	7,1300
1,0602	-2,997	7,1350
1,0715	-2,999	7,1400
1,0709	-3,001	7,1450
1,0594	-3,003	7,1500
1,0640	-3,006	7,1550
1,0717	-3,008	7,1600
1,0705	-3,010	7,1650
1,0665	-3,012	7,1700
1,0667	-3,014	7,1750
1,0657	-3,016	7,1800
1,0720	-3,018	7,1850
1,0770	-3,020	7,1900
1,0691	-3,022	7,1950
1,0734	-3,024	7,2000
1,0821	-3,027	7,2050
1,0820	-3,029	7,2100
1,0827	-3,031	7,2150
1,0850	-3,033	7,2200
1,0806	-3,035	7,2250
1,0781	-3,037	7,2300
1,0853	-3,039	7,2350
1,0847	-3,041	7,2400
1,0799	-3,043	7,2450
1,0897	-3,045	7,2500
1,0965	-3,048	7,2550
1,0929	-3,050	7,2600
1,0913	-3,052	7,2650
1,0909	-3,054	7,2700
1,0842	-3,056	7,2750
1,0888	-3,058	7,2800
1,0945	-3,060	7,2850
1,0910	-3,062	7,2900
1,0911	-3,064	7,2950
1,0939	-3,066	7,3000
1,0909	-3,069	7,3050
1,0870	-3,071	7,3100
1,0990	-3,073	7,3150
1,0955	-3,075	7,3200
1,0862	-3,077	7,3250
1,0851	-3,079	7,3300
1,0822	-3,081	7,3350
1,0836	-3,083	7,3400
1,0953	-3,085	7,3450
1,0951	-3,087	7,3500
1,0910	-3,090	7,3550
1,0955	-3,092	7,3600
1,0976	-3,094	7,3650
1,0874	-3,096	7,3700
1,0921	-3,098	7,3750
1,1078	-3,100	7,3800
1,1058	-3,102	7,3850
1,0944	-3,104	7,3900
1,1014	-3,106	7,3950
1,1058	-3,108	7,4000
1,1074	-3,111	7,4050
1,1113	-3,113	7,4100
1,1138	-3,115	7,4150
1,1081	-3,117	7,4200
1,1177	-3,119	7,4250
1,1148	-3,121	7,4300
1,1033	-3,123	7,4350
1,1097	-3,125	7,4400
1,1131	-3,127	7,4450
1,1103	-3,129	7,4500
1,1142	-3,132	7,4550
1,1244	-3,134	7,4600
1,1177	-3,136	7,4650
1,1162	-3,138	7,4700
1,1200	-3,140	7,4750
1,1141	-3,142	7,4800
1,1087	-3,144	7,4850
1,1134	-3,146	7,4900
1,1121	-3,148	7,4950
1,1175	-3,150	7,5000
1,1196	-3,153	7,5050
1,1142	-3,155	7,5100
1,1103	-3,157	7,5150
1,1155	-3,159	7,5200
1,1211	-3,161	7,5250
1,1193	-3,163	7,5300
1,1226	-3,165	7,5350
1,1229	-3,167	7,5400
1,1181	-3,169	7,5450
1,1228	-3,171	7,5500
1,1325	-3,174	7,5550
1,1260	-3,176	7,5600
1,1233	-3,178	7,5650
1,1322	-3,180	7,5700
1,1239	-3,182	7,5750
1,1176	-3,184	7,5800
1,1297	-3,186	7,5850
1,1266	-3,188	7,5900
1,1193	-3,190	7,5950
1,1308	-3,192	7,6000
1,1408	-3,195	7,6050
1,1299	-3,197	7,6100
1,1314	-3,199	7,6150
1,1317	-3,201	7,6200
1,1260	-3,203	7,6250
1,1335	-3,205	7,6300
1,1367	-3,207	7,6350
1,1293	-3,209	7,6400
1,1331	-3,211	7,6450
1,1413	-3,213	7,6500
1,1385	-3,216	7,6550
1,1361	-3,218	7,6600
1,1346	-3,220	7,6650
1,1321	-3,222	7,6700
1,1398	-3,224	7,6750
1,1478	-3,226	7,6800
1,1475	-3,228	7,6850
1,1466	-3,230	7,6900
1,1494	-3,232	7,6950
1,1454	-3,234	7,7000
1,1404	-3,237	7,7050
1,1453	-3,239	7,7100
1,1488	-3,241	7,7150
1,1467	-3,243	7,7200
1,1490	-3,245	7,7250
1,1506	-3,247	7,7300
1,1466	-3,249	7,7350
1,1482	-3,251	7,7400
1,1539	-3,253	7,7450
1,1425	-3,255	7,7500
1,1453	-3,258	7,7550
1,1558	-3,260	7,7600
1,1532	-3,262	7,7650
1,1557	-3,264	7,7700
1,1668	-3,266	7,7750
1,1597	-3,268	7,7800
1,1571	-3,270	7,7850
1,1621	-3,272	7,7900
1,1614	-3,274	7,7950
1,1563	-3,276	7,8000
1,1566	-3,279	7,8050
1,1590	-3,281	7,8100
1,1609	-3,283	7,8150
1,1670	-3,285	7,8200
1,1684	-3,287	7,8250
1,1645	-3,289	7,8300
1,1582	-3,291	7,8350
1,1627	-3,293	7,8400
1,1550	-3,295	7,8450
1,1576	-3,297	7,8500
1,1695	-3,300	7,8550
1,1683	-3,302	7,8600
1,1610	-3,304	7,8650
1,1711	-3,306	7,8700
1,1669	-3,308	7,8750
1,1620	-3,310	7,8800
1,1648	-3,312	7,8850
1,1702	-3,314	7,8900
1,1697	-3,316	7,8950
1,1831	-3,318	7,9000
1,1807	-3,321	7,9050
1,1683	-3,323	7,9100
1,1755	-3,325	7,9150
1,1859	-3,327	7,9200
1,1785	-3,329	7,9250
1,1676	-3,331	7,9300
1,1689	-3,333	7,9350
1,1670	-3,335	7,9400
1,1741	-3,337	7,9450
1,1808	-3,339	7,9500
1,1799	-3,342	7,9550
1,1785	-3,344	7,9600
1,1898	-3,346	7,9650
1,1880	-3,348	7,9700
1,1854	-3,350	7,9750
1,1921	-3,352	7,9800
1,1921	-3,354	7,9850
1,1848	-3,356	7,9900
1,1892	-3,358	7,9950
1,1955	-3,360	8,0000
1,1894	-3,363	8,0050
1,1860	-3,365	8,0100
1,1909	-3,367	8,0150
1,1888	-3,369	8,0200
1,1831	-3,371	8,0250
1,1794	-3,373	8,0300
1,1777	-3,375	8,0350
1,1858	-3,377	8,0400
1,2015	-3,379	8,0450
1,1937	-3,381	8,0500
1,1796	-3,384	8,0550
1,1923	-3,386	8,0600
1,1935	-3,388	8,0650
1,1847	-3,390	8,0700
1,1856	-3,392	8,0750
1,1950	-3,394	8,0800
1,1901	-3,396	8,0850
1,1974	-3,398	8,0900
1,2062	-3,400	8,0950
1,1987	-3,402	8,1000
1,1973	-3,405	8,1050
1,2000	-3,407	8,1100
1,1950	-3,409	8,1150
1,1952	-3,411	8,1200
1,2047	-3,413	8,1250
1,2070	-3,415	8,1300
1,2038	-3,417	8,1350
1,2037	-3,419	8,1400
1,2023	-3,421	8,1450
1,1994	-3,423	8,1500
1,2110	-3,426	8,1550
1,2102	-3,428	8,1600
1,2095	-3,430	8,1650
1,2076	-3,432	8,1700
1,2116	-3,434	8,1750
1,2054	-3,436	8,1800
1,2077	-3,438	8,1850
1,2129	-3,440	8,1900
1,2117	-3,442	8,1950
1,2110	-3,444	8,2000
1,2217	-3,447	8,2050
1,2150	-3,449	8,2100
1,2032	-3,451	8,2150
1,2061	-3,453	8,2200
1,2132	-3,455	8,2250
1,2117	-3,457	8,2300
1,2175	-3,459	8,2350
1,2193	-3,461	8,2400
1,2122	-3,463	8,2450
1,2211	-3,465	8,2500
1,2296	-3,468	8,2550
1,2218	-3,470	8,2600
1,2194	-3,472	8,2650
1,2247	-3,474	8,2700
1,2180	-3,476	8,2750
1,2225	-3,478	8,2800
1,2282	-3,480	8,2850
1,2225	-3,482	8,2900
1,2198	-3,484	8,2950
1,2306	-3,486	8,3000
1,2275	-3,489	8,3050
1,2241	-3,491	8,3100
1,2310	-3,493	8,3150
1,2291	-3,495	8,3200
1,2267	-3,497	8,3250
1,2335	-3,499	8,3300
1,2348	-3,501	8,3350
1,2276	-3,503	8,3400
1,2361	-3,505	8,3450
1,2434	-3,507	8,3500
1,2408	-3,510	8,3550
1,2373	-3,512	8,3600
1,2380	-3,514	8,3650
1,2314	-3,516	8,3700
1,2397	-3,518	8,3750
1,2474	-3,520	8,3800
1,2414	-3,522	8,3850
1,2374	-3,524	8,3900
1,2438	-3,526	8,3950
1,2358	-3,528	8,4000
1,2300	-3,531	8,4050
1,2409	-3,533	8,4100
1,2445	-3,535	8,4150
1,2445	-3,537	8,4200
1,2520	-3,539	8,4250
1,2438	-3,541	8,4300
1,2300	-3,543	8,4350
1,2389	-3,545	8,4400
1,2384	-3,547	8,4450
1,2346	-3,549	8,4500
1,2393	-3,552	8,4550
1,2457	-3,554	8,4600
1,2419	-3,556	8,4650
1,2432	-3,558	8,4700
1,2471	-3,560	8,4750
1,2481	-3,562	8,4800
1,2534	-3,564	8,4850
1,2606	-3,566	8,4900
1,2547	-3,568	8,4950
1,2501	-3,570	8,5000
1,2566	-3,573	8,5050
1,2544	-3,575	8,5100
1,2579	-3,577	8,5150
1,2684	-3,579	8,5200
1,2582	-3,581	8,5250
1,2445	-3,583	8,5300
1,2529	-3,585	8,5350
1,2607	-3,587	8,5400
1,2647	-3,589	8,5450
1,2632	-3,591	8,5500
1,2648	-3,594	8,5550
1,2570	-3,596	8,5600
1,2532	-3,598	8,5650
1,2596	-3,600	8,5700
1,2560	-3,602	8,5750
1,2602	-3,604	8,5800
1,2717	-3,606	8,5850
1,2670	-3,608	8,5900
1,2649	-3,610	8,5950
1,2681	-3,612	8,6000
1,2663	-3,615	8,6050
1,2654	-3,617	8,6100
1,2713	-3,619	8,6150
1,2652	-3,621	8,6200
1,2615	-3,623	8,6250
1,2756	-3,625	8,6300
1,2780	-3,627	8,6350
1,2739	-3,629	8,6400
1,2712	-3,631	8,6450
1,2801	-3,633	8,6500
1,2732	-3,636	8,6550
1,2774	-3,638	8,6600
1,2830	-3,640	8,6650
1,2727	-3,642	8,6700
1,2629	-3,644	8,6750
1,2702	-3,646	8,6800
1,2711	-3,648	8,6850
1,2714	-3,650	8,6900
1,2811	-3,652	8,6950
1,2827	-3,654	8,7000
1,2774	-3,657	8,7050
1,2854	-3,659	8,7100
1,2937	-3,661	8,7150
1,2800	-3,663	8,7200
1,2791	-3,665	8,7250
1,2787	-3,667	8,7300
1,2821	-3,669	8,7350
1,2844	-3,671	8,7400
1,2955	-3,673	8,7450
1,2881	-3,675	8,7500
1,2861	-3,678	8,7550
1,2898	-3,680	8,7600
1,2860	-3,682	8,7650
1,2793	-3,684	8,7700
1,2933	-3,686	8,7750
1,2976	-3,688	8,7800
1,2947	-3,690	8,7850
1,2978	-3,692	8,7900
1,2958	-3,694	8,7950
1,2879	-3,696	8,8000
1,2916	-3,699	8,8050
1,2968	-3,701	8,8100
1,2909	-3,703	8,8150
1,2947	-3,705	8,8200
1,3020	-3,707	8,8250
1,3088	-3,709	8,8300
1,3027	-3,711	8,8350
1,3068	-3,713	8,8400
1,2993	-3,715	8,8450
1,2979	-3,717	8,8500
1,3012	-3,720	8,8550
1,2939	-3,722	8,8600
1,2926	-3,724	8,8650
1,3031	-3,726	8,8700
1,3062	-3,728	8,8750
1,2977	-3,730	8,8800
1,3103	-3,732	8,8850
1,3192	-3,734	8,8900
1,3035	-3,736	8,8950
1,3064	-3,738	8,9000
1,3110	-3,741	8,9050
1,3073	-3,743	8,9100
1,3084	-3,745	8,9150
1,3091	-3,747	8,9200
1,3121	-3,749	8,9250
1,3088	-3,751	8,9300
1,3120	-3,753	8,9350
1,3161	-3,755	8,9400
1,3163	-3,757	8,9450
1,3189	-3,759	8,9500
1,3128	-3,762	8,9550
1,3121	-3,764	8,9600
1,3240	-3,766	8,9650
1,3272	-3,768	8,9700
1,3182	-3,770	8,9750
1,3173	-3,772	8,9800
1,3133	-3,774	8,9850
1,3017	-3,776	8,9900
1,3083	-3,778	8,9950
1,3248	-3,780	9,0000
1,3191	-3,783	9,0050
1,3214	-3,785	9,0100
1,3251	-3,787	9,0150
1,3272	-3,789	9,0200
1,3222	-3,791	9,0250
1,3294	-3,793	9,0300
1,3246	-3,795	9,0350
1,3179	-3,797	9,0400
1,3293	-3,799	9,0450
1,3304	-3,801	9,0500
1,3233	-3,804	9,0550
1,3323	-3,806	9,0600
1,3368	-3,808	9,0650
1,3260	-3,810	9,0700
1,3234	-3,812	9,0750
1,3335	-3,814	9,0800
1,3332	-3,816	9,0850
1,3410	-3,818	9,0900
1,3320	-3,820	9,0950
1,3195	-3,822	9,1000
1,3256	-3,825	9,1050
1,3294	-3,827	9,1100
1,3299	-3,829	9,1150
1,3332	-3,831	9,1200
1,3475	-3,833	9,1250
1,3414	-3,835	9,1300
1,3341	-3,837	9,1350
1,3354	-3,839	9,1400
1,3387	-3,841	9,1450
1,3462	-3,843	9,1500
1,3517	-3,846	9,1550
1,3440	-3,848	9,1600
1,3387	-3,850	9,1650
1,3417	-3,852	9,1700
1,3447	-3,854	9,1750
1,3403	-3,856	9,1800
1,3401	-3,858	9,1850
1,3428	-3,860	9,1900
1,3415	-3,862	9,1950
1,3454	-3,864	9,2000
1,3556	-3,867	9,2050
1,3555	-3,869	9,2100
1,3554	-3,871	9,2150
1,3584	-3,873	9,2200
1,3551	-3,875	9,2250
1,3506	-3,877	9,2300
1,3538	-3,879	9,2350
1,3546	-3,881	9,2400
1,3539	-3,883	9,2450
1,3596	-3,885	9,2500
1,3523	-3,888	9,2550
1,3451	-3,890	9,2600
1,3462	-3,892	9,2650
1,3571	-3,894	9,2700
1,3537	-3,896	9,2750
1,3604	-3,898	9,2800
1,3618	-3,900	9,2850
1,3532	-3,902	9,2900
1,3531	-3,904	9,2950
1,3641	-3,906	9,3000
1,3640	-3,909	9,3050
1,3565	-3,911	9,3100
1,3600	-3,913	9,3150
1,3626	-3,915	9,3200
1,3612	-3,917	9,3250
1,3646	-3,919	9,3300
1,3630	-3,921	9,3350
1,3569	-3,923	9,3400
1,3649	-3,925	9,3450
1,3714	-3,927	9,3500
1,3708	-3,930	9,3550
1,3651	-3,932	9,3600
1,3666	-3,934	9,3650
1,3627	-3,936	9,3700
1,3703	-3,938	9,3750
1,3774	-3,940	9,3800
1,3727	-3,942	9,3850
1,3706	-3,944	9,3900
1,3754	-3,946	9,3950
1,3717	-3,948	9,4000
1,3657	-3,951	9,4050
1,3697	-3,953	9,4100
1,3662	-3,955	9,4150
1,3612	-3,957	9,4200
1,3721	-3,959	9,4250
1,3782	-3,961	9,4300
1,3702	-3,963	9,4350
1,3813	-3,965	9,4400
1,3813	-3,967	9,4450
1,3819	-3,969	9,4500
1,3826	-3,972	9,4550
1,3885	-3,974	9,4600
1,3744	-3,976	9,4650
1,3695	-3,978	9,4700
1,3758	-3,980	9,4750
1,3754	-3,982	9,4800
1,3746	-3,984	9,4850
1,3813	-3,986	9,4900
1,3819	-3,988	9,4950
1,3768	-3,990	9,5000
1,3790	-3,993	9,5050
1,3849	-3,995	9,5100
1,3808	-3,997	9,5150
1,3853	-3,999	9,5200
1,3882	-4,001	9,5250
1,3843	-4,003	9,5300
1,3940	-4,005	9,5350
1,4019	-4,007	9,5400
1,3919	-4,009	9,5450
1,3893	-4,011	9,5500
1,3885	-4,014	9,5550
1,3870	-4,016	9,5600
1,3980	-4,018	9,5650
1,3945	-4,020	9,5700
1,3859	-4,022	9,5750
1,3911	-4,024	9,5800
1,4047	-4,026	9,5850
1,3992	-4,028	9,5900
1,3937	-4,030	9,5950
1,4035	-4,032	9,6000
1,4038	-4,035	9,6050
1,3988	-4,037	9,6100
1,4046	-4,039	9,6150
1,4065	-4,041	9,6200
1,3999	-4,043	9,6250
1,4035	-4,045	9,6300
1,4061	-4,047	9,6350
1,4024	-4,049	9,6400
1,3999	-4,051	9,6450
1,4117	-4,053	9,6500
1,4061	-4,056	9,6550
1,4002	-4,058	9,6600
1,4128	-4,060	9,6650
1,4080	-4,062	9,6700
1,4059	-4,064	9,6750
1,4183	-4,066	9,6800
1,4121	-4,068	9,6850
1,4034	-4,070	9,6900
1,4125	-4,072	9,6950
1,4226	-4,074	9,7000
1,4058	-4,077	9,7050
1,4130	-4,079	9,7100
1,4150	-4,081	9,7150
1,4116	-4,083	9,7200
1,4230	-4,085	9,7250
1,4190	-4,087	9,7300
1,4111	-4,089	9,7350
1,4152	-4,091	9,7400
1,4236	-4,093	9,7450
1,4164	-4,095	9,7500
1,4103	-4,098	9,7550
1,4165	-4,100	9,7600
1,4180	-4,102	9,7650
1,4163	-4,104	9,7700
1,4287	-4,106	9,7750
1,4295	-4,108	9,7800
1,4234	-4,110	9,7850
1,4302	-4,112	9,7900
1,4295	-4,114	9,7950
1,4214	-4,116	9,8000
1,4248	-4,119	9,8050
1,4207	-4,121	9,8100
1,4258	-4,123	9,8150
1,4357	-4,125	9,8200
1,4326	-4,127	9,8250
1,4203	-4,129	9,8300
1,4239	-4,131	9,8350
1,4399	-4,133	9,8400
1,4422	-4,135	9,8450
1,4378	-4,137	9,8500
1,4433	-4,140	9,8550
1,4382	-4,142	9,8600
1,4315	-4,144	9,8650
1,4335	-4,146	9,8700
1,4371	-4,148	9,8750
1,4346	-4,150	9,8800
1,4446	-4,152	9,8850
1,4457	-4,154	9,8900
1,4353	-4,156	9,8950
1,4379	-4,159	9,9000
1,4419	-4,161	9,9050
1,4399	-4,163	9,9100
1,4435	-4,165	9,9150
1,4443	-4,167	9,9200
1,4415	-4,169	9,9250
1,4363	-4,171	9,9300
1,4384	-4,173	9,9350
1,4458	-4,175	9,9400
1,4442	-4,177	9,9450
1,4480	-4,180	9,9500
1,4481	-4,182	9,9550
1,4428	-4,184	9,9600
1,4549	-4,186	9,9650
1,4599	-4,188	9,9700
1,4548	-4,190	9,9750
1,4541	-4,192	9,9800
1,4477	-4,194	9,9850
1,4355	-4,196	9,9900
1,4481	-4,198	9,9950
1,4635	-4,201	10,0000
1,4512	-4,203	10,0050
1,4505	-4,205	10,0100
1,4614	-4,207	10,0150
1,4558	-4,209	10,0200
1,4520	-4,211	10,0250
1,4600	-4,213	10,0300
1,4613	-4,215	10,0350
1,4610	-4,217	10,0400
1,4653	-4,219	10,0450
1,4563	-4,222	10,0500
1,4431	-4,224	10,0550
1,4537	-4,226	10,0600
1,4628	-4,228	10,0650
1,4630	-4,230	10,0700
1,4670	-4,232	10,0750
1,4688	-4,234	10,0800
1,4556	-4,236	10,0850
1,4591	-4,238	10,0900
1,4635	-4,240	10,0950
1,4597	-4,243	10,1000
1,4625	-4,245	10,1050
1,4642	-4,247	10,1100
1,4623	-4,249	10,1150
1,4635	-4,251	10,1200
1,4741	-4,253	10,1250
1,4678	-4,255	10,1300
1,4632	-4,257	10,1350
1,4724	-4,259	10,1400
1,4708	-4,261	10,1450
1,4638	-4,264	10,1500
1,4712	-4,266	10,1550
1,4733	-4,268	10,1600
1,4700	-4,270	10,1650
1,4759	-4,272	10,1700
1,4839	-4,274	10,1750
1,4796	-4,276	10,1800
1,4777	-4,278	10,1850
1,4775	-4,280	10,1900
1,4691	-4,282	10,1950
1,4704	-4,285	10,2000
1,4806	-4,287	10,2050
1,4776	-4,289	10,2100
1,4730	-4,291	10,2150
1,4830	-4,293	10,2200
1,4898	-4,295	10,2250
1,4817	-4,297	10,2300
1,4824	-4,299	10,2350
1,4840	-4,301	10,2400
1,4766	-4,303	10,2450
1,4776	-4,306	10,2500
1,4830	-4,308	10,2550
1,4856	-4,310	10,2600
1,4854	-4,312	10,2650
1,4889	-4,314	10,2700
1,4811	-4,316	10,2750
1,4854	-4,318	10,2800
1,4887	-4,320	10,2850
1,4886	-4,322	10,2900
1,4913	-4,324	10,2950
1,4945	-4,327	10,3000
1,4893	-4,329	10,3050
1,4884	-4,331	10,3100
1,4929	-4,333	10,3150
1,4889	-4,335	10,3200
1,4863	-4,337	10,3250
1,4951	-4,339	10,3300
1,4987	-4,341	10,3350
1,4974	-4,343	10,3400
1,5079	-4,345	10,3450
1,5023	-4,348	10,3500
1,4925	-4,350	10,3550
1,4967	-4,352	10,3600
1,5050	-4,354	10,3650
1,4961	-4,356	10,3700
1,4969	-4,358	10,3750
1,5007	-4,360	10,3800
1,4931	-4,362	10,3850
1,4961	-4,364	10,3900
1,5075	-4,366	10,3950
1,5049	-4,369	10,4000
1,4995	-4,371	10,4050
1,5069	-4,373	10,4100
1,5098	-4,375	10,4150
1,4985	-4,377	10,4200
1,5068	-4,379	10,4250
1,5112	-4,381	10,4300
1,5046	-4,383	10,4350
1,5085	-4,385	10,4400
1,5034	-4,387	10,4450
1,5030	-4,390	10,4500
1,5078	-4,392	10,4550
1,5156	-4,394	10,4600
1,5088	-4,396	10,4650
1,5068	-4,398	10,4700
1,5110	-4,400	10,4750
1,5017	-4,402	10,4800
1,5054	-4,404	10,4850
1,5222	-4,406	10,4900
1,5204	-4,408	10,4950
1,5189	-4,411	10,5000
1,5241	-4,413	10,5050
1,5191	-4,415	10,5100
1,5137	-4,417	10,5150
1,5120	-4,419	10,5200
1,5193	-4,421	10,5250
1,5196	-4,423	10,5300
1,5231	-4,425	10,5350
1,5241	-4,427	10,5400
1,5210	-4,429	10,5450
1,5118	-4,432	10,5500
1,5181	-4,434	10,5550
1,5213	-4,436	10,5600
1,5249	-4,438	10,5650
1,5322	-4,440	10,5700
1,5221	-4,442	10,5750
1,5222	-4,444	10,5800
1,5357	-4,446	10,5850
1,5281	-4,448	10,5900
1,5253	-4,450	10,5950
1,5372	-4,453	10,6000
1,5372	-4,455	10,6050
1,5348	-4,457	10,6100
1,5398	-4,459	10,6150
1,5361	-4,461	10,6200
1,5267	-4,463	10,6250
1,5340	-4,465	10,6300
1,5348	-4,467	10,6350
1,5387	-4,469	10,6400
1,5319	-4,471	10,6450
1,5344	-4,474	10,6500
1,5329	-4,476	10,6550
1,5304	-4,478	10,6600
1,5333	-4,480	10,6650
1,5315	-4,482	10,6700
1,5295	-4,484	10,6750
1,5404	-4,486	10,6800
1,5402	-4,488	10,6850
1,5433	-4,490	10,6900
1,5496	-4,492	10,6950
1,5493	-4,495	10,7000
1,5436	-4,497	10,7050
1,5484	-4,499	10,7100
1,5426	-4,501	10,7150
1,5380	-4,503	10,7200
1,5440	-4,505	10,7250
1,5493	-4,507	10,7300
1,5529	-4,509	10,7350
1,5445	-4,511	10,7400
1,5520	-4,513	10,7450
1,5530	-4,516	10,7500
1,5488	-4,518	10,7550
1,5556	-4,520	10,7600
1,5464	-4,522	10,7650
1,5384	-4,524	10,7700
1,5531	-4,526	10,7750
1,5570	-4,528	10,7800
1,5476	-4,530	10,7850
1,5490	-4,532	10,7900
1,5532	-4,534	10,7950
1,5485	-4,537	10,8000
1,5553	-4,539	10,8050
1,5560	-4,541	10,8100
1,5424	-4,543	10,8150
1,5515	-4,545	10,8200
1,5613	-4,547	10,8250
1,5638	-4,549	10,8300
1,5608	-4,551	10,8350
1,5627	-4,553	10,8400
1,5516	-4,555	10,8450
1,5548	-4,558	10,8500
1,5699	-4,560	10,8550
1,5684	-4,562	10,8600
1,5608	-4,564	10,8650
1,5646	-4,566	10,8700
1,5634	-4,568	10,8750
1,5580	-4,570	10,8800
1,5562	-4,572	10,8850
1,5639	-4,574	10,8900
1,5669	-4,576	10,8950
1,5663	-4,579	10,9000
1,5672	-4,581	10,9050
1,5645	-4,583	10,9100
1,5690	-4,585	10,9150
1,5743	-4,587	10,9200
1,5743	-4,589	10,9250
1,5707	-4,591	10,9300
1,5746	-4,593	10,9350
1,5715	-4,595	10,9400
1,5659	-4,597	10,9450
1,5745	-4,600	10,9500
1,5704	-4,602	10,9550
1,5701	-4,604	10,9600
1,5811	-4,606	10,9650
1,5685	-4,608	10,9700
1,5663	-4,610	10,9750
1,5804	-4,612	10,9800
1,5858	-4,614	10,9850
1,5745	-4,616	10,9900
1,5746	-4,618	10,9950
1,5789	-4,621	11,0000
1,5738	-4,623	11,0050
1,5801	-4,625	11,0100
1,5830	-4,627	11,0150
1,5825	-4,629	11,0200
1,5835	-4,631	11,0250
1,5890	-4,633	11,0300
1,5862	-4,635	11,0350
1,5850	-4,637	11,0400
1,5879	-4,639	11,0450
1,5873	-4,642	11,0500
1,5810	-4,644	11,0550
1,5857	-4,646	11,0600
1,5878	-4,648	11,0650
1,5803	-4,650	11,0700
1,5842	-4,652	11,0750
1,5904	-4,654	11,0800
1,5867	-4,656	11,0850
1,5855	-4,658	11,0900
1,5861	-4,660	11,0950
1,5840	-4,663	11,1000
1,5839	-4,665	11,1050
1,5923	-4,667	11,1100
1,5988	-4,669	11,1150
1,5929	-4,671	11,1200
1,6028	-4,673	11,1250
1,6006	-4,675	11,1300
1,5936	-4,677	11,1350
1,5968	-4,679	11,1400
1,6014	-4,681	11,1450
1,6040	-4,684	11,1500
1,6126	-4,686	11,1550
1,6063	-4,688	11,1600
1,6019	-4,690	11,1650
1,5994	-4,692	11,1700
1,6060	-4,694	11,1750
1,6011	-4,696	11,1800
1,6054	-4,698	11,1850
1,6101	-4,700	11,1900
1,6002	-4,702	11,1950
1,6023	-4,705	11,2000
1,6145	-4,707	11,2050
1,6163	-4,709	11,2100
1,6094	-4,711	11,2150
1,6120	-4,713	11,2200
1,6016	-4,715	11,2250
1,5932	-4,717	11,2300
1,6094	-4,719	11,2350
1,6162	-4,721	11,2400
1,6095	-4,723	11,2450
1,6119	-4,726	11,2500
1,6058	-4,728	11,2550
1,6019	-4,730	11,2600
1,6121	-4,732	11,2650
1,6210	-4,734	11,2700
1,6090	-4,736	11,2750
1,6082	-4,738	11,2800
1,6171	-4,740	11,2850
1,6148	-4,742	11,2900
1,6139	-4,744	11,2950
1,6184	-4,747	11,3000
1,6179	-4,749	11,3050
1,6192	-4,751	11,3100
1,6277	-4,753	11,3150
1,6294	-4,755	11,3200
1,6285	-4,757	11,3250
1,6289	-4,759	11,3300
1,6235	-4,761	11,3350
1,6160	-4,763	11,3400
1,6219	-4,765	11,3450
1,6211	-4,768	11,3500
1,6153	-4,770	11,3550
1,6207	-4,772	11,3600
1,6343	-4,774	11,3650
1,6248	-4,776	11,3700
1,6243	-4,778	11,3750
1,6363	-4,780	11,3800
1,6377	-4,782	11,3850
1,6351	-4,784	11,3900
1,6380	-4,786	11,3950
1,6420	-4,789	11,4000
1,6358	-4,791	11,4050
1,6358	-4,793	11,4100
1,6353	-4,795	11,4150
1,6338	-4,797	11,4200
1,6355	-4,799	11,4250
1,6380	-4,801	11,4300
1,6347	-4,803	11,4350
1,6408	-4,805	11,4400
1,6407	-4,807	11,4450
1,6367	-4,810	11,4500
1,6329	-4,812	11,4550
1,6402	-4,814	11,4600
1,6378	-4,816	11,4650
1,6382	-4,818	11,4700
1,6439	-4,820	11,4750
1,6370	-4,822	11,4800
1,6367	-4,824	11,4850
1,6551	-4,826	11,4900
1,6557	-4,828	11,4950
1,6421	-4,831	11,5000
1,6440	-4,833	11,5050
1,6471	-4,835	11,5100
1,6482	-4,837	11,5150
1,6536	-4,839	11,5200
1,6546	-4,841	11,5250
1,6404	-4,843	11,5300
1,6463	-4,845	11,5350
1,6564	-4,847	11,5400
1,6538	-4,849	11,5450
1,6532	-4,852	11,5500
1,6583	-4,854	11,5550
1,6550	-4,856	11,5600
1,6537	-4,858	11,5650
1,6579	-4,860	11,5700
1,6560	-4,862	11,5750
1,6538	-4,864	11,5800
1,6613	-4,866	11,5850
1,6572	-4,868	11,5900
1,6515	-4,870	11,5950
1,6554	-4,873	11,6000
1,6533	-4,875	11,6050
1,6555	-4,877	11,6100
1,6609	-4,879	11,6150
1,6557	-4,881	11,6200
1,6501	-4,883	11,6250
1,6605	-4,885	11,6300
1,6627	-4,887	11,6350
1,6571	-4,889	11,6400
1,6562	-4,891	11,6450
1,6672	-4,894	11,6500
1,6663	-4,896	11,6550
1,6604	-4,898	11,6600
1,6619	-4,900	11,6650
1,6652	-4,902	11,6700
1,6636	-4,904	11,6750
1,6693	-4,906	11,6800
1,6667	-4,908	11,6850
1,6616	-4,910	11,6900
1,6696	-4,912	11,6950
1,6739	-4,915	11,7000
1,6688	-4,917	11,7050
1,6758	-4,919	11,7100
1,6788	-4,921	11,7150
1,6750	-4,923	11,7200
1,6848	-4,925	11,7250
1,6842	-4,927	11,7300
1,6819	-4,929	11,7350
1,6772	-4,931	11,7400
1,6749	-4,933	11,7450
1,6688	-4,936	11,7500
1,6773	-4,938	11,7550
1,6942	-4,940	11,7600
1,6880	-4,942	11,7650
1,6778	-4,944	11,7700
1,6816	-4,946	11,7750
1,6821	-4,948	11,7800
1,6778	-4,950	11,7850
1,6836	-4,952	11,7900
1,6933	-4,954	11,7950
1,6857	-4,957	11,8000
1,6848	-4,959	11,8050
1,6871	-4,961	11,8100
1,6764	-4,963	11,8150
1,6791	-4,965	11,8200
1,6954	-4,967	11,8250
1,6993	-4,969	11,8300
1,6958	-4,971	11,8350
1,6948	-4,973	11,8400
1,6844	-4,975	11,8450
1,6860	-4,978	11,8500
1,6918	-4,980	11,8550
1,6837	-4,982	11,8600
1,6731	-4,984	11,8650
1,6844	-4,986	11,8700
1,6895	-4,988	11,8750
1,6902	-4,990	11,8800
1,6968	-4,992	11,8850
1,7014	-4,994	11,8900
1,6914	-4,996	11,8950
1,6923	-4,999	11,9000
1,6844	-5,001	11,9050
1,6806	-5,003	11,9100
1,6903	-5,005	11,9150
1,6986	-5,007	11,9200
1,6922	-5,009	11,9250
1,6883	-5,011	11,9300
1,7017	-5,013	11,9350
1,7012	-5,015	11,9400
1,7030	-5,017	11,9450
1,7077	-5,020	11,9500
1,7011	-5,022	11,9550
1,6954	-5,024	11,9600
1,7006	-5,026	11,9650
1,7055	-5,028	11,9700
1,7062	-5,030	11,9750
1,7046	-5,032	11,9800
1,7054	-5,034	11,9850
1,7049	-5,036	11,9900
1,7151	-5,038	11,9950
1,7147	-5,041	12,0000
1,7039	-5,043	12,0050
1,7104	-5,045	12,0100
1,7156	-5,047	12,0150
1,7128	-5,049	12,0200
1,7081	-5,051	12,0250
1,7158	-5,053	12,0300
1,7162	-5,055	12,0350
1,7128	-5,057	12,0400
1,7160	-5,059	12,0450
1,7151	-5,062	12,0500
1,7037	-5,064	12,0550
1,7100	-5,066	12,0600
1,7136	-5,068	12,0650
1,7133	-5,070	12,0700
1,7201	-5,072	12,0750
1,7261	-5,074	12,0800
1,7152	-5,076	12,0850
1,7126	-5,078	12,0900
1,7158	-5,080	12,0950
1,7176	-5,083	12,1000
1,7248	-5,085	12,1050
1,7315	-5,087	12,1100
1,7204	-5,089	12,1150
1,7101	-5,091	12,1200
1,7221	-5,093	12,1250
1,7253	-5,095	12,1300
1,7198	-5,097	12,1350
1,7232	-5,099	12,1400
1,7251	-5,101	12,1450
1,7233	-5,104	12,1500
1,7311	-5,106	12,1550
1,7267	-5,108	12,1600
1,7227	-5,110	12,1650
1,7284	-5,112	12,1700
1,7326	-5,114	12,1750
1,7264	-5,116	12,1800
1,7309	-5,118	12,1850
1,7367	-5,120	12,1900
1,7314	-5,122	12,1950
1,7356	-5,125	12,2000
1,7462	-5,127	12,2050
1,7481	-5,129	12,2100
1,7382	-5,131	12,2150
1,7392	-5,133	12,2200
1,7411	-5,135	12,2250
1,7350	-5,137	12,2300
1,7409	-5,139	12,2350
1,7337	-5,141	12,2400
1,7226	-5,143	12,2450
1,7308	-5,146	12,2500
1,7407	-5,148	12,2550
1,7425	-5,150	12,2600
1,7424	-5,152	12,2650
1,7462	-5,154	12,2700
1,7419	-5,156	12,2750
1,7467	-5,158	12,2800
1,7458	-5,160	12,2850
1,7350	-5,162	12,2900
1,7428	-5,164	12,2950
1,7520	-5,167	12,3000
1,7496	-5,169	12,3050
1,7439	-5,171	12,3100
1,7482	-5,173	12,3150
1,7424	-5,175	12,3200
1,7411	-5,177	12,3250
1,7436	-5,179	12,3300
1,7490	-5,181	12,3350
1,7495	-5,183	12,3400
1,7540	-5,185	12,3450
1,7575	-5,188	12,3500
1,7538	-5,190	12,3550
1,7518	-5,192	12,3600
1,7598	-5,194	12,3650
1,7453	-5,196	12,3700
1,7514	-5,198	12,3750
1,7595	-5,200	12,3800
1,7514	-5,202	12,3850
1,7480	-5,204	12,3900
1,7552	-5,206	12,3950
1,7542	-5,209	12,4000
1,7515	-5,211	12,4050
1,7573	-5,213	12,4100
1,7606	-5,215	12,4150
1,7600	-5,217	12,4200
1,7659	-5,219	12,4250
1,7656	-5,221	12,4300
1,7642	-5,223	12,4350
1,7721	-5,225	12,4400
1,7676	-5,227	12,4450
1,7685	-5,230	12,4500
1,7675	-5,232	12,4550
1,7690	-5,234	12,4600
1,7635	-5,236	12,4650
1,7685	-5,238	12,4700
1,7742	-5,240	12,4750
1,7684	-5,242	12,4800
1,7661	-5,244	12,4850
1,7768	-5,246	12,4900
1,7686	-5,248	12,4950
1,7578	-5,251	12,5000
1,7695	-5,253	12,5050
1,7847	-5,255	12,5100
1,7909	-5,257	12,5150
1,7827	-5,259	12,5200
1,7721	-5,261	12,5250
1,7656	-5,263	12,5300
1,7727	-5,265	12,5350
1,7748	-5,267	12,5400
1,7720	-5,269	12,5450
1,7753	-5,272	12,5500
1,7807	-5,274	12,5550
1,7783	-5,276	12,5600
1,7779	-5,278	12,5650
1,7814	-5,280	12,5700
1,7723	-5,282	12,5750
1,7738	-5,284	12,5800
1,7859	-5,286	12,5850
1,7881	-5,288	12,5900
1,7888	-5,290	12,5950
1,7864	-5,293	12,6000
1,7786	-5,295	12,6050
1,7774	-5,297	12,6100
1,7881	-5,299	12,6150
1,7878	-5,301	12,6200
1,7763	-5,303	12,6250
1,7843	-5,305	12,6300
1,7938	-5,307	12,6350
1,7903	-5,309	12,6400
1,7848	-5,311	12,6450
1,7859	-5,314	12,6500
1,7761	-5,316	12,6550
1,7748	-5,318	12,6600
1,7818	-5,320	12,6650
1,7837	-5,322	12,6700
1,7878	-5,324	12,6750
1,7960	-5,326	12,6800
1,7930	-5,328	12,6850
1,7871	-5,330	12,6900
1,7932	-5,332	12,6950
1,7961	-5,335	12,7000
1,7853	-5,337	12,7050
1,7902	-5,339	12,7100
1,7943	-5,341	12,7150
1,7913	-5,343	12,7200
1,8004	-5,345	12,7250
1,8040	-5,347	12,7300
1,7973	-5,349	12,7350
1,7963	-5,351	12,7400
1,8050	-5,353	12,7450
1,7987	-5,356	12,7500
1,7993	-5,358	12,7550
1,8062	-5,360	12,7600
1,8033	-5,362	12,7650
1,7966	-5,364	12,7700
1,7993	-5,366	12,7750
1,7985	-5,368	12,7800
1,7980	-5,370	12,7850
1,8071	-5,372	12,7900
1,8118	-5,374	12,7950
1,8024	-5,377	12,8000
1,8068	-5,379	12,8050
1,8100	-5,381	12,8100
1,8023	-5,383	12,8150
1,8033	-5,385	12,8200
1,8085	-5,387	12,8250
1,8109	-5,389	12,8300
1,8038	-5,391	12,8350
1,8095	-5,393	12,8400
1,8110	-5,395	12,8450
1,8119	-5,398	12,8500
1,8228	-5,400	12,8550
1,8195	-5,402	12,8600
1,8143	-5,404	12,8650
1,8209	-5,406	12,8700
1,8264	-5,408	12,8750
1,8194	-5,410	12,8800
1,8212	-5,412	12,8850
1,8288	-5,414	12,8900
1,8273	-5,416	12,8950
1,8269	-5,419	12,9000
1,8256	-5,421	12,9050
1,8205	-5,423	12,9100
1,8215	-5,425	12,9150
1,8273	-5,427	12,9200
1,8266	-5,429	12,9250
1,8228	-5,431	12,9300
1,8254	-5,433	12,9350
1,8178	-5,435	12,9400
1,8219	-5,437	12,9450
1,8267	-5,440	12,9500
1,8281	-5,442	12,9550
1,8210	-5,444	12,9600
1,8253	-5,446	12,9650
1,8268	-5,448	12,9700
1,8264	-5,450	12,9750
1,8324	-5,452	12,9800
1,8325	-5,454	12,9850
1,8279	-5,456	12,9900
1,8336	-5,458	12,9950
1,8334	-5,461	13,0000
1,8273	-5,463	13,0050
1,8338	-5,465	13,0100
1,8441	-5,467	13,0150
1,8464	-5,469	13,0200
1,8311	-5,471	13,0250
1,8279	-5,473	13,0300
1,8258	-5,475	13,0350
1,8300	-5,477	13,0400
1,8404	-5,479	13,0450
1,8394	-5,482	13,0500
1,8373	-5,484	13,0550
1,8430	-5,486	13,0600
1,8422	-5,488	13,0650
1,8396	-5,490	13,0700
1,8431	-5,492	13,0750
1,8469	-5,494	13,0800
1,8406	-5,496	13,0850
1,8403	-5,498	13,0900
1,8442	-5,500	13,0950
1,8408	-5,503	13,1000
1,8427	-5,505	13,1050
1,8493	-5,507	13,1100
1,8411	-5,509	13,1150
1,8427	-5,511	13,1200
1,8500	-5,513	13,1250
1,8451	-5,515	13,1300
1,8392	-5,517	13,1350
1,8478	-5,519	13,1400
1,8414	-5,521	13,1450
1,8360	-5,524	13,1500
1,8532	-5,526	13,1550
1,8544	-5,528	13,1600
1,8504	-5,530	13,1650
1,8538	-5,532	13,1700
1,8553	-5,534	13,1750
1,8456	-5,536	13,1800
1,8568	-5,538	13,1850
1,8635	-5,540	13,1900
1,8534	-5,542	13,1950
1,8559	-5,545	13,2000
1,8724	-5,547	13,2050
1,8663	-5,549	13,2100
1,8531	-5,551	13,2150
1,8641	-5,553	13,2200
1,8648	-5,555	13,2250
1,8618	-5,557	13,2300
1,8739	-5,559	13,2350
1,8724	-5,561	13,2400
1,8583	-5,563	13,2450
1,8622	-5,566	13,2500
1,8674	-5,568	13,2550
1,8655	-5,570	13,2600
1,8650	-5,572	13,2650
1,8674	-5,574	13,2700
1,8581	-5,576	13,2750
1,8632	-5,578	13,2800
1,8737	-5,580	13,2850
1,8663	-5,582	13,2900
1,8659	-5,584	13,2950
1,8741	-5,587	13,3000
1,8747	-5,589	13,3050
1,8708	-5,591	13,3100
1,8779	-5,593	13,3150
1,8739	-5,595	13,3200
1,8655	-5,597	13,3250
1,8686	-5,599	13,3300
1,8673	-5,601	13,3350
1,8671	-5,603	13,3400
1,8746	-5,605	13,3450
1,8742	-5,608	13,3500
1,8726	-5,610	13,3550
1,8767	-5,612	13,3600
1,8763	-5,614	13,3650
1,8697	-5,616	13,3700
1,8811	-5,618	13,3750
1,8844	-5,620	13,3800
1,8743	-5,622	13,3850
1,8729	-5,624	13,3900
1,8852	-5,626	13,3950
1,8852	-5,629	13,4000
1,8738	-5,631	13,4050
1,8815	-5,633	13,4100
1,8802	-5,635	13,4150
1,8801	-5,637	13,4200
1,8877	-5,639	13,4250
1,8868	-5,641	13,4300
1,8803	-5,643	13,4350
1,8857	-5,645	13,4400
1,8837	-5,647	13,4450
1,8816	-5,650	13,4500
1,8826	-5,652	13,4550
1,8900	-5,654	13,4600
1,8858	-5,656	13,4650
1,8843	-5,658	13,4700
1,8897	-5,660	13,4750
1,8821	-5,662	13,4800
1,8784	-5,664	13,4850
1,8936	-5,666	13,4900
1,8931	-5,668	13,4950
1,8912	-5,671	13,5000
1,8999	-5,673	13,5050
1,8942	-5,675	13,5100
1,8820	-5,677	13,5150
1,8925	-5,679	13,5200
1,8985	-5,681	13,5250
1,8903	-5,683	13,5300
1,8976	-5,685	13,5350
1,9004	-5,687	13,5400
1,8959	-5,689	13,5450
1,8912	-5,692	13,5500
1,8956	-5,694	13,5550
1,8950	-5,696	13,5600
1,8980	-5,698	13,5650
1,9029	-5,700	13,5700
1,8981	-5,702	13,5750
1,8953	-5,704	13,5800
1,9005	-5,706	13,5850
1,8983	-5,708	13,5900
1,9045	-5,710	13,5950
1,9136	-5,713	13,6000
1,9110	-5,715	13,6050
1,9020	-5,717	13,6100
1,9039	-5,719	13,6150
1,9094	-5,721	13,6200
1,9107	-5,723	13,6250
1,9150	-5,725	13,6300
1,9152	-5,727	13,6350
1,9085	-5,729	13,6400
1,9100	-5,731	13,6450
1,9231	-5,734	13,6500
1,9131	-5,736	13,6550
1,9088	-5,738	13,6600
1,9193	-5,740	13,6650
1,9145	-5,742	13,6700
1,9115	-5,744	13,6750
1,9140	-5,746	13,6800
1,9106	-5,748	13,6850
1,9069	-5,750	13,6900
1,9165	-5,752	13,6950
1,9186	-5,755	13,7000
1,9188	-5,757	13,7050
1,9270	-5,759	13,7100
1,9252	-5,761	13,7150
1,9176	-5,763	13,7200
1,9280	-5,765	13,7250
1,9302	-5,767	13,7300
1,9225	-5,769	13,7350
1,9151	-5,771	13,7400
1,9224	-5,773	13,7450
1,9199	-5,776	13,7500
1,9176	-5,778	13,7550
1,9282	-5,780	13,7600
1,9238	-5,782	13,7650
1,9241	-5,784	13,7700
1,9292	-5,786	13,7750
1,9282	-5,788	13,7800
1,9309	-5,790	13,7850
1,9369	-5,792	13,7900
1,9415	-5,794	13,7950
1,9358	-5,797	13,8000
1,9397	-5,799	13,8050
1,9316	-5,801	13,8100
1,9164	-5,803	13,8150
1,9218	-5,805	13,8200
1,9316	-5,807	13,8250
1,9276	-5,809	13,8300
1,9367	-5,811	13,8350
1,9448	-5,813	13,8400
1,9382	-5,815	13,8450
1,9430	-5,818	13,8500
1,9521	-5,820	13,8550
1,9414	-5,822	13,8600
1,9305	-5,824	13,8650
1,9376	-5,826	13,8700
1,9375	-5,828	13,8750
1,9315	-5,830	13,8800
1,9352	-5,832	13,8850
1,9426	-5,834	13,8900
1,9431	-5,836	13,8950
1,9473	-5,839	13,9000
1,9462	-5,841	13,9050
1,9417	-5,843	13,9100
1,9503	-5,845	13,9150
1,9546	-5,847	13,9200
1,9510	-5,849	13,9250
1,9504	-5,851	13,9300
1,9440	-5,853	13,9350
1,9315	-5,855	13,9400
1,9373	-5,857	13,9450
1,9508	-5,860	13,9500
1,9529	-5,862	13,9550
1,9449	-5,864	13,9600
1,9481	-5,866	13,9650
1,9464	-5,868	13,9700
1,9418	-5,870	13,9750
1,9446	-5,872	13,9800
1,9607	-5,874	13,9850
1,9509	-5,876	13,9900
1,9455	-5,878	13,9950
1,9488	-5,881	14,0000
1,9495	-5,883	14,0050
1,9549	-5,885	14,0100
1,9615	-5,887	14,0150
1,9591	-5,889	14,0200
1,9471	-5,891	14,0250
1,9523	-5,893	14,0300
1,9570	-5,895	14,0350
1,9517	-5,897	14,0400
1,9554	-5,899	14,0450
1,9537	-5,902	14,0500
1,9528	-5,904	14,0550
1,9637	-5,906	14,0600
1,9626	-5,908	14,0650
1,9594	-5,910	14,0700
1,9671	-5,912	14,0750
1,9679	-5,914	14,0800
1,9576	-5,916	14,0850
1,9620	-5,918	14,0900
1,9649	-5,920	14,0950
1,9620	-5,923	14,1000
1,9668	-5,925	14,1050
1,9743	-5,927	14,1100
1,9710	-5,929	14,1150
1,9652	-5,931	14,1200
1,9703	-5,933	14,1250
1,9749	-5,935	14,1300
1,9798	-5,937	14,1350
1,9867	-5,939	14,1400
1,9797	-5,941	14,1450
1,9663	-5,944	14,1500
1,9680	-5,946	14,1550
1,9714	-5,948	14,1600
1,9800	-5,950	14,1650
1,9741	-5,952	14,1700
1,9761	-5,954	14,1750
1,9761	-5,956	14,1800
1,9783	-5,958	14,1850
1,9750	-5,960	14,1900
1,9683	-5,962	14,1950
1,9724	-5,965	14,2000
1,9838	-5,967	14,2050
1,9750	-5,969	14,2100
1,9683	-5,971	14,2150
1,9775	-5,973	14,2200
1,9812	-5,975	14,2250
1,9786	-5,977	14,2300
1,9838	-5,979	14,2350
1,9832	-5,981	14,2400
1,9762	-5,983	14,2450
1,9809	-5,986	14,2500
1,9823	-5,988	14,2550
1,9815	-5,990	14,2600
1,9776	-5,992	14,2650
1,9829	-5,994	14,2700
1,9822	-5,996	14,2750
1,9874	-5,998	14,2800
1,9927	-6,000	14,2850
1,9895	-6,002	14,2900
1,9920	-6,004	14,2950
2,0018	-6,007	14,3000
1,9987	-6,009	14,3050
1,9938	-6,011	14,3100
2,0044	-6,013	14,3150
2,0021	-6,015	14,3200
1,9965	-6,017	14,3250
2,0008	-6,019	14,3300
1,9943	-6,021	14,3350
1,9917	-6,023	14,3400
2,0003	-6,025	14,3450
1,9976	-6,028	14,3500
1,9974	-6,030	14,3550
1,9980	-6,032	14,3600
1,9981	-6,034	14,3650
1,9965	-6,036	14,3700
2,0008	-6,038	14,3750
2,0037	-6,040	14,3800
1,9971	-6,042	14,3850
1,9980	-6,044	14,3900
2,0053	-6,046	14,3950
2,0039	-6,049	14,4000
1,9941	-6,051	14,4050
2,0006	-6,053	14,4100
2,0070	-6,055	14,4150
2,0025	-6,057	14,4200
2,0036	-6,059	14,4250
2,0025	-6,061	14,4300
2,0006	-6,063	14,4350
2,0017	-6,065	14,4400
2,0028	-6,067	14,4450
2,0042	-6,070	14,4500
2,0088	-6,072	14,4550
2,0173	-6,074	14,4600
2,0105	-6,076	14,4650
2,0106	-6,078	14,4700
2,0119	-6,080	14,4750
2,0078	-6,082	14,4800
2,0066	-6,084	14,4850
2,0126	-6,086	14,4900
2,0197	-6,088	14,4950
2,0228	-6,091	14,5000
2,0279	-6,093	14,5050
2,0171	-6,095	14,5100
2,0051	-6,097	14,5150
2,0196	-6,099	14,5200
2,0217	-6,101	14,5250
2,0147	-6,103	14,5300
2,0140	-6,105	14,5350
2,0167	-6,107	14,5400
2,0176	-6,109	14,5450
2,0152	-6,112	14,5500
2,0189	-6,114	14,5550
2,0163	-6,116	14,5600
2,0248	-6,118	14,5650
2,0315	-6,120	14,5700
2,0213	-6,122	14,5750
2,0176	-6,124	14,5800
2,0274	-6,126	14,5850
2,0265	-6,128	14,5900
2,0197	-6,130	14,5950
2,0177	-6,133	14,6000
2,0234	-6,135	14,6050
2,0170	-6,137	14,6100
2,0292	-6,139	14,6150
2,0302	-6,141	14,6200
2,0176	-6,143	14,6250
2,0213	-6,145	14,6300
2,0238	-6,147	14,6350
2,0227	-6,149	14,6400
2,0279	-6,151	14,6450
2,0380	-6,154	14,6500
2,0265	-6,156	14,6550
2,0268	-6,158	14,6600
2,0378	-6,160	14,6650
2,0367	-6,162	14,6700
2,0359	-6,164	14,6750
2,0400	-6,166	14,6800
2,0356	-6,168	14,6850
2,0325	-6,170	14,6900
2,0389	-6,172	14,6950
2,0394	-6,175	14,7000
2,0360	-6,177	14,7050
2,0392	-6,179	14,7100
2,0377	-6,181	14,7150
2,0307	-6,183	14,7200
2,0398	-6,185	14,7250
2,0418	-6,187	14,7300
2,0376	-6,189	14,7350
2,0405	-6,191	14,7400
2,0540	-6,193	14,7450
2,0537	-6,196	14,7500
2,0510	-6,198	14,7550
2,0512	-6,200	14,7600
2,0476	-6,202	14,7650
2,0465	-6,204	14,7700
2,0502	-6,206	14,7750
2,0434	-6,208	14,7800
2,0366	-6,210	14,7850
2,0444	-6,212	14,7900
2,0483	-6,214	14,7950
2,0461	-6,217	14,8000
2,0539	-6,219	14,8050
2,0583	-6,221	14,8100
2,0489	-6,223	14,8150
2,0482	-6,225	14,8200
2,0539	-6,227	14,8250
2,0534	-6,229	14,8300
2,0546	-6,231	14,8350
2,0627	-6,233	14,8400
2,0564	-6,235	14,8450
2,0479	-6,238	14,8500
2,0524	-6,240	14,8550
2,0512	-6,242	14,8600
2,0459	-6,244	14,8650
2,0561	-6,246	14,8700
2,0580	-6,248	14,8750
2,0502	-6,250	14,8800
2,0591	-6,252	14,8850
2,0607	-6,254	14,8900
2,0545	-6,256	14,8950
2,0614	-6,259	14,9000
2,0595	-6,261	14,9050
2,0565	-6,263	14,9100
2,0677	-6,265	14,9150
2,0732	-6,267	14,9200
2,0622	-6,269	14,9250
2,0585	-6,271	14,9300
2,0749	-6,273	14,9350
2,0728	-6,275	14,9400
2,0682	-6,277	14,9450
2,0760	-6,280	14,9500
2,0714	-6,282	14,9550
2,0649	-6,284	14,9600
2,0690	-6,286	14,9650
2,0708	-6,288	14,9700
2,0662	-6,290	14,9750
2,0700	-6,292	14,9800
2,0700	-6,294	14,9850
2,0723	-6,296	14,9900
2,0763	-6,298	14,9950
2,0747	-6,301	15,0000
2,0690	-6,303	15,0050
2,0711	-6,305	15,0100
2,0846	-6,307	15,0150
2,0831	-6,309	15,0200
2,0743	-6,311	15,0250
2,0767	-6,313	15,0300
2,0717	-6,315	15,0350
2,0690	-6,317	15,0400
2,0838	-6,319	15,0450
2,0846	-6,322	15,0500
2,0808	-6,324	15,0550
2,0827	-6,326	15,0600
2,0811	-6,328	15,0650
2,0762	-6,330	15,0700
2,0848	-6,332	15,0750
2,0909	-6,334	15,0800
2,0794	-6,336	15,0850
2,0875	-6,338	15,0900
2,0899	-6,340	15,0950
2,0790	-6,343	15,1000
2,0764	-6,345	15,1050
2,0875	-6,347	15,1100
2,0911	-6,349	15,1150
2,0885	-6,351	15,1200
2,0976	-6,353	15,1250
2,0912	-6,355	15,1300
2,0846	-6,357	15,1350
2,0896	-6,359	15,1400
2,0867	-6,361	15,1450
2,0829	-6,364	15,1500
2,0909	-6,366	15,1550
2,0903	-6,368	15,1600
2,0919	-6,370	15,1650
2,0912	-6,372	15,1700
2,0871	-6,374	15,1750
2,0792	-6,376	15,1800
2,0921	-6,378	15,1850
2,0942	-6,380	15,1900
2,0882	-6,382	15,1950
2,0927	-6,385	15,2000
2,1011	-6,387	15,2050
2,0974	-6,389	15,2100
2,1006	-6,391	15,2150
2,1105	-6,393	15,2200
2,1025	-6,395	15,2250
2,0918	-6,397	15,2300
2,1053	-6,399	15,2350
2,1049	-6,401	15,2400
2,1025	-6,403	15,2450
2,1064	-6,406	15,2500
2,1114	-6,408	15,2550
2,1110	-6,410	15,2600
2,1151	-6,412	15,2650
2,1160	-6,414	15,2700
2,1079	-6,416	15,2750
2,0998	-6,418	15,2800
2,1086	-6,420	15,2850
2,1102	-6,422	15,2900
2,1105	-6,424	15,2950
2,1198	-6,427	15,3000
2,1172	-6,429	15,3050
2,1064	-6,431	15,3100
2,1079	-6,433	15,3150
2,1090	-6,435	15,3200
2,1060	-6,437	15,3250
2,1135	-6,439	15,3300
2,1157	-6,441	15,3350
2,1148	-6,443	15,3400
2,1203	-6,445	15,3450
2,1181	-6,448	15,3500
2,1168	-6,450	15,3550
2,1176	-6,452	15,3600
2,1254	-6,454	15,3650
2,1233	-6,456	15,3700
2,1288	-6,458	15,3750
2,1266	-6,460	15,3800
2,1131	-6,462	15,3850
2,1115	-6,464	15,3900
2,1209	-6,466	15,3950
2,1210	-6,469	15,4000
2,1169	-6,471	15,4050
2,1294	-6,473	15,4100
2,1266	-6,475	15,4150
2,1153	-6,477	15,4200
2,1216	-6,479	15,4250
2,1202	-6,481	15,4300
2,1211	-6,483	15,4350
2,1264	-6,485	15,4400
2,1253	-6,487	15,4450
2,1279	-6,490	15,4500
2,1303	-6,492	15,4550
2,1347	-6,494	15,4600
2,1293	-6,496	15,4650
2,1331	-6,498	15,4700
2,1440	-6,500	15,4750
2,1379	-6,502	15,4800
2,1272	-6,504	15,4850
2,1360	-6,506	15,4900
2,1407	-6,508	15,4950
2,1345	-6,511	15,5000
2,1370	-6,513	15,5050
2,1363	-6,515	15,5100
2,1299	-6,517	15,5150
2,1352	-6,519	15,5200
2,1313	-6,521	15,5250
2,1286	-6,523	15,5300
2,1369	-6,525	15,5350
2,1394	-6,527	15,5400
2,1406	-6,529	15,5450
2,1430	-6,532	15,5500
2,1501	-6,534	15,5550
2,1410	-6,536	15,5600
2,1437	-6,538	15,5650
2,1457	-6,540	15,5700
2,1344	-6,542	15,5750
2,1330	-6,544	15,5800
2,1423	-6,546	15,5850
2,1429	-6,548	15,5900
2,1423	-6,550	15,5950
2,1536	-6,553	15,6000
2,1467	-6,555	15,6050
2,1415	-6,557	15,6100
2,1452	-6,559	15,6150
2,1490	-6,561	15,6200
2,1527	-6,563	15,6250
2,1619	-6,565	15,6300
2,1574	-6,567	15,6350
2,1443	-6,569	15,6400
2,1405	-6,571	15,6450
2,1505	-6,574	15,6500
2,1438	-6,576	15,6550
2,1478	-6,578	15,6600
2,1600	-6,580	15,6650
2,1552	-6,582	15,6700
2,1529	-6,584	15,6750
2,1588	-6,586	15,6800
2,1607	-6,588	15,6850
2,1586	-6,590	15,6900
2,1617	-6,592	15,6950
2,1583	-6,595	15,7000
2,1511	-6,597	15,7050
2,1593	-6,599	15,7100
2,1534	-6,601	15,7150
2,1486	-6,603	15,7200
2,1630	-6,605	15,7250
2,1684	-6,607	15,7300
2,1632	-6,609	15,7350
2,1619	-6,611	15,7400
2,1670	-6,613	15,7450
2,1561	-6,616	15,7500
2,1561	-6,618	15,7550
2,1653	-6,620	15,7600
2,1611	-6,622	15,7650
2,1608	-6,624	15,7700
2,1774	-6,626	15,7750
2,1778	-6,628	15,7800
2,1740	-6,630	15,7850
2,1757	-6,632	15,7900
2,1713	-6,634	15,7950
2,1584	-6,637	15,8000
2,1633	-6,639	15,8050
2,1683	-6,641	15,8100
2,1654	-6,643	15,8150
2,1758	-6,645	15,8200
2,1813	-6,647	15,8250
2,1786	-6,649	15,8300
2,1857	-6,651	15,8350
2,1886	-6,653	15,8400
2,1802	-6,655	15,8450
2,1751	-6,658	15,8500
2,1768	-6,660	15,8550
2,1675	-6,662	15,8600
2,1698	-6,664	15,8650
2,1829	-6,666	15,8700
2,1825	-6,668	15,8750
2,1796	-6,670	15,8800
2,1817	-6,672	15,8850
2,1889	-6,674	15,8900
2,1814	-6,676	15,8950
2,1889	-6,679	15,9000
2,1892	-6,681	15,9050
2,1868	-6,683	15,9100
2,1875	-6,685	15,9150
2,1898	-6,687	15,9200
2,1838	-6,689	15,9250
2,1786	-6,691	15,9300
2,1856	-6,693	15,9350
2,1827	-6,695	15,9400
2,1865	-6,697	15,9450
2,1938	-6,700	15,9500
2,1819	-6,702	15,9550
2,1778	-6,704	15,9600
2,1938	-6,706	15,9650
2,1940	-6,708	15,9700
2,1914	-6,710	15,9750
2,1949	-6,712	15,9800
2,1935	-6,714	15,9850
2,1876	-6,716	15,9900
2,1916	-6,718	15,9950
2,1928	-6,721	16,0000
2,1906	-6,723	16,0050
2,1911	-6,725	16,0100
2,1943	-6,727	16,0150
2,1892	-6,729	16,0200
2,1862	-6,731	16,0250
2,1934	-6,733	16,0300
2,1968	-6,735	16,0350
2,1997	-6,737	16,0400
2,2091	-6,739	16,0450
2,1976	-6,742	16,0500
2,1885	-6,744	16,0550
2,1935	-6,746	16,0600
2,1972	-6,748	16,0650
2,2000	-6,750	16,0700
2,2019	-6,752	16,0750
2,2032	-6,754	16,0800
2,1948	-6,756	16,0850
2,2025	-6,758	16,0900
2,2092	-6,760	16,0950
2,2019	-6,763	16,1000
2,2080	-6,765	16,1050
2,2243	-6,767	16,1100
2,2188	-6,769	16,1150
2,2113	-6,771	16,1200
2,2186	-6,773	16,1250
2,2207	-6,775	16,1300
2,2120	-6,777	16,1350
2,2151	-6,779	16,1400
2,2143	-6,781	16,1450
2,2073	-6,784	16,1500
2,2146	-6,786	16,1550
2,2152	-6,788	16,1600
2,2148	-6,790	16,1650
2,2146	-6,792	16,1700
2,2161	-6,794	16,1750
2,2099	-6,796	16,1800
2,2180	-6,798	16,1850
2,2233	-6,800	16,1900
2,2106	-6,802	16,1950
2,2071	-6,805	16,2000
2,2182	-6,807	16,2050
2,2157	-6,809	16,2100
2,2094	-6,811	16,2150
2,2158	-6,813	16,2200
2,2154	-6,815	16,2250
2,2152	-6,817	16,2300
2,2290	-6,819	16,2350
2,2234	-6,821	16,2400
2,2139	-6,823	16,2450
2,2185	-6,826	16,2500
2,2201	-6,828	16,2550
2,2217	-6,830	16,2600
2,2251	-6,832	16,2650
2,2297	-6,834	16,2700
2,2267	-6,836	16,2750
2,2300	-6,838	16,2800
2,2297	-6,840	16,2850
2,2183	-6,842	16,2900
2,2251	-6,844	16,2950
2,2351	-6,847	16,3000
2,2268	-6,849	16,3050
2,2230	-6,851	16,3100
2,2314	-6,853	16,3150
2,2368	-6,855	16,3200
2,2315	-6,857	16,3250
2,2378	-6,859	16,3300
2,2353	-6,861	16,3350
2,2265	-6,863	16,3400
2,2412	-6,865	16,3450
2,2390	-6,868	16,3500
2,2320	-6,870	16,3550
2,2312	-6,872	16,3600
2,2415	-6,874	16,3650
2,2332	-6,876	16,3700
2,2344	-6,878	16,3750
2,2399	-6,880	16,3800
2,2286	-6,882	16,3850
2,2293	-6,884	16,3900
2,2376	-6,886	16,3950
2,2339	-6,889	16,4000
2,2268	-6,891	16,4050
2,2370	-6,893	16,4100
2,2380	-6,895	16,4150
2,2352	-6,897	16,4200
2,2453	-6,899	16,4250
2,2418	-6,901	16,4300
2,2330	-6,903	16,4350
2,2439	-6,905	16,4400
2,2469	-6,907	16,4450
2,2439	-6,910	16,4500
2,2419	-6,912	16,4550
2,2455	-6,914	16,4600
2,2414	-6,916	16,4650
2,2469	-6,918	16,4700
2,2547	-6,920	16,4750
2,2500	-6,922	16,4800
2,2488	-6,924	16,4850
2,2609	-6,926	16,4900
2,2586	-6,928	16,4950
2,2505	-6,931	16,5000
2,2514	-6,933	16,5050
2,2474	-6,935	16,5100
2,2392	-6,937	16,5150
2,2590	-6,939	16,5200
2,2656	-6,941	16,5250
2,2516	-6,943	16,5300
2,2569	-6,945	16,5350
2,2608	-6,947	16,5400
2,2575	-6,949	16,5450
2,2520	-6,952	16,5500
2,2530	-6,954	16,5550
2,2474	-6,956	16,5600
2,2484	-6,958	16,5650
2,2590	-6,960	16,5700
2,2584	-6,962	16,5750
2,2573	-6,964	16,5800
2,2616	-6,966	16,5850
2,2571	-6,968	16,5900
2,2573	-6,970	16,5950
2,2626	-6,973	16,6000
2,2662	-6,975	16,6050
2,2675	-6,977	16,6100
2,2790	-6,979	16,6150
2,2739	-6,981	16,6200
2,2652	-6,983	16,6250
2,2703	-6,985	16,6300
2,2690	-6,987	16,6350
2,2649	-6,989	16,6400
2,2651	-6,991	16,6450
2,2720	-6,994	16,6500
2,2683	-6,996	16,6550
2,2731	-6,998	16,6600
2,2847	-7,000	16,6650
2,2776	-7,002	16,6700
2,2689	-7,004	16,6750
2,2761	-7,006	16,6800
2,2769	-7,008	16,6850
2,2693	-7,010	16,6900
2,2717	-7,012	16,6950
2,2699	-7,015	16,7000
2,2659	-7,017	16,7050
2,2770	-7,019	16,7100
2,2734	-7,021	16,7150
2,2618	-7,023	16,7200
2,2711	-7,025	16,7250
2,2724	-7,027	16,7300
2,2709	-7,029	16,7350
2,2680	-7,031	16,7400
2,2795	-7,033	16,7450
2,2808	-7,036	16,7500
2,2769	-7,038	16,7550
2,2853	-7,040	16,7600
2,2847	-7,042	16,7650
2,2800	-7,044	16,7700
2,2869	-7,046	16,7750
2,2792	-7,048	16,7800
2,2785	-7,050	16,7850
2,2883	-7,052	16,7900
2,2937	-7,054	16,7950
2,2867	-7,057	16,8000
2,2968	-7,059	16,8050
2,2978	-7,061	16,8100
2,2859	-7,063	16,8150
2,2865	-7,065	16,8200
2,2936	-7,067	16,8250
2,2973	-7,069	16,8300
2,2928	-7,071	16,8350
2,2991	-7,073	16,8400
2,2900	-7,075	16,8450
2,2916	-7,078	16,8500
2,2976	-7,080	16,8550
2,2916	-7,082	16,8600
2,2913	-7,084	16,8650
2,3019	-7,086	16,8700
2,2911	-7,088	16,8750
2,2795	-7,090	16,8800
2,2936	-7,092	16,8850
2,3006	-7,094	16,8900
2,2962	-7,096	16,8950
2,3024	-7,099	16,9000
2,3073	-7,101	16,9050
2,2974	-7,103	16,9100
2,2974	-7,105	16,9150
2,3034	-7,107	16,9200
2,3062	-7,109	16,9250
2,3020	-7,111	16,9300
2,3096	-7,113	16,9350
2,3082	-7,115	16,9400
2,3139	-7,117	16,9450
2,3128	-7,120	16,9500
2,3008	-7,122	16,9550
2,2944	-7,124	16,9600
2,3051	-7,126	16,9650
2,3079	-7,128	16,9700
2,3020	-7,130	16,9750
2,3068	-7,132	16,9800
2,3124	-7,134	16,9850
2,3070	-7,136	16,9900
2,3108	-7,138	16,9950
2,3101	-7,141	17,0000
2,3074	-7,143	17,0050
2,3083	-7,145	17,0100
2,3099	-7,147	17,0150
2,3045	-7,149	17,0200
2,3057	-7,151	17,0250
2,3107	-7,153	17,0300
2,3031	-7,155	17,0350
2,3013	-7,157	17,0400
2,3154	-7,159	17,0450
2,3173	-7,162	17,0500
2,3114	-7,164	17,0550
2,3152	-7,166	17,0600
2,3175	-7,168	17,0650
2,3168	-7,170	17,0700
2,3184	-7,172	17,0750
2,3191	-7,174	17,0800
2,3168	-7,176	17,0850
2,3277	-7,178	17,0900
2,3315	-7,180	17,0950
2,3237	-7,183	17,1000
2,3273	-7,185	17,1050
2,3283	-7,187	17,1100
2,3216	-7,189	17,1150
2,3188	-7,191	17,1200
2,3244	-7,193	17,1250
2,3204	-7,195	17,1300
2,3175	-7,197	17,1350
2,3268	-7,199	17,1400
2,3236	-7,201	17,1450
2,3225	-7,204	17,1500
2,3333	-7,206	17,1550
2,3325	-7,208	17,1600
2,3247	-7,210	17,1650
2,3249	-7,212	17,1700
2,3311	-7,214	17,1750
2,3300	-7,216	17,1800
2,3329	-7,218	17,1850
2,3342	-7,220	17,1900
2,3255	-7,222	17,1950
2,3235	-7,225	17,2000
2,3276	-7,227	17,2050
2,3261	-7,229	17,2100
2,3231	-7,231	17,2150
2,3369	-7,233	17,2200
2,3344	-7,235	17,2250
2,3291	-7,237	17,2300
2,3347	-7,239	17,2350
2,3338	-7,241	17,2400
2,3317	-7,243	17,2450
2,3413	-7,246	17,2500
2,3404	-7,248	17,2550
2,3390	-7,250	17,2600
2,3417	-7,252	17,2650
2,3423	-7,254	17,2700
2,3415	-7,256	17,2750
2,3428	-7,258	17,2800
2,3451	-7,260	17,2850
2,3375	-7,262	17,2900
2,3433	-7,264	17,2950
2,3490	-7,267	17,3000
2,3445	-7,269	17,3050
2,3430	-7,271	17,3100
2,3440	-7,273	17,3150
2,3422	-7,275	17,3200
2,3377	-7,277	17,3250
2,3461	-7,279	17,3300
2,3461	-7,281	17,3350
2,3414	-7,283	17,3400
2,3593	-7,285	17,3450
2,3685	-7,288	17,3500
2,3551	-7,290	17,3550
2,3507	-7,292	17,3600
2,3610	-7,294	17,3650
2,3607	-7,296	17,3700
2,3615	-7,298	17,3750
2,3607	-7,300	17,3800
2,3565	-7,302	17,3850
2,3543	-7,304	17,3900
2,3601	-7,306	17,3950
2,3546	-7,309	17,4000
2,3532	-7,311	17,4050
2,3605	-7,313	17,4100
2,3599	-7,315	17,4150
2,3607	-7,317	17,4200
2,3690	-7,319	17,4250
2,3658	-7,321	17,4300
2,3560	-7,323	17,4350
2,3618	-7,325	17,4400
2,3651	-7,327	17,4450
2,3580	-7,330	17,4500
2,3600	-7,332	17,4550
2,3675	-7,334	17,4600
2,3610	-7,336	17,4650
2,3662	-7,338	17,4700
2,3713	-7,340	17,4750
2,3614	-7,342	17,4800
2,3586	-7,344	17,4850
2,3670	-7,346	17,4900
2,3721	-7,348	17,4950
2,3745	-7,351	17,5000
2,3776	-7,353	17,5050
2,3743	-7,355	17,5100
2,3669	-7,357	17,5150
2,3711	-7,359	17,5200
2,3721	-7,361	17,5250
2,3696	-7,363	17,5300
2,3734	-7,365	17,5350
2,3734	-7,367	17,5400
2,3707	-7,369	17,5450
2,3739	-7,372	17,5500
2,3814	-7,374	17,5550
2,3747	-7,376	17,5600
2,3731	-7,378	17,5650
2,3770	-7,380	17,5700
2,3738	-7,382	17,5750
2,3803	-7,384	17,5800
2,3854	-7,386	17,5850
2,3739	-7,388	17,5900
2,3715	-7,390	17,5950
2,3790	-7,393	17,6000
2,3792	-7,395	17,6050
2,3751	-7,397	17,6100
2,3826	-7,399	17,6150
2,3877	-7,401	17,6200
2,3831	-7,403	17,6250
2,3945	-7,405	17,6300
2,3965	-7,407	17,6350
2,3849	-7,409	17,6400
2,3851	-7,411	17,6450
2,3888	-7,414	17,6500
2,3803	-7,416	17,6550
2,3810	-7,418	17,6600
2,3850	-7,420	17,6650
2,3811	-7,422	17,6700
2,3814	-7,424	17,6750
2,3901	-7,426	17,6800
2,3907	-7,428	17,6850
2,3830	-7,430	17,6900
2,3851	-7,432	17,6950
2,3914	-7,435	17,7000
2,3943	-7,437	17,7050
2,4010	-7,439	17,7100
2,3946	-7,441	17,7150
2,3901	-7,443	17,7200
2,3965	-7,445	17,7250
2,3995	-7,447	17,7300
2,3919	-7,449	17,7350
2,3885	-7,451	17,7400
2,3920	-7,453	17,7450
2,3949	-7,456	17,7500
2,4035	-7,458	17,7550
2,4073	-7,460	17,7600
2,4015	-7,462	17,7650
2,3943	-7,464	17,7700
2,4052	-7,466	17,7750
2,4041	-7,468	17,7800
2,4016	-7,470	17,7850
2,4004	-7,472	17,7900
2,3932	-7,474	17,7950
2,3850	-7,477	17,8000
2,3920	-7,479	17,8050
2,4013	-7,481	17,8100
2,4021	-7,483	17,8150
2,4112	-7,485	17,8200
2,4144	-7,487	17,8250
2,3995	-7,489	17,8300
2,3969	-7,491	17,8350
2,4062	-7,493	17,8400
2,3994	-7,495	17,8450
2,3990	-7,498	17,8500
2,4105	-7,500	17,8550
2,4140	-7,502	17,8600
2,4056	-7,504	17,8650
2,4082	-7,506	17,8700
2,4131	-7,508	17,8750
2,4157	-7,510	17,8800
2,4181	-7,512	17,8850
2,4254	-7,514	17,8900
2,4097	-7,516	17,8950
2,4128	-7,519	17,9000
2,4141	-7,521	17,9050
2,4063	-7,523	17,9100
2,4130	-7,525	17,9150
2,4193	-7,527	17,9200
2,4119	-7,529	17,9250
2,4126	-7,531	17,9300
2,4151	-7,533	17,9350
2,4133	-7,535	17,9400
2,4209	-7,537	17,9450
2,4283	-7,540	17,9500
2,4232	-7,542	17,9550
2,4132	-7,544	17,9600
2,4192	-7,546	17,9650
2,4161	-7,548	17,9700
2,4115	-7,550	17,9750
2,4179	-7,552	17,9800
2,4186	-7,554	17,9850
2,4170	-7,556	17,9900
2,4246	-7,558	17,9950
2,4266	-7,561	18,0000
2,4204	-7,563	18,0050
2,4274	-7,565	18,0100
2,4338	-7,567	18,0150
2,4217	-7,569	18,0200
2,4175	-7,571	18,0250
2,4258	-7,573	18,0300
2,4348	-7,575	18,0350
2,4333	-7,577	18,0400
2,4397	-7,579	18,0450
2,4331	-7,582	18,0500
2,4213	-7,584	18,0550
2,4303	-7,586	18,0600
2,4314	-7,588	18,0650
2,4344	-7,590	18,0700
2,4402	-7,592	18,0750
2,4440	-7,594	18,0800
2,4362	-7,596	18,0850
2,4435	-7,598	18,0900
2,4435	-7,600	18,0950
2,4339	-7,603	18,1000
2,4350	-7,605	18,1050
2,4414	-7,607	18,1100
2,4407	-7,609	18,1150
2,4408	-7,611	18,1200
2,4447	-7,613	18,1250
2,4345	-7,615	18,1300
2,4336	-7,617	18,1350
2,4457	-7,619	18,1400
2,4383	-7,621	18,1450
2,4294	-7,624	18,1500
2,4442	-7,626	18,1550
2,4482	-7,628	18,1600
2,4411	-7,630	18,1650
2,4441	-7,632	18,1700
2,4433	-7,634	18,1750
2,4366	-7,636	18,1800
2,4386	-7,638	18,1850
2,4478	-7,640	18,1900
2,4496	-7,642	18,1950
2,4542	-7,645	18,2000
2,4623	-7,647	18,2050
2,4559	-7,649	18,2100
2,4471	-7,651	18,2150
2,4533	-7,653	18,2200
2,4517	-7,655	18,2250
2,4537	-7,657	18,2300
2,4552	-7,659	18,2350
2,4484	-7,661	18,2400
2,4421	-7,663	18,2450
2,4474	-7,666	18,2500
2,4490	-7,668	18,2550
2,4506	-7,670	18,2600
2,4529	-7,672	18,2650
2,4545	-7,674	18,2700
2,4520	-7,676	18,2750
2,4581	-7,678	18,2800
2,4594	-7,680	18,2850
2,4518	-7,682	18,2900
2,4596	-7,684	18,2950
2,4664	-7,687	18,3000
2,4616	-7,689	18,3050
2,4611	-7,691	18,3100
2,4649	-7,693	18,3150
2,4530	-7,695	18,3200
2,4527	-7,697	18,3250
2,4700	-7,699	18,3300
2,4685	-7,701	18,3350
2,4577	-7,703	18,3400
2,4701	-7,705	18,3450
2,4745	-7,708	18,3500
2,4721	-7,710	18,3550
2,4690	-7,712	18,3600
2,4774	-7,714	18,3650
2,4701	-7,716	18,3700
2,4680	-7,718	18,3750
2,4717	-7,720	18,3800
2,4679	-7,722	18,3850
2,4691	-7,724	18,3900
2,4753	-7,726	18,3950
2,4761	-7,729	18,4000
2,4738	-7,731	18,4050
2,4811	-7,733	18,4100
2,4751	-7,735	18,4150
2,4682	-7,737	18,4200
2,4783	-7,739	18,4250
2,4740	-7,741	18,4300
2,4620	-7,743	18,4350
2,4686	-7,745	18,4400
2,4725	-7,747	18,4450
2,4719	-7,750	18,4500
2,4731	-7,752	18,4550
2,4783	-7,754	18,4600
2,4760	-7,756	18,4650
2,4763	-7,758	18,4700
2,4800	-7,760	18,4750
2,4787	-7,762	18,4800
2,4787	-7,764	18,4850
2,4850	-7,766	18,4900
2,4786	-7,768	18,4950
2,4775	-7,771	18,5000
2,4856	-7,773	18,5050
2,4891	-7,775	18,5100
2,4786	-7,777	18,5150
2,4843	-7,779	18,5200
2,4865	-7,781	18,5250
2,4796	-7,783	18,5300
2,4921	-7,785	18,5350
2,4950	-7,787	18,5400
2,4866	-7,789	18,5450
2,4850	-7,792	18,5500
2,4870	-7,794	18,5550
2,4786	-7,796	18,5600
2,4798	-7,798	18,5650
2,4855	-7,800	18,5700
2,4815	-7,802	18,5750
2,4833	-7,804	18,5800
2,4950	-7,806	18,5850
2,4983	-7,808	18,5900
2,4943	-7,810	18,5950
2,5018	-7,813	18,6000
2,4997	-7,815	18,6050
2,4945	-7,817	18,6100
2,5009	-7,819	18,6150
2,4996	-7,821	18,6200
2,4959	-7,823	18,6250
2,5005	-7,825	18,6300
2,4963	-7,827	18,6350
2,4872	-7,829	18,6400
2,4899	-7,831	18,6450
2,5010	-7,834	18,6500
2,4995	-7,836	18,6550
2,5017	-7,838	18,6600
2,5086	-7,840	18,6650
2,5063	-7,842	18,6700
2,5006	-7,844	18,6750
2,4979	-7,846	18,6800
2,5013	-7,848	18,6850
2,5025	-7,850	18,6900
2,5148	-7,852	18,6950
2,5171	-7,855	18,7000
2,5035	-7,857	18,7050
2,5045	-7,859	18,7100
2,5108	-7,861	18,7150
2,5068	-7,863	18,7200
2,5053	-7,865	18,7250
2,5081	-7,867	18,7300
2,5036	-7,869	18,7350
2,5115	-7,871	18,7400
2,5274	-7,873	18,7450
2,5204	-7,876	18,7500
2,5150	-7,878	18,7550
2,5175	-7,880	18,7600
2,5151	-7,882	18,7650
2,5185	-7,884	18,7700
2,5247	-7,886	18,7750
2,5154	-7,888	18,7800
2,5098	-7,890	18,7850
2,5194	-7,892	18,7900
2,5205	-7,894	18,7950
2,5094	-7,897	18,8000
2,5136	-7,899	18,8050
2,5158	-7,901	18,8100
2,5109	-7,903	18,8150
2,5177	-7,905	18,8200
2,5205	-7,907	18,8250
2,5166	-7,909	18,8300
2,5149	-7,911	18,8350
2,5285	-7,913	18,8400
2,5258	-7,915	18,8450
2,5207	-7,918	18,8500
2,5218	-7,920	18,8550
2,5174	-7,922	18,8600
2,5156	-7,924	18,8650
2,5325	-7,926	18,8700
2,5330	-7,928	18,8750
2,5199	-7,930	18,8800
2,5183	-7,932	18,8850
2,5234	-7,934	18,8900
2,5176	-7,936	18,8950
2,5228	-7,939	18,9000
2,5286	-7,941	18,9050
2,5206	-7,943	18,9100
2,5218	-7,945	18,9150
2,5236	-7,947	18,9200
2,5240	-7,949	18,9250
2,5294	-7,951	18,9300
2,5420	-7,953	18,9350
2,5370	-7,955	18,9400
2,5367	-7,957	18,9450
2,5394	-7,960	18,9500
2,5337	-7,962	18,9550
2,5343	-7,964	18,9600
2,5393	-7,966	18,9650
2,5344	-7,968	18,9700
2,5330	-7,970	18,9750
2,5393	-7,972	18,9800
2,5438	-7,974	18,9850
2,5409	-7,976	18,9900
2,5481	-7,978	18,9950
2,5492	-7,981	19,0000
2,5322	-7,983	19,0050
2,5262	-7,985	19,0100
2,5330	-7,987	19,0150
2,5400	-7,989	19,0200
2,5399	-7,991	19,0250
2,5488	-7,993	19,0300
2,5387	-7,995	19,0350
2,5383	-7,997	19,0400
2,5457	-7,999	19,0450
2,5425	-8,002	19,0500
2,5336	-8,004	19,0550
2,5433	-8,006	19,0600
2,5450	-8,008	19,0650
2,5414	-8,010	19,0700
2,5494	-8,012	19,0750
2,5542	-8,014	19,0800
2,5478	-8,016	19,0850
2,5535	-8,018	19,0900
2,5575	-8,020	19,0950
2,5424	-8,023	19,1000
2,5431	-8,025	19,1050
2,5528	-8,027	19,1100
2,5560	-8,029	19,1150
2,5532	-8,031	19,1200
2,5612	-8,033	19,1250
2,5551	-8,035	19,1300
2,5542	-8,037	19,1350
2,5646	-8,039	19,1400
2,5578	-8,041	19,1450
2,5490	-8,044	19,1500
2,5616	-8,046	19,1550
2,5597	-8,048	19,1600
2,5522	-8,050	19,1650
2,5580	-8,052	19,1700
2,5624	-8,054	19,1750
2,5562	-8,056	19,1800
2,5562	-8,058	19,1850
2,5548	-8,060	19,1900
2,5510	-8,062	19,1950
2,5571	-8,065	19,2000
2,5648	-8,067	19,2050
2,5669	-8,069	19,2100
2,5662	-8,071	19,2150
2,5751	-8,073	19,2200
2,5700	-8,075	19,2250
2,5705	-8,077	19,2300
2,5820	-8,079	19,2350
2,5676	-8,081	19,2400
2,5596	-8,083	19,2450
2,5695	-8,086	19,2500
2,5720	-8,088	19,2550
2,5704	-8,090	19,2600
2,5709	-8,092	19,2650
2,5766	-8,094	19,2700
2,5672	-8,096	19,2750
2,5654	-8,098	19,2800
2,5715	-8,100	19,2850
2,5729	-8,102	19,2900
2,5758	-8,104	19,2950
2,5844	-8,107	19,3000
2,5843	-8,109	19,3050
2,5791	-8,111	19,3100
2,5759	-8,113	19,3150
2,5608	-8,115	19,3200
2,5531	-8,117	19,3250
2,5732	-8,119	19,3300
2,5809	-8,121	19,3350
2,5755	-8,123	19,3400
2,5879	-8,125	19,3450
2,5879	-8,128	19,3500
2,5816	-8,130	19,3550
2,5841	-8,132	19,3600
2,5915	-8,134	19,3650
2,5875	-8,136	19,3700
2,5878	-8,138	19,3750
2,5854	-8,140	19,3800
2,5762	-8,142	19,3850
2,5760	-8,144	19,3900
2,5861	-8,146	19,3950
2,5900	-8,149	19,4000
2,5886	-8,151	19,4050
2,5916	-8,153	19,4100
2,5893	-8,155	19,4150
2,5818	-8,157	19,4200
2,5882	-8,159	19,4250
2,5903	-8,161	19,4300
2,5824	-8,163	19,4350
2,5873	-8,165	19,4400
2,5885	-8,167	19,4450
2,5841	-8,170	19,4500
2,5906	-8,172	19,4550
2,5966	-8,174	19,4600
2,5904	-8,176	19,4650
2,5886	-8,178	19,4700
2,5945	-8,180	19,4750
2,5969	-8,182	19,4800
2,5917	-8,184	19,4850
2,5945	-8,186	19,4900
2,5970	-8,188	19,4950
2,5974	-8,191	19,5000
2,6047	-8,193	19,5050
2,6048	-8,195	19,5100
2,5978	-8,197	19,5150
2,6081	-8,199	19,5200
2,6125	-8,201	19,5250
2,6015	-8,203	19,5300
2,6018	-8,205	19,5350
2,6063	-8,207	19,5400
2,6023	-8,209	19,5450
2,6053	-8,212	19,5500
2,6123	-8,214	19,5550
2,6031	-8,216	19,5600
2,6087	-8,218	19,5650
2,6183	-8,220	19,5700
2,6090	-8,222	19,5750
2,6036	-8,224	19,5800
2,6137	-8,226	19,5850
2,6048	-8,228	19,5900
2,5999	-8,230	19,5950
2,6130	-8,233	19,6000
2,6191	-8,235	19,6050
2,6129	-8,237	19,6100
2,6129	-8,239	19,6150
2,6135	-8,241	19,6200
2,6064	-8,243	19,6250
2,6120	-8,245	19,6300
2,6152	-8,247	19,6350
2,6042	-8,249	19,6400
2,5996	-8,251	19,6450
2,6091	-8,254	19,6500
2,6119	-8,256	19,6550
2,6091	-8,258	19,6600
2,6136	-8,260	19,6650
2,6101	-8,262	19,6700
2,6084	-8,264	19,6750
2,6167	-8,266	19,6800
2,6229	-8,268	19,6850
2,6231	-8,270	19,6900
2,6259	-8,272	19,6950
2,6254	-8,275	19,7000
2,6202	-8,277	19,7050
2,6253	-8,279	19,7100
2,6250	-8,281	19,7150
2,6151	-8,283	19,7200
2,6183	-8,285	19,7250
2,6242	-8,287	19,7300
2,6238	-8,289	19,7350
2,6230	-8,291	19,7400
2,6318	-8,293	19,7450
2,6286	-8,296	19,7500
2,6305	-8,298	19,7550
2,6335	-8,300	19,7600
2,6282	-8,302	19,7650
2,6242	-8,304	19,7700
2,6275	-8,306	19,7750
2,6263	-8,308	19,7800
2,6213	-8,310	19,7850
2,6244	-8,312	19,7900
2,6244	-8,314	19,7950
2,6188	-8,317	19,8000
2,6244	-8,319	19,8050
2,6237	-8,321	19,8100
2,6312	-8,323	19,8150
2,6400	-8,325	19,8200
2,6379	-8,327	19,8250
2,6332	-8,329	19,8300
2,6290	-8,331	19,8350
2,6352	-8,333	19,8400
2,6372	-8,335	19,8450
2,6320	-8,338	19,8500
2,6376	-8,340	19,8550
2,6406	-8,342	19,8600
2,6387	-8,344	19,8650
2,6447	-8,346	19,8700
2,6451	-8,348	19,8750
2,6473	-8,350	19,8800
2,6520	-8,352	19,8850
2,6510	-8,354	19,8900
2,6427	-8,356	19,8950
2,6455	-8,359	19,9000
2,6489	-8,361	19,9050
2,6408	-8,363	19,9100
2,6417	-8,365	19,9150
2,6494	-8,367	19,9200
2,6416	-8,369	19,9250
2,6379	-8,371	19,9300
2,6551	-8,373	19,9350
2,6575	-8,375	19,9400
2,6533	-8,377	19,9450
2,6561	-8,380	19,9500
2,6501	-8,382	19,9550
2,6462	-8,384	19,9600
2,6545	-8,386	19,9650
2,6570	-8,388	19,9700
2,6609	-8,390	19,9750
2,6580	-8,392	19,9800
2,6581	-8,394	19,9850
2,6536	-8,396	19,9900
2,6574	-8,398	19,9950
2,6589	-8,401	20,0000
2,6476	-8,403	20,0050
2,6563	-8,405	20,0100
2,6599	-8,407	20,0150
2,6439	-8,409	20,0200
2,6446	-8,411	20,0250
2,6562	-8,413	20,0300
2,6536	-8,415	20,0350
2,6535	-8,417	20,0400
2,6596	-8,419	20,0450
2,6544	-8,422	20,0500
2,6583	-8,424	20,0550
2,6693	-8,426	20,0600
2,6670	-8,428	20,0650
2,6600	-8,430	20,0700
2,6618	-8,432	20,0750
2,6745	-8,434	20,0800
2,6640	-8,436	20,0850
2,6652	-8,438	20,0900
2,6694	-8,440	20,0950
2,6656	-8,443	20,1000
2,6723	-8,445	20,1050
2,6777	-8,447	20,1100
2,6710	-8,449	20,1150
2,6614	-8,451	20,1200
2,6664	-8,453	20,1250
2,6655	-8,455	20,1300
2,6661	-8,457	20,1350
2,6786	-8,459	20,1400
2,6741	-8,461	20,1450
2,6627	-8,464	20,1500
2,6699	-8,466	20,1550
2,6731	-8,468	20,1600
2,6761	-8,470	20,1650
2,6763	-8,472	20,1700
2,6807	-8,474	20,1750
2,6767	-8,476	20,1800
2,6773	-8,478	20,1850
2,6830	-8,480	20,1900
2,6778	-8,482	20,1950
2,6775	-8,485	20,2000
2,6857	-8,487	20,2050
2,6766	-8,489	20,2100
2,6717	-8,491	20,2150
2,6814	-8,493	20,2200
2,6817	-8,495	20,2250
2,6774	-8,497	20,2300
2,6892	-8,499	20,2350
2,6894	-8,501	20,2400
2,6780	-8,503	20,2450
2,6836	-8,506	20,2500
2,6828	-8,508	20,2550
2,6780	-8,510	20,2600
2,6806	-8,512	20,2650
2,6920	-8,514	20,2700
2,6839	-8,516	20,2750
2,6844	-8,518	20,2800
2,6850	-8,520	20,2850
2,6806	-8,522	20,2900
2,6842	-8,524	20,2950
2,6962	-8,527	20,3000
2,6918	-8,529	20,3050
2,6827	-8,531	20,3100
2,6822	-8,533	20,3150
2,6850	-8,535	20,3200
2,6847	-8,537	20,3250
2,6970	-8,539	20,3300
2,6912	-8,541	20,3350
2,6842	-8,543	20,3400
2,6979	-8,545	20,3450
2,6940	-8,548	20,3500
2,6902	-8,550	20,3550
2,6923	-8,552	20,3600
2,6941	-8,554	20,3650
2,6880	-8,556	20,3700
2,6924	-8,558	20,3750
2,6971	-8,560	20,3800
2,6970	-8,562	20,3850
2,6956	-8,564	20,3900
2,7004	-8,566	20,3950
2,7012	-8,569	20,4000
2,6968	-8,571	20,4050
2,7000	-8,573	20,4100
2,7010	-8,575	20,4150
2,6952	-8,577	20,4200
2,7019	-8,579	20,4250
2,7086	-8,581	20,4300
2,6969	-8,583	20,4350
2,7013	-8,585	20,4400
2,7053	-8,587	20,4450
2,7009	-8,590	20,4500
2,6997	-8,592	20,4550
2,6998	-8,594	20,4600
2,6968	-8,596	20,4650
2,7033	-8,598	20,4700
2,7057	-8,600	20,4750
2,6982	-8,602	20,4800
2,6910	-8,604	20,4850
2,7049	-8,606	20,4900
2,7089	-8,608	20,4950
2,7052	-8,611	20,5000
2,7107	-8,613	20,5050
2,7109	-8,615	20,5100
2,7091	-8,617	20,5150
2,7155	-8,619	20,5200
2,7060	-8,621	20,5250
2,6990	-8,623	20,5300
2,7134	-8,625	20,5350
2,7172	-8,627	20,5400
2,7108	-8,629	20,5450
2,7141	-8,632	20,5500
2,7238	-8,634	20,5550
2,7153	-8,636	20,5600
2,7186	-8,638	20,5650
2,7263	-8,640	20,5700
2,7213	-8,642	20,5750
2,7179	-8,644	20,5800
2,7256	-8,646	20,5850
2,7261	-8,648	20,5900
2,7164	-8,650	20,5950
2,7205	-8,653	20,6000
2,7227	-8,655	20,6050
2,7228	-8,657	20,6100
2,7306	-8,659	20,6150
2,7212	-8,661	20,6200
2,7133	-8,663	20,6250
2,7247	-8,665	20,6300
2,7274	-8,667	20,6350
2,7264	-8,669	20,6400
2,7219	-8,671	20,6450
2,7305	-8,674	20,6500
2,7261	-8,676	20,6550
2,7249	-8,678	20,6600
2,7344	-8,680	20,6650
2,7256	-8,682	20,6700
2,7206	-8,684	20,6750
2,7315	-8,686	20,6800
2,7317	-8,688	20,6850
2,7289	-8,690	20,6900
2,7366	-8,692	20,6950
2,7338	-8,695	20,7000
2,7243	-8,697	20,7050
2,7345	-8,699	20,7100
2,7387	-8,701	20,7150
2,7312	-8,703	20,7200
2,7316	-8,705	20,7250
2,7280	-8,707	20,7300
2,7297	-8,709	20,7350
2,7305	-8,711	20,7400
2,7327	-8,713	20,7450
2,7322	-8,716	20,7500
2,7337	-8,718	20,7550
2,7368	-8,720	20,7600
2,7314	-8,722	20,7650
2,7334	-8,724	20,7700
2,7421	-8,726	20,7750
2,7369	-8,728	20,7800
2,7341	-8,730	20,7850
2,7433	-8,732	20,7900
2,7514	-8,734	20,7950
2,7437	-8,737	20,8000
2,7496	-8,739	20,8050
2,7532	-8,741	20,8100
2,7407	-8,743	20,8150
2,7409	-8,745	20,8200
2,7464	-8,747	20,8250
2,7425	-8,749	20,8300
2,7414	-8,751	20,8350
2,7509	-8,753	20,8400
2,7456	-8,755	20,8450
2,7527	-8,758	20,8500
2,7599	-8,760	20,8550
2,7503	-8,762	20,8600
2,7396	-8,764	20,8650
2,7510	-8,766	20,8700
2,7588	-8,768	20,8750
2,7538	-8,770	20,8800
2,7506	-8,772	20,8850
2,7565	-8,774	20,8900
2,7532	-8,776	20,8950
2,7595	-8,779	20,9000
2,7553	-8,781	20,9050
2,7354	-8,783	20,9100
2,7459	-8,785	20,9150
2,7631	-8,787	20,9200
2,7619	-8,789	20,9250
2,7612	-8,791	20,9300
2,7703	-8,793	20,9350
2,7590	-8,795	20,9400
2,7531	-8,797	20,9450
2,7571	-8,800	20,9500
2,7491	-8,802	20,9550
2,7498	-8,804	20,9600
2,7601	-8,806	20,9650
2,7581	-8,808	20,9700
2,7554	-8,810	20,9750
2,7643	-8,812	20,9800
2,7688	-8,814	20,9850
2,7646	-8,816	20,9900
2,7617	-8,818	20,9950
2,7622	-8,821	21,0000
2,7650	-8,823	21,0050
2,7749	-8,825	21,0100
2,7791	-8,827	21,0150
2,7688	-8,829	21,0200
2,7646	-8,831	21,0250
2,7685	-8,833	21,0300
2,7647	-8,835	21,0350
2,7658	-8,837	21,0400
2,7774	-8,839	21,0450
2,7720	-8,842	21,0500
2,7645	-8,844	21,0550
2,7749	-8,846	21,0600
2,7775	-8,848	21,0650
2,7728	-8,850	21,0700
2,7749	-8,852	21,0750
2,7793	-8,854	21,0800
2,7729	-8,856	21,0850
2,7776	-8,858	21,0900
2,7834	-8,860	21,0950
2,7720	-8,863	21,1000
2,7724	-8,865	21,1050
2,7726	-8,867	21,1100
2,7681	-8,869	21,1150
2,7704	-8,871	21,1200
2,7784	-8,873	21,1250
2,7745	-8,875	21,1300
2,7710	-8,877	21,1350
2,7769	-8,879	21,1400
2,7760	-8,881	21,1450
2,7746	-8,884	21,1500
2,7810	-8,886	21,1550
2,7807	-8,888	21,1600
2,7793	-8,890	21,1650
2,7839	-8,892	21,1700
2,7875	-8,894	21,1750
2,7781	-8,896	21,1800
2,7836	-8,898	21,1850
2,7864	-8,900	21,1900
2,7763	-8,902	21,1950
2,7802	-8,905	21,2000
2,7941	-8,907	21,2050
2,7953	-8,909	21,2100
2,7888	-8,911	21,2150
2,7947	-8,913	21,2200
2,7920	-8,915	21,2250
2,7871	-8,917	21,2300
2,7946	-8,919	21,2350
2,7942	-8,921	21,2400
2,7937	-8,923	21,2450
2,8061	-8,926	21,2500
2,7963	-8,928	21,2550
2,7876	-8,930	21,2600
2,7975	-8,932	21,2650
2,8080	-8,934	21,2700
2,8008	-8,936	21,2750
2,7978	-8,938	21,2800
2,8053	-8,940	21,2850
2,8015	-8,942	21,2900
2,7977	-8,944	21,2950
2,7972	-8,947	21,3000
2,7953	-8,949	21,3050
2,8012	-8,951	21,3100
2,8066	-8,953	21,3150
2,8024	-8,955	21,3200
2,7974	-8,957	21,3250
2,8045	-8,959	21,3300
2,8030	-8,961	21,3350
2,8000	-8,963	21,3400
2,8082	-8,965	21,3450
2,8118	-8,968	21,3500
2,8054	-8,970	21,3550
2,8006	-8,972	21,3600
2,8093	-8,974	21,3650
2,8053	-8,976	21,3700
2,8049	-8,978	21,3750
2,8121	-8,980	21,3800
2,8062	-8,982	21,3850
2,8124	-8,984	21,3900
2,8227	-8,986	21,3950
2,8216	-8,989	21,4000
2,8120	-8,991	21,4050
2,8141	-8,993	21,4100
2,8067	-8,995	21,4150
2,8047	-8,997	21,4200
2,8128	-8,999	21,4250
2,8130	-9,001	21,4300
2,8062	-9,003	21,4350
2,8173	-9,005	21,4400
2,8231	-9,007	21,4450
2,8170	-9,010	21,4500
2,8145	-9,012	21,4550
2,8189	-9,014	21,4600
2,8135	-9,016	21,4650
2,8197	-9,018	21,4700
2,8207	-9,020	21,4750
2,8144	-9,022	21,4800
2,8098	-9,024	21,4850
2,8188	-9,026	21,4900
2,8181	-9,028	21,4950
2,8156	-9,031	21,5000
2,8227	-9,033	21,5050
2,8250	-9,035	21,5100
2,8240	-9,037	21,5150
2,8226	-9,039	21,5200
2,8225	-9,041	21,5250
2,8197	-9,043	21,5300
2,8296	-9,045	21,5350
2,8306	-9,047	21,5400
2,8212	-9,049	21,5450
2,8228	-9,052	21,5500
2,8305	-9,054	21,5550
2,8230	-9,056	21,5600
2,8291	-9,058	21,5650
2,8361	-9,060	21,5700
2,8263	-9,062	21,5750
2,8256	-9,064	21,5800
2,8319	-9,066	21,5850
2,8295	-9,068	21,5900
2,8273	-9,070	21,5950
2,8372	-9,073	21,6000
2,8359	-9,075	21,6050
2,8279	-9,077	21,6100
2,8397	-9,079	21,6150
2,8396	-9,081	21,6200
2,8331	-9,083	21,6250
2,8313	-9,085	21,6300
2,8283	-9,087	21,6350
2,8266	-9,089	21,6400
2,8379	-9,091	21,6450
2,8499	-9,094	21,6500
2,8386	-9,096	21,6550
2,8374	-9,098	21,6600
2,8410	-9,100	21,6650
2,8358	-9,102	21,6700
2,8291	-9,104	21,6750
2,8370	-9,106	21,6800
2,8400	-9,108	21,6850
2,8413	-9,110	21,6900
2,8506	-9,112	21,6950
2,8475	-9,115	21,7000
2,8411	-9,117	21,7050
2,8469	-9,119	21,7100
2,8440	-9,121	21,7150
2,8358	-9,123	21,7200
2,8435	-9,125	21,7250
2,8488	-9,127	21,7300
2,8491	-9,129	21,7350
2,8491	-9,131	21,7400
2,8499	-9,133	21,7450
2,8417	-9,136	21,7500
2,8500	-9,138	21,7550
2,8584	-9,140	21,7600
2,8476	-9,142	21,7650
2,8411	-9,144	21,7700
2,8479	-9,146	21,7750
2,8496	-9,148	21,7800
2,8522	-9,150	21,7850
2,8602	-9,152	21,7900
2,8586	-9,154	21,7950
2,8530	-9,157	21,8000
2,8559	-9,159	21,8050
2,8562	-9,161	21,8100
2,8504	-9,163	21,8150
2,8553	-9,165	21,8200
2,8594	-9,167	21,8250
2,8566	-9,169	21,8300
2,8597	-9,171	21,8350
2,8686	-9,173	21,8400
2,8635	-9,175	21,8450
2,8584	-9,178	21,8500
2,8607	-9,180	21,8550
2,8563	-9,182	21,8600
2,8519	-9,184	21,8650
2,8624	-9,186	21,8700
2,8627	-9,188	21,8750
2,8628	-9,190	21,8800
2,8657	-9,192	21,8850
2,8603	-9,194	21,8900
2,8582	-9,196	21,8950
2,8673	-9,199	21,9000
2,8674	-9,201	21,9050
2,8671	-9,203	21,9100
2,8746	-9,205	21,9150
2,8784	-9,207	21,9200
2,8671	-9,209	21,9250
2,8635	-9,211	21,9300
2,8709	-9,213	21,9350
2,8723	-9,215	21,9400
2,8693	-9,217	21,9450
2,8687	-9,220	21,9500
2,8649	-9,222	21,9550
2,8615	-9,224	21,9600
2,8687	-9,226	21,9650
2,8721	-9,228	21,9700
2,8654	-9,230	21,9750
2,8701	-9,232	21,9800
2,8755	-9,234	21,9850
2,8634	-9,236	21,9900
2,8716	-9,238	21,9950
2,8847	-9,241	22,0000
2,8777	-9,243	22,0050
2,8740	-9,245	22,0100
2,8745	-9,247	22,0150
2,8736	-9,249	22,0200
2,8723	-9,251	22,0250
2,8760	-9,253	22,0300
2,8815	-9,255	22,0350
2,8818	-9,257	22,0400
2,8874	-9,259	22,0450
2,8811	-9,262	22,0500
2,8763	-9,264	22,0550
2,8863	-9,266	22,0600
2,8833	-9,268	22,0650
2,8757	-9,270	22,0700
2,8854	-9,272	22,0750
2,8929	-9,274	22,0800
2,8805	-9,276	22,0850
2,8932	-9,278	22,0900
2,8994	-9,280	22,0950
2,8943	-9,283	22,1000
2,8962	-9,285	22,1050
2,8964	-9,287	22,1100
2,8922	-9,289	22,1150
2,8913	-9,291	22,1200
2,8942	-9,293	22,1250
2,8886	-9,295	22,1300
2,8865	-9,297	22,1350
2,8933	-9,299	22,1400
2,8898	-9,301	22,1450
2,8825	-9,304	22,1500
2,8923	-9,306	22,1550
2,8974	-9,308	22,1600
2,9008	-9,310	22,1650
2,9062	-9,312	22,1700
2,9072	-9,314	22,1750
2,8914	-9,316	22,1800
2,8985	-9,318	22,1850
2,9028	-9,320	22,1900
2,8885	-9,322	22,1950
2,8885	-9,325	22,2000
2,9026	-9,327	22,2050
2,8977	-9,329	22,2100
2,8933	-9,331	22,2150
2,8967	-9,333	22,2200
2,8943	-9,335	22,2250
2,8960	-9,337	22,2300
2,9033	-9,339	22,2350
2,9006	-9,341	22,2400
2,8927	-9,343	22,2450
2,8958	-9,346	22,2500
2,8998	-9,348	22,2550
2,8997	-9,350	22,2600
2,9036	-9,352	22,2650
2,9076	-9,354	22,2700
2,9004	-9,356	22,2750
2,9045	-9,358	22,2800
2,9037	-9,360	22,2850
2,8950	-9,362	22,2900
2,8982	-9,364	22,2950
2,9103	-9,367	22,3000
2,9044	-9,369	22,3050
2,9022	-9,371	22,3100
2,9168	-9,373	22,3150
2,9181	-9,375	22,3200
2,9129	-9,377	22,3250
2,9151	-9,379	22,3300
2,9159	-9,381	22,3350
2,9126	-9,383	22,3400
2,9201	-9,385	22,3450
2,9217	-9,388	22,3500
2,9188	-9,390	22,3550
2,9138	-9,392	22,3600
2,9115	-9,394	22,3650
2,9076	-9,396	22,3700
2,9192	-9,398	22,3750
2,9222	-9,400	22,3800
2,9154	-9,402	22,3850
2,9135	-9,404	22,3900
2,9250	-9,406	22,3950
2,9246	-9,409	22,4000
2,9188	-9,411	22,4050
2,9292	-9,413	22,4100
2,9375	-9,415	22,4150
2,9283	-9,417	22,4200
2,9288	-9,419	22,4250
2,9268	-9,421	22,4300
2,9144	-9,423	22,4350
2,9238	-9,425	22,4400
2,9294	-9,427	22,4450
2,9292	-9,430	22,4500
2,9289	-9,432	22,4550
2,9348	-9,434	22,4600
2,9331	-9,436	22,4650
2,9302	-9,438	22,4700
2,9293	-9,440	22,4750
2,9274	-9,442	22,4800
2,9276	-9,444	22,4850
2,9333	-9,446	22,4900
2,9296	-9,448	22,4950
2,9282	-9,451	22,5000
2,9305	-9,453	22,5050
2,9284	-9,455	22,5100
2,9269	-9,457	22,5150
2,9337	-9,459	22,5200
2,9332	-9,461	22,5250
2,9266	-9,463	22,5300
2,9370	-9,465	22,5350
2,9440	-9,467	22,5400
2,9377	-9,469	22,5450
2,9357	-9,472	22,5500
2,9469	-9,474	22,5550
2,9405	-9,476	22,5600
2,9399	-9,478	22,5650
2,9431	-9,480	22,5700
2,9431	-9,482	22,5750
2,9408	-9,484	22,5800
2,9450	-9,486	22,5850
2,9393	-9,488	22,5900
2,9347	-9,490	22,5950
2,9452	-9,493	22,6000
2,9470	-9,495	22,6050
2,9431	-9,497	22,6100
2,9568	-9,499	22,6150
2,9498	-9,501	22,6200
2,9383	-9,503	22,6250
2,9428	-9,505	22,6300
2,9473	-9,507	22,6350
2,9522	-9,509	22,6400
2,9520	-9,511	22,6450
2,9535	-9,514	22,6500
2,9486	-9,516	22,6550
2,9581	-9,518	22,6600
2,9620	-9,520	22,6650
2,9484	-9,522	22,6700
2,9445	-9,524	22,6750
2,9537	-9,526	22,6800
2,9568	-9,528	22,6850
2,9554	-9,530	22,6900
2,9586	-9,532	22,6950
2,9557	-9,535	22,7000
2,9548	-9,537	22,7050
2,9635	-9,539	22,7100
2,9580	-9,541	22,7150
2,9511	-9,543	22,7200
2,9649	-9,545	22,7250
2,9636	-9,547	22,7300
2,9600	-9,549	22,7350
2,9638	-9,551	22,7400
2,9652	-9,553	22,7450
2,9586	-9,556	22,7500
2,9580	-9,558	22,7550
2,9661	-9,560	22,7600
2,9641	-9,562	22,7650
2,9647	-9,564	22,7700
2,9686	-9,566	22,7750
2,9612	-9,568	22,7800
2,9541	-9,570	22,7850
2,9608	-9,572	22,7900
2,9620	-9,574	22,7950
2,9655	-9,577	22,8000
2,9736	-9,579	22,8050
2,9760	-9,581	22,8100
2,9721	-9,583	22,8150
2,9745	-9,585	22,8200
2,9778	-9,587	22,8250
2,9759	-9,589	22,8300
2,9714	-9,591	22,8350
2,9778	-9,593	22,8400
2,9771	-9,595	22,8450
2,9748	-9,598	22,8500
2,9745	-9,600	22,8550
2,9687	-9,602	22,8600
2,9660	-9,604	22,8650
2,9718	-9,606	22,8700
2,9711	-9,608	22,8750
2,9669	-9,610	22,8800
2,9740	-9,612	22,8850
2,9805	-9,614	22,8900
2,9747	-9,616	22,8950
2,9846	-9,619	22,9000
2,9908	-9,621	22,9050
2,9816	-9,623	22,9100
2,9748	-9,625	22,9150
2,9757	-9,627	22,9200
2,9750	-9,629	22,9250
2,9730	-9,631	22,9300
2,9849	-9,633	22,9350
2,9881	-9,635	22,9400
2,9808	-9,637	22,9450
2,9787	-9,640	22,9500
2,9819	-9,642	22,9550
2,9805	-9,644	22,9600
2,9921	-9,646	22,9650
2,9858	-9,648	22,9700
2,9752	-9,650	22,9750
2,9806	-9,652	22,9800
2,9822	-9,654	22,9850
2,9785	-9,656	22,9900
2,9857	-9,658	22,9950
2,9893	-9,661	23,0000
2,9833	-9,663	23,0050
2,9879	-9,665	23,0100
2,9936	-9,667	23,0150
2,9911	-9,669	23,0200
2,9883	-9,671	23,0250
3,0011	-9,673	23,0300
2,9968	-9,675	23,0350
2,9919	-9,677	23,0400
3,0021	-9,679	23,0450
3,0018	-9,682	23,0500
2,9966	-9,684	23,0550
3,0026	-9,686	23,0600
2,9955	-9,688	23,0650
2,9867	-9,690	23,0700
2,9856	-9,692	23,0750
2,9914	-9,694	23,0800
2,9833	-9,696	23,0850
2,9882	-9,698	23,0900
2,9951	-9,700	23,0950
2,9942	-9,703	23,1000
2,9951	-9,705	23,1050
2,9983	-9,707	23,1100
2,9997	-9,709	23,1150
2,9983	-9,711	23,1200
3,0015	-9,713	23,1250
2,9995	-9,715	23,1300
3,0026	-9,717	23,1350
3,0072	-9,719	23,1400
3,0065	-9,721	23,1450
3,0037	-9,724	23,1500
3,0104	-9,726	23,1550
3,0112	-9,728	23,1600
3,0025	-9,730	23,1650
2,9990	-9,732	23,1700
3,0054	-9,734	23,1750
3,0041	-9,736	23,1800
3,0104	-9,738	23,1850
3,0123	-9,740	23,1900
3,0037	-9,742	23,1950
3,0074	-9,745	23,2000
3,0190	-9,747	23,2050
3,0172	-9,749	23,2100
3,0114	-9,751	23,2150
3,0148	-9,753	23,2200
3,0053	-9,755	23,2250
3,0019	-9,757	23,2300
3,0110	-9,759	23,2350
3,0102	-9,761	23,2400
3,0096	-9,763	23,2450
3,0165	-9,766	23,2500
3,0151	-9,768	23,2550
3,0110	-9,770	23,2600
3,0141	-9,772	23,2650
3,0208	-9,774	23,2700
3,0117	-9,776	23,2750
3,0100	-9,778	23,2800
3,0207	-9,780	23,2850
3,0183	-9,782	23,2900
3,0181	-9,784	23,2950
3,0233	-9,787	23,3000
3,0271	-9,789	23,3050
3,0235	-9,791	23,3100
3,0251	-9,793	23,3150
3,0264	-9,795	23,3200
3,0221	-9,797	23,3250
3,0235	-9,799	23,3300
3,0171	-9,801	23,3350
3,0123	-9,803	23,3400
3,0229	-9,805	23,3450
3,0278	-9,808	23,3500
3,0218	-9,810	23,3550
3,0247	-9,812	23,3600
3,0303	-9,814	23,3650
3,0275	-9,816	23,3700
3,0342	-9,818	23,3750
3,0350	-9,820	23,3800
3,0317	-9,822	23,3850
3,0327	-9,824	23,3900
3,0390	-9,826	23,3950
3,0302	-9,829	23,4000
3,0261	-9,831	23,4050
3,0400	-9,833	23,4100
3,0322	-9,835	23,4150
3,0259	-9,837	23,4200
3,0268	-9,839	23,4250
3,0275	-9,841	23,4300
3,0260	-9,843	23,4350
3,0300	-9,845	23,4400
3,0322	-9,847	23,4450
3,0315	-9,850	23,4500
3,0374	-9,852	23,4550
3,0410	-9,854	23,4600
3,0311	-9,856	23,4650
3,0365	-9,858	23,4700
3,0436	-9,860	23,4750
3,0367	-9,862	23,4800
3,0313	-9,864	23,4850
3,0321	-9,866	23,4900
3,0348	-9,868	23,4950
3,0383	-9,871	23,5000
3,0469	-9,873	23,5050
3,0458	-9,875	23,5100
3,0366	-9,877	23,5150
3,0444	-9,879	23,5200
3,0450	-9,881	23,5250
3,0419	-9,883	23,5300
3,0502	-9,885	23,5350
3,0509	-9,887	23,5400
3,0426	-9,889	23,5450
3,0426	-9,892	23,5500
3,0529	-9,894	23,5550
3,0445	-9,896	23,5600
3,0414	-9,898	23,5650
3,0466	-9,900	23,5700
3,0407	-9,902	23,5750
3,0429	-9,904	23,5800
3,0523	-9,906	23,5850
3,0566	-9,908	23,5900
3,0516	-9,910	23,5950
3,0532	-9,913	23,6000
3,0490	-9,915	23,6050
3,0460	-9,917	23,6100
3,0476	-9,919	23,6150
3,0557	-9,921	23,6200
3,0566	-9,923	23,6250
3,0593	-9,925	23,6300
3,0591	-9,927	23,6350
3,0594	-9,929	23,6400
3,0499	-9,931	23,6450
3,0616	-9,934	23,6500
3,0575	-9,936	23,6550
3,0506	-9,938	23,6600
3,0579	-9,940	23,6650
3,0555	-9,942	23,6700
3,0538	-9,944	23,6750
3,0601	-9,946	23,6800
3,0570	-9,948	23,6850
3,0515	-9,950	23,6900
3,0536	-9,952	23,6950
3,0573	-9,955	23,7000
3,0608	-9,957	23,7050
3,0655	-9,959	23,7100
3,0700	-9,961	23,7150
3,0659	-9,963	23,7200
3,0697	-9,965	23,7250
3,0706	-9,967	23,7300
3,0726	-9,969	23,7350
3,0726	-9,971	23,7400
3,0770	-9,973	23,7450
3,0724	-9,976	23,7500
3,0665	-9,978	23,7550
3,0704	-9,980	23,7600
3,0660	-9,982	23,7650
3,0643	-9,984	23,7700
3,0726	-9,986	23,7750
3,0747	-9,988	23,7800
3,0697	-9,990	23,7850
3,0716	-9,992	23,7900
3,0720	-9,994	23,7950
3,0649	-9,997	23,8000
3,0720	-9,999	23,8050
3,0766	-10,001	23,8100
3,0739	-10,003	23,8150
3,0759	-10,005	23,8200
3,0790	-10,007	23,8250
3,0768	-10,009	23,8300
3,0682	-10,011	23,8350
3,0726	-10,013	23,8400
3,0712	-10,015	23,8450
3,0732	-10,018	23,8500
3,0795	-10,020	23,8550
3,0751	-10,022	23,8600
3,0732	-10,024	23,8650
3,0864	-10,026	23,8700
3,0834	-10,028	23,8750
3,0730	-10,030	23,8800
3,0797	-10,032	23,8850
3,0949	-10,034	23,8900
3,0865	-10,036	23,8950
3,0805	-10,039	23,9000
3,0870	-10,041	23,9050
3,0825	-10,043	23,9100
3,0863	-10,045	23,9150
3,0927	-10,047	23,9200
3,0933	-10,049	23,9250
3,0936	-10,051	23,9300
3,0937	-10,053	23,9350
3,0830	-10,055	23,9400
3,0906	-10,057	23,9450
3,0911	-10,060	23,9500
3,0818	-10,062	23,9550
3,0758	-10,064	23,9600
3,0878	-10,066	23,9650
3,0925	-10,068	23,9700
3,0952	-10,070	23,9750
3,1037	-10,072	23,9800
3,0994	-10,074	23,9850
3,0914	-10,076	23,9900
3,0959	-10,078	23,9950
3,0882	-10,081	24,0000
3,0813	-10,083	24,0050
3,0914	-10,085	24,0100
3,1020	-10,087	24,0150
3,0961	-10,089	24,0200
3,0888	-10,091	24,0250
3,0972	-10,093	24,0300
3,0957	-10,095	24,0350
3,0936	-10,097	24,0400
3,0979	-10,099	24,0450
3,0984	-10,102	24,0500
3,0974	-10,104	24,0550
3,0974	-10,106	24,0600
3,0927	-10,108	24,0650
3,0948	-10,110	24,0700
3,1035	-10,112	24,0750
3,1065	-10,114	24,0800
3,1019	-10,116	24,0850
3,1045	-10,118	24,0900
3,1024	-10,120	24,0950
3,1008	-10,123	24,1000
3,1103	-10,125	24,1050
3,1118	-10,127	24,1100
3,1055	-10,129	24,1150
3,1066	-10,131	24,1200
3,1119	-10,133	24,1250
3,1069	-10,135	24,1300
3,1027	-10,137	24,1350
3,1119	-10,139	24,1400
3,1120	-10,141	24,1450
3,1049	-10,144	24,1500
3,1068	-10,146	24,1550
3,1088	-10,148	24,1600
3,1095	-10,150	24,1650
3,1160	-10,152	24,1700
3,1224	-10,154	24,1750
3,1147	-10,156	24,1800
3,1184	-10,158	24,1850
3,1201	-10,160	24,1900
3,1090	-10,162	24,1950
3,1131	-10,165	24,2000
3,1273	-10,167	24,2050
3,1273	-10,169	24,2100
3,1217	-10,171	24,2150
3,1240	-10,173	24,2200
3,1195	-10,175	24,2250
3,1178	-10,177	24,2300
3,1258	-10,179	24,2350
3,1227	-10,181	24,2400
3,1238	-10,183	24,2450
3,1342	-10,186	24,2500
3,1242	-10,188	24,2550
3,1151	-10,190	24,2600
3,1242	-10,192	24,2650
3,1326	-10,194	24,2700
3,1242	-10,196	24,2750
3,1282	-10,198	24,2800
3,1277	-10,200	24,2850
3,1198	-10,202	24,2900
3,1263	-10,204	24,2950
3,1354	-10,207	24,3000
3,1355	-10,209	24,3050
3,1342	-10,211	24,3100
3,1350	-10,213	24,3150
3,1236	-10,215	24,3200
3,1212	-10,217	24,3250
3,1307	-10,219	24,3300
3,1294	-10,221	24,3350
3,1262	-10,223	24,3400
3,1323	-10,225	24,3450
3,1314	-10,228	24,3500
3,1301	-10,230	24,3550
3,1324	-10,232	24,3600
3,1321	-10,234	24,3650
3,1257	-10,236	24,3700
3,1350	-10,238	24,3750
3,1459	-10,240	24,3800
3,1418	-10,242	24,3850
3,1407	-10,244	24,3900
3,1455	-10,246	24,3950
3,1333	-10,249	24,4000
3,1312	-10,251	24,4050
3,1421	-10,253	24,4100
3,1462	-10,255	24,4150
3,1397	-10,257	24,4200
3,1439	-10,259	24,4250
3,1474	-10,261	24,4300
3,1423	-10,263	24,4350
3,1426	-10,265	24,4400
3,1447	-10,267	24,4450
3,1433	-10,270	24,4500
3,1375	-10,272	24,4550
3,1431	-10,274	24,4600
3,1380	-10,276	24,4650
3,1439	-10,278	24,4700
3,1489	-10,280	24,4750
3,1428	-10,282	24,4800
3,1350	-10,284	24,4850
3,1430	-10,286	24,4900
3,1427	-10,288	24,4950
3,1377	-10,291	24,5000
3,1457	-10,293	24,5050
3,1523	-10,295	24,5100
3,1500	-10,297	24,5150
3,1537	-10,299	24,5200
3,1560	-10,301	24,5250
3,1434	-10,303	24,5300
3,1439	-10,305	24,5350
3,1417	-10,307	24,5400
3,1474	-10,309	24,5450
3,1515	-10,312	24,5500
3,1613	-10,314	24,5550
3,1481	-10,316	24,5600
3,1532	-10,318	24,5650
3,1579	-10,320	24,5700
3,1511	-10,322	24,5750
3,1480	-10,324	24,5800
3,1540	-10,326	24,5850
3,1514	-10,328	24,5900
3,1551	-10,330	24,5950
3,1611	-10,333	24,6000
3,1616	-10,335	24,6050
3,1633	-10,337	24,6100
3,1707	-10,339	24,6150
3,1703	-10,341	24,6200
3,1635	-10,343	24,6250
3,1675	-10,345	24,6300
3,1613	-10,347	24,6350
3,1585	-10,349	24,6400
3,1614	-10,351	24,6450
3,1706	-10,354	24,6500
3,1602	-10,356	24,6550
3,1583	-10,358	24,6600
3,1664	-10,360	24,6650
3,1630	-10,362	24,6700
3,1575	-10,364	24,6750
3,1681	-10,366	24,6800
3,1700	-10,368	24,6850
3,1649	-10,370	24,6900
3,1759	-10,372	24,6950
3,1748	-10,375	24,7000
3,1695	-10,377	24,7050
3,1729	-10,379	24,7100
3,1720	-10,381	24,7150
3,1620	-10,383	24,7200
3,1655	-10,385	24,7250
3,1704	-10,387	24,7300
3,1730	-10,389	24,7350
3,1775	-10,391	24,7400
3,1883	-10,393	24,7450
3,1731	-10,396	24,7500
3,1697	-10,398	24,7550
3,1795	-10,400	24,7600
3,1752	-10,402	24,7650
3,1720	-10,404	24,7700
3,1837	-10,406	24,7750
3,1833	-10,408	24,7800
3,1791	-10,410	24,7850
3,1837	-10,412	24,7900
3,1830	-10,414	24,7950
3,1729	-10,417	24,8000
3,1787	-10,419	24,8050
3,1865	-10,421	24,8100
3,1774	-10,423	24,8150
3,1786	-10,425	24,8200
3,1819	-10,427	24,8250
3,1813	-10,429	24,8300
3,1841	-10,431	24,8350
3,1954	-10,433	24,8400
3,1851	-10,435	24,8450
3,1741	-10,438	24,8500
3,1776	-10,440	24,8550
3,1796	-10,442	24,8600
3,1781	-10,444	24,8650
3,1867	-10,446	24,8700
3,1871	-10,448	24,8750
3,1833	-10,450	24,8800
3,1822	-10,452	24,8850
3,1772	-10,454	24,8900
3,1819	-10,456	24,8950
3,1912	-10,459	24,9000
3,1905	-10,461	24,9050
3,1844	-10,463	24,9100
3,1885	-10,465	24,9150
3,1899	-10,467	24,9200
3,1858	-10,469	24,9250
3,1885	-10,471	24,9300
3,2004	-10,473	24,9350
3,2001	-10,475	24,9400
3,2025	-10,477	24,9450
3,2018	-10,480	24,9500
3,1912	-10,482	24,9550
3,1920	-10,484	24,9600
3,2069	-10,486	24,9650
3,2007	-10,488	24,9700
3,1918	-10,490	24,9750
3,1938	-10,492	24,9800
3,1960	-10,494	24,9850
3,1945	-10,496	24,9900
3,2050	-10,498	24,9950
3,2016	-10,501	25,0000
3,1884	-10,503	25,0050
3,1874	-10,505	25,0100
3,2000	-10,507	25,0150
3,2096	-10,509	25,0200
3,2087	-10,511	25,0250
3,2115	-10,513	25,0300
3,2051	-10,515	25,0350
3,2011	-10,517	25,0400
3,2094	-10,519	25,0450
3,2083	-10,522	25,0500
3,2046	-10,524	25,0550
3,2139	-10,526	25,0600
3,2127	-10,528	25,0650
3,2103	-10,530	25,0700
3,2162	-10,532	25,0750
3,2169	-10,534	25,0800
3,2068	-10,536	25,0850
3,2134	-10,538	25,0900
3,2171	-10,540	25,0950
3,2125	-10,543	25,1000
3,2140	-10,545	25,1050
3,2215	-10,547	25,1100
3,2222	-10,549	25,1150
3,2185	-10,551	25,1200
3,2228	-10,553	25,1250
3,2151	-10,555	25,1300
3,2140	-10,557	25,1350
3,2232	-10,559	25,1400
3,2222	-10,561	25,1450
3,2154	-10,564	25,1500
3,2268	-10,566	25,1550
3,2251	-10,568	25,1600
3,2200	-10,570	25,1650
3,2118	-10,572	25,1700
3,2118	-10,574	25,1750
3,2119	-10,576	25,1800
3,2209	-10,578	25,1850
3,2189	-10,580	25,1900
3,2141	-10,582	25,1950
3,2185	-10,585	25,2000
3,2257	-10,587	25,2050
3,2243	-10,589	25,2100
3,2213	-10,591	25,2150
3,2287	-10,593	25,2200
3,2218	-10,595	25,2250
3,2178	-10,597	25,2300
3,2269	-10,599	25,2350
3,2329	-10,601	25,2400
3,2298	-10,603	25,2450
3,2371	-10,606	25,2500
3,2382	-10,608	25,2550
3,2288	-10,610	25,2600
3,2320	-10,612	25,2650
3,2392	-10,614	25,2700
3,2337	-10,616	25,2750
3,2418	-10,618	25,2800
3,2411	-10,620	25,2850
3,2306	-10,622	25,2900
3,2234	-10,624	25,2950
3,2334	-10,627	25,3000
3,2371	-10,629	25,3050
3,2386	-10,631	25,3100
3,2439	-10,633	25,3150
3,2388	-10,635	25,3200
3,2311	-10,637	25,3250
3,2354	-10,639	25,3300
3,2376	-10,641	25,3350
3,2334	-10,643	25,3400
3,2328	-10,645	25,3450
3,2294	-10,648	25,3500
3,2274	-10,650	25,3550
3,2370	-10,652	25,3600
3,2494	-10,654	25,3650
3,2474	-10,656	25,3700
3,2465	-10,658	25,3750
3,2479	-10,660	25,3800
3,2334	-10,662	25,3850
3,2320	-10,664	25,3900
3,2452	-10,666	25,3950
3,2447	-10,669	25,4000
3,2386	-10,671	25,4050
3,2480	-10,673	25,4100
3,2499	-10,675	25,4150
3,2499	-10,677	25,4200
3,2571	-10,679	25,4250
3,2582	-10,681	25,4300
3,2532	-10,683	25,4350
3,2539	-10,685	25,4400
3,2510	-10,687	25,4450
3,2511	-10,690	25,4500
3,2516	-10,692	25,4550
3,2547	-10,694	25,4600
3,2461	-10,696	25,4650
3,2424	-10,698	25,4700
3,2479	-10,700	25,4750
3,2484	-10,702	25,4800
3,2469	-10,704	25,4850
3,2590	-10,706	25,4900
3,2549	-10,708	25,4950
3,2485	-10,711	25,5000
3,2558	-10,713	25,5050
3,2555	-10,715	25,5100
3,2443	-10,717	25,5150
3,2542	-10,719	25,5200
3,2576	-10,721	25,5250
3,2538	-10,723	25,5300
3,2623	-10,725	25,5350
3,2744	-10,727	25,5400
3,2677	-10,729	25,5450
3,2609	-10,732	25,5500
3,2604	-10,734	25,5550
3,2504	-10,736	25,5600
3,2498	-10,738	25,5650
3,2612	-10,740	25,5700
3,2670	-10,742	25,5750
3,2689	-10,744	25,5800
3,2749	-10,746	25,5850
3,2653	-10,748	25,5900
3,2596	-10,750	25,5950
3,2671	-10,753	25,6000
3,2643	-10,755	25,6050
3,2630	-10,757	25,6100
3,2685	-10,759	25,6150
3,2687	-10,761	25,6200
3,2627	-10,763	25,6250
3,2714	-10,765	25,6300
3,2777	-10,767	25,6350
3,2721	-10,769	25,6400
3,2662	-10,771	25,6450
3,2702	-10,774	25,6500
3,2682	-10,776	25,6550
3,2771	-10,778	25,6600
3,2827	-10,780	25,6650
3,2758	-10,782	25,6700
3,2740	-10,784	25,6750
3,2791	-10,786	25,6800
3,2745	-10,788	25,6850
3,2695	-10,790	25,6900
3,2768	-10,792	25,6950
3,2806	-10,795	25,7000
3,2712	-10,797	25,7050
3,2741	-10,799	25,7100
3,2728	-10,801	25,7150
3,2715	-10,803	25,7200
3,2850	-10,805	25,7250
3,2934	-10,807	25,7300
3,2836	-10,809	25,7350
3,2778	-10,811	25,7400
3,2850	-10,813	25,7450
3,2804	-10,816	25,7500
3,2815	-10,818	25,7550
3,2860	-10,820	25,7600
3,2784	-10,822	25,7650
3,2720	-10,824	25,7700
3,2861	-10,826	25,7750
3,2903	-10,828	25,7800
3,2849	-10,830	25,7850
3,2840	-10,832	25,7900
3,2833	-10,834	25,7950
3,2758	-10,837	25,8000
3,2844	-10,839	25,8050
3,2836	-10,841	25,8100
3,2846	-10,843	25,8150
3,2965	-10,845	25,8200
3,2989	-10,847	25,8250
3,2895	-10,849	25,8300
3,2856	-10,851	25,8350
3,2937	-10,853	25,8400
3,2928	-10,855	25,8450
3,2979	-10,858	25,8500
3,3035	-10,860	25,8550
3,2950	-10,862	25,8600
3,2899	-10,864	25,8650
3,3038	-10,866	25,8700
3,3008	-10,868	25,8750
3,2937	-10,870	25,8800
3,2940	-10,872	25,8850
3,2948	-10,874	25,8900
3,2933	-10,876	25,8950
3,3080	-10,879	25,9000
3,3085	-10,881	25,9050
3,2972	-10,883	25,9100
3,3060	-10,885	25,9150
3,3065	-10,887	25,9200
3,2993	-10,889	25,9250
3,2964	-10,891	25,9300
3,3025	-10,893	25,9350
3,3007	-10,895	25,9400
3,2979	-10,897	25,9450
3,3060	-10,900	25,9500
3,3041	-10,902	25,9550
3,2967	-10,904	25,9600
3,3083	-10,906	25,9650
3,3100	-10,908	25,9700
3,3111	-10,910	25,9750
3,3120	-10,912	25,9800
3,3095	-10,914	25,9850
3,3062	-10,916	25,9900
3,3072	-10,918	25,9950
3,3050	-10,921	26,0000
3,3058	-10,923	26,0050
3,3116	-10,925	26,0100
3,3205	-10,927	26,0150
3,3172	-10,929	26,0200
3,3100	-10,931	26,0250
3,3124	-10,933	26,0300
3,3080	-10,935	26,0350
3,3080	-10,937	26,0400
3,3204	-10,939	26,0450
3,3136	-10,942	26,0500
3,3017	-10,944	26,0550
3,3111	-10,946	26,0600
3,3140	-10,948	26,0650
3,3147	-10,950	26,0700
3,3201	-10,952	26,0750
3,3236	-10,954	26,0800
3,3144	-10,956	26,0850
3,3177	-10,958	26,0900
3,3187	-10,960	26,0950
3,3126	-10,963	26,1000
3,3183	-10,965	26,1050
3,3279	-10,967	26,1100
3,3238	-10,969	26,1150
3,3181	-10,971	26,1200
3,3147	-10,973	26,1250
3,3099	-10,975	26,1300
3,3161	-10,977	26,1350
3,3270	-10,979	26,1400
3,3307	-10,981	26,1450
3,3213	-10,984	26,1500
3,3316	-10,986	26,1550
3,3313	-10,988	26,1600
3,3287	-10,990	26,1650
3,3272	-10,992	26,1700
3,3291	-10,994	26,1750
3,3243	-10,996	26,1800
3,3375	-10,998	26,1850
3,3432	-11,000	26,1900
3,3318	-11,002	26,1950
3,3372	-11,005	26,2000
3,3408	-11,007	26,2050
3,3286	-11,009	26,2100
3,3208	-11,011	26,2150
3,3290	-11,013	26,2200
3,3271	-11,015	26,2250
3,3303	-11,017	26,2300
3,3372	-11,019	26,2350
3,3244	-11,021	26,2400
3,3200	-11,023	26,2450
3,3349	-11,026	26,2500
3,3396	-11,028	26,2550
3,3372	-11,030	26,2600
3,3461	-11,032	26,2650
3,3537	-11,034	26,2700
3,3426	-11,036	26,2750
3,3409	-11,038	26,2800
3,3450	-11,040	26,2850
3,3362	-11,042	26,2900
3,3400	-11,044	26,2950
3,3464	-11,047	26,3000
3,3367	-11,049	26,3050
3,3302	-11,051	26,3100
3,3413	-11,053	26,3150
3,3439	-11,055	26,3200
3,3458	-11,057	26,3250
3,3525	-11,059	26,3300
3,3488	-11,061	26,3350
3,3361	-11,063	26,3400
3,3414	-11,065	26,3450
3,3526	-11,068	26,3500
3,3522	-11,070	26,3550
3,3511	-11,072	26,3600
3,3564	-11,074	26,3650
3,3386	-11,076	26,3700
3,3396	-11,078	26,3750
3,3540	-11,080	26,3800
3,3464	-11,082	26,3850
3,3465	-11,084	26,3900
3,3567	-11,086	26,3950
3,3505	-11,089	26,4000
3,3411	-11,091	26,4050
3,3456	-11,093	26,4100
3,3420	-11,095	26,4150
3,3426	-11,097	26,4200
3,3563	-11,099	26,4250
3,3591	-11,101	26,4300
3,3516	-11,103	26,4350
3,3557	-11,105	26,4400
3,3537	-11,107	26,4450
3,3534	-11,110	26,4500
3,3566	-11,112	26,4550
3,3608	-11,114	26,4600
3,3517	-11,116	26,4650
3,3498	-11,118	26,4700
3,3528	-11,120	26,4750
3,3525	-11,122	26,4800
3,3539	-11,124	26,4850
3,3608	-11,126	26,4900
3,3541	-11,128	26,4950
3,3506	-11,131	26,5000
3,3643	-11,133	26,5050
3,3658	-11,135	26,5100
3,3597	-11,137	26,5150
3,3656	-11,139	26,5200
3,3619	-11,141	26,5250
3,3552	-11,143	26,5300
3,3641	-11,145	26,5350
3,3701	-11,147	26,5400
3,3666	-11,149	26,5450
3,3663	-11,152	26,5500
3,3742	-11,154	26,5550
3,3665	-11,156	26,5600
3,3652	-11,158	26,5650
3,3760	-11,160	26,5700
3,3678	-11,162	26,5750
3,3679	-11,164	26,5800
3,3777	-11,166	26,5850
3,3681	-11,168	26,5900
3,3585	-11,170	26,5950
3,3686	-11,173	26,6000
3,3716	-11,175	26,6050
3,3688	-11,177	26,6100
3,3746	-11,179	26,6150
3,3805	-11,181	26,6200
3,3753	-11,183	26,6250
3,3755	-11,185	26,6300
3,3701	-11,187	26,6350
3,3734	-11,189	26,6400
3,3748	-11,191	26,6450
3,3815	-11,194	26,6500
3,3735	-11,196	26,6550
3,3682	-11,198	26,6600
3,3749	-11,200	26,6650
3,3712	-11,202	26,6700
3,3739	-11,204	26,6750
3,3810	-11,206	26,6800
3,3743	-11,208	26,6850
3,3672	-11,210	26,6900
3,3769	-11,212	26,6950
3,3820	-11,215	26,7000
3,3735	-11,217	26,7050
3,3792	-11,219	26,7100
3,3777	-11,221	26,7150
3,3709	-11,223	26,7200
3,3809	-11,225	26,7250
3,3886	-11,227	26,7300
3,3885	-11,229	26,7350
3,3906	-11,231	26,7400
3,4024	-11,233	26,7450
3,3962	-11,236	26,7500
3,3871	-11,238	26,7550
3,3897	-11,240	26,7600
3,3858	-11,242	26,7650
3,3832	-11,244	26,7700
3,3953	-11,246	26,7750
3,3931	-11,248	26,7800
3,3873	-11,250	26,7850
3,3900	-11,252	26,7900
3,3897	-11,254	26,7950
3,3872	-11,257	26,8000
3,3923	-11,259	26,8050
3,3934	-11,261	26,8100
3,3905	-11,263	26,8150
3,3959	-11,265	26,8200
3,3968	-11,267	26,8250
3,3891	-11,269	26,8300
3,3895	-11,271	26,8350
3,3962	-11,273	26,8400
3,3876	-11,275	26,8450
3,3890	-11,278	26,8500
3,3990	-11,280	26,8550
3,3929	-11,282	26,8600
3,3902	-11,284	26,8650
3,4009	-11,286	26,8700
3,3986	-11,288	26,8750
3,3957	-11,290	26,8800
3,3972	-11,292	26,8850
3,4104	-11,294	26,8900
3,4058	-11,296	26,8950
3,4083	-11,299	26,9000
3,4068	-11,301	26,9050
3,3960	-11,303	26,9100
3,4038	-11,305	26,9150
3,4066	-11,307	26,9200
3,3994	-11,309	26,9250
3,3985	-11,311	26,9300
3,4076	-11,313	26,9350
3,4058	-11,315	26,9400
3,4011	-11,317	26,9450
3,4061	-11,320	26,9500
3,4046	-11,322	26,9550
3,4018	-11,324	26,9600
3,4156	-11,326	26,9650
3,4166	-11,328	26,9700
3,4057	-11,330	26,9750
3,4062	-11,332	26,9800
3,4073	-11,334	26,9850
3,4035	-11,336	26,9900
3,4053	-11,338	26,9950
3,4125	-11,341	27,0000
3,4128	-11,343	27,0050
3,4139	-11,345	27,0100
3,4196	-11,347	27,0150
3,4079	-11,349	27,0200
3,4101	-11,351	27,0250
3,4176	-11,353	27,0300
3,4173	-11,355	27,0350
3,4166	-11,357	27,0400
3,4220	-11,359	27,0450
3,4188	-11,362	27,0500
3,4097	-11,364	27,0550
3,4149	-11,366	27,0600
3,4163	-11,368	27,0650
3,4065	-11,370	27,0700
3,4118	-11,372	27,0750
3,4254	-11,374	27,0800
3,4254	-11,376	27,0850
3,4291	-11,378	27,0900
3,4355	-11,380	27,0950
3,4332	-11,383	27,1000
3,4315	-11,385	27,1050
3,4317	-11,387	27,1100
3,4259	-11,389	27,1150
3,4231	-11,391	27,1200
3,4340	-11,393	27,1250
3,4291	-11,395	27,1300
3,4266	-11,397	27,1350
3,4359	-11,399	27,1400
3,4319	-11,401	27,1450
3,4277	-11,404	27,1500
3,4304	-11,406	27,1550
3,4277	-11,408	27,1600
3,4212	-11,410	27,1650
3,4253	-11,412	27,1700
3,4400	-11,414	27,1750
3,4358	-11,416	27,1800
3,4364	-11,418	27,1850
3,4349	-11,420	27,1900
3,4299	-11,422	27,1950
3,4271	-11,425	27,2000
3,4322	-11,427	27,2050
3,4327	-11,429	27,2100
3,4258	-11,431	27,2150
3,4332	-11,433	27,2200
3,4393	-11,435	27,2250
3,4389	-11,437	27,2300
3,4372	-11,439	27,2350
3,4311	-11,441	27,2400
3,4278	-11,443	27,2450
3,4375	-11,446	27,2500
3,4433	-11,448	27,2550
3,4363	-11,450	27,2600
3,4372	-11,452	27,2650
3,4430	-11,454	27,2700
3,4430	-11,456	27,2750
3,4450	-11,458	27,2800
3,4463	-11,460	27,2850
3,4427	-11,462	27,2900
3,4426	-11,464	27,2950
3,4524	-11,467	27,3000
3,4579	-11,469	27,3050
3,4559	-11,471	27,3100
3,4546	-11,473	27,3150
3,4445	-11,475	27,3200
3,4385	-11,477	27,3250
3,4492	-11,479	27,3300
3,4458	-11,481	27,3350
3,4374	-11,483	27,3400
3,4443	-11,485	27,3450
3,4435	-11,488	27,3500
3,4447	-11,490	27,3550
3,4459	-11,492	27,3600
3,4498	-11,494	27,3650
3,4501	-11,496	27,3700
3,4609	-11,498	27,3750
3,4697	-11,500	27,3800
3,4584	-11,502	27,3850
3,4508	-11,504	27,3900
3,4566	-11,506	27,3950
3,4521	-11,509	27,4000
3,4477	-11,511	27,4050
3,4517	-11,513	27,4100
3,4541	-11,515	27,4150
3,4543	-11,517	27,4200
3,4570	-11,519	27,4250
3,4502	-11,521	27,4300
3,4463	-11,523	27,4350
3,4550	-11,525	27,4400
3,4554	-11,527	27,4450
3,4524	-11,530	27,4500
3,4560	-11,532	27,4550
3,4560	-11,534	27,4600
3,4526	-11,536	27,4650
3,4603	-11,538	27,4700
3,4656	-11,540	27,4750
3,4550	-11,542	27,4800
3,4515	-11,544	27,4850
3,4683	-11,546	27,4900
3,4718	-11,548	27,4950
3,4680	-11,551	27,5000
3,4719	-11,553	27,5050
3,4720	-11,555	27,5100
3,4675	-11,557	27,5150
3,4719	-11,559	27,5200
3,4743	-11,561	27,5250
3,4667	-11,563	27,5300
3,4706	-11,565	27,5350
3,4740	-11,567	27,5400
3,4707	-11,569	27,5450
3,4626	-11,572	27,5500
3,4689	-11,574	27,5550
3,4680	-11,576	27,5600
3,4734	-11,578	27,5650
3,4743	-11,580	27,5700
3,4603	-11,582	27,5750
3,4604	-11,584	27,5800
3,4747	-11,586	27,5850
3,4784	-11,588	27,5900
3,4797	-11,590	27,5950
3,4831	-11,593	27,6000
3,4823	-11,595	27,6050
3,4685	-11,597	27,6100
3,4746	-11,599	27,6150
3,4743	-11,601	27,6200
3,4692	-11,603	27,6250
3,4760	-11,605	27,6300
3,4751	-11,607	27,6350
3,4673	-11,609	27,6400
3,4722	-11,611	27,6450
3,4883	-11,614	27,6500
3,4792	-11,616	27,6550
3,4766	-11,618	27,6600
3,4837	-11,620	27,6650
3,4868	-11,622	27,6700
3,4781	-11,624	27,6750
3,4751	-11,626	27,6800
3,4786	-11,628	27,6850
3,4854	-11,630	27,6900
3,4864	-11,632	27,6950
3,4832	-11,635	27,7000
3,4779	-11,637	27,7050
3,4918	-11,639	27,7100
3,4932	-11,641	27,7150
3,4783	-11,643	27,7200
3,4828	-11,645	27,7250
3,4885	-11,647	27,7300
3,4893	-11,649	27,7350
3,4884	-11,651	27,7400
3,4912	-11,653	27,7450
3,4885	-11,656	27,7500
3,4837	-11,658	27,7550
3,4888	-11,660	27,7600
3,4891	-11,662	27,7650
3,4893	-11,664	27,7700
3,4944	-11,666	27,7750
3,4903	-11,668	27,7800
3,4856	-11,670	27,7850
3,4943	-11,672	27,7900
3,5055	-11,674	27,7950
3,4932	-11,677	27,8000
3,4926	-11,679	27,8050
3,4961	-11,681	27,8100
3,4926	-11,683	27,8150
3,5011	-11,685	27,8200
3,5005	-11,687	27,8250
3,4962	-11,689	27,8300
3,4989	-11,691	27,8350
3,5073	-11,693	27,8400
3,5009	-11,695	27,8450
3,4980	-11,698	27,8500
3,5057	-11,700	27,8550
3,5025	-11,702	27,8600
3,5007	-11,704	27,8650
3,5093	-11,706	27,8700
3,5074	-11,708	27,8750
3,5112	-11,710	27,8800
3,5214	-11,712	27,8850
3,5195	-11,714	27,8900
3,4992	-11,716	27,8950
3,4982	-11,719	27,9000
3,5061	-11,721	27,9050
3,5048	-11,723	27,9100
3,5110	-11,725	27,9150
3,5173	-11,727	27,9200
3,5088	-11,729	27,9250
3,5052	-11,731	27,9300
3,5204	-11,733	27,9350
3,5152	-11,735	27,9400
3,5164	-11,737	27,9450
3,5282	-11,740	27,9500
3,5213	-11,742	27,9550
3,5121	-11,744	27,9600
3,5167	-11,746	27,9650
3,5113	-11,748	27,9700
3,5085	-11,750	27,9750
3,5135	-11,752	27,9800
3,5266	-11,754	27,9850
3,5227	-11,756	27,9900
3,5235	-11,758	27,9950
3,5257	-11,761	28,0000
3,5080	-11,763	28,0050
3,5098	-11,765	28,0100
3,5221	-11,767	28,0150
3,5105	-11,769	28,0200
3,5090	-11,771	28,0250
3,5233	-11,773	28,0300
3,5236	-11,775	28,0350
3,5174	-11,777	28,0400
3,5240	-11,779	28,0450
3,5158	-11,782	28,0500
3,5022	-11,784	28,0550
3,5166	-11,786	28,0600
3,5227	-11,788	28,0650
3,5254	-11,790	28,0700
3,5246	-11,792	28,0750
3,5335	-11,794	28,0800
3,5325	-11,796	28,0850
3,5410	-11,798	28,0900
3,5386	-11,800	28,0950
3,5220	-11,803	28,1000
3,5259	-11,805	28,1050
3,5350	-11,807	28,1100
3,5329	-11,809	28,1150
3,5294	-11,811	28,1200
3,5325	-11,813	28,1250
3,5304	-11,815	28,1300
3,5290	-11,817	28,1350
3,5325	-11,819	28,1400
3,5344	-11,821	28,1450
3,5263	-11,824	28,1500
3,5306	-11,826	28,1550
3,5321	-11,828	28,1600
3,5312	-11,830	28,1650
3,5305	-11,832	28,1700
3,5454	-11,834	28,1750
3,5394	-11,836	28,1800
3,5302	-11,838	28,1850
3,5341	-11,840	28,1900
3,5315	-11,842	28,1950
3,5335	-11,845	28,2000
3,5345	-11,847	28,2050
3,5359	-11,849	28,2100
3,5393	-11,851	28,2150
3,5455	-11,853	28,2200
3,5395	-11,855	28,2250
3,5345	-11,857	28,2300
3,5413	-11,859	28,2350
3,5415	-11,861	28,2400
3,5339	-11,863	28,2450
3,5451	-11,866	28,2500
3,5461	-11,868	28,2550
3,5437	-11,870	28,2600
3,5482	-11,872	28,2650
3,5496	-11,874	28,2700
3,5398	-11,876	28,2750
3,5434	-11,878	28,2800
3,5479	-11,880	28,2850
3,5408	-11,882	28,2900
3,5435	-11,884	28,2950
3,5548	-11,887	28,3000
3,5491	-11,889	28,3050
3,5432	-11,891	28,3100
3,5470	-11,893	28,3150
3,5423	-11,895	28,3200
3,5409	-11,897	28,3250
3,5494	-11,899	28,3300
3,5514	-11,901	28,3350
3,5474	-11,903	28,3400
3,5425	-11,905	28,3450
3,5486	-11,908	28,3500
3,5545	-11,910	28,3550
3,5626	-11,912	28,3600
3,5654	-11,914	28,3650
3,5535	-11,916	28,3700
3,5570	-11,918	28,3750
3,5658	-11,920	28,3800
3,5611	-11,922	28,3850
3,5677	-11,924	28,3900
3,5708	-11,926	28,3950
3,5612	-11,929	28,4000
3,5543	-11,931	28,4050
3,5607	-11,933	28,4100
3,5603	-11,935	28,4150
3,5514	-11,937	28,4200
3,5620	-11,939	28,4250
3,5633	-11,941	28,4300
3,5496	-11,943	28,4350
3,5546	-11,945	28,4400
3,5715	-11,947	28,4450
3,5652	-11,950	28,4500
3,5614	-11,952	28,4550
3,5651	-11,954	28,4600
3,5558	-11,956	28,4650
3,5645	-11,958	28,4700
3,5708	-11,960	28,4750
3,5673	-11,962	28,4800
3,5680	-11,964	28,4850
3,5777	-11,966	28,4900
3,5711	-11,968	28,4950
3,5588	-11,971	28,5000
3,5649	-11,973	28,5050
3,5681	-11,975	28,5100
3,5643	-11,977	28,5150
3,5703	-11,979	28,5200
3,5719	-11,981	28,5250
3,5692	-11,983	28,5300
3,5718	-11,985	28,5350
3,5733	-11,987	28,5400
3,5729	-11,989	28,5450
3,5764	-11,992	28,5500
3,5826	-11,994	28,5550
3,5730	-11,996	28,5600
3,5665	-11,998	28,5650
3,5783	-12,000	28,5700
3,5829	-12,002	28,5750
3,5795	-12,004	28,5800
3,5844	-12,006	28,5850
3,5794	-12,008	28,5900
3,5699	-12,010	28,5950
3,5783	-12,013	28,6000
3,5836	-12,015	28,6050
3,5868	-12,017	28,6100
3,5932	-12,019	28,6150
3,5846	-12,021	28,6200
3,5737	-12,023	28,6250
3,5806	-12,025	28,6300
3,5910	-12,027	28,6350
3,5840	-12,029	28,6400
3,5741	-12,031	28,6450
3,5861	-12,034	28,6500
3,5874	-12,036	28,6550
3,5844	-12,038	28,6600
3,5889	-12,040	28,6650
3,5872	-12,042	28,6700
3,5768	-12,044	28,6750
3,5816	-12,046	28,6800
3,5862	-12,048	28,6850
3,5897	-12,050	28,6900
3,5910	-12,052	28,6950
3,5898	-12,055	28,7000
3,5913	-12,057	28,7050
3,5993	-12,059	28,7100
3,5953	-12,061	28,7150
3,5866	-12,063	28,7200
3,5940	-12,065	28,7250
3,5942	-12,067	28,7300
3,5881	-12,069	28,7350
3,5867	-12,071	28,7400
3,6030	-12,073	28,7450
3,5934	-12,076	28,7500
3,5864	-12,078	28,7550
3,5977	-12,080	28,7600
3,6023	-12,082	28,7650
3,5934	-12,084	28,7700
3,5999	-12,086	28,7750
3,6022	-12,088	28,7800
3,5940	-12,090	28,7850
3,5956	-12,092	28,7900
3,6012	-12,094	28,7950
3,6012	-12,097	28,8000
3,6054	-12,099	28,8050
3,6096	-12,101	28,8100
3,6035	-12,103	28,8150
3,6031	-12,105	28,8200
3,6116	-12,107	28,8250
3,6101	-12,109	28,8300
3,6090	-12,111	28,8350
3,6126	-12,113	28,8400
3,6036	-12,115	28,8450
3,6036	-12,118	28,8500
3,6114	-12,120	28,8550
3,6061	-12,122	28,8600
3,6016	-12,124	28,8650
3,6055	-12,126	28,8700
3,6044	-12,128	28,8750
3,5961	-12,130	28,8800
3,6023	-12,132	28,8850
3,6084	-12,134	28,8900
3,6012	-12,136	28,8950
3,6087	-12,139	28,9000
3,6161	-12,141	28,9050
3,6098	-12,143	28,9100
3,6125	-12,145	28,9150
3,6096	-12,147	28,9200
3,6081	-12,149	28,9250
3,6131	-12,151	28,9300
3,6208	-12,153	28,9350
3,6163	-12,155	28,9400
3,6135	-12,157	28,9450
3,6166	-12,160	28,9500
3,6154	-12,162	28,9550
3,6130	-12,164	28,9600
3,6108	-12,166	28,9650
3,6101	-12,168	28,9700
3,6092	-12,170	28,9750
3,6078	-12,172	28,9800
3,6129	-12,174	28,9850
3,6102	-12,176	28,9900
3,6120	-12,178	28,9950
3,6197	-12,181	29,0000
3,6149	-12,183	29,0050
3,6141	-12,185	29,0100
3,6179	-12,187	29,0150
3,6149	-12,189	29,0200
3,6107	-12,191	29,0250
3,6255	-12,193	29,0300
3,6280	-12,195	29,0350
3,6212	-12,197	29,0400
3,6237	-12,199	29,0450
3,6278	-12,202	29,0500
3,6256	-12,204	29,0550
3,6270	-12,206	29,0600
3,6240	-12,208	29,0650
3,6129	-12,210	29,0700
3,6194	-12,212	29,0750
3,6243	-12,214	29,0800
3,6194	-12,216	29,0850
3,6248	-12,218	29,0900
3,6284	-12,220	29,0950
3,6290	-12,223	29,1000
3,6324	-12,225	29,1050
3,6367	-12,227	29,1100
3,6296	-12,229	29,1150
3,6212	-12,231	29,1200
3,6349	-12,233	29,1250
3,6403	-12,235	29,1300
3,6309	-12,237	29,1350
3,6369	-12,239	29,1400
3,6466	-12,241	29,1450
3,6372	-12,244	29,1500
3,6385	-12,246	29,1550
3,6368	-12,248	29,1600
3,6256	-12,250	29,1650
3,6335	-12,252	29,1700
3,6448	-12,254	29,1750
3,6418	-12,256	29,1800
3,6409	-12,258	29,1850
3,6440	-12,260	29,1900
3,6407	-12,262	29,1950
3,6409	-12,265	29,2000
3,6405	-12,267	29,2050
3,6373	-12,269	29,2100
3,6347	-12,271	29,2150
3,6434	-12,273	29,2200
3,6415	-12,275	29,2250
3,6355	-12,277	29,2300
3,6413	-12,279	29,2350
3,6401	-12,281	29,2400
3,6407	-12,283	29,2450
3,6510	-12,286	29,2500
3,6518	-12,288	29,2550
3,6464	-12,290	29,2600
3,6508	-12,292	29,2650
3,6474	-12,294	29,2700
3,6403	-12,296	29,2750
3,6449	-12,298	29,2800
3,6521	-12,300	29,2850
3,6493	-12,302	29,2900
3,6526	-12,304	29,2950
3,6528	-12,307	29,3000
3,6473	-12,309	29,3050
3,6487	-12,311	29,3100
3,6550	-12,313	29,3150
3,6542	-12,315	29,3200
3,6554	-12,317	29,3250
3,6617	-12,319	29,3300
3,6553	-12,321	29,3350
3,6499	-12,323	29,3400
3,6509	-12,325	29,3450
3,6554	-12,328	29,3500
3,6620	-12,330	29,3550
3,6617	-12,332	29,3600
3,6599	-12,334	29,3650
3,6481	-12,336	29,3700
3,6546	-12,338	29,3750
3,6661	-12,340	29,3800
3,6609	-12,342	29,3850
3,6579	-12,344	29,3900
3,6672	-12,346	29,3950
3,6659	-12,349	29,4000
3,6627	-12,351	29,4050
3,6665	-12,353	29,4100
3,6610	-12,355	29,4150
3,6547	-12,357	29,4200
3,6621	-12,359	29,4250
3,6620	-12,361	29,4300
3,6536	-12,363	29,4350
3,6683	-12,365	29,4400
3,6738	-12,367	29,4450
3,6684	-12,370	29,4500
3,6622	-12,372	29,4550
3,6638	-12,374	29,4600
3,6605	-12,376	29,4650
3,6648	-12,378	29,4700
3,6705	-12,380	29,4750
3,6681	-12,382	29,4800
3,6654	-12,384	29,4850
3,6723	-12,386	29,4900
3,6726	-12,388	29,4950
3,6753	-12,391	29,5000
3,6793	-12,393	29,5050
3,6723	-12,395	29,5100
3,6646	-12,397	29,5150
3,6736	-12,399	29,5200
3,6726	-12,401	29,5250
3,6669	-12,403	29,5300
3,6786	-12,405	29,5350
3,6842	-12,407	29,5400
3,6807	-12,409	29,5450
3,6765	-12,412	29,5500
3,6847	-12,414	29,5550
3,6772	-12,416	29,5600
3,6768	-12,418	29,5650
3,6760	-12,420	29,5700
3,6716	-12,422	29,5750
3,6698	-12,424	29,5800
3,6748	-12,426	29,5850
3,6801	-12,428	29,5900
3,6803	-12,430	29,5950
3,6848	-12,433	29,6000
3,6876	-12,435	29,6050
3,6831	-12,437	29,6100
3,6871	-12,439	29,6150
3,6904	-12,441	29,6200
3,6836	-12,443	29,6250
3,6857	-12,445	29,6300
3,6824	-12,447	29,6350
3,6732	-12,449	29,6400
3,6796	-12,451	29,6450
3,6891	-12,454	29,6500
3,6808	-12,456	29,6550
3,6808	-12,458	29,6600
3,6899	-12,460	29,6650
3,6872	-12,462	29,6700
3,6794	-12,464	29,6750
3,6886	-12,466	29,6800
3,6900	-12,468	29,6850
3,6889	-12,470	29,6900
3,6953	-12,472	29,6950
3,6963	-12,475	29,7000
3,6963	-12,477	29,7050
3,7005	-12,479	29,7100
3,6963	-12,481	29,7150
3,6883	-12,483	29,7200
3,6947	-12,485	29,7250
3,6972	-12,487	29,7300
3,6924	-12,489	29,7350
3,6947	-12,491	29,7400
3,7012	-12,493	29,7450
3,6888	-12,496	29,7500
3,6879	-12,498	29,7550
3,7020	-12,500	29,7600
3,7015	-12,502	29,7650
3,6952	-12,504	29,7700
3,7020	-12,506	29,7750
3,6983	-12,508	29,7800
3,6976	-12,510	29,7850
3,7085	-12,512	29,7900
3,7099	-12,514	29,7950
3,7000	-12,517	29,8000
3,7077	-12,519	29,8050
3,7055	-12,521	29,8100
3,6988	-12,523	29,8150
3,7063	-12,525	29,8200
3,7094	-12,527	29,8250
3,7073	-12,529	29,8300
3,7067	-12,531	29,8350
3,7123	-12,533	29,8400
3,7085	-12,535	29,8450
3,7050	-12,538	29,8500
3,7169	-12,540	29,8550
3,7116	-12,542	29,8600
3,7004	-12,544	29,8650
3,7036	-12,546	29,8700
3,7030	-12,548	29,8750
3,7035	-12,550	29,8800
3,7097	-12,552	29,8850
3,7155	-12,554	29,8900
3,7071	-12,556	29,8950
3,7113	-12,559	29,9000
3,7121	-12,561	29,9050
3,7010	-12,563	29,9100
3,7035	-12,565	29,9150
3,7098	-12,567	29,9200
3,7063	-12,569	29,9250
3,7075	-12,571	29,9300
3,7159	-12,573	29,9350
3,7138	-12,575	29,9400
3,7120	-12,577	29,9450
3,7254	-12,580	29,9500
3,7232	-12,582	29,9550
3,7135	-12,584	29,9600
3,7221	-12,586	29,9650
3,7201	-12,588	29,9700
3,7120	-12,590	29,9750
3,7127	-12,592	29,9800
3,7215	-12,594	29,9850
3,7177	-12,596	29,9900
3,7294	-12,598	29,9950
3,7341	-12,601	30,0000
3,7278	-12,603	30,0050
3,7265	-12,605	30,0100
3,7330	-12,607	30,0150
3,7231	-12,609	30,0200
3,7160	-12,611	30,0250
3,7207	-12,613	30,0300
3,7262	-12,615	30,0350
3,7274	-12,617	30,0400
3,7341	-12,619	30,0450
3,7262	-12,622	30,0500
3,7199	-12,624	30,0550
3,7304	-12,626	30,0600
3,7307	-12,628	30,0650
3,7279	-12,630	30,0700
3,7368	-12,632	30,0750
3,7391	-12,634	30,0800
3,7276	-12,636	30,0850
3,7300	-12,638	30,0900
3,7424	-12,640	30,0950
3,7405	-12,643	30,1000
3,7341	-12,645	30,1050
3,7376	-12,647	30,1100
3,7381	-12,649	30,1150
3,7321	-12,651	30,1200
3,7355	-12,653	30,1250
3,7441	-12,655	30,1300
3,7424	-12,657	30,1350
3,7464	-12,659	30,1400
3,7385	-12,661	30,1450
3,7298	-12,664	30,1500
3,7451	-12,666	30,1550
3,7536	-12,668	30,1600
3,7462	-12,670	30,1650
3,7458	-12,672	30,1700
3,7502	-12,674	30,1750
3,7445	-12,676	30,1800
3,7483	-12,678	30,1850
3,7499	-12,680	30,1900
3,7434	-12,682	30,1950
3,7543	-12,685	30,2000
3,7536	-12,687	30,2050
3,7463	-12,689	30,2100
3,7443	-12,691	30,2150
3,7484	-12,693	30,2200
3,7463	-12,695	30,2250
3,7502	-12,697	30,2300
3,7584	-12,699	30,2350
3,7529	-12,701	30,2400
3,7411	-12,703	30,2450
3,7475	-12,706	30,2500
3,7534	-12,708	30,2550
3,7526	-12,710	30,2600
3,7536	-12,712	30,2650
3,7576	-12,714	30,2700
3,7481	-12,716	30,2750
3,7532	-12,718	30,2800
3,7617	-12,720	30,2850
3,7564	-12,722	30,2900
3,7537	-12,724	30,2950
3,7604	-12,727	30,3000
3,7559	-12,729	30,3050
3,7477	-12,731	30,3100
3,7584	-12,733	30,3150
3,7595	-12,735	30,3200
3,7561	-12,737	30,3250
3,7634	-12,739	30,3300
3,7623	-12,741	30,3350
3,7578	-12,743	30,3400
3,7683	-12,745	30,3450
3,7652	-12,748	30,3500
3,7616	-12,750	30,3550
3,7602	-12,752	30,3600
3,7657	-12,754	30,3650
3,7603	-12,756	30,3700
3,7622	-12,758	30,3750
3,7636	-12,760	30,3800
3,7516	-12,762	30,3850
3,7534	-12,764	30,3900
3,7647	-12,766	30,3950
3,7647	-12,769	30,4000
3,7667	-12,771	30,4050
3,7723	-12,773	30,4100
3,7690	-12,775	30,4150
3,7636	-12,777	30,4200
3,7661	-12,779	30,4250
3,7646	-12,781	30,4300
3,7588	-12,783	30,4350
3,7673	-12,785	30,4400
3,7712	-12,787	30,4450
3,7696	-12,790	30,4500
3,7708	-12,792	30,4550
3,7773	-12,794	30,4600
3,7717	-12,796	30,4650
3,7720	-12,798	30,4700
3,7778	-12,800	30,4750
3,7675	-12,802	30,4800
3,7584	-12,804	30,4850
3,7682	-12,806	30,4900
3,7678	-12,808	30,4950
3,7623	-12,811	30,5000
3,7764	-12,813	30,5050
3,7786	-12,815	30,5100
3,7757	-12,817	30,5150
3,7770	-12,819	30,5200
3,7685	-12,821	30,5250
3,7684	-12,823	30,5300
3,7755	-12,825	30,5350
3,7806	-12,827	30,5400
3,7795	-12,829	30,5450
3,7812	-12,832	30,5500
3,7840	-12,834	30,5550
3,7724	-12,836	30,5600
3,7739	-12,838	30,5650
3,7818	-12,840	30,5700
3,7790	-12,842	30,5750
3,7798	-12,844	30,5800
3,7890	-12,846	30,5850
3,7798	-12,848	30,5900
3,7773	-12,850	30,5950
3,7874	-12,853	30,6000
3,7886	-12,855	30,6050
3,7783	-12,857	30,6100
3,7867	-12,859	30,6150
3,7904	-12,861	30,6200
3,7852	-12,863	30,6250
3,7933	-12,865	30,6300
3,7863	-12,867	30,6350
3,7804	-12,869	30,6400
3,7862	-12,871	30,6450
3,7953	-12,874	30,6500
3,7904	-12,876	30,6550
3,7940	-12,878	30,6600
3,8008	-12,880	30,6650
3,7970	-12,882	30,6700
3,7888	-12,884	30,6750
3,7894	-12,886	30,6800
3,7864	-12,888	30,6850
3,7872	-12,890	30,6900
3,8008	-12,892	30,6950
3,8045	-12,895	30,7000
3,8003	-12,897	30,7050
3,8080	-12,899	30,7100
3,8080	-12,901	30,7150
3,7983	-12,903	30,7200
3,8040	-12,905	30,7250
3,8043	-12,907	30,7300
3,7943	-12,909	30,7350
3,7957	-12,911	30,7400
3,8033	-12,913	30,7450
3,7946	-12,916	30,7500
3,7938	-12,918	30,7550
3,8023	-12,920	30,7600
3,7970	-12,922	30,7650
3,7970	-12,924	30,7700
3,8082	-12,926	30,7750
3,8018	-12,928	30,7800
3,7935	-12,930	30,7850
3,8038	-12,932	30,7900
3,8055	-12,934	30,7950
3,7968	-12,937	30,8000
3,8045	-12,939	30,8050
3,8103	-12,941	30,8100
3,8034	-12,943	30,8150
3,8117	-12,945	30,8200
3,8172	-12,947	30,8250
3,8111	-12,949	30,8300
3,8118	-12,951	30,8350
3,8170	-12,953	30,8400
3,8075	-12,955	30,8450
3,8067	-12,958	30,8500
3,8078	-12,960	30,8550
3,8047	-12,962	30,8600
3,8116	-12,964	30,8650
3,8245	-12,966	30,8700
3,8203	-12,968	30,8750
3,8151	-12,970	30,8800
3,8147	-12,972	30,8850
3,8132	-12,974	30,8900
3,8084	-12,976	30,8950
3,8197	-12,979	30,9000
3,8238	-12,981	30,9050
3,8188	-12,983	30,9100
3,8258	-12,985	30,9150
3,8279	-12,987	30,9200
3,8230	-12,989	30,9250
3,8243	-12,991	30,9300
3,8250	-12,993	30,9350
3,8124	-12,995	30,9400
3,8105	-12,997	30,9450
3,8258	-13,000	30,9500
3,8255	-13,002	30,9550
3,8185	-13,004	30,9600
3,8273	-13,006	30,9650
3,8253	-13,008	30,9700
3,8161	-13,010	30,9750
3,8217	-13,012	30,9800
3,8276	-13,014	30,9850
3,8174	-13,016	30,9900
3,8194	-13,018	30,9950
3,8268	-13,021	31,0000
3,8223	-13,023	31,0050
3,8280	-13,025	31,0100
3,8316	-13,027	31,0150
3,8274	-13,029	31,0200
3,8242	-13,031	31,0250
3,8313	-13,033	31,0300
3,8279	-13,035	31,0350
3,8203	-13,037	31,0400
3,8281	-13,039	31,0450
3,8282	-13,042	31,0500
3,8265	-13,044	31,0550
3,8408	-13,046	31,0600
3,8373	-13,048	31,0650
3,8317	-13,050	31,0700
3,8361	-13,052	31,0750
3,8413	-13,054	31,0800
3,8363	-13,056	31,0850
3,8400	-13,058	31,0900
3,8406	-13,060	31,0950
3,8259	-13,063	31,1000
3,8308	-13,065	31,1050
3,8389	-13,067	31,1100
3,8368	-13,069	31,1150
3,8316	-13,071	31,1200
3,8381	-13,073	31,1250
3,8414	-13,075	31,1300
3,8390	-13,077	31,1350
3,8435	-13,079	31,1400
3,8406	-13,081	31,1450
3,8403	-13,084	31,1500
3,8495	-13,086	31,1550
3,8442	-13,088	31,1600
3,8397	-13,090	31,1650
3,8444	-13,092	31,1700
3,8480	-13,094	31,1750
3,8468	-13,096	31,1800
3,8483	-13,098	31,1850
3,8504	-13,100	31,1900
3,8403	-13,102	31,1950
3,8362	-13,105	31,2000
3,8425	-13,107	31,2050
3,8426	-13,109	31,2100
3,8489	-13,111	31,2150
3,8552	-13,113	31,2200
3,8521	-13,115	31,2250
3,8505	-13,117	31,2300
3,8533	-13,119	31,2350
3,8461	-13,121	31,2400
3,8482	-13,123	31,2450
3,8609	-13,126	31,2500
3,8606	-13,128	31,2550
3,8463	-13,130	31,2600
3,8526	-13,132	31,2650
3,8605	-13,134	31,2700
3,8534	-13,136	31,2750
3,8535	-13,138	31,2800
3,8596	-13,140	31,2850
3,8523	-13,142	31,2900
3,8522	-13,144	31,2950
3,8604	-13,147	31,3000
3,8608	-13,149	31,3050
3,8586	-13,151	31,3100
3,8660	-13,153	31,3150
3,8575	-13,155	31,3200
3,8565	-13,157	31,3250
3,8610	-13,159	31,3300
3,8557	-13,161	31,3350
3,8551	-13,163	31,3400
3,8636	-13,165	31,3450
3,8635	-13,168	31,3500
3,8614	-13,170	31,3550
3,8634	-13,172	31,3600
3,8722	-13,174	31,3650
3,8649	-13,176	31,3700
3,8666	-13,178	31,3750
3,8723	-13,180	31,3800
3,8653	-13,182	31,3850
3,8568	-13,184	31,3900
3,8670	-13,186	31,3950
3,8671	-13,189	31,4000
3,8664	-13,191	31,4050
3,8757	-13,193	31,4100
3,8758	-13,195	31,4150
3,8721	-13,197	31,4200
3,8755	-13,199	31,4250
3,8691	-13,201	31,4300
3,8682	-13,203	31,4350
3,8740	-13,205	31,4400
3,8697	-13,207	31,4450
3,8692	-13,210	31,4500
3,8738	-13,212	31,4550
3,8800	-13,214	31,4600
3,8706	-13,216	31,4650
3,8703	-13,218	31,4700
3,8724	-13,220	31,4750
3,8633	-13,222	31,4800
3,8589	-13,224	31,4850
3,8706	-13,226	31,4900
3,8722	-13,228	31,4950
3,8690	-13,231	31,5000
3,8800	-13,233	31,5050
3,8845	-13,235	31,5100
3,8764	-13,237	31,5150
3,8839	-13,239	31,5200
3,8879	-13,241	31,5250
3,8846	-13,243	31,5300
3,8885	-13,245	31,5350
3,8870	-13,247	31,5400
3,8782	-13,249	31,5450
3,8761	-13,252	31,5500
3,8846	-13,254	31,5550
3,8838	-13,256	31,5600
3,8854	-13,258	31,5650
3,8878	-13,260	31,5700
3,8836	-13,262	31,5750
3,8828	-13,264	31,5800
3,8877	-13,266	31,5850
3,8865	-13,268	31,5900
3,8849	-13,270	31,5950
3,8901	-13,273	31,6000
3,8927	-13,275	31,6050
3,8869	-13,277	31,6100
3,8916	-13,279	31,6150
3,8885	-13,281	31,6200
3,8821	-13,283	31,6250
3,8904	-13,285	31,6300
3,8890	-13,287	31,6350
3,8855	-13,289	31,6400
3,8912	-13,291	31,6450
3,9022	-13,294	31,6500
3,8956	-13,296	31,6550
3,8924	-13,298	31,6600
3,9026	-13,300	31,6650
3,8969	-13,302	31,6700
3,8970	-13,304	31,6750
3,9039	-13,306	31,6800
3,8997	-13,308	31,6850
3,8952	-13,310	31,6900
3,9002	-13,312	31,6950
3,9005	-13,315	31,7000
3,8954	-13,317	31,7050
3,9038	-13,319	31,7100
3,9032	-13,321	31,7150
3,8895	-13,323	31,7200
3,8962	-13,325	31,7250
3,9090	-13,327	31,7300
3,9032	-13,329	31,7350
3,9042	-13,331	31,7400
3,9102	-13,333	31,7450
3,9065	-13,336	31,7500
3,9024	-13,338	31,7550
3,9017	-13,340	31,7600
3,8950	-13,342	31,7650
3,8921	-13,344	31,7700
3,9056	-13,346	31,7750
3,9036	-13,348	31,7800
3,8990	-13,350	31,7850
3,9082	-13,352	31,7900
3,9065	-13,354	31,7950
3,8948	-13,357	31,8000
3,9022	-13,359	31,8050
3,9045	-13,361	31,8100
3,9029	-13,363	31,8150
3,9120	-13,365	31,8200
3,9122	-13,367	31,8250
3,9080	-13,369	31,8300
3,9146	-13,371	31,8350
3,9180	-13,373	31,8400
3,9110	-13,375	31,8450
3,9136	-13,378	31,8500
3,9217	-13,380	31,8550
3,9180	-13,382	31,8600
3,9138	-13,384	31,8650
3,9246	-13,386	31,8700
3,9254	-13,388	31,8750
3,9165	-13,390	31,8800
3,9169	-13,392	31,8850
3,9180	-13,394	31,8900
3,9118	-13,396	31,8950
3,9178	-13,399	31,9000
3,9194	-13,401	31,9050
3,9134	-13,403	31,9100
3,9140	-13,405	31,9150
3,9224	-13,407	31,9200
3,9246	-13,409	31,9250
3,9264	-13,411	31,9300
3,9300	-13,413	31,9350
3,9242	-13,415	31,9400
3,9247	-13,417	31,9450
3,9304	-13,420	31,9500
3,9221	-13,422	31,9550
3,9175	-13,424	31,9600
3,9234	-13,426	31,9650
3,9241	-13,428	31,9700
3,9220	-13,430	31,9750
3,9271	-13,432	31,9800
3,9360	-13,434	31,9850
3,9271	-13,436	31,9900
3,9282	-13,438	31,9950
3,9334	-13,441	32,0000
3,9363	-13,443	32,0050
3,9371	-13,445	32,0100
3,9390	-13,447	32,0150
3,9318	-13,449	32,0200
3,9346	-13,451	32,0250
3,9451	-13,453	32,0300
3,9379	-13,455	32,0350
3,9359	-13,457	32,0400
3,9367	-13,459	32,0450
3,9336	-13,462	32,0500
3,9286	-13,464	32,0550
3,9405	-13,466	32,0600
3,9429	-13,468	32,0650
3,9346	-13,470	32,0700
3,9396	-13,472	32,0750
3,9432	-13,474	32,0800
3,9305	-13,476	32,0850
3,9448	-13,478	32,0900
3,9487	-13,480	32,0950
3,9421	-13,483	32,1000
3,9442	-13,485	32,1050
3,9539	-13,487	32,1100
3,9443	-13,489	32,1150
3,9404	-13,491	32,1200
3,9518	-13,493	32,1250
3,9478	-13,495	32,1300
3,9428	-13,497	32,1350
3,9465	-13,499	32,1400
3,9443	-13,501	32,1450
3,9383	-13,504	32,1500
3,9465	-13,506	32,1550
3,9515	-13,508	32,1600
3,9510	-13,510	32,1650
3,9512	-13,512	32,1700
3,9561	-13,514	32,1750
3,9474	-13,516	32,1800
3,9489	-13,518	32,1850
3,9508	-13,520	32,1900
3,9424	-13,522	32,1950
3,9442	-13,525	32,2000
3,9561	-13,527	32,2050
3,9546	-13,529	32,2100
3,9517	-13,531	32,2150
3,9576	-13,533	32,2200
3,9548	-13,535	32,2250
3,9562	-13,537	32,2300
3,9654	-13,539	32,2350
3,9598	-13,541	32,2400
3,9449	-13,543	32,2450
3,9517	-13,546	32,2500
3,9595	-13,548	32,2550
3,9608	-13,550	32,2600
3,9606	-13,552	32,2650
3,9624	-13,554	32,2700
3,9557	-13,556	32,2750
3,9595	-13,558	32,2800
3,9634	-13,560	32,2850
3,9533	-13,562	32,2900
3,9526	-13,564	32,2950
3,9644	-13,567	32,3000
3,9606	-13,569	32,3050
3,9559	-13,571	32,3100
3,9669	-13,573	32,3150
3,9666	-13,575	32,3200
3,9706	-13,577	32,3250
3,9702	-13,579	32,3300
3,9624	-13,581	32,3350
3,9556	-13,583	32,3400
3,9635	-13,585	32,3450
3,9665	-13,588	32,3500
3,9705	-13,590	32,3550
3,9707	-13,592	32,3600
3,9731	-13,594	32,3650
3,9640	-13,596	32,3700
3,9708	-13,598	32,3750
3,9761	-13,600	32,3800
3,9713	-13,602	32,3850
3,9713	-13,604	32,3900
3,9761	-13,606	32,3950
3,9616	-13,609	32,4000
3,9535	-13,611	32,4050
3,9650	-13,613	32,4100
3,9699	-13,615	32,4150
3,9714	-13,617	32,4200
3,9808	-13,619	32,4250
3,9759	-13,621	32,4300
3,9689	-13,623	32,4350
3,9760	-13,625	32,4400
3,9759	-13,627	32,4450
3,9691	-13,630	32,4500
3,9706	-13,632	32,4550
3,9734	-13,634	32,4600
3,9670	-13,636	32,4650
3,9697	-13,638	32,4700
3,9777	-13,640	32,4750
3,9721	-13,642	32,4800
3,9741	-13,644	32,4850
3,9852	-13,646	32,4900
3,9852	-13,648	32,4950
3,9780	-13,651	32,5000
3,9872	-13,653	32,5050
3,9871	-13,655	32,5100
3,9859	-13,657	32,5150
3,9865	-13,659	32,5200
3,9809	-13,661	32,5250
3,9702	-13,663	32,5300
3,9798	-13,665	32,5350
3,9837	-13,667	32,5400
3,9855	-13,669	32,5450
3,9875	-13,672	32,5500
3,9960	-13,674	32,5550
3,9934	-13,676	32,5600
3,9935	-13,678	32,5650
3,9995	-13,680	32,5700
3,9925	-13,682	32,5750
3,9929	-13,684	32,5800
3,9972	-13,686	32,5850
3,9884	-13,688	32,5900
3,9856	-13,690	32,5950
3,9910	-13,693	32,6000
3,9899	-13,695	32,6050
3,9893	-13,697	32,6100
3,9986	-13,699	32,6150
3,9987	-13,701	32,6200
3,9934	-13,703	32,6250
3,9932	-13,705	32,6300
3,9947	-13,707	32,6350
3,9934	-13,709	32,6400
3,9951	-13,711	32,6450
3,9998	-13,714	32,6500
3,9904	-13,716	32,6550
3,9927	-13,718	32,6600
4,0043	-13,720	32,6650
3,9990	-13,722	32,6700
4,0003	-13,724	32,6750
4,0089	-13,726	32,6800
4,0025	-13,728	32,6850
3,9886	-13,730	32,6900
3,9939	-13,732	32,6950
3,9995	-13,735	32,7000
3,9954	-13,737	32,7050
4,0030	-13,739	32,7100
4,0108	-13,741	32,7150
4,0054	-13,743	32,7200
4,0122	-13,745	32,7250
4,0100	-13,747	32,7300
3,9999	-13,749	32,7350
4,0024	-13,751	32,7400
4,0072	-13,753	32,7450
4,0038	-13,756	32,7500
4,0107	-13,758	32,7550
4,0095	-13,760	32,7600
4,0080	-13,762	32,7650
4,0067	-13,764	32,7700
4,0129	-13,766	32,7750
4,0184	-13,768	32,7800
4,0214	-13,770	32,7850
4,0222	-13,772	32,7900
4,0225	-13,774	32,7950
4,0157	-13,777	32,8000
4,0168	-13,779	32,8050
4,0138	-13,781	32,8100
4,0061	-13,783	32,8150
4,0073	-13,785	32,8200
4,0100	-13,787	32,8250
4,0115	-13,789	32,8300
4,0103	-13,791	32,8350
4,0159	-13,793	32,8400
4,0106	-13,795	32,8450
4,0124	-13,798	32,8500
4,0202	-13,800	32,8550
4,0205	-13,802	32,8600
4,0130	-13,804	32,8650
4,0217	-13,806	32,8700
4,0230	-13,808	32,8750
4,0208	-13,810	32,8800
4,0277	-13,812	32,8850
4,0310	-13,814	32,8900
4,0293	-13,816	32,8950
4,0386	-13,819	32,9000
4,0355	-13,821	32,9050
4,0257	-13,823	32,9100
4,0285	-13,825	32,9150
4,0302	-13,827	32,9200
4,0252	-13,829	32,9250
4,0222	-13,831	32,9300
4,0291	-13,833	32,9350
4,0261	-13,835	32,9400
4,0240	-13,837	32,9450
4,0298	-13,840	32,9500
4,0254	-13,842	32,9550
4,0271	-13,844	32,9600
4,0377	-13,846	32,9650
4,0319	-13,848	32,9700
4,0241	-13,850	32,9750
4,0226	-13,852	32,9800
4,0257	-13,854	32,9850
4,0215	-13,856	32,9900
4,0279	-13,858	32,9950
4,0357	-13,861	33,0000
4,0321	-13,863	33,0050
4,0329	-13,865	33,0100
4,0348	-13,867	33,0150
4,0298	-13,869	33,0200
4,0322	-13,871	33,0250
4,0413	-13,873	33,0300
4,0294	-13,875	33,0350
4,0246	-13,877	33,0400
4,0353	-13,879	33,0450
4,0329	-13,882	33,0500
4,0320	-13,884	33,0550
4,0391	-13,886	33,0600
4,0439	-13,888	33,0650
4,0396	-13,890	33,0700
4,0385	-13,892	33,0750
4,0418	-13,894	33,0800
4,0401	-13,896	33,0850
4,0393	-13,898	33,0900
4,0409	-13,900	33,0950
4,0386	-13,903	33,1000
4,0428	-13,905	33,1050
4,0531	-13,907	33,1100
4,0508	-13,909	33,1150
4,0464	-13,911	33,1200
4,0547	-13,913	33,1250
4,0483	-13,915	33,1300
4,0400	-13,917	33,1350
4,0439	-13,919	33,1400
4,0468	-13,921	33,1450
4,0463	-13,924	33,1500
4,0471	-13,926	33,1550
4,0466	-13,928	33,1600
4,0487	-13,930	33,1650
4,0466	-13,932	33,1700
4,0505	-13,934	33,1750
4,0462	-13,936	33,1800
4,0514	-13,938	33,1850
4,0549	-13,940	33,1900
4,0506	-13,942	33,1950
4,0496	-13,945	33,2000
4,0517	-13,947	33,2050
4,0518	-13,949	33,2100
4,0515	-13,951	33,2150
4,0537	-13,953	33,2200
4,0496	-13,955	33,2250
4,0441	-13,957	33,2300
4,0526	-13,959	33,2350
4,0550	-13,961	33,2400
4,0563	-13,963	33,2450
4,0682	-13,966	33,2500
4,0605	-13,968	33,2550
4,0550	-13,970	33,2600
4,0565	-13,972	33,2650
4,0579	-13,974	33,2700
4,0531	-13,976	33,2750
4,0557	-13,978	33,2800
4,0592	-13,980	33,2850
4,0565	-13,982	33,2900
4,0626	-13,984	33,2950
4,0727	-13,987	33,3000
4,0669	-13,989	33,3050
4,0620	-13,991	33,3100
4,0712	-13,993	33,3150
4,0668	-13,995	33,3200
4,0595	-13,997	33,3250
4,0672	-13,999	33,3300
4,0688	-14,001	33,3350
4,0642	-14,003	33,3400
4,0681	-14,005	33,3450
4,0710	-14,008	33,3500
4,0625	-14,010	33,3550
4,0632	-14,012	33,3600
4,0682	-14,014	33,3650
4,0621	-14,016	33,3700
4,0678	-14,018	33,3750
4,0741	-14,020	33,3800
4,0739	-14,022	33,3850
4,0744	-14,024	33,3900
4,0770	-14,026	33,3950
4,0770	-14,029	33,4000
4,0706	-14,031	33,4050
4,0711	-14,033	33,4100
4,0714	-14,035	33,4150
4,0723	-14,037	33,4200
4,0817	-14,039	33,4250
4,0802	-14,041	33,4300
4,0724	-14,043	33,4350
4,0768	-14,045	33,4400
4,0806	-14,047	33,4450
4,0794	-14,050	33,4500
4,0842	-14,052	33,4550
4,0859	-14,054	33,4600
4,0790	-14,056	33,4650
4,0774	-14,058	33,4700
4,0788	-14,060	33,4750
4,0747	-14,062	33,4800
4,0791	-14,064	33,4850
4,0903	-14,066	33,4900
4,0844	-14,068	33,4950
4,0828	-14,071	33,5000
4,0886	-14,073	33,5050
4,0858	-14,075	33,5100
4,0815	-14,077	33,5150
4,0883	-14,079	33,5200
4,0840	-14,081	33,5250
4,0725	-14,083	33,5300
4,0829	-14,085	33,5350
4,0925	-14,087	33,5400
4,0885	-14,089	33,5450
4,0879	-14,092	33,5500
4,0960	-14,094	33,5550
4,0898	-14,096	33,5600
4,0898	-14,098	33,5650
4,0953	-14,100	33,5700
4,0886	-14,102	33,5750
4,0835	-14,104	33,5800
4,0940	-14,106	33,5850
4,0958	-14,108	33,5900
4,0853	-14,110	33,5950
4,0909	-14,113	33,6000
4,0905	-14,115	33,6050
4,0826	-14,117	33,6100
4,0925	-14,119	33,6150
4,0982	-14,121	33,6200
4,0959	-14,123	33,6250
4,1070	-14,125	33,6300
4,1062	-14,127	33,6350
4,1000	-14,129	33,6400
4,1017	-14,131	33,6450
4,1032	-14,134	33,6500
4,0918	-14,136	33,6550
4,0959	-14,138	33,6600
4,1085	-14,140	33,6650
4,1031	-14,142	33,6700
4,0953	-14,144	33,6750
4,1076	-14,146	33,6800
4,1025	-14,148	33,6850
4,1025	-14,150	33,6900
4,1054	-14,152	33,6950
4,0958	-14,155	33,7000
4,0961	-14,157	33,7050
4,1069	-14,159	33,7100
4,1027	-14,161	33,7150
4,0963	-14,163	33,7200
4,1067	-14,165	33,7250
4,1083	-14,167	33,7300
4,1027	-14,169	33,7350
4,1015	-14,171	33,7400
4,1059	-14,173	33,7450
4,1020	-14,176	33,7500
4,1089	-14,178	33,7550
4,1196	-14,180	33,7600
4,1103	-14,182	33,7650
4,1076	-14,184	33,7700
4,1194	-14,186	33,7750
4,1097	-14,188	33,7800
4,1027	-14,190	33,7850
4,1132	-14,192	33,7900
4,1186	-14,194	33,7950
4,1108	-14,197	33,8000
4,1151	-14,199	33,8050
4,1171	-14,201	33,8100
4,1073	-14,203	33,8150
4,1110	-14,205	33,8200
4,1173	-14,207	33,8250
4,1083	-14,209	33,8300
4,1017	-14,211	33,8350
4,1151	-14,213	33,8400
4,1230	-14,215	33,8450
4,1253	-14,218	33,8500
4,1210	-14,220	33,8550
4,1156	-14,222	33,8600
4,1185	-14,224	33,8650
4,1267	-14,226	33,8700
4,1270	-14,228	33,8750
4,1250	-14,230	33,8800
4,1285	-14,232	33,8850
4,1290	-14,234	33,8900
4,1236	-14,236	33,8950
4,1317	-14,239	33,9000
4,1288	-14,241	33,9050
4,1177	-14,243	33,9100
4,1194	-14,245	33,9150
4,1235	-14,247	33,9200
4,1215	-14,249	33,9250
4,1246	-14,251	33,9300
4,1358	-14,253	33,9350
4,1278	-14,255	33,9400
4,1168	-14,257	33,9450
4,1212	-14,260	33,9500
4,1251	-14,262	33,9550
4,1222	-14,264	33,9600
4,1318	-14,266	33,9650
4,1322	-14,268	33,9700
4,1287	-14,270	33,9750
4,1314	-14,272	33,9800
4,1321	-14,274	33,9850
4,1269	-14,276	33,9900
4,1336	-14,278	33,9950
4,1368	-14,281	34,0000
4,1298	-14,283	34,0050
4,1373	-14,285	34,0100
4,1399	-14,287	34,0150
4,1407	-14,289	34,0200
4,1391	-14,291	34,0250
4,1459	-14,293	34,0300
4,1385	-14,295	34,0350
4,1315	-14,297	34,0400
4,1358	-14,299	34,0450
4,1410	-14,302	34,0500
4,1359	-14,304	34,0550
4,1380	-14,306	34,0600
4,1369	-14,308	34,0650
4,1329	-14,310	34,0700
4,1406	-14,312	34,0750
4,1434	-14,314	34,0800
4,1341	-14,316	34,0850
4,1361	-14,318	34,0900
4,1500	-14,320	34,0950
4,1466	-14,323	34,1000
4,1501	-14,325	34,1050
4,1540	-14,327	34,1100
4,1436	-14,329	34,1150
4,1409	-14,331	34,1200
4,1495	-14,333	34,1250
4,1481	-14,335	34,1300
4,1429	-14,337	34,1350
4,1487	-14,339	34,1400
4,1505	-14,341	34,1450
4,1445	-14,344	34,1500
4,1492	-14,346	34,1550
4,1540	-14,348	34,1600
4,1529	-14,350	34,1650
4,1522	-14,352	34,1700
4,1490	-14,354	34,1750
4,1464	-14,356	34,1800
4,1530	-14,358	34,1850
4,1579	-14,360	34,1900
4,1565	-14,362	34,1950
4,1542	-14,365	34,2000
4,1625	-14,367	34,2050
4,1620	-14,369	34,2100
4,1549	-14,371	34,2150
4,1562	-14,373	34,2200
4,1537	-14,375	34,2250
4,1505	-14,377	34,2300
4,1629	-14,379	34,2350
4,1595	-14,381	34,2400
4,1525	-14,383	34,2450
4,1620	-14,386	34,2500
4,1664	-14,388	34,2550
4,1662	-14,390	34,2600
4,1620	-14,392	34,2650
4,1632	-14,394	34,2700
4,1544	-14,396	34,2750
4,1611	-14,398	34,2800
4,1658	-14,400	34,2850
4,1578	-14,402	34,2900
4,1622	-14,404	34,2950
4,1697	-14,407	34,3000
4,1632	-14,409	34,3050
4,1629	-14,411	34,3100
4,1690	-14,413	34,3150
4,1672	-14,415	34,3200
4,1672	-14,417	34,3250
4,1651	-14,419	34,3300
4,1581	-14,421	34,3350
4,1569	-14,423	34,3400
4,1669	-14,425	34,3450
4,1668	-14,428	34,3500
4,1712	-14,430	34,3550
4,1748	-14,432	34,3600
4,1746	-14,434	34,3650
4,1603	-14,436	34,3700
4,1679	-14,438	34,3750
4,1748	-14,440	34,3800
4,1737	-14,442	34,3850
4,1759	-14,444	34,3900
4,1796	-14,446	34,3950
4,1779	-14,449	34,4000
4,1750	-14,451	34,4050
4,1773	-14,453	34,4100
4,1751	-14,455	34,4150
4,1774	-14,457	34,4200
4,1847	-14,459	34,4250
4,1809	-14,461	34,4300
4,1702	-14,463	34,4350
4,1812	-14,465	34,4400
4,1814	-14,467	34,4450
4,1799	-14,470	34,4500
4,1743	-14,472	34,4550
4,1801	-14,474	34,4600
4,1820	-14,476	34,4650
4,1847	-14,478	34,4700
4,1889	-14,480	34,4750
4,1804	-14,482	34,4800
4,1799	-14,484	34,4850
4,1902	-14,486	34,4900
4,1854	-14,488	34,4950
4,1787	-14,491	34,5000
4,1903	-14,493	34,5050
4,1868	-14,495	34,5100
4,1850	-14,497	34,5150
4,1885	-14,499	34,5200
4,1899	-14,501	34,5250
4,1859	-14,503	34,5300
4,1861	-14,505	34,5350
4,1918	-14,507	34,5400
4,1904	-14,509	34,5450
4,1868	-14,512	34,5500
4,1964	-14,514	34,5550
4,1921	-14,516	34,5600
4,1910	-14,518	34,5650
4,1948	-14,520	34,5700
4,1863	-14,522	34,5750
4,1864	-14,524	34,5800
4,1975	-14,526	34,5850
4,1946	-14,528	34,5900
4,1936	-14,530	34,5950
4,2038	-14,533	34,6000
4,1997	-14,535	34,6050
4,1914	-14,537	34,6100
4,1993	-14,539	34,6150
4,2025	-14,541	34,6200
4,1963	-14,543	34,6250
4,2015	-14,545	34,6300
4,2019	-14,547	34,6350
4,2009	-14,549	34,6400
4,1959	-14,551	34,6450
4,2013	-14,554	34,6500
4,1952	-14,556	34,6550
4,1906	-14,558	34,6600
4,1966	-14,560	34,6650
4,2015	-14,562	34,6700
4,2037	-14,564	34,6750
4,2117	-14,566	34,6800
4,2011	-14,568	34,6850
4,1909	-14,570	34,6900
4,1949	-14,572	34,6950
4,2023	-14,575	34,7000
4,2034	-14,577	34,7050
4,2125	-14,579	34,7100
4,2080	-14,581	34,7150
4,2007	-14,583	34,7200
4,2105	-14,585	34,7250
4,2157	-14,587	34,7300
4,2159	-14,589	34,7350
4,2158	-14,591	34,7400
4,2208	-14,593	34,7450
4,2115	-14,596	34,7500
4,2029	-14,598	34,7550
4,2129	-14,600	34,7600
4,2098	-14,602	34,7650
4,2046	-14,604	34,7700
4,2101	-14,606	34,7750
4,2124	-14,608	34,7800
4,2148	-14,610	34,7850
4,2190	-14,612	34,7900
4,2150	-14,614	34,7950
4,2082	-14,617	34,8000
4,2184	-14,619	34,8050
4,2168	-14,621	34,8100
4,2092	-14,623	34,8150
4,2103	-14,625	34,8200
4,2170	-14,627	34,8250
4,2168	-14,629	34,8300
4,2151	-14,631	34,8350
4,2213	-14,633	34,8400
4,2167	-14,635	34,8450
4,2178	-14,638	34,8500
4,2227	-14,640	34,8550
4,2184	-14,642	34,8600
4,2123	-14,644	34,8650
4,2244	-14,646	34,8700
4,2231	-14,648	34,8750
4,2221	-14,650	34,8800
4,2322	-14,652	34,8850
4,2358	-14,654	34,8900
4,2329	-14,656	34,8950
4,2379	-14,659	34,9000
4,2339	-14,661	34,9050
4,2262	-14,663	34,9100
4,2332	-14,665	34,9150
4,2383	-14,667	34,9200
4,2303	-14,669	34,9250
4,2257	-14,671	34,9300
4,2324	-14,673	34,9350
4,2276	-14,675	34,9400
4,2279	-14,677	34,9450
4,2387	-14,680	34,9500
4,2329	-14,682	34,9550
4,2309	-14,684	34,9600
4,2385	-14,686	34,9650
4,2370	-14,688	34,9700
4,2287	-14,690	34,9750
4,2281	-14,692	34,9800
4,2416	-14,694	34,9850
4,2361	-14,696	34,9900
4,2427	-14,698	34,9950
4,2475	-14,701	35,0000
4,2357	-14,703	35,0050
4,2379	-14,705	35,0100
4,2414	-14,707	35,0150
4,2483	-14,709	35,0200
4,2550	-14,711	35,0250
4,2509	-14,713	35,0300
4,2336	-14,715	35,0350
4,2357	-14,717	35,0400
4,2426	-14,719	35,0450
4,2376	-14,722	35,0500
4,2359	-14,724	35,0550
4,2460	-14,726	35,0600
4,2509	-14,728	35,0650
4,2406	-14,730	35,0700
4,2431	-14,732	35,0750
4,2522	-14,734	35,0800
4,2443	-14,736	35,0850
4,2527	-14,738	35,0900
4,2562	-14,740	35,0950
4,2420	-14,743	35,1000
4,2438	-14,745	35,1050
4,2495	-14,747	35,1100
4,2453	-14,749	35,1150
4,2476	-14,751	35,1200
4,2544	-14,753	35,1250
4,2479	-14,755	35,1300
4,2482	-14,757	35,1350
4,2510	-14,759	35,1400
4,2444	-14,761	35,1450
4,2354	-14,764	35,1500
4,2458	-14,766	35,1550
4,2556	-14,768	35,1600
4,2527	-14,770	35,1650
4,2484	-14,772	35,1700
4,2515	-14,774	35,1750
4,2443	-14,776	35,1800
4,2522	-14,778	35,1850
4,2582	-14,780	35,1900
4,2487	-14,782	35,1950
4,2494	-14,785	35,2000
4,2582	-14,787	35,2050
4,2633	-14,789	35,2100
4,2610	-14,791	35,2150
4,2678	-14,793	35,2200
4,2675	-14,795	35,2250
4,2644	-14,797	35,2300
4,2655	-14,799	35,2350
4,2638	-14,801	35,2400
4,2573	-14,803	35,2450
4,2651	-14,806	35,2500
4,2637	-14,808	35,2550
4,2565	-14,810	35,2600
4,2621	-14,812	35,2650
4,2641	-14,814	35,2700
4,2669	-14,816	35,2750
4,2747	-14,818	35,2800
4,2770	-14,820	35,2850
4,2632	-14,822	35,2900
4,2637	-14,824	35,2950
4,2723	-14,827	35,3000
4,2696	-14,829	35,3050
4,2658	-14,831	35,3100
4,2730	-14,833	35,3150
4,2738	-14,835	35,3200
4,2734	-14,837	35,3250
4,2733	-14,839	35,3300
4,2740	-14,841	35,3350
4,2669	-14,843	35,3400
4,2710	-14,845	35,3450
4,2714	-14,848	35,3500
4,2674	-14,850	35,3550
4,2709	-14,852	35,3600
4,2783	-14,854	35,3650
4,2822	-14,856	35,3700
4,2836	-14,858	35,3750
4,2831	-14,860	35,3800
4,2687	-14,862	35,3850
4,2705	-14,864	35,3900
4,2757	-14,866	35,3950
4,2712	-14,869	35,4000
4,2702	-14,871	35,4050
4,2799	-14,873	35,4100
4,2830	-14,875	35,4150
4,2816	-14,877	35,4200
4,2919	-14,879	35,4250
4,2837	-14,881	35,4300
4,2777	-14,883	35,4350
4,2853	-14,885	35,4400
4,2860	-14,887	35,4450
4,2746	-14,890	35,4500
4,2788	-14,892	35,4550
4,2905	-14,894	35,4600
4,2808	-14,896	35,4650
4,2845	-14,898	35,4700
4,2867	-14,900	35,4750
4,2841	-14,902	35,4800
4,2816	-14,904	35,4850
4,2899	-14,906	35,4900
4,2876	-14,908	35,4950
4,2784	-14,911	35,5000
4,2849	-14,913	35,5050
4,2838	-14,915	35,5100
4,2819	-14,917	35,5150
4,2905	-14,919	35,5200
4,2888	-14,921	35,5250
4,2870	-14,923	35,5300
4,2917	-14,925	35,5350
4,2977	-14,927	35,5400
4,2878	-14,929	35,5450
4,2847	-14,932	35,5500
4,2925	-14,934	35,5550
4,2915	-14,936	35,5600
4,2878	-14,938	35,5650
4,2926	-14,940	35,5700
4,2914	-14,942	35,5750
4,2968	-14,944	35,5800
4,3072	-14,946	35,5850
4,2983	-14,948	35,5900
4,2927	-14,950	35,5950
4,3066	-14,953	35,6000
4,2988	-14,955	35,6050
4,2900	-14,957	35,6100
4,3013	-14,959	35,6150
4,2995	-14,961	35,6200
4,2902	-14,963	35,6250
4,3021	-14,965	35,6300
4,3067	-14,967	35,6350
4,3002	-14,969	35,6400
4,2984	-14,971	35,6450
4,3018	-14,974	35,6500
4,3020	-14,976	35,6550
4,3041	-14,978	35,6600
4,3045	-14,980	35,6650
4,2987	-14,982	35,6700
4,3002	-14,984	35,6750
4,3121	-14,986	35,6800
4,3126	-14,988	35,6850
4,3061	-14,990	35,6900
4,3112	-14,992	35,6950
4,3091	-14,995	35,7000
4,3069	-14,997	35,7050
4,3197	-14,999	35,7100
4,3170	-15,001	35,7150
4,3058	-15,003	35,7200
4,3100	-15,005	35,7250
4,3152	-15,007	35,7300
4,3127	-15,009	35,7350
4,3065	-15,011	35,7400
4,3080	-15,013	35,7450
4,3110	-15,016	35,7500
4,3171	-15,018	35,7550
4,3177	-15,020	35,7600
4,3096	-15,022	35,7650
4,3076	-15,024	35,7700
4,3161	-15,026	35,7750
4,3197	-15,028	35,7800
4,3185	-15,030	35,7850
4,3240	-15,032	35,7900
4,3263	-15,034	35,7950
4,3162	-15,037	35,8000
4,3204	-15,039	35,8050
4,3223	-15,041	35,8100
4,3090	-15,043	35,8150
4,3098	-15,045	35,8200
4,3174	-15,047	35,8250
4,3122	-15,049	35,8300
4,3130	-15,051	35,8350
4,3226	-15,053	35,8400
4,3232	-15,055	35,8450
4,3228	-15,058	35,8500
4,3270	-15,060	35,8550
4,3274	-15,062	35,8600
4,3222	-15,064	35,8650
4,3296	-15,066	35,8700
4,3317	-15,068	35,8750
4,3287	-15,070	35,8800
4,3299	-15,072	35,8850
4,3255	-15,074	35,8900
4,3178	-15,076	35,8950
4,3290	-15,079	35,9000
4,3256	-15,081	35,9050
4,3218	-15,083	35,9100
4,3284	-15,085	35,9150
4,3333	-15,087	35,9200
4,3244	-15,089	35,9250
4,3234	-15,091	35,9300
4,3323	-15,093	35,9350
4,3307	-15,095	35,9400
4,3282	-15,097	35,9450
4,3338	-15,100	35,9500
4,3273	-15,102	35,9550
4,3255	-15,104	35,9600
4,3321	-15,106	35,9650
4,3380	-15,108	35,9700
4,3406	-15,110	35,9750
4,3374	-15,112	35,9800
4,3361	-15,114	35,9850
4,3323	-15,116	35,9900
4,3388	-15,118	35,9950
4,3425	-15,121	36,0000
4,3371	-15,123	36,0050
4,3380	-15,125	36,0100
4,3440	-15,127	36,0150
4,3381	-15,129	36,0200
4,3274	-15,131	36,0250
4,3308	-15,133	36,0300
4,3341	-15,135	36,0350
4,3335	-15,137	36,0400
4,3448	-15,139	36,0450
4,3444	-15,142	36,0500
4,3388	-15,144	36,0550
4,3462	-15,146	36,0600
4,3464	-15,148	36,0650
4,3410	-15,150	36,0700
4,3452	-15,152	36,0750
4,3448	-15,154	36,0800
4,3416	-15,156	36,0850
4,3491	-15,158	36,0900
4,3531	-15,160	36,0950
4,3432	-15,163	36,1000
4,3390	-15,165	36,1050
4,3475	-15,167	36,1100
4,3435	-15,169	36,1150
4,3471	-15,171	36,1200
4,3594	-15,173	36,1250
4,3630	-15,175	36,1300
4,3547	-15,177	36,1350
4,3531	-15,179	36,1400
4,3515	-15,181	36,1450
4,3520	-15,184	36,1500
4,3609	-15,186	36,1550
4,3604	-15,188	36,1600
4,3597	-15,190	36,1650
4,3621	-15,192	36,1700
4,3604	-15,194	36,1750
4,3513	-15,196	36,1800
4,3568	-15,198	36,1850
4,3575	-15,200	36,1900
4,3524	-15,202	36,1950
4,3598	-15,205	36,2000
4,3667	-15,207	36,2050
4,3589	-15,209	36,2100
4,3501	-15,211	36,2150
4,3614	-15,213	36,2200
4,3613	-15,215	36,2250
4,3544	-15,217	36,2300
4,3589	-15,219	36,2350
4,3637	-15,221	36,2400
4,3543	-15,223	36,2450
4,3589	-15,226	36,2500
4,3661	-15,228	36,2550
4,3701	-15,230	36,2600
4,3711	-15,232	36,2650
4,3744	-15,234	36,2700
4,3629	-15,236	36,2750
4,3580	-15,238	36,2800
4,3557	-15,240	36,2850
4,3522	-15,242	36,2900
4,3606	-15,244	36,2950
4,3712	-15,247	36,3000
4,3662	-15,249	36,3050
4,3599	-15,251	36,3100
4,3713	-15,253	36,3150
4,3663	-15,255	36,3200
4,3623	-15,257	36,3250
4,3698	-15,259	36,3300
4,3658	-15,261	36,3350
4,3634	-15,263	36,3400
4,3805	-15,265	36,3450
4,3848	-15,268	36,3500
4,3718	-15,270	36,3550
4,3721	-15,272	36,3600
4,3793	-15,274	36,3650
4,3702	-15,276	36,3700
4,3694	-15,278	36,3750
4,3763	-15,280	36,3800
4,3638	-15,282	36,3850
4,3693	-15,284	36,3900
4,3785	-15,286	36,3950
4,3729	-15,289	36,4000
4,3642	-15,291	36,4050
4,3746	-15,293	36,4100
4,3816	-15,295	36,4150
4,3827	-15,297	36,4200
4,3927	-15,299	36,4250
4,3904	-15,301	36,4300
4,3812	-15,303	36,4350
4,3800	-15,305	36,4400
4,3819	-15,307	36,4450
4,3826	-15,310	36,4500
4,3824	-15,312	36,4550
4,3866	-15,314	36,4600
4,3826	-15,316	36,4650
4,3866	-15,318	36,4700
4,3879	-15,320	36,4750
4,3804	-15,322	36,4800
4,3836	-15,324	36,4850
4,3939	-15,326	36,4900
4,3915	-15,328	36,4950
4,3897	-15,331	36,5000
4,3947	-15,333	36,5050
4,3888	-15,335	36,5100
4,3838	-15,337	36,5150
4,3952	-15,339	36,5200
4,3965	-15,341	36,5250
4,3874	-15,343	36,5300
4,3891	-15,345	36,5350
4,3933	-15,347	36,5400
4,3948	-15,349	36,5450
4,3926	-15,352	36,5500
4,3967	-15,354	36,5550
4,3903	-15,356	36,5600
4,3935	-15,358	36,5650
4,4009	-15,360	36,5700
4,3960	-15,362	36,5750
4,3903	-15,364	36,5800
4,4023	-15,366	36,5850
4,4038	-15,368	36,5900
4,3986	-15,370	36,5950
4,3982	-15,373	36,6000
4,3999	-15,375	36,6050
4,3999	-15,377	36,6100
4,4083	-15,379	36,6150
4,4103	-15,381	36,6200
4,4030	-15,383	36,6250
4,4110	-15,385	36,6300
4,4099	-15,387	36,6350
4,4054	-15,389	36,6400
4,4047	-15,391	36,6450
4,4094	-15,394	36,6500
4,4009	-15,396	36,6550
4,4012	-15,398	36,6600
4,4050	-15,400	36,6650
4,4035	-15,402	36,6700
4,3998	-15,404	36,6750
4,4087	-15,406	36,6800
4,4046	-15,408	36,6850
4,3928	-15,410	36,6900
4,4022	-15,412	36,6950
4,4016	-15,415	36,7000
4,4034	-15,417	36,7050
4,4135	-15,419	36,7100
4,4156	-15,421	36,7150
4,4023	-15,423	36,7200
4,4060	-15,425	36,7250
4,4029	-15,427	36,7300
4,4047	-15,429	36,7350
4,4069	-15,431	36,7400
4,4183	-15,433	36,7450
4,4204	-15,436	36,7500
4,4213	-15,438	36,7550
4,4240	-15,440	36,7600
4,4184	-15,442	36,7650
4,4196	-15,444	36,7700
4,4220	-15,446	36,7750
4,4149	-15,448	36,7800
4,4149	-15,450	36,7850
4,4193	-15,452	36,7900
4,4216	-15,454	36,7950
4,4134	-15,457	36,8000
4,4148	-15,459	36,8050
4,4231	-15,461	36,8100
4,4215	-15,463	36,8150
4,4265	-15,465	36,8200
4,4242	-15,467	36,8250
4,4218	-15,469	36,8300
4,4240	-15,471	36,8350
4,4321	-15,473	36,8400
4,4285	-15,475	36,8450
4,4220	-15,478	36,8500
4,4310	-15,480	36,8550
4,4259	-15,482	36,8600
4,4271	-15,484	36,8650
4,4409	-15,486	36,8700
4,4361	-15,488	36,8750
4,4244	-15,490	36,8800
4,4225	-15,492	36,8850
4,4317	-15,494	36,8900
4,4358	-15,496	36,8950
4,4402	-15,499	36,9000
4,4400	-15,501	36,9050
4,4286	-15,503	36,9100
4,4304	-15,505	36,9150
4,4375	-15,507	36,9200
4,4342	-15,509	36,9250
4,4349	-15,511	36,9300
4,4426	-15,513	36,9350
4,4360	-15,515	36,9400
4,4355	-15,517	36,9450
4,4370	-15,520	36,9500
4,4333	-15,522	36,9550
4,4358	-15,524	36,9600
4,4438	-15,526	36,9650
4,4357	-15,528	36,9700
4,4355	-15,530	36,9750
4,4357	-15,532	36,9800
4,4319	-15,534	36,9850
4,4299	-15,536	36,9900
4,4405	-15,538	36,9950
4,4431	-15,541	37,0000
4,4333	-15,543	37,0050
4,4366	-15,545	37,0100
4,4398	-15,547	37,0150
4,4380	-15,549	37,0200
4,4409	-15,551	37,0250
4,4429	-15,553	37,0300
4,4356	-15,555	37,0350
4,4394	-15,557	37,0400
4,4462	-15,559	37,0450
4,4443	-15,562	37,0500
4,4409	-15,564	37,0550
4,4417	-15,566	37,0600
4,4400	-15,568	37,0650
4,4353	-15,570	37,0700
4,4372	-15,572	37,0750
4,4460	-15,574	37,0800
4,4464	-15,576	37,0850
4,4461	-15,578	37,0900
4,4465	-15,580	37,0950
4,4415	-15,583	37,1000
4,4548	-15,585	37,1050
4,4606	-15,587	37,1100
4,4564	-15,589	37,1150
4,4489	-15,591	37,1200
4,4575	-15,593	37,1250
4,4562	-15,595	37,1300
4,4513	-15,597	37,1350
4,4539	-15,599	37,1400
4,4483	-15,601	37,1450
4,4486	-15,604	37,1500
4,4592	-15,606	37,1550
4,4517	-15,608	37,1600
4,4489	-15,610	37,1650
4,4521	-15,612	37,1700
4,4608	-15,614	37,1750
4,4568	-15,616	37,1800
4,4604	-15,618	37,1850
4,4578	-15,620	37,1900
4,4518	-15,622	37,1950
4,4606	-15,625	37,2000
4,4756	-15,627	37,2050
4,4666	-15,629	37,2100
4,4604	-15,631	37,2150
4,4712	-15,633	37,2200
4,4666	-15,635	37,2250
4,4584	-15,637	37,2300
4,4647	-15,639	37,2350
4,4621	-15,641	37,2400
4,4602	-15,643	37,2450
4,4700	-15,646	37,2500
4,4669	-15,648	37,2550
4,4582	-15,650	37,2600
4,4604	-15,652	37,2650
4,4664	-15,654	37,2700
4,4612	-15,656	37,2750
4,4638	-15,658	37,2800
4,4694	-15,660	37,2850
4,4614	-15,662	37,2900
4,4636	-15,664	37,2950
4,4726	-15,667	37,3000
4,4726	-15,669	37,3050
4,4641	-15,671	37,3100
4,4708	-15,673	37,3150
4,4654	-15,675	37,3200
4,4618	-15,677	37,3250
4,4720	-15,679	37,3300
4,4714	-15,681	37,3350
4,4724	-15,683	37,3400
4,4851	-15,685	37,3450
4,4818	-15,688	37,3500
4,4759	-15,690	37,3550
4,4827	-15,692	37,3600
4,4850	-15,694	37,3650
4,4775	-15,696	37,3700
4,4810	-15,698	37,3750
4,4857	-15,700	37,3800
4,4795	-15,702	37,3850
4,4796	-15,704	37,3900
4,4851	-15,706	37,3950
4,4728	-15,709	37,4000
4,4653	-15,711	37,4050
4,4792	-15,713	37,4100
4,4784	-15,715	37,4150
4,4742	-15,717	37,4200
4,4780	-15,719	37,4250
4,4814	-15,721	37,4300
4,4854	-15,723	37,4350
4,4942	-15,725	37,4400
4,4913	-15,727	37,4450
4,4820	-15,730	37,4500
4,4848	-15,732	37,4550
4,4863	-15,734	37,4600
4,4769	-15,736	37,4650
4,4785	-15,738	37,4700
4,4869	-15,740	37,4750
4,4831	-15,742	37,4800
4,4816	-15,744	37,4850
4,4888	-15,746	37,4900
4,4912	-15,748	37,4950
4,4879	-15,751	37,5000
4,4948	-15,753	37,5050
4,4927	-15,755	37,5100
4,4856	-15,757	37,5150
4,4934	-15,759	37,5200
4,4947	-15,761	37,5250
4,4911	-15,763	37,5300
4,4985	-15,765	37,5350
4,4957	-15,767	37,5400
4,4865	-15,769	37,5450
4,4888	-15,772	37,5500
4,5012	-15,774	37,5550
4,4970	-15,776	37,5600
4,4957	-15,778	37,5650
4,4981	-15,780	37,5700
4,4905	-15,782	37,5750
4,4906	-15,784	37,5800
4,5022	-15,786	37,5850
4,5031	-15,788	37,5900
4,5013	-15,790	37,5950
4,5039	-15,793	37,6000
4,4957	-15,795	37,6050
4,4899	-15,797	37,6100
4,4998	-15,799	37,6150
4,5029	-15,801	37,6200
4,4997	-15,803	37,6250
4,5152	-15,805	37,6300
4,5119	-15,807	37,6350
4,5029	-15,809	37,6400
4,5018	-15,811	37,6450
4,5027	-15,814	37,6500
4,5028	-15,816	37,6550
4,5104	-15,818	37,6600
4,5163	-15,820	37,6650
4,5065	-15,822	37,6700
4,5039	-15,824	37,6750
4,5162	-15,826	37,6800
4,5127	-15,828	37,6850
4,5030	-15,830	37,6900
4,5073	-15,832	37,6950
4,5039	-15,835	37,7000
4,4969	-15,837	37,7050
4,5084	-15,839	37,7100
4,5098	-15,841	37,7150
4,5061	-15,843	37,7200
4,5105	-15,845	37,7250
4,5152	-15,847	37,7300
4,5103	-15,849	37,7350
4,5060	-15,851	37,7400
4,5081	-15,853	37,7450
4,5053	-15,856	37,7500
4,5190	-15,858	37,7550
4,5297	-15,860	37,7600
4,5271	-15,862	37,7650
4,5187	-15,864	37,7700
4,5205	-15,866	37,7750
4,5171	-15,868	37,7800
4,5109	-15,870	37,7850
4,5153	-15,872	37,7900
4,5205	-15,874	37,7950
4,5125	-15,877	37,8000
4,5188	-15,879	37,8050
4,5205	-15,881	37,8100
4,5145	-15,883	37,8150
4,5196	-15,885	37,8200
4,5215	-15,887	37,8250
4,5134	-15,889	37,8300
4,5108	-15,891	37,8350
4,5273	-15,893	37,8400
4,5240	-15,895	37,8450
4,5221	-15,898	37,8500
4,5334	-15,900	37,8550
4,5279	-15,902	37,8600
4,5179	-15,904	37,8650
4,5274	-15,906	37,8700
4,5296	-15,908	37,8750
4,5288	-15,910	37,8800
4,5375	-15,912	37,8850
4,5364	-15,914	37,8900
4,5270	-15,916	37,8950
4,5297	-15,919	37,9000
4,5339	-15,921	37,9050
4,5345	-15,923	37,9100
4,5453	-15,925	37,9150
4,5481	-15,927	37,9200
4,5297	-15,929	37,9250
4,5199	-15,931	37,9300
4,5332	-15,933	37,9350
4,5370	-15,935	37,9400
4,5373	-15,937	37,9450
4,5413	-15,940	37,9500
4,5369	-15,942	37,9550
4,5336	-15,944	37,9600
4,5393	-15,946	37,9650
4,5364	-15,948	37,9700
4,5423	-15,950	37,9750
4,5528	-15,952	37,9800
4,5499	-15,954	37,9850
4,5393	-15,956	37,9900
4,5349	-15,958	37,9950
4,5354	-15,961	38,0000
4,5340	-15,963	38,0050
4,5408	-15,965	38,0100
4,5463	-15,967	38,0150
4,5443	-15,969	38,0200
4,5400	-15,971	38,0250
4,5502	-15,973	38,0300
4,5523	-15,975	38,0350
4,5515	-15,977	38,0400
4,5573	-15,979	38,0450
4,5531	-15,982	38,0500
4,5413	-15,984	38,0550
4,5506	-15,986	38,0600
4,5532	-15,988	38,0650
4,5445	-15,990	38,0700
4,5473	-15,992	38,0750
4,5495	-15,994	38,0800
4,5464	-15,996	38,0850
4,5521	-15,998	38,0900
4,5527	-16,000	38,0950
4,5466	-16,003	38,1000
4,5517	-16,005	38,1050
4,5634	-16,007	38,1100
4,5601	-16,009	38,1150
4,5480	-16,011	38,1200
4,5529	-16,013	38,1250
4,5536	-16,015	38,1300
4,5514	-16,017	38,1350
4,5548	-16,019	38,1400
4,5485	-16,021	38,1450
4,5419	-16,024	38,1500
4,5519	-16,026	38,1550
4,5531	-16,028	38,1600
4,5473	-16,030	38,1650
4,5619	-16,032	38,1700
4,5691	-16,034	38,1750
4,5515	-16,036	38,1800
4,5541	-16,038	38,1850
4,5614	-16,040	38,1900
4,5613	-16,042	38,1950
4,5672	-16,045	38,2000
4,5749	-16,047	38,2050
4,5654	-16,049	38,2100
4,5574	-16,051	38,2150
4,5598	-16,053	38,2200
4,5600	-16,055	38,2250
4,5580	-16,057	38,2300
4,5672	-16,059	38,2350
4,5663	-16,061	38,2400
4,5606	-16,063	38,2450
4,5647	-16,066	38,2500
4,5648	-16,068	38,2550
4,5634	-16,070	38,2600
4,5668	-16,072	38,2650
4,5748	-16,074	38,2700
4,5721	-16,076	38,2750
4,5734	-16,078	38,2800
4,5775	-16,080	38,2850
4,5682	-16,082	38,2900
4,5714	-16,084	38,2950
4,5715	-16,087	38,3000
4,5641	-16,089	38,3050
4,5637	-16,091	38,3100
4,5703	-16,093	38,3150
4,5660	-16,095	38,3200
4,5647	-16,097	38,3250
4,5767	-16,099	38,3300
4,5813	-16,101	38,3350
4,5749	-16,103	38,3400
4,5813	-16,105	38,3450
4,5798	-16,108	38,3500
4,5762	-16,110	38,3550
4,5748	-16,112	38,3600
4,5789	-16,114	38,3650
4,5679	-16,116	38,3700
4,5761	-16,118	38,3750
4,5831	-16,120	38,3800
4,5749	-16,122	38,3850
4,5730	-16,124	38,3900
4,5861	-16,126	38,3950
4,5854	-16,129	38,4000
4,5785	-16,131	38,4050
4,5857	-16,133	38,4100
4,5892	-16,135	38,4150
4,5847	-16,137	38,4200
4,5923	-16,139	38,4250
4,5882	-16,141	38,4300
4,5787	-16,143	38,4350
4,5858	-16,145	38,4400
4,5896	-16,147	38,4450
4,5830	-16,150	38,4500
4,5792	-16,152	38,4550
4,5872	-16,154	38,4600
4,5802	-16,156	38,4650
4,5847	-16,158	38,4700
4,5920	-16,160	38,4750
4,5875	-16,162	38,4800
4,5941	-16,164	38,4850
4,6080	-16,166	38,4900
4,6041	-16,168	38,4950
4,5921	-16,171	38,5000
4,5963	-16,173	38,5050
4,5964	-16,175	38,5100
4,5967	-16,177	38,5150
4,5955	-16,179	38,5200
4,6012	-16,181	38,5250
4,5957	-16,183	38,5300
4,5983	-16,185	38,5350
4,5955	-16,187	38,5400
4,5943	-16,189	38,5450
4,6034	-16,192	38,5500
4,6047	-16,194	38,5550
4,5965	-16,196	38,5600
4,5977	-16,198	38,5650
4,5954	-16,200	38,5700
4,5882	-16,202	38,5750
4,5869	-16,204	38,5800
4,6009	-16,206	38,5850
4,6016	-16,208	38,5900
4,5959	-16,210	38,5950
4,6017	-16,213	38,6000
4,6021	-16,215	38,6050
4,6013	-16,217	38,6100
4,6098	-16,219	38,6150
4,6078	-16,221	38,6200
4,5964	-16,223	38,6250
4,5936	-16,225	38,6300
4,6046	-16,227	38,6350
4,6037	-16,229	38,6400
4,6059	-16,231	38,6450
4,6145	-16,234	38,6500
4,6057	-16,236	38,6550
4,6055	-16,238	38,6600
4,6094	-16,240	38,6650
4,6024	-16,242	38,6700
4,5966	-16,244	38,6750
4,6116	-16,246	38,6800
4,6089	-16,248	38,6850
4,6018	-16,250	38,6900
4,6091	-16,252	38,6950
4,6074	-16,255	38,7000
4,6041	-16,257	38,7050
4,6204	-16,259	38,7100
4,6263	-16,261	38,7150
4,6110	-16,263	38,7200
4,6128	-16,265	38,7250
4,6116	-16,267	38,7300
4,6117	-16,269	38,7350
4,6150	-16,271	38,7400
4,6212	-16,273	38,7450
4,6211	-16,276	38,7500
4,6199	-16,278	38,7550
4,6266	-16,280	38,7600
4,6228	-16,282	38,7650
4,6174	-16,284	38,7700
4,6279	-16,286	38,7750
4,6225	-16,288	38,7800
4,6136	-16,290	38,7850
4,6233	-16,292	38,7900
4,6304	-16,294	38,7950
4,6242	-16,297	38,8000
4,6265	-16,299	38,8050
4,6254	-16,301	38,8100
4,6129	-16,303	38,8150
4,6090	-16,305	38,8200
4,6119	-16,307	38,8250
4,6233	-16,309	38,8300
4,6296	-16,311	38,8350
4,6365	-16,313	38,8400
4,6293	-16,315	38,8450
4,6300	-16,318	38,8500
4,6342	-16,320	38,8550
4,6262	-16,322	38,8600
4,6276	-16,324	38,8650
4,6327	-16,326	38,8700
4,6268	-16,328	38,8750
4,6225	-16,330	38,8800
4,6263	-16,332	38,8850
4,6293	-16,334	38,8900
4,6254	-16,336	38,8950
4,6267	-16,339	38,9000
4,6303	-16,341	38,9050
4,6247	-16,343	38,9100
4,6234	-16,345	38,9150
4,6288	-16,347	38,9200
4,6355	-16,349	38,9250
4,6383	-16,351	38,9300
4,6409	-16,353	38,9350
4,6300	-16,355	38,9400
4,6254	-16,357	38,9450
4,6383	-16,360	38,9500
4,6390	-16,362	38,9550
4,6378	-16,364	38,9600
4,6418	-16,366	38,9650
4,6401	-16,368	38,9700
4,6425	-16,370	38,9750
4,6444	-16,372	38,9800
4,6395	-16,374	38,9850
4,6387	-16,376	38,9900
4,6433	-16,378	38,9950
4,6397	-16,381	39,0000
4,6367	-16,383	39,0050
4,6402	-16,385	39,0100
4,6441	-16,387	39,0150
4,6391	-16,389	39,0200
4,6323	-16,391	39,0250
4,6417	-16,393	39,0300
4,6400	-16,395	39,0350
4,6378	-16,397	39,0400
4,6484	-16,399	39,0450
4,6513	-16,402	39,0500
4,6446	-16,404	39,0550
4,6551	-16,406	39,0600
4,6594	-16,408	39,0650
4,6542	-16,410	39,0700
4,6551	-16,412	39,0750
4,6611	-16,414	39,0800
4,6535	-16,416	39,0850
4,6596	-16,418	39,0900
4,6619	-16,420	39,0950
4,6557	-16,423	39,1000
4,6514	-16,425	39,1050
4,6596	-16,427	39,1100
4,6554	-16,429	39,1150
4,6469	-16,431	39,1200
4,6586	-16,433	39,1250
4,6550	-16,435	39,1300
4,6583	-16,437	39,1350
4,6664	-16,439	39,1400
4,6611	-16,441	39,1450
4,6587	-16,444	39,1500
4,6691	-16,446	39,1550
4,6672	-16,448	39,1600
4,6626	-16,450	39,1650
4,6637	-16,452	39,1700
4,6639	-16,454	39,1750
4,6580	-16,456	39,1800
4,6658	-16,458	39,1850
4,6694	-16,460	39,1900
4,6622	-16,462	39,1950
4,6633	-16,465	39,2000
4,6685	-16,467	39,2050
4,6664	-16,469	39,2100
4,6641	-16,471	39,2150
4,6703	-16,473	39,2200
4,6635	-16,475	39,2250
4,6529	-16,477	39,2300
4,6633	-16,479	39,2350
4,6673	-16,481	39,2400
4,6614	-16,483	39,2450
4,6652	-16,486	39,2500
4,6656	-16,488	39,2550
4,6664	-16,490	39,2600
4,6686	-16,492	39,2650
4,6717	-16,494	39,2700
4,6648	-16,496	39,2750
4,6719	-16,498	39,2800
4,6762	-16,500	39,2850
4,6719	-16,502	39,2900
4,6728	-16,504	39,2950
4,6816	-16,507	39,3000
4,6801	-16,509	39,3050
4,6764	-16,511	39,3100
4,6828	-16,513	39,3150
4,6721	-16,515	39,3200
4,6697	-16,517	39,3250
4,6796	-16,519	39,3300
4,6784	-16,521	39,3350
4,6758	-16,523	39,3400
4,6814	-16,525	39,3450
4,6782	-16,528	39,3500
4,6796	-16,530	39,3550
4,6821	-16,532	39,3600
4,6847	-16,534	39,3650
4,6783	-16,536	39,3700
4,6785	-16,538	39,3750
4,6782	-16,540	39,3800
4,6772	-16,542	39,3850
4,6781	-16,544	39,3900
4,6835	-16,546	39,3950
4,6859	-16,549	39,4000
4,6836	-16,551	39,4050
4,6836	-16,553	39,4100
4,6867	-16,555	39,4150
4,6856	-16,557	39,4200
4,6834	-16,559	39,4250
4,6765	-16,561	39,4300
4,6711	-16,563	39,4350
4,6823	-16,565	39,4400
4,6895	-16,567	39,4450
4,6867	-16,570	39,4500
4,6847	-16,572	39,4550
4,6876	-16,574	39,4600
4,6847	-16,576	39,4650
4,6904	-16,578	39,4700
4,6954	-16,580	39,4750
4,6874	-16,582	39,4800
4,6883	-16,584	39,4850
4,6958	-16,586	39,4900
4,6948	-16,588	39,4950
4,6945	-16,591	39,5000
4,6981	-16,593	39,5050
4,7036	-16,595	39,5100
4,6959	-16,597	39,5150
4,7007	-16,599	39,5200
4,6955	-16,601	39,5250
4,6921	-16,603	39,5300
4,7023	-16,605	39,5350
4,7004	-16,607	39,5400
4,6949	-16,609	39,5450
4,6961	-16,612	39,5500
4,7039	-16,614	39,5550
4,6950	-16,616	39,5600
4,6999	-16,618	39,5650
4,7035	-16,620	39,5700
4,6981	-16,622	39,5750
4,6968	-16,624	39,5800
4,7004	-16,626	39,5850
4,6964	-16,628	39,5900
4,7025	-16,630	39,5950
4,7163	-16,633	39,6000
4,7136	-16,635	39,6050
4,7051	-16,637	39,6100
4,7100	-16,639	39,6150
4,7096	-16,641	39,6200
4,7048	-16,643	39,6250
4,7017	-16,645	39,6300
4,7062	-16,647	39,6350
4,6994	-16,649	39,6400
4,7024	-16,651	39,6450
4,7100	-16,654	39,6500
4,7083	-16,656	39,6550
4,7108	-16,658	39,6600
4,7135	-16,660	39,6650
4,7070	-16,662	39,6700
4,7051	-16,664	39,6750
4,7144	-16,666	39,6800
4,7142	-16,668	39,6850
4,7107	-16,670	39,6900
4,7150	-16,672	39,6950
4,7173	-16,675	39,7000
4,7079	-16,677	39,7050
4,7089	-16,679	39,7100
4,7079	-16,681	39,7150
4,7158	-16,683	39,7200
4,7240	-16,685	39,7250
4,7255	-16,687	39,7300
4,7177	-16,689	39,7350
4,7078	-16,691	39,7400
4,7103	-16,693	39,7450
4,7075	-16,696	39,7500
4,7182	-16,698	39,7550
4,7272	-16,700	39,7600
4,7174	-16,702	39,7650
4,7095	-16,704	39,7700
4,7199	-16,706	39,7750
4,7261	-16,708	39,7800
4,7248	-16,710	39,7850
4,7305	-16,712	39,7900
4,7291	-16,714	39,7950
4,7240	-16,717	39,8000
4,7295	-16,719	39,8050
4,7291	-16,721	39,8100
4,7236	-16,723	39,8150
4,7272	-16,725	39,8200
4,7327	-16,727	39,8250
4,7261	-16,729	39,8300
4,7278	-16,731	39,8350
4,7324	-16,733	39,8400
4,7250	-16,735	39,8450
4,7274	-16,738	39,8500
4,7354	-16,740	39,8550
4,7249	-16,742	39,8600
4,7232	-16,744	39,8650
4,7338	-16,746	39,8700
4,7291	-16,748	39,8750
4,7227	-16,750	39,8800
4,7311	-16,752	39,8850
4,7352	-16,754	39,8900
4,7365	-16,756	39,8950
4,7440	-16,759	39,9000
4,7458	-16,761	39,9050
4,7371	-16,763	39,9100
4,7310	-16,765	39,9150
4,7350	-16,767	39,9200
4,7363	-16,769	39,9250
4,7341	-16,771	39,9300
4,7394	-16,773	39,9350
4,7357	-16,775	39,9400
4,7353	-16,777	39,9450
4,7439	-16,780	39,9500
4,7379	-16,782	39,9550
4,7386	-16,784	39,9600
4,7474	-16,786	39,9650
4,7440	-16,788	39,9700
4,7395	-16,790	39,9750
4,7465	-16,792	39,9800
4,7463	-16,794	39,9850
4,7347	-16,796	39,9900
4,7453	-16,798	39,9950
4,7537	-16,801	40,0000
4,7487	-16,803	40,0050
4,7493	-16,805	40,0100
4,7577	-16,807	40,0150
4,7495	-16,809	40,0200
4,7426	-16,811	40,0250
4,7515	-16,813	40,0300
4,7490	-16,815	40,0350
4,7483	-16,817	40,0400
4,7549	-16,819	40,0450
4,7514	-16,822	40,0500
4,7468	-16,824	40,0550
4,7542	-16,826	40,0600
4,7549	-16,828	40,0650
4,7575	-16,830	40,0700
4,7590	-16,832	40,0750
4,7649	-16,834	40,0800
4,7549	-16,836	40,0850
4,7541	-16,838	40,0900
4,7560	-16,840	40,0950
4,7544	-16,843	40,1000
4,7547	-16,845	40,1050
4,7582	-16,847	40,1100
4,7566	-16,849	40,1150
4,7567	-16,851	40,1200
4,7569	-16,853	40,1250
4,7555	-16,855	40,1300
4,7530	-16,857	40,1350
4,7600	-16,859	40,1400
4,7589	-16,861	40,1450
4,7565	-16,864	40,1500
4,7665	-16,866	40,1550
4,7620	-16,868	40,1600
4,7565	-16,870	40,1650
4,7662	-16,872	40,1700
4,7710	-16,874	40,1750
4,7581	-16,876	40,1800
4,7672	-16,878	40,1850
4,7736	-16,880	40,1900
4,7674	-16,882	40,1950
4,7698	-16,885	40,2000
4,7738	-16,887	40,2050
4,7656	-16,889	40,2100
4,7605	-16,891	40,2150
4,7712	-16,893	40,2200
4,7642	-16,895	40,2250
4,7570	-16,897	40,2300
4,7699	-16,899	40,2350
4,7669	-16,901	40,2400
4,7612	-16,903	40,2450
4,7759	-16,906	40,2500
4,7802	-16,908	40,2550
4,7723	-16,910	40,2600
4,7699	-16,912	40,2650
4,7716	-16,914	40,2700
4,7591	-16,916	40,2750
4,7573	-16,918	40,2800
4,7671	-16,920	40,2850
4,7665	-16,922	40,2900
4,7789	-16,924	40,2950
4,7861	-16,927	40,3000
4,7771	-16,929	40,3050
4,7756	-16,931	40,3100
4,7821	-16,933	40,3150
4,7753	-16,935	40,3200
4,7623	-16,937	40,3250
4,7675	-16,939	40,3300
4,7798	-16,941	40,3350
4,7781	-16,943	40,3400
4,7831	-16,945	40,3450
4,7830	-16,948	40,3500
4,7813	-16,950	40,3550
4,7897	-16,952	40,3600
4,7954	-16,954	40,3650
4,7810	-16,956	40,3700
4,7796	-16,958	40,3750
4,7852	-16,960	40,3800
4,7809	-16,962	40,3850
4,7782	-16,964	40,3900
4,7848	-16,966	40,3950
4,7878	-16,969	40,4000
4,7883	-16,971	40,4050
4,7923	-16,973	40,4100
4,7910	-16,975	40,4150
4,7835	-16,977	40,4200
4,7870	-16,979	40,4250
4,7912	-16,981	40,4300
4,7822	-16,983	40,4350
4,7869	-16,985	40,4400
4,7871	-16,987	40,4450
4,7868	-16,990	40,4500
4,7890	-16,992	40,4550
4,7926	-16,994	40,4600
4,7816	-16,996	40,4650
4,7879	-16,998	40,4700
4,7986	-17,000	40,4750
4,7949	-17,002	40,4800
4,7980	-17,004	40,4850
4,8063	-17,006	40,4900
4,7986	-17,008	40,4950
4,8007	-17,011	40,5000
4,8105	-17,013	40,5050
4,8022	-17,015	40,5100
4,7917	-17,017	40,5150
4,7983	-17,019	40,5200
4,7974	-17,021	40,5250
4,7912	-17,023	40,5300
4,7965	-17,025	40,5350
4,7994	-17,027	40,5400
4,7991	-17,029	40,5450
4,7996	-17,032	40,5500
4,8048	-17,034	40,5550
4,7973	-17,036	40,5600
4,7949	-17,038	40,5650
4,8054	-17,040	40,5700
4,8057	-17,042	40,5750
4,8009	-17,044	40,5800
4,8089	-17,046	40,5850
4,8096	-17,048	40,5900
4,8051	-17,050	40,5950
4,8114	-17,053	40,6000
4,8068	-17,055	40,6050
4,8010	-17,057	40,6100
4,8146	-17,059	40,6150
4,8164	-17,061	40,6200
4,8102	-17,063	40,6250
4,8190	-17,065	40,6300
4,8192	-17,067	40,6350
4,8111	-17,069	40,6400
4,8123	-17,071	40,6450
4,8209	-17,074	40,6500
4,8073	-17,076	40,6550
4,8061	-17,078	40,6600
4,8133	-17,080	40,6650
4,8090	-17,082	40,6700
4,8100	-17,084	40,6750
4,8243	-17,086	40,6800
4,8219	-17,088	40,6850
4,8181	-17,090	40,6900
4,8189	-17,092	40,6950
4,8208	-17,095	40,7000
4,8120	-17,097	40,7050
4,8163	-17,099	40,7100
4,8127	-17,101	40,7150
4,8123	-17,103	40,7200
4,8205	-17,105	40,7250
4,8226	-17,107	40,7300
4,8226	-17,109	40,7350
4,8280	-17,111	40,7400
4,8314	-17,113	40,7450
4,8219	-17,116	40,7500
4,8205	-17,118	40,7550
4,8258	-17,120	40,7600
4,8253	-17,122	40,7650
4,8253	-17,124	40,7700
4,8287	-17,126	40,7750
4,8265	-17,128	40,7800
4,8267	-17,130	40,7850
4,8321	-17,132	40,7900
4,8327	-17,134	40,7950
4,8264	-17,137	40,8000
4,8315	-17,139	40,8050
4,8365	-17,141	40,8100
4,8263	-17,143	40,8150
4,8219	-17,145	40,8200
4,8158	-17,147	40,8250
4,8113	-17,149	40,8300
4,8184	-17,151	40,8350
4,8285	-17,153	40,8400
4,8241	-17,155	40,8450
4,8250	-17,158	40,8500
4,8351	-17,160	40,8550
4,8334	-17,162	40,8600
4,8329	-17,164	40,8650
4,8379	-17,166	40,8700
4,8355	-17,168	40,8750
4,8335	-17,170	40,8800
4,8377	-17,172	40,8850
4,8303	-17,174	40,8900
4,8212	-17,176	40,8950
4,8403	-17,179	40,9000
4,8479	-17,181	40,9050
4,8340	-17,183	40,9100
4,8403	-17,185	40,9150
4,8454	-17,187	40,9200
4,8402	-17,189	40,9250
4,8406	-17,191	40,9300
4,8499	-17,193	40,9350
4,8485	-17,195	40,9400
4,8382	-17,197	40,9450
4,8451	-17,200	40,9500
4,8448	-17,202	40,9550
4,8450	-17,204	40,9600
4,8596	-17,206	40,9650
4,8517	-17,208	40,9700
4,8379	-17,210	40,9750
4,8372	-17,212	40,9800
4,8348	-17,214	40,9850
4,8344	-17,216	40,9900
4,8475	-17,218	40,9950
4,8431	-17,221	41,0000
4,8351	-17,223	41,0050
4,8447	-17,225	41,0100
4,8502	-17,227	41,0150
4,8460	-17,229	41,0200
4,8461	-17,231	41,0250
4,8531	-17,233	41,0300
4,8504	-17,235	41,0350
4,8488	-17,237	41,0400
4,8526	-17,239	41,0450
4,8486	-17,242	41,0500
4,8518	-17,244	41,0550
4,8630	-17,246	41,0600
4,8618	-17,248	41,0650
4,8563	-17,250	41,0700
4,8612	-17,252	41,0750
4,8618	-17,254	41,0800
4,8539	-17,256	41,0850
4,8568	-17,258	41,0900
4,8649	-17,260	41,0950
4,8577	-17,263	41,1000
4,8577	-17,265	41,1050
4,8593	-17,267	41,1100
4,8562	-17,269	41,1150
4,8532	-17,271	41,1200
4,8667	-17,273	41,1250
4,8665	-17,275	41,1300
4,8644	-17,277	41,1350
4,8711	-17,279	41,1400
4,8625	-17,281	41,1450
4,8555	-17,284	41,1500
4,8656	-17,286	41,1550
4,8673	-17,288	41,1600
4,8671	-17,290	41,1650
4,8696	-17,292	41,1700
4,8683	-17,294	41,1750
4,8674	-17,296	41,1800
4,8684	-17,298	41,1850
4,8694	-17,300	41,1900
4,8715	-17,302	41,1950
4,8679	-17,305	41,2000
4,8684	-17,307	41,2050
4,8650	-17,309	41,2100
4,8666	-17,311	41,2150
4,8750	-17,313	41,2200
4,8730	-17,315	41,2250
4,8683	-17,317	41,2300
4,8789	-17,319	41,2350
4,8738	-17,321	41,2400
4,8702	-17,323	41,2450
4,8829	-17,326	41,2500
4,8839	-17,328	41,2550
4,8680	-17,330	41,2600
4,8637	-17,332	41,2650
4,8707	-17,334	41,2700
4,8672	-17,336	41,2750
4,8735	-17,338	41,2800
4,8784	-17,340	41,2850
4,8686	-17,342	41,2900
4,8721	-17,344	41,2950
4,8823	-17,347	41,3000
4,8809	-17,349	41,3050
4,8799	-17,351	41,3100
4,8831	-17,353	41,3150
4,8807	-17,355	41,3200
4,8809	-17,357	41,3250
4,8907	-17,359	41,3300
4,8849	-17,361	41,3350
4,8758	-17,363	41,3400
4,8839	-17,365	41,3450
4,8814	-17,368	41,3500
4,8809	-17,370	41,3550
4,8868	-17,372	41,3600
4,8942	-17,374	41,3650
4,8888	-17,376	41,3700
4,8956	-17,378	41,3750
4,8966	-17,380	41,3800
4,8845	-17,382	41,3850
4,8814	-17,384	41,3900
4,8918	-17,386	41,3950
4,8915	-17,389	41,4000
4,8880	-17,391	41,4050
4,8982	-17,393	41,4100
4,8957	-17,395	41,4150
4,8868	-17,397	41,4200
4,8927	-17,399	41,4250
4,8934	-17,401	41,4300
4,8842	-17,403	41,4350
4,8929	-17,405	41,4400
4,8960	-17,407	41,4450
4,8884	-17,410	41,4500
4,8868	-17,412	41,4550
4,8924	-17,414	41,4600
4,8928	-17,416	41,4650
4,8980	-17,418	41,4700
4,9071	-17,420	41,4750
4,9035	-17,422	41,4800
4,9003	-17,424	41,4850
4,9032	-17,426	41,4900
4,8920	-17,428	41,4950
4,8900	-17,431	41,5000
4,8935	-17,433	41,5050
4,8962	-17,435	41,5100
4,8927	-17,437	41,5150
4,8994	-17,439	41,5200
4,8974	-17,441	41,5250
4,9021	-17,443	41,5300
4,9109	-17,445	41,5350
4,9089	-17,447	41,5400
4,9044	-17,449	41,5450
4,9070	-17,452	41,5500
4,9081	-17,454	41,5550
4,8982	-17,456	41,5600
4,9003	-17,458	41,5650
4,9060	-17,460	41,5700
4,8988	-17,462	41,5750
4,9024	-17,464	41,5800
4,9145	-17,466	41,5850
4,9133	-17,468	41,5900
4,9091	-17,470	41,5950
4,9114	-17,473	41,6000
4,9126	-17,475	41,6050
4,9099	-17,477	41,6100
4,9149	-17,479	41,6150
4,9115	-17,481	41,6200
4,9036	-17,483	41,6250
4,9158	-17,485	41,6300
4,9180	-17,487	41,6350
4,9127	-17,489	41,6400
4,9096	-17,491	41,6450
4,9179	-17,494	41,6500
4,9122	-17,496	41,6550
4,9182	-17,498	41,6600
4,9221	-17,500	41,6650
4,9162	-17,502	41,6700
4,9131	-17,504	41,6750
4,9237	-17,506	41,6800
4,9216	-17,508	41,6850
4,9168	-17,510	41,6900
4,9217	-17,512	41,6950
4,9203	-17,515	41,7000
4,9111	-17,517	41,7050
4,9149	-17,519	41,7100
4,9210	-17,521	41,7150
4,9199	-17,523	41,7200
4,9215	-17,525	41,7250
4,9254	-17,527	41,7300
4,9202	-17,529	41,7350
4,9236	-17,531	41,7400
4,9330	-17,533	41,7450
4,9238	-17,536	41,7500
4,9178	-17,538	41,7550
4,9272	-17,540	41,7600
4,9266	-17,542	41,7650
4,9285	-17,544	41,7700
4,9348	-17,546	41,7750
4,9290	-17,548	41,7800
4,9304	-17,550	41,7850
4,9367	-17,552	41,7900
4,9353	-17,554	41,7950
4,9252	-17,557	41,8000
4,9346	-17,559	41,8050
4,9400	-17,561	41,8100
4,9329	-17,563	41,8150
4,9331	-17,565	41,8200
4,9284	-17,567	41,8250
4,9235	-17,569	41,8300
4,9294	-17,571	41,8350
4,9396	-17,573	41,8400
4,9364	-17,575	41,8450
4,9409	-17,578	41,8500
4,9577	-17,580	41,8550
4,9461	-17,582	41,8600
4,9321	-17,584	41,8650
4,9396	-17,586	41,8700
4,9431	-17,588	41,8750
4,9455	-17,590	41,8800
4,9455	-17,592	41,8850
4,9413	-17,594	41,8900
4,9271	-17,596	41,8950
4,9328	-17,599	41,9000
4,9390	-17,601	41,9050
4,9374	-17,603	41,9100
4,9399	-17,605	41,9150
4,9518	-17,607	41,9200
4,9497	-17,609	41,9250
4,9484	-17,611	41,9300
4,9464	-17,613	41,9350
4,9353	-17,615	41,9400
4,9359	-17,617	41,9450
4,9471	-17,620	41,9500
4,9495	-17,622	41,9550
4,9468	-17,624	41,9600
4,9533	-17,626	41,9650
4,9526	-17,628	41,9700
4,9451	-17,630	41,9750
4,9474	-17,632	41,9800
4,9548	-17,634	41,9850
4,9459	-17,636	41,9900
4,9511	-17,638	41,9950
4,9487	-17,641	42,0000
4,9444	-17,643	42,0050
4,9526	-17,645	42,0100
4,9614	-17,647	42,0150
4,9492	-17,649	42,0200
4,9487	-17,651	42,0250
4,9655	-17,653	42,0300
4,9599	-17,655	42,0350
4,9534	-17,657	42,0400
4,9585	-17,659	42,0450
4,9545	-17,662	42,0500
4,9489	-17,664	42,0550
4,9546	-17,666	42,0600
4,9574	-17,668	42,0650
4,9596	-17,670	42,0700
4,9610	-17,672	42,0750
4,9633	-17,674	42,0800
4,9577	-17,676	42,0850
4,9692	-17,678	42,0900
4,9700	-17,680	42,0950
4,9580	-17,683	42,1000
4,9634	-17,685	42,1050
4,9661	-17,687	42,1100
4,9575	-17,689	42,1150
4,9554	-17,691	42,1200
4,9662	-17,693	42,1250
4,9622	-17,695	42,1300
4,9578	-17,697	42,1350
4,9691	-17,699	42,1400
4,9716	-17,701	42,1450
4,9616	-17,704	42,1500
4,9628	-17,706	42,1550
4,9576	-17,708	42,1600
4,9552	-17,710	42,1650
4,9681	-17,712	42,1700
4,9734	-17,714	42,1750
4,9599	-17,716	42,1800
4,9629	-17,718	42,1850
4,9736	-17,720	42,1900
4,9702	-17,722	42,1950
4,9730	-17,725	42,2000
4,9762	-17,727	42,2050
4,9716	-17,729	42,2100
4,9665	-17,731	42,2150
4,9767	-17,733	42,2200
4,9817	-17,735	42,2250
4,9798	-17,737	42,2300
4,9850	-17,739	42,2350
4,9815	-17,741	42,2400
4,9742	-17,743	42,2450
4,9765	-17,746	42,2500
4,9808	-17,748	42,2550
4,9795	-17,750	42,2600
4,9795	-17,752	42,2650
4,9772	-17,754	42,2700
4,9649	-17,756	42,2750
4,9690	-17,758	42,2800
4,9764	-17,760	42,2850
4,9724	-17,762	42,2900
4,9802	-17,764	42,2950
4,9913	-17,767	42,3000
4,9836	-17,769	42,3050
4,9759	-17,771	42,3100
4,9818	-17,773	42,3150
4,9809	-17,775	42,3200
4,9827	-17,777	42,3250
4,9929	-17,779	42,3300
4,9925	-17,781	42,3350
4,9835	-17,783	42,3400
4,9880	-17,785	42,3450
4,9858	-17,788	42,3500
4,9828	-17,790	42,3550
4,9855	-17,792	42,3600
4,9881	-17,794	42,3650
4,9801	-17,796	42,3700
4,9819	-17,798	42,3750
4,9925	-17,800	42,3800
4,9914	-17,802	42,3850
4,9902	-17,804	42,3900
4,9990	-17,806	42,3950
5,0039	-17,809	42,4000
4,9935	-17,811	42,4050
5,0022	-17,813	42,4100
5,0046	-17,815	42,4150
4,9961	-17,817	42,4200
4,9943	-17,819	42,4250
4,9853	-17,821	42,4300
4,9822	-17,823	42,4350
4,9959	-17,825	42,4400
4,9999	-17,827	42,4450
4,9930	-17,830	42,4500
4,9988	-17,832	42,4550
5,0009	-17,834	42,4600
4,9900	-17,836	42,4650
4,9939	-17,838	42,4700
4,9984	-17,840	42,4750
4,9924	-17,842	42,4800
4,9970	-17,844	42,4850
5,0072	-17,846	42,4900
5,0022	-17,848	42,4950
4,9942	-17,851	42,5000
4,9991	-17,853	42,5050
5,0016	-17,855	42,5100
4,9958	-17,857	42,5150
5,0039	-17,859	42,5200
5,0012	-17,861	42,5250
4,9977	-17,863	42,5300
5,0115	-17,865	42,5350
5,0112	-17,867	42,5400
5,0072	-17,869	42,5450
5,0099	-17,872	42,5500
5,0178	-17,874	42,5550
5,0154	-17,876	42,5600
5,0118	-17,878	42,5650
5,0102	-17,880	42,5700
5,0071	-17,882	42,5750
5,0100	-17,884	42,5800
5,0211	-17,886	42,5850
5,0139	-17,888	42,5900
5,0085	-17,890	42,5950
5,0140	-17,893	42,6000
5,0152	-17,895	42,6050
5,0079	-17,897	42,6100
5,0133	-17,899	42,6150
5,0151	-17,901	42,6200
5,0096	-17,903	42,6250
5,0107	-17,905	42,6300
5,0149	-17,907	42,6350
5,0150	-17,909	42,6400
5,0172	-17,911	42,6450
5,0235	-17,914	42,6500
5,0156	-17,916	42,6550
5,0162	-17,918	42,6600
5,0204	-17,920	42,6650
5,0239	-17,922	42,6700
5,0248	-17,924	42,6750
5,0244	-17,926	42,6800
5,0184	-17,928	42,6850
5,0201	-17,930	42,6900
5,0327	-17,932	42,6950
5,0292	-17,935	42,7000
5,0180	-17,937	42,7050
5,0245	-17,939	42,7100
5,0212	-17,941	42,7150
5,0147	-17,943	42,7200
5,0220	-17,945	42,7250
5,0274	-17,947	42,7300
5,0252	-17,949	42,7350
5,0200	-17,951	42,7400
5,0341	-17,953	42,7450
5,0331	-17,956	42,7500
5,0269	-17,958	42,7550
5,0232	-17,960	42,7600
5,0157	-17,962	42,7650
5,0159	-17,964	42,7700
5,0317	-17,966	42,7750
5,0390	-17,968	42,7800
5,0338	-17,970	42,7850
5,0335	-17,972	42,7900
5,0373	-17,974	42,7950
5,0347	-17,977	42,8000
5,0358	-17,979	42,8050
5,0342	-17,981	42,8100
5,0246	-17,983	42,8150
5,0323	-17,985	42,8200
5,0398	-17,987	42,8250
5,0355	-17,989	42,8300
5,0313	-17,991	42,8350
5,0437	-17,993	42,8400
5,0367	-17,995	42,8450
5,0359	-17,998	42,8500
5,0413	-18,000	42,8550
5,0311	-18,002	42,8600
5,0251	-18,004	42,8650
5,0402	-18,006	42,8700
5,0429	-18,008	42,8750
5,0300	-18,010	42,8800
5,0307	-18,012	42,8850
5,0382	-18,014	42,8900
5,0411	-18,016	42,8950
5,0506	-18,019	42,9000
5,0509	-18,021	42,9050
5,0434	-18,023	42,9100
5,0427	-18,025	42,9150
5,0476	-18,027	42,9200
5,0458	-18,029	42,9250
5,0472	-18,031	42,9300
5,0522	-18,033	42,9350
5,0452	-18,035	42,9400
5,0398	-18,037	42,9450
5,0444	-18,040	42,9500
5,0410	-18,042	42,9550
5,0419	-18,044	42,9600
5,0524	-18,046	42,9650
5,0565	-18,048	42,9700
5,0528	-18,050	42,9750
5,0590	-18,052	42,9800
5,0639	-18,054	42,9850
5,0545	-18,056	42,9900
5,0561	-18,058	42,9950
5,0578	-18,061	43,0000
5,0461	-18,063	43,0050
5,0498	-18,065	43,0100
5,0600	-18,067	43,0150
5,0620	-18,069	43,0200
5,0550	-18,071	43,0250
5,0644	-18,073	43,0300
5,0563	-18,075	43,0350
5,0506	-18,077	43,0400
5,0590	-18,079	43,0450
5,0581	-18,082	43,0500
5,0594	-18,084	43,0550
5,0678	-18,086	43,0600
5,0701	-18,088	43,0650
5,0674	-18,090	43,0700
5,0674	-18,092	43,0750
5,0671	-18,094	43,0800
5,0616	-18,096	43,0850
5,0631	-18,098	43,0900
5,0585	-18,100	43,0950
5,0547	-18,103	43,1000
5,0573	-18,105	43,1050
5,0653	-18,107	43,1100
5,0652	-18,109	43,1150
5,0595	-18,111	43,1200
5,0664	-18,113	43,1250
5,0686	-18,115	43,1300
5,0701	-18,117	43,1350
5,0793	-18,119	43,1400
5,0716	-18,121	43,1450
5,0634	-18,124	43,1500
5,0769	-18,126	43,1550
5,0705	-18,128	43,1600
5,0613	-18,130	43,1650
5,0631	-18,132	43,1700
5,0708	-18,134	43,1750
5,0760	-18,136	43,1800
5,0835	-18,138	43,1850
5,0778	-18,140	43,1900
5,0645	-18,142	43,1950
5,0620	-18,145	43,2000
5,0740	-18,147	43,2050
5,0836	-18,149	43,2100
5,0855	-18,151	43,2150
5,0852	-18,153	43,2200
5,0797	-18,155	43,2250
5,0828	-18,157	43,2300
5,0911	-18,159	43,2350
5,0828	-18,161	43,2400
5,0760	-18,163	43,2450
5,0824	-18,166	43,2500
5,0805	-18,168	43,2550
5,0781	-18,170	43,2600
5,0760	-18,172	43,2650
5,0833	-18,174	43,2700
5,0793	-18,176	43,2750
5,0837	-18,178	43,2800
5,0839	-18,180	43,2850
5,0700	-18,182	43,2900
5,0746	-18,184	43,2950
5,0861	-18,187	43,3000
5,0843	-18,189	43,3050
5,0799	-18,191	43,3100
5,0852	-18,193	43,3150
5,0810	-18,195	43,3200
5,0784	-18,197	43,3250
5,0868	-18,199	43,3300
5,0888	-18,201	43,3350
5,0854	-18,203	43,3400
5,0885	-18,205	43,3450
5,0880	-18,208	43,3500
5,0870	-18,210	43,3550
5,0912	-18,212	43,3600
5,0978	-18,214	43,3650
5,0893	-18,216	43,3700
5,0931	-18,218	43,3750
5,0967	-18,220	43,3800
5,0930	-18,222	43,3850
5,0908	-18,224	43,3900
5,1022	-18,226	43,3950
5,1035	-18,229	43,4000
5,0963	-18,231	43,4050
5,1039	-18,233	43,4100
5,1040	-18,235	43,4150
5,0984	-18,237	43,4200
5,1009	-18,239	43,4250
5,0952	-18,241	43,4300
5,0896	-18,243	43,4350
5,0979	-18,245	43,4400
5,0993	-18,247	43,4450
5,1012	-18,250	43,4500
5,1035	-18,252	43,4550
5,1037	-18,254	43,4600
5,0926	-18,256	43,4650
5,0945	-18,258	43,4700
5,1109	-18,260	43,4750
5,1057	-18,262	43,4800
5,0994	-18,264	43,4850
5,1077	-18,266	43,4900
5,1060	-18,268	43,4950
5,0982	-18,271	43,5000
5,1052	-18,273	43,5050
5,1020	-18,275	43,5100
5,0959	-18,277	43,5150
5,1092	-18,279	43,5200
5,1115	-18,281	43,5250
5,1052	-18,283	43,5300
5,1070	-18,285	43,5350
5,1048	-18,287	43,5400
5,1065	-18,289	43,5450
5,1122	-18,292	43,5500
5,1202	-18,294	43,5550
5,1126	-18,296	43,5600
5,1139	-18,298	43,5650
5,1157	-18,300	43,5700
5,1043	-18,302	43,5750
5,1035	-18,304	43,5800
5,1204	-18,306	43,5850
5,1167	-18,308	43,5900
5,1149	-18,310	43,5950
5,1232	-18,313	43,6000
5,1183	-18,315	43,6050
5,1055	-18,317	43,6100
5,1112	-18,319	43,6150
5,1180	-18,321	43,6200
5,1140	-18,323	43,6250
5,1187	-18,325	43,6300
5,1263	-18,327	43,6350
5,1204	-18,329	43,6400
5,1178	-18,331	43,6450
5,1230	-18,334	43,6500
5,1171	-18,336	43,6550
5,1171	-18,338	43,6600
5,1302	-18,340	43,6650
5,1265	-18,342	43,6700
5,1224	-18,344	43,6750
5,1336	-18,346	43,6800
5,1360	-18,348	43,6850
5,1382	-18,350	43,6900
5,1348	-18,352	43,6950
5,1266	-18,355	43,7000
5,1174	-18,357	43,7050
5,1260	-18,359	43,7100
5,1305	-18,361	43,7150
5,1237	-18,363	43,7200
5,1335	-18,365	43,7250
5,1401	-18,367	43,7300
5,1274	-18,369	43,7350
5,1177	-18,371	43,7400
5,1240	-18,373	43,7450
5,1285	-18,376	43,7500
5,1337	-18,378	43,7550
5,1347	-18,380	43,7600
5,1217	-18,382	43,7650
5,1179	-18,384	43,7700
5,1298	-18,386	43,7750
5,1282	-18,388	43,7800
5,1303	-18,390	43,7850
5,1400	-18,392	43,7900
5,1425	-18,394	43,7950
5,1347	-18,397	43,8000
5,1401	-18,399	43,8050
5,1410	-18,401	43,8100
5,1337	-18,403	43,8150
5,1422	-18,405	43,8200
5,1464	-18,407	43,8250
5,1382	-18,409	43,8300
5,1368	-18,411	43,8350
5,1405	-18,413	43,8400
5,1392	-18,415	43,8450
5,1425	-18,418	43,8500
5,1459	-18,420	43,8550
5,1342	-18,422	43,8600
5,1329	-18,424	43,8650
5,1371	-18,426	43,8700
5,1417	-18,428	43,8750
5,1487	-18,430	43,8800
5,1564	-18,432	43,8850
5,1516	-18,434	43,8900
5,1415	-18,436	43,8950
5,1422	-18,439	43,9000
5,1479	-18,441	43,9050
5,1407	-18,443	43,9100
5,1439	-18,445	43,9150
5,1504	-18,447	43,9200
5,1496	-18,449	43,9250
5,1529	-18,451	43,9300
5,1544	-18,453	43,9350
5,1418	-18,455	43,9400
5,1416	-18,457	43,9450
5,1567	-18,460	43,9500
5,1568	-18,462	43,9550
5,1558	-18,464	43,9600
5,1583	-18,466	43,9650
5,1453	-18,468	43,9700
5,1470	-18,470	43,9750
5,1575	-18,472	43,9800
5,1617	-18,474	43,9850
5,1495	-18,476	43,9900
5,1524	-18,478	43,9950
5,1556	-18,481	44,0000
5,1508	-18,483	44,0050
5,1566	-18,485	44,0100
5,1634	-18,487	44,0150
5,1595	-18,489	44,0200
5,1583	-18,491	44,0250
5,1654	-18,493	44,0300
5,1618	-18,495	44,0350
5,1551	-18,497	44,0400
5,1590	-18,499	44,0450
5,1592	-18,502	44,0500
5,1570	-18,504	44,0550
5,1647	-18,506	44,0600
5,1641	-18,508	44,0650
5,1677	-18,510	44,0700
5,1715	-18,512	44,0750
5,1724	-18,514	44,0800
5,1595	-18,516	44,0850
5,1578	-18,518	44,0900
5,1622	-18,520	44,0950
5,1557	-18,523	44,1000
5,1560	-18,525	44,1050
5,1686	-18,527	44,1100
5,1689	-18,529	44,1150
5,1679	-18,531	44,1200
5,1777	-18,533	44,1250
5,1693	-18,535	44,1300
5,1603	-18,537	44,1350
5,1663	-18,539	44,1400
5,1675	-18,541	44,1450
5,1648	-18,544	44,1500
5,1751	-18,546	44,1550
5,1731	-18,548	44,1600
5,1704	-18,550	44,1650
5,1742	-18,552	44,1700
5,1766	-18,554	44,1750
5,1690	-18,556	44,1800
5,1754	-18,558	44,1850
5,1817	-18,560	44,1900
5,1708	-18,562	44,1950
5,1762	-18,565	44,2000
5,1854	-18,567	44,2050
5,1832	-18,569	44,2100
5,1753	-18,571	44,2150
5,1804	-18,573	44,2200
5,1798	-18,575	44,2250
5,1785	-18,577	44,2300
5,1873	-18,579	44,2350
5,1874	-18,581	44,2400
5,1818	-18,583	44,2450
5,1872	-18,586	44,2500
5,1836	-18,588	44,2550
5,1795	-18,590	44,2600
5,1807	-18,592	44,2650
5,1831	-18,594	44,2700
5,1819	-18,596	44,2750
5,1894	-18,598	44,2800
5,1860	-18,600	44,2850
5,1762	-18,602	44,2900
5,1776	-18,604	44,2950
5,1918	-18,607	44,3000
5,1879	-18,609	44,3050
5,1796	-18,611	44,3100
5,1864	-18,613	44,3150
5,1894	-18,615	44,3200
5,1832	-18,617	44,3250
5,1851	-18,619	44,3300
5,1813	-18,621	44,3350
5,1820	-18,623	44,3400
5,1945	-18,625	44,3450
5,1955	-18,628	44,3500
5,1884	-18,630	44,3550
5,1839	-18,632	44,3600
5,1986	-18,634	44,3650
5,1936	-18,636	44,3700
5,1907	-18,638	44,3750
5,1961	-18,640	44,3800
5,1912	-18,642	44,3850
5,1893	-18,644	44,3900
5,1992	-18,646	44,3950
5,1913	-18,649	44,4000
5,1877	-18,651	44,4050
5,1994	-18,653	44,4100
5,2029	-18,655	44,4150
5,2014	-18,657	44,4200
5,2067	-18,659	44,4250
5,2077	-18,661	44,4300
5,1985	-18,663	44,4350
5,2116	-18,665	44,4400
5,2117	-18,667	44,4450
5,2047	-18,670	44,4500
5,2043	-18,672	44,4550
5,2064	-18,674	44,4600
5,2004	-18,676	44,4650
5,2061	-18,678	44,4700
5,2102	-18,680	44,4750
5,2053	-18,682	44,4800
5,2056	-18,684	44,4850
5,2178	-18,686	44,4900
5,2138	-18,688	44,4950
5,2070	-18,691	44,5000
5,2101	-18,693	44,5050
5,2063	-18,695	44,5100
5,2049	-18,697	44,5150
5,2160	-18,699	44,5200
5,2140	-18,701	44,5250
5,2079	-18,703	44,5300
5,2130	-18,705	44,5350
5,2143	-18,707	44,5400
5,2161	-18,709	44,5450
5,2182	-18,712	44,5500
5,2163	-18,714	44,5550
5,2092	-18,716	44,5600
5,2139	-18,718	44,5650
5,2271	-18,720	44,5700
5,2167	-18,722	44,5750
5,2068	-18,724	44,5800
5,2137	-18,726	44,5850
5,2152	-18,728	44,5900
5,2121	-18,730	44,5950
5,2188	-18,733	44,6000
5,2181	-18,735	44,6050
5,2218	-18,737	44,6100
5,2352	-18,739	44,6150
5,2295	-18,741	44,6200
5,2131	-18,743	44,6250
5,2162	-18,745	44,6300
5,2224	-18,747	44,6350
5,2249	-18,749	44,6400
5,2236	-18,751	44,6450
5,2242	-18,754	44,6500
5,2164	-18,756	44,6550
5,2213	-18,758	44,6600
5,2319	-18,760	44,6650
5,2225	-18,762	44,6700
5,2259	-18,764	44,6750
5,2367	-18,766	44,6800
5,2311	-18,768	44,6850
5,2226	-18,770	44,6900
5,2256	-18,772	44,6950
5,2285	-18,775	44,7000
5,2227	-18,777	44,7050
5,2294	-18,779	44,7100
5,2295	-18,781	44,7150
5,2224	-18,783	44,7200
5,2295	-18,785	44,7250
5,2370	-18,787	44,7300
5,2277	-18,789	44,7350
5,2285	-18,791	44,7400
5,2361	-18,793	44,7450
5,2268	-18,796	44,7500
5,2301	-18,798	44,7550
5,2427	-18,800	44,7600
5,2425	-18,802	44,7650
5,2373	-18,804	44,7700
5,2372	-18,806	44,7750
5,2362	-18,808	44,7800
5,2346	-18,810	44,7850
5,2377	-18,812	44,7900
5,2374	-18,814	44,7950
5,2342	-18,817	44,8000
5,2419	-18,819	44,8050
5,2424	-18,821	44,8100
5,2311	-18,823	44,8150
5,2380	-18,825	44,8200
5,2458	-18,827	44,8250
5,2399	-18,829	44,8300
5,2370	-18,831	44,8350
5,2463	-18,833	44,8400
5,2369	-18,835	44,8450
5,2406	-18,838	44,8500
5,2454	-18,840	44,8550
5,2417	-18,842	44,8600
5,2370	-18,844	44,8650
5,2434	-18,846	44,8700
5,2436	-18,848	44,8750
5,2413	-18,850	44,8800
5,2491	-18,852	44,8850
5,2537	-18,854	44,8900
5,2523	-18,856	44,8950
5,2580	-18,859	44,9000
5,2578	-18,861	44,9050
5,2516	-18,863	44,9100
5,2539	-18,865	44,9150
5,2612	-18,867	44,9200
5,2611	-18,869	44,9250
5,2555	-18,871	44,9300
5,2596	-18,873	44,9350
5,2536	-18,875	44,9400
5,2541	-18,877	44,9450
5,2628	-18,880	44,9500
5,2589	-18,882	44,9550
5,2509	-18,884	44,9600
5,2569	-18,886	44,9650
5,2577	-18,888	44,9700
5,2554	-18,890	44,9750
5,2607	-18,892	44,9800
5,2644	-18,894	44,9850
5,2552	-18,896	44,9900
5,2613	-18,898	44,9950
5,2635	-18,901	45,0000
5,2545	-18,903	45,0050
5,2540	-18,905	45,0100
5,2607	-18,907	45,0150
5,2599	-18,909	45,0200
5,2574	-18,911	45,0250
5,2636	-18,913	45,0300
5,2640	-18,915	45,0350
5,2591	-18,917	45,0400
5,2632	-18,919	45,0450
5,2584	-18,922	45,0500
5,2546	-18,924	45,0550
5,2666	-18,926	45,0600
5,2680	-18,928	45,0650
5,2636	-18,930	45,0700
5,2636	-18,932	45,0750
5,2660	-18,934	45,0800
5,2621	-18,936	45,0850
5,2617	-18,938	45,0900
5,2674	-18,940	45,0950
5,2631	-18,943	45,1000
5,2649	-18,945	45,1050
5,2701	-18,947	45,1100
5,2727	-18,949	45,1150
5,2726	-18,951	45,1200
5,2755	-18,953	45,1250
5,2642	-18,955	45,1300
5,2638	-18,957	45,1350
5,2747	-18,959	45,1400
5,2745	-18,961	45,1450
5,2663	-18,964	45,1500
5,2785	-18,966	45,1550
5,2804	-18,968	45,1600
5,2749	-18,970	45,1650
5,2747	-18,972	45,1700
5,2770	-18,974	45,1750
5,2783	-18,976	45,1800
5,2758	-18,978	45,1850
5,2796	-18,980	45,1900
5,2814	-18,982	45,1950
5,2836	-18,985	45,2000
5,2823	-18,987	45,2050
5,2713	-18,989	45,2100
5,2705	-18,991	45,2150
5,2818	-18,993	45,2200
5,2866	-18,995	45,2250
5,2823	-18,997	45,2300
5,2821	-18,999	45,2350
5,2763	-19,001	45,2400
5,2749	-19,003	45,2450
5,2898	-19,006	45,2500
5,2910	-19,008	45,2550
5,2818	-19,010	45,2600
5,2865	-19,012	45,2650
5,2916	-19,014	45,2700
5,2857	-19,016	45,2750
5,2893	-19,018	45,2800
5,2893	-19,020	45,2850
5,2826	-19,022	45,2900
5,2879	-19,024	45,2950
5,2935	-19,027	45,3000
5,2900	-19,029	45,3050
5,2905	-19,031	45,3100
5,3007	-19,033	45,3150
5,2954	-19,035	45,3200
5,2863	-19,037	45,3250
5,2891	-19,039	45,3300
5,2889	-19,041	45,3350
5,2895	-19,043	45,3400
5,3016	-19,045	45,3450
5,3015	-19,048	45,3500
5,2948	-19,050	45,3550
5,3012	-19,052	45,3600
5,3061	-19,054	45,3650
5,2979	-19,056	45,3700
5,2945	-19,058	45,3750
5,2990	-19,060	45,3800
5,2905	-19,062	45,3850
5,2890	-19,064	45,3900
5,2942	-19,066	45,3950
5,2913	-19,069	45,4000
5,2949	-19,071	45,4050
5,3082	-19,073	45,4100
5,3078	-19,075	45,4150
5,2990	-19,077	45,4200
5,3076	-19,079	45,4250
5,3063	-19,081	45,4300
5,2949	-19,083	45,4350
5,2959	-19,085	45,4400
5,2996	-19,087	45,4450
5,2989	-19,090	45,4500
5,2987	-19,092	45,4550
5,3023	-19,094	45,4600
5,2977	-19,096	45,4650
5,3015	-19,098	45,4700
5,3107	-19,100	45,4750
5,3108	-19,102	45,4800
5,3018	-19,104	45,4850
5,3082	-19,106	45,4900
5,3094	-19,108	45,4950
5,3010	-19,111	45,5000
5,3047	-19,113	45,5050
5,3097	-19,115	45,5100
5,3059	-19,117	45,5150
5,3139	-19,119	45,5200
5,3181	-19,121	45,5250
5,3105	-19,123	45,5300
5,3132	-19,125	45,5350
5,3141	-19,127	45,5400
5,3157	-19,129	45,5450
5,3138	-19,132	45,5500
5,3173	-19,134	45,5550
5,3076	-19,136	45,5600
5,3037	-19,138	45,5650
5,3135	-19,140	45,5700
5,3111	-19,142	45,5750
5,3124	-19,144	45,5800
5,3273	-19,146	45,5850
5,3288	-19,148	45,5900
5,3278	-19,150	45,5950
5,3323	-19,153	45,6000
5,3176	-19,155	45,6050
5,3115	-19,157	45,6100
5,3166	-19,159	45,6150
5,3115	-19,161	45,6200
5,3060	-19,163	45,6250
5,3222	-19,165	45,6300
5,3270	-19,167	45,6350
5,3237	-19,169	45,6400
5,3191	-19,171	45,6450
5,3253	-19,174	45,6500
5,3247	-19,176	45,6550
5,3263	-19,178	45,6600
5,3350	-19,180	45,6650
5,3298	-19,182	45,6700
5,3195	-19,184	45,6750
5,3262	-19,186	45,6800
5,3206	-19,188	45,6850
5,3193	-19,190	45,6900
5,3284	-19,192	45,6950
5,3304	-19,195	45,7000
5,3283	-19,197	45,7050
5,3364	-19,199	45,7100
5,3332	-19,201	45,7150
5,3212	-19,203	45,7200
5,3313	-19,205	45,7250
5,3429	-19,207	45,7300
5,3329	-19,209	45,7350
5,3281	-19,211	45,7400
5,3411	-19,213	45,7450
5,3362	-19,216	45,7500
5,3337	-19,218	45,7550
5,3391	-19,220	45,7600
5,3347	-19,222	45,7650
5,3291	-19,224	45,7700
5,3385	-19,226	45,7750
5,3454	-19,228	45,7800
5,3425	-19,230	45,7850
5,3421	-19,232	45,7900
5,3408	-19,234	45,7950
5,3366	-19,237	45,8000
5,3440	-19,239	45,8050
5,3429	-19,241	45,8100
5,3370	-19,243	45,8150
5,3390	-19,245	45,8200
5,3448	-19,247	45,8250
5,3400	-19,249	45,8300
5,3421	-19,251	45,8350
5,3470	-19,253	45,8400
5,3435	-19,255	45,8450
5,3443	-19,258	45,8500
5,3489	-19,260	45,8550
5,3448	-19,262	45,8600
5,3393	-19,264	45,8650
5,3410	-19,266	45,8700
5,3433	-19,268	45,8750
5,3451	-19,270	45,8800
5,3457	-19,272	45,8850
5,3480	-19,274	45,8900
5,3460	-19,276	45,8950
5,3537	-19,279	45,9000
5,3495	-19,281	45,9050
5,3360	-19,283	45,9100
5,3424	-19,285	45,9150
5,3516	-19,287	45,9200
5,3495	-19,289	45,9250
5,3497	-19,291	45,9300
5,3608	-19,293	45,9350
5,3541	-19,295	45,9400
5,3548	-19,297	45,9450
5,3598	-19,300	45,9500
5,3559	-19,302	45,9550
5,3480	-19,304	45,9600
5,3571	-19,306	45,9650
5,3619	-19,308	45,9700
5,3586	-19,310	45,9750
5,3609	-19,312	45,9800
5,3618	-19,314	45,9850
5,3546	-19,316	45,9900
5,3611	-19,318	45,9950
5,3597	-19,321	46,0000
5,3522	-19,323	46,0050
5,3514	-19,325	46,0100
5,3612	-19,327	46,0150
5,3594	-19,329	46,0200
5,3584	-19,331	46,0250
5,3683	-19,333	46,0300
5,3596	-19,335	46,0350
5,3523	-19,337	46,0400
5,3660	-19,339	46,0450
5,3698	-19,342	46,0500
5,3692	-19,344	46,0550
5,3745	-19,346	46,0600
5,3708	-19,348	46,0650
5,3654	-19,350	46,0700
5,3716	-19,352	46,0750
5,3710	-19,354	46,0800
5,3614	-19,356	46,0850
5,3685	-19,358	46,0900
5,3792	-19,360	46,0950
5,3754	-19,363	46,1000
5,3716	-19,365	46,1050
5,3781	-19,367	46,1100
5,3774	-19,369	46,1150
5,3717	-19,371	46,1200
5,3710	-19,373	46,1250
5,3692	-19,375	46,1300
5,3738	-19,377	46,1350
5,3838	-19,379	46,1400
5,3758	-19,381	46,1450
5,3642	-19,384	46,1500
5,3744	-19,386	46,1550
5,3801	-19,388	46,1600
5,3771	-19,390	46,1650
5,3793	-19,392	46,1700
5,3814	-19,394	46,1750
5,3725	-19,396	46,1800
5,3788	-19,398	46,1850
5,3812	-19,400	46,1900
5,3715	-19,402	46,1950
5,3758	-19,405	46,2000
5,3893	-19,407	46,2050
5,3844	-19,409	46,2100
5,3765	-19,411	46,2150
5,3867	-19,413	46,2200
5,3934	-19,415	46,2250
5,3891	-19,417	46,2300
5,3868	-19,419	46,2350
5,3834	-19,421	46,2400
5,3762	-19,423	46,2450
5,3797	-19,426	46,2500
5,3832	-19,428	46,2550
5,3822	-19,430	46,2600
5,3816	-19,432	46,2650
5,3872	-19,434	46,2700
5,3854	-19,436	46,2750
5,3867	-19,438	46,2800
5,3893	-19,440	46,2850
5,3872	-19,442	46,2900
5,3852	-19,444	46,2950
5,3952	-19,447	46,3000
5,3974	-19,449	46,3050
5,3983	-19,451	46,3100
5,4056	-19,453	46,3150
5,4023	-19,455	46,3200
5,3905	-19,457	46,3250
5,3892	-19,459	46,3300
5,3856	-19,461	46,3350
5,3775	-19,463	46,3400
5,3899	-19,465	46,3450
5,3989	-19,468	46,3500
5,3997	-19,470	46,3550
5,3986	-19,472	46,3600
5,4065	-19,474	46,3650
5,3998	-19,476	46,3700
5,3984	-19,478	46,3750
5,3965	-19,480	46,3800
5,3887	-19,482	46,3850
5,3971	-19,484	46,3900
5,4010	-19,486	46,3950
5,3961	-19,489	46,4000
5,3970	-19,491	46,4050
5,4071	-19,493	46,4100
5,4055	-19,495	46,4150
5,4042	-19,497	46,4200
5,4087	-19,499	46,4250
5,4004	-19,501	46,4300
5,3935	-19,503	46,4350
5,4033	-19,505	46,4400
5,4068	-19,507	46,4450
5,4020	-19,510	46,4500
5,3993	-19,512	46,4550
5,4027	-19,514	46,4600
5,4036	-19,516	46,4650
5,4092	-19,518	46,4700
5,4100	-19,520	46,4750
5,4014	-19,522	46,4800
5,3987	-19,524	46,4850
5,4052	-19,526	46,4900
5,4021	-19,528	46,4950
5,4068	-19,531	46,5000
5,4145	-19,533	46,5050
5,4103	-19,535	46,5100
5,4060	-19,537	46,5150
5,4156	-19,539	46,5200
5,4142	-19,541	46,5250
5,4048	-19,543	46,5300
5,4155	-19,545	46,5350
5,4190	-19,547	46,5400
5,4176	-19,549	46,5450
5,4141	-19,552	46,5500
5,4164	-19,554	46,5550
5,4073	-19,556	46,5600
5,4081	-19,558	46,5650
5,4125	-19,560	46,5700
5,4114	-19,562	46,5750
5,4159	-19,564	46,5800
5,4241	-19,566	46,5850
5,4181	-19,568	46,5900
5,4112	-19,570	46,5950
5,4184	-19,573	46,6000
5,4218	-19,575	46,6050
5,4229	-19,577	46,6100
5,4302	-19,579	46,6150
5,4241	-19,581	46,6200
5,4118	-19,583	46,6250
5,4277	-19,585	46,6300
5,4351	-19,587	46,6350
5,4302	-19,589	46,6400
5,4235	-19,591	46,6450
5,4243	-19,594	46,6500
5,4185	-19,596	46,6550
5,4257	-19,598	46,6600
5,4315	-19,600	46,6650
5,4270	-19,602	46,6700
5,4286	-19,604	46,6750
5,4353	-19,606	46,6800
5,4341	-19,608	46,6850
5,4259	-19,610	46,6900
5,4303	-19,612	46,6950
5,4335	-19,615	46,7000
5,4289	-19,617	46,7050
5,4407	-19,619	46,7100
5,4387	-19,621	46,7150
5,4323	-19,623	46,7200
5,4317	-19,625	46,7250
5,4316	-19,627	46,7300
5,4302	-19,629	46,7350
5,4309	-19,631	46,7400
5,4347	-19,633	46,7450
5,4345	-19,636	46,7500
5,4374	-19,638	46,7550
5,4396	-19,640	46,7600
5,4292	-19,642	46,7650
5,4295	-19,644	46,7700
5,4473	-19,646	46,7750
5,4480	-19,648	46,7800
5,4340	-19,650	46,7850
5,4293	-19,652	46,7900
5,4352	-19,654	46,7950
5,4347	-19,657	46,8000
5,4460	-19,659	46,8050
5,4546	-19,661	46,8100
5,4447	-19,663	46,8150
5,4422	-19,665	46,8200
5,4417	-19,667	46,8250
5,4402	-19,669	46,8300
5,4378	-19,671	46,8350
5,4466	-19,673	46,8400
5,4352	-19,675	46,8450
5,4334	-19,678	46,8500
5,4433	-19,680	46,8550
5,4400	-19,682	46,8600
5,4312	-19,684	46,8650
5,4396	-19,686	46,8700
5,4457	-19,688	46,8750
5,4465	-19,690	46,8800
5,4512	-19,692	46,8850
5,4603	-19,694	46,8900
5,4512	-19,696	46,8950
5,4485	-19,699	46,9000
5,4492	-19,701	46,9050
5,4444	-19,703	46,9100
5,4455	-19,705	46,9150
5,4453	-19,707	46,9200
5,4466	-19,709	46,9250
5,4553	-19,711	46,9300
5,4626	-19,713	46,9350
5,4582	-19,715	46,9400
5,4549	-19,717	46,9450
5,4602	-19,720	46,9500
5,4527	-19,722	46,9550
5,4486	-19,724	46,9600
5,4625	-19,726	46,9650
5,4577	-19,728	46,9700
5,4482	-19,730	46,9750
5,4526	-19,732	46,9800
5,4642	-19,734	46,9850
5,4602	-19,736	46,9900
5,4619	-19,738	46,9950
5,4609	-19,741	47,0000
5,4567	-19,743	47,0050
5,4598	-19,745	47,0100
5,4630	-19,747	47,0150
5,4558	-19,749	47,0200
5,4542	-19,751	47,0250
5,4589	-19,753	47,0300
5,4526	-19,755	47,0350
5,4601	-19,757	47,0400
5,4698	-19,759	47,0450
5,4637	-19,762	47,0500
5,4595	-19,764	47,0550
5,4699	-19,766	47,0600
5,4748	-19,768	47,0650
5,4690	-19,770	47,0700
5,4711	-19,772	47,0750
5,4693	-19,774	47,0800
5,4613	-19,776	47,0850
5,4696	-19,778	47,0900
5,4748	-19,780	47,0950
5,4680	-19,783	47,1000
5,4692	-19,785	47,1050
5,4786	-19,787	47,1100
5,4694	-19,789	47,1150
5,4611	-19,791	47,1200
5,4748	-19,793	47,1250
5,4754	-19,795	47,1300
5,4758	-19,797	47,1350
5,4750	-19,799	47,1400
5,4741	-19,801	47,1450
5,4713	-19,804	47,1500
5,4804	-19,806	47,1550
5,4778	-19,808	47,1600
5,4704	-19,810	47,1650
5,4761	-19,812	47,1700
5,4837	-19,814	47,1750
5,4840	-19,816	47,1800
5,4806	-19,818	47,1850
5,4838	-19,820	47,1900
5,4833	-19,822	47,1950
5,4792	-19,825	47,2000
5,4804	-19,827	47,2050
5,4804	-19,829	47,2100
5,4756	-19,831	47,2150
5,4777	-19,833	47,2200
5,4714	-19,835	47,2250
5,4684	-19,837	47,2300
5,4789	-19,839	47,2350
5,4789	-19,841	47,2400
5,4825	-19,843	47,2450
5,4919	-19,846	47,2500
5,4890	-19,848	47,2550
5,4816	-19,850	47,2600
5,4750	-19,852	47,2650
5,4799	-19,854	47,2700
5,4777	-19,856	47,2750
5,4834	-19,858	47,2800
5,4943	-19,860	47,2850
5,4874	-19,862	47,2900
5,4868	-19,864	47,2950
5,4904	-19,867	47,3000
5,4836	-19,869	47,3050
5,4828	-19,871	47,3100
5,4916	-19,873	47,3150
5,4942	-19,875	47,3200
5,4842	-19,877	47,3250
5,4879	-19,879	47,3300
5,4896	-19,881	47,3350
5,4890	-19,883	47,3400
5,4960	-19,885	47,3450
5,4990	-19,888	47,3500
5,4951	-19,890	47,3550
5,4967	-19,892	47,3600
5,5021	-19,894	47,3650
5,4986	-19,896	47,3700
5,5015	-19,898	47,3750
5,5101	-19,900	47,3800
5,5024	-19,902	47,3850
5,4953	-19,904	47,3900
5,4949	-19,906	47,3950
5,5001	-19,909	47,4000
5,5048	-19,911	47,4050
5,5116	-19,913	47,4100
5,5005	-19,915	47,4150
5,4891	-19,917	47,4200
5,4973	-19,919	47,4250
5,5074	-19,921	47,4300
5,5109	-19,923	47,4350
5,5148	-19,925	47,4400
5,5098	-19,927	47,4450
5,5064	-19,930	47,4500
5,5161	-19,932	47,4550
5,5209	-19,934	47,4600
5,5145	-19,936	47,4650
5,5116	-19,938	47,4700
5,5144	-19,940	47,4750
5,5039	-19,942	47,4800
5,4981	-19,944	47,4850
5,5077	-19,946	47,4900
5,5066	-19,948	47,4950
5,5000	-19,951	47,5000
5,5099	-19,953	47,5050
5,5161	-19,955	47,5100
5,5153	-19,957	47,5150
5,5182	-19,959	47,5200
5,5138	-19,961	47,5250
5,5105	-19,963	47,5300
5,5136	-19,965	47,5350
5,5198	-19,967	47,5400
5,5155	-19,969	47,5450
5,5091	-19,972	47,5500
5,5105	-19,974	47,5550
5,5163	-19,976	47,5600
5,5238	-19,978	47,5650
5,5265	-19,980	47,5700
5,5113	-19,982	47,5750
5,5049	-19,984	47,5800
5,5175	-19,986	47,5850
5,5185	-19,988	47,5900
5,5189	-19,990	47,5950
5,5189	-19,993	47,6000
5,5188	-19,995	47,6050
5,5175	-19,997	47,6100
5,5224	-19,999	47,6150
5,5156	-20,001	47,6200
5,5052	-20,003	47,6250
5,5170	-20,005	47,6300
5,5244	-20,007	47,6350
5,5178	-20,009	47,6400
5,5179	-20,011	47,6450
5,5241	-20,014	47,6500
5,5223	-20,016	47,6550
5,5222	-20,018	47,6600
5,5265	-20,020	47,6650
5,5315	-20,022	47,6700
5,5243	-20,024	47,6750
5,5266	-20,026	47,6800
5,5225	-20,028	47,6850
5,5203	-20,030	47,6900
5,5324	-20,032	47,6950
5,5280	-20,035	47,7000
5,5244	-20,037	47,7050
5,5354	-20,039	47,7100
5,5298	-20,041	47,7150
5,5224	-20,043	47,7200
5,5316	-20,045	47,7250
5,5340	-20,047	47,7300
5,5311	-20,049	47,7350
5,5307	-20,051	47,7400
5,5387	-20,053	47,7450
5,5353	-20,056	47,7500
5,5343	-20,058	47,7550
5,5416	-20,060	47,7600
5,5412	-20,062	47,7650
5,5390	-20,064	47,7700
5,5503	-20,066	47,7750
5,5503	-20,068	47,7800
5,5355	-20,070	47,7850
5,5397	-20,072	47,7900
5,5461	-20,074	47,7950
5,5329	-20,077	47,8000
5,5375	-20,079	47,8050
5,5383	-20,081	47,8100
5,5364	-20,083	47,8150
5,5485	-20,085	47,8200
5,5450	-20,087	47,8250
5,5377	-20,089	47,8300
5,5422	-20,091	47,8350
5,5500	-20,093	47,8400
5,5484	-20,095	47,8450
5,5458	-20,098	47,8500
5,5464	-20,100	47,8550
5,5448	-20,102	47,8600
5,5430	-20,104	47,8650
5,5497	-20,106	47,8700
5,5552	-20,108	47,8750
5,5511	-20,110	47,8800
5,5468	-20,112	47,8850
5,5455	-20,114	47,8900
5,5429	-20,116	47,8950
5,5451	-20,119	47,9000
5,5469	-20,121	47,9050
5,5458	-20,123	47,9100
5,5466	-20,125	47,9150
5,5525	-20,127	47,9200
5,5485	-20,129	47,9250
5,5461	-20,131	47,9300
5,5553	-20,133	47,9350
5,5529	-20,135	47,9400
5,5572	-20,137	47,9450
5,5671	-20,140	47,9500
5,5585	-20,142	47,9550
5,5455	-20,144	47,9600
5,5543	-20,146	47,9650
5,5606	-20,148	47,9700
5,5563	-20,150	47,9750
5,5633	-20,152	47,9800
5,5653	-20,154	47,9850
5,5543	-20,156	47,9900
5,5602	-20,159	47,9950
5,5600	-20,161	48,0000
5,5555	-20,163	48,0050
5,5632	-20,165	48,0100
5,5637	-20,167	48,0150
5,5572	-20,169	48,0200
5,5591	-20,171	48,0250
5,5718	-20,173	48,0300
5,5651	-20,175	48,0350
5,5641	-20,177	48,0400
5,5666	-20,180	48,0450
5,5560	-20,182	48,0500
5,5558	-20,184	48,0550
5,5709	-20,186	48,0600
5,5694	-20,188	48,0650
5,5655	-20,190	48,0700
5,5668	-20,192	48,0750
5,5693	-20,194	48,0800
5,5633	-20,196	48,0850
5,5758	-20,198	48,0900
5,5820	-20,201	48,0950
5,5700	-20,203	48,1000
5,5667	-20,205	48,1050
5,5766	-20,207	48,1100
5,5782	-20,209	48,1150
5,5781	-20,211	48,1200
5,5747	-20,213	48,1250
5,5697	-20,215	48,1300
5,5747	-20,217	48,1350
5,5835	-20,219	48,1400
5,5724	-20,222	48,1450
5,5704	-20,224	48,1500
5,5811	-20,226	48,1550
5,5766	-20,228	48,1600
5,5801	-20,230	48,1650
5,5845	-20,232	48,1700
5,5834	-20,234	48,1750
5,5751	-20,236	48,1800
5,5795	-20,238	48,1850
5,5853	-20,240	48,1900
5,5817	-20,243	48,1950
5,5842	-20,245	48,2000
5,5877	-20,247	48,2050
5,5779	-20,249	48,2100
5,5773	-20,251	48,2150
5,5855	-20,253	48,2200
5,5811	-20,255	48,2250
5,5778	-20,257	48,2300
5,5869	-20,259	48,2350
5,5899	-20,261	48,2400
5,5863	-20,264	48,2450
5,5885	-20,266	48,2500
5,5846	-20,268	48,2550
5,5820	-20,270	48,2600
5,5844	-20,272	48,2650
5,5875	-20,274	48,2700
5,5799	-20,276	48,2750
5,5827	-20,278	48,2800
5,5920	-20,280	48,2850
5,5861	-20,282	48,2900
5,5884	-20,285	48,2950
5,5956	-20,287	48,3000
5,5967	-20,289	48,3050
5,5935	-20,291	48,3100
5,5952	-20,293	48,3150
5,5917	-20,295	48,3200
5,5932	-20,297	48,3250
5,6042	-20,299	48,3300
5,6001	-20,301	48,3350
5,5951	-20,303	48,3400
5,6021	-20,306	48,3450
5,5986	-20,308	48,3500
5,5936	-20,310	48,3550
5,5934	-20,312	48,3600
5,5933	-20,314	48,3650
5,5890	-20,316	48,3700
5,5961	-20,318	48,3750
5,5988	-20,320	48,3800
5,5922	-20,322	48,3850
5,5976	-20,324	48,3900
5,6050	-20,327	48,3950
5,6055	-20,329	48,4000
5,5994	-20,331	48,4050
5,6078	-20,333	48,4100
5,6090	-20,335	48,4150
5,6005	-20,337	48,4200
5,6044	-20,339	48,4250
5,6032	-20,341	48,4300
5,5900	-20,343	48,4350
5,5937	-20,345	48,4400
5,5998	-20,348	48,4450
5,5968	-20,350	48,4500
5,5990	-20,352	48,4550
5,6073	-20,354	48,4600
5,5997	-20,356	48,4650
5,6030	-20,358	48,4700
5,6086	-20,360	48,4750
5,6059	-20,362	48,4800
5,6062	-20,364	48,4850
5,6140	-20,366	48,4900
5,6158	-20,369	48,4950
5,6092	-20,371	48,5000
5,6120	-20,373	48,5050
5,6102	-20,375	48,5100
5,6086	-20,377	48,5150
5,6169	-20,379	48,5200
5,6155	-20,381	48,5250
5,6063	-20,383	48,5300
5,6137	-20,385	48,5350
5,6237	-20,387	48,5400
5,6194	-20,390	48,5450
5,6195	-20,392	48,5500
5,6199	-20,394	48,5550
5,6122	-20,396	48,5600
5,6203	-20,398	48,5650
5,6252	-20,400	48,5700
5,6162	-20,402	48,5750
5,6124	-20,404	48,5800
5,6172	-20,406	48,5850
5,6165	-20,408	48,5900
5,6144	-20,411	48,5950
5,6205	-20,413	48,6000
5,6172	-20,415	48,6050
5,6204	-20,417	48,6100
5,6238	-20,419	48,6150
5,6226	-20,421	48,6200
5,6211	-20,423	48,6250
5,6294	-20,425	48,6300
5,6263	-20,427	48,6350
5,6223	-20,429	48,6400
5,6209	-20,432	48,6450
5,6292	-20,434	48,6500
5,6259	-20,436	48,6550
5,6252	-20,438	48,6600
5,6291	-20,440	48,6650
5,6204	-20,442	48,6700
5,6232	-20,444	48,6750
5,6339	-20,446	48,6800
5,6241	-20,448	48,6850
5,6171	-20,450	48,6900
5,6303	-20,453	48,6950
5,6306	-20,455	48,7000
5,6252	-20,457	48,7050
5,6322	-20,459	48,7100
5,6305	-20,461	48,7150
5,6259	-20,463	48,7200
5,6338	-20,465	48,7250
5,6398	-20,467	48,7300
5,6367	-20,469	48,7350
5,6260	-20,471	48,7400
5,6315	-20,474	48,7450
5,6291	-20,476	48,7500
5,6332	-20,478	48,7550
5,6356	-20,480	48,7600
5,6260	-20,482	48,7650
5,6246	-20,484	48,7700
5,6389	-20,486	48,7750
5,6335	-20,488	48,7800
5,6243	-20,490	48,7850
5,6299	-20,492	48,7900
5,6365	-20,495	48,7950
5,6362	-20,497	48,8000
5,6471	-20,499	48,8050
5,6453	-20,501	48,8100
5,6349	-20,503	48,8150
5,6378	-20,505	48,8200
5,6441	-20,507	48,8250
5,6386	-20,509	48,8300
5,6355	-20,511	48,8350
5,6459	-20,513	48,8400
5,6451	-20,516	48,8450
5,6479	-20,518	48,8500
5,6478	-20,520	48,8550
5,6384	-20,522	48,8600
5,6304	-20,524	48,8650
5,6443	-20,526	48,8700
5,6451	-20,528	48,8750
5,6453	-20,530	48,8800
5,6584	-20,532	48,8850
5,6577	-20,534	48,8900
5,6440	-20,537	48,8950
5,6472	-20,539	48,9000
5,6605	-20,541	48,9050
5,6589	-20,543	48,9100
5,6529	-20,545	48,9150
5,6504	-20,547	48,9200
5,6460	-20,549	48,9250
5,6436	-20,551	48,9300
5,6545	-20,553	48,9350
5,6532	-20,555	48,9400
5,6503	-20,558	48,9450
5,6588	-20,560	48,9500
5,6618	-20,562	48,9550
5,6587	-20,564	48,9600
5,6643	-20,566	48,9650
5,6580	-20,568	48,9700
5,6538	-20,570	48,9750
5,6556	-20,572	48,9800
5,6557	-20,574	48,9850
5,6530	-20,576	48,9900
5,6652	-20,579	48,9950
5,6670	-20,581	49,0000
5,6555	-20,583	49,0050
5,6505	-20,585	49,0100
5,6578	-20,587	49,0150
5,6636	-20,589	49,0200
5,6636	-20,591	49,0250
5,6638	-20,593	49,0300
5,6561	-20,595	49,0350
5,6551	-20,597	49,0400
5,6607	-20,600	49,0450
5,6585	-20,602	49,0500
5,6608	-20,604	49,0550
5,6698	-20,606	49,0600
5,6705	-20,608	49,0650
5,6617	-20,610	49,0700
5,6671	-20,612	49,0750
5,6755	-20,614	49,0800
5,6674	-20,616	49,0850
5,6654	-20,618	49,0900
5,6740	-20,621	49,0950
5,6677	-20,623	49,1000
5,6654	-20,625	49,1050
5,6715	-20,627	49,1100
5,6695	-20,629	49,1150
5,6638	-20,631	49,1200
5,6716	-20,633	49,1250
5,6723	-20,635	49,1300
5,6660	-20,637	49,1350
5,6735	-20,639	49,1400
5,6773	-20,642	49,1450
5,6704	-20,644	49,1500
5,6772	-20,646	49,1550
5,6748	-20,648	49,1600
5,6705	-20,650	49,1650
5,6773	-20,652	49,1700
5,6810	-20,654	49,1750
5,6727	-20,656	49,1800
5,6712	-20,658	49,1850
5,6781	-20,660	49,1900
5,6722	-20,663	49,1950
5,6754	-20,665	49,2000
5,6790	-20,667	49,2050
5,6780	-20,669	49,2100
5,6791	-20,671	49,2150
5,6894	-20,673	49,2200
5,6785	-20,675	49,2250
5,6729	-20,677	49,2300
5,6885	-20,679	49,2350
5,6878	-20,681	49,2400
5,6823	-20,684	49,2450
5,6866	-20,686	49,2500
5,6803	-20,688	49,2550
5,6736	-20,690	49,2600
5,6785	-20,692	49,2650
5,6851	-20,694	49,2700
5,6783	-20,696	49,2750
5,6910	-20,698	49,2800
5,6954	-20,700	49,2850
5,6854	-20,702	49,2900
5,6835	-20,705	49,2950
5,6868	-20,707	49,3000
5,6873	-20,709	49,3050
5,6869	-20,711	49,3100
5,6890	-20,713	49,3150
5,6880	-20,715	49,3200
5,6904	-20,717	49,3250
5,6945	-20,719	49,3300
5,6941	-20,721	49,3350
5,6962	-20,723	49,3400
5,7000	-20,726	49,3450
5,6989	-20,728	49,3500
5,6921	-20,730	49,3550
5,6929	-20,732	49,3600
5,6982	-20,734	49,3650
5,6925	-20,736	49,3700
5,6992	-20,738	49,3750
5,7025	-20,740	49,3800
5,6928	-20,742	49,3850
5,6838	-20,744	49,3900
5,6944	-20,747	49,3950
5,6990	-20,749	49,4000
5,6975	-20,751	49,4050
5,7036	-20,753	49,4100
5,6968	-20,755	49,4150
5,6932	-20,757	49,4200
5,7054	-20,759	49,4250
5,7060	-20,761	49,4300
5,7026	-20,763	49,4350
5,7105	-20,765	49,4400
5,7128	-20,768	49,4450
5,7044	-20,770	49,4500
5,6997	-20,772	49,4550
5,7002	-20,774	49,4600
5,7000	-20,776	49,4650
5,7146	-20,778	49,4700
5,7160	-20,780	49,4750
5,7052	-20,782	49,4800
5,7033	-20,784	49,4850
5,7124	-20,786	49,4900
5,7158	-20,789	49,4950
5,7108	-20,791	49,5000
5,7093	-20,793	49,5050
5,7051	-20,795	49,5100
5,7089	-20,797	49,5150
5,7173	-20,799	49,5200
5,7184	-20,801	49,5250
5,7151	-20,803	49,5300
5,7236	-20,805	49,5350
5,7237	-20,807	49,5400
5,7105	-20,810	49,5450
5,7094	-20,812	49,5500
5,7203	-20,814	49,5550
5,7211	-20,816	49,5600
5,7208	-20,818	49,5650
5,7212	-20,820	49,5700
5,7122	-20,822	49,5750
5,7072	-20,824	49,5800
5,7149	-20,826	49,5850
5,7122	-20,828	49,5900
5,7128	-20,831	49,5950
5,7258	-20,833	49,6000
5,7198	-20,835	49,6050
5,7124	-20,837	49,6100
5,7202	-20,839	49,6150
5,7244	-20,841	49,6200
5,7126	-20,843	49,6250
5,7181	-20,845	49,6300
5,7241	-20,847	49,6350
5,7185	-20,849	49,6400
5,7159	-20,852	49,6450
5,7291	-20,854	49,6500
5,7252	-20,856	49,6550
5,7263	-20,858	49,6600
5,7320	-20,860	49,6650
5,7293	-20,862	49,6700
5,7294	-20,864	49,6750
5,7318	-20,866	49,6800
5,7257	-20,868	49,6850
5,7253	-20,870	49,6900
5,7307	-20,873	49,6950
5,7285	-20,875	49,7000
5,7237	-20,877	49,7050
5,7348	-20,879	49,7100
5,7346	-20,881	49,7150
5,7307	-20,883	49,7200
5,7380	-20,885	49,7250
5,7396	-20,887	49,7300
5,7338	-20,889	49,7350
5,7306	-20,891	49,7400
5,7341	-20,894	49,7450
5,7271	-20,896	49,7500
5,7307	-20,898	49,7550
5,7416	-20,900	49,7600
5,7329	-20,902	49,7650
5,7250	-20,904	49,7700
5,7433	-20,906	49,7750
5,7455	-20,908	49,7800
5,7349	-20,910	49,7850
5,7397	-20,912	49,7900
5,7409	-20,915	49,7950
5,7274	-20,917	49,8000
5,7333	-20,919	49,8050
5,7343	-20,921	49,8100
5,7294	-20,923	49,8150
5,7419	-20,925	49,8200
5,7505	-20,927	49,8250
5,7478	-20,929	49,8300
5,7417	-20,931	49,8350
5,7491	-20,933	49,8400
5,7450	-20,936	49,8450
5,7372	-20,938	49,8500
5,7403	-20,940	49,8550
5,7383	-20,942	49,8600
5,7399	-20,944	49,8650
5,7438	-20,946	49,8700
5,7451	-20,948	49,8750
5,7479	-20,950	49,8800
5,7544	-20,952	49,8850
5,7484	-20,954	49,8900
5,7367	-20,957	49,8950
5,7448	-20,959	49,9000
5,7442	-20,961	49,9050
5,7352	-20,963	49,9100
5,7457	-20,965	49,9150
5,7500	-20,967	49,9200
5,7420	-20,969	49,9250
5,7439	-20,971	49,9300
5,7536	-20,973	49,9350
5,7553	-20,975	49,9400
5,7489	-20,978	49,9450
5,7536	-20,980	49,9500
5,7535	-20,982	49,9550
5,7508	-20,984	49,9600
5,7558	-20,986	49,9650
5,7641	-20,988	49,9700
5,7629	-20,990	49,9750
5,7603	-20,992	49,9800
5,7568	-20,994	49,9850
5,7513	-20,996	49,9900
5,7636	-20,999	49,9950
5,7679	-21,001	50,0000
5,7523	-21,003	50,0050
5,7506	-21,005	50,0100
5,7645	-21,007	50,0150
5,7635	-21,009	50,0200
5,7600	-21,011	50,0250
5,7671	-21,013	50,0300
5,7587	-21,015	50,0350
5,7564	-21,017	50,0400
5,7647	-21,020	50,0450
5,7608	-21,022	50,0500
5,7543	-21,024	50,0550
5,7618	-21,026	50,0600
5,7592	-21,028	50,0650
5,7524	-21,030	50,0700
5,7593	-21,032	50,0750
5,7657	-21,034	50,0800
5,7618	-21,036	50,0850
5,7641	-21,038	50,0900
5,7605	-21,041	50,0950
5,7578	-21,043	50,1000
5,7690	-21,045	50,1050
5,7790	-21,047	50,1100
5,7744	-21,049	50,1150
5,7718	-21,051	50,1200
5,7744	-21,053	50,1250
5,7670	-21,055	50,1300
5,7638	-21,057	50,1350
5,7755	-21,059	50,1400
5,7766	-21,062	50,1450
5,7678	-21,064	50,1500
5,7731	-21,066	50,1550
5,7767	-21,068	50,1600
5,7754	-21,070	50,1650
5,7759	-21,072	50,1700
5,7783	-21,074	50,1750
5,7751	-21,076	50,1800
5,7799	-21,078	50,1850
5,7746	-21,080	50,1900
5,7656	-21,083	50,1950
5,7763	-21,085	50,2000
5,7834	-21,087	50,2050
5,7743	-21,089	50,2100
5,7729	-21,091	50,2150
5,7884	-21,093	50,2200
5,7855	-21,095	50,2250
5,7837	-21,097	50,2300
5,7970	-21,099	50,2350
5,7903	-21,101	50,2400
5,7727	-21,104	50,2450
5,7785	-21,106	50,2500
5,7861	-21,108	50,2550
5,7840	-21,110	50,2600
5,7835	-21,112	50,2650
5,7790	-21,114	50,2700
5,7723	-21,116	50,2750
5,7839	-21,118	50,2800
5,7915	-21,120	50,2850
5,7821	-21,122	50,2900
5,7803	-21,125	50,2950
5,7886	-21,127	50,3000
5,7866	-21,129	50,3050
5,7850	-21,131	50,3100
5,7977	-21,133	50,3150
5,7974	-21,135	50,3200
5,7872	-21,137	50,3250
5,7896	-21,139	50,3300
5,7901	-21,141	50,3350
5,7819	-21,143	50,3400
5,7864	-21,146	50,3450
5,7876	-21,148	50,3500
5,7842	-21,150	50,3550
5,7861	-21,152	50,3600
5,7902	-21,154	50,3650
5,7851	-21,156	50,3700
5,7875	-21,158	50,3750
5,7948	-21,160	50,3800
5,7947	-21,162	50,3850
5,7924	-21,164	50,3900
5,8025	-21,167	50,3950
5,7961	-21,169	50,4000
5,7910	-21,171	50,4050
5,7991	-21,173	50,4100
5,7996	-21,175	50,4150
5,7908	-21,177	50,4200
5,8021	-21,179	50,4250
5,8021	-21,181	50,4300
5,7902	-21,183	50,4350
5,7912	-21,185	50,4400
5,7919	-21,188	50,4450
5,7933	-21,190	50,4500
5,8016	-21,192	50,4550
5,8080	-21,194	50,4600
5,7925	-21,196	50,4650
5,7982	-21,198	50,4700
5,8122	-21,200	50,4750
5,8051	-21,202	50,4800
5,8016	-21,204	50,4850
5,8083	-21,206	50,4900
5,8076	-21,209	50,4950
5,8080	-21,211	50,5000
5,8120	-21,213	50,5050
5,8099	-21,215	50,5100
5,8023	-21,217	50,5150
5,8108	-21,219	50,5200
5,8136	-21,221	50,5250
5,8088	-21,223	50,5300
5,8137	-21,225	50,5350
5,8155	-21,227	50,5400
5,8117	-21,230	50,5450
5,8089	-21,232	50,5500
5,8142	-21,234	50,5550
5,8081	-21,236	50,5600
5,8104	-21,238	50,5650
5,8209	-21,240	50,5700
5,8154	-21,242	50,5750
5,8122	-21,244	50,5800
5,8195	-21,246	50,5850
5,8149	-21,248	50,5900
5,8091	-21,251	50,5950
5,8142	-21,253	50,6000
5,8103	-21,255	50,6050
5,8088	-21,257	50,6100
5,8204	-21,259	50,6150
5,8193	-21,261	50,6200
5,8109	-21,263	50,6250
5,8209	-21,265	50,6300
5,8206	-21,267	50,6350
5,8138	-21,269	50,6400
5,8126	-21,272	50,6450
5,8247	-21,274	50,6500
5,8203	-21,276	50,6550
5,8177	-21,278	50,6600
5,8248	-21,280	50,6650
5,8204	-21,282	50,6700
5,8203	-21,284	50,6750
5,8267	-21,286	50,6800
5,8238	-21,288	50,6850
5,8172	-21,290	50,6900
5,8240	-21,293	50,6950
5,8181	-21,295	50,7000
5,8121	-21,297	50,7050
5,8258	-21,299	50,7100
5,8336	-21,301	50,7150
5,8270	-21,303	50,7200
5,8284	-21,305	50,7250
5,8319	-21,307	50,7300
5,8317	-21,309	50,7350
5,8319	-21,311	50,7400
5,8386	-21,314	50,7450
5,8241	-21,316	50,7500
5,8168	-21,318	50,7550
5,8238	-21,320	50,7600
5,8303	-21,322	50,7650
5,8376	-21,324	50,7700
5,8437	-21,326	50,7750
5,8419	-21,328	50,7800
5,8317	-21,330	50,7850
5,8306	-21,332	50,7900
5,8320	-21,335	50,7950
5,8275	-21,337	50,8000
5,8328	-21,339	50,8050
5,8387	-21,341	50,8100
5,8322	-21,343	50,8150
5,8382	-21,345	50,8200
5,8402	-21,347	50,8250
5,8352	-21,349	50,8300
5,8390	-21,351	50,8350
5,8468	-21,353	50,8400
5,8432	-21,356	50,8450
5,8456	-21,358	50,8500
5,8501	-21,360	50,8550
5,8434	-21,362	50,8600
5,8382	-21,364	50,8650
5,8523	-21,366	50,8700
5,8490	-21,368	50,8750
5,8384	-21,370	50,8800
5,8423	-21,372	50,8850
5,8447	-21,374	50,8900
5,8413	-21,377	50,8950
5,8477	-21,379	50,9000
5,8541	-21,381	50,9050
5,8452	-21,383	50,9100
5,8456	-21,385	50,9150
5,8509	-21,387	50,9200
5,8532	-21,389	50,9250
5,8499	-21,391	50,9300
5,8558	-21,393	50,9350
5,8503	-21,395	50,9400
5,8466	-21,398	50,9450
5,8591	-21,400	50,9500
5,8552	-21,402	50,9550
5,8471	-21,404	50,9600
5,8571	-21,406	50,9650
5,8589	-21,408	50,9700
5,8541	-21,410	50,9750
5,8522	-21,412	50,9800
5,8513	-21,414	50,9850
5,8531	-21,416	50,9900
5,8654	-21,419	50,9950
5,8621	-21,421	51,0000
5,8496	-21,423	51,0050
5,8536	-21,425	51,0100
5,8584	-21,427	51,0150
5,8570	-21,429	51,0200
5,8541	-21,431	51,0250
5,8610	-21,433	51,0300
5,8633	-21,435	51,0350
5,8616	-21,437	51,0400
5,8657	-21,440	51,0450
5,8598	-21,442	51,0500
5,8603	-21,444	51,0550
5,8708	-21,446	51,0600
5,8654	-21,448	51,0650
5,8609	-21,450	51,0700
5,8604	-21,452	51,0750
5,8660	-21,454	51,0800
5,8678	-21,456	51,0850
5,8718	-21,458	51,0900
5,8719	-21,461	51,0950
5,8673	-21,463	51,1000
5,8726	-21,465	51,1050
5,8774	-21,467	51,1100
5,8703	-21,469	51,1150
5,8658	-21,471	51,1200
5,8801	-21,473	51,1250
5,8707	-21,475	51,1300
5,8594	-21,477	51,1350
5,8640	-21,479	51,1400
5,8630	-21,482	51,1450
5,8667	-21,484	51,1500
5,8760	-21,486	51,1550
5,8708	-21,488	51,1600
5,8631	-21,490	51,1650
5,8704	-21,492	51,1700
5,8786	-21,494	51,1750
5,8744	-21,496	51,1800
5,8828	-21,498	51,1850
5,8861	-21,500	51,1900
5,8766	-21,503	51,1950
5,8713	-21,505	51,2000
5,8783	-21,507	51,2050
5,8785	-21,509	51,2100
5,8723	-21,511	51,2150
5,8798	-21,513	51,2200
5,8814	-21,515	51,2250
5,8792	-21,517	51,2300
5,8846	-21,519	51,2350
5,8805	-21,521	51,2400
5,8798	-21,524	51,2450
5,8868	-21,526	51,2500
5,8840	-21,528	51,2550
5,8801	-21,530	51,2600
5,8840	-21,532	51,2650
5,8895	-21,534	51,2700
5,8807	-21,536	51,2750
5,8804	-21,538	51,2800
5,8862	-21,540	51,2850
5,8828	-21,542	51,2900
5,8793	-21,545	51,2950
5,8852	-21,547	51,3000
5,8847	-21,549	51,3050
5,8802	-21,551	51,3100
5,8857	-21,553	51,3150
5,8771	-21,555	51,3200
5,8723	-21,557	51,3250
5,8813	-21,559	51,3300
5,8759	-21,561	51,3350
5,8750	-21,563	51,3400
5,8940	-21,566	51,3450
5,8989	-21,568	51,3500
5,8880	-21,570	51,3550
5,8874	-21,572	51,3600
5,8949	-21,574	51,3650
5,8877	-21,576	51,3700
5,8924	-21,578	51,3750
5,8968	-21,580	51,3800
5,8890	-21,582	51,3850
5,8848	-21,584	51,3900
5,8976	-21,587	51,3950
5,9036	-21,589	51,4000
5,8923	-21,591	51,4050
5,8848	-21,593	51,4100
5,8867	-21,595	51,4150
5,8929	-21,597	51,4200
5,9003	-21,599	51,4250
5,9005	-21,601	51,4300
5,8904	-21,603	51,4350
5,8932	-21,605	51,4400
5,8974	-21,608	51,4450
5,8899	-21,610	51,4500
5,8903	-21,612	51,4550
5,9034	-21,614	51,4600
5,9044	-21,616	51,4650
5,9083	-21,618	51,4700
5,9058	-21,620	51,4750
5,8973	-21,622	51,4800
5,8934	-21,624	51,4850
5,9015	-21,626	51,4900
5,8989	-21,629	51,4950
5,8996	-21,631	51,5000
5,9074	-21,633	51,5050
5,9028	-21,635	51,5100
5,8995	-21,637	51,5150
5,9085	-21,639	51,5200
5,9125	-21,641	51,5250
5,9047	-21,643	51,5300
5,9025	-21,645	51,5350
5,9085	-21,647	51,5400
5,9038	-21,650	51,5450
5,9039	-21,652	51,5500
5,9151	-21,654	51,5550
5,9078	-21,656	51,5600
5,9086	-21,658	51,5650
5,9195	-21,660	51,5700
5,9130	-21,662	51,5750
5,9093	-21,664	51,5800
5,9194	-21,666	51,5850
5,9103	-21,668	51,5900
5,9069	-21,671	51,5950
5,9166	-21,673	51,6000
5,9171	-21,675	51,6050
5,9135	-21,677	51,6100
5,9268	-21,679	51,6150
5,9261	-21,681	51,6200
5,9155	-21,683	51,6250
5,9177	-21,685	51,6300
5,9187	-21,687	51,6350
5,9123	-21,689	51,6400
5,9156	-21,692	51,6450
5,9216	-21,694	51,6500
5,9117	-21,696	51,6550
5,9116	-21,698	51,6600
5,9190	-21,700	51,6650
5,9185	-21,702	51,6700
5,9165	-21,704	51,6750
5,9270	-21,706	51,6800
5,9197	-21,708	51,6850
5,9181	-21,710	51,6900
5,9267	-21,713	51,6950
5,9232	-21,715	51,7000
5,9137	-21,717	51,7050
5,9226	-21,719	51,7100
5,9271	-21,721	51,7150
5,9283	-21,723	51,7200
5,9351	-21,725	51,7250
5,9341	-21,727	51,7300
5,9282	-21,729	51,7350
5,9312	-21,731	51,7400
5,9313	-21,734	51,7450
5,9266	-21,736	51,7500
5,9265	-21,738	51,7550
5,9319	-21,740	51,7600
5,9303	-21,742	51,7650
5,9235	-21,744	51,7700
5,9325	-21,746	51,7750
5,9310	-21,748	51,7800
5,9312	-21,750	51,7850
5,9374	-21,752	51,7900
5,9416	-21,755	51,7950
5,9368	-21,757	51,8000
5,9438	-21,759	51,8050
5,9420	-21,761	51,8100
5,9350	-21,763	51,8150
5,9372	-21,765	51,8200
5,9405	-21,767	51,8250
5,9356	-21,769	51,8300
5,9374	-21,771	51,8350
5,9450	-21,773	51,8400
5,9341	-21,776	51,8450
5,9310	-21,778	51,8500
5,9393	-21,780	51,8550
5,9411	-21,782	51,8600
5,9361	-21,784	51,8650
5,9399	-21,786	51,8700
5,9364	-21,788	51,8750
5,9406	-21,790	51,8800
5,9462	-21,792	51,8850
5,9445	-21,794	51,8900
5,9382	-21,797	51,8950
5,9461	-21,799	51,9000
5,9452	-21,801	51,9050
5,9409	-21,803	51,9100
5,9478	-21,805	51,9150
5,9501	-21,807	51,9200
5,9362	-21,809	51,9250
5,9343	-21,811	51,9300
5,9511	-21,813	51,9350
5,9525	-21,815	51,9400
5,9492	-21,818	51,9450
5,9505	-21,820	51,9500
5,9496	-21,822	51,9550
5,9514	-21,824	51,9600
5,9619	-21,826	51,9650
5,9549	-21,828	51,9700
5,9467	-21,830	51,9750
5,9577	-21,832	51,9800
5,9669	-21,834	51,9850
5,9580	-21,836	51,9900
5,9545	-21,839	51,9950
5,9535	-21,841	52,0000
5,9460	-21,843	52,0050
5,9481	-21,845	52,0100
5,9536	-21,847	52,0150
5,9576	-21,849	52,0200
5,9664	-21,851	52,0250
5,9724	-21,853	52,0300
5,9556	-21,855	52,0350
5,9545	-21,857	52,0400
5,9599	-21,860	52,0450
5,9552	-21,862	52,0500
5,9515	-21,864	52,0550
5,9633	-21,866	52,0600
5,9607	-21,868	52,0650
5,9574	-21,870	52,0700
5,9673	-21,872	52,0750
5,9726	-21,874	52,0800
5,9608	-21,876	52,0850
5,9608	-21,878	52,0900
5,9652	-21,881	52,0950
5,9613	-21,883	52,1000
5,9601	-21,885	52,1050
5,9686	-21,887	52,1100
5,9627	-21,889	52,1150
5,9589	-21,891	52,1200
5,9647	-21,893	52,1250
5,9573	-21,895	52,1300
5,9566	-21,897	52,1350
5,9682	-21,899	52,1400
5,9687	-21,902	52,1450
5,9663	-21,904	52,1500
5,9737	-21,906	52,1550
5,9753	-21,908	52,1600
5,9737	-21,910	52,1650
5,9702	-21,912	52,1700
5,9712	-21,914	52,1750
5,9711	-21,916	52,1800
5,9799	-21,918	52,1850
5,9763	-21,920	52,1900
5,9713	-21,923	52,1950
5,9737	-21,925	52,2000
5,9793	-21,927	52,2050
5,9779	-21,929	52,2100
5,9755	-21,931	52,2150
5,9830	-21,933	52,2200
5,9813	-21,935	52,2250
5,9759	-21,937	52,2300
5,9801	-21,939	52,2350
5,9785	-21,941	52,2400
5,9706	-21,944	52,2450
5,9827	-21,946	52,2500
5,9802	-21,948	52,2550
5,9678	-21,950	52,2600
5,9726	-21,952	52,2650
5,9815	-21,954	52,2700
5,9811	-21,956	52,2750
5,9837	-21,958	52,2800
5,9813	-21,960	52,2850
5,9737	-21,962	52,2900
5,9827	-21,965	52,2950
5,9896	-21,967	52,3000
5,9849	-21,969	52,3050
5,9795	-21,971	52,3100
5,9860	-21,973	52,3150
5,9833	-21,975	52,3200
5,9788	-21,977	52,3250
5,9896	-21,979	52,3300
5,9891	-21,981	52,3350
5,9814	-21,983	52,3400
5,9841	-21,986	52,3450
5,9856	-21,988	52,3500
5,9884	-21,990	52,3550
5,9906	-21,992	52,3600
5,9925	-21,994	52,3650
5,9876	-21,996	52,3700
5,9876	-21,998	52,3750
5,9881	-22,000	52,3800
5,9890	-22,002	52,3850
5,9950	-22,004	52,3900
5,9992	-22,007	52,3950
5,9929	-22,009	52,4000
5,9901	-22,011	52,4050
5,9936	-22,013	52,4100
5,9949	-22,015	52,4150
5,9860	-22,017	52,4200
5,9914	-22,019	52,4250
5,9925	-22,021	52,4300
5,9926	-22,023	52,4350
6,0026	-22,025	52,4400
5,9974	-22,028	52,4450
5,9910	-22,030	52,4500
6,0018	-22,032	52,4550
6,0138	-22,034	52,4600
6,0096	-22,036	52,4650
6,0080	-22,038	52,4700
6,0089	-22,040	52,4750
6,0002	-22,042	52,4800
5,9996	-22,044	52,4850
6,0055	-22,046	52,4900
5,9959	-22,049	52,4950
6,0009	-22,051	52,5000
6,0129	-22,053	52,5050
6,0116	-22,055	52,5100
6,0023	-22,057	52,5150
6,0045	-22,059	52,5200
6,0047	-22,061	52,5250
6,0026	-22,063	52,5300
6,0111	-22,065	52,5350
6,0124	-22,067	52,5400
6,0075	-22,070	52,5450
6,0036	-22,072	52,5500
6,0098	-22,074	52,5550
5,9988	-22,076	52,5600
6,0011	-22,078	52,5650
6,0122	-22,080	52,5700
6,0115	-22,082	52,5750
6,0111	-22,084	52,5800
6,0194	-22,086	52,5850
6,0186	-22,088	52,5900
6,0130	-22,091	52,5950
6,0132	-22,093	52,6000
6,0104	-22,095	52,6050
6,0086	-22,097	52,6100
6,0163	-22,099	52,6150
6,0167	-22,101	52,6200
6,0115	-22,103	52,6250
6,0144	-22,105	52,6300
6,0130	-22,107	52,6350
6,0169	-22,109	52,6400
6,0153	-22,112	52,6450
6,0243	-22,114	52,6500
6,0173	-22,116	52,6550
6,0126	-22,118	52,6600
6,0136	-22,120	52,6650
6,0103	-22,122	52,6700
6,0150	-22,124	52,6750
6,0237	-22,126	52,6800
6,0185	-22,128	52,6850
6,0187	-22,130	52,6900
6,0257	-22,133	52,6950
6,0299	-22,135	52,7000
6,0275	-22,137	52,7050
6,0283	-22,139	52,7100
6,0330	-22,141	52,7150
6,0306	-22,143	52,7200
6,0313	-22,145	52,7250
6,0305	-22,147	52,7300
6,0301	-22,149	52,7350
6,0311	-22,151	52,7400
6,0364	-22,154	52,7450
6,0272	-22,156	52,7500
6,0238	-22,158	52,7550
6,0264	-22,160	52,7600
6,0225	-22,162	52,7650
6,0265	-22,164	52,7700
6,0324	-22,166	52,7750
6,0282	-22,168	52,7800
6,0221	-22,170	52,7850
6,0290	-22,172	52,7900
6,0310	-22,175	52,7950
6,0288	-22,177	52,8000
6,0401	-22,179	52,8050
6,0337	-22,181	52,8100
6,0212	-22,183	52,8150
6,0277	-22,185	52,8200
6,0331	-22,187	52,8250
6,0320	-22,189	52,8300
6,0362	-22,191	52,8350
6,0441	-22,193	52,8400
6,0370	-22,196	52,8450
6,0400	-22,198	52,8500
6,0462	-22,200	52,8550
6,0343	-22,202	52,8600
6,0278	-22,204	52,8650
6,0378	-22,206	52,8700
6,0418	-22,208	52,8750
6,0326	-22,210	52,8800
6,0403	-22,212	52,8850
6,0521	-22,214	52,8900
6,0437	-22,217	52,8950
6,0459	-22,219	52,9000
6,0448	-22,221	52,9050
6,0378	-22,223	52,9100
6,0503	-22,225	52,9150
6,0542	-22,227	52,9200
6,0457	-22,229	52,9250
6,0401	-22,231	52,9300
6,0440	-22,233	52,9350
6,0371	-22,235	52,9400
6,0356	-22,238	52,9450
6,0481	-22,240	52,9500
6,0518	-22,242	52,9550
6,0505	-22,244	52,9600
6,0536	-22,246	52,9650
6,0510	-22,248	52,9700
6,0431	-22,250	52,9750
6,0439	-22,252	52,9800
6,0475	-22,254	52,9850
6,0476	-22,256	52,9900
6,0513	-22,259	52,9950
6,0519	-22,261	53,0000
6,0473	-22,263	53,0050
6,0480	-22,265	53,0100
6,0575	-22,267	53,0150
6,0583	-22,269	53,0200
6,0531	-22,271	53,0250
6,0546	-22,273	53,0300
6,0481	-22,275	53,0350
6,0507	-22,277	53,0400
6,0628	-22,280	53,0450
6,0657	-22,282	53,0500
6,0636	-22,284	53,0550
6,0671	-22,286	53,0600
6,0598	-22,288	53,0650
6,0497	-22,290	53,0700
6,0527	-22,292	53,0750
6,0586	-22,294	53,0800
6,0569	-22,296	53,0850
6,0647	-22,298	53,0900
6,0676	-22,301	53,0950
6,0555	-22,303	53,1000
6,0542	-22,305	53,1050
6,0593	-22,307	53,1100
6,0596	-22,309	53,1150
6,0600	-22,311	53,1200
6,0677	-22,313	53,1250
6,0588	-22,315	53,1300
6,0532	-22,317	53,1350
6,0584	-22,319	53,1400
6,0599	-22,322	53,1450
6,0647	-22,324	53,1500
6,0674	-22,326	53,1550
6,0677	-22,328	53,1600
6,0584	-22,330	53,1650
6,0592	-22,332	53,1700
6,0688	-22,334	53,1750
6,0633	-22,336	53,1800
6,0705	-22,338	53,1850
6,0749	-22,340	53,1900
6,0711	-22,343	53,1950
6,0745	-22,345	53,2000
6,0810	-22,347	53,2050
6,0801	-22,349	53,2100
6,0680	-22,351	53,2150
6,0698	-22,353	53,2200
6,0711	-22,355	53,2250
6,0763	-22,357	53,2300
6,0845	-22,359	53,2350
6,0816	-22,361	53,2400
6,0769	-22,364	53,2450
6,0783	-22,366	53,2500
6,0807	-22,368	53,2550
6,0805	-22,370	53,2600
6,0830	-22,372	53,2650
6,0867	-22,374	53,2700
6,0796	-22,376	53,2750
6,0780	-22,378	53,2800
6,0788	-22,380	53,2850
6,0734	-22,382	53,2900
6,0784	-22,385	53,2950
6,0892	-22,387	53,3000
6,0820	-22,389	53,3050
6,0803	-22,391	53,3100
6,0866	-22,393	53,3150
6,0822	-22,395	53,3200
6,0810	-22,397	53,3250
6,0911	-22,399	53,3300
6,0866	-22,401	53,3350
6,0769	-22,403	53,3400
6,0849	-22,406	53,3450
6,0891	-22,408	53,3500
6,0858	-22,410	53,3550
6,0913	-22,412	53,3600
6,0914	-22,414	53,3650
6,0822	-22,416	53,3700
6,0869	-22,418	53,3750
6,0874	-22,420	53,3800
6,0840	-22,422	53,3850
6,0927	-22,424	53,3900
6,0949	-22,427	53,3950
6,0919	-22,429	53,4000
6,0904	-22,431	53,4050
6,0989	-22,433	53,4100
6,0986	-22,435	53,4150
6,0888	-22,437	53,4200
6,0944	-22,439	53,4250
6,0890	-22,441	53,4300
6,0835	-22,443	53,4350
6,0979	-22,445	53,4400
6,1013	-22,448	53,4450
6,0965	-22,450	53,4500
6,0946	-22,452	53,4550
6,0987	-22,454	53,4600
6,0922	-22,456	53,4650
6,0901	-22,458	53,4700
6,0932	-22,460	53,4750
6,0940	-22,462	53,4800
6,1003	-22,464	53,4850
6,1123	-22,466	53,4900
6,1069	-22,469	53,4950
6,1029	-22,471	53,5000
6,1104	-22,473	53,5050
6,1087	-22,475	53,5100
6,1028	-22,477	53,5150
6,1048	-22,479	53,5200
6,1084	-22,481	53,5250
6,1072	-22,483	53,5300
6,1146	-22,485	53,5350
6,1114	-22,487	53,5400
6,1087	-22,490	53,5450
6,1080	-22,492	53,5500
6,1156	-22,494	53,5550
6,1040	-22,496	53,5600
6,1078	-22,498	53,5650
6,1163	-22,500	53,5700
6,1122	-22,502	53,5750
6,1043	-22,504	53,5800
6,1067	-22,506	53,5850
6,1060	-22,508	53,5900
6,1092	-22,511	53,5950
6,1161	-22,513	53,6000
6,1180	-22,515	53,6050
6,1082	-22,517	53,6100
6,1132	-22,519	53,6150
6,1089	-22,521	53,6200
6,1003	-22,523	53,6250
6,1086	-22,525	53,6300
6,1176	-22,527	53,6350
6,1140	-22,529	53,6400
6,1070	-22,532	53,6450
6,1122	-22,534	53,6500
6,1134	-22,536	53,6550
6,1205	-22,538	53,6600
6,1334	-22,540	53,6650
6,1203	-22,542	53,6700
6,1103	-22,544	53,6750
6,1207	-22,546	53,6800
6,1242	-22,548	53,6850
6,1279	-22,550	53,6900
6,1333	-22,553	53,6950
6,1310	-22,555	53,7000
6,1268	-22,557	53,7050
6,1279	-22,559	53,7100
6,1219	-22,561	53,7150
6,1116	-22,563	53,7200
6,1197	-22,565	53,7250
6,1270	-22,567	53,7300
6,1235	-22,569	53,7350
6,1225	-22,571	53,7400
6,1312	-22,574	53,7450
6,1281	-22,576	53,7500
6,1295	-22,578	53,7550
6,1295	-22,580	53,7600
6,1267	-22,582	53,7650
6,1254	-22,584	53,7700
6,1313	-22,586	53,7750
6,1270	-22,588	53,7800
6,1307	-22,590	53,7850
6,1337	-22,592	53,7900
6,1315	-22,595	53,7950
6,1258	-22,597	53,8000
6,1331	-22,599	53,8050
6,1363	-22,601	53,8100
6,1303	-22,603	53,8150
6,1308	-22,605	53,8200
6,1338	-22,607	53,8250
6,1282	-22,609	53,8300
6,1245	-22,611	53,8350
6,1379	-22,613	53,8400
6,1384	-22,616	53,8450
6,1334	-22,618	53,8500
6,1359	-22,620	53,8550
6,1283	-22,622	53,8600
6,1295	-22,624	53,8650
6,1395	-22,626	53,8700
6,1392	-22,628	53,8750
6,1352	-22,630	53,8800
6,1400	-22,632	53,8850
6,1428	-22,634	53,8900
6,1366	-22,637	53,8950
6,1466	-22,639	53,9000
6,1496	-22,641	53,9050
6,1443	-22,643	53,9100
6,1519	-22,645	53,9150
6,1568	-22,647	53,9200
6,1452	-22,649	53,9250
6,1395	-22,651	53,9300
6,1432	-22,653	53,9350
6,1361	-22,655	53,9400
6,1343	-22,658	53,9450
6,1443	-22,660	53,9500
6,1426	-22,662	53,9550
6,1335	-22,664	53,9600
6,1479	-22,666	53,9650
6,1513	-22,668	53,9700
6,1487	-22,670	53,9750
6,1536	-22,672	53,9800
6,1539	-22,674	53,9850
6,1481	-22,676	53,9900
6,1568	-22,679	53,9950
6,1624	-22,681	54,0000
6,1540	-22,683	54,0050
6,1531	-22,685	54,0100
6,1503	-22,687	54,0150
6,1525	-22,689	54,0200
6,1564	-22,691	54,0250
6,1587	-22,693	54,0300
6,1492	-22,695	54,0350
6,1439	-22,697	54,0400
6,1556	-22,700	54,0450
6,1597	-22,702	54,0500
6,1568	-22,704	54,0550
6,1599	-22,706	54,0600
6,1593	-22,708	54,0650
6,1578	-22,710	54,0700
6,1619	-22,712	54,0750
6,1645	-22,714	54,0800
6,1513	-22,716	54,0850
6,1544	-22,718	54,0900
6,1539	-22,721	54,0950
6,1507	-22,723	54,1000
6,1524	-22,725	54,1050
6,1585	-22,727	54,1100
6,1565	-22,729	54,1150
6,1607	-22,731	54,1200
6,1717	-22,733	54,1250
6,1679	-22,735	54,1300
6,1651	-22,737	54,1350
6,1712	-22,739	54,1400
6,1643	-22,742	54,1450
6,1575	-22,744	54,1500
6,1679	-22,746	54,1550
6,1679	-22,748	54,1600
6,1686	-22,750	54,1650
6,1669	-22,752	54,1700
6,1661	-22,754	54,1750
6,1605	-22,756	54,1800
6,1638	-22,758	54,1850
6,1737	-22,760	54,1900
6,1680	-22,763	54,1950
6,1674	-22,765	54,2000
6,1738	-22,767	54,2050
6,1692	-22,769	54,2100
6,1653	-22,771	54,2150
6,1718	-22,773	54,2200
6,1689	-22,775	54,2250
6,1694	-22,777	54,2300
6,1825	-22,779	54,2350
6,1809	-22,781	54,2400
6,1664	-22,784	54,2450
6,1764	-22,786	54,2500
6,1827	-22,788	54,2550
6,1808	-22,790	54,2600
6,1865	-22,792	54,2650
6,1855	-22,794	54,2700
6,1710	-22,796	54,2750
6,1775	-22,798	54,2800
6,1862	-22,800	54,2850
6,1811	-22,802	54,2900
6,1798	-22,805	54,2950
6,1820	-22,807	54,3000
6,1749	-22,809	54,3050
6,1707	-22,811	54,3100
6,1801	-22,813	54,3150
6,1829	-22,815	54,3200
6,1822	-22,817	54,3250
6,1918	-22,819	54,3300
6,1894	-22,821	54,3350
6,1787	-22,823	54,3400
6,1844	-22,826	54,3450
6,1852	-22,828	54,3500
6,1803	-22,830	54,3550
6,1819	-22,832	54,3600
6,1850	-22,834	54,3650
6,1745	-22,836	54,3700
6,1781	-22,838	54,3750
6,1876	-22,840	54,3800
6,1903	-22,842	54,3850
6,1911	-22,844	54,3900
6,1914	-22,847	54,3950
6,1867	-22,849	54,4000
6,1887	-22,851	54,4050
6,1928	-22,853	54,4100
6,1924	-22,855	54,4150
6,1877	-22,857	54,4200
6,1939	-22,859	54,4250
6,1926	-22,861	54,4300
6,1914	-22,863	54,4350
6,2026	-22,865	54,4400
6,2007	-22,868	54,4450
6,1879	-22,870	54,4500
6,1946	-22,872	54,4550
6,2036	-22,874	54,4600
6,1937	-22,876	54,4650
6,1952	-22,878	54,4700
6,1991	-22,880	54,4750
6,1956	-22,882	54,4800
6,2034	-22,884	54,4850
6,2103	-22,886	54,4900
6,2024	-22,889	54,4950
6,1985	-22,891	54,5000
6,2085	-22,893	54,5050
6,2061	-22,895	54,5100
6,2010	-22,897	54,5150
6,2081	-22,899	54,5200
6,2043	-22,901	54,5250
6,1944	-22,903	54,5300
6,2000	-22,905	54,5350
6,2036	-22,907	54,5400
6,1994	-22,910	54,5450
6,1969	-22,912	54,5500
6,2047	-22,914	54,5550
6,1956	-22,916	54,5600
6,1985	-22,918	54,5650
6,2075	-22,920	54,5700
6,2064	-22,922	54,5750
6,2029	-22,924	54,5800
6,2047	-22,926	54,5850
6,1988	-22,928	54,5900
6,2036	-22,931	54,5950
6,2055	-22,933	54,6000
6,2076	-22,935	54,6050
6,2064	-22,937	54,6100
6,2119	-22,939	54,6150
6,2099	-22,941	54,6200
6,2020	-22,943	54,6250
6,2126	-22,945	54,6300
6,2219	-22,947	54,6350
6,2208	-22,949	54,6400
6,2208	-22,952	54,6450
6,2281	-22,954	54,6500
6,2186	-22,956	54,6550
6,2188	-22,958	54,6600
6,2239	-22,960	54,6650
6,2044	-22,962	54,6700
6,2018	-22,964	54,6750
6,2202	-22,966	54,6800
6,2257	-22,968	54,6850
6,2181	-22,970	54,6900
6,2162	-22,973	54,6950
6,2183	-22,975	54,7000
6,2218	-22,977	54,7050
6,2300	-22,979	54,7100
6,2293	-22,981	54,7150
6,2246	-22,983	54,7200
6,2274	-22,985	54,7250
6,2217	-22,987	54,7300
6,2238	-22,989	54,7350
6,2275	-22,991	54,7400
6,2321	-22,994	54,7450
6,2247	-22,996	54,7500
6,2222	-22,998	54,7550
6,2260	-23,000	54,7600
6,2262	-23,002	54,7650
6,2231	-23,004	54,7700
6,2331	-23,006	54,7750
6,2287	-23,008	54,7800
6,2193	-23,010	54,7850
6,2271	-23,012	54,7900
6,2321	-23,015	54,7950
6,2253	-23,017	54,8000
6,2292	-23,019	54,8050
6,2282	-23,021	54,8100
6,2199	-23,023	54,8150
6,2274	-23,025	54,8200
6,2397	-23,027	54,8250
6,2363	-23,029	54,8300
6,2335	-23,031	54,8350
6,2386	-23,033	54,8400
6,2323	-23,036	54,8450
6,2315	-23,038	54,8500
6,2375	-23,040	54,8550
6,2412	-23,042	54,8600
6,2413	-23,044	54,8650
6,2450	-23,046	54,8700
6,2376	-23,048	54,8750
6,2306	-23,050	54,8800
6,2417	-23,052	54,8850
6,2419	-23,054	54,8900
6,2341	-23,057	54,8950
6,2367	-23,059	54,9000
6,2378	-23,061	54,9050
6,2264	-23,063	54,9100
6,2322	-23,065	54,9150
6,2437	-23,067	54,9200
6,2412	-23,069	54,9250
6,2461	-23,071	54,9300
6,2540	-23,073	54,9350
6,2480	-23,075	54,9400
6,2424	-23,078	54,9450
6,2484	-23,080	54,9500
6,2454	-23,082	54,9550
6,2410	-23,084	54,9600
6,2543	-23,086	54,9650
6,2519	-23,088	54,9700
6,2440	-23,090	54,9750
6,2506	-23,092	54,9800
6,2530	-23,094	54,9850
6,2492	-23,096	54,9900
6,2556	-23,099	54,9950
6,2533	-23,101	55,0000
6,2406	-23,103	55,0050
6,2470	-23,105	55,0100
6,2567	-23,107	55,0150
6,2543	-23,109	55,0200
6,2487	-23,111	55,0250
6,2547	-23,113	55,0300
6,2464	-23,115	55,0350
6,2433	-23,117	55,0400
6,2571	-23,120	55,0450
6,2588	-23,122	55,0500
6,2520	-23,124	55,0550
6,2591	-23,126	55,0600
6,2567	-23,128	55,0650
6,2524	-23,130	55,0700
6,2546	-23,132	55,0750
6,2547	-23,134	55,0800
6,2470	-23,136	55,0850
6,2502	-23,138	55,0900
6,2584	-23,141	55,0950
6,2487	-23,143	55,1000
6,2505	-23,145	55,1050
6,2595	-23,147	55,1100
6,2594	-23,149	55,1150
6,2616	-23,151	55,1200
6,2725	-23,153	55,1250
6,2658	-23,155	55,1300
6,2598	-23,157	55,1350
6,2657	-23,159	55,1400
6,2646	-23,162	55,1450
6,2623	-23,164	55,1500
6,2750	-23,166	55,1550
6,2738	-23,168	55,1600
6,2674	-23,170	55,1650
6,2621	-23,172	55,1700
6,2644	-23,174	55,1750
6,2608	-23,176	55,1800
6,2649	-23,178	55,1850
6,2755	-23,180	55,1900
6,2676	-23,183	55,1950
6,2666	-23,185	55,2000
6,2706	-23,187	55,2050
6,2760	-23,189	55,2100
6,2763	-23,191	55,2150
6,2774	-23,193	55,2200
6,2736	-23,195	55,2250
6,2673	-23,197	55,2300
6,2753	-23,199	55,2350
6,2769	-23,201	55,2400
6,2747	-23,204	55,2450
6,2824	-23,206	55,2500
6,2797	-23,208	55,2550
6,2680	-23,210	55,2600
6,2673	-23,212	55,2650
6,2743	-23,214	55,2700
6,2684	-23,216	55,2750
6,2719	-23,218	55,2800
6,2792	-23,220	55,2850
6,2757	-23,222	55,2900
6,2770	-23,225	55,2950
6,2797	-23,227	55,3000
6,2779	-23,229	55,3050
6,2763	-23,231	55,3100
6,2828	-23,233	55,3150
6,2817	-23,235	55,3200
6,2750	-23,237	55,3250
6,2834	-23,239	55,3300
6,2839	-23,241	55,3350
6,2759	-23,243	55,3400
6,2845	-23,246	55,3450
6,2814	-23,248	55,3500
6,2801	-23,250	55,3550
6,2898	-23,252	55,3600
6,2947	-23,254	55,3650
6,2860	-23,256	55,3700
6,2894	-23,258	55,3750
6,2986	-23,260	55,3800
6,2897	-23,262	55,3850
6,2882	-23,264	55,3900
6,2930	-23,267	55,3950
6,2875	-23,269	55,4000
6,2852	-23,271	55,4050
6,2913	-23,273	55,4100
6,2919	-23,275	55,4150
6,2834	-23,277	55,4200
6,2887	-23,279	55,4250
6,2957	-23,281	55,4300
6,2969	-23,283	55,4350
6,3035	-23,285	55,4400
6,2964	-23,288	55,4450
6,2922	-23,290	55,4500
6,2951	-23,292	55,4550
6,2985	-23,294	55,4600
6,2896	-23,296	55,4650
6,2862	-23,298	55,4700
6,2920	-23,300	55,4750
6,2862	-23,302	55,4800
6,2887	-23,304	55,4850
6,2981	-23,306	55,4900
6,3009	-23,309	55,4950
6,2988	-23,311	55,5000
6,3044	-23,313	55,5050
6,3046	-23,315	55,5100
6,2982	-23,317	55,5150
6,3048	-23,319	55,5200
6,3086	-23,321	55,5250
6,2983	-23,323	55,5300
6,3005	-23,325	55,5350
6,3056	-23,327	55,5400
6,2980	-23,330	55,5450
6,2997	-23,332	55,5500
6,3141	-23,334	55,5550
6,3084	-23,336	55,5600
6,3045	-23,338	55,5650
6,3085	-23,340	55,5700
6,3019	-23,342	55,5750
6,3010	-23,344	55,5800
6,3150	-23,346	55,5850
6,3116	-23,348	55,5900
6,3085	-23,351	55,5950
6,3128	-23,353	55,6000
6,3071	-23,355	55,6050
6,3040	-23,357	55,6100
6,3104	-23,359	55,6150
6,3122	-23,361	55,6200
6,3138	-23,363	55,6250
6,3159	-23,365	55,6300
6,3099	-23,367	55,6350
6,3040	-23,369	55,6400
6,3070	-23,372	55,6450
6,3158	-23,374	55,6500
6,3104	-23,376	55,6550
6,3109	-23,378	55,6600
6,3174	-23,380	55,6650
6,3121	-23,382	55,6700
6,3127	-23,384	55,6750
6,3228	-23,386	55,6800
6,3129	-23,388	55,6850
6,3097	-23,390	55,6900
6,3163	-23,393	55,6950
6,3098	-23,395	55,7000
6,3014	-23,397	55,7050
6,3145	-23,399	55,7100
6,3204	-23,401	55,7150
6,3122	-23,403	55,7200
6,3190	-23,405	55,7250
6,3308	-23,407	55,7300
6,3212	-23,409	55,7350
6,3193	-23,411	55,7400
6,3293	-23,414	55,7450
6,3213	-23,416	55,7500
6,3235	-23,418	55,7550
6,3227	-23,420	55,7600
6,3187	-23,422	55,7650
6,3197	-23,424	55,7700
6,3244	-23,426	55,7750
6,3289	-23,428	55,7800
6,3288	-23,430	55,7850
6,3308	-23,432	55,7900
6,3367	-23,435	55,7950
6,3274	-23,437	55,8000
6,3293	-23,439	55,8050
6,3236	-23,441	55,8100
6,3193	-23,443	55,8150
6,3280	-23,445	55,8200
6,3364	-23,447	55,8250
6,3338	-23,449	55,8300
6,3355	-23,451	55,8350
6,3436	-23,453	55,8400
6,3349	-23,456	55,8450
6,3340	-23,458	55,8500
6,3441	-23,460	55,8550
6,3373	-23,462	55,8600
6,3312	-23,464	55,8650
6,3394	-23,466	55,8700
6,3410	-23,468	55,8750
6,3394	-23,470	55,8800
6,3372	-23,472	55,8850
6,3363	-23,474	55,8900
6,3272	-23,477	55,8950
6,3342	-23,479	55,9000
6,3368	-23,481	55,9050
6,3333	-23,483	55,9100
6,3463	-23,485	55,9150
6,3514	-23,487	55,9200
6,3451	-23,489	55,9250
6,3446	-23,491	55,9300
6,3484	-23,493	55,9350
6,3432	-23,495	55,9400
6,3448	-23,498	55,9450
6,3544	-23,500	55,9500
6,3483	-23,502	55,9550
6,3347	-23,504	55,9600
6,3477	-23,506	55,9650
6,3488	-23,508	55,9700
6,3472	-23,510	55,9750
6,3446	-23,512	55,9800
6,3414	-23,514	55,9850
6,3441	-23,516	55,9900
6,3529	-23,519	55,9950
6,3526	-23,521	56,0000
6,3464	-23,523	56,0050
6,3536	-23,525	56,0100
6,3607	-23,527	56,0150
6,3443	-23,529	56,0200
6,3415	-23,531	56,0250
6,3515	-23,533	56,0300
6,3557	-23,535	56,0350
6,3570	-23,537	56,0400
6,3613	-23,540	56,0450
6,3481	-23,542	56,0500
6,3378	-23,544	56,0550
6,3487	-23,546	56,0600
6,3588	-23,548	56,0650
6,3589	-23,550	56,0700
6,3563	-23,552	56,0750
6,3558	-23,554	56,0800
6,3484	-23,556	56,0850
6,3603	-23,558	56,0900
6,3658	-23,561	56,0950
6,3587	-23,563	56,1000
6,3652	-23,565	56,1050
6,3711	-23,567	56,1100
6,3598	-23,569	56,1150
6,3555	-23,571	56,1200
6,3660	-23,573	56,1250
6,3587	-23,575	56,1300
6,3517	-23,577	56,1350
6,3625	-23,579	56,1400
6,3632	-23,582	56,1450
6,3621	-23,584	56,1500
6,3696	-23,586	56,1550
6,3650	-23,588	56,1600
6,3583	-23,590	56,1650
6,3631	-23,592	56,1700
6,3721	-23,594	56,1750
6,3654	-23,596	56,1800
6,3677	-23,598	56,1850
6,3648	-23,600	56,1900
6,3569	-23,603	56,1950
6,3565	-23,605	56,2000
6,3699	-23,607	56,2050
6,3633	-23,609	56,2100
6,3618	-23,611	56,2150
6,3774	-23,613	56,2200
6,3769	-23,615	56,2250
6,3704	-23,617	56,2300
6,3782	-23,619	56,2350
6,3760	-23,621	56,2400
6,3661	-23,624	56,2450
6,3696	-23,626	56,2500
6,3667	-23,628	56,2550
6,3664	-23,630	56,2600
6,3758	-23,632	56,2650
6,3866	-23,634	56,2700
6,3756	-23,636	56,2750
6,3740	-23,638	56,2800
6,3763	-23,640	56,2850
6,3660	-23,642	56,2900
6,3680	-23,645	56,2950
6,3802	-23,647	56,3000
6,3759	-23,649	56,3050
6,3674	-23,651	56,3100
6,3775	-23,653	56,3150
6,3788	-23,655	56,3200
6,3745	-23,657	56,3250
6,3808	-23,659	56,3300
6,3838	-23,661	56,3350
6,3787	-23,663	56,3400
6,3888	-23,666	56,3450
6,3904	-23,668	56,3500
6,3819	-23,670	56,3550
6,3766	-23,672	56,3600
6,3881	-23,674	56,3650
6,3798	-23,676	56,3700
6,3797	-23,678	56,3750
6,3858	-23,680	56,3800
6,3726	-23,682	56,3850
6,3798	-23,684	56,3900
6,3973	-23,687	56,3950
6,3918	-23,689	56,4000
6,3879	-23,691	56,4050
6,3944	-23,693	56,4100
6,3939	-23,695	56,4150
6,3818	-23,697	56,4200
6,3891	-23,699	56,4250
6,3988	-23,701	56,4300
6,3894	-23,703	56,4350
6,3910	-23,705	56,4400
6,3913	-23,708	56,4450
6,3930	-23,710	56,4500
6,4030	-23,712	56,4550
6,4097	-23,714	56,4600
6,3968	-23,716	56,4650
6,3897	-23,718	56,4700
6,4014	-23,720	56,4750
6,3927	-23,722	56,4800
6,3858	-23,724	56,4850
6,3952	-23,726	56,4900
6,3996	-23,729	56,4950
6,4011	-23,731	56,5000
6,4086	-23,733	56,5050
6,4022	-23,735	56,5100
6,3910	-23,737	56,5150
6,4023	-23,739	56,5200
6,4020	-23,741	56,5250
6,3933	-23,743	56,5300
6,3956	-23,745	56,5350
6,4001	-23,747	56,5400
6,4021	-23,750	56,5450
6,4031	-23,752	56,5500
6,4074	-23,754	56,5550
6,4013	-23,756	56,5600
6,3987	-23,758	56,5650
6,4025	-23,760	56,5700
6,3996	-23,762	56,5750
6,3982	-23,764	56,5800
6,4083	-23,766	56,5850
6,4044	-23,768	56,5900
6,3970	-23,771	56,5950
6,4012	-23,773	56,6000
6,4046	-23,775	56,6050
6,4032	-23,777	56,6100
6,4102	-23,779	56,6150
6,4149	-23,781	56,6200
6,4075	-23,783	56,6250
6,4029	-23,785	56,6300
6,4045	-23,787	56,6350
6,4098	-23,789	56,6400
6,4091	-23,792	56,6450
6,4154	-23,794	56,6500
6,4128	-23,796	56,6550
6,4204	-23,798	56,6600
6,4295	-23,800	56,6650
6,4256	-23,802	56,6700
6,4220	-23,804	56,6750
6,4268	-23,806	56,6800
6,4211	-23,808	56,6850
6,4124	-23,810	56,6900
6,4166	-23,813	56,6950
6,4190	-23,815	56,7000
6,4214	-23,817	56,7050
6,4255	-23,819	56,7100
6,4159	-23,821	56,7150
6,4109	-23,823	56,7200
6,4208	-23,825	56,7250
6,4247	-23,827	56,7300
6,4220	-23,829	56,7350
6,4206	-23,831	56,7400
6,4307	-23,834	56,7450
6,4265	-23,836	56,7500
6,4258	-23,838	56,7550
6,4299	-23,840	56,7600
6,4234	-23,842	56,7650
6,4144	-23,844	56,7700
6,4222	-23,846	56,7750
6,4192	-23,848	56,7800
6,4154	-23,850	56,7850
6,4212	-23,852	56,7900
6,4295	-23,855	56,7950
6,4262	-23,857	56,8000
6,4289	-23,859	56,8050
6,4244	-23,861	56,8100
6,4159	-23,863	56,8150
6,4271	-23,865	56,8200
6,4283	-23,867	56,8250
6,4348	-23,869	56,8300
6,4414	-23,871	56,8350
6,4457	-23,873	56,8400
6,4362	-23,876	56,8450
6,4292	-23,878	56,8500
6,4354	-23,880	56,8550
6,4315	-23,882	56,8600
6,4237	-23,884	56,8650
6,4273	-23,886	56,8700
6,4330	-23,888	56,8750
6,4314	-23,890	56,8800
6,4371	-23,892	56,8850
6,4436	-23,894	56,8900
6,4323	-23,897	56,8950
6,4367	-23,899	56,9000
6,4378	-23,901	56,9050
6,4294	-23,903	56,9100
6,4379	-23,905	56,9150
6,4375	-23,907	56,9200
6,4352	-23,909	56,9250
6,4346	-23,911	56,9300
6,4400	-23,913	56,9350
6,4351	-23,915	56,9400
6,4335	-23,918	56,9450
6,4461	-23,920	56,9500
6,4487	-23,922	56,9550
6,4458	-23,924	56,9600
6,4471	-23,926	56,9650
6,4487	-23,928	56,9700
6,4452	-23,930	56,9750
6,4473	-23,932	56,9800
6,4509	-23,934	56,9850
6,4434	-23,936	56,9900
6,4478	-23,939	56,9950
6,4537	-23,941	57,0000
6,4470	-23,943	57,0050
6,4440	-23,945	57,0100
6,4450	-23,947	57,0150
6,4506	-23,949	57,0200
6,4558	-23,951	57,0250
6,4570	-23,953	57,0300
6,4499	-23,955	57,0350
6,4473	-23,957	57,0400
6,4595	-23,960	57,0450
6,4558	-23,962	57,0500
6,4532	-23,964	57,0550
6,4656	-23,966	57,0600
6,4617	-23,968	57,0650
6,4532	-23,970	57,0700
6,4549	-23,972	57,0750
6,4588	-23,974	57,0800
6,4531	-23,976	57,0850
6,4535	-23,978	57,0900
6,4577	-23,981	57,0950
6,4510	-23,983	57,1000
6,4515	-23,985	57,1050
6,4574	-23,987	57,1100
6,4583	-23,989	57,1150
6,4535	-23,991	57,1200
6,4631	-23,993	57,1250
6,4646	-23,995	57,1300
6,4606	-23,997	57,1350
6,4680	-23,999	57,1400
6,4642	-24,002	57,1450
6,4613	-24,004	57,1500
6,4731	-24,006	57,1550
6,4694	-24,008	57,1600
6,4560	-24,010	57,1650
6,4584	-24,012	57,1700
6,4690	-24,014	57,1750
6,4662	-24,016	57,1800
6,4736	-24,018	57,1850
6,4775	-24,020	57,1900
6,4664	-24,023	57,1950
6,4674	-24,025	57,2000
6,4771	-24,027	57,2050
6,4741	-24,029	57,2100
6,4672	-24,031	57,2150
6,4730	-24,033	57,2200
6,4694	-24,035	57,2250
6,4692	-24,037	57,2300
6,4742	-24,039	57,2350
6,4685	-24,041	57,2400
6,4637	-24,044	57,2450
6,4741	-24,046	57,2500
6,4699	-24,048	57,2550
6,4667	-24,050	57,2600
6,4695	-24,052	57,2650
6,4676	-24,054	57,2700
6,4653	-24,056	57,2750
6,4783	-24,058	57,2800
6,4830	-24,060	57,2850
6,4731	-24,062	57,2900
6,4728	-24,065	57,2950
6,4835	-24,067	57,3000
6,4818	-24,069	57,3050
6,4768	-24,071	57,3100
6,4832	-24,073	57,3150
6,4829	-24,075	57,3200
6,4776	-24,077	57,3250
6,4866	-24,079	57,3300
6,4869	-24,081	57,3350
6,4841	-24,083	57,3400
6,4880	-24,086	57,3450
6,4838	-24,088	57,3500
6,4778	-24,090	57,3550
6,4798	-24,092	57,3600
6,4900	-24,094	57,3650
6,4826	-24,096	57,3700
6,4827	-24,098	57,3750
6,4796	-24,100	57,3800
6,4772	-24,102	57,3850
6,4751	-24,104	57,3900
6,4869	-24,107	57,3950
6,4937	-24,109	57,4000
6,4964	-24,111	57,4050
6,4992	-24,113	57,4100
6,4908	-24,115	57,4150
6,4791	-24,117	57,4200
6,4862	-24,119	57,4250
6,4912	-24,121	57,4300
6,4853	-24,123	57,4350
6,4966	-24,125	57,4400
6,5035	-24,128	57,4450
6,4931	-24,130	57,4500
6,4897	-24,132	57,4550
6,4990	-24,134	57,4600
6,4932	-24,136	57,4650
6,4899	-24,138	57,4700
6,4915	-24,140	57,4750
6,4856	-24,142	57,4800
6,4934	-24,144	57,4850
6,4954	-24,146	57,4900
6,4908	-24,149	57,4950
6,4959	-24,151	57,5000
6,5079	-24,153	57,5050
6,5014	-24,155	57,5100
6,4948	-24,157	57,5150
6,4980	-24,159	57,5200
6,4977	-24,161	57,5250
6,4963	-24,163	57,5300
6,5039	-24,165	57,5350
6,5066	-24,167	57,5400
6,4997	-24,170	57,5450
6,5003	-24,172	57,5500
6,5104	-24,174	57,5550
6,5030	-24,176	57,5600
6,5027	-24,178	57,5650
6,5146	-24,180	57,5700
6,5128	-24,182	57,5750
6,5073	-24,184	57,5800
6,5125	-24,186	57,5850
6,5118	-24,188	57,5900
6,5068	-24,191	57,5950
6,5136	-24,193	57,6000
6,5109	-24,195	57,6050
6,5039	-24,197	57,6100
6,5133	-24,199	57,6150
6,5071	-24,201	57,6200
6,5020	-24,203	57,6250
6,5081	-24,205	57,6300
6,5107	-24,207	57,6350
6,5114	-24,209	57,6400
6,5105	-24,212	57,6450
6,5218	-24,214	57,6500
6,5174	-24,216	57,6550
6,5117	-24,218	57,6600
6,5187	-24,220	57,6650
6,5195	-24,222	57,6700
6,5176	-24,224	57,6750
6,5210	-24,226	57,6800
6,5185	-24,228	57,6850
6,5109	-24,230	57,6900
6,5183	-24,233	57,6950
6,5209	-24,235	57,7000
6,5128	-24,237	57,7050
6,5119	-24,239	57,7100
6,5123	-24,241	57,7150
6,5126	-24,243	57,7200
6,5182	-24,245	57,7250
6,5262	-24,247	57,7300
6,5186	-24,249	57,7350
6,5187	-24,251	57,7400
6,5304	-24,254	57,7450
6,5231	-24,256	57,7500
6,5165	-24,258	57,7550
6,5201	-24,260	57,7600
6,5164	-24,262	57,7650
6,5212	-24,264	57,7700
6,5295	-24,266	57,7750
6,5273	-24,268	57,7800
6,5232	-24,270	57,7850
6,5274	-24,272	57,7900
6,5230	-24,275	57,7950
6,5214	-24,277	57,8000
6,5284	-24,279	57,8050
6,5254	-24,281	57,8100
6,5156	-24,283	57,8150
6,5250	-24,285	57,8200
6,5289	-24,287	57,8250
6,5297	-24,289	57,8300
6,5335	-24,291	57,8350
6,5352	-24,293	57,8400
6,5232	-24,296	57,8450
6,5260	-24,298	57,8500
6,5368	-24,300	57,8550
6,5335	-24,302	57,8600
6,5205	-24,304	57,8650
6,5297	-24,306	57,8700
6,5356	-24,308	57,8750
6,5387	-24,310	57,8800
6,5347	-24,312	57,8850
6,5409	-24,314	57,8900
6,5328	-24,317	57,8950
6,5331	-24,319	57,9000
6,5353	-24,321	57,9050
6,5312	-24,323	57,9100
6,5301	-24,325	57,9150
6,5339	-24,327	57,9200
6,5364	-24,329	57,9250
6,5356	-24,331	57,9300
6,5384	-24,333	57,9350
6,5318	-24,335	57,9400
6,5337	-24,338	57,9450
6,5421	-24,340	57,9500
6,5376	-24,342	57,9550
6,5321	-24,344	57,9600
6,5440	-24,346	57,9650
6,5402	-24,348	57,9700
6,5354	-24,350	57,9750
6,5436	-24,352	57,9800
6,5467	-24,354	57,9850
6,5399	-24,356	57,9900
6,5437	-24,359	57,9950
6,5419	-24,361	58,0000
6,5374	-24,363	58,0050
6,5466	-24,365	58,0100
6,5515	-24,367	58,0150
6,5432	-24,369	58,0200
6,5436	-24,371	58,0250
6,5561	-24,373	58,0300
6,5564	-24,375	58,0350
6,5553	-24,377	58,0400
6,5614	-24,380	58,0450
6,5582	-24,382	58,0500
6,5513	-24,384	58,0550
6,5552	-24,386	58,0600
6,5538	-24,388	58,0650
6,5556	-24,390	58,0700
6,5601	-24,392	58,0750
6,5634	-24,394	58,0800
6,5491	-24,396	58,0850
6,5519	-24,398	58,0900
6,5576	-24,401	58,0950
6,5599	-24,403	58,1000
6,5672	-24,405	58,1050
6,5732	-24,407	58,1100
6,5599	-24,409	58,1150
6,5555	-24,411	58,1200
6,5644	-24,413	58,1250
6,5589	-24,415	58,1300
6,5571	-24,417	58,1350
6,5697	-24,419	58,1400
6,5594	-24,422	58,1450
6,5581	-24,424	58,1500
6,5682	-24,426	58,1550
6,5653	-24,428	58,1600
6,5611	-24,430	58,1650
6,5601	-24,432	58,1700
6,5696	-24,434	58,1750
6,5641	-24,436	58,1800
6,5670	-24,438	58,1850
6,5717	-24,440	58,1900
6,5624	-24,443	58,1950
6,5594	-24,445	58,2000
6,5697	-24,447	58,2050
6,5712	-24,449	58,2100
6,5679	-24,451	58,2150
6,5745	-24,453	58,2200
6,5737	-24,455	58,2250
6,5688	-24,457	58,2300
6,5734	-24,459	58,2350
6,5699	-24,461	58,2400
6,5649	-24,464	58,2450
6,5716	-24,466	58,2500
6,5729	-24,468	58,2550
6,5743	-24,470	58,2600
6,5752	-24,472	58,2650
6,5756	-24,474	58,2700
6,5677	-24,476	58,2750
6,5753	-24,478	58,2800
6,5750	-24,480	58,2850
6,5669	-24,482	58,2900
6,5702	-24,485	58,2950
6,5816	-24,487	58,3000
6,5790	-24,489	58,3050
6,5756	-24,491	58,3100
6,5819	-24,493	58,3150
6,5773	-24,495	58,3200
6,5726	-24,497	58,3250
6,5789	-24,499	58,3300
6,5753	-24,501	58,3350
6,5703	-24,503	58,3400
6,5770	-24,506	58,3450
6,5792	-24,508	58,3500
6,5747	-24,510	58,3550
6,5803	-24,512	58,3600
6,5844	-24,514	58,3650
6,5751	-24,516	58,3700
6,5835	-24,518	58,3750
6,5925	-24,520	58,3800
6,5807	-24,522	58,3850
6,5797	-24,524	58,3900
6,5901	-24,527	58,3950
6,5944	-24,529	58,4000
6,5911	-24,531	58,4050
6,5966	-24,533	58,4100
6,5930	-24,535	58,4150
6,5878	-24,537	58,4200
6,5965	-24,539	58,4250
6,5906	-24,541	58,4300
6,5811	-24,543	58,4350
6,5821	-24,545	58,4400
6,5863	-24,548	58,4450
6,5894	-24,550	58,4500
6,5948	-24,552	58,4550
6,6002	-24,554	58,4600
6,5922	-24,556	58,4650
6,5946	-24,558	58,4700
6,5965	-24,560	58,4750
6,5940	-24,562	58,4800
6,5940	-24,564	58,4850
6,5987	-24,566	58,4900
6,5946	-24,569	58,4950
6,5860	-24,571	58,5000
6,5926	-24,573	58,5050
6,6010	-24,575	58,5100
6,6003	-24,577	58,5150
6,6027	-24,579	58,5200
6,6015	-24,581	58,5250
6,5927	-24,583	58,5300
6,5971	-24,585	58,5350
6,6039	-24,587	58,5400
6,6078	-24,590	58,5450
6,6036	-24,592	58,5500
6,6062	-24,594	58,5550
6,5978	-24,596	58,5600
6,5965	-24,598	58,5650
6,6098	-24,600	58,5700
6,6106	-24,602	58,5750
6,6042	-24,604	58,5800
6,6057	-24,606	58,5850
6,6006	-24,608	58,5900
6,5953	-24,611	58,5950
6,6005	-24,613	58,6000
6,5986	-24,615	58,6050
6,5944	-24,617	58,6100
6,6021	-24,619	58,6150
6,6031	-24,621	58,6200
6,6078	-24,623	58,6250
6,6146	-24,625	58,6300
6,6117	-24,627	58,6350
6,6090	-24,629	58,6400
6,6124	-24,632	58,6450
6,6209	-24,634	58,6500
6,6172	-24,636	58,6550
6,6121	-24,638	58,6600
6,6136	-24,640	58,6650
6,6029	-24,642	58,6700
6,5952	-24,644	58,6750
6,6080	-24,646	58,6800
6,6120	-24,648	58,6850
6,6103	-24,650	58,6900
6,6233	-24,653	58,6950
6,6248	-24,655	58,7000
6,6175	-24,657	58,7050
6,6190	-24,659	58,7100
6,6195	-24,661	58,7150
6,6106	-24,663	58,7200
6,6206	-24,665	58,7250
6,6290	-24,667	58,7300
6,6242	-24,669	58,7350
6,6222	-24,671	58,7400
6,6291	-24,674	58,7450
6,6230	-24,676	58,7500
6,6209	-24,678	58,7550
6,6209	-24,680	58,7600
6,6149	-24,682	58,7650
6,6172	-24,684	58,7700
6,6264	-24,686	58,7750
6,6256	-24,688	58,7800
6,6189	-24,690	58,7850
6,6279	-24,692	58,7900
6,6305	-24,695	58,7950
6,6253	-24,697	58,8000
6,6267	-24,699	58,8050
6,6278	-24,701	58,8100
6,6170	-24,703	58,8150
6,6228	-24,705	58,8200
6,6345	-24,707	58,8250
6,6365	-24,709	58,8300
6,6329	-24,711	58,8350
6,6391	-24,713	58,8400
6,6362	-24,716	58,8450
6,6270	-24,718	58,8500
6,6316	-24,720	58,8550
6,6335	-24,722	58,8600
6,6333	-24,724	58,8650
6,6430	-24,726	58,8700
6,6369	-24,728	58,8750
6,6304	-24,730	58,8800
6,6372	-24,732	58,8850
6,6373	-24,734	58,8900
6,6294	-24,737	58,8950
6,6344	-24,739	58,9000
6,6448	-24,741	58,9050
6,6355	-24,743	58,9100
6,6368	-24,745	58,9150
6,6427	-24,747	58,9200
6,6408	-24,749	58,9250
6,6358	-24,751	58,9300
6,6358	-24,753	58,9350
6,6329	-24,755	58,9400
6,6370	-24,758	58,9450
6,6485	-24,760	58,9500
6,6424	-24,762	58,9550
6,6379	-24,764	58,9600
6,6446	-24,766	58,9650
6,6449	-24,768	58,9700
6,6380	-24,770	58,9750
6,6453	-24,772	58,9800
6,6492	-24,774	58,9850
6,6433	-24,776	58,9900
6,6441	-24,779	58,9950
6,6517	-24,781	59,0000
6,6425	-24,783	59,0050
6,6382	-24,785	59,0100
6,6386	-24,787	59,0150
6,6374	-24,789	59,0200
6,6378	-24,791	59,0250
6,6459	-24,793	59,0300
6,6444	-24,795	59,0350
6,6474	-24,797	59,0400
6,6638	-24,800	59,0450
6,6599	-24,802	59,0500
6,6454	-24,804	59,0550
6,6491	-24,806	59,0600
6,6512	-24,808	59,0650
6,6450	-24,810	59,0700
6,6510	-24,812	59,0750
6,6566	-24,814	59,0800
6,6529	-24,816	59,0850
6,6595	-24,818	59,0900
6,6576	-24,821	59,0950
6,6506	-24,823	59,1000
6,6524	-24,825	59,1050
6,6621	-24,827	59,1100
6,6654	-24,829	59,1150
6,6603	-24,831	59,1200
6,6616	-24,833	59,1250
6,6561	-24,835	59,1300
6,6464	-24,837	59,1350
6,6557	-24,839	59,1400
6,6614	-24,842	59,1450
6,6608	-24,844	59,1500
6,6659	-24,846	59,1550
6,6642	-24,848	59,1600
6,6633	-24,850	59,1650
6,6664	-24,852	59,1700
6,6704	-24,854	59,1750
6,6613	-24,856	59,1800
6,6659	-24,858	59,1850
6,6698	-24,860	59,1900
6,6588	-24,863	59,1950
6,6592	-24,865	59,2000
6,6613	-24,867	59,2050
6,6628	-24,869	59,2100
6,6599	-24,871	59,2150
6,6661	-24,873	59,2200
6,6699	-24,875	59,2250
6,6738	-24,877	59,2300
6,6757	-24,879	59,2350
6,6648	-24,881	59,2400
6,6577	-24,884	59,2450
6,6680	-24,886	59,2500
6,6761	-24,888	59,2550
6,6729	-24,890	59,2600
6,6727	-24,892	59,2650
6,6751	-24,894	59,2700
6,6691	-24,896	59,2750
6,6763	-24,898	59,2800
6,6842	-24,900	59,2850
6,6740	-24,902	59,2900
6,6727	-24,905	59,2950
6,6751	-24,907	59,3000
6,6663	-24,909	59,3050
6,6656	-24,911	59,3100
6,6710	-24,913	59,3150
6,6714	-24,915	59,3200
6,6683	-24,917	59,3250
6,6774	-24,919	59,3300
6,6775	-24,921	59,3350
6,6802	-24,923	59,3400
6,6880	-24,926	59,3450
6,6896	-24,928	59,3500
6,6828	-24,930	59,3550
6,6835	-24,932	59,3600
6,6872	-24,934	59,3650
6,6817	-24,936	59,3700
6,6840	-24,938	59,3750
6,6836	-24,940	59,3800
6,6703	-24,942	59,3850
6,6695	-24,944	59,3900
6,6778	-24,947	59,3950
6,6811	-24,949	59,4000
6,6846	-24,951	59,4050
6,6912	-24,953	59,4100
6,6873	-24,955	59,4150
6,6890	-24,957	59,4200
6,6916	-24,959	59,4250
6,6892	-24,961	59,4300
6,6809	-24,963	59,4350
6,6868	-24,965	59,4400
6,6937	-24,968	59,4450
6,6888	-24,970	59,4500
6,6833	-24,972	59,4550
6,6887	-24,974	59,4600
6,6891	-24,976	59,4650
6,6883	-24,978	59,4700
6,6925	-24,980	59,4750
6,6858	-24,982	59,4800
6,6766	-24,984	59,4850
6,6877	-24,986	59,4900
6,6924	-24,989	59,4950
6,6912	-24,991	59,5000
6,6922	-24,993	59,5050
6,6936	-24,995	59,5100
6,6884	-24,997	59,5150
6,6969	-24,999	59,5200
6,6960	-25,001	59,5250
6,6921	-25,003	59,5300
6,6995	-25,005	59,5350
6,7015	-25,007	59,5400
6,6968	-25,010	59,5450
6,6979	-25,012	59,5500
6,7068	-25,014	59,5550
6,7018	-25,016	59,5600
6,6996	-25,018	59,5650
6,7010	-25,020	59,5700
6,6954	-25,022	59,5750
6,6949	-25,024	59,5800
6,7119	-25,026	59,5850
6,7080	-25,028	59,5900
6,6969	-25,031	59,5950
6,7016	-25,033	59,6000
6,7047	-25,035	59,6050
6,6905	-25,037	59,6100
6,7005	-25,039	59,6150
6,7059	-25,041	59,6200
6,7030	-25,043	59,6250
6,7100	-25,045	59,6300
6,7092	-25,047	59,6350
6,7049	-25,049	59,6400
6,7094	-25,052	59,6450
6,7134	-25,054	59,6500
6,7056	-25,056	59,6550
6,7074	-25,058	59,6600
6,7124	-25,060	59,6650
6,7086	-25,062	59,6700
6,7085	-25,064	59,6750
6,7214	-25,066	59,6800
6,7120	-25,068	59,6850
6,7033	-25,070	59,6900
6,7125	-25,073	59,6950
6,7176	-25,075	59,7000
6,7043	-25,077	59,7050
6,7103	-25,079	59,7100
6,7171	-25,081	59,7150
6,7108	-25,083	59,7200
6,7176	-25,085	59,7250
6,7225	-25,087	59,7300
6,7174	-25,089	59,7350
6,7156	-25,091	59,7400
6,7254	-25,094	59,7450
6,7150	-25,096	59,7500
6,7158	-25,098	59,7550
6,7273	-25,100	59,7600
6,7187	-25,102	59,7650
6,7177	-25,104	59,7700
6,7250	-25,106	59,7750
6,7185	-25,108	59,7800
6,7205	-25,110	59,7850
6,7344	-25,112	59,7900
6,7324	-25,115	59,7950
6,7187	-25,117	59,8000
6,7262	-25,119	59,8050
6,7251	-25,121	59,8100
6,7193	-25,123	59,8150
6,7227	-25,125	59,8200
6,7328	-25,127	59,8250
6,7285	-25,129	59,8300
6,7254	-25,131	59,8350
6,7350	-25,133	59,8400
6,7319	-25,136	59,8450
6,7297	-25,138	59,8500
6,7347	-25,140	59,8550
6,7332	-25,142	59,8600
6,7328	-25,144	59,8650
6,7380	-25,146	59,8700
6,7414	-25,148	59,8750
6,7423	-25,150	59,8800
6,7398	-25,152	59,8850
6,7372	-25,154	59,8900
6,7330	-25,157	59,8950
6,7428	-25,159	59,9000
6,7486	-25,161	59,9050
6,7369	-25,163	59,9100
6,7393	-25,165	59,9150
6,7393	-25,167	59,9200
6,7301	-25,169	59,9250
6,7284	-25,171	59,9300
6,7392	-25,173	59,9350
6,7345	-25,175	59,9400
6,7293	-25,178	59,9450
6,7376	-25,180	59,9500
6,7383	-25,182	59,9550
6,7338	-25,184	59,9600
6,7445	-25,186	59,9650
6,7444	-25,188	59,9700
6,7411	-25,190	59,9750
6,7481	-25,192	59,9800
6,7468	-25,194	59,9850
6,7355	-25,196	59,9900
6,7420	-25,199	59,9950
6,7413	-25,201	60,0000
6,7421	-25,203	60,0050
6,7495	-25,205	60,0100
6,7501	-25,207	60,0150
6,7476	-25,209	60,0200
6,7492	-25,211	60,0250
6,7510	-25,213	60,0300
6,7442	-25,215	60,0350
6,7463	-25,217	60,0400
6,7538	-25,220	60,0450
6,7471	-25,222	60,0500
6,7390	-25,224	60,0550
6,7521	-25,226	60,0600
6,7580	-25,228	60,0650
6,7536	-25,230	60,0700
6,7568	-25,232	60,0750
6,7614	-25,234	60,0800
6,7516	-25,236	60,0850
6,7519	-25,238	60,0900
6,7554	-25,241	60,0950
6,7463	-25,243	60,1000
6,7530	-25,245	60,1050
6,7587	-25,247	60,1100
6,7492	-25,249	60,1150
6,7384	-25,251	60,1200
6,7516	-25,253	60,1250
6,7525	-25,255	60,1300
6,7557	-25,257	60,1350
6,7652	-25,259	60,1400
6,7623	-25,262	60,1450
6,7577	-25,264	60,1500
6,7630	-25,266	60,1550
6,7538	-25,268	60,1600
6,7503	-25,270	60,1650
6,7575	-25,272	60,1700
6,7610	-25,274	60,1750
6,7485	-25,276	60,1800
6,7590	-25,278	60,1850
6,7707	-25,280	60,1900
6,7643	-25,283	60,1950
6,7587	-25,285	60,2000
6,7635	-25,287	60,2050
6,7622	-25,289	60,2100
6,7641	-25,291	60,2150
6,7734	-25,293	60,2200
6,7673	-25,295	60,2250
6,7620	-25,297	60,2300
6,7657	-25,299	60,2350
6,7682	-25,301	60,2400
6,7624	-25,304	60,2450
6,7690	-25,306	60,2500
6,7686	-25,308	60,2550
6,7640	-25,310	60,2600
6,7634	-25,312	60,2650
6,7727	-25,314	60,2700
6,7710	-25,316	60,2750
6,7765	-25,318	60,2800
6,7771	-25,320	60,2850
6,7632	-25,322	60,2900
6,7682	-25,325	60,2950
6,7807	-25,327	60,3000
6,7736	-25,329	60,3050
6,7669	-25,331	60,3100
6,7771	-25,333	60,3150
6,7753	-25,335	60,3200
6,7670	-25,337	60,3250
6,7804	-25,339	60,3300
6,7779	-25,341	60,3350
6,7676	-25,343	60,3400
6,7752	-25,346	60,3450
6,7764	-25,348	60,3500
6,7729	-25,350	60,3550
6,7790	-25,352	60,3600
6,7855	-25,354	60,3650
6,7750	-25,356	60,3700
6,7815	-25,358	60,3750
6,7921	-25,360	60,3800
6,7847	-25,362	60,3850
6,7857	-25,364	60,3900
6,7892	-25,367	60,3950
6,7815	-25,369	60,4000
6,7750	-25,371	60,4050
6,7825	-25,373	60,4100
6,7798	-25,375	60,4150
6,7744	-25,377	60,4200
6,7806	-25,379	60,4250
6,7824	-25,381	60,4300
6,7790	-25,383	60,4350
6,7927	-25,385	60,4400
6,7844	-25,388	60,4450
6,7763	-25,390	60,4500
6,7792	-25,392	60,4550
6,7880	-25,394	60,4600
6,7852	-25,396	60,4650
6,7950	-25,398	60,4700
6,8033	-25,400	60,4750
6,7916	-25,402	60,4800
6,7847	-25,404	60,4850
6,7965	-25,406	60,4900
6,7908	-25,409	60,4950
6,7841	-25,411	60,5000
6,7877	-25,413	60,5050
6,7880	-25,415	60,5100
6,7825	-25,417	60,5150
6,7889	-25,419	60,5200
6,7918	-25,421	60,5250
6,7868	-25,423	60,5300
6,7976	-25,425	60,5350
6,8001	-25,427	60,5400
6,7961	-25,430	60,5450
6,7968	-25,432	60,5500
6,7989	-25,434	60,5550
6,7933	-25,436	60,5600
6,7938	-25,438	60,5650
6,8001	-25,440	60,5700
6,7972	-25,442	60,5750
6,7947	-25,444	60,5800
6,8031	-25,446	60,5850
6,7982	-25,448	60,5900
6,7970	-25,451	60,5950
6,8080	-25,453	60,6000
6,8136	-25,455	60,6050
6,8107	-25,457	60,6100
6,8117	-25,459	60,6150
6,8080	-25,461	60,6200
6,7965	-25,463	60,6250
6,8050	-25,465	60,6300
6,8073	-25,467	60,6350
6,8023	-25,469	60,6400
6,8045	-25,472	60,6450
6,8069	-25,474	60,6500
6,7953	-25,476	60,6550
6,8035	-25,478	60,6600
6,8147	-25,480	60,6650
6,8110	-25,482	60,6700
6,8100	-25,484	60,6750
6,8135	-25,486	60,6800
6,8120	-25,488	60,6850
6,8036	-25,490	60,6900
6,8084	-25,493	60,6950
6,8123	-25,495	60,7000
6,8038	-25,497	60,7050
6,8073	-25,499	60,7100
6,8130	-25,501	60,7150
6,8076	-25,503	60,7200
6,8176	-25,505	60,7250
6,8175	-25,507	60,7300
6,8132	-25,509	60,7350
6,8096	-25,511	60,7400
6,8199	-25,514	60,7450
6,8186	-25,516	60,7500
6,8219	-25,518	60,7550
6,8274	-25,520	60,7600
6,8242	-25,522	60,7650
6,8182	-25,524	60,7700
6,8256	-25,526	60,7750
6,8259	-25,528	60,7800
6,8204	-25,530	60,7850
6,8222	-25,532	60,7900
6,8213	-25,535	60,7950
6,8209	-25,537	60,8000
6,8269	-25,539	60,8050
6,8226	-25,541	60,8100
6,8172	-25,543	60,8150
6,8271	-25,545	60,8200
6,8302	-25,547	60,8250
6,8254	-25,549	60,8300
6,8277	-25,551	60,8350
6,8362	-25,553	60,8400
6,8175	-25,556	60,8450
6,8175	-25,558	60,8500
6,8285	-25,560	60,8550
6,8319	-25,562	60,8600
6,8353	-25,564	60,8650
6,8393	-25,566	60,8700
6,8324	-25,568	60,8750
6,8223	-25,570	60,8800
6,8299	-25,572	60,8850
6,8362	-25,574	60,8900
6,8305	-25,577	60,8950
6,8383	-25,579	60,9000
6,8388	-25,581	60,9050
6,8267	-25,583	60,9100
6,8318	-25,585	60,9150
6,8324	-25,587	60,9200
6,8290	-25,589	60,9250
6,8359	-25,591	60,9300
6,8366	-25,593	60,9350
6,8246	-25,595	60,9400
6,8230	-25,598	60,9450
6,8380	-25,600	60,9500
6,8376	-25,602	60,9550
6,8386	-25,604	60,9600
6,8444	-25,606	60,9650
6,8448	-25,608	60,9700
6,8373	-25,610	60,9750
6,8389	-25,612	60,9800
6,8421	-25,614	60,9850
6,8432	-25,616	60,9900
6,8426	-25,619	60,9950
6,8394	-25,621	61,0000
6,8360	-25,623	61,0050
6,8388	-25,625	61,0100
6,8489	-25,627	61,0150
6,8473	-25,629	61,0200
6,8472	-25,631	61,0250
6,8529	-25,633	61,0300
6,8430	-25,635	61,0350
6,8345	-25,637	61,0400
6,8373	-25,640	61,0450
6,8404	-25,642	61,0500
6,8452	-25,644	61,0550
6,8514	-25,646	61,0600
6,8467	-25,648	61,0650
6,8469	-25,650	61,0700
6,8544	-25,652	61,0750
6,8573	-25,654	61,0800
6,8498	-25,656	61,0850
6,8522	-25,658	61,0900
6,8525	-25,661	61,0950
6,8451	-25,663	61,1000
6,8467	-25,665	61,1050
6,8560	-25,667	61,1100
6,8555	-25,669	61,1150
6,8543	-25,671	61,1200
6,8577	-25,673	61,1250
6,8553	-25,675	61,1300
6,8558	-25,677	61,1350
6,8625	-25,679	61,1400
6,8579	-25,682	61,1450
6,8595	-25,684	61,1500
6,8687	-25,686	61,1550
6,8637	-25,688	61,1600
6,8550	-25,690	61,1650
6,8588	-25,692	61,1700
6,8650	-25,694	61,1750
6,8557	-25,696	61,1800
6,8580	-25,698	61,1850
6,8646	-25,700	61,1900
6,8611	-25,703	61,1950
6,8641	-25,705	61,2000
6,8670	-25,707	61,2050
6,8617	-25,709	61,2100
6,8565	-25,711	61,2150
6,8616	-25,713	61,2200
6,8628	-25,715	61,2250
6,8608	-25,717	61,2300
6,8628	-25,719	61,2350
6,8588	-25,721	61,2400
6,8585	-25,724	61,2450
6,8723	-25,726	61,2500
6,8715	-25,728	61,2550
6,8699	-25,730	61,2600
6,8785	-25,732	61,2650
6,8779	-25,734	61,2700
6,8641	-25,736	61,2750
6,8652	-25,738	61,2800
6,8696	-25,740	61,2850
6,8606	-25,742	61,2900
6,8590	-25,745	61,2950
6,8712	-25,747	61,3000
6,8730	-25,749	61,3050
6,8729	-25,751	61,3100
6,8810	-25,753	61,3150
6,8745	-25,755	61,3200
6,8702	-25,757	61,3250
6,8776	-25,759	61,3300
6,8775	-25,761	61,3350
6,8681	-25,763	61,3400
6,8746	-25,766	61,3450
6,8772	-25,768	61,3500
6,8703	-25,770	61,3550
6,8700	-25,772	61,3600
6,8772	-25,774	61,3650
6,8753	-25,776	61,3700
6,8762	-25,778	61,3750
6,8837	-25,780	61,3800
6,8702	-25,782	61,3850
6,8687	-25,784	61,3900
6,8789	-25,787	61,3950
6,8821	-25,789	61,4000
6,8779	-25,791	61,4050
6,8818	-25,793	61,4100
6,8750	-25,795	61,4150
6,8756	-25,797	61,4200
6,8878	-25,799	61,4250
6,8873	-25,801	61,4300
6,8818	-25,803	61,4350
6,8895	-25,805	61,4400
6,8886	-25,808	61,4450
6,8790	-25,810	61,4500
6,8835	-25,812	61,4550
6,8856	-25,814	61,4600
6,8835	-25,816	61,4650
6,8850	-25,818	61,4700
6,8848	-25,820	61,4750
6,8856	-25,822	61,4800
6,8824	-25,824	61,4850
6,8821	-25,826	61,4900
6,8795	-25,829	61,4950
6,8797	-25,831	61,5000
6,8955	-25,833	61,5050
6,9004	-25,835	61,5100
6,8950	-25,837	61,5150
6,9041	-25,839	61,5200
6,9007	-25,841	61,5250
6,8919	-25,843	61,5300
6,9053	-25,845	61,5350
6,9048	-25,847	61,5400
6,8972	-25,850	61,5450
6,9013	-25,852	61,5500
6,9077	-25,854	61,5550
6,8997	-25,856	61,5600
6,8934	-25,858	61,5650
6,8999	-25,860	61,5700
6,8999	-25,862	61,5750
6,8965	-25,864	61,5800
6,9062	-25,866	61,5850
6,9032	-25,868	61,5900
6,9000	-25,871	61,5950
6,9054	-25,873	61,6000
6,9058	-25,875	61,6050
6,9027	-25,877	61,6100
6,9109	-25,879	61,6150
6,9073	-25,881	61,6200
6,8959	-25,883	61,6250
6,9033	-25,885	61,6300
6,9087	-25,887	61,6350
6,9023	-25,889	61,6400
6,9052	-25,892	61,6450
6,9155	-25,894	61,6500
6,9088	-25,896	61,6550
6,9122	-25,898	61,6600
6,9248	-25,900	61,6650
6,9141	-25,902	61,6700
6,9019	-25,904	61,6750
6,9044	-25,906	61,6800
6,9060	-25,908	61,6850
6,9082	-25,910	61,6900
6,9153	-25,913	61,6950
6,9133	-25,915	61,7000
6,9001	-25,917	61,7050
6,9079	-25,919	61,7100
6,9099	-25,921	61,7150
6,9058	-25,923	61,7200
6,9123	-25,925	61,7250
6,9201	-25,927	61,7300
6,9134	-25,929	61,7350
6,9114	-25,931	61,7400
6,9214	-25,934	61,7450
6,9174	-25,936	61,7500
6,9141	-25,938	61,7550
6,9239	-25,940	61,7600
6,9175	-25,942	61,7650
6,9193	-25,944	61,7700
6,9215	-25,946	61,7750
6,9191	-25,948	61,7800
6,9187	-25,950	61,7850
6,9210	-25,952	61,7900
6,9149	-25,955	61,7950
6,9145	-25,957	61,8000
6,9285	-25,959	61,8050
6,9263	-25,961	61,8100
6,9145	-25,963	61,8150
6,9197	-25,965	61,8200
6,9255	-25,967	61,8250
6,9235	-25,969	61,8300
6,9177	-25,971	61,8350
6,9274	-25,973	61,8400
6,9291	-25,976	61,8450
6,9205	-25,978	61,8500
6,9256	-25,980	61,8550
6,9208	-25,982	61,8600
6,9205	-25,984	61,8650
6,9302	-25,986	61,8700
6,9261	-25,988	61,8750
6,9256	-25,990	61,8800
6,9347	-25,992	61,8850
6,9309	-25,994	61,8900
6,9212	-25,997	61,8950
6,9352	-25,999	61,9000
6,9369	-26,001	61,9050
6,9292	-26,003	61,9100
6,9374	-26,005	61,9150
6,9445	-26,007	61,9200
6,9339	-26,009	61,9250
6,9307	-26,011	61,9300
6,9339	-26,013	61,9350
6,9263	-26,015	61,9400
6,9321	-26,018	61,9450
6,9435	-26,020	61,9500
6,9372	-26,022	61,9550
6,9294	-26,024	61,9600
6,9383	-26,026	61,9650
6,9403	-26,028	61,9700
6,9337	-26,030	61,9750
6,9387	-26,032	61,9800
6,9418	-26,034	61,9850
6,9340	-26,036	61,9900
6,9337	-26,039	61,9950
6,9299	-26,041	62,0000
6,9238	-26,043	62,0050
6,9319	-26,045	62,0100
6,9435	-26,047	62,0150
6,9460	-26,049	62,0200
6,9460	-26,051	62,0250
6,9462	-26,053	62,0300
6,9411	-26,055	62,0350
6,9438	-26,057	62,0400
6,9515	-26,060	62,0450
6,9482	-26,062	62,0500
6,9443	-26,064	62,0550
6,9473	-26,066	62,0600
6,9426	-26,068	62,0650
6,9335	-26,070	62,0700
6,9370	-26,072	62,0750
6,9489	-26,074	62,0800
6,9419	-26,076	62,0850
6,9462	-26,078	62,0900
6,9548	-26,081	62,0950
6,9499	-26,083	62,1000
6,9567	-26,085	62,1050
6,9624	-26,087	62,1100
6,9471	-26,089	62,1150
6,9416	-26,091	62,1200
6,9559	-26,093	62,1250
6,9512	-26,095	62,1300
6,9485	-26,097	62,1350
6,9588	-26,099	62,1400
6,9588	-26,102	62,1450
6,9473	-26,104	62,1500
6,9531	-26,106	62,1550
6,9552	-26,108	62,1600
6,9544	-26,110	62,1650
6,9586	-26,112	62,1700
6,9629	-26,114	62,1750
6,9578	-26,116	62,1800
6,9594	-26,118	62,1850
6,9603	-26,120	62,1900
6,9578	-26,123	62,1950
6,9554	-26,125	62,2000
6,9586	-26,127	62,2050
6,9619	-26,129	62,2100
6,9676	-26,131	62,2150
6,9752	-26,133	62,2200
6,9692	-26,135	62,2250
6,9647	-26,137	62,2300
6,9715	-26,139	62,2350
6,9612	-26,141	62,2400
6,9524	-26,144	62,2450
6,9623	-26,146	62,2500
6,9571	-26,148	62,2550
6,9543	-26,150	62,2600
6,9634	-26,152	62,2650
6,9663	-26,154	62,2700
6,9621	-26,156	62,2750
6,9654	-26,158	62,2800
6,9727	-26,160	62,2850
6,9637	-26,162	62,2900
6,9674	-26,165	62,2950
6,9765	-26,167	62,3000
6,9681	-26,169	62,3050
6,9665	-26,171	62,3100
6,9790	-26,173	62,3150
6,9758	-26,175	62,3200
6,9735	-26,177	62,3250
6,9758	-26,179	62,3300
6,9663	-26,181	62,3350
6,9603	-26,183	62,3400
6,9721	-26,186	62,3450
6,9714	-26,188	62,3500
6,9734	-26,190	62,3550
6,9771	-26,192	62,3600
6,9829	-26,194	62,3650
6,9751	-26,196	62,3700
6,9780	-26,198	62,3750
6,9785	-26,200	62,3800
6,9738	-26,202	62,3850
6,9747	-26,204	62,3900
6,9755	-26,207	62,3950
6,9723	-26,209	62,4000
6,9770	-26,211	62,4050
6,9881	-26,213	62,4100
6,9860	-26,215	62,4150
6,9791	-26,217	62,4200
6,9848	-26,219	62,4250
6,9818	-26,221	62,4300
6,9704	-26,223	62,4350
6,9740	-26,225	62,4400
6,9783	-26,228	62,4450
6,9836	-26,230	62,4500
6,9934	-26,232	62,4550
6,9993	-26,234	62,4600
6,9905	-26,236	62,4650
6,9936	-26,238	62,4700
6,9969	-26,240	62,4750
6,9907	-26,242	62,4800
6,9894	-26,244	62,4850
6,9947	-26,246	62,4900
6,9884	-26,249	62,4950
6,9820	-26,251	62,5000
6,9920	-26,253	62,5050
6,9895	-26,255	62,5100
6,9825	-26,257	62,5150
6,9937	-26,259	62,5200
6,9946	-26,261	62,5250
6,9920	-26,263	62,5300
6,9998	-26,265	62,5350
6,9986	-26,267	62,5400
6,9959	-26,270	62,5450
6,9976	-26,272	62,5500
7,0022	-26,274	62,5550
6,9925	-26,276	62,5600
6,9948	-26,278	62,5650
7,0029	-26,280	62,5700
6,9944	-26,282	62,5750
6,9942	-26,284	62,5800
6,9979	-26,286	62,5850
6,9972	-26,288	62,5900
6,9949	-26,291	62,5950
6,9940	-26,293	62,6000
6,9968	-26,295	62,6050
7,0017	-26,297	62,6100
7,0108	-26,299	62,6150
7,0066	-26,301	62,6200
7,0047	-26,303	62,6250
7,0043	-26,305	62,6300
6,9988	-26,307	62,6350
6,9982	-26,309	62,6400
7,0048	-26,312	62,6450
7,0086	-26,314	62,6500
7,0026	-26,316	62,6550
7,0064	-26,318	62,6600
7,0130	-26,320	62,6650
7,0071	-26,322	62,6700
7,0102	-26,324	62,6750
7,0250	-26,326	62,6800
7,0192	-26,328	62,6850
7,0073	-26,330	62,6900
7,0052	-26,333	62,6950
7,0076	-26,335	62,7000
7,0068	-26,337	62,7050
7,0122	-26,339	62,7100
7,0166	-26,341	62,7150
7,0092	-26,343	62,7200
7,0098	-26,345	62,7250
7,0141	-26,347	62,7300
7,0142	-26,349	62,7350
7,0166	-26,351	62,7400
7,0196	-26,354	62,7450
7,0138	-26,356	62,7500
7,0166	-26,358	62,7550
7,0201	-26,360	62,7600
7,0169	-26,362	62,7650
7,0106	-26,364	62,7700
7,0213	-26,366	62,7750
7,0198	-26,368	62,7800
7,0116	-26,370	62,7850
7,0153	-26,372	62,7900
7,0200	-26,375	62,7950
7,0161	-26,377	62,8000
7,0261	-26,379	62,8050
7,0213	-26,381	62,8100
7,0175	-26,383	62,8150
7,0286	-26,385	62,8200
7,0282	-26,387	62,8250
7,0195	-26,389	62,8300
7,0141	-26,391	62,8350
7,0269	-26,393	62,8400
7,0235	-26,396	62,8450
7,0229	-26,398	62,8500
7,0286	-26,400	62,8550
7,0274	-26,402	62,8600
7,0213	-26,404	62,8650
7,0270	-26,406	62,8700
7,0308	-26,408	62,8750
7,0252	-26,410	62,8800
7,0297	-26,412	62,8850
7,0327	-26,414	62,8900
7,0250	-26,417	62,8950
7,0266	-26,419	62,9000
7,0311	-26,421	62,9050
7,0260	-26,423	62,9100
7,0276	-26,425	62,9150
7,0345	-26,427	62,9200
7,0299	-26,429	62,9250
7,0315	-26,431	62,9300
7,0418	-26,433	62,9350
7,0341	-26,435	62,9400
7,0316	-26,438	62,9450
7,0354	-26,440	62,9500
7,0358	-26,442	62,9550
7,0348	-26,444	62,9600
7,0443	-26,446	62,9650
7,0434	-26,448	62,9700
7,0348	-26,450	62,9750
7,0373	-26,452	62,9800
7,0458	-26,454	62,9850
7,0375	-26,456	62,9900
7,0382	-26,459	62,9950
7,0424	-26,461	63,0000
7,0331	-26,463	63,0050
7,0386	-26,465	63,0100
7,0438	-26,467	63,0150
7,0460	-26,469	63,0200
7,0458	-26,471	63,0250
7,0557	-26,473	63,0300
7,0470	-26,475	63,0350
7,0372	-26,477	63,0400
7,0400	-26,480	63,0450
7,0383	-26,482	63,0500
7,0415	-26,484	63,0550
7,0487	-26,486	63,0600
7,0491	-26,488	63,0650
7,0505	-26,490	63,0700
7,0487	-26,492	63,0750
7,0526	-26,494	63,0800
7,0487	-26,496	63,0850
7,0516	-26,498	63,0900
7,0526	-26,501	63,0950
7,0435	-26,503	63,1000
7,0456	-26,505	63,1050
7,0487	-26,507	63,1100
7,0495	-26,509	63,1150
7,0587	-26,511	63,1200
7,0628	-26,513	63,1250
7,0544	-26,515	63,1300
7,0536	-26,517	63,1350
7,0594	-26,519	63,1400
7,0523	-26,522	63,1450
7,0459	-26,524	63,1500
7,0522	-26,526	63,1550
7,0539	-26,528	63,1600
7,0517	-26,530	63,1650
7,0556	-26,532	63,1700
7,0526	-26,534	63,1750
7,0456	-26,536	63,1800
7,0596	-26,538	63,1850
7,0710	-26,540	63,1900
7,0622	-26,543	63,1950
7,0611	-26,545	63,2000
7,0628	-26,547	63,2050
7,0594	-26,549	63,2100
7,0526	-26,551	63,2150
7,0645	-26,553	63,2200
7,0652	-26,555	63,2250
7,0567	-26,557	63,2300
7,0635	-26,559	63,2350
7,0648	-26,561	63,2400
7,0619	-26,564	63,2450
7,0708	-26,566	63,2500
7,0701	-26,568	63,2550
7,0642	-26,570	63,2600
7,0668	-26,572	63,2650
7,0689	-26,574	63,2700
7,0610	-26,576	63,2750
7,0652	-26,578	63,2800
7,0734	-26,580	63,2850
7,0610	-26,582	63,2900
7,0576	-26,585	63,2950
7,0635	-26,587	63,3000
7,0658	-26,589	63,3050
7,0696	-26,591	63,3100
7,0757	-26,593	63,3150
7,0657	-26,595	63,3200
7,0568	-26,597	63,3250
7,0668	-26,599	63,3300
7,0722	-26,601	63,3350
7,0659	-26,603	63,3400
7,0684	-26,606	63,3450
7,0748	-26,608	63,3500
7,0735	-26,610	63,3550
7,0726	-26,612	63,3600
7,0807	-26,614	63,3650
7,0773	-26,616	63,3700
7,0767	-26,618	63,3750
7,0818	-26,620	63,3800
7,0761	-26,622	63,3850
7,0749	-26,624	63,3900
7,0833	-26,627	63,3950
7,0780	-26,629	63,4000
7,0824	-26,631	63,4050
7,0947	-26,633	63,4100
7,0844	-26,635	63,4150
7,0667	-26,637	63,4200
7,0757	-26,639	63,4250
7,0859	-26,641	63,4300
7,0827	-26,643	63,4350
7,0887	-26,645	63,4400
7,0890	-26,648	63,4450
7,0821	-26,650	63,4500
7,0849	-26,652	63,4550
7,0966	-26,654	63,4600
7,0938	-26,656	63,4650
7,0900	-26,658	63,4700
7,0901	-26,660	63,4750
7,0845	-26,662	63,4800
7,0817	-26,664	63,4850
7,0864	-26,666	63,4900
7,0846	-26,669	63,4950
7,0811	-26,671	63,5000
7,0899	-26,673	63,5050
7,0905	-26,675	63,5100
7,0924	-26,677	63,5150
7,0938	-26,679	63,5200
7,0847	-26,681	63,5250
7,0869	-26,683	63,5300
7,0946	-26,685	63,5350
7,0960	-26,687	63,5400
7,0918	-26,690	63,5450
7,0890	-26,692	63,5500
7,0946	-26,694	63,5550
7,0900	-26,696	63,5600
7,0900	-26,698	63,5650
7,0900	-26,700	63,5700
7,0845	-26,702	63,5750
7,0887	-26,704	63,5800
7,1007	-26,706	63,5850
7,0967	-26,708	63,5900
7,0952	-26,711	63,5950
7,1022	-26,713	63,6000
7,1025	-26,715	63,6050
7,1055	-26,717	63,6100
7,1135	-26,719	63,6150
7,1066	-26,721	63,6200
7,0926	-26,723	63,6250
7,0979	-26,725	63,6300
7,1016	-26,727	63,6350
7,0962	-26,729	63,6400
7,0958	-26,732	63,6450
7,1073	-26,734	63,6500
7,1014	-26,736	63,6550
7,1036	-26,738	63,6600
7,1069	-26,740	63,6650
7,0998	-26,742	63,6700
7,0994	-26,744	63,6750
7,1109	-26,746	63,6800
7,1082	-26,748	63,6850
7,1043	-26,750	63,6900
7,1099	-26,753	63,6950
7,1100	-26,755	63,7000
7,1038	-26,757	63,7050
7,1047	-26,759	63,7100
7,1099	-26,761	63,7150
7,1061	-26,763	63,7200
7,1118	-26,765	63,7250
7,1161	-26,767	63,7300
7,1118	-26,769	63,7350
7,1064	-26,771	63,7400
7,1106	-26,774	63,7450
7,1069	-26,776	63,7500
7,1020	-26,778	63,7550
7,1112	-26,780	63,7600
7,1118	-26,782	63,7650
7,1071	-26,784	63,7700
7,1223	-26,786	63,7750
7,1261	-26,788	63,7800
7,1154	-26,790	63,7850
7,1160	-26,792	63,7900
7,1132	-26,795	63,7950
7,1106	-26,797	63,8000
7,1207	-26,799	63,8050
7,1246	-26,801	63,8100
7,1147	-26,803	63,8150
7,1218	-26,805	63,8200
7,1301	-26,807	63,8250
7,1258	-26,809	63,8300
7,1231	-26,811	63,8350
7,1222	-26,813	63,8400
7,1153	-26,816	63,8450
7,1160	-26,818	63,8500
7,1271	-26,820	63,8550
7,1211	-26,822	63,8600
7,1088	-26,824	63,8650
7,1177	-26,826	63,8700
7,1200	-26,828	63,8750
7,1199	-26,830	63,8800
7,1275	-26,832	63,8850
7,1262	-26,834	63,8900
7,1216	-26,837	63,8950
7,1259	-26,839	63,9000
7,1263	-26,841	63,9050
7,1263	-26,843	63,9100
7,1370	-26,845	63,9150
7,1408	-26,847	63,9200
7,1279	-26,849	63,9250
7,1231	-26,851	63,9300
7,1287	-26,853	63,9350
7,1286	-26,855	63,9400
7,1300	-26,858	63,9450
7,1425	-26,860	63,9500
7,1433	-26,862	63,9550
7,1322	-26,864	63,9600
7,1390	-26,866	63,9650
7,1410	-26,868	63,9700
7,1336	-26,870	63,9750
7,1395	-26,872	63,9800
7,1396	-26,874	63,9850
7,1295	-26,876	63,9900
7,1362	-26,879	63,9950
7,1470	-26,881	64,0000
7,1454	-26,883	64,0050
7,1438	-26,885	64,0100
7,1472	-26,887	64,0150
7,1433	-26,889	64,0200
7,1435	-26,891	64,0250
7,1498	-26,893	64,0300
7,1491	-26,895	64,0350
7,1462	-26,897	64,0400
7,1531	-26,900	64,0450
7,1490	-26,902	64,0500
7,1422	-26,904	64,0550
7,1482	-26,906	64,0600
7,1470	-26,908	64,0650
7,1535	-26,910	64,0700
7,1631	-26,912	64,0750
7,1588	-26,914	64,0800
7,1479	-26,916	64,0850
7,1530	-26,918	64,0900
7,1544	-26,921	64,0950
7,1483	-26,923	64,1000
7,1556	-26,925	64,1050
7,1566	-26,927	64,1100
7,1442	-26,929	64,1150
7,1445	-26,931	64,1200
7,1544	-26,933	64,1250
7,1547	-26,935	64,1300
7,1458	-26,937	64,1350
7,1494	-26,939	64,1400
7,1501	-26,942	64,1450
7,1499	-26,944	64,1500
7,1630	-26,946	64,1550
7,1653	-26,948	64,1600
7,1615	-26,950	64,1650
7,1583	-26,952	64,1700
7,1558	-26,954	64,1750
7,1541	-26,956	64,1800
7,1616	-26,958	64,1850
7,1617	-26,960	64,1900
7,1523	-26,963	64,1950
7,1552	-26,965	64,2000
7,1635	-26,967	64,2050
7,1557	-26,969	64,2100
7,1510	-26,971	64,2150
7,1645	-26,973	64,2200
7,1653	-26,975	64,2250
7,1570	-26,977	64,2300
7,1606	-26,979	64,2350
7,1634	-26,981	64,2400
7,1559	-26,984	64,2450
7,1638	-26,986	64,2500
7,1688	-26,988	64,2550
7,1612	-26,990	64,2600
7,1588	-26,992	64,2650
7,1678	-26,994	64,2700
7,1623	-26,996	64,2750
7,1680	-26,998	64,2800
7,1729	-27,000	64,2850
7,1676	-27,002	64,2900
7,1714	-27,005	64,2950
7,1798	-27,007	64,3000
7,1716	-27,009	64,3050
7,1648	-27,011	64,3100
7,1707	-27,013	64,3150
7,1736	-27,015	64,3200
7,1698	-27,017	64,3250
7,1741	-27,019	64,3300
7,1729	-27,021	64,3350
7,1680	-27,023	64,3400
7,1718	-27,026	64,3450
7,1749	-27,028	64,3500
7,1714	-27,030	64,3550
7,1612	-27,032	64,3600
7,1684	-27,034	64,3650
7,1716	-27,036	64,3700
7,1767	-27,038	64,3750
7,1786	-27,040	64,3800
7,1757	-27,042	64,3850
7,1743	-27,044	64,3900
7,1815	-27,047	64,3950
7,1798	-27,049	64,4000
7,1781	-27,051	64,4050
7,1787	-27,053	64,4100
7,1819	-27,055	64,4150
7,1802	-27,057	64,4200
7,1810	-27,059	64,4250
7,1819	-27,061	64,4300
7,1708	-27,063	64,4350
7,1736	-27,065	64,4400
7,1819	-27,068	64,4450
7,1823	-27,070	64,4500
7,1830	-27,072	64,4550
7,1928	-27,074	64,4600
7,1819	-27,076	64,4650
7,1808	-27,078	64,4700
7,1855	-27,080	64,4750
7,1794	-27,082	64,4800
7,1800	-27,084	64,4850
7,1858	-27,086	64,4900
7,1869	-27,089	64,4950
7,1836	-27,091	64,5000
7,1905	-27,093	64,5050
7,1880	-27,095	64,5100
7,1917	-27,097	64,5150
7,2002	-27,099	64,5200
7,1951	-27,101	64,5250
7,1851	-27,103	64,5300
7,1921	-27,105	64,5350
7,2003	-27,107	64,5400
7,1981	-27,110	64,5450
7,1914	-27,112	64,5500
7,2006	-27,114	64,5550
7,1943	-27,116	64,5600
7,1918	-27,118	64,5650
7,1926	-27,120	64,5700
7,1885	-27,122	64,5750
7,1861	-27,124	64,5800
7,2021	-27,126	64,5850
7,1951	-27,128	64,5900
7,1868	-27,131	64,5950
7,1942	-27,133	64,6000
7,1974	-27,135	64,6050
7,1984	-27,137	64,6100
7,1978	-27,139	64,6150
7,1950	-27,141	64,6200
7,1888	-27,143	64,6250
7,1979	-27,145	64,6300
7,2049	-27,147	64,6350
7,2052	-27,149	64,6400
7,2086	-27,152	64,6450
7,2152	-27,154	64,6500
7,2025	-27,156	64,6550
7,1988	-27,158	64,6600
7,2096	-27,160	64,6650
7,2035	-27,162	64,6700
7,2023	-27,164	64,6750
7,2033	-27,166	64,6800
7,1960	-27,168	64,6850
7,1956	-27,170	64,6900
7,2103	-27,173	64,6950
7,2136	-27,175	64,7000
7,2073	-27,177	64,7050
7,2091	-27,179	64,7100
7,2124	-27,181	64,7150
7,2030	-27,183	64,7200
7,2038	-27,185	64,7250
7,2063	-27,187	64,7300
7,2054	-27,189	64,7350
7,2109	-27,191	64,7400
7,2222	-27,194	64,7450
7,2174	-27,196	64,7500
7,2115	-27,198	64,7550
7,2121	-27,200	64,7600
7,2107	-27,202	64,7650
7,2086	-27,204	64,7700
7,2104	-27,206	64,7750
7,2074	-27,208	64,7800
7,2062	-27,210	64,7850
7,2176	-27,212	64,7900
7,2218	-27,215	64,7950
7,2202	-27,217	64,8000
7,2184	-27,219	64,8050
7,2110	-27,221	64,8100
7,2093	-27,223	64,8150
7,2209	-27,225	64,8200
7,2259	-27,227	64,8250
7,2197	-27,229	64,8300
7,2141	-27,231	64,8350
7,2220	-27,233	64,8400
7,2174	-27,236	64,8450
7,2157	-27,238	64,8500
7,2247	-27,240	64,8550
7,2274	-27,242	64,8600
7,2225	-27,244	64,8650
7,2326	-27,246	64,8700
7,2265	-27,248	64,8750
7,2248	-27,250	64,8800
7,2270	-27,252	64,8850
7,2266	-27,254	64,8900
7,2204	-27,257	64,8950
7,2258	-27,259	64,9000
7,2351	-27,261	64,9050
7,2251	-27,263	64,9100
7,2251	-27,265	64,9150
7,2244	-27,267	64,9200
7,2239	-27,269	64,9250
7,2218	-27,271	64,9300
7,2334	-27,273	64,9350
7,2291	-27,275	64,9400
7,2252	-27,278	64,9450
7,2289	-27,280	64,9500
7,2292	-27,282	64,9550
7,2322	-27,284	64,9600
7,2424	-27,286	64,9650
7,2393	-27,288	64,9700
7,2289	-27,290	64,9750
7,2307	-27,292	64,9800
7,2308	-27,294	64,9850
7,2305	-27,296	64,9900
7,2364	-27,299	64,9950
7,2395	-27,301	65,0000
7,2350	-27,303	65,0050
7,2408	-27,305	65,0100
7,2491	-27,307	65,0150
7,2417	-27,309	65,0200
7,2365	-27,311	65,0250
7,2438	-27,313	65,0300
7,2350	-27,315	65,0350
7,2316	-27,317	65,0400
7,2377	-27,320	65,0450
7,2380	-27,322	65,0500
7,2415	-27,324	65,0550
7,2564	-27,326	65,0600
7,2539	-27,328	65,0650
7,2441	-27,330	65,0700
7,2515	-27,332	65,0750
7,2538	-27,334	65,0800
7,2430	-27,336	65,0850
7,2494	-27,338	65,0900
7,2599	-27,341	65,0950
7,2515	-27,343	65,1000
7,2506	-27,345	65,1050
7,2583	-27,347	65,1100
7,2492	-27,349	65,1150
7,2530	-27,351	65,1200
7,2660	-27,353	65,1250
7,2562	-27,355	65,1300
7,2494	-27,357	65,1350
7,2581	-27,359	65,1400
7,2534	-27,362	65,1450
7,2468	-27,364	65,1500
7,2577	-27,366	65,1550
7,2534	-27,368	65,1600
7,2504	-27,370	65,1650
7,2550	-27,372	65,1700
7,2664	-27,374	65,1750
7,2616	-27,376	65,1800
7,2700	-27,378	65,1850
7,2729	-27,380	65,1900
7,2613	-27,383	65,1950
7,2604	-27,385	65,2000
7,2649	-27,387	65,2050
7,2646	-27,389	65,2100
7,2622	-27,391	65,2150
7,2678	-27,393	65,2200
7,2597	-27,395	65,2250
7,2558	-27,397	65,2300
7,2634	-27,399	65,2350
7,2560	-27,401	65,2400
7,2498	-27,404	65,2450
7,2643	-27,406	65,2500
7,2680	-27,408	65,2550
7,2590	-27,410	65,2600
7,2585	-27,412	65,2650
7,2654	-27,414	65,2700
7,2572	-27,416	65,2750
7,2626	-27,418	65,2800
7,2660	-27,420	65,2850
7,2569	-27,422	65,2900
7,2566	-27,425	65,2950
7,2629	-27,427	65,3000
7,2590	-27,429	65,3050
7,2585	-27,431	65,3100
7,2727	-27,433	65,3150
7,2750	-27,435	65,3200
7,2703	-27,437	65,3250
7,2742	-27,439	65,3300
7,2707	-27,441	65,3350
7,2637	-27,443	65,3400
7,2778	-27,446	65,3450
7,2772	-27,448	65,3500
7,2661	-27,450	65,3550
7,2665	-27,452	65,3600
7,2779	-27,454	65,3650
7,2773	-27,456	65,3700
7,2727	-27,458	65,3750
7,2747	-27,460	65,3800
7,2703	-27,462	65,3850
7,2716	-27,464	65,3900
7,2783	-27,467	65,3950
7,2704	-27,469	65,4000
7,2706	-27,471	65,4050
7,2782	-27,473	65,4100
7,2798	-27,475	65,4150
7,2740	-27,477	65,4200
7,2772	-27,479	65,4250
7,2733	-27,481	65,4300
7,2721	-27,483	65,4350
7,2825	-27,485	65,4400
7,2828	-27,488	65,4450
7,2752	-27,490	65,4500
7,2765	-27,492	65,4550
7,2896	-27,494	65,4600
7,2874	-27,496	65,4650
7,2847	-27,498	65,4700
7,2901	-27,500	65,4750
7,2860	-27,502	65,4800
7,2801	-27,504	65,4850
7,2861	-27,506	65,4900
7,2906	-27,509	65,4950
7,2869	-27,511	65,5000
7,2876	-27,513	65,5050
7,2891	-27,515	65,5100
7,2844	-27,517	65,5150
7,2924	-27,519	65,5200
7,2943	-27,521	65,5250
7,2913	-27,523	65,5300
7,2966	-27,525	65,5350
7,3010	-27,527	65,5400
7,2935	-27,530	65,5450
7,2921	-27,532	65,5500
7,3003	-27,534	65,5550
7,2982	-27,536	65,5600
7,2956	-27,538	65,5650
7,3008	-27,540	65,5700
7,2912	-27,542	65,5750
7,2873	-27,544	65,5800
7,2951	-27,546	65,5850
7,2958	-27,548	65,5900
7,2927	-27,551	65,5950
7,3006	-27,553	65,6000
7,3043	-27,555	65,6050
7,2944	-27,557	65,6100
7,3020	-27,559	65,6150
7,3071	-27,561	65,6200
7,2979	-27,563	65,6250
7,3020	-27,565	65,6300
7,3026	-27,567	65,6350
7,2965	-27,569	65,6400
7,3070	-27,572	65,6450
7,3121	-27,574	65,6500
7,3002	-27,576	65,6550
7,3042	-27,578	65,6600
7,3106	-27,580	65,6650
7,3060	-27,582	65,6700
7,3038	-27,584	65,6750
7,3080	-27,586	65,6800
7,3047	-27,588	65,6850
7,3061	-27,590	65,6900
7,3158	-27,593	65,6950
7,3088	-27,595	65,7000
7,2917	-27,597	65,7050
7,2930	-27,599	65,7100
7,2969	-27,601	65,7150
7,2933	-27,603	65,7200
7,2993	-27,605	65,7250
7,3111	-27,607	65,7300
7,3073	-27,609	65,7350
7,3036	-27,611	65,7400
7,3103	-27,614	65,7450
7,3078	-27,616	65,7500
7,3138	-27,618	65,7550
7,3175	-27,620	65,7600
7,3071	-27,622	65,7650
7,3051	-27,624	65,7700
7,3173	-27,626	65,7750
7,3165	-27,628	65,7800
7,3107	-27,630	65,7850
7,3210	-27,632	65,7900
7,3253	-27,635	65,7950
7,3189	-27,637	65,8000
7,3201	-27,639	65,8050
7,3207	-27,641	65,8100
7,3165	-27,643	65,8150
7,3247	-27,645	65,8200
7,3263	-27,647	65,8250
7,3182	-27,649	65,8300
7,3144	-27,651	65,8350
7,3164	-27,653	65,8400
7,3105	-27,656	65,8450
7,3201	-27,658	65,8500
7,3316	-27,660	65,8550
7,3247	-27,662	65,8600
7,3147	-27,664	65,8650
7,3251	-27,666	65,8700
7,3272	-27,668	65,8750
7,3301	-27,670	65,8800
7,3336	-27,672	65,8850
7,3340	-27,674	65,8900
7,3265	-27,677	65,8950
7,3339	-27,679	65,9000
7,3333	-27,681	65,9050
7,3213	-27,683	65,9100
7,3265	-27,685	65,9150
7,3390	-27,687	65,9200
7,3408	-27,689	65,9250
7,3311	-27,691	65,9300
7,3347	-27,693	65,9350
7,3321	-27,695	65,9400
7,3316	-27,698	65,9450
7,3342	-27,700	65,9500
7,3310	-27,702	65,9550
7,3253	-27,704	65,9600
7,3341	-27,706	65,9650
7,3411	-27,708	65,9700
7,3367	-27,710	65,9750
7,3326	-27,712	65,9800
7,3313	-27,714	65,9850
7,3312	-27,716	65,9900
7,3384	-27,719	65,9950
7,3388	-27,721	66,0000
7,3333	-27,723	66,0050
7,3391	-27,725	66,0100
7,3454	-27,727	66,0150
7,3423	-27,729	66,0200
7,3379	-27,731	66,0250
7,3431	-27,733	66,0300
7,3391	-27,735	66,0350
7,3367	-27,737	66,0400
7,3474	-27,740	66,0450
7,3381	-27,742	66,0500
7,3249	-27,744	66,0550
7,3343	-27,746	66,0600
7,3445	-27,748	66,0650
7,3465	-27,750	66,0700
7,3482	-27,752	66,0750
7,3445	-27,754	66,0800
7,3375	-27,756	66,0850
7,3428	-27,758	66,0900
7,3466	-27,761	66,0950
7,3359	-27,763	66,1000
7,3389	-27,765	66,1050
7,3462	-27,767	66,1100
7,3493	-27,769	66,1150
7,3435	-27,771	66,1200
7,3536	-27,773	66,1250
7,3556	-27,775	66,1300
7,3511	-27,777	66,1350
7,3609	-27,779	66,1400
7,3652	-27,782	66,1450
7,3556	-27,784	66,1500
7,3611	-27,786	66,1550
7,3574	-27,788	66,1600
7,3593	-27,790	66,1650
7,3589	-27,792	66,1700
7,3583	-27,794	66,1750
7,3532	-27,796	66,1800
7,3586	-27,798	66,1850
7,3631	-27,800	66,1900
7,3529	-27,803	66,1950
7,3561	-27,805	66,2000
7,3612	-27,807	66,2050
7,3533	-27,809	66,2100
7,3490	-27,811	66,2150
7,3635	-27,813	66,2200
7,3702	-27,815	66,2250
7,3691	-27,817	66,2300
7,3693	-27,819	66,2350
7,3666	-27,821	66,2400
7,3579	-27,824	66,2450
7,3654	-27,826	66,2500
7,3646	-27,828	66,2550
7,3591	-27,830	66,2600
7,3681	-27,832	66,2650
7,3759	-27,834	66,2700
7,3691	-27,836	66,2750
7,3728	-27,838	66,2800
7,3733	-27,840	66,2850
7,3617	-27,842	66,2900
7,3595	-27,845	66,2950
7,3645	-27,847	66,3000
7,3620	-27,849	66,3050
7,3587	-27,851	66,3100
7,3680	-27,853	66,3150
7,3720	-27,855	66,3200
7,3721	-27,857	66,3250
7,3781	-27,859	66,3300
7,3733	-27,861	66,3350
7,3601	-27,863	66,3400
7,3680	-27,866	66,3450
7,3747	-27,868	66,3500
7,3745	-27,870	66,3550
7,3783	-27,872	66,3600
7,3835	-27,874	66,3650
7,3807	-27,876	66,3700
7,3798	-27,878	66,3750
7,3770	-27,880	66,3800
7,3709	-27,882	66,3850
7,3748	-27,884	66,3900
7,3860	-27,887	66,3950
7,3817	-27,889	66,4000
7,3774	-27,891	66,4050
7,3780	-27,893	66,4100
7,3724	-27,895	66,4150
7,3727	-27,897	66,4200
7,3858	-27,899	66,4250
7,3865	-27,901	66,4300
7,3744	-27,903	66,4350
7,3759	-27,905	66,4400
7,3710	-27,908	66,4450
7,3739	-27,910	66,4500
7,3816	-27,912	66,4550
7,3877	-27,914	66,4600
7,3833	-27,916	66,4650
7,3852	-27,918	66,4700
7,3869	-27,920	66,4750
7,3781	-27,922	66,4800
7,3780	-27,924	66,4850
7,3854	-27,926	66,4900
7,3827	-27,929	66,4950
7,3865	-27,931	66,5000
7,3992	-27,933	66,5050
7,3971	-27,935	66,5100
7,3857	-27,937	66,5150
7,3901	-27,939	66,5200
7,3919	-27,941	66,5250
7,3828	-27,943	66,5300
7,3882	-27,945	66,5350
7,3881	-27,947	66,5400
7,3869	-27,950	66,5450
7,3878	-27,952	66,5500
7,3952	-27,954	66,5550
7,3868	-27,956	66,5600
7,3878	-27,958	66,5650
7,3987	-27,960	66,5700
7,4010	-27,962	66,5750
7,3956	-27,964	66,5800
7,4091	-27,966	66,5850
7,4083	-27,968	66,5900
7,3965	-27,971	66,5950
7,4011	-27,973	66,6000
7,4031	-27,975	66,6050
7,3983	-27,977	66,6100
7,4079	-27,979	66,6150
7,4102	-27,981	66,6200
7,4032	-27,983	66,6250
7,4039	-27,985	66,6300
7,3995	-27,987	66,6350
7,3934	-27,989	66,6400
7,3966	-27,992	66,6450
7,4100	-27,994	66,6500
7,4019	-27,996	66,6550
7,4040	-27,998	66,6600
7,4127	-28,000	66,6650
7,4039	-28,002	66,6700
7,3960	-28,004	66,6750
7,4087	-28,006	66,6800
7,4087	-28,008	66,6850
7,4049	-28,010	66,6900
7,4083	-28,013	66,6950
7,4130	-28,015	66,7000
7,4049	-28,017	66,7050
7,4099	-28,019	66,7100
7,4123	-28,021	66,7150
7,4040	-28,023	66,7200
7,4110	-28,025	66,7250
7,4123	-28,027	66,7300
7,4050	-28,029	66,7350
7,4110	-28,031	66,7400
7,4143	-28,034	66,7450
7,4060	-28,036	66,7500
7,4112	-28,038	66,7550
7,4222	-28,040	66,7600
7,4184	-28,042	66,7650
7,4072	-28,044	66,7700
7,4159	-28,046	66,7750
7,4115	-28,048	66,7800
7,4087	-28,050	66,7850
7,4171	-28,052	66,7900
7,4187	-28,055	66,7950
7,4152	-28,057	66,8000
7,4227	-28,059	66,8050
7,4240	-28,061	66,8100
7,4138	-28,063	66,8150
7,4134	-28,065	66,8200
7,4236	-28,067	66,8250
7,4250	-28,069	66,8300
7,4245	-28,071	66,8350
7,4318	-28,073	66,8400
7,4224	-28,076	66,8450
7,4214	-28,078	66,8500
7,4274	-28,080	66,8550
7,4238	-28,082	66,8600
7,4179	-28,084	66,8650
7,4270	-28,086	66,8700
7,4268	-28,088	66,8750
7,4239	-28,090	66,8800
7,4269	-28,092	66,8850
7,4279	-28,094	66,8900
7,4195	-28,097	66,8950
7,4286	-28,099	66,9000
7,4414	-28,101	66,9050
7,4355	-28,103	66,9100
7,4295	-28,105	66,9150
7,4266	-28,107	66,9200
7,4298	-28,109	66,9250
7,4287	-28,111	66,9300
7,4289	-28,113	66,9350
7,4236	-28,115	66,9400
7,4270	-28,118	66,9450
7,4383	-28,120	66,9500
7,4373	-28,122	66,9550
7,4322	-28,124	66,9600
7,4356	-28,126	66,9650
7,4339	-28,128	66,9700
7,4277	-28,130	66,9750
7,4324	-28,132	66,9800
7,4349	-28,134	66,9850
7,4306	-28,136	66,9900
7,4370	-28,139	66,9950
7,4427	-28,141	67,0000
7,4312	-28,143	67,0050
7,4302	-28,145	67,0100
7,4355	-28,147	67,0150
7,4293	-28,149	67,0200
7,4285	-28,151	67,0250
7,4376	-28,153	67,0300
7,4352	-28,155	67,0350
7,4324	-28,157	67,0400
7,4401	-28,160	67,0450
7,4432	-28,162	67,0500
7,4385	-28,164	67,0550
7,4405	-28,166	67,0600
7,4389	-28,168	67,0650
7,4337	-28,170	67,0700
7,4423	-28,172	67,0750
7,4497	-28,174	67,0800
7,4348	-28,176	67,0850
7,4396	-28,178	67,0900
7,4447	-28,181	67,0950
7,4312	-28,183	67,1000
7,4309	-28,185	67,1050
7,4382	-28,187	67,1100
7,4474	-28,189	67,1150
7,4525	-28,191	67,1200
7,4492	-28,193	67,1250
7,4472	-28,195	67,1300
7,4437	-28,197	67,1350
7,4544	-28,199	67,1400
7,4552	-28,202	67,1450
7,4498	-28,204	67,1500
7,4567	-28,206	67,1550
7,4523	-28,208	67,1600
7,4451	-28,210	67,1650
7,4523	-28,212	67,1700
7,4586	-28,214	67,1750
7,4532	-28,216	67,1800
7,4630	-28,218	67,1850
7,4649	-28,220	67,1900
7,4497	-28,223	67,1950
7,4445	-28,225	67,2000
7,4568	-28,227	67,2050
7,4633	-28,229	67,2100
7,4598	-28,231	67,2150
7,4637	-28,233	67,2200
7,4574	-28,235	67,2250
7,4504	-28,237	67,2300
7,4576	-28,239	67,2350
7,4646	-28,241	67,2400
7,4579	-28,244	67,2450
7,4626	-28,246	67,2500
7,4656	-28,248	67,2550
7,4620	-28,250	67,2600
7,4638	-28,252	67,2650
7,4734	-28,254	67,2700
7,4720	-28,256	67,2750
7,4690	-28,258	67,2800
7,4670	-28,260	67,2850
7,4529	-28,262	67,2900
7,4590	-28,265	67,2950
7,4735	-28,267	67,3000
7,4711	-28,269	67,3050
7,4638	-28,271	67,3100
7,4732	-28,273	67,3150
7,4664	-28,275	67,3200
7,4610	-28,277	67,3250
7,4709	-28,279	67,3300
7,4713	-28,281	67,3350
7,4715	-28,283	67,3400
7,4757	-28,286	67,3450
7,4711	-28,288	67,3500
7,4660	-28,290	67,3550
7,4698	-28,292	67,3600
7,4762	-28,294	67,3650
7,4715	-28,296	67,3700
7,4748	-28,298	67,3750
7,4796	-28,300	67,3800
7,4700	-28,302	67,3850
7,4659	-28,304	67,3900
7,4748	-28,307	67,3950
7,4761	-28,309	67,4000
7,4706	-28,311	67,4050
7,4809	-28,313	67,4100
7,4860	-28,315	67,4150
7,4761	-28,317	67,4200
7,4755	-28,319	67,4250
7,4706	-28,321	67,4300
7,4682	-28,323	67,4350
7,4785	-28,325	67,4400
7,4842	-28,328	67,4450
7,4779	-28,330	67,4500
7,4819	-28,332	67,4550
7,4938	-28,334	67,4600
7,4838	-28,336	67,4650
7,4794	-28,338	67,4700
7,4870	-28,340	67,4750
7,4856	-28,342	67,4800
7,4787	-28,344	67,4850
7,4861	-28,346	67,4900
7,4874	-28,349	67,4950
7,4840	-28,351	67,5000
7,4911	-28,353	67,5050
7,4868	-28,355	67,5100
7,4805	-28,357	67,5150
7,4904	-28,359	67,5200
7,4947	-28,361	67,5250
7,4876	-28,363	67,5300
7,4929	-28,365	67,5350
7,4918	-28,367	67,5400
7,4812	-28,370	67,5450
7,4873	-28,372	67,5500
7,5014	-28,374	67,5550
7,4945	-28,376	67,5600
7,4970	-28,378	67,5650
7,5050	-28,380	67,5700
7,5008	-28,382	67,5750
7,4978	-28,384	67,5800
7,5018	-28,386	67,5850
7,5009	-28,388	67,5900
7,4958	-28,391	67,5950
7,4990	-28,393	67,6000
7,4949	-28,395	67,6050
7,4873	-28,397	67,6100
7,4992	-28,399	67,6150
7,5046	-28,401	67,6200
7,4928	-28,403	67,6250
7,5019	-28,405	67,6300
7,5126	-28,407	67,6350
7,5012	-28,409	67,6400
7,4914	-28,412	67,6450
7,5046	-28,414	67,6500
7,5052	-28,416	67,6550
7,5114	-28,418	67,6600
7,5197	-28,420	67,6650
7,5117	-28,422	67,6700
7,4969	-28,424	67,6750
7,5074	-28,426	67,6800
7,5061	-28,428	67,6850
7,5018	-28,430	67,6900
7,5102	-28,433	67,6950
7,5110	-28,435	67,7000
7,5021	-28,437	67,7050
7,5081	-28,439	67,7100
7,5139	-28,441	67,7150
7,5057	-28,443	67,7200
7,5120	-28,445	67,7250
7,5191	-28,447	67,7300
7,5079	-28,449	67,7350
7,5029	-28,451	67,7400
7,5149	-28,454	67,7450
7,5137	-28,456	67,7500
7,5103	-28,458	67,7550
7,5138	-28,460	67,7600
7,5049	-28,462	67,7650
7,5071	-28,464	67,7700
7,5233	-28,466	67,7750
7,5213	-28,468	67,7800
7,5140	-28,470	67,7850
7,5198	-28,472	67,7900
7,5193	-28,475	67,7950
7,5154	-28,477	67,8000
7,5231	-28,479	67,8050
7,5232	-28,481	67,8100
7,5183	-28,483	67,8150
7,5166	-28,485	67,8200
7,5193	-28,487	67,8250
7,5126	-28,489	67,8300
7,5164	-28,491	67,8350
7,5244	-28,493	67,8400
7,5234	-28,496	67,8450
7,5203	-28,498	67,8500
7,5268	-28,500	67,8550
7,5238	-28,502	67,8600
7,5247	-28,504	67,8650
7,5275	-28,506	67,8700
7,5213	-28,508	67,8750
7,5257	-28,510	67,8800
7,5384	-28,512	67,8850
7,5279	-28,514	67,8900
7,5146	-28,517	67,8950
7,5253	-28,519	67,9000
7,5283	-28,521	67,9050
7,5210	-28,523	67,9100
7,5218	-28,525	67,9150
7,5289	-28,527	67,9200
7,5292	-28,529	67,9250
7,5304	-28,531	67,9300
7,5374	-28,533	67,9350
7,5330	-28,535	67,9400
7,5386	-28,538	67,9450
7,5442	-28,540	67,9500
7,5302	-28,542	67,9550
7,5181	-28,544	67,9600
7,5316	-28,546	67,9650
7,5341	-28,548	67,9700
7,5278	-28,550	67,9750
7,5329	-28,552	67,9800
7,5328	-28,554	67,9850
7,5308	-28,556	67,9900
7,5378	-28,559	67,9950
7,5396	-28,561	68,0000
7,5362	-28,563	68,0050
7,5467	-28,565	68,0100
7,5519	-28,567	68,0150
7,5429	-28,569	68,0200
7,5350	-28,571	68,0250
7,5387	-28,573	68,0300
7,5365	-28,575	68,0350
7,5356	-28,577	68,0400
7,5451	-28,580	68,0450
7,5417	-28,582	68,0500
7,5381	-28,584	68,0550
7,5433	-28,586	68,0600
7,5403	-28,588	68,0650
7,5373	-28,590	68,0700
7,5380	-28,592	68,0750
7,5445	-28,594	68,0800
7,5417	-28,596	68,0850
7,5499	-28,598	68,0900
7,5475	-28,601	68,0950
7,5446	-28,603	68,1000
7,5516	-28,605	68,1050
7,5572	-28,607	68,1100
7,5482	-28,609	68,1150
7,5433	-28,611	68,1200
7,5578	-28,613	68,1250
7,5534	-28,615	68,1300
7,5545	-28,617	68,1350
7,5575	-28,619	68,1400
7,5496	-28,622	68,1450
7,5462	-28,624	68,1500
7,5590	-28,626	68,1550
7,5632	-28,628	68,1600
7,5563	-28,630	68,1650
7,5522	-28,632	68,1700
7,5569	-28,634	68,1750
7,5507	-28,636	68,1800
7,5545	-28,638	68,1850
7,5549	-28,640	68,1900
7,5505	-28,643	68,1950
7,5551	-28,645	68,2000
7,5656	-28,647	68,2050
7,5627	-28,649	68,2100
7,5608	-28,651	68,2150
7,5655	-28,653	68,2200
7,5620	-28,655	68,2250
7,5578	-28,657	68,2300
7,5640	-28,659	68,2350
7,5669	-28,661	68,2400
7,5573	-28,664	68,2450
7,5658	-28,666	68,2500
7,5666	-28,668	68,2550
7,5623	-28,670	68,2600
7,5599	-28,672	68,2650
7,5625	-28,674	68,2700
7,5527	-28,676	68,2750
7,5543	-28,678	68,2800
7,5668	-28,680	68,2850
7,5700	-28,682	68,2900
7,5708	-28,685	68,2950
7,5789	-28,687	68,3000
7,5697	-28,689	68,3050
7,5636	-28,691	68,3100
7,5750	-28,693	68,3150
7,5799	-28,695	68,3200
7,5684	-28,697	68,3250
7,5686	-28,699	68,3300
7,5689	-28,701	68,3350
7,5631	-28,703	68,3400
7,5698	-28,706	68,3450
7,5762	-28,708	68,3500
7,5692	-28,710	68,3550
7,5633	-28,712	68,3600
7,5686	-28,714	68,3650
7,5647	-28,716	68,3700
7,5692	-28,718	68,3750
7,5738	-28,720	68,3800
7,5736	-28,722	68,3850
7,5771	-28,724	68,3900
7,5878	-28,727	68,3950
7,5787	-28,729	68,4000
7,5728	-28,731	68,4050
7,5844	-28,733	68,4100
7,5801	-28,735	68,4150
7,5761	-28,737	68,4200
7,5873	-28,739	68,4250
7,5795	-28,741	68,4300
7,5699	-28,743	68,4350
7,5765	-28,745	68,4400
7,5795	-28,748	68,4450
7,5820	-28,750	68,4500
7,5818	-28,752	68,4550
7,5889	-28,754	68,4600
7,5877	-28,756	68,4650
7,5925	-28,758	68,4700
7,5920	-28,760	68,4750
7,5833	-28,762	68,4800
7,5804	-28,764	68,4850
7,5852	-28,766	68,4900
7,5789	-28,769	68,4950
7,5710	-28,771	68,5000
7,5877	-28,773	68,5050
7,5985	-28,775	68,5100
7,5923	-28,777	68,5150
7,5918	-28,779	68,5200
7,5932	-28,781	68,5250
7,5926	-28,783	68,5300
7,5984	-28,785	68,5350
7,5959	-28,787	68,5400
7,5927	-28,790	68,5450
7,5928	-28,792	68,5500
7,6008	-28,794	68,5550
7,5968	-28,796	68,5600
7,5924	-28,798	68,5650
7,5966	-28,800	68,5700
7,5897	-28,802	68,5750
7,5934	-28,804	68,5800
7,6029	-28,806	68,5850
7,5973	-28,808	68,5900
7,5932	-28,811	68,5950
7,6008	-28,813	68,6000
7,6037	-28,815	68,6050
7,6007	-28,817	68,6100
7,6052	-28,819	68,6150
7,5941	-28,821	68,6200
7,5854	-28,823	68,6250
7,5944	-28,825	68,6300
7,5988	-28,827	68,6350
7,5964	-28,829	68,6400
7,6046	-28,832	68,6450
7,6204	-28,834	68,6500
7,6060	-28,836	68,6550
7,5985	-28,838	68,6600
7,6018	-28,840	68,6650
7,6002	-28,842	68,6700
7,6032	-28,844	68,6750
7,6126	-28,846	68,6800
7,6073	-28,848	68,6850
7,6010	-28,850	68,6900
7,6019	-28,853	68,6950
7,6066	-28,855	68,7000
7,6115	-28,857	68,7050
7,6197	-28,859	68,7100
7,6154	-28,861	68,7150
7,6070	-28,863	68,7200
7,6133	-28,865	68,7250
7,6166	-28,867	68,7300
7,6092	-28,869	68,7350
7,6067	-28,871	68,7400
7,6105	-28,874	68,7450
7,6065	-28,876	68,7500
7,6094	-28,878	68,7550
7,6180	-28,880	68,7600
7,6166	-28,882	68,7650
7,6103	-28,884	68,7700
7,6150	-28,886	68,7750
7,6122	-28,888	68,7800
7,6138	-28,890	68,7850
7,6251	-28,892	68,7900
7,6253	-28,895	68,7950
7,6165	-28,897	68,8000
7,6280	-28,899	68,8050
7,6298	-28,901	68,8100
7,6165	-28,903	68,8150
7,6165	-28,905	68,8200
7,6232	-28,907	68,8250
7,6225	-28,909	68,8300
7,6194	-28,911	68,8350
7,6268	-28,913	68,8400
7,6181	-28,916	68,8450
7,6168	-28,918	68,8500
7,6286	-28,920	68,8550
7,6274	-28,922	68,8600
7,6181	-28,924	68,8650
7,6247	-28,926	68,8700
7,6228	-28,928	68,8750
7,6141	-28,930	68,8800
7,6155	-28,932	68,8850
7,6232	-28,934	68,8900
7,6306	-28,937	68,8950
7,6369	-28,939	68,9000
7,6314	-28,941	68,9050
7,6261	-28,943	68,9100
7,6320	-28,945	68,9150
7,6304	-28,947	68,9200
7,6286	-28,949	68,9250
7,6317	-28,951	68,9300
7,6386	-28,953	68,9350
7,6295	-28,955	68,9400
7,6252	-28,958	68,9450
7,6256	-28,960	68,9500
7,6307	-28,962	68,9550
7,6338	-28,964	68,9600
7,6380	-28,966	68,9650
7,6287	-28,968	68,9700
7,6231	-28,970	68,9750
7,6332	-28,972	68,9800
7,6421	-28,974	68,9850
7,6384	-28,976	68,9900
7,6417	-28,979	68,9950
7,6367	-28,981	69,0000
7,6258	-28,983	69,0050
7,6307	-28,985	69,0100
7,6340	-28,987	69,0150
7,6316	-28,989	69,0200
7,6376	-28,991	69,0250
7,6509	-28,993	69,0300
7,6432	-28,995	69,0350
7,6310	-28,997	69,0400
7,6372	-29,000	69,0450
7,6337	-29,002	69,0500
7,6277	-29,004	69,0550
7,6377	-29,006	69,0600
7,6397	-29,008	69,0650
7,6387	-29,010	69,0700
7,6508	-29,012	69,0750
7,6527	-29,014	69,0800
7,6446	-29,016	69,0850
7,6511	-29,018	69,0900
7,6508	-29,021	69,0950
7,6424	-29,023	69,1000
7,6453	-29,025	69,1050
7,6495	-29,027	69,1100
7,6463	-29,029	69,1150
7,6420	-29,031	69,1200
7,6453	-29,033	69,1250
7,6465	-29,035	69,1300
7,6449	-29,037	69,1350
7,6481	-29,039	69,1400
7,6444	-29,042	69,1450
7,6433	-29,044	69,1500
7,6597	-29,046	69,1550
7,6654	-29,048	69,1600
7,6517	-29,050	69,1650
7,6542	-29,052	69,1700
7,6560	-29,054	69,1750
7,6470	-29,056	69,1800
7,6570	-29,058	69,1850
7,6606	-29,060	69,1900
7,6484	-29,063	69,1950
7,6503	-29,065	69,2000
7,6606	-29,067	69,2050
7,6561	-29,069	69,2100
7,6511	-29,071	69,2150
7,6565	-29,073	69,2200
7,6517	-29,075	69,2250
7,6513	-29,077	69,2300
7,6592	-29,079	69,2350
7,6524	-29,081	69,2400
7,6495	-29,084	69,2450
7,6680	-29,086	69,2500
7,6667	-29,088	69,2550
7,6621	-29,090	69,2600
7,6659	-29,092	69,2650
7,6727	-29,094	69,2700
7,6700	-29,096	69,2750
7,6682	-29,098	69,2800
7,6695	-29,100	69,2850
7,6588	-29,102	69,2900
7,6598	-29,105	69,2950
7,6709	-29,107	69,3000
7,6661	-29,109	69,3050
7,6667	-29,111	69,3100
7,6775	-29,113	69,3150
7,6748	-29,115	69,3200
7,6682	-29,117	69,3250
7,6698	-29,119	69,3300
7,6672	-29,121	69,3350
7,6668	-29,123	69,3400
7,6759	-29,126	69,3450
7,6808	-29,128	69,3500
7,6762	-29,130	69,3550
7,6758	-29,132	69,3600
7,6755	-29,134	69,3650
7,6646	-29,136	69,3700
7,6692	-29,138	69,3750
7,6808	-29,140	69,3800
7,6748	-29,142	69,3850
7,6740	-29,144	69,3900
7,6795	-29,147	69,3950
7,6702	-29,149	69,4000
7,6705	-29,151	69,4050
7,6793	-29,153	69,4100
7,6771	-29,155	69,4150
7,6740	-29,157	69,4200
7,6785	-29,159	69,4250
7,6743	-29,161	69,4300
7,6693	-29,163	69,4350
7,6816	-29,165	69,4400
7,6822	-29,168	69,4450
7,6752	-29,170	69,4500
7,6781	-29,172	69,4550
7,6876	-29,174	69,4600
7,6806	-29,176	69,4650
7,6792	-29,178	69,4700
7,6815	-29,180	69,4750
7,6867	-29,182	69,4800
7,6912	-29,184	69,4850
7,6949	-29,186	69,4900
7,6904	-29,189	69,4950
7,6853	-29,191	69,5000
7,6808	-29,193	69,5050
7,6733	-29,195	69,5100
7,6767	-29,197	69,5150
7,6922	-29,199	69,5200
7,6978	-29,201	69,5250
7,6962	-29,203	69,5300
7,6967	-29,205	69,5350
7,6925	-29,207	69,5400
7,6842	-29,210	69,5450
7,6862	-29,212	69,5500
7,6941	-29,214	69,5550
7,6918	-29,216	69,5600
7,6892	-29,218	69,5650
7,6885	-29,220	69,5700
7,6864	-29,222	69,5750
7,6908	-29,224	69,5800
7,7010	-29,226	69,5850
7,6927	-29,228	69,5900
7,6866	-29,231	69,5950
7,6990	-29,233	69,6000
7,7024	-29,235	69,6050
7,6971	-29,237	69,6100
7,6962	-29,239	69,6150
7,6947	-29,241	69,6200
7,6923	-29,243	69,6250
7,7014	-29,245	69,6300
7,7058	-29,247	69,6350
7,7007	-29,249	69,6400
7,6948	-29,252	69,6450
7,6984	-29,254	69,6500
7,6912	-29,256	69,6550
7,6924	-29,258	69,6600
7,7019	-29,260	69,6650
7,7033	-29,262	69,6700
7,7027	-29,264	69,6750
7,7123	-29,266	69,6800
7,7042	-29,268	69,6850
7,7036	-29,270	69,6900
7,7086	-29,273	69,6950
7,7088	-29,275	69,7000
7,6953	-29,277	69,7050
7,7040	-29,279	69,7100
7,7141	-29,281	69,7150
7,7134	-29,283	69,7200
7,7145	-29,285	69,7250
7,7153	-29,287	69,7300
7,7133	-29,289	69,7350
7,7109	-29,291	69,7400
7,7183	-29,294	69,7450
7,7120	-29,296	69,7500
7,7116	-29,298	69,7550
7,7152	-29,300	69,7600
7,7098	-29,302	69,7650
7,7076	-29,304	69,7700
7,7200	-29,306	69,7750
7,7151	-29,308	69,7800
7,7098	-29,310	69,7850
7,7200	-29,312	69,7900
7,7188	-29,315	69,7950
7,7064	-29,317	69,8000
7,7189	-29,319	69,8050
7,7266	-29,321	69,8100
7,7171	-29,323	69,8150
7,7217	-29,325	69,8200
7,7319	-29,327	69,8250
7,7239	-29,329	69,8300
7,7185	-29,331	69,8350
7,7212	-29,333	69,8400
7,7141	-29,336	69,8450
7,7166	-29,338	69,8500
7,7246	-29,340	69,8550
7,7226	-29,342	69,8600
7,7243	-29,344	69,8650
7,7371	-29,346	69,8700
7,7347	-29,348	69,8750
7,7280	-29,350	69,8800
7,7312	-29,352	69,8850
7,7340	-29,354	69,8900
7,7245	-29,357	69,8950
7,7295	-29,359	69,9000
7,7299	-29,361	69,9050
7,7201	-29,363	69,9100
7,7269	-29,365	69,9150
7,7346	-29,367	69,9200
7,7284	-29,369	69,9250
7,7235	-29,371	69,9300
7,7263	-29,373	69,9350
7,7299	-29,375	69,9400
7,7389	-29,378	69,9450
7,7406	-29,380	69,9500
7,7327	-29,382	69,9550
7,7286	-29,384	69,9600
7,7409	-29,386	69,9650
7,7394	-29,388	69,9700
7,7369	-29,390	69,9750
7,7403	-29,392	69,9800
7,7434	-29,394	69,9850
7,7368	-29,396	69,9900
7,7497	-29,399	69,9950
7,7492	-29,401	70,0000
7,7366	-29,403	70,0050
7,7362	-29,405	70,0100
7,7423	-29,407	70,0150
7,7410	-29,409	70,0200
7,7347	-29,411	70,0250
7,7402	-29,413	70,0300
7,7335	-29,415	70,0350
7,7319	-29,417	70,0400
7,7456	-29,420	70,0450
7,7444	-29,422	70,0500
7,7400	-29,424	70,0550
7,7512	-29,426	70,0600
7,7501	-29,428	70,0650
7,7447	-29,430	70,0700
7,7484	-29,432	70,0750
7,7490	-29,434	70,0800
7,7402	-29,436	70,0850
7,7444	-29,438	70,0900
7,7509	-29,441	70,0950
7,7433	-29,443	70,1000
7,7430	-29,445	70,1050
7,7534	-29,447	70,1100
7,7518	-29,449	70,1150
7,7483	-29,451	70,1200
7,7562	-29,453	70,1250
7,7507	-29,455	70,1300
7,7474	-29,457	70,1350
7,7648	-29,459	70,1400
7,7569	-29,462	70,1450
7,7474	-29,464	70,1500
7,7561	-29,466	70,1550
7,7517	-29,468	70,1600
7,7486	-29,470	70,1650
7,7541	-29,472	70,1700
7,7606	-29,474	70,1750
7,7483	-29,476	70,1800
7,7507	-29,478	70,1850
7,7528	-29,480	70,1900
7,7511	-29,483	70,1950
7,7550	-29,485	70,2000
7,7621	-29,487	70,2050
7,7627	-29,489	70,2100
7,7631	-29,491	70,2150
7,7639	-29,493	70,2200
7,7576	-29,495	70,2250
7,7563	-29,497	70,2300
7,7638	-29,499	70,2350
7,7576	-29,501	70,2400
7,7473	-29,504	70,2450
7,7585	-29,506	70,2500
7,7562	-29,508	70,2550
7,7580	-29,510	70,2600
7,7691	-29,512	70,2650
7,7756	-29,514	70,2700
7,7601	-29,516	70,2750
7,7626	-29,518	70,2800
7,7718	-29,520	70,2850
7,7647	-29,522	70,2900
7,7648	-29,525	70,2950
7,7712	-29,527	70,3000
7,7631	-29,529	70,3050
7,7616	-29,531	70,3100
7,7766	-29,533	70,3150
7,7740	-29,535	70,3200
7,7642	-29,537	70,3250
7,7704	-29,539	70,3300
7,7665	-29,541	70,3350
7,7606	-29,543	70,3400
7,7726	-29,546	70,3450
7,7749	-29,548	70,3500
7,7703	-29,550	70,3550
7,7700	-29,552	70,3600
7,7777	-29,554	70,3650
7,7703	-29,556	70,3700
7,7687	-29,558	70,3750
7,7763	-29,560	70,3800
7,7715	-29,562	70,3850
7,7763	-29,564	70,3900
7,7852	-29,567	70,3950
7,7790	-29,569	70,4000
7,7752	-29,571	70,4050
7,7837	-29,573	70,4100
7,7833	-29,575	70,4150
7,7777	-29,577	70,4200
7,7778	-29,579	70,4250
7,7716	-29,581	70,4300
7,7710	-29,583	70,4350
7,7803	-29,585	70,4400
7,7814	-29,588	70,4450
7,7787	-29,590	70,4500
7,7860	-29,592	70,4550
7,7884	-29,594	70,4600
7,7723	-29,596	70,4650
7,7749	-29,598	70,4700
7,7845	-29,600	70,4750
7,7748	-29,602	70,4800
7,7785	-29,604	70,4850
7,7946	-29,606	70,4900
7,7910	-29,609	70,4950
7,7885	-29,611	70,5000
7,7980	-29,613	70,5050
7,7980	-29,615	70,5100
7,7885	-29,617	70,5150
7,7907	-29,619	70,5200
7,7869	-29,621	70,5250
7,7872	-29,623	70,5300
7,7954	-29,625	70,5350
7,7881	-29,627	70,5400
7,7812	-29,630	70,5450
7,7787	-29,632	70,5500
7,7966	-29,634	70,5550
7,7946	-29,636	70,5600
7,7887	-29,638	70,5650
7,7919	-29,640	70,5700
7,7906	-29,642	70,5750
7,7940	-29,644	70,5800
7,7995	-29,646	70,5850
7,7910	-29,648	70,5900
7,7881	-29,651	70,5950
7,7949	-29,653	70,6000
7,7908	-29,655	70,6050
7,7858	-29,657	70,6100
7,8015	-29,659	70,6150
7,8106	-29,661	70,6200
7,8022	-29,663	70,6250
7,8005	-29,665	70,6300
7,7975	-29,667	70,6350
7,7889	-29,669	70,6400
7,7934	-29,672	70,6450
7,8107	-29,674	70,6500
7,7980	-29,676	70,6550
7,7930	-29,678	70,6600
7,8037	-29,680	70,6650
7,7985	-29,682	70,6700
7,8076	-29,684	70,6750
7,8209	-29,686	70,6800
7,8076	-29,688	70,6850
7,7977	-29,690	70,6900
7,8069	-29,693	70,6950
7,8108	-29,695	70,7000
7,8004	-29,697	70,7050
7,8022	-29,699	70,7100
7,7989	-29,701	70,7150
7,7992	-29,703	70,7200
7,8085	-29,705	70,7250
7,8091	-29,707	70,7300
7,8078	-29,709	70,7350
7,8108	-29,711	70,7400
7,8218	-29,714	70,7450
7,8103	-29,716	70,7500
7,8058	-29,718	70,7550
7,8090	-29,720	70,7600
7,8079	-29,722	70,7650
7,8068	-29,724	70,7700
7,8178	-29,726	70,7750
7,8195	-29,728	70,7800
7,8119	-29,730	70,7850
7,8192	-29,732	70,7900
7,8242	-29,735	70,7950
7,8155	-29,737	70,8000
7,8188	-29,739	70,8050
7,8201	-29,741	70,8100
7,8094	-29,743	70,8150
7,8142	-29,745	70,8200
7,8221	-29,747	70,8250
7,8212	-29,749	70,8300
7,8192	-29,751	70,8350
7,8233	-29,753	70,8400
7,8138	-29,756	70,8450
7,8135	-29,758	70,8500
7,8268	-29,760	70,8550
7,8271	-29,762	70,8600
7,8240	-29,764	70,8650
7,8313	-29,766	70,8700
7,8240	-29,768	70,8750
7,8156	-29,770	70,8800
7,8198	-29,772	70,8850
7,8247	-29,774	70,8900
7,8253	-29,777	70,8950
7,8322	-29,779	70,9000
7,8282	-29,781	70,9050
7,8184	-29,783	70,9100
7,8210	-29,785	70,9150
7,8313	-29,787	70,9200
7,8275	-29,789	70,9250
7,8272	-29,791	70,9300
7,8413	-29,793	70,9350
7,8335	-29,795	70,9400
7,8249	-29,798	70,9450
7,8316	-29,800	70,9500
7,8283	-29,802	70,9550
7,8230	-29,804	70,9600
7,8340	-29,806	70,9650
7,8364	-29,808	70,9700
7,8332	-29,810	70,9750
7,8371	-29,812	70,9800
7,8379	-29,814	70,9850
7,8271	-29,816	70,9900
7,8271	-29,819	70,9950
7,8302	-29,821	71,0000
7,8296	-29,823	71,0050
7,8357	-29,825	71,0100
7,8435	-29,827	71,0150
7,8380	-29,829	71,0200
7,8375	-29,831	71,0250
7,8535	-29,833	71,0300
7,8478	-29,835	71,0350
7,8404	-29,837	71,0400
7,8434	-29,840	71,0450
7,8444	-29,842	71,0500
7,8410	-29,844	71,0550
7,8484	-29,846	71,0600
7,8462	-29,848	71,0650
7,8425	-29,850	71,0700
7,8435	-29,852	71,0750
7,8446	-29,854	71,0800
7,8401	-29,856	71,0850
7,8519	-29,858	71,0900
7,8495	-29,861	71,0950
7,8314	-29,863	71,1000
7,8345	-29,865	71,1050
7,8504	-29,867	71,1100
7,8523	-29,869	71,1150
7,8502	-29,871	71,1200
7,8563	-29,873	71,1250
7,8500	-29,875	71,1300
7,8512	-29,877	71,1350
7,8605	-29,879	71,1400
7,8530	-29,882	71,1450
7,8491	-29,884	71,1500
7,8580	-29,886	71,1550
7,8585	-29,888	71,1600
7,8502	-29,890	71,1650
7,8526	-29,892	71,1700
7,8652	-29,894	71,1750
7,8594	-29,896	71,1800
7,8544	-29,898	71,1850
7,8527	-29,900	71,1900
7,8454	-29,903	71,1950
7,8470	-29,905	71,2000
7,8544	-29,907	71,2050
7,8595	-29,909	71,2100
7,8653	-29,911	71,2150
7,8660	-29,913	71,2200
7,8539	-29,915	71,2250
7,8484	-29,917	71,2300
7,8592	-29,919	71,2350
7,8575	-29,921	71,2400
7,8500	-29,924	71,2450
7,8599	-29,926	71,2500
7,8619	-29,928	71,2550
7,8574	-29,930	71,2600
7,8641	-29,932	71,2650
7,8742	-29,934	71,2700
7,8667	-29,936	71,2750
7,8667	-29,938	71,2800
7,8630	-29,940	71,2850
7,8598	-29,942	71,2900
7,8681	-29,945	71,2950
7,8747	-29,947	71,3000
7,8722	-29,949	71,3050
7,8695	-29,951	71,3100
7,8718	-29,953	71,3150
7,8653	-29,955	71,3200
7,8671	-29,957	71,3250
7,8766	-29,959	71,3300
7,8776	-29,961	71,3350
7,8700	-29,963	71,3400
7,8744	-29,966	71,3450
7,8787	-29,968	71,3500
7,8767	-29,970	71,3550
7,8745	-29,972	71,3600
7,8749	-29,974	71,3650
7,8708	-29,976	71,3700
7,8734	-29,978	71,3750
7,8820	-29,980	71,3800
7,8786	-29,982	71,3850
7,8850	-29,984	71,3900
7,8866	-29,987	71,3950
7,8759	-29,989	71,4000
7,8738	-29,991	71,4050
7,8797	-29,993	71,4100
7,8737	-29,995	71,4150
7,8710	-29,997	71,4200
7,8778	-29,999	71,4250
7,8790	-30,001	71,4300
7,8720	-30,003	71,4350
7,8760	-30,005	71,4400
7,8759	-30,008	71,4450
7,8671	-30,010	71,4500
7,8698	-30,012	71,4550
7,8818	-30,014	71,4600
7,8753	-30,016	71,4650
7,8800	-30,018	71,4700
7,8839	-30,020	71,4750
7,8810	-30,022	71,4800
7,8833	-30,024	71,4850
7,8884	-30,026	71,4900
7,8851	-30,029	71,4950
7,8822	-30,031	71,5000
7,8943	-30,033	71,5050
7,8940	-30,035	71,5100
7,8845	-30,037	71,5150
7,8884	-30,039	71,5200
7,8865	-30,041	71,5250
7,8822	-30,043	71,5300
7,8952	-30,045	71,5350
7,8992	-30,047	71,5400
7,8913	-30,050	71,5450
7,8878	-30,052	71,5500
7,8882	-30,054	71,5550
7,8800	-30,056	71,5600
7,8910	-30,058	71,5650
7,9034	-30,060	71,5700
7,8971	-30,062	71,5750
7,8930	-30,064	71,5800
7,8992	-30,066	71,5850
7,8947	-30,068	71,5900
7,8937	-30,071	71,5950
7,9033	-30,073	71,6000
7,9006	-30,075	71,6050
7,8944	-30,077	71,6100
7,9044	-30,079	71,6150
7,9038	-30,081	71,6200
7,8989	-30,083	71,6250
7,9037	-30,085	71,6300
7,9064	-30,087	71,6350
7,8988	-30,089	71,6400
7,8994	-30,092	71,6450
7,9097	-30,094	71,6500
7,9015	-30,096	71,6550
7,8985	-30,098	71,6600
7,9013	-30,100	71,6650
7,8950	-30,102	71,6700
7,9002	-30,104	71,6750
7,9095	-30,106	71,6800
7,9032	-30,108	71,6850
7,9073	-30,110	71,6900
7,9095	-30,113	71,6950
7,9050	-30,115	71,7000
7,8997	-30,117	71,7050
7,9075	-30,119	71,7100
7,9039	-30,121	71,7150
7,9009	-30,123	71,7200
7,9124	-30,125	71,7250
7,9144	-30,127	71,7300
7,9066	-30,129	71,7350
7,9101	-30,131	71,7400
7,9192	-30,134	71,7450
7,9104	-30,136	71,7500
7,9093	-30,138	71,7550
7,9118	-30,140	71,7600
7,9036	-30,142	71,7650
7,9050	-30,144	71,7700
7,9188	-30,146	71,7750
7,9163	-30,148	71,7800
7,9094	-30,150	71,7850
7,9146	-30,152	71,7900
7,9201	-30,155	71,7950
7,9159	-30,157	71,8000
7,9231	-30,159	71,8050
7,9255	-30,161	71,8100
7,9142	-30,163	71,8150
7,9204	-30,165	71,8200
7,9261	-30,167	71,8250
7,9138	-30,169	71,8300
7,9108	-30,171	71,8350
7,9243	-30,173	71,8400
7,9214	-30,176	71,8450
7,9154	-30,178	71,8500
7,9249	-30,180	71,8550
7,9203	-30,182	71,8600
7,9186	-30,184	71,8650
7,9321	-30,186	71,8700
7,9303	-30,188	71,8750
7,9239	-30,190	71,8800
7,9291	-30,192	71,8850
7,9269	-30,194	71,8900
7,9222	-30,197	71,8950
7,9282	-30,199	71,9000
7,9303	-30,201	71,9050
7,9197	-30,203	71,9100
7,9253	-30,205	71,9150
7,9343	-30,207	71,9200
7,9327	-30,209	71,9250
7,9344	-30,211	71,9300
7,9407	-30,213	71,9350
7,9279	-30,215	71,9400
7,9268	-30,218	71,9450
7,9421	-30,220	71,9500
7,9388	-30,222	71,9550
7,9355	-30,224	71,9600
7,9358	-30,226	71,9650
7,9333	-30,228	71,9700
7,9276	-30,230	71,9750
7,9375	-30,232	71,9800
7,9467	-30,234	71,9850
7,9363	-30,236	71,9900
7,9393	-30,239	71,9950
7,9406	-30,241	72,0000
7,9310	-30,243	72,0050
7,9348	-30,245	72,0100
7,9420	-30,247	72,0150
7,9377	-30,249	72,0200
7,9339	-30,251	72,0250
7,9393	-30,253	72,0300
7,9369	-30,255	72,0350
7,9339	-30,257	72,0400
7,9400	-30,260	72,0450
7,9378	-30,262	72,0500
7,9360	-30,264	72,0550
7,9446	-30,266	72,0600
7,9448	-30,268	72,0650
7,9453	-30,270	72,0700
7,9508	-30,272	72,0750
7,9522	-30,274	72,0800
7,9403	-30,276	72,0850
7,9463	-30,278	72,0900
7,9497	-30,281	72,0950
7,9475	-30,283	72,1000
7,9486	-30,285	72,1050
7,9536	-30,287	72,1100
7,9501	-30,289	72,1150
7,9446	-30,291	72,1200
7,9472	-30,293	72,1250
7,9466	-30,295	72,1300
7,9468	-30,297	72,1350
7,9576	-30,299	72,1400
7,9500	-30,302	72,1450
7,9410	-30,304	72,1500
7,9512	-30,306	72,1550
7,9559	-30,308	72,1600
7,9541	-30,310	72,1650
7,9591	-30,312	72,1700
7,9610	-30,314	72,1750
7,9476	-30,316	72,1800
7,9520	-30,318	72,1850
7,9571	-30,320	72,1900
7,9557	-30,323	72,1950
7,9607	-30,325	72,2000
7,9676	-30,327	72,2050
7,9578	-30,329	72,2100
7,9487	-30,331	72,2150
7,9559	-30,333	72,2200
7,9514	-30,335	72,2250
7,9549	-30,337	72,2300
7,9713	-30,339	72,2350
7,9690	-30,341	72,2400
7,9558	-30,344	72,2450
7,9578	-30,346	72,2500
7,9561	-30,348	72,2550
7,9568	-30,350	72,2600
7,9597	-30,352	72,2650
7,9650	-30,354	72,2700
7,9593	-30,356	72,2750
7,9599	-30,358	72,2800
7,9667	-30,360	72,2850
7,9617	-30,362	72,2900
7,9602	-30,365	72,2950
7,9689	-30,367	72,3000
7,9641	-30,369	72,3050
7,9667	-30,371	72,3100
7,9731	-30,373	72,3150
7,9636	-30,375	72,3200
7,9642	-30,377	72,3250
7,9751	-30,379	72,3300
7,9785	-30,381	72,3350
7,9725	-30,383	72,3400
7,9720	-30,386	72,3450
7,9680	-30,388	72,3500
7,9654	-30,390	72,3550
7,9695	-30,392	72,3600
7,9781	-30,394	72,3650
7,9798	-30,396	72,3700
7,9818	-30,398	72,3750
7,9832	-30,400	72,3800
7,9801	-30,402	72,3850
7,9741	-30,404	72,3900
7,9806	-30,407	72,3950
7,9721	-30,409	72,4000
7,9637	-30,411	72,4050
7,9776	-30,413	72,4100
7,9821	-30,415	72,4150
7,9776	-30,417	72,4200
7,9850	-30,419	72,4250
7,9863	-30,421	72,4300
7,9742	-30,423	72,4350
7,9807	-30,425	72,4400
7,9823	-30,428	72,4450
7,9803	-30,430	72,4500
7,9846	-30,432	72,4550
7,9922	-30,434	72,4600
7,9809	-30,436	72,4650
7,9805	-30,438	72,4700
7,9867	-30,440	72,4750
7,9871	-30,442	72,4800
7,9878	-30,444	72,4850
7,9905	-30,446	72,4900
7,9800	-30,449	72,4950
7,9784	-30,451	72,5000
7,9898	-30,453	72,5050
7,9887	-30,455	72,5100
7,9860	-30,457	72,5150
7,9916	-30,459	72,5200
7,9896	-30,461	72,5250
7,9830	-30,463	72,5300
7,9907	-30,465	72,5350
7,9916	-30,467	72,5400
7,9894	-30,470	72,5450
7,9883	-30,472	72,5500
7,9978	-30,474	72,5550
7,9933	-30,476	72,5600
7,9934	-30,478	72,5650
8,0040	-30,480	72,5700
8,0008	-30,482	72,5750
7,9941	-30,484	72,5800
7,9993	-30,486	72,5850
7,9894	-30,488	72,5900
7,9888	-30,491	72,5950
7,9980	-30,493	72,6000
7,9969	-30,495	72,6050
7,9924	-30,497	72,6100
8,0055	-30,499	72,6150
8,0034	-30,501	72,6200
7,9959	-30,503	72,6250
7,9972	-30,505	72,6300
7,9981	-30,507	72,6350
7,9995	-30,509	72,6400
8,0032	-30,512	72,6450
8,0132	-30,514	72,6500
7,9989	-30,516	72,6550
7,9960	-30,518	72,6600
8,0129	-30,520	72,6650
8,0091	-30,522	72,6700
8,0014	-30,524	72,6750
8,0041	-30,526	72,6800
8,0014	-30,528	72,6850
8,0002	-30,530	72,6900
8,0080	-30,533	72,6950
8,0100	-30,535	72,7000
8,0040	-30,537	72,7050
8,0102	-30,539	72,7100
8,0128	-30,541	72,7150
8,0035	-30,543	72,7200
8,0107	-30,545	72,7250
8,0128	-30,547	72,7300
8,0062	-30,549	72,7350
8,0060	-30,551	72,7400
8,0067	-30,554	72,7450
8,0033	-30,556	72,7500
8,0096	-30,558	72,7550
8,0191	-30,560	72,7600
8,0059	-30,562	72,7650
8,0040	-30,564	72,7700
8,0248	-30,566	72,7750
8,0190	-30,568	72,7800
8,0069	-30,570	72,7850
8,0120	-30,572	72,7900
8,0179	-30,575	72,7950
8,0134	-30,577	72,8000
8,0186	-30,579	72,8050
8,0204	-30,581	72,8100
8,0106	-30,583	72,8150
8,0137	-30,585	72,8200
8,0187	-30,587	72,8250
8,0257	-30,589	72,8300
8,0263	-30,591	72,8350
8,0274	-30,593	72,8400
8,0217	-30,596	72,8450
8,0182	-30,598	72,8500
8,0222	-30,600	72,8550
8,0138	-30,602	72,8600
8,0188	-30,604	72,8650
8,0299	-30,606	72,8700
8,0314	-30,608	72,8750
8,0259	-30,610	72,8800
8,0265	-30,612	72,8850
8,0328	-30,614	72,8900
8,0284	-30,617	72,8950
8,0321	-30,619	72,9000
8,0282	-30,621	72,9050
8,0177	-30,623	72,9100
8,0205	-30,625	72,9150
8,0271	-30,627	72,9200
8,0253	-30,629	72,9250
8,0233	-30,631	72,9300
8,0337	-30,633	72,9350
8,0293	-30,635	72,9400
8,0231	-30,638	72,9450
8,0330	-30,640	72,9500
8,0324	-30,642	72,9550
8,0309	-30,644	72,9600
8,0378	-30,646	72,9650
8,0338	-30,648	72,9700
8,0284	-30,650	72,9750
8,0316	-30,652	72,9800
8,0390	-30,654	72,9850
8,0333	-30,656	72,9900
8,0327	-30,659	72,9950
8,0243	-30,661	73,0000
8,0170	-30,663	73,0050
8,0312	-30,665	73,0100
8,0439	-30,667	73,0150
8,0435	-30,669	73,0200
8,0458	-30,671	73,0250
8,0485	-30,673	73,0300
8,0415	-30,675	73,0350
8,0410	-30,677	73,0400
8,0505	-30,680	73,0450
8,0461	-30,682	73,0500
8,0449	-30,684	73,0550
8,0475	-30,686	73,0600
8,0450	-30,688	73,0650
8,0395	-30,690	73,0700
8,0443	-30,692	73,0750
8,0515	-30,694	73,0800
8,0463	-30,696	73,0850
8,0546	-30,698	73,0900
8,0627	-30,701	73,0950
8,0494	-30,703	73,1000
8,0406	-30,705	73,1050
8,0402	-30,707	73,1100
8,0368	-30,709	73,1150
8,0472	-30,711	73,1200
8,0602	-30,713	73,1250
8,0545	-30,715	73,1300
8,0503	-30,717	73,1350
8,0539	-30,719	73,1400
8,0506	-30,722	73,1450
8,0436	-30,724	73,1500
8,0541	-30,726	73,1550
8,0593	-30,728	73,1600
8,0561	-30,730	73,1650
8,0623	-30,732	73,1700
8,0667	-30,734	73,1750
8,0565	-30,736	73,1800
8,0597	-30,738	73,1850
8,0676	-30,740	73,1900
8,0558	-30,743	73,1950
8,0561	-30,745	73,2000
8,0600	-30,747	73,2050
8,0565	-30,749	73,2100
8,0576	-30,751	73,2150
8,0645	-30,753	73,2200
8,0564	-30,755	73,2250
8,0530	-30,757	73,2300
8,0685	-30,759	73,2350
8,0708	-30,761	73,2400
8,0624	-30,764	73,2450
8,0645	-30,766	73,2500
8,0662	-30,768	73,2550
8,0601	-30,770	73,2600
8,0579	-30,772	73,2650
8,0655	-30,774	73,2700
8,0677	-30,776	73,2750
8,0723	-30,778	73,2800
8,0702	-30,780	73,2850
8,0600	-30,782	73,2900
8,0624	-30,785	73,2950
8,0731	-30,787	73,3000
8,0710	-30,789	73,3050
8,0675	-30,791	73,3100
8,0603	-30,793	73,3150
8,0549	-30,795	73,3200
8,0615	-30,797	73,3250
8,0757	-30,799	73,3300
8,0702	-30,801	73,3350
8,0628	-30,803	73,3400
8,0748	-30,806	73,3450
8,0744	-30,808	73,3500
8,0637	-30,810	73,3550
8,0683	-30,812	73,3600
8,0792	-30,814	73,3650
8,0734	-30,816	73,3700
8,0797	-30,818	73,3750
8,0799	-30,820	73,3800
8,0679	-30,822	73,3850
8,0648	-30,824	73,3900
8,0777	-30,827	73,3950
8,0855	-30,829	73,4000
8,0902	-30,831	73,4050
8,0845	-30,833	73,4100
8,0811	-30,835	73,4150
8,0776	-30,837	73,4200
8,0808	-30,839	73,4250
8,0788	-30,841	73,4300
8,0753	-30,843	73,4350
8,0809	-30,845	73,4400
8,0842	-30,848	73,4450
8,0790	-30,850	73,4500
8,0751	-30,852	73,4550
8,0863	-30,854	73,4600
8,0874	-30,856	73,4650
8,0899	-30,858	73,4700
8,0917	-30,860	73,4750
8,0822	-30,862	73,4800
8,0816	-30,864	73,4850
8,0896	-30,866	73,4900
8,0772	-30,869	73,4950
8,0756	-30,871	73,5000
8,0904	-30,873	73,5050
8,0937	-30,875	73,5100
8,0897	-30,877	73,5150
8,0972	-30,879	73,5200
8,0978	-30,881	73,5250
8,0896	-30,883	73,5300
8,0931	-30,885	73,5350
8,0981	-30,887	73,5400
8,0908	-30,890	73,5450
8,0870	-30,892	73,5500
8,0900	-30,894	73,5550
8,0878	-30,896	73,5600
8,0877	-30,898	73,5650
8,0949	-30,900	73,5700
8,0931	-30,902	73,5750
8,0943	-30,904	73,5800
8,1052	-30,906	73,5850
8,1041	-30,908	73,5900
8,0931	-30,911	73,5950
8,0927	-30,913	73,6000
8,0949	-30,915	73,6050
8,0894	-30,917	73,6100
8,0975	-30,919	73,6150
8,1001	-30,921	73,6200
8,0981	-30,923	73,6250
8,1003	-30,925	73,6300
8,1000	-30,927	73,6350
8,0922	-30,929	73,6400
8,1007	-30,932	73,6450
8,1031	-30,934	73,6500
8,0935	-30,936	73,6550
8,0951	-30,938	73,6600
8,1096	-30,940	73,6650
8,1078	-30,942	73,6700
8,1014	-30,944	73,6750
8,1140	-30,946	73,6800
8,1028	-30,948	73,6850
8,0954	-30,950	73,6900
8,1095	-30,953	73,6950
8,1129	-30,955	73,7000
8,1069	-30,957	73,7050
8,1144	-30,959	73,7100
8,1164	-30,961	73,7150
8,1137	-30,963	73,7200
8,1225	-30,965	73,7250
8,1179	-30,967	73,7300
8,1065	-30,969	73,7350
8,1042	-30,971	73,7400
8,1125	-30,974	73,7450
8,1130	-30,976	73,7500
8,1146	-30,978	73,7550
8,1118	-30,980	73,7600
8,1012	-30,982	73,7650
8,1081	-30,984	73,7700
8,1215	-30,986	73,7750
8,1212	-30,988	73,7800
8,1141	-30,990	73,7850
8,1145	-30,992	73,7900
8,1172	-30,995	73,7950
8,1065	-30,997	73,8000
8,1100	-30,999	73,8050
8,1163	-31,001	73,8100
8,1118	-31,003	73,8150
8,1214	-31,005	73,8200
8,1275	-31,007	73,8250
8,1198	-31,009	73,8300
8,1225	-31,011	73,8350
8,1290	-31,013	73,8400
8,1255	-31,016	73,8450
8,1212	-31,018	73,8500
8,1232	-31,020	73,8550
8,1250	-31,022	73,8600
8,1234	-31,024	73,8650
8,1249	-31,026	73,8700
8,1226	-31,028	73,8750
8,1181	-31,030	73,8800
8,1236	-31,032	73,8850
8,1250	-31,034	73,8900
8,1219	-31,037	73,8950
8,1294	-31,039	73,9000
8,1307	-31,041	73,9050
8,1229	-31,043	73,9100
8,1311	-31,045	73,9150
8,1311	-31,047	73,9200
8,1220	-31,049	73,9250
8,1250	-31,051	73,9300
8,1269	-31,053	73,9350
8,1204	-31,055	73,9400
8,1277	-31,058	73,9450
8,1378	-31,060	73,9500
8,1366	-31,062	73,9550
8,1253	-31,064	73,9600
8,1256	-31,066	73,9650
8,1306	-31,068	73,9700
8,1356	-31,070	73,9750
8,1368	-31,072	73,9800
8,1355	-31,074	73,9850
8,1287	-31,076	73,9900
8,1281	-31,079	73,9950
8,1307	-31,081	74,0000
8,1259	-31,083	74,0050
8,1339	-31,085	74,0100
8,1441	-31,087	74,0150
8,1403	-31,089	74,0200
8,1359	-31,091	74,0250
8,1453	-31,093	74,0300
8,1428	-31,095	74,0350
8,1426	-31,097	74,0400
8,1529	-31,100	74,0450
8,1471	-31,102	74,0500
8,1363	-31,104	74,0550
8,1467	-31,106	74,0600
8,1501	-31,108	74,0650
8,1489	-31,110	74,0700
8,1545	-31,112	74,0750
8,1491	-31,114	74,0800
8,1377	-31,116	74,0850
8,1441	-31,118	74,0900
8,1534	-31,121	74,0950
8,1528	-31,123	74,1000
8,1549	-31,125	74,1050
8,1592	-31,127	74,1100
8,1521	-31,129	74,1150
8,1420	-31,131	74,1200
8,1430	-31,133	74,1250
8,1415	-31,135	74,1300
8,1421	-31,137	74,1350
8,1509	-31,139	74,1400
8,1472	-31,142	74,1450
8,1413	-31,144	74,1500
8,1491	-31,146	74,1550
8,1563	-31,148	74,1600
8,1598	-31,150	74,1650
8,1572	-31,152	74,1700
8,1513	-31,154	74,1750
8,1455	-31,156	74,1800
8,1454	-31,158	74,1850
8,1489	-31,160	74,1900
8,1425	-31,163	74,1950
8,1496	-31,165	74,2000
8,1659	-31,167	74,2050
8,1592	-31,169	74,2100
8,1566	-31,171	74,2150
8,1642	-31,173	74,2200
8,1613	-31,175	74,2250
8,1616	-31,177	74,2300
8,1721	-31,179	74,2350
8,1670	-31,181	74,2400
8,1596	-31,184	74,2450
8,1650	-31,186	74,2500
8,1654	-31,188	74,2550
8,1631	-31,190	74,2600
8,1659	-31,192	74,2650
8,1620	-31,194	74,2700
8,1591	-31,196	74,2750
8,1667	-31,198	74,2800
8,1711	-31,200	74,2850
8,1586	-31,202	74,2900
8,1578	-31,205	74,2950
8,1648	-31,207	74,3000
8,1590	-31,209	74,3050
8,1584	-31,211	74,3100
8,1654	-31,213	74,3150
8,1584	-31,215	74,3200
8,1547	-31,217	74,3250
8,1657	-31,219	74,3300
8,1718	-31,221	74,3350
8,1699	-31,223	74,3400
8,1749	-31,226	74,3450
8,1727	-31,228	74,3500
8,1697	-31,230	74,3550
8,1737	-31,232	74,3600
8,1763	-31,234	74,3650
8,1656	-31,236	74,3700
8,1685	-31,238	74,3750
8,1736	-31,240	74,3800
8,1765	-31,242	74,3850
8,1812	-31,244	74,3900
8,1864	-31,247	74,3950
8,1802	-31,249	74,4000
8,1745	-31,251	74,4050
8,1774	-31,253	74,4100
8,1768	-31,255	74,4150
8,1772	-31,257	74,4200
8,1904	-31,259	74,4250
8,1845	-31,261	74,4300
8,1766	-31,263	74,4350
8,1828	-31,265	74,4400
8,1845	-31,268	74,4450
8,1768	-31,270	74,4500
8,1762	-31,272	74,4550
8,1886	-31,274	74,4600
8,1808	-31,276	74,4650
8,1818	-31,278	74,4700
8,1929	-31,280	74,4750
8,1846	-31,282	74,4800
8,1844	-31,284	74,4850
8,1890	-31,286	74,4900
8,1853	-31,289	74,4950
8,1885	-31,291	74,5000
8,1961	-31,293	74,5050
8,1971	-31,295	74,5100
8,1944	-31,297	74,5150
8,1930	-31,299	74,5200
8,1901	-31,301	74,5250
8,1815	-31,303	74,5300
8,1858	-31,305	74,5350
8,1879	-31,307	74,5400
8,1923	-31,310	74,5450
8,1995	-31,312	74,5500
8,2021	-31,314	74,5550
8,1954	-31,316	74,5600
8,1956	-31,318	74,5650
8,1932	-31,320	74,5700
8,1853	-31,322	74,5750
8,1843	-31,324	74,5800
8,1974	-31,326	74,5850
8,1979	-31,328	74,5900
8,1949	-31,331	74,5950
8,2023	-31,333	74,6000
8,2037	-31,335	74,6050
8,1959	-31,337	74,6100
8,1985	-31,339	74,6150
8,1978	-31,341	74,6200
8,1918	-31,343	74,6250
8,2038	-31,345	74,6300
8,2103	-31,347	74,6350
8,2034	-31,349	74,6400
8,1985	-31,352	74,6450
8,2018	-31,354	74,6500
8,1922	-31,356	74,6550
8,2008	-31,358	74,6600
8,2122	-31,360	74,6650
8,2110	-31,362	74,6700
8,2092	-31,364	74,6750
8,2098	-31,366	74,6800
8,2006	-31,368	74,6850
8,2024	-31,370	74,6900
8,2093	-31,373	74,6950
8,2065	-31,375	74,7000
8,2022	-31,377	74,7050
8,2080	-31,379	74,7100
8,2072	-31,381	74,7150
8,2011	-31,383	74,7200
8,2072	-31,385	74,7250
8,2099	-31,387	74,7300
8,2116	-31,389	74,7350
8,2131	-31,391	74,7400
8,2133	-31,394	74,7450
8,2058	-31,396	74,7500
8,2046	-31,398	74,7550
8,2116	-31,400	74,7600
8,2072	-31,402	74,7650
8,2058	-31,404	74,7700
8,2175	-31,406	74,7750
8,2161	-31,408	74,7800
8,2132	-31,410	74,7850
8,2195	-31,412	74,7900
8,2207	-31,415	74,7950
8,2134	-31,417	74,8000
8,2241	-31,419	74,8050
8,2290	-31,421	74,8100
8,2202	-31,423	74,8150
8,2262	-31,425	74,8200
8,2290	-31,427	74,8250
8,2234	-31,429	74,8300
8,2134	-31,431	74,8350
8,2229	-31,433	74,8400
8,2200	-31,436	74,8450
8,2189	-31,438	74,8500
8,2300	-31,440	74,8550
8,2306	-31,442	74,8600
8,2247	-31,444	74,8650
8,2262	-31,446	74,8700
8,2240	-31,448	74,8750
8,2257	-31,450	74,8800
8,2364	-31,452	74,8850
8,2408	-31,454	74,8900
8,2289	-31,457	74,8950
8,2293	-31,459	74,9000
8,2348	-31,461	74,9050
8,2288	-31,463	74,9100
8,2305	-31,465	74,9150
8,2370	-31,467	74,9200
8,2416	-31,469	74,9250
8,2387	-31,471	74,9300
8,2431	-31,473	74,9350
8,2370	-31,475	74,9400
8,2362	-31,478	74,9450
8,2448	-31,480	74,9500
8,2363	-31,482	74,9550
8,2380	-31,484	74,9600
8,2479	-31,486	74,9650
8,2443	-31,488	74,9700
8,2394	-31,490	74,9750
8,2392	-31,492	74,9800
8,2415	-31,494	74,9850
8,2310	-31,496	74,9900
8,2341	-31,499	74,9950
8,2382	-31,501	75,0000
8,2336	-31,503	75,0050
8,2323	-31,505	75,0100
8,2411	-31,507	75,0150
8,2408	-31,509	75,0200
8,2380	-31,511	75,0250
8,2459	-31,513	75,0300
8,2399	-31,515	75,0350
8,2366	-31,517	75,0400
8,2458	-31,520	75,0450
8,2464	-31,522	75,0500
8,2487	-31,524	75,0550
8,2578	-31,526	75,0600
8,2532	-31,528	75,0650
8,2452	-31,530	75,0700
8,2480	-31,532	75,0750
8,2539	-31,534	75,0800
8,2505	-31,536	75,0850
8,2509	-31,538	75,0900
8,2474	-31,541	75,0950
8,2389	-31,543	75,1000
8,2382	-31,545	75,1050
8,2472	-31,547	75,1100
8,2432	-31,549	75,1150
8,2429	-31,551	75,1200
8,2554	-31,553	75,1250
8,2480	-31,555	75,1300
8,2415	-31,557	75,1350
8,2516	-31,559	75,1400
8,2544	-31,562	75,1450
8,2494	-31,564	75,1500
8,2541	-31,566	75,1550
8,2540	-31,568	75,1600
8,2475	-31,570	75,1650
8,2543	-31,572	75,1700
8,2647	-31,574	75,1750
8,2602	-31,576	75,1800
8,2648	-31,578	75,1850
8,2654	-31,580	75,1900
8,2529	-31,583	75,1950
8,2556	-31,585	75,2000
8,2649	-31,587	75,2050
8,2662	-31,589	75,2100
8,2588	-31,591	75,2150
8,2615	-31,593	75,2200
8,2473	-31,595	75,2250
8,2425	-31,597	75,2300
8,2568	-31,599	75,2350
8,2611	-31,601	75,2400
8,2605	-31,604	75,2450
8,2714	-31,606	75,2500
8,2640	-31,608	75,2550
8,2583	-31,610	75,2600
8,2668	-31,612	75,2650
8,2759	-31,614	75,2700
8,2672	-31,616	75,2750
8,2632	-31,618	75,2800
8,2668	-31,620	75,2850
8,2693	-31,622	75,2900
8,2694	-31,625	75,2950
8,2727	-31,627	75,3000
8,2716	-31,629	75,3050
8,2733	-31,631	75,3100
8,2773	-31,633	75,3150
8,2781	-31,635	75,3200
8,2756	-31,637	75,3250
8,2777	-31,639	75,3300
8,2735	-31,641	75,3350
8,2763	-31,643	75,3400
8,2842	-31,646	75,3450
8,2781	-31,648	75,3500
8,2727	-31,650	75,3550
8,2780	-31,652	75,3600
8,2835	-31,654	75,3650
8,2790	-31,656	75,3700
8,2807	-31,658	75,3750
8,2828	-31,660	75,3800
8,2762	-31,662	75,3850
8,2746	-31,664	75,3900
8,2783	-31,667	75,3950
8,2736	-31,669	75,4000
8,2720	-31,671	75,4050
8,2774	-31,673	75,4100
8,2778	-31,675	75,4150
8,2798	-31,677	75,4200
8,2854	-31,679	75,4250
8,2776	-31,681	75,4300
8,2727	-31,683	75,4350
8,2867	-31,685	75,4400
8,2867	-31,688	75,4450
8,2775	-31,690	75,4500
8,2792	-31,692	75,4550
8,2899	-31,694	75,4600
8,2834	-31,696	75,4650
8,2783	-31,698	75,4700
8,2840	-31,700	75,4750
8,2799	-31,702	75,4800
8,2849	-31,704	75,4850
8,2927	-31,706	75,4900
8,2910	-31,709	75,4950
8,2914	-31,711	75,5000
8,2960	-31,713	75,5050
8,2911	-31,715	75,5100
8,2819	-31,717	75,5150
8,2890	-31,719	75,5200
8,2876	-31,721	75,5250
8,2863	-31,723	75,5300
8,2981	-31,725	75,5350
8,2983	-31,727	75,5400
8,2862	-31,730	75,5450
8,2809	-31,732	75,5500
8,2945	-31,734	75,5550
8,2937	-31,736	75,5600
8,2957	-31,738	75,5650
8,3034	-31,740	75,5700
8,2977	-31,742	75,5750
8,2929	-31,744	75,5800
8,3027	-31,746	75,5850
8,3064	-31,748	75,5900
8,3004	-31,751	75,5950
8,3029	-31,753	75,6000
8,3075	-31,755	75,6050
8,2946	-31,757	75,6100
8,2963	-31,759	75,6150
8,2986	-31,761	75,6200
8,2931	-31,763	75,6250
8,3013	-31,765	75,6300
8,3052	-31,767	75,6350
8,2950	-31,769	75,6400
8,2972	-31,772	75,6450
8,3111	-31,774	75,6500
8,3125	-31,776	75,6550
8,3089	-31,778	75,6600
8,3135	-31,780	75,6650
8,3075	-31,782	75,6700
8,3028	-31,784	75,6750
8,3109	-31,786	75,6800
8,3100	-31,788	75,6850
8,3071	-31,790	75,6900
8,3084	-31,793	75,6950
8,3046	-31,795	75,7000
8,2990	-31,797	75,7050
8,3075	-31,799	75,7100
8,3063	-31,801	75,7150
8,2980	-31,803	75,7200
8,3018	-31,805	75,7250
8,3091	-31,807	75,7300
8,3113	-31,809	75,7350
8,3085	-31,811	75,7400
8,3170	-31,814	75,7450
8,3105	-31,816	75,7500
8,3167	-31,818	75,7550
8,3274	-31,820	75,7600
8,3200	-31,822	75,7650
8,3135	-31,824	75,7700
8,3176	-31,826	75,7750
8,3141	-31,828	75,7800
8,3139	-31,830	75,7850
8,3241	-31,832	75,7900
8,3264	-31,835	75,7950
8,3146	-31,837	75,8000
8,3169	-31,839	75,8050
8,3171	-31,841	75,8100
8,3132	-31,843	75,8150
8,3171	-31,845	75,8200
8,3231	-31,847	75,8250
8,3172	-31,849	75,8300
8,3198	-31,851	75,8350
8,3272	-31,853	75,8400
8,3286	-31,856	75,8450
8,3297	-31,858	75,8500
8,3296	-31,860	75,8550
8,3260	-31,862	75,8600
8,3262	-31,864	75,8650
8,3317	-31,866	75,8700
8,3247	-31,868	75,8750
8,3236	-31,870	75,8800
8,3333	-31,872	75,8850
8,3347	-31,874	75,8900
8,3275	-31,877	75,8950
8,3332	-31,879	75,9000
8,3349	-31,881	75,9050
8,3266	-31,883	75,9100
8,3290	-31,885	75,9150
8,3322	-31,887	75,9200
8,3291	-31,889	75,9250
8,3242	-31,891	75,9300
8,3327	-31,893	75,9350
8,3264	-31,895	75,9400
8,3258	-31,898	75,9450
8,3332	-31,900	75,9500
8,3257	-31,902	75,9550
8,3231	-31,904	75,9600
8,3353	-31,906	75,9650
8,3354	-31,908	75,9700
8,3352	-31,910	75,9750
8,3389	-31,912	75,9800
8,3452	-31,914	75,9850
8,3362	-31,916	75,9900
8,3409	-31,919	75,9950
8,3426	-31,921	76,0000
8,3404	-31,923	76,0050
8,3490	-31,925	76,0100
8,3512	-31,927	76,0150
8,3424	-31,929	76,0200
8,3413	-31,931	76,0250
8,3484	-31,933	76,0300
8,3417	-31,935	76,0350
8,3409	-31,937	76,0400
8,3498	-31,940	76,0450
8,3456	-31,942	76,0500
8,3420	-31,944	76,0550
8,3493	-31,946	76,0600
8,3470	-31,948	76,0650
8,3468	-31,950	76,0700
8,3516	-31,952	76,0750
8,3517	-31,954	76,0800
8,3439	-31,956	76,0850
8,3509	-31,958	76,0900
8,3576	-31,961	76,0950
8,3502	-31,963	76,1000
8,3498	-31,965	76,1050
8,3582	-31,967	76,1100
8,3599	-31,969	76,1150
8,3512	-31,971	76,1200
8,3556	-31,973	76,1250
8,3500	-31,975	76,1300
8,3500	-31,977	76,1350
8,3588	-31,979	76,1400
8,3616	-31,982	76,1450
8,3591	-31,984	76,1500
8,3611	-31,986	76,1550
8,3549	-31,988	76,1600
8,3538	-31,990	76,1650
8,3644	-31,992	76,1700
8,3646	-31,994	76,1750
8,3517	-31,996	76,1800
8,3567	-31,998	76,1850
8,3616	-32,000	76,1900
8,3578	-32,003	76,1950
8,3636	-32,005	76,2000
8,3688	-32,007	76,2050
8,3561	-32,009	76,2100
8,3552	-32,011	76,2150
8,3610	-32,013	76,2200
8,3608	-32,015	76,2250
8,3666	-32,017	76,2300
8,3781	-32,019	76,2350
8,3699	-32,021	76,2400
8,3554	-32,024	76,2450
8,3636	-32,026	76,2500
8,3616	-32,028	76,2550
8,3557	-32,030	76,2600
8,3591	-32,032	76,2650
8,3701	-32,034	76,2700
8,3667	-32,036	76,2750
8,3650	-32,038	76,2800
8,3673	-32,040	76,2850
8,3622	-32,042	76,2900
8,3685	-32,045	76,2950
8,3784	-32,047	76,3000
8,3711	-32,049	76,3050
8,3624	-32,051	76,3100
8,3681	-32,053	76,3150
8,3682	-32,055	76,3200
8,3735	-32,057	76,3250
8,3797	-32,059	76,3300
8,3733	-32,061	76,3350
8,3666	-32,063	76,3400
8,3770	-32,066	76,3450
8,3772	-32,068	76,3500
8,3717	-32,070	76,3550
8,3805	-32,072	76,3600
8,3880	-32,074	76,3650
8,3774	-32,076	76,3700
8,3758	-32,078	76,3750
8,3847	-32,080	76,3800
8,3786	-32,082	76,3850
8,3813	-32,084	76,3900
8,3940	-32,087	76,3950
8,3876	-32,089	76,4000
8,3796	-32,091	76,4050
8,3873	-32,093	76,4100
8,3847	-32,095	76,4150
8,3837	-32,097	76,4200
8,3898	-32,099	76,4250
8,3808	-32,101	76,4300
8,3753	-32,103	76,4350
8,3866	-32,105	76,4400
8,3917	-32,108	76,4450
8,3914	-32,110	76,4500
8,3907	-32,112	76,4550
8,3933	-32,114	76,4600
8,3839	-32,116	76,4650
8,3809	-32,118	76,4700
8,3823	-32,120	76,4750
8,3786	-32,122	76,4800
8,3812	-32,124	76,4850
8,3953	-32,126	76,4900
8,3893	-32,129	76,4950
8,3853	-32,131	76,5000
8,3930	-32,133	76,5050
8,3974	-32,135	76,5100
8,3912	-32,137	76,5150
8,3895	-32,139	76,5200
8,3881	-32,141	76,5250
8,3846	-32,143	76,5300
8,3929	-32,145	76,5350
8,3887	-32,147	76,5400
8,3860	-32,150	76,5450
8,3899	-32,152	76,5500
8,3909	-32,154	76,5550
8,3866	-32,156	76,5600
8,3990	-32,158	76,5650
8,4078	-32,160	76,5700
8,3948	-32,162	76,5750
8,3909	-32,164	76,5800
8,4005	-32,166	76,5850
8,3960	-32,168	76,5900
8,3949	-32,171	76,5950
8,3987	-32,173	76,6000
8,3993	-32,175	76,6050
8,3987	-32,177	76,6100
8,4113	-32,179	76,6150
8,4073	-32,181	76,6200
8,3961	-32,183	76,6250
8,4028	-32,185	76,6300
8,4091	-32,187	76,6350
8,4088	-32,189	76,6400
8,4088	-32,192	76,6450
8,4099	-32,194	76,6500
8,4025	-32,196	76,6550
8,4073	-32,198	76,6600
8,4135	-32,200	76,6650
8,4097	-32,202	76,6700
8,4049	-32,204	76,6750
8,4130	-32,206	76,6800
8,4104	-32,208	76,6850
8,4029	-32,210	76,6900
8,4129	-32,213	76,6950
8,4119	-32,215	76,7000
8,4070	-32,217	76,7050
8,4154	-32,219	76,7100
8,4133	-32,221	76,7150
8,4089	-32,223	76,7200
8,4085	-32,225	76,7250
8,4084	-32,227	76,7300
8,4113	-32,229	76,7350
8,4154	-32,231	76,7400
8,4204	-32,234	76,7450
8,4120	-32,236	76,7500
8,4171	-32,238	76,7550
8,4197	-32,240	76,7600
8,4104	-32,242	76,7650
8,4071	-32,244	76,7700
8,4207	-32,246	76,7750
8,4292	-32,248	76,7800
8,4234	-32,250	76,7850
8,4231	-32,252	76,7900
8,4194	-32,255	76,7950
8,4192	-32,257	76,8000
8,4242	-32,259	76,8050
8,4276	-32,261	76,8100
8,4207	-32,263	76,8150
8,4231	-32,265	76,8200
8,4262	-32,267	76,8250
8,4259	-32,269	76,8300
8,4238	-32,271	76,8350
8,4252	-32,273	76,8400
8,4185	-32,276	76,8450
8,4284	-32,278	76,8500
8,4331	-32,280	76,8550
8,4244	-32,282	76,8600
8,4267	-32,284	76,8650
8,4340	-32,286	76,8700
8,4327	-32,288	76,8750
8,4332	-32,290	76,8800
8,4387	-32,292	76,8850
8,4360	-32,294	76,8900
8,4294	-32,297	76,8950
8,4364	-32,299	76,9000
8,4346	-32,301	76,9050
8,4215	-32,303	76,9100
8,4242	-32,305	76,9150
8,4342	-32,307	76,9200
8,4352	-32,309	76,9250
8,4350	-32,311	76,9300
8,4413	-32,313	76,9350
8,4345	-32,315	76,9400
8,4364	-32,318	76,9450
8,4388	-32,320	76,9500
8,4334	-32,322	76,9550
8,4295	-32,324	76,9600
8,4375	-32,326	76,9650
8,4357	-32,328	76,9700
8,4319	-32,330	76,9750
8,4403	-32,332	76,9800
8,4456	-32,334	76,9850
8,4403	-32,336	76,9900
8,4457	-32,339	76,9950
8,4512	-32,341	77,0000
8,4426	-32,343	77,0050
8,4368	-32,345	77,0100
8,4405	-32,347	77,0150
8,4433	-32,349	77,0200
8,4445	-32,351	77,0250
8,4482	-32,353	77,0300
8,4390	-32,355	77,0350
8,4396	-32,357	77,0400
8,4462	-32,360	77,0450
8,4498	-32,362	77,0500
8,4463	-32,364	77,0550
8,4579	-32,366	77,0600
8,4501	-32,368	77,0650
8,4406	-32,370	77,0700
8,4475	-32,372	77,0750
8,4562	-32,374	77,0800
8,4516	-32,376	77,0850
8,4572	-32,378	77,0900
8,4586	-32,381	77,0950
8,4540	-32,383	77,1000
8,4556	-32,385	77,1050
8,4565	-32,387	77,1100
8,4515	-32,389	77,1150
8,4472	-32,391	77,1200
8,4587	-32,393	77,1250
8,4519	-32,395	77,1300
8,4468	-32,397	77,1350
8,4572	-32,399	77,1400
8,4539	-32,402	77,1450
8,4504	-32,404	77,1500
8,4612	-32,406	77,1550
8,4604	-32,408	77,1600
8,4518	-32,410	77,1650
8,4620	-32,412	77,1700
8,4688	-32,414	77,1750
8,4529	-32,416	77,1800
8,4613	-32,418	77,1850
8,4683	-32,420	77,1900
8,4562	-32,423	77,1950
8,4564	-32,425	77,2000
8,4682	-32,427	77,2050
8,4661	-32,429	77,2100
8,4682	-32,431	77,2150
8,4720	-32,433	77,2200
8,4698	-32,435	77,2250
8,4601	-32,437	77,2300
8,4604	-32,439	77,2350
8,4530	-32,441	77,2400
8,4503	-32,444	77,2450
8,4684	-32,446	77,2500
8,4739	-32,448	77,2550
8,4623	-32,450	77,2600
8,4647	-32,452	77,2650
8,4668	-32,454	77,2700
8,4578	-32,456	77,2750
8,4681	-32,458	77,2800
8,4717	-32,460	77,2850
8,4617	-32,462	77,2900
8,4678	-32,465	77,2950
8,4793	-32,467	77,3000
8,4790	-32,469	77,3050
8,4765	-32,471	77,3100
8,4816	-32,473	77,3150
8,4644	-32,475	77,3200
8,4597	-32,477	77,3250
8,4740	-32,479	77,3300
8,4715	-32,481	77,3350
8,4621	-32,483	77,3400
8,4748	-32,486	77,3450
8,4782	-32,488	77,3500
8,4745	-32,490	77,3550
8,4706	-32,492	77,3600
8,4755	-32,494	77,3650
8,4740	-32,496	77,3700
8,4819	-32,498	77,3750
8,4846	-32,500	77,3800
8,4794	-32,502	77,3850
8,4738	-32,504	77,3900
8,4776	-32,507	77,3950
8,4802	-32,509	77,4000
8,4864	-32,511	77,4050
8,5009	-32,513	77,4100
8,4894	-32,515	77,4150
8,4763	-32,517	77,4200
8,4870	-32,519	77,4250
8,4905	-32,521	77,4300
8,4922	-32,523	77,4350
8,5019	-32,525	77,4400
8,4993	-32,528	77,4450
8,4799	-32,530	77,4500
8,4827	-32,532	77,4550
8,4949	-32,534	77,4600
8,4876	-32,536	77,4650
8,4845	-32,538	77,4700
8,4889	-32,540	77,4750
8,4795	-32,542	77,4800
8,4828	-32,544	77,4850
8,4945	-32,546	77,4900
8,4911	-32,549	77,4950
8,4887	-32,551	77,5000
8,4931	-32,553	77,5050
8,4900	-32,555	77,5100
8,4876	-32,557	77,5150
8,4954	-32,559	77,5200
8,4949	-32,561	77,5250
8,4893	-32,563	77,5300
8,4990	-32,565	77,5350
8,4986	-32,567	77,5400
8,4955	-32,570	77,5450
8,4959	-32,572	77,5500
8,5008	-32,574	77,5550
8,4993	-32,576	77,5600
8,5079	-32,578	77,5650
8,5124	-32,580	77,5700
8,5022	-32,582	77,5750
8,4906	-32,584	77,5800
8,4954	-32,586	77,5850
8,4981	-32,588	77,5900
8,4986	-32,591	77,5950
8,5092	-32,593	77,6000
8,5039	-32,595	77,6050
8,5031	-32,597	77,6100
8,5111	-32,599	77,6150
8,5063	-32,601	77,6200
8,4952	-32,603	77,6250
8,5045	-32,605	77,6300
8,5145	-32,607	77,6350
8,5043	-32,609	77,6400
8,5034	-32,612	77,6450
8,5118	-32,614	77,6500
8,5027	-32,616	77,6550
8,5059	-32,618	77,6600
8,5091	-32,620	77,6650
8,5030	-32,622	77,6700
8,4975	-32,624	77,6750
8,5117	-32,626	77,6800
8,5138	-32,628	77,6850
8,5093	-32,630	77,6900
8,5139	-32,633	77,6950
8,5084	-32,635	77,7000
8,5040	-32,637	77,7050
8,5167	-32,639	77,7100
8,5181	-32,641	77,7150
8,5137	-32,643	77,7200
8,5187	-32,645	77,7250
8,5176	-32,647	77,7300
8,5101	-32,649	77,7350
8,5119	-32,651	77,7400
8,5198	-32,654	77,7450
8,5141	-32,656	77,7500
8,5140	-32,658	77,7550
8,5204	-32,660	77,7600
8,5157	-32,662	77,7650
8,5196	-32,664	77,7700
8,5291	-32,666	77,7750
8,5209	-32,668	77,7800
8,5120	-32,670	77,7850
8,5248	-32,672	77,7900
8,5206	-32,675	77,7950
8,5117	-32,677	77,8000
8,5237	-32,679	77,8050
8,5241	-32,681	77,8100
8,5099	-32,683	77,8150
8,5199	-32,685	77,8200
8,5347	-32,687	77,8250
8,5329	-32,689	77,8300
8,5260	-32,691	77,8350
8,5251	-32,693	77,8400
8,5157	-32,696	77,8450
8,5205	-32,698	77,8500
8,5337	-32,700	77,8550
8,5315	-32,702	77,8600
8,5193	-32,704	77,8650
8,5240	-32,706	77,8700
8,5219	-32,708	77,8750
8,5269	-32,710	77,8800
8,5377	-32,712	77,8850
8,5419	-32,714	77,8900
8,5266	-32,717	77,8950
8,5343	-32,719	77,9000
8,5415	-32,721	77,9050
8,5429	-32,723	77,9100
8,5480	-32,725	77,9150
8,5483	-32,727	77,9200
8,5429	-32,729	77,9250
8,5454	-32,731	77,9300
8,5500	-32,733	77,9350
8,5438	-32,735	77,9400
8,5359	-32,738	77,9450
8,5403	-32,740	77,9500
8,5384	-32,742	77,9550
8,5369	-32,744	77,9600
8,5481	-32,746	77,9650
8,5426	-32,748	77,9700
8,5367	-32,750	77,9750
8,5444	-32,752	77,9800
8,5447	-32,754	77,9850
8,5381	-32,756	77,9900
8,5412	-32,759	77,9950
8,5431	-32,761	78,0000
8,5317	-32,763	78,0050
8,5410	-32,765	78,0100
8,5495	-32,767	78,0150
8,5481	-32,769	78,0200
8,5416	-32,771	78,0250
8,5432	-32,773	78,0300
8,5426	-32,775	78,0350
8,5443	-32,777	78,0400
8,5502	-32,780	78,0450
8,5496	-32,782	78,0500
8,5461	-32,784	78,0550
8,5556	-32,786	78,0600
8,5567	-32,788	78,0650
8,5533	-32,790	78,0700
8,5533	-32,792	78,0750
8,5536	-32,794	78,0800
8,5439	-32,796	78,0850
8,5496	-32,798	78,0900
8,5558	-32,801	78,0950
8,5484	-32,803	78,1000
8,5521	-32,805	78,1050
8,5585	-32,807	78,1100
8,5535	-32,809	78,1150
8,5479	-32,811	78,1200
8,5507	-32,813	78,1250
8,5529	-32,815	78,1300
8,5557	-32,817	78,1350
8,5649	-32,819	78,1400
8,5628	-32,822	78,1450
8,5617	-32,824	78,1500
8,5638	-32,826	78,1550
8,5558	-32,828	78,1600
8,5573	-32,830	78,1650
8,5679	-32,832	78,1700
8,5674	-32,834	78,1750
8,5547	-32,836	78,1800
8,5534	-32,838	78,1850
8,5658	-32,840	78,1900
8,5620	-32,843	78,1950
8,5642	-32,845	78,2000
8,5649	-32,847	78,2050
8,5577	-32,849	78,2100
8,5606	-32,851	78,2150
8,5705	-32,853	78,2200
8,5656	-32,855	78,2250
8,5625	-32,857	78,2300
8,5656	-32,859	78,2350
8,5613	-32,861	78,2400
8,5575	-32,864	78,2450
8,5587	-32,866	78,2500
8,5567	-32,868	78,2550
8,5650	-32,870	78,2600
8,5749	-32,872	78,2650
8,5808	-32,874	78,2700
8,5709	-32,876	78,2750
8,5677	-32,878	78,2800
8,5704	-32,880	78,2850
8,5694	-32,882	78,2900
8,5771	-32,885	78,2950
8,5842	-32,887	78,3000
8,5752	-32,889	78,3050
8,5719	-32,891	78,3100
8,5740	-32,893	78,3150
8,5695	-32,895	78,3200
8,5686	-32,897	78,3250
8,5755	-32,899	78,3300
8,5702	-32,901	78,3350
8,5693	-32,903	78,3400
8,5771	-32,906	78,3450
8,5829	-32,908	78,3500
8,5841	-32,910	78,3550
8,5883	-32,912	78,3600
8,5833	-32,914	78,3650
8,5696	-32,916	78,3700
8,5744	-32,918	78,3750
8,5801	-32,920	78,3800
8,5740	-32,922	78,3850
8,5750	-32,924	78,3900
8,5816	-32,927	78,3950
8,5791	-32,929	78,4000
8,5780	-32,931	78,4050
8,5838	-32,933	78,4100
8,5801	-32,935	78,4150
8,5743	-32,937	78,4200
8,5874	-32,939	78,4250
8,5906	-32,941	78,4300
8,5871	-32,943	78,4350
8,5943	-32,945	78,4400
8,5977	-32,948	78,4450
8,5944	-32,950	78,4500
8,5984	-32,952	78,4550
8,5926	-32,954	78,4600
8,5822	-32,956	78,4650
8,5891	-32,958	78,4700
8,5972	-32,960	78,4750
8,5919	-32,962	78,4800
8,5885	-32,964	78,4850
8,6002	-32,966	78,4900
8,5967	-32,969	78,4950
8,5894	-32,971	78,5000
8,5949	-32,973	78,5050
8,5964	-32,975	78,5100
8,5936	-32,977	78,5150
8,6050	-32,979	78,5200
8,6034	-32,981	78,5250
8,5923	-32,983	78,5300
8,5960	-32,985	78,5350
8,5999	-32,987	78,5400
8,5999	-32,990	78,5450
8,6013	-32,992	78,5500
8,6057	-32,994	78,5550
8,5949	-32,996	78,5600
8,6009	-32,998	78,5650
8,6061	-33,000	78,5700
8,6029	-33,002	78,5750
8,5982	-33,004	78,5800
8,6067	-33,006	78,5850
8,6107	-33,008	78,5900
8,6067	-33,011	78,5950
8,6097	-33,013	78,6000
8,6049	-33,015	78,6050
8,5928	-33,017	78,6100
8,6002	-33,019	78,6150
8,6048	-33,021	78,6200
8,5992	-33,023	78,6250
8,6046	-33,025	78,6300
8,6091	-33,027	78,6350
8,6030	-33,029	78,6400
8,6087	-33,032	78,6450
8,6187	-33,034	78,6500
8,6073	-33,036	78,6550
8,6044	-33,038	78,6600
8,6125	-33,040	78,6650
8,6072	-33,042	78,6700
8,6004	-33,044	78,6750
8,6118	-33,046	78,6800
8,6139	-33,048	78,6850
8,6144	-33,050	78,6900
8,6207	-33,053	78,6950
8,6197	-33,055	78,7000
8,6157	-33,057	78,7050
8,6194	-33,059	78,7100
8,6202	-33,061	78,7150
8,6172	-33,063	78,7200
8,6237	-33,065	78,7250
8,6248	-33,067	78,7300
8,6199	-33,069	78,7350
8,6145	-33,071	78,7400
8,6241	-33,074	78,7450
8,6219	-33,076	78,7500
8,6253	-33,078	78,7550
8,6281	-33,080	78,7600
8,6203	-33,082	78,7650
8,6168	-33,084	78,7700
8,6219	-33,086	78,7750
8,6162	-33,088	78,7800
8,6175	-33,090	78,7850
8,6261	-33,092	78,7900
8,6290	-33,095	78,7950
8,6272	-33,097	78,8000
8,6291	-33,099	78,8050
8,6277	-33,101	78,8100
8,6176	-33,103	78,8150
8,6259	-33,105	78,8200
8,6258	-33,107	78,8250
8,6210	-33,109	78,8300
8,6272	-33,111	78,8350
8,6370	-33,113	78,8400
8,6230	-33,116	78,8450
8,6185	-33,118	78,8500
8,6268	-33,120	78,8550
8,6259	-33,122	78,8600
8,6233	-33,124	78,8650
8,6310	-33,126	78,8700
8,6279	-33,128	78,8750
8,6290	-33,130	78,8800
8,6399	-33,132	78,8850
8,6361	-33,134	78,8900
8,6259	-33,137	78,8950
8,6299	-33,139	78,9000
8,6271	-33,141	78,9050
8,6210	-33,143	78,9100
8,6353	-33,145	78,9150
8,6340	-33,147	78,9200
8,6300	-33,149	78,9250
8,6366	-33,151	78,9300
8,6462	-33,153	78,9350
8,6379	-33,155	78,9400
8,6316	-33,158	78,9450
8,6371	-33,160	78,9500
8,6345	-33,162	78,9550
8,6347	-33,164	78,9600
8,6569	-33,166	78,9650
8,6551	-33,168	78,9700
8,6407	-33,170	78,9750
8,6403	-33,172	78,9800
8,6453	-33,174	78,9850
8,6415	-33,176	78,9900
8,6477	-33,179	78,9950
8,6467	-33,181	79,0000
8,6381	-33,183	79,0050
8,6437	-33,185	79,0100
8,6503	-33,187	79,0150
8,6464	-33,189	79,0200
8,6417	-33,191	79,0250
8,6515	-33,193	79,0300
8,6501	-33,195	79,0350
8,6448	-33,197	79,0400
8,6522	-33,200	79,0450
8,6484	-33,202	79,0500
8,6425	-33,204	79,0550
8,6433	-33,206	79,0600
8,6462	-33,208	79,0650
8,6497	-33,210	79,0700
8,6576	-33,212	79,0750
8,6591	-33,214	79,0800
8,6504	-33,216	79,0850
8,6563	-33,218	79,0900
8,6553	-33,221	79,0950
8,6479	-33,223	79,1000
8,6529	-33,225	79,1050
8,6566	-33,227	79,1100
8,6490	-33,229	79,1150
8,6474	-33,231	79,1200
8,6661	-33,233	79,1250
8,6591	-33,235	79,1300
8,6468	-33,237	79,1350
8,6572	-33,239	79,1400
8,6576	-33,242	79,1450
8,6557	-33,244	79,1500
8,6663	-33,246	79,1550
8,6733	-33,248	79,1600
8,6634	-33,250	79,1650
8,6621	-33,252	79,1700
8,6668	-33,254	79,1750
8,6621	-33,256	79,1800
8,6660	-33,258	79,1850
8,6683	-33,260	79,1900
8,6501	-33,263	79,1950
8,6573	-33,265	79,2000
8,6687	-33,267	79,2050
8,6586	-33,269	79,2100
8,6553	-33,271	79,2150
8,6674	-33,273	79,2200
8,6634	-33,275	79,2250
8,6605	-33,277	79,2300
8,6653	-33,279	79,2350
8,6606	-33,281	79,2400
8,6579	-33,284	79,2450
8,6701	-33,286	79,2500
8,6800	-33,288	79,2550
8,6771	-33,290	79,2600
8,6721	-33,292	79,2650
8,6720	-33,294	79,2700
8,6655	-33,296	79,2750
8,6726	-33,298	79,2800
8,6795	-33,300	79,2850
8,6739	-33,302	79,2900
8,6767	-33,305	79,2950
8,6796	-33,307	79,3000
8,6725	-33,309	79,3050
8,6678	-33,311	79,3100
8,6741	-33,313	79,3150
8,6731	-33,315	79,3200
8,6704	-33,317	79,3250
8,6767	-33,319	79,3300
8,6768	-33,321	79,3350
8,6741	-33,323	79,3400
8,6833	-33,326	79,3450
8,6845	-33,328	79,3500
8,6814	-33,330	79,3550
8,6814	-33,332	79,3600
8,6856	-33,334	79,3650
8,6798	-33,336	79,3700
8,6880	-33,338	79,3750
8,6984	-33,340	79,3800
8,6886	-33,342	79,3850
8,6831	-33,344	79,3900
8,6828	-33,347	79,3950
8,6825	-33,349	79,4000
8,6831	-33,351	79,4050
8,6901	-33,353	79,4100
8,6818	-33,355	79,4150
8,6772	-33,357	79,4200
8,6882	-33,359	79,4250
8,6934	-33,361	79,4300
8,6909	-33,363	79,4350
8,7023	-33,365	79,4400
8,7048	-33,368	79,4450
8,6964	-33,370	79,4500
8,6941	-33,372	79,4550
8,6966	-33,374	79,4600
8,6841	-33,376	79,4650
8,6854	-33,378	79,4700
8,6929	-33,380	79,4750
8,6938	-33,382	79,4800
8,6937	-33,384	79,4850
8,6955	-33,386	79,4900
8,6961	-33,389	79,4950
8,6946	-33,391	79,5000
8,7036	-33,393	79,5050
8,7038	-33,395	79,5100
8,6968	-33,397	79,5150
8,7009	-33,399	79,5200
8,6994	-33,401	79,5250
8,6917	-33,403	79,5300
8,7006	-33,405	79,5350
8,7038	-33,407	79,5400
8,6945	-33,410	79,5450
8,6916	-33,412	79,5500
8,7011	-33,414	79,5550
8,6936	-33,416	79,5600
8,6974	-33,418	79,5650
8,7072	-33,420	79,5700
8,7037	-33,422	79,5750
8,6984	-33,424	79,5800
8,7076	-33,426	79,5850
8,7111	-33,428	79,5900
8,7078	-33,431	79,5950
8,7103	-33,433	79,6000
8,7076	-33,435	79,6050
8,7040	-33,437	79,6100
8,7052	-33,439	79,6150
8,7095	-33,441	79,6200
8,7075	-33,443	79,6250
8,7112	-33,445	79,6300
8,7108	-33,447	79,6350
8,7037	-33,449	79,6400
8,7029	-33,452	79,6450
8,7155	-33,454	79,6500
8,7125	-33,456	79,6550
8,7134	-33,458	79,6600
8,7216	-33,460	79,6650
8,7110	-33,462	79,6700
8,7071	-33,464	79,6750
8,7081	-33,466	79,6800
8,6998	-33,468	79,6850
8,7063	-33,470	79,6900
8,7199	-33,473	79,6950
8,7128	-33,475	79,7000
8,7088	-33,477	79,7050
8,7186	-33,479	79,7100
8,7141	-33,481	79,7150
8,7068	-33,483	79,7200
8,7149	-33,485	79,7250
8,7184	-33,487	79,7300
8,7192	-33,489	79,7350
8,7243	-33,491	79,7400
8,7282	-33,494	79,7450
8,7213	-33,496	79,7500
8,7138	-33,498	79,7550
8,7240	-33,500	79,7600
8,7209	-33,502	79,7650
8,7171	-33,504	79,7700
8,7254	-33,506	79,7750
8,7291	-33,508	79,7800
8,7263	-33,510	79,7850
8,7267	-33,512	79,7900
8,7292	-33,515	79,7950
8,7212	-33,517	79,8000
8,7171	-33,519	79,8050
8,7196	-33,521	79,8100
8,7220	-33,523	79,8150
8,7293	-33,525	79,8200
8,7312	-33,527	79,8250
8,7220	-33,529	79,8300
8,7268	-33,531	79,8350
8,7378	-33,533	79,8400
8,7253	-33,536	79,8450
8,7246	-33,538	79,8500
8,7408	-33,540	79,8550
8,7396	-33,542	79,8600
8,7290	-33,544	79,8650
8,7321	-33,546	79,8700
8,7350	-33,548	79,8750
8,7386	-33,550	79,8800
8,7359	-33,552	79,8850
8,7299	-33,554	79,8900
8,7297	-33,557	79,8950
8,7360	-33,559	79,9000
8,7374	-33,561	79,9050
8,7338	-33,563	79,9100
8,7348	-33,565	79,9150
8,7379	-33,567	79,9200
8,7353	-33,569	79,9250
8,7371	-33,571	79,9300
8,7461	-33,573	79,9350
8,7417	-33,575	79,9400
8,7416	-33,578	79,9450
8,7491	-33,580	79,9500
8,7368	-33,582	79,9550
8,7325	-33,584	79,9600
8,7424	-33,586	79,9650
8,7420	-33,588	79,9700
8,7349	-33,590	79,9750
8,7380	-33,592	79,9800
8,7423	-33,594	79,9850
8,7338	-33,596	79,9900
8,7444	-33,599	79,9950
8,7541	-33,601	80,0000
8,7475	-33,603	80,0050
8,7512	-33,605	80,0100
8,7530	-33,607	80,0150
8,7417	-33,609	80,0200
8,7328	-33,611	80,0250
8,7497	-33,613	80,0300
8,7537	-33,615	80,0350
8,7486	-33,617	80,0400
8,7496	-33,620	80,0450
8,7482	-33,622	80,0500
8,7475	-33,624	80,0550
8,7577	-33,626	80,0600
8,7574	-33,628	80,0650
8,7522	-33,630	80,0700
8,7570	-33,632	80,0750
8,7575	-33,634	80,0800
8,7523	-33,636	80,0850
8,7518	-33,638	80,0900
8,7492	-33,641	80,0950
8,7515	-33,643	80,1000
8,7621	-33,645	80,1050
8,7658	-33,647	80,1100
8,7615	-33,649	80,1150
8,7553	-33,651	80,1200
8,7568	-33,653	80,1250
8,7593	-33,655	80,1300
8,7639	-33,657	80,1350
8,7684	-33,659	80,1400
8,7570	-33,662	80,1450
8,7441	-33,664	80,1500
8,7563	-33,666	80,1550
8,7595	-33,668	80,1600
8,7571	-33,670	80,1650
8,7591	-33,672	80,1700
8,7701	-33,674	80,1750
8,7679	-33,676	80,1800
8,7711	-33,678	80,1850
8,7718	-33,680	80,1900
8,7620	-33,683	80,1950
8,7630	-33,685	80,2000
8,7695	-33,687	80,2050
8,7600	-33,689	80,2100
8,7616	-33,691	80,2150
8,7760	-33,693	80,2200
8,7678	-33,695	80,2250
8,7566	-33,697	80,2300
8,7694	-33,699	80,2350
8,7702	-33,701	80,2400
8,7665	-33,704	80,2450
8,7769	-33,706	80,2500
8,7726	-33,708	80,2550
8,7686	-33,710	80,2600
8,7732	-33,712	80,2650
8,7753	-33,714	80,2700
8,7647	-33,716	80,2750
8,7721	-33,718	80,2800
8,7846	-33,720	80,2850
8,7765	-33,722	80,2900
8,7743	-33,725	80,2950
8,7787	-33,727	80,3000
8,7750	-33,729	80,3050
8,7753	-33,731	80,3100
8,7849	-33,733	80,3150
8,7817	-33,735	80,3200
8,7765	-33,737	80,3250
8,7828	-33,739	80,3300
8,7796	-33,741	80,3350
8,7707	-33,743	80,3400
8,7765	-33,746	80,3450
8,7792	-33,748	80,3500
8,7796	-33,750	80,3550
8,7869	-33,752	80,3600
8,7911	-33,754	80,3650
8,7798	-33,756	80,3700
8,7850	-33,758	80,3750
8,7915	-33,760	80,3800
8,7832	-33,762	80,3850
8,7822	-33,764	80,3900
8,7880	-33,767	80,3950
8,7813	-33,769	80,4000
8,7824	-33,771	80,4050
8,7944	-33,773	80,4100
8,7944	-33,775	80,4150
8,7878	-33,777	80,4200
8,7934	-33,779	80,4250
8,7926	-33,781	80,4300
8,7833	-33,783	80,4350
8,7909	-33,785	80,4400
8,7933	-33,788	80,4450
8,7918	-33,790	80,4500
8,7931	-33,792	80,4550
8,7939	-33,794	80,4600
8,7841	-33,796	80,4650
8,7899	-33,798	80,4700
8,8010	-33,800	80,4750
8,8022	-33,802	80,4800
8,8005	-33,804	80,4850
8,8041	-33,806	80,4900
8,7995	-33,809	80,4950
8,7930	-33,811	80,5000
8,8012	-33,813	80,5050
8,7967	-33,815	80,5100
8,7911	-33,817	80,5150
8,8022	-33,819	80,5200
8,8052	-33,821	80,5250
8,7986	-33,823	80,5300
8,7984	-33,825	80,5350
8,8000	-33,827	80,5400
8,7986	-33,830	80,5450
8,8046	-33,832	80,5500
8,8073	-33,834	80,5550
8,7995	-33,836	80,5600
8,8021	-33,838	80,5650
8,8066	-33,840	80,5700
8,8006	-33,842	80,5750
8,7954	-33,844	80,5800
8,8027	-33,846	80,5850
8,8035	-33,848	80,5900
8,8018	-33,851	80,5950
8,8074	-33,853	80,6000
8,8081	-33,855	80,6050
8,8014	-33,857	80,6100
8,8194	-33,859	80,6150
8,8180	-33,861	80,6200
8,8007	-33,863	80,6250
8,8082	-33,865	80,6300
8,8133	-33,867	80,6350
8,8118	-33,869	80,6400
8,8157	-33,872	80,6450
8,8236	-33,874	80,6500
8,8091	-33,876	80,6550
8,8054	-33,878	80,6600
8,8073	-33,880	80,6650
8,8049	-33,882	80,6700
8,8079	-33,884	80,6750
8,8168	-33,886	80,6800
8,8158	-33,888	80,6850
8,8087	-33,890	80,6900
8,8152	-33,893	80,6950
8,8129	-33,895	80,7000
8,8089	-33,897	80,7050
8,8221	-33,899	80,7100
8,8287	-33,901	80,7150
8,8257	-33,903	80,7200
8,8255	-33,905	80,7250
8,8195	-33,907	80,7300
8,8194	-33,909	80,7350
8,8218	-33,911	80,7400
8,8305	-33,914	80,7450
8,8245	-33,916	80,7500
8,8201	-33,918	80,7550
8,8260	-33,920	80,7600
8,8251	-33,922	80,7650
8,8228	-33,924	80,7700
8,8297	-33,926	80,7750
8,8284	-33,928	80,7800
8,8230	-33,930	80,7850
8,8238	-33,932	80,7900
8,8231	-33,935	80,7950
8,8243	-33,937	80,8000
8,8336	-33,939	80,8050
8,8337	-33,941	80,8100
8,8224	-33,943	80,8150
8,8359	-33,945	80,8200
8,8368	-33,947	80,8250
8,8371	-33,949	80,8300
8,8377	-33,951	80,8350
8,8410	-33,953	80,8400
8,8245	-33,956	80,8450
8,8208	-33,958	80,8500
8,8248	-33,960	80,8550
8,8255	-33,962	80,8600
8,8308	-33,964	80,8650
8,8436	-33,966	80,8700
8,8427	-33,968	80,8750
8,8391	-33,970	80,8800
8,8385	-33,972	80,8850
8,8391	-33,974	80,8900
8,8347	-33,977	80,8950
8,8353	-33,979	80,9000
8,8357	-33,981	80,9050
8,8248	-33,983	80,9100
8,8295	-33,985	80,9150
8,8353	-33,987	80,9200
8,8321	-33,989	80,9250
8,8346	-33,991	80,9300
8,8419	-33,993	80,9350
8,8329	-33,995	80,9400
8,8328	-33,998	80,9450
8,8349	-34,000	80,9500
8,8388	-34,002	80,9550
8,8390	-34,004	80,9600
8,8455	-34,006	80,9650
8,8446	-34,008	80,9700
8,8391	-34,010	80,9750
8,8451	-34,012	80,9800
8,8480	-34,014	80,9850
8,8489	-34,016	80,9900
8,8525	-34,019	80,9950
8,8459	-34,021	81,0000
8,8383	-34,023	81,0050
8,8497	-34,025	81,0100
8,8527	-34,027	81,0150
8,8499	-34,029	81,0200
8,8477	-34,031	81,0250
8,8630	-34,033	81,0300
8,8538	-34,035	81,0350
8,8479	-34,037	81,0400
8,8593	-34,040	81,0450
8,8536	-34,042	81,0500
8,8384	-34,044	81,0550
8,8451	-34,046	81,0600
8,8520	-34,048	81,0650
8,8535	-34,050	81,0700
8,8541	-34,052	81,0750
8,8574	-34,054	81,0800
8,8509	-34,056	81,0850
8,8582	-34,058	81,0900
8,8609	-34,061	81,0950
8,8474	-34,063	81,1000
8,8517	-34,065	81,1050
8,8616	-34,067	81,1100
8,8597	-34,069	81,1150
8,8555	-34,071	81,1200
8,8618	-34,073	81,1250
8,8566	-34,075	81,1300
8,8533	-34,077	81,1350
8,8661	-34,079	81,1400
8,8664	-34,082	81,1450
8,8655	-34,084	81,1500
8,8695	-34,086	81,1550
8,8646	-34,088	81,1600
8,8549	-34,090	81,1650
8,8555	-34,092	81,1700
8,8601	-34,094	81,1750
8,8582	-34,096	81,1800
8,8697	-34,098	81,1850
8,8772	-34,100	81,1900
8,8665	-34,103	81,1950
8,8639	-34,105	81,2000
8,8626	-34,107	81,2050
8,8619	-34,109	81,2100
8,8683	-34,111	81,2150
8,8825	-34,113	81,2200
8,8758	-34,115	81,2250
8,8673	-34,117	81,2300
8,8686	-34,119	81,2350
8,8668	-34,121	81,2400
8,8659	-34,124	81,2450
8,8725	-34,126	81,2500
8,8701	-34,128	81,2550
8,8651	-34,130	81,2600
8,8710	-34,132	81,2650
8,8790	-34,134	81,2700
8,8794	-34,136	81,2750
8,8829	-34,138	81,2800
8,8869	-34,140	81,2850
8,8792	-34,142	81,2900
8,8750	-34,145	81,2950
8,8765	-34,147	81,3000
8,8776	-34,149	81,3050
8,8760	-34,151	81,3100
8,8878	-34,153	81,3150
8,8826	-34,155	81,3200
8,8780	-34,157	81,3250
8,8885	-34,159	81,3300
8,8836	-34,161	81,3350
8,8773	-34,163	81,3400
8,8846	-34,166	81,3450
8,8879	-34,168	81,3500
8,8815	-34,170	81,3550
8,8868	-34,172	81,3600
8,8943	-34,174	81,3650
8,8891	-34,176	81,3700
8,8834	-34,178	81,3750
8,8893	-34,180	81,3800
8,8881	-34,182	81,3850
8,8877	-34,184	81,3900
8,8949	-34,187	81,3950
8,8854	-34,189	81,4000
8,8774	-34,191	81,4050
8,8930	-34,193	81,4100
8,8876	-34,195	81,4150
8,8793	-34,197	81,4200
8,8913	-34,199	81,4250
8,8864	-34,201	81,4300
8,8764	-34,203	81,4350
8,8907	-34,205	81,4400
8,8953	-34,208	81,4450
8,8854	-34,210	81,4500
8,8861	-34,212	81,4550
8,8963	-34,214	81,4600
8,8902	-34,216	81,4650
8,8908	-34,218	81,4700
8,8923	-34,220	81,4750
8,8917	-34,222	81,4800
8,8908	-34,224	81,4850
8,9024	-34,226	81,4900
8,9111	-34,229	81,4950
8,9007	-34,231	81,5000
8,9059	-34,233	81,5050
8,9046	-34,235	81,5100
8,8964	-34,237	81,5150
8,9032	-34,239	81,5200
8,9062	-34,241	81,5250
8,9028	-34,243	81,5300
8,9021	-34,245	81,5350
8,9030	-34,247	81,5400
8,9019	-34,250	81,5450
8,9055	-34,252	81,5500
8,9109	-34,254	81,5550
8,8970	-34,256	81,5600
8,8924	-34,258	81,5650
8,9057	-34,260	81,5700
8,9089	-34,262	81,5750
8,9062	-34,264	81,5800
8,9114	-34,266	81,5850
8,9106	-34,268	81,5900
8,9076	-34,271	81,5950
8,9139	-34,273	81,6000
8,9140	-34,275	81,6050
8,9073	-34,277	81,6100
8,9140	-34,279	81,6150
8,9104	-34,281	81,6200
8,9083	-34,283	81,6250
8,9206	-34,285	81,6300
8,9251	-34,287	81,6350
8,9181	-34,289	81,6400
8,9053	-34,292	81,6450
8,9074	-34,294	81,6500
8,9085	-34,296	81,6550
8,9140	-34,298	81,6600
8,9196	-34,300	81,6650
8,9174	-34,302	81,6700
8,9150	-34,304	81,6750
8,9221	-34,306	81,6800
8,9166	-34,308	81,6850
8,9137	-34,310	81,6900
8,9221	-34,313	81,6950
8,9241	-34,315	81,7000
8,9198	-34,317	81,7050
8,9279	-34,319	81,7100
8,9222	-34,321	81,7150
8,9173	-34,323	81,7200
8,9279	-34,325	81,7250
8,9257	-34,327	81,7300
8,9251	-34,329	81,7350
8,9226	-34,331	81,7400
8,9301	-34,334	81,7450
8,9253	-34,336	81,7500
8,9314	-34,338	81,7550
8,9429	-34,340	81,7600
8,9260	-34,342	81,7650
8,9201	-34,344	81,7700
8,9276	-34,346	81,7750
8,9257	-34,348	81,7800
8,9260	-34,350	81,7850
8,9325	-34,352	81,7900
8,9314	-34,355	81,7950
8,9212	-34,357	81,8000
8,9277	-34,359	81,8050
8,9300	-34,361	81,8100
8,9216	-34,363	81,8150
8,9330	-34,365	81,8200
8,9403	-34,367	81,8250
8,9327	-34,369	81,8300
8,9332	-34,371	81,8350
8,9367	-34,373	81,8400
8,9310	-34,376	81,8450
8,9349	-34,378	81,8500
8,9430	-34,380	81,8550
8,9415	-34,382	81,8600
8,9341	-34,384	81,8650
8,9386	-34,386	81,8700
8,9434	-34,388	81,8750
8,9400	-34,390	81,8800
8,9410	-34,392	81,8850
8,9432	-34,394	81,8900
8,9360	-34,397	81,8950
8,9413	-34,399	81,9000
8,9441	-34,401	81,9050
8,9382	-34,403	81,9100
8,9456	-34,405	81,9150
8,9442	-34,407	81,9200
8,9371	-34,409	81,9250
8,9378	-34,411	81,9300
8,9435	-34,413	81,9350
8,9409	-34,415	81,9400
8,9382	-34,418	81,9450
8,9419	-34,420	81,9500
8,9356	-34,422	81,9550
8,9360	-34,424	81,9600
8,9484	-34,426	81,9650
8,9430	-34,428	81,9700
8,9334	-34,430	81,9750
8,9416	-34,432	81,9800
8,9514	-34,434	81,9850
8,9496	-34,436	81,9900
8,9535	-34,439	81,9950
8,9521	-34,441	82,0000
8,9438	-34,443	82,0050
8,9498	-34,445	82,0100
8,9611	-34,447	82,0150
8,9508	-34,449	82,0200
8,9476	-34,451	82,0250
8,9593	-34,453	82,0300
8,9538	-34,455	82,0350
8,9533	-34,457	82,0400
8,9640	-34,460	82,0450
8,9639	-34,462	82,0500
8,9622	-34,464	82,0550
8,9638	-34,466	82,0600
8,9599	-34,468	82,0650
8,9563	-34,470	82,0700
8,9582	-34,472	82,0750
8,9569	-34,474	82,0800
8,9498	-34,476	82,0850
8,9593	-34,478	82,0900
8,9631	-34,481	82,0950
8,9551	-34,483	82,1000
8,9570	-34,485	82,1050
8,9640	-34,487	82,1100
8,9650	-34,489	82,1150
8,9574	-34,491	82,1200
8,9613	-34,493	82,1250
8,9579	-34,495	82,1300
8,9561	-34,497	82,1350
8,9658	-34,499	82,1400
8,9650	-34,502	82,1450
8,9548	-34,504	82,1500
8,9678	-34,506	82,1550
8,9743	-34,508	82,1600
8,9712	-34,510	82,1650
8,9671	-34,512	82,1700
8,9666	-34,514	82,1750
8,9629	-34,516	82,1800
8,9746	-34,518	82,1850
8,9729	-34,520	82,1900
8,9635	-34,523	82,1950
8,9714	-34,525	82,2000
8,9798	-34,527	82,2050
8,9681	-34,529	82,2100
8,9635	-34,531	82,2150
8,9735	-34,533	82,2200
8,9707	-34,535	82,2250
8,9685	-34,537	82,2300
8,9752	-34,539	82,2350
8,9752	-34,541	82,2400
8,9711	-34,544	82,2450
8,9738	-34,546	82,2500
8,9735	-34,548	82,2550
8,9720	-34,550	82,2600
8,9759	-34,552	82,2650
8,9872	-34,554	82,2700
8,9845	-34,556	82,2750
8,9837	-34,558	82,2800
8,9789	-34,560	82,2850
8,9715	-34,562	82,2900
8,9762	-34,565	82,2950
8,9873	-34,567	82,3000
8,9855	-34,569	82,3050
8,9811	-34,571	82,3100
8,9862	-34,573	82,3150
8,9815	-34,575	82,3200
8,9696	-34,577	82,3250
8,9766	-34,579	82,3300
8,9848	-34,581	82,3350
8,9808	-34,583	82,3400
8,9860	-34,586	82,3450
8,9953	-34,588	82,3500
8,9967	-34,590	82,3550
8,9904	-34,592	82,3600
8,9905	-34,594	82,3650
8,9835	-34,596	82,3700
8,9875	-34,598	82,3750
8,9915	-34,600	82,3800
8,9848	-34,602	82,3850
8,9892	-34,604	82,3900
8,9990	-34,607	82,3950
8,9920	-34,609	82,4000
8,9859	-34,611	82,4050
8,9943	-34,613	82,4100
8,9972	-34,615	82,4150
8,9954	-34,617	82,4200
8,9993	-34,619	82,4250
9,0011	-34,621	82,4300
8,9932	-34,623	82,4350
8,9981	-34,625	82,4400
8,9989	-34,628	82,4450
8,9971	-34,630	82,4500
8,9926	-34,632	82,4550
8,9987	-34,634	82,4600
8,9959	-34,636	82,4650
8,9975	-34,638	82,4700
9,0014	-34,640	82,4750
8,9977	-34,642	82,4800
8,9973	-34,644	82,4850
9,0083	-34,646	82,4900
9,0082	-34,649	82,4950
8,9933	-34,651	82,5000
8,9991	-34,653	82,5050
9,0011	-34,655	82,5100
8,9993	-34,657	82,5150
9,0065	-34,659	82,5200
9,0037	-34,661	82,5250
9,0002	-34,663	82,5300
9,0078	-34,665	82,5350
9,0100	-34,667	82,5400
9,0080	-34,670	82,5450
9,0056	-34,672	82,5500
9,0099	-34,674	82,5550
9,0004	-34,676	82,5600
8,9999	-34,678	82,5650
9,0135	-34,680	82,5700
9,0076	-34,682	82,5750
9,0075	-34,684	82,5800
9,0146	-34,686	82,5850
9,0138	-34,688	82,5900
9,0120	-34,691	82,5950
9,0143	-34,693	82,6000
9,0109	-34,695	82,6050
9,0081	-34,697	82,6100
9,0162	-34,699	82,6150
9,0122	-34,701	82,6200
9,0027	-34,703	82,6250
9,0094	-34,705	82,6300
9,0173	-34,707	82,6350
9,0147	-34,709	82,6400
9,0138	-34,712	82,6450
9,0186	-34,714	82,6500
9,0107	-34,716	82,6550
9,0123	-34,718	82,6600
9,0230	-34,720	82,6650
9,0125	-34,722	82,6700
9,0102	-34,724	82,6750
9,0260	-34,726	82,6800
9,0263	-34,728	82,6850
9,0154	-34,730	82,6900
9,0202	-34,733	82,6950
9,0255	-34,735	82,7000
9,0258	-34,737	82,7050
9,0290	-34,739	82,7100
9,0271	-34,741	82,7150
9,0236	-34,743	82,7200
9,0267	-34,745	82,7250
9,0261	-34,747	82,7300
9,0274	-34,749	82,7350
9,0308	-34,751	82,7400
9,0333	-34,754	82,7450
9,0263	-34,756	82,7500
9,0254	-34,758	82,7550
9,0312	-34,760	82,7600
9,0229	-34,762	82,7650
9,0215	-34,764	82,7700
9,0330	-34,766	82,7750
9,0317	-34,768	82,7800
9,0254	-34,770	82,7850
9,0283	-34,772	82,7900
9,0346	-34,775	82,7950
9,0287	-34,777	82,8000
9,0331	-34,779	82,8050
9,0345	-34,781	82,8100
9,0265	-34,783	82,8150
9,0370	-34,785	82,8200
9,0484	-34,787	82,8250
9,0444	-34,789	82,8300
9,0357	-34,791	82,8350
9,0429	-34,793	82,8400
9,0318	-34,796	82,8450
9,0355	-34,798	82,8500
9,0471	-34,800	82,8550
9,0377	-34,802	82,8600
9,0323	-34,804	82,8650
9,0418	-34,806	82,8700
9,0392	-34,808	82,8750
9,0301	-34,810	82,8800
9,0356	-34,812	82,8850
9,0436	-34,814	82,8900
9,0448	-34,817	82,8950
9,0512	-34,819	82,9000
9,0427	-34,821	82,9050
9,0305	-34,823	82,9100
9,0390	-34,825	82,9150
9,0467	-34,827	82,9200
9,0470	-34,829	82,9250
9,0464	-34,831	82,9300
9,0534	-34,833	82,9350
9,0483	-34,835	82,9400
9,0520	-34,838	82,9450
9,0571	-34,840	82,9500
9,0512	-34,842	82,9550
9,0443	-34,844	82,9600
9,0517	-34,846	82,9650
9,0481	-34,848	82,9700
9,0425	-34,850	82,9750
9,0532	-34,852	82,9800
9,0626	-34,854	82,9850
9,0552	-34,856	82,9900
9,0542	-34,859	82,9950
9,0588	-34,861	83,0000
9,0511	-34,863	83,0050
9,0496	-34,865	83,0100
9,0549	-34,867	83,0150
9,0571	-34,869	83,0200
9,0558	-34,871	83,0250
9,0626	-34,873	83,0300
9,0570	-34,875	83,0350
9,0545	-34,877	83,0400
9,0661	-34,880	83,0450
9,0632	-34,882	83,0500
9,0596	-34,884	83,0550
9,0674	-34,886	83,0600
9,0609	-34,888	83,0650
9,0556	-34,890	83,0700
9,0601	-34,892	83,0750
9,0665	-34,894	83,0800
9,0573	-34,896	83,0850
9,0600	-34,898	83,0900
9,0669	-34,901	83,0950
9,0606	-34,903	83,1000
9,0597	-34,905	83,1050
9,0662	-34,907	83,1100
9,0674	-34,909	83,1150
9,0659	-34,911	83,1200
9,0727	-34,913	83,1250
9,0624	-34,915	83,1300
9,0617	-34,917	83,1350
9,0708	-34,919	83,1400
9,0709	-34,922	83,1450
9,0720	-34,924	83,1500
9,0827	-34,926	83,1550
9,0767	-34,928	83,1600
9,0660	-34,930	83,1650
9,0721	-34,932	83,1700
9,0746	-34,934	83,1750
9,0720	-34,936	83,1800
9,0760	-34,938	83,1850
9,0774	-34,940	83,1900
9,0645	-34,943	83,1950
9,0679	-34,945	83,2000
9,0804	-34,947	83,2050
9,0790	-34,949	83,2100
9,0733	-34,951	83,2150
9,0824	-34,953	83,2200
9,0708	-34,955	83,2250
9,0706	-34,957	83,2300
9,0793	-34,959	83,2350
9,0701	-34,961	83,2400
9,0657	-34,964	83,2450
9,0798	-34,966	83,2500
9,0780	-34,968	83,2550
9,0685	-34,970	83,2600
9,0727	-34,972	83,2650
9,0816	-34,974	83,2700
9,0756	-34,976	83,2750
9,0827	-34,978	83,2800
9,0855	-34,980	83,2850
9,0834	-34,982	83,2900
9,0873	-34,985	83,2950
9,0885	-34,987	83,3000
9,0860	-34,989	83,3050
9,0826	-34,991	83,3100
9,0931	-34,993	83,3150
9,0909	-34,995	83,3200
9,0833	-34,997	83,3250
9,0884	-34,999	83,3300
9,0868	-35,001	83,3350
9,0882	-35,003	83,3400
9,0953	-35,006	83,3450
9,0993	-35,008	83,3500
9,0882	-35,010	83,3550
9,0879	-35,012	83,3600
9,0938	-35,014	83,3650
9,0878	-35,016	83,3700
9,0917	-35,018	83,3750
9,0996	-35,020	83,3800
9,0896	-35,022	83,3850
9,0884	-35,024	83,3900
9,0955	-35,027	83,3950
9,0983	-35,029	83,4000
9,0971	-35,031	83,4050
9,1018	-35,033	83,4100
9,0964	-35,035	83,4150
9,0941	-35,037	83,4200
9,0991	-35,039	83,4250
9,0985	-35,041	83,4300
9,0900	-35,043	83,4350
9,0961	-35,045	83,4400
9,0945	-35,048	83,4450
9,0937	-35,050	83,4500
9,0991	-35,052	83,4550
9,1096	-35,054	83,4600
9,1096	-35,056	83,4650
9,1171	-35,058	83,4700
9,1160	-35,060	83,4750
9,1063	-35,062	83,4800
9,1026	-35,064	83,4850
9,1054	-35,066	83,4900
9,1070	-35,069	83,4950
9,1071	-35,071	83,5000
9,1079	-35,073	83,5050
9,0997	-35,075	83,5100
9,0949	-35,077	83,5150
9,1051	-35,079	83,5200
9,1065	-35,081	83,5250
9,1014	-35,083	83,5300
9,1062	-35,085	83,5350
9,1037	-35,087	83,5400
9,1006	-35,090	83,5450
9,1058	-35,092	83,5500
9,1131	-35,094	83,5550
9,1161	-35,096	83,5600
9,1166	-35,098	83,5650
9,1141	-35,100	83,5700
9,1000	-35,102	83,5750
9,0965	-35,104	83,5800
9,1064	-35,106	83,5850
9,1121	-35,108	83,5900
9,1175	-35,111	83,5950
9,1196	-35,113	83,6000
9,1167	-35,115	83,6050
9,1147	-35,117	83,6100
9,1234	-35,119	83,6150
9,1268	-35,121	83,6200
9,1210	-35,123	83,6250
9,1225	-35,125	83,6300
9,1190	-35,127	83,6350
9,1087	-35,129	83,6400
9,1111	-35,132	83,6450
9,1190	-35,134	83,6500
9,1170	-35,136	83,6550
9,1205	-35,138	83,6600
9,1231	-35,140	83,6650
9,1128	-35,142	83,6700
9,1079	-35,144	83,6750
9,1181	-35,146	83,6800
9,1283	-35,148	83,6850
9,1305	-35,150	83,6900
9,1309	-35,153	83,6950
9,1223	-35,155	83,7000
9,1156	-35,157	83,7050
9,1192	-35,159	83,7100
9,1240	-35,161	83,7150
9,1257	-35,163	83,7200
9,1335	-35,165	83,7250
9,1336	-35,167	83,7300
9,1268	-35,169	83,7350
9,1272	-35,171	83,7400
9,1379	-35,174	83,7450
9,1340	-35,176	83,7500
9,1337	-35,178	83,7550
9,1415	-35,180	83,7600
9,1379	-35,182	83,7650
9,1274	-35,184	83,7700
9,1291	-35,186	83,7750
9,1279	-35,188	83,7800
9,1321	-35,190	83,7850
9,1411	-35,192	83,7900
9,1408	-35,195	83,7950
9,1293	-35,197	83,8000
9,1343	-35,199	83,8050
9,1350	-35,201	83,8100
9,1286	-35,203	83,8150
9,1405	-35,205	83,8200
9,1427	-35,207	83,8250
9,1320	-35,209	83,8300
9,1324	-35,211	83,8350
9,1463	-35,213	83,8400
9,1375	-35,216	83,8450
9,1374	-35,218	83,8500
9,1499	-35,220	83,8550
9,1473	-35,222	83,8600
9,1364	-35,224	83,8650
9,1434	-35,226	83,8700
9,1403	-35,228	83,8750
9,1410	-35,230	83,8800
9,1479	-35,232	83,8850
9,1520	-35,234	83,8900
9,1469	-35,237	83,8950
9,1510	-35,239	83,9000
9,1486	-35,241	83,9050
9,1442	-35,243	83,9100
9,1529	-35,245	83,9150
9,1522	-35,247	83,9200
9,1431	-35,249	83,9250
9,1429	-35,251	83,9300
9,1604	-35,253	83,9350
9,1576	-35,255	83,9400
9,1567	-35,258	83,9450
9,1613	-35,260	83,9500
9,1542	-35,262	83,9550
9,1509	-35,264	83,9600
9,1619	-35,266	83,9650
9,1589	-35,268	83,9700
9,1517	-35,270	83,9750
9,1525	-35,272	83,9800
9,1561	-35,274	83,9850
9,1493	-35,276	83,9900
9,1560	-35,279	83,9950
9,1600	-35,281	84,0000
9,1536	-35,283	84,0050
9,1569	-35,285	84,0100
9,1575	-35,287	84,0150
9,1510	-35,289	84,0200
9,1501	-35,291	84,0250
9,1650	-35,293	84,0300
9,1606	-35,295	84,0350
9,1576	-35,297	84,0400
9,1587	-35,300	84,0450
9,1530	-35,302	84,0500
9,1520	-35,304	84,0550
9,1602	-35,306	84,0600
9,1624	-35,308	84,0650
9,1626	-35,310	84,0700
9,1708	-35,312	84,0750
9,1706	-35,314	84,0800
9,1636	-35,316	84,0850
9,1705	-35,318	84,0900
9,1716	-35,321	84,0950
9,1634	-35,323	84,1000
9,1651	-35,325	84,1050
9,1649	-35,327	84,1100
9,1586	-35,329	84,1150
9,1642	-35,331	84,1200
9,1752	-35,333	84,1250
9,1721	-35,335	84,1300
9,1716	-35,337	84,1350
9,1780	-35,339	84,1400
9,1737	-35,342	84,1450
9,1654	-35,344	84,1500
9,1712	-35,346	84,1550
9,1637	-35,348	84,1600
9,1717	-35,350	84,1650
9,1834	-35,352	84,1700
9,1816	-35,354	84,1750
9,1703	-35,356	84,1800
9,1715	-35,358	84,1850
9,1750	-35,360	84,1900
9,1704	-35,363	84,1950
9,1759	-35,365	84,2000
9,1869	-35,367	84,2050
9,1786	-35,369	84,2100
9,1720	-35,371	84,2150
9,1801	-35,373	84,2200
9,1779	-35,375	84,2250
9,1770	-35,377	84,2300
9,1916	-35,379	84,2350
9,1888	-35,381	84,2400
9,1861	-35,384	84,2450
9,1909	-35,386	84,2500
9,1866	-35,388	84,2550
9,1773	-35,390	84,2600
9,1787	-35,392	84,2650
9,1897	-35,394	84,2700
9,1805	-35,396	84,2750
9,1862	-35,398	84,2800
9,1851	-35,400	84,2850
9,1757	-35,402	84,2900
9,1811	-35,405	84,2950
9,1965	-35,407	84,3000
9,1936	-35,409	84,3050
9,1925	-35,411	84,3100
9,1971	-35,413	84,3150
9,1882	-35,415	84,3200
9,1835	-35,417	84,3250
9,1875	-35,419	84,3300
9,1862	-35,421	84,3350
9,1886	-35,423	84,3400
9,1981	-35,426	84,3450
9,1932	-35,428	84,3500
9,1897	-35,430	84,3550
9,1943	-35,432	84,3600
9,2030	-35,434	84,3650
9,1963	-35,436	84,3700
9,1985	-35,438	84,3750
9,2015	-35,440	84,3800
9,1996	-35,442	84,3850
9,1995	-35,444	84,3900
9,2039	-35,447	84,3950
9,1944	-35,449	84,4000
9,1934	-35,451	84,4050
9,2054	-35,453	84,4100
9,2020	-35,455	84,4150
9,1953	-35,457	84,4200
9,2039	-35,459	84,4250
9,1987	-35,461	84,4300
9,1930	-35,463	84,4350
9,2023	-35,465	84,4400
9,2006	-35,468	84,4450
9,2010	-35,470	84,4500
9,2034	-35,472	84,4550
9,2079	-35,474	84,4600
9,1960	-35,476	84,4650
9,1970	-35,478	84,4700
9,1972	-35,480	84,4750
9,1951	-35,482	84,4800
9,2018	-35,484	84,4850
9,2114	-35,486	84,4900
9,2059	-35,489	84,4950
9,2086	-35,491	84,5000
9,2200	-35,493	84,5050
9,2087	-35,495	84,5100
9,1954	-35,497	84,5150
9,2039	-35,499	84,5200
9,2109	-35,501	84,5250
9,2046	-35,503	84,5300
9,2057	-35,505	84,5350
9,2092	-35,507	84,5400
9,2131	-35,510	84,5450
9,2226	-35,512	84,5500
9,2261	-35,514	84,5550
9,2134	-35,516	84,5600
9,2122	-35,518	84,5650
9,2160	-35,520	84,5700
9,2167	-35,522	84,5750
9,2182	-35,524	84,5800
9,2227	-35,526	84,5850
9,2182	-35,528	84,5900
9,2138	-35,531	84,5950
9,2276	-35,533	84,6000
9,2281	-35,535	84,6050
9,2236	-35,537	84,6100
9,2278	-35,539	84,6150
9,2256	-35,541	84,6200
9,2108	-35,543	84,6250
9,2208	-35,545	84,6300
9,2278	-35,547	84,6350
9,2251	-35,549	84,6400
9,2245	-35,552	84,6450
9,2340	-35,554	84,6500
9,2217	-35,556	84,6550
9,2216	-35,558	84,6600
9,2269	-35,560	84,6650
9,2226	-35,562	84,6700
9,2210	-35,564	84,6750
9,2281	-35,566	84,6800
9,2243	-35,568	84,6850
9,2197	-35,570	84,6900
9,2298	-35,573	84,6950
9,2343	-35,575	84,7000
9,2314	-35,577	84,7050
9,2310	-35,579	84,7100
9,2288	-35,581	84,7150
9,2236	-35,583	84,7200
9,2365	-35,585	84,7250
9,2391	-35,587	84,7300
9,2348	-35,589	84,7350
9,2325	-35,591	84,7400
9,2395	-35,594	84,7450
9,2321	-35,596	84,7500
9,2307	-35,598	84,7550
9,2358	-35,600	84,7600
9,2254	-35,602	84,7650
9,2300	-35,604	84,7700
9,2410	-35,606	84,7750
9,2372	-35,608	84,7800
9,2309	-35,610	84,7850
9,2393	-35,612	84,7900
9,2420	-35,615	84,7950
9,2384	-35,617	84,8000
9,2422	-35,619	84,8050
9,2385	-35,621	84,8100
9,2279	-35,623	84,8150
9,2370	-35,625	84,8200
9,2459	-35,627	84,8250
9,2393	-35,629	84,8300
9,2484	-35,631	84,8350
9,2659	-35,633	84,8400
9,2503	-35,636	84,8450
9,2441	-35,638	84,8500
9,2593	-35,640	84,8550
9,2497	-35,642	84,8600
9,2399	-35,644	84,8650
9,2479	-35,646	84,8700
9,2421	-35,648	84,8750
9,2406	-35,650	84,8800
9,2489	-35,652	84,8850
9,2528	-35,654	84,8900
9,2500	-35,657	84,8950
9,2527	-35,659	84,9000
9,2519	-35,661	84,9050
9,2490	-35,663	84,9100
9,2560	-35,665	84,9150
9,2562	-35,667	84,9200
9,2520	-35,669	84,9250
9,2524	-35,671	84,9300
9,2588	-35,673	84,9350
9,2530	-35,675	84,9400
9,2604	-35,678	84,9450
9,2593	-35,680	84,9500
9,2499	-35,682	84,9550
9,2502	-35,684	84,9600
9,2667	-35,686	84,9650
9,2654	-35,688	84,9700
9,2513	-35,690	84,9750
9,2561	-35,692	84,9800
9,2626	-35,694	84,9850
9,2562	-35,696	84,9900
9,2609	-35,699	84,9950
9,2652	-35,701	85,0000
9,2547	-35,703	85,0050
9,2567	-35,705	85,0100
9,2606	-35,707	85,0150
9,2598	-35,709	85,0200
9,2640	-35,711	85,0250
9,2766	-35,713	85,0300
9,2699	-35,715	85,0350
9,2681	-35,717	85,0400
9,2711	-35,720	85,0450
9,2615	-35,722	85,0500
9,2567	-35,724	85,0550
9,2601	-35,726	85,0600
9,2578	-35,728	85,0650
9,2587	-35,730	85,0700
9,2683	-35,732	85,0750
9,2772	-35,734	85,0800
9,2626	-35,736	85,0850
9,2632	-35,738	85,0900
9,2693	-35,741	85,0950
9,2601	-35,743	85,1000
9,2595	-35,745	85,1050
9,2711	-35,747	85,1100
9,2736	-35,749	85,1150
9,2717	-35,751	85,1200
9,2787	-35,753	85,1250
9,2714	-35,755	85,1300
9,2754	-35,757	85,1350
9,2793	-35,759	85,1400
9,2736	-35,762	85,1450
9,2725	-35,764	85,1500
9,2823	-35,766	85,1550
9,2744	-35,768	85,1600
9,2628	-35,770	85,1650
9,2725	-35,772	85,1700
9,2794	-35,774	85,1750
9,2784	-35,776	85,1800
9,2893	-35,778	85,1850
9,2892	-35,780	85,1900
9,2780	-35,783	85,1950
9,2804	-35,785	85,2000
9,2806	-35,787	85,2050
9,2799	-35,789	85,2100
9,2776	-35,791	85,2150
9,2864	-35,793	85,2200
9,2856	-35,795	85,2250
9,2809	-35,797	85,2300
9,2855	-35,799	85,2350
9,2840	-35,801	85,2400
9,2786	-35,804	85,2450
9,2880	-35,806	85,2500
9,2918	-35,808	85,2550
9,2839	-35,810	85,2600
9,2843	-35,812	85,2650
9,2899	-35,814	85,2700
9,2916	-35,816	85,2750
9,2961	-35,818	85,2800
9,2899	-35,820	85,2850
9,2791	-35,822	85,2900
9,2844	-35,825	85,2950
9,2935	-35,827	85,3000
9,2965	-35,829	85,3050
9,2952	-35,831	85,3100
9,2998	-35,833	85,3150
9,2920	-35,835	85,3200
9,2854	-35,837	85,3250
9,2919	-35,839	85,3300
9,2920	-35,841	85,3350
9,2906	-35,843	85,3400
9,3082	-35,846	85,3450
9,3085	-35,848	85,3500
9,3002	-35,850	85,3550
9,2991	-35,852	85,3600
9,3035	-35,854	85,3650
9,2912	-35,856	85,3700
9,2905	-35,858	85,3750
9,3001	-35,860	85,3800
9,2911	-35,862	85,3850
9,2904	-35,864	85,3900
9,2982	-35,867	85,3950
9,2906	-35,869	85,4000
9,2869	-35,871	85,4050
9,3021	-35,873	85,4100
9,3064	-35,875	85,4150
9,3034	-35,877	85,4200
9,3093	-35,879	85,4250
9,3057	-35,881	85,4300
9,3034	-35,883	85,4350
9,3125	-35,885	85,4400
9,3137	-35,888	85,4450
9,3092	-35,890	85,4500
9,3098	-35,892	85,4550
9,3117	-35,894	85,4600
9,3033	-35,896	85,4650
9,3059	-35,898	85,4700
9,3151	-35,900	85,4750
9,3068	-35,902	85,4800
9,3067	-35,904	85,4850
9,3109	-35,906	85,4900
9,3090	-35,909	85,4950
9,3071	-35,911	85,5000
9,3173	-35,913	85,5050
9,3151	-35,915	85,5100
9,3098	-35,917	85,5150
9,3147	-35,919	85,5200
9,3172	-35,921	85,5250
9,3128	-35,923	85,5300
9,3212	-35,925	85,5350
9,3232	-35,927	85,5400
9,3159	-35,930	85,5450
9,3189	-35,932	85,5500
9,3237	-35,934	85,5550
9,3149	-35,936	85,5600
9,3193	-35,938	85,5650
9,3240	-35,940	85,5700
9,3186	-35,942	85,5750
9,3205	-35,944	85,5800
9,3279	-35,946	85,5850
9,3255	-35,948	85,5900
9,3244	-35,951	85,5950
9,3231	-35,953	85,6000
9,3210	-35,955	85,6050
9,3243	-35,957	85,6100
9,3311	-35,959	85,6150
9,3270	-35,961	85,6200
9,3224	-35,963	85,6250
9,3340	-35,965	85,6300
9,3343	-35,967	85,6350
9,3234	-35,969	85,6400
9,3229	-35,972	85,6450
9,3245	-35,974	85,6500
9,3178	-35,976	85,6550
9,3231	-35,978	85,6600
9,3351	-35,980	85,6650
9,3262	-35,982	85,6700
9,3277	-35,984	85,6750
9,3369	-35,986	85,6800
9,3351	-35,988	85,6850
9,3302	-35,990	85,6900
9,3316	-35,993	85,6950
9,3306	-35,995	85,7000
9,3276	-35,997	85,7050
9,3368	-35,999	85,7100
9,3351	-36,001	85,7150
9,3298	-36,003	85,7200
9,3346	-36,005	85,7250
9,3432	-36,007	85,7300
9,3404	-36,009	85,7350
9,3349	-36,011	85,7400
9,3352	-36,014	85,7450
9,3338	-36,016	85,7500
9,3366	-36,018	85,7550
9,3416	-36,020	85,7600
9,3379	-36,022	85,7650
9,3367	-36,024	85,7700
9,3488	-36,026	85,7750
9,3415	-36,028	85,7800
9,3341	-36,030	85,7850
9,3414	-36,032	85,7900
9,3410	-36,035	85,7950
9,3350	-36,037	85,8000
9,3438	-36,039	85,8050
9,3488	-36,041	85,8100
9,3418	-36,043	85,8150
9,3426	-36,045	85,8200
9,3481	-36,047	85,8250
9,3520	-36,049	85,8300
9,3546	-36,051	85,8350
9,3530	-36,053	85,8400
9,3442	-36,056	85,8450
9,3487	-36,058	85,8500
9,3545	-36,060	85,8550
9,3482	-36,062	85,8600
9,3425	-36,064	85,8650
9,3530	-36,066	85,8700
9,3524	-36,068	85,8750
9,3523	-36,070	85,8800
9,3570	-36,072	85,8850
9,3539	-36,074	85,8900
9,3450	-36,077	85,8950
9,3512	-36,079	85,9000
9,3573	-36,081	85,9050
9,3529	-36,083	85,9100
9,3525	-36,085	85,9150
9,3585	-36,087	85,9200
9,3534	-36,089	85,9250
9,3494	-36,091	85,9300
9,3554	-36,093	85,9350
9,3534	-36,095	85,9400
9,3531	-36,098	85,9450
9,3616	-36,100	85,9500
9,3554	-36,102	85,9550
9,3538	-36,104	85,9600
9,3629	-36,106	85,9650
9,3649	-36,108	85,9700
9,3611	-36,110	85,9750
9,3655	-36,112	85,9800
9,3738	-36,114	85,9850
9,3645	-36,116	85,9900
9,3679	-36,119	85,9950
9,3680	-36,121	86,0000
9,3574	-36,123	86,0050
9,3636	-36,125	86,0100
9,3692	-36,127	86,0150
9,3642	-36,129	86,0200
9,3627	-36,131	86,0250
9,3694	-36,133	86,0300
9,3656	-36,135	86,0350
9,3646	-36,137	86,0400
9,3719	-36,140	86,0450
9,3708	-36,142	86,0500
9,3647	-36,144	86,0550
9,3719	-36,146	86,0600
9,3687	-36,148	86,0650
9,3682	-36,150	86,0700
9,3710	-36,152	86,0750
9,3748	-36,154	86,0800
9,3662	-36,156	86,0850
9,3647	-36,159	86,0900
9,3743	-36,161	86,0950
9,3728	-36,163	86,1000
9,3782	-36,165	86,1050
9,3809	-36,167	86,1100
9,3776	-36,169	86,1150
9,3750	-36,171	86,1200
9,3882	-36,173	86,1250
9,3834	-36,175	86,1300
9,3744	-36,177	86,1350
9,3780	-36,180	86,1400
9,3812	-36,182	86,1450
9,3810	-36,184	86,1500
9,3919	-36,186	86,1550
9,3869	-36,188	86,1600
9,3812	-36,190	86,1650
9,3803	-36,192	86,1700
9,3810	-36,194	86,1750
9,3768	-36,196	86,1800
9,3871	-36,198	86,1850
9,3939	-36,201	86,1900
9,3864	-36,203	86,1950
9,3840	-36,205	86,2000
9,3901	-36,207	86,2050
9,3892	-36,209	86,2100
9,3859	-36,211	86,2150
9,3982	-36,213	86,2200
9,3918	-36,215	86,2250
9,3897	-36,217	86,2300
9,3948	-36,219	86,2350
9,3897	-36,222	86,2400
9,3818	-36,224	86,2450
9,3903	-36,226	86,2500
9,3940	-36,228	86,2550
9,3877	-36,230	86,2600
9,3867	-36,232	86,2650
9,3947	-36,234	86,2700
9,3947	-36,236	86,2750
9,3985	-36,238	86,2800
9,3963	-36,240	86,2850
9,3863	-36,243	86,2900
9,3950	-36,245	86,2950
9,4049	-36,247	86,3000
9,3919	-36,249	86,3050
9,3875	-36,251	86,3100
9,3979	-36,253	86,3150
9,3948	-36,255	86,3200
9,3943	-36,257	86,3250
9,4055	-36,259	86,3300
9,3998	-36,261	86,3350
9,3833	-36,264	86,3400
9,3957	-36,266	86,3450
9,3987	-36,268	86,3500
9,4040	-36,270	86,3550
9,4067	-36,272	86,3600
9,4068	-36,274	86,3650
9,3967	-36,276	86,3700
9,4003	-36,278	86,3750
9,4012	-36,280	86,3800
9,4012	-36,282	86,3850
9,4080	-36,285	86,3900
9,4172	-36,287	86,3950
9,4092	-36,289	86,4000
9,4006	-36,291	86,4050
9,4104	-36,293	86,4100
9,4052	-36,295	86,4150
9,4037	-36,297	86,4200
9,4236	-36,299	86,4250
9,4248	-36,301	86,4300
9,4079	-36,303	86,4350
9,4125	-36,306	86,4400
9,4090	-36,308	86,4450
9,4057	-36,310	86,4500
9,4092	-36,312	86,4550
9,4160	-36,314	86,4600
9,4095	-36,316	86,4650
9,4127	-36,318	86,4700
9,4148	-36,320	86,4750
9,4139	-36,322	86,4800
9,4119	-36,324	86,4850
9,4162	-36,327	86,4900
9,4124	-36,329	86,4950
9,4169	-36,331	86,5000
9,4267	-36,333	86,5050
9,4252	-36,335	86,5100
9,4142	-36,337	86,5150
9,4196	-36,339	86,5200
9,4152	-36,341	86,5250
9,4120	-36,343	86,5300
9,4243	-36,345	86,5350
9,4233	-36,348	86,5400
9,4164	-36,350	86,5450
9,4230	-36,352	86,5500
9,4294	-36,354	86,5550
9,4225	-36,356	86,5600
9,4216	-36,358	86,5650
9,4224	-36,360	86,5700
9,4167	-36,362	86,5750
9,4189	-36,364	86,5800
9,4277	-36,366	86,5850
9,4218	-36,369	86,5900
9,4152	-36,371	86,5950
9,4211	-36,373	86,6000
9,4287	-36,375	86,6050
9,4365	-36,377	86,6100
9,4446	-36,379	86,6150
9,4384	-36,381	86,6200
9,4211	-36,383	86,6250
9,4270	-36,385	86,6300
9,4316	-36,387	86,6350
9,4362	-36,390	86,6400
9,4352	-36,392	86,6450
9,4369	-36,394	86,6500
9,4325	-36,396	86,6550
9,4334	-36,398	86,6600
9,4380	-36,400	86,6650
9,4336	-36,402	86,6700
9,4346	-36,404	86,6750
9,4464	-36,406	86,6800
9,4412	-36,408	86,6850
9,4342	-36,411	86,6900
9,4355	-36,413	86,6950
9,4397	-36,415	86,7000
9,4431	-36,417	86,7050
9,4479	-36,419	86,7100
9,4433	-36,421	86,7150
9,4367	-36,423	86,7200
9,4400	-36,425	86,7250
9,4376	-36,427	86,7300
9,4312	-36,429	86,7350
9,4319	-36,432	86,7400
9,4447	-36,434	86,7450
9,4464	-36,436	86,7500
9,4473	-36,438	86,7550
9,4464	-36,440	86,7600
9,4465	-36,442	86,7650
9,4472	-36,444	86,7700
9,4481	-36,446	86,7750
9,4391	-36,448	86,7800
9,4287	-36,450	86,7850
9,4348	-36,453	86,7900
9,4386	-36,455	86,7950
9,4414	-36,457	86,8000
9,4506	-36,459	86,8050
9,4490	-36,461	86,8100
9,4450	-36,463	86,8150
9,4519	-36,465	86,8200
9,4495	-36,467	86,8250
9,4470	-36,469	86,8300
9,4524	-36,471	86,8350
9,4599	-36,474	86,8400
9,4552	-36,476	86,8450
9,4513	-36,478	86,8500
9,4542	-36,480	86,8550
9,4484	-36,482	86,8600
9,4497	-36,484	86,8650
9,4582	-36,486	86,8700
9,4600	-36,488	86,8750
9,4550	-36,490	86,8800
9,4561	-36,492	86,8850
9,4582	-36,495	86,8900
9,4526	-36,497	86,8950
9,4618	-36,499	86,9000
9,4673	-36,501	86,9050
9,4513	-36,503	86,9100
9,4592	-36,505	86,9150
9,4664	-36,507	86,9200
9,4593	-36,509	86,9250
9,4591	-36,511	86,9300
9,4624	-36,513	86,9350
9,4537	-36,516	86,9400
9,4534	-36,518	86,9450
9,4589	-36,520	86,9500
9,4643	-36,522	86,9550
9,4672	-36,524	86,9600
9,4708	-36,526	86,9650
9,4612	-36,528	86,9700
9,4526	-36,530	86,9750
9,4660	-36,532	86,9800
9,4715	-36,534	86,9850
9,4631	-36,537	86,9900
9,4705	-36,539	86,9950
9,4746	-36,541	87,0000
9,4591	-36,543	87,0050
9,4618	-36,545	87,0100
9,4701	-36,547	87,0150
9,4712	-36,549	87,0200
9,4694	-36,551	87,0250
9,4750	-36,553	87,0300
9,4646	-36,555	87,0350
9,4671	-36,558	87,0400
9,4807	-36,560	87,0450
9,4793	-36,562	87,0500
9,4757	-36,564	87,0550
9,4864	-36,566	87,0600
9,4788	-36,568	87,0650
9,4724	-36,570	87,0700
9,4755	-36,572	87,0750
9,4745	-36,574	87,0800
9,4781	-36,576	87,0850
9,4839	-36,579	87,0900
9,4816	-36,581	87,0950
9,4674	-36,583	87,1000
9,4712	-36,585	87,1050
9,4755	-36,587	87,1100
9,4749	-36,589	87,1150
9,4722	-36,591	87,1200
9,4772	-36,593	87,1250
9,4751	-36,595	87,1300
9,4823	-36,597	87,1350
9,4908	-36,600	87,1400
9,4886	-36,602	87,1450
9,4858	-36,604	87,1500
9,4861	-36,606	87,1550
9,4784	-36,608	87,1600
9,4745	-36,610	87,1650
9,4865	-36,612	87,1700
9,4900	-36,614	87,1750
9,4830	-36,616	87,1800
9,4846	-36,618	87,1850
9,4861	-36,621	87,1900
9,4771	-36,623	87,1950
9,4778	-36,625	87,2000
9,4932	-36,627	87,2050
9,4892	-36,629	87,2100
9,4832	-36,631	87,2150
9,4965	-36,633	87,2200
9,4960	-36,635	87,2250
9,4893	-36,637	87,2300
9,4940	-36,639	87,2350
9,4929	-36,642	87,2400
9,4911	-36,644	87,2450
9,5005	-36,646	87,2500
9,4956	-36,648	87,2550
9,4863	-36,650	87,2600
9,4852	-36,652	87,2650
9,4919	-36,654	87,2700
9,4908	-36,656	87,2750
9,5031	-36,658	87,2800
9,5116	-36,660	87,2850
9,4970	-36,663	87,2900
9,4931	-36,665	87,2950
9,4998	-36,667	87,3000
9,5005	-36,669	87,3050
9,4991	-36,671	87,3100
9,5071	-36,673	87,3150
9,4973	-36,675	87,3200
9,4840	-36,677	87,3250
9,4966	-36,679	87,3300
9,4993	-36,681	87,3350
9,5016	-36,684	87,3400
9,5107	-36,686	87,3450
9,5091	-36,688	87,3500
9,4954	-36,690	87,3550
9,4938	-36,692	87,3600
9,5003	-36,694	87,3650
9,4965	-36,696	87,3700
9,4999	-36,698	87,3750
9,5090	-36,700	87,3800
9,5028	-36,702	87,3850
9,4980	-36,705	87,3900
9,5050	-36,707	87,3950
9,5034	-36,709	87,4000
9,4984	-36,711	87,4050
9,5124	-36,713	87,4100
9,5148	-36,715	87,4150
9,5109	-36,717	87,4200
9,5172	-36,719	87,4250
9,5136	-36,721	87,4300
9,5130	-36,723	87,4350
9,5234	-36,726	87,4400
9,5225	-36,728	87,4450
9,5178	-36,730	87,4500
9,5158	-36,732	87,4550
9,5158	-36,734	87,4600
9,5039	-36,736	87,4650
9,5090	-36,738	87,4700
9,5188	-36,740	87,4750
9,5197	-36,742	87,4800
9,5196	-36,744	87,4850
9,5241	-36,747	87,4900
9,5176	-36,749	87,4950
9,5165	-36,751	87,5000
9,5234	-36,753	87,5050
9,5208	-36,755	87,5100
9,5137	-36,757	87,5150
9,5165	-36,759	87,5200
9,5152	-36,761	87,5250
9,5102	-36,763	87,5300
9,5188	-36,765	87,5350
9,5289	-36,768	87,5400
9,5200	-36,770	87,5450
9,5233	-36,772	87,5500
9,5391	-36,774	87,5550
9,5320	-36,776	87,5600
9,5326	-36,778	87,5650
9,5362	-36,780	87,5700
9,5194	-36,782	87,5750
9,5183	-36,784	87,5800
9,5344	-36,786	87,5850
9,5356	-36,789	87,5900
9,5322	-36,791	87,5950
9,5381	-36,793	87,6000
9,5336	-36,795	87,6050
9,5225	-36,797	87,6100
9,5314	-36,799	87,6150
9,5328	-36,801	87,6200
9,5269	-36,803	87,6250
9,5354	-36,805	87,6300
9,5411	-36,807	87,6350
9,5300	-36,810	87,6400
9,5264	-36,812	87,6450
9,5372	-36,814	87,6500
9,5329	-36,816	87,6550
9,5369	-36,818	87,6600
9,5444	-36,820	87,6650
9,5402	-36,822	87,6700
9,5319	-36,824	87,6750
9,5354	-36,826	87,6800
9,5389	-36,828	87,6850
9,5353	-36,831	87,6900
9,5447	-36,833	87,6950
9,5439	-36,835	87,7000
9,5406	-36,837	87,7050
9,5408	-36,839	87,7100
9,5408	-36,841	87,7150
9,5378	-36,843	87,7200
9,5404	-36,845	87,7250
9,5439	-36,847	87,7300
9,5414	-36,849	87,7350
9,5429	-36,852	87,7400
9,5509	-36,854	87,7450
9,5417	-36,856	87,7500
9,5434	-36,858	87,7550
9,5534	-36,860	87,7600
9,5507	-36,862	87,7650
9,5490	-36,864	87,7700
9,5601	-36,866	87,7750
9,5584	-36,868	87,7800
9,5517	-36,870	87,7850
9,5578	-36,873	87,7900
9,5573	-36,875	87,7950
9,5424	-36,877	87,8000
9,5457	-36,879	87,8050
9,5535	-36,881	87,8100
9,5435	-36,883	87,8150
9,5472	-36,885	87,8200
9,5536	-36,887	87,8250
9,5586	-36,889	87,8300
9,5561	-36,891	87,8350
9,5610	-36,894	87,8400
9,5567	-36,896	87,8450
9,5601	-36,898	87,8500
9,5685	-36,900	87,8550
9,5586	-36,902	87,8600
9,5509	-36,904	87,8650
9,5627	-36,906	87,8700
9,5702	-36,908	87,8750
9,5663	-36,910	87,8800
9,5665	-36,912	87,8850
9,5655	-36,915	87,8900
9,5576	-36,917	87,8950
9,5574	-36,919	87,9000
9,5622	-36,921	87,9050
9,5645	-36,923	87,9100
9,5723	-36,925	87,9150
9,5733	-36,927	87,9200
9,5682	-36,929	87,9250
9,5658	-36,931	87,9300
9,5696	-36,933	87,9350
9,5576	-36,936	87,9400
9,5573	-36,938	87,9450
9,5740	-36,940	87,9500
9,5687	-36,942	87,9550
9,5631	-36,944	87,9600
9,5758	-36,946	87,9650
9,5685	-36,948	87,9700
9,5654	-36,950	87,9750
9,5741	-36,952	87,9800
9,5788	-36,954	87,9850
9,5715	-36,957	87,9900
9,5746	-36,959	87,9950
9,5773	-36,961	88,0000
9,5656	-36,963	88,0050
9,5718	-36,965	88,0100
9,5812	-36,967	88,0150
9,5706	-36,969	88,0200
9,5668	-36,971	88,0250
9,5757	-36,973	88,0300
9,5710	-36,975	88,0350
9,5745	-36,978	88,0400
9,5866	-36,980	88,0450
9,5804	-36,982	88,0500
9,5721	-36,984	88,0550
9,5719	-36,986	88,0600
9,5664	-36,988	88,0650
9,5688	-36,990	88,0700
9,5764	-36,992	88,0750
9,5820	-36,994	88,0800
9,5738	-36,996	88,0850
9,5801	-36,999	88,0900
9,5843	-37,001	88,0950
9,5789	-37,003	88,1000
9,5894	-37,005	88,1050
9,5937	-37,007	88,1100
9,5832	-37,009	88,1150
9,5766	-37,011	88,1200
9,5794	-37,013	88,1250
9,5779	-37,015	88,1300
9,5778	-37,017	88,1350
9,5852	-37,020	88,1400
9,5900	-37,022	88,1450
9,5880	-37,024	88,1500
9,5893	-37,026	88,1550
9,5952	-37,028	88,1600
9,5904	-37,030	88,1650
9,5963	-37,032	88,1700
9,6010	-37,034	88,1750
9,5884	-37,036	88,1800
9,5931	-37,038	88,1850
9,5967	-37,041	88,1900
9,5873	-37,043	88,1950
9,5849	-37,045	88,2000
9,5942	-37,047	88,2050
9,5905	-37,049	88,2100
9,5832	-37,051	88,2150
9,5972	-37,053	88,2200
9,6053	-37,055	88,2250
9,6031	-37,057	88,2300
9,6053	-37,059	88,2350
9,5975	-37,062	88,2400
9,5892	-37,064	88,2450
9,6003	-37,066	88,2500
9,6015	-37,068	88,2550
9,6072	-37,070	88,2600
9,6052	-37,072	88,2650
9,6072	-37,074	88,2700
9,5949	-37,076	88,2750
9,6057	-37,078	88,2800
9,6120	-37,080	88,2850
9,6035	-37,083	88,2900
9,6105	-37,085	88,2950
9,6154	-37,087	88,3000
9,6071	-37,089	88,3050
9,6013	-37,091	88,3100
9,6053	-37,093	88,3150
9,6063	-37,095	88,3200
9,6042	-37,097	88,3250
9,6151	-37,099	88,3300
9,6097	-37,101	88,3350
9,6020	-37,104	88,3400
9,6055	-37,106	88,3450
9,6060	-37,108	88,3500
9,6074	-37,110	88,3550
9,6167	-37,112	88,3600
9,6202	-37,114	88,3650
9,6054	-37,116	88,3700
9,6068	-37,118	88,3750
9,6146	-37,120	88,3800
9,6091	-37,122	88,3850
9,6078	-37,125	88,3900
9,6180	-37,127	88,3950
9,6170	-37,129	88,4000
9,6118	-37,131	88,4050
9,6213	-37,133	88,4100
9,6207	-37,135	88,4150
9,6118	-37,137	88,4200
9,6128	-37,139	88,4250
9,6185	-37,141	88,4300
9,6180	-37,143	88,4350
9,6239	-37,146	88,4400
9,6193	-37,148	88,4450
9,6146	-37,150	88,4500
9,6231	-37,152	88,4550
9,6330	-37,154	88,4600
9,6199	-37,156	88,4650
9,6156	-37,158	88,4700
9,6172	-37,160	88,4750
9,6138	-37,162	88,4800
9,6202	-37,164	88,4850
9,6326	-37,167	88,4900
9,6229	-37,169	88,4950
9,6155	-37,171	88,5000
9,6275	-37,173	88,5050
9,6296	-37,175	88,5100
9,6244	-37,177	88,5150
9,6343	-37,179	88,5200
9,6349	-37,181	88,5250
9,6184	-37,183	88,5300
9,6233	-37,185	88,5350
9,6245	-37,188	88,5400
9,6243	-37,190	88,5450
9,6209	-37,192	88,5500
9,6245	-37,194	88,5550
9,6229	-37,196	88,5600
9,6269	-37,198	88,5650
9,6309	-37,200	88,5700
9,6271	-37,202	88,5750
9,6326	-37,204	88,5800
9,6454	-37,206	88,5850
9,6374	-37,209	88,5900
9,6323	-37,211	88,5950
9,6493	-37,213	88,6000
9,6512	-37,215	88,6050
9,6393	-37,217	88,6100
9,6343	-37,219	88,6150
9,6297	-37,221	88,6200
9,6240	-37,223	88,6250
9,6371	-37,225	88,6300
9,6422	-37,227	88,6350
9,6374	-37,230	88,6400
9,6397	-37,232	88,6450
9,6472	-37,234	88,6500
9,6371	-37,236	88,6550
9,6383	-37,238	88,6600
9,6483	-37,240	88,6650
9,6463	-37,242	88,6700
9,6411	-37,244	88,6750
9,6497	-37,246	88,6800
9,6447	-37,248	88,6850
9,6370	-37,251	88,6900
9,6459	-37,253	88,6950
9,6532	-37,255	88,7000
9,6448	-37,257	88,7050
9,6478	-37,259	88,7100
9,6492	-37,261	88,7150
9,6459	-37,263	88,7200
9,6499	-37,265	88,7250
9,6538	-37,267	88,7300
9,6522	-37,269	88,7350
9,6511	-37,272	88,7400
9,6557	-37,274	88,7450
9,6495	-37,276	88,7500
9,6518	-37,278	88,7550
9,6607	-37,280	88,7600
9,6549	-37,282	88,7650
9,6527	-37,284	88,7700
9,6570	-37,286	88,7750
9,6481	-37,288	88,7800
9,6404	-37,290	88,7850
9,6447	-37,293	88,7900
9,6486	-37,295	88,7950
9,6515	-37,297	88,8000
9,6620	-37,299	88,8050
9,6654	-37,301	88,8100
9,6545	-37,303	88,8150
9,6562	-37,305	88,8200
9,6545	-37,307	88,8250
9,6556	-37,309	88,8300
9,6577	-37,311	88,8350
9,6638	-37,314	88,8400
9,6556	-37,316	88,8450
9,6556	-37,318	88,8500
9,6585	-37,320	88,8550
9,6595	-37,322	88,8600
9,6582	-37,324	88,8650
9,6681	-37,326	88,8700
9,6613	-37,328	88,8750
9,6562	-37,330	88,8800
9,6666	-37,332	88,8850
9,6708	-37,335	88,8900
9,6586	-37,337	88,8950
9,6634	-37,339	88,9000
9,6726	-37,341	88,9050
9,6661	-37,343	88,9100
9,6650	-37,345	88,9150
9,6666	-37,347	88,9200
9,6576	-37,349	88,9250
9,6598	-37,351	88,9300
9,6709	-37,353	88,9350
9,6689	-37,356	88,9400
9,6710	-37,358	88,9450
9,6752	-37,360	88,9500
9,6754	-37,362	88,9550
9,6731	-37,364	88,9600
9,6805	-37,366	88,9650
9,6808	-37,368	88,9700
9,6779	-37,370	88,9750
9,6746	-37,372	88,9800
9,6732	-37,374	88,9850
9,6687	-37,377	88,9900
9,6788	-37,379	88,9950
9,6826	-37,381	89,0000
9,6760	-37,383	89,0050
9,6749	-37,385	89,0100
9,6772	-37,387	89,0150
9,6750	-37,389	89,0200
9,6763	-37,391	89,0250
9,6858	-37,393	89,0300
9,6744	-37,395	89,0350
9,6670	-37,398	89,0400
9,6770	-37,400	89,0450
9,6757	-37,402	89,0500
9,6723	-37,404	89,0550
9,6843	-37,406	89,0600
9,6871	-37,408	89,0650
9,6733	-37,410	89,0700
9,6808	-37,412	89,0750
9,6884	-37,414	89,0800
9,6882	-37,416	89,0850
9,6887	-37,419	89,0900
9,6958	-37,421	89,0950
9,6932	-37,423	89,1000
9,6888	-37,425	89,1050
9,6884	-37,427	89,1100
9,6885	-37,429	89,1150
9,6932	-37,431	89,1200
9,7009	-37,433	89,1250
9,6922	-37,435	89,1300
9,6837	-37,437	89,1350
9,6923	-37,440	89,1400
9,6873	-37,442	89,1450
9,6836	-37,444	89,1500
9,6929	-37,446	89,1550
9,6985	-37,448	89,1600
9,6908	-37,450	89,1650
9,6957	-37,452	89,1700
9,6910	-37,454	89,1750
9,6868	-37,456	89,1800
9,7002	-37,458	89,1850
9,7041	-37,461	89,1900
9,6925	-37,463	89,1950
9,6937	-37,465	89,2000
9,6999	-37,467	89,2050
9,6997	-37,469	89,2100
9,6993	-37,471	89,2150
9,7073	-37,473	89,2200
9,6989	-37,475	89,2250
9,6895	-37,477	89,2300
9,6956	-37,479	89,2350
9,6937	-37,482	89,2400
9,6897	-37,484	89,2450
9,7047	-37,486	89,2500
9,7099	-37,488	89,2550
9,7102	-37,490	89,2600
9,7106	-37,492	89,2650
9,7106	-37,494	89,2700
9,7059	-37,496	89,2750
9,7123	-37,498	89,2800
9,7161	-37,500	89,2850
9,7155	-37,503	89,2900
9,7128	-37,505	89,2950
9,7107	-37,507	89,3000
9,7151	-37,509	89,3050
9,7103	-37,511	89,3100
9,7160	-37,513	89,3150
9,7181	-37,515	89,3200
9,7114	-37,517	89,3250
9,7112	-37,519	89,3300
9,7101	-37,521	89,3350
9,7053	-37,524	89,3400
9,7100	-37,526	89,3450
9,7130	-37,528	89,3500
9,7092	-37,530	89,3550
9,7095	-37,532	89,3600
9,7148	-37,534	89,3650
9,7090	-37,536	89,3700
9,7144	-37,538	89,3750
9,7222	-37,540	89,3800
9,7145	-37,542	89,3850
9,7123	-37,545	89,3900
9,7220	-37,547	89,3950
9,7175	-37,549	89,4000
9,7146	-37,551	89,4050
9,7167	-37,553	89,4100
9,7150	-37,555	89,4150
9,7169	-37,557	89,4200
9,7226	-37,559	89,4250
9,7235	-37,561	89,4300
9,7168	-37,563	89,4350
9,7274	-37,566	89,4400
9,7266	-37,568	89,4450
9,7199	-37,570	89,4500
9,7211	-37,572	89,4550
9,7292	-37,574	89,4600
9,7293	-37,576	89,4650
9,7331	-37,578	89,4700
9,7325	-37,580	89,4750
9,7213	-37,582	89,4800
9,7187	-37,584	89,4850
9,7331	-37,587	89,4900
9,7334	-37,589	89,4950
9,7285	-37,591	89,5000
9,7329	-37,593	89,5050
9,7309	-37,595	89,5100
9,7244	-37,597	89,5150
9,7310	-37,599	89,5200
9,7368	-37,601	89,5250
9,7317	-37,603	89,5300
9,7375	-37,605	89,5350
9,7430	-37,608	89,5400
9,7366	-37,610	89,5450
9,7297	-37,612	89,5500
9,7380	-37,614	89,5550
9,7313	-37,616	89,5600
9,7351	-37,618	89,5650
9,7379	-37,620	89,5700
9,7313	-37,622	89,5750
9,7337	-37,624	89,5800
9,7487	-37,626	89,5850
9,7499	-37,629	89,5900
9,7436	-37,631	89,5950
9,7426	-37,633	89,6000
9,7437	-37,635	89,6050
9,7435	-37,637	89,6100
9,7544	-37,639	89,6150
9,7449	-37,641	89,6200
9,7303	-37,643	89,6250
9,7411	-37,645	89,6300
9,7495	-37,647	89,6350
9,7399	-37,650	89,6400
9,7386	-37,652	89,6450
9,7460	-37,654	89,6500
9,7438	-37,656	89,6550
9,7460	-37,658	89,6600
9,7535	-37,660	89,6650
9,7465	-37,662	89,6700
9,7475	-37,664	89,6750
9,7550	-37,666	89,6800
9,7454	-37,668	89,6850
9,7400	-37,671	89,6900
9,7539	-37,673	89,6950
9,7593	-37,675	89,7000
9,7499	-37,677	89,7050
9,7551	-37,679	89,7100
9,7529	-37,681	89,7150
9,7476	-37,683	89,7200
9,7576	-37,685	89,7250
9,7578	-37,687	89,7300
9,7551	-37,689	89,7350
9,7591	-37,692	89,7400
9,7602	-37,694	89,7450
9,7503	-37,696	89,7500
9,7593	-37,698	89,7550
9,7642	-37,700	89,7600
9,7533	-37,702	89,7650
9,7497	-37,704	89,7700
9,7597	-37,706	89,7750
9,7642	-37,708	89,7800
9,7636	-37,710	89,7850
9,7591	-37,713	89,7900
9,7596	-37,715	89,7950
9,7598	-37,717	89,8000
9,7653	-37,719	89,8050
9,7661	-37,721	89,8100
9,7535	-37,723	89,8150
9,7583	-37,725	89,8200
9,7611	-37,727	89,8250
9,7612	-37,729	89,8300
9,7610	-37,731	89,8350
9,7695	-37,734	89,8400
9,7632	-37,736	89,8450
9,7596	-37,738	89,8500
9,7717	-37,740	89,8550
9,7689	-37,742	89,8600
9,7591	-37,744	89,8650
9,7678	-37,746	89,8700
9,7706	-37,748	89,8750
9,7726	-37,750	89,8800
9,7747	-37,752	89,8850
9,7666	-37,755	89,8900
9,7594	-37,757	89,8950
9,7691	-37,759	89,9000
9,7704	-37,761	89,9050
9,7628	-37,763	89,9100
9,7684	-37,765	89,9150
9,7799	-37,767	89,9200
9,7773	-37,769	89,9250
9,7736	-37,771	89,9300
9,7780	-37,773	89,9350
9,7729	-37,776	89,9400
9,7760	-37,778	89,9450
9,7848	-37,780	89,9500
9,7735	-37,782	89,9550
9,7699	-37,784	89,9600
9,7835	-37,786	89,9650
9,7826	-37,788	89,9700
9,7772	-37,790	89,9750
9,7823	-37,792	89,9800
9,7842	-37,794	89,9850
9,7769	-37,797	89,9900
9,7843	-37,799	89,9950
9,7897	-37,801	90,0000
9,7828	-37,803	90,0050
9,7836	-37,805	90,0100
9,7852	-37,807	90,0150
9,7844	-37,809	90,0200
9,7826	-37,811	90,0250
9,7933	-37,813	90,0300
9,7896	-37,815	90,0350
9,7866	-37,818	90,0400
9,7904	-37,820	90,0450
9,7852	-37,822	90,0500
9,7856	-37,824	90,0550
9,7863	-37,826	90,0600
9,7896	-37,828	90,0650
9,7889	-37,830	90,0700
9,7925	-37,832	90,0750
9,7976	-37,834	90,0800
9,7877	-37,836	90,0850
9,7951	-37,839	90,0900
9,7959	-37,841	90,0950
9,7906	-37,843	90,1000
9,7964	-37,845	90,1050
9,8008	-37,847	90,1100
9,7947	-37,849	90,1150
9,7868	-37,851	90,1200
9,7970	-37,853	90,1250
9,7975	-37,855	90,1300
9,7968	-37,857	90,1350
9,8093	-37,860	90,1400
9,8032	-37,862	90,1450
9,7932	-37,864	90,1500
9,7985	-37,866	90,1550
9,7979	-37,868	90,1600
9,7937	-37,870	90,1650
9,7966	-37,872	90,1700
9,8050	-37,874	90,1750
9,8067	-37,876	90,1800
9,8033	-37,878	90,1850
9,8015	-37,881	90,1900
9,8042	-37,883	90,1950
9,8097	-37,885	90,2000
9,8195	-37,887	90,2050
9,8168	-37,889	90,2100
9,8053	-37,891	90,2150
9,8078	-37,893	90,2200
9,8074	-37,895	90,2250
9,8039	-37,897	90,2300
9,8055	-37,899	90,2350
9,8068	-37,902	90,2400
9,8012	-37,904	90,2450
9,8107	-37,906	90,2500
9,8149	-37,908	90,2550
9,8095	-37,910	90,2600
9,8102	-37,912	90,2650
9,8188	-37,914	90,2700
9,8088	-37,916	90,2750
9,8106	-37,918	90,2800
9,8162	-37,920	90,2850
9,8049	-37,923	90,2900
9,8070	-37,925	90,2950
9,8110	-37,927	90,3000
9,8083	-37,929	90,3050
9,8102	-37,931	90,3100
9,8178	-37,933	90,3150
9,8122	-37,935	90,3200
9,8085	-37,937	90,3250
9,8189	-37,939	90,3300
9,8220	-37,941	90,3350
9,8121	-37,944	90,3400
9,8124	-37,946	90,3450
9,8157	-37,948	90,3500
9,8206	-37,950	90,3550
9,8234	-37,952	90,3600
9,8239	-37,954	90,3650
9,8156	-37,956	90,3700
9,8199	-37,958	90,3750
9,8256	-37,960	90,3800
9,8217	-37,962	90,3850
9,8267	-37,965	90,3900
9,8360	-37,967	90,3950
9,8292	-37,969	90,4000
9,8187	-37,971	90,4050
9,8247	-37,973	90,4100
9,8176	-37,975	90,4150
9,8199	-37,977	90,4200
9,8310	-37,979	90,4250
9,8283	-37,981	90,4300
9,8234	-37,983	90,4350
9,8339	-37,986	90,4400
9,8330	-37,988	90,4450
9,8283	-37,990	90,4500
9,8309	-37,992	90,4550
9,8394	-37,994	90,4600
9,8271	-37,996	90,4650
9,8287	-37,998	90,4700
9,8364	-38,000	90,4750
9,8353	-38,002	90,4800
9,8359	-38,004	90,4850
9,8421	-38,007	90,4900
9,8385	-38,009	90,4950
9,8316	-38,011	90,5000
9,8378	-38,013	90,5050
9,8406	-38,015	90,5100
9,8349	-38,017	90,5150
9,8398	-38,019	90,5200
9,8383	-38,021	90,5250
9,8339	-38,023	90,5300
9,8406	-38,025	90,5350
9,8439	-38,028	90,5400
9,8451	-38,030	90,5450
9,8498	-38,032	90,5500
9,8476	-38,034	90,5550
9,8362	-38,036	90,5600
9,8417	-38,038	90,5650
9,8510	-38,040	90,5700
9,8430	-38,042	90,5750
9,8358	-38,044	90,5800
9,8439	-38,046	90,5850
9,8430	-38,049	90,5900
9,8385	-38,051	90,5950
9,8492	-38,053	90,6000
9,8519	-38,055	90,6050
9,8482	-38,057	90,6100
9,8547	-38,059	90,6150
9,8583	-38,061	90,6200
9,8495	-38,063	90,6250
9,8553	-38,065	90,6300
9,8598	-38,067	90,6350
9,8553	-38,070	90,6400
9,8497	-38,072	90,6450
9,8592	-38,074	90,6500
9,8497	-38,076	90,6550
9,8499	-38,078	90,6600
9,8547	-38,080	90,6650
9,8490	-38,082	90,6700
9,8485	-38,084	90,6750
9,8594	-38,086	90,6800
9,8582	-38,088	90,6850
9,8483	-38,091	90,6900
9,8548	-38,093	90,6950
9,8613	-38,095	90,7000
9,8602	-38,097	90,7050
9,8602	-38,099	90,7100
9,8582	-38,101	90,7150
9,8546	-38,103	90,7200
9,8644	-38,105	90,7250
9,8669	-38,107	90,7300
9,8602	-38,109	90,7350
9,8517	-38,112	90,7400
9,8544	-38,114	90,7450
9,8498	-38,116	90,7500
9,8538	-38,118	90,7550
9,8616	-38,120	90,7600
9,8601	-38,122	90,7650
9,8603	-38,124	90,7700
9,8700	-38,126	90,7750
9,8718	-38,128	90,7800
9,8659	-38,130	90,7850
9,8662	-38,133	90,7900
9,8681	-38,135	90,7950
9,8665	-38,137	90,8000
9,8722	-38,139	90,8050
9,8764	-38,141	90,8100
9,8672	-38,143	90,8150
9,8682	-38,145	90,8200
9,8737	-38,147	90,8250
9,8684	-38,149	90,8300
9,8711	-38,151	90,8350
9,8812	-38,154	90,8400
9,8773	-38,156	90,8450
9,8788	-38,158	90,8500
9,8842	-38,160	90,8550
9,8729	-38,162	90,8600
9,8751	-38,164	90,8650
9,8823	-38,166	90,8700
9,8736	-38,168	90,8750
9,8677	-38,170	90,8800
9,8777	-38,172	90,8850
9,8786	-38,175	90,8900
9,8735	-38,177	90,8950
9,8782	-38,179	90,9000
9,8837	-38,181	90,9050
9,8788	-38,183	90,9100
9,8798	-38,185	90,9150
9,8844	-38,187	90,9200
9,8895	-38,189	90,9250
9,8781	-38,191	90,9300
9,8856	-38,193	90,9350
9,8832	-38,196	90,9400
9,8808	-38,198	90,9450
9,8861	-38,200	90,9500
9,8852	-38,202	90,9550
9,8833	-38,204	90,9600
9,8890	-38,206	90,9650
9,8848	-38,208	90,9700
9,8788	-38,210	90,9750
9,8842	-38,212	90,9800
9,8918	-38,214	90,9850
9,8872	-38,217	90,9900
9,8932	-38,219	90,9950
9,8918	-38,221	91,0000
9,8841	-38,223	91,0050
9,8845	-38,225	91,0100
9,8918	-38,227	91,0150
9,8895	-38,229	91,0200
9,8863	-38,231	91,0250
9,8925	-38,233	91,0300
9,8912	-38,235	91,0350
9,8914	-38,238	91,0400
9,8992	-38,240	91,0450
9,8959	-38,242	91,0500
9,8903	-38,244	91,0550
9,9004	-38,246	91,0600
9,9003	-38,248	91,0650
9,8935	-38,250	91,0700
9,8975	-38,252	91,0750
9,8987	-38,254	91,0800
9,8977	-38,256	91,0850
9,9080	-38,259	91,0900
9,9167	-38,261	91,0950
9,9050	-38,263	91,1000
9,9023	-38,265	91,1050
9,9024	-38,267	91,1100
9,8973	-38,269	91,1150
9,8949	-38,271	91,1200
9,9061	-38,273	91,1250
9,9027	-38,275	91,1300
9,9035	-38,277	91,1350
9,9107	-38,280	91,1400
9,9017	-38,282	91,1450
9,8953	-38,284	91,1500
9,9110	-38,286	91,1550
9,9081	-38,288	91,1600
9,9061	-38,290	91,1650
9,9092	-38,292	91,1700
9,9074	-38,294	91,1750
9,9031	-38,296	91,1800
9,9033	-38,298	91,1850
9,9034	-38,301	91,1900
9,8979	-38,303	91,1950
9,9046	-38,305	91,2000
9,9120	-38,307	91,2050
9,9154	-38,309	91,2100
9,9124	-38,311	91,2150
9,9203	-38,313	91,2200
9,9122	-38,315	91,2250
9,9120	-38,317	91,2300
9,9270	-38,319	91,2350
9,9272	-38,322	91,2400
9,9185	-38,324	91,2450
9,9221	-38,326	91,2500
9,9196	-38,328	91,2550
9,9151	-38,330	91,2600
9,9180	-38,332	91,2650
9,9228	-38,334	91,2700
9,9161	-38,336	91,2750
9,9166	-38,338	91,2800
9,9255	-38,340	91,2850
9,9195	-38,343	91,2900
9,9185	-38,345	91,2950
9,9204	-38,347	91,3000
9,9167	-38,349	91,3050
9,9178	-38,351	91,3100
9,9276	-38,353	91,3150
9,9294	-38,355	91,3200
9,9203	-38,357	91,3250
9,9236	-38,359	91,3300
9,9230	-38,361	91,3350
9,9148	-38,364	91,3400
9,9291	-38,366	91,3450
9,9317	-38,368	91,3500
9,9213	-38,370	91,3550
9,9186	-38,372	91,3600
9,9255	-38,374	91,3650
9,9202	-38,376	91,3700
9,9217	-38,378	91,3750
9,9300	-38,380	91,3800
9,9297	-38,382	91,3850
9,9351	-38,385	91,3900
9,9429	-38,387	91,3950
9,9421	-38,389	91,4000
9,9352	-38,391	91,4050
9,9373	-38,393	91,4100
9,9307	-38,395	91,4150
9,9283	-38,397	91,4200
9,9383	-38,399	91,4250
9,9337	-38,401	91,4300
9,9291	-38,403	91,4350
9,9392	-38,406	91,4400
9,9397	-38,408	91,4450
9,9300	-38,410	91,4500
9,9314	-38,412	91,4550
9,9357	-38,414	91,4600
9,9277	-38,416	91,4650
9,9361	-38,418	91,4700
9,9488	-38,420	91,4750
9,9406	-38,422	91,4800
9,9377	-38,424	91,4850
9,9439	-38,427	91,4900
9,9388	-38,429	91,4950
9,9355	-38,431	91,5000
9,9417	-38,433	91,5050
9,9380	-38,435	91,5100
9,9306	-38,437	91,5150
9,9437	-38,439	91,5200
9,9507	-38,441	91,5250
9,9439	-38,443	91,5300
9,9461	-38,445	91,5350
9,9514	-38,448	91,5400
9,9473	-38,450	91,5450
9,9508	-38,452	91,5500
9,9538	-38,454	91,5550
9,9442	-38,456	91,5600
9,9469	-38,458	91,5650
9,9540	-38,460	91,5700
9,9449	-38,462	91,5750
9,9449	-38,464	91,5800
9,9502	-38,466	91,5850
9,9447	-38,469	91,5900
9,9506	-38,471	91,5950
9,9582	-38,473	91,6000
9,9554	-38,475	91,6050
9,9437	-38,477	91,6100
9,9499	-38,479	91,6150
9,9527	-38,481	91,6200
9,9504	-38,483	91,6250
9,9531	-38,485	91,6300
9,9524	-38,487	91,6350
9,9446	-38,490	91,6400
9,9484	-38,492	91,6450
9,9522	-38,494	91,6500
9,9527	-38,496	91,6550
9,9630	-38,498	91,6600
9,9719	-38,500	91,6650
9,9657	-38,502	91,6700
9,9564	-38,504	91,6750
9,9621	-38,506	91,6800
9,9567	-38,508	91,6850
9,9602	-38,511	91,6900
9,9719	-38,513	91,6950
9,9677	-38,515	91,7000
9,9569	-38,517	91,7050
9,9687	-38,519	91,7100
9,9664	-38,521	91,7150
9,9601	-38,523	91,7200
9,9721	-38,525	91,7250
9,9781	-38,527	91,7300
9,9671	-38,529	91,7350
9,9661	-38,532	91,7400
9,9729	-38,534	91,7450
9,9613	-38,536	91,7500
9,9645	-38,538	91,7550
9,9751	-38,540	91,7600
9,9741	-38,542	91,7650
9,9765	-38,544	91,7700
9,9756	-38,546	91,7750
9,9745	-38,548	91,7800
9,9777	-38,550	91,7850
9,9861	-38,553	91,7900
9,9740	-38,555	91,7950
9,9633	-38,557	91,8000
9,9735	-38,559	91,8050
9,9831	-38,561	91,8100
9,9741	-38,563	91,8150
9,9710	-38,565	91,8200
9,9705	-38,567	91,8250
9,9682	-38,569	91,8300
9,9711	-38,571	91,8350
9,9829	-38,574	91,8400
9,9840	-38,576	91,8450
9,9830	-38,578	91,8500
9,9857	-38,580	91,8550
9,9869	-38,582	91,8600
9,9904	-38,584	91,8650
9,9986	-38,586	91,8700
9,9858	-38,588	91,8750
9,9787	-38,590	91,8800
9,9849	-38,592	91,8850
9,9859	-38,595	91,8900
9,9873	-38,597	91,8950
9,9947	-38,599	91,9000
9,9854	-38,601	91,9050
9,9786	-38,603	91,9100
9,9859	-38,605	91,9150
9,9840	-38,607	91,9200
9,9805	-38,609	91,9250
9,9863	-38,611	91,9300
9,9915	-38,613	91,9350
9,9896	-38,616	91,9400
9,9927	-38,618	91,9450
9,9987	-38,620	91,9500
9,9932	-38,622	91,9550
9,9866	-38,624	91,9600
9,9922	-38,626	91,9650
9,9913	-38,628	91,9700
9,9885	-38,630	91,9750
9,9940	-38,632	91,9800
9,9969	-38,634	91,9850
9,9877	-38,637	91,9900
9,9939	-38,639	91,9950
9,9989	-38,641	92,0000
9,9908	-38,643	92,0050
9,9948	-38,645	92,0100
10,0051	-38,647	92,0150
9,9990	-38,649	92,0200
10,0012	-38,651	92,0250
10,0076	-38,653	92,0300
10,0028	-38,655	92,0350
9,9980	-38,658	92,0400
10,0070	-38,660	92,0450
10,0030	-38,662	92,0500
9,9927	-38,664	92,0550
10,0004	-38,666	92,0600
10,0010	-38,668	92,0650
10,0041	-38,670	92,0700
10,0100	-38,672	92,0750
10,0068	-38,674	92,0800
10,0043	-38,676	92,0850
10,0084	-38,679	92,0900
10,0086	-38,681	92,0950
10,0074	-38,683	92,1000
10,0088	-38,685	92,1050
10,0184	-38,687	92,1100
10,0106	-38,689	92,1150
9,9979	-38,691	92,1200
10,0051	-38,693	92,1250
10,0052	-38,695	92,1300
10,0060	-38,697	92,1350
10,0179	-38,700	92,1400
10,0163	-38,702	92,1450
10,0068	-38,704	92,1500
10,0163	-38,706	92,1550
10,0181	-38,708	92,1600
10,0109	-38,710	92,1650
10,0156	-38,712	92,1700
10,0174	-38,714	92,1750
10,0090	-38,716	92,1800
10,0142	-38,718	92,1850
10,0176	-38,721	92,1900
10,0110	-38,723	92,1950
10,0130	-38,725	92,2000
10,0170	-38,727	92,2050
10,0158	-38,729	92,2100
10,0112	-38,731	92,2150
10,0227	-38,733	92,2200
10,0202	-38,735	92,2250
10,0142	-38,737	92,2300
10,0216	-38,739	92,2350
10,0169	-38,742	92,2400
10,0112	-38,744	92,2450
10,0200	-38,746	92,2500
10,0246	-38,748	92,2550
10,0252	-38,750	92,2600
10,0261	-38,752	92,2650
10,0288	-38,754	92,2700
10,0229	-38,756	92,2750
10,0286	-38,758	92,2800
10,0332	-38,760	92,2850
10,0197	-38,763	92,2900
10,0199	-38,765	92,2950
10,0323	-38,767	92,3000
10,0318	-38,769	92,3050
10,0259	-38,771	92,3100
10,0275	-38,773	92,3150
10,0252	-38,775	92,3200
10,0296	-38,777	92,3250
10,0364	-38,779	92,3300
10,0257	-38,781	92,3350
10,0137	-38,784	92,3400
10,0305	-38,786	92,3450
10,0339	-38,788	92,3500
10,0290	-38,790	92,3550
10,0337	-38,792	92,3600
10,0428	-38,794	92,3650
10,0331	-38,796	92,3700
10,0344	-38,798	92,3750
10,0448	-38,800	92,3800
10,0377	-38,802	92,3850
10,0328	-38,805	92,3900
10,0353	-38,807	92,3950
10,0345	-38,809	92,4000
10,0347	-38,811	92,4050
10,0413	-38,813	92,4100
10,0356	-38,815	92,4150
10,0353	-38,817	92,4200
10,0480	-38,819	92,4250
10,0460	-38,821	92,4300
10,0318	-38,823	92,4350
10,0405	-38,826	92,4400
10,0468	-38,828	92,4450
10,0459	-38,830	92,4500
10,0431	-38,832	92,4550
10,0506	-38,834	92,4600
10,0467	-38,836	92,4650
10,0445	-38,838	92,4700
10,0523	-38,840	92,4750
10,0482	-38,842	92,4800
10,0421	-38,844	92,4850
10,0528	-38,847	92,4900
10,0502	-38,849	92,4950
10,0427	-38,851	92,5000
10,0546	-38,853	92,5050
10,0535	-38,855	92,5100
10,0471	-38,857	92,5150
10,0579	-38,859	92,5200
10,0565	-38,861	92,5250
10,0420	-38,863	92,5300
10,0499	-38,865	92,5350
10,0529	-38,868	92,5400
10,0463	-38,870	92,5450
10,0477	-38,872	92,5500
10,0572	-38,874	92,5550
10,0571	-38,876	92,5600
10,0615	-38,878	92,5650
10,0692	-38,880	92,5700
10,0608	-38,882	92,5750
10,0526	-38,884	92,5800
10,0538	-38,886	92,5850
10,0464	-38,889	92,5900
10,0446	-38,891	92,5950
10,0567	-38,893	92,6000
10,0577	-38,895	92,6050
10,0584	-38,897	92,6100
10,0658	-38,899	92,6150
10,0646	-38,901	92,6200
10,0555	-38,903	92,6250
10,0649	-38,905	92,6300
10,0665	-38,907	92,6350
10,0713	-38,910	92,6400
10,0678	-38,912	92,6450
10,0677	-38,914	92,6500
10,0567	-38,916	92,6550
10,0558	-38,918	92,6600
10,0650	-38,920	92,6650
10,0585	-38,922	92,6700
10,0590	-38,924	92,6750
10,0725	-38,926	92,6800
10,0673	-38,928	92,6850
10,0527	-38,931	92,6900
10,0650	-38,933	92,6950
10,0751	-38,935	92,7000
10,0733	-38,937	92,7050
10,0836	-38,939	92,7100
10,0810	-38,941	92,7150
10,0662	-38,943	92,7200
10,0698	-38,945	92,7250
10,0735	-38,947	92,7300
10,0722	-38,949	92,7350
10,0777	-38,952	92,7400
10,0814	-38,954	92,7450
10,0802	-38,956	92,7500
10,0784	-38,958	92,7550
10,0780	-38,960	92,7600
10,0687	-38,962	92,7650
10,0662	-38,964	92,7700
10,0796	-38,966	92,7750
10,0817	-38,968	92,7800
10,0743	-38,970	92,7850
10,0751	-38,973	92,7900
10,0759	-38,975	92,7950
10,0680	-38,977	92,8000
10,0693	-38,979	92,8050
10,0745	-38,981	92,8100
10,0719	-38,983	92,8150
10,0827	-38,985	92,8200
10,0864	-38,987	92,8250
10,0781	-38,989	92,8300
10,0818	-38,991	92,8350
10,0875	-38,994	92,8400
10,0778	-38,996	92,8450
10,0795	-38,998	92,8500
10,0912	-39,000	92,8550
10,0867	-39,002	92,8600
10,0837	-39,004	92,8650
10,0882	-39,006	92,8700
10,0877	-39,008	92,8750
10,0857	-39,010	92,8800
10,0971	-39,012	92,8850
10,0957	-39,015	92,8900
10,0865	-39,017	92,8950
10,0956	-39,019	92,9000
10,0978	-39,021	92,9050
10,0909	-39,023	92,9100
10,0937	-39,025	92,9150
10,0969	-39,027	92,9200
10,0946	-39,029	92,9250
10,0912	-39,031	92,9300
10,0980	-39,033	92,9350
10,0954	-39,036	92,9400
10,0906	-39,038	92,9450
10,0955	-39,040	92,9500
10,0949	-39,042	92,9550
10,0938	-39,044	92,9600
10,1109	-39,046	92,9650
10,1043	-39,048	92,9700
10,0956	-39,050	92,9750
10,0941	-39,052	92,9800
10,0957	-39,054	92,9850
10,0933	-39,057	92,9900
10,0967	-39,059	92,9950
10,0982	-39,061	93,0000
10,0910	-39,063	93,0050
10,0925	-39,065	93,0100
10,1058	-39,067	93,0150
10,1079	-39,069	93,0200
10,1000	-39,071	93,0250
10,1055	-39,073	93,0300
10,1040	-39,075	93,0350
10,1028	-39,078	93,0400
10,1069	-39,080	93,0450
10,1011	-39,082	93,0500
10,1004	-39,084	93,0550
10,1134	-39,086	93,0600
10,1129	-39,088	93,0650
10,1100	-39,090	93,0700
10,1166	-39,092	93,0750
10,1186	-39,094	93,0800
10,1127	-39,096	93,0850
10,1222	-39,099	93,0900
10,1256	-39,101	93,0950
10,1204	-39,103	93,1000
10,1197	-39,105	93,1050
10,1156	-39,107	93,1100
10,1077	-39,109	93,1150
10,1071	-39,111	93,1200
10,1174	-39,113	93,1250
10,1132	-39,115	93,1300
10,1098	-39,117	93,1350
10,1178	-39,120	93,1400
10,1132	-39,122	93,1450
10,1103	-39,124	93,1500
10,1194	-39,126	93,1550
10,1189	-39,128	93,1600
10,1119	-39,130	93,1650
10,1210	-39,132	93,1700
10,1244	-39,134	93,1750
10,1096	-39,136	93,1800
10,1153	-39,138	93,1850
10,1226	-39,141	93,1900
10,1092	-39,143	93,1950
10,1115	-39,145	93,2000
10,1185	-39,147	93,2050
10,1221	-39,149	93,2100
10,1280	-39,151	93,2150
10,1313	-39,153	93,2200
10,1245	-39,155	93,2250
10,1200	-39,157	93,2300
10,1251	-39,159	93,2350
10,1294	-39,162	93,2400
10,1239	-39,164	93,2450
10,1297	-39,166	93,2500
10,1330	-39,168	93,2550
10,1292	-39,170	93,2600
10,1331	-39,172	93,2650
10,1418	-39,174	93,2700
10,1351	-39,176	93,2750
10,1345	-39,178	93,2800
10,1376	-39,180	93,2850
10,1336	-39,183	93,2900
10,1348	-39,185	93,2950
10,1364	-39,187	93,3000
10,1334	-39,189	93,3050
10,1260	-39,191	93,3100
10,1379	-39,193	93,3150
10,1320	-39,195	93,3200
10,1333	-39,197	93,3250
10,1485	-39,199	93,3300
10,1501	-39,201	93,3350
10,1424	-39,204	93,3400
10,1423	-39,206	93,3450
10,1453	-39,208	93,3500
10,1399	-39,210	93,3550
10,1369	-39,212	93,3600
10,1475	-39,214	93,3650
10,1380	-39,216	93,3700
10,1428	-39,218	93,3750
10,1451	-39,220	93,3800
10,1365	-39,222	93,3850
10,1412	-39,225	93,3900
10,1595	-39,227	93,3950
10,1566	-39,229	93,4000
10,1454	-39,231	93,4050
10,1553	-39,233	93,4100
10,1485	-39,235	93,4150
10,1448	-39,237	93,4200
10,1529	-39,239	93,4250
10,1521	-39,241	93,4300
10,1469	-39,243	93,4350
10,1584	-39,246	93,4400
10,1579	-39,248	93,4450
10,1499	-39,250	93,4500
10,1494	-39,252	93,4550
10,1536	-39,254	93,4600
10,1381	-39,256	93,4650
10,1432	-39,258	93,4700
10,1586	-39,260	93,4750
10,1485	-39,262	93,4800
10,1482	-39,264	93,4850
10,1564	-39,267	93,4900
10,1534	-39,269	93,4950
10,1480	-39,271	93,5000
10,1626	-39,273	93,5050
10,1579	-39,275	93,5100
10,1581	-39,277	93,5150
10,1690	-39,279	93,5200
10,1660	-39,281	93,5250
10,1541	-39,283	93,5300
10,1628	-39,285	93,5350
10,1611	-39,288	93,5400
10,1490	-39,290	93,5450
10,1500	-39,292	93,5500
10,1642	-39,294	93,5550
10,1616	-39,296	93,5600
10,1633	-39,298	93,5650
10,1701	-39,300	93,5700
10,1572	-39,302	93,5750
10,1534	-39,304	93,5800
10,1699	-39,306	93,5850
10,1726	-39,309	93,5900
10,1661	-39,311	93,5950
10,1718	-39,313	93,6000
10,1665	-39,315	93,6050
10,1536	-39,317	93,6100
10,1573	-39,319	93,6150
10,1589	-39,321	93,6200
10,1595	-39,323	93,6250
10,1712	-39,325	93,6300
10,1749	-39,327	93,6350
10,1665	-39,330	93,6400
10,1617	-39,332	93,6450
10,1691	-39,334	93,6500
10,1681	-39,336	93,6550
10,1706	-39,338	93,6600
10,1816	-39,340	93,6650
10,1764	-39,342	93,6700
10,1700	-39,344	93,6750
10,1790	-39,346	93,6800
10,1787	-39,348	93,6850
10,1757	-39,351	93,6900
10,1831	-39,353	93,6950
10,1836	-39,355	93,7000
10,1752	-39,357	93,7050
10,1783	-39,359	93,7100
10,1784	-39,361	93,7150
10,1737	-39,363	93,7200
10,1754	-39,365	93,7250
10,1720	-39,367	93,7300
10,1719	-39,369	93,7350
10,1746	-39,372	93,7400
10,1913	-39,374	93,7450
10,1891	-39,376	93,7500
10,1895	-39,378	93,7550
10,1948	-39,380	93,7600
10,1856	-39,382	93,7650
10,1786	-39,384	93,7700
10,1791	-39,386	93,7750
10,1804	-39,388	93,7800
10,1830	-39,390	93,7850
10,1892	-39,393	93,7900
10,1888	-39,395	93,7950
10,1812	-39,397	93,8000
10,1852	-39,399	93,8050
10,1950	-39,401	93,8100
10,1921	-39,403	93,8150
10,1952	-39,405	93,8200
10,1983	-39,407	93,8250
10,1904	-39,409	93,8300
10,1827	-39,411	93,8350
10,1895	-39,414	93,8400
10,1851	-39,416	93,8450
10,1786	-39,418	93,8500
10,1875	-39,420	93,8550
10,1849	-39,422	93,8600
10,1778	-39,424	93,8650
10,1880	-39,426	93,8700
10,1900	-39,428	93,8750
10,1937	-39,430	93,8800
10,2072	-39,432	93,8850
10,2029	-39,435	93,8900
10,1970	-39,437	93,8950
10,2041	-39,439	93,9000
10,2056	-39,441	93,9050
10,1937	-39,443	93,9100
10,1961	-39,445	93,9150
10,2061	-39,447	93,9200
10,1952	-39,449	93,9250
10,1989	-39,451	93,9300
10,2111	-39,453	93,9350
10,2041	-39,456	93,9400
10,2023	-39,458	93,9450
10,2112	-39,460	93,9500
10,2028	-39,462	93,9550
10,1973	-39,464	93,9600
10,2097	-39,466	93,9650
10,2124	-39,468	93,9700
10,2033	-39,470	93,9750
10,2069	-39,472	93,9800
10,2040	-39,474	93,9850
10,1899	-39,477	93,9900
10,2011	-39,479	93,9950
10,2087	-39,481	94,0000
10,2005	-39,483	94,0050
10,2061	-39,485	94,0100
10,2134	-39,487	94,0150
10,2144	-39,489	94,0200
10,2101	-39,491	94,0250
10,2142	-39,493	94,0300
10,2089	-39,495	94,0350
10,2084	-39,498	94,0400
10,2263	-39,500	94,0450
10,2171	-39,502	94,0500
10,2074	-39,504	94,0550
10,2174	-39,506	94,0600
10,2191	-39,508	94,0650
10,2185	-39,510	94,0700
10,2245	-39,512	94,0750
10,2211	-39,514	94,0800
10,2131	-39,516	94,0850
10,2258	-39,519	94,0900
10,2297	-39,521	94,0950
10,2201	-39,523	94,1000
10,2168	-39,525	94,1050
10,2285	-39,527	94,1100
10,2224	-39,529	94,1150
10,2181	-39,531	94,1200
10,2252	-39,533	94,1250
10,2166	-39,535	94,1300
10,2135	-39,537	94,1350
10,2262	-39,540	94,1400
10,2264	-39,542	94,1450
10,2211	-39,544	94,1500
10,2286	-39,546	94,1550
10,2274	-39,548	94,1600
10,2204	-39,550	94,1650
10,2218	-39,552	94,1700
10,2281	-39,554	94,1750
10,2242	-39,556	94,1800
10,2283	-39,558	94,1850
10,2300	-39,561	94,1900
10,2230	-39,563	94,1950
10,2240	-39,565	94,2000
10,2330	-39,567	94,2050
10,2374	-39,569	94,2100
10,2333	-39,571	94,2150
10,2358	-39,573	94,2200
10,2283	-39,575	94,2250
10,2237	-39,577	94,2300
10,2313	-39,579	94,2350
10,2331	-39,582	94,2400
10,2262	-39,584	94,2450
10,2358	-39,586	94,2500
10,2389	-39,588	94,2550
10,2285	-39,590	94,2600
10,2306	-39,592	94,2650
10,2375	-39,594	94,2700
10,2297	-39,596	94,2750
10,2375	-39,598	94,2800
10,2455	-39,600	94,2850
10,2397	-39,603	94,2900
10,2418	-39,605	94,2950
10,2514	-39,607	94,3000
10,2441	-39,609	94,3050
10,2405	-39,611	94,3100
10,2469	-39,613	94,3150
10,2456	-39,615	94,3200
10,2433	-39,617	94,3250
10,2462	-39,619	94,3300
10,2453	-39,621	94,3350
10,2392	-39,624	94,3400
10,2516	-39,626	94,3450
10,2505	-39,628	94,3500
10,2432	-39,630	94,3550
10,2442	-39,632	94,3600
10,2536	-39,634	94,3650
10,2454	-39,636	94,3700
10,2464	-39,638	94,3750
10,2489	-39,640	94,3800
10,2477	-39,642	94,3850
10,2482	-39,645	94,3900
10,2559	-39,647	94,3950
10,2508	-39,649	94,4000
10,2478	-39,651	94,4050
10,2567	-39,653	94,4100
10,2595	-39,655	94,4150
10,2565	-39,657	94,4200
10,2601	-39,659	94,4250
10,2542	-39,661	94,4300
10,2518	-39,663	94,4350
10,2660	-39,666	94,4400
10,2640	-39,668	94,4450
10,2546	-39,670	94,4500
10,2575	-39,672	94,4550
10,2644	-39,674	94,4600
10,2584	-39,676	94,4650
10,2615	-39,678	94,4700
10,2661	-39,680	94,4750
10,2593	-39,682	94,4800
10,2574	-39,684	94,4850
10,2543	-39,687	94,4900
10,2592	-39,689	94,4950
10,2581	-39,691	94,5000
10,2651	-39,693	94,5050
10,2612	-39,695	94,5100
10,2635	-39,697	94,5150
10,2696	-39,699	94,5200
10,2649	-39,701	94,5250
10,2569	-39,703	94,5300
10,2686	-39,705	94,5350
10,2709	-39,708	94,5400
10,2704	-39,710	94,5450
10,2653	-39,712	94,5500
10,2677	-39,714	94,5550
10,2625	-39,716	94,5600
10,2652	-39,718	94,5650
10,2699	-39,720	94,5700
10,2720	-39,722	94,5750
10,2757	-39,724	94,5800
10,2773	-39,726	94,5850
10,2687	-39,729	94,5900
10,2619	-39,731	94,5950
10,2762	-39,733	94,6000
10,2822	-39,735	94,6050
10,2733	-39,737	94,6100
10,2784	-39,739	94,6150
10,2788	-39,741	94,6200
10,2751	-39,743	94,6250
10,2835	-39,745	94,6300
10,2837	-39,747	94,6350
10,2772	-39,750	94,6400
10,2819	-39,752	94,6450
10,2844	-39,754	94,6500
10,2776	-39,756	94,6550
10,2769	-39,758	94,6600
10,2777	-39,760	94,6650
10,2728	-39,762	94,6700
10,2744	-39,764	94,6750
10,2798	-39,766	94,6800
10,2780	-39,768	94,6850
10,2689	-39,771	94,6900
10,2815	-39,773	94,6950
10,2860	-39,775	94,7000
10,2823	-39,777	94,7050
10,2908	-39,779	94,7100
10,2946	-39,781	94,7150
10,2792	-39,783	94,7200
10,2824	-39,785	94,7250
10,2885	-39,787	94,7300
10,2880	-39,789	94,7350
10,2870	-39,792	94,7400
10,2955	-39,794	94,7450
10,2893	-39,796	94,7500
10,2871	-39,798	94,7550
10,2898	-39,800	94,7600
10,2945	-39,802	94,7650
10,2948	-39,804	94,7700
10,3028	-39,806	94,7750
10,2998	-39,808	94,7800
10,2944	-39,810	94,7850
10,2958	-39,813	94,7900
10,2936	-39,815	94,7950
10,2881	-39,817	94,8000
10,2885	-39,819	94,8050
10,2854	-39,821	94,8100
10,2853	-39,823	94,8150
10,2968	-39,825	94,8200
10,2974	-39,827	94,8250
10,2885	-39,829	94,8300
10,2928	-39,831	94,8350
10,3068	-39,834	94,8400
10,2962	-39,836	94,8450
10,2932	-39,838	94,8500
10,2953	-39,840	94,8550
10,2913	-39,842	94,8600
10,2913	-39,844	94,8650
10,3022	-39,846	94,8700
10,3048	-39,848	94,8750
10,3024	-39,850	94,8800
10,3015	-39,852	94,8850
10,2969	-39,855	94,8900
10,2906	-39,857	94,8950
10,2951	-39,859	94,9000
10,3049	-39,861	94,9050
10,3025	-39,863	94,9100
10,3072	-39,865	94,9150
10,3066	-39,867	94,9200
10,3061	-39,869	94,9250
10,3037	-39,871	94,9300
10,3139	-39,873	94,9350
10,3098	-39,876	94,9400
10,3053	-39,878	94,9450
10,3146	-39,880	94,9500
10,3171	-39,882	94,9550
10,3081	-39,884	94,9600
10,3134	-39,886	94,9650
10,3117	-39,888	94,9700
10,3106	-39,890	94,9750
10,3210	-39,892	94,9800
10,3249	-39,894	94,9850
10,3099	-39,897	94,9900
10,3147	-39,899	94,9950
10,3196	-39,901	95,0000
10,3186	-39,903	95,0050
10,3184	-39,905	95,0100
10,3139	-39,907	95,0150
10,3096	-39,909	95,0200
10,3151	-39,911	95,0250
10,3315	-39,913	95,0300
10,3209	-39,915	95,0350
10,3157	-39,918	95,0400
10,3217	-39,920	95,0450
10,3169	-39,922	95,0500
10,3140	-39,924	95,0550
10,3272	-39,926	95,0600
10,3244	-39,928	95,0650
10,3163	-39,930	95,0700
10,3178	-39,932	95,0750
10,3197	-39,934	95,0800
10,3190	-39,936	95,0850
10,3284	-39,939	95,0900
10,3257	-39,941	95,0950
10,3154	-39,943	95,1000
10,3218	-39,945	95,1050
10,3281	-39,947	95,1100
10,3250	-39,949	95,1150
10,3211	-39,951	95,1200
10,3256	-39,953	95,1250
10,3287	-39,955	95,1300
10,3307	-39,957	95,1350
10,3333	-39,960	95,1400
10,3233	-39,962	95,1450
10,3211	-39,964	95,1500
10,3367	-39,966	95,1550
10,3355	-39,968	95,1600
10,3227	-39,970	95,1650
10,3249	-39,972	95,1700
10,3334	-39,974	95,1750
10,3280	-39,976	95,1800
10,3344	-39,978	95,1850
10,3352	-39,981	95,1900
10,3260	-39,983	95,1950
10,3347	-39,985	95,2000
10,3439	-39,987	95,2050
10,3393	-39,989	95,2100
10,3281	-39,991	95,2150
10,3330	-39,993	95,2200
10,3313	-39,995	95,2250
10,3316	-39,997	95,2300
10,3405	-39,999	95,2350
10,3393	-40,002	95,2400
10,3372	-40,004	95,2450
10,3499	-40,006	95,2500
10,3479	-40,008	95,2550
10,3328	-40,010	95,2600
10,3352	-40,012	95,2650
10,3483	-40,014	95,2700
10,3406	-40,016	95,2750
10,3440	-40,018	95,2800
10,3431	-40,020	95,2850
10,3335	-40,023	95,2900
10,3370	-40,025	95,2950
10,3496	-40,027	95,3000
10,3532	-40,029	95,3050
10,3479	-40,031	95,3100
10,3549	-40,033	95,3150
10,3505	-40,035	95,3200
10,3494	-40,037	95,3250
10,3587	-40,039	95,3300
10,3549	-40,041	95,3350
10,3498	-40,044	95,3400
10,3650	-40,046	95,3450
10,3603	-40,048	95,3500
10,3572	-40,050	95,3550
10,3581	-40,052	95,3600
10,3582	-40,054	95,3650
10,3546	-40,056	95,3700
10,3573	-40,058	95,3750
10,3587	-40,060	95,3800
10,3531	-40,062	95,3850
10,3492	-40,065	95,3900
10,3496	-40,067	95,3950
10,3478	-40,069	95,4000
10,3521	-40,071	95,4050
10,3660	-40,073	95,4100
10,3581	-40,075	95,4150
10,3535	-40,077	95,4200
10,3620	-40,079	95,4250
10,3620	-40,081	95,4300
10,3612	-40,083	95,4350
10,3695	-40,086	95,4400
10,3662	-40,088	95,4450
10,3573	-40,090	95,4500
10,3564	-40,092	95,4550
10,3627	-40,094	95,4600
10,3598	-40,096	95,4650
10,3662	-40,098	95,4700
10,3681	-40,100	95,4750
10,3628	-40,102	95,4800
10,3626	-40,104	95,4850
10,3635	-40,107	95,4900
10,3589	-40,109	95,4950
10,3639	-40,111	95,5000
10,3740	-40,113	95,5050
10,3745	-40,115	95,5100
10,3678	-40,117	95,5150
10,3719	-40,119	95,5200
10,3705	-40,121	95,5250
10,3650	-40,123	95,5300
10,3746	-40,125	95,5350
10,3781	-40,128	95,5400
10,3694	-40,130	95,5450
10,3736	-40,132	95,5500
10,3843	-40,134	95,5550
10,3761	-40,136	95,5600
10,3796	-40,138	95,5650
10,3867	-40,140	95,5700
10,3741	-40,142	95,5750
10,3668	-40,144	95,5800
10,3762	-40,146	95,5850
10,3757	-40,149	95,5900
10,3687	-40,151	95,5950
10,3784	-40,153	95,6000
10,3760	-40,155	95,6050
10,3737	-40,157	95,6100
10,3838	-40,159	95,6150
10,3801	-40,161	95,6200
10,3717	-40,163	95,6250
10,3851	-40,165	95,6300
10,3872	-40,167	95,6350
10,3830	-40,170	95,6400
10,3808	-40,172	95,6450
10,3921	-40,174	95,6500
10,3881	-40,176	95,6550
10,3843	-40,178	95,6600
10,3848	-40,180	95,6650
10,3789	-40,182	95,6700
10,3823	-40,184	95,6750
10,3891	-40,186	95,6800
10,3855	-40,188	95,6850
10,3835	-40,191	95,6900
10,3965	-40,193	95,6950
10,3909	-40,195	95,7000
10,3787	-40,197	95,7050
10,3861	-40,199	95,7100
10,3959	-40,201	95,7150
10,3883	-40,203	95,7200
10,3947	-40,205	95,7250
10,3949	-40,207	95,7300
10,3886	-40,209	95,7350
10,3891	-40,212	95,7400
10,4007	-40,214	95,7450
10,3939	-40,216	95,7500
10,3927	-40,218	95,7550
10,3971	-40,220	95,7600
10,3906	-40,222	95,7650
10,3905	-40,224	95,7700
10,4007	-40,226	95,7750
10,4044	-40,228	95,7800
10,3974	-40,230	95,7850
10,3996	-40,233	95,7900
10,3996	-40,235	95,7950
10,3947	-40,237	95,8000
10,4052	-40,239	95,8050
10,4050	-40,241	95,8100
10,3949	-40,243	95,8150
10,3983	-40,245	95,8200
10,4079	-40,247	95,8250
10,4090	-40,249	95,8300
10,4057	-40,251	95,8350
10,4006	-40,254	95,8400
10,3934	-40,256	95,8450
10,4044	-40,258	95,8500
10,4204	-40,260	95,8550
10,4128	-40,262	95,8600
10,4066	-40,264	95,8650
10,4156	-40,266	95,8700
10,4141	-40,268	95,8750
10,4124	-40,270	95,8800
10,4179	-40,272	95,8850
10,4161	-40,275	95,8900
10,4148	-40,277	95,8950
10,4121	-40,279	95,9000
10,4111	-40,281	95,9050
10,4100	-40,283	95,9100
10,4162	-40,285	95,9150
10,4101	-40,287	95,9200
10,4065	-40,289	95,9250
10,4126	-40,291	95,9300
10,4253	-40,293	95,9350
10,4225	-40,296	95,9400
10,4133	-40,298	95,9450
10,4148	-40,300	95,9500
10,4144	-40,302	95,9550
10,4137	-40,304	95,9600
10,4253	-40,306	95,9650
10,4254	-40,308	95,9700
10,4189	-40,310	95,9750
10,4240	-40,312	95,9800
10,4278	-40,314	95,9850
10,4164	-40,317	95,9900
10,4178	-40,319	95,9950
10,4207	-40,321	96,0000
10,4277	-40,323	96,0050
10,4329	-40,325	96,0100
10,4328	-40,327	96,0150
10,4261	-40,329	96,0200
10,4234	-40,331	96,0250
10,4325	-40,333	96,0300
10,4254	-40,335	96,0350
10,4188	-40,338	96,0400
10,4276	-40,340	96,0450
10,4297	-40,342	96,0500
10,4282	-40,344	96,0550
10,4344	-40,346	96,0600
10,4307	-40,348	96,0650
10,4225	-40,350	96,0700
10,4281	-40,352	96,0750
10,4354	-40,354	96,0800
10,4291	-40,356	96,0850
10,4256	-40,359	96,0900
10,4305	-40,361	96,0950
10,4260	-40,363	96,1000
10,4335	-40,365	96,1050
10,4380	-40,367	96,1100
10,4330	-40,369	96,1150
10,4282	-40,371	96,1200
10,4378	-40,373	96,1250
10,4361	-40,375	96,1300
10,4359	-40,377	96,1350
10,4426	-40,380	96,1400
10,4355	-40,382	96,1450
10,4317	-40,384	96,1500
10,4409	-40,386	96,1550
10,4372	-40,388	96,1600
10,4379	-40,390	96,1650
10,4396	-40,392	96,1700
10,4425	-40,394	96,1750
10,4369	-40,396	96,1800
10,4443	-40,398	96,1850
10,4552	-40,401	96,1900
10,4441	-40,403	96,1950
10,4452	-40,405	96,2000
10,4484	-40,407	96,2050
10,4426	-40,409	96,2100
10,4433	-40,411	96,2150
10,4471	-40,413	96,2200
10,4454	-40,415	96,2250
10,4445	-40,417	96,2300
10,4447	-40,419	96,2350
10,4431	-40,422	96,2400
10,4339	-40,424	96,2450
10,4457	-40,426	96,2500
10,4536	-40,428	96,2550
10,4478	-40,430	96,2600
10,4477	-40,432	96,2650
10,4534	-40,434	96,2700
10,4509	-40,436	96,2750
10,4539	-40,438	96,2800
10,4591	-40,440	96,2850
10,4477	-40,443	96,2900
10,4470	-40,445	96,2950
10,4582	-40,447	96,3000
10,4553	-40,449	96,3050
10,4539	-40,451	96,3100
10,4623	-40,453	96,3150
10,4577	-40,455	96,3200
10,4566	-40,457	96,3250
10,4579	-40,459	96,3300
10,4511	-40,461	96,3350
10,4443	-40,464	96,3400
10,4580	-40,466	96,3450
10,4647	-40,468	96,3500
10,4636	-40,470	96,3550
10,4684	-40,472	96,3600
10,4734	-40,474	96,3650
10,4593	-40,476	96,3700
10,4591	-40,478	96,3750
10,4682	-40,480	96,3800
10,4617	-40,482	96,3850
10,4641	-40,485	96,3900
10,4721	-40,487	96,3950
10,4667	-40,489	96,4000
10,4633	-40,491	96,4050
10,4684	-40,493	96,4100
10,4686	-40,495	96,4150
10,4673	-40,497	96,4200
10,4698	-40,499	96,4250
10,4664	-40,501	96,4300
10,4572	-40,503	96,4350
10,4659	-40,506	96,4400
10,4759	-40,508	96,4450
10,4747	-40,510	96,4500
10,4755	-40,512	96,4550
10,4855	-40,514	96,4600
10,4719	-40,516	96,4650
10,4727	-40,518	96,4700
10,4778	-40,520	96,4750
10,4729	-40,522	96,4800
10,4732	-40,524	96,4850
10,4779	-40,527	96,4900
10,4640	-40,529	96,4950
10,4659	-40,531	96,5000
10,4840	-40,533	96,5050
10,4870	-40,535	96,5100
10,4801	-40,537	96,5150
10,4856	-40,539	96,5200
10,4811	-40,541	96,5250
10,4671	-40,543	96,5300
10,4739	-40,545	96,5350
10,4823	-40,548	96,5400
10,4829	-40,550	96,5450
10,4849	-40,552	96,5500
10,4858	-40,554	96,5550
10,4726	-40,556	96,5600
10,4774	-40,558	96,5650
10,4918	-40,560	96,5700
10,4890	-40,562	96,5750
10,4867	-40,564	96,5800
10,4916	-40,566	96,5850
10,4923	-40,569	96,5900
10,4814	-40,571	96,5950
10,4820	-40,573	96,6000
10,4806	-40,575	96,6050
10,4884	-40,577	96,6100
10,4930	-40,579	96,6150
10,4920	-40,581	96,6200
10,4848	-40,583	96,6250
10,4893	-40,585	96,6300
10,4911	-40,587	96,6350
10,4896	-40,590	96,6400
10,4889	-40,592	96,6450
10,4963	-40,594	96,6500
10,4903	-40,596	96,6550
10,4981	-40,598	96,6600
10,5018	-40,600	96,6650
10,4961	-40,602	96,6700
10,4909	-40,604	96,6750
10,4928	-40,606	96,6800
10,4936	-40,608	96,6850
10,4918	-40,611	96,6900
10,4997	-40,613	96,6950
10,5039	-40,615	96,7000
10,4961	-40,617	96,7050
10,4981	-40,619	96,7100
10,4933	-40,621	96,7150
10,4862	-40,623	96,7200
10,4952	-40,625	96,7250
10,4982	-40,627	96,7300
10,4989	-40,629	96,7350
10,5037	-40,632	96,7400
10,5165	-40,634	96,7450
10,5085	-40,636	96,7500
10,5078	-40,638	96,7550
10,5116	-40,640	96,7600
10,5035	-40,642	96,7650
10,5036	-40,644	96,7700
10,5085	-40,646	96,7750
10,4976	-40,648	96,7800
10,4936	-40,650	96,7850
10,5055	-40,653	96,7900
10,5108	-40,655	96,7950
10,5048	-40,657	96,8000
10,5048	-40,659	96,8050
10,5043	-40,661	96,8100
10,5027	-40,663	96,8150
10,5098	-40,665	96,8200
10,5112	-40,667	96,8250
10,5066	-40,669	96,8300
10,5040	-40,671	96,8350
10,5162	-40,674	96,8400
10,5151	-40,676	96,8450
10,5138	-40,678	96,8500
10,5180	-40,680	96,8550
10,5142	-40,682	96,8600
10,5152	-40,684	96,8650
10,5289	-40,686	96,8700
10,5141	-40,688	96,8750
10,5025	-40,690	96,8800
10,5131	-40,692	96,8850
10,5180	-40,695	96,8900
10,5132	-40,697	96,8950
10,5166	-40,699	96,9000
10,5247	-40,701	96,9050
10,5203	-40,703	96,9100
10,5198	-40,705	96,9150
10,5198	-40,707	96,9200
10,5218	-40,709	96,9250
10,5216	-40,711	96,9300
10,5264	-40,713	96,9350
10,5211	-40,716	96,9400
10,5256	-40,718	96,9450
10,5335	-40,720	96,9500
10,5245	-40,722	96,9550
10,5177	-40,724	96,9600
10,5270	-40,726	96,9650
10,5199	-40,728	96,9700
10,5129	-40,730	96,9750
10,5195	-40,732	96,9800
10,5228	-40,734	96,9850
10,5232	-40,737	96,9900
10,5334	-40,739	96,9950
10,5323	-40,741	97,0000
10,5177	-40,743	97,0050
10,5169	-40,745	97,0100
10,5230	-40,747	97,0150
10,5273	-40,749	97,0200
10,5314	-40,751	97,0250
10,5327	-40,753	97,0300
10,5251	-40,755	97,0350
10,5251	-40,758	97,0400
10,5356	-40,760	97,0450
10,5371	-40,762	97,0500
10,5304	-40,764	97,0550
10,5388	-40,766	97,0600
10,5340	-40,768	97,0650
10,5241	-40,770	97,0700
10,5298	-40,772	97,0750
10,5342	-40,774	97,0800
10,5314	-40,776	97,0850
10,5435	-40,779	97,0900
10,5436	-40,781	97,0950
10,5350	-40,783	97,1000
10,5372	-40,785	97,1050
10,5368	-40,787	97,1100
10,5374	-40,789	97,1150
10,5424	-40,791	97,1200
10,5479	-40,793	97,1250
10,5418	-40,795	97,1300
10,5389	-40,797	97,1350
10,5466	-40,800	97,1400
10,5404	-40,802	97,1450
10,5380	-40,804	97,1500
10,5542	-40,806	97,1550
10,5504	-40,808	97,1600
10,5400	-40,810	97,1650
10,5433	-40,812	97,1700
10,5536	-40,814	97,1750
10,5503	-40,816	97,1800
10,5588	-40,818	97,1850
10,5591	-40,821	97,1900
10,5513	-40,823	97,1950
10,5543	-40,825	97,2000
10,5567	-40,827	97,2050
10,5536	-40,829	97,2100
10,5567	-40,831	97,2150
10,5629	-40,833	97,2200
10,5533	-40,835	97,2250
10,5540	-40,837	97,2300
10,5618	-40,839	97,2350
10,5573	-40,842	97,2400
10,5495	-40,844	97,2450
10,5558	-40,846	97,2500
10,5561	-40,848	97,2550
10,5514	-40,850	97,2600
10,5615	-40,852	97,2650
10,5635	-40,854	97,2700
10,5511	-40,856	97,2750
10,5542	-40,858	97,2800
10,5613	-40,860	97,2850
10,5529	-40,863	97,2900
10,5544	-40,865	97,2950
10,5614	-40,867	97,3000
10,5584	-40,869	97,3050
10,5591	-40,871	97,3100
10,5731	-40,873	97,3150
10,5663	-40,875	97,3200
10,5621	-40,877	97,3250
10,5665	-40,879	97,3300
10,5638	-40,881	97,3350
10,5652	-40,884	97,3400
10,5720	-40,886	97,3450
10,5692	-40,888	97,3500
10,5652	-40,890	97,3550
10,5661	-40,892	97,3600
10,5694	-40,894	97,3650
10,5680	-40,896	97,3700
10,5758	-40,898	97,3750
10,5807	-40,900	97,3800
10,5699	-40,902	97,3850
10,5627	-40,905	97,3900
10,5691	-40,907	97,3950
10,5736	-40,909	97,4000
10,5743	-40,911	97,4050
10,5845	-40,913	97,4100
10,5796	-40,915	97,4150
10,5747	-40,917	97,4200
10,5812	-40,919	97,4250
10,5817	-40,921	97,4300
10,5803	-40,923	97,4350
10,5825	-40,926	97,4400
10,5735	-40,928	97,4450
10,5688	-40,930	97,4500
10,5758	-40,932	97,4550
10,5809	-40,934	97,4600
10,5758	-40,936	97,4650
10,5782	-40,938	97,4700
10,5825	-40,940	97,4750
10,5765	-40,942	97,4800
10,5765	-40,944	97,4850
10,5805	-40,947	97,4900
10,5810	-40,949	97,4950
10,5866	-40,951	97,5000
10,5923	-40,953	97,5050
10,5884	-40,955	97,5100
10,5876	-40,957	97,5150
10,5911	-40,959	97,5200
10,5853	-40,961	97,5250
10,5779	-40,963	97,5300
10,5867	-40,965	97,5350
10,5853	-40,968	97,5400
10,5853	-40,970	97,5450
10,5846	-40,972	97,5500
10,5924	-40,974	97,5550
10,5872	-40,976	97,5600
10,5910	-40,978	97,5650
10,5963	-40,980	97,5700
10,5906	-40,982	97,5750
10,5898	-40,984	97,5800
10,5964	-40,986	97,5850
10,5927	-40,989	97,5900
10,5953	-40,991	97,5950
10,6050	-40,993	97,6000
10,5994	-40,995	97,6050
10,5918	-40,997	97,6100
10,5971	-40,999	97,6150
10,5979	-41,001	97,6200
10,5912	-41,003	97,6250
10,5986	-41,005	97,6300
10,6047	-41,007	97,6350
10,6008	-41,010	97,6400
10,5988	-41,012	97,6450
10,6013	-41,014	97,6500
10,5956	-41,016	97,6550
10,5980	-41,018	97,6600
10,6014	-41,020	97,6650
10,5958	-41,022	97,6700
10,5946	-41,024	97,6750
10,6053	-41,026	97,6800
10,5931	-41,028	97,6850
10,5921	-41,031	97,6900
10,6067	-41,033	97,6950
10,6024	-41,035	97,7000
10,5913	-41,037	97,7050
10,6061	-41,039	97,7100
10,6121	-41,041	97,7150
10,6036	-41,043	97,7200
10,6090	-41,045	97,7250
10,6075	-41,047	97,7300
10,6056	-41,049	97,7350
10,6045	-41,052	97,7400
10,6156	-41,054	97,7450
10,6066	-41,056	97,7500
10,6062	-41,058	97,7550
10,6137	-41,060	97,7600
10,6076	-41,062	97,7650
10,6118	-41,064	97,7700
10,6231	-41,066	97,7750
10,6218	-41,068	97,7800
10,6142	-41,070	97,7850
10,6132	-41,073	97,7900
10,6124	-41,075	97,7950
10,6124	-41,077	97,8000
10,6241	-41,079	97,8050
10,6280	-41,081	97,8100
10,6151	-41,083	97,8150
10,6126	-41,085	97,8200
10,6167	-41,087	97,8250
10,6158	-41,089	97,8300
10,6146	-41,091	97,8350
10,6248	-41,094	97,8400
10,6176	-41,096	97,8450
10,6195	-41,098	97,8500
10,6305	-41,100	97,8550
10,6304	-41,102	97,8600
10,6186	-41,104	97,8650
10,6177	-41,106	97,8700
10,6112	-41,108	97,8750
10,6138	-41,110	97,8800
10,6242	-41,112	97,8850
10,6255	-41,115	97,8900
10,6179	-41,117	97,8950
10,6248	-41,119	97,9000
10,6215	-41,121	97,9050
10,6130	-41,123	97,9100
10,6239	-41,125	97,9150
10,6320	-41,127	97,9200
10,6313	-41,129	97,9250
10,6247	-41,131	97,9300
10,6300	-41,133	97,9350
10,6320	-41,136	97,9400
10,6278	-41,138	97,9450
10,6366	-41,140	97,9500
10,6365	-41,142	97,9550
10,6257	-41,144	97,9600
10,6277	-41,146	97,9650
10,6297	-41,148	97,9700
10,6338	-41,150	97,9750
10,6389	-41,152	97,9800
10,6369	-41,154	97,9850
10,6323	-41,157	97,9900
10,6415	-41,159	97,9950
10,6450	-41,161	98,0000
10,6371	-41,163	98,0050
10,6399	-41,165	98,0100
10,6428	-41,167	98,0150
10,6317	-41,169	98,0200
10,6271	-41,171	98,0250
10,6420	-41,173	98,0300
10,6405	-41,175	98,0350
10,6370	-41,178	98,0400
10,6383	-41,180	98,0450
10,6331	-41,182	98,0500
10,6340	-41,184	98,0550
10,6421	-41,186	98,0600
10,6395	-41,188	98,0650
10,6387	-41,190	98,0700
10,6482	-41,192	98,0750
10,6506	-41,194	98,0800
10,6417	-41,196	98,0850
10,6474	-41,199	98,0900
10,6451	-41,201	98,0950
10,6381	-41,203	98,1000
10,6427	-41,205	98,1050
10,6484	-41,207	98,1100
10,6472	-41,209	98,1150
10,6461	-41,211	98,1200
10,6578	-41,213	98,1250
10,6553	-41,215	98,1300
10,6538	-41,217	98,1350
10,6534	-41,220	98,1400
10,6466	-41,222	98,1450
10,6461	-41,224	98,1500
10,6554	-41,226	98,1550
10,6532	-41,228	98,1600
10,6525	-41,230	98,1650
10,6654	-41,232	98,1700
10,6609	-41,234	98,1750
10,6435	-41,236	98,1800
10,6531	-41,238	98,1850
10,6657	-41,241	98,1900
10,6585	-41,243	98,1950
10,6544	-41,245	98,2000
10,6600	-41,247	98,2050
10,6617	-41,249	98,2100
10,6615	-41,251	98,2150
10,6643	-41,253	98,2200
10,6628	-41,255	98,2250
10,6572	-41,257	98,2300
10,6684	-41,259	98,2350
10,6676	-41,262	98,2400
10,6592	-41,264	98,2450
10,6641	-41,266	98,2500
10,6622	-41,268	98,2550
10,6581	-41,270	98,2600
10,6645	-41,272	98,2650
10,6718	-41,274	98,2700
10,6628	-41,276	98,2750
10,6648	-41,278	98,2800
10,6701	-41,280	98,2850
10,6657	-41,283	98,2900
10,6704	-41,285	98,2950
10,6759	-41,287	98,3000
10,6686	-41,289	98,3050
10,6627	-41,291	98,3100
10,6676	-41,293	98,3150
10,6656	-41,295	98,3200
10,6633	-41,297	98,3250
10,6755	-41,299	98,3300
10,6775	-41,301	98,3350
10,6651	-41,304	98,3400
10,6700	-41,306	98,3450
10,6678	-41,308	98,3500
10,6668	-41,310	98,3550
10,6775	-41,312	98,3600
10,6830	-41,314	98,3650
10,6682	-41,316	98,3700
10,6727	-41,318	98,3750
10,6798	-41,320	98,3800
10,6755	-41,322	98,3850
10,6709	-41,325	98,3900
10,6799	-41,327	98,3950
10,6847	-41,329	98,4000
10,6909	-41,331	98,4050
10,6976	-41,333	98,4100
10,6859	-41,335	98,4150
10,6785	-41,337	98,4200
10,6875	-41,339	98,4250
10,6836	-41,341	98,4300
10,6712	-41,343	98,4350
10,6790	-41,346	98,4400
10,6775	-41,348	98,4450
10,6707	-41,350	98,4500
10,6779	-41,352	98,4550
10,6895	-41,354	98,4600
10,6834	-41,356	98,4650
10,6872	-41,358	98,4700
10,6939	-41,360	98,4750
10,6784	-41,362	98,4800
10,6724	-41,364	98,4850
10,6838	-41,367	98,4900
10,6844	-41,369	98,4950
10,6811	-41,371	98,5000
10,6854	-41,373	98,5050
10,6873	-41,375	98,5100
10,6885	-41,377	98,5150
10,6940	-41,379	98,5200
10,6898	-41,381	98,5250
10,6816	-41,383	98,5300
10,6921	-41,385	98,5350
10,6988	-41,388	98,5400
10,6940	-41,390	98,5450
10,6902	-41,392	98,5500
10,6988	-41,394	98,5550
10,6887	-41,396	98,5600
10,6926	-41,398	98,5650
10,7030	-41,400	98,5700
10,6980	-41,402	98,5750
10,6939	-41,404	98,5800
10,7017	-41,406	98,5850
10,6994	-41,409	98,5900
10,6972	-41,411	98,5950
10,7077	-41,413	98,6000
10,7026	-41,415	98,6050
10,6945	-41,417	98,6100
10,7081	-41,419	98,6150
10,7106	-41,421	98,6200
10,7012	-41,423	98,6250
10,7021	-41,425	98,6300
10,7071	-41,427	98,6350
10,7055	-41,430	98,6400
10,7044	-41,432	98,6450
10,7053	-41,434	98,6500
10,6929	-41,436	98,6550
10,7074	-41,438	98,6600
10,7151	-41,440	98,6650
10,7018	-41,442	98,6700
10,6964	-41,444	98,6750
10,7096	-41,446	98,6800
10,7050	-41,448	98,6850
10,7028	-41,451	98,6900
10,7145	-41,453	98,6950
10,7139	-41,455	98,7000
10,7088	-41,457	98,7050
10,7188	-41,459	98,7100
10,7222	-41,461	98,7150
10,7070	-41,463	98,7200
10,7109	-41,465	98,7250
10,7176	-41,467	98,7300
10,7153	-41,469	98,7350
10,7160	-41,472	98,7400
10,7194	-41,474	98,7450
10,7135	-41,476	98,7500
10,7172	-41,478	98,7550
10,7254	-41,480	98,7600
10,7161	-41,482	98,7650
10,7089	-41,484	98,7700
10,7206	-41,486	98,7750
10,7212	-41,488	98,7800
10,7199	-41,490	98,7850
10,7274	-41,493	98,7900
10,7238	-41,495	98,7950
10,7172	-41,497	98,8000
10,7199	-41,499	98,8050
10,7236	-41,501	98,8100
10,7180	-41,503	98,8150
10,7242	-41,505	98,8200
10,7237	-41,507	98,8250
10,7199	-41,509	98,8300
10,7186	-41,511	98,8350
10,7265	-41,514	98,8400
10,7273	-41,516	98,8450
10,7296	-41,518	98,8500
10,7307	-41,520	98,8550
10,7242	-41,522	98,8600
10,7198	-41,524	98,8650
10,7341	-41,526	98,8700
10,7328	-41,528	98,8750
10,7298	-41,530	98,8800
10,7382	-41,532	98,8850
10,7347	-41,535	98,8900
10,7260	-41,537	98,8950
10,7299	-41,539	98,9000
10,7322	-41,541	98,9050
10,7318	-41,543	98,9100
10,7421	-41,545	98,9150
10,7404	-41,547	98,9200
10,7360	-41,549	98,9250
10,7399	-41,551	98,9300
10,7454	-41,553	98,9350
10,7339	-41,556	98,9400
10,7311	-41,558	98,9450
10,7380	-41,560	98,9500
10,7330	-41,562	98,9550
10,7337	-41,564	98,9600
10,7411	-41,566	98,9650
10,7322	-41,568	98,9700
10,7259	-41,570	98,9750
10,7376	-41,572	98,9800
10,7464	-41,574	98,9850
10,7423	-41,577	98,9900
10,7459	-41,579	98,9950
10,7464	-41,581	99,0000
10,7349	-41,583	99,0050
10,7395	-41,585	99,0100
10,7482	-41,587	99,0150
10,7480	-41,589	99,0200
10,7453	-41,591	99,0250
10,7521	-41,593	99,0300
10,7448	-41,595	99,0350
10,7414	-41,598	99,0400
10,7549	-41,600	99,0450
10,7543	-41,602	99,0500
10,7480	-41,604	99,0550
10,7525	-41,606	99,0600
10,7518	-41,608	99,0650
10,7501	-41,610	99,0700
10,7531	-41,612	99,0750
10,7540	-41,614	99,0800
10,7487	-41,616	99,0850
10,7562	-41,619	99,0900
10,7584	-41,621	99,0950
10,7522	-41,623	99,1000
10,7537	-41,625	99,1050
10,7573	-41,627	99,1100
10,7574	-41,629	99,1150
10,7529	-41,631	99,1200
10,7580	-41,633	99,1250
10,7498	-41,635	99,1300
10,7521	-41,637	99,1350
10,7635	-41,640	99,1400
10,7666	-41,642	99,1450
10,7627	-41,644	99,1500
10,7700	-41,646	99,1550
10,7677	-41,648	99,1600
10,7547	-41,650	99,1650
10,7630	-41,652	99,1700
10,7741	-41,654	99,1750
10,7730	-41,656	99,1800
10,7698	-41,658	99,1850
10,7620	-41,661	99,1900
10,7509	-41,663	99,1950
10,7539	-41,665	99,2000
10,7688	-41,667	99,2050
10,7765	-41,669	99,2100
10,7709	-41,671	99,2150
10,7772	-41,673	99,2200
10,7719	-41,675	99,2250
10,7724	-41,677	99,2300
10,7755	-41,679	99,2350
10,7657	-41,682	99,2400
10,7649	-41,684	99,2450
10,7768	-41,686	99,2500
10,7759	-41,688	99,2550
10,7771	-41,690	99,2600
10,7780	-41,692	99,2650
10,7737	-41,694	99,2700
10,7667	-41,696	99,2750
10,7678	-41,698	99,2800
10,7722	-41,700	99,2850
10,7661	-41,703	99,2900
10,7722	-41,705	99,2950
10,7763	-41,707	99,3000
10,7735	-41,709	99,3050
10,7769	-41,711	99,3100
10,7847	-41,713	99,3150
10,7743	-41,715	99,3200
10,7678	-41,717	99,3250
10,7860	-41,719	99,3300
10,7864	-41,721	99,3350
10,7748	-41,724	99,3400
10,7793	-41,726	99,3450
10,7780	-41,728	99,3500
10,7757	-41,730	99,3550
10,7778	-41,732	99,3600
10,7818	-41,734	99,3650
10,7758	-41,736	99,3700
10,7875	-41,738	99,3750
10,7957	-41,740	99,3800
10,7862	-41,742	99,3850
10,7861	-41,745	99,3900
10,7890	-41,747	99,3950
10,7897	-41,749	99,4000
10,7853	-41,751	99,4050
10,7976	-41,753	99,4100
10,7958	-41,755	99,4150
10,7895	-41,757	99,4200
10,7893	-41,759	99,4250
10,7898	-41,761	99,4300
10,7828	-41,763	99,4350
10,7902	-41,766	99,4400
10,7946	-41,768	99,4450
10,7899	-41,770	99,4500
10,7967	-41,772	99,4550
10,8022	-41,774	99,4600
10,7952	-41,776	99,4650
10,8011	-41,778	99,4700
10,8044	-41,780	99,4750
10,7969	-41,782	99,4800
10,7900	-41,784	99,4850
10,7995	-41,787	99,4900
10,8000	-41,789	99,4950
10,7913	-41,791	99,5000
10,7980	-41,793	99,5050
10,7987	-41,795	99,5100
10,7997	-41,797	99,5150
10,8101	-41,799	99,5200
10,8030	-41,801	99,5250
10,7961	-41,803	99,5300
10,8084	-41,805	99,5350
10,8078	-41,808	99,5400
10,7980	-41,810	99,5450
10,7989	-41,812	99,5500
10,8103	-41,814	99,5550
10,8082	-41,816	99,5600
10,8065	-41,818	99,5650
10,8148	-41,820	99,5700
10,8086	-41,822	99,5750
10,8034	-41,824	99,5800
10,8056	-41,826	99,5850
10,8030	-41,829	99,5900
10,8007	-41,831	99,5950
10,8185	-41,833	99,6000
10,8238	-41,835	99,6050
10,8147	-41,837	99,6100
10,8179	-41,839	99,6150
10,8195	-41,841	99,6200
10,8132	-41,843	99,6250
10,8216	-41,845	99,6300
10,8234	-41,847	99,6350
10,8135	-41,850	99,6400
10,8087	-41,852	99,6450
10,8177	-41,854	99,6500
10,8175	-41,856	99,6550
10,8253	-41,858	99,6600
10,8284	-41,860	99,6650
10,8157	-41,862	99,6700
10,8132	-41,864	99,6750
10,8180	-41,866	99,6800
10,8137	-41,868	99,6850
10,8155	-41,871	99,6900
10,8201	-41,873	99,6950
10,8154	-41,875	99,7000
10,8089	-41,877	99,7050
10,8253	-41,879	99,7100
10,8292	-41,881	99,7150
10,8208	-41,883	99,7200
10,8263	-41,885	99,7250
10,8320	-41,887	99,7300
10,8279	-41,889	99,7350
10,8261	-41,892	99,7400
10,8314	-41,894	99,7450
10,8212	-41,896	99,7500
10,8217	-41,898	99,7550
10,8306	-41,900	99,7600
10,8296	-41,902	99,7650
10,8294	-41,904	99,7700
10,8370	-41,906	99,7750
10,8305	-41,908	99,7800
10,8301	-41,910	99,7850
10,8373	-41,913	99,7900
10,8292	-41,915	99,7950
10,8196	-41,917	99,8000
10,8325	-41,919	99,8050
10,8353	-41,921	99,8100
10,8300	-41,923	99,8150
10,8335	-41,925	99,8200
10,8357	-41,927	99,8250
10,8355	-41,929	99,8300
10,8313	-41,931	99,8350
10,8338	-41,934	99,8400
10,8325	-41,936	99,8450
10,8361	-41,938	99,8500
10,8422	-41,940	99,8550
10,8422	-41,942	99,8600
10,8428	-41,944	99,8650
10,8503	-41,946	99,8700
10,8416	-41,948	99,8750
10,8398	-41,950	99,8800
10,8470	-41,952	99,8850
10,8403	-41,955	99,8900
10,8316	-41,957	99,8950
10,8389	-41,959	99,9000
10,8384	-41,961	99,9050
10,8359	-41,963	99,9100
10,8477	-41,965	99,9150
10,8465	-41,967	99,9200
10,8328	-41,969	99,9250
10,8384	-41,971	99,9300
10,8502	-41,973	99,9350
10,8461	-41,976	99,9400
10,8447	-41,978	99,9450
10,8476	-41,980	99,9500
10,8403	-41,982	99,9550
10,8400	-41,984	99,9600
10,8526	-41,986	99,9650
10,8563	-41,988	99,9700
10,8585	-41,990	99,9750
10,8563	-41,992	99,9800
10,8541	-41,994	99,9850
10,8456	-41,997	99,9900
10,8539	-41,999	99,9950
10,8569	-42,001	100,0000
10,8459	-42,003	100,0050
10,8478	-42,005	100,0100
10,8551	-42,007	100,0150
10,8516	-42,009	100,0200
10,8510	-42,011	100,0250
10,8566	-42,013	100,0300
10,8520	-42,015	100,0350
10,8579	-42,018	100,0400
10,8655	-42,020	100,0450
10,8607	-42,022	100,0500
10,8576	-42,024	100,0550
10,8688	-42,026	100,0600
10,8684	-42,028	100,0650
10,8597	-42,030	100,0700
10,8601	-42,032	100,0750
10,8626	-42,034	100,0800
10,8561	-42,036	100,0850
10,8679	-42,039	100,0900
10,8699	-42,041	100,0950
10,8600	-42,043	100,1000
10,8618	-42,045	100,1050
10,8693	-42,047	100,1100
10,8594	-42,049	100,1150
10,8600	-42,051	100,1200
10,8744	-42,053	100,1250
10,8679	-42,055	100,1300
10,8685	-42,057	100,1350
10,8790	-42,060	100,1400
10,8728	-42,062	100,1450
10,8641	-42,064	100,1500
10,8713	-42,066	100,1550
10,8688	-42,068	100,1600
10,8666	-42,070	100,1650
10,8673	-42,072	100,1700
10,8683	-42,074	100,1750
10,8629	-42,076	100,1800
10,8775	-42,078	100,1850
10,8802	-42,081	100,1900
10,8727	-42,083	100,1950
10,8762	-42,085	100,2000
10,8831	-42,087	100,2050
10,8804	-42,089	100,2100
10,8754	-42,091	100,2150
10,8819	-42,093	100,2200
10,8751	-42,095	100,2250
10,8678	-42,097	100,2300
10,8771	-42,099	100,2350
10,8744	-42,102	100,2400
10,8716	-42,104	100,2450
10,8878	-42,106	100,2500
10,8858	-42,108	100,2550
10,8807	-42,110	100,2600
10,8870	-42,112	100,2650
10,8877	-42,114	100,2700
10,8778	-42,116	100,2750
10,8802	-42,118	100,2800
10,8861	-42,120	100,2850
10,8873	-42,123	100,2900
10,8901	-42,125	100,2950
10,8985	-42,127	100,3000
10,8851	-42,129	100,3050
10,8740	-42,131	100,3100
10,8859	-42,133	100,3150
10,8856	-42,135	100,3200
10,8819	-42,137	100,3250
10,8943	-42,139	100,3300
10,8920	-42,141	100,3350
10,8857	-42,144	100,3400
10,8915	-42,146	100,3450
10,8961	-42,148	100,3500
10,8953	-42,150	100,3550
10,8918	-42,152	100,3600
10,8926	-42,154	100,3650
10,8932	-42,156	100,3700
10,8944	-42,158	100,3750
10,8898	-42,160	100,3800
10,8832	-42,162	100,3850
10,8874	-42,165	100,3900
10,8994	-42,167	100,3950
10,8927	-42,169	100,4000
10,8883	-42,171	100,4050
10,9039	-42,173	100,4100
10,8990	-42,175	100,4150
10,8944	-42,177	100,4200
10,9037	-42,179	100,4250
10,9030	-42,181	100,4300
10,8910	-42,183	100,4350
10,8984	-42,186	100,4400
10,8977	-42,188	100,4450
10,8955	-42,190	100,4500
10,9001	-42,192	100,4550
10,9087	-42,194	100,4600
10,9016	-42,196	100,4650
10,9018	-42,198	100,4700
10,9071	-42,200	100,4750
10,9046	-42,202	100,4800
10,9045	-42,204	100,4850
10,9144	-42,207	100,4900
10,9064	-42,209	100,4950
10,8986	-42,211	100,5000
10,9072	-42,213	100,5050
10,9086	-42,215	100,5100
10,9054	-42,217	100,5150
10,9209	-42,219	100,5200
10,9177	-42,221	100,5250
10,9112	-42,223	100,5300
10,9157	-42,225	100,5350
10,9200	-42,228	100,5400
10,9169	-42,230	100,5450
10,9191	-42,232	100,5500
10,9168	-42,234	100,5550
10,9056	-42,236	100,5600
10,9116	-42,238	100,5650
10,9181	-42,240	100,5700
10,9228	-42,242	100,5750
10,9256	-42,244	100,5800
10,9285	-42,246	100,5850
10,9221	-42,249	100,5900
10,9151	-42,251	100,5950
10,9196	-42,253	100,6000
10,9169	-42,255	100,6050
10,9112	-42,257	100,6100
10,9174	-42,259	100,6150
10,9187	-42,261	100,6200
10,9111	-42,263	100,6250
10,9195	-42,265	100,6300
10,9257	-42,267	100,6350
10,9247	-42,270	100,6400
10,9203	-42,272	100,6450
10,9311	-42,274	100,6500
10,9262	-42,276	100,6550
10,9269	-42,278	100,6600
10,9318	-42,280	100,6650
10,9249	-42,282	100,6700
10,9279	-42,284	100,6750
10,9329	-42,286	100,6800
10,9185	-42,288	100,6850
10,9148	-42,291	100,6900
10,9219	-42,293	100,6950
10,9240	-42,295	100,7000
10,9233	-42,297	100,7050
10,9318	-42,299	100,7100
10,9323	-42,301	100,7150
10,9268	-42,303	100,7200
10,9334	-42,305	100,7250
10,9367	-42,307	100,7300
10,9307	-42,309	100,7350
10,9346	-42,312	100,7400
10,9412	-42,314	100,7450
10,9277	-42,316	100,7500
10,9270	-42,318	100,7550
10,9346	-42,320	100,7600
10,9309	-42,322	100,7650
10,9364	-42,324	100,7700
10,9457	-42,326	100,7750
10,9316	-42,328	100,7800
10,9233	-42,330	100,7850
10,9355	-42,333	100,7900
10,9411	-42,335	100,7950
10,9358	-42,337	100,8000
10,9431	-42,339	100,8050
10,9536	-42,341	100,8100
10,9486	-42,343	100,8150
10,9534	-42,345	100,8200
10,9476	-42,347	100,8250
10,9421	-42,349	100,8300
10,9440	-42,351	100,8350
10,9483	-42,354	100,8400
10,9420	-42,356	100,8450
10,9441	-42,358	100,8500
10,9535	-42,360	100,8550
10,9520	-42,362	100,8600
10,9504	-42,364	100,8650
10,9628	-42,366	100,8700
10,9603	-42,368	100,8750
10,9493	-42,370	100,8800
10,9512	-42,372	100,8850
10,9515	-42,375	100,8900
10,9463	-42,377	100,8950
10,9598	-42,379	100,9000
10,9638	-42,381	100,9050
10,9525	-42,383	100,9100
10,9513	-42,385	100,9150
10,9521	-42,387	100,9200
10,9485	-42,389	100,9250
10,9549	-42,391	100,9300
10,9684	-42,393	100,9350
10,9551	-42,396	100,9400
10,9560	-42,398	100,9450
10,9655	-42,400	100,9500
10,9599	-42,402	100,9550
10,9576	-42,404	100,9600
10,9625	-42,406	100,9650
10,9637	-42,408	100,9700
10,9595	-42,410	100,9750
10,9620	-42,412	100,9800
10,9630	-42,414	100,9850
10,9540	-42,417	100,9900
10,9622	-42,419	100,9950
10,9701	-42,421	101,0000
10,9673	-42,423	101,0050
10,9657	-42,425	101,0100
10,9624	-42,427	101,0150
10,9532	-42,429	101,0200
10,9578	-42,431	101,0250
10,9665	-42,433	101,0300
10,9578	-42,435	101,0350
10,9600	-42,438	101,0400
10,9664	-42,440	101,0450
10,9640	-42,442	101,0500
10,9633	-42,444	101,0550
10,9723	-42,446	101,0600
10,9731	-42,448	101,0650
10,9676	-42,450	101,0700
10,9735	-42,452	101,0750
10,9722	-42,454	101,0800
10,9624	-42,456	101,0850
10,9676	-42,459	101,0900
10,9751	-42,461	101,0950
10,9697	-42,463	101,1000
10,9684	-42,465	101,1050
10,9752	-42,467	101,1100
10,9787	-42,469	101,1150
10,9702	-42,471	101,1200
10,9725	-42,473	101,1250
10,9697	-42,475	101,1300
10,9675	-42,477	101,1350
10,9755	-42,480	101,1400
10,9759	-42,482	101,1450
10,9770	-42,484	101,1500
10,9858	-42,486	101,1550
10,9812	-42,488	101,1600
10,9760	-42,490	101,1650
10,9826	-42,492	101,1700
10,9868	-42,494	101,1750
10,9841	-42,496	101,1800
10,9894	-42,498	101,1850
10,9908	-42,501	101,1900
10,9784	-42,503	101,1950
10,9738	-42,505	101,2000
10,9868	-42,507	101,2050
10,9881	-42,509	101,2100
10,9863	-42,511	101,2150
10,9874	-42,513	101,2200
10,9878	-42,515	101,2250
10,9906	-42,517	101,2300
10,9943	-42,519	101,2350
10,9885	-42,522	101,2400
10,9882	-42,524	101,2450
10,9944	-42,526	101,2500
10,9891	-42,528	101,2550
10,9838	-42,530	101,2600
10,9888	-42,532	101,2650
11,0000	-42,534	101,2700
10,9954	-42,536	101,2750
11,0001	-42,538	101,2800
11,0003	-42,540	101,2850
10,9956	-42,543	101,2900
10,9960	-42,545	101,2950
11,0079	-42,547	101,3000
11,0077	-42,549	101,3050
10,9999	-42,551	101,3100
11,0073	-42,553	101,3150
10,9976	-42,555	101,3200
10,9853	-42,557	101,3250
10,9930	-42,559	101,3300
10,9933	-42,561	101,3350
10,9920	-42,564	101,3400
11,0028	-42,566	101,3450
11,0029	-42,568	101,3500
10,9928	-42,570	101,3550
10,9994	-42,572	101,3600
11,0085	-42,574	101,3650
11,0049	-42,576	101,3700
11,0066	-42,578	101,3750
11,0065	-42,580	101,3800
10,9982	-42,582	101,3850
11,0041	-42,585	101,3900
11,0127	-42,587	101,3950
11,0138	-42,589	101,4000
11,0140	-42,591	101,4050
11,0171	-42,593	101,4100
11,0217	-42,595	101,4150
11,0175	-42,597	101,4200
11,0158	-42,599	101,4250
11,0073	-42,601	101,4300
10,9987	-42,603	101,4350
11,0059	-42,606	101,4400
11,0127	-42,608	101,4450
11,0028	-42,610	101,4500
11,0065	-42,612	101,4550
11,0171	-42,614	101,4600
11,0141	-42,616	101,4650
11,0174	-42,618	101,4700
11,0208	-42,620	101,4750
11,0115	-42,622	101,4800
11,0077	-42,624	101,4850
11,0137	-42,627	101,4900
11,0135	-42,629	101,4950
11,0151	-42,631	101,5000
11,0231	-42,633	101,5050
11,0228	-42,635	101,5100
11,0174	-42,637	101,5150
11,0292	-42,639	101,5200
11,0319	-42,641	101,5250
11,0191	-42,643	101,5300
11,0140	-42,645	101,5350
11,0238	-42,648	101,5400
11,0207	-42,650	101,5450
11,0247	-42,652	101,5500
11,0311	-42,654	101,5550
11,0193	-42,656	101,5600
11,0232	-42,658	101,5650
11,0236	-42,660	101,5700
11,0174	-42,662	101,5750
11,0215	-42,664	101,5800
11,0282	-42,666	101,5850
11,0245	-42,669	101,5900
11,0254	-42,671	101,5950
11,0345	-42,673	101,6000
11,0266	-42,675	101,6050
11,0205	-42,677	101,6100
11,0322	-42,679	101,6150
11,0307	-42,681	101,6200
11,0248	-42,683	101,6250
11,0336	-42,685	101,6300
11,0415	-42,687	101,6350
11,0335	-42,690	101,6400
11,0235	-42,692	101,6450
11,0274	-42,694	101,6500
11,0251	-42,696	101,6550
11,0359	-42,698	101,6600
11,0439	-42,700	101,6650
11,0306	-42,702	101,6700
11,0293	-42,704	101,6750
11,0392	-42,706	101,6800
11,0399	-42,708	101,6850
11,0383	-42,711	101,6900
11,0444	-42,713	101,6950
11,0411	-42,715	101,7000
11,0370	-42,717	101,7050
11,0410	-42,719	101,7100
11,0388	-42,721	101,7150
11,0341	-42,723	101,7200
11,0387	-42,725	101,7250
11,0410	-42,727	101,7300
11,0370	-42,729	101,7350
11,0408	-42,732	101,7400
11,0470	-42,734	101,7450
11,0355	-42,736	101,7500
11,0479	-42,738	101,7550
11,0604	-42,740	101,7600
11,0463	-42,742	101,7650
11,0417	-42,744	101,7700
11,0508	-42,746	101,7750
11,0491	-42,748	101,7800
11,0486	-42,750	101,7850
11,0534	-42,753	101,7900
11,0555	-42,755	101,7950
11,0565	-42,757	101,8000
11,0608	-42,759	101,8050
11,0546	-42,761	101,8100
11,0451	-42,763	101,8150
11,0554	-42,765	101,8200
11,0603	-42,767	101,8250
11,0554	-42,769	101,8300
11,0485	-42,771	101,8350
11,0608	-42,774	101,8400
11,0609	-42,776	101,8450
11,0516	-42,778	101,8500
11,0594	-42,780	101,8550
11,0502	-42,782	101,8600
11,0435	-42,784	101,8650
11,0634	-42,786	101,8700
11,0616	-42,788	101,8750
11,0593	-42,790	101,8800
11,0661	-42,792	101,8850
11,0697	-42,795	101,8900
11,0561	-42,797	101,8950
11,0638	-42,799	101,9000
11,0718	-42,801	101,9050
11,0639	-42,803	101,9100
11,0623	-42,805	101,9150
11,0678	-42,807	101,9200
11,0599	-42,809	101,9250
11,0552	-42,811	101,9300
11,0644	-42,813	101,9350
11,0661	-42,816	101,9400
11,0675	-42,818	101,9450
11,0759	-42,820	101,9500
11,0706	-42,822	101,9550
11,0621	-42,824	101,9600
11,0744	-42,826	101,9650
11,0807	-42,828	101,9700
11,0728	-42,830	101,9750
11,0763	-42,832	101,9800
11,0751	-42,834	101,9850
11,0704	-42,837	101,9900
11,0759	-42,839	101,9950
11,0798	-42,841	102,0000
11,0753	-42,843	102,0050
11,0737	-42,845	102,0100
11,0746	-42,847	102,0150
11,0750	-42,849	102,0200
11,0745	-42,851	102,0250
11,0816	-42,853	102,0300
11,0783	-42,855	102,0350
11,0778	-42,858	102,0400
11,0864	-42,860	102,0450
11,0816	-42,862	102,0500
11,0728	-42,864	102,0550
11,0831	-42,866	102,0600
11,0771	-42,868	102,0650
11,0713	-42,870	102,0700
11,0786	-42,872	102,0750
11,0869	-42,874	102,0800
11,0802	-42,876	102,0850
11,0849	-42,879	102,0900
11,0799	-42,881	102,0950
11,0733	-42,883	102,1000
11,0827	-42,885	102,1050
11,0924	-42,887	102,1100
11,0917	-42,889	102,1150
11,0870	-42,891	102,1200
11,0933	-42,893	102,1250
11,0909	-42,895	102,1300
11,0924	-42,897	102,1350
11,0986	-42,900	102,1400
11,0918	-42,902	102,1450
11,0873	-42,904	102,1500
11,1019	-42,906	102,1550
11,1007	-42,908	102,1600
11,0919	-42,910	102,1650
11,0859	-42,912	102,1700
11,0914	-42,914	102,1750
11,0888	-42,916	102,1800
11,0937	-42,918	102,1850
11,0946	-42,921	102,1900
11,0857	-42,923	102,1950
11,0919	-42,925	102,2000
11,0969	-42,927	102,2050
11,0857	-42,929	102,2100
11,0835	-42,931	102,2150
11,0972	-42,933	102,2200
11,0993	-42,935	102,2250
11,1000	-42,937	102,2300
11,1069	-42,939	102,2350
11,1001	-42,942	102,2400
11,0957	-42,944	102,2450
11,1050	-42,946	102,2500
11,0981	-42,948	102,2550
11,0920	-42,950	102,2600
11,1006	-42,952	102,2650
11,1156	-42,954	102,2700
11,1106	-42,956	102,2750
11,1101	-42,958	102,2800
11,1077	-42,960	102,2850
11,1033	-42,963	102,2900
11,1088	-42,965	102,2950
11,1171	-42,967	102,3000
11,1085	-42,969	102,3050
11,0982	-42,971	102,3100
11,1040	-42,973	102,3150
11,1049	-42,975	102,3200
11,1016	-42,977	102,3250
11,1117	-42,979	102,3300
11,1135	-42,981	102,3350
11,1087	-42,984	102,3400
11,1137	-42,986	102,3450
11,1157	-42,988	102,3500
11,1026	-42,990	102,3550
11,1012	-42,992	102,3600
11,1124	-42,994	102,3650
11,1088	-42,996	102,3700
11,1137	-42,998	102,3750
11,1108	-43,000	102,3800
11,1027	-43,002	102,3850
11,1120	-43,005	102,3900
11,1179	-43,007	102,3950
11,1200	-43,009	102,4000
11,1246	-43,011	102,4050
11,1217	-43,013	102,4100
11,1161	-43,015	102,4150
11,1132	-43,017	102,4200
11,1231	-43,019	102,4250
11,1183	-43,021	102,4300
11,1113	-43,023	102,4350
11,1254	-43,026	102,4400
11,1305	-43,028	102,4450
11,1243	-43,030	102,4500
11,1244	-43,032	102,4550
11,1267	-43,034	102,4600
11,1160	-43,036	102,4650
11,1113	-43,038	102,4700
11,1219	-43,040	102,4750
11,1248	-43,042	102,4800
11,1228	-43,044	102,4850
11,1254	-43,047	102,4900
11,1269	-43,049	102,4950
11,1230	-43,051	102,5000
11,1218	-43,053	102,5050
11,1242	-43,055	102,5100
11,1277	-43,057	102,5150
11,1387	-43,059	102,5200
11,1351	-43,061	102,5250
11,1145	-43,063	102,5300
11,1205	-43,065	102,5350
11,1296	-43,068	102,5400
11,1332	-43,070	102,5450
11,1336	-43,072	102,5500
11,1366	-43,074	102,5550
11,1278	-43,076	102,5600
11,1260	-43,078	102,5650
11,1343	-43,080	102,5700
11,1326	-43,082	102,5750
11,1370	-43,084	102,5800
11,1433	-43,086	102,5850
11,1399	-43,089	102,5900
11,1375	-43,091	102,5950
11,1399	-43,093	102,6000
11,1368	-43,095	102,6050
11,1348	-43,097	102,6100
11,1446	-43,099	102,6150
11,1444	-43,101	102,6200
11,1374	-43,103	102,6250
11,1403	-43,105	102,6300
11,1425	-43,107	102,6350
11,1393	-43,110	102,6400
11,1409	-43,112	102,6450
11,1558	-43,114	102,6500
11,1488	-43,116	102,6550
11,1421	-43,118	102,6600
11,1445	-43,120	102,6650
11,1391	-43,122	102,6700
11,1399	-43,124	102,6750
11,1467	-43,126	102,6800
11,1399	-43,128	102,6850
11,1413	-43,131	102,6900
11,1525	-43,133	102,6950
11,1551	-43,135	102,7000
11,1462	-43,137	102,7050
11,1533	-43,139	102,7100
11,1562	-43,141	102,7150
11,1464	-43,143	102,7200
11,1517	-43,145	102,7250
11,1541	-43,147	102,7300
11,1501	-43,149	102,7350
11,1490	-43,152	102,7400
11,1546	-43,154	102,7450
11,1489	-43,156	102,7500
11,1524	-43,158	102,7550
11,1604	-43,160	102,7600
11,1551	-43,162	102,7650
11,1501	-43,164	102,7700
11,1603	-43,166	102,7750
11,1559	-43,168	102,7800
11,1515	-43,170	102,7850
11,1576	-43,173	102,7900
11,1612	-43,175	102,7950
11,1591	-43,177	102,8000
11,1620	-43,179	102,8050
11,1621	-43,181	102,8100
11,1574	-43,183	102,8150
11,1607	-43,185	102,8200
11,1643	-43,187	102,8250
11,1656	-43,189	102,8300
11,1603	-43,191	102,8350
11,1669	-43,194	102,8400
11,1647	-43,196	102,8450
11,1605	-43,198	102,8500
11,1666	-43,200	102,8550
11,1604	-43,202	102,8600
11,1594	-43,204	102,8650
11,1727	-43,206	102,8700
11,1679	-43,208	102,8750
11,1653	-43,210	102,8800
11,1731	-43,212	102,8850
11,1780	-43,215	102,8900
11,1739	-43,217	102,8950
11,1780	-43,219	102,9000
11,1727	-43,221	102,9050
11,1651	-43,223	102,9100
11,1710	-43,225	102,9150
11,1744	-43,227	102,9200
11,1758	-43,229	102,9250
11,1786	-43,231	102,9300
11,1848	-43,233	102,9350
11,1801	-43,236	102,9400
11,1767	-43,238	102,9450
11,1857	-43,240	102,9500
11,1789	-43,242	102,9550
11,1719	-43,244	102,9600
11,1808	-43,246	102,9650
11,1832	-43,248	102,9700
11,1736	-43,250	102,9750
11,1772	-43,252	102,9800
11,1850	-43,254	102,9850
11,1823	-43,257	102,9900
11,1845	-43,259	102,9950
11,1819	-43,261	103,0000
11,1737	-43,263	103,0050
11,1810	-43,265	103,0100
11,1874	-43,267	103,0150
11,1825	-43,269	103,0200
11,1811	-43,271	103,0250
11,1940	-43,273	103,0300
11,1867	-43,275	103,0350
11,1768	-43,278	103,0400
11,1825	-43,280	103,0450
11,1856	-43,282	103,0500
11,1878	-43,284	103,0550
11,1977	-43,286	103,0600
11,1935	-43,288	103,0650
11,1873	-43,290	103,0700
11,1868	-43,292	103,0750
11,1949	-43,294	103,0800
11,1855	-43,296	103,0850
11,1932	-43,299	103,0900
11,1996	-43,301	103,0950
11,1834	-43,303	103,1000
11,1912	-43,305	103,1050
11,2087	-43,307	103,1100
11,2098	-43,309	103,1150
11,2044	-43,311	103,1200
11,2022	-43,313	103,1250
11,1945	-43,315	103,1300
11,1936	-43,317	103,1350
11,1956	-43,320	103,1400
11,1927	-43,322	103,1450
11,1883	-43,324	103,1500
11,2010	-43,326	103,1550
11,2042	-43,328	103,1600
11,2002	-43,330	103,1650
11,1975	-43,332	103,1700
11,2016	-43,334	103,1750
11,1935	-43,336	103,1800
11,1990	-43,338	103,1850
11,2108	-43,341	103,1900
11,2080	-43,343	103,1950
11,2060	-43,345	103,2000
11,2112	-43,347	103,2050
11,2016	-43,349	103,2100
11,1975	-43,351	103,2150
11,2071	-43,353	103,2200
11,2053	-43,355	103,2250
11,2045	-43,357	103,2300
11,2158	-43,359	103,2350
11,2195	-43,362	103,2400
11,2128	-43,364	103,2450
11,2180	-43,366	103,2500
11,2119	-43,368	103,2550
11,1980	-43,370	103,2600
11,2051	-43,372	103,2650
11,2120	-43,374	103,2700
11,2054	-43,376	103,2750
11,2110	-43,378	103,2800
11,2169	-43,380	103,2850
11,2145	-43,383	103,2900
11,2173	-43,385	103,2950
11,2191	-43,387	103,3000
11,2145	-43,389	103,3050
11,2144	-43,391	103,3100
11,2252	-43,393	103,3150
11,2256	-43,395	103,3200
11,2171	-43,397	103,3250
11,2205	-43,399	103,3300
11,2228	-43,401	103,3350
11,2229	-43,404	103,3400
11,2324	-43,406	103,3450
11,2271	-43,408	103,3500
11,2165	-43,410	103,3550
11,2180	-43,412	103,3600
11,2248	-43,414	103,3650
11,2208	-43,416	103,3700
11,2284	-43,418	103,3750
11,2274	-43,420	103,3800
11,2078	-43,422	103,3850
11,2119	-43,425	103,3900
11,2289	-43,427	103,3950
11,2311	-43,429	103,4000
11,2307	-43,431	103,4050
11,2375	-43,433	103,4100
11,2314	-43,435	103,4150
11,2219	-43,437	103,4200
11,2286	-43,439	103,4250
11,2305	-43,441	103,4300
11,2235	-43,443	103,4350
11,2312	-43,446	103,4400
11,2311	-43,448	103,4450
11,2243	-43,450	103,4500
11,2324	-43,452	103,4550
11,2359	-43,454	103,4600
11,2297	-43,456	103,4650
11,2369	-43,458	103,4700
11,2359	-43,460	103,4750
11,2231	-43,462	103,4800
11,2252	-43,464	103,4850
11,2383	-43,467	103,4900
11,2383	-43,469	103,4950
11,2357	-43,471	103,5000
11,2461	-43,473	103,5050
11,2435	-43,475	103,5100
11,2351	-43,477	103,5150
11,2413	-43,479	103,5200
11,2468	-43,481	103,5250
11,2402	-43,483	103,5300
11,2445	-43,485	103,5350
11,2443	-43,488	103,5400
11,2370	-43,490	103,5450
11,2415	-43,492	103,5500
11,2505	-43,494	103,5550
11,2410	-43,496	103,5600
11,2415	-43,498	103,5650
11,2458	-43,500	103,5700
11,2361	-43,502	103,5750
11,2368	-43,504	103,5800
11,2514	-43,506	103,5850
11,2523	-43,509	103,5900
11,2483	-43,511	103,5950
11,2547	-43,513	103,6000
11,2562	-43,515	103,6050
11,2483	-43,517	103,6100
11,2530	-43,519	103,6150
11,2575	-43,521	103,6200
11,2515	-43,523	103,6250
11,2533	-43,525	103,6300
11,2498	-43,527	103,6350
11,2472	-43,530	103,6400
11,2514	-43,532	103,6450
11,2569	-43,534	103,6500
11,2567	-43,536	103,6550
11,2599	-43,538	103,6600
11,2594	-43,540	103,6650
11,2545	-43,542	103,6700
11,2501	-43,544	103,6750
11,2622	-43,546	103,6800
11,2627	-43,548	103,6850
11,2584	-43,551	103,6900
11,2609	-43,553	103,6950
11,2594	-43,555	103,7000
11,2602	-43,557	103,7050
11,2693	-43,559	103,7100
11,2748	-43,561	103,7150
11,2667	-43,563	103,7200
11,2652	-43,565	103,7250
11,2639	-43,567	103,7300
11,2575	-43,569	103,7350
11,2563	-43,572	103,7400
11,2626	-43,574	103,7450
11,2621	-43,576	103,7500
11,2707	-43,578	103,7550
11,2806	-43,580	103,7600
11,2705	-43,582	103,7650
11,2617	-43,584	103,7700
11,2706	-43,586	103,7750
11,2762	-43,588	103,7800
11,2738	-43,590	103,7850
11,2714	-43,593	103,7900
11,2733	-43,595	103,7950
11,2615	-43,597	103,8000
11,2601	-43,599	103,8050
11,2656	-43,601	103,8100
11,2680	-43,603	103,8150
11,2788	-43,605	103,8200
11,2773	-43,607	103,8250
11,2648	-43,609	103,8300
11,2720	-43,611	103,8350
11,2906	-43,614	103,8400
11,2852	-43,616	103,8450
11,2860	-43,618	103,8500
11,2906	-43,620	103,8550
11,2824	-43,622	103,8600
11,2808	-43,624	103,8650
11,2890	-43,626	103,8700
11,2871	-43,628	103,8750
11,2841	-43,630	103,8800
11,2857	-43,632	103,8850
11,2846	-43,635	103,8900
11,2791	-43,637	103,8950
11,2843	-43,639	103,9000
11,2809	-43,641	103,9050
11,2728	-43,643	103,9100
11,2834	-43,645	103,9150
11,2932	-43,647	103,9200
11,2866	-43,649	103,9250
11,2829	-43,651	103,9300
11,2941	-43,653	103,9350
11,2899	-43,656	103,9400
11,2857	-43,658	103,9450
11,2926	-43,660	103,9500
11,2865	-43,662	103,9550
11,2830	-43,664	103,9600
11,2921	-43,666	103,9650
11,2880	-43,668	103,9700
11,2807	-43,670	103,9750
11,2878	-43,672	103,9800
11,2916	-43,674	103,9850
11,2823	-43,677	103,9900
11,2860	-43,679	103,9950
11,2897	-43,681	104,0000
11,2832	-43,683	104,0050
11,2913	-43,685	104,0100
11,2963	-43,687	104,0150
11,2937	-43,689	104,0200
11,2906	-43,691	104,0250
11,2966	-43,693	104,0300
11,2870	-43,695	104,0350
11,2884	-43,698	104,0400
11,3021	-43,700	104,0450
11,3020	-43,702	104,0500
11,3015	-43,704	104,0550
11,3062	-43,706	104,0600
11,3024	-43,708	104,0650
11,3022	-43,710	104,0700
11,3060	-43,712	104,0750
11,3111	-43,714	104,0800
11,3005	-43,716	104,0850
11,3041	-43,719	104,0900
11,3066	-43,721	104,0950
11,3010	-43,723	104,1000
11,3029	-43,725	104,1050
11,3087	-43,727	104,1100
11,3048	-43,729	104,1150
11,3027	-43,731	104,1200
11,3120	-43,733	104,1250
11,3100	-43,735	104,1300
11,3101	-43,737	104,1350
11,3175	-43,740	104,1400
11,3106	-43,742	104,1450
11,2991	-43,744	104,1500
11,3098	-43,746	104,1550
11,3151	-43,748	104,1600
11,3111	-43,750	104,1650
11,3114	-43,752	104,1700
11,3172	-43,754	104,1750
11,3102	-43,756	104,1800
11,3156	-43,758	104,1850
11,3180	-43,761	104,1900
11,3116	-43,763	104,1950
11,3202	-43,765	104,2000
11,3277	-43,767	104,2050
11,3153	-43,769	104,2100
11,3021	-43,771	104,2150
11,3125	-43,773	104,2200
11,3123	-43,775	104,2250
11,3112	-43,777	104,2300
11,3202	-43,779	104,2350
11,3206	-43,782	104,2400
11,3143	-43,784	104,2450
11,3230	-43,786	104,2500
11,3232	-43,788	104,2550
11,3185	-43,790	104,2600
11,3217	-43,792	104,2650
11,3243	-43,794	104,2700
11,3084	-43,796	104,2750
11,3129	-43,798	104,2800
11,3246	-43,800	104,2850
11,3235	-43,803	104,2900
11,3252	-43,805	104,2950
11,3301	-43,807	104,3000
11,3282	-43,809	104,3050
11,3256	-43,811	104,3100
11,3284	-43,813	104,3150
11,3289	-43,815	104,3200
11,3318	-43,817	104,3250
11,3429	-43,819	104,3300
11,3342	-43,821	104,3350
11,3232	-43,824	104,3400
11,3311	-43,826	104,3450
11,3332	-43,828	104,3500
11,3285	-43,830	104,3550
11,3349	-43,832	104,3600
11,3438	-43,834	104,3650
11,3343	-43,836	104,3700
11,3399	-43,838	104,3750
11,3425	-43,840	104,3800
11,3334	-43,842	104,3850
11,3336	-43,845	104,3900
11,3428	-43,847	104,3950
11,3413	-43,849	104,4000
11,3347	-43,851	104,4050
11,3410	-43,853	104,4100
11,3455	-43,855	104,4150
11,3394	-43,857	104,4200
11,3438	-43,859	104,4250
11,3470	-43,861	104,4300
11,3383	-43,863	104,4350
11,3441	-43,866	104,4400
11,3455	-43,868	104,4450
11,3418	-43,870	104,4500
11,3374	-43,872	104,4550
11,3510	-43,874	104,4600
11,3463	-43,876	104,4650
11,3403	-43,878	104,4700
11,3464	-43,880	104,4750
11,3486	-43,882	104,4800
11,3438	-43,884	104,4850
11,3522	-43,887	104,4900
11,3460	-43,889	104,4950
11,3429	-43,891	104,5000
11,3498	-43,893	104,5050
11,3513	-43,895	104,5100
11,3488	-43,897	104,5150
11,3603	-43,899	104,5200
11,3527	-43,901	104,5250
11,3406	-43,903	104,5300
11,3495	-43,905	104,5350
11,3539	-43,908	104,5400
11,3526	-43,910	104,5450
11,3561	-43,912	104,5500
11,3628	-43,914	104,5550
11,3532	-43,916	104,5600
11,3543	-43,918	104,5650
11,3548	-43,920	104,5700
11,3523	-43,922	104,5750
11,3581	-43,924	104,5800
11,3706	-43,926	104,5850
11,3648	-43,929	104,5900
11,3572	-43,931	104,5950
11,3613	-43,933	104,6000
11,3625	-43,935	104,6050
11,3543	-43,937	104,6100
11,3659	-43,939	104,6150
11,3667	-43,941	104,6200
11,3575	-43,943	104,6250
11,3669	-43,945	104,6300
11,3684	-43,947	104,6350
11,3609	-43,950	104,6400
11,3635	-43,952	104,6450
11,3749	-43,954	104,6500
11,3677	-43,956	104,6550
11,3673	-43,958	104,6600
11,3739	-43,960	104,6650
11,3617	-43,962	104,6700
11,3636	-43,964	104,6750
11,3735	-43,966	104,6800
11,3715	-43,968	104,6850
11,3623	-43,971	104,6900
11,3733	-43,973	104,6950
11,3725	-43,975	104,7000
11,3669	-43,977	104,7050
11,3755	-43,979	104,7100
11,3782	-43,981	104,7150
11,3741	-43,983	104,7200
11,3773	-43,985	104,7250
11,3780	-43,987	104,7300
11,3741	-43,989	104,7350
11,3712	-43,992	104,7400
11,3737	-43,994	104,7450
11,3718	-43,996	104,7500
11,3746	-43,998	104,7550
11,3793	-44,000	104,7600
11,3726	-44,002	104,7650
11,3716	-44,004	104,7700
11,3838	-44,006	104,7750
11,3780	-44,008	104,7800
11,3708	-44,010	104,7850
11,3824	-44,013	104,7900
11,3857	-44,015	104,7950
11,3771	-44,017	104,8000
11,3809	-44,019	104,8050
11,3803	-44,021	104,8100
11,3745	-44,023	104,8150
11,3804	-44,025	104,8200
11,3879	-44,027	104,8250
11,3847	-44,029	104,8300
11,3862	-44,031	104,8350
11,3944	-44,034	104,8400
11,3878	-44,036	104,8450
11,3855	-44,038	104,8500
11,3941	-44,040	104,8550
11,3916	-44,042	104,8600
11,3882	-44,044	104,8650
11,3959	-44,046	104,8700
11,3897	-44,048	104,8750
11,3796	-44,050	104,8800
11,3946	-44,052	104,8850
11,3960	-44,055	104,8900
11,3902	-44,057	104,8950
11,3937	-44,059	104,9000
11,3939	-44,061	104,9050
11,3826	-44,063	104,9100
11,3855	-44,065	104,9150
11,3940	-44,067	104,9200
11,3968	-44,069	104,9250
11,3985	-44,071	104,9300
11,4075	-44,073	104,9350
11,3999	-44,076	104,9400
11,3913	-44,078	104,9450
11,3931	-44,080	104,9500
11,3903	-44,082	104,9550
11,3879	-44,084	104,9600
11,3988	-44,086	104,9650
11,3998	-44,088	104,9700
11,3936	-44,090	104,9750
11,4006	-44,092	104,9800
11,4080	-44,094	104,9850
11,4010	-44,097	104,9900
11,4048	-44,099	104,9950
11,4112	-44,101	105,0000
11,4097	-44,103	105,0050
11,4133	-44,105	105,0100
11,4180	-44,107	105,0150
11,4068	-44,109	105,0200
11,3994	-44,111	105,0250
11,4084	-44,113	105,0300
11,4017	-44,115	105,0350
11,3996	-44,118	105,0400
11,4112	-44,120	105,0450
11,4123	-44,122	105,0500
11,4060	-44,124	105,0550
11,4125	-44,126	105,0600
11,4150	-44,128	105,0650
11,4104	-44,130	105,0700
11,4136	-44,132	105,0750
11,4179	-44,134	105,0800
11,4118	-44,136	105,0850
11,4168	-44,139	105,0900
11,4228	-44,141	105,0950
11,4124	-44,143	105,1000
11,4131	-44,145	105,1050
11,4167	-44,147	105,1100
11,4088	-44,149	105,1150
11,4065	-44,151	105,1200
11,4147	-44,153	105,1250
11,4104	-44,155	105,1300
11,4112	-44,157	105,1350
11,4187	-44,160	105,1400
11,4166	-44,162	105,1450
11,4158	-44,164	105,1500
11,4309	-44,166	105,1550
11,4318	-44,168	105,1600
11,4242	-44,170	105,1650
11,4278	-44,172	105,1700
11,4287	-44,174	105,1750
11,4222	-44,176	105,1800
11,4229	-44,178	105,1850
11,4242	-44,181	105,1900
11,4202	-44,183	105,1950
11,4211	-44,185	105,2000
11,4249	-44,187	105,2050
11,4263	-44,189	105,2100
11,4193	-44,191	105,2150
11,4297	-44,193	105,2200
11,4293	-44,195	105,2250
11,4254	-44,197	105,2300
11,4412	-44,199	105,2350
11,4351	-44,202	105,2400
11,4215	-44,204	105,2450
11,4352	-44,206	105,2500
11,4435	-44,208	105,2550
11,4322	-44,210	105,2600
11,4310	-44,212	105,2650
11,4396	-44,214	105,2700
11,4337	-44,216	105,2750
11,4387	-44,218	105,2800
11,4387	-44,220	105,2850
11,4345	-44,223	105,2900
11,4339	-44,225	105,2950
11,4345	-44,227	105,3000
11,4347	-44,229	105,3050
11,4346	-44,231	105,3100
11,4404	-44,233	105,3150
11,4360	-44,235	105,3200
11,4344	-44,237	105,3250
11,4432	-44,239	105,3300
11,4445	-44,241	105,3350
11,4372	-44,244	105,3400
11,4411	-44,246	105,3450
11,4397	-44,248	105,3500
11,4393	-44,250	105,3550
11,4411	-44,252	105,3600
11,4462	-44,254	105,3650
11,4396	-44,256	105,3700
11,4444	-44,258	105,3750
11,4501	-44,260	105,3800
11,4400	-44,262	105,3850
11,4391	-44,265	105,3900
11,4458	-44,267	105,3950
11,4462	-44,269	105,4000
11,4451	-44,271	105,4050
11,4535	-44,273	105,4100
11,4564	-44,275	105,4150
11,4549	-44,277	105,4200
11,4616	-44,279	105,4250
11,4622	-44,281	105,4300
11,4553	-44,283	105,4350
11,4493	-44,286	105,4400
11,4493	-44,288	105,4450
11,4525	-44,290	105,4500
11,4556	-44,292	105,4550
11,4641	-44,294	105,4600
11,4549	-44,296	105,4650
11,4567	-44,298	105,4700
11,4619	-44,300	105,4750
11,4478	-44,302	105,4800
11,4494	-44,304	105,4850
11,4639	-44,307	105,4900
11,4691	-44,309	105,4950
11,4612	-44,311	105,5000
11,4642	-44,313	105,5050
11,4669	-44,315	105,5100
11,4697	-44,317	105,5150
11,4743	-44,319	105,5200
11,4709	-44,321	105,5250
11,4648	-44,323	105,5300
11,4729	-44,325	105,5350
11,4782	-44,328	105,5400
11,4682	-44,330	105,5450
11,4584	-44,332	105,5500
11,4628	-44,334	105,5550
11,4603	-44,336	105,5600
11,4622	-44,338	105,5650
11,4765	-44,340	105,5700
11,4703	-44,342	105,5750
11,4652	-44,344	105,5800
11,4694	-44,346	105,5850
11,4698	-44,349	105,5900
11,4721	-44,351	105,5950
11,4749	-44,353	105,6000
11,4658	-44,355	105,6050
11,4594	-44,357	105,6100
11,4752	-44,359	105,6150
11,4773	-44,361	105,6200
11,4693	-44,363	105,6250
11,4684	-44,365	105,6300
11,4676	-44,367	105,6350
11,4641	-44,370	105,6400
11,4671	-44,372	105,6450
11,4806	-44,374	105,6500
11,4796	-44,376	105,6550
11,4812	-44,378	105,6600
11,4923	-44,380	105,6650
11,4809	-44,382	105,6700
11,4730	-44,384	105,6750
11,4817	-44,386	105,6800
11,4828	-44,388	105,6850
11,4793	-44,391	105,6900
11,4872	-44,393	105,6950
11,4838	-44,395	105,7000
11,4742	-44,397	105,7050
11,4833	-44,399	105,7100
11,4927	-44,401	105,7150
11,4852	-44,403	105,7200
11,4819	-44,405	105,7250
11,4892	-44,407	105,7300
11,4884	-44,409	105,7350
11,4837	-44,412	105,7400
11,4828	-44,414	105,7450
11,4840	-44,416	105,7500
11,4928	-44,418	105,7550
11,5010	-44,420	105,7600
11,4926	-44,422	105,7650
11,4874	-44,424	105,7700
11,4905	-44,426	105,7750
11,4841	-44,428	105,7800
11,4823	-44,430	105,7850
11,4924	-44,433	105,7900
11,4982	-44,435	105,7950
11,4924	-44,437	105,8000
11,4957	-44,439	105,8050
11,4981	-44,441	105,8100
11,4974	-44,443	105,8150
11,5056	-44,445	105,8200
11,5058	-44,447	105,8250
11,4935	-44,449	105,8300
11,4942	-44,451	105,8350
11,5027	-44,454	105,8400
11,4975	-44,456	105,8450
11,4977	-44,458	105,8500
11,5041	-44,460	105,8550
11,5007	-44,462	105,8600
11,4934	-44,464	105,8650
11,5048	-44,466	105,8700
11,5049	-44,468	105,8750
11,5002	-44,470	105,8800
11,5031	-44,472	105,8850
11,5036	-44,475	105,8900
11,5003	-44,477	105,8950
11,5112	-44,479	105,9000
11,5172	-44,481	105,9050
11,5091	-44,483	105,9100
11,5086	-44,485	105,9150
11,5090	-44,487	105,9200
11,4953	-44,489	105,9250
11,4985	-44,491	105,9300
11,5126	-44,493	105,9350
11,5125	-44,496	105,9400
11,5150	-44,498	105,9450
11,5268	-44,500	105,9500
11,5182	-44,502	105,9550
11,5061	-44,504	105,9600
11,5066	-44,506	105,9650
11,5041	-44,508	105,9700
11,5024	-44,510	105,9750
11,5076	-44,512	105,9800
11,5147	-44,514	105,9850
11,5141	-44,517	105,9900
11,5157	-44,519	105,9950
11,5177	-44,521	106,0000
11,5101	-44,523	106,0050
11,5179	-44,525	106,0100
11,5221	-44,527	106,0150
11,5180	-44,529	106,0200
11,5166	-44,531	106,0250
11,5249	-44,533	106,0300
11,5235	-44,535	106,0350
11,5246	-44,538	106,0400
11,5306	-44,540	106,0450
11,5266	-44,542	106,0500
11,5241	-44,544	106,0550
11,5329	-44,546	106,0600
11,5325	-44,548	106,0650
11,5268	-44,550	106,0700
11,5315	-44,552	106,0750
11,5351	-44,554	106,0800
11,5224	-44,556	106,0850
11,5267	-44,559	106,0900
11,5292	-44,561	106,0950
11,5239	-44,563	106,1000
11,5294	-44,565	106,1050
11,5323	-44,567	106,1100
11,5269	-44,569	106,1150
11,5275	-44,571	106,1200
11,5329	-44,573	106,1250
11,5292	-44,575	106,1300
11,5253	-44,577	106,1350
11,5308	-44,580	106,1400
11,5298	-44,582	106,1450
11,5303	-44,584	106,1500
11,5378	-44,586	106,1550
11,5344	-44,588	106,1600
11,5359	-44,590	106,1650
11,5373	-44,592	106,1700
11,5406	-44,594	106,1750
11,5353	-44,596	106,1800
11,5497	-44,598	106,1850
11,5506	-44,601	106,1900
11,5434	-44,603	106,1950
11,5466	-44,605	106,2000
11,5475	-44,607	106,2050
11,5392	-44,609	106,2100
11,5367	-44,611	106,2150
11,5489	-44,613	106,2200
11,5508	-44,615	106,2250
11,5501	-44,617	106,2300
11,5555	-44,619	106,2350
11,5526	-44,622	106,2400
11,5463	-44,624	106,2450
11,5517	-44,626	106,2500
11,5548	-44,628	106,2550
11,5504	-44,630	106,2600
11,5474	-44,632	106,2650
11,5442	-44,634	106,2700
11,5333	-44,636	106,2750
11,5404	-44,638	106,2800
11,5437	-44,640	106,2850
11,5399	-44,643	106,2900
11,5420	-44,645	106,2950
11,5482	-44,647	106,3000
11,5460	-44,649	106,3050
11,5430	-44,651	106,3100
11,5539	-44,653	106,3150
11,5610	-44,655	106,3200
11,5539	-44,657	106,3250
11,5531	-44,659	106,3300
11,5495	-44,661	106,3350
11,5489	-44,664	106,3400
11,5649	-44,666	106,3450
11,5654	-44,668	106,3500
11,5600	-44,670	106,3550
11,5651	-44,672	106,3600
11,5711	-44,674	106,3650
11,5626	-44,676	106,3700
11,5622	-44,678	106,3750
11,5579	-44,680	106,3800
11,5534	-44,682	106,3850
11,5579	-44,685	106,3900
11,5680	-44,687	106,3950
11,5611	-44,689	106,4000
11,5616	-44,691	106,4050
11,5687	-44,693	106,4100
11,5621	-44,695	106,4150
11,5536	-44,697	106,4200
11,5698	-44,699	106,4250
11,5697	-44,701	106,4300
11,5563	-44,703	106,4350
11,5632	-44,706	106,4400
11,5665	-44,708	106,4450
11,5620	-44,710	106,4500
11,5627	-44,712	106,4550
11,5703	-44,714	106,4600
11,5643	-44,716	106,4650
11,5679	-44,718	106,4700
11,5711	-44,720	106,4750
11,5677	-44,722	106,4800
11,5676	-44,724	106,4850
11,5754	-44,727	106,4900
11,5651	-44,729	106,4950
11,5625	-44,731	106,5000
11,5722	-44,733	106,5050
11,5769	-44,735	106,5100
11,5735	-44,737	106,5150
11,5842	-44,739	106,5200
11,5829	-44,741	106,5250
11,5737	-44,743	106,5300
11,5760	-44,745	106,5350
11,5710	-44,748	106,5400
11,5667	-44,750	106,5450
11,5738	-44,752	106,5500
11,5850	-44,754	106,5550
11,5803	-44,756	106,5600
11,5821	-44,758	106,5650
11,5837	-44,760	106,5700
11,5766	-44,762	106,5750
11,5830	-44,764	106,5800
11,5936	-44,766	106,5850
11,5836	-44,769	106,5900
11,5789	-44,771	106,5950
11,5866	-44,773	106,6000
11,5849	-44,775	106,6050
11,5800	-44,777	106,6100
11,5863	-44,779	106,6150
11,5870	-44,781	106,6200
11,5858	-44,783	106,6250
11,5953	-44,785	106,6300
11,5956	-44,787	106,6350
11,5870	-44,790	106,6400
11,5871	-44,792	106,6450
11,5942	-44,794	106,6500
11,5910	-44,796	106,6550
11,5976	-44,798	106,6600
11,5959	-44,800	106,6650
11,5896	-44,802	106,6700
11,5870	-44,804	106,6750
11,5948	-44,806	106,6800
11,5953	-44,808	106,6850
11,5953	-44,811	106,6900
11,5973	-44,813	106,6950
11,5904	-44,815	106,7000
11,5924	-44,817	106,7050
11,6096	-44,819	106,7100
11,6062	-44,821	106,7150
11,5940	-44,823	106,7200
11,5969	-44,825	106,7250
11,5988	-44,827	106,7300
11,5970	-44,829	106,7350
11,5940	-44,832	106,7400
11,5996	-44,834	106,7450
11,5942	-44,836	106,7500
11,6000	-44,838	106,7550
11,6003	-44,840	106,7600
11,5896	-44,842	106,7650
11,5902	-44,844	106,7700
11,6089	-44,846	106,7750
11,6093	-44,848	106,7800
11,6094	-44,850	106,7850
11,6170	-44,853	106,7900
11,6116	-44,855	106,7950
11,5975	-44,857	106,8000
11,6068	-44,859	106,8050
11,6128	-44,861	106,8100
11,6052	-44,863	106,8150
11,6041	-44,865	106,8200
11,6077	-44,867	106,8250
11,6123	-44,869	106,8300
11,6148	-44,871	106,8350
11,6173	-44,874	106,8400
11,6083	-44,876	106,8450
11,6071	-44,878	106,8500
11,6091	-44,880	106,8550
11,6042	-44,882	106,8600
11,6054	-44,884	106,8650
11,6141	-44,886	106,8700
11,6156	-44,888	106,8750
11,6134	-44,890	106,8800
11,6147	-44,892	106,8850
11,6120	-44,895	106,8900
11,6088	-44,897	106,8950
11,6155	-44,899	106,9000
11,6167	-44,901	106,9050
11,6092	-44,903	106,9100
11,6195	-44,905	106,9150
11,6232	-44,907	106,9200
11,6165	-44,909	106,9250
11,6165	-44,911	106,9300
11,6224	-44,913	106,9350
11,6078	-44,916	106,9400
11,6101	-44,918	106,9450
11,6224	-44,920	106,9500
11,6154	-44,922	106,9550
11,6139	-44,924	106,9600
11,6263	-44,926	106,9650
11,6285	-44,928	106,9700
11,6240	-44,930	106,9750
11,6262	-44,932	106,9800
11,6248	-44,934	106,9850
11,6264	-44,937	106,9900
11,6383	-44,939	106,9950
11,6392	-44,941	107,0000
11,6180	-44,943	107,0050
11,6196	-44,945	107,0100
11,6309	-44,947	107,0150
11,6344	-44,949	107,0200
11,6314	-44,951	107,0250
11,6405	-44,953	107,0300
11,6309	-44,955	107,0350
11,6297	-44,958	107,0400
11,6421	-44,960	107,0450
11,6311	-44,962	107,0500
11,6203	-44,964	107,0550
11,6313	-44,966	107,0600
11,6323	-44,968	107,0650
11,6302	-44,970	107,0700
11,6349	-44,972	107,0750
11,6410	-44,974	107,0800
11,6370	-44,976	107,0850
11,6344	-44,979	107,0900
11,6379	-44,981	107,0950
11,6371	-44,983	107,1000
11,6424	-44,985	107,1050
11,6463	-44,987	107,1100
11,6439	-44,989	107,1150
11,6386	-44,991	107,1200
11,6463	-44,993	107,1250
11,6439	-44,995	107,1300
11,6395	-44,997	107,1350
11,6411	-45,000	107,1400
11,6405	-45,002	107,1450
11,6389	-45,004	107,1500
11,6489	-45,006	107,1550
11,6471	-45,008	107,1600
11,6404	-45,010	107,1650
11,6493	-45,012	107,1700
11,6509	-45,014	107,1750
11,6442	-45,016	107,1800
11,6492	-45,018	107,1850
11,6483	-45,021	107,1900
11,6454	-45,023	107,1950
11,6504	-45,025	107,2000
11,6586	-45,027	107,2050
11,6513	-45,029	107,2100
11,6468	-45,031	107,2150
11,6580	-45,033	107,2200
11,6540	-45,035	107,2250
11,6470	-45,037	107,2300
11,6525	-45,039	107,2350
11,6500	-45,042	107,2400
11,6469	-45,044	107,2450
11,6554	-45,046	107,2500
11,6567	-45,048	107,2550
11,6542	-45,050	107,2600
11,6579	-45,052	107,2650
11,6621	-45,054	107,2700
11,6559	-45,056	107,2750
11,6634	-45,058	107,2800
11,6687	-45,060	107,2850
11,6622	-45,063	107,2900
11,6603	-45,065	107,2950
11,6694	-45,067	107,3000
11,6635	-45,069	107,3050
11,6540	-45,071	107,3100
11,6592	-45,073	107,3150
11,6566	-45,075	107,3200
11,6640	-45,077	107,3250
11,6766	-45,079	107,3300
11,6688	-45,081	107,3350
11,6604	-45,084	107,3400
11,6668	-45,086	107,3450
11,6726	-45,088	107,3500
11,6718	-45,090	107,3550
11,6682	-45,092	107,3600
11,6689	-45,094	107,3650
11,6636	-45,096	107,3700
11,6754	-45,098	107,3750
11,6795	-45,100	107,3800
11,6653	-45,102	107,3850
11,6633	-45,105	107,3900
11,6751	-45,107	107,3950
11,6756	-45,109	107,4000
11,6653	-45,111	107,4050
11,6662	-45,113	107,4100
11,6678	-45,115	107,4150
11,6677	-45,117	107,4200
11,6761	-45,119	107,4250
11,6795	-45,121	107,4300
11,6745	-45,123	107,4350
11,6823	-45,126	107,4400
11,6866	-45,128	107,4450
11,6803	-45,130	107,4500
11,6778	-45,132	107,4550
11,6816	-45,134	107,4600
11,6803	-45,136	107,4650
11,6843	-45,138	107,4700
11,6941	-45,140	107,4750
11,6886	-45,142	107,4800
11,6801	-45,144	107,4850
11,6835	-45,147	107,4900
11,6851	-45,149	107,4950
11,6871	-45,151	107,5000
11,6930	-45,153	107,5050
11,6844	-45,155	107,5100
11,6758	-45,157	107,5150
11,6854	-45,159	107,5200
11,6918	-45,161	107,5250
11,6913	-45,163	107,5300
11,6972	-45,165	107,5350
11,6923	-45,168	107,5400
11,6833	-45,170	107,5450
11,6897	-45,172	107,5500
11,6959	-45,174	107,5550
11,6974	-45,176	107,5600
11,7009	-45,178	107,5650
11,7023	-45,180	107,5700
11,6917	-45,182	107,5750
11,6939	-45,184	107,5800
11,7021	-45,186	107,5850
11,6973	-45,189	107,5900
11,6903	-45,191	107,5950
11,6962	-45,193	107,6000
11,7017	-45,195	107,6050
11,6936	-45,197	107,6100
11,6943	-45,199	107,6150
11,6954	-45,201	107,6200
11,6934	-45,203	107,6250
11,7026	-45,205	107,6300
11,7057	-45,207	107,6350
11,6985	-45,210	107,6400
11,7007	-45,212	107,6450
11,7133	-45,214	107,6500
11,7069	-45,216	107,6550
11,7035	-45,218	107,6600
11,7091	-45,220	107,6650
11,7030	-45,222	107,6700
11,6949	-45,224	107,6750
11,7038	-45,226	107,6800
11,7060	-45,228	107,6850
11,7055	-45,231	107,6900
11,7184	-45,233	107,6950
11,7184	-45,235	107,7000
11,7088	-45,237	107,7050
11,7117	-45,239	107,7100
11,7159	-45,241	107,7150
11,7078	-45,243	107,7200
11,7138	-45,245	107,7250
11,7196	-45,247	107,7300
11,7085	-45,249	107,7350
11,7087	-45,252	107,7400
11,7191	-45,254	107,7450
11,7122	-45,256	107,7500
11,7107	-45,258	107,7550
11,7200	-45,260	107,7600
11,7166	-45,262	107,7650
11,7105	-45,264	107,7700
11,7224	-45,266	107,7750
11,7251	-45,268	107,7800
11,7193	-45,270	107,7850
11,7254	-45,273	107,7900
11,7247	-45,275	107,7950
11,7127	-45,277	107,8000
11,7213	-45,279	107,8050
11,7222	-45,281	107,8100
11,7136	-45,283	107,8150
11,7203	-45,285	107,8200
11,7229	-45,287	107,8250
11,7171	-45,289	107,8300
11,7236	-45,291	107,8350
11,7306	-45,294	107,8400
11,7224	-45,296	107,8450
11,7195	-45,298	107,8500
11,7319	-45,300	107,8550
11,7238	-45,302	107,8600
11,7132	-45,304	107,8650
11,7211	-45,306	107,8700
11,7250	-45,308	107,8750
11,7225	-45,310	107,8800
11,7249	-45,312	107,8850
11,7242	-45,315	107,8900
11,7227	-45,317	107,8950
11,7319	-45,319	107,9000
11,7325	-45,321	107,9050
11,7281	-45,323	107,9100
11,7378	-45,325	107,9150
11,7466	-45,327	107,9200
11,7316	-45,329	107,9250
11,7257	-45,331	107,9300
11,7384	-45,333	107,9350
11,7372	-45,336	107,9400
11,7372	-45,338	107,9450
11,7471	-45,340	107,9500
11,7405	-45,342	107,9550
11,7308	-45,344	107,9600
11,7394	-45,346	107,9650
11,7443	-45,348	107,9700
11,7395	-45,350	107,9750
11,7431	-45,352	107,9800
11,7486	-45,354	107,9850
11,7391	-45,357	107,9900
11,7370	-45,359	107,9950
11,7419	-45,361	108,0000
11,7343	-45,363	108,0050
11,7376	-45,365	108,0100
11,7471	-45,367	108,0150
11,7444	-45,369	108,0200
11,7414	-45,371	108,0250
11,7527	-45,373	108,0300
11,7570	-45,375	108,0350
11,7567	-45,378	108,0400
11,7573	-45,380	108,0450
11,7445	-45,382	108,0500
11,7405	-45,384	108,0550
11,7563	-45,386	108,0600
11,7572	-45,388	108,0650
11,7463	-45,390	108,0700
11,7518	-45,392	108,0750
11,7590	-45,394	108,0800
11,7495	-45,396	108,0850
11,7535	-45,399	108,0900
11,7584	-45,401	108,0950
11,7490	-45,403	108,1000
11,7501	-45,405	108,1050
11,7636	-45,407	108,1100
11,7568	-45,409	108,1150
11,7487	-45,411	108,1200
11,7517	-45,413	108,1250
11,7509	-45,415	108,1300
11,7481	-45,417	108,1350
11,7611	-45,420	108,1400
11,7591	-45,422	108,1450
11,7556	-45,424	108,1500
11,7650	-45,426	108,1550
11,7582	-45,428	108,1600
11,7507	-45,430	108,1650
11,7601	-45,432	108,1700
11,7691	-45,434	108,1750
11,7601	-45,436	108,1800
11,7619	-45,438	108,1850
11,7644	-45,441	108,1900
11,7545	-45,443	108,1950
11,7558	-45,445	108,2000
11,7614	-45,447	108,2050
11,7600	-45,449	108,2100
11,7549	-45,451	108,2150
11,7607	-45,453	108,2200
11,7624	-45,455	108,2250
11,7640	-45,457	108,2300
11,7695	-45,459	108,2350
11,7661	-45,462	108,2400
11,7628	-45,464	108,2450
11,7743	-45,466	108,2500
11,7628	-45,468	108,2550
11,7555	-45,470	108,2600
11,7662	-45,472	108,2650
11,7735	-45,474	108,2700
11,7701	-45,476	108,2750
11,7753	-45,478	108,2800
11,7751	-45,480	108,2850
11,7704	-45,483	108,2900
11,7678	-45,485	108,2950
11,7698	-45,487	108,3000
11,7717	-45,489	108,3050
11,7693	-45,491	108,3100
11,7783	-45,493	108,3150
11,7805	-45,495	108,3200
11,7696	-45,497	108,3250
11,7748	-45,499	108,3300
11,7795	-45,501	108,3350
11,7770	-45,504	108,3400
11,7851	-45,506	108,3450
11,7803	-45,508	108,3500
11,7764	-45,510	108,3550
11,7777	-45,512	108,3600
11,7833	-45,514	108,3650
11,7761	-45,516	108,3700
11,7872	-45,518	108,3750
11,7889	-45,520	108,3800
11,7853	-45,522	108,3850
11,7876	-45,525	108,3900
11,7976	-45,527	108,3950
11,7904	-45,529	108,4000
11,7859	-45,531	108,4050
11,8001	-45,533	108,4100
11,7916	-45,535	108,4150
11,7810	-45,537	108,4200
11,7859	-45,539	108,4250
11,7879	-45,541	108,4300
11,7818	-45,543	108,4350
11,7930	-45,546	108,4400
11,7919	-45,548	108,4450
11,7861	-45,550	108,4500
11,7851	-45,552	108,4550
11,7861	-45,554	108,4600
11,7810	-45,556	108,4650
11,7921	-45,558	108,4700
11,8003	-45,560	108,4750
11,7972	-45,562	108,4800
11,7983	-45,564	108,4850
11,7950	-45,567	108,4900
11,7894	-45,569	108,4950
11,7884	-45,571	108,5000
11,8001	-45,573	108,5050
11,8047	-45,575	108,5100
11,7997	-45,577	108,5150
11,8038	-45,579	108,5200
11,7995	-45,581	108,5250
11,7944	-45,583	108,5300
11,8075	-45,585	108,5350
11,8083	-45,588	108,5400
11,7992	-45,590	108,5450
11,8009	-45,592	108,5500
11,8077	-45,594	108,5550
11,7974	-45,596	108,5600
11,8059	-45,598	108,5650
11,8149	-45,600	108,5700
11,8057	-45,602	108,5750
11,8083	-45,604	108,5800
11,8153	-45,606	108,5850
11,8090	-45,609	108,5900
11,8086	-45,611	108,5950
11,8214	-45,613	108,6000
11,8155	-45,615	108,6050
11,8077	-45,617	108,6100
11,8163	-45,619	108,6150
11,8188	-45,621	108,6200
11,8116	-45,623	108,6250
11,8154	-45,625	108,6300
11,8143	-45,627	108,6350
11,8056	-45,630	108,6400
11,8059	-45,632	108,6450
11,8156	-45,634	108,6500
11,8097	-45,636	108,6550
11,8127	-45,638	108,6600
11,8221	-45,640	108,6650
11,8150	-45,642	108,6700
11,8076	-45,644	108,6750
11,8114	-45,646	108,6800
11,8068	-45,648	108,6850
11,8091	-45,651	108,6900
11,8209	-45,653	108,6950
11,8261	-45,655	108,7000
11,8228	-45,657	108,7050
11,8268	-45,659	108,7100
11,8277	-45,661	108,7150
11,8191	-45,663	108,7200
11,8200	-45,665	108,7250
11,8184	-45,667	108,7300
11,8193	-45,669	108,7350
11,8209	-45,672	108,7400
11,8297	-45,674	108,7450
11,8293	-45,676	108,7500
11,8333	-45,678	108,7550
11,8356	-45,680	108,7600
11,8239	-45,682	108,7650
11,8253	-45,684	108,7700
11,8341	-45,686	108,7750
11,8325	-45,688	108,7800
11,8235	-45,690	108,7850
11,8252	-45,693	108,7900
11,8251	-45,695	108,7950
11,8222	-45,697	108,8000
11,8326	-45,699	108,8050
11,8374	-45,701	108,8100
11,8316	-45,703	108,8150
11,8352	-45,705	108,8200
11,8367	-45,707	108,8250
11,8329	-45,709	108,8300
11,8348	-45,711	108,8350
11,8422	-45,714	108,8400
11,8410	-45,716	108,8450
11,8414	-45,718	108,8500
11,8420	-45,720	108,8550
11,8406	-45,722	108,8600
11,8349	-45,724	108,8650
11,8471	-45,726	108,8700
11,8466	-45,728	108,8750
11,8428	-45,730	108,8800
11,8465	-45,732	108,8850
11,8473	-45,735	108,8900
11,8420	-45,737	108,8950
11,8446	-45,739	108,9000
11,8446	-45,741	108,9050
11,8380	-45,743	108,9100
11,8452	-45,745	108,9150
11,8433	-45,747	108,9200
11,8360	-45,749	108,9250
11,8407	-45,751	108,9300
11,8491	-45,753	108,9350
11,8394	-45,756	108,9400
11,8396	-45,758	108,9450
11,8465	-45,760	108,9500
11,8497	-45,762	108,9550
11,8513	-45,764	108,9600
11,8623	-45,766	108,9650
11,8547	-45,768	108,9700
11,8458	-45,770	108,9750
11,8500	-45,772	108,9800
11,8530	-45,774	108,9850
11,8497	-45,777	108,9900
11,8592	-45,779	108,9950
11,8624	-45,781	109,0000
11,8513	-45,783	109,0050
11,8573	-45,785	109,0100
11,8652	-45,787	109,0150
11,8605	-45,789	109,0200
11,8557	-45,791	109,0250
11,8630	-45,793	109,0300
11,8584	-45,795	109,0350
11,8566	-45,798	109,0400
11,8597	-45,800	109,0450
11,8484	-45,802	109,0500
11,8511	-45,804	109,0550
11,8649	-45,806	109,0600
11,8670	-45,808	109,0650
11,8551	-45,810	109,0700
11,8586	-45,812	109,0750
11,8682	-45,814	109,0800
11,8644	-45,816	109,0850
11,8684	-45,819	109,0900
11,8758	-45,821	109,0950
11,8666	-45,823	109,1000
11,8647	-45,825	109,1050
11,8673	-45,827	109,1100
11,8641	-45,829	109,1150
11,8539	-45,831	109,1200
11,8598	-45,833	109,1250
11,8636	-45,835	109,1300
11,8571	-45,837	109,1350
11,8679	-45,840	109,1400
11,8689	-45,842	109,1450
11,8695	-45,844	109,1500
11,8781	-45,846	109,1550
11,8772	-45,848	109,1600
11,8689	-45,850	109,1650
11,8698	-45,852	109,1700
11,8740	-45,854	109,1750
11,8684	-45,856	109,1800
11,8756	-45,858	109,1850
11,8781	-45,861	109,1900
11,8649	-45,863	109,1950
11,8647	-45,865	109,2000
11,8820	-45,867	109,2050
11,8832	-45,869	109,2100
11,8771	-45,871	109,2150
11,8878	-45,873	109,2200
11,8863	-45,875	109,2250
11,8856	-45,877	109,2300
11,8920	-45,879	109,2350
11,8804	-45,882	109,2400
11,8718	-45,884	109,2450
11,8847	-45,886	109,2500
11,8903	-45,888	109,2550
11,8907	-45,890	109,2600
11,8936	-45,892	109,2650
11,8889	-45,894	109,2700
11,8784	-45,896	109,2750
11,8855	-45,898	109,2800
11,8978	-45,900	109,2850
11,8975	-45,903	109,2900
11,8904	-45,905	109,2950
11,8834	-45,907	109,3000
11,8819	-45,909	109,3050
11,8830	-45,911	109,3100
11,9010	-45,913	109,3150
11,8896	-45,915	109,3200
11,8775	-45,917	109,3250
11,8852	-45,919	109,3300
11,8878	-45,921	109,3350
11,8844	-45,924	109,3400
11,8951	-45,926	109,3450
11,8971	-45,928	109,3500
11,8919	-45,930	109,3550
11,8939	-45,932	109,3600
11,9009	-45,934	109,3650
11,8938	-45,936	109,3700
11,8944	-45,938	109,3750
11,8976	-45,940	109,3800
11,8892	-45,942	109,3850
11,8900	-45,945	109,3900
11,9026	-45,947	109,3950
11,9003	-45,949	109,4000
11,8936	-45,951	109,4050
11,9029	-45,953	109,4100
11,9030	-45,955	109,4150
11,9027	-45,957	109,4200
11,9067	-45,959	109,4250
11,9014	-45,961	109,4300
11,8924	-45,963	109,4350
11,9003	-45,966	109,4400
11,9030	-45,968	109,4450
11,8962	-45,970	109,4500
11,8981	-45,972	109,4550
11,9033	-45,974	109,4600
11,9003	-45,976	109,4650
11,9035	-45,978	109,4700
11,9113	-45,980	109,4750
11,9040	-45,982	109,4800
11,9079	-45,984	109,4850
11,9160	-45,987	109,4900
11,9120	-45,989	109,4950
11,9030	-45,991	109,5000
11,9158	-45,993	109,5050
11,9158	-45,995	109,5100
11,9039	-45,997	109,5150
11,9051	-45,999	109,5200
11,9073	-46,001	109,5250
11,9080	-46,003	109,5300
11,9164	-46,005	109,5350
11,9180	-46,008	109,5400
11,9107	-46,010	109,5450
11,9133	-46,012	109,5500
11,9261	-46,014	109,5550
11,9198	-46,016	109,5600
11,9211	-46,018	109,5650
11,9185	-46,020	109,5700
11,9072	-46,022	109,5750
11,9084	-46,024	109,5800
11,9144	-46,026	109,5850
11,9141	-46,029	109,5900
11,9135	-46,031	109,5950
11,9239	-46,033	109,6000
11,9247	-46,035	109,6050
11,9109	-46,037	109,6100
11,9131	-46,039	109,6150
11,9155	-46,041	109,6200
11,9142	-46,043	109,6250
11,9270	-46,045	109,6300
11,9294	-46,047	109,6350
11,9205	-46,050	109,6400
11,9169	-46,052	109,6450
11,9261	-46,054	109,6500
11,9223	-46,056	109,6550
11,9244	-46,058	109,6600
11,9295	-46,060	109,6650
11,9202	-46,062	109,6700
11,9189	-46,064	109,6750
11,9366	-46,066	109,6800
11,9334	-46,068	109,6850
11,9262	-46,071	109,6900
11,9338	-46,073	109,6950
11,9363	-46,075	109,7000
11,9303	-46,077	109,7050
11,9328	-46,079	109,7100
11,9328	-46,081	109,7150
11,9285	-46,083	109,7200
11,9335	-46,085	109,7250
11,9374	-46,087	109,7300
11,9353	-46,089	109,7350
11,9290	-46,092	109,7400
11,9352	-46,094	109,7450
11,9310	-46,096	109,7500
11,9377	-46,098	109,7550
11,9483	-46,100	109,7600
11,9400	-46,102	109,7650
11,9312	-46,104	109,7700
11,9461	-46,106	109,7750
11,9472	-46,108	109,7800
11,9382	-46,110	109,7850
11,9446	-46,113	109,7900
11,9436	-46,115	109,7950
11,9317	-46,117	109,8000
11,9343	-46,119	109,8050
11,9345	-46,121	109,8100
11,9394	-46,123	109,8150
11,9495	-46,125	109,8200
11,9479	-46,127	109,8250
11,9493	-46,129	109,8300
11,9481	-46,131	109,8350
11,9548	-46,134	109,8400
11,9522	-46,136	109,8450
11,9508	-46,138	109,8500
11,9538	-46,140	109,8550
11,9463	-46,142	109,8600
11,9442	-46,144	109,8650
11,9534	-46,146	109,8700
11,9547	-46,148	109,8750
11,9532	-46,150	109,8800
11,9585	-46,152	109,8850
11,9610	-46,155	109,8900
11,9538	-46,157	109,8950
11,9592	-46,159	109,9000
11,9529	-46,161	109,9050
11,9484	-46,163	109,9100
11,9577	-46,165	109,9150
11,9614	-46,167	109,9200
11,9557	-46,169	109,9250
11,9513	-46,171	109,9300
11,9579	-46,173	109,9350
11,9503	-46,176	109,9400
11,9587	-46,178	109,9450
11,9749	-46,180	109,9500
11,9671	-46,182	109,9550
11,9533	-46,184	109,9600
11,9614	-46,186	109,9650
11,9584	-46,188	109,9700
11,9595	-46,190	109,9750
11,9651	-46,192	109,9800
11,9622	-46,194	109,9850
11,9605	-46,197	109,9900
11,9706	-46,199	109,9950
11,9644	-46,201	110,0000
11,9538	-46,203	110,0050
11,9644	-46,205	110,0100
11,9681	-46,207	110,0150
11,9643	-46,209	110,0200
11,9675	-46,211	110,0250
11,9805	-46,213	110,0300
11,9747	-46,215	110,0350
11,9746	-46,218	110,0400
11,9836	-46,220	110,0450
11,9750	-46,222	110,0500
11,9645	-46,224	110,0550
11,9704	-46,226	110,0600
11,9736	-46,228	110,0650
11,9753	-46,230	110,0700
11,9767	-46,232	110,0750
11,9761	-46,234	110,0800
11,9702	-46,236	110,0850
11,9756	-46,239	110,0900
11,9763	-46,241	110,0950
11,9715	-46,243	110,1000
11,9743	-46,245	110,1050
11,9804	-46,247	110,1100
11,9769	-46,249	110,1150
11,9780	-46,251	110,1200
11,9809	-46,253	110,1250
11,9798	-46,255	110,1300
11,9799	-46,257	110,1350
11,9869	-46,260	110,1400
11,9767	-46,262	110,1450
11,9677	-46,264	110,1500
11,9777	-46,266	110,1550
11,9820	-46,268	110,1600
11,9760	-46,270	110,1650
11,9748	-46,272	110,1700
11,9835	-46,274	110,1750
11,9781	-46,276	110,1800
11,9850	-46,278	110,1850
11,9936	-46,281	110,1900
11,9822	-46,283	110,1950
11,9851	-46,285	110,2000
11,9942	-46,287	110,2050
11,9897	-46,289	110,2100
11,9813	-46,291	110,2150
11,9885	-46,293	110,2200
11,9890	-46,295	110,2250
11,9853	-46,297	110,2300
11,9943	-46,299	110,2350
11,9954	-46,302	110,2400
11,9939	-46,304	110,2450
12,0083	-46,306	110,2500
12,0082	-46,308	110,2550
12,0003	-46,310	110,2600
11,9955	-46,312	110,2650
11,9975	-46,314	110,2700
11,9908	-46,316	110,2750
11,9967	-46,318	110,2800
12,0024	-46,320	110,2850
11,9914	-46,323	110,2900
11,9921	-46,325	110,2950
12,0069	-46,327	110,3000
12,0014	-46,329	110,3050
11,9997	-46,331	110,3100
12,0085	-46,333	110,3150
12,0089	-46,335	110,3200
12,0026	-46,337	110,3250
12,0085	-46,339	110,3300
12,0054	-46,341	110,3350
11,9964	-46,344	110,3400
12,0016	-46,346	110,3450
12,0056	-46,348	110,3500
12,0030	-46,350	110,3550
12,0048	-46,352	110,3600
12,0102	-46,354	110,3650
12,0047	-46,356	110,3700
12,0067	-46,358	110,3750
12,0120	-46,360	110,3800
12,0075	-46,362	110,3850
12,0079	-46,365	110,3900
12,0198	-46,367	110,3950
12,0182	-46,369	110,4000
12,0108	-46,371	110,4050
12,0140	-46,373	110,4100
12,0117	-46,375	110,4150
12,0080	-46,377	110,4200
12,0153	-46,379	110,4250
12,0180	-46,381	110,4300
12,0089	-46,383	110,4350
12,0157	-46,386	110,4400
12,0190	-46,388	110,4450
12,0177	-46,390	110,4500
12,0163	-46,392	110,4550
12,0220	-46,394	110,4600
12,0156	-46,396	110,4650
12,0175	-46,398	110,4700
12,0196	-46,400	110,4750
12,0170	-46,402	110,4800
12,0205	-46,404	110,4850
12,0380	-46,407	110,4900
12,0251	-46,409	110,4950
12,0107	-46,411	110,5000
12,0257	-46,413	110,5050
12,0248	-46,415	110,5100
12,0189	-46,417	110,5150
12,0285	-46,419	110,5200
12,0296	-46,421	110,5250
12,0200	-46,423	110,5300
12,0281	-46,425	110,5350
12,0352	-46,428	110,5400
12,0302	-46,430	110,5450
12,0245	-46,432	110,5500
12,0223	-46,434	110,5550
12,0183	-46,436	110,5600
12,0271	-46,438	110,5650
12,0328	-46,440	110,5700
12,0242	-46,442	110,5750
12,0215	-46,444	110,5800
12,0400	-46,446	110,5850
12,0361	-46,449	110,5900
12,0246	-46,451	110,5950
12,0284	-46,453	110,6000
12,0327	-46,455	110,6050
12,0315	-46,457	110,6100
12,0407	-46,459	110,6150
12,0352	-46,461	110,6200
12,0294	-46,463	110,6250
12,0354	-46,465	110,6300
12,0344	-46,467	110,6350
12,0267	-46,470	110,6400
12,0316	-46,472	110,6450
12,0423	-46,474	110,6500
12,0376	-46,476	110,6550
12,0371	-46,478	110,6600
12,0437	-46,480	110,6650
12,0426	-46,482	110,6700
12,0403	-46,484	110,6750
12,0440	-46,486	110,6800
12,0394	-46,488	110,6850
12,0367	-46,491	110,6900
12,0463	-46,493	110,6950
12,0500	-46,495	110,7000
12,0426	-46,497	110,7050
12,0481	-46,499	110,7100
12,0513	-46,501	110,7150
12,0436	-46,503	110,7200
12,0469	-46,505	110,7250
12,0481	-46,507	110,7300
12,0501	-46,509	110,7350
12,0521	-46,512	110,7400
12,0524	-46,514	110,7450
12,0472	-46,516	110,7500
12,0511	-46,518	110,7550
12,0563	-46,520	110,7600
12,0491	-46,522	110,7650
12,0455	-46,524	110,7700
12,0570	-46,526	110,7750
12,0571	-46,528	110,7800
12,0489	-46,530	110,7850
12,0555	-46,533	110,7900
12,0604	-46,535	110,7950
12,0537	-46,537	110,8000
12,0638	-46,539	110,8050
12,0630	-46,541	110,8100
12,0555	-46,543	110,8150
12,0594	-46,545	110,8200
12,0599	-46,547	110,8250
12,0582	-46,549	110,8300
12,0625	-46,551	110,8350
12,0710	-46,554	110,8400
12,0646	-46,556	110,8450
12,0637	-46,558	110,8500
12,0647	-46,560	110,8550
12,0590	-46,562	110,8600
12,0589	-46,564	110,8650
12,0698	-46,566	110,8700
12,0644	-46,568	110,8750
12,0562	-46,570	110,8800
12,0661	-46,572	110,8850
12,0745	-46,575	110,8900
12,0666	-46,577	110,8950
12,0644	-46,579	110,9000
12,0715	-46,581	110,9050
12,0742	-46,583	110,9100
12,0712	-46,585	110,9150
12,0650	-46,587	110,9200
12,0656	-46,589	110,9250
12,0708	-46,591	110,9300
12,0794	-46,593	110,9350
12,0739	-46,596	110,9400
12,0746	-46,598	110,9450
12,0840	-46,600	110,9500
12,0694	-46,602	110,9550
12,0645	-46,604	110,9600
12,0804	-46,606	110,9650
12,0801	-46,608	110,9700
12,0783	-46,610	110,9750
12,0862	-46,612	110,9800
12,0847	-46,614	110,9850
12,0753	-46,617	110,9900
12,0865	-46,619	110,9950
12,0891	-46,621	111,0000
12,0752	-46,623	111,0050
12,0767	-46,625	111,0100
12,0871	-46,627	111,0150
12,0861	-46,629	111,0200
12,0796	-46,631	111,0250
12,0850	-46,633	111,0300
12,0800	-46,635	111,0350
12,0786	-46,638	111,0400
12,0845	-46,640	111,0450
12,0869	-46,642	111,0500
12,0845	-46,644	111,0550
12,0945	-46,646	111,0600
12,0954	-46,648	111,0650
12,0877	-46,650	111,0700
12,0847	-46,652	111,0750
12,0874	-46,654	111,0800
12,0879	-46,656	111,0850
12,0948	-46,659	111,0900
12,1025	-46,661	111,0950
12,0938	-46,663	111,1000
12,0944	-46,665	111,1050
12,1037	-46,667	111,1100
12,1028	-46,669	111,1150
12,0997	-46,671	111,1200
12,1021	-46,673	111,1250
12,0894	-46,675	111,1300
12,0909	-46,677	111,1350
12,1039	-46,680	111,1400
12,1033	-46,682	111,1450
12,0963	-46,684	111,1500
12,1028	-46,686	111,1550
12,1035	-46,688	111,1600
12,0980	-46,690	111,1650
12,0978	-46,692	111,1700
12,1025	-46,694	111,1750
12,0913	-46,696	111,1800
12,1018	-46,698	111,1850
12,1074	-46,701	111,1900
12,0970	-46,703	111,1950
12,1035	-46,705	111,2000
12,1116	-46,707	111,2050
12,1082	-46,709	111,2100
12,1039	-46,711	111,2150
12,1166	-46,713	111,2200
12,1064	-46,715	111,2250
12,1016	-46,717	111,2300
12,1129	-46,719	111,2350
12,1149	-46,722	111,2400
12,1046	-46,724	111,2450
12,1106	-46,726	111,2500
12,1103	-46,728	111,2550
12,1049	-46,730	111,2600
12,1073	-46,732	111,2650
12,1099	-46,734	111,2700
12,1031	-46,736	111,2750
12,1093	-46,738	111,2800
12,1130	-46,740	111,2850
12,1042	-46,743	111,2900
12,1041	-46,745	111,2950
12,1155	-46,747	111,3000
12,1170	-46,749	111,3050
12,1164	-46,751	111,3100
12,1213	-46,753	111,3150
12,1118	-46,755	111,3200
12,1135	-46,757	111,3250
12,1288	-46,759	111,3300
12,1235	-46,761	111,3350
12,1140	-46,764	111,3400
12,1199	-46,766	111,3450
12,1242	-46,768	111,3500
12,1167	-46,770	111,3550
12,1170	-46,772	111,3600
12,1258	-46,774	111,3650
12,1257	-46,776	111,3700
12,1261	-46,778	111,3750
12,1296	-46,780	111,3800
12,1217	-46,782	111,3850
12,1160	-46,785	111,3900
12,1302	-46,787	111,3950
12,1324	-46,789	111,4000
12,1241	-46,791	111,4050
12,1346	-46,793	111,4100
12,1365	-46,795	111,4150
12,1331	-46,797	111,4200
12,1356	-46,799	111,4250
12,1330	-46,801	111,4300
12,1305	-46,803	111,4350
12,1351	-46,806	111,4400
12,1306	-46,808	111,4450
12,1186	-46,810	111,4500
12,1205	-46,812	111,4550
12,1290	-46,814	111,4600
12,1200	-46,816	111,4650
12,1233	-46,818	111,4700
12,1344	-46,820	111,4750
12,1308	-46,822	111,4800
12,1306	-46,824	111,4850
12,1378	-46,827	111,4900
12,1324	-46,829	111,4950
12,1329	-46,831	111,5000
12,1442	-46,833	111,5050
12,1366	-46,835	111,5100
12,1266	-46,837	111,5150
12,1375	-46,839	111,5200
12,1459	-46,841	111,5250
12,1379	-46,843	111,5300
12,1380	-46,845	111,5350
12,1425	-46,848	111,5400
12,1380	-46,850	111,5450
12,1399	-46,852	111,5500
12,1476	-46,854	111,5550
12,1455	-46,856	111,5600
12,1471	-46,858	111,5650
12,1462	-46,860	111,5700
12,1378	-46,862	111,5750
12,1430	-46,864	111,5800
12,1497	-46,866	111,5850
12,1466	-46,869	111,5900
12,1402	-46,871	111,5950
12,1480	-46,873	111,6000
12,1479	-46,875	111,6050
12,1377	-46,877	111,6100
12,1490	-46,879	111,6150
12,1516	-46,881	111,6200
12,1495	-46,883	111,6250
12,1571	-46,885	111,6300
12,1557	-46,887	111,6350
12,1515	-46,890	111,6400
12,1537	-46,892	111,6450
12,1631	-46,894	111,6500
12,1545	-46,896	111,6550
12,1569	-46,898	111,6600
12,1594	-46,900	111,6650
12,1454	-46,902	111,6700
12,1482	-46,904	111,6750
12,1616	-46,906	111,6800
12,1609	-46,908	111,6850
12,1572	-46,911	111,6900
12,1629	-46,913	111,6950
12,1623	-46,915	111,7000
12,1517	-46,917	111,7050
12,1548	-46,919	111,7100
12,1589	-46,921	111,7150
12,1563	-46,923	111,7200
12,1643	-46,925	111,7250
12,1658	-46,927	111,7300
12,1559	-46,929	111,7350
12,1593	-46,932	111,7400
12,1690	-46,934	111,7450
12,1666	-46,936	111,7500
12,1664	-46,938	111,7550
12,1682	-46,940	111,7600
12,1583	-46,942	111,7650
12,1518	-46,944	111,7700
12,1734	-46,946	111,7750
12,1814	-46,948	111,7800
12,1760	-46,950	111,7850
12,1743	-46,953	111,7900
12,1730	-46,955	111,7950
12,1683	-46,957	111,8000
12,1767	-46,959	111,8050
12,1724	-46,961	111,8100
12,1643	-46,963	111,8150
12,1752	-46,965	111,8200
12,1817	-46,967	111,8250
12,1740	-46,969	111,8300
12,1732	-46,971	111,8350
12,1835	-46,974	111,8400
12,1783	-46,976	111,8450
12,1709	-46,978	111,8500
12,1747	-46,980	111,8550
12,1727	-46,982	111,8600
12,1738	-46,984	111,8650
12,1848	-46,986	111,8700
12,1790	-46,988	111,8750
12,1684	-46,990	111,8800
12,1725	-46,992	111,8850
12,1718	-46,995	111,8900
12,1690	-46,997	111,8950
12,1809	-46,999	111,9000
12,1886	-47,001	111,9050
12,1880	-47,003	111,9100
12,1931	-47,005	111,9150
12,1953	-47,007	111,9200
12,1864	-47,009	111,9250
12,1822	-47,011	111,9300
12,1913	-47,013	111,9350
12,1813	-47,016	111,9400
12,1848	-47,018	111,9450
12,1914	-47,020	111,9500
12,1879	-47,022	111,9550
12,1824	-47,024	111,9600
12,1926	-47,026	111,9650
12,1901	-47,028	111,9700
12,1871	-47,030	111,9750
12,1925	-47,032	111,9800
12,1950	-47,034	111,9850
12,1968	-47,037	111,9900
12,2005	-47,039	111,9950
12,1991	-47,041	112,0000
12,1952	-47,043	112,0050
12,1982	-47,045	112,0100
12,2035	-47,047	112,0150
12,1975	-47,049	112,0200
12,1923	-47,051	112,0250
12,1979	-47,053	112,0300
12,1944	-47,055	112,0350
12,1979	-47,058	112,0400
12,2108	-47,060	112,0450
12,2015	-47,062	112,0500
12,1992	-47,064	112,0550
12,2075	-47,066	112,0600
12,2043	-47,068	112,0650
12,2003	-47,070	112,0700
12,2002	-47,072	112,0750
12,2033	-47,074	112,0800
12,2011	-47,076	112,0850
12,2065	-47,079	112,0900
12,2042	-47,081	112,0950
12,1935	-47,083	112,1000
12,1997	-47,085	112,1050
12,2039	-47,087	112,1100
12,1999	-47,089	112,1150
12,2041	-47,091	112,1200
12,2172	-47,093	112,1250
12,2079	-47,095	112,1300
12,2043	-47,097	112,1350
12,2137	-47,100	112,1400
12,2140	-47,102	112,1450
12,2122	-47,104	112,1500
12,2150	-47,106	112,1550
12,2054	-47,108	112,1600
12,2033	-47,110	112,1650
12,2160	-47,112	112,1700
12,2245	-47,114	112,1750
12,2149	-47,116	112,1800
12,2270	-47,118	112,1850
12,2225	-47,121	112,1900
12,2085	-47,123	112,1950
12,2131	-47,125	112,2000
12,2188	-47,127	112,2050
12,2109	-47,129	112,2100
12,2103	-47,131	112,2150
12,2217	-47,133	112,2200
12,2235	-47,135	112,2250
12,2224	-47,137	112,2300
12,2292	-47,139	112,2350
12,2303	-47,142	112,2400
12,2159	-47,144	112,2450
12,2176	-47,146	112,2500
12,2225	-47,148	112,2550
12,2274	-47,150	112,2600
12,2320	-47,152	112,2650
12,2342	-47,154	112,2700
12,2266	-47,156	112,2750
12,2298	-47,158	112,2800
12,2303	-47,160	112,2850
12,2189	-47,163	112,2900
12,2196	-47,165	112,2950
12,2284	-47,167	112,3000
12,2295	-47,169	112,3050
12,2266	-47,171	112,3100
12,2361	-47,173	112,3150
12,2324	-47,175	112,3200
12,2290	-47,177	112,3250
12,2334	-47,179	112,3300
12,2301	-47,181	112,3350
12,2260	-47,184	112,3400
12,2377	-47,186	112,3450
12,2376	-47,188	112,3500
12,2328	-47,190	112,3550
12,2276	-47,192	112,3600
12,2327	-47,194	112,3650
12,2329	-47,196	112,3700
12,2315	-47,198	112,3750
12,2342	-47,200	112,3800
12,2316	-47,202	112,3850
12,2325	-47,205	112,3900
12,2392	-47,207	112,3950
12,2378	-47,209	112,4000
12,2323	-47,211	112,4050
12,2448	-47,213	112,4100
12,2491	-47,215	112,4150
12,2447	-47,217	112,4200
12,2514	-47,219	112,4250
12,2502	-47,221	112,4300
12,2444	-47,223	112,4350
12,2534	-47,226	112,4400
12,2575	-47,228	112,4450
12,2528	-47,230	112,4500
12,2436	-47,232	112,4550
12,2434	-47,234	112,4600
12,2424	-47,236	112,4650
12,2497	-47,238	112,4700
12,2558	-47,240	112,4750
12,2516	-47,242	112,4800
12,2480	-47,244	112,4850
12,2512	-47,247	112,4900
12,2489	-47,249	112,4950
12,2414	-47,251	112,5000
12,2459	-47,253	112,5050
12,2531	-47,255	112,5100
12,2492	-47,257	112,5150
12,2568	-47,259	112,5200
12,2624	-47,261	112,5250
12,2566	-47,263	112,5300
12,2592	-47,265	112,5350
12,2567	-47,268	112,5400
12,2513	-47,270	112,5450
12,2460	-47,272	112,5500
12,2565	-47,274	112,5550
12,2594	-47,276	112,5600
12,2660	-47,278	112,5650
12,2687	-47,280	112,5700
12,2634	-47,282	112,5750
12,2657	-47,284	112,5800
12,2654	-47,286	112,5850
12,2562	-47,289	112,5900
12,2482	-47,291	112,5950
12,2630	-47,293	112,6000
12,2743	-47,295	112,6050
12,2671	-47,297	112,6100
12,2664	-47,299	112,6150
12,2618	-47,301	112,6200
12,2561	-47,303	112,6250
12,2627	-47,305	112,6300
12,2660	-47,307	112,6350
12,2697	-47,310	112,6400
12,2734	-47,312	112,6450
12,2750	-47,314	112,6500
12,2645	-47,316	112,6550
12,2610	-47,318	112,6600
12,2634	-47,320	112,6650
12,2629	-47,322	112,6700
12,2740	-47,324	112,6750
12,2845	-47,326	112,6800
12,2742	-47,328	112,6850
12,2646	-47,331	112,6900
12,2733	-47,333	112,6950
12,2806	-47,335	112,7000
12,2760	-47,337	112,7050
12,2830	-47,339	112,7100
12,2784	-47,341	112,7150
12,2715	-47,343	112,7200
12,2830	-47,345	112,7250
12,2913	-47,347	112,7300
12,2831	-47,349	112,7350
12,2770	-47,352	112,7400
12,2832	-47,354	112,7450
12,2739	-47,356	112,7500
12,2756	-47,358	112,7550
12,2824	-47,360	112,7600
12,2794	-47,362	112,7650
12,2794	-47,364	112,7700
12,2809	-47,366	112,7750
12,2798	-47,368	112,7800
12,2785	-47,370	112,7850
12,2881	-47,373	112,7900
12,2835	-47,375	112,7950
12,2721	-47,377	112,8000
12,2837	-47,379	112,8050
12,2866	-47,381	112,8100
12,2812	-47,383	112,8150
12,2876	-47,385	112,8200
12,2927	-47,387	112,8250
12,2888	-47,389	112,8300
12,2834	-47,391	112,8350
12,2882	-47,394	112,8400
12,2775	-47,396	112,8450
12,2809	-47,398	112,8500
12,2940	-47,400	112,8550
12,2928	-47,402	112,8600
12,2911	-47,404	112,8650
12,3033	-47,406	112,8700
12,3052	-47,408	112,8750
12,2931	-47,410	112,8800
12,2942	-47,412	112,8850
12,3020	-47,415	112,8900
12,2955	-47,417	112,8950
12,3021	-47,419	112,9000
12,3011	-47,421	112,9050
12,2909	-47,423	112,9100
12,3003	-47,425	112,9150
12,3056	-47,427	112,9200
12,3013	-47,429	112,9250
12,3035	-47,431	112,9300
12,3142	-47,433	112,9350
12,3066	-47,436	112,9400
12,3018	-47,438	112,9450
12,3081	-47,440	112,9500
12,3053	-47,442	112,9550
12,3034	-47,444	112,9600
12,3098	-47,446	112,9650
12,3021	-47,448	112,9700
12,2964	-47,450	112,9750
12,3054	-47,452	112,9800
12,3114	-47,454	112,9850
12,3088	-47,457	112,9900
12,3052	-47,459	112,9950
12,3023	-47,461	113,0000
12,2982	-47,463	113,0050
12,3098	-47,465	113,0100
12,3196	-47,467	113,0150
12,3131	-47,469	113,0200
12,3066	-47,471	113,0250
12,3169	-47,473	113,0300
12,3145	-47,475	113,0350
12,3086	-47,478	113,0400
12,3154	-47,480	113,0450
12,3134	-47,482	113,0500
12,3151	-47,484	113,0550
12,3260	-47,486	113,0600
12,3150	-47,488	113,0650
12,3076	-47,490	113,0700
12,3139	-47,492	113,0750
12,3214	-47,494	113,0800
12,3229	-47,496	113,0850
12,3274	-47,499	113,0900
12,3323	-47,501	113,0950
12,3251	-47,503	113,1000
12,3223	-47,505	113,1050
12,3200	-47,507	113,1100
12,3205	-47,509	113,1150
12,3134	-47,511	113,1200
12,3222	-47,513	113,1250
12,3211	-47,515	113,1300
12,3174	-47,517	113,1350
12,3271	-47,520	113,1400
12,3317	-47,522	113,1450
12,3274	-47,524	113,1500
12,3353	-47,526	113,1550
12,3351	-47,528	113,1600
12,3279	-47,530	113,1650
12,3259	-47,532	113,1700
12,3281	-47,534	113,1750
12,3273	-47,536	113,1800
12,3326	-47,538	113,1850
12,3345	-47,541	113,1900
12,3174	-47,543	113,1950
12,3170	-47,545	113,2000
12,3261	-47,547	113,2050
12,3302	-47,549	113,2100
12,3309	-47,551	113,2150
12,3411	-47,553	113,2200
12,3380	-47,555	113,2250
12,3273	-47,557	113,2300
12,3366	-47,559	113,2350
12,3404	-47,562	113,2400
12,3360	-47,564	113,2450
12,3411	-47,566	113,2500
12,3378	-47,568	113,2550
12,3302	-47,570	113,2600
12,3358	-47,572	113,2650
12,3399	-47,574	113,2700
12,3346	-47,576	113,2750
12,3417	-47,578	113,2800
12,3453	-47,580	113,2850
12,3284	-47,583	113,2900
12,3326	-47,585	113,2950
12,3437	-47,587	113,3000
12,3472	-47,589	113,3050
12,3464	-47,591	113,3100
12,3493	-47,593	113,3150
12,3370	-47,595	113,3200
12,3347	-47,597	113,3250
12,3505	-47,599	113,3300
12,3480	-47,601	113,3350
12,3394	-47,604	113,3400
12,3456	-47,606	113,3450
12,3445	-47,608	113,3500
12,3433	-47,610	113,3550
12,3511	-47,612	113,3600
12,3606	-47,614	113,3650
12,3470	-47,616	113,3700
12,3499	-47,618	113,3750
12,3519	-47,620	113,3800
12,3516	-47,622	113,3850
12,3561	-47,625	113,3900
12,3618	-47,627	113,3950
12,3568	-47,629	113,4000
12,3450	-47,631	113,4050
12,3489	-47,633	113,4100
12,3522	-47,635	113,4150
12,3480	-47,637	113,4200
12,3587	-47,639	113,4250
12,3616	-47,641	113,4300
12,3505	-47,643	113,4350
12,3549	-47,646	113,4400
12,3585	-47,648	113,4450
12,3544	-47,650	113,4500
12,3599	-47,652	113,4550
12,3622	-47,654	113,4600
12,3560	-47,656	113,4650
12,3682	-47,658	113,4700
12,3728	-47,660	113,4750
12,3579	-47,662	113,4800
12,3583	-47,664	113,4850
12,3656	-47,667	113,4900
12,3625	-47,669	113,4950
12,3602	-47,671	113,5000
12,3680	-47,673	113,5050
12,3668	-47,675	113,5100
12,3576	-47,677	113,5150
12,3661	-47,679	113,5200
12,3695	-47,681	113,5250
12,3658	-47,683	113,5300
12,3716	-47,685	113,5350
12,3670	-47,688	113,5400
12,3614	-47,690	113,5450
12,3652	-47,692	113,5500
12,3706	-47,694	113,5550
12,3611	-47,696	113,5600
12,3672	-47,698	113,5650
12,3805	-47,700	113,5700
12,3799	-47,702	113,5750
12,3720	-47,704	113,5800
12,3767	-47,706	113,5850
12,3722	-47,709	113,5900
12,3688	-47,711	113,5950
12,3800	-47,713	113,6000
12,3732	-47,715	113,6050
12,3708	-47,717	113,6100
12,3768	-47,719	113,6150
12,3777	-47,721	113,6200
12,3742	-47,723	113,6250
12,3794	-47,725	113,6300
12,3816	-47,727	113,6350
12,3745	-47,730	113,6400
12,3772	-47,732	113,6450
12,3816	-47,734	113,6500
12,3758	-47,736	113,6550
12,3773	-47,738	113,6600
12,3860	-47,740	113,6650
12,3783	-47,742	113,6700
12,3735	-47,744	113,6750
12,3808	-47,746	113,6800
12,3899	-47,748	113,6850
12,3888	-47,751	113,6900
12,3888	-47,753	113,6950
12,3881	-47,755	113,7000
12,3887	-47,757	113,7050
12,3927	-47,759	113,7100
12,3879	-47,761	113,7150
12,3818	-47,763	113,7200
12,3921	-47,765	113,7250
12,3970	-47,767	113,7300
12,3925	-47,769	113,7350
12,4019	-47,772	113,7400
12,4131	-47,774	113,7450
12,4008	-47,776	113,7500
12,3948	-47,778	113,7550
12,3934	-47,780	113,7600
12,3861	-47,782	113,7650
12,3908	-47,784	113,7700
12,4041	-47,786	113,7750
12,4033	-47,788	113,7800
12,3953	-47,790	113,7850
12,4033	-47,793	113,7900
12,4033	-47,795	113,7950
12,3945	-47,797	113,8000
12,4007	-47,799	113,8050
12,4071	-47,801	113,8100
12,4034	-47,803	113,8150
12,4044	-47,805	113,8200
12,4054	-47,807	113,8250
12,4038	-47,809	113,8300
12,4036	-47,811	113,8350
12,4105	-47,814	113,8400
12,3990	-47,816	113,8450
12,3965	-47,818	113,8500
12,4082	-47,820	113,8550
12,4075	-47,822	113,8600
12,3988	-47,824	113,8650
12,4102	-47,826	113,8700
12,4131	-47,828	113,8750
12,4092	-47,830	113,8800
12,4118	-47,832	113,8850
12,4037	-47,835	113,8900
12,3925	-47,837	113,8950
12,4009	-47,839	113,9000
12,4116	-47,841	113,9050
12,4112	-47,843	113,9100
12,4130	-47,845	113,9150
12,4132	-47,847	113,9200
12,4088	-47,849	113,9250
12,4067	-47,851	113,9300
12,4190	-47,853	113,9350
12,4184	-47,856	113,9400
12,4142	-47,858	113,9450
12,4163	-47,860	113,9500
12,4155	-47,862	113,9550
12,4102	-47,864	113,9600
12,4213	-47,866	113,9650
12,4211	-47,868	113,9700
12,4206	-47,870	113,9750
12,4288	-47,872	113,9800
12,4303	-47,874	113,9850
12,4215	-47,877	113,9900
12,4213	-47,879	113,9950
12,4253	-47,881	114,0000
12,4211	-47,883	114,0050
12,4224	-47,885	114,0100
12,4319	-47,887	114,0150
12,4299	-47,889	114,0200
12,4293	-47,891	114,0250
12,4413	-47,893	114,0300
12,4345	-47,895	114,0350
12,4249	-47,898	114,0400
12,4268	-47,900	114,0450
12,4253	-47,902	114,0500
12,4213	-47,904	114,0550
12,4310	-47,906	114,0600
12,4345	-47,908	114,0650
12,4327	-47,910	114,0700
12,4357	-47,912	114,0750
12,4356	-47,914	114,0800
12,4297	-47,916	114,0850
12,4363	-47,919	114,0900
12,4419	-47,921	114,0950
12,4365	-47,923	114,1000
12,4377	-47,925	114,1050
12,4418	-47,927	114,1100
12,4379	-47,929	114,1150
12,4363	-47,931	114,1200
12,4403	-47,933	114,1250
12,4318	-47,935	114,1300
12,4312	-47,937	114,1350
12,4402	-47,940	114,1400
12,4396	-47,942	114,1450
12,4326	-47,944	114,1500
12,4439	-47,946	114,1550
12,4470	-47,948	114,1600
12,4430	-47,950	114,1650
12,4461	-47,952	114,1700
12,4471	-47,954	114,1750
12,4420	-47,956	114,1800
12,4461	-47,958	114,1850
12,4501	-47,961	114,1900
12,4443	-47,963	114,1950
12,4431	-47,965	114,2000
12,4476	-47,967	114,2050
12,4466	-47,969	114,2100
12,4421	-47,971	114,2150
12,4414	-47,973	114,2200
12,4352	-47,975	114,2250
12,4424	-47,977	114,2300
12,4530	-47,979	114,2350
12,4495	-47,982	114,2400
12,4464	-47,984	114,2450
12,4545	-47,986	114,2500
12,4531	-47,988	114,2550
12,4465	-47,990	114,2600
12,4522	-47,992	114,2650
12,4568	-47,994	114,2700
12,4480	-47,996	114,2750
12,4606	-47,998	114,2800
12,4667	-48,000	114,2850
12,4537	-48,003	114,2900
12,4534	-48,005	114,2950
12,4560	-48,007	114,3000
12,4508	-48,009	114,3050
12,4471	-48,011	114,3100
12,4613	-48,013	114,3150
12,4615	-48,015	114,3200
12,4647	-48,017	114,3250
12,4711	-48,019	114,3300
12,4622	-48,021	114,3350
12,4529	-48,024	114,3400
12,4661	-48,026	114,3450
12,4702	-48,028	114,3500
12,4642	-48,030	114,3550
12,4632	-48,032	114,3600
12,4651	-48,034	114,3650
12,4569	-48,036	114,3700
12,4573	-48,038	114,3750
12,4706	-48,040	114,3800
12,4697	-48,042	114,3850
12,4736	-48,045	114,3900
12,4823	-48,047	114,3950
12,4705	-48,049	114,4000
12,4626	-48,051	114,4050
12,4662	-48,053	114,4100
12,4657	-48,055	114,4150
12,4669	-48,057	114,4200
12,4771	-48,059	114,4250
12,4730	-48,061	114,4300
12,4672	-48,063	114,4350
12,4774	-48,066	114,4400
12,4824	-48,068	114,4450
12,4741	-48,070	114,4500
12,4695	-48,072	114,4550
12,4782	-48,074	114,4600
12,4768	-48,076	114,4650
12,4740	-48,078	114,4700
12,4835	-48,080	114,4750
12,4742	-48,082	114,4800
12,4690	-48,084	114,4850
12,4770	-48,087	114,4900
12,4738	-48,089	114,4950
12,4686	-48,091	114,5000
12,4781	-48,093	114,5050
12,4804	-48,095	114,5100
12,4760	-48,097	114,5150
12,4872	-48,099	114,5200
12,4883	-48,101	114,5250
12,4781	-48,103	114,5300
12,4851	-48,105	114,5350
12,4884	-48,108	114,5400
12,4840	-48,110	114,5450
12,4827	-48,112	114,5500
12,4867	-48,114	114,5550
12,4789	-48,116	114,5600
12,4865	-48,118	114,5650
12,4896	-48,120	114,5700
12,4833	-48,122	114,5750
12,4778	-48,124	114,5800
12,4879	-48,126	114,5850
12,4871	-48,129	114,5900
12,4879	-48,131	114,5950
12,5008	-48,133	114,6000
12,5004	-48,135	114,6050
12,4909	-48,137	114,6100
12,4962	-48,139	114,6150
12,4974	-48,141	114,6200
12,4919	-48,143	114,6250
12,5000	-48,145	114,6300
12,4970	-48,147	114,6350
12,4886	-48,150	114,6400
12,4924	-48,152	114,6450
12,5052	-48,154	114,6500
12,5003	-48,156	114,6550
12,4971	-48,158	114,6600
12,4990	-48,160	114,6650
12,4963	-48,162	114,6700
12,4995	-48,164	114,6750
12,5136	-48,166	114,6800
12,5099	-48,168	114,6850
12,5002	-48,171	114,6900
12,5076	-48,173	114,6950
12,5082	-48,175	114,7000
12,5001	-48,177	114,7050
12,5086	-48,179	114,7100
12,5091	-48,181	114,7150
12,4991	-48,183	114,7200
12,5081	-48,185	114,7250
12,5152	-48,187	114,7300
12,5126	-48,189	114,7350
12,5074	-48,192	114,7400
12,5098	-48,194	114,7450
12,5063	-48,196	114,7500
12,5093	-48,198	114,7550
12,5139	-48,200	114,7600
12,5061	-48,202	114,7650
12,5106	-48,204	114,7700
12,5231	-48,206	114,7750
12,5155	-48,208	114,7800
12,5054	-48,210	114,7850
12,5094	-48,213	114,7900
12,5118	-48,215	114,7950
12,5123	-48,217	114,8000
12,5258	-48,219	114,8050
12,5284	-48,221	114,8100
12,5189	-48,223	114,8150
12,5173	-48,225	114,8200
12,5131	-48,227	114,8250
12,5101	-48,229	114,8300
12,5140	-48,231	114,8350
12,5221	-48,234	114,8400
12,5120	-48,236	114,8450
12,5117	-48,238	114,8500
12,5219	-48,240	114,8550
12,5183	-48,242	114,8600
12,5140	-48,244	114,8650
12,5204	-48,246	114,8700
12,5204	-48,248	114,8750
12,5220	-48,250	114,8800
12,5291	-48,252	114,8850
12,5358	-48,255	114,8900
12,5328	-48,257	114,8950
12,5371	-48,259	114,9000
12,5339	-48,261	114,9050
12,5246	-48,263	114,9100
12,5251	-48,265	114,9150
12,5237	-48,267	114,9200
12,5211	-48,269	114,9250
12,5266	-48,271	114,9300
12,5384	-48,273	114,9350
12,5291	-48,276	114,9400
12,5209	-48,278	114,9450
12,5317	-48,280	114,9500
12,5345	-48,282	114,9550
12,5363	-48,284	114,9600
12,5431	-48,286	114,9650
12,5382	-48,288	114,9700
12,5318	-48,290	114,9750
12,5304	-48,292	114,9800
12,5318	-48,294	114,9850
12,5268	-48,297	114,9900
12,5346	-48,299	114,9950
12,5419	-48,301	115,0000
12,5312	-48,303	115,0050
12,5272	-48,305	115,0100
12,5324	-48,307	115,0150
12,5354	-48,309	115,0200
12,5342	-48,311	115,0250
12,5492	-48,313	115,0300
12,5438	-48,315	115,0350
12,5374	-48,318	115,0400
12,5439	-48,320	115,0450
12,5464	-48,322	115,0500
12,5363	-48,324	115,0550
12,5421	-48,326	115,0600
12,5469	-48,328	115,0650
12,5476	-48,330	115,0700
12,5546	-48,332	115,0750
12,5563	-48,334	115,0800
12,5505	-48,336	115,0850
12,5576	-48,339	115,0900
12,5632	-48,341	115,0950
12,5534	-48,343	115,1000
12,5487	-48,345	115,1050
12,5577	-48,347	115,1100
12,5558	-48,349	115,1150
12,5535	-48,351	115,1200
12,5624	-48,353	115,1250
12,5550	-48,355	115,1300
12,5455	-48,357	115,1350
12,5608	-48,360	115,1400
12,5557	-48,362	115,1450
12,5512	-48,364	115,1500
12,5542	-48,366	115,1550
12,5495	-48,368	115,1600
12,5520	-48,370	115,1650
12,5619	-48,372	115,1700
12,5642	-48,374	115,1750
12,5489	-48,376	115,1800
12,5550	-48,378	115,1850
12,5617	-48,381	115,1900
12,5608	-48,383	115,1950
12,5609	-48,385	115,2000
12,5680	-48,387	115,2050
12,5681	-48,389	115,2100
12,5616	-48,391	115,2150
12,5715	-48,393	115,2200
12,5687	-48,395	115,2250
12,5619	-48,397	115,2300
12,5689	-48,399	115,2350
12,5756	-48,402	115,2400
12,5749	-48,404	115,2450
12,5817	-48,406	115,2500
12,5759	-48,408	115,2550
12,5656	-48,410	115,2600
12,5697	-48,412	115,2650
12,5706	-48,414	115,2700
12,5600	-48,416	115,2750
12,5716	-48,418	115,2800
12,5790	-48,420	115,2850
12,5728	-48,423	115,2900
12,5700	-48,425	115,2950
12,5791	-48,427	115,3000
12,5745	-48,429	115,3050
12,5669	-48,431	115,3100
12,5765	-48,433	115,3150
12,5777	-48,435	115,3200
12,5770	-48,437	115,3250
12,5793	-48,439	115,3300
12,5746	-48,441	115,3350
12,5714	-48,444	115,3400
12,5845	-48,446	115,3450
12,5859	-48,448	115,3500
12,5741	-48,450	115,3550
12,5742	-48,452	115,3600
12,5794	-48,454	115,3650
12,5732	-48,456	115,3700
12,5792	-48,458	115,3750
12,5896	-48,460	115,3800
12,5826	-48,462	115,3850
12,5843	-48,465	115,3900
12,5933	-48,467	115,3950
12,5936	-48,469	115,4000
12,5854	-48,471	115,4050
12,5877	-48,473	115,4100
12,5888	-48,475	115,4150
12,5876	-48,477	115,4200
12,5984	-48,479	115,4250
12,5979	-48,481	115,4300
12,5946	-48,483	115,4350
12,6027	-48,486	115,4400
12,5912	-48,488	115,4450
12,5768	-48,490	115,4500
12,5804	-48,492	115,4550
12,5966	-48,494	115,4600
12,5864	-48,496	115,4650
12,5878	-48,498	115,4700
12,5959	-48,500	115,4750
12,5898	-48,502	115,4800
12,5870	-48,504	115,4850
12,6012	-48,507	115,4900
12,6037	-48,509	115,4950
12,5980	-48,511	115,5000
12,6008	-48,513	115,5050
12,5932	-48,515	115,5100
12,5872	-48,517	115,5150
12,5975	-48,519	115,5200
12,6013	-48,521	115,5250
12,5954	-48,523	115,5300
12,6052	-48,525	115,5350
12,6130	-48,528	115,5400
12,6073	-48,530	115,5450
12,6030	-48,532	115,5500
12,6054	-48,534	115,5550
12,6031	-48,536	115,5600
12,6014	-48,538	115,5650
12,6040	-48,540	115,5700
12,5930	-48,542	115,5750
12,5978	-48,544	115,5800
12,6040	-48,546	115,5850
12,6063	-48,549	115,5900
12,6083	-48,551	115,5950
12,6148	-48,553	115,6000
12,6102	-48,555	115,6050
12,5999	-48,557	115,6100
12,6111	-48,559	115,6150
12,6137	-48,561	115,6200
12,6136	-48,563	115,6250
12,6181	-48,565	115,6300
12,6174	-48,567	115,6350
12,6085	-48,570	115,6400
12,6094	-48,572	115,6450
12,6165	-48,574	115,6500
12,6128	-48,576	115,6550
12,6176	-48,578	115,6600
12,6238	-48,580	115,6650
12,6155	-48,582	115,6700
12,6146	-48,584	115,6750
12,6202	-48,586	115,6800
12,6204	-48,588	115,6850
12,6186	-48,591	115,6900
12,6265	-48,593	115,6950
12,6261	-48,595	115,7000
12,6170	-48,597	115,7050
12,6248	-48,599	115,7100
12,6215	-48,601	115,7150
12,6163	-48,603	115,7200
12,6252	-48,605	115,7250
12,6257	-48,607	115,7300
12,6170	-48,609	115,7350
12,6230	-48,612	115,7400
12,6285	-48,614	115,7450
12,6246	-48,616	115,7500
12,6266	-48,618	115,7550
12,6284	-48,620	115,7600
12,6219	-48,622	115,7650
12,6210	-48,624	115,7700
12,6303	-48,626	115,7750
12,6311	-48,628	115,7800
12,6320	-48,630	115,7850
12,6397	-48,633	115,7900
12,6360	-48,635	115,7950
12,6258	-48,637	115,8000
12,6324	-48,639	115,8050
12,6356	-48,641	115,8100
12,6272	-48,643	115,8150
12,6311	-48,645	115,8200
12,6346	-48,647	115,8250
12,6302	-48,649	115,8300
12,6351	-48,651	115,8350
12,6387	-48,654	115,8400
12,6324	-48,656	115,8450
12,6346	-48,658	115,8500
12,6447	-48,660	115,8550
12,6378	-48,662	115,8600
12,6276	-48,664	115,8650
12,6299	-48,666	115,8700
12,6357	-48,668	115,8750
12,6365	-48,670	115,8800
12,6460	-48,672	115,8850
12,6455	-48,675	115,8900
12,6432	-48,677	115,8950
12,6524	-48,679	115,9000
12,6484	-48,681	115,9050
12,6427	-48,683	115,9100
12,6484	-48,685	115,9150
12,6512	-48,687	115,9200
12,6459	-48,689	115,9250
12,6451	-48,691	115,9300
12,6548	-48,693	115,9350
12,6514	-48,696	115,9400
12,6523	-48,698	115,9450
12,6599	-48,700	115,9500
12,6542	-48,702	115,9550
12,6517	-48,704	115,9600
12,6538	-48,706	115,9650
12,6453	-48,708	115,9700
12,6453	-48,710	115,9750
12,6550	-48,712	115,9800
12,6625	-48,714	115,9850
12,6557	-48,717	115,9900
12,6616	-48,719	115,9950
12,6586	-48,721	116,0000
12,6491	-48,723	116,0050
12,6527	-48,725	116,0100
12,6596	-48,727	116,0150
12,6488	-48,729	116,0200
12,6446	-48,731	116,0250
12,6586	-48,733	116,0300
12,6585	-48,735	116,0350
12,6582	-48,738	116,0400
12,6693	-48,740	116,0450
12,6665	-48,742	116,0500
12,6595	-48,744	116,0550
12,6691	-48,746	116,0600
12,6688	-48,748	116,0650
12,6683	-48,750	116,0700
12,6742	-48,752	116,0750
12,6652	-48,754	116,0800
12,6532	-48,756	116,0850
12,6595	-48,759	116,0900
12,6680	-48,761	116,0950
12,6618	-48,763	116,1000
12,6633	-48,765	116,1050
12,6698	-48,767	116,1100
12,6673	-48,769	116,1150
12,6723	-48,771	116,1200
12,6811	-48,773	116,1250
12,6732	-48,775	116,1300
12,6743	-48,777	116,1350
12,6790	-48,780	116,1400
12,6700	-48,782	116,1450
12,6636	-48,784	116,1500
12,6728	-48,786	116,1550
12,6687	-48,788	116,1600
12,6692	-48,790	116,1650
12,6780	-48,792	116,1700
12,6852	-48,794	116,1750
12,6717	-48,796	116,1800
12,6722	-48,798	116,1850
12,6757	-48,801	116,1900
12,6663	-48,803	116,1950
12,6704	-48,805	116,2000
12,6823	-48,807	116,2050
12,6739	-48,809	116,2100
12,6700	-48,811	116,2150
12,6828	-48,813	116,2200
12,6786	-48,815	116,2250
12,6723	-48,817	116,2300
12,6841	-48,819	116,2350
12,6837	-48,822	116,2400
12,6755	-48,824	116,2450
12,6844	-48,826	116,2500
12,6838	-48,828	116,2550
12,6778	-48,830	116,2600
12,6827	-48,832	116,2650
12,6899	-48,834	116,2700
12,6823	-48,836	116,2750
12,6867	-48,838	116,2800
12,6917	-48,840	116,2850
12,6829	-48,843	116,2900
12,6862	-48,845	116,2950
12,6926	-48,847	116,3000
12,6863	-48,849	116,3050
12,6848	-48,851	116,3100
12,6917	-48,853	116,3150
12,6905	-48,855	116,3200
12,6878	-48,857	116,3250
12,6977	-48,859	116,3300
12,7032	-48,861	116,3350
12,6921	-48,864	116,3400
12,6917	-48,866	116,3450
12,6948	-48,868	116,3500
12,6916	-48,870	116,3550
12,6920	-48,872	116,3600
12,6989	-48,874	116,3650
12,6894	-48,876	116,3700
12,6926	-48,878	116,3750
12,6970	-48,880	116,3800
12,6932	-48,882	116,3850
12,6994	-48,885	116,3900
12,7039	-48,887	116,3950
12,6984	-48,889	116,4000
12,6969	-48,891	116,4050
12,7061	-48,893	116,4100
12,7033	-48,895	116,4150
12,6990	-48,897	116,4200
12,7063	-48,899	116,4250
12,7066	-48,901	116,4300
12,7006	-48,903	116,4350
12,7075	-48,906	116,4400
12,7073	-48,908	116,4450
12,7046	-48,910	116,4500
12,7069	-48,912	116,4550
12,7106	-48,914	116,4600
12,6952	-48,916	116,4650
12,6975	-48,918	116,4700
12,7090	-48,920	116,4750
12,7059	-48,922	116,4800
12,7081	-48,924	116,4850
12,7159	-48,927	116,4900
12,7106	-48,929	116,4950
12,7069	-48,931	116,5000
12,7181	-48,933	116,5050
12,7163	-48,935	116,5100
12,7117	-48,937	116,5150
12,7231	-48,939	116,5200
12,7195	-48,941	116,5250
12,7045	-48,943	116,5300
12,7121	-48,945	116,5350
12,7195	-48,948	116,5400
12,7202	-48,950	116,5450
12,7199	-48,952	116,5500
12,7232	-48,954	116,5550
12,7169	-48,956	116,5600
12,7192	-48,958	116,5650
12,7250	-48,960	116,5700
12,7249	-48,962	116,5750
12,7297	-48,964	116,5800
12,7363	-48,966	116,5850
12,7220	-48,969	116,5900
12,7155	-48,971	116,5950
12,7213	-48,973	116,6000
12,7245	-48,975	116,6050
12,7289	-48,977	116,6100
12,7351	-48,979	116,6150
12,7317	-48,981	116,6200
12,7184	-48,983	116,6250
12,7265	-48,985	116,6300
12,7320	-48,987	116,6350
12,7311	-48,990	116,6400
12,7286	-48,992	116,6450
12,7373	-48,994	116,6500
12,7290	-48,996	116,6550
12,7259	-48,998	116,6600
12,7365	-49,000	116,6650
12,7300	-49,002	116,6700
12,7271	-49,004	116,6750
12,7337	-49,006	116,6800
12,7308	-49,008	116,6850
12,7302	-49,011	116,6900
12,7360	-49,013	116,6950
12,7379	-49,015	116,7000
12,7291	-49,017	116,7050
12,7385	-49,019	116,7100
12,7384	-49,021	116,7150
12,7346	-49,023	116,7200
12,7445	-49,025	116,7250
12,7443	-49,027	116,7300
12,7344	-49,029	116,7350
12,7364	-49,032	116,7400
12,7438	-49,034	116,7450
12,7333	-49,036	116,7500
12,7385	-49,038	116,7550
12,7518	-49,040	116,7600
12,7396	-49,042	116,7650
12,7376	-49,044	116,7700
12,7463	-49,046	116,7750
12,7441	-49,048	116,7800
12,7426	-49,050	116,7850
12,7578	-49,053	116,7900
12,7619	-49,055	116,7950
12,7516	-49,057	116,8000
12,7553	-49,059	116,8050
12,7569	-49,061	116,8100
12,7465	-49,063	116,8150
12,7542	-49,065	116,8200
12,7583	-49,067	116,8250
12,7530	-49,069	116,8300
12,7517	-49,071	116,8350
12,7544	-49,074	116,8400
12,7474	-49,076	116,8450
12,7505	-49,078	116,8500
12,7569	-49,080	116,8550
12,7509	-49,082	116,8600
12,7471	-49,084	116,8650
12,7592	-49,086	116,8700
12,7583	-49,088	116,8750
12,7526	-49,090	116,8800
12,7591	-49,092	116,8850
12,7604	-49,095	116,8900
12,7493	-49,097	116,8950
12,7573	-49,099	116,9000
12,7637	-49,101	116,9050
12,7608	-49,103	116,9100
12,7581	-49,105	116,9150
12,7584	-49,107	116,9200
12,7581	-49,109	116,9250
12,7541	-49,111	116,9300
12,7590	-49,113	116,9350
12,7594	-49,116	116,9400
12,7612	-49,118	116,9450
12,7640	-49,120	116,9500
12,7561	-49,122	116,9550
12,7572	-49,124	116,9600
12,7712	-49,126	116,9650
12,7661	-49,128	116,9700
12,7612	-49,130	116,9750
12,7742	-49,132	116,9800
12,7843	-49,134	116,9850
12,7828	-49,137	116,9900
12,7802	-49,139	116,9950
12,7729	-49,141	117,0000
12,7628	-49,143	117,0050
12,7665	-49,145	117,0100
12,7657	-49,147	117,0150
12,7630	-49,149	117,0200
12,7647	-49,151	117,0250
12,7707	-49,153	117,0300
12,7660	-49,155	117,0350
12,7676	-49,158	117,0400
12,7741	-49,160	117,0450
12,7718	-49,162	117,0500
12,7667	-49,164	117,0550
12,7765	-49,166	117,0600
12,7748	-49,168	117,0650
12,7783	-49,170	117,0700
12,7862	-49,172	117,0750
12,7921	-49,174	117,0800
12,7841	-49,176	117,0850
12,7865	-49,179	117,0900
12,7871	-49,181	117,0950
12,7758	-49,183	117,1000
12,7754	-49,185	117,1050
12,7818	-49,187	117,1100
12,7849	-49,189	117,1150
12,7848	-49,191	117,1200
12,7851	-49,193	117,1250
12,7830	-49,195	117,1300
12,7898	-49,197	117,1350
12,8045	-49,200	117,1400
12,7992	-49,202	117,1450
12,7858	-49,204	117,1500
12,7870	-49,206	117,1550
12,7884	-49,208	117,1600
12,7889	-49,210	117,1650
12,7956	-49,212	117,1700
12,7971	-49,214	117,1750
12,7913	-49,216	117,1800
12,8000	-49,218	117,1850
12,8040	-49,221	117,1900
12,7964	-49,223	117,1950
12,7950	-49,225	117,2000
12,8023	-49,227	117,2050
12,8013	-49,229	117,2100
12,7947	-49,231	117,2150
12,7971	-49,233	117,2200
12,7989	-49,235	117,2250
12,7973	-49,237	117,2300
12,8034	-49,239	117,2350
12,7990	-49,242	117,2400
12,7895	-49,244	117,2450
12,7971	-49,246	117,2500
12,7959	-49,248	117,2550
12,7854	-49,250	117,2600
12,7930	-49,252	117,2650
12,8018	-49,254	117,2700
12,7975	-49,256	117,2750
12,7991	-49,258	117,2800
12,8093	-49,260	117,2850
12,8001	-49,263	117,2900
12,7973	-49,265	117,2950
12,8056	-49,267	117,3000
12,8091	-49,269	117,3050
12,8074	-49,271	117,3100
12,8138	-49,273	117,3150
12,8132	-49,275	117,3200
12,8062	-49,277	117,3250
12,8181	-49,279	117,3300
12,8187	-49,281	117,3350
12,8083	-49,284	117,3400
12,8181	-49,286	117,3450
12,8182	-49,288	117,3500
12,8115	-49,290	117,3550
12,8077	-49,292	117,3600
12,8123	-49,294	117,3650
12,8111	-49,296	117,3700
12,8177	-49,298	117,3750
12,8191	-49,300	117,3800
12,8141	-49,302	117,3850
12,8172	-49,305	117,3900
12,8194	-49,307	117,3950
12,8189	-49,309	117,4000
12,8167	-49,311	117,4050
12,8184	-49,313	117,4100
12,8213	-49,315	117,4150
12,8193	-49,317	117,4200
12,8267	-49,319	117,4250
12,8213	-49,321	117,4300
12,8115	-49,323	117,4350
12,8233	-49,326	117,4400
12,8230	-49,328	117,4450
12,8145	-49,330	117,4500
12,8184	-49,332	117,4550
12,8283	-49,334	117,4600
12,8230	-49,336	117,4650
12,8262	-49,338	117,4700
12,8358	-49,340	117,4750
12,8252	-49,342	117,4800
12,8171	-49,344	117,4850
12,8220	-49,347	117,4900
12,8225	-49,349	117,4950
12,8259	-49,351	117,5000
12,8379	-49,353	117,5050
12,8364	-49,355	117,5100
12,8296	-49,357	117,5150
12,8335	-49,359	117,5200
12,8356	-49,361	117,5250
12,8280	-49,363	117,5300
12,8390	-49,365	117,5350
12,8444	-49,368	117,5400
12,8319	-49,370	117,5450
12,8287	-49,372	117,5500
12,8431	-49,374	117,5550
12,8464	-49,376	117,5600
12,8462	-49,378	117,5650
12,8491	-49,380	117,5700
12,8440	-49,382	117,5750
12,8401	-49,384	117,5800
12,8419	-49,386	117,5850
12,8414	-49,389	117,5900
12,8410	-49,391	117,5950
12,8458	-49,393	117,6000
12,8461	-49,395	117,6050
12,8456	-49,397	117,6100
12,8512	-49,399	117,6150
12,8510	-49,401	117,6200
12,8463	-49,403	117,6250
12,8459	-49,405	117,6300
12,8515	-49,407	117,6350
12,8507	-49,410	117,6400
12,8525	-49,412	117,6450
12,8613	-49,414	117,6500
12,8502	-49,416	117,6550
12,8476	-49,418	117,6600
12,8546	-49,420	117,6650
12,8490	-49,422	117,6700
12,8491	-49,424	117,6750
12,8523	-49,426	117,6800
12,8461	-49,428	117,6850
12,8460	-49,431	117,6900
12,8538	-49,433	117,6950
12,8549	-49,435	117,7000
12,8500	-49,437	117,7050
12,8495	-49,439	117,7100
12,8523	-49,441	117,7150
12,8495	-49,443	117,7200
12,8530	-49,445	117,7250
12,8547	-49,447	117,7300
12,8465	-49,449	117,7350
12,8489	-49,452	117,7400
12,8597	-49,454	117,7450
12,8598	-49,456	117,7500
12,8618	-49,458	117,7550
12,8607	-49,460	117,7600
12,8565	-49,462	117,7650
12,8566	-49,464	117,7700
12,8786	-49,466	117,7750
12,8814	-49,468	117,7800
12,8757	-49,470	117,7850
12,8777	-49,473	117,7900
12,8750	-49,475	117,7950
12,8718	-49,477	117,8000
12,8804	-49,479	117,8050
12,8769	-49,481	117,8100
12,8634	-49,483	117,8150
12,8684	-49,485	117,8200
12,8683	-49,487	117,8250
12,8611	-49,489	117,8300
12,8675	-49,491	117,8350
12,8792	-49,494	117,8400
12,8753	-49,496	117,8450
12,8780	-49,498	117,8500
12,8861	-49,500	117,8550
12,8764	-49,502	117,8600
12,8686	-49,504	117,8650
12,8757	-49,506	117,8700
12,8790	-49,508	117,8750
12,8759	-49,510	117,8800
12,8810	-49,512	117,8850
12,8885	-49,515	117,8900
12,8819	-49,517	117,8950
12,8857	-49,519	117,9000
12,8904	-49,521	117,9050
12,8776	-49,523	117,9100
12,8760	-49,525	117,9150
12,8899	-49,527	117,9200
12,8800	-49,529	117,9250
12,8783	-49,531	117,9300
12,8811	-49,533	117,9350
12,8771	-49,536	117,9400
12,8811	-49,538	117,9450
12,8885	-49,540	117,9500
12,8837	-49,542	117,9550
12,8755	-49,544	117,9600
12,8862	-49,546	117,9650
12,8892	-49,548	117,9700
12,8842	-49,550	117,9750
12,8892	-49,552	117,9800
12,8900	-49,554	117,9850
12,8796	-49,557	117,9900
12,8799	-49,559	117,9950
12,8918	-49,561	118,0000
12,8927	-49,563	118,0050
12,9018	-49,565	118,0100
12,9076	-49,567	118,0150
12,8887	-49,569	118,0200
12,8797	-49,571	118,0250
12,8883	-49,573	118,0300
12,8842	-49,575	118,0350
12,8889	-49,578	118,0400
12,8983	-49,580	118,0450
12,8914	-49,582	118,0500
12,8847	-49,584	118,0550
12,8976	-49,586	118,0600
12,9004	-49,588	118,0650
12,8938	-49,590	118,0700
12,8987	-49,592	118,0750
12,9045	-49,594	118,0800
12,8957	-49,596	118,0850
12,8985	-49,599	118,0900
12,8978	-49,601	118,0950
12,8934	-49,603	118,1000
12,8956	-49,605	118,1050
12,9007	-49,607	118,1100
12,8985	-49,609	118,1150
12,9036	-49,611	118,1200
12,9185	-49,613	118,1250
12,9048	-49,615	118,1300
12,8965	-49,617	118,1350
12,9086	-49,620	118,1400
12,9064	-49,622	118,1450
12,8996	-49,624	118,1500
12,9098	-49,626	118,1550
12,9080	-49,628	118,1600
12,8996	-49,630	118,1650
12,9055	-49,632	118,1700
12,9089	-49,634	118,1750
12,9075	-49,636	118,1800
12,9212	-49,638	118,1850
12,9213	-49,641	118,1900
12,9097	-49,643	118,1950
12,9113	-49,645	118,2000
12,9219	-49,647	118,2050
12,9160	-49,649	118,2100
12,9150	-49,651	118,2150
12,9207	-49,653	118,2200
12,9133	-49,655	118,2250
12,9146	-49,657	118,2300
12,9230	-49,659	118,2350
12,9124	-49,662	118,2400
12,9051	-49,664	118,2450
12,9205	-49,666	118,2500
12,9224	-49,668	118,2550
12,9186	-49,670	118,2600
12,9243	-49,672	118,2650
12,9297	-49,674	118,2700
12,9161	-49,676	118,2750
12,9247	-49,678	118,2800
12,9301	-49,680	118,2850
12,9194	-49,683	118,2900
12,9195	-49,685	118,2950
12,9260	-49,687	118,3000
12,9210	-49,689	118,3050
12,9175	-49,691	118,3100
12,9308	-49,693	118,3150
12,9305	-49,695	118,3200
12,9262	-49,697	118,3250
12,9345	-49,699	118,3300
12,9338	-49,701	118,3350
12,9268	-49,704	118,3400
12,9326	-49,706	118,3450
12,9321	-49,708	118,3500
12,9283	-49,710	118,3550
12,9271	-49,712	118,3600
12,9305	-49,714	118,3650
12,9239	-49,716	118,3700
12,9265	-49,718	118,3750
12,9325	-49,720	118,3800
12,9339	-49,722	118,3850
12,9377	-49,725	118,3900
12,9423	-49,727	118,3950
12,9319	-49,729	118,4000
12,9235	-49,731	118,4050
12,9327	-49,733	118,4100
12,9334	-49,735	118,4150
12,9313	-49,737	118,4200
12,9378	-49,739	118,4250
12,9356	-49,741	118,4300
12,9327	-49,743	118,4350
12,9405	-49,746	118,4400
12,9452	-49,748	118,4450
12,9389	-49,750	118,4500
12,9383	-49,752	118,4550
12,9452	-49,754	118,4600
12,9419	-49,756	118,4650
12,9447	-49,758	118,4700
12,9497	-49,760	118,4750
12,9424	-49,762	118,4800
12,9371	-49,764	118,4850
12,9465	-49,767	118,4900
12,9447	-49,769	118,4950
12,9408	-49,771	118,5000
12,9466	-49,773	118,5050
12,9470	-49,775	118,5100
12,9444	-49,777	118,5150
12,9465	-49,779	118,5200
12,9493	-49,781	118,5250
12,9517	-49,783	118,5300
12,9605	-49,785	118,5350
12,9590	-49,788	118,5400
12,9576	-49,790	118,5450
12,9587	-49,792	118,5500
12,9660	-49,794	118,5550
12,9550	-49,796	118,5600
12,9555	-49,798	118,5650
12,9598	-49,800	118,5700
12,9544	-49,802	118,5750
12,9549	-49,804	118,5800
12,9694	-49,806	118,5850
12,9645	-49,809	118,5900
12,9595	-49,811	118,5950
12,9677	-49,813	118,6000
12,9611	-49,815	118,6050
12,9495	-49,817	118,6100
12,9589	-49,819	118,6150
12,9620	-49,821	118,6200
12,9584	-49,823	118,6250
12,9626	-49,825	118,6300
12,9679	-49,827	118,6350
12,9694	-49,830	118,6400
12,9664	-49,832	118,6450
12,9701	-49,834	118,6500
12,9637	-49,836	118,6550
12,9639	-49,838	118,6600
12,9715	-49,840	118,6650
12,9671	-49,842	118,6700
12,9653	-49,844	118,6750
12,9779	-49,846	118,6800
12,9791	-49,848	118,6850
12,9753	-49,851	118,6900
12,9877	-49,853	118,6950
12,9864	-49,855	118,7000
12,9723	-49,857	118,7050
12,9739	-49,859	118,7100
12,9752	-49,861	118,7150
12,9659	-49,863	118,7200
12,9732	-49,865	118,7250
12,9786	-49,867	118,7300
12,9750	-49,869	118,7350
12,9768	-49,872	118,7400
12,9808	-49,874	118,7450
12,9734	-49,876	118,7500
12,9744	-49,878	118,7550
12,9794	-49,880	118,7600
12,9750	-49,882	118,7650
12,9755	-49,884	118,7700
12,9817	-49,886	118,7750
12,9770	-49,888	118,7800
12,9812	-49,890	118,7850
12,9865	-49,893	118,7900
12,9826	-49,895	118,7950
12,9798	-49,897	118,8000
12,9845	-49,899	118,8050
12,9839	-49,901	118,8100
12,9731	-49,903	118,8150
12,9817	-49,905	118,8200
12,9852	-49,907	118,8250
12,9894	-49,909	118,8300
12,9895	-49,911	118,8350
12,9922	-49,914	118,8400
12,9792	-49,916	118,8450
12,9811	-49,918	118,8500
12,9948	-49,920	118,8550
12,9952	-49,922	118,8600
12,9937	-49,924	118,8650
13,0008	-49,926	118,8700
12,9919	-49,928	118,8750
12,9818	-49,930	118,8800
12,9910	-49,932	118,8850
12,9953	-49,935	118,8900
12,9831	-49,937	118,8950
12,9854	-49,939	118,9000
12,9887	-49,941	118,9050
12,9897	-49,943	118,9100
13,0000	-49,945	118,9150
13,0010	-49,947	118,9200
13,0020	-49,949	118,9250
13,0003	-49,951	118,9300
13,0046	-49,953	118,9350
13,0012	-49,956	118,9400
13,0008	-49,958	118,9450
13,0056	-49,960	118,9500
13,0044	-49,962	118,9550
13,0005	-49,964	118,9600
13,0085	-49,966	118,9650
13,0105	-49,968	118,9700
12,9999	-49,970	118,9750
13,0021	-49,972	118,9800
13,0097	-49,974	118,9850
13,0036	-49,977	118,9900
13,0072	-49,979	118,9950
13,0058	-49,981	119,0000
12,9982	-49,983	119,0050
13,0034	-49,985	119,0100
13,0069	-49,987	119,0150
13,0093	-49,989	119,0200
13,0111	-49,991	119,0250
13,0178	-49,993	119,0300
13,0073	-49,995	119,0350
13,0063	-49,998	119,0400
13,0191	-50,000	119,0450
13,0154	-50,002	119,0500
13,0030	-50,004	119,0550
13,0146	-50,006	119,0600
13,0200	-50,008	119,0650
13,0131	-50,010	119,0700
13,0165	-50,012	119,0750
13,0223	-50,014	119,0800
13,0171	-50,016	119,0850
13,0181	-50,019	119,0900
13,0178	-50,021	119,0950
13,0111	-50,023	119,1000
13,0103	-50,025	119,1050
13,0176	-50,027	119,1100
13,0211	-50,029	119,1150
13,0231	-50,031	119,1200
13,0295	-50,033	119,1250
13,0187	-50,035	119,1300
13,0163	-50,037	119,1350
13,0274	-50,040	119,1400
13,0286	-50,042	119,1450
13,0259	-50,044	119,1500
13,0291	-50,046	119,1550
13,0250	-50,048	119,1600
13,0220	-50,050	119,1650
13,0293	-50,052	119,1700
13,0346	-50,054	119,1750
13,0255	-50,056	119,1800
13,0200	-50,058	119,1850
13,0225	-50,061	119,1900
13,0244	-50,063	119,1950
13,0262	-50,065	119,2000
13,0345	-50,067	119,2050
13,0331	-50,069	119,2100
13,0296	-50,071	119,2150
13,0358	-50,073	119,2200
13,0287	-50,075	119,2250
13,0261	-50,077	119,2300
13,0399	-50,079	119,2350
13,0402	-50,082	119,2400
13,0367	-50,084	119,2450
13,0477	-50,086	119,2500
13,0442	-50,088	119,2550
13,0392	-50,090	119,2600
13,0411	-50,092	119,2650
13,0430	-50,094	119,2700
13,0318	-50,096	119,2750
13,0355	-50,098	119,2800
13,0404	-50,100	119,2850
13,0394	-50,103	119,2900
13,0417	-50,105	119,2950
13,0389	-50,107	119,3000
13,0385	-50,109	119,3050
13,0381	-50,111	119,3100
13,0487	-50,113	119,3150
13,0474	-50,115	119,3200
13,0446	-50,117	119,3250
13,0492	-50,119	119,3300
13,0413	-50,121	119,3350
13,0356	-50,124	119,3400
13,0474	-50,126	119,3450
13,0521	-50,128	119,3500
13,0462	-50,130	119,3550
13,0460	-50,132	119,3600
13,0546	-50,134	119,3650
13,0501	-50,136	119,3700
13,0507	-50,138	119,3750
13,0550	-50,140	119,3800
13,0468	-50,142	119,3850
13,0493	-50,145	119,3900
13,0578	-50,147	119,3950
13,0587	-50,149	119,4000
13,0540	-50,151	119,4050
13,0557	-50,153	119,4100
13,0550	-50,155	119,4150
13,0529	-50,157	119,4200
13,0551	-50,159	119,4250
13,0599	-50,161	119,4300
13,0619	-50,163	119,4350
13,0625	-50,166	119,4400
13,0660	-50,168	119,4450
13,0644	-50,170	119,4500
13,0696	-50,172	119,4550
13,0721	-50,174	119,4600
13,0526	-50,176	119,4650
13,0475	-50,178	119,4700
13,0605	-50,180	119,4750
13,0540	-50,182	119,4800
13,0502	-50,184	119,4850
13,0595	-50,187	119,4900
13,0583	-50,189	119,4950
13,0620	-50,191	119,5000
13,0796	-50,193	119,5050
13,0722	-50,195	119,5100
13,0601	-50,197	119,5150
13,0663	-50,199	119,5200
13,0653	-50,201	119,5250
13,0639	-50,203	119,5300
13,0792	-50,205	119,5350
13,0867	-50,208	119,5400
13,0826	-50,210	119,5450
13,0751	-50,212	119,5500
13,0769	-50,214	119,5550
13,0709	-50,216	119,5600
13,0702	-50,218	119,5650
13,0696	-50,220	119,5700
13,0651	-50,222	119,5750
13,0644	-50,224	119,5800
13,0708	-50,226	119,5850
13,0707	-50,229	119,5900
13,0667	-50,231	119,5950
13,0812	-50,233	119,6000
13,0838	-50,235	119,6050
13,0761	-50,237	119,6100
13,0855	-50,239	119,6150
13,0833	-50,241	119,6200
13,0713	-50,243	119,6250
13,0787	-50,245	119,6300
13,0769	-50,247	119,6350
13,0725	-50,250	119,6400
13,0809	-50,252	119,6450
13,0939	-50,254	119,6500
13,0898	-50,256	119,6550
13,0958	-50,258	119,6600
13,0895	-50,260	119,6650
13,0788	-50,262	119,6700
13,0826	-50,264	119,6750
13,0916	-50,266	119,6800
13,0918	-50,268	119,6850
13,0880	-50,271	119,6900
13,0962	-50,273	119,6950
13,0981	-50,275	119,7000
13,0889	-50,277	119,7050
13,0966	-50,279	119,7100
13,0967	-50,281	119,7150
13,0819	-50,283	119,7200
13,0887	-50,285	119,7250
13,0903	-50,287	119,7300
13,0871	-50,289	119,7350
13,0923	-50,292	119,7400
13,1021	-50,294	119,7450
13,0929	-50,296	119,7500
13,0989	-50,298	119,7550
13,1070	-50,300	119,7600
13,1042	-50,302	119,7650
13,0988	-50,304	119,7700
13,1042	-50,306	119,7750
13,0991	-50,308	119,7800
13,0979	-50,310	119,7850
13,1071	-50,313	119,7900
13,1085	-50,315	119,7950
13,1022	-50,317	119,8000
13,1086	-50,319	119,8050
13,1121	-50,321	119,8100
13,0988	-50,323	119,8150
13,1009	-50,325	119,8200
13,1062	-50,327	119,8250
13,1008	-50,329	119,8300
13,1039	-50,331	119,8350
13,1122	-50,334	119,8400
13,1020	-50,336	119,8450
13,1043	-50,338	119,8500
13,1134	-50,340	119,8550
13,1028	-50,342	119,8600
13,0973	-50,344	119,8650
13,1061	-50,346	119,8700
13,1017	-50,348	119,8750
13,1015	-50,350	119,8800
13,1127	-50,352	119,8850
13,1150	-50,355	119,8900
13,1075	-50,357	119,8950
13,1132	-50,359	119,9000
13,1126	-50,361	119,9050
13,1060	-50,363	119,9100
13,1123	-50,365	119,9150
13,1225	-50,367	119,9200
13,1201	-50,369	119,9250
13,1214	-50,371	119,9300
13,1252	-50,373	119,9350
13,1131	-50,376	119,9400
13,1107	-50,378	119,9450
13,1242	-50,380	119,9500
13,1248	-50,382	119,9550
13,1245	-50,384	119,9600
13,1299	-50,386	119,9650
13,1244	-50,388	119,9700
13,1197	-50,390	119,9750
13,1292	-50,392	119,9800
13,1327	-50,394	119,9850
13,1268	-50,397	119,9900
13,1264	-50,399	119,9950
13,1317	-50,401	120,0000
13,1227	-50,403	120,0050
13,1262	-50,405	120,0100
13,1327	-50,407	120,0150
13,1295	-50,409	120,0200
13,1210	-50,411	120,0250
13,1264	-50,413	120,0300
13,1258	-50,415	120,0350
13,1341	-50,418	120,0400
13,1432	-50,420	120,0450
13,1331	-50,422	120,0500
13,1182	-50,424	120,0550
13,1295	-50,426	120,0600
13,1323	-50,428	120,0650
13,1234	-50,430	120,0700
13,1306	-50,432	120,0750
13,1335	-50,434	120,0800
13,1295	-50,436	120,0850
13,1349	-50,439	120,0900
13,1443	-50,441	120,0950
13,1414	-50,443	120,1000
13,1458	-50,445	120,1050
13,1463	-50,447	120,1100
13,1373	-50,449	120,1150
13,1315	-50,451	120,1200
13,1373	-50,453	120,1250
13,1378	-50,455	120,1300
13,1367	-50,457	120,1350
13,1466	-50,460	120,1400
13,1462	-50,462	120,1450
13,1424	-50,464	120,1500
13,1495	-50,466	120,1550
13,1477	-50,468	120,1600
13,1360	-50,470	120,1650
13,1412	-50,472	120,1700
13,1459	-50,474	120,1750
13,1428	-50,476	120,1800
13,1495	-50,478	120,1850
13,1511	-50,481	120,1900
13,1392	-50,483	120,1950
13,1501	-50,485	120,2000
13,1524	-50,487	120,2050
13,1424	-50,489	120,2100
13,1429	-50,491	120,2150
13,1573	-50,493	120,2200
13,1513	-50,495	120,2250
13,1476	-50,497	120,2300
13,1554	-50,499	120,2350
13,1538	-50,502	120,2400
13,1525	-50,504	120,2450
13,1589	-50,506	120,2500
13,1637	-50,508	120,2550
13,1613	-50,510	120,2600
13,1657	-50,512	120,2650
13,1661	-50,514	120,2700
13,1550	-50,516	120,2750
13,1646	-50,518	120,2800
13,1721	-50,520	120,2850
13,1601	-50,523	120,2900
13,1587	-50,525	120,2950
13,1661	-50,527	120,3000
13,1595	-50,529	120,3050
13,1535	-50,531	120,3100
13,1663	-50,533	120,3150
13,1657	-50,535	120,3200
13,1593	-50,537	120,3250
13,1671	-50,539	120,3300
13,1677	-50,541	120,3350
13,1612	-50,544	120,3400
13,1759	-50,546	120,3450
13,1704	-50,548	120,3500
13,1608	-50,550	120,3550
13,1667	-50,552	120,3600
13,1720	-50,554	120,3650
13,1676	-50,556	120,3700
13,1671	-50,558	120,3750
13,1728	-50,560	120,3800
13,1656	-50,562	120,3850
13,1657	-50,565	120,3900
13,1746	-50,567	120,3950
13,1733	-50,569	120,4000
13,1681	-50,571	120,4050
13,1777	-50,573	120,4100
13,1745	-50,575	120,4150
13,1705	-50,577	120,4200
13,1737	-50,579	120,4250
13,1711	-50,581	120,4300
13,1700	-50,583	120,4350
13,1865	-50,586	120,4400
13,1866	-50,588	120,4450
13,1761	-50,590	120,4500
13,1774	-50,592	120,4550
13,1841	-50,594	120,4600
13,1774	-50,596	120,4650
13,1810	-50,598	120,4700
13,1852	-50,600	120,4750
13,1839	-50,602	120,4800
13,1805	-50,604	120,4850
13,1911	-50,607	120,4900
13,1872	-50,609	120,4950
13,1778	-50,611	120,5000
13,1830	-50,613	120,5050
13,1853	-50,615	120,5100
13,1787	-50,617	120,5150
13,1841	-50,619	120,5200
13,1854	-50,621	120,5250
13,1791	-50,623	120,5300
13,1867	-50,625	120,5350
13,1875	-50,628	120,5400
13,1848	-50,630	120,5450
13,1856	-50,632	120,5500
13,1985	-50,634	120,5550
13,1896	-50,636	120,5600
13,1872	-50,638	120,5650
13,1936	-50,640	120,5700
13,1928	-50,642	120,5750
13,1908	-50,644	120,5800
13,1980	-50,646	120,5850
13,1954	-50,649	120,5900
13,1873	-50,651	120,5950
13,1921	-50,653	120,6000
13,1934	-50,655	120,6050
13,1951	-50,657	120,6100
13,2011	-50,659	120,6150
13,1995	-50,661	120,6200
13,1895	-50,663	120,6250
13,1939	-50,665	120,6300
13,1998	-50,667	120,6350
13,2056	-50,670	120,6400
13,2049	-50,672	120,6450
13,2076	-50,674	120,6500
13,1961	-50,676	120,6550
13,2007	-50,678	120,6600
13,2086	-50,680	120,6650
13,2008	-50,682	120,6700
13,2025	-50,684	120,6750
13,2042	-50,686	120,6800
13,1947	-50,688	120,6850
13,1963	-50,691	120,6900
13,2133	-50,693	120,6950
13,2167	-50,695	120,7000
13,2102	-50,697	120,7050
13,2147	-50,699	120,7100
13,2132	-50,701	120,7150
13,2013	-50,703	120,7200
13,2065	-50,705	120,7250
13,2068	-50,707	120,7300
13,2061	-50,709	120,7350
13,2105	-50,712	120,7400
13,2144	-50,714	120,7450
13,2050	-50,716	120,7500
13,2106	-50,718	120,7550
13,2210	-50,720	120,7600
13,2157	-50,722	120,7650
13,2120	-50,724	120,7700
13,2132	-50,726	120,7750
13,2096	-50,728	120,7800
13,2122	-50,730	120,7850
13,2215	-50,733	120,7900
13,2189	-50,735	120,7950
13,2095	-50,737	120,8000
13,2168	-50,739	120,8050
13,2264	-50,741	120,8100
13,2253	-50,743	120,8150
13,2287	-50,745	120,8200
13,2313	-50,747	120,8250
13,2334	-50,749	120,8300
13,2298	-50,751	120,8350
13,2298	-50,754	120,8400
13,2208	-50,756	120,8450
13,2226	-50,758	120,8500
13,2334	-50,760	120,8550
13,2234	-50,762	120,8600
13,2160	-50,764	120,8650
13,2254	-50,766	120,8700
13,2246	-50,768	120,8750
13,2181	-50,770	120,8800
13,2257	-50,772	120,8850
13,2403	-50,775	120,8900
13,2391	-50,777	120,8950
13,2405	-50,779	120,9000
13,2358	-50,781	120,9050
13,2249	-50,783	120,9100
13,2317	-50,785	120,9150
13,2375	-50,787	120,9200
13,2363	-50,789	120,9250
13,2323	-50,791	120,9300
13,2348	-50,793	120,9350
13,2338	-50,796	120,9400
13,2321	-50,798	120,9450
13,2415	-50,800	120,9500
13,2402	-50,802	120,9550
13,2370	-50,804	120,9600
13,2428	-50,806	120,9650
13,2390	-50,808	120,9700
13,2303	-50,810	120,9750
13,2447	-50,812	120,9800
13,2494	-50,814	120,9850
13,2409	-50,817	120,9900
13,2445	-50,819	120,9950
13,2446	-50,821	121,0000
13,2310	-50,823	121,0050
13,2349	-50,825	121,0100
13,2440	-50,827	121,0150
13,2420	-50,829	121,0200
13,2454	-50,831	121,0250
13,2594	-50,833	121,0300
13,2515	-50,835	121,0350
13,2500	-50,838	121,0400
13,2494	-50,840	121,0450
13,2435	-50,842	121,0500
13,2469	-50,844	121,0550
13,2550	-50,846	121,0600
13,2544	-50,848	121,0650
13,2529	-50,850	121,0700
13,2538	-50,852	121,0750
13,2527	-50,854	121,0800
13,2465	-50,856	121,0850
13,2522	-50,859	121,0900
13,2581	-50,861	121,0950
13,2524	-50,863	121,1000
13,2623	-50,865	121,1050
13,2638	-50,867	121,1100
13,2577	-50,869	121,1150
13,2588	-50,871	121,1200
13,2629	-50,873	121,1250
13,2515	-50,875	121,1300
13,2523	-50,877	121,1350
13,2645	-50,880	121,1400
13,2707	-50,882	121,1450
13,2649	-50,884	121,1500
13,2645	-50,886	121,1550
13,2589	-50,888	121,1600
13,2603	-50,890	121,1650
13,2721	-50,892	121,1700
13,2734	-50,894	121,1750
13,2584	-50,896	121,1800
13,2627	-50,898	121,1850
13,2679	-50,901	121,1900
13,2589	-50,903	121,1950
13,2572	-50,905	121,2000
13,2688	-50,907	121,2050
13,2703	-50,909	121,2100
13,2708	-50,911	121,2150
13,2838	-50,913	121,2200
13,2835	-50,915	121,2250
13,2777	-50,917	121,2300
13,2779	-50,919	121,2350
13,2724	-50,922	121,2400
13,2647	-50,924	121,2450
13,2727	-50,926	121,2500
13,2776	-50,928	121,2550
13,2715	-50,930	121,2600
13,2718	-50,932	121,2650
13,2796	-50,934	121,2700
13,2805	-50,936	121,2750
13,2827	-50,938	121,2800
13,2790	-50,940	121,2850
13,2712	-50,943	121,2900
13,2813	-50,945	121,2950
13,2893	-50,947	121,3000
13,2810	-50,949	121,3050
13,2725	-50,951	121,3100
13,2758	-50,953	121,3150
13,2708	-50,955	121,3200
13,2766	-50,957	121,3250
13,2863	-50,959	121,3300
13,2828	-50,961	121,3350
13,2774	-50,964	121,3400
13,2824	-50,966	121,3450
13,2841	-50,968	121,3500
13,2807	-50,970	121,3550
13,2831	-50,972	121,3600
13,2916	-50,974	121,3650
13,2794	-50,976	121,3700
13,2810	-50,978	121,3750
13,2888	-50,980	121,3800
13,2832	-50,982	121,3850
13,2829	-50,985	121,3900
13,2894	-50,987	121,3950
13,2845	-50,989	121,4000
13,2836	-50,991	121,4050
13,2923	-50,993	121,4100
13,2882	-50,995	121,4150
13,2890	-50,997	121,4200
13,3022	-50,999	121,4250
13,3068	-51,001	121,4300
13,2979	-51,003	121,4350
13,2993	-51,006	121,4400
13,2995	-51,008	121,4450
13,2925	-51,010	121,4500
13,2955	-51,012	121,4550
13,3068	-51,014	121,4600
13,3034	-51,016	121,4650
13,3059	-51,018	121,4700
13,3048	-51,020	121,4750
13,2962	-51,022	121,4800
13,2956	-51,024	121,4850
13,3082	-51,027	121,4900
13,3118	-51,029	121,4950
13,3041	-51,031	121,5000
13,3101	-51,033	121,5050
13,3074	-51,035	121,5100
13,3027	-51,037	121,5150
13,3026	-51,039	121,5200
13,3058	-51,041	121,5250
13,3016	-51,043	121,5300
13,3098	-51,045	121,5350
13,3146	-51,048	121,5400
13,3121	-51,050	121,5450
13,3111	-51,052	121,5500
13,3181	-51,054	121,5550
13,3097	-51,056	121,5600
13,3050	-51,058	121,5650
13,3125	-51,060	121,5700
13,3146	-51,062	121,5750
13,3137	-51,064	121,5800
13,3162	-51,066	121,5850
13,3146	-51,069	121,5900
13,3113	-51,071	121,5950
13,3147	-51,073	121,6000
13,3147	-51,075	121,6050
13,3139	-51,077	121,6100
13,3193	-51,079	121,6150
13,3217	-51,081	121,6200
13,3196	-51,083	121,6250
13,3260	-51,085	121,6300
13,3173	-51,087	121,6350
13,3101	-51,090	121,6400
13,3138	-51,092	121,6450
13,3223	-51,094	121,6500
13,3222	-51,096	121,6550
13,3277	-51,098	121,6600
13,3308	-51,100	121,6650
13,3217	-51,102	121,6700
13,3179	-51,104	121,6750
13,3288	-51,106	121,6800
13,3267	-51,108	121,6850
13,3168	-51,111	121,6900
13,3270	-51,113	121,6950
13,3276	-51,115	121,7000
13,3220	-51,117	121,7050
13,3271	-51,119	121,7100
13,3191	-51,121	121,7150
13,3116	-51,123	121,7200
13,3179	-51,125	121,7250
13,3220	-51,127	121,7300
13,3235	-51,129	121,7350
13,3320	-51,132	121,7400
13,3416	-51,134	121,7450
13,3351	-51,136	121,7500
13,3322	-51,138	121,7550
13,3400	-51,140	121,7600
13,3366	-51,142	121,7650
13,3335	-51,144	121,7700
13,3374	-51,146	121,7750
13,3302	-51,148	121,7800
13,3253	-51,150	121,7850
13,3392	-51,153	121,7900
13,3417	-51,155	121,7950
13,3388	-51,157	121,8000
13,3448	-51,159	121,8050
13,3425	-51,161	121,8100
13,3353	-51,163	121,8150
13,3414	-51,165	121,8200
13,3489	-51,167	121,8250
13,3378	-51,169	121,8300
13,3359	-51,171	121,8350
13,3504	-51,174	121,8400
13,3500	-51,176	121,8450
13,3491	-51,178	121,8500
13,3578	-51,180	121,8550
13,3540	-51,182	121,8600
13,3501	-51,184	121,8650
13,3547	-51,186	121,8700
13,3531	-51,188	121,8750
13,3484	-51,190	121,8800
13,3519	-51,192	121,8850
13,3527	-51,195	121,8900
13,3464	-51,197	121,8950
13,3545	-51,199	121,9000
13,3477	-51,201	121,9050
13,3472	-51,203	121,9100
13,3550	-51,205	121,9150
13,3578	-51,207	121,9200
13,3489	-51,209	121,9250
13,3457	-51,211	121,9300
13,3602	-51,213	121,9350
13,3536	-51,216	121,9400
13,3532	-51,218	121,9450
13,3614	-51,220	121,9500
13,3564	-51,222	121,9550
13,3531	-51,224	121,9600
13,3605	-51,226	121,9650
13,3681	-51,228	121,9700
13,3630	-51,230	121,9750
13,3608	-51,232	121,9800
13,3605	-51,234	121,9850
13,3502	-51,237	121,9900
13,3544	-51,239	121,9950
13,3654	-51,241	122,0000
13,3689	-51,243	122,0050
13,3745	-51,245	122,0100
13,3802	-51,247	122,0150
13,3726	-51,249	122,0200
13,3667	-51,251	122,0250
13,3701	-51,253	122,0300
13,3650	-51,255	122,0350
13,3596	-51,258	122,0400
13,3639	-51,260	122,0450
13,3668	-51,262	122,0500
13,3680	-51,264	122,0550
13,3766	-51,266	122,0600
13,3730	-51,268	122,0650
13,3692	-51,270	122,0700
13,3725	-51,272	122,0750
13,3807	-51,274	122,0800
13,3760	-51,276	122,0850
13,3745	-51,279	122,0900
13,3703	-51,281	122,0950
13,3641	-51,283	122,1000
13,3689	-51,285	122,1050
13,3772	-51,287	122,1100
13,3753	-51,289	122,1150
13,3753	-51,291	122,1200
13,3842	-51,293	122,1250
13,3759	-51,295	122,1300
13,3684	-51,297	122,1350
13,3834	-51,300	122,1400
13,3793	-51,302	122,1450
13,3743	-51,304	122,1500
13,3763	-51,306	122,1550
13,3773	-51,308	122,1600
13,3764	-51,310	122,1650
13,3830	-51,312	122,1700
13,3920	-51,314	122,1750
13,3813	-51,316	122,1800
13,3897	-51,318	122,1850
13,3946	-51,321	122,1900
13,3937	-51,323	122,1950
13,3954	-51,325	122,2000
13,3929	-51,327	122,2050
13,3874	-51,329	122,2100
13,3866	-51,331	122,2150
13,3971	-51,333	122,2200
13,3899	-51,335	122,2250
13,3845	-51,337	122,2300
13,3916	-51,339	122,2350
13,3900	-51,342	122,2400
13,3842	-51,344	122,2450
13,3922	-51,346	122,2500
13,3919	-51,348	122,2550
13,3875	-51,350	122,2600
13,3915	-51,352	122,2650
13,3917	-51,354	122,2700
13,3872	-51,356	122,2750
13,3949	-51,358	122,2800
13,3980	-51,360	122,2850
13,3935	-51,363	122,2900
13,3976	-51,365	122,2950
13,4085	-51,367	122,3000
13,4016	-51,369	122,3050
13,3931	-51,371	122,3100
13,4025	-51,373	122,3150
13,4056	-51,375	122,3200
13,4053	-51,377	122,3250
13,4069	-51,379	122,3300
13,3998	-51,381	122,3350
13,3946	-51,384	122,3400
13,4013	-51,386	122,3450
13,4007	-51,388	122,3500
13,4064	-51,390	122,3550
13,4131	-51,392	122,3600
13,4166	-51,394	122,3650
13,4085	-51,396	122,3700
13,4065	-51,398	122,3750
13,4092	-51,400	122,3800
13,3998	-51,402	122,3850
13,4025	-51,405	122,3900
13,4139	-51,407	122,3950
13,4108	-51,409	122,4000
13,4084	-51,411	122,4050
13,4114	-51,413	122,4100
13,4074	-51,415	122,4150
13,4091	-51,417	122,4200
13,4201	-51,419	122,4250
13,4164	-51,421	122,4300
13,4144	-51,423	122,4350
13,4162	-51,426	122,4400
13,4166	-51,428	122,4450
13,4075	-51,430	122,4500
13,4154	-51,432	122,4550
13,4212	-51,434	122,4600
13,4112	-51,436	122,4650
13,4135	-51,438	122,4700
13,4211	-51,440	122,4750
13,4135	-51,442	122,4800
13,4181	-51,444	122,4850
13,4277	-51,447	122,4900
13,4263	-51,449	122,4950
13,4252	-51,451	122,5000
13,4320	-51,453	122,5050
13,4330	-51,455	122,5100
13,4233	-51,457	122,5150
13,4264	-51,459	122,5200
13,4239	-51,461	122,5250
13,4194	-51,463	122,5300
13,4309	-51,465	122,5350
13,4353	-51,468	122,5400
13,4360	-51,470	122,5450
13,4325	-51,472	122,5500
13,4312	-51,474	122,5550
13,4215	-51,476	122,5600
13,4242	-51,478	122,5650
13,4268	-51,480	122,5700
13,4245	-51,482	122,5750
13,4272	-51,484	122,5800
13,4331	-51,486	122,5850
13,4279	-51,489	122,5900
13,4263	-51,491	122,5950
13,4426	-51,493	122,6000
13,4438	-51,495	122,6050
13,4331	-51,497	122,6100
13,4417	-51,499	122,6150
13,4355	-51,501	122,6200
13,4237	-51,503	122,6250
13,4314	-51,505	122,6300
13,4351	-51,507	122,6350
13,4360	-51,510	122,6400
13,4343	-51,512	122,6450
13,4463	-51,514	122,6500
13,4458	-51,516	122,6550
13,4399	-51,518	122,6600
13,4407	-51,520	122,6650
13,4399	-51,522	122,6700
13,4409	-51,524	122,6750
13,4570	-51,526	122,6800
13,4581	-51,528	122,6850
13,4516	-51,531	122,6900
13,4506	-51,533	122,6950
13,4485	-51,535	122,7000
13,4427	-51,537	122,7050
13,4500	-51,539	122,7100
13,4519	-51,541	122,7150
13,4399	-51,543	122,7200
13,4464	-51,545	122,7250
13,4478	-51,547	122,7300
13,4480	-51,549	122,7350
13,4520	-51,552	122,7400
13,4523	-51,554	122,7450
13,4472	-51,556	122,7500
13,4522	-51,558	122,7550
13,4610	-51,560	122,7600
13,4621	-51,562	122,7650
13,4603	-51,564	122,7700
13,4666	-51,566	122,7750
13,4614	-51,568	122,7800
13,4554	-51,570	122,7850
13,4534	-51,573	122,7900
13,4575	-51,575	122,7950
13,4517	-51,577	122,8000
13,4603	-51,579	122,8050
13,4631	-51,581	122,8100
13,4500	-51,583	122,8150
13,4603	-51,585	122,8200
13,4682	-51,587	122,8250
13,4655	-51,589	122,8300
13,4609	-51,591	122,8350
13,4702	-51,594	122,8400
13,4695	-51,596	122,8450
13,4613	-51,598	122,8500
13,4574	-51,600	122,8550
13,4576	-51,602	122,8600
13,4594	-51,604	122,8650
13,4678	-51,606	122,8700
13,4635	-51,608	122,8750
13,4538	-51,610	122,8800
13,4571	-51,612	122,8850
13,4621	-51,615	122,8900
13,4611	-51,617	122,8950
13,4673	-51,619	122,9000
13,4700	-51,621	122,9050
13,4653	-51,623	122,9100
13,4728	-51,625	122,9150
13,4753	-51,627	122,9200
13,4772	-51,629	122,9250
13,4766	-51,631	122,9300
13,4850	-51,633	122,9350
13,4740	-51,636	122,9400
13,4761	-51,638	122,9450
13,4849	-51,640	122,9500
13,4769	-51,642	122,9550
13,4698	-51,644	122,9600
13,4781	-51,646	122,9650
13,4813	-51,648	122,9700
13,4787	-51,650	122,9750
13,4831	-51,652	122,9800
13,4826	-51,654	122,9850
13,4742	-51,657	122,9900
13,4792	-51,659	122,9950
13,4801	-51,661	123,0000
13,4694	-51,663	123,0050
13,4760	-51,665	123,0100
13,4881	-51,667	123,0150
13,4900	-51,669	123,0200
13,4900	-51,671	123,0250
13,4961	-51,673	123,0300
13,4875	-51,675	123,0350
13,4896	-51,678	123,0400
13,4973	-51,680	123,0450
13,4902	-51,682	123,0500
13,4790	-51,684	123,0550
13,4867	-51,686	123,0600
13,4921	-51,688	123,0650
13,4910	-51,690	123,0700
13,4903	-51,692	123,0750
13,4901	-51,694	123,0800
13,4873	-51,696	123,0850
13,4914	-51,699	123,0900
13,4920	-51,701	123,0950
13,4879	-51,703	123,1000
13,4904	-51,705	123,1050
13,4996	-51,707	123,1100
13,5061	-51,709	123,1150
13,5089	-51,711	123,1200
13,5032	-51,713	123,1250
13,4902	-51,715	123,1300
13,4877	-51,717	123,1350
13,4946	-51,720	123,1400
13,4914	-51,722	123,1450
13,4880	-51,724	123,1500
13,5023	-51,726	123,1550
13,5008	-51,728	123,1600
13,4942	-51,730	123,1650
13,4998	-51,732	123,1700
13,5034	-51,734	123,1750
13,5015	-51,736	123,1800
13,5042	-51,738	123,1850
13,5113	-51,741	123,1900
13,4994	-51,743	123,1950
13,4989	-51,745	123,2000
13,5066	-51,747	123,2050
13,5095	-51,749	123,2100
13,5062	-51,751	123,2150
13,5116	-51,753	123,2200
13,5109	-51,755	123,2250
13,5036	-51,757	123,2300
13,5105	-51,759	123,2350
13,5119	-51,762	123,2400
13,5078	-51,764	123,2450
13,5185	-51,766	123,2500
13,5182	-51,768	123,2550
13,5058	-51,770	123,2600
13,5054	-51,772	123,2650
13,5165	-51,774	123,2700
13,5180	-51,776	123,2750
13,5221	-51,778	123,2800
13,5214	-51,780	123,2850
13,5127	-51,783	123,2900
13,5223	-51,785	123,2950
13,5309	-51,787	123,3000
13,5257	-51,789	123,3050
13,5135	-51,791	123,3100
13,5245	-51,793	123,3150
13,5192	-51,795	123,3200
13,5097	-51,797	123,3250
13,5190	-51,799	123,3300
13,5194	-51,801	123,3350
13,5140	-51,804	123,3400
13,5259	-51,806	123,3450
13,5295	-51,808	123,3500
13,5228	-51,810	123,3550
13,5228	-51,812	123,3600
13,5316	-51,814	123,3650
13,5292	-51,816	123,3700
13,5320	-51,818	123,3750
13,5338	-51,820	123,3800
13,5299	-51,822	123,3850
13,5325	-51,825	123,3900
13,5364	-51,827	123,3950
13,5269	-51,829	123,4000
13,5253	-51,831	123,4050
13,5341	-51,833	123,4100
13,5307	-51,835	123,4150
13,5254	-51,837	123,4200
13,5324	-51,839	123,4250
13,5273	-51,841	123,4300
13,5243	-51,843	123,4350
13,5405	-51,846	123,4400
13,5390	-51,848	123,4450
13,5288	-51,850	123,4500
13,5311	-51,852	123,4550
13,5391	-51,854	123,4600
13,5250	-51,856	123,4650
13,5257	-51,858	123,4700
13,5319	-51,860	123,4750
13,5280	-51,862	123,4800
13,5316	-51,864	123,4850
13,5434	-51,867	123,4900
13,5417	-51,869	123,4950
13,5379	-51,871	123,5000
13,5498	-51,873	123,5050
13,5471	-51,875	123,5100
13,5431	-51,877	123,5150
13,5536	-51,879	123,5200
13,5532	-51,881	123,5250
13,5431	-51,883	123,5300
13,5472	-51,885	123,5350
13,5462	-51,888	123,5400
13,5429	-51,890	123,5450
13,5421	-51,892	123,5500
13,5498	-51,894	123,5550
13,5490	-51,896	123,5600
13,5519	-51,898	123,5650
13,5576	-51,900	123,5700
13,5509	-51,902	123,5750
13,5416	-51,904	123,5800
13,5506	-51,906	123,5850
13,5550	-51,909	123,5900
13,5534	-51,911	123,5950
13,5628	-51,913	123,6000
13,5573	-51,915	123,6050
13,5462	-51,917	123,6100
13,5494	-51,919	123,6150
13,5484	-51,921	123,6200
13,5437	-51,923	123,6250
13,5596	-51,925	123,6300
13,5582	-51,927	123,6350
13,5518	-51,930	123,6400
13,5587	-51,932	123,6450
13,5713	-51,934	123,6500
13,5659	-51,936	123,6550
13,5641	-51,938	123,6600
13,5666	-51,940	123,6650
13,5582	-51,942	123,6700
13,5575	-51,944	123,6750
13,5629	-51,946	123,6800
13,5655	-51,948	123,6850
13,5671	-51,951	123,6900
13,5698	-51,953	123,6950
13,5662	-51,955	123,7000
13,5587	-51,957	123,7050
13,5670	-51,959	123,7100
13,5702	-51,961	123,7150
13,5619	-51,963	123,7200
13,5734	-51,965	123,7250
13,5744	-51,967	123,7300
13,5615	-51,969	123,7350
13,5589	-51,972	123,7400
13,5708	-51,974	123,7450
13,5706	-51,976	123,7500
13,5727	-51,978	123,7550
13,5798	-51,980	123,7600
13,5729	-51,982	123,7650
13,5685	-51,984	123,7700
13,5771	-51,986	123,7750
13,5767	-51,988	123,7800
13,5726	-51,990	123,7850
13,5793	-51,993	123,7900
13,5778	-51,995	123,7950
13,5717	-51,997	123,8000
13,5830	-51,999	123,8050
13,5805	-52,001	123,8100
13,5706	-52,003	123,8150
13,5762	-52,005	123,8200
13,5841	-52,007	123,8250
13,5789	-52,009	123,8300
13,5747	-52,011	123,8350
13,5838	-52,014	123,8400
13,5848	-52,016	123,8450
13,5818	-52,018	123,8500
13,5787	-52,020	123,8550
13,5760	-52,022	123,8600
13,5829	-52,024	123,8650
13,5883	-52,026	123,8700
13,5869	-52,028	123,8750
13,5797	-52,030	123,8800
13,5861	-52,032	123,8850
13,5821	-52,035	123,8900
13,5683	-52,037	123,8950
13,5833	-52,039	123,9000
13,6016	-52,041	123,9050
13,5877	-52,043	123,9100
13,5874	-52,045	123,9150
13,5941	-52,047	123,9200
13,5929	-52,049	123,9250
13,5918	-52,051	123,9300
13,5980	-52,053	123,9350
13,5984	-52,056	123,9400
13,6005	-52,058	123,9450
13,6135	-52,060	123,9500
13,5967	-52,062	123,9550
13,5874	-52,064	123,9600
13,5987	-52,066	123,9650
13,5963	-52,068	123,9700
13,5915	-52,070	123,9750
13,6012	-52,072	123,9800
13,6061	-52,074	123,9850
13,5985	-52,077	123,9900
13,6032	-52,079	123,9950
13,6038	-52,081	124,0000
13,5937	-52,083	124,0050
13,5959	-52,085	124,0100
13,6030	-52,087	124,0150
13,6034	-52,089	124,0200
13,6057	-52,091	124,0250
13,6053	-52,093	124,0300
13,6016	-52,095	124,0350
13,5992	-52,098	124,0400
13,6048	-52,100	124,0450
13,6099	-52,102	124,0500
13,6045	-52,104	124,0550
13,6122	-52,106	124,0600
13,6159	-52,108	124,0650
13,6121	-52,110	124,0700
13,6133	-52,112	124,0750
13,6118	-52,114	124,0800
13,6013	-52,116	124,0850
13,6090	-52,119	124,0900
13,6104	-52,121	124,0950
13,6048	-52,123	124,1000
13,6123	-52,125	124,1050
13,6205	-52,127	124,1100
13,6151	-52,129	124,1150
13,6149	-52,131	124,1200
13,6183	-52,133	124,1250
13,6146	-52,135	124,1300
13,6119	-52,137	124,1350
13,6182	-52,140	124,1400
13,6151	-52,142	124,1450
13,6113	-52,144	124,1500
13,6178	-52,146	124,1550
13,6188	-52,148	124,1600
13,6183	-52,150	124,1650
13,6236	-52,152	124,1700
13,6348	-52,154	124,1750
13,6233	-52,156	124,1800
13,6270	-52,159	124,1850
13,6326	-52,161	124,1900
13,6261	-52,163	124,1950
13,6320	-52,165	124,2000
13,6325	-52,167	124,2050
13,6198	-52,169	124,2100
13,6175	-52,171	124,2150
13,6275	-52,173	124,2200
13,6264	-52,175	124,2250
13,6241	-52,177	124,2300
13,6306	-52,180	124,2350
13,6264	-52,182	124,2400
13,6201	-52,184	124,2450
13,6307	-52,186	124,2500
13,6328	-52,188	124,2550
13,6326	-52,190	124,2600
13,6381	-52,192	124,2650
13,6379	-52,194	124,2700
13,6265	-52,196	124,2750
13,6323	-52,198	124,2800
13,6354	-52,201	124,2850
13,6308	-52,203	124,2900
13,6411	-52,205	124,2950
13,6478	-52,207	124,3000
13,6368	-52,209	124,3050
13,6362	-52,211	124,3100
13,6474	-52,213	124,3150
13,6502	-52,215	124,3200
13,6453	-52,217	124,3250
13,6439	-52,219	124,3300
13,6387	-52,222	124,3350
13,6373	-52,224	124,3400
13,6509	-52,226	124,3450
13,6469	-52,228	124,3500
13,6352	-52,230	124,3550
13,6342	-52,232	124,3600
13,6474	-52,234	124,3650
13,6441	-52,236	124,3700
13,6500	-52,238	124,3750
13,6525	-52,240	124,3800
13,6474	-52,243	124,3850
13,6507	-52,245	124,3900
13,6521	-52,247	124,3950
13,6461	-52,249	124,4000
13,6410	-52,251	124,4050
13,6513	-52,253	124,4100
13,6523	-52,255	124,4150
13,6515	-52,257	124,4200
13,6582	-52,259	124,4250
13,6535	-52,261	124,4300
13,6465	-52,264	124,4350
13,6549	-52,266	124,4400
13,6582	-52,268	124,4450
13,6555	-52,270	124,4500
13,6556	-52,272	124,4550
13,6526	-52,274	124,4600
13,6422	-52,276	124,4650
13,6521	-52,278	124,4700
13,6644	-52,280	124,4750
13,6625	-52,282	124,4800
13,6614	-52,285	124,4850
13,6658	-52,287	124,4900
13,6615	-52,289	124,4950
13,6520	-52,291	124,5000
13,6600	-52,293	124,5050
13,6629	-52,295	124,5100
13,6633	-52,297	124,5150
13,6681	-52,299	124,5200
13,6673	-52,301	124,5250
13,6654	-52,303	124,5300
13,6771	-52,306	124,5350
13,6756	-52,308	124,5400
13,6663	-52,310	124,5450
13,6653	-52,312	124,5500
13,6741	-52,314	124,5550
13,6663	-52,316	124,5600
13,6686	-52,318	124,5650
13,6729	-52,320	124,5700
13,6663	-52,322	124,5750
13,6658	-52,324	124,5800
13,6743	-52,327	124,5850
13,6673	-52,329	124,5900
13,6622	-52,331	124,5950
13,6684	-52,333	124,6000
13,6726	-52,335	124,6050
13,6706	-52,337	124,6100
13,6807	-52,339	124,6150
13,6839	-52,341	124,6200
13,6731	-52,343	124,6250
13,6711	-52,345	124,6300
13,6739	-52,348	124,6350
13,6765	-52,350	124,6400
13,6760	-52,352	124,6450
13,6804	-52,354	124,6500
13,6826	-52,356	124,6550
13,6871	-52,358	124,6600
13,6888	-52,360	124,6650
13,6777	-52,362	124,6700
13,6847	-52,364	124,6750
13,7009	-52,366	124,6800
13,6929	-52,369	124,6850
13,6889	-52,371	124,6900
13,7034	-52,373	124,6950
13,7042	-52,375	124,7000
13,6855	-52,377	124,7050
13,6903	-52,379	124,7100
13,6902	-52,381	124,7150
13,6838	-52,383	124,7200
13,6854	-52,385	124,7250
13,6853	-52,387	124,7300
13,6871	-52,390	124,7350
13,6923	-52,392	124,7400
13,6993	-52,394	124,7450
13,6953	-52,396	124,7500
13,6916	-52,398	124,7550
13,6902	-52,400	124,7600
13,6834	-52,402	124,7650
13,6871	-52,404	124,7700
13,7018	-52,406	124,7750
13,6983	-52,408	124,7800
13,6890	-52,411	124,7850
13,6917	-52,413	124,7900
13,6955	-52,415	124,7950
13,6903	-52,417	124,8000
13,6968	-52,419	124,8050
13,7018	-52,421	124,8100
13,6930	-52,423	124,8150
13,6948	-52,425	124,8200
13,7040	-52,427	124,8250
13,6988	-52,429	124,8300
13,7004	-52,432	124,8350
13,7056	-52,434	124,8400
13,6960	-52,436	124,8450
13,6968	-52,438	124,8500
13,7045	-52,440	124,8550
13,7004	-52,442	124,8600
13,7015	-52,444	124,8650
13,7107	-52,446	124,8700
13,7007	-52,448	124,8750
13,6998	-52,450	124,8800
13,7135	-52,453	124,8850
13,7142	-52,455	124,8900
13,7063	-52,457	124,8950
13,7096	-52,459	124,9000
13,7127	-52,461	124,9050
13,7066	-52,463	124,9100
13,7090	-52,465	124,9150
13,7086	-52,467	124,9200
13,7060	-52,469	124,9250
13,7083	-52,471	124,9300
13,7172	-52,474	124,9350
13,7129	-52,476	124,9400
13,7112	-52,478	124,9450
13,7208	-52,480	124,9500
13,7166	-52,482	124,9550
13,7125	-52,484	124,9600
13,7237	-52,486	124,9650
13,7287	-52,488	124,9700
13,7200	-52,490	124,9750
13,7204	-52,492	124,9800
13,7251	-52,495	124,9850
13,7192	-52,497	124,9900
13,7230	-52,499	124,9950
13,7209	-52,501	125,0000
13,7127	-52,503	125,0050
13,7174	-52,505	125,0100
13,7194	-52,507	125,0150
13,7217	-52,509	125,0200
13,7269	-52,511	125,0250
13,7280	-52,513	125,0300
13,7230	-52,516	125,0350
13,7213	-52,518	125,0400
13,7281	-52,520	125,0450
13,7301	-52,522	125,0500
13,7262	-52,524	125,0550
13,7351	-52,526	125,0600
13,7359	-52,528	125,0650
13,7239	-52,530	125,0700
13,7242	-52,532	125,0750
13,7257	-52,534	125,0800
13,7230	-52,537	125,0850
13,7326	-52,539	125,0900
13,7412	-52,541	125,0950
13,7339	-52,543	125,1000
13,7319	-52,545	125,1050
13,7337	-52,547	125,1100
13,7321	-52,549	125,1150
13,7355	-52,551	125,1200
13,7334	-52,553	125,1250
13,7282	-52,555	125,1300
13,7347	-52,558	125,1350
13,7434	-52,560	125,1400
13,7400	-52,562	125,1450
13,7400	-52,564	125,1500
13,7500	-52,566	125,1550
13,7469	-52,568	125,1600
13,7390	-52,570	125,1650
13,7390	-52,572	125,1700
13,7422	-52,574	125,1750
13,7357	-52,576	125,1800
13,7427	-52,579	125,1850
13,7478	-52,581	125,1900
13,7361	-52,583	125,1950
13,7432	-52,585	125,2000
13,7455	-52,587	125,2050
13,7431	-52,589	125,2100
13,7489	-52,591	125,2150
13,7577	-52,593	125,2200
13,7439	-52,595	125,2250
13,7450	-52,597	125,2300
13,7574	-52,600	125,2350
13,7517	-52,602	125,2400
13,7483	-52,604	125,2450
13,7621	-52,606	125,2500
13,7620	-52,608	125,2550
13,7516	-52,610	125,2600
13,7490	-52,612	125,2650
13,7572	-52,614	125,2700
13,7538	-52,616	125,2750
13,7600	-52,618	125,2800
13,7617	-52,621	125,2850
13,7442	-52,623	125,2900
13,7458	-52,625	125,2950
13,7617	-52,627	125,3000
13,7616	-52,629	125,3050
13,7550	-52,631	125,3100
13,7652	-52,633	125,3150
13,7648	-52,635	125,3200
13,7596	-52,637	125,3250
13,7637	-52,639	125,3300
13,7577	-52,642	125,3350
13,7589	-52,644	125,3400
13,7721	-52,646	125,3450
13,7705	-52,648	125,3500
13,7636	-52,650	125,3550
13,7640	-52,652	125,3600
13,7656	-52,654	125,3650
13,7644	-52,656	125,3700
13,7642	-52,658	125,3750
13,7645	-52,660	125,3800
13,7597	-52,663	125,3850
13,7632	-52,665	125,3900
13,7699	-52,667	125,3950
13,7647	-52,669	125,4000
13,7652	-52,671	125,4050
13,7810	-52,673	125,4100
13,7792	-52,675	125,4150
13,7683	-52,677	125,4200
13,7770	-52,679	125,4250
13,7712	-52,681	125,4300
13,7669	-52,684	125,4350
13,7746	-52,686	125,4400
13,7785	-52,688	125,4450
13,7750	-52,690	125,4500
13,7808	-52,692	125,4550
13,7843	-52,694	125,4600
13,7745	-52,696	125,4650
13,7791	-52,698	125,4700
13,7854	-52,700	125,4750
13,7763	-52,702	125,4800
13,7738	-52,705	125,4850
13,7808	-52,707	125,4900
13,7789	-52,709	125,4950
13,7768	-52,711	125,5000
13,7893	-52,713	125,5050
13,7843	-52,715	125,5100
13,7751	-52,717	125,5150
13,7842	-52,719	125,5200
13,7930	-52,721	125,5250
13,7872	-52,723	125,5300
13,7913	-52,726	125,5350
13,7910	-52,728	125,5400
13,7899	-52,730	125,5450
13,7847	-52,732	125,5500
13,7857	-52,734	125,5550
13,7782	-52,736	125,5600
13,7817	-52,738	125,5650
13,7945	-52,740	125,5700
13,7882	-52,742	125,5750
13,7852	-52,744	125,5800
13,7947	-52,747	125,5850
13,7923	-52,749	125,5900
13,7852	-52,751	125,5950
13,7891	-52,753	125,6000
13,7895	-52,755	125,6050
13,7913	-52,757	125,6100
13,7991	-52,759	125,6150
13,7966	-52,761	125,6200
13,7894	-52,763	125,6250
13,7953	-52,765	125,6300
13,7993	-52,768	125,6350
13,7926	-52,770	125,6400
13,7933	-52,772	125,6450
13,7983	-52,774	125,6500
13,7936	-52,776	125,6550
13,7918	-52,778	125,6600
13,8009	-52,780	125,6650
13,8007	-52,782	125,6700
13,8003	-52,784	125,6750
13,8058	-52,786	125,6800
13,8078	-52,789	125,6850
13,8068	-52,791	125,6900
13,8121	-52,793	125,6950
13,8077	-52,795	125,7000
13,8040	-52,797	125,7050
13,8130	-52,799	125,7100
13,8122	-52,801	125,7150
13,8100	-52,803	125,7200
13,8161	-52,805	125,7250
13,8151	-52,807	125,7300
13,8113	-52,810	125,7350
13,8079	-52,812	125,7400
13,8198	-52,814	125,7450
13,8195	-52,816	125,7500
13,8257	-52,818	125,7550
13,8250	-52,820	125,7600
13,8146	-52,822	125,7650
13,8110	-52,824	125,7700
13,8233	-52,826	125,7750
13,8176	-52,828	125,7800
13,8118	-52,831	125,7850
13,8172	-52,833	125,7900
13,8223	-52,835	125,7950
13,8178	-52,837	125,8000
13,8190	-52,839	125,8050
13,8159	-52,841	125,8100
13,8150	-52,843	125,8150
13,8215	-52,845	125,8200
13,8274	-52,847	125,8250
13,8255	-52,849	125,8300
13,8227	-52,852	125,8350
13,8292	-52,854	125,8400
13,8204	-52,856	125,8450
13,8167	-52,858	125,8500
13,8226	-52,860	125,8550
13,8201	-52,862	125,8600
13,8238	-52,864	125,8650
13,8393	-52,866	125,8700
13,8383	-52,868	125,8750
13,8299	-52,870	125,8800
13,8371	-52,873	125,8850
13,8361	-52,875	125,8900
13,8238	-52,877	125,8950
13,8278	-52,879	125,9000
13,8339	-52,881	125,9050
13,8280	-52,883	125,9100
13,8334	-52,885	125,9150
13,8358	-52,887	125,9200
13,8308	-52,889	125,9250
13,8298	-52,891	125,9300
13,8390	-52,894	125,9350
13,8324	-52,896	125,9400
13,8314	-52,898	125,9450
13,8387	-52,900	125,9500
13,8347	-52,902	125,9550
13,8330	-52,904	125,9600
13,8365	-52,906	125,9650
13,8341	-52,908	125,9700
13,8321	-52,910	125,9750
13,8411	-52,912	125,9800
13,8471	-52,915	125,9850
13,8384	-52,917	125,9900
13,8383	-52,919	125,9950
13,8458	-52,921	126,0000
13,8370	-52,923	126,0050
13,8439	-52,925	126,0100
13,8520	-52,927	126,0150
13,8415	-52,929	126,0200
13,8336	-52,931	126,0250
13,8415	-52,933	126,0300
13,8456	-52,936	126,0350
13,8505	-52,938	126,0400
13,8527	-52,940	126,0450
13,8469	-52,942	126,0500
13,8377	-52,944	126,0550
13,8470	-52,946	126,0600
13,8520	-52,948	126,0650
13,8517	-52,950	126,0700
13,8528	-52,952	126,0750
13,8491	-52,954	126,0800
13,8511	-52,957	126,0850
13,8614	-52,959	126,0900
13,8633	-52,961	126,0950
13,8508	-52,963	126,1000
13,8474	-52,965	126,1050
13,8555	-52,967	126,1100
13,8548	-52,969	126,1150
13,8501	-52,971	126,1200
13,8539	-52,973	126,1250
13,8479	-52,975	126,1300
13,8529	-52,978	126,1350
13,8665	-52,980	126,1400
13,8643	-52,982	126,1450
13,8603	-52,984	126,1500
13,8666	-52,986	126,1550
13,8671	-52,988	126,1600
13,8697	-52,990	126,1650
13,8767	-52,992	126,1700
13,8752	-52,994	126,1750
13,8586	-52,996	126,1800
13,8629	-52,999	126,1850
13,8634	-53,001	126,1900
13,8556	-53,003	126,1950
13,8621	-53,005	126,2000
13,8781	-53,007	126,2050
13,8759	-53,009	126,2100
13,8668	-53,011	126,2150
13,8749	-53,013	126,2200
13,8708	-53,015	126,2250
13,8688	-53,017	126,2300
13,8769	-53,020	126,2350
13,8733	-53,022	126,2400
13,8709	-53,024	126,2450
13,8758	-53,026	126,2500
13,8774	-53,028	126,2550
13,8796	-53,030	126,2600
13,8776	-53,032	126,2650
13,8764	-53,034	126,2700
13,8686	-53,036	126,2750
13,8755	-53,038	126,2800
13,8811	-53,041	126,2850
13,8761	-53,043	126,2900
13,8822	-53,045	126,2950
13,8872	-53,047	126,3000
13,8825	-53,049	126,3050
13,8872	-53,051	126,3100
13,8917	-53,053	126,3150
13,8873	-53,055	126,3200
13,8827	-53,057	126,3250
13,8897	-53,059	126,3300
13,8862	-53,062	126,3350
13,8806	-53,064	126,3400
13,8892	-53,066	126,3450
13,8939	-53,068	126,3500
13,8907	-53,070	126,3550
13,8959	-53,072	126,3600
13,9047	-53,074	126,3650
13,8917	-53,076	126,3700
13,8920	-53,078	126,3750
13,8961	-53,080	126,3800
13,8939	-53,083	126,3850
13,8965	-53,085	126,3900
13,9014	-53,087	126,3950
13,8945	-53,089	126,4000
13,8863	-53,091	126,4050
13,8924	-53,093	126,4100
13,8955	-53,095	126,4150
13,8942	-53,097	126,4200
13,8996	-53,099	126,4250
13,8998	-53,101	126,4300
13,8895	-53,104	126,4350
13,9022	-53,106	126,4400
13,9078	-53,108	126,4450
13,9008	-53,110	126,4500
13,8969	-53,112	126,4550
13,9067	-53,114	126,4600
13,9001	-53,116	126,4650
13,9007	-53,118	126,4700
13,9081	-53,120	126,4750
13,8986	-53,122	126,4800
13,9015	-53,125	126,4850
13,9107	-53,127	126,4900
13,8995	-53,129	126,4950
13,8953	-53,131	126,5000
13,9091	-53,133	126,5050
13,9080	-53,135	126,5100
13,8987	-53,137	126,5150
13,9118	-53,139	126,5200
13,9100	-53,141	126,5250
13,9000	-53,143	126,5300
13,9083	-53,146	126,5350
13,9133	-53,148	126,5400
13,9142	-53,150	126,5450
13,9145	-53,152	126,5500
13,9205	-53,154	126,5550
13,9131	-53,156	126,5600
13,9141	-53,158	126,5650
13,9208	-53,160	126,5700
13,9095	-53,162	126,5750
13,9061	-53,164	126,5800
13,9204	-53,167	126,5850
13,9094	-53,169	126,5900
13,9049	-53,171	126,5950
13,9122	-53,173	126,6000
13,9182	-53,175	126,6050
13,9196	-53,177	126,6100
13,9293	-53,179	126,6150
13,9325	-53,181	126,6200
13,9239	-53,183	126,6250
13,9232	-53,185	126,6300
13,9238	-53,188	126,6350
13,9215	-53,190	126,6400
13,9174	-53,192	126,6450
13,9281	-53,194	126,6500
13,9221	-53,196	126,6550
13,9229	-53,198	126,6600
13,9287	-53,200	126,6650
13,9209	-53,202	126,6700
13,9222	-53,204	126,6750
13,9310	-53,206	126,6800
13,9335	-53,209	126,6850
13,9254	-53,211	126,6900
13,9285	-53,213	126,6950
13,9314	-53,215	126,7000
13,9224	-53,217	126,7050
13,9298	-53,219	126,7100
13,9280	-53,221	126,7150
13,9225	-53,223	126,7200
13,9327	-53,225	126,7250
13,9368	-53,227	126,7300
13,9317	-53,230	126,7350
13,9400	-53,232	126,7400
13,9445	-53,234	126,7450
13,9319	-53,236	126,7500
13,9229	-53,238	126,7550
13,9310	-53,240	126,7600
13,9305	-53,242	126,7650
13,9273	-53,244	126,7700
13,9386	-53,246	126,7750
13,9399	-53,248	126,7800
13,9344	-53,251	126,7850
13,9429	-53,253	126,7900
13,9502	-53,255	126,7950
13,9386	-53,257	126,8000
13,9428	-53,259	126,8050
13,9487	-53,261	126,8100
13,9384	-53,263	126,8150
13,9393	-53,265	126,8200
13,9431	-53,267	126,8250
13,9438	-53,269	126,8300
13,9445	-53,272	126,8350
13,9543	-53,274	126,8400
13,9442	-53,276	126,8450
13,9424	-53,278	126,8500
13,9524	-53,280	126,8550
13,9428	-53,282	126,8600
13,9431	-53,284	126,8650
13,9513	-53,286	126,8700
13,9470	-53,288	126,8750
13,9454	-53,290	126,8800
13,9515	-53,293	126,8850
13,9551	-53,295	126,8900
13,9511	-53,297	126,8950
13,9532	-53,299	126,9000
13,9532	-53,301	126,9050
13,9494	-53,303	126,9100
13,9561	-53,305	126,9150
13,9565	-53,307	126,9200
13,9555	-53,309	126,9250
13,9587	-53,311	126,9300
13,9606	-53,314	126,9350
13,9565	-53,316	126,9400
13,9649	-53,318	126,9450
13,9723	-53,320	126,9500
13,9636	-53,322	126,9550
13,9562	-53,324	126,9600
13,9658	-53,326	126,9650
13,9662	-53,328	126,9700
13,9607	-53,330	126,9750
13,9675	-53,332	126,9800
13,9651	-53,335	126,9850
13,9518	-53,337	126,9900
13,9602	-53,339	126,9950
13,9688	-53,341	127,0000
13,9591	-53,343	127,0050
13,9623	-53,345	127,0100
13,9707	-53,347	127,0150
13,9668	-53,349	127,0200
13,9619	-53,351	127,0250
13,9680	-53,353	127,0300
13,9683	-53,356	127,0350
13,9703	-53,358	127,0400
13,9783	-53,360	127,0450
13,9736	-53,362	127,0500
13,9648	-53,364	127,0550
13,9763	-53,366	127,0600
13,9789	-53,368	127,0650
13,9695	-53,370	127,0700
13,9648	-53,372	127,0750
13,9678	-53,374	127,0800
13,9725	-53,377	127,0850
13,9773	-53,379	127,0900
13,9782	-53,381	127,0950
13,9735	-53,383	127,1000
13,9788	-53,385	127,1050
13,9807	-53,387	127,1100
13,9756	-53,389	127,1150
13,9729	-53,391	127,1200
13,9836	-53,393	127,1250
13,9776	-53,395	127,1300
13,9727	-53,398	127,1350
13,9810	-53,400	127,1400
13,9811	-53,402	127,1450
13,9761	-53,404	127,1500
13,9856	-53,406	127,1550
13,9830	-53,408	127,1600
13,9836	-53,410	127,1650
13,9945	-53,412	127,1700
13,9911	-53,414	127,1750
13,9820	-53,416	127,1800
13,9915	-53,419	127,1850
13,9980	-53,421	127,1900
13,9862	-53,423	127,1950
13,9867	-53,425	127,2000
13,9952	-53,427	127,2050
13,9927	-53,429	127,2100
13,9866	-53,431	127,2150
13,9950	-53,433	127,2200
14,0000	-53,435	127,2250
13,9954	-53,437	127,2300
14,0021	-53,440	127,2350
14,0016	-53,442	127,2400
13,9968	-53,444	127,2450
14,0038	-53,446	127,2500
14,0079	-53,448	127,2550
13,9981	-53,450	127,2600
13,9991	-53,452	127,2650
14,0033	-53,454	127,2700
13,9992	-53,456	127,2750
14,0046	-53,458	127,2800
14,0111	-53,461	127,2850
14,0021	-53,463	127,2900
14,0051	-53,465	127,2950
14,0094	-53,467	127,3000
13,9986	-53,469	127,3050
13,9942	-53,471	127,3100
14,0017	-53,473	127,3150
13,9988	-53,475	127,3200
13,9972	-53,477	127,3250
14,0069	-53,479	127,3300
14,0105	-53,482	127,3350
14,0055	-53,484	127,3400
14,0147	-53,486	127,3450
14,0145	-53,488	127,3500
14,0007	-53,490	127,3550
14,0013	-53,492	127,3600
14,0134	-53,494	127,3650
14,0193	-53,496	127,3700
14,0236	-53,498	127,3750
14,0202	-53,500	127,3800
14,0064	-53,503	127,3850
14,0022	-53,505	127,3900
14,0093	-53,507	127,3950
14,0060	-53,509	127,4000
14,0104	-53,511	127,4050
14,0155	-53,513	127,4100
14,0108	-53,515	127,4150
14,0139	-53,517	127,4200
14,0210	-53,519	127,4250
14,0158	-53,521	127,4300
14,0084	-53,524	127,4350
14,0256	-53,526	127,4400
14,0241	-53,528	127,4450
14,0182	-53,530	127,4500
14,0209	-53,532	127,4550
14,0277	-53,534	127,4600
14,0196	-53,536	127,4650
14,0241	-53,538	127,4700
14,0296	-53,540	127,4750
14,0179	-53,542	127,4800
14,0125	-53,545	127,4850
14,0235	-53,547	127,4900
14,0237	-53,549	127,4950
14,0264	-53,551	127,5000
14,0331	-53,553	127,5050
14,0290	-53,555	127,5100
14,0251	-53,557	127,5150
14,0307	-53,559	127,5200
14,0299	-53,561	127,5250
14,0196	-53,563	127,5300
14,0300	-53,566	127,5350
14,0319	-53,568	127,5400
14,0298	-53,570	127,5450
14,0296	-53,572	127,5500
14,0383	-53,574	127,5550
14,0301	-53,576	127,5600
14,0347	-53,578	127,5650
14,0432	-53,580	127,5700
14,0339	-53,582	127,5750
14,0284	-53,584	127,5800
14,0370	-53,587	127,5850
14,0390	-53,589	127,5900
14,0343	-53,591	127,5950
14,0373	-53,593	127,6000
14,0307	-53,595	127,6050
14,0300	-53,597	127,6100
14,0403	-53,599	127,6150
14,0437	-53,601	127,6200
14,0391	-53,603	127,6250
14,0419	-53,605	127,6300
14,0427	-53,608	127,6350
14,0397	-53,610	127,6400
14,0471	-53,612	127,6450
14,0526	-53,614	127,6500
14,0480	-53,616	127,6550
14,0505	-53,618	127,6600
14,0544	-53,620	127,6650
14,0524	-53,622	127,6700
14,0485	-53,624	127,6750
14,0513	-53,626	127,6800
14,0516	-53,629	127,6850
14,0522	-53,631	127,6900
14,0513	-53,633	127,6950
14,0466	-53,635	127,7000
14,0406	-53,637	127,7050
14,0512	-53,639	127,7100
14,0502	-53,641	127,7150
14,0468	-53,643	127,7200
14,0623	-53,645	127,7250
14,0613	-53,647	127,7300
14,0489	-53,650	127,7350
14,0461	-53,652	127,7400
14,0529	-53,654	127,7450
14,0521	-53,656	127,7500
14,0532	-53,658	127,7550
14,0618	-53,660	127,7600
14,0568	-53,662	127,7650
14,0539	-53,664	127,7700
14,0648	-53,666	127,7750
14,0636	-53,668	127,7800
14,0655	-53,671	127,7850
14,0755	-53,673	127,7900
14,0756	-53,675	127,7950
14,0710	-53,677	127,8000
14,0733	-53,679	127,8050
14,0670	-53,681	127,8100
14,0574	-53,683	127,8150
14,0682	-53,685	127,8200
14,0718	-53,687	127,8250
14,0668	-53,689	127,8300
14,0564	-53,692	127,8350
14,0591	-53,694	127,8400
14,0611	-53,696	127,8450
14,0649	-53,698	127,8500
14,0780	-53,700	127,8550
14,0703	-53,702	127,8600
14,0645	-53,704	127,8650
14,0720	-53,706	127,8700
14,0708	-53,708	127,8750
14,0697	-53,710	127,8800
14,0729	-53,713	127,8850
14,0777	-53,715	127,8900
14,0763	-53,717	127,8950
14,0797	-53,719	127,9000
14,0799	-53,721	127,9050
14,0785	-53,723	127,9100
14,0909	-53,725	127,9150
14,0906	-53,727	127,9200
14,0782	-53,729	127,9250
14,0746	-53,731	127,9300
14,0822	-53,734	127,9350
14,0735	-53,736	127,9400
14,0715	-53,738	127,9450
14,0835	-53,740	127,9500
14,0798	-53,742	127,9550
14,0792	-53,744	127,9600
14,0865	-53,746	127,9650
14,0876	-53,748	127,9700
14,0842	-53,750	127,9750
14,0871	-53,752	127,9800
14,0837	-53,755	127,9850
14,0829	-53,757	127,9900
14,0959	-53,759	127,9950
14,0990	-53,761	128,0000
14,0858	-53,763	128,0050
14,0900	-53,765	128,0100
14,0909	-53,767	128,0150
14,0898	-53,769	128,0200
14,0882	-53,771	128,0250
14,0941	-53,773	128,0300
14,0879	-53,776	128,0350
14,0955	-53,778	128,0400
14,1044	-53,780	128,0450
14,0961	-53,782	128,0500
14,0888	-53,784	128,0550
14,0967	-53,786	128,0600
14,0998	-53,788	128,0650
14,1011	-53,790	128,0700
14,1093	-53,792	128,0750
14,1009	-53,794	128,0800
14,0944	-53,797	128,0850
14,1038	-53,799	128,0900
14,1087	-53,801	128,0950
14,0980	-53,803	128,1000
14,0954	-53,805	128,1050
14,1018	-53,807	128,1100
14,1037	-53,809	128,1150
14,1022	-53,811	128,1200
14,1110	-53,813	128,1250
14,1036	-53,815	128,1300
14,1052	-53,818	128,1350
14,1099	-53,820	128,1400
14,1050	-53,822	128,1450
14,0950	-53,824	128,1500
14,1024	-53,826	128,1550
14,1087	-53,828	128,1600
14,1072	-53,830	128,1650
14,1061	-53,832	128,1700
14,1115	-53,834	128,1750
14,1089	-53,836	128,1800
14,1123	-53,839	128,1850
14,1131	-53,841	128,1900
14,1113	-53,843	128,1950
14,1168	-53,845	128,2000
14,1230	-53,847	128,2050
14,1134	-53,849	128,2100
14,1103	-53,851	128,2150
14,1203	-53,853	128,2200
14,1212	-53,855	128,2250
14,1158	-53,857	128,2300
14,1202	-53,860	128,2350
14,1121	-53,862	128,2400
14,1024	-53,864	128,2450
14,1135	-53,866	128,2500
14,1180	-53,868	128,2550
14,1200	-53,870	128,2600
14,1226	-53,872	128,2650
14,1305	-53,874	128,2700
14,1245	-53,876	128,2750
14,1288	-53,878	128,2800
14,1312	-53,881	128,2850
14,1183	-53,883	128,2900
14,1181	-53,885	128,2950
14,1214	-53,887	128,3000
14,1224	-53,889	128,3050
14,1247	-53,891	128,3100
14,1289	-53,893	128,3150
14,1244	-53,895	128,3200
14,1284	-53,897	128,3250
14,1294	-53,899	128,3300
14,1225	-53,902	128,3350
14,1212	-53,904	128,3400
14,1299	-53,906	128,3450
14,1272	-53,908	128,3500
14,1287	-53,910	128,3550
14,1330	-53,912	128,3600
14,1408	-53,914	128,3650
14,1292	-53,916	128,3700
14,1383	-53,918	128,3750
14,1454	-53,920	128,3800
14,1377	-53,923	128,3850
14,1370	-53,925	128,3900
14,1476	-53,927	128,3950
14,1435	-53,929	128,4000
14,1384	-53,931	128,4050
14,1468	-53,933	128,4100
14,1434	-53,935	128,4150
14,1389	-53,937	128,4200
14,1449	-53,939	128,4250
14,1409	-53,941	128,4300
14,1347	-53,944	128,4350
14,1441	-53,946	128,4400
14,1484	-53,948	128,4450
14,1495	-53,950	128,4500
14,1507	-53,952	128,4550
14,1510	-53,954	128,4600
14,1436	-53,956	128,4650
14,1459	-53,958	128,4700
14,1541	-53,960	128,4750
14,1478	-53,962	128,4800
14,1410	-53,965	128,4850
14,1481	-53,967	128,4900
14,1506	-53,969	128,4950
14,1443	-53,971	128,5000
14,1481	-53,973	128,5050
14,1468	-53,975	128,5100
14,1490	-53,977	128,5150
14,1616	-53,979	128,5200
14,1598	-53,981	128,5250
14,1511	-53,983	128,5300
14,1544	-53,986	128,5350
14,1505	-53,988	128,5400
14,1532	-53,990	128,5450
14,1585	-53,992	128,5500
14,1659	-53,994	128,5550
14,1592	-53,996	128,5600
14,1588	-53,998	128,5650
14,1636	-54,000	128,5700
14,1586	-54,002	128,5750
14,1566	-54,004	128,5800
14,1638	-54,007	128,5850
14,1598	-54,009	128,5900
14,1533	-54,011	128,5950
14,1596	-54,013	128,6000
14,1626	-54,015	128,6050
14,1600	-54,017	128,6100
14,1672	-54,019	128,6150
14,1662	-54,021	128,6200
14,1599	-54,023	128,6250
14,1575	-54,025	128,6300
14,1620	-54,028	128,6350
14,1709	-54,030	128,6400
14,1733	-54,032	128,6450
14,1680	-54,034	128,6500
14,1580	-54,036	128,6550
14,1597	-54,038	128,6600
14,1683	-54,040	128,6650
14,1692	-54,042	128,6700
14,1673	-54,044	128,6750
14,1761	-54,046	128,6800
14,1698	-54,049	128,6850
14,1649	-54,051	128,6900
14,1769	-54,053	128,6950
14,1798	-54,055	128,7000
14,1779	-54,057	128,7050
14,1845	-54,059	128,7100
14,1784	-54,061	128,7150
14,1694	-54,063	128,7200
14,1757	-54,065	128,7250
14,1814	-54,067	128,7300
14,1795	-54,070	128,7350
14,1831	-54,072	128,7400
14,1868	-54,074	128,7450
14,1740	-54,076	128,7500
14,1757	-54,078	128,7550
14,1857	-54,080	128,7600
14,1888	-54,082	128,7650
14,1832	-54,084	128,7700
14,1871	-54,086	128,7750
14,1877	-54,088	128,7800
14,1748	-54,091	128,7850
14,1781	-54,093	128,7900
14,1816	-54,095	128,7950
14,1734	-54,097	128,8000
14,1721	-54,099	128,8050
14,1783	-54,101	128,8100
14,1800	-54,103	128,8150
14,1841	-54,105	128,8200
14,1927	-54,107	128,8250
14,1942	-54,109	128,8300
14,1948	-54,112	128,8350
14,1965	-54,114	128,8400
14,1845	-54,116	128,8450
14,1878	-54,118	128,8500
14,1983	-54,120	128,8550
14,1942	-54,122	128,8600
14,1931	-54,124	128,8650
14,2005	-54,126	128,8700
14,1981	-54,128	128,8750
14,1978	-54,130	128,8800
14,2029	-54,133	128,8850
14,2017	-54,135	128,8900
14,1895	-54,137	128,8950
14,1987	-54,139	128,9000
14,2036	-54,141	128,9050
14,1932	-54,143	128,9100
14,2009	-54,145	128,9150
14,2015	-54,147	128,9200
14,1955	-54,149	128,9250
14,2009	-54,151	128,9300
14,2128	-54,154	128,9350
14,2080	-54,156	128,9400
14,2016	-54,158	128,9450
14,2018	-54,160	128,9500
14,2043	-54,162	128,9550
14,1994	-54,164	128,9600
14,2020	-54,166	128,9650
14,2015	-54,168	128,9700
14,1995	-54,170	128,9750
14,2148	-54,172	128,9800
14,2192	-54,175	128,9850
14,2088	-54,177	128,9900
14,2126	-54,179	128,9950
14,2136	-54,181	129,0000
14,2070	-54,183	129,0050
14,2174	-54,185	129,0100
14,2214	-54,187	129,0150
14,2158	-54,189	129,0200
14,2126	-54,191	129,0250
14,2210	-54,193	129,0300
14,2122	-54,196	129,0350
14,2163	-54,198	129,0400
14,2232	-54,200	129,0450
14,2213	-54,202	129,0500
14,2206	-54,204	129,0550
14,2325	-54,206	129,0600
14,2248	-54,208	129,0650
14,2118	-54,210	129,0700
14,2179	-54,212	129,0750
14,2175	-54,214	129,0800
14,2086	-54,217	129,0850
14,2224	-54,219	129,0900
14,2291	-54,221	129,0950
14,2180	-54,223	129,1000
14,2223	-54,225	129,1050
14,2304	-54,227	129,1100
14,2251	-54,229	129,1150
14,2237	-54,231	129,1200
14,2266	-54,233	129,1250
14,2247	-54,235	129,1300
14,2195	-54,238	129,1350
14,2214	-54,240	129,1400
14,2238	-54,242	129,1450
14,2274	-54,244	129,1500
14,2333	-54,246	129,1550
14,2296	-54,248	129,1600
14,2234	-54,250	129,1650
14,2336	-54,252	129,1700
14,2370	-54,254	129,1750
14,2396	-54,256	129,1800
14,2466	-54,259	129,1850
14,2362	-54,261	129,1900
14,2278	-54,263	129,1950
14,2385	-54,265	129,2000
14,2480	-54,267	129,2050
14,2460	-54,269	129,2100
14,2400	-54,271	129,2150
14,2431	-54,273	129,2200
14,2349	-54,275	129,2250
14,2294	-54,277	129,2300
14,2401	-54,280	129,2350
14,2401	-54,282	129,2400
14,2379	-54,284	129,2450
14,2448	-54,286	129,2500
14,2370	-54,288	129,2550
14,2281	-54,290	129,2600
14,2427	-54,292	129,2650
14,2543	-54,294	129,2700
14,2435	-54,296	129,2750
14,2478	-54,298	129,2800
14,2569	-54,301	129,2850
14,2496	-54,303	129,2900
14,2498	-54,305	129,2950
14,2563	-54,307	129,3000
14,2569	-54,309	129,3050
14,2525	-54,311	129,3100
14,2583	-54,313	129,3150
14,2539	-54,315	129,3200
14,2507	-54,317	129,3250
14,2580	-54,319	129,3300
14,2608	-54,322	129,3350
14,2558	-54,324	129,3400
14,2663	-54,326	129,3450
14,2644	-54,328	129,3500
14,2552	-54,330	129,3550
14,2517	-54,332	129,3600
14,2557	-54,334	129,3650
14,2488	-54,336	129,3700
14,2460	-54,338	129,3750
14,2524	-54,340	129,3800
14,2503	-54,343	129,3850
14,2508	-54,345	129,3900
14,2636	-54,347	129,3950
14,2634	-54,349	129,4000
14,2552	-54,351	129,4050
14,2651	-54,353	129,4100
14,2698	-54,355	129,4150
14,2711	-54,357	129,4200
14,2734	-54,359	129,4250
14,2659	-54,361	129,4300
14,2546	-54,364	129,4350
14,2653	-54,366	129,4400
14,2712	-54,368	129,4450
14,2642	-54,370	129,4500
14,2699	-54,372	129,4550
14,2756	-54,374	129,4600
14,2669	-54,376	129,4650
14,2638	-54,378	129,4700
14,2714	-54,380	129,4750
14,2690	-54,382	129,4800
14,2732	-54,385	129,4850
14,2785	-54,387	129,4900
14,2681	-54,389	129,4950
14,2648	-54,391	129,5000
14,2725	-54,393	129,5050
14,2731	-54,395	129,5100
14,2642	-54,397	129,5150
14,2718	-54,399	129,5200
14,2735	-54,401	129,5250
14,2661	-54,403	129,5300
14,2748	-54,406	129,5350
14,2790	-54,408	129,5400
14,2743	-54,410	129,5450
14,2763	-54,412	129,5500
14,2829	-54,414	129,5550
14,2780	-54,416	129,5600
14,2782	-54,418	129,5650
14,2862	-54,420	129,5700
14,2817	-54,422	129,5750
14,2823	-54,424	129,5800
14,2876	-54,427	129,5850
14,2845	-54,429	129,5900
14,2842	-54,431	129,5950
14,2963	-54,433	129,6000
14,2948	-54,435	129,6050
14,2889	-54,437	129,6100
14,2920	-54,439	129,6150
14,2926	-54,441	129,6200
14,2859	-54,443	129,6250
14,2941	-54,445	129,6300
14,2985	-54,448	129,6350
14,2843	-54,450	129,6400
14,2856	-54,452	129,6450
14,2945	-54,454	129,6500
14,2897	-54,456	129,6550
14,2905	-54,458	129,6600
14,2989	-54,460	129,6650
14,2928	-54,462	129,6700
14,2875	-54,464	129,6750
14,2926	-54,466	129,6800
14,2963	-54,469	129,6850
14,2983	-54,471	129,6900
14,3044	-54,473	129,6950
14,3045	-54,475	129,7000
14,2934	-54,477	129,7050
14,3018	-54,479	129,7100
14,3031	-54,481	129,7150
14,2960	-54,483	129,7200
14,3043	-54,485	129,7250
14,3040	-54,487	129,7300
14,2897	-54,490	129,7350
14,2859	-54,492	129,7400
14,2977	-54,494	129,7450
14,2954	-54,496	129,7500
14,3018	-54,498	129,7550
14,3124	-54,500	129,7600
14,3062	-54,502	129,7650
14,3071	-54,504	129,7700
14,3144	-54,506	129,7750
14,3080	-54,508	129,7800
14,3053	-54,511	129,7850
14,3172	-54,513	129,7900
14,3107	-54,515	129,7950
14,3041	-54,517	129,8000
14,3120	-54,519	129,8050
14,3143	-54,521	129,8100
14,3148	-54,523	129,8150
14,3203	-54,525	129,8200
14,3241	-54,527	129,8250
14,3148	-54,529	129,8300
14,3120	-54,532	129,8350
14,3160	-54,534	129,8400
14,3101	-54,536	129,8450
14,3153	-54,538	129,8500
14,3256	-54,540	129,8550
14,3187	-54,542	129,8600
14,3114	-54,544	129,8650
14,3197	-54,546	129,8700
14,3129	-54,548	129,8750
14,3141	-54,550	129,8800
14,3209	-54,553	129,8850
14,3174	-54,555	129,8900
14,3127	-54,557	129,8950
14,3267	-54,559	129,9000
14,3286	-54,561	129,9050
14,3167	-54,563	129,9100
14,3252	-54,565	129,9150
14,3322	-54,567	129,9200
14,3201	-54,569	129,9250
14,3160	-54,571	129,9300
14,3311	-54,574	129,9350
14,3270	-54,576	129,9400
14,3248	-54,578	129,9450
14,3310	-54,580	129,9500
14,3328	-54,582	129,9550
14,3280	-54,584	129,9600
14,3341	-54,586	129,9650
14,3315	-54,588	129,9700
14,3269	-54,590	129,9750
14,3322	-54,592	129,9800
14,3399	-54,595	129,9850
14,3341	-54,597	129,9900
14,3275	-54,599	129,9950
14,3294	-54,601	130,0000
14,3326	-54,603	130,0050
14,3373	-54,605	130,0100
14,3415	-54,607	130,0150
14,3356	-54,609	130,0200
14,3278	-54,611	130,0250
14,3409	-54,613	130,0300
14,3345	-54,616	130,0350
14,3315	-54,618	130,0400
14,3434	-54,620	130,0450
14,3409	-54,622	130,0500
14,3349	-54,624	130,0550
14,3459	-54,626	130,0600
14,3489	-54,628	130,0650
14,3480	-54,630	130,0700
14,3476	-54,632	130,0750
14,3517	-54,634	130,0800
14,3434	-54,637	130,0850
14,3487	-54,639	130,0900
14,3456	-54,641	130,0950
14,3382	-54,643	130,1000
14,3450	-54,645	130,1050
14,3582	-54,647	130,1100
14,3581	-54,649	130,1150
14,3562	-54,651	130,1200
14,3559	-54,653	130,1250
14,3461	-54,655	130,1300
14,3456	-54,658	130,1350
14,3558	-54,660	130,1400
14,3504	-54,662	130,1450
14,3444	-54,664	130,1500
14,3536	-54,666	130,1550
14,3545	-54,668	130,1600
14,3497	-54,670	130,1650
14,3552	-54,672	130,1700
14,3607	-54,674	130,1750
14,3536	-54,676	130,1800
14,3571	-54,679	130,1850
14,3624	-54,681	130,1900
14,3529	-54,683	130,1950
14,3585	-54,685	130,2000
14,3643	-54,687	130,2050
14,3590	-54,689	130,2100
14,3509	-54,691	130,2150
14,3619	-54,693	130,2200
14,3611	-54,695	130,2250
14,3645	-54,697	130,2300
14,3746	-54,700	130,2350
14,3692	-54,702	130,2400
14,3600	-54,704	130,2450
14,3648	-54,706	130,2500
14,3647	-54,708	130,2550
14,3639	-54,710	130,2600
14,3672	-54,712	130,2650
14,3768	-54,714	130,2700
14,3671	-54,716	130,2750
14,3673	-54,718	130,2800
14,3732	-54,721	130,2850
14,3718	-54,723	130,2900
14,3729	-54,725	130,2950
14,3813	-54,727	130,3000
14,3773	-54,729	130,3050
14,3755	-54,731	130,3100
14,3825	-54,733	130,3150
14,3832	-54,735	130,3200
14,3711	-54,737	130,3250
14,3749	-54,739	130,3300
14,3786	-54,742	130,3350
14,3711	-54,744	130,3400
14,3768	-54,746	130,3450
14,3705	-54,748	130,3500
14,3709	-54,750	130,3550
14,3813	-54,752	130,3600
14,3815	-54,754	130,3650
14,3751	-54,756	130,3700
14,3776	-54,758	130,3750
14,3792	-54,760	130,3800
14,3687	-54,763	130,3850
14,3730	-54,765	130,3900
14,3830	-54,767	130,3950
14,3823	-54,769	130,4000
14,3761	-54,771	130,4050
14,3851	-54,773	130,4100
14,3841	-54,775	130,4150
14,3824	-54,777	130,4200
14,3945	-54,779	130,4250
14,3943	-54,781	130,4300
14,3824	-54,784	130,4350
14,3873	-54,786	130,4400
14,3906	-54,788	130,4450
14,3902	-54,790	130,4500
14,3978	-54,792	130,4550
14,4024	-54,794	130,4600
14,3872	-54,796	130,4650
14,3929	-54,798	130,4700
14,3999	-54,800	130,4750
14,3859	-54,802	130,4800
14,3837	-54,805	130,4850
14,4015	-54,807	130,4900
14,3993	-54,809	130,4950
14,3936	-54,811	130,5000
14,4052	-54,813	130,5050
14,3999	-54,815	130,5100
14,3956	-54,817	130,5150
14,4022	-54,819	130,5200
14,4044	-54,821	130,5250
14,3910	-54,823	130,5300
14,3951	-54,826	130,5350
14,3970	-54,828	130,5400
14,3987	-54,830	130,5450
14,4031	-54,832	130,5500
14,4039	-54,834	130,5550
14,4041	-54,836	130,5600
14,4127	-54,838	130,5650
14,4169	-54,840	130,5700
14,4038	-54,842	130,5750
14,4041	-54,844	130,5800
14,4188	-54,847	130,5850
14,4131	-54,849	130,5900
14,4067	-54,851	130,5950
14,4162	-54,853	130,6000
14,4147	-54,855	130,6050
14,4080	-54,857	130,6100
14,4147	-54,859	130,6150
14,4162	-54,861	130,6200
14,4094	-54,863	130,6250
14,4176	-54,865	130,6300
14,4191	-54,868	130,6350
14,4101	-54,870	130,6400
14,4141	-54,872	130,6450
14,4170	-54,874	130,6500
14,4060	-54,876	130,6550
14,4086	-54,878	130,6600
14,4132	-54,880	130,6650
14,4047	-54,882	130,6700
14,4068	-54,884	130,6750
14,4186	-54,886	130,6800
14,4163	-54,889	130,6850
14,4155	-54,891	130,6900
14,4255	-54,893	130,6950
14,4248	-54,895	130,7000
14,4163	-54,897	130,7050
14,4265	-54,899	130,7100
14,4274	-54,901	130,7150
14,4112	-54,903	130,7200
14,4149	-54,905	130,7250
14,4255	-54,907	130,7300
14,4278	-54,910	130,7350
14,4285	-54,912	130,7400
14,4398	-54,914	130,7450
14,4304	-54,916	130,7500
14,4225	-54,918	130,7550
14,4279	-54,920	130,7600
14,4232	-54,922	130,7650
14,4195	-54,924	130,7700
14,4278	-54,926	130,7750
14,4294	-54,928	130,7800
14,4305	-54,931	130,7850
14,4387	-54,933	130,7900
14,4359	-54,935	130,7950
14,4274	-54,937	130,8000
14,4335	-54,939	130,8050
14,4394	-54,941	130,8100
14,4307	-54,943	130,8150
14,4344	-54,945	130,8200
14,4387	-54,947	130,8250
14,4356	-54,949	130,8300
14,4405	-54,952	130,8350
14,4446	-54,954	130,8400
14,4340	-54,956	130,8450
14,4377	-54,958	130,8500
14,4488	-54,960	130,8550
14,4499	-54,962	130,8600
14,4452	-54,964	130,8650
14,4528	-54,966	130,8700
14,4467	-54,968	130,8750
14,4368	-54,970	130,8800
14,4422	-54,973	130,8850
14,4435	-54,975	130,8900
14,4414	-54,977	130,8950
14,4510	-54,979	130,9000
14,4545	-54,981	130,9050
14,4443	-54,983	130,9100
14,4456	-54,985	130,9150
14,4482	-54,987	130,9200
14,4433	-54,989	130,9250
14,4409	-54,991	130,9300
14,4461	-54,994	130,9350
14,4407	-54,996	130,9400
14,4445	-54,998	130,9450
14,4556	-55,000	130,9500
14,4478	-55,002	130,9550
14,4445	-55,004	130,9600
14,4531	-55,006	130,9650
14,4560	-55,008	130,9700
14,4521	-55,010	130,9750
14,4563	-55,012	130,9800
14,4570	-55,015	130,9850
14,4491	-55,017	130,9900
14,4591	-55,019	130,9950
14,4647	-55,021	131,0000
14,4569	-55,023	131,0050
14,4603	-55,025	131,0100
14,4629	-55,027	131,0150
14,4661	-55,029	131,0200
14,4636	-55,031	131,0250
14,4661	-55,033	131,0300
14,4582	-55,036	131,0350
14,4538	-55,038	131,0400
14,4679	-55,040	131,0450
14,4649	-55,042	131,0500
14,4618	-55,044	131,0550
14,4762	-55,046	131,0600
14,4686	-55,048	131,0650
14,4582	-55,050	131,0700
14,4602	-55,052	131,0750
14,4677	-55,054	131,0800
14,4604	-55,057	131,0850
14,4694	-55,059	131,0900
14,4753	-55,061	131,0950
14,4662	-55,063	131,1000
14,4674	-55,065	131,1050
14,4708	-55,067	131,1100
14,4686	-55,069	131,1150
14,4646	-55,071	131,1200
14,4762	-55,073	131,1250
14,4766	-55,075	131,1300
14,4758	-55,078	131,1350
14,4781	-55,080	131,1400
14,4769	-55,082	131,1450
14,4778	-55,084	131,1500
14,4813	-55,086	131,1550
14,4726	-55,088	131,1600
14,4676	-55,090	131,1650
14,4767	-55,092	131,1700
14,4807	-55,094	131,1750
14,4748	-55,096	131,1800
14,4825	-55,099	131,1850
14,4884	-55,101	131,1900
14,4772	-55,103	131,1950
14,4773	-55,105	131,2000
14,4829	-55,107	131,2050
14,4763	-55,109	131,2100
14,4750	-55,111	131,2150
14,4783	-55,113	131,2200
14,4807	-55,115	131,2250
14,4869	-55,117	131,2300
14,4933	-55,120	131,2350
14,4929	-55,122	131,2400
14,4932	-55,124	131,2450
14,4980	-55,126	131,2500
14,4949	-55,128	131,2550
14,4868	-55,130	131,2600
14,4896	-55,132	131,2650
14,4933	-55,134	131,2700
14,4845	-55,136	131,2750
14,4960	-55,138	131,2800
14,5071	-55,141	131,2850
14,4989	-55,143	131,2900
14,5027	-55,145	131,2950
14,5078	-55,147	131,3000
14,5000	-55,149	131,3050
14,4966	-55,151	131,3100
14,5047	-55,153	131,3150
14,5005	-55,155	131,3200
14,4967	-55,157	131,3250
14,5054	-55,159	131,3300
14,4992	-55,162	131,3350
14,4962	-55,164	131,3400
14,5049	-55,166	131,3450
14,5016	-55,168	131,3500
14,5001	-55,170	131,3550
14,4991	-55,172	131,3600
14,5066	-55,174	131,3650
14,5009	-55,176	131,3700
14,5047	-55,178	131,3750
14,5145	-55,180	131,3800
14,5005	-55,183	131,3850
14,5000	-55,185	131,3900
14,5106	-55,187	131,3950
14,5071	-55,189	131,4000
14,5000	-55,191	131,4050
14,5100	-55,193	131,4100
14,5041	-55,195	131,4150
14,5037	-55,197	131,4200
14,5132	-55,199	131,4250
14,5081	-55,201	131,4300
14,5041	-55,204	131,4350
14,5139	-55,206	131,4400
14,5150	-55,208	131,4450
14,5118	-55,210	131,4500
14,5102	-55,212	131,4550
14,5178	-55,214	131,4600
14,5160	-55,216	131,4650
14,5172	-55,218	131,4700
14,5185	-55,220	131,4750
14,5146	-55,222	131,4800
14,5148	-55,225	131,4850
14,5207	-55,227	131,4900
14,5175	-55,229	131,4950
14,5139	-55,231	131,5000
14,5240	-55,233	131,5050
14,5293	-55,235	131,5100
14,5201	-55,237	131,5150
14,5248	-55,239	131,5200
14,5241	-55,241	131,5250
14,5231	-55,243	131,5300
14,5305	-55,246	131,5350
14,5322	-55,248	131,5400
14,5267	-55,250	131,5450
14,5248	-55,252	131,5500
14,5206	-55,254	131,5550
14,5192	-55,256	131,5600
14,5291	-55,258	131,5650
14,5385	-55,260	131,5700
14,5292	-55,262	131,5750
14,5300	-55,264	131,5800
14,5309	-55,267	131,5850
14,5261	-55,269	131,5900
14,5274	-55,271	131,5950
14,5412	-55,273	131,6000
14,5440	-55,275	131,6050
14,5341	-55,277	131,6100
14,5349	-55,279	131,6150
14,5297	-55,281	131,6200
14,5258	-55,283	131,6250
14,5320	-55,285	131,6300
14,5347	-55,288	131,6350
14,5380	-55,290	131,6400
14,5422	-55,292	131,6450
14,5451	-55,294	131,6500
14,5354	-55,296	131,6550
14,5382	-55,298	131,6600
14,5468	-55,300	131,6650
14,5381	-55,302	131,6700
14,5327	-55,304	131,6750
14,5446	-55,306	131,6800
14,5462	-55,309	131,6850
14,5448	-55,311	131,6900
14,5557	-55,313	131,6950
14,5553	-55,315	131,7000
14,5431	-55,317	131,7050
14,5465	-55,319	131,7100
14,5472	-55,321	131,7150
14,5437	-55,323	131,7200
14,5420	-55,325	131,7250
14,5473	-55,327	131,7300
14,5456	-55,330	131,7350
14,5467	-55,332	131,7400
14,5578	-55,334	131,7450
14,5528	-55,336	131,7500
14,5526	-55,338	131,7550
14,5542	-55,340	131,7600
14,5460	-55,342	131,7650
14,5489	-55,344	131,7700
14,5591	-55,346	131,7750
14,5566	-55,348	131,7800
14,5540	-55,351	131,7850
14,5615	-55,353	131,7900
14,5595	-55,355	131,7950
14,5587	-55,357	131,8000
14,5719	-55,359	131,8050
14,5713	-55,361	131,8100
14,5558	-55,363	131,8150
14,5623	-55,365	131,8200
14,5670	-55,367	131,8250
14,5658	-55,369	131,8300
14,5603	-55,372	131,8350
14,5644	-55,374	131,8400
14,5587	-55,376	131,8450
14,5616	-55,378	131,8500
14,5712	-55,380	131,8550
14,5670	-55,382	131,8600
14,5642	-55,384	131,8650
14,5671	-55,386	131,8700
14,5721	-55,388	131,8750
14,5729	-55,390	131,8800
14,5720	-55,393	131,8850
14,5706	-55,395	131,8900
14,5668	-55,397	131,8950
14,5700	-55,399	131,9000
14,5754	-55,401	131,9050
14,5647	-55,403	131,9100
14,5677	-55,405	131,9150
14,5778	-55,407	131,9200
14,5733	-55,409	131,9250
14,5670	-55,411	131,9300
14,5760	-55,414	131,9350
14,5704	-55,416	131,9400
14,5659	-55,418	131,9450
14,5755	-55,420	131,9500
14,5760	-55,422	131,9550
14,5732	-55,424	131,9600
14,5799	-55,426	131,9650
14,5792	-55,428	131,9700
14,5695	-55,430	131,9750
14,5759	-55,432	131,9800
14,5813	-55,435	131,9850
14,5761	-55,437	131,9900
14,5847	-55,439	131,9950
14,5828	-55,441	132,0000
14,5738	-55,443	132,0050
14,5772	-55,445	132,0100
14,5884	-55,447	132,0150
14,5885	-55,449	132,0200
14,5885	-55,451	132,0250
14,5959	-55,453	132,0300
14,5884	-55,456	132,0350
14,5820	-55,458	132,0400
14,5894	-55,460	132,0450
14,5814	-55,462	132,0500
14,5812	-55,464	132,0550
14,5931	-55,466	132,0600
14,5904	-55,468	132,0650
14,5874	-55,470	132,0700
14,5923	-55,472	132,0750
14,5968	-55,474	132,0800
14,5942	-55,477	132,0850
14,5940	-55,479	132,0900
14,5905	-55,481	132,0950
14,5931	-55,483	132,1000
14,6048	-55,485	132,1050
14,6133	-55,487	132,1100
14,6021	-55,489	132,1150
14,5934	-55,491	132,1200
14,6034	-55,493	132,1250
14,5976	-55,495	132,1300
14,5961	-55,498	132,1350
14,6090	-55,500	132,1400
14,6082	-55,502	132,1450
14,5967	-55,504	132,1500
14,6004	-55,506	132,1550
14,6104	-55,508	132,1600
14,6110	-55,510	132,1650
14,6151	-55,512	132,1700
14,6152	-55,514	132,1750
14,6048	-55,516	132,1800
14,6088	-55,519	132,1850
14,6082	-55,521	132,1900
14,6006	-55,523	132,1950
14,6052	-55,525	132,2000
14,6096	-55,527	132,2050
14,6028	-55,529	132,2100
14,6016	-55,531	132,2150
14,6058	-55,533	132,2200
14,6032	-55,535	132,2250
14,6054	-55,537	132,2300
14,6135	-55,540	132,2350
14,6145	-55,542	132,2400
14,6103	-55,544	132,2450
14,6183	-55,546	132,2500
14,6205	-55,548	132,2550
14,6121	-55,550	132,2600
14,6182	-55,552	132,2650
14,6216	-55,554	132,2700
14,6148	-55,556	132,2750
14,6223	-55,558	132,2800
14,6237	-55,561	132,2850
14,6181	-55,563	132,2900
14,6146	-55,565	132,2950
14,6198	-55,567	132,3000
14,6200	-55,569	132,3050
14,6228	-55,571	132,3100
14,6294	-55,573	132,3150
14,6202	-55,575	132,3200
14,6173	-55,577	132,3250
14,6269	-55,579	132,3300
14,6207	-55,582	132,3350
14,6135	-55,584	132,3400
14,6230	-55,586	132,3450
14,6294	-55,588	132,3500
14,6287	-55,590	132,3550
14,6286	-55,592	132,3600
14,6329	-55,594	132,3650
14,6321	-55,596	132,3700
14,6374	-55,598	132,3750
14,6362	-55,600	132,3800
14,6260	-55,603	132,3850
14,6246	-55,605	132,3900
14,6391	-55,607	132,3950
14,6368	-55,609	132,4000
14,6325	-55,611	132,4050
14,6336	-55,613	132,4100
14,6338	-55,615	132,4150
14,6364	-55,617	132,4200
14,6433	-55,619	132,4250
14,6348	-55,621	132,4300
14,6211	-55,624	132,4350
14,6253	-55,626	132,4400
14,6369	-55,628	132,4450
14,6386	-55,630	132,4500
14,6421	-55,632	132,4550
14,6461	-55,634	132,4600
14,6330	-55,636	132,4650
14,6316	-55,638	132,4700
14,6381	-55,640	132,4750
14,6343	-55,642	132,4800
14,6334	-55,645	132,4850
14,6425	-55,647	132,4900
14,6422	-55,649	132,4950
14,6411	-55,651	132,5000
14,6470	-55,653	132,5050
14,6464	-55,655	132,5100
14,6521	-55,657	132,5150
14,6627	-55,659	132,5200
14,6555	-55,661	132,5250
14,6431	-55,663	132,5300
14,6462	-55,666	132,5350
14,6435	-55,668	132,5400
14,6381	-55,670	132,5450
14,6414	-55,672	132,5500
14,6520	-55,674	132,5550
14,6425	-55,676	132,5600
14,6443	-55,678	132,5650
14,6494	-55,680	132,5700
14,6474	-55,682	132,5750
14,6488	-55,684	132,5800
14,6571	-55,687	132,5850
14,6574	-55,689	132,5900
14,6536	-55,691	132,5950
14,6603	-55,693	132,6000
14,6573	-55,695	132,6050
14,6568	-55,697	132,6100
14,6697	-55,699	132,6150
14,6644	-55,701	132,6200
14,6522	-55,703	132,6250
14,6629	-55,705	132,6300
14,6694	-55,708	132,6350
14,6684	-55,710	132,6400
14,6636	-55,712	132,6450
14,6673	-55,714	132,6500
14,6596	-55,716	132,6550
14,6643	-55,718	132,6600
14,6658	-55,720	132,6650
14,6658	-55,722	132,6700
14,6649	-55,724	132,6750
14,6677	-55,726	132,6800
14,6634	-55,729	132,6850
14,6608	-55,731	132,6900
14,6666	-55,733	132,6950
14,6714	-55,735	132,7000
14,6706	-55,737	132,7050
14,6767	-55,739	132,7100
14,6773	-55,741	132,7150
14,6697	-55,743	132,7200
14,6720	-55,745	132,7250
14,6738	-55,747	132,7300
14,6722	-55,750	132,7350
14,6703	-55,752	132,7400
14,6810	-55,754	132,7450
14,6761	-55,756	132,7500
14,6787	-55,758	132,7550
14,6792	-55,760	132,7600
14,6684	-55,762	132,7650
14,6707	-55,764	132,7700
14,6799	-55,766	132,7750
14,6734	-55,768	132,7800
14,6723	-55,771	132,7850
14,6809	-55,773	132,7900
14,6815	-55,775	132,7950
14,6803	-55,777	132,8000
14,6891	-55,779	132,8050
14,6839	-55,781	132,8100
14,6723	-55,783	132,8150
14,6802	-55,785	132,8200
14,6872	-55,787	132,8250
14,6870	-55,789	132,8300
14,6863	-55,792	132,8350
14,6909	-55,794	132,8400
14,6823	-55,796	132,8450
14,6829	-55,798	132,8500
14,6916	-55,800	132,8550
14,6886	-55,802	132,8600
14,6917	-55,804	132,8650
14,6949	-55,806	132,8700
14,6871	-55,808	132,8750
14,6803	-55,810	132,8800
14,6893	-55,813	132,8850
14,6942	-55,815	132,8900
14,6921	-55,817	132,8950
14,6974	-55,819	132,9000
14,6861	-55,821	132,9050
14,6778	-55,823	132,9100
14,6891	-55,825	132,9150
14,6988	-55,827	132,9200
14,6920	-55,829	132,9250
14,6945	-55,831	132,9300
14,7063	-55,834	132,9350
14,7016	-55,836	132,9400
14,7021	-55,838	132,9450
14,7117	-55,840	132,9500
14,7051	-55,842	132,9550
14,7031	-55,844	132,9600
14,7101	-55,846	132,9650
14,7086	-55,848	132,9700
14,6987	-55,850	132,9750
14,7009	-55,852	132,9800
14,7021	-55,855	132,9850
14,7057	-55,857	132,9900
14,7092	-55,859	132,9950
14,7035	-55,861	133,0000
14,6965	-55,863	133,0050
14,7011	-55,865	133,0100
14,7071	-55,867	133,0150
14,7012	-55,869	133,0200
14,7011	-55,871	133,0250
14,7153	-55,873	133,0300
14,7130	-55,876	133,0350
14,7082	-55,878	133,0400
14,7162	-55,880	133,0450
14,7115	-55,882	133,0500
14,7075	-55,884	133,0550
14,7125	-55,886	133,0600
14,7085	-55,888	133,0650
14,7057	-55,890	133,0700
14,7196	-55,892	133,0750
14,7258	-55,894	133,0800
14,7177	-55,897	133,0850
14,7235	-55,899	133,0900
14,7269	-55,901	133,0950
14,7168	-55,903	133,1000
14,7190	-55,905	133,1050
14,7270	-55,907	133,1100
14,7265	-55,909	133,1150
14,7166	-55,911	133,1200
14,7222	-55,913	133,1250
14,7205	-55,915	133,1300
14,7202	-55,918	133,1350
14,7252	-55,920	133,1400
14,7197	-55,922	133,1450
14,7173	-55,924	133,1500
14,7260	-55,926	133,1550
14,7284	-55,928	133,1600
14,7176	-55,930	133,1650
14,7233	-55,932	133,1700
14,7239	-55,934	133,1750
14,7113	-55,936	133,1800
14,7232	-55,939	133,1850
14,7338	-55,941	133,1900
14,7252	-55,943	133,1950
14,7284	-55,945	133,2000
14,7313	-55,947	133,2050
14,7240	-55,949	133,2100
14,7218	-55,951	133,2150
14,7296	-55,953	133,2200
14,7258	-55,955	133,2250
14,7302	-55,957	133,2300
14,7404	-55,960	133,2350
14,7450	-55,962	133,2400
14,7388	-55,964	133,2450
14,7388	-55,966	133,2500
14,7389	-55,968	133,2550
14,7305	-55,970	133,2600
14,7321	-55,972	133,2650
14,7369	-55,974	133,2700
14,7313	-55,976	133,2750
14,7353	-55,978	133,2800
14,7426	-55,981	133,2850
14,7400	-55,983	133,2900
14,7380	-55,985	133,2950
14,7411	-55,987	133,3000
14,7362	-55,989	133,3050
14,7382	-55,991	133,3100
14,7509	-55,993	133,3150
14,7439	-55,995	133,3200
14,7392	-55,997	133,3250
14,7482	-55,999	133,3300
14,7472	-56,002	133,3350
14,7419	-56,004	133,3400
14,7555	-56,006	133,3450
14,7581	-56,008	133,3500
14,7490	-56,010	133,3550
14,7496	-56,012	133,3600
14,7577	-56,014	133,3650
14,7529	-56,016	133,3700
14,7571	-56,018	133,3750
14,7573	-56,020	133,3800
14,7472	-56,023	133,3850
14,7503	-56,025	133,3900
14,7647	-56,027	133,3950
14,7637	-56,029	133,4000
14,7566	-56,031	133,4050
14,7642	-56,033	133,4100
14,7623	-56,035	133,4150
14,7547	-56,037	133,4200
14,7630	-56,039	133,4250
14,7574	-56,041	133,4300
14,7532	-56,044	133,4350
14,7658	-56,046	133,4400
14,7689	-56,048	133,4450
14,7606	-56,050	133,4500
14,7698	-56,052	133,4550
14,7770	-56,054	133,4600
14,7676	-56,056	133,4650
14,7671	-56,058	133,4700
14,7704	-56,060	133,4750
14,7588	-56,062	133,4800
14,7527	-56,065	133,4850
14,7566	-56,067	133,4900
14,7649	-56,069	133,4950
14,7653	-56,071	133,5000
14,7705	-56,073	133,5050
14,7693	-56,075	133,5100
14,7669	-56,077	133,5150
14,7767	-56,079	133,5200
14,7677	-56,081	133,5250
14,7620	-56,083	133,5300
14,7763	-56,086	133,5350
14,7776	-56,088	133,5400
14,7669	-56,090	133,5450
14,7719	-56,092	133,5500
14,7772	-56,094	133,5550
14,7663	-56,096	133,5600
14,7702	-56,098	133,5650
14,7825	-56,100	133,5700
14,7797	-56,102	133,5750
14,7741	-56,104	133,5800
14,7824	-56,107	133,5850
14,7812	-56,109	133,5900
14,7738	-56,111	133,5950
14,7778	-56,113	133,6000
14,7815	-56,115	133,6050
14,7763	-56,117	133,6100
14,7755	-56,119	133,6150
14,7758	-56,121	133,6200
14,7744	-56,123	133,6250
14,7826	-56,125	133,6300
14,7888	-56,128	133,6350
14,7865	-56,130	133,6400
14,7871	-56,132	133,6450
14,7953	-56,134	133,6500
14,7823	-56,136	133,6550
14,7848	-56,138	133,6600
14,7918	-56,140	133,6650
14,7841	-56,142	133,6700
14,7845	-56,144	133,6750
14,7948	-56,146	133,6800
14,7976	-56,149	133,6850
14,7865	-56,151	133,6900
14,7924	-56,153	133,6950
14,7970	-56,155	133,7000
14,7909	-56,157	133,7050
14,7948	-56,159	133,7100
14,7927	-56,161	133,7150
14,7850	-56,163	133,7200
14,7969	-56,165	133,7250
14,8009	-56,167	133,7300
14,7902	-56,170	133,7350
14,7892	-56,172	133,7400
14,8009	-56,174	133,7450
14,8031	-56,176	133,7500
14,8030	-56,178	133,7550
14,8025	-56,180	133,7600
14,7942	-56,182	133,7650
14,7955	-56,184	133,7700
14,8040	-56,186	133,7750
14,8042	-56,188	133,7800
14,8021	-56,191	133,7850
14,8043	-56,193	133,7900
14,8136	-56,195	133,7950
14,8096	-56,197	133,8000
14,8083	-56,199	133,8050
14,8064	-56,201	133,8100
14,8008	-56,203	133,8150
14,8109	-56,205	133,8200
14,8163	-56,207	133,8250
14,8095	-56,209	133,8300
14,8093	-56,212	133,8350
14,8158	-56,214	133,8400
14,8033	-56,216	133,8450
14,8017	-56,218	133,8500
14,8102	-56,220	133,8550
14,8059	-56,222	133,8600
14,8125	-56,224	133,8650
14,8238	-56,226	133,8700
14,8213	-56,228	133,8750
14,8181	-56,230	133,8800
14,8177	-56,233	133,8850
14,8161	-56,235	133,8900
14,8129	-56,237	133,8950
14,8157	-56,239	133,9000
14,8185	-56,241	133,9050
14,8222	-56,243	133,9100
14,8273	-56,245	133,9150
14,8305	-56,247	133,9200
14,8184	-56,249	133,9250
14,8169	-56,251	133,9300
14,8236	-56,254	133,9350
14,8189	-56,256	133,9400
14,8259	-56,258	133,9450
14,8395	-56,260	133,9500
14,8320	-56,262	133,9550
14,8219	-56,264	133,9600
14,8321	-56,266	133,9650
14,8338	-56,268	133,9700
14,8249	-56,270	133,9750
14,8214	-56,272	133,9800
14,8319	-56,275	133,9850
14,8330	-56,277	133,9900
14,8402	-56,279	133,9950
14,8393	-56,281	134,0000
14,8333	-56,283	134,0050
14,8353	-56,285	134,0100
14,8377	-56,287	134,0150
14,8356	-56,289	134,0200
14,8365	-56,291	134,0250
14,8383	-56,293	134,0300
14,8350	-56,296	134,0350
14,8385	-56,298	134,0400
14,8471	-56,300	134,0450
14,8430	-56,302	134,0500
14,8330	-56,304	134,0550
14,8426	-56,306	134,0600
14,8430	-56,308	134,0650
14,8360	-56,310	134,0700
14,8348	-56,312	134,0750
14,8399	-56,314	134,0800
14,8329	-56,317	134,0850
14,8350	-56,319	134,0900
14,8441	-56,321	134,0950
14,8405	-56,323	134,1000
14,8403	-56,325	134,1050
14,8430	-56,327	134,1100
14,8335	-56,329	134,1150
14,8338	-56,331	134,1200
14,8497	-56,333	134,1250
14,8514	-56,335	134,1300
14,8427	-56,338	134,1350
14,8435	-56,340	134,1400
14,8438	-56,342	134,1450
14,8454	-56,344	134,1500
14,8582	-56,346	134,1550
14,8558	-56,348	134,1600
14,8496	-56,350	134,1650
14,8536	-56,352	134,1700
14,8558	-56,354	134,1750
14,8491	-56,356	134,1800
14,8544	-56,359	134,1850
14,8594	-56,361	134,1900
14,8505	-56,363	134,1950
14,8476	-56,365	134,2000
14,8524	-56,367	134,2050
14,8498	-56,369	134,2100
14,8505	-56,371	134,2150
14,8615	-56,373	134,2200
14,8568	-56,375	134,2250
14,8582	-56,377	134,2300
14,8643	-56,380	134,2350
14,8570	-56,382	134,2400
14,8554	-56,384	134,2450
14,8653	-56,386	134,2500
14,8664	-56,388	134,2550
14,8659	-56,390	134,2600
14,8650	-56,392	134,2650
14,8699	-56,394	134,2700
14,8541	-56,396	134,2750
14,8561	-56,398	134,2800
14,8619	-56,401	134,2850
14,8673	-56,403	134,2900
14,8705	-56,405	134,2950
14,8731	-56,407	134,3000
14,8663	-56,409	134,3050
14,8633	-56,411	134,3100
14,8714	-56,413	134,3150
14,8694	-56,415	134,3200
14,8662	-56,417	134,3250
14,8830	-56,419	134,3300
14,8819	-56,422	134,3350
14,8701	-56,424	134,3400
14,8739	-56,426	134,3450
14,8793	-56,428	134,3500
14,8689	-56,430	134,3550
14,8721	-56,432	134,3600
14,8794	-56,434	134,3650
14,8672	-56,436	134,3700
14,8723	-56,438	134,3750
14,8814	-56,440	134,3800
14,8691	-56,443	134,3850
14,8716	-56,445	134,3900
14,8848	-56,447	134,3950
14,8837	-56,449	134,4000
14,8820	-56,451	134,4050
14,8858	-56,453	134,4100
14,8837	-56,455	134,4150
14,8825	-56,457	134,4200
14,8868	-56,459	134,4250
14,8806	-56,461	134,4300
14,8767	-56,464	134,4350
14,8834	-56,466	134,4400
14,8862	-56,468	134,4450
14,8827	-56,470	134,4500
14,8787	-56,472	134,4550
14,8835	-56,474	134,4600
14,8805	-56,476	134,4650
14,8896	-56,478	134,4700
14,8969	-56,480	134,4750
14,8867	-56,482	134,4800
14,8871	-56,485	134,4850
14,8971	-56,487	134,4900
14,8865	-56,489	134,4950
14,8856	-56,491	134,5000
14,8982	-56,493	134,5050
14,8931	-56,495	134,5100
14,8891	-56,497	134,5150
14,9050	-56,499	134,5200
14,9047	-56,501	134,5250
14,8930	-56,503	134,5300
14,8986	-56,506	134,5350
14,8992	-56,508	134,5400
14,8962	-56,510	134,5450
14,8986	-56,512	134,5500
14,9032	-56,514	134,5550
14,8885	-56,516	134,5600
14,8933	-56,518	134,5650
14,9030	-56,520	134,5700
14,8988	-56,522	134,5750
14,8974	-56,524	134,5800
14,9035	-56,527	134,5850
14,8970	-56,529	134,5900
14,8968	-56,531	134,5950
14,9040	-56,533	134,6000
14,9072	-56,535	134,6050
14,9062	-56,537	134,6100
14,9090	-56,539	134,6150
14,9092	-56,541	134,6200
14,9023	-56,543	134,6250
14,9084	-56,545	134,6300
14,9118	-56,548	134,6350
14,9042	-56,550	134,6400
14,9031	-56,552	134,6450
14,9112	-56,554	134,6500
14,9070	-56,556	134,6550
14,9103	-56,558	134,6600
14,9218	-56,560	134,6650
14,9135	-56,562	134,6700
14,9094	-56,564	134,6750
14,9210	-56,566	134,6800
14,9228	-56,569	134,6850
14,9072	-56,571	134,6900
14,9129	-56,573	134,6950
14,9259	-56,575	134,7000
14,9197	-56,577	134,7050
14,9217	-56,579	134,7100
14,9245	-56,581	134,7150
14,9165	-56,583	134,7200
14,9179	-56,585	134,7250
14,9254	-56,587	134,7300
14,9244	-56,590	134,7350
14,9175	-56,592	134,7400
14,9238	-56,594	134,7450
14,9180	-56,596	134,7500
14,9217	-56,598	134,7550
14,9299	-56,600	134,7600
14,9253	-56,602	134,7650
14,9173	-56,604	134,7700
14,9227	-56,606	134,7750
14,9272	-56,608	134,7800
14,9224	-56,611	134,7850
14,9337	-56,613	134,7900
14,9387	-56,615	134,7950
14,9355	-56,617	134,8000
14,9386	-56,619	134,8050
14,9257	-56,621	134,8100
14,9197	-56,623	134,8150
14,9360	-56,625	134,8200
14,9416	-56,627	134,8250
14,9364	-56,629	134,8300
14,9391	-56,632	134,8350
14,9410	-56,634	134,8400
14,9320	-56,636	134,8450
14,9293	-56,638	134,8500
14,9394	-56,640	134,8550
14,9389	-56,642	134,8600
14,9368	-56,644	134,8650
14,9475	-56,646	134,8700
14,9447	-56,648	134,8750
14,9425	-56,650	134,8800
14,9426	-56,653	134,8850
14,9418	-56,655	134,8900
14,9418	-56,657	134,8950
14,9506	-56,659	134,9000
14,9479	-56,661	134,9050
14,9415	-56,663	134,9100
14,9400	-56,665	134,9150
14,9403	-56,667	134,9200
14,9397	-56,669	134,9250
14,9412	-56,671	134,9300
14,9521	-56,674	134,9350
14,9487	-56,676	134,9400
14,9463	-56,678	134,9450
14,9507	-56,680	134,9500
14,9460	-56,682	134,9550
14,9453	-56,684	134,9600
14,9569	-56,686	134,9650
14,9551	-56,688	134,9700
14,9505	-56,690	134,9750
14,9563	-56,692	134,9800
14,9592	-56,695	134,9850
14,9493	-56,697	134,9900
14,9562	-56,699	134,9950
14,9601	-56,701	135,0000
14,9519	-56,703	135,0050
14,9495	-56,705	135,0100
14,9492	-56,707	135,0150
14,9538	-56,709	135,0200
14,9557	-56,711	135,0250
14,9625	-56,713	135,0300
14,9570	-56,716	135,0350
14,9526	-56,718	135,0400
14,9580	-56,720	135,0450
14,9559	-56,722	135,0500
14,9530	-56,724	135,0550
14,9615	-56,726	135,0600
14,9615	-56,728	135,0650
14,9564	-56,730	135,0700
14,9693	-56,732	135,0750
14,9781	-56,734	135,0800
14,9639	-56,737	135,0850
14,9708	-56,739	135,0900
14,9763	-56,741	135,0950
14,9687	-56,743	135,1000
14,9726	-56,745	135,1050
14,9765	-56,747	135,1100
14,9738	-56,749	135,1150
14,9667	-56,751	135,1200
14,9647	-56,753	135,1250
14,9642	-56,755	135,1300
14,9685	-56,758	135,1350
14,9767	-56,760	135,1400
14,9716	-56,762	135,1450
14,9660	-56,764	135,1500
14,9746	-56,766	135,1550
14,9803	-56,768	135,1600
14,9753	-56,770	135,1650
14,9786	-56,772	135,1700
14,9902	-56,774	135,1750
14,9823	-56,776	135,1800
14,9861	-56,779	135,1850
14,9903	-56,781	135,1900
14,9805	-56,783	135,1950
14,9777	-56,785	135,2000
14,9823	-56,787	135,2050
14,9892	-56,789	135,2100
14,9913	-56,791	135,2150
14,9939	-56,793	135,2200
14,9942	-56,795	135,2250
14,9913	-56,797	135,2300
14,9921	-56,800	135,2350
14,9823	-56,802	135,2400
14,9770	-56,804	135,2450
14,9902	-56,806	135,2500
14,9911	-56,808	135,2550
14,9778	-56,810	135,2600
14,9836	-56,812	135,2650
14,9994	-56,814	135,2700
14,9899	-56,816	135,2750
14,9905	-56,818	135,2800
14,9966	-56,821	135,2850
14,9940	-56,823	135,2900
14,9924	-56,825	135,2950
15,0008	-56,827	135,3000
14,9977	-56,829	135,3050
14,9948	-56,831	135,3100
15,0056	-56,833	135,3150
15,0000	-56,835	135,3200
14,9960	-56,837	135,3250
15,0037	-56,839	135,3300
15,0047	-56,842	135,3350
15,0012	-56,844	135,3400
15,0091	-56,846	135,3450
15,0064	-56,848	135,3500
14,9989	-56,850	135,3550
15,0027	-56,852	135,3600
15,0141	-56,854	135,3650
15,0045	-56,856	135,3700
14,9989	-56,858	135,3750
15,0023	-56,860	135,3800
14,9922	-56,863	135,3850
14,9950	-56,865	135,3900
15,0108	-56,867	135,3950
15,0079	-56,869	135,4000
14,9981	-56,871	135,4050
15,0013	-56,873	135,4100
14,9978	-56,875	135,4150
15,0001	-56,877	135,4200
15,0132	-56,879	135,4250
15,0085	-56,881	135,4300
15,0059	-56,884	135,4350
15,0169	-56,886	135,4400
15,0125	-56,888	135,4450
15,0058	-56,890	135,4500
15,0091	-56,892	135,4550
15,0180	-56,894	135,4600
15,0154	-56,896	135,4650
15,0187	-56,898	135,4700
15,0225	-56,900	135,4750
15,0185	-56,902	135,4800
15,0198	-56,905	135,4850
15,0273	-56,907	135,4900
15,0277	-56,909	135,4950
15,0213	-56,911	135,5000
15,0284	-56,913	135,5050
15,0241	-56,915	135,5100
15,0163	-56,917	135,5150
15,0219	-56,919	135,5200
15,0157	-56,921	135,5250
15,0166	-56,923	135,5300
15,0283	-56,926	135,5350
15,0282	-56,928	135,5400
15,0158	-56,930	135,5450
15,0189	-56,932	135,5500
15,0266	-56,934	135,5550
15,0225	-56,936	135,5600
15,0227	-56,938	135,5650
15,0258	-56,940	135,5700
15,0202	-56,942	135,5750
15,0297	-56,944	135,5800
15,0393	-56,947	135,5850
15,0324	-56,949	135,5900
15,0246	-56,951	135,5950
15,0272	-56,953	135,6000
15,0316	-56,955	135,6050
15,0307	-56,957	135,6100
15,0363	-56,959	135,6150
15,0376	-56,961	135,6200
15,0322	-56,963	135,6250
15,0396	-56,965	135,6300
15,0403	-56,968	135,6350
15,0316	-56,970	135,6400
15,0319	-56,972	135,6450
15,0449	-56,974	135,6500
15,0366	-56,976	135,6550
15,0370	-56,978	135,6600
15,0461	-56,980	135,6650
15,0383	-56,982	135,6700
15,0347	-56,984	135,6750
15,0499	-56,986	135,6800
15,0457	-56,989	135,6850
15,0424	-56,991	135,6900
15,0451	-56,993	135,6950
15,0363	-56,995	135,7000
15,0348	-56,997	135,7050
15,0483	-56,999	135,7100
15,0462	-57,001	135,7150
15,0439	-57,003	135,7200
15,0564	-57,005	135,7250
15,0606	-57,007	135,7300
15,0488	-57,010	135,7350
15,0538	-57,012	135,7400
15,0592	-57,014	135,7450
15,0531	-57,016	135,7500
15,0494	-57,018	135,7550
15,0474	-57,020	135,7600
15,0418	-57,022	135,7650
15,0463	-57,024	135,7700
15,0559	-57,026	135,7750
15,0517	-57,028	135,7800
15,0500	-57,031	135,7850
15,0544	-57,033	135,7900
15,0543	-57,035	135,7950
15,0533	-57,037	135,8000
15,0691	-57,039	135,8050
15,0696	-57,041	135,8100
15,0622	-57,043	135,8150
15,0713	-57,045	135,8200
15,0659	-57,047	135,8250
15,0580	-57,049	135,8300
15,0614	-57,052	135,8350
15,0689	-57,054	135,8400
15,0570	-57,056	135,8450
15,0566	-57,058	135,8500
15,0656	-57,060	135,8550
15,0581	-57,062	135,8600
15,0544	-57,064	135,8650
15,0721	-57,066	135,8700
15,0733	-57,068	135,8750
15,0697	-57,070	135,8800
15,0736	-57,073	135,8850
15,0731	-57,075	135,8900
15,0716	-57,077	135,8950
15,0815	-57,079	135,9000
15,0795	-57,081	135,9050
15,0697	-57,083	135,9100
15,0744	-57,085	135,9150
15,0819	-57,087	135,9200
15,0735	-57,089	135,9250
15,0715	-57,091	135,9300
15,0759	-57,094	135,9350
15,0738	-57,096	135,9400
15,0730	-57,098	135,9450
15,0759	-57,100	135,9500
15,0776	-57,102	135,9550
15,0753	-57,104	135,9600
15,0854	-57,106	135,9650
15,0824	-57,108	135,9700
15,0762	-57,110	135,9750
15,0801	-57,112	135,9800
15,0887	-57,115	135,9850
15,0833	-57,117	135,9900
15,0845	-57,119	135,9950
15,0899	-57,121	136,0000
15,0842	-57,123	136,0050
15,0865	-57,125	136,0100
15,0859	-57,127	136,0150
15,0805	-57,129	136,0200
15,0766	-57,131	136,0250
15,0885	-57,133	136,0300
15,0908	-57,136	136,0350
15,0914	-57,138	136,0400
15,1007	-57,140	136,0450
15,0934	-57,142	136,0500
15,0845	-57,144	136,0550
15,0933	-57,146	136,0600
15,0917	-57,148	136,0650
15,0855	-57,150	136,0700
15,0907	-57,152	136,0750
15,0916	-57,154	136,0800
15,0868	-57,157	136,0850
15,0901	-57,159	136,0900
15,0973	-57,161	136,0950
15,0943	-57,163	136,1000
15,0982	-57,165	136,1050
15,1030	-57,167	136,1100
15,0985	-57,169	136,1150
15,0974	-57,171	136,1200
15,1006	-57,173	136,1250
15,0886	-57,175	136,1300
15,0910	-57,178	136,1350
15,1049	-57,180	136,1400
15,1020	-57,182	136,1450
15,0944	-57,184	136,1500
15,1016	-57,186	136,1550
15,1010	-57,188	136,1600
15,0978	-57,190	136,1650
15,0990	-57,192	136,1700
15,0986	-57,194	136,1750
15,0923	-57,196	136,1800
15,0961	-57,199	136,1850
15,1065	-57,201	136,1900
15,1043	-57,203	136,1950
15,1100	-57,205	136,2000
15,1159	-57,207	136,2050
15,1089	-57,209	136,2100
15,1093	-57,211	136,2150
15,1146	-57,213	136,2200
15,1096	-57,215	136,2250
15,1083	-57,217	136,2300
15,1171	-57,220	136,2350
15,1137	-57,222	136,2400
15,1094	-57,224	136,2450
15,1218	-57,226	136,2500
15,1188	-57,228	136,2550
15,1058	-57,230	136,2600
15,1059	-57,232	136,2650
15,1137	-57,234	136,2700
15,1127	-57,236	136,2750
15,1204	-57,238	136,2800
15,1245	-57,241	136,2850
15,1188	-57,243	136,2900
15,1244	-57,245	136,2950
15,1241	-57,247	136,3000
15,1173	-57,249	136,3050
15,1182	-57,251	136,3100
15,1324	-57,253	136,3150
15,1315	-57,255	136,3200
15,1235	-57,257	136,3250
15,1289	-57,259	136,3300
15,1234	-57,262	136,3350
15,1120	-57,264	136,3400
15,1223	-57,266	136,3450
15,1271	-57,268	136,3500
15,1263	-57,270	136,3550
15,1329	-57,272	136,3600
15,1399	-57,274	136,3650
15,1277	-57,276	136,3700
15,1246	-57,278	136,3750
15,1339	-57,280	136,3800
15,1292	-57,283	136,3850
15,1305	-57,285	136,3900
15,1390	-57,287	136,3950
15,1360	-57,289	136,4000
15,1365	-57,291	136,4050
15,1422	-57,293	136,4100
15,1368	-57,295	136,4150
15,1284	-57,297	136,4200
15,1407	-57,299	136,4250
15,1406	-57,301	136,4300
15,1303	-57,304	136,4350
15,1379	-57,306	136,4400
15,1398	-57,308	136,4450
15,1334	-57,310	136,4500
15,1328	-57,312	136,4550
15,1355	-57,314	136,4600
15,1330	-57,316	136,4650
15,1421	-57,318	136,4700
15,1402	-57,320	136,4750
15,1322	-57,322	136,4800
15,1397	-57,325	136,4850
15,1474	-57,327	136,4900
15,1440	-57,329	136,4950
15,1458	-57,331	136,5000
15,1521	-57,333	136,5050
15,1462	-57,335	136,5100
15,1382	-57,337	136,5150
15,1483	-57,339	136,5200
15,1525	-57,341	136,5250
15,1507	-57,343	136,5300
15,1549	-57,346	136,5350
15,1509	-57,348	136,5400
15,1483	-57,350	136,5450
15,1508	-57,352	136,5500
15,1506	-57,354	136,5550
15,1488	-57,356	136,5600
15,1565	-57,358	136,5650
15,1602	-57,360	136,5700
15,1497	-57,362	136,5750
15,1485	-57,364	136,5800
15,1607	-57,367	136,5850
15,1628	-57,369	136,5900
15,1513	-57,371	136,5950
15,1563	-57,373	136,6000
15,1624	-57,375	136,6050
15,1543	-57,377	136,6100
15,1583	-57,379	136,6150
15,1616	-57,381	136,6200
15,1569	-57,383	136,6250
15,1644	-57,385	136,6300
15,1634	-57,388	136,6350
15,1603	-57,390	136,6400
15,1597	-57,392	136,6450
15,1602	-57,394	136,6500
15,1570	-57,396	136,6550
15,1663	-57,398	136,6600
15,1748	-57,400	136,6650
15,1640	-57,402	136,6700
15,1612	-57,404	136,6750
15,1776	-57,406	136,6800
15,1734	-57,409	136,6850
15,1636	-57,411	136,6900
15,1706	-57,413	136,6950
15,1751	-57,415	136,7000
15,1767	-57,417	136,7050
15,1802	-57,419	136,7100
15,1775	-57,421	136,7150
15,1766	-57,423	136,7200
15,1766	-57,425	136,7250
15,1761	-57,427	136,7300
15,1702	-57,430	136,7350
15,1745	-57,432	136,7400
15,1901	-57,434	136,7450
15,1812	-57,436	136,7500
15,1744	-57,438	136,7550
15,1835	-57,440	136,7600
15,1834	-57,442	136,7650
15,1788	-57,444	136,7700
15,1847	-57,446	136,7750
15,1821	-57,448	136,7800
15,1694	-57,451	136,7850
15,1753	-57,453	136,7900
15,1839	-57,455	136,7950
15,1796	-57,457	136,8000
15,1875	-57,459	136,8050
15,1909	-57,461	136,8100
15,1862	-57,463	136,8150
15,1936	-57,465	136,8200
15,2006	-57,467	136,8250
15,1912	-57,469	136,8300
15,1791	-57,472	136,8350
15,1856	-57,474	136,8400
15,1875	-57,476	136,8450
15,1924	-57,478	136,8500
15,1990	-57,480	136,8550
15,1897	-57,482	136,8600
15,1871	-57,484	136,8650
15,1975	-57,486	136,8700
15,1916	-57,488	136,8750
15,1909	-57,490	136,8800
15,1964	-57,493	136,8850
15,2000	-57,495	136,8900
15,1950	-57,497	136,8950
15,1963	-57,499	136,9000
15,1987	-57,501	136,9050
15,1936	-57,503	136,9100
15,1963	-57,505	136,9150
15,2079	-57,507	136,9200
15,2069	-57,509	136,9250
15,2008	-57,511	136,9300
15,2017	-57,514	136,9350
15,1932	-57,516	136,9400
15,1957	-57,518	136,9450
15,2106	-57,520	136,9500
15,2097	-57,522	136,9550
15,2062	-57,524	136,9600
15,2175	-57,526	136,9650
15,2159	-57,528	136,9700
15,2063	-57,530	136,9750
15,2135	-57,532	136,9800
15,2108	-57,535	136,9850
15,2017	-57,537	136,9900
15,2137	-57,539	136,9950
15,2218	-57,541	137,0000
15,2154	-57,543	137,0050
15,2153	-57,545	137,0100
15,2127	-57,547	137,0150
15,2126	-57,549	137,0200
15,2165	-57,551	137,0250
15,2207	-57,553	137,0300
15,2146	-57,556	137,0350
15,2152	-57,558	137,0400
15,2236	-57,560	137,0450
15,2184	-57,562	137,0500
15,2139	-57,564	137,0550
15,2157	-57,566	137,0600
15,2096	-57,568	137,0650
15,2077	-57,570	137,0700
15,2176	-57,572	137,0750
15,2267	-57,574	137,0800
15,2265	-57,577	137,0850
15,2265	-57,579	137,0900
15,2217	-57,581	137,0950
15,2144	-57,583	137,1000
15,2254	-57,585	137,1050
15,2241	-57,587	137,1100
15,2129	-57,589	137,1150
15,2163	-57,591	137,1200
15,2254	-57,593	137,1250
15,2240	-57,595	137,1300
15,2236	-57,598	137,1350
15,2296	-57,600	137,1400
15,2236	-57,602	137,1450
15,2219	-57,604	137,1500
15,2318	-57,606	137,1550
15,2274	-57,608	137,1600
15,2247	-57,610	137,1650
15,2272	-57,612	137,1700
15,2335	-57,614	137,1750
15,2271	-57,616	137,1800
15,2320	-57,619	137,1850
15,2352	-57,621	137,1900
15,2246	-57,623	137,1950
15,2280	-57,625	137,2000
15,2375	-57,627	137,2050
15,2301	-57,629	137,2100
15,2255	-57,631	137,2150
15,2319	-57,633	137,2200
15,2324	-57,635	137,2250
15,2322	-57,637	137,2300
15,2434	-57,640	137,2350
15,2385	-57,642	137,2400
15,2376	-57,644	137,2450
15,2501	-57,646	137,2500
15,2464	-57,648	137,2550
15,2397	-57,650	137,2600
15,2435	-57,652	137,2650
15,2423	-57,654	137,2700
15,2355	-57,656	137,2750
15,2416	-57,658	137,2800
15,2442	-57,661	137,2850
15,2373	-57,663	137,2900
15,2402	-57,665	137,2950
15,2481	-57,667	137,3000
15,2474	-57,669	137,3050
15,2431	-57,671	137,3100
15,2582	-57,673	137,3150
15,2600	-57,675	137,3200
15,2512	-57,677	137,3250
15,2542	-57,679	137,3300
15,2508	-57,682	137,3350
15,2499	-57,684	137,3400
15,2566	-57,686	137,3450
15,2531	-57,688	137,3500
15,2525	-57,690	137,3550
15,2592	-57,692	137,3600
15,2599	-57,694	137,3650
15,2521	-57,696	137,3700
15,2606	-57,698	137,3750
15,2656	-57,700	137,3800
15,2534	-57,703	137,3850
15,2506	-57,705	137,3900
15,2571	-57,707	137,3950
15,2556	-57,709	137,4000
15,2557	-57,711	137,4050
15,2627	-57,713	137,4100
15,2605	-57,715	137,4150
15,2590	-57,717	137,4200
15,2668	-57,719	137,4250
15,2628	-57,721	137,4300
15,2563	-57,724	137,4350
15,2635	-57,726	137,4400
15,2633	-57,728	137,4450
15,2573	-57,730	137,4500
15,2623	-57,732	137,4550
15,2711	-57,734	137,4600
15,2606	-57,736	137,4650
15,2624	-57,738	137,4700
15,2708	-57,740	137,4750
15,2676	-57,742	137,4800
15,2673	-57,745	137,4850
15,2784	-57,747	137,4900
15,2785	-57,749	137,4950
15,2749	-57,751	137,5000
15,2827	-57,753	137,5050
15,2794	-57,755	137,5100
15,2707	-57,757	137,5150
15,2714	-57,759	137,5200
15,2680	-57,761	137,5250
15,2603	-57,763	137,5300
15,2751	-57,766	137,5350
15,2854	-57,768	137,5400
15,2815	-57,770	137,5450
15,2755	-57,772	137,5500
15,2815	-57,774	137,5550
15,2778	-57,776	137,5600
15,2793	-57,778	137,5650
15,2829	-57,780	137,5700
15,2761	-57,782	137,5750
15,2795	-57,784	137,5800
15,2844	-57,787	137,5850
15,2871	-57,789	137,5900
15,2869	-57,791	137,5950
15,2937	-57,793	137,6000
15,2913	-57,795	137,6050
15,2739	-57,797	137,6100
15,2723	-57,799	137,6150
15,2818	-57,801	137,6200
15,2838	-57,803	137,6250
15,2921	-57,805	137,6300
15,2927	-57,808	137,6350
15,2827	-57,810	137,6400
15,2803	-57,812	137,6450
15,2892	-57,814	137,6500
15,2900	-57,816	137,6550
15,2942	-57,818	137,6600
15,2922	-57,820	137,6650
15,2864	-57,822	137,6700
15,2796	-57,824	137,6750
15,2887	-57,826	137,6800
15,2893	-57,829	137,6850
15,2932	-57,831	137,6900
15,3018	-57,833	137,6950
15,2973	-57,835	137,7000
15,2840	-57,837	137,7050
15,2955	-57,839	137,7100
15,3057	-57,841	137,7150
15,3075	-57,843	137,7200
15,3139	-57,845	137,7250
15,3074	-57,847	137,7300
15,2969	-57,850	137,7350
15,3037	-57,852	137,7400
15,3087	-57,854	137,7450
15,3024	-57,856	137,7500
15,3112	-57,858	137,7550
15,3127	-57,860	137,7600
15,3056	-57,862	137,7650
15,3082	-57,864	137,7700
15,3217	-57,866	137,7750
15,3140	-57,868	137,7800
15,3073	-57,871	137,7850
15,3176	-57,873	137,7900
15,3197	-57,875	137,7950
15,3045	-57,877	137,8000
15,3121	-57,879	137,8050
15,3133	-57,881	137,8100
15,3091	-57,883	137,8150
15,3172	-57,885	137,8200
15,3233	-57,887	137,8250
15,3191	-57,889	137,8300
15,3145	-57,892	137,8350
15,3162	-57,894	137,8400
15,3118	-57,896	137,8450
15,3109	-57,898	137,8500
15,3202	-57,900	137,8550
15,3158	-57,902	137,8600
15,3153	-57,904	137,8650
15,3274	-57,906	137,8700
15,3198	-57,908	137,8750
15,3169	-57,910	137,8800
15,3269	-57,913	137,8850
15,3293	-57,915	137,8900
15,3154	-57,917	137,8950
15,3109	-57,919	137,9000
15,3094	-57,921	137,9050
15,3070	-57,923	137,9100
15,3155	-57,925	137,9150
15,3250	-57,927	137,9200
15,3250	-57,929	137,9250
15,3260	-57,931	137,9300
15,3381	-57,934	137,9350
15,3283	-57,936	137,9400
15,3244	-57,938	137,9450
15,3258	-57,940	137,9500
15,3295	-57,942	137,9550
15,3331	-57,944	137,9600
15,3376	-57,946	137,9650
15,3333	-57,948	137,9700
15,3292	-57,950	137,9750
15,3288	-57,952	137,9800
15,3320	-57,955	137,9850
15,3279	-57,957	137,9900
15,3382	-57,959	137,9950
15,3426	-57,961	138,0000
15,3340	-57,963	138,0050
15,3335	-57,965	138,0100
15,3353	-57,967	138,0150
15,3303	-57,969	138,0200
15,3350	-57,971	138,0250
15,3519	-57,973	138,0300
15,3409	-57,976	138,0350
15,3377	-57,978	138,0400
15,3503	-57,980	138,0450
15,3513	-57,982	138,0500
15,3455	-57,984	138,0550
15,3523	-57,986	138,0600
15,3495	-57,988	138,0650
15,3446	-57,990	138,0700
15,3435	-57,992	138,0750
15,3489	-57,994	138,0800
15,3451	-57,997	138,0850
15,3505	-57,999	138,0900
15,3506	-58,001	138,0950
15,3428	-58,003	138,1000
15,3449	-58,005	138,1050
15,3477	-58,007	138,1100
15,3410	-58,009	138,1150
15,3423	-58,011	138,1200
15,3596	-58,013	138,1250
15,3570	-58,015	138,1300
15,3575	-58,018	138,1350
15,3640	-58,020	138,1400
15,3562	-58,022	138,1450
15,3543	-58,024	138,1500
15,3590	-58,026	138,1550
15,3565	-58,028	138,1600
15,3590	-58,030	138,1650
15,3605	-58,032	138,1700
15,3616	-58,034	138,1750
15,3509	-58,036	138,1800
15,3527	-58,039	138,1850
15,3603	-58,041	138,1900
15,3557	-58,043	138,1950
15,3580	-58,045	138,2000
15,3694	-58,047	138,2050
15,3625	-58,049	138,2100
15,3584	-58,051	138,2150
15,3691	-58,053	138,2200
15,3691	-58,055	138,2250
15,3720	-58,057	138,2300
15,3711	-58,060	138,2350
15,3669	-58,062	138,2400
15,3632	-58,064	138,2450
15,3717	-58,066	138,2500
15,3691	-58,068	138,2550
15,3640	-58,070	138,2600
15,3660	-58,072	138,2650
15,3679	-58,074	138,2700
15,3618	-58,076	138,2750
15,3703	-58,078	138,2800
15,3790	-58,081	138,2850
15,3777	-58,083	138,2900
15,3796	-58,085	138,2950
15,3821	-58,087	138,3000
15,3734	-58,089	138,3050
15,3653	-58,091	138,3100
15,3742	-58,093	138,3150
15,3725	-58,095	138,3200
15,3742	-58,097	138,3250
15,3812	-58,099	138,3300
15,3810	-58,102	138,3350
15,3765	-58,104	138,3400
15,3827	-58,106	138,3450
15,3881	-58,108	138,3500
15,3858	-58,110	138,3550
15,3862	-58,112	138,3600
15,3902	-58,114	138,3650
15,3793	-58,116	138,3700
15,3838	-58,118	138,3750
15,3911	-58,120	138,3800
15,3850	-58,123	138,3850
15,3836	-58,125	138,3900
15,3846	-58,127	138,3950
15,3806	-58,129	138,4000
15,3813	-58,131	138,4050
15,3965	-58,133	138,4100
15,3953	-58,135	138,4150
15,3860	-58,137	138,4200
15,3984	-58,139	138,4250
15,3938	-58,141	138,4300
15,3796	-58,144	138,4350
15,3918	-58,146	138,4400
15,3968	-58,148	138,4450
15,3913	-58,150	138,4500
15,3919	-58,152	138,4550
15,3950	-58,154	138,4600
15,3932	-58,156	138,4650
15,3951	-58,158	138,4700
15,4010	-58,160	138,4750
15,3932	-58,162	138,4800
15,3912	-58,165	138,4850
15,4025	-58,167	138,4900
15,4053	-58,169	138,4950
15,3961	-58,171	138,5000
15,4028	-58,173	138,5050
15,4040	-58,175	138,5100
15,3993	-58,177	138,5150
15,4031	-58,179	138,5200
15,4066	-58,181	138,5250
15,4013	-58,183	138,5300
15,4120	-58,186	138,5350
15,4146	-58,188	138,5400
15,4103	-58,190	138,5450
15,4055	-58,192	138,5500
15,4034	-58,194	138,5550
15,3991	-58,196	138,5600
15,4022	-58,198	138,5650
15,4086	-58,200	138,5700
15,4063	-58,202	138,5750
15,4151	-58,204	138,5800
15,4239	-58,207	138,5850
15,4204	-58,209	138,5900
15,4126	-58,211	138,5950
15,4180	-58,213	138,6000
15,4141	-58,215	138,6050
15,4103	-58,217	138,6100
15,4178	-58,219	138,6150
15,4179	-58,221	138,6200
15,4095	-58,223	138,6250
15,4149	-58,225	138,6300
15,4181	-58,228	138,6350
15,4175	-58,230	138,6400
15,4145	-58,232	138,6450
15,4148	-58,234	138,6500
15,4133	-58,236	138,6550
15,4206	-58,238	138,6600
15,4246	-58,240	138,6650
15,4168	-58,242	138,6700
15,4288	-58,244	138,6750
15,4338	-58,246	138,6800
15,4254	-58,249	138,6850
15,4260	-58,251	138,6900
15,4339	-58,253	138,6950
15,4270	-58,255	138,7000
15,4282	-58,257	138,7050
15,4359	-58,259	138,7100
15,4286	-58,261	138,7150
15,4194	-58,263	138,7200
15,4271	-58,265	138,7250
15,4330	-58,267	138,7300
15,4302	-58,270	138,7350
15,4281	-58,272	138,7400
15,4394	-58,274	138,7450
15,4295	-58,276	138,7500
15,4244	-58,278	138,7550
15,4306	-58,280	138,7600
15,4302	-58,282	138,7650
15,4337	-58,284	138,7700
15,4407	-58,286	138,7750
15,4334	-58,288	138,7800
15,4222	-58,291	138,7850
15,4321	-58,293	138,7900
15,4408	-58,295	138,7950
15,4351	-58,297	138,8000
15,4416	-58,299	138,8050
15,4443	-58,301	138,8100
15,4378	-58,303	138,8150
15,4398	-58,305	138,8200
15,4510	-58,307	138,8250
15,4514	-58,309	138,8300
15,4425	-58,312	138,8350
15,4414	-58,314	138,8400
15,4406	-58,316	138,8450
15,4407	-58,318	138,8500
15,4469	-58,320	138,8550
15,4483	-58,322	138,8600
15,4475	-58,324	138,8650
15,4531	-58,326	138,8700
15,4512	-58,328	138,8750
15,4400	-58,330	138,8800
15,4498	-58,333	138,8850
15,4550	-58,335	138,8900
15,4485	-58,337	138,8950
15,4552	-58,339	138,9000
15,4564	-58,341	138,9050
15,4451	-58,343	138,9100
15,4502	-58,345	138,9150
15,4559	-58,347	138,9200
15,4540	-58,349	138,9250
15,4489	-58,351	138,9300
15,4535	-58,354	138,9350
15,4545	-58,356	138,9400
15,4561	-58,358	138,9450
15,4622	-58,360	138,9500
15,4589	-58,362	138,9550
15,4532	-58,364	138,9600
15,4607	-58,366	138,9650
15,4583	-58,368	138,9700
15,4547	-58,370	138,9750
15,4564	-58,372	138,9800
15,4598	-58,375	138,9850
15,4601	-58,377	138,9900
15,4689	-58,379	138,9950
15,4736	-58,381	139,0000
15,4628	-58,383	139,0050
15,4602	-58,385	139,0100
15,4573	-58,387	139,0150
15,4594	-58,389	139,0200
15,4612	-58,391	139,0250
15,4773	-58,393	139,0300
15,4729	-58,396	139,0350
15,4643	-58,398	139,0400
15,4666	-58,400	139,0450
15,4644	-58,402	139,0500
15,4671	-58,404	139,0550
15,4814	-58,406	139,0600
15,4798	-58,408	139,0650
15,4695	-58,410	139,0700
15,4728	-58,412	139,0750
15,4691	-58,414	139,0800
15,4680	-58,417	139,0850
15,4698	-58,419	139,0900
15,4723	-58,421	139,0950
15,4710	-58,423	139,1000
15,4795	-58,425	139,1050
15,4877	-58,427	139,1100
15,4854	-58,429	139,1150
15,4797	-58,431	139,1200
15,4860	-58,433	139,1250
15,4825	-58,435	139,1300
15,4830	-58,438	139,1350
15,4883	-58,440	139,1400
15,4847	-58,442	139,1450
15,4835	-58,444	139,1500
15,4895	-58,446	139,1550
15,4895	-58,448	139,1600
15,4818	-58,450	139,1650
15,4782	-58,452	139,1700
15,4873	-58,454	139,1750
15,4866	-58,456	139,1800
15,4931	-58,459	139,1850
15,4965	-58,461	139,1900
15,4902	-58,463	139,1950
15,4955	-58,465	139,2000
15,4985	-58,467	139,2050
15,4929	-58,469	139,2100
15,4874	-58,471	139,2150
15,4932	-58,473	139,2200
15,4907	-58,475	139,2250
15,4886	-58,477	139,2300
15,4980	-58,480	139,2350
15,4942	-58,482	139,2400
15,4905	-58,484	139,2450
15,5024	-58,486	139,2500
15,5019	-58,488	139,2550
15,4896	-58,490	139,2600
15,4947	-58,492	139,2650
15,5015	-58,494	139,2700
15,4991	-58,496	139,2750
15,5071	-58,498	139,2800
15,5071	-58,501	139,2850
15,5040	-58,503	139,2900
15,5001	-58,505	139,2950
15,5026	-58,507	139,3000
15,5063	-58,509	139,3050
15,5000	-58,511	139,3100
15,5068	-58,513	139,3150
15,5058	-58,515	139,3200
15,5073	-58,517	139,3250
15,5145	-58,519	139,3300
15,5100	-58,522	139,3350
15,5037	-58,524	139,3400
15,5071	-58,526	139,3450
15,5144	-58,528	139,3500
15,5101	-58,530	139,3550
15,5049	-58,532	139,3600
15,5111	-58,534	139,3650
15,5104	-58,536	139,3700
15,5196	-58,538	139,3750
15,5235	-58,540	139,3800
15,5108	-58,543	139,3850
15,5145	-58,545	139,3900
15,5274	-58,547	139,3950
15,5266	-58,549	139,4000
15,5190	-58,551	139,4050
15,5259	-58,553	139,4100
15,5214	-58,555	139,4150
15,5176	-58,557	139,4200
15,5177	-58,559	139,4250
15,5117	-58,561	139,4300
15,5136	-58,564	139,4350
15,5301	-58,566	139,4400
15,5293	-58,568	139,4450
15,5213	-58,570	139,4500
15,5223	-58,572	139,4550
15,5287	-58,574	139,4600
15,5244	-58,576	139,4650
15,5236	-58,578	139,4700
15,5254	-58,580	139,4750
15,5218	-58,582	139,4800
15,5259	-58,585	139,4850
15,5338	-58,587	139,4900
15,5344	-58,589	139,4950
15,5362	-58,591	139,5000
15,5404	-58,593	139,5050
15,5346	-58,595	139,5100
15,5259	-58,597	139,5150
15,5327	-58,599	139,5200
15,5343	-58,601	139,5250
15,5310	-58,603	139,5300
15,5429	-58,606	139,5350
15,5447	-58,608	139,5400
15,5347	-58,610	139,5450
15,5312	-58,612	139,5500
15,5378	-58,614	139,5550
15,5306	-58,616	139,5600
15,5318	-58,618	139,5650
15,5337	-58,620	139,5700
15,5304	-58,622	139,5750
15,5327	-58,624	139,5800
15,5411	-58,627	139,5850
15,5356	-58,629	139,5900
15,5357	-58,631	139,5950
15,5493	-58,633	139,6000
15,5471	-58,635	139,6050
15,5389	-58,637	139,6100
15,5470	-58,639	139,6150
15,5510	-58,641	139,6200
15,5411	-58,643	139,6250
15,5467	-58,645	139,6300
15,5494	-58,648	139,6350
15,5380	-58,650	139,6400
15,5382	-58,652	139,6450
15,5422	-58,654	139,6500
15,5419	-58,656	139,6550
15,5499	-58,658	139,6600
15,5619	-58,660	139,6650
15,5547	-58,662	139,6700
15,5577	-58,664	139,6750
15,5606	-58,666	139,6800
15,5531	-58,669	139,6850
15,5507	-58,671	139,6900
15,5628	-58,673	139,6950
15,5634	-58,675	139,7000
15,5546	-58,677	139,7050
15,5612	-58,679	139,7100
15,5611	-58,681	139,7150
15,5537	-58,683	139,7200
15,5606	-58,685	139,7250
15,5687	-58,687	139,7300
15,5659	-58,690	139,7350
15,5610	-58,692	139,7400
15,5661	-58,694	139,7450
15,5661	-58,696	139,7500
15,5713	-58,698	139,7550
15,5761	-58,700	139,7600
15,5669	-58,702	139,7650
15,5605	-58,704	139,7700
15,5661	-58,706	139,7750
15,5673	-58,708	139,7800
15,5676	-58,711	139,7850
15,5805	-58,713	139,7900
15,5810	-58,715	139,7950
15,5757	-58,717	139,8000
15,5769	-58,719	139,8050
15,5697	-58,721	139,8100
15,5674	-58,723	139,8150
15,5834	-58,725	139,8200
15,5843	-58,727	139,8250
15,5660	-58,729	139,8300
15,5633	-58,732	139,8350
15,5781	-58,734	139,8400
15,5778	-58,736	139,8450
15,5727	-58,738	139,8500
15,5771	-58,740	139,8550
15,5760	-58,742	139,8600
15,5712	-58,744	139,8650
15,5783	-58,746	139,8700
15,5819	-58,748	139,8750
15,5820	-58,750	139,8800
15,5811	-58,753	139,8850
15,5777	-58,755	139,8900
15,5741	-58,757	139,8950
15,5743	-58,759	139,9000
15,5781	-58,761	139,9050
15,5755	-58,763	139,9100
15,5836	-58,765	139,9150
15,5886	-58,767	139,9200
15,5880	-58,769	139,9250
15,5840	-58,771	139,9300
15,5870	-58,774	139,9350
15,5783	-58,776	139,9400
15,5823	-58,778	139,9450
15,5996	-58,780	139,9500
15,5982	-58,782	139,9550
15,5934	-58,784	139,9600
15,5992	-58,786	139,9650
15,5958	-58,788	139,9700
15,5970	-58,790	139,9750
15,6032	-58,792	139,9800
15,5965	-58,795	139,9850
15,5890	-58,797	139,9900
15,5941	-58,799	139,9950
15,5975	-58,801	140,0000
15,5929	-58,803	140,0050
15,6004	-58,805	140,0100
15,6012	-58,807	140,0150
15,5938	-58,809	140,0200
15,5975	-58,811	140,0250
15,6093	-58,813	140,0300
15,6042	-58,816	140,0350
15,5935	-58,818	140,0400
15,6053	-58,820	140,0450
15,6096	-58,822	140,0500
15,6066	-58,824	140,0550
15,6087	-58,826	140,0600
15,6050	-58,828	140,0650
15,6025	-58,830	140,0700
15,5976	-58,832	140,0750
15,5985	-58,834	140,0800
15,5986	-58,837	140,0850
15,6013	-58,839	140,0900
15,6052	-58,841	140,0950
15,6072	-58,843	140,1000
15,6067	-58,845	140,1050
15,6081	-58,847	140,1100
15,6078	-58,849	140,1150
15,6098	-58,851	140,1200
15,6128	-58,853	140,1250
15,6010	-58,855	140,1300
15,5986	-58,858	140,1350
15,6128	-58,860	140,1400
15,6101	-58,862	140,1450
15,6033	-58,864	140,1500
15,6166	-58,866	140,1550
15,6189	-58,868	140,1600
15,6119	-58,870	140,1650
15,6123	-58,872	140,1700
15,6182	-58,874	140,1750
15,6157	-58,876	140,1800
15,6266	-58,879	140,1850
15,6280	-58,881	140,1900
15,6183	-58,883	140,1950
15,6151	-58,885	140,2000
15,6202	-58,887	140,2050
15,6146	-58,889	140,2100
15,6118	-58,891	140,2150
15,6260	-58,893	140,2200
15,6258	-58,895	140,2250
15,6165	-58,897	140,2300
15,6220	-58,900	140,2350
15,6176	-58,902	140,2400
15,6129	-58,904	140,2450
15,6221	-58,906	140,2500
15,6321	-58,908	140,2550
15,6276	-58,910	140,2600
15,6320	-58,912	140,2650
15,6338	-58,914	140,2700
15,6285	-58,916	140,2750
15,6343	-58,918	140,2800
15,6397	-58,921	140,2850
15,6320	-58,923	140,2900
15,6284	-58,925	140,2950
15,6343	-58,927	140,3000
15,6336	-58,929	140,3050
15,6289	-58,931	140,3100
15,6280	-58,933	140,3150
15,6253	-58,935	140,3200
15,6246	-58,937	140,3250
15,6371	-58,939	140,3300
15,6396	-58,942	140,3350
15,6299	-58,944	140,3400
15,6383	-58,946	140,3450
15,6413	-58,948	140,3500
15,6412	-58,950	140,3550
15,6477	-58,952	140,3600
15,6452	-58,954	140,3650
15,6312	-58,956	140,3700
15,6376	-58,958	140,3750
15,6518	-58,960	140,3800
15,6472	-58,963	140,3850
15,6483	-58,965	140,3900
15,6525	-58,967	140,3950
15,6449	-58,969	140,4000
15,6400	-58,971	140,4050
15,6442	-58,973	140,4100
15,6417	-58,975	140,4150
15,6445	-58,977	140,4200
15,6521	-58,979	140,4250
15,6503	-58,981	140,4300
15,6511	-58,984	140,4350
15,6586	-58,986	140,4400
15,6555	-58,988	140,4450
15,6514	-58,990	140,4500
15,6478	-58,992	140,4550
15,6582	-58,994	140,4600
15,6469	-58,996	140,4650
15,6464	-58,998	140,4700
15,6522	-59,000	140,4750
15,6476	-59,002	140,4800
15,6526	-59,005	140,4850
15,6612	-59,007	140,4900
15,6556	-59,009	140,4950
15,6505	-59,011	140,5000
15,6605	-59,013	140,5050
15,6598	-59,015	140,5100
15,6579	-59,017	140,5150
15,6665	-59,019	140,5200
15,6690	-59,021	140,5250
15,6557	-59,023	140,5300
15,6661	-59,026	140,5350
15,6736	-59,028	140,5400
15,6674	-59,030	140,5450
15,6600	-59,032	140,5500
15,6617	-59,034	140,5550
15,6536	-59,036	140,5600
15,6549	-59,038	140,5650
15,6628	-59,040	140,5700
15,6662	-59,042	140,5750
15,6690	-59,044	140,5800
15,6753	-59,047	140,5850
15,6736	-59,049	140,5900
15,6693	-59,051	140,5950
15,6741	-59,053	140,6000
15,6730	-59,055	140,6050
15,6720	-59,057	140,6100
15,6755	-59,059	140,6150
15,6731	-59,061	140,6200
15,6698	-59,063	140,6250
15,6717	-59,065	140,6300
15,6694	-59,068	140,6350
15,6744	-59,070	140,6400
15,6814	-59,072	140,6450
15,6836	-59,074	140,6500
15,6720	-59,076	140,6550
15,6751	-59,078	140,6600
15,6865	-59,080	140,6650
15,6746	-59,082	140,6700
15,6734	-59,084	140,6750
15,6796	-59,086	140,6800
15,6759	-59,089	140,6850
15,6771	-59,091	140,6900
15,6868	-59,093	140,6950
15,6862	-59,095	140,7000
15,6833	-59,097	140,7050
15,6926	-59,099	140,7100
15,6978	-59,101	140,7150
15,6897	-59,103	140,7200
15,6950	-59,105	140,7250
15,6915	-59,107	140,7300
15,6877	-59,110	140,7350
15,6861	-59,112	140,7400
15,6918	-59,114	140,7450
15,6921	-59,116	140,7500
15,6880	-59,118	140,7550
15,6936	-59,120	140,7600
15,6898	-59,122	140,7650
15,6885	-59,124	140,7700
15,6974	-59,126	140,7750
15,6982	-59,128	140,7800
15,6909	-59,131	140,7850
15,6870	-59,133	140,7900
15,6909	-59,135	140,7950
15,6906	-59,137	140,8000
15,6979	-59,139	140,8050
15,7026	-59,141	140,8100
15,6903	-59,143	140,8150
15,7020	-59,145	140,8200
15,7109	-59,147	140,8250
15,7015	-59,149	140,8300
15,6944	-59,152	140,8350
15,7038	-59,154	140,8400
15,6979	-59,156	140,8450
15,6905	-59,158	140,8500
15,6933	-59,160	140,8550
15,6922	-59,162	140,8600
15,6995	-59,164	140,8650
15,7098	-59,166	140,8700
15,7058	-59,168	140,8750
15,6983	-59,170	140,8800
15,7037	-59,173	140,8850
15,7079	-59,175	140,8900
15,7053	-59,177	140,8950
15,7126	-59,179	140,9000
15,7152	-59,181	140,9050
15,7083	-59,183	140,9100
15,7134	-59,185	140,9150
15,7091	-59,187	140,9200
15,7005	-59,189	140,9250
15,6994	-59,191	140,9300
15,7077	-59,194	140,9350
15,7051	-59,196	140,9400
15,7090	-59,198	140,9450
15,7183	-59,200	140,9500
15,7176	-59,202	140,9550
15,7184	-59,204	140,9600
15,7278	-59,206	140,9650
15,7266	-59,208	140,9700
15,7180	-59,210	140,9750
15,7225	-59,212	140,9800
15,7280	-59,215	140,9850
15,7259	-59,217	140,9900
15,7284	-59,219	140,9950
15,7338	-59,221	141,0000
15,7247	-59,223	141,0050
15,7242	-59,225	141,0100
15,7285	-59,227	141,0150
15,7269	-59,229	141,0200
15,7291	-59,231	141,0250
15,7374	-59,233	141,0300
15,7309	-59,236	141,0350
15,7306	-59,238	141,0400
15,7259	-59,240	141,0450
15,7226	-59,242	141,0500
15,7257	-59,244	141,0550
15,7360	-59,246	141,0600
15,7378	-59,248	141,0650
15,7299	-59,250	141,0700
15,7302	-59,252	141,0750
15,7337	-59,254	141,0800
15,7311	-59,257	141,0850
15,7266	-59,259	141,0900
15,7284	-59,261	141,0950
15,7288	-59,263	141,1000
15,7340	-59,265	141,1050
15,7430	-59,267	141,1100
15,7477	-59,269	141,1150
15,7380	-59,271	141,1200
15,7430	-59,273	141,1250
15,7434	-59,275	141,1300
15,7348	-59,278	141,1350
15,7358	-59,280	141,1400
15,7288	-59,282	141,1450
15,7258	-59,284	141,1500
15,7366	-59,286	141,1550
15,7485	-59,288	141,1600
15,7494	-59,290	141,1650
15,7464	-59,292	141,1700
15,7480	-59,294	141,1750
15,7447	-59,296	141,1800
15,7515	-59,299	141,1850
15,7574	-59,301	141,1900
15,7427	-59,303	141,1950
15,7432	-59,305	141,2000
15,7495	-59,307	141,2050
15,7511	-59,309	141,2100
15,7486	-59,311	141,2150
15,7521	-59,313	141,2200
15,7428	-59,315	141,2250
15,7443	-59,317	141,2300
15,7523	-59,320	141,2350
15,7471	-59,322	141,2400
15,7457	-59,324	141,2450
15,7630	-59,326	141,2500
15,7664	-59,328	141,2550
15,7537	-59,330	141,2600
15,7562	-59,332	141,2650
15,7613	-59,334	141,2700
15,7541	-59,336	141,2750
15,7562	-59,338	141,2800
15,7623	-59,341	141,2850
15,7612	-59,343	141,2900
15,7606	-59,345	141,2950
15,7619	-59,347	141,3000
15,7658	-59,349	141,3050
15,7666	-59,351	141,3100
15,7714	-59,353	141,3150
15,7595	-59,355	141,3200
15,7520	-59,357	141,3250
15,7644	-59,359	141,3300
15,7654	-59,362	141,3350
15,7586	-59,364	141,3400
15,7681	-59,366	141,3450
15,7671	-59,368	141,3500
15,7619	-59,370	141,3550
15,7606	-59,372	141,3600
15,7676	-59,374	141,3650
15,7683	-59,376	141,3700
15,7689	-59,378	141,3750
15,7707	-59,380	141,3800
15,7732	-59,383	141,3850
15,7750	-59,385	141,3900
15,7766	-59,387	141,3950
15,7787	-59,389	141,4000
15,7846	-59,391	141,4050
15,7922	-59,393	141,4100
15,7820	-59,395	141,4150
15,7739	-59,397	141,4200
15,7814	-59,399	141,4250
15,7770	-59,401	141,4300
15,7709	-59,404	141,4350
15,7875	-59,406	141,4400
15,7906	-59,408	141,4450
15,7789	-59,410	141,4500
15,7776	-59,412	141,4550
15,7830	-59,414	141,4600
15,7773	-59,416	141,4650
15,7838	-59,418	141,4700
15,7863	-59,420	141,4750
15,7833	-59,422	141,4800
15,7869	-59,425	141,4850
15,7878	-59,427	141,4900
15,7844	-59,429	141,4950
15,7815	-59,431	141,5000
15,7832	-59,433	141,5050
15,7817	-59,435	141,5100
15,7791	-59,437	141,5150
15,7873	-59,439	141,5200
15,7880	-59,441	141,5250
15,7815	-59,443	141,5300
15,7922	-59,446	141,5350
15,7963	-59,448	141,5400
15,7913	-59,450	141,5450
15,7974	-59,452	141,5500
15,8015	-59,454	141,5550
15,7929	-59,456	141,5600
15,7912	-59,458	141,5650
15,7978	-59,460	141,5700
15,7917	-59,462	141,5750
15,7901	-59,464	141,5800
15,7902	-59,467	141,5850
15,7884	-59,469	141,5900
15,7877	-59,471	141,5950
15,7946	-59,473	141,6000
15,7957	-59,475	141,6050
15,7991	-59,477	141,6100
15,8058	-59,479	141,6150
15,8008	-59,481	141,6200
15,7979	-59,483	141,6250
15,8078	-59,485	141,6300
15,8093	-59,488	141,6350
15,8014	-59,490	141,6400
15,8003	-59,492	141,6450
15,8135	-59,494	141,6500
15,8106	-59,496	141,6550
15,8158	-59,498	141,6600
15,8168	-59,500	141,6650
15,8061	-59,502	141,6700
15,8006	-59,504	141,6750
15,8108	-59,506	141,6800
15,8165	-59,509	141,6850
15,8182	-59,511	141,6900
15,8206	-59,513	141,6950
15,8150	-59,515	141,7000
15,8080	-59,517	141,7050
15,8171	-59,519	141,7100
15,8184	-59,521	141,7150
15,8108	-59,523	141,7200
15,8172	-59,525	141,7250
15,8203	-59,527	141,7300
15,8115	-59,530	141,7350
15,8116	-59,532	141,7400
15,8185	-59,534	141,7450
15,8145	-59,536	141,7500
15,8173	-59,538	141,7550
15,8251	-59,540	141,7600
15,8185	-59,542	141,7650
15,8165	-59,544	141,7700
15,8279	-59,546	141,7750
15,8310	-59,548	141,7800
15,8267	-59,551	141,7850
15,8234	-59,553	141,7900
15,8198	-59,555	141,7950
15,8206	-59,557	141,8000
15,8223	-59,559	141,8050
15,8218	-59,561	141,8100
15,8130	-59,563	141,8150
15,8233	-59,565	141,8200
15,8289	-59,567	141,8250
15,8235	-59,569	141,8300
15,8235	-59,572	141,8350
15,8312	-59,574	141,8400
15,8289	-59,576	141,8450
15,8243	-59,578	141,8500
15,8308	-59,580	141,8550
15,8323	-59,582	141,8600
15,8304	-59,584	141,8650
15,8374	-59,586	141,8700
15,8425	-59,588	141,8750
15,8344	-59,590	141,8800
15,8384	-59,593	141,8850
15,8428	-59,595	141,8900
15,8348	-59,597	141,8950
15,8370	-59,599	141,9000
15,8345	-59,601	141,9050
15,8315	-59,603	141,9100
15,8390	-59,605	141,9150
15,8429	-59,607	141,9200
15,8381	-59,609	141,9250
15,8400	-59,611	141,9300
15,8486	-59,614	141,9350
15,8404	-59,616	141,9400
15,8405	-59,618	141,9450
15,8473	-59,620	141,9500
15,8418	-59,622	141,9550
15,8360	-59,624	141,9600
15,8413	-59,626	141,9650
15,8436	-59,628	141,9700
15,8431	-59,630	141,9750
15,8501	-59,632	141,9800
15,8539	-59,635	141,9850
15,8438	-59,637	141,9900
15,8471	-59,639	141,9950
15,8556	-59,641	142,0000
15,8517	-59,643	142,0050
15,8544	-59,645	142,0100
15,8497	-59,647	142,0150
15,8449	-59,649	142,0200
15,8511	-59,651	142,0250
15,8601	-59,653	142,0300
15,8563	-59,656	142,0350
15,8593	-59,658	142,0400
15,8636	-59,660	142,0450
15,8578	-59,662	142,0500
15,8498	-59,664	142,0550
15,8613	-59,666	142,0600
15,8600	-59,668	142,0650
15,8553	-59,670	142,0700
15,8638	-59,672	142,0750
15,8625	-59,674	142,0800
15,8563	-59,677	142,0850
15,8620	-59,679	142,0900
15,8646	-59,681	142,0950
15,8607	-59,683	142,1000
15,8612	-59,685	142,1050
15,8660	-59,687	142,1100
15,8651	-59,689	142,1150
15,8635	-59,691	142,1200
15,8729	-59,693	142,1250
15,8702	-59,695	142,1300
15,8687	-59,698	142,1350
15,8746	-59,700	142,1400
15,8675	-59,702	142,1450
15,8664	-59,704	142,1500
15,8693	-59,706	142,1550
15,8662	-59,708	142,1600
15,8648	-59,710	142,1650
15,8715	-59,712	142,1700
15,8773	-59,714	142,1750
15,8684	-59,716	142,1800
15,8744	-59,719	142,1850
15,8774	-59,721	142,1900
15,8737	-59,723	142,1950
15,8795	-59,725	142,2000
15,8849	-59,727	142,2050
15,8831	-59,729	142,2100
15,8750	-59,731	142,2150
15,8823	-59,733	142,2200
15,8772	-59,735	142,2250
15,8751	-59,737	142,2300
15,8798	-59,740	142,2350
15,8851	-59,742	142,2400
15,8873	-59,744	142,2450
15,8894	-59,746	142,2500
15,8842	-59,748	142,2550
15,8772	-59,750	142,2600
15,8802	-59,752	142,2650
15,8848	-59,754	142,2700
15,8818	-59,756	142,2750
15,8830	-59,758	142,2800
15,8888	-59,761	142,2850
15,8864	-59,763	142,2900
15,8935	-59,765	142,2950
15,9014	-59,767	142,3000
15,8913	-59,769	142,3050
15,8844	-59,771	142,3100
15,8906	-59,773	142,3150
15,9002	-59,775	142,3200
15,9003	-59,777	142,3250
15,9017	-59,779	142,3300
15,8922	-59,782	142,3350
15,8845	-59,784	142,3400
15,8945	-59,786	142,3450
15,8957	-59,788	142,3500
15,8935	-59,790	142,3550
15,8990	-59,792	142,3600
15,9023	-59,794	142,3650
15,8965	-59,796	142,3700
15,8993	-59,798	142,3750
15,9046	-59,800	142,3800
15,9052	-59,803	142,3850
15,9063	-59,805	142,3900
15,9115	-59,807	142,3950
15,9067	-59,809	142,4000
15,9013	-59,811	142,4050
15,9116	-59,813	142,4100
15,9040	-59,815	142,4150
15,8998	-59,817	142,4200
15,9141	-59,819	142,4250
15,9101	-59,821	142,4300
15,8970	-59,824	142,4350
15,9016	-59,826	142,4400
15,9109	-59,828	142,4450
15,9140	-59,830	142,4500
15,9159	-59,832	142,4550
15,9185	-59,834	142,4600
15,9094	-59,836	142,4650
15,9077	-59,838	142,4700
15,9143	-59,840	142,4750
15,9133	-59,842	142,4800
15,9199	-59,845	142,4850
15,9293	-59,847	142,4900
15,9227	-59,849	142,4950
15,9139	-59,851	142,5000
15,9236	-59,853	142,5050
15,9252	-59,855	142,5100
15,9188	-59,857	142,5150
15,9202	-59,859	142,5200
15,9205	-59,861	142,5250
15,9211	-59,863	142,5300
15,9277	-59,866	142,5350
15,9184	-59,868	142,5400
15,9129	-59,870	142,5450
15,9185	-59,872	142,5500
15,9305	-59,874	142,5550
15,9260	-59,876	142,5600
15,9284	-59,878	142,5650
15,9343	-59,880	142,5700
15,9263	-59,882	142,5750
15,9239	-59,884	142,5800
15,9303	-59,887	142,5850
15,9200	-59,889	142,5900
15,9098	-59,891	142,5950
15,9273	-59,893	142,6000
15,9338	-59,895	142,6050
15,9344	-59,897	142,6100
15,9321	-59,899	142,6150
15,9330	-59,901	142,6200
15,9252	-59,903	142,6250
15,9304	-59,905	142,6300
15,9358	-59,908	142,6350
15,9361	-59,910	142,6400
15,9350	-59,912	142,6450
15,9441	-59,914	142,6500
15,9333	-59,916	142,6550
15,9307	-59,918	142,6600
15,9353	-59,920	142,6650
15,9280	-59,922	142,6700
15,9273	-59,924	142,6750
15,9326	-59,926	142,6800
15,9282	-59,929	142,6850
15,9338	-59,931	142,6900
15,9448	-59,933	142,6950
15,9391	-59,935	142,7000
15,9341	-59,937	142,7050
15,9422	-59,939	142,7100
15,9448	-59,941	142,7150
15,9392	-59,943	142,7200
15,9465	-59,945	142,7250
15,9473	-59,947	142,7300
15,9406	-59,950	142,7350
15,9422	-59,952	142,7400
15,9456	-59,954	142,7450
15,9448	-59,956	142,7500
15,9540	-59,958	142,7550
15,9609	-59,960	142,7600
15,9477	-59,962	142,7650
15,9392	-59,964	142,7700
15,9454	-59,966	142,7750
15,9510	-59,968	142,7800
15,9530	-59,971	142,7850
15,9596	-59,973	142,7900
15,9535	-59,975	142,7950
15,9531	-59,977	142,8000
15,9579	-59,979	142,8050
15,9533	-59,981	142,8100
15,9460	-59,983	142,8150
15,9542	-59,985	142,8200
15,9565	-59,987	142,8250
15,9547	-59,989	142,8300
15,9588	-59,992	142,8350
15,9687	-59,994	142,8400
15,9569	-59,996	142,8450
15,9520	-59,998	142,8500
15,9607	-60,000	142,8550
15,9644	-60,002	142,8600
15,9618	-60,004	142,8650
15,9672	-60,006	142,8700
15,9620	-60,008	142,8750
15,9547	-60,010	142,8800
15,9631	-60,013	142,8850
15,9670	-60,015	142,8900
15,9603	-60,017	142,8950
15,9645	-60,019	142,9000
15,9646	-60,021	142,9050
15,9591	-60,023	142,9100
15,9646	-60,025	142,9150
15,9690	-60,027	142,9200
15,9715	-60,029	142,9250
15,9698	-60,031	142,9300
15,9727	-60,034	142,9350
15,9716	-60,036	142,9400
15,9661	-60,038	142,9450
15,9773	-60,040	142,9500
15,9771	-60,042	142,9550
15,9724	-60,044	142,9600
15,9780	-60,046	142,9650
15,9710	-60,048	142,9700
15,9696	-60,050	142,9750
15,9807	-60,052	142,9800
15,9842	-60,055	142,9850
15,9793	-60,057	142,9900
15,9836	-60,059	142,9950
15,9852	-60,061	143,0000
15,9739	-60,063	143,0050
15,9808	-60,065	143,0100
15,9947	-60,067	143,0150
15,9912	-60,069	143,0200
15,9826	-60,071	143,0250
15,9869	-60,073	143,0300
15,9815	-60,076	143,0350
15,9797	-60,078	143,0400
15,9896	-60,080	143,0450
15,9840	-60,082	143,0500
15,9793	-60,084	143,0550
15,9849	-60,086	143,0600
15,9780	-60,088	143,0650
15,9819	-60,090	143,0700
15,9979	-60,092	143,0750
16,0021	-60,094	143,0800
15,9897	-60,097	143,0850
15,9937	-60,099	143,0900
15,9922	-60,101	143,0950
15,9836	-60,103	143,1000
15,9893	-60,105	143,1050
16,0003	-60,107	143,1100
15,9941	-60,109	143,1150
15,9873	-60,111	143,1200
15,9999	-60,113	143,1250
15,9976	-60,115	143,1300
15,9935	-60,118	143,1350
15,9978	-60,120	143,1400
15,9921	-60,122	143,1450
15,9858	-60,124	143,1500
15,9949	-60,126	143,1550
15,9988	-60,128	143,1600
15,9925	-60,130	143,1650
16,0004	-60,132	143,1700
16,0072	-60,134	143,1750
15,9969	-60,136	143,1800
16,0026	-60,139	143,1850
16,0076	-60,141	143,1900
15,9983	-60,143	143,1950
16,0029	-60,145	143,2000
16,0107	-60,147	143,2050
16,0079	-60,149	143,2100
16,0098	-60,151	143,2150
16,0197	-60,153	143,2200
16,0144	-60,155	143,2250
16,0079	-60,157	143,2300
16,0161	-60,160	143,2350
16,0108	-60,162	143,2400
16,0068	-60,164	143,2450
16,0184	-60,166	143,2500
16,0166	-60,168	143,2550
16,0002	-60,170	143,2600
15,9977	-60,172	143,2650
16,0094	-60,174	143,2700
16,0108	-60,176	143,2750
16,0054	-60,178	143,2800
16,0109	-60,181	143,2850
16,0091	-60,183	143,2900
16,0077	-60,185	143,2950
16,0178	-60,187	143,3000
16,0220	-60,189	143,3050
16,0164	-60,191	143,3100
16,0266	-60,193	143,3150
16,0246	-60,195	143,3200
16,0193	-60,197	143,3250
16,0296	-60,199	143,3300
16,0317	-60,202	143,3350
16,0306	-60,204	143,3400
16,0418	-60,206	143,3450
16,0310	-60,208	143,3500
16,0136	-60,210	143,3550
16,0158	-60,212	143,3600
16,0281	-60,214	143,3650
16,0204	-60,216	143,3700
16,0216	-60,218	143,3750
16,0265	-60,220	143,3800
16,0225	-60,223	143,3850
16,0249	-60,225	143,3900
16,0339	-60,227	143,3950
16,0395	-60,229	143,4000
16,0431	-60,231	143,4050
16,0508	-60,233	143,4100
16,0421	-60,235	143,4150
16,0296	-60,237	143,4200
16,0400	-60,239	143,4250
16,0385	-60,241	143,4300
16,0311	-60,244	143,4350
16,0442	-60,246	143,4400
16,0477	-60,248	143,4450
16,0385	-60,250	143,4500
16,0397	-60,252	143,4550
16,0436	-60,254	143,4600
16,0367	-60,256	143,4650
16,0399	-60,258	143,4700
16,0489	-60,260	143,4750
16,0428	-60,262	143,4800
16,0419	-60,265	143,4850
16,0504	-60,267	143,4900
16,0492	-60,269	143,4950
16,0446	-60,271	143,5000
16,0518	-60,273	143,5050
16,0436	-60,275	143,5100
16,0368	-60,277	143,5150
16,0444	-60,279	143,5200
16,0366	-60,281	143,5250
16,0346	-60,283	143,5300
16,0455	-60,286	143,5350
16,0482	-60,288	143,5400
16,0411	-60,290	143,5450
16,0413	-60,292	143,5500
16,0438	-60,294	143,5550
16,0361	-60,296	143,5600
16,0408	-60,298	143,5650
16,0585	-60,300	143,5700
16,0525	-60,302	143,5750
16,0491	-60,304	143,5800
16,0564	-60,307	143,5850
16,0530	-60,309	143,5900
16,0481	-60,311	143,5950
16,0629	-60,313	143,6000
16,0632	-60,315	143,6050
16,0619	-60,317	143,6100
16,0657	-60,319	143,6150
16,0542	-60,321	143,6200
16,0541	-60,323	143,6250
16,0645	-60,325	143,6300
16,0668	-60,328	143,6350
16,0645	-60,330	143,6400
16,0621	-60,332	143,6450
16,0683	-60,334	143,6500
16,0645	-60,336	143,6550
16,0679	-60,338	143,6600
16,0726	-60,340	143,6650
16,0618	-60,342	143,6700
16,0616	-60,344	143,6750
16,0684	-60,346	143,6800
16,0662	-60,349	143,6850
16,0653	-60,351	143,6900
16,0644	-60,353	143,6950
16,0651	-60,355	143,7000
16,0657	-60,357	143,7050
16,0776	-60,359	143,7100
16,0799	-60,361	143,7150
16,0734	-60,363	143,7200
16,0837	-60,365	143,7250
16,0819	-60,367	143,7300
16,0719	-60,370	143,7350
16,0729	-60,372	143,7400
16,0805	-60,374	143,7450
16,0731	-60,376	143,7500
16,0734	-60,378	143,7550
16,0836	-60,380	143,7600
16,0840	-60,382	143,7650
16,0826	-60,384	143,7700
16,0828	-60,386	143,7750
16,0685	-60,388	143,7800
16,0621	-60,391	143,7850
16,0783	-60,393	143,7900
16,0839	-60,395	143,7950
16,0783	-60,397	143,8000
16,0850	-60,399	143,8050
16,0878	-60,401	143,8100
16,0823	-60,403	143,8150
16,0885	-60,405	143,8200
16,0916	-60,407	143,8250
16,0826	-60,409	143,8300
16,0817	-60,412	143,8350
16,0913	-60,414	143,8400
16,0904	-60,416	143,8450
16,0927	-60,418	143,8500
16,0966	-60,420	143,8550
16,0930	-60,422	143,8600
16,0920	-60,424	143,8650
16,1021	-60,426	143,8700
16,0971	-60,428	143,8750
16,0941	-60,430	143,8800
16,0963	-60,433	143,8850
16,0914	-60,435	143,8900
16,0840	-60,437	143,8950
16,0933	-60,439	143,9000
16,0935	-60,441	143,9050
16,0869	-60,443	143,9100
16,0961	-60,445	143,9150
16,1018	-60,447	143,9200
16,0932	-60,449	143,9250
16,0946	-60,451	143,9300
16,1032	-60,454	143,9350
16,1044	-60,456	143,9400
16,1089	-60,458	143,9450
16,1070	-60,460	143,9500
16,0929	-60,462	143,9550
16,0927	-60,464	143,9600
16,1056	-60,466	143,9650
16,1046	-60,468	143,9700
16,1049	-60,470	143,9750
16,1137	-60,472	143,9800
16,1127	-60,475	143,9850
16,0999	-60,477	143,9900
16,1082	-60,479	143,9950
16,1077	-60,481	144,0000
16,1018	-60,483	144,0050
16,1065	-60,485	144,0100
16,1106	-60,487	144,0150
16,1058	-60,489	144,0200
16,1095	-60,491	144,0250
16,1195	-60,493	144,0300
16,1101	-60,496	144,0350
16,1063	-60,498	144,0400
16,1144	-60,500	144,0450
16,1180	-60,502	144,0500
16,1159	-60,504	144,0550
16,1205	-60,506	144,0600
16,1165	-60,508	144,0650
16,1156	-60,510	144,0700
16,1218	-60,512	144,0750
16,1190	-60,514	144,0800
16,1092	-60,517	144,0850
16,1222	-60,519	144,0900
16,1293	-60,521	144,0950
16,1196	-60,523	144,1000
16,1233	-60,525	144,1050
16,1264	-60,527	144,1100
16,1226	-60,529	144,1150
16,1258	-60,531	144,1200
16,1315	-60,533	144,1250
16,1245	-60,535	144,1300
16,1262	-60,538	144,1350
16,1275	-60,540	144,1400
16,1199	-60,542	144,1450
16,1178	-60,544	144,1500
16,1235	-60,546	144,1550
16,1222	-60,548	144,1600
16,1248	-60,550	144,1650
16,1341	-60,552	144,1700
16,1353	-60,554	144,1750
16,1276	-60,556	144,1800
16,1311	-60,559	144,1850
16,1369	-60,561	144,1900
16,1295	-60,563	144,1950
16,1290	-60,565	144,2000
16,1319	-60,567	144,2050
16,1306	-60,569	144,2100
16,1300	-60,571	144,2150
16,1385	-60,573	144,2200
16,1370	-60,575	144,2250
16,1345	-60,577	144,2300
16,1442	-60,580	144,2350
16,1446	-60,582	144,2400
16,1370	-60,584	144,2450
16,1433	-60,586	144,2500
16,1424	-60,588	144,2550
16,1419	-60,590	144,2600
16,1461	-60,592	144,2650
16,1462	-60,594	144,2700
16,1440	-60,596	144,2750
16,1468	-60,598	144,2800
16,1454	-60,601	144,2850
16,1433	-60,603	144,2900
16,1543	-60,605	144,2950
16,1669	-60,607	144,3000
16,1606	-60,609	144,3050
16,1481	-60,611	144,3100
16,1443	-60,613	144,3150
16,1379	-60,615	144,3200
16,1450	-60,617	144,3250
16,1557	-60,619	144,3300
16,1508	-60,622	144,3350
16,1455	-60,624	144,3400
16,1602	-60,626	144,3450
16,1612	-60,628	144,3500
16,1507	-60,630	144,3550
16,1577	-60,632	144,3600
16,1638	-60,634	144,3650
16,1555	-60,636	144,3700
16,1556	-60,638	144,3750
16,1605	-60,640	144,3800
16,1520	-60,643	144,3850
16,1570	-60,645	144,3900
16,1681	-60,647	144,3950
16,1672	-60,649	144,4000
16,1659	-60,651	144,4050
16,1707	-60,653	144,4100
16,1680	-60,655	144,4150
16,1655	-60,657	144,4200
16,1748	-60,659	144,4250
16,1695	-60,661	144,4300
16,1589	-60,664	144,4350
16,1713	-60,666	144,4400
16,1744	-60,668	144,4450
16,1602	-60,670	144,4500
16,1598	-60,672	144,4550
16,1696	-60,674	144,4600
16,1672	-60,676	144,4650
16,1757	-60,678	144,4700
16,1813	-60,680	144,4750
16,1680	-60,682	144,4800
16,1644	-60,685	144,4850
16,1756	-60,687	144,4900
16,1745	-60,689	144,4950
16,1707	-60,691	144,5000
16,1836	-60,693	144,5050
16,1809	-60,695	144,5100
16,1708	-60,697	144,5150
16,1742	-60,699	144,5200
16,1730	-60,701	144,5250
16,1670	-60,703	144,5300
16,1792	-60,706	144,5350
16,1829	-60,708	144,5400
16,1722	-60,710	144,5450
16,1743	-60,712	144,5500
16,1779	-60,714	144,5550
16,1726	-60,716	144,5600
16,1790	-60,718	144,5650
16,1828	-60,720	144,5700
16,1792	-60,722	144,5750
16,1784	-60,724	144,5800
16,1885	-60,727	144,5850
16,1928	-60,729	144,5900
16,1885	-60,731	144,5950
16,1932	-60,733	144,6000
16,1935	-60,735	144,6050
16,1830	-60,737	144,6100
16,1880	-60,739	144,6150
16,1882	-60,741	144,6200
16,1844	-60,743	144,6250
16,1834	-60,745	144,6300
16,1855	-60,748	144,6350
16,1914	-60,750	144,6400
16,1953	-60,752	144,6450
16,1933	-60,754	144,6500
16,1864	-60,756	144,6550
16,1999	-60,758	144,6600
16,2033	-60,760	144,6650
16,1948	-60,762	144,6700
16,1988	-60,764	144,6750
16,2093	-60,766	144,6800
16,2037	-60,769	144,6850
16,1966	-60,771	144,6900
16,2050	-60,773	144,6950
16,2042	-60,775	144,7000
16,1953	-60,777	144,7050
16,2043	-60,779	144,7100
16,2154	-60,781	144,7150
16,2060	-60,783	144,7200
16,2088	-60,785	144,7250
16,2094	-60,787	144,7300
16,2077	-60,790	144,7350
16,2060	-60,792	144,7400
16,2088	-60,794	144,7450
16,1998	-60,796	144,7500
16,2121	-60,798	144,7550
16,2223	-60,800	144,7600
16,2097	-60,802	144,7650
16,2024	-60,804	144,7700
16,2122	-60,806	144,7750
16,2108	-60,808	144,7800
16,2065	-60,811	144,7850
16,2192	-60,813	144,7900
16,2222	-60,815	144,7950
16,2168	-60,817	144,8000
16,2235	-60,819	144,8050
16,2219	-60,821	144,8100
16,2146	-60,823	144,8150
16,2159	-60,825	144,8200
16,2184	-60,827	144,8250
16,2117	-60,829	144,8300
16,2170	-60,832	144,8350
16,2218	-60,834	144,8400
16,2115	-60,836	144,8450
16,2155	-60,838	144,8500
16,2206	-60,840	144,8550
16,2196	-60,842	144,8600
16,2203	-60,844	144,8650
16,2267	-60,846	144,8700
16,2273	-60,848	144,8750
16,2283	-60,850	144,8800
16,2367	-60,853	144,8850
16,2299	-60,855	144,8900
16,2226	-60,857	144,8950
16,2312	-60,859	144,9000
16,2339	-60,861	144,9050
16,2262	-60,863	144,9100
16,2326	-60,865	144,9150
16,2390	-60,867	144,9200
16,2388	-60,869	144,9250
16,2315	-60,871	144,9300
16,2314	-60,874	144,9350
16,2218	-60,876	144,9400
16,2257	-60,878	144,9450
16,2351	-60,880	144,9500
16,2288	-60,882	144,9550
16,2201	-60,884	144,9600
16,2306	-60,886	144,9650
16,2316	-60,888	144,9700
16,2229	-60,890	144,9750
16,2285	-60,892	144,9800
16,2358	-60,895	144,9850
16,2300	-60,897	144,9900
16,2351	-60,899	144,9950
16,2415	-60,901	145,0000
16,2343	-60,903	145,0050
16,2382	-60,905	145,0100
16,2451	-60,907	145,0150
16,2471	-60,909	145,0200
16,2458	-60,911	145,0250
16,2518	-60,913	145,0300
16,2461	-60,916	145,0350
16,2413	-60,918	145,0400
16,2463	-60,920	145,0450
16,2428	-60,922	145,0500
16,2443	-60,924	145,0550
16,2549	-60,926	145,0600
16,2568	-60,928	145,0650
16,2520	-60,930	145,0700
16,2540	-60,932	145,0750
16,2504	-60,934	145,0800
16,2454	-60,937	145,0850
16,2540	-60,939	145,0900
16,2558	-60,941	145,0950
16,2404	-60,943	145,1000
16,2424	-60,945	145,1050
16,2528	-60,947	145,1100
16,2539	-60,949	145,1150
16,2494	-60,951	145,1200
16,2562	-60,953	145,1250
16,2531	-60,955	145,1300
16,2518	-60,958	145,1350
16,2629	-60,960	145,1400
16,2565	-60,962	145,1450
16,2502	-60,964	145,1500
16,2584	-60,966	145,1550
16,2588	-60,968	145,1600
16,2576	-60,970	145,1650
16,2612	-60,972	145,1700
16,2631	-60,974	145,1750
16,2615	-60,976	145,1800
16,2609	-60,979	145,1850
16,2617	-60,981	145,1900
16,2548	-60,983	145,1950
16,2625	-60,985	145,2000
16,2729	-60,987	145,2050
16,2664	-60,989	145,2100
16,2664	-60,991	145,2150
16,2748	-60,993	145,2200
16,2675	-60,995	145,2250
16,2661	-60,997	145,2300
16,2716	-61,000	145,2350
16,2709	-61,002	145,2400
16,2725	-61,004	145,2450
16,2811	-61,006	145,2500
16,2818	-61,008	145,2550
16,2707	-61,010	145,2600
16,2722	-61,012	145,2650
16,2735	-61,014	145,2700
16,2664	-61,016	145,2750
16,2779	-61,018	145,2800
16,2815	-61,021	145,2850
16,2724	-61,023	145,2900
16,2694	-61,025	145,2950
16,2776	-61,027	145,3000
16,2796	-61,029	145,3050
16,2821	-61,031	145,3100
16,2912	-61,033	145,3150
16,2873	-61,035	145,3200
16,2823	-61,037	145,3250
16,2842	-61,039	145,3300
16,2785	-61,042	145,3350
16,2790	-61,044	145,3400
16,2875	-61,046	145,3450
16,2807	-61,048	145,3500
16,2734	-61,050	145,3550
16,2807	-61,052	145,3600
16,2931	-61,054	145,3650
16,2873	-61,056	145,3700
16,2884	-61,058	145,3750
16,2887	-61,060	145,3800
16,2774	-61,063	145,3850
16,2861	-61,065	145,3900
16,2937	-61,067	145,3950
16,2870	-61,069	145,4000
16,2849	-61,071	145,4050
16,2890	-61,073	145,4100
16,2838	-61,075	145,4150
16,2873	-61,077	145,4200
16,2989	-61,079	145,4250
16,3016	-61,081	145,4300
16,2984	-61,084	145,4350
16,3009	-61,086	145,4400
16,2918	-61,088	145,4450
16,2889	-61,090	145,4500
16,2930	-61,092	145,4550
16,3026	-61,094	145,4600
16,2963	-61,096	145,4650
16,2979	-61,098	145,4700
16,3030	-61,100	145,4750
16,3014	-61,102	145,4800
16,3007	-61,105	145,4850
16,3091	-61,107	145,4900
16,3068	-61,109	145,4950
16,3036	-61,111	145,5000
16,3093	-61,113	145,5050
16,3054	-61,115	145,5100
16,3083	-61,117	145,5150
16,3183	-61,119	145,5200
16,3140	-61,121	145,5250
16,3062	-61,123	145,5300
16,3131	-61,126	145,5350
16,3146	-61,128	145,5400
16,3080	-61,130	145,5450
16,3103	-61,132	145,5500
16,3148	-61,134	145,5550
16,3124	-61,136	145,5600
16,3180	-61,138	145,5650
16,3240	-61,140	145,5700
16,3089	-61,142	145,5750
16,3072	-61,144	145,5800
16,3193	-61,147	145,5850
16,3158	-61,149	145,5900
16,3126	-61,151	145,5950
16,3221	-61,153	145,6000
16,3194	-61,155	145,6050
16,3090	-61,157	145,6100
16,3178	-61,159	145,6150
16,3229	-61,161	145,6200
16,3200	-61,163	145,6250
16,3246	-61,165	145,6300
16,3188	-61,168	145,6350
16,3123	-61,170	145,6400
16,3210	-61,172	145,6450
16,3348	-61,174	145,6500
16,3333	-61,176	145,6550
16,3337	-61,178	145,6600
16,3302	-61,180	145,6650
16,3240	-61,182	145,6700
16,3320	-61,184	145,6750
16,3404	-61,186	145,6800
16,3351	-61,189	145,6850
16,3202	-61,191	145,6900
16,3226	-61,193	145,6950
16,3244	-61,195	145,7000
16,3246	-61,197	145,7050
16,3387	-61,199	145,7100
16,3367	-61,201	145,7150
16,3252	-61,203	145,7200
16,3334	-61,205	145,7250
16,3403	-61,207	145,7300
16,3327	-61,210	145,7350
16,3287	-61,212	145,7400
16,3331	-61,214	145,7450
16,3270	-61,216	145,7500
16,3369	-61,218	145,7550
16,3431	-61,220	145,7600
16,3383	-61,222	145,7650
16,3338	-61,224	145,7700
16,3420	-61,226	145,7750
16,3440	-61,228	145,7800
16,3444	-61,231	145,7850
16,3479	-61,233	145,7900
16,3422	-61,235	145,7950
16,3358	-61,237	145,8000
16,3472	-61,239	145,8050
16,3459	-61,241	145,8100
16,3388	-61,243	145,8150
16,3433	-61,245	145,8200
16,3506	-61,247	145,8250
16,3475	-61,249	145,8300
16,3460	-61,252	145,8350
16,3476	-61,254	145,8400
16,3395	-61,256	145,8450
16,3463	-61,258	145,8500
16,3612	-61,260	145,8550
16,3571	-61,262	145,8600
16,3534	-61,264	145,8650
16,3659	-61,266	145,8700
16,3635	-61,268	145,8750
16,3503	-61,270	145,8800
16,3527	-61,273	145,8850
16,3579	-61,275	145,8900
16,3543	-61,277	145,8950
16,3625	-61,279	145,9000
16,3583	-61,281	145,9050
16,3522	-61,283	145,9100
16,3568	-61,285	145,9150
16,3574	-61,287	145,9200
16,3537	-61,289	145,9250
16,3578	-61,291	145,9300
16,3662	-61,294	145,9350
16,3520	-61,296	145,9400
16,3506	-61,298	145,9450
16,3640	-61,300	145,9500
16,3638	-61,302	145,9550
16,3619	-61,304	145,9600
16,3711	-61,306	145,9650
16,3595	-61,308	145,9700
16,3576	-61,310	145,9750
16,3706	-61,312	145,9800
16,3684	-61,315	145,9850
16,3581	-61,317	145,9900
16,3700	-61,319	145,9950
16,3749	-61,321	146,0000
16,3600	-61,323	146,0050
16,3595	-61,325	146,0100
16,3749	-61,327	146,0150
16,3696	-61,329	146,0200
16,3682	-61,331	146,0250
16,3736	-61,333	146,0300
16,3642	-61,336	146,0350
16,3682	-61,338	146,0400
16,3823	-61,340	146,0450
16,3779	-61,342	146,0500
16,3727	-61,344	146,0550
16,3795	-61,346	146,0600
16,3818	-61,348	146,0650
16,3793	-61,350	146,0700
16,3837	-61,352	146,0750
16,3837	-61,354	146,0800
16,3757	-61,357	146,0850
16,3823	-61,359	146,0900
16,3849	-61,361	146,0950
16,3785	-61,363	146,1000
16,3814	-61,365	146,1050
16,3859	-61,367	146,1100
16,3838	-61,369	146,1150
16,3814	-61,371	146,1200
16,3853	-61,373	146,1250
16,3787	-61,375	146,1300
16,3832	-61,378	146,1350
16,3976	-61,380	146,1400
16,3944	-61,382	146,1450
16,3888	-61,384	146,1500
16,4001	-61,386	146,1550
16,3942	-61,388	146,1600
16,3884	-61,390	146,1650
16,3915	-61,392	146,1700
16,3941	-61,394	146,1750
16,3927	-61,396	146,1800
16,4018	-61,399	146,1850
16,4032	-61,401	146,1900
16,3921	-61,403	146,1950
16,3931	-61,405	146,2000
16,4009	-61,407	146,2050
16,3919	-61,409	146,2100
16,3938	-61,411	146,2150
16,4040	-61,413	146,2200
16,4038	-61,415	146,2250
16,3995	-61,417	146,2300
16,4047	-61,420	146,2350
16,4018	-61,422	146,2400
16,3936	-61,424	146,2450
16,3982	-61,426	146,2500
16,3979	-61,428	146,2550
16,3964	-61,430	146,2600
16,4024	-61,432	146,2650
16,4082	-61,434	146,2700
16,3980	-61,436	146,2750
16,4033	-61,438	146,2800
16,4100	-61,441	146,2850
16,4048	-61,443	146,2900
16,4079	-61,445	146,2950
16,4196	-61,447	146,3000
16,4144	-61,449	146,3050
16,4081	-61,451	146,3100
16,4165	-61,453	146,3150
16,4188	-61,455	146,3200
16,4174	-61,457	146,3250
16,4196	-61,459	146,3300
16,4139	-61,462	146,3350
16,4097	-61,464	146,3400
16,4218	-61,466	146,3450
16,4200	-61,468	146,3500
16,4158	-61,470	146,3550
16,4222	-61,472	146,3600
16,4269	-61,474	146,3650
16,4143	-61,476	146,3700
16,4213	-61,478	146,3750
16,4274	-61,480	146,3800
16,4121	-61,483	146,3850
16,4125	-61,485	146,3900
16,4262	-61,487	146,3950
16,4208	-61,489	146,4000
16,4186	-61,491	146,4050
16,4265	-61,493	146,4100
16,4276	-61,495	146,4150
16,4227	-61,497	146,4200
16,4289	-61,499	146,4250
16,4262	-61,501	146,4300
16,4170	-61,504	146,4350
16,4271	-61,506	146,4400
16,4316	-61,508	146,4450
16,4352	-61,510	146,4500
16,4320	-61,512	146,4550
16,4331	-61,514	146,4600
16,4254	-61,516	146,4650
16,4269	-61,518	146,4700
16,4357	-61,520	146,4750
16,4312	-61,522	146,4800
16,4333	-61,525	146,4850
16,4420	-61,527	146,4900
16,4303	-61,529	146,4950
16,4246	-61,531	146,5000
16,4386	-61,533	146,5050
16,4400	-61,535	146,5100
16,4367	-61,537	146,5150
16,4450	-61,539	146,5200
16,4432	-61,541	146,5250
16,4278	-61,543	146,5300
16,4325	-61,546	146,5350
16,4349	-61,548	146,5400
16,4378	-61,550	146,5450
16,4411	-61,552	146,5500
16,4396	-61,554	146,5550
16,4372	-61,556	146,5600
16,4424	-61,558	146,5650
16,4491	-61,560	146,5700
16,4424	-61,562	146,5750
16,4458	-61,564	146,5800
16,4624	-61,567	146,5850
16,4552	-61,569	146,5900
16,4468	-61,571	146,5950
16,4555	-61,573	146,6000
16,4460	-61,575	146,6050
16,4360	-61,577	146,6100
16,4450	-61,579	146,6150
16,4427	-61,581	146,6200
16,4381	-61,583	146,6250
16,4520	-61,585	146,6300
16,4476	-61,588	146,6350
16,4446	-61,590	146,6400
16,4510	-61,592	146,6450
16,4540	-61,594	146,6500
16,4526	-61,596	146,6550
16,4581	-61,598	146,6600
16,4621	-61,600	146,6650
16,4507	-61,602	146,6700
16,4468	-61,604	146,6750
16,4618	-61,606	146,6800
16,4659	-61,609	146,6850
16,4616	-61,611	146,6900
16,4691	-61,613	146,6950
16,4653	-61,615	146,7000
16,4552	-61,617	146,7050
16,4670	-61,619	146,7100
16,4617	-61,621	146,7150
16,4555	-61,623	146,7200
16,4633	-61,625	146,7250
16,4620	-61,627	146,7300
16,4617	-61,630	146,7350
16,4676	-61,632	146,7400
16,4680	-61,634	146,7450
16,4532	-61,636	146,7500
16,4523	-61,638	146,7550
16,4625	-61,640	146,7600
16,4685	-61,642	146,7650
16,4701	-61,644	146,7700
16,4741	-61,646	146,7750
16,4674	-61,648	146,7800
16,4683	-61,651	146,7850
16,4789	-61,653	146,7900
16,4748	-61,655	146,7950
16,4703	-61,657	146,8000
16,4806	-61,659	146,8050
16,4803	-61,661	146,8100
16,4610	-61,663	146,8150
16,4663	-61,665	146,8200
16,4687	-61,667	146,8250
16,4681	-61,669	146,8300
16,4728	-61,672	146,8350
16,4858	-61,674	146,8400
16,4771	-61,676	146,8450
16,4705	-61,678	146,8500
16,4788	-61,680	146,8550
16,4790	-61,682	146,8600
16,4873	-61,684	146,8650
16,4997	-61,686	146,8700
16,4971	-61,688	146,8750
16,4915	-61,690	146,8800
16,4904	-61,693	146,8850
16,4878	-61,695	146,8900
16,4771	-61,697	146,8950
16,4854	-61,699	146,9000
16,4928	-61,701	146,9050
16,4819	-61,703	146,9100
16,4839	-61,705	146,9150
16,4934	-61,707	146,9200
16,4980	-61,709	146,9250
16,4987	-61,711	146,9300
16,5023	-61,714	146,9350
16,4891	-61,716	146,9400
16,4914	-61,718	146,9450
16,5051	-61,720	146,9500
16,5020	-61,722	146,9550
16,4974	-61,724	146,9600
16,5092	-61,726	146,9650
16,5030	-61,728	146,9700
16,4964	-61,730	146,9750
16,5022	-61,732	146,9800
16,5047	-61,735	146,9850
16,5046	-61,737	146,9900
16,5084	-61,739	146,9950
16,5043	-61,741	147,0000
16,4953	-61,743	147,0050
16,4992	-61,745	147,0100
16,5082	-61,747	147,0150
16,5039	-61,749	147,0200
16,4997	-61,751	147,0250
16,5051	-61,753	147,0300
16,5056	-61,756	147,0350
16,5059	-61,758	147,0400
16,5083	-61,760	147,0450
16,5025	-61,762	147,0500
16,5083	-61,764	147,0550
16,5143	-61,766	147,0600
16,5068	-61,768	147,0650
16,5014	-61,770	147,0700
16,5073	-61,772	147,0750
16,5112	-61,774	147,0800
16,5017	-61,777	147,0850
16,5092	-61,779	147,0900
16,5171	-61,781	147,0950
16,5110	-61,783	147,1000
16,5124	-61,785	147,1050
16,5214	-61,787	147,1100
16,5223	-61,789	147,1150
16,5211	-61,791	147,1200
16,5211	-61,793	147,1250
16,5172	-61,795	147,1300
16,5165	-61,798	147,1350
16,5261	-61,800	147,1400
16,5195	-61,802	147,1450
16,5138	-61,804	147,1500
16,5227	-61,806	147,1550
16,5233	-61,808	147,1600
16,5182	-61,810	147,1650
16,5293	-61,812	147,1700
16,5303	-61,814	147,1750
16,5242	-61,816	147,1800
16,5323	-61,819	147,1850
16,5283	-61,821	147,1900
16,5178	-61,823	147,1950
16,5299	-61,825	147,2000
16,5334	-61,827	147,2050
16,5264	-61,829	147,2100
16,5271	-61,831	147,2150
16,5332	-61,833	147,2200
16,5306	-61,835	147,2250
16,5228	-61,837	147,2300
16,5308	-61,840	147,2350
16,5328	-61,842	147,2400
16,5335	-61,844	147,2450
16,5419	-61,846	147,2500
16,5409	-61,848	147,2550
16,5359	-61,850	147,2600
16,5382	-61,852	147,2650
16,5395	-61,854	147,2700
16,5313	-61,856	147,2750
16,5383	-61,858	147,2800
16,5449	-61,861	147,2850
16,5386	-61,863	147,2900
16,5371	-61,865	147,2950
16,5434	-61,867	147,3000
16,5413	-61,869	147,3050
16,5380	-61,871	147,3100
16,5471	-61,873	147,3150
16,5423	-61,875	147,3200
16,5379	-61,877	147,3250
16,5450	-61,879	147,3300
16,5427	-61,882	147,3350
16,5411	-61,884	147,3400
16,5519	-61,886	147,3450
16,5548	-61,888	147,3500
16,5472	-61,890	147,3550
16,5460	-61,892	147,3600
16,5559	-61,894	147,3650
16,5562	-61,896	147,3700
16,5595	-61,898	147,3750
16,5585	-61,900	147,3800
16,5474	-61,903	147,3850
16,5471	-61,905	147,3900
16,5586	-61,907	147,3950
16,5577	-61,909	147,4000
16,5524	-61,911	147,4050
16,5542	-61,913	147,4100
16,5587	-61,915	147,4150
16,5568	-61,917	147,4200
16,5669	-61,919	147,4250
16,5606	-61,921	147,4300
16,5517	-61,924	147,4350
16,5635	-61,926	147,4400
16,5704	-61,928	147,4450
16,5690	-61,930	147,4500
16,5721	-61,932	147,4550
16,5782	-61,934	147,4600
16,5674	-61,936	147,4650
16,5684	-61,938	147,4700
16,5722	-61,940	147,4750
16,5637	-61,942	147,4800
16,5655	-61,945	147,4850
16,5739	-61,947	147,4900
16,5664	-61,949	147,4950
16,5650	-61,951	147,5000
16,5743	-61,953	147,5050
16,5738	-61,955	147,5100
16,5659	-61,957	147,5150
16,5743	-61,959	147,5200
16,5760	-61,961	147,5250
16,5723	-61,963	147,5300
16,5842	-61,966	147,5350
16,5778	-61,968	147,5400
16,5665	-61,970	147,5450
16,5738	-61,972	147,5500
16,5869	-61,974	147,5550
16,5787	-61,976	147,5600
16,5738	-61,978	147,5650
16,5804	-61,980	147,5700
16,5757	-61,982	147,5750
16,5781	-61,984	147,5800
16,5838	-61,987	147,5850
16,5826	-61,989	147,5900
16,5772	-61,991	147,5950
16,5807	-61,993	147,6000
16,5771	-61,995	147,6050
16,5792	-61,997	147,6100
16,5959	-61,999	147,6150
16,5921	-62,001	147,6200
16,5846	-62,003	147,6250
16,5879	-62,005	147,6300
16,5885	-62,008	147,6350
16,5775	-62,010	147,6400
16,5784	-62,012	147,6450
16,5868	-62,014	147,6500
16,5831	-62,016	147,6550
16,5873	-62,018	147,6600
16,5949	-62,020	147,6650
16,5861	-62,022	147,6700
16,5833	-62,024	147,6750
16,5858	-62,026	147,6800
16,5838	-62,029	147,6850
16,5860	-62,031	147,6900
16,5988	-62,033	147,6950
16,5988	-62,035	147,7000
16,5959	-62,037	147,7050
16,6003	-62,039	147,7100
16,6018	-62,041	147,7150
16,5963	-62,043	147,7200
16,6099	-62,045	147,7250
16,6140	-62,047	147,7300
16,5970	-62,050	147,7350
16,5932	-62,052	147,7400
16,6043	-62,054	147,7450
16,6056	-62,056	147,7500
16,6076	-62,058	147,7550
16,6102	-62,060	147,7600
16,6041	-62,062	147,7650
16,6051	-62,064	147,7700
16,6123	-62,066	147,7750
16,6077	-62,068	147,7800
16,6057	-62,071	147,7850
16,6083	-62,073	147,7900
16,6033	-62,075	147,7950
16,5958	-62,077	147,8000
16,6071	-62,079	147,8050
16,6088	-62,081	147,8100
16,6002	-62,083	147,8150
16,6018	-62,085	147,8200
16,6127	-62,087	147,8250
16,6118	-62,089	147,8300
16,6081	-62,092	147,8350
16,6179	-62,094	147,8400
16,6137	-62,096	147,8450
16,6140	-62,098	147,8500
16,6198	-62,100	147,8550
16,6117	-62,102	147,8600
16,6078	-62,104	147,8650
16,6196	-62,106	147,8700
16,6198	-62,108	147,8750
16,6192	-62,110	147,8800
16,6269	-62,113	147,8850
16,6272	-62,115	147,8900
16,6144	-62,117	147,8950
16,6201	-62,119	147,9000
16,6277	-62,121	147,9050
16,6229	-62,123	147,9100
16,6279	-62,125	147,9150
16,6317	-62,127	147,9200
16,6273	-62,129	147,9250
16,6244	-62,131	147,9300
16,6283	-62,134	147,9350
16,6251	-62,136	147,9400
16,6283	-62,138	147,9450
16,6404	-62,140	147,9500
16,6328	-62,142	147,9550
16,6267	-62,144	147,9600
16,6403	-62,146	147,9650
16,6381	-62,148	147,9700
16,6323	-62,150	147,9750
16,6353	-62,152	147,9800
16,6350	-62,155	147,9850
16,6263	-62,157	147,9900
16,6296	-62,159	147,9950
16,6338	-62,161	148,0000
16,6280	-62,163	148,0050
16,6367	-62,165	148,0100
16,6388	-62,167	148,0150
16,6270	-62,169	148,0200
16,6307	-62,171	148,0250
16,6477	-62,173	148,0300
16,6476	-62,176	148,0350
16,6417	-62,178	148,0400
16,6489	-62,180	148,0450
16,6420	-62,182	148,0500
16,6351	-62,184	148,0550
16,6478	-62,186	148,0600
16,6463	-62,188	148,0650
16,6389	-62,190	148,0700
16,6431	-62,192	148,0750
16,6431	-62,194	148,0800
16,6348	-62,197	148,0850
16,6399	-62,199	148,0900
16,6474	-62,201	148,0950
16,6397	-62,203	148,1000
16,6411	-62,205	148,1050
16,6454	-62,207	148,1100
16,6426	-62,209	148,1150
16,6389	-62,211	148,1200
16,6522	-62,213	148,1250
16,6549	-62,215	148,1300
16,6512	-62,218	148,1350
16,6601	-62,220	148,1400
16,6548	-62,222	148,1450
16,6438	-62,224	148,1500
16,6491	-62,226	148,1550
16,6560	-62,228	148,1600
16,6568	-62,230	148,1650
16,6594	-62,232	148,1700
16,6607	-62,234	148,1750
16,6503	-62,236	148,1800
16,6594	-62,239	148,1850
16,6658	-62,241	148,1900
16,6574	-62,243	148,1950
16,6637	-62,245	148,2000
16,6704	-62,247	148,2050
16,6627	-62,249	148,2100
16,6616	-62,251	148,2150
16,6663	-62,253	148,2200
16,6633	-62,255	148,2250
16,6634	-62,257	148,2300
16,6702	-62,260	148,2350
16,6684	-62,262	148,2400
16,6580	-62,264	148,2450
16,6624	-62,266	148,2500
16,6635	-62,268	148,2550
16,6621	-62,270	148,2600
16,6681	-62,272	148,2650
16,6737	-62,274	148,2700
16,6612	-62,276	148,2750
16,6671	-62,278	148,2800
16,6725	-62,281	148,2850
16,6720	-62,283	148,2900
16,6802	-62,285	148,2950
16,6803	-62,287	148,3000
16,6740	-62,289	148,3050
16,6744	-62,291	148,3100
16,6825	-62,293	148,3150
16,6793	-62,295	148,3200
16,6736	-62,297	148,3250
16,6839	-62,299	148,3300
16,6850	-62,302	148,3350
16,6717	-62,304	148,3400
16,6795	-62,306	148,3450
16,6843	-62,308	148,3500
16,6816	-62,310	148,3550
16,6791	-62,312	148,3600
16,6796	-62,314	148,3650
16,6666	-62,316	148,3700
16,6784	-62,318	148,3750
16,6860	-62,320	148,3800
16,6827	-62,323	148,3850
16,6817	-62,325	148,3900
16,6874	-62,327	148,3950
16,6820	-62,329	148,4000
16,6762	-62,331	148,4050
16,6839	-62,333	148,4100
16,6839	-62,335	148,4150
16,6832	-62,337	148,4200
16,6967	-62,339	148,4250
16,6973	-62,341	148,4300
16,6934	-62,344	148,4350
16,6996	-62,346	148,4400
16,6977	-62,348	148,4450
16,6910	-62,350	148,4500
16,6945	-62,352	148,4550
16,6978	-62,354	148,4600
16,6964	-62,356	148,4650
16,7034	-62,358	148,4700
16,7100	-62,360	148,4750
16,6993	-62,362	148,4800
16,7014	-62,365	148,4850
16,7133	-62,367	148,4900
16,7091	-62,369	148,4950
16,7001	-62,371	148,5000
16,7073	-62,373	148,5050
16,7018	-62,375	148,5100
16,6970	-62,377	148,5150
16,7056	-62,379	148,5200
16,7022	-62,381	148,5250
16,6916	-62,383	148,5300
16,6975	-62,386	148,5350
16,7068	-62,388	148,5400
16,7043	-62,390	148,5450
16,7090	-62,392	148,5500
16,7189	-62,394	148,5550
16,7164	-62,396	148,5600
16,7100	-62,398	148,5650
16,7196	-62,400	148,5700
16,7138	-62,402	148,5750
16,7049	-62,404	148,5800
16,7067	-62,407	148,5850
16,7108	-62,409	148,5900
16,7144	-62,411	148,5950
16,7206	-62,413	148,6000
16,7169	-62,415	148,6050
16,7132	-62,417	148,6100
16,7232	-62,419	148,6150
16,7213	-62,421	148,6200
16,7076	-62,423	148,6250
16,7071	-62,425	148,6300
16,7158	-62,428	148,6350
16,7223	-62,430	148,6400
16,7234	-62,432	148,6450
16,7300	-62,434	148,6500
16,7268	-62,436	148,6550
16,7188	-62,438	148,6600
16,7174	-62,440	148,6650
16,7173	-62,442	148,6700
16,7181	-62,444	148,6750
16,7211	-62,446	148,6800
16,7280	-62,449	148,6850
16,7284	-62,451	148,6900
16,7293	-62,453	148,6950
16,7263	-62,455	148,7000
16,7216	-62,457	148,7050
16,7330	-62,459	148,7100
16,7352	-62,461	148,7150
16,7250	-62,463	148,7200
16,7252	-62,465	148,7250
16,7312	-62,467	148,7300
16,7287	-62,470	148,7350
16,7272	-62,472	148,7400
16,7439	-62,474	148,7450
16,7348	-62,476	148,7500
16,7295	-62,478	148,7550
16,7323	-62,480	148,7600
16,7330	-62,482	148,7650
16,7386	-62,484	148,7700
16,7448	-62,486	148,7750
16,7482	-62,488	148,7800
16,7485	-62,491	148,7850
16,7506	-62,493	148,7900
16,7447	-62,495	148,7950
16,7425	-62,497	148,8000
16,7440	-62,499	148,8050
16,7440	-62,501	148,8100
16,7381	-62,503	148,8150
16,7386	-62,505	148,8200
16,7404	-62,507	148,8250
16,7360	-62,509	148,8300
16,7422	-62,512	148,8350
16,7510	-62,514	148,8400
16,7415	-62,516	148,8450
16,7414	-62,518	148,8500
16,7455	-62,520	148,8550
16,7476	-62,522	148,8600
16,7458	-62,524	148,8650
16,7478	-62,526	148,8700
16,7469	-62,528	148,8750
16,7520	-62,530	148,8800
16,7589	-62,533	148,8850
16,7603	-62,535	148,8900
16,7541	-62,537	148,8950
16,7623	-62,539	148,9000
16,7609	-62,541	148,9050
16,7433	-62,543	148,9100
16,7497	-62,545	148,9150
16,7560	-62,547	148,9200
16,7563	-62,549	148,9250
16,7620	-62,551	148,9300
16,7780	-62,554	148,9350
16,7693	-62,556	148,9400
16,7560	-62,558	148,9450
16,7650	-62,560	148,9500
16,7663	-62,562	148,9550
16,7631	-62,564	148,9600
16,7710	-62,566	148,9650
16,7700	-62,568	148,9700
16,7640	-62,570	148,9750
16,7647	-62,572	148,9800
16,7682	-62,575	148,9850
16,7578	-62,577	148,9900
16,7618	-62,579	148,9950
16,7676	-62,581	149,0000
16,7593	-62,583	149,0050
16,7671	-62,585	149,0100
16,7697	-62,587	149,0150
16,7660	-62,589	149,0200
16,7645	-62,591	149,0250
16,7769	-62,593	149,0300
16,7760	-62,596	149,0350
16,7736	-62,598	149,0400
16,7702	-62,600	149,0450
16,7667	-62,602	149,0500
16,7710	-62,604	149,0550
16,7857	-62,606	149,0600
16,7808	-62,608	149,0650
16,7705	-62,610	149,0700
16,7793	-62,612	149,0750
16,7853	-62,614	149,0800
16,7804	-62,617	149,0850
16,7868	-62,619	149,0900
16,7835	-62,621	149,0950
16,7768	-62,623	149,1000
16,7728	-62,625	149,1050
16,7823	-62,627	149,1100
16,7769	-62,629	149,1150
16,7761	-62,631	149,1200
16,7927	-62,633	149,1250
16,7907	-62,635	149,1300
16,7852	-62,638	149,1350
16,7899	-62,640	149,1400
16,7900	-62,642	149,1450
16,7937	-62,644	149,1500
16,7958	-62,646	149,1550
16,7977	-62,648	149,1600
16,7867	-62,650	149,1650
16,7876	-62,652	149,1700
16,7890	-62,654	149,1750
16,7823	-62,656	149,1800
16,7908	-62,659	149,1850
16,8015	-62,661	149,1900
16,7949	-62,663	149,1950
16,7950	-62,665	149,2000
16,8015	-62,667	149,2050
16,7932	-62,669	149,2100
16,7907	-62,671	149,2150
16,7995	-62,673	149,2200
16,7988	-62,675	149,2250
16,7952	-62,677	149,2300
16,7987	-62,680	149,2350
16,7921	-62,682	149,2400
16,7900	-62,684	149,2450
16,8004	-62,686	149,2500
16,8000	-62,688	149,2550
16,7990	-62,690	149,2600
16,8060	-62,692	149,2650
16,8126	-62,694	149,2700
16,8063	-62,696	149,2750
16,8118	-62,698	149,2800
16,8150	-62,701	149,2850
16,8067	-62,703	149,2900
16,8065	-62,705	149,2950
16,8081	-62,707	149,3000
16,8006	-62,709	149,3050
16,8032	-62,711	149,3100
16,8159	-62,713	149,3150
16,8123	-62,715	149,3200
16,8076	-62,717	149,3250
16,8169	-62,719	149,3300
16,8135	-62,722	149,3350
16,8077	-62,724	149,3400
16,8125	-62,726	149,3450
16,8195	-62,728	149,3500
16,8169	-62,730	149,3550
16,8196	-62,732	149,3600
16,8221	-62,734	149,3650
16,8147	-62,736	149,3700
16,8151	-62,738	149,3750
16,8191	-62,740	149,3800
16,8117	-62,743	149,3850
16,8134	-62,745	149,3900
16,8233	-62,747	149,3950
16,8249	-62,749	149,4000
16,8187	-62,751	149,4050
16,8218	-62,753	149,4100
16,8197	-62,755	149,4150
16,8223	-62,757	149,4200
16,8233	-62,759	149,4250
16,8211	-62,761	149,4300
16,8203	-62,764	149,4350
16,8331	-62,766	149,4400
16,8346	-62,768	149,4450
16,8234	-62,770	149,4500
16,8214	-62,772	149,4550
16,8314	-62,774	149,4600
16,8280	-62,776	149,4650
16,8290	-62,778	149,4700
16,8335	-62,780	149,4750
16,8258	-62,782	149,4800
16,8215	-62,785	149,4850
16,8355	-62,787	149,4900
16,8376	-62,789	149,4950
16,8334	-62,791	149,5000
16,8321	-62,793	149,5050
16,8273	-62,795	149,5100
16,8246	-62,797	149,5150
16,8367	-62,799	149,5200
16,8381	-62,801	149,5250
16,8290	-62,803	149,5300
16,8296	-62,806	149,5350
16,8367	-62,808	149,5400
16,8359	-62,810	149,5450
16,8412	-62,812	149,5500
16,8437	-62,814	149,5550
16,8430	-62,816	149,5600
16,8425	-62,818	149,5650
16,8422	-62,820	149,5700
16,8404	-62,822	149,5750
16,8389	-62,824	149,5800
16,8482	-62,827	149,5850
16,8510	-62,829	149,5900
16,8502	-62,831	149,5950
16,8561	-62,833	149,6000
16,8516	-62,835	149,6050
16,8428	-62,837	149,6100
16,8510	-62,839	149,6150
16,8504	-62,841	149,6200
16,8500	-62,843	149,6250
16,8592	-62,845	149,6300
16,8535	-62,848	149,6350
16,8490	-62,850	149,6400
16,8477	-62,852	149,6450
16,8540	-62,854	149,6500
16,8537	-62,856	149,6550
16,8534	-62,858	149,6600
16,8575	-62,860	149,6650
16,8559	-62,862	149,6700
16,8526	-62,864	149,6750
16,8608	-62,866	149,6800
16,8608	-62,869	149,6850
16,8591	-62,871	149,6900
16,8676	-62,873	149,6950
16,8640	-62,875	149,7000
16,8553	-62,877	149,7050
16,8644	-62,879	149,7100
16,8713	-62,881	149,7150
16,8624	-62,883	149,7200
16,8619	-62,885	149,7250
16,8669	-62,887	149,7300
16,8663	-62,890	149,7350
16,8676	-62,892	149,7400
16,8718	-62,894	149,7450
16,8731	-62,896	149,7500
16,8678	-62,898	149,7550
16,8714	-62,900	149,7600
16,8661	-62,902	149,7650
16,8635	-62,904	149,7700
16,8723	-62,906	149,7750
16,8748	-62,908	149,7800
16,8751	-62,911	149,7850
16,8758	-62,913	149,7900
16,8698	-62,915	149,7950
16,8673	-62,917	149,8000
16,8745	-62,919	149,8050
16,8767	-62,921	149,8100
16,8759	-62,923	149,8150
16,8823	-62,925	149,8200
16,8865	-62,927	149,8250
16,8811	-62,929	149,8300
16,8778	-62,932	149,8350
16,8886	-62,934	149,8400
16,8837	-62,936	149,8450
16,8794	-62,938	149,8500
16,8820	-62,940	149,8550
16,8784	-62,942	149,8600
16,8796	-62,944	149,8650
16,8898	-62,946	149,8700
16,8855	-62,948	149,8750
16,8778	-62,950	149,8800
16,8857	-62,953	149,8850
16,8872	-62,955	149,8900
16,8804	-62,957	149,8950
16,8874	-62,959	149,9000
16,8851	-62,961	149,9050
16,8811	-62,963	149,9100
16,8869	-62,965	149,9150
16,8903	-62,967	149,9200
16,8874	-62,969	149,9250
16,8897	-62,971	149,9300
16,8910	-62,974	149,9350
16,8868	-62,976	149,9400
16,8936	-62,978	149,9450
16,9060	-62,980	149,9500
16,8977	-62,982	149,9550
16,8872	-62,984	149,9600
16,8969	-62,986	149,9650
16,9006	-62,988	149,9700
16,9015	-62,990	149,9750
16,9028	-62,992	149,9800
16,9015	-62,995	149,9850
16,8991	-62,997	149,9900
16,9070	-62,999	149,9950
16,9061	-63,001	150,0000
16,8995	-63,003	150,0050
16,8994	-63,005	150,0100
16,9085	-63,007	150,0150
16,9067	-63,009	150,0200
16,9013	-63,011	150,0250
16,9052	-63,013	150,0300
16,9033	-63,016	150,0350
16,9092	-63,018	150,0400
16,9143	-63,020	150,0450
16,9052	-63,022	150,0500
16,9042	-63,024	150,0550
16,9131	-63,026	150,0600
16,9108	-63,028	150,0650
16,9091	-63,030	150,0700
16,9159	-63,032	150,0750
16,9217	-63,034	150,0800
16,9139	-63,037	150,0850
16,9138	-63,039	150,0900
16,9116	-63,041	150,0950
16,9016	-63,043	150,1000
16,9060	-63,045	150,1050
16,9171	-63,047	150,1100
16,9120	-63,049	150,1150
16,9105	-63,051	150,1200
16,9186	-63,053	150,1250
16,9172	-63,055	150,1300
16,9146	-63,058	150,1350
16,9200	-63,060	150,1400
16,9148	-63,062	150,1450
16,9067	-63,064	150,1500
16,9205	-63,066	150,1550
16,9288	-63,068	150,1600
16,9214	-63,070	150,1650
16,9242	-63,072	150,1700
16,9270	-63,074	150,1750
16,9189	-63,076	150,1800
16,9240	-63,079	150,1850
16,9309	-63,081	150,1900
16,9212	-63,083	150,1950
16,9261	-63,085	150,2000
16,9321	-63,087	150,2050
16,9331	-63,089	150,2100
16,9269	-63,091	150,2150
16,9331	-63,093	150,2200
16,9326	-63,095	150,2250
16,9302	-63,097	150,2300
16,9416	-63,100	150,2350
16,9399	-63,102	150,2400
16,9268	-63,104	150,2450
16,9372	-63,106	150,2500
16,9436	-63,108	150,2550
16,9343	-63,110	150,2600
16,9346	-63,112	150,2650
16,9390	-63,114	150,2700
16,9322	-63,116	150,2750
16,9415	-63,118	150,2800
16,9447	-63,121	150,2850
16,9373	-63,123	150,2900
16,9415	-63,125	150,2950
16,9505	-63,127	150,3000
16,9412	-63,129	150,3050
16,9331	-63,131	150,3100
16,9445	-63,133	150,3150
16,9424	-63,135	150,3200
16,9405	-63,137	150,3250
16,9502	-63,139	150,3300
16,9492	-63,142	150,3350
16,9451	-63,144	150,3400
16,9511	-63,146	150,3450
16,9483	-63,148	150,3500
16,9423	-63,150	150,3550
16,9448	-63,152	150,3600
16,9526	-63,154	150,3650
16,9468	-63,156	150,3700
16,9516	-63,158	150,3750
16,9595	-63,160	150,3800
16,9473	-63,163	150,3850
16,9563	-63,165	150,3900
16,9705	-63,167	150,3950
16,9678	-63,169	150,4000
16,9615	-63,171	150,4050
16,9667	-63,173	150,4100
16,9591	-63,175	150,4150
16,9482	-63,177	150,4200
16,9547	-63,179	150,4250
16,9549	-63,181	150,4300
16,9489	-63,184	150,4350
16,9607	-63,186	150,4400
16,9644	-63,188	150,4450
16,9642	-63,190	150,4500
16,9663	-63,192	150,4550
16,9660	-63,194	150,4600
16,9559	-63,196	150,4650
16,9614	-63,198	150,4700
16,9698	-63,200	150,4750
16,9649	-63,202	150,4800
16,9642	-63,205	150,4850
16,9746	-63,207	150,4900
16,9730	-63,209	150,4950
16,9672	-63,211	150,5000
16,9678	-63,213	150,5050
16,9630	-63,215	150,5100
16,9703	-63,217	150,5150
16,9836	-63,219	150,5200
16,9761	-63,221	150,5250
16,9658	-63,223	150,5300
16,9686	-63,226	150,5350
16,9743	-63,228	150,5400
16,9759	-63,230	150,5450
16,9805	-63,232	150,5500
16,9827	-63,234	150,5550
16,9712	-63,236	150,5600
16,9771	-63,238	150,5650
16,9842	-63,240	150,5700
16,9754	-63,242	150,5750
16,9747	-63,244	150,5800
16,9778	-63,247	150,5850
16,9769	-63,249	150,5900
16,9776	-63,251	150,5950
16,9896	-63,253	150,6000
16,9867	-63,255	150,6050
16,9808	-63,257	150,6100
16,9851	-63,259	150,6150
16,9841	-63,261	150,6200
16,9752	-63,263	150,6250
16,9855	-63,265	150,6300
16,9904	-63,268	150,6350
16,9814	-63,270	150,6400
16,9826	-63,272	150,6450
16,9974	-63,274	150,6500
16,9938	-63,276	150,6550
16,9911	-63,278	150,6600
16,9950	-63,280	150,6650
16,9893	-63,282	150,6700
16,9859	-63,284	150,6750
16,9922	-63,286	150,6800
16,9920	-63,289	150,6850
16,9889	-63,291	150,6900
17,0010	-63,293	150,6950
17,0046	-63,295	150,7000
16,9902	-63,297	150,7050
16,9936	-63,299	150,7100
16,9897	-63,301	150,7150
16,9859	-63,303	150,7200
16,9998	-63,305	150,7250
17,0049	-63,307	150,7300
16,9988	-63,310	150,7350
17,0007	-63,312	150,7400
17,0085	-63,314	150,7450
17,0010	-63,316	150,7500
16,9914	-63,318	150,7550
16,9996	-63,320	150,7600
17,0006	-63,322	150,7650
17,0037	-63,324	150,7700
17,0060	-63,326	150,7750
17,0004	-63,328	150,7800
16,9904	-63,331	150,7850
16,9943	-63,333	150,7900
17,0018	-63,335	150,7950
17,0010	-63,337	150,8000
17,0121	-63,339	150,8050
17,0166	-63,341	150,8100
17,0048	-63,343	150,8150
17,0100	-63,345	150,8200
17,0133	-63,347	150,8250
17,0119	-63,349	150,8300
17,0095	-63,352	150,8350
17,0151	-63,354	150,8400
17,0105	-63,356	150,8450
17,0066	-63,358	150,8500
17,0163	-63,360	150,8550
17,0158	-63,362	150,8600
17,0172	-63,364	150,8650
17,0251	-63,366	150,8700
17,0258	-63,368	150,8750
17,0190	-63,370	150,8800
17,0208	-63,373	150,8850
17,0212	-63,375	150,8900
17,0161	-63,377	150,8950
17,0232	-63,379	150,9000
17,0244	-63,381	150,9050
17,0144	-63,383	150,9100
17,0189	-63,385	150,9150
17,0225	-63,387	150,9200
17,0208	-63,389	150,9250
17,0215	-63,391	150,9300
17,0282	-63,394	150,9350
17,0217	-63,396	150,9400
17,0242	-63,398	150,9450
17,0314	-63,400	150,9500
17,0297	-63,402	150,9550
17,0304	-63,404	150,9600
17,0392	-63,406	150,9650
17,0365	-63,408	150,9700
17,0304	-63,410	150,9750
17,0340	-63,412	150,9800
17,0350	-63,415	150,9850
17,0318	-63,417	150,9900
17,0364	-63,419	150,9950
17,0339	-63,421	151,0000
17,0269	-63,423	151,0050
17,0306	-63,425	151,0100
17,0354	-63,427	151,0150
17,0381	-63,429	151,0200
17,0473	-63,431	151,0250
17,0469	-63,433	151,0300
17,0328	-63,436	151,0350
17,0284	-63,438	151,0400
17,0388	-63,440	151,0450
17,0365	-63,442	151,0500
17,0359	-63,444	151,0550
17,0528	-63,446	151,0600
17,0472	-63,448	151,0650
17,0381	-63,450	151,0700
17,0438	-63,452	151,0750
17,0534	-63,454	151,0800
17,0498	-63,457	151,0850
17,0503	-63,459	151,0900
17,0542	-63,461	151,0950
17,0452	-63,463	151,1000
17,0514	-63,465	151,1050
17,0563	-63,467	151,1100
17,0564	-63,469	151,1150
17,0527	-63,471	151,1200
17,0615	-63,473	151,1250
17,0544	-63,475	151,1300
17,0476	-63,478	151,1350
17,0633	-63,480	151,1400
17,0667	-63,482	151,1450
17,0600	-63,484	151,1500
17,0606	-63,486	151,1550
17,0575	-63,488	151,1600
17,0505	-63,490	151,1650
17,0510	-63,492	151,1700
17,0551	-63,494	151,1750
17,0585	-63,496	151,1800
17,0672	-63,499	151,1850
17,0665	-63,501	151,1900
17,0584	-63,503	151,1950
17,0582	-63,505	151,2000
17,0601	-63,507	151,2050
17,0603	-63,509	151,2100
17,0634	-63,511	151,2150
17,0691	-63,513	151,2200
17,0676	-63,515	151,2250
17,0690	-63,517	151,2300
17,0763	-63,520	151,2350
17,0694	-63,522	151,2400
17,0587	-63,524	151,2450
17,0645	-63,526	151,2500
17,0641	-63,528	151,2550
17,0596	-63,530	151,2600
17,0678	-63,532	151,2650
17,0749	-63,534	151,2700
17,0686	-63,536	151,2750
17,0760	-63,538	151,2800
17,0822	-63,541	151,2850
17,0669	-63,543	151,2900
17,0657	-63,545	151,2950
17,0764	-63,547	151,3000
17,0822	-63,549	151,3050
17,0759	-63,551	151,3100
17,0759	-63,553	151,3150
17,0680	-63,555	151,3200
17,0656	-63,557	151,3250
17,0781	-63,559	151,3300
17,0819	-63,562	151,3350
17,0743	-63,564	151,3400
17,0847	-63,566	151,3450
17,0854	-63,568	151,3500
17,0784	-63,570	151,3550
17,0836	-63,572	151,3600
17,0894	-63,574	151,3650
17,0891	-63,576	151,3700
17,0937	-63,578	151,3750
17,0904	-63,580	151,3800
17,0733	-63,583	151,3850
17,0834	-63,585	151,3900
17,0936	-63,587	151,3950
17,0891	-63,589	151,4000
17,0876	-63,591	151,4050
17,0938	-63,593	151,4100
17,0875	-63,595	151,4150
17,0844	-63,597	151,4200
17,0960	-63,599	151,4250
17,0950	-63,601	151,4300
17,0919	-63,604	151,4350
17,0984	-63,606	151,4400
17,0998	-63,608	151,4450
17,0894	-63,610	151,4500
17,0925	-63,612	151,4550
17,0991	-63,614	151,4600
17,0898	-63,616	151,4650
17,0934	-63,618	151,4700
17,1033	-63,620	151,4750
17,1005	-63,622	151,4800
17,1000	-63,625	151,4850
17,1053	-63,627	151,4900
17,1068	-63,629	151,4950
17,1030	-63,631	151,5000
17,1063	-63,633	151,5050
17,1055	-63,635	151,5100
17,1028	-63,637	151,5150
17,1062	-63,639	151,5200
17,1063	-63,641	151,5250
17,1017	-63,643	151,5300
17,1133	-63,646	151,5350
17,1110	-63,648	151,5400
17,1073	-63,650	151,5450
17,1153	-63,652	151,5500
17,1147	-63,654	151,5550
17,1034	-63,656	151,5600
17,1051	-63,658	151,5650
17,1129	-63,660	151,5700
17,1111	-63,662	151,5750
17,1129	-63,664	151,5800
17,1239	-63,667	151,5850
17,1211	-63,669	151,5900
17,1137	-63,671	151,5950
17,1263	-63,673	151,6000
17,1259	-63,675	151,6050
17,1113	-63,677	151,6100
17,1123	-63,679	151,6150
17,1114	-63,681	151,6200
17,1106	-63,683	151,6250
17,1200	-63,685	151,6300
17,1233	-63,688	151,6350
17,1195	-63,690	151,6400
17,1193	-63,692	151,6450
17,1252	-63,694	151,6500
17,1173	-63,696	151,6550
17,1208	-63,698	151,6600
17,1290	-63,700	151,6650
17,1294	-63,702	151,6700
17,1291	-63,704	151,6750
17,1386	-63,706	151,6800
17,1349	-63,709	151,6850
17,1267	-63,711	151,6900
17,1265	-63,713	151,6950
17,1289	-63,715	151,7000
17,1241	-63,717	151,7050
17,1332	-63,719	151,7100
17,1314	-63,721	151,7150
17,1284	-63,723	151,7200
17,1382	-63,725	151,7250
17,1436	-63,727	151,7300
17,1331	-63,730	151,7350
17,1329	-63,732	151,7400
17,1378	-63,734	151,7450
17,1307	-63,736	151,7500
17,1335	-63,738	151,7550
17,1379	-63,740	151,7600
17,1361	-63,742	151,7650
17,1298	-63,744	151,7700
17,1410	-63,746	151,7750
17,1457	-63,748	151,7800
17,1439	-63,751	151,7850
17,1450	-63,753	151,7900
17,1387	-63,755	151,7950
17,1361	-63,757	151,8000
17,1491	-63,759	151,8050
17,1543	-63,761	151,8100
17,1392	-63,763	151,8150
17,1410	-63,765	151,8200
17,1489	-63,767	151,8250
17,1437	-63,769	151,8300
17,1403	-63,772	151,8350
17,1503	-63,774	151,8400
17,1408	-63,776	151,8450
17,1421	-63,778	151,8500
17,1514	-63,780	151,8550
17,1505	-63,782	151,8600
17,1494	-63,784	151,8650
17,1562	-63,786	151,8700
17,1566	-63,788	151,8750
17,1454	-63,790	151,8800
17,1472	-63,793	151,8850
17,1520	-63,795	151,8900
17,1541	-63,797	151,8950
17,1643	-63,799	151,9000
17,1625	-63,801	151,9050
17,1580	-63,803	151,9100
17,1643	-63,805	151,9150
17,1650	-63,807	151,9200
17,1576	-63,809	151,9250
17,1570	-63,811	151,9300
17,1698	-63,814	151,9350
17,1630	-63,816	151,9400
17,1588	-63,818	151,9450
17,1690	-63,820	151,9500
17,1632	-63,822	151,9550
17,1582	-63,824	151,9600
17,1695	-63,826	151,9650
17,1696	-63,828	151,9700
17,1647	-63,830	151,9750
17,1627	-63,832	151,9800
17,1586	-63,835	151,9850
17,1570	-63,837	151,9900
17,1687	-63,839	151,9950
17,1700	-63,841	152,0000
17,1626	-63,843	152,0050
17,1674	-63,845	152,0100
17,1740	-63,847	152,0150
17,1683	-63,849	152,0200
17,1707	-63,851	152,0250
17,1749	-63,853	152,0300
17,1764	-63,856	152,0350
17,1824	-63,858	152,0400
17,1899	-63,860	152,0450
17,1832	-63,862	152,0500
17,1798	-63,864	152,0550
17,1892	-63,866	152,0600
17,1849	-63,868	152,0650
17,1794	-63,870	152,0700
17,1835	-63,872	152,0750
17,1834	-63,874	152,0800
17,1787	-63,877	152,0850
17,1793	-63,879	152,0900
17,1811	-63,881	152,0950
17,1805	-63,883	152,1000
17,1825	-63,885	152,1050
17,1764	-63,887	152,1100
17,1811	-63,889	152,1150
17,1843	-63,891	152,1200
17,1877	-63,893	152,1250
17,1767	-63,895	152,1300
17,1781	-63,898	152,1350
17,1909	-63,900	152,1400
17,1887	-63,902	152,1450
17,1787	-63,904	152,1500
17,1923	-63,906	152,1550
17,2017	-63,908	152,1600
17,1924	-63,910	152,1650
17,1859	-63,912	152,1700
17,1895	-63,914	152,1750
17,1861	-63,916	152,1800
17,1924	-63,919	152,1850
17,1904	-63,921	152,1900
17,1903	-63,923	152,1950
17,1997	-63,925	152,2000
17,2049	-63,927	152,2050
17,1941	-63,929	152,2100
17,1911	-63,931	152,2150
17,2055	-63,933	152,2200
17,2038	-63,935	152,2250
17,1925	-63,937	152,2300
17,2023	-63,940	152,2350
17,2061	-63,942	152,2400
17,1961	-63,944	152,2450
17,2122	-63,946	152,2500
17,2152	-63,948	152,2550
17,2041	-63,950	152,2600
17,2020	-63,952	152,2650
17,2046	-63,954	152,2700
17,1949	-63,956	152,2750
17,2003	-63,958	152,2800
17,2069	-63,961	152,2850
17,2063	-63,963	152,2900
17,2095	-63,965	152,2950
17,2145	-63,967	152,3000
17,2138	-63,969	152,3050
17,2045	-63,971	152,3100
17,2116	-63,973	152,3150
17,2140	-63,975	152,3200
17,2140	-63,977	152,3250
17,2180	-63,979	152,3300
17,2157	-63,982	152,3350
17,2127	-63,984	152,3400
17,2180	-63,986	152,3450
17,2257	-63,988	152,3500
17,2267	-63,990	152,3550
17,2260	-63,992	152,3600
17,2245	-63,994	152,3650
17,2182	-63,996	152,3700
17,2193	-63,998	152,3750
17,2298	-64,000	152,3800
17,2198	-64,003	152,3850
17,2164	-64,005	152,3900
17,2251	-64,007	152,3950
17,2257	-64,009	152,4000
17,2211	-64,011	152,4050
17,2297	-64,013	152,4100
17,2233	-64,015	152,4150
17,2187	-64,017	152,4200
17,2318	-64,019	152,4250
17,2300	-64,021	152,4300
17,2217	-64,024	152,4350
17,2265	-64,026	152,4400
17,2288	-64,028	152,4450
17,2224	-64,030	152,4500
17,2275	-64,032	152,4550
17,2370	-64,034	152,4600
17,2339	-64,036	152,4650
17,2320	-64,038	152,4700
17,2357	-64,040	152,4750
17,2294	-64,042	152,4800
17,2314	-64,045	152,4850
17,2445	-64,047	152,4900
17,2441	-64,049	152,4950
17,2404	-64,051	152,5000
17,2485	-64,053	152,5050
17,2453	-64,055	152,5100
17,2394	-64,057	152,5150
17,2426	-64,059	152,5200
17,2405	-64,061	152,5250
17,2353	-64,063	152,5300
17,2433	-64,066	152,5350
17,2387	-64,068	152,5400
17,2330	-64,070	152,5450
17,2469	-64,072	152,5500
17,2594	-64,074	152,5550
17,2444	-64,076	152,5600
17,2359	-64,078	152,5650
17,2392	-64,080	152,5700
17,2377	-64,082	152,5750
17,2383	-64,084	152,5800
17,2432	-64,087	152,5850
17,2405	-64,089	152,5900
17,2465	-64,091	152,5950
17,2562	-64,093	152,6000
17,2537	-64,095	152,6050
17,2494	-64,097	152,6100
17,2560	-64,099	152,6150
17,2476	-64,101	152,6200
17,2439	-64,103	152,6250
17,2570	-64,105	152,6300
17,2648	-64,108	152,6350
17,2617	-64,110	152,6400
17,2618	-64,112	152,6450
17,2617	-64,114	152,6500
17,2525	-64,116	152,6550
17,2584	-64,118	152,6600
17,2616	-64,120	152,6650
17,2596	-64,122	152,6700
17,2601	-64,124	152,6750
17,2668	-64,126	152,6800
17,2672	-64,129	152,6850
17,2634	-64,131	152,6900
17,2639	-64,133	152,6950
17,2611	-64,135	152,7000
17,2584	-64,137	152,7050
17,2684	-64,139	152,7100
17,2736	-64,141	152,7150
17,2635	-64,143	152,7200
17,2687	-64,145	152,7250
17,2709	-64,147	152,7300
17,2697	-64,150	152,7350
17,2717	-64,152	152,7400
17,2791	-64,154	152,7450
17,2674	-64,156	152,7500
17,2638	-64,158	152,7550
17,2725	-64,160	152,7600
17,2655	-64,162	152,7650
17,2661	-64,164	152,7700
17,2774	-64,166	152,7750
17,2751	-64,168	152,7800
17,2702	-64,171	152,7850
17,2739	-64,173	152,7900
17,2739	-64,175	152,7950
17,2719	-64,177	152,8000
17,2785	-64,179	152,8050
17,2799	-64,181	152,8100
17,2778	-64,183	152,8150
17,2872	-64,185	152,8200
17,2891	-64,187	152,8250
17,2815	-64,189	152,8300
17,2826	-64,192	152,8350
17,2958	-64,194	152,8400
17,2905	-64,196	152,8450
17,2834	-64,198	152,8500
17,2912	-64,200	152,8550
17,2826	-64,202	152,8600
17,2746	-64,204	152,8650
17,2863	-64,206	152,8700
17,2856	-64,208	152,8750
17,2864	-64,210	152,8800
17,2924	-64,213	152,8850
17,2912	-64,215	152,8900
17,2844	-64,217	152,8950
17,2934	-64,219	152,9000
17,2961	-64,221	152,9050
17,2816	-64,223	152,9100
17,2877	-64,225	152,9150
17,2974	-64,227	152,9200
17,2941	-64,229	152,9250
17,2965	-64,231	152,9300
17,3043	-64,234	152,9350
17,2978	-64,236	152,9400
17,2974	-64,238	152,9450
17,3109	-64,240	152,9500
17,3053	-64,242	152,9550
17,2997	-64,244	152,9600
17,3034	-64,246	152,9650
17,3023	-64,248	152,9700
17,2960	-64,250	152,9750
17,2984	-64,252	152,9800
17,3041	-64,255	152,9850
17,3019	-64,257	152,9900
17,3047	-64,259	152,9950
17,3089	-64,261	153,0000
17,3043	-64,263	153,0050
17,3106	-64,265	153,0100
17,3114	-64,267	153,0150
17,3088	-64,269	153,0200
17,3055	-64,271	153,0250
17,3174	-64,273	153,0300
17,3061	-64,276	153,0350
17,3039	-64,278	153,0400
17,3088	-64,280	153,0450
17,3047	-64,282	153,0500
17,3008	-64,284	153,0550
17,3125	-64,286	153,0600
17,3148	-64,288	153,0650
17,3140	-64,290	153,0700
17,3156	-64,292	153,0750
17,3189	-64,294	153,0800
17,3186	-64,297	153,0850
17,3239	-64,299	153,0900
17,3240	-64,301	153,0950
17,3174	-64,303	153,1000
17,3168	-64,305	153,1050
17,3197	-64,307	153,1100
17,3173	-64,309	153,1150
17,3148	-64,311	153,1200
17,3290	-64,313	153,1250
17,3213	-64,315	153,1300
17,3157	-64,318	153,1350
17,3255	-64,320	153,1400
17,3243	-64,322	153,1450
17,3205	-64,324	153,1500
17,3241	-64,326	153,1550
17,3235	-64,328	153,1600
17,3210	-64,330	153,1650
17,3296	-64,332	153,1700
17,3347	-64,334	153,1750
17,3313	-64,336	153,1800
17,3351	-64,339	153,1850
17,3352	-64,341	153,1900
17,3212	-64,343	153,1950
17,3217	-64,345	153,2000
17,3250	-64,347	153,2050
17,3261	-64,349	153,2100
17,3297	-64,351	153,2150
17,3360	-64,353	153,2200
17,3328	-64,355	153,2250
17,3355	-64,357	153,2300
17,3370	-64,360	153,2350
17,3324	-64,362	153,2400
17,3278	-64,364	153,2450
17,3392	-64,366	153,2500
17,3388	-64,368	153,2550
17,3317	-64,370	153,2600
17,3315	-64,372	153,2650
17,3440	-64,374	153,2700
17,3461	-64,376	153,2750
17,3464	-64,378	153,2800
17,3487	-64,381	153,2850
17,3393	-64,383	153,2900
17,3389	-64,385	153,2950
17,3427	-64,387	153,3000
17,3428	-64,389	153,3050
17,3378	-64,391	153,3100
17,3459	-64,393	153,3150
17,3472	-64,395	153,3200
17,3500	-64,397	153,3250
17,3603	-64,399	153,3300
17,3543	-64,402	153,3350
17,3455	-64,404	153,3400
17,3580	-64,406	153,3450
17,3660	-64,408	153,3500
17,3586	-64,410	153,3550
17,3583	-64,412	153,3600
17,3584	-64,414	153,3650
17,3459	-64,416	153,3700
17,3523	-64,418	153,3750
17,3590	-64,420	153,3800
17,3555	-64,423	153,3850
17,3583	-64,425	153,3900
17,3644	-64,427	153,3950
17,3543	-64,429	153,4000
17,3531	-64,431	153,4050
17,3610	-64,433	153,4100
17,3562	-64,435	153,4150
17,3546	-64,437	153,4200
17,3638	-64,439	153,4250
17,3614	-64,441	153,4300
17,3531	-64,444	153,4350
17,3627	-64,446	153,4400
17,3678	-64,448	153,4450
17,3587	-64,450	153,4500
17,3599	-64,452	153,4550
17,3667	-64,454	153,4600
17,3616	-64,456	153,4650
17,3696	-64,458	153,4700
17,3756	-64,460	153,4750
17,3621	-64,462	153,4800
17,3603	-64,465	153,4850
17,3723	-64,467	153,4900
17,3761	-64,469	153,4950
17,3689	-64,471	153,5000
17,3767	-64,473	153,5050
17,3778	-64,475	153,5100
17,3696	-64,477	153,5150
17,3709	-64,479	153,5200
17,3756	-64,481	153,5250
17,3740	-64,483	153,5300
17,3780	-64,486	153,5350
17,3785	-64,488	153,5400
17,3756	-64,490	153,5450
17,3773	-64,492	153,5500
17,3854	-64,494	153,5550
17,3769	-64,496	153,5600
17,3784	-64,498	153,5650
17,3854	-64,500	153,5700
17,3776	-64,502	153,5750
17,3763	-64,504	153,5800
17,3910	-64,507	153,5850
17,3966	-64,509	153,5900
17,3896	-64,511	153,5950
17,3924	-64,513	153,6000
17,3817	-64,515	153,6050
17,3782	-64,517	153,6100
17,3878	-64,519	153,6150
17,3907	-64,521	153,6200
17,3821	-64,523	153,6250
17,3848	-64,525	153,6300
17,3945	-64,528	153,6350
17,3946	-64,530	153,6400
17,3937	-64,532	153,6450
17,3987	-64,534	153,6500
17,3908	-64,536	153,6550
17,3916	-64,538	153,6600
17,3982	-64,540	153,6650
17,3971	-64,542	153,6700
17,3933	-64,544	153,6750
17,3964	-64,546	153,6800
17,3928	-64,549	153,6850
17,3923	-64,551	153,6900
17,4048	-64,553	153,6950
17,4056	-64,555	153,7000
17,3987	-64,557	153,7050
17,4009	-64,559	153,7100
17,4001	-64,561	153,7150
17,3964	-64,563	153,7200
17,4008	-64,565	153,7250
17,4044	-64,567	153,7300
17,4035	-64,570	153,7350
17,4064	-64,572	153,7400
17,4092	-64,574	153,7450
17,4093	-64,576	153,7500
17,4111	-64,578	153,7550
17,4106	-64,580	153,7600
17,4066	-64,582	153,7650
17,4082	-64,584	153,7700
17,4186	-64,586	153,7750
17,4138	-64,588	153,7800
17,4087	-64,591	153,7850
17,4185	-64,593	153,7900
17,4163	-64,595	153,7950
17,4055	-64,597	153,8000
17,4155	-64,599	153,8050
17,4171	-64,601	153,8100
17,4130	-64,603	153,8150
17,4216	-64,605	153,8200
17,4286	-64,607	153,8250
17,4130	-64,609	153,8300
17,4065	-64,612	153,8350
17,4178	-64,614	153,8400
17,4224	-64,616	153,8450
17,4227	-64,618	153,8500
17,4241	-64,620	153,8550
17,4157	-64,622	153,8600
17,4085	-64,624	153,8650
17,4213	-64,626	153,8700
17,4211	-64,628	153,8750
17,4156	-64,630	153,8800
17,4228	-64,633	153,8850
17,4312	-64,635	153,8900
17,4246	-64,637	153,8950
17,4220	-64,639	153,9000
17,4263	-64,641	153,9050
17,4210	-64,643	153,9100
17,4271	-64,645	153,9150
17,4262	-64,647	153,9200
17,4201	-64,649	153,9250
17,4268	-64,651	153,9300
17,4344	-64,654	153,9350
17,4241	-64,656	153,9400
17,4312	-64,658	153,9450
17,4466	-64,660	153,9500
17,4435	-64,662	153,9550
17,4456	-64,664	153,9600
17,4463	-64,666	153,9650
17,4397	-64,668	153,9700
17,4334	-64,670	153,9750
17,4369	-64,672	153,9800
17,4364	-64,675	153,9850
17,4366	-64,677	153,9900
17,4455	-64,679	153,9950
17,4449	-64,681	154,0000
17,4365	-64,683	154,0050
17,4402	-64,685	154,0100
17,4423	-64,687	154,0150
17,4399	-64,689	154,0200
17,4386	-64,691	154,0250
17,4473	-64,693	154,0300
17,4416	-64,696	154,0350
17,4393	-64,698	154,0400
17,4462	-64,700	154,0450
17,4395	-64,702	154,0500
17,4357	-64,704	154,0550
17,4492	-64,706	154,0600
17,4552	-64,708	154,0650
17,4502	-64,710	154,0700
17,4495	-64,712	154,0750
17,4507	-64,714	154,0800
17,4467	-64,717	154,0850
17,4497	-64,719	154,0900
17,4506	-64,721	154,0950
17,4464	-64,723	154,1000
17,4542	-64,725	154,1050
17,4622	-64,727	154,1100
17,4537	-64,729	154,1150
17,4430	-64,731	154,1200
17,4549	-64,733	154,1250
17,4541	-64,735	154,1300
17,4507	-64,738	154,1350
17,4614	-64,740	154,1400
17,4595	-64,742	154,1450
17,4559	-64,744	154,1500
17,4629	-64,746	154,1550
17,4642	-64,748	154,1600
17,4654	-64,750	154,1650
17,4643	-64,752	154,1700
17,4548	-64,754	154,1750
17,4515	-64,756	154,1800
17,4606	-64,759	154,1850
17,4679	-64,761	154,1900
17,4627	-64,763	154,1950
17,4659	-64,765	154,2000
17,4767	-64,767	154,2050
17,4690	-64,769	154,2100
17,4673	-64,771	154,2150
17,4731	-64,773	154,2200
17,4712	-64,775	154,2250
17,4701	-64,777	154,2300
17,4730	-64,780	154,2350
17,4688	-64,782	154,2400
17,4643	-64,784	154,2450
17,4715	-64,786	154,2500
17,4730	-64,788	154,2550
17,4742	-64,790	154,2600
17,4765	-64,792	154,2650
17,4770	-64,794	154,2700
17,4708	-64,796	154,2750
17,4746	-64,798	154,2800
17,4804	-64,801	154,2850
17,4720	-64,803	154,2900
17,4727	-64,805	154,2950
17,4808	-64,807	154,3000
17,4778	-64,809	154,3050
17,4765	-64,811	154,3100
17,4890	-64,813	154,3150
17,4831	-64,815	154,3200
17,4778	-64,817	154,3250
17,4863	-64,819	154,3300
17,4877	-64,822	154,3350
17,4844	-64,824	154,3400
17,4924	-64,826	154,3450
17,4881	-64,828	154,3500
17,4853	-64,830	154,3550
17,4920	-64,832	154,3600
17,4984	-64,834	154,3650
17,4949	-64,836	154,3700
17,4973	-64,838	154,3750
17,4912	-64,840	154,3800
17,4845	-64,843	154,3850
17,4925	-64,845	154,3900
17,4996	-64,847	154,3950
17,4926	-64,849	154,4000
17,4855	-64,851	154,4050
17,4894	-64,853	154,4100
17,4889	-64,855	154,4150
17,4896	-64,857	154,4200
17,4961	-64,859	154,4250
17,4943	-64,861	154,4300
17,4873	-64,864	154,4350
17,4995	-64,866	154,4400
17,5035	-64,868	154,4450
17,5012	-64,870	154,4500
17,4981	-64,872	154,4550
17,5038	-64,874	154,4600
17,5016	-64,876	154,4650
17,5067	-64,878	154,4700
17,5086	-64,880	154,4750
17,4972	-64,882	154,4800
17,4978	-64,885	154,4850
17,5064	-64,887	154,4900
17,5034	-64,889	154,4950
17,4982	-64,891	154,5000
17,5067	-64,893	154,5050
17,5098	-64,895	154,5100
17,5078	-64,897	154,5150
17,5136	-64,899	154,5200
17,5114	-64,901	154,5250
17,5062	-64,903	154,5300
17,5137	-64,906	154,5350
17,5177	-64,908	154,5400
17,5109	-64,910	154,5450
17,5057	-64,912	154,5500
17,5133	-64,914	154,5550
17,5028	-64,916	154,5600
17,5099	-64,918	154,5650
17,5223	-64,920	154,5700
17,5176	-64,922	154,5750
17,5146	-64,924	154,5800
17,5229	-64,927	154,5850
17,5178	-64,929	154,5900
17,5084	-64,931	154,5950
17,5204	-64,933	154,6000
17,5255	-64,935	154,6050
17,5191	-64,937	154,6100
17,5208	-64,939	154,6150
17,5203	-64,941	154,6200
17,5183	-64,943	154,6250
17,5281	-64,945	154,6300
17,5276	-64,948	154,6350
17,5241	-64,950	154,6400
17,5198	-64,952	154,6450
17,5252	-64,954	154,6500
17,5149	-64,956	154,6550
17,5203	-64,958	154,6600
17,5332	-64,960	154,6650
17,5315	-64,962	154,6700
17,5310	-64,964	154,6750
17,5413	-64,966	154,6800
17,5347	-64,969	154,6850
17,5241	-64,971	154,6900
17,5326	-64,973	154,6950
17,5358	-64,975	154,7000
17,5313	-64,977	154,7050
17,5382	-64,979	154,7100
17,5389	-64,981	154,7150
17,5356	-64,983	154,7200
17,5451	-64,985	154,7250
17,5418	-64,987	154,7300
17,5335	-64,990	154,7350
17,5332	-64,992	154,7400
17,5517	-64,994	154,7450
17,5505	-64,996	154,7500
17,5455	-64,998	154,7550
17,5507	-65,000	154,7600
17,5455	-65,002	154,7650
17,5444	-65,004	154,7700
17,5546	-65,006	154,7750
17,5549	-65,008	154,7800
17,5490	-65,011	154,7850
17,5482	-65,013	154,7900
17,5453	-65,015	154,7950
17,5465	-65,017	154,8000
17,5546	-65,019	154,8050
17,5499	-65,021	154,8100
17,5413	-65,023	154,8150
17,5454	-65,025	154,8200
17,5516	-65,027	154,8250
17,5489	-65,029	154,8300
17,5461	-65,032	154,8350
17,5488	-65,034	154,8400
17,5409	-65,036	154,8450
17,5475	-65,038	154,8500
17,5606	-65,040	154,8550
17,5540	-65,042	154,8600
17,5520	-65,044	154,8650
17,5640	-65,046	154,8700
17,5658	-65,048	154,8750
17,5514	-65,050	154,8800
17,5534	-65,053	154,8850
17,5558	-65,055	154,8900
17,5528	-65,057	154,8950
17,5597	-65,059	154,9000
17,5620	-65,061	154,9050
17,5486	-65,063	154,9100
17,5490	-65,065	154,9150
17,5580	-65,067	154,9200
17,5622	-65,069	154,9250
17,5607	-65,071	154,9300
17,5665	-65,074	154,9350
17,5619	-65,076	154,9400
17,5667	-65,078	154,9450
17,5781	-65,080	154,9500
17,5685	-65,082	154,9550
17,5623	-65,084	154,9600
17,5757	-65,086	154,9650
17,5768	-65,088	154,9700
17,5694	-65,090	154,9750
17,5752	-65,092	154,9800
17,5773	-65,095	154,9850
17,5711	-65,097	154,9900
17,5736	-65,099	154,9950
17,5735	-65,101	155,0000
17,5650	-65,103	155,0050
17,5709	-65,105	155,0100
17,5813	-65,107	155,0150
17,5824	-65,109	155,0200
17,5743	-65,111	155,0250
17,5764	-65,113	155,0300
17,5705	-65,116	155,0350
17,5708	-65,118	155,0400
17,5793	-65,120	155,0450
17,5737	-65,122	155,0500
17,5773	-65,124	155,0550
17,5952	-65,126	155,0600
17,5934	-65,128	155,0650
17,5911	-65,130	155,0700
17,5879	-65,132	155,0750
17,5801	-65,134	155,0800
17,5722	-65,137	155,0850
17,5779	-65,139	155,0900
17,5835	-65,141	155,0950
17,5790	-65,143	155,1000
17,5878	-65,145	155,1050
17,5927	-65,147	155,1100
17,5920	-65,149	155,1150
17,5874	-65,151	155,1200
17,5879	-65,153	155,1250
17,5842	-65,155	155,1300
17,5852	-65,158	155,1350
17,5895	-65,160	155,1400
17,5856	-65,162	155,1450
17,5781	-65,164	155,1500
17,5924	-65,166	155,1550
17,5947	-65,168	155,1600
17,5929	-65,170	155,1650
17,5923	-65,172	155,1700
17,5904	-65,174	155,1750
17,5887	-65,176	155,1800
17,6045	-65,179	155,1850
17,6035	-65,181	155,1900
17,5902	-65,183	155,1950
17,5990	-65,185	155,2000
17,6057	-65,187	155,2050
17,6074	-65,189	155,2100
17,6022	-65,191	155,2150
17,6090	-65,193	155,2200
17,6067	-65,195	155,2250
17,6031	-65,197	155,2300
17,6143	-65,200	155,2350
17,6178	-65,202	155,2400
17,6123	-65,204	155,2450
17,6138	-65,206	155,2500
17,6129	-65,208	155,2550
17,6016	-65,210	155,2600
17,6021	-65,212	155,2650
17,6114	-65,214	155,2700
17,6077	-65,216	155,2750
17,6120	-65,218	155,2800
17,6152	-65,221	155,2850
17,6090	-65,223	155,2900
17,6099	-65,225	155,2950
17,6195	-65,227	155,3000
17,6222	-65,229	155,3050
17,6206	-65,231	155,3100
17,6245	-65,233	155,3150
17,6174	-65,235	155,3200
17,6116	-65,237	155,3250
17,6245	-65,239	155,3300
17,6215	-65,242	155,3350
17,6122	-65,244	155,3400
17,6190	-65,246	155,3450
17,6188	-65,248	155,3500
17,6145	-65,250	155,3550
17,6212	-65,252	155,3600
17,6303	-65,254	155,3650
17,6283	-65,256	155,3700
17,6288	-65,258	155,3750
17,6325	-65,260	155,3800
17,6283	-65,263	155,3850
17,6270	-65,265	155,3900
17,6329	-65,267	155,3950
17,6229	-65,269	155,4000
17,6174	-65,271	155,4050
17,6316	-65,273	155,4100
17,6309	-65,275	155,4150
17,6250	-65,277	155,4200
17,6334	-65,279	155,4250
17,6274	-65,281	155,4300
17,6200	-65,284	155,4350
17,6289	-65,286	155,4400
17,6297	-65,288	155,4450
17,6306	-65,290	155,4500
17,6339	-65,292	155,4550
17,6379	-65,294	155,4600
17,6298	-65,296	155,4650
17,6290	-65,298	155,4700
17,6364	-65,300	155,4750
17,6370	-65,302	155,4800
17,6379	-65,305	155,4850
17,6484	-65,307	155,4900
17,6444	-65,309	155,4950
17,6408	-65,311	155,5000
17,6531	-65,313	155,5050
17,6472	-65,315	155,5100
17,6401	-65,317	155,5150
17,6479	-65,319	155,5200
17,6492	-65,321	155,5250
17,6406	-65,323	155,5300
17,6440	-65,326	155,5350
17,6483	-65,328	155,5400
17,6512	-65,330	155,5450
17,6499	-65,332	155,5500
17,6516	-65,334	155,5550
17,6483	-65,336	155,5600
17,6530	-65,338	155,5650
17,6580	-65,340	155,5700
17,6534	-65,342	155,5750
17,6490	-65,344	155,5800
17,6577	-65,347	155,5850
17,6601	-65,349	155,5900
17,6534	-65,351	155,5950
17,6564	-65,353	155,6000
17,6505	-65,355	155,6050
17,6510	-65,357	155,6100
17,6587	-65,359	155,6150
17,6539	-65,361	155,6200
17,6513	-65,363	155,6250
17,6658	-65,365	155,6300
17,6655	-65,368	155,6350
17,6551	-65,370	155,6400
17,6596	-65,372	155,6450
17,6705	-65,374	155,6500
17,6655	-65,376	155,6550
17,6671	-65,378	155,6600
17,6746	-65,380	155,6650
17,6674	-65,382	155,6700
17,6630	-65,384	155,6750
17,6710	-65,386	155,6800
17,6686	-65,389	155,6850
17,6612	-65,391	155,6900
17,6684	-65,393	155,6950
17,6705	-65,395	155,7000
17,6633	-65,397	155,7050
17,6749	-65,399	155,7100
17,6753	-65,401	155,7150
17,6689	-65,403	155,7200
17,6714	-65,405	155,7250
17,6681	-65,407	155,7300
17,6622	-65,410	155,7350
17,6658	-65,412	155,7400
17,6760	-65,414	155,7450
17,6758	-65,416	155,7500
17,6742	-65,418	155,7550
17,6781	-65,420	155,7600
17,6775	-65,422	155,7650
17,6758	-65,424	155,7700
17,6892	-65,426	155,7750
17,6895	-65,428	155,7800
17,6856	-65,431	155,7850
17,6870	-65,433	155,7900
17,6844	-65,435	155,7950
17,6774	-65,437	155,8000
17,6848	-65,439	155,8050
17,6887	-65,441	155,8100
17,6806	-65,443	155,8150
17,6930	-65,445	155,8200
17,6982	-65,447	155,8250
17,6839	-65,449	155,8300
17,6792	-65,452	155,8350
17,6901	-65,454	155,8400
17,6884	-65,456	155,8450
17,6862	-65,458	155,8500
17,6953	-65,460	155,8550
17,6881	-65,462	155,8600
17,6793	-65,464	155,8650
17,6908	-65,466	155,8700
17,6941	-65,468	155,8750
17,6906	-65,470	155,8800
17,6961	-65,473	155,8850
17,6984	-65,475	155,8900
17,6934	-65,477	155,8950
17,6998	-65,479	155,9000
17,6945	-65,481	155,9050
17,6857	-65,483	155,9100
17,6954	-65,485	155,9150
17,7065	-65,487	155,9200
17,6997	-65,489	155,9250
17,7009	-65,491	155,9300
17,7112	-65,494	155,9350
17,7033	-65,496	155,9400
17,6982	-65,498	155,9450
17,7047	-65,500	155,9500
17,7025	-65,502	155,9550
17,6961	-65,504	155,9600
17,7057	-65,506	155,9650
17,7085	-65,508	155,9700
17,7006	-65,510	155,9750
17,7048	-65,512	155,9800
17,7049	-65,515	155,9850
17,6968	-65,517	155,9900
17,7021	-65,519	155,9950
17,7087	-65,521	156,0000
17,7032	-65,523	156,0050
17,7101	-65,525	156,0100
17,7143	-65,527	156,0150
17,7097	-65,529	156,0200
17,7118	-65,531	156,0250
17,7182	-65,533	156,0300
17,7095	-65,536	156,0350
17,7112	-65,538	156,0400
17,7200	-65,540	156,0450
17,7181	-65,542	156,0500
17,7117	-65,544	156,0550
17,7261	-65,546	156,0600
17,7249	-65,548	156,0650
17,7187	-65,550	156,0700
17,7203	-65,552	156,0750
17,7245	-65,554	156,0800
17,7156	-65,557	156,0850
17,7230	-65,559	156,0900
17,7290	-65,561	156,0950
17,7193	-65,563	156,1000
17,7172	-65,565	156,1050
17,7287	-65,567	156,1100
17,7267	-65,569	156,1150
17,7217	-65,571	156,1200
17,7267	-65,573	156,1250
17,7227	-65,575	156,1300
17,7250	-65,578	156,1350
17,7318	-65,580	156,1400
17,7333	-65,582	156,1450
17,7271	-65,584	156,1500
17,7292	-65,586	156,1550
17,7324	-65,588	156,1600
17,7287	-65,590	156,1650
17,7317	-65,592	156,1700
17,7366	-65,594	156,1750
17,7374	-65,596	156,1800
17,7375	-65,599	156,1850
17,7310	-65,601	156,1900
17,7306	-65,603	156,1950
17,7360	-65,605	156,2000
17,7390	-65,607	156,2050
17,7337	-65,609	156,2100
17,7283	-65,611	156,2150
17,7438	-65,613	156,2200
17,7448	-65,615	156,2250
17,7356	-65,617	156,2300
17,7417	-65,620	156,2350
17,7371	-65,622	156,2400
17,7311	-65,624	156,2450
17,7424	-65,626	156,2500
17,7458	-65,628	156,2550
17,7464	-65,630	156,2600
17,7443	-65,632	156,2650
17,7475	-65,634	156,2700
17,7474	-65,636	156,2750
17,7521	-65,638	156,2800
17,7502	-65,641	156,2850
17,7410	-65,643	156,2900
17,7415	-65,645	156,2950
17,7522	-65,647	156,3000
17,7455	-65,649	156,3050
17,7426	-65,651	156,3100
17,7564	-65,653	156,3150
17,7535	-65,655	156,3200
17,7486	-65,657	156,3250
17,7550	-65,659	156,3300
17,7536	-65,662	156,3350
17,7507	-65,664	156,3400
17,7575	-65,666	156,3450
17,7539	-65,668	156,3500
17,7552	-65,670	156,3550
17,7665	-65,672	156,3600
17,7715	-65,674	156,3650
17,7616	-65,676	156,3700
17,7625	-65,678	156,3750
17,7649	-65,680	156,3800
17,7532	-65,683	156,3850
17,7610	-65,685	156,3900
17,7757	-65,687	156,3950
17,7688	-65,689	156,4000
17,7642	-65,691	156,4050
17,7790	-65,693	156,4100
17,7784	-65,695	156,4150
17,7710	-65,697	156,4200
17,7755	-65,699	156,4250
17,7679	-65,701	156,4300
17,7524	-65,704	156,4350
17,7632	-65,706	156,4400
17,7663	-65,708	156,4450
17,7669	-65,710	156,4500
17,7746	-65,712	156,4550
17,7863	-65,714	156,4600
17,7789	-65,716	156,4650
17,7804	-65,718	156,4700
17,7810	-65,720	156,4750
17,7713	-65,722	156,4800
17,7695	-65,725	156,4850
17,7720	-65,727	156,4900
17,7734	-65,729	156,4950
17,7749	-65,731	156,5000
17,7785	-65,733	156,5050
17,7822	-65,735	156,5100
17,7816	-65,737	156,5150
17,7862	-65,739	156,5200
17,7861	-65,741	156,5250
17,7818	-65,743	156,5300
17,7887	-65,746	156,5350
17,7829	-65,748	156,5400
17,7826	-65,750	156,5450
17,7837	-65,752	156,5500
17,7901	-65,754	156,5550
17,7836	-65,756	156,5600
17,7884	-65,758	156,5650
17,8002	-65,760	156,5700
17,7998	-65,762	156,5750
17,7961	-65,764	156,5800
17,7999	-65,767	156,5850
17,7883	-65,769	156,5900
17,7806	-65,771	156,5950
17,7875	-65,773	156,6000
17,7891	-65,775	156,6050
17,7889	-65,777	156,6100
17,7976	-65,779	156,6150
17,7941	-65,781	156,6200
17,7826	-65,783	156,6250
17,7939	-65,785	156,6300
17,8012	-65,788	156,6350
17,8054	-65,790	156,6400
17,8019	-65,792	156,6450
17,8030	-65,794	156,6500
17,7948	-65,796	156,6550
17,7994	-65,798	156,6600
17,8034	-65,800	156,6650
17,7974	-65,802	156,6700
17,8002	-65,804	156,6750
17,8096	-65,806	156,6800
17,8046	-65,809	156,6850
17,8012	-65,811	156,6900
17,8157	-65,813	156,6950
17,8178	-65,815	156,7000
17,8137	-65,817	156,7050
17,8157	-65,819	156,7100
17,8132	-65,821	156,7150
17,8025	-65,823	156,7200
17,8103	-65,825	156,7250
17,8156	-65,827	156,7300
17,8135	-65,830	156,7350
17,8166	-65,832	156,7400
17,8197	-65,834	156,7450
17,8073	-65,836	156,7500
17,8053	-65,838	156,7550
17,8104	-65,840	156,7600
17,8109	-65,842	156,7650
17,8108	-65,844	156,7700
17,8211	-65,846	156,7750
17,8160	-65,848	156,7800
17,8121	-65,851	156,7850
17,8185	-65,853	156,7900
17,8170	-65,855	156,7950
17,8172	-65,857	156,8000
17,8269	-65,859	156,8050
17,8258	-65,861	156,8100
17,8173	-65,863	156,8150
17,8175	-65,865	156,8200
17,8240	-65,867	156,8250
17,8179	-65,869	156,8300
17,8140	-65,872	156,8350
17,8282	-65,874	156,8400
17,8282	-65,876	156,8450
17,8285	-65,878	156,8500
17,8314	-65,880	156,8550
17,8305	-65,882	156,8600
17,8347	-65,884	156,8650
17,8396	-65,886	156,8700
17,8310	-65,888	156,8750
17,8292	-65,890	156,8800
17,8443	-65,893	156,8850
17,8416	-65,895	156,8900
17,8299	-65,897	156,8950
17,8388	-65,899	156,9000
17,8388	-65,901	156,9050
17,8257	-65,903	156,9100
17,8267	-65,905	156,9150
17,8286	-65,907	156,9200
17,8324	-65,909	156,9250
17,8289	-65,911	156,9300
17,8379	-65,914	156,9350
17,8294	-65,916	156,9400
17,8317	-65,918	156,9450
17,8443	-65,920	156,9500
17,8426	-65,922	156,9550
17,8392	-65,924	156,9600
17,8453	-65,926	156,9650
17,8392	-65,928	156,9700
17,8394	-65,930	156,9750
17,8483	-65,932	156,9800
17,8476	-65,935	156,9850
17,8382	-65,937	156,9900
17,8486	-65,939	156,9950
17,8572	-65,941	157,0000
17,8503	-65,943	157,0050
17,8559	-65,945	157,0100
17,8601	-65,947	157,0150
17,8581	-65,949	157,0200
17,8513	-65,951	157,0250
17,8557	-65,953	157,0300
17,8504	-65,956	157,0350
17,8504	-65,958	157,0400
17,8605	-65,960	157,0450
17,8626	-65,962	157,0500
17,8559	-65,964	157,0550
17,8644	-65,966	157,0600
17,8583	-65,968	157,0650
17,8496	-65,970	157,0700
17,8580	-65,972	157,0750
17,8635	-65,974	157,0800
17,8574	-65,977	157,0850
17,8657	-65,979	157,0900
17,8678	-65,981	157,0950
17,8606	-65,983	157,1000
17,8584	-65,985	157,1050
17,8637	-65,987	157,1100
17,8651	-65,989	157,1150
17,8620	-65,991	157,1200
17,8688	-65,993	157,1250
17,8662	-65,995	157,1300
17,8626	-65,998	157,1350
17,8717	-66,000	157,1400
17,8713	-66,002	157,1450
17,8671	-66,004	157,1500
17,8773	-66,006	157,1550
17,8752	-66,008	157,1600
17,8667	-66,010	157,1650
17,8755	-66,012	157,1700
17,8862	-66,014	157,1750
17,8726	-66,016	157,1800
17,8772	-66,019	157,1850
17,8839	-66,021	157,1900
17,8772	-66,023	157,1950
17,8719	-66,025	157,2000
17,8757	-66,027	157,2050
17,8760	-66,029	157,2100
17,8800	-66,031	157,2150
17,8854	-66,033	157,2200
17,8713	-66,035	157,2250
17,8624	-66,037	157,2300
17,8719	-66,040	157,2350
17,8808	-66,042	157,2400
17,8822	-66,044	157,2450
17,8870	-66,046	157,2500
17,8792	-66,048	157,2550
17,8768	-66,050	157,2600
17,8804	-66,052	157,2650
17,8838	-66,054	157,2700
17,8781	-66,056	157,2750
17,8869	-66,058	157,2800
17,8930	-66,061	157,2850
17,8866	-66,063	157,2900
17,8890	-66,065	157,2950
17,8916	-66,067	157,3000
17,8850	-66,069	157,3050
17,8819	-66,071	157,3100
17,8945	-66,073	157,3150
17,8961	-66,075	157,3200
17,8900	-66,077	157,3250
17,8890	-66,079	157,3300
17,8818	-66,082	157,3350
17,8824	-66,084	157,3400
17,8959	-66,086	157,3450
17,8946	-66,088	157,3500
17,8916	-66,090	157,3550
17,8983	-66,092	157,3600
17,9092	-66,094	157,3650
17,9014	-66,096	157,3700
17,9004	-66,098	157,3750
17,9013	-66,100	157,3800
17,8940	-66,103	157,3850
17,8909	-66,105	157,3900
17,9033	-66,107	157,3950
17,9098	-66,109	157,4000
17,9039	-66,111	157,4050
17,9085	-66,113	157,4100
17,9080	-66,115	157,4150
17,9016	-66,117	157,4200
17,9089	-66,119	157,4250
17,9086	-66,121	157,4300
17,8986	-66,124	157,4350
17,8996	-66,126	157,4400
17,9038	-66,128	157,4450
17,9027	-66,130	157,4500
17,9094	-66,132	157,4550
17,9191	-66,134	157,4600
17,9146	-66,136	157,4650
17,9115	-66,138	157,4700
17,9146	-66,140	157,4750
17,9120	-66,142	157,4800
17,9159	-66,145	157,4850
17,9218	-66,147	157,4900
17,9231	-66,149	157,4950
17,9152	-66,151	157,5000
17,9256	-66,153	157,5050
17,9223	-66,155	157,5100
17,9173	-66,157	157,5150
17,9186	-66,159	157,5200
17,9174	-66,161	157,5250
17,9145	-66,163	157,5300
17,9276	-66,166	157,5350
17,9303	-66,168	157,5400
17,9251	-66,170	157,5450
17,9310	-66,172	157,5500
17,9415	-66,174	157,5550
17,9282	-66,176	157,5600
17,9255	-66,178	157,5650
17,9328	-66,180	157,5700
17,9236	-66,182	157,5750
17,9212	-66,184	157,5800
17,9358	-66,187	157,5850
17,9350	-66,189	157,5900
17,9299	-66,191	157,5950
17,9333	-66,193	157,6000
17,9266	-66,195	157,6050
17,9217	-66,197	157,6100
17,9314	-66,199	157,6150
17,9326	-66,201	157,6200
17,9265	-66,203	157,6250
17,9363	-66,205	157,6300
17,9396	-66,208	157,6350
17,9254	-66,210	157,6400
17,9284	-66,212	157,6450
17,9369	-66,214	157,6500
17,9344	-66,216	157,6550
17,9410	-66,218	157,6600
17,9452	-66,220	157,6650
17,9394	-66,222	157,6700
17,9389	-66,224	157,6750
17,9469	-66,226	157,6800
17,9479	-66,229	157,6850
17,9361	-66,231	157,6900
17,9381	-66,233	157,6950
17,9401	-66,235	157,7000
17,9336	-66,237	157,7050
17,9437	-66,239	157,7100
17,9459	-66,241	157,7150
17,9393	-66,243	157,7200
17,9442	-66,245	157,7250
17,9512	-66,247	157,7300
17,9463	-66,250	157,7350
17,9442	-66,252	157,7400
17,9542	-66,254	157,7450
17,9516	-66,256	157,7500
17,9540	-66,258	157,7550
17,9596	-66,260	157,7600
17,9459	-66,262	157,7650
17,9439	-66,264	157,7700
17,9568	-66,266	157,7750
17,9498	-66,268	157,7800
17,9446	-66,271	157,7850
17,9573	-66,273	157,7900
17,9563	-66,275	157,7950
17,9519	-66,277	157,8000
17,9655	-66,279	157,8050
17,9628	-66,281	157,8100
17,9597	-66,283	157,8150
17,9629	-66,285	157,8200
17,9654	-66,287	157,8250
17,9580	-66,289	157,8300
17,9571	-66,292	157,8350
17,9649	-66,294	157,8400
17,9634	-66,296	157,8450
17,9674	-66,298	157,8500
17,9756	-66,300	157,8550
17,9688	-66,302	157,8600
17,9609	-66,304	157,8650
17,9673	-66,306	157,8700
17,9673	-66,308	157,8750
17,9688	-66,310	157,8800
17,9784	-66,313	157,8850
17,9718	-66,315	157,8900
17,9604	-66,317	157,8950
17,9675	-66,319	157,9000
17,9755	-66,321	157,9050
17,9734	-66,323	157,9100
17,9719	-66,325	157,9150
17,9711	-66,327	157,9200
17,9709	-66,329	157,9250
17,9685	-66,331	157,9300
17,9756	-66,334	157,9350
17,9741	-66,336	157,9400
17,9726	-66,338	157,9450
17,9782	-66,340	157,9500
17,9775	-66,342	157,9550
17,9741	-66,344	157,9600
17,9847	-66,346	157,9650
17,9840	-66,348	157,9700
17,9821	-66,350	157,9750
17,9820	-66,352	157,9800
17,9802	-66,355	157,9850
17,9817	-66,357	157,9900
17,9889	-66,359	157,9950
17,9905	-66,361	158,0000
17,9797	-66,363	158,0050
17,9832	-66,365	158,0100
17,9859	-66,367	158,0150
17,9798	-66,369	158,0200
17,9777	-66,371	158,0250
17,9876	-66,373	158,0300
17,9856	-66,376	158,0350
17,9836	-66,378	158,0400
17,9945	-66,380	158,0450
17,9987	-66,382	158,0500
17,9892	-66,384	158,0550
17,9918	-66,386	158,0600
17,9930	-66,388	158,0650
17,9934	-66,390	158,0700
17,9928	-66,392	158,0750
17,9939	-66,394	158,0800
17,9896	-66,397	158,0850
17,9963	-66,399	158,0900
18,0001	-66,401	158,0950
17,9921	-66,403	158,1000
17,9971	-66,405	158,1050
17,9971	-66,407	158,1100
17,9903	-66,409	158,1150
17,9910	-66,411	158,1200
18,0069	-66,413	158,1250
18,0059	-66,415	158,1300
18,0118	-66,418	158,1350
18,0112	-66,420	158,1400
17,9958	-66,422	158,1450
17,9901	-66,424	158,1500
18,0061	-66,426	158,1550
18,0103	-66,428	158,1600
18,0105	-66,430	158,1650
18,0133	-66,432	158,1700
18,0134	-66,434	158,1750
18,0025	-66,436	158,1800
18,0037	-66,439	158,1850
18,0080	-66,441	158,1900
18,0103	-66,443	158,1950
18,0127	-66,445	158,2000
18,0266	-66,447	158,2050
18,0209	-66,449	158,2100
18,0120	-66,451	158,2150
18,0172	-66,453	158,2200
18,0185	-66,455	158,2250
18,0165	-66,457	158,2300
18,0256	-66,460	158,2350
18,0271	-66,462	158,2400
18,0140	-66,464	158,2450
18,0239	-66,466	158,2500
18,0233	-66,468	158,2550
18,0155	-66,470	158,2600
18,0158	-66,472	158,2650
18,0247	-66,474	158,2700
18,0199	-66,476	158,2750
18,0252	-66,478	158,2800
18,0253	-66,481	158,2850
18,0219	-66,483	158,2900
18,0258	-66,485	158,2950
18,0322	-66,487	158,3000
18,0325	-66,489	158,3050
18,0310	-66,491	158,3100
18,0377	-66,493	158,3150
18,0217	-66,495	158,3200
18,0291	-66,497	158,3250
18,0469	-66,499	158,3300
18,0398	-66,502	158,3350
18,0284	-66,504	158,3400
18,0345	-66,506	158,3450
18,0303	-66,508	158,3500
18,0326	-66,510	158,3550
18,0321	-66,512	158,3600
18,0384	-66,514	158,3650
18,0381	-66,516	158,3700
18,0403	-66,518	158,3750
18,0454	-66,520	158,3800
18,0364	-66,523	158,3850
18,0362	-66,525	158,3900
18,0435	-66,527	158,3950
18,0292	-66,529	158,4000
18,0256	-66,531	158,4050
18,0431	-66,533	158,4100
18,0391	-66,535	158,4150
18,0379	-66,537	158,4200
18,0484	-66,539	158,4250
18,0389	-66,541	158,4300
18,0364	-66,544	158,4350
18,0456	-66,546	158,4400
18,0498	-66,548	158,4450
18,0438	-66,550	158,4500
18,0381	-66,552	158,4550
18,0451	-66,554	158,4600
18,0408	-66,556	158,4650
18,0445	-66,558	158,4700
18,0550	-66,560	158,4750
18,0476	-66,562	158,4800
18,0415	-66,565	158,4850
18,0455	-66,567	158,4900
18,0483	-66,569	158,4950
18,0469	-66,571	158,5000
18,0574	-66,573	158,5050
18,0633	-66,575	158,5100
18,0588	-66,577	158,5150
18,0643	-66,579	158,5200
18,0619	-66,581	158,5250
18,0504	-66,583	158,5300
18,0544	-66,586	158,5350
18,0610	-66,588	158,5400
18,0641	-66,590	158,5450
18,0670	-66,592	158,5500
18,0687	-66,594	158,5550
18,0557	-66,596	158,5600
18,0576	-66,598	158,5650
18,0642	-66,600	158,5700
18,0609	-66,602	158,5750
18,0654	-66,604	158,5800
18,0695	-66,607	158,5850
18,0574	-66,609	158,5900
18,0511	-66,611	158,5950
18,0662	-66,613	158,6000
18,0677	-66,615	158,6050
18,0680	-66,617	158,6100
18,0741	-66,619	158,6150
18,0662	-66,621	158,6200
18,0623	-66,623	158,6250
18,0712	-66,625	158,6300
18,0766	-66,628	158,6350
18,0734	-66,630	158,6400
18,0689	-66,632	158,6450
18,0779	-66,634	158,6500
18,0718	-66,636	158,6550
18,0711	-66,638	158,6600
18,0803	-66,640	158,6650
18,0788	-66,642	158,6700
18,0793	-66,644	158,6750
18,0886	-66,646	158,6800
18,0841	-66,649	158,6850
18,0756	-66,651	158,6900
18,0887	-66,653	158,6950
18,0914	-66,655	158,7000
18,0813	-66,657	158,7050
18,0875	-66,659	158,7100
18,0914	-66,661	158,7150
18,0808	-66,663	158,7200
18,0810	-66,665	158,7250
18,0881	-66,667	158,7300
18,0860	-66,670	158,7350
18,0834	-66,672	158,7400
18,0928	-66,674	158,7450
18,0870	-66,676	158,7500
18,0837	-66,678	158,7550
18,0869	-66,680	158,7600
18,0869	-66,682	158,7650
18,0887	-66,684	158,7700
18,0952	-66,686	158,7750
18,0917	-66,688	158,7800
18,0904	-66,691	158,7850
18,1038	-66,693	158,7900
18,1033	-66,695	158,7950
18,0980	-66,697	158,8000
18,1021	-66,699	158,8050
18,1021	-66,701	158,8100
18,0919	-66,703	158,8150
18,0970	-66,705	158,8200
18,0969	-66,707	158,8250
18,0978	-66,709	158,8300
18,0999	-66,712	158,8350
18,1077	-66,714	158,8400
18,1010	-66,716	158,8450
18,1038	-66,718	158,8500
18,1106	-66,720	158,8550
18,1061	-66,722	158,8600
18,1036	-66,724	158,8650
18,1143	-66,726	158,8700
18,1083	-66,728	158,8750
18,0976	-66,730	158,8800
18,1033	-66,733	158,8850
18,1048	-66,735	158,8900
18,1000	-66,737	158,8950
18,1064	-66,739	158,9000
18,1078	-66,741	158,9050
18,0991	-66,743	158,9100
18,1079	-66,745	158,9150
18,1175	-66,747	158,9200
18,1184	-66,749	158,9250
18,1135	-66,751	158,9300
18,1171	-66,754	158,9350
18,1109	-66,756	158,9400
18,1061	-66,758	158,9450
18,1152	-66,760	158,9500
18,1127	-66,762	158,9550
18,1139	-66,764	158,9600
18,1199	-66,766	158,9650
18,1133	-66,768	158,9700
18,1064	-66,770	158,9750
18,1160	-66,772	158,9800
18,1269	-66,775	158,9850
18,1278	-66,777	158,9900
18,1355	-66,779	158,9950
18,1339	-66,781	159,0000
18,1178	-66,783	159,0050
18,1184	-66,785	159,0100
18,1281	-66,787	159,0150
18,1316	-66,789	159,0200
18,1286	-66,791	159,0250
18,1348	-66,793	159,0300
18,1269	-66,796	159,0350
18,1210	-66,798	159,0400
18,1228	-66,800	159,0450
18,1218	-66,802	159,0500
18,1275	-66,804	159,0550
18,1339	-66,806	159,0600
18,1335	-66,808	159,0650
18,1333	-66,810	159,0700
18,1357	-66,812	159,0750
18,1380	-66,814	159,0800
18,1359	-66,817	159,0850
18,1352	-66,819	159,0900
18,1397	-66,821	159,0950
18,1394	-66,823	159,1000
18,1449	-66,825	159,1050
18,1501	-66,827	159,1100
18,1463	-66,829	159,1150
18,1408	-66,831	159,1200
18,1439	-66,833	159,1250
18,1340	-66,835	159,1300
18,1356	-66,838	159,1350
18,1441	-66,840	159,1400
18,1442	-66,842	159,1450
18,1365	-66,844	159,1500
18,1457	-66,846	159,1550
18,1456	-66,848	159,1600
18,1411	-66,850	159,1650
18,1455	-66,852	159,1700
18,1482	-66,854	159,1750
18,1451	-66,856	159,1800
18,1516	-66,859	159,1850
18,1501	-66,861	159,1900
18,1351	-66,863	159,1950
18,1410	-66,865	159,2000
18,1505	-66,867	159,2050
18,1452	-66,869	159,2100
18,1455	-66,871	159,2150
18,1559	-66,873	159,2200
18,1520	-66,875	159,2250
18,1499	-66,877	159,2300
18,1547	-66,880	159,2350
18,1504	-66,882	159,2400
18,1498	-66,884	159,2450
18,1618	-66,886	159,2500
18,1653	-66,888	159,2550
18,1592	-66,890	159,2600
18,1613	-66,892	159,2650
18,1703	-66,894	159,2700
18,1617	-66,896	159,2750
18,1623	-66,898	159,2800
18,1641	-66,901	159,2850
18,1574	-66,903	159,2900
18,1549	-66,905	159,2950
18,1633	-66,907	159,3000
18,1649	-66,909	159,3050
18,1641	-66,911	159,3100
18,1669	-66,913	159,3150
18,1634	-66,915	159,3200
18,1679	-66,917	159,3250
18,1700	-66,919	159,3300
18,1650	-66,922	159,3350
18,1704	-66,924	159,3400
18,1840	-66,926	159,3450
18,1738	-66,928	159,3500
18,1688	-66,930	159,3550
18,1721	-66,932	159,3600
18,1801	-66,934	159,3650
18,1705	-66,936	159,3700
18,1736	-66,938	159,3750
18,1775	-66,940	159,3800
18,1721	-66,943	159,3850
18,1697	-66,945	159,3900
18,1705	-66,947	159,3950
18,1743	-66,949	159,4000
18,1714	-66,951	159,4050
18,1770	-66,953	159,4100
18,1734	-66,955	159,4150
18,1733	-66,957	159,4200
18,1837	-66,959	159,4250
18,1816	-66,961	159,4300
18,1770	-66,964	159,4350
18,1920	-66,966	159,4400
18,1986	-66,968	159,4450
18,1878	-66,970	159,4500
18,1859	-66,972	159,4550
18,1891	-66,974	159,4600
18,1834	-66,976	159,4650
18,1924	-66,978	159,4700
18,1984	-66,980	159,4750
18,1897	-66,982	159,4800
18,1889	-66,985	159,4850
18,1973	-66,987	159,4900
18,1980	-66,989	159,4950
18,1928	-66,991	159,5000
18,2008	-66,993	159,5050
18,2040	-66,995	159,5100
18,1976	-66,997	159,5150
18,2029	-66,999	159,5200
18,2027	-67,001	159,5250
18,1960	-67,003	159,5300
18,2041	-67,006	159,5350
18,2062	-67,008	159,5400
18,1975	-67,010	159,5450
18,2044	-67,012	159,5500
18,2114	-67,014	159,5550
18,1945	-67,016	159,5600
18,1956	-67,018	159,5650
18,2055	-67,020	159,5700
18,1987	-67,022	159,5750
18,1948	-67,024	159,5800
18,2027	-67,027	159,5850
18,2055	-67,029	159,5900
18,2110	-67,031	159,5950
18,2145	-67,033	159,6000
18,2136	-67,035	159,6050
18,2126	-67,037	159,6100
18,2140	-67,039	159,6150
18,2122	-67,041	159,6200
18,2029	-67,043	159,6250
18,2138	-67,045	159,6300
18,2177	-67,048	159,6350
18,2122	-67,050	159,6400
18,2135	-67,052	159,6450
18,2148	-67,054	159,6500
18,2123	-67,056	159,6550
18,2183	-67,058	159,6600
18,2152	-67,060	159,6650
18,2084	-67,062	159,6700
18,2126	-67,064	159,6750
18,2211	-67,066	159,6800
18,2201	-67,069	159,6850
18,2154	-67,071	159,6900
18,2255	-67,073	159,6950
18,2189	-67,075	159,7000
18,2172	-67,077	159,7050
18,2221	-67,079	159,7100
18,2199	-67,081	159,7150
18,2151	-67,083	159,7200
18,2211	-67,085	159,7250
18,2238	-67,087	159,7300
18,2252	-67,090	159,7350
18,2258	-67,092	159,7400
18,2376	-67,094	159,7450
18,2315	-67,096	159,7500
18,2328	-67,098	159,7550
18,2429	-67,100	159,7600
18,2355	-67,102	159,7650
18,2206	-67,104	159,7700
18,2231	-67,106	159,7750
18,2241	-67,108	159,7800
18,2321	-67,111	159,7850
18,2431	-67,113	159,7900
18,2363	-67,115	159,7950
18,2276	-67,117	159,8000
18,2265	-67,119	159,8050
18,2236	-67,121	159,8100
18,2212	-67,123	159,8150
18,2346	-67,125	159,8200
18,2374	-67,127	159,8250
18,2372	-67,129	159,8300
18,2406	-67,132	159,8350
18,2505	-67,134	159,8400
18,2387	-67,136	159,8450
18,2359	-67,138	159,8500
18,2441	-67,140	159,8550
18,2402	-67,142	159,8600
18,2476	-67,144	159,8650
18,2643	-67,146	159,8700
18,2581	-67,148	159,8750
18,2505	-67,150	159,8800
18,2550	-67,153	159,8850
18,2539	-67,155	159,8900
18,2448	-67,157	159,8950
18,2502	-67,159	159,9000
18,2520	-67,161	159,9050
18,2457	-67,163	159,9100
18,2497	-67,165	159,9150
18,2566	-67,167	159,9200
18,2498	-67,169	159,9250
18,2439	-67,171	159,9300
18,2564	-67,174	159,9350
18,2512	-67,176	159,9400
18,2533	-67,178	159,9450
18,2640	-67,180	159,9500
18,2588	-67,182	159,9550
18,2523	-67,184	159,9600
18,2575	-67,186	159,9650
18,2588	-67,188	159,9700
18,2538	-67,190	159,9750
18,2584	-67,192	159,9800
18,2576	-67,195	159,9850
18,2554	-67,197	159,9900
18,2675	-67,199	159,9950
18,2701	-67,201	160,0000
18,2590	-67,203	160,0050
18,2604	-67,205	160,0100
18,2653	-67,207	160,0150
18,2605	-67,209	160,0200
18,2563	-67,211	160,0250
18,2729	-67,213	160,0300
18,2739	-67,216	160,0350
18,2777	-67,218	160,0400
18,2763	-67,220	160,0450
18,2688	-67,222	160,0500
18,2604	-67,224	160,0550
18,2725	-67,226	160,0600
18,2751	-67,228	160,0650
18,2756	-67,230	160,0700
18,2834	-67,232	160,0750
18,2821	-67,234	160,0800
18,2757	-67,237	160,0850
18,2800	-67,239	160,0900
18,2750	-67,241	160,0950
18,2702	-67,243	160,1000
18,2720	-67,245	160,1050
18,2782	-67,247	160,1100
18,2769	-67,249	160,1150
18,2751	-67,251	160,1200
18,2831	-67,253	160,1250
18,2809	-67,255	160,1300
18,2745	-67,258	160,1350
18,2744	-67,260	160,1400
18,2718	-67,262	160,1450
18,2710	-67,264	160,1500
18,2884	-67,266	160,1550
18,2874	-67,268	160,1600
18,2786	-67,270	160,1650
18,2853	-67,272	160,1700
18,2927	-67,274	160,1750
18,2837	-67,276	160,1800
18,2870	-67,279	160,1850
18,2864	-67,281	160,1900
18,2843	-67,283	160,1950
18,2869	-67,285	160,2000
18,2935	-67,287	160,2050
18,2876	-67,289	160,2100
18,2859	-67,291	160,2150
18,2935	-67,293	160,2200
18,2854	-67,295	160,2250
18,2878	-67,297	160,2300
18,3000	-67,300	160,2350
18,2975	-67,302	160,2400
18,2910	-67,304	160,2450
18,2894	-67,306	160,2500
18,2943	-67,308	160,2550
18,2948	-67,310	160,2600
18,2955	-67,312	160,2650
18,3030	-67,314	160,2700
18,3006	-67,316	160,2750
18,3005	-67,318	160,2800
18,3035	-67,321	160,2850
18,3019	-67,323	160,2900
18,3048	-67,325	160,2950
18,3073	-67,327	160,3000
18,3046	-67,329	160,3050
18,3091	-67,331	160,3100
18,3182	-67,333	160,3150
18,3105	-67,335	160,3200
18,3044	-67,337	160,3250
18,3093	-67,339	160,3300
18,3081	-67,342	160,3350
18,2976	-67,344	160,3400
18,3053	-67,346	160,3450
18,3055	-67,348	160,3500
18,3081	-67,350	160,3550
18,3210	-67,352	160,3600
18,3192	-67,354	160,3650
18,3082	-67,356	160,3700
18,3101	-67,358	160,3750
18,3114	-67,360	160,3800
18,3029	-67,363	160,3850
18,3067	-67,365	160,3900
18,3212	-67,367	160,3950
18,3208	-67,369	160,4000
18,3171	-67,371	160,4050
18,3280	-67,373	160,4100
18,3236	-67,375	160,4150
18,3158	-67,377	160,4200
18,3277	-67,379	160,4250
18,3310	-67,381	160,4300
18,3161	-67,384	160,4350
18,3170	-67,386	160,4400
18,3193	-67,388	160,4450
18,3206	-67,390	160,4500
18,3264	-67,392	160,4550
18,3319	-67,394	160,4600
18,3251	-67,396	160,4650
18,3288	-67,398	160,4700
18,3267	-67,400	160,4750
18,3221	-67,402	160,4800
18,3341	-67,405	160,4850
18,3392	-67,407	160,4900
18,3227	-67,409	160,4950
18,3169	-67,411	160,5000
18,3322	-67,413	160,5050
18,3349	-67,415	160,5100
18,3291	-67,417	160,5150
18,3371	-67,419	160,5200
18,3431	-67,421	160,5250
18,3318	-67,423	160,5300
18,3313	-67,426	160,5350
18,3373	-67,428	160,5400
18,3442	-67,430	160,5450
18,3516	-67,432	160,5500
18,3534	-67,434	160,5550
18,3413	-67,436	160,5600
18,3417	-67,438	160,5650
18,3498	-67,440	160,5700
18,3453	-67,442	160,5750
18,3402	-67,444	160,5800
18,3452	-67,447	160,5850
18,3380	-67,449	160,5900
18,3413	-67,451	160,5950
18,3538	-67,453	160,6000
18,3459	-67,455	160,6050
18,3379	-67,457	160,6100
18,3422	-67,459	160,6150
18,3412	-67,461	160,6200
18,3352	-67,463	160,6250
18,3501	-67,465	160,6300
18,3549	-67,468	160,6350
18,3495	-67,470	160,6400
18,3488	-67,472	160,6450
18,3555	-67,474	160,6500
18,3486	-67,476	160,6550
18,3526	-67,478	160,6600
18,3608	-67,480	160,6650
18,3575	-67,482	160,6700
18,3593	-67,484	160,6750
18,3732	-67,486	160,6800
18,3629	-67,489	160,6850
18,3543	-67,491	160,6900
18,3622	-67,493	160,6950
18,3566	-67,495	160,7000
18,3518	-67,497	160,7050
18,3630	-67,499	160,7100
18,3670	-67,501	160,7150
18,3623	-67,503	160,7200
18,3659	-67,505	160,7250
18,3737	-67,507	160,7300
18,3726	-67,510	160,7350
18,3666	-67,512	160,7400
18,3669	-67,514	160,7450
18,3556	-67,516	160,7500
18,3600	-67,518	160,7550
18,3741	-67,520	160,7600
18,3648	-67,522	160,7650
18,3604	-67,524	160,7700
18,3763	-67,526	160,7750
18,3708	-67,528	160,7800
18,3688	-67,531	160,7850
18,3724	-67,533	160,7900
18,3701	-67,535	160,7950
18,3656	-67,537	160,8000
18,3706	-67,539	160,8050
18,3689	-67,541	160,8100
18,3630	-67,543	160,8150
18,3759	-67,545	160,8200
18,3836	-67,547	160,8250
18,3843	-67,549	160,8300
18,3798	-67,552	160,8350
18,3813	-67,554	160,8400
18,3778	-67,556	160,8450
18,3783	-67,558	160,8500
18,3797	-67,560	160,8550
18,3753	-67,562	160,8600
18,3799	-67,564	160,8650
18,3930	-67,566	160,8700
18,3887	-67,568	160,8750
18,3719	-67,570	160,8800
18,3785	-67,573	160,8850
18,3878	-67,575	160,8900
18,3808	-67,577	160,8950
18,3870	-67,579	160,9000
18,3864	-67,581	160,9050
18,3761	-67,583	160,9100
18,3823	-67,585	160,9150
18,3883	-67,587	160,9200
18,3871	-67,589	160,9250
18,3900	-67,591	160,9300
18,3944	-67,594	160,9350
18,3874	-67,596	160,9400
18,3946	-67,598	160,9450
18,4050	-67,600	160,9500
18,4041	-67,602	160,9550
18,3954	-67,604	160,9600
18,4003	-67,606	160,9650
18,3962	-67,608	160,9700
18,3924	-67,610	160,9750
18,3984	-67,612	160,9800
18,4076	-67,615	160,9850
18,4020	-67,617	160,9900
18,4015	-67,619	160,9950
18,4062	-67,621	161,0000
18,3968	-67,623	161,0050
18,4026	-67,625	161,0100
18,4104	-67,627	161,0150
18,4083	-67,629	161,0200
18,4055	-67,631	161,0250
18,4143	-67,633	161,0300
18,4017	-67,636	161,0350
18,3994	-67,638	161,0400
18,4107	-67,640	161,0450
18,4087	-67,642	161,0500
18,4051	-67,644	161,0550
18,4201	-67,646	161,0600
18,4133	-67,648	161,0650
18,3991	-67,650	161,0700
18,4059	-67,652	161,0750
18,4164	-67,654	161,0800
18,4218	-67,657	161,0850
18,4250	-67,659	161,0900
18,4195	-67,661	161,0950
18,4091	-67,663	161,1000
18,4155	-67,665	161,1050
18,4188	-67,667	161,1100
18,4127	-67,669	161,1150
18,4156	-67,671	161,1200
18,4326	-67,673	161,1250
18,4212	-67,675	161,1300
18,4108	-67,678	161,1350
18,4149	-67,680	161,1400
18,4117	-67,682	161,1450
18,4142	-67,684	161,1500
18,4258	-67,686	161,1550
18,4268	-67,688	161,1600
18,4227	-67,690	161,1650
18,4233	-67,692	161,1700
18,4254	-67,694	161,1750
18,4250	-67,696	161,1800
18,4259	-67,699	161,1850
18,4252	-67,701	161,1900
18,4232	-67,703	161,1950
18,4237	-67,705	161,2000
18,4271	-67,707	161,2050
18,4279	-67,709	161,2100
18,4312	-67,711	161,2150
18,4389	-67,713	161,2200
18,4305	-67,715	161,2250
18,4268	-67,717	161,2300
18,4331	-67,720	161,2350
18,4385	-67,722	161,2400
18,4336	-67,724	161,2450
18,4404	-67,726	161,2500
18,4388	-67,728	161,2550
18,4310	-67,730	161,2600
18,4358	-67,732	161,2650
18,4439	-67,734	161,2700
18,4381	-67,736	161,2750
18,4405	-67,738	161,2800
18,4488	-67,741	161,2850
18,4414	-67,743	161,2900
18,4415	-67,745	161,2950
18,4454	-67,747	161,3000
18,4448	-67,749	161,3050
18,4420	-67,751	161,3100
18,4502	-67,753	161,3150
18,4489	-67,755	161,3200
18,4420	-67,757	161,3250
18,4430	-67,759	161,3300
18,4421	-67,762	161,3350
18,4411	-67,764	161,3400
18,4562	-67,766	161,3450
18,4550	-67,768	161,3500
18,4511	-67,770	161,3550
18,4570	-67,772	161,3600
18,4553	-67,774	161,3650
18,4516	-67,776	161,3700
18,4569	-67,778	161,3750
18,4570	-67,780	161,3800
18,4444	-67,783	161,3850
18,4483	-67,785	161,3900
18,4615	-67,787	161,3950
18,4594	-67,789	161,4000
18,4545	-67,791	161,4050
18,4645	-67,793	161,4100
18,4652	-67,795	161,4150
18,4615	-67,797	161,4200
18,4652	-67,799	161,4250
18,4656	-67,801	161,4300
18,4557	-67,804	161,4350
18,4623	-67,806	161,4400
18,4627	-67,808	161,4450
18,4602	-67,810	161,4500
18,4659	-67,812	161,4550
18,4759	-67,814	161,4600
18,4572	-67,816	161,4650
18,4613	-67,818	161,4700
18,4747	-67,820	161,4750
18,4723	-67,822	161,4800
18,4745	-67,825	161,4850
18,4793	-67,827	161,4900
18,4726	-67,829	161,4950
18,4632	-67,831	161,5000
18,4730	-67,833	161,5050
18,4730	-67,835	161,5100
18,4654	-67,837	161,5150
18,4792	-67,839	161,5200
18,4857	-67,841	161,5250
18,4800	-67,843	161,5300
18,4820	-67,846	161,5350
18,4824	-67,848	161,5400
18,4788	-67,850	161,5450
18,4747	-67,852	161,5500
18,4787	-67,854	161,5550
18,4786	-67,856	161,5600
18,4788	-67,858	161,5650
18,4842	-67,860	161,5700
18,4848	-67,862	161,5750
18,4806	-67,864	161,5800
18,4839	-67,867	161,5850
18,4864	-67,869	161,5900
18,4862	-67,871	161,5950
18,4913	-67,873	161,6000
18,4853	-67,875	161,6050
18,4796	-67,877	161,6100
18,4866	-67,879	161,6150
18,4879	-67,881	161,6200
18,4837	-67,883	161,6250
18,4935	-67,885	161,6300
18,4900	-67,888	161,6350
18,4807	-67,890	161,6400
18,4870	-67,892	161,6450
18,5005	-67,894	161,6500
18,4920	-67,896	161,6550
18,4916	-67,898	161,6600
18,4976	-67,900	161,6650
18,4947	-67,902	161,6700
18,4960	-67,904	161,6750
18,5023	-67,906	161,6800
18,4948	-67,909	161,6850
18,4906	-67,911	161,6900
18,4967	-67,913	161,6950
18,4879	-67,915	161,7000
18,4885	-67,917	161,7050
18,5009	-67,919	161,7100
18,5093	-67,921	161,7150
18,5065	-67,923	161,7200
18,5134	-67,925	161,7250
18,5096	-67,927	161,7300
18,5013	-67,930	161,7350
18,4984	-67,932	161,7400
18,5026	-67,934	161,7450
18,5000	-67,936	161,7500
18,4989	-67,938	161,7550
18,5073	-67,940	161,7600
18,5038	-67,942	161,7650
18,4991	-67,944	161,7700
18,5047	-67,946	161,7750
18,5116	-67,948	161,7800
18,5141	-67,951	161,7850
18,5170	-67,953	161,7900
18,5193	-67,955	161,7950
18,5136	-67,957	161,8000
18,5187	-67,959	161,8050
18,5168	-67,961	161,8100
18,5111	-67,963	161,8150
18,5244	-67,965	161,8200
18,5291	-67,967	161,8250
18,5253	-67,969	161,8300
18,5208	-67,972	161,8350
18,5246	-67,974	161,8400
18,5171	-67,976	161,8450
18,5196	-67,978	161,8500
18,5229	-67,980	161,8550
18,5154	-67,982	161,8600
18,5135	-67,984	161,8650
18,5268	-67,986	161,8700
18,5292	-67,988	161,8750
18,5180	-67,990	161,8800
18,5203	-67,993	161,8850
18,5203	-67,995	161,8900
18,5181	-67,997	161,8950
18,5250	-67,999	161,9000
18,5308	-68,001	161,9050
18,5243	-68,003	161,9100
18,5318	-68,005	161,9150
18,5351	-68,007	161,9200
18,5311	-68,009	161,9250
18,5325	-68,011	161,9300
18,5443	-68,014	161,9350
18,5336	-68,016	161,9400
18,5301	-68,018	161,9450
18,5342	-68,020	161,9500
18,5282	-68,022	161,9550
18,5317	-68,024	161,9600
18,5415	-68,026	161,9650
18,5365	-68,028	161,9700
18,5326	-68,030	161,9750
18,5415	-68,032	161,9800
18,5424	-68,035	161,9850
18,5353	-68,037	161,9900
18,5378	-68,039	161,9950
18,5370	-68,041	162,0000
18,5331	-68,043	162,0050
18,5405	-68,045	162,0100
18,5448	-68,047	162,0150
18,5415	-68,049	162,0200
18,5420	-68,051	162,0250
18,5521	-68,053	162,0300
18,5498	-68,056	162,0350
18,5503	-68,058	162,0400
18,5529	-68,060	162,0450
18,5469	-68,062	162,0500
18,5468	-68,064	162,0550
18,5509	-68,066	162,0600
18,5541	-68,068	162,0650
18,5506	-68,070	162,0700
18,5578	-68,072	162,0750
18,5595	-68,074	162,0800
18,5519	-68,077	162,0850
18,5524	-68,079	162,0900
18,5567	-68,081	162,0950
18,5563	-68,083	162,1000
18,5649	-68,085	162,1050
18,5670	-68,087	162,1100
18,5545	-68,089	162,1150
18,5492	-68,091	162,1200
18,5614	-68,093	162,1250
18,5670	-68,095	162,1300
18,5667	-68,098	162,1350
18,5728	-68,100	162,1400
18,5655	-68,102	162,1450
18,5582	-68,104	162,1500
18,5705	-68,106	162,1550
18,5690	-68,108	162,1600
18,5616	-68,110	162,1650
18,5577	-68,112	162,1700
18,5565	-68,114	162,1750
18,5521	-68,116	162,1800
18,5631	-68,119	162,1850
18,5727	-68,121	162,1900
18,5721	-68,123	162,1950
18,5756	-68,125	162,2000
18,5830	-68,127	162,2050
18,5684	-68,129	162,2100
18,5570	-68,131	162,2150
18,5719	-68,133	162,2200
18,5738	-68,135	162,2250
18,5686	-68,137	162,2300
18,5723	-68,140	162,2350
18,5692	-68,142	162,2400
18,5661	-68,144	162,2450
18,5810	-68,146	162,2500
18,5778	-68,148	162,2550
18,5696	-68,150	162,2600
18,5755	-68,152	162,2650
18,5772	-68,154	162,2700
18,5739	-68,156	162,2750
18,5816	-68,159	162,2800
18,5876	-68,161	162,2850
18,5768	-68,163	162,2900
18,5761	-68,165	162,2950
18,5851	-68,167	162,3000
18,5826	-68,169	162,3050
18,5725	-68,171	162,3100
18,5827	-68,173	162,3150
18,5860	-68,175	162,3200
18,5844	-68,177	162,3250
18,5909	-68,180	162,3300
18,5889	-68,182	162,3350
18,5788	-68,184	162,3400
18,5889	-68,186	162,3450
18,5893	-68,188	162,3500
18,5850	-68,190	162,3550
18,5905	-68,192	162,3600
18,5939	-68,194	162,3650
18,5847	-68,196	162,3700
18,5929	-68,198	162,3750
18,5956	-68,201	162,3800
18,5889	-68,203	162,3850
18,5901	-68,205	162,3900
18,6055	-68,207	162,3950
18,6038	-68,209	162,4000
18,5962	-68,211	162,4050
18,6044	-68,213	162,4100
18,6024	-68,215	162,4150
18,5934	-68,217	162,4200
18,5986	-68,219	162,4250
18,6026	-68,222	162,4300
18,5976	-68,224	162,4350
18,5986	-68,226	162,4400
18,6009	-68,228	162,4450
18,6040	-68,230	162,4500
18,6063	-68,232	162,4550
18,6058	-68,234	162,4600
18,5980	-68,236	162,4650
18,6046	-68,238	162,4700
18,6095	-68,240	162,4750
18,6001	-68,243	162,4800
18,6052	-68,245	162,4850
18,6186	-68,247	162,4900
18,6125	-68,249	162,4950
18,6074	-68,251	162,5000
18,6105	-68,253	162,5050
18,6081	-68,255	162,5100
18,6008	-68,257	162,5150
18,6107	-68,259	162,5200
18,6128	-68,261	162,5250
18,6087	-68,264	162,5300
18,6192	-68,266	162,5350
18,6213	-68,268	162,5400
18,6223	-68,270	162,5450
18,6184	-68,272	162,5500
18,6172	-68,274	162,5550
18,6108	-68,276	162,5600
18,6149	-68,278	162,5650
18,6191	-68,280	162,5700
18,6114	-68,282	162,5750
18,6204	-68,285	162,5800
18,6237	-68,287	162,5850
18,6194	-68,289	162,5900
18,6148	-68,291	162,5950
18,6265	-68,293	162,6000
18,6276	-68,295	162,6050
18,6259	-68,297	162,6100
18,6316	-68,299	162,6150
18,6325	-68,301	162,6200
18,6231	-68,303	162,6250
18,6296	-68,306	162,6300
18,6377	-68,308	162,6350
18,6318	-68,310	162,6400
18,6255	-68,312	162,6450
18,6375	-68,314	162,6500
18,6291	-68,316	162,6550
18,6259	-68,318	162,6600
18,6299	-68,320	162,6650
18,6274	-68,322	162,6700
18,6231	-68,324	162,6750
18,6313	-68,327	162,6800
18,6310	-68,329	162,6850
18,6232	-68,331	162,6900
18,6388	-68,333	162,6950
18,6469	-68,335	162,7000
18,6388	-68,337	162,7050
18,6442	-68,339	162,7100
18,6437	-68,341	162,7150
18,6326	-68,343	162,7200
18,6392	-68,345	162,7250
18,6436	-68,348	162,7300
18,6389	-68,350	162,7350
18,6398	-68,352	162,7400
18,6433	-68,354	162,7450
18,6386	-68,356	162,7500
18,6407	-68,358	162,7550
18,6484	-68,360	162,7600
18,6423	-68,362	162,7650
18,6411	-68,364	162,7700
18,6551	-68,366	162,7750
18,6541	-68,369	162,7800
18,6456	-68,371	162,7850
18,6500	-68,373	162,7900
18,6486	-68,375	162,7950
18,6481	-68,377	162,8000
18,6554	-68,379	162,8050
18,6620	-68,381	162,8100
18,6548	-68,383	162,8150
18,6614	-68,385	162,8200
18,6614	-68,387	162,8250
18,6533	-68,390	162,8300
18,6557	-68,392	162,8350
18,6692	-68,394	162,8400
18,6623	-68,396	162,8450
18,6627	-68,398	162,8500
18,6663	-68,400	162,8550
18,6619	-68,402	162,8600
18,6597	-68,404	162,8650
18,6636	-68,406	162,8700
18,6632	-68,408	162,8750
18,6668	-68,411	162,8800
18,6694	-68,413	162,8850
18,6637	-68,415	162,8900
18,6588	-68,417	162,8950
18,6698	-68,419	162,9000
18,6677	-68,421	162,9050
18,6558	-68,423	162,9100
18,6612	-68,425	162,9150
18,6623	-68,427	162,9200
18,6629	-68,429	162,9250
18,6692	-68,432	162,9300
18,6795	-68,434	162,9350
18,6733	-68,436	162,9400
18,6720	-68,438	162,9450
18,6733	-68,440	162,9500
18,6723	-68,442	162,9550
18,6704	-68,444	162,9600
18,6789	-68,446	162,9650
18,6774	-68,448	162,9700
18,6736	-68,450	162,9750
18,6816	-68,453	162,9800
18,6901	-68,455	162,9850
18,6883	-68,457	162,9900
18,6904	-68,459	162,9950
18,6870	-68,461	163,0000
18,6729	-68,463	163,0050
18,6779	-68,465	163,0100
18,6883	-68,467	163,0150
18,6850	-68,469	163,0200
18,6812	-68,471	163,0250
18,6888	-68,474	163,0300
18,6856	-68,476	163,0350
18,6847	-68,478	163,0400
18,6882	-68,480	163,0450
18,6907	-68,482	163,0500
18,6920	-68,484	163,0550
18,6971	-68,486	163,0600
18,6909	-68,488	163,0650
18,6843	-68,490	163,0700
18,6911	-68,492	163,0750
18,7025	-68,495	163,0800
18,6946	-68,497	163,0850
18,6964	-68,499	163,0900
18,6983	-68,501	163,0950
18,6851	-68,503	163,1000
18,6885	-68,505	163,1050
18,6957	-68,507	163,1100
18,6929	-68,509	163,1150
18,6893	-68,511	163,1200
18,6996	-68,513	163,1250
18,6965	-68,516	163,1300
18,6963	-68,518	163,1350
18,6941	-68,520	163,1400
18,6927	-68,522	163,1450
18,6970	-68,524	163,1500
18,7109	-68,526	163,1550
18,7038	-68,528	163,1600
18,6900	-68,530	163,1650
18,6994	-68,532	163,1700
18,7127	-68,534	163,1750
18,6996	-68,537	163,1800
18,7110	-68,539	163,1850
18,7205	-68,541	163,1900
18,7142	-68,543	163,1950
18,7171	-68,545	163,2000
18,7124	-68,547	163,2050
18,7066	-68,549	163,2100
18,7056	-68,551	163,2150
18,7141	-68,553	163,2200
18,7103	-68,555	163,2250
18,7122	-68,558	163,2300
18,7218	-68,560	163,2350
18,7119	-68,562	163,2400
18,7089	-68,564	163,2450
18,7183	-68,566	163,2500
18,7210	-68,568	163,2550
18,7201	-68,570	163,2600
18,7191	-68,572	163,2650
18,7156	-68,574	163,2700
18,7134	-68,576	163,2750
18,7244	-68,579	163,2800
18,7310	-68,581	163,2850
18,7233	-68,583	163,2900
18,7255	-68,585	163,2950
18,7269	-68,587	163,3000
18,7267	-68,589	163,3050
18,7192	-68,591	163,3100
18,7222	-68,593	163,3150
18,7205	-68,595	163,3200
18,7190	-68,597	163,3250
18,7289	-68,600	163,3300
18,7325	-68,602	163,3350
18,7261	-68,604	163,3400
18,7256	-68,606	163,3450
18,7281	-68,608	163,3500
18,7265	-68,610	163,3550
18,7283	-68,612	163,3600
18,7414	-68,614	163,3650
18,7400	-68,616	163,3700
18,7380	-68,618	163,3750
18,7361	-68,621	163,3800
18,7230	-68,623	163,3850
18,7220	-68,625	163,3900
18,7364	-68,627	163,3950
18,7399	-68,629	163,4000
18,7395	-68,631	163,4050
18,7430	-68,633	163,4100
18,7384	-68,635	163,4150
18,7319	-68,637	163,4200
18,7397	-68,639	163,4250
18,7426	-68,642	163,4300
18,7354	-68,644	163,4350
18,7448	-68,646	163,4400
18,7466	-68,648	163,4450
18,7390	-68,650	163,4500
18,7415	-68,652	163,4550
18,7465	-68,654	163,4600
18,7470	-68,656	163,4650
18,7516	-68,658	163,4700
18,7525	-68,660	163,4750
18,7453	-68,663	163,4800
18,7458	-68,665	163,4850
18,7613	-68,667	163,4900
18,7666	-68,669	163,4950
18,7539	-68,671	163,5000
18,7588	-68,673	163,5050
18,7532	-68,675	163,5100
18,7475	-68,677	163,5150
18,7584	-68,679	163,5200
18,7583	-68,681	163,5250
18,7488	-68,684	163,5300
18,7558	-68,686	163,5350
18,7587	-68,688	163,5400
18,7615	-68,690	163,5450
18,7659	-68,692	163,5500
18,7660	-68,694	163,5550
18,7579	-68,696	163,5600
18,7641	-68,698	163,5650
18,7724	-68,700	163,5700
18,7610	-68,702	163,5750
18,7551	-68,705	163,5800
18,7642	-68,707	163,5850
18,7685	-68,709	163,5900
18,7711	-68,711	163,5950
18,7755	-68,713	163,6000
18,7751	-68,715	163,6050
18,7703	-68,717	163,6100
18,7746	-68,719	163,6150
18,7712	-68,721	163,6200
18,7608	-68,723	163,6250
18,7663	-68,726	163,6300
18,7691	-68,728	163,6350
18,7654	-68,730	163,6400
18,7714	-68,732	163,6450
18,7816	-68,734	163,6500
18,7754	-68,736	163,6550
18,7767	-68,738	163,6600
18,7746	-68,740	163,6650
18,7664	-68,742	163,6700
18,7729	-68,744	163,6750
18,7852	-68,747	163,6800
18,7854	-68,749	163,6850
18,7771	-68,751	163,6900
18,7794	-68,753	163,6950
18,7795	-68,755	163,7000
18,7768	-68,757	163,7050
18,7780	-68,759	163,7100
18,7761	-68,761	163,7150
18,7739	-68,763	163,7200
18,7825	-68,765	163,7250
18,7853	-68,768	163,7300
18,7768	-68,770	163,7350
18,7788	-68,772	163,7400
18,7898	-68,774	163,7450
18,7776	-68,776	163,7500
18,7777	-68,778	163,7550
18,7890	-68,780	163,7600
18,7867	-68,782	163,7650
18,7889	-68,784	163,7700
18,7952	-68,786	163,7750
18,7956	-68,789	163,7800
18,7919	-68,791	163,7850
18,7974	-68,793	163,7900
18,7948	-68,795	163,7950
18,7889	-68,797	163,8000
18,7961	-68,799	163,8050
18,7994	-68,801	163,8100
18,7929	-68,803	163,8150
18,7953	-68,805	163,8200
18,7959	-68,807	163,8250
18,7885	-68,810	163,8300
18,7935	-68,812	163,8350
18,8020	-68,814	163,8400
18,8003	-68,816	163,8450
18,8100	-68,818	163,8500
18,8114	-68,820	163,8550
18,8027	-68,822	163,8600
18,8050	-68,824	163,8650
18,8096	-68,826	163,8700
18,8102	-68,828	163,8750
18,8035	-68,831	163,8800
18,8108	-68,833	163,8850
18,8082	-68,835	163,8900
18,8026	-68,837	163,8950
18,8090	-68,839	163,9000
18,8141	-68,841	163,9050
18,8122	-68,843	163,9100
18,8112	-68,845	163,9150
18,8147	-68,847	163,9200
18,8147	-68,849	163,9250
18,8119	-68,852	163,9300
18,8154	-68,854	163,9350
18,8105	-68,856	163,9400
18,8142	-68,858	163,9450
18,8236	-68,860	163,9500
18,8185	-68,862	163,9550
18,8096	-68,864	163,9600
18,8184	-68,866	163,9650
18,8236	-68,868	163,9700
18,8234	-68,870	163,9750
18,8245	-68,873	163,9800
18,8283	-68,875	163,9850
18,8192	-68,877	163,9900
18,8253	-68,879	163,9950
18,8343	-68,881	164,0000
18,8237	-68,883	164,0050
18,8190	-68,885	164,0100
18,8246	-68,887	164,0150
18,8261	-68,889	164,0200
18,8282	-68,891	164,0250
18,8345	-68,894	164,0300
18,8290	-68,896	164,0350
18,8321	-68,898	164,0400
18,8383	-68,900	164,0450
18,8291	-68,902	164,0500
18,8189	-68,904	164,0550
18,8294	-68,906	164,0600
18,8337	-68,908	164,0650
18,8307	-68,910	164,0700
18,8357	-68,912	164,0750
18,8370	-68,915	164,0800
18,8340	-68,917	164,0850
18,8385	-68,919	164,0900
18,8401	-68,921	164,0950
18,8266	-68,923	164,1000
18,8258	-68,925	164,1050
18,8364	-68,927	164,1100
18,8405	-68,929	164,1150
18,8390	-68,931	164,1200
18,8413	-68,933	164,1250
18,8339	-68,936	164,1300
18,8365	-68,938	164,1350
18,8391	-68,940	164,1400
18,8334	-68,942	164,1450
18,8303	-68,944	164,1500
18,8408	-68,946	164,1550
18,8460	-68,948	164,1600
18,8471	-68,950	164,1650
18,8497	-68,952	164,1700
18,8495	-68,954	164,1750
18,8475	-68,957	164,1800
18,8500	-68,959	164,1850
18,8493	-68,961	164,1900
18,8447	-68,963	164,1950
18,8503	-68,965	164,2000
18,8561	-68,967	164,2050
18,8479	-68,969	164,2100
18,8351	-68,971	164,2150
18,8475	-68,973	164,2200
18,8562	-68,975	164,2250
18,8491	-68,978	164,2300
18,8519	-68,980	164,2350
18,8503	-68,982	164,2400
18,8503	-68,984	164,2450
18,8555	-68,986	164,2500
18,8566	-68,988	164,2550
18,8600	-68,990	164,2600
18,8600	-68,992	164,2650
18,8578	-68,994	164,2700
18,8569	-68,996	164,2750
18,8680	-68,999	164,2800
18,8771	-69,001	164,2850
18,8682	-69,003	164,2900
18,8662	-69,005	164,2950
18,8708	-69,007	164,3000
18,8628	-69,009	164,3050
18,8582	-69,011	164,3100
18,8653	-69,013	164,3150
18,8597	-69,015	164,3200
18,8633	-69,017	164,3250
18,8704	-69,020	164,3300
18,8698	-69,022	164,3350
18,8680	-69,024	164,3400
18,8719	-69,026	164,3450
18,8727	-69,028	164,3500
18,8727	-69,030	164,3550
18,8764	-69,032	164,3600
18,8740	-69,034	164,3650
18,8641	-69,036	164,3700
18,8690	-69,038	164,3750
18,8756	-69,041	164,3800
18,8758	-69,043	164,3850
18,8754	-69,045	164,3900
18,8846	-69,047	164,3950
18,8809	-69,049	164,4000
18,8749	-69,051	164,4050
18,8823	-69,053	164,4100
18,8822	-69,055	164,4150
18,8859	-69,057	164,4200
18,8945	-69,059	164,4250
18,8888	-69,062	164,4300
18,8779	-69,064	164,4350
18,8832	-69,066	164,4400
18,8829	-69,068	164,4450
18,8836	-69,070	164,4500
18,8879	-69,072	164,4550
18,8915	-69,074	164,4600
18,8881	-69,076	164,4650
18,8928	-69,078	164,4700
18,8918	-69,080	164,4750
18,8885	-69,083	164,4800
18,8955	-69,085	164,4850
18,9014	-69,087	164,4900
18,8977	-69,089	164,4950
18,8894	-69,091	164,5000
18,8937	-69,093	164,5050
18,8898	-69,095	164,5100
18,8901	-69,097	164,5150
18,9017	-69,099	164,5200
18,8988	-69,101	164,5250
18,8887	-69,104	164,5300
18,8970	-69,106	164,5350
18,8932	-69,108	164,5400
18,8899	-69,110	164,5450
18,8950	-69,112	164,5500
18,9104	-69,114	164,5550
18,9120	-69,116	164,5600
18,9062	-69,118	164,5650
18,9035	-69,120	164,5700
18,8992	-69,122	164,5750
18,8985	-69,125	164,5800
18,9098	-69,127	164,5850
18,9056	-69,129	164,5900
18,8952	-69,131	164,5950
18,9008	-69,133	164,6000
18,9024	-69,135	164,6050
18,8969	-69,137	164,6100
18,9006	-69,139	164,6150
18,9130	-69,141	164,6200
18,9154	-69,143	164,6250
18,9149	-69,146	164,6300
18,9125	-69,148	164,6350
18,9186	-69,150	164,6400
18,9197	-69,152	164,6450
18,9186	-69,154	164,6500
18,9057	-69,156	164,6550
18,9096	-69,158	164,6600
18,9183	-69,160	164,6650
18,9100	-69,162	164,6700
18,9124	-69,164	164,6750
18,9237	-69,167	164,6800
18,9183	-69,169	164,6850
18,9082	-69,171	164,6900
18,9230	-69,173	164,6950
18,9341	-69,175	164,7000
18,9308	-69,177	164,7050
18,9315	-69,179	164,7100
18,9293	-69,181	164,7150
18,9246	-69,183	164,7200
18,9272	-69,185	164,7250
18,9281	-69,188	164,7300
18,9285	-69,190	164,7350
18,9287	-69,192	164,7400
18,9356	-69,194	164,7450
18,9282	-69,196	164,7500
18,9241	-69,198	164,7550
18,9269	-69,200	164,7600
18,9243	-69,202	164,7650
18,9239	-69,204	164,7700
18,9322	-69,206	164,7750
18,9308	-69,209	164,7800
18,9264	-69,211	164,7850
18,9345	-69,213	164,7900
18,9414	-69,215	164,7950
18,9351	-69,217	164,8000
18,9410	-69,219	164,8050
18,9382	-69,221	164,8100
18,9326	-69,223	164,8150
18,9370	-69,225	164,8200
18,9393	-69,227	164,8250
18,9349	-69,230	164,8300
18,9300	-69,232	164,8350
18,9360	-69,234	164,8400
18,9281	-69,236	164,8450
18,9326	-69,238	164,8500
18,9423	-69,240	164,8550
18,9361	-69,242	164,8600
18,9338	-69,244	164,8650
18,9475	-69,246	164,8700
18,9517	-69,248	164,8750
18,9431	-69,251	164,8800
18,9469	-69,253	164,8850
18,9489	-69,255	164,8900
18,9452	-69,257	164,8950
18,9458	-69,259	164,9000
18,9390	-69,261	164,9050
18,9312	-69,263	164,9100
18,9513	-69,265	164,9150
18,9590	-69,267	164,9200
18,9466	-69,269	164,9250
18,9433	-69,272	164,9300
18,9556	-69,274	164,9350
18,9530	-69,276	164,9400
18,9474	-69,278	164,9450
18,9567	-69,280	164,9500
18,9535	-69,282	164,9550
18,9555	-69,284	164,9600
18,9677	-69,286	164,9650
18,9649	-69,288	164,9700
18,9566	-69,290	164,9750
18,9554	-69,293	164,9800
18,9594	-69,295	164,9850
18,9538	-69,297	164,9900
18,9633	-69,299	164,9950
18,9675	-69,301	165,0000
18,9537	-69,303	165,0050
18,9600	-69,305	165,0100
18,9681	-69,307	165,0150
18,9624	-69,309	165,0200
18,9590	-69,311	165,0250
18,9672	-69,314	165,0300
18,9637	-69,316	165,0350
18,9619	-69,318	165,0400
18,9670	-69,320	165,0450
18,9609	-69,322	165,0500
18,9613	-69,324	165,0550
18,9757	-69,326	165,0600
18,9718	-69,328	165,0650
18,9631	-69,330	165,0700
18,9724	-69,332	165,0750
18,9721	-69,335	165,0800
18,9637	-69,337	165,0850
18,9739	-69,339	165,0900
18,9814	-69,341	165,0950
18,9748	-69,343	165,1000
18,9786	-69,345	165,1050
18,9852	-69,347	165,1100
18,9817	-69,349	165,1150
18,9843	-69,351	165,1200
18,9882	-69,353	165,1250
18,9797	-69,356	165,1300
18,9755	-69,358	165,1350
18,9813	-69,360	165,1400
18,9806	-69,362	165,1450
18,9770	-69,364	165,1500
18,9841	-69,366	165,1550
18,9820	-69,368	165,1600
18,9806	-69,370	165,1650
18,9829	-69,372	165,1700
18,9858	-69,374	165,1750
18,9861	-69,377	165,1800
18,9965	-69,379	165,1850
18,9972	-69,381	165,1900
18,9845	-69,383	165,1950
18,9869	-69,385	165,2000
18,9911	-69,387	165,2050
18,9950	-69,389	165,2100
18,9930	-69,391	165,2150
18,9971	-69,393	165,2200
18,9916	-69,395	165,2250
18,9987	-69,398	165,2300
19,0018	-69,400	165,2350
18,9915	-69,402	165,2400
18,9879	-69,404	165,2450
18,9975	-69,406	165,2500
19,0000	-69,408	165,2550
18,9992	-69,410	165,2600
19,0040	-69,412	165,2650
19,0127	-69,414	165,2700
19,0076	-69,416	165,2750
19,0085	-69,419	165,2800
19,0071	-69,421	165,2850
18,9979	-69,423	165,2900
19,0005	-69,425	165,2950
19,0057	-69,427	165,3000
19,0066	-69,429	165,3050
19,0013	-69,431	165,3100
19,0066	-69,433	165,3150
19,0029	-69,435	165,3200
19,0097	-69,437	165,3250
19,0208	-69,440	165,3300
19,0162	-69,442	165,3350
19,0056	-69,444	165,3400
19,0146	-69,446	165,3450
19,0146	-69,448	165,3500
19,0072	-69,450	165,3550
19,0072	-69,452	165,3600
19,0154	-69,454	165,3650
19,0102	-69,456	165,3700
19,0128	-69,458	165,3750
19,0250	-69,461	165,3800
19,0189	-69,463	165,3850
19,0136	-69,465	165,3900
19,0195	-69,467	165,3950
19,0195	-69,469	165,4000
19,0172	-69,471	165,4050
19,0277	-69,473	165,4100
19,0221	-69,475	165,4150
19,0207	-69,477	165,4200
19,0244	-69,479	165,4250
19,0199	-69,482	165,4300
19,0207	-69,484	165,4350
19,0267	-69,486	165,4400
19,0182	-69,488	165,4450
19,0155	-69,490	165,4500
19,0273	-69,492	165,4550
19,0361	-69,494	165,4600
19,0262	-69,496	165,4650
19,0253	-69,498	165,4700
19,0337	-69,500	165,4750
19,0235	-69,503	165,4800
19,0198	-69,505	165,4850
19,0347	-69,507	165,4900
19,0372	-69,509	165,4950
19,0353	-69,511	165,5000
19,0402	-69,513	165,5050
19,0360	-69,515	165,5100
19,0332	-69,517	165,5150
19,0405	-69,519	165,5200
19,0413	-69,521	165,5250
19,0334	-69,524	165,5300
19,0388	-69,526	165,5350
19,0389	-69,528	165,5400
19,0313	-69,530	165,5450
19,0389	-69,532	165,5500
19,0468	-69,534	165,5550
19,0388	-69,536	165,5600
19,0378	-69,538	165,5650
19,0480	-69,540	165,5700
19,0495	-69,542	165,5750
19,0478	-69,545	165,5800
19,0540	-69,547	165,5850
19,0553	-69,549	165,5900
19,0536	-69,551	165,5950
19,0562	-69,553	165,6000
19,0412	-69,555	165,6050
19,0403	-69,557	165,6100
19,0542	-69,559	165,6150
19,0532	-69,561	165,6200
19,0489	-69,563	165,6250
19,0494	-69,566	165,6300
19,0390	-69,568	165,6350
19,0362	-69,570	165,6400
19,0497	-69,572	165,6450
19,0622	-69,574	165,6500
19,0562	-69,576	165,6550
19,0496	-69,578	165,6600
19,0537	-69,580	165,6650
19,0542	-69,582	165,6700
19,0608	-69,584	165,6750
19,0684	-69,587	165,6800
19,0630	-69,589	165,6850
19,0576	-69,591	165,6900
19,0661	-69,593	165,6950
19,0570	-69,595	165,7000
19,0510	-69,597	165,7050
19,0584	-69,599	165,7100
19,0628	-69,601	165,7150
19,0608	-69,603	165,7200
19,0697	-69,605	165,7250
19,0667	-69,608	165,7300
19,0593	-69,610	165,7350
19,0620	-69,612	165,7400
19,0748	-69,614	165,7450
19,0710	-69,616	165,7500
19,0667	-69,618	165,7550
19,0696	-69,620	165,7600
19,0715	-69,622	165,7650
19,0686	-69,624	165,7700
19,0769	-69,626	165,7750
19,0790	-69,629	165,7800
19,0748	-69,631	165,7850
19,0842	-69,633	165,7900
19,0820	-69,635	165,7950
19,0684	-69,637	165,8000
19,0746	-69,639	165,8050
19,0783	-69,641	165,8100
19,0720	-69,643	165,8150
19,0769	-69,645	165,8200
19,0821	-69,647	165,8250
19,0785	-69,650	165,8300
19,0735	-69,652	165,8350
19,0787	-69,654	165,8400
19,0778	-69,656	165,8450
19,0798	-69,658	165,8500
19,0896	-69,660	165,8550
19,0807	-69,662	165,8600
19,0775	-69,664	165,8650
19,0837	-69,666	165,8700
19,0829	-69,668	165,8750
19,0822	-69,671	165,8800
19,0934	-69,673	165,8850
19,0971	-69,675	165,8900
19,0926	-69,677	165,8950
19,0955	-69,679	165,9000
19,0872	-69,681	165,9050
19,0835	-69,683	165,9100
19,0936	-69,685	165,9150
19,0997	-69,687	165,9200
19,0960	-69,689	165,9250
19,0943	-69,692	165,9300
19,1012	-69,694	165,9350
19,1055	-69,696	165,9400
19,1092	-69,698	165,9450
19,1034	-69,700	165,9500
19,0943	-69,702	165,9550
19,0993	-69,704	165,9600
19,1079	-69,706	165,9650
19,1048	-69,708	165,9700
19,1015	-69,710	165,9750
19,1051	-69,713	165,9800
19,1095	-69,715	165,9850
19,1001	-69,717	165,9900
19,1003	-69,719	165,9950
19,1015	-69,721	166,0000
19,0945	-69,723	166,0050
19,1015	-69,725	166,0100
19,1102	-69,727	166,0150
19,1091	-69,729	166,0200
19,1080	-69,731	166,0250
19,1133	-69,734	166,0300
19,1080	-69,736	166,0350
19,1033	-69,738	166,0400
19,1098	-69,740	166,0450
19,1057	-69,742	166,0500
19,0997	-69,744	166,0550
19,1111	-69,746	166,0600
19,1119	-69,748	166,0650
19,1112	-69,750	166,0700
19,1177	-69,752	166,0750
19,1163	-69,755	166,0800
19,1108	-69,757	166,0850
19,1147	-69,759	166,0900
19,1173	-69,761	166,0950
19,1118	-69,763	166,1000
19,1178	-69,765	166,1050
19,1247	-69,767	166,1100
19,1199	-69,769	166,1150
19,1146	-69,771	166,1200
19,1212	-69,773	166,1250
19,1190	-69,776	166,1300
19,1231	-69,778	166,1350
19,1310	-69,780	166,1400
19,1295	-69,782	166,1450
19,1200	-69,784	166,1500
19,1185	-69,786	166,1550
19,1215	-69,788	166,1600
19,1239	-69,790	166,1650
19,1304	-69,792	166,1700
19,1349	-69,794	166,1750
19,1321	-69,797	166,1800
19,1370	-69,799	166,1850
19,1413	-69,801	166,1900
19,1343	-69,803	166,1950
19,1366	-69,805	166,2000
19,1397	-69,807	166,2050
19,1364	-69,809	166,2100
19,1326	-69,811	166,2150
19,1388	-69,813	166,2200
19,1353	-69,815	166,2250
19,1329	-69,818	166,2300
19,1409	-69,820	166,2350
19,1396	-69,822	166,2400
19,1374	-69,824	166,2450
19,1476	-69,826	166,2500
19,1456	-69,828	166,2550
19,1350	-69,830	166,2600
19,1382	-69,832	166,2650
19,1433	-69,834	166,2700
19,1377	-69,836	166,2750
19,1365	-69,839	166,2800
19,1464	-69,841	166,2850
19,1475	-69,843	166,2900
19,1514	-69,845	166,2950
19,1567	-69,847	166,3000
19,1445	-69,849	166,3050
19,1407	-69,851	166,3100
19,1501	-69,853	166,3150
19,1506	-69,855	166,3200
19,1520	-69,857	166,3250
19,1550	-69,860	166,3300
19,1445	-69,862	166,3350
19,1301	-69,864	166,3400
19,1490	-69,866	166,3450
19,1560	-69,868	166,3500
19,1521	-69,870	166,3550
19,1545	-69,872	166,3600
19,1606	-69,874	166,3650
19,1602	-69,876	166,3700
19,1611	-69,878	166,3750
19,1624	-69,881	166,3800
19,1599	-69,883	166,3850
19,1615	-69,885	166,3900
19,1737	-69,887	166,3950
19,1661	-69,889	166,4000
19,1544	-69,891	166,4050
19,1627	-69,893	166,4100
19,1636	-69,895	166,4150
19,1641	-69,897	166,4200
19,1700	-69,899	166,4250
19,1686	-69,902	166,4300
19,1582	-69,904	166,4350
19,1659	-69,906	166,4400
19,1710	-69,908	166,4450
19,1724	-69,910	166,4500
19,1773	-69,912	166,4550
19,1730	-69,914	166,4600
19,1631	-69,916	166,4650
19,1730	-69,918	166,4700
19,1744	-69,920	166,4750
19,1738	-69,923	166,4800
19,1724	-69,925	166,4850
19,1754	-69,927	166,4900
19,1711	-69,929	166,4950
19,1689	-69,931	166,5000
19,1780	-69,933	166,5050
19,1776	-69,935	166,5100
19,1765	-69,937	166,5150
19,1862	-69,939	166,5200
19,1911	-69,941	166,5250
19,1833	-69,944	166,5300
19,1903	-69,946	166,5350
19,1880	-69,948	166,5400
19,1850	-69,950	166,5450
19,1853	-69,952	166,5500
19,1880	-69,954	166,5550
19,1801	-69,956	166,5600
19,1778	-69,958	166,5650
19,1874	-69,960	166,5700
19,1842	-69,962	166,5750
19,1848	-69,965	166,5800
19,1909	-69,967	166,5850
19,1841	-69,969	166,5900
19,1772	-69,971	166,5950
19,1833	-69,973	166,6000
19,1878	-69,975	166,6050
19,1924	-69,977	166,6100
19,1950	-69,979	166,6150
19,1899	-69,981	166,6200
19,1888	-69,983	166,6250
19,1996	-69,986	166,6300
19,2022	-69,988	166,6350
19,1959	-69,990	166,6400
19,1956	-69,992	166,6450
19,2053	-69,994	166,6500
19,1980	-69,996	166,6550
19,1983	-69,998	166,6600
19,2008	-70,000	166,6650
19,2008	-70,002	166,6700
19,2035	-70,004	166,6750
19,2069	-70,007	166,6800
19,2002	-70,009	166,6850
19,1986	-70,011	166,6900
19,2044	-70,013	166,6950
19,2049	-70,015	166,7000
19,2059	-70,017	166,7050
19,2116	-70,019	166,7100
19,2048	-70,021	166,7150
19,1952	-70,023	166,7200
19,2089	-70,025	166,7250
19,2162	-70,028	166,7300
19,2128	-70,030	166,7350
19,2102	-70,032	166,7400
19,2092	-70,034	166,7450
19,2057	-70,036	166,7500
19,2105	-70,038	166,7550
19,2147	-70,040	166,7600
19,2123	-70,042	166,7650
19,2093	-70,044	166,7700
19,2165	-70,046	166,7750
19,2148	-70,049	166,7800
19,2064	-70,051	166,7850
19,2194	-70,053	166,7900
19,2309	-70,055	166,7950
19,2280	-70,057	166,8000
19,2297	-70,059	166,8050
19,2236	-70,061	166,8100
19,2150	-70,063	166,8150
19,2150	-70,065	166,8200
19,2190	-70,067	166,8250
19,2233	-70,070	166,8300
19,2218	-70,072	166,8350
19,2242	-70,074	166,8400
19,2151	-70,076	166,8450
19,2191	-70,078	166,8500
19,2239	-70,080	166,8550
19,2198	-70,082	166,8600
19,2182	-70,084	166,8650
19,2242	-70,086	166,8700
19,2232	-70,088	166,8750
19,2229	-70,091	166,8800
19,2286	-70,093	166,8850
19,2329	-70,095	166,8900
19,2318	-70,097	166,8950
19,2410	-70,099	166,9000
19,2383	-70,101	166,9050
19,2304	-70,103	166,9100
19,2344	-70,105	166,9150
19,2377	-70,107	166,9200
19,2391	-70,109	166,9250
19,2315	-70,112	166,9300
19,2295	-70,114	166,9350
19,2264	-70,116	166,9400
19,2266	-70,118	166,9450
19,2298	-70,120	166,9500
19,2320	-70,122	166,9550
19,2335	-70,124	166,9600
19,2352	-70,126	166,9650
19,2286	-70,128	166,9700
19,2252	-70,130	166,9750
19,2379	-70,133	166,9800
19,2497	-70,135	166,9850
19,2444	-70,137	166,9900
19,2487	-70,139	166,9950
19,2467	-70,141	167,0000
19,2426	-70,143	167,0050
19,2481	-70,145	167,0100
19,2476	-70,147	167,0150
19,2445	-70,149	167,0200
19,2449	-70,151	167,0250
19,2525	-70,154	167,0300
19,2498	-70,156	167,0350
19,2471	-70,158	167,0400
19,2539	-70,160	167,0450
19,2503	-70,162	167,0500
19,2455	-70,164	167,0550
19,2587	-70,166	167,0600
19,2575	-70,168	167,0650
19,2441	-70,170	167,0700
19,2487	-70,172	167,0750
19,2522	-70,175	167,0800
19,2491	-70,177	167,0850
19,2527	-70,179	167,0900
19,2582	-70,181	167,0950
19,2538	-70,183	167,1000
19,2541	-70,185	167,1050
19,2603	-70,187	167,1100
19,2625	-70,189	167,1150
19,2590	-70,191	167,1200
19,2709	-70,193	167,1250
19,2604	-70,196	167,1300
19,2565	-70,198	167,1350
19,2675	-70,200	167,1400
19,2667	-70,202	167,1450
19,2647	-70,204	167,1500
19,2753	-70,206	167,1550
19,2708	-70,208	167,1600
19,2612	-70,210	167,1650
19,2653	-70,212	167,1700
19,2739	-70,214	167,1750
19,2699	-70,217	167,1800
19,2762	-70,219	167,1850
19,2779	-70,221	167,1900
19,2690	-70,223	167,1950
19,2696	-70,225	167,2000
19,2724	-70,227	167,2050
19,2743	-70,229	167,2100
19,2717	-70,231	167,2150
19,2754	-70,233	167,2200
19,2756	-70,235	167,2250
19,2766	-70,238	167,2300
19,2803	-70,240	167,2350
19,2793	-70,242	167,2400
19,2798	-70,244	167,2450
19,2839	-70,246	167,2500
19,2818	-70,248	167,2550
19,2827	-70,250	167,2600
19,2869	-70,252	167,2650
19,2879	-70,254	167,2700
19,2818	-70,256	167,2750
19,2861	-70,259	167,2800
19,2858	-70,261	167,2850
19,2794	-70,263	167,2900
19,2795	-70,265	167,2950
19,2904	-70,267	167,3000
19,2940	-70,269	167,3050
19,2895	-70,271	167,3100
19,2996	-70,273	167,3150
19,2956	-70,275	167,3200
19,2915	-70,277	167,3250
19,2957	-70,280	167,3300
19,2976	-70,282	167,3350
19,2907	-70,284	167,3400
19,2943	-70,286	167,3450
19,2947	-70,288	167,3500
19,2841	-70,290	167,3550
19,2851	-70,292	167,3600
19,2945	-70,294	167,3650
19,2906	-70,296	167,3700
19,2991	-70,298	167,3750
19,3098	-70,301	167,3800
19,2979	-70,303	167,3850
19,2918	-70,305	167,3900
19,3023	-70,307	167,3950
19,3026	-70,309	167,4000
19,2989	-70,311	167,4050
19,3093	-70,313	167,4100
19,3063	-70,315	167,4150
19,3049	-70,317	167,4200
19,3013	-70,319	167,4250
19,3008	-70,322	167,4300
19,3008	-70,324	167,4350
19,3106	-70,326	167,4400
19,3098	-70,328	167,4450
19,3049	-70,330	167,4500
19,3072	-70,332	167,4550
19,3133	-70,334	167,4600
19,3055	-70,336	167,4650
19,3083	-70,338	167,4700
19,3180	-70,340	167,4750
19,3142	-70,343	167,4800
19,3126	-70,345	167,4850
19,3180	-70,347	167,4900
19,3154	-70,349	167,4950
19,3103	-70,351	167,5000
19,3197	-70,353	167,5050
19,3172	-70,355	167,5100
19,3147	-70,357	167,5150
19,3176	-70,359	167,5200
19,3144	-70,361	167,5250
19,3114	-70,364	167,5300
19,3214	-70,366	167,5350
19,3192	-70,368	167,5400
19,3161	-70,370	167,5450
19,3209	-70,372	167,5500
19,3212	-70,374	167,5550
19,3119	-70,376	167,5600
19,3178	-70,378	167,5650
19,3228	-70,380	167,5700
19,3198	-70,382	167,5750
19,3239	-70,385	167,5800
19,3293	-70,387	167,5850
19,3304	-70,389	167,5900
19,3268	-70,391	167,5950
19,3357	-70,393	167,6000
19,3318	-70,395	167,6050
19,3260	-70,397	167,6100
19,3349	-70,399	167,6150
19,3341	-70,401	167,6200
19,3295	-70,403	167,6250
19,3385	-70,406	167,6300
19,3394	-70,408	167,6350
19,3335	-70,410	167,6400
19,3394	-70,412	167,6450
19,3467	-70,414	167,6500
19,3390	-70,416	167,6550
19,3387	-70,418	167,6600
19,3421	-70,420	167,6650
19,3365	-70,422	167,6700
19,3364	-70,424	167,6750
19,3456	-70,427	167,6800
19,3411	-70,429	167,6850
19,3388	-70,431	167,6900
19,3479	-70,433	167,6950
19,3513	-70,435	167,7000
19,3427	-70,437	167,7050
19,3443	-70,439	167,7100
19,3466	-70,441	167,7150
19,3463	-70,443	167,7200
19,3522	-70,445	167,7250
19,3525	-70,448	167,7300
19,3439	-70,450	167,7350
19,3400	-70,452	167,7400
19,3528	-70,454	167,7450
19,3543	-70,456	167,7500
19,3551	-70,458	167,7550
19,3604	-70,460	167,7600
19,3505	-70,462	167,7650
19,3487	-70,464	167,7700
19,3583	-70,466	167,7750
19,3553	-70,469	167,7800
19,3499	-70,471	167,7850
19,3622	-70,473	167,7900
19,3632	-70,475	167,7950
19,3607	-70,477	167,8000
19,3693	-70,479	167,8050
19,3635	-70,481	167,8100
19,3539	-70,483	167,8150
19,3601	-70,485	167,8200
19,3633	-70,487	167,8250
19,3573	-70,490	167,8300
19,3547	-70,492	167,8350
19,3613	-70,494	167,8400
19,3608	-70,496	167,8450
19,3641	-70,498	167,8500
19,3714	-70,500	167,8550
19,3706	-70,502	167,8600
19,3651	-70,504	167,8650
19,3712	-70,506	167,8700
19,3714	-70,508	167,8750
19,3690	-70,511	167,8800
19,3753	-70,513	167,8850
19,3726	-70,515	167,8900
19,3660	-70,517	167,8950
19,3734	-70,519	167,9000
19,3744	-70,521	167,9050
19,3728	-70,523	167,9100
19,3800	-70,525	167,9150
19,3809	-70,527	167,9200
19,3805	-70,529	167,9250
19,3828	-70,532	167,9300
19,3823	-70,534	167,9350
19,3778	-70,536	167,9400
19,3784	-70,538	167,9450
19,3860	-70,540	167,9500
19,3823	-70,542	167,9550
19,3739	-70,544	167,9600
19,3793	-70,546	167,9650
19,3820	-70,548	167,9700
19,3805	-70,550	167,9750
19,3961	-70,553	167,9800
19,3940	-70,555	167,9850
19,3865	-70,557	167,9900
19,3908	-70,559	167,9950
19,3897	-70,561	168,0000
19,3814	-70,563	168,0050
19,3899	-70,565	168,0100
19,3953	-70,567	168,0150
19,3875	-70,569	168,0200
19,3875	-70,571	168,0250
19,3984	-70,574	168,0300
19,3893	-70,576	168,0350
19,3920	-70,578	168,0400
19,4000	-70,580	168,0450
19,3960	-70,582	168,0500
19,3861	-70,584	168,0550
19,3953	-70,586	168,0600
19,4059	-70,588	168,0650
19,4047	-70,590	168,0700
19,4038	-70,592	168,0750
19,4003	-70,595	168,0800
19,3924	-70,597	168,0850
19,3991	-70,599	168,0900
19,4063	-70,601	168,0950
19,4020	-70,603	168,1000
19,4039	-70,605	168,1050
19,4079	-70,607	168,1100
19,4034	-70,609	168,1150
19,3976	-70,611	168,1200
19,4019	-70,613	168,1250
19,4067	-70,616	168,1300
19,4111	-70,618	168,1350
19,4103	-70,620	168,1400
19,4090	-70,622	168,1450
19,4081	-70,624	168,1500
19,4167	-70,626	168,1550
19,4196	-70,628	168,1600
19,4096	-70,630	168,1650
19,4098	-70,632	168,1700
19,4182	-70,634	168,1750
19,4104	-70,637	168,1800
19,4085	-70,639	168,1850
19,4087	-70,641	168,1900
19,4037	-70,643	168,1950
19,4094	-70,645	168,2000
19,4170	-70,647	168,2050
19,4118	-70,649	168,2100
19,4050	-70,651	168,2150
19,4111	-70,653	168,2200
19,4111	-70,655	168,2250
19,4097	-70,658	168,2300
19,4205	-70,660	168,2350
19,4239	-70,662	168,2400
19,4200	-70,664	168,2450
19,4254	-70,666	168,2500
19,4231	-70,668	168,2550
19,4218	-70,670	168,2600
19,4262	-70,672	168,2650
19,4276	-70,674	168,2700
19,4219	-70,676	168,2750
19,4219	-70,679	168,2800
19,4220	-70,681	168,2850
19,4231	-70,683	168,2900
19,4307	-70,685	168,2950
19,4326	-70,687	168,3000
19,4302	-70,689	168,3050
19,4302	-70,691	168,3100
19,4364	-70,693	168,3150
19,4369	-70,695	168,3200
19,4347	-70,697	168,3250
19,4402	-70,700	168,3300
19,4376	-70,702	168,3350
19,4322	-70,704	168,3400
19,4360	-70,706	168,3450
19,4351	-70,708	168,3500
19,4348	-70,710	168,3550
19,4408	-70,712	168,3600
19,4492	-70,714	168,3650
19,4407	-70,716	168,3700
19,4460	-70,718	168,3750
19,4458	-70,721	168,3800
19,4427	-70,723	168,3850
19,4465	-70,725	168,3900
19,4540	-70,727	168,3950
19,4454	-70,729	168,4000
19,4362	-70,731	168,4050
19,4376	-70,733	168,4100
19,4405	-70,735	168,4150
19,4419	-70,737	168,4200
19,4482	-70,739	168,4250
19,4440	-70,742	168,4300
19,4380	-70,744	168,4350
19,4462	-70,746	168,4400
19,4516	-70,748	168,4450
19,4478	-70,750	168,4500
19,4492	-70,752	168,4550
19,4527	-70,754	168,4600
19,4483	-70,756	168,4650
19,4458	-70,758	168,4700
19,4509	-70,760	168,4750
19,4531	-70,763	168,4800
19,4590	-70,765	168,4850
19,4643	-70,767	168,4900
19,4587	-70,769	168,4950
19,4518	-70,771	168,5000
19,4603	-70,773	168,5050
19,4597	-70,775	168,5100
19,4530	-70,777	168,5150
19,4604	-70,779	168,5200
19,4619	-70,781	168,5250
19,4567	-70,784	168,5300
19,4604	-70,786	168,5350
19,4676	-70,788	168,5400
19,4668	-70,790	168,5450
19,4668	-70,792	168,5500
19,4731	-70,794	168,5550
19,4698	-70,796	168,5600
19,4658	-70,798	168,5650
19,4681	-70,800	168,5700
19,4696	-70,802	168,5750
19,4734	-70,805	168,5800
19,4789	-70,807	168,5850
19,4814	-70,809	168,5900
19,4739	-70,811	168,5950
19,4695	-70,813	168,6000
19,4661	-70,815	168,6050
19,4734	-70,817	168,6100
19,4782	-70,819	168,6150
19,4774	-70,821	168,6200
19,4677	-70,823	168,6250
19,4705	-70,826	168,6300
19,4759	-70,828	168,6350
19,4695	-70,830	168,6400
19,4737	-70,832	168,6450
19,4833	-70,834	168,6500
19,4762	-70,836	168,6550
19,4797	-70,838	168,6600
19,4842	-70,840	168,6650
19,4819	-70,842	168,6700
19,4821	-70,844	168,6750
19,4931	-70,847	168,6800
19,4855	-70,849	168,6850
19,4735	-70,851	168,6900
19,4822	-70,853	168,6950
19,4838	-70,855	168,7000
19,4858	-70,857	168,7050
19,4959	-70,859	168,7100
19,4957	-70,861	168,7150
19,4854	-70,863	168,7200
19,4895	-70,865	168,7250
19,4924	-70,868	168,7300
19,4905	-70,870	168,7350
19,4820	-70,872	168,7400
19,4967	-70,874	168,7450
19,4983	-70,876	168,7500
19,4950	-70,878	168,7550
19,4989	-70,880	168,7600
19,4942	-70,882	168,7650
19,4965	-70,884	168,7700
19,5008	-70,886	168,7750
19,4920	-70,889	168,7800
19,4931	-70,891	168,7850
19,5053	-70,893	168,7900
19,5067	-70,895	168,7950
19,4995	-70,897	168,8000
19,5041	-70,899	168,8050
19,5055	-70,901	168,8100
19,4965	-70,903	168,8150
19,4986	-70,905	168,8200
19,5008	-70,907	168,8250
19,5082	-70,910	168,8300
19,5091	-70,912	168,8350
19,5194	-70,914	168,8400
19,5103	-70,916	168,8450
19,5056	-70,918	168,8500
19,5149	-70,920	168,8550
19,5115	-70,922	168,8600
19,5096	-70,924	168,8650
19,5249	-70,926	168,8700
19,5175	-70,928	168,8750
19,5031	-70,931	168,8800
19,5111	-70,933	168,8850
19,5147	-70,935	168,8900
19,5142	-70,937	168,8950
19,5285	-70,939	168,9000
19,5298	-70,941	168,9050
19,5182	-70,943	168,9100
19,5199	-70,945	168,9150
19,5237	-70,947	168,9200
19,5209	-70,949	168,9250
19,5162	-70,952	168,9300
19,5156	-70,954	168,9350
19,5111	-70,956	168,9400
19,5155	-70,958	168,9450
19,5262	-70,960	168,9500
19,5277	-70,962	168,9550
19,5251	-70,964	168,9600
19,5296	-70,966	168,9650
19,5242	-70,968	168,9700
19,5185	-70,970	168,9750
19,5316	-70,973	168,9800
19,5278	-70,975	168,9850
19,5172	-70,977	168,9900
19,5204	-70,979	168,9950
19,5268	-70,981	169,0000
19,5163	-70,983	169,0050
19,5186	-70,985	169,0100
19,5222	-70,987	169,0150
19,5273	-70,989	169,0200
19,5368	-70,991	169,0250
19,5436	-70,994	169,0300
19,5365	-70,996	169,0350
19,5339	-70,998	169,0400
19,5434	-71,000	169,0450
19,5402	-71,002	169,0500
19,5329	-71,004	169,0550
19,5444	-71,006	169,0600
19,5478	-71,008	169,0650
19,5372	-71,010	169,0700
19,5367	-71,012	169,0750
19,5358	-71,015	169,0800
19,5333	-71,017	169,0850
19,5450	-71,019	169,0900
19,5519	-71,021	169,0950
19,5400	-71,023	169,1000
19,5415	-71,025	169,1050
19,5453	-71,027	169,1100
19,5448	-71,029	169,1150
19,5435	-71,031	169,1200
19,5474	-71,033	169,1250
19,5465	-71,036	169,1300
19,5432	-71,038	169,1350
19,5521	-71,040	169,1400
19,5542	-71,042	169,1450
19,5467	-71,044	169,1500
19,5568	-71,046	169,1550
19,5615	-71,048	169,1600
19,5530	-71,050	169,1650
19,5584	-71,052	169,1700
19,5581	-71,054	169,1750
19,5494	-71,057	169,1800
19,5569	-71,059	169,1850
19,5625	-71,061	169,1900
19,5534	-71,063	169,1950
19,5531	-71,065	169,2000
19,5578	-71,067	169,2050
19,5606	-71,069	169,2100
19,5576	-71,071	169,2150
19,5633	-71,073	169,2200
19,5583	-71,075	169,2250
19,5594	-71,078	169,2300
19,5703	-71,080	169,2350
19,5679	-71,082	169,2400
19,5624	-71,084	169,2450
19,5688	-71,086	169,2500
19,5680	-71,088	169,2550
19,5610	-71,090	169,2600
19,5617	-71,092	169,2650
19,5677	-71,094	169,2700
19,5671	-71,096	169,2750
19,5762	-71,099	169,2800
19,5680	-71,101	169,2850
19,5604	-71,103	169,2900
19,5679	-71,105	169,2950
19,5774	-71,107	169,3000
19,5767	-71,109	169,3050
19,5738	-71,111	169,3100
19,5808	-71,113	169,3150
19,5729	-71,115	169,3200
19,5670	-71,117	169,3250
19,5751	-71,120	169,3300
19,5750	-71,122	169,3350
19,5753	-71,124	169,3400
19,5888	-71,126	169,3450
19,5908	-71,128	169,3500
19,5819	-71,130	169,3550
19,5800	-71,132	169,3600
19,5884	-71,134	169,3650
19,5834	-71,136	169,3700
19,5872	-71,138	169,3750
19,5934	-71,141	169,3800
19,5841	-71,143	169,3850
19,5775	-71,145	169,3900
19,5764	-71,147	169,3950
19,5825	-71,149	169,4000
19,5819	-71,151	169,4050
19,5888	-71,153	169,4100
19,5883	-71,155	169,4150
19,5892	-71,157	169,4200
19,5943	-71,159	169,4250
19,5940	-71,162	169,4300
19,5869	-71,164	169,4350
19,5968	-71,166	169,4400
19,5964	-71,168	169,4450
19,5883	-71,170	169,4500
19,5920	-71,172	169,4550
19,5997	-71,174	169,4600
19,5970	-71,176	169,4650
19,6025	-71,178	169,4700
19,6054	-71,180	169,4750
19,5942	-71,183	169,4800
19,5945	-71,185	169,4850
19,5976	-71,187	169,4900
19,5955	-71,189	169,4950
19,5889	-71,191	169,5000
19,6010	-71,193	169,5050
19,5999	-71,195	169,5100
19,6014	-71,197	169,5150
19,6141	-71,199	169,5200
19,6164	-71,201	169,5250
19,6117	-71,204	169,5300
19,6174	-71,206	169,5350
19,6181	-71,208	169,5400
19,6096	-71,210	169,5450
19,6115	-71,212	169,5500
19,6165	-71,214	169,5550
19,6074	-71,216	169,5600
19,6114	-71,218	169,5650
19,6153	-71,220	169,5700
19,6114	-71,222	169,5750
19,6103	-71,225	169,5800
19,6189	-71,227	169,5850
19,6158	-71,229	169,5900
19,6127	-71,231	169,5950
19,6179	-71,233	169,6000
19,6133	-71,235	169,6050
19,6108	-71,237	169,6100
19,6212	-71,239	169,6150
19,6230	-71,241	169,6200
19,6158	-71,243	169,6250
19,6209	-71,246	169,6300
19,6275	-71,248	169,6350
19,6228	-71,250	169,6400
19,6199	-71,252	169,6450
19,6244	-71,254	169,6500
19,6274	-71,256	169,6550
19,6318	-71,258	169,6600
19,6376	-71,260	169,6650
19,6289	-71,262	169,6700
19,6232	-71,264	169,6750
19,6314	-71,267	169,6800
19,6231	-71,269	169,6850
19,6208	-71,271	169,6900
19,6283	-71,273	169,6950
19,6272	-71,275	169,7000
19,6220	-71,277	169,7050
19,6283	-71,279	169,7100
19,6314	-71,281	169,7150
19,6233	-71,283	169,7200
19,6300	-71,285	169,7250
19,6318	-71,288	169,7300
19,6308	-71,290	169,7350
19,6331	-71,292	169,7400
19,6392	-71,294	169,7450
19,6334	-71,296	169,7500
19,6372	-71,298	169,7550
19,6432	-71,300	169,7600
19,6418	-71,302	169,7650
19,6415	-71,304	169,7700
19,6478	-71,306	169,7750
19,6453	-71,309	169,7800
19,6358	-71,311	169,7850
19,6442	-71,313	169,7900
19,6434	-71,315	169,7950
19,6412	-71,317	169,8000
19,6441	-71,319	169,8050
19,6410	-71,321	169,8100
19,6417	-71,323	169,8150
19,6495	-71,325	169,8200
19,6546	-71,327	169,8250
19,6502	-71,330	169,8300
19,6513	-71,332	169,8350
19,6515	-71,334	169,8400
19,6446	-71,336	169,8450
19,6481	-71,338	169,8500
19,6590	-71,340	169,8550
19,6568	-71,342	169,8600
19,6519	-71,344	169,8650
19,6535	-71,346	169,8700
19,6460	-71,348	169,8750
19,6486	-71,351	169,8800
19,6590	-71,353	169,8850
19,6612	-71,355	169,8900
19,6568	-71,357	169,8950
19,6612	-71,359	169,9000
19,6590	-71,361	169,9050
19,6515	-71,363	169,9100
19,6609	-71,365	169,9150
19,6660	-71,367	169,9200
19,6555	-71,369	169,9250
19,6493	-71,372	169,9300
19,6528	-71,374	169,9350
19,6564	-71,376	169,9400
19,6588	-71,378	169,9450
19,6600	-71,380	169,9500
19,6579	-71,382	169,9550
19,6604	-71,384	169,9600
19,6707	-71,386	169,9650
19,6696	-71,388	169,9700
19,6686	-71,390	169,9750
19,6704	-71,393	169,9800
19,6690	-71,395	169,9850
19,6624	-71,397	169,9900
19,6731	-71,399	169,9950
19,6778	-71,401	170,0000
19,6704	-71,403	170,0050
19,6731	-71,405	170,0100
19,6806	-71,407	170,0150
19,6726	-71,409	170,0200
19,6772	-71,411	170,0250
19,6870	-71,414	170,0300
19,6860	-71,416	170,0350
19,6871	-71,418	170,0400
19,6815	-71,420	170,0450
19,6783	-71,422	170,0500
19,6800	-71,424	170,0550
19,6836	-71,426	170,0600
19,6844	-71,428	170,0650
19,6821	-71,430	170,0700
19,6871	-71,432	170,0750
19,6883	-71,435	170,0800
19,6774	-71,437	170,0850
19,6824	-71,439	170,0900
19,6895	-71,441	170,0950
19,6863	-71,443	170,1000
19,6915	-71,445	170,1050
19,6969	-71,447	170,1100
19,6926	-71,449	170,1150
19,6837	-71,451	170,1200
19,6891	-71,453	170,1250
19,6849	-71,456	170,1300
19,6850	-71,458	170,1350
19,6897	-71,460	170,1400
19,6926	-71,462	170,1450
19,6913	-71,464	170,1500
19,7016	-71,466	170,1550
19,6993	-71,468	170,1600
19,6903	-71,470	170,1650
19,6927	-71,472	170,1700
19,6964	-71,474	170,1750
19,6916	-71,477	170,1800
19,7016	-71,479	170,1850
19,7036	-71,481	170,1900
19,6993	-71,483	170,1950
19,7088	-71,485	170,2000
19,7103	-71,487	170,2050
19,7024	-71,489	170,2100
19,6963	-71,491	170,2150
19,7041	-71,493	170,2200
19,7028	-71,495	170,2250
19,7055	-71,498	170,2300
19,7094	-71,500	170,2350
19,7010	-71,502	170,2400
19,6986	-71,504	170,2450
19,7087	-71,506	170,2500
19,7122	-71,508	170,2550
19,7115	-71,510	170,2600
19,7160	-71,512	170,2650
19,7134	-71,514	170,2700
19,6999	-71,516	170,2750
19,7065	-71,519	170,2800
19,7148	-71,521	170,2850
19,7144	-71,523	170,2900
19,7214	-71,525	170,2950
19,7243	-71,527	170,3000
19,7153	-71,529	170,3050
19,7123	-71,531	170,3100
19,7180	-71,533	170,3150
19,7187	-71,535	170,3200
19,7160	-71,537	170,3250
19,7211	-71,540	170,3300
19,7222	-71,542	170,3350
19,7144	-71,544	170,3400
19,7253	-71,546	170,3450
19,7336	-71,548	170,3500
19,7282	-71,550	170,3550
19,7253	-71,552	170,3600
19,7237	-71,554	170,3650
19,7176	-71,556	170,3700
19,7299	-71,558	170,3750
19,7328	-71,561	170,3800
19,7233	-71,563	170,3850
19,7277	-71,565	170,3900
19,7387	-71,567	170,3950
19,7296	-71,569	170,4000
19,7211	-71,571	170,4050
19,7325	-71,573	170,4100
19,7342	-71,575	170,4150
19,7317	-71,577	170,4200
19,7351	-71,579	170,4250
19,7344	-71,582	170,4300
19,7277	-71,584	170,4350
19,7407	-71,586	170,4400
19,7405	-71,588	170,4450
19,7395	-71,590	170,4500
19,7366	-71,592	170,4550
19,7416	-71,594	170,4600
19,7312	-71,596	170,4650
19,7329	-71,598	170,4700
19,7375	-71,600	170,4750
19,7325	-71,603	170,4800
19,7368	-71,605	170,4850
19,7501	-71,607	170,4900
19,7496	-71,609	170,4950
19,7452	-71,611	170,5000
19,7464	-71,613	170,5050
19,7471	-71,615	170,5100
19,7462	-71,617	170,5150
19,7507	-71,619	170,5200
19,7500	-71,621	170,5250
19,7500	-71,624	170,5300
19,7565	-71,626	170,5350
19,7558	-71,628	170,5400
19,7498	-71,630	170,5450
19,7493	-71,632	170,5500
19,7605	-71,634	170,5550
19,7615	-71,636	170,5600
19,7570	-71,638	170,5650
19,7555	-71,640	170,5700
19,7471	-71,642	170,5750
19,7477	-71,645	170,5800
19,7614	-71,647	170,5850
19,7637	-71,649	170,5900
19,7576	-71,651	170,5950
19,7673	-71,653	170,6000
19,7592	-71,655	170,6050
19,7514	-71,657	170,6100
19,7579	-71,659	170,6150
19,7640	-71,661	170,6200
19,7565	-71,663	170,6250
19,7652	-71,666	170,6300
19,7622	-71,668	170,6350
19,7557	-71,670	170,6400
19,7568	-71,672	170,6450
19,7634	-71,674	170,6500
19,7666	-71,676	170,6550
19,7661	-71,678	170,6600
19,7676	-71,680	170,6650
19,7641	-71,682	170,6700
19,7650	-71,684	170,6750
19,7710	-71,687	170,6800
19,7740	-71,689	170,6850
19,7699	-71,691	170,6900
19,7757	-71,693	170,6950
19,7807	-71,695	170,7000
19,7743	-71,697	170,7050
19,7779	-71,699	170,7100
19,7749	-71,701	170,7150
19,7692	-71,703	170,7200
19,7750	-71,705	170,7250
19,7790	-71,708	170,7300
19,7797	-71,710	170,7350
19,7778	-71,712	170,7400
19,7904	-71,714	170,7450
19,7835	-71,716	170,7500
19,7862	-71,718	170,7550
19,7921	-71,720	170,7600
19,7808	-71,722	170,7650
19,7754	-71,724	170,7700
19,7854	-71,726	170,7750
19,7813	-71,729	170,7800
19,7748	-71,731	170,7850
19,7829	-71,733	170,7900
19,7900	-71,735	170,7950
19,7910	-71,737	170,8000
19,7941	-71,739	170,8050
19,7911	-71,741	170,8100
19,7811	-71,743	170,8150
19,7860	-71,745	170,8200
19,7882	-71,747	170,8250
19,7872	-71,750	170,8300
19,7894	-71,752	170,8350
19,7944	-71,754	170,8400
19,7862	-71,756	170,8450
19,7936	-71,758	170,8500
19,8035	-71,760	170,8550
19,7999	-71,762	170,8600
19,8043	-71,764	170,8650
19,8083	-71,766	170,8700
19,7966	-71,768	170,8750
19,7964	-71,771	170,8800
19,8045	-71,773	170,8850
19,8054	-71,775	170,8900
19,8010	-71,777	170,8950
19,8063	-71,779	170,9000
19,8101	-71,781	170,9050
19,8010	-71,783	170,9100
19,8033	-71,785	170,9150
19,8030	-71,787	170,9200
19,8082	-71,789	170,9250
19,8073	-71,792	170,9300
19,8151	-71,794	170,9350
19,8055	-71,796	170,9400
19,8056	-71,798	170,9450
19,8148	-71,800	170,9500
19,8153	-71,802	170,9550
19,8108	-71,804	170,9600
19,8144	-71,806	170,9650
19,8126	-71,808	170,9700
19,8078	-71,810	170,9750
19,8132	-71,813	170,9800
19,8182	-71,815	170,9850
19,8196	-71,817	170,9900
19,8209	-71,819	170,9950
19,8168	-71,821	171,0000
19,8097	-71,823	171,0050
19,8137	-71,825	171,0100
19,8196	-71,827	171,0150
19,8224	-71,829	171,0200
19,8231	-71,831	171,0250
19,8298	-71,834	171,0300
19,8209	-71,836	171,0350
19,8225	-71,838	171,0400
19,8357	-71,840	171,0450
19,8313	-71,842	171,0500
19,8273	-71,844	171,0550
19,8351	-71,846	171,0600
19,8340	-71,848	171,0650
19,8287	-71,850	171,0700
19,8369	-71,852	171,0750
19,8374	-71,855	171,0800
19,8279	-71,857	171,0850
19,8404	-71,859	171,0900
19,8399	-71,861	171,0950
19,8229	-71,863	171,1000
19,8303	-71,865	171,1050
19,8401	-71,867	171,1100
19,8404	-71,869	171,1150
19,8328	-71,871	171,1200
19,8418	-71,873	171,1250
19,8349	-71,876	171,1300
19,8337	-71,878	171,1350
19,8470	-71,880	171,1400
19,8477	-71,882	171,1450
19,8425	-71,884	171,1500
19,8438	-71,886	171,1550
19,8417	-71,888	171,1600
19,8432	-71,890	171,1650
19,8419	-71,892	171,1700
19,8437	-71,894	171,1750
19,8455	-71,897	171,1800
19,8516	-71,899	171,1850
19,8535	-71,901	171,1900
19,8408	-71,903	171,1950
19,8451	-71,905	171,2000
19,8520	-71,907	171,2050
19,8498	-71,909	171,2100
19,8463	-71,911	171,2150
19,8518	-71,913	171,2200
19,8495	-71,915	171,2250
19,8483	-71,918	171,2300
19,8575	-71,920	171,2350
19,8550	-71,922	171,2400
19,8468	-71,924	171,2450
19,8507	-71,926	171,2500
19,8509	-71,928	171,2550
19,8454	-71,930	171,2600
19,8581	-71,932	171,2650
19,8654	-71,934	171,2700
19,8552	-71,936	171,2750
19,8619	-71,939	171,2800
19,8669	-71,941	171,2850
19,8559	-71,943	171,2900
19,8490	-71,945	171,2950
19,8497	-71,947	171,3000
19,8559	-71,949	171,3050
19,8541	-71,951	171,3100
19,8585	-71,953	171,3150
19,8562	-71,955	171,3200
19,8593	-71,957	171,3250
19,8691	-71,960	171,3300
19,8639	-71,962	171,3350
19,8577	-71,964	171,3400
19,8711	-71,966	171,3450
19,8661	-71,968	171,3500
19,8553	-71,970	171,3550
19,8536	-71,972	171,3600
19,8576	-71,974	171,3650
19,8564	-71,976	171,3700
19,8695	-71,978	171,3750
19,8779	-71,981	171,3800
19,8691	-71,983	171,3850
19,8657	-71,985	171,3900
19,8749	-71,987	171,3950
19,8785	-71,989	171,4000
19,8742	-71,991	171,4050
19,8820	-71,993	171,4100
19,8744	-71,995	171,4150
19,8669	-71,997	171,4200
19,8772	-71,999	171,4250
19,8724	-72,002	171,4300
19,8706	-72,004	171,4350
19,8862	-72,006	171,4400
19,8835	-72,008	171,4450
19,8711	-72,010	171,4500
19,8734	-72,012	171,4550
19,8774	-72,014	171,4600
19,8731	-72,016	171,4650
19,8815	-72,018	171,4700
19,8863	-72,020	171,4750
19,8808	-72,023	171,4800
19,8881	-72,025	171,4850
19,8942	-72,027	171,4900
19,8882	-72,029	171,4950
19,8840	-72,031	171,5000
19,8934	-72,033	171,5050
19,8897	-72,035	171,5100
19,8821	-72,037	171,5150
19,8925	-72,039	171,5200
19,8988	-72,041	171,5250
19,8886	-72,044	171,5300
19,8889	-72,046	171,5350
19,8914	-72,048	171,5400
19,8924	-72,050	171,5450
19,8998	-72,052	171,5500
19,9019	-72,054	171,5550
19,8963	-72,056	171,5600
19,9003	-72,058	171,5650
19,9044	-72,060	171,5700
19,8965	-72,062	171,5750
19,8939	-72,065	171,5800
19,9020	-72,067	171,5850
19,9062	-72,069	171,5900
19,9039	-72,071	171,5950
19,9101	-72,073	171,6000
19,9087	-72,075	171,6050
19,8940	-72,077	171,6100
19,9072	-72,079	171,6150
19,9046	-72,081	171,6200
19,8969	-72,083	171,6250
19,9089	-72,086	171,6300
19,9053	-72,088	171,6350
19,9012	-72,090	171,6400
19,9034	-72,092	171,6450
19,9137	-72,094	171,6500
19,9030	-72,096	171,6550
19,9047	-72,098	171,6600
19,9127	-72,100	171,6650
19,9135	-72,102	171,6700
19,9201	-72,104	171,6750
19,9247	-72,107	171,6800
19,9201	-72,109	171,6850
19,9100	-72,111	171,6900
19,9132	-72,113	171,6950
19,9181	-72,115	171,7000
19,9179	-72,117	171,7050
19,9209	-72,119	171,7100
19,9152	-72,121	171,7150
19,9087	-72,123	171,7200
19,9153	-72,125	171,7250
19,9205	-72,128	171,7300
19,9192	-72,130	171,7350
19,9159	-72,132	171,7400
19,9240	-72,134	171,7450
19,9194	-72,136	171,7500
19,9255	-72,138	171,7550
19,9389	-72,140	171,7600
19,9299	-72,142	171,7650
19,9215	-72,144	171,7700
19,9283	-72,146	171,7750
19,9289	-72,149	171,7800
19,9240	-72,151	171,7850
19,9302	-72,153	171,7900
19,9302	-72,155	171,7950
19,9208	-72,157	171,8000
19,9327	-72,159	171,8050
19,9363	-72,161	171,8100
19,9277	-72,163	171,8150
19,9328	-72,165	171,8200
19,9394	-72,167	171,8250
19,9369	-72,170	171,8300
19,9302	-72,172	171,8350
19,9354	-72,174	171,8400
19,9334	-72,176	171,8450
19,9291	-72,178	171,8500
19,9386	-72,180	171,8550
19,9413	-72,182	171,8600
19,9451	-72,184	171,8650
19,9528	-72,186	171,8700
19,9437	-72,188	171,8750
19,9394	-72,191	171,8800
19,9517	-72,193	171,8850
19,9523	-72,195	171,8900
19,9438	-72,197	171,8950
19,9483	-72,199	171,9000
19,9519	-72,201	171,9050
19,9486	-72,203	171,9100
19,9527	-72,205	171,9150
19,9530	-72,207	171,9200
19,9460	-72,209	171,9250
19,9435	-72,212	171,9300
19,9565	-72,214	171,9350
19,9497	-72,216	171,9400
19,9509	-72,218	171,9450
19,9594	-72,220	171,9500
19,9543	-72,222	171,9550
19,9468	-72,224	171,9600
19,9509	-72,226	171,9650
19,9545	-72,228	171,9700
19,9543	-72,230	171,9750
19,9654	-72,233	171,9800
19,9589	-72,235	171,9850
19,9523	-72,237	171,9900
19,9621	-72,239	171,9950
19,9640	-72,241	172,0000
19,9605	-72,243	172,0050
19,9683	-72,245	172,0100
19,9675	-72,247	172,0150
19,9612	-72,249	172,0200
19,9571	-72,251	172,0250
19,9654	-72,254	172,0300
19,9638	-72,256	172,0350
19,9649	-72,258	172,0400
19,9734	-72,260	172,0450
19,9677	-72,262	172,0500
19,9632	-72,264	172,0550
19,9738	-72,266	172,0600
19,9720	-72,268	172,0650
19,9603	-72,270	172,0700
19,9647	-72,272	172,0750
19,9770	-72,275	172,0800
19,9700	-72,277	172,0850
19,9759	-72,279	172,0900
19,9840	-72,281	172,0950
19,9793	-72,283	172,1000
19,9768	-72,285	172,1050
19,9770	-72,287	172,1100
19,9751	-72,289	172,1150
19,9739	-72,291	172,1200
19,9788	-72,293	172,1250
19,9747	-72,296	172,1300
19,9779	-72,298	172,1350
19,9885	-72,300	172,1400
19,9816	-72,302	172,1450
19,9754	-72,304	172,1500
19,9848	-72,306	172,1550
19,9859	-72,308	172,1600
19,9862	-72,310	172,1650
19,9861	-72,312	172,1700
19,9892	-72,314	172,1750
19,9908	-72,317	172,1800
19,9963	-72,319	172,1850
19,9952	-72,321	172,1900
19,9838	-72,323	172,1950
19,9802	-72,325	172,2000
19,9880	-72,327	172,2050
19,9875	-72,329	172,2100
19,9909	-72,331	172,2150
20,0006	-72,333	172,2200
19,9954	-72,335	172,2250
19,9853	-72,338	172,2300
19,9868	-72,340	172,2350
19,9887	-72,342	172,2400
19,9960	-72,344	172,2450
20,0065	-72,346	172,2500
20,0022	-72,348	172,2550
20,0018	-72,350	172,2600
20,0003	-72,352	172,2650
19,9984	-72,354	172,2700
19,9954	-72,356	172,2750
20,0017	-72,359	172,2800
20,0018	-72,361	172,2850
19,9954	-72,363	172,2900
20,0042	-72,365	172,2950
20,0158	-72,367	172,3000
20,0076	-72,369	172,3050
20,0054	-72,371	172,3100
20,0174	-72,373	172,3150
20,0093	-72,375	172,3200
19,9982	-72,377	172,3250
20,0068	-72,380	172,3300
20,0049	-72,382	172,3350
20,0002	-72,384	172,3400
20,0093	-72,386	172,3450
20,0123	-72,388	172,3500
20,0149	-72,390	172,3550
20,0197	-72,392	172,3600
20,0182	-72,394	172,3650
20,0067	-72,396	172,3700
20,0089	-72,398	172,3750
20,0142	-72,401	172,3800
20,0116	-72,403	172,3850
20,0156	-72,405	172,3900
20,0235	-72,407	172,3950
20,0196	-72,409	172,4000
20,0200	-72,411	172,4050
20,0271	-72,413	172,4100
20,0203	-72,415	172,4150
20,0206	-72,417	172,4200
20,0278	-72,419	172,4250
20,0208	-72,422	172,4300
20,0177	-72,424	172,4350
20,0277	-72,426	172,4400
20,0290	-72,428	172,4450
20,0230	-72,430	172,4500
20,0244	-72,432	172,4550
20,0280	-72,434	172,4600
20,0215	-72,436	172,4650
20,0242	-72,438	172,4700
20,0309	-72,440	172,4750
20,0276	-72,443	172,4800
20,0256	-72,445	172,4850
20,0283	-72,447	172,4900
20,0265	-72,449	172,4950
20,0292	-72,451	172,5000
20,0369	-72,453	172,5050
20,0381	-72,455	172,5100
20,0385	-72,457	172,5150
20,0402	-72,459	172,5200
20,0324	-72,461	172,5250
20,0282	-72,464	172,5300
20,0381	-72,466	172,5350
20,0382	-72,468	172,5400
20,0293	-72,470	172,5450
20,0306	-72,472	172,5500
20,0401	-72,474	172,5550
20,0359	-72,476	172,5600
20,0414	-72,478	172,5650
20,0440	-72,480	172,5700
20,0364	-72,482	172,5750
20,0390	-72,485	172,5800
20,0510	-72,487	172,5850
20,0402	-72,489	172,5900
20,0345	-72,491	172,5950
20,0490	-72,493	172,6000
20,0465	-72,495	172,6050
20,0455	-72,497	172,6100
20,0524	-72,499	172,6150
20,0481	-72,501	172,6200
20,0405	-72,503	172,6250
20,0460	-72,506	172,6300
20,0477	-72,508	172,6350
20,0520	-72,510	172,6400
20,0486	-72,512	172,6450
20,0553	-72,514	172,6500
20,0507	-72,516	172,6550
20,0494	-72,518	172,6600
20,0534	-72,520	172,6650
20,0464	-72,522	172,6700
20,0497	-72,524	172,6750
20,0566	-72,527	172,6800
20,0498	-72,529	172,6850
20,0414	-72,531	172,6900
20,0563	-72,533	172,6950
20,0570	-72,535	172,7000
20,0505	-72,537	172,7050
20,0579	-72,539	172,7100
20,0604	-72,541	172,7150
20,0541	-72,543	172,7200
20,0584	-72,545	172,7250
20,0560	-72,548	172,7300
20,0596	-72,550	172,7350
20,0619	-72,552	172,7400
20,0605	-72,554	172,7450
20,0532	-72,556	172,7500
20,0541	-72,558	172,7550
20,0687	-72,560	172,7600
20,0672	-72,562	172,7650
20,0661	-72,564	172,7700
20,0733	-72,566	172,7750
20,0706	-72,569	172,7800
20,0588	-72,571	172,7850
20,0614	-72,573	172,7900
20,0658	-72,575	172,7950
20,0628	-72,577	172,8000
20,0762	-72,579	172,8050
20,0787	-72,581	172,8100
20,0721	-72,583	172,8150
20,0721	-72,585	172,8200
20,0717	-72,587	172,8250
20,0721	-72,590	172,8300
20,0703	-72,592	172,8350
20,0656	-72,594	172,8400
20,0664	-72,596	172,8450
20,0755	-72,598	172,8500
20,0820	-72,600	172,8550
20,0771	-72,602	172,8600
20,0767	-72,604	172,8650
20,0833	-72,606	172,8700
20,0808	-72,608	172,8750
20,0770	-72,611	172,8800
20,0877	-72,613	172,8850
20,0872	-72,615	172,8900
20,0759	-72,617	172,8950
20,0746	-72,619	172,9000
20,0760	-72,621	172,9050
20,0749	-72,623	172,9100
20,0817	-72,625	172,9150
20,0840	-72,627	172,9200
20,0794	-72,629	172,9250
20,0874	-72,632	172,9300
20,0940	-72,634	172,9350
20,0875	-72,636	172,9400
20,0873	-72,638	172,9450
20,0909	-72,640	172,9500
20,0892	-72,642	172,9550
20,0890	-72,644	172,9600
20,0989	-72,646	172,9650
20,0939	-72,648	172,9700
20,0892	-72,650	172,9750
20,0927	-72,653	172,9800
20,0997	-72,655	172,9850
20,0922	-72,657	172,9900
20,0974	-72,659	172,9950
20,1022	-72,661	173,0000
20,0863	-72,663	173,0050
20,0936	-72,665	173,0100
20,1060	-72,667	173,0150
20,1050	-72,669	173,0200
20,0975	-72,671	173,0250
20,1056	-72,674	173,0300
20,0953	-72,676	173,0350
20,0966	-72,678	173,0400
20,1035	-72,680	173,0450
20,1040	-72,682	173,0500
20,1043	-72,684	173,0550
20,1119	-72,686	173,0600
20,1106	-72,688	173,0650
20,1087	-72,690	173,0700
20,1116	-72,692	173,0750
20,1093	-72,695	173,0800
20,1114	-72,697	173,0850
20,1213	-72,699	173,0900
20,1163	-72,701	173,0950
20,1046	-72,703	173,1000
20,1085	-72,705	173,1050
20,1122	-72,707	173,1100
20,1174	-72,709	173,1150
20,1199	-72,711	173,1200
20,1244	-72,713	173,1250
20,1110	-72,716	173,1300
20,1106	-72,718	173,1350
20,1221	-72,720	173,1400
20,1182	-72,722	173,1450
20,1153	-72,724	173,1500
20,1297	-72,726	173,1550
20,1249	-72,728	173,1600
20,1194	-72,730	173,1650
20,1212	-72,732	173,1700
20,1243	-72,734	173,1750
20,1248	-72,737	173,1800
20,1332	-72,739	173,1850
20,1360	-72,741	173,1900
20,1270	-72,743	173,1950
20,1289	-72,745	173,2000
20,1386	-72,747	173,2050
20,1336	-72,749	173,2100
20,1275	-72,751	173,2150
20,1312	-72,753	173,2200
20,1249	-72,755	173,2250
20,1303	-72,758	173,2300
20,1403	-72,760	173,2350
20,1305	-72,762	173,2400
20,1255	-72,764	173,2450
20,1383	-72,766	173,2500
20,1388	-72,768	173,2550
20,1343	-72,770	173,2600
20,1394	-72,772	173,2650
20,1447	-72,774	173,2700
20,1340	-72,776	173,2750
20,1408	-72,779	173,2800
20,1489	-72,781	173,2850
20,1393	-72,783	173,2900
20,1364	-72,785	173,2950
20,1395	-72,787	173,3000
20,1397	-72,789	173,3050
20,1408	-72,791	173,3100
20,1522	-72,793	173,3150
20,1494	-72,795	173,3200
20,1467	-72,797	173,3250
20,1460	-72,800	173,3300
20,1444	-72,802	173,3350
20,1433	-72,804	173,3400
20,1493	-72,806	173,3450
20,1505	-72,808	173,3500
20,1473	-72,810	173,3550
20,1458	-72,812	173,3600
20,1476	-72,814	173,3650
20,1528	-72,816	173,3700
20,1574	-72,818	173,3750
20,1564	-72,821	173,3800
20,1530	-72,823	173,3850
20,1499	-72,825	173,3900
20,1575	-72,827	173,3950
20,1620	-72,829	173,4000
20,1573	-72,831	173,4050
20,1587	-72,833	173,4100
20,1560	-72,835	173,4150
20,1517	-72,837	173,4200
20,1624	-72,839	173,4250
20,1607	-72,842	173,4300
20,1553	-72,844	173,4350
20,1599	-72,846	173,4400
20,1593	-72,848	173,4450
20,1579	-72,850	173,4500
20,1665	-72,852	173,4550
20,1735	-72,854	173,4600
20,1629	-72,856	173,4650
20,1678	-72,858	173,4700
20,1796	-72,860	173,4750
20,1724	-72,863	173,4800
20,1731	-72,865	173,4850
20,1729	-72,867	173,4900
20,1595	-72,869	173,4950
20,1542	-72,871	173,5000
20,1694	-72,873	173,5050
20,1721	-72,875	173,5100
20,1657	-72,877	173,5150
20,1738	-72,879	173,5200
20,1794	-72,881	173,5250
20,1748	-72,884	173,5300
20,1911	-72,886	173,5350
20,1903	-72,888	173,5400
20,1822	-72,890	173,5450
20,1817	-72,892	173,5500
20,1842	-72,894	173,5550
20,1840	-72,896	173,5600
20,1841	-72,898	173,5650
20,1901	-72,900	173,5700
20,1804	-72,902	173,5750
20,1796	-72,905	173,5800
20,1864	-72,907	173,5850
20,1910	-72,909	173,5900
20,1923	-72,911	173,5950
20,1968	-72,913	173,6000
20,1875	-72,915	173,6050
20,1845	-72,917	173,6100
20,1905	-72,919	173,6150
20,1909	-72,921	173,6200
20,1895	-72,923	173,6250
20,1991	-72,926	173,6300
20,1965	-72,928	173,6350
20,1845	-72,930	173,6400
20,1837	-72,932	173,6450
20,1942	-72,934	173,6500
20,1882	-72,936	173,6550
20,1937	-72,938	173,6600
20,2021	-72,940	173,6650
20,1965	-72,942	173,6700
20,2056	-72,944	173,6750
20,2120	-72,947	173,6800
20,2058	-72,949	173,6850
20,1988	-72,951	173,6900
20,2054	-72,953	173,6950
20,2058	-72,955	173,7000
20,1961	-72,957	173,7050
20,2008	-72,959	173,7100
20,2037	-72,961	173,7150
20,2005	-72,963	173,7200
20,2099	-72,965	173,7250
20,2086	-72,968	173,7300
20,2050	-72,970	173,7350
20,2052	-72,972	173,7400
20,2112	-72,974	173,7450
20,2027	-72,976	173,7500
20,2068	-72,978	173,7550
20,2183	-72,980	173,7600
20,2158	-72,982	173,7650
20,2164	-72,984	173,7700
20,2245	-72,986	173,7750
20,2172	-72,989	173,7800
20,2058	-72,991	173,7850
20,2172	-72,993	173,7900
20,2172	-72,995	173,7950
20,2099	-72,997	173,8000
20,2223	-72,999	173,8050
20,2212	-73,001	173,8100
20,2144	-73,003	173,8150
20,2245	-73,005	173,8200
20,2248	-73,007	173,8250
20,2187	-73,010	173,8300
20,2137	-73,012	173,8350
20,2262	-73,014	173,8400
20,2239	-73,016	173,8450
20,2293	-73,018	173,8500
20,2332	-73,020	173,8550
20,2237	-73,022	173,8600
20,2177	-73,024	173,8650
20,2236	-73,026	173,8700
20,2237	-73,028	173,8750
20,2222	-73,031	173,8800
20,2333	-73,033	173,8850
20,2308	-73,035	173,8900
20,2270	-73,037	173,8950
20,2249	-73,039	173,9000
20,2236	-73,041	173,9050
20,2225	-73,043	173,9100
20,2343	-73,045	173,9150
20,2381	-73,047	173,9200
20,2296	-73,049	173,9250
20,2283	-73,052	173,9300
20,2347	-73,054	173,9350
20,2327	-73,056	173,9400
20,2408	-73,058	173,9450
20,2520	-73,060	173,9500
20,2411	-73,062	173,9550
20,2356	-73,064	173,9600
20,2429	-73,066	173,9650
20,2425	-73,068	173,9700
20,2412	-73,070	173,9750
20,2501	-73,073	173,9800
20,2474	-73,075	173,9850
20,2413	-73,077	173,9900
20,2427	-73,079	173,9950
20,2422	-73,081	174,0000
20,2412	-73,083	174,0050
20,2486	-73,085	174,0100
20,2537	-73,087	174,0150
20,2536	-73,089	174,0200
20,2492	-73,091	174,0250
20,2522	-73,094	174,0300
20,2497	-73,096	174,0350
20,2546	-73,098	174,0400
20,2644	-73,100	174,0450
20,2583	-73,102	174,0500
20,2494	-73,104	174,0550
20,2561	-73,106	174,0600
20,2582	-73,108	174,0650
20,2504	-73,110	174,0700
20,2543	-73,112	174,0750
20,2575	-73,115	174,0800
20,2506	-73,117	174,0850
20,2599	-73,119	174,0900
20,2646	-73,121	174,0950
20,2578	-73,123	174,1000
20,2625	-73,125	174,1050
20,2644	-73,127	174,1100
20,2611	-73,129	174,1150
20,2580	-73,131	174,1200
20,2671	-73,133	174,1250
20,2629	-73,136	174,1300
20,2605	-73,138	174,1350
20,2755	-73,140	174,1400
20,2725	-73,142	174,1450
20,2639	-73,144	174,1500
20,2715	-73,146	174,1550
20,2798	-73,148	174,1600
20,2759	-73,150	174,1650
20,2770	-73,152	174,1700
20,2754	-73,154	174,1750
20,2648	-73,157	174,1800
20,2701	-73,159	174,1850
20,2780	-73,161	174,1900
20,2736	-73,163	174,1950
20,2767	-73,165	174,2000
20,2847	-73,167	174,2050
20,2818	-73,169	174,2100
20,2782	-73,171	174,2150
20,2843	-73,173	174,2200
20,2801	-73,175	174,2250
20,2844	-73,178	174,2300
20,2849	-73,180	174,2350
20,2761	-73,182	174,2400
20,2700	-73,184	174,2450
20,2751	-73,186	174,2500
20,2813	-73,188	174,2550
20,2863	-73,190	174,2600
20,2909	-73,192	174,2650
20,2924	-73,194	174,2700
20,2850	-73,196	174,2750
20,2883	-73,199	174,2800
20,2927	-73,201	174,2850
20,2848	-73,203	174,2900
20,2867	-73,205	174,2950
20,2948	-73,207	174,3000
20,2882	-73,209	174,3050
20,2813	-73,211	174,3100
20,2881	-73,213	174,3150
20,2897	-73,215	174,3200
20,2910	-73,217	174,3250
20,2985	-73,220	174,3300
20,3013	-73,222	174,3350
20,2925	-73,224	174,3400
20,2971	-73,226	174,3450
20,3008	-73,228	174,3500
20,2991	-73,230	174,3550
20,2983	-73,232	174,3600
20,2985	-73,234	174,3650
20,2914	-73,236	174,3700
20,2988	-73,238	174,3750
20,3060	-73,241	174,3800
20,2973	-73,243	174,3850
20,2968	-73,245	174,3900
20,3060	-73,247	174,3950
20,3076	-73,249	174,4000
20,3042	-73,251	174,4050
20,3082	-73,253	174,4100
20,3006	-73,255	174,4150
20,2960	-73,257	174,4200
20,3064	-73,259	174,4250
20,3044	-73,262	174,4300
20,3036	-73,264	174,4350
20,3169	-73,266	174,4400
20,3154	-73,268	174,4450
20,3074	-73,270	174,4500
20,3111	-73,272	174,4550
20,3214	-73,274	174,4600
20,3132	-73,276	174,4650
20,3116	-73,278	174,4700
20,3138	-73,280	174,4750
20,3179	-73,283	174,4800
20,3253	-73,285	174,4850
20,3324	-73,287	174,4900
20,3227	-73,289	174,4950
20,3131	-73,291	174,5000
20,3176	-73,293	174,5050
20,3234	-73,295	174,5100
20,3236	-73,297	174,5150
20,3228	-73,299	174,5200
20,3218	-73,301	174,5250
20,3150	-73,304	174,5300
20,3239	-73,306	174,5350
20,3252	-73,308	174,5400
20,3256	-73,310	174,5450
20,3286	-73,312	174,5500
20,3338	-73,314	174,5550
20,3316	-73,316	174,5600
20,3308	-73,318	174,5650
20,3317	-73,320	174,5700
20,3259	-73,322	174,5750
20,3273	-73,325	174,5800
20,3306	-73,327	174,5850
20,3304	-73,329	174,5900
20,3310	-73,331	174,5950
20,3416	-73,333	174,6000
20,3350	-73,335	174,6050
20,3304	-73,337	174,6100
20,3394	-73,339	174,6150
20,3386	-73,341	174,6200
20,3333	-73,343	174,6250
20,3288	-73,346	174,6300
20,3338	-73,348	174,6350
20,3373	-73,350	174,6400
20,3406	-73,352	174,6450
20,3464	-73,354	174,6500
20,3374	-73,356	174,6550
20,3433	-73,358	174,6600
20,3500	-73,360	174,6650
20,3440	-73,362	174,6700
20,3441	-73,364	174,6750
20,3473	-73,367	174,6800
20,3442	-73,369	174,6850
20,3371	-73,371	174,6900
20,3379	-73,373	174,6950
20,3470	-73,375	174,7000
20,3527	-73,377	174,7050
20,3539	-73,379	174,7100
20,3479	-73,381	174,7150
20,3375	-73,383	174,7200
20,3494	-73,385	174,7250
20,3584	-73,388	174,7300
20,3565	-73,390	174,7350
20,3503	-73,392	174,7400
20,3555	-73,394	174,7450
20,3493	-73,396	174,7500
20,3440	-73,398	174,7550
20,3478	-73,400	174,7600
20,3465	-73,402	174,7650
20,3560	-73,404	174,7700
20,3741	-73,406	174,7750
20,3676	-73,409	174,7800
20,3534	-73,411	174,7850
20,3638	-73,413	174,7900
20,3631	-73,415	174,7950
20,3574	-73,417	174,8000
20,3645	-73,419	174,8050
20,3679	-73,421	174,8100
20,3649	-73,423	174,8150
20,3741	-73,425	174,8200
20,3714	-73,427	174,8250
20,3641	-73,430	174,8300
20,3625	-73,432	174,8350
20,3743	-73,434	174,8400
20,3723	-73,436	174,8450
20,3747	-73,438	174,8500
20,3835	-73,440	174,8550
20,3728	-73,442	174,8600
20,3644	-73,444	174,8650
20,3779	-73,446	174,8700
20,3802	-73,448	174,8750
20,3741	-73,451	174,8800
20,3789	-73,453	174,8850
20,3816	-73,455	174,8900
20,3829	-73,457	174,8950
20,3893	-73,459	174,9000
20,3857	-73,461	174,9050
20,3763	-73,463	174,9100
20,3861	-73,465	174,9150
20,3846	-73,467	174,9200
20,3784	-73,469	174,9250
20,3832	-73,472	174,9300
20,3965	-73,474	174,9350
20,3905	-73,476	174,9400
20,3845	-73,478	174,9450
20,3864	-73,480	174,9500
20,3821	-73,482	174,9550
20,3806	-73,484	174,9600
20,3887	-73,486	174,9650
20,3868	-73,488	174,9700
20,3822	-73,490	174,9750
20,3919	-73,493	174,9800
20,3948	-73,495	174,9850
20,3905	-73,497	174,9900
20,3920	-73,499	174,9950
20,3856	-73,501	175,0000
20,3834	-73,503	175,0050
20,3932	-73,505	175,0100
20,3966	-73,507	175,0150
20,3971	-73,509	175,0200
20,3980	-73,511	175,0250
20,4099	-73,514	175,0300
20,4001	-73,516	175,0350
20,3991	-73,518	175,0400
20,4080	-73,520	175,0450
20,4014	-73,522	175,0500
20,3963	-73,524	175,0550
20,4021	-73,526	175,0600
20,3993	-73,528	175,0650
20,4007	-73,530	175,0700
20,4091	-73,532	175,0750
20,4133	-73,535	175,0800
20,4045	-73,537	175,0850
20,4102	-73,539	175,0900
20,4147	-73,541	175,0950
20,3979	-73,543	175,1000
20,4054	-73,545	175,1050
20,4091	-73,547	175,1100
20,4062	-73,549	175,1150
20,4064	-73,551	175,1200
20,4155	-73,553	175,1250
20,4099	-73,556	175,1300
20,4109	-73,558	175,1350
20,4213	-73,560	175,1400
20,4191	-73,562	175,1450
20,4128	-73,564	175,1500
20,4229	-73,566	175,1550
20,4240	-73,568	175,1600
20,4136	-73,570	175,1650
20,4147	-73,572	175,1700
20,4226	-73,574	175,1750
20,4210	-73,577	175,1800
20,4290	-73,579	175,1850
20,4365	-73,581	175,1900
20,4240	-73,583	175,1950
20,4201	-73,585	175,2000
20,4245	-73,587	175,2050
20,4261	-73,589	175,2100
20,4335	-73,591	175,2150
20,4376	-73,593	175,2200
20,4311	-73,595	175,2250
20,4321	-73,598	175,2300
20,4423	-73,600	175,2350
20,4348	-73,602	175,2400
20,4259	-73,604	175,2450
20,4305	-73,606	175,2500
20,4298	-73,608	175,2550
20,4250	-73,610	175,2600
20,4312	-73,612	175,2650
20,4341	-73,614	175,2700
20,4352	-73,616	175,2750
20,4432	-73,619	175,2800
20,4490	-73,621	175,2850
20,4409	-73,623	175,2900
20,4369	-73,625	175,2950
20,4411	-73,627	175,3000
20,4414	-73,629	175,3050
20,4448	-73,631	175,3100
20,4533	-73,633	175,3150
20,4442	-73,635	175,3200
20,4362	-73,637	175,3250
20,4402	-73,640	175,3300
20,4413	-73,642	175,3350
20,4407	-73,644	175,3400
20,4446	-73,646	175,3450
20,4402	-73,648	175,3500
20,4381	-73,650	175,3550
20,4482	-73,652	175,3600
20,4580	-73,654	175,3650
20,4503	-73,656	175,3700
20,4512	-73,658	175,3750
20,4545	-73,661	175,3800
20,4515	-73,663	175,3850
20,4541	-73,665	175,3900
20,4493	-73,667	175,3950
20,4431	-73,669	175,4000
20,4508	-73,671	175,4050
20,4662	-73,673	175,4100
20,4594	-73,675	175,4150
20,4507	-73,677	175,4200
20,4618	-73,679	175,4250
20,4593	-73,682	175,4300
20,4531	-73,684	175,4350
20,4672	-73,686	175,4400
20,4708	-73,688	175,4450
20,4645	-73,690	175,4500
20,4673	-73,692	175,4550
20,4662	-73,694	175,4600
20,4574	-73,696	175,4650
20,4614	-73,698	175,4700
20,4657	-73,700	175,4750
20,4601	-73,703	175,4800
20,4626	-73,705	175,4850
20,4737	-73,707	175,4900
20,4686	-73,709	175,4950
20,4660	-73,711	175,5000
20,4759	-73,713	175,5050
20,4694	-73,715	175,5100
20,4631	-73,717	175,5150
20,4718	-73,719	175,5200
20,4733	-73,721	175,5250
20,4668	-73,724	175,5300
20,4759	-73,726	175,5350
20,4756	-73,728	175,5400
20,4697	-73,730	175,5450
20,4722	-73,732	175,5500
20,4824	-73,734	175,5550
20,4752	-73,736	175,5600
20,4775	-73,738	175,5650
20,4828	-73,740	175,5700
20,4778	-73,742	175,5750
20,4768	-73,745	175,5800
20,4831	-73,747	175,5850
20,4778	-73,749	175,5900
20,4739	-73,751	175,5950
20,4809	-73,753	175,6000
20,4780	-73,755	175,6050
20,4733	-73,757	175,6100
20,4817	-73,759	175,6150
20,4865	-73,761	175,6200
20,4792	-73,763	175,6250
20,4904	-73,766	175,6300
20,4972	-73,768	175,6350
20,4922	-73,770	175,6400
20,4924	-73,772	175,6450
20,4931	-73,774	175,6500
20,4863	-73,776	175,6550
20,4874	-73,778	175,6600
20,4960	-73,780	175,6650
20,4894	-73,782	175,6700
20,4869	-73,784	175,6750
20,4969	-73,787	175,6800
20,4933	-73,789	175,6850
20,4827	-73,791	175,6900
20,4884	-73,793	175,6950
20,4903	-73,795	175,7000
20,4946	-73,797	175,7050
20,5034	-73,799	175,7100
20,5025	-73,801	175,7150
20,4949	-73,803	175,7200
20,5008	-73,805	175,7250
20,5042	-73,808	175,7300
20,5030	-73,810	175,7350
20,5054	-73,812	175,7400
20,5182	-73,814	175,7450
20,5183	-73,816	175,7500
20,5070	-73,818	175,7550
20,5038	-73,820	175,7600
20,5047	-73,822	175,7650
20,5108	-73,824	175,7700
20,5131	-73,826	175,7750
20,5117	-73,829	175,7800
20,5073	-73,831	175,7850
20,5106	-73,833	175,7900
20,5116	-73,835	175,7950
20,5039	-73,837	175,8000
20,5091	-73,839	175,8050
20,5124	-73,841	175,8100
20,5089	-73,843	175,8150
20,5123	-73,845	175,8200
20,5208	-73,847	175,8250
20,5227	-73,850	175,8300
20,5194	-73,852	175,8350
20,5228	-73,854	175,8400
20,5164	-73,856	175,8450
20,5111	-73,858	175,8500
20,5199	-73,860	175,8550
20,5185	-73,862	175,8600
20,5161	-73,864	175,8650
20,5256	-73,866	175,8700
20,5223	-73,868	175,8750
20,5154	-73,871	175,8800
20,5265	-73,873	175,8850
20,5286	-73,875	175,8900
20,5273	-73,877	175,8950
20,5315	-73,879	175,9000
20,5306	-73,881	175,9050
20,5219	-73,883	175,9100
20,5298	-73,885	175,9150
20,5354	-73,887	175,9200
20,5286	-73,889	175,9250
20,5244	-73,892	175,9300
20,5308	-73,894	175,9350
20,5358	-73,896	175,9400
20,5397	-73,898	175,9450
20,5462	-73,900	175,9500
20,5392	-73,902	175,9550
20,5376	-73,904	175,9600
20,5416	-73,906	175,9650
20,5413	-73,908	175,9700
20,5411	-73,910	175,9750
20,5465	-73,913	175,9800
20,5405	-73,915	175,9850
20,5353	-73,917	175,9900
20,5430	-73,919	175,9950
20,5470	-73,921	176,0000
20,5412	-73,923	176,0050
20,5457	-73,925	176,0100
20,5490	-73,927	176,0150
20,5439	-73,929	176,0200
20,5442	-73,931	176,0250
20,5518	-73,934	176,0300
20,5456	-73,936	176,0350
20,5501	-73,938	176,0400
20,5581	-73,940	176,0450
20,5513	-73,942	176,0500
20,5488	-73,944	176,0550
20,5583	-73,946	176,0600
20,5559	-73,948	176,0650
20,5515	-73,950	176,0700
20,5523	-73,952	176,0750
20,5571	-73,955	176,0800
20,5473	-73,957	176,0850
20,5508	-73,959	176,0900
20,5552	-73,961	176,0950
20,5553	-73,963	176,1000
20,5666	-73,965	176,1050
20,5731	-73,967	176,1100
20,5663	-73,969	176,1150
20,5570	-73,971	176,1200
20,5664	-73,973	176,1250
20,5594	-73,976	176,1300
20,5578	-73,978	176,1350
20,5706	-73,980	176,1400
20,5676	-73,982	176,1450
20,5593	-73,984	176,1500
20,5609	-73,986	176,1550
20,5686	-73,988	176,1600
20,5746	-73,990	176,1650
20,5757	-73,992	176,1700
20,5689	-73,994	176,1750
20,5602	-73,997	176,1800
20,5705	-73,999	176,1850
20,5744	-74,001	176,1900
20,5643	-74,003	176,1950
20,5721	-74,005	176,2000
20,5834	-74,007	176,2050
20,5785	-74,009	176,2100
20,5737	-74,011	176,2150
20,5863	-74,013	176,2200
20,5808	-74,015	176,2250
20,5788	-74,018	176,2300
20,5843	-74,020	176,2350
20,5737	-74,022	176,2400
20,5707	-74,024	176,2450
20,5793	-74,026	176,2500
20,5783	-74,028	176,2550
20,5679	-74,030	176,2600
20,5740	-74,032	176,2650
20,5824	-74,034	176,2700
20,5846	-74,036	176,2750
20,5896	-74,039	176,2800
20,5927	-74,041	176,2850
20,5840	-74,043	176,2900
20,5810	-74,045	176,2950
20,5861	-74,047	176,3000
20,5847	-74,049	176,3050
20,5850	-74,051	176,3100
20,5978	-74,053	176,3150
20,5960	-74,055	176,3200
20,5882	-74,057	176,3250
20,5892	-74,060	176,3300
20,5910	-74,062	176,3350
20,5964	-74,064	176,3400
20,6020	-74,066	176,3450
20,5979	-74,068	176,3500
20,5969	-74,070	176,3550
20,6051	-74,072	176,3600
20,6075	-74,074	176,3650
20,5956	-74,076	176,3700
20,6006	-74,078	176,3750
20,5981	-74,081	176,3800
20,5920	-74,083	176,3850
20,5989	-74,085	176,3900
20,6063	-74,087	176,3950
20,5975	-74,089	176,4000
20,5907	-74,091	176,4050
20,6003	-74,093	176,4100
20,6058	-74,095	176,4150
20,6105	-74,097	176,4200
20,6130	-74,099	176,4250
20,6087	-74,102	176,4300
20,6046	-74,104	176,4350
20,6138	-74,106	176,4400
20,6124	-74,108	176,4450
20,6039	-74,110	176,4500
20,6031	-74,112	176,4550
20,6086	-74,114	176,4600
20,6044	-74,116	176,4650
20,6103	-74,118	176,4700
20,6140	-74,120	176,4750
20,6134	-74,123	176,4800
20,6173	-74,125	176,4850
20,6215	-74,127	176,4900
20,6201	-74,129	176,4950
20,6155	-74,131	176,5000
20,6130	-74,133	176,5050
20,6090	-74,135	176,5100
20,6143	-74,137	176,5150
20,6275	-74,139	176,5200
20,6285	-74,141	176,5250
20,6185	-74,144	176,5300
20,6232	-74,146	176,5350
20,6207	-74,148	176,5400
20,6230	-74,150	176,5450
20,6294	-74,152	176,5500
20,6310	-74,154	176,5550
20,6199	-74,156	176,5600
20,6206	-74,158	176,5650
20,6354	-74,160	176,5700
20,6326	-74,162	176,5750
20,6322	-74,165	176,5800
20,6408	-74,167	176,5850
20,6330	-74,169	176,5900
20,6288	-74,171	176,5950
20,6372	-74,173	176,6000
20,6295	-74,175	176,6050
20,6286	-74,177	176,6100
20,6342	-74,179	176,6150
20,6370	-74,181	176,6200
20,6339	-74,183	176,6250
20,6355	-74,186	176,6300
20,6333	-74,188	176,6350
20,6377	-74,190	176,6400
20,6350	-74,192	176,6450
20,6378	-74,194	176,6500
20,6280	-74,196	176,6550
20,6369	-74,198	176,6600
20,6468	-74,200	176,6650
20,6419	-74,202	176,6700
20,6374	-74,204	176,6750
20,6503	-74,207	176,6800
20,6467	-74,209	176,6850
20,6330	-74,211	176,6900
20,6392	-74,213	176,6950
20,6392	-74,215	176,7000
20,6400	-74,217	176,7050
20,6467	-74,219	176,7100
20,6456	-74,221	176,7150
20,6447	-74,223	176,7200
20,6536	-74,225	176,7250
20,6493	-74,228	176,7300
20,6460	-74,230	176,7350
20,6441	-74,232	176,7400
20,6553	-74,234	176,7450
20,6529	-74,236	176,7500
20,6504	-74,238	176,7550
20,6554	-74,240	176,7600
20,6607	-74,242	176,7650
20,6597	-74,244	176,7700
20,6657	-74,246	176,7750
20,6597	-74,249	176,7800
20,6508	-74,251	176,7850
20,6591	-74,253	176,7900
20,6616	-74,255	176,7950
20,6544	-74,257	176,8000
20,6628	-74,259	176,8050
20,6698	-74,261	176,8100
20,6608	-74,263	176,8150
20,6677	-74,265	176,8200
20,6750	-74,267	176,8250
20,6701	-74,270	176,8300
20,6610	-74,272	176,8350
20,6707	-74,274	176,8400
20,6703	-74,276	176,8450
20,6687	-74,278	176,8500
20,6737	-74,280	176,8550
20,6698	-74,282	176,8600
20,6633	-74,284	176,8650
20,6706	-74,286	176,8700
20,6732	-74,288	176,8750
20,6734	-74,291	176,8800
20,6775	-74,293	176,8850
20,6751	-74,295	176,8900
20,6740	-74,297	176,8950
20,6805	-74,299	176,9000
20,6811	-74,301	176,9050
20,6721	-74,303	176,9100
20,6762	-74,305	176,9150
20,6830	-74,307	176,9200
20,6813	-74,309	176,9250
20,6748	-74,312	176,9300
20,6809	-74,314	176,9350
20,6820	-74,316	176,9400
20,6871	-74,318	176,9450
20,6859	-74,320	176,9500
20,6803	-74,322	176,9550
20,6773	-74,324	176,9600
20,6928	-74,326	176,9650
20,6916	-74,328	176,9700
20,6846	-74,330	176,9750
20,6824	-74,333	176,9800
20,6829	-74,335	176,9850
20,6808	-74,337	176,9900
20,6960	-74,339	176,9950
20,6993	-74,341	177,0000
20,6868	-74,343	177,0050
20,6878	-74,345	177,0100
20,6966	-74,347	177,0150
20,6953	-74,349	177,0200
20,6915	-74,351	177,0250
20,6969	-74,354	177,0300
20,6901	-74,356	177,0350
20,6886	-74,358	177,0400
20,6992	-74,360	177,0450
20,6981	-74,362	177,0500
20,6924	-74,364	177,0550
20,7008	-74,366	177,0600
20,7010	-74,368	177,0650
20,6933	-74,370	177,0700
20,7009	-74,372	177,0750
20,7127	-74,375	177,0800
20,7095	-74,377	177,0850
20,7061	-74,379	177,0900
20,7097	-74,381	177,0950
20,7076	-74,383	177,1000
20,7106	-74,385	177,1050
20,7162	-74,387	177,1100
20,7144	-74,389	177,1150
20,7094	-74,391	177,1200
20,7114	-74,393	177,1250
20,7034	-74,396	177,1300
20,7064	-74,398	177,1350
20,7164	-74,400	177,1400
20,7079	-74,402	177,1450
20,7072	-74,404	177,1500
20,7159	-74,406	177,1550
20,7151	-74,408	177,1600
20,7107	-74,410	177,1650
20,7150	-74,412	177,1700
20,7201	-74,414	177,1750
20,7155	-74,417	177,1800
20,7229	-74,419	177,1850
20,7241	-74,421	177,1900
20,7127	-74,423	177,1950
20,7125	-74,425	177,2000
20,7202	-74,427	177,2050
20,7161	-74,429	177,2100
20,7122	-74,431	177,2150
20,7210	-74,433	177,2200
20,7209	-74,435	177,2250
20,7158	-74,438	177,2300
20,7141	-74,440	177,2350
20,7106	-74,442	177,2400
20,7133	-74,444	177,2450
20,7270	-74,446	177,2500
20,7309	-74,448	177,2550
20,7246	-74,450	177,2600
20,7219	-74,452	177,2650
20,7243	-74,454	177,2700
20,7192	-74,456	177,2750
20,7229	-74,459	177,2800
20,7324	-74,461	177,2850
20,7216	-74,463	177,2900
20,7209	-74,465	177,2950
20,7301	-74,467	177,3000
20,7268	-74,469	177,3050
20,7223	-74,471	177,3100
20,7351	-74,473	177,3150
20,7337	-74,475	177,3200
20,7315	-74,477	177,3250
20,7432	-74,480	177,3300
20,7372	-74,482	177,3350
20,7339	-74,484	177,3400
20,7420	-74,486	177,3450
20,7546	-74,488	177,3500
20,7495	-74,490	177,3550
20,7465	-74,492	177,3600
20,7477	-74,494	177,3650
20,7351	-74,496	177,3700
20,7370	-74,498	177,3750
20,7459	-74,501	177,3800
20,7422	-74,503	177,3850
20,7480	-74,505	177,3900
20,7516	-74,507	177,3950
20,7489	-74,509	177,4000
20,7463	-74,511	177,4050
20,7550	-74,513	177,4100
20,7554	-74,515	177,4150
20,7518	-74,517	177,4200
20,7560	-74,519	177,4250
20,7525	-74,522	177,4300
20,7474	-74,524	177,4350
20,7570	-74,526	177,4400
20,7560	-74,528	177,4450
20,7478	-74,530	177,4500
20,7589	-74,532	177,4550
20,7730	-74,534	177,4600
20,7621	-74,536	177,4650
20,7562	-74,538	177,4700
20,7591	-74,540	177,4750
20,7578	-74,543	177,4800
20,7621	-74,545	177,4850
20,7702	-74,547	177,4900
20,7636	-74,549	177,4950
20,7643	-74,551	177,5000
20,7684	-74,553	177,5050
20,7605	-74,555	177,5100
20,7631	-74,557	177,5150
20,7687	-74,559	177,5200
20,7647	-74,561	177,5250
20,7666	-74,564	177,5300
20,7733	-74,566	177,5350
20,7710	-74,568	177,5400
20,7649	-74,570	177,5450
20,7681	-74,572	177,5500
20,7743	-74,574	177,5550
20,7660	-74,576	177,5600
20,7704	-74,578	177,5650
20,7866	-74,580	177,5700
20,7788	-74,582	177,5750
20,7716	-74,585	177,5800
20,7773	-74,587	177,5850
20,7729	-74,589	177,5900
20,7724	-74,591	177,5950
20,7762	-74,593	177,6000
20,7702	-74,595	177,6050
20,7707	-74,597	177,6100
20,7843	-74,599	177,6150
20,7778	-74,601	177,6200
20,7755	-74,603	177,6250
20,7872	-74,606	177,6300
20,7883	-74,608	177,6350
20,7786	-74,610	177,6400
20,7848	-74,612	177,6450
20,7944	-74,614	177,6500
20,7847	-74,616	177,6550
20,7841	-74,618	177,6600
20,7870	-74,620	177,6650
20,7844	-74,622	177,6700
20,7837	-74,624	177,6750
20,7906	-74,627	177,6800
20,7920	-74,629	177,6850
20,7891	-74,631	177,6900
20,7955	-74,633	177,6950
20,7948	-74,635	177,7000
20,7913	-74,637	177,7050
20,7951	-74,639	177,7100
20,7942	-74,641	177,7150
20,7904	-74,643	177,7200
20,8011	-74,645	177,7250
20,8070	-74,648	177,7300
20,7951	-74,650	177,7350
20,7988	-74,652	177,7400
20,8088	-74,654	177,7450
20,8049	-74,656	177,7500
20,8051	-74,658	177,7550
20,8129	-74,660	177,7600
20,8034	-74,662	177,7650
20,7971	-74,664	177,7700
20,8027	-74,666	177,7750
20,7991	-74,669	177,7800
20,7958	-74,671	177,7850
20,8094	-74,673	177,7900
20,8160	-74,675	177,7950
20,8066	-74,677	177,8000
20,8086	-74,679	177,8050
20,8055	-74,681	177,8100
20,8043	-74,683	177,8150
20,8103	-74,685	177,8200
20,8168	-74,687	177,8250
20,8161	-74,690	177,8300
20,8112	-74,692	177,8350
20,8179	-74,694	177,8400
20,8141	-74,696	177,8450
20,8105	-74,698	177,8500
20,8203	-74,700	177,8550
20,8161	-74,702	177,8600
20,8131	-74,704	177,8650
20,8186	-74,706	177,8700
20,8161	-74,708	177,8750
20,8172	-74,711	177,8800
20,8261	-74,713	177,8850
20,8252	-74,715	177,8900
20,8160	-74,717	177,8950
20,8217	-74,719	177,9000
20,8269	-74,721	177,9050
20,8202	-74,723	177,9100
20,8176	-74,725	177,9150
20,8228	-74,727	177,9200
20,8228	-74,729	177,9250
20,8179	-74,732	177,9300
20,8235	-74,734	177,9350
20,8208	-74,736	177,9400
20,8255	-74,738	177,9450
20,8369	-74,740	177,9500
20,8332	-74,742	177,9550
20,8317	-74,744	177,9600
20,8413	-74,746	177,9650
20,8410	-74,748	177,9700
20,8347	-74,750	177,9750
20,8315	-74,753	177,9800
20,8342	-74,755	177,9850
20,8276	-74,757	177,9900
20,8299	-74,759	177,9950
20,8352	-74,761	178,0000
20,8334	-74,763	178,0050
20,8368	-74,765	178,0100
20,8487	-74,767	178,0150
20,8429	-74,769	178,0200
20,8387	-74,771	178,0250
20,8498	-74,774	178,0300
20,8410	-74,776	178,0350
20,8430	-74,778	178,0400
20,8541	-74,780	178,0450
20,8484	-74,782	178,0500
20,8467	-74,784	178,0550
20,8567	-74,786	178,0600
20,8495	-74,788	178,0650
20,8459	-74,790	178,0700
20,8465	-74,792	178,0750
20,8469	-74,795	178,0800
20,8369	-74,797	178,0850
20,8430	-74,799	178,0900
20,8489	-74,801	178,0950
20,8465	-74,803	178,1000
20,8539	-74,805	178,1050
20,8651	-74,807	178,1100
20,8595	-74,809	178,1150
20,8540	-74,811	178,1200
20,8639	-74,813	178,1250
20,8586	-74,816	178,1300
20,8547	-74,818	178,1350
20,8599	-74,820	178,1400
20,8580	-74,822	178,1450
20,8548	-74,824	178,1500
20,8572	-74,826	178,1550
20,8516	-74,828	178,1600
20,8519	-74,830	178,1650
20,8584	-74,832	178,1700
20,8632	-74,834	178,1750
20,8562	-74,837	178,1800
20,8594	-74,839	178,1850
20,8611	-74,841	178,1900
20,8630	-74,843	178,1950
20,8694	-74,845	178,2000
20,8718	-74,847	178,2050
20,8622	-74,849	178,2100
20,8596	-74,851	178,2150
20,8694	-74,853	178,2200
20,8732	-74,855	178,2250
20,8720	-74,858	178,2300
20,8801	-74,860	178,2350
20,8750	-74,862	178,2400
20,8614	-74,864	178,2450
20,8665	-74,866	178,2500
20,8747	-74,868	178,2550
20,8753	-74,870	178,2600
20,8750	-74,872	178,2650
20,8778	-74,874	178,2700
20,8726	-74,876	178,2750
20,8792	-74,879	178,2800
20,8854	-74,881	178,2850
20,8797	-74,883	178,2900
20,8792	-74,885	178,2950
20,8840	-74,887	178,3000
20,8870	-74,889	178,3050
20,8760	-74,891	178,3100
20,8763	-74,893	178,3150
20,8769	-74,895	178,3200
20,8798	-74,897	178,3250
20,8914	-74,900	178,3300
20,8881	-74,902	178,3350
20,8765	-74,904	178,3400
20,8809	-74,906	178,3450
20,8884	-74,908	178,3500
20,8913	-74,910	178,3550
20,8935	-74,912	178,3600
20,9008	-74,914	178,3650
20,8920	-74,916	178,3700
20,8929	-74,918	178,3750
20,8971	-74,921	178,3800
20,8881	-74,923	178,3850
20,8861	-74,925	178,3900
20,8979	-74,927	178,3950
20,8976	-74,929	178,4000
20,8979	-74,931	178,4050
20,8982	-74,933	178,4100
20,8938	-74,935	178,4150
20,8988	-74,937	178,4200
20,9039	-74,939	178,4250
20,8959	-74,942	178,4300
20,8926	-74,944	178,4350
20,8996	-74,946	178,4400
20,9071	-74,948	178,4450
20,9066	-74,950	178,4500
20,9050	-74,952	178,4550
20,9024	-74,954	178,4600
20,9003	-74,956	178,4650
20,9058	-74,958	178,4700
20,9066	-74,960	178,4750
20,8981	-74,963	178,4800
20,9019	-74,965	178,4850
20,9116	-74,967	178,4900
20,9059	-74,969	178,4950
20,9033	-74,971	178,5000
20,9137	-74,973	178,5050
20,9162	-74,975	178,5100
20,9101	-74,977	178,5150
20,9083	-74,979	178,5200
20,9014	-74,981	178,5250
20,9001	-74,984	178,5300
20,9102	-74,986	178,5350
20,9159	-74,988	178,5400
20,9120	-74,990	178,5450
20,9085	-74,992	178,5500
20,9155	-74,994	178,5550
20,9119	-74,996	178,5600
20,9158	-74,998	178,5650
20,9181	-75,000	178,5700
20,9191	-75,000	178,5750
20,9062	-75,000	178,5800
20,9066	-75,000	178,5850
20,9093	-75,000	178,5900
20,9159	-74,999	178,5950
20,9225	-74,988	178,6000
20,8375	-74,976	178,6050
20,7839	-74,960	178,6100
20,7982	-74,941	178,6150
20,7714	-74,918	178,6200
20,7944	-74,889	178,6250
20,6903	-74,854	178,6300
20,6268	-74,811	178,6350
20,5971	-74,761	178,6400
20,5470	-74,711	178,6450
20,5225	-74,661	178,6500
20,5492	-74,611	178,6550
20,5229	-74,561	178,6600
20,4666	-74,511	178,6650
20,3652	-74,461	178,6700
20,3303	-74,411	178,6750
20,3245	-74,361	178,6800
20,2391	-74,311	178,6850
20,1527	-74,261	178,6900
20,1130	-74,211	178,6950
20,0668	-74,161	178,7000
19,9911	-74,111	178,7050
19,9166	-74,061	178,7100
19,8967	-74,011	178,7150
19,8481	-73,961	178,7200
19,7877	-73,911	178,7250
19,7575	-73,861	178,7300
19,7133	-73,811	178,7350
19,6497	-73,761	178,7400
19,5773	-73,711	178,7450
19,5349	-73,661	178,7500
19,4907	-73,611	178,7550
19,4181	-73,561	178,7600
19,3796	-73,511	178,7650
19,3435	-73,461	178,7700
19,3142	-73,411	178,7750
19,2659	-73,361	178,7800
19,1878	-73,311	178,7850
19,1432	-73,261	178,7900
19,1226	-73,211	178,7950
19,0619	-73,161	178,8000
19,0051	-73,111	178,8050
18,9607	-73,061	178,8100
18,9349	-73,011	178,8150
18,8557	-72,961	178,8200
18,8200	-72,911	178,8250
18,7977	-72,861	178,8300
18,7348	-72,811	178,8350
18,6989	-72,761	178,8400
18,6492	-72,711	178,8450
18,6147	-72,661	178,8500
18,5633	-72,611	178,8550
18,4968	-72,561	178,8600
18,4831	-72,511	178,8650
18,4291	-72,461	178,8700
18,3927	-72,411	178,8750
18,3524	-72,361	178,8800
18,3010	-72,311	178,8850
18,2774	-72,261	178,8900
18,2305	-72,211	178,8950
18,1940	-72,161	178,9000
18,1514	-72,111	178,9050
18,0945	-72,061	178,9100
18,0697	-72,011	178,9150
18,0150	-71,961	178,9200
17,9772	-71,911	178,9250
17,9393	-71,861	178,9300
17,8830	-71,811	178,9350
17,8547	-71,761	178,9400
17,8146	-71,711	178,9450
17,7927	-71,661	178,9500
17,7567	-71,611	178,9550
17,6966	-71,561	178,9600
17,6776	-71,511	178,9650
17,6241	-71,461	178,9700
17,5902	-71,411	178,9750
17,5444	-71,361	178,9800
17,4939	-71,311	178,9850
17,4764	-71,261	178,9900
17,4304	-71,211	178,9950
17,3993	-71,161	179,0000
17,3653	-71,111	179,0050
17,3241	-71,061	179,0100
17,2978	-71,011	179,0150
17,2450	-70,961	179,0200
17,2042	-70,911	179,0250
17,1726	-70,861	179,0300
17,1284	-70,811	179,0350
17,1154	-70,761	179,0400
17,0707	-70,711	179,0450
17,0395	-70,661	179,0500
16,9982	-70,611	179,0550
16,9570	-70,561	179,0600
16,9421	-70,511	179,0650
16,8882	-70,461	179,0700
16,8631	-70,411	179,0750
16,8352	-70,361	179,0800
16,7885	-70,311	179,0850
16,7636	-70,261	179,0900
16,7136	-70,211	179,0950
16,6916	-70,161	179,1000
16,6619	-70,111	179,1050
16,6110	-70,061	179,1100
16,5889	-70,011	179,1150
16,5388	-69,961	179,1200
16,5212	-69,911	179,1250
16,4870	-69,861	179,1300
16,4516	-69,811	179,1350
16,4316	-69,761	179,1400
16,3894	-69,711	179,1450
16,3693	-69,661	179,1500
16,3357	-69,611	179,1550
16,2902	-69,561	179,1600
16,2753	-69,511	179,1650
16,2315	-69,461	179,1700
16,2042	-69,411	179,1750
16,1743	-69,361	179,1800
16,1286	-69,311	179,1850
16,1077	-69,261	179,1900
16,0598	-69,211	179,1950
16,0474	-69,161	179,2000
16,0287	-69,111	179,2050
15,9790	-69,061	179,2100
15,9657	-69,011	179,2150
15,9228	-68,961	179,2200
15,9004	-68,911	179,2250
15,8779	-68,861	179,2300
15,8370	-68,811	179,2350
15,8179	-68,761	179,2400
15,7754	-68,711	179,2450
15,7473	-68,661	179,2500
15,7239	-68,611	179,2550
15,6818	-68,561	179,2600
15,6706	-68,511	179,2650
15,6296	-68,461	179,2700
15,5990	-68,411	179,2750
15,5718	-68,361	179,2800
15,5378	-68,311	179,2850
15,5281	-68,261	179,2900
15,4903	-68,211	179,2950
15,4653	-68,161	179,3000
15,4383	-68,111	179,3050
15,3970	-68,061	179,3100
15,3798	-68,011	179,3150
15,3455	-67,961	179,3200
15,3265	-67,911	179,3250
15,2982	-67,861	179,3300
15,2566	-67,811	179,3350
15,2412	-67,761	179,3400
15,2085	-67,711	179,3450
15,1777	-67,661	179,3500
15,1501	-67,611	179,3550
15,1219	-67,561	179,3600
15,1149	-67,511	179,3650
15,0792	-67,461	179,3700
15,0462	-67,411	179,3750
15,0283	-67,361	179,3800
14,9883	-67,311	179,3850
14,9658	-67,261	179,3900
14,9448	-67,211	179,3950
14,9168	-67,161	179,4000
14,8995	-67,111	179,4050
14,8637	-67,061	179,4100
14,8398	-67,011	179,4150
14,8185	-66,961	179,4200
14,7894	-66,911	179,4250
14,7700	-66,861	179,4300
14,7345	-66,811	179,4350
14,7054	-66,761	179,4400
14,6773	-66,711	179,4450
14,6525	-66,661	179,4500
14,6447	-66,611	179,4550
14,6178	-66,561	179,4600
14,6055	-66,511	179,4650
14,5768	-66,461	179,4700
14,5419	-66,411	179,4750
14,5183	-66,361	179,4800
14,4903	-66,311	179,4850
14,4775	-66,261	179,4900
14,4464	-66,211	179,4950
14,4171	-66,161	179,5000
14,4009	-66,111	179,5050
14,3659	-66,061	179,5100
14,3512	-66,011	179,5150
14,3226	-65,961	179,5200
14,3011	-65,911	179,5250
14,2877	-65,861	179,5300
14,2501	-65,811	179,5350
14,2344	-65,761	179,5400
14,2074	-65,711	179,5450
14,1843	-65,661	179,5500
14,1782	-65,611	179,5550
14,1438	-65,561	179,5600
14,1369	-65,511	179,5650
14,1074	-65,461	179,5700
14,0806	-65,411	179,5750
14,0586	-65,361	179,5800
14,0124	-65,311	179,5850
13,9941	-65,261	179,5900
13,9832	-65,211	179,5950
13,9567	-65,161	179,6000
13,9448	-65,111	179,6050
13,9170	-65,061	179,6100
13,9106	-65,011	179,6150
13,8882	-64,961	179,6200
13,8592	-64,911	179,6250
13,8404	-64,861	179,6300
13,7920	-64,811	179,6350
13,7800	-64,761	179,6400
13,7650	-64,711	179,6450
13,7375	-64,661	179,6500
13,7266	-64,611	179,6550
13,6966	-64,561	179,6600
13,6887	-64,511	179,6650
13,6565	-64,461	179,6700
13,6233	-64,411	179,6750
13,6057	-64,361	179,6800
13,5952	-64,311	179,6850
13,5844	-64,261	179,6900
13,5507	-64,211	179,6950
13,5365	-64,161	179,7000
13,5253	-64,111	179,7050
13,4885	-64,061	179,7100
13,4849	-64,011	179,7150
13,4512	-63,961	179,7200
13,4194	-63,911	179,7250
13,3979	-63,861	179,7300
13,3727	-63,811	179,7350
13,3726	-63,761	179,7400
13,3500	-63,711	179,7450
13,3305	-63,661	179,7500
13,3277	-63,611	179,7550
13,2881	-63,561	179,7600
13,2719	-63,511	179,7650
13,2442	-63,461	179,7700
13,2198	-63,411	179,7750
13,2039	-63,361	179,7800
13,1768	-63,311	179,7850
13,1601	-63,261	179,7900
13,1508	-63,211	179,7950
13,1323	-63,161	179,8000
13,1302	-63,111	179,8050
13,0998	-63,061	179,8100
13,0661	-63,011	179,8150
13,0610	-62,961	179,8200
13,0202	-62,911	179,8250
13,0047	-62,861	179,8300
13,0091	-62,811	179,8350
12,9660	-62,761	179,8400
12,9769	-62,711	179,8450
12,9414	-62,661	179,8500
12,9280	-62,611	179,8550
12,9188	-62,561	179,8600
12,8728	-62,511	179,8650
12,8672	-62,461	179,8700
12,8275	-62,411	179,8750
12,8260	-62,361	179,8800
12,8174	-62,311	179,8850
12,7877	-62,261	179,8900
12,7841	-62,211	179,8950
12,7569	-62,161	179,9000
12,7421	-62,111	179,9050
12,7358	-62,061	179,9100
12,7014	-62,011	179,9150
12,6774	-61,961	179,9200
12,6462	-61,911	179,9250
12,6394	-61,861	179,9300
12,6366	-61,811	179,9350
12,6035	-61,761	179,9400
12,5946	-61,711	179,9450
12,5751	-61,661	179,9500
12,5637	-61,611	179,9550
12,5388	-61,561	179,9600
12,5134	-61,511	179,9650
12,5101	-61,461	179,9700
12,4781	-61,411	179,9750
12,4700	-61,361	179,9800
12,4595	-61,311	179,9850
12,4258	-61,261	179,9900
12,4390	-61,211	179,9950
12,4099	-61,161	180,0000
12,4002	-61,111	180,0050
12,3689	-61,061	180,0100
12,3437	-61,011	180,0150
12,3517	-60,961	180,0200
12,3156	-60,911	180,0250
12,3089	-60,861	180,0300
12,2821	-60,811	180,0350
12,2511	-60,761	180,0400
12,2582	-60,711	180,0450
12,2248	-60,661	180,0500
12,2183	-60,611	180,0550
12,1978	-60,561	180,0600
12,1801	-60,511	180,0650
12,1787	-60,461	180,0700
12,1642	-60,411	180,0750
12,1500	-60,361	180,0800
12,1096	-60,311	180,0850
12,0964	-60,261	180,0900
12,0773	-60,211	180,0950
12,0626	-60,161	180,1000
12,0499	-60,111	180,1050
12,0312	-60,061	180,1100
12,0266	-60,011	180,1150
12,0070	-59,961	180,1200
11,9791	-59,911	180,1250
11,9743	-59,861	180,1300
11,9558	-59,811	180,1350
11,9596	-59,761	180,1400
11,9218	-59,711	180,1450
11,9041	-59,661	180,1500
11,8924	-59,611	180,1550
11,8729	-59,561	180,1600
11,8672	-59,511	180,1650
11,8333	-59,461	180,1700
11,8262	-59,411	180,1750
11,8199	-59,361	180,1800
11,7938	-59,311	180,1850
11,7882	-59,261	180,1900
11,7576	-59,211	180,1950
11,7405	-59,161	180,2000
11,7394	-59,111	180,2050
11,7081	-59,061	180,2100
11,7008	-59,011	180,2150
11,6818	-58,961	180,2200
11,6763	-58,911	180,2250
11,6606	-58,861	180,2300
11,6388	-58,811	180,2350
11,6360	-58,761	180,2400
11,6071	-58,711	180,2450
11,5919	-58,661	180,2500
11,5789	-58,611	180,2550
11,5619	-58,561	180,2600
11,5663	-58,511	180,2650
11,5306	-58,461	180,2700
11,5128	-58,411	180,2750
11,5032	-58,361	180,2800
11,4728	-58,311	180,2850
11,4792	-58,261	180,2900
11,4570	-58,211	180,2950
11,4421	-58,161	180,3000
11,4309	-58,111	180,3050
11,4086	-58,061	180,3100
11,4081	-58,011	180,3150
11,3764	-57,961	180,3200
11,3602	-57,911	180,3250
11,3487	-57,861	180,3300
11,3248	-57,811	180,3350
11,3375	-57,761	180,3400
11,3130	-57,711	180,3450
11,2957	-57,661	180,3500
11,3020	-57,611	180,3550
11,2758	-57,561	180,3600
11,2694	-57,511	180,3650
11,2471	-57,461	180,3700
11,2222	-57,411	180,3750
11,2184	-57,361	180,3800
11,2003	-57,311	180,3850
11,1854	-57,261	180,3900
11,1675	-57,211	180,3950
11,1449	-57,161	180,4000
11,1469	-57,111	180,4050
11,1297	-57,061	180,4100
11,0986	-57,011	180,4150
11,0919	-56,961	180,4200
11,0812	-56,911	180,4250
11,0704	-56,861	180,4300
11,0511	-56,811	180,4350
11,0267	-56,761	180,4400
11,0315	-56,711	180,4450
11,0060	-56,661	180,4500
10,9920	-56,611	180,4550
10,9836	-56,561	180,4600
10,9731	-56,511	180,4650
10,9713	-56,461	180,4700
10,9416	-56,411	180,4750
10,9329	-56,361	180,4800
10,9157	-56,311	180,4850
10,9017	-56,261	180,4900
10,8848	-56,211	180,4950
10,8621	-56,161	180,5000
10,8719	-56,111	180,5050
10,8592	-56,061	180,5100
10,8329	-56,011	180,5150
10,8217	-55,961	180,5200
10,8052	-55,911	180,5250
10,8057	-55,861	180,5300
10,7821	-55,811	180,5350
10,7674	-55,761	180,5400
10,7554	-55,711	180,5450
10,7402	-55,661	180,5500
10,7404	-55,611	180,5550
10,7117	-55,561	180,5600
10,7106	-55,511	180,5650
10,6918	-55,461	180,5700
10,6691	-55,411	180,5750
10,6633	-55,361	180,5800
10,6373	-55,311	180,5850
10,6268	-55,261	180,5900
10,6175	-55,211	180,5950
10,6073	-55,161	180,6000
10,6006	-55,111	180,6050
10,5790	-55,061	180,6100
10,5649	-55,011	180,6150
10,5567	-54,961	180,6200
10,5358	-54,911	180,6250
10,5381	-54,861	180,6300
10,5221	-54,811	180,6350
10,5036	-54,761	180,6400
10,4947	-54,711	180,6450
10,4750	-54,661	180,6500
10,4678	-54,611	180,6550
10,4588	-54,561	180,6600
10,4381	-54,511	180,6650
10,4360	-54,461	180,6700
10,4037	-54,411	180,6750
10,3979	-54,361	180,6800
10,3837	-54,311	180,6850
10,3837	-54,261	180,6900
10,3724	-54,211	180,6950
10,3645	-54,161	180,7000
10,3498	-54,111	180,7050
10,3140	-54,061	180,7100
10,3111	-54,011	180,7150
10,2886	-53,961	180,7200
10,2736	-53,911	180,7250
10,2664	-53,861	180,7300
10,2517	-53,811	180,7350
10,2471	-53,761	180,7400
10,2469	-53,711	180,7450
10,2285	-53,661	180,7500
10,2225	-53,611	180,7550
10,1971	-53,561	180,7600
10,1807	-53,511	180,7650
10,1639	-53,461	180,7700
10,1472	-53,411	180,7750
10,1556	-53,361	180,7800
10,1435	-53,311	180,7850
10,1287	-53,261	180,7900
10,1169	-53,211	180,7950
10,0937	-53,161	180,8000
10,0852	-53,111	180,8050
10,0637	-53,061	180,8100
10,0426	-53,011	180,8150
10,0437	-52,961	180,8200
10,0308	-52,911	180,8250
10,0309	-52,861	180,8300
10,0114	-52,811	180,8350
9,9943	-52,761	180,8400
9,9935	-52,711	180,8450
9,9818	-52,661	180,8500
9,9606	-52,611	180,8550
9,9475	-52,561	180,8600
9,9333	-52,511	180,8650
9,9314	-52,461	180,8700
9,9097	-52,411	180,8750
9,9037	-52,361	180,8800
9,8974	-52,311	180,8850
9,8909	-52,261	180,8900
9,8686	-52,211	180,8950
9,8506	-52,161	180,9000
9,8478	-52,111	180,9050
9,8286	-52,061	180,9100
9,8261	-52,011	180,9150
9,8141	-51,961	180,9200
9,7930	-51,911	180,9250
9,7925	-51,861	180,9300
9,7749	-51,811	180,9350
9,7673	-51,761	180,9400
9,7492	-51,711	180,9450
9,7276	-51,661	180,9500
9,7258	-51,611	180,9550
9,7078	-51,561	180,9600
9,7081	-51,511	180,9650
9,6999	-51,461	180,9700
9,6877	-51,411	180,9750
9,6851	-51,361	180,9800
9,6600	-51,311	180,9850
9,6571	-51,261	180,9900
9,6319	-51,211	180,9950
9,6148	-51,161	181,0000
9,6154	-51,111	181,0050
9,5917	-51,061	181,0100
9,5792	-51,011	181,0150
9,5792	-50,961	181,0200
9,5739	-50,911	181,0250
9,5681	-50,861	181,0300
9,5426	-50,811	181,0350
9,5255	-50,761	181,0400
9,5302	-50,711	181,0450
9,4926	-50,661	181,0500
9,4961	-50,611	181,0550
9,4770	-50,561	181,0600
9,4641	-50,511	181,0650
9,4638	-50,461	181,0700
9,4519	-50,411	181,0750
9,4523	-50,361	181,0800
9,4313	-50,311	181,0850
9,4106	-50,261	181,0900
9,4099	-50,211	181,0950
9,4056	-50,161	181,1000
9,3940	-50,111	181,1050
9,3583	-50,061	181,1100
9,3565	-50,011	181,1150
9,3473	-49,961	181,1200
9,3310	-49,911	181,1250
9,3337	-49,861	181,1300
9,3184	-49,811	181,1350
9,3075	-49,761	181,1400
9,2989	-49,711	181,1450
9,2763	-49,661	181,1500
9,2743	-49,611	181,1550
9,2496	-49,561	181,1600
9,2501	-49,511	181,1650
9,2420	-49,461	181,1700
9,2395	-49,411	181,1750
9,2397	-49,361	181,1800
9,2057	-49,311	181,1850
9,1845	-49,261	181,1900
9,1818	-49,211	181,1950
9,1783	-49,161	181,2000
9,1740	-49,111	181,2050
9,1553	-49,061	181,2100
9,1438	-49,011	181,2150
9,1377	-48,961	181,2200
9,1131	-48,911	181,2250
9,1136	-48,861	181,2300
9,0870	-48,811	181,2350
9,0726	-48,761	181,2400
9,0833	-48,711	181,2450
9,0570	-48,661	181,2500
9,0504	-48,611	181,2550
9,0292	-48,561	181,2600
9,0279	-48,511	181,2650
9,0341	-48,461	181,2700
9,0045	-48,411	181,2750
8,9970	-48,361	181,2800
8,9834	-48,311	181,2850
8,9784	-48,261	181,2900
8,9625	-48,211	181,2950
8,9550	-48,161	181,3000
8,9520	-48,111	181,3050
8,9241	-48,061	181,3100
8,9231	-48,011	181,3150
8,9154	-47,961	181,3200
8,8960	-47,911	181,3250
8,8981	-47,861	181,3300
8,8785	-47,811	181,3350
8,8760	-47,761	181,3400
8,8533	-47,711	181,3450
8,8438	-47,661	181,3500
8,8506	-47,611	181,3550
8,8153	-47,561	181,3600
8,8107	-47,511	181,3650
8,8066	-47,461	181,3700
8,7909	-47,411	181,3750
8,7960	-47,361	181,3800
8,7769	-47,311	181,3850
8,7696	-47,261	181,3900
8,7482	-47,211	181,3950
8,7299	-47,161	181,4000
8,7392	-47,111	181,4050
8,7115	-47,061	181,4100
8,7119	-47,011	181,4150
8,7087	-46,961	181,4200
8,6846	-46,911	181,4250
8,6919	-46,861	181,4300
8,6722	-46,811	181,4350
8,6664	-46,761	181,4400
8,6493	-46,711	181,4450
8,6254	-46,661	181,4500
8,6339	-46,611	181,4550
8,6226	-46,561	181,4600
8,6145	-46,511	181,4650
8,5980	-46,461	181,4700
8,5827	-46,411	181,4750
8,5950	-46,361	181,4800
8,5636	-46,311	181,4850
8,5586	-46,261	181,4900
8,5596	-46,211	181,4950
8,5480	-46,161	181,5000
8,5364	-46,111	181,5050
8,5151	-46,061	181,5100
8,5191	-46,011	181,5150
8,5024	-45,961	181,5200
8,4785	-45,911	181,5250
8,4832	-45,861	181,5300
8,4654	-45,811	181,5350
8,4637	-45,761	181,5400
8,4437	-45,711	181,5450
8,4307	-45,661	181,5500
8,4286	-45,611	181,5550
8,4087	-45,561	181,5600
8,4056	-45,511	181,5650
8,3838	-45,461	181,5700
8,3702	-45,411	181,5750
8,3842	-45,361	181,5800
8,3682	-45,311	181,5850
8,3540	-45,261	181,5900
8,3369	-45,211	181,5950
8,3365	-45,161	181,6000
8,3498	-45,111	181,6050
8,3172	-45,061	181,6100
8,3033	-45,011	181,6150
8,2996	-44,961	181,6200
8,2809	-44,911	181,6250
8,2789	-44,861	181,6300
8,2638	-44,811	181,6350
8,2598	-44,761	181,6400
8,2504	-44,711	181,6450
8,2287	-44,661	181,6500
8,2299	-44,611	181,6550
8,2110	-44,561	181,6600
8,1959	-44,511	181,6650
8,1800	-44,461	181,6700
8,1821	-44,411	181,6750
8,1830	-44,361	181,6800
8,1569	-44,311	181,6850
8,1604	-44,261	181,6900
8,1515	-44,211	181,6950
8,1466	-44,161	181,7000
8,1382	-44,111	181,7050
8,1213	-44,061	181,7100
8,1095	-44,011	181,7150
8,0992	-43,961	181,7200
8,0903	-43,911	181,7250
8,0817	-43,861	181,7300
8,0647	-43,811	181,7350
8,0595	-43,761	181,7400
8,0529	-43,711	181,7450
8,0319	-43,661	181,7500
8,0404	-43,611	181,7550
8,0328	-43,561	181,7600
8,0114	-43,511	181,7650
8,0027	-43,461	181,7700
7,9795	-43,411	181,7750
7,9856	-43,361	181,7800
7,9758	-43,311	181,7850
7,9611	-43,261	181,7900
7,9649	-43,211	181,7950
7,9391	-43,161	181,8000
7,9335	-43,111	181,8050
7,9252	-43,061	181,8100
7,9053	-43,011	181,8150
7,9061	-42,961	181,8200
7,8981	-42,911	181,8250
7,9009	-42,861	181,8300
7,8868	-42,811	181,8350
7,8595	-42,761	181,8400
7,8645	-42,711	181,8450
7,8509	-42,661	181,8500
7,8412	-42,611	181,8550
7,8330	-42,561	181,8600
7,8310	-42,511	181,8650
7,8137	-42,461	181,8700
7,7924	-42,411	181,8750
7,7943	-42,361	181,8800
7,7828	-42,311	181,8850
7,7815	-42,261	181,8900
7,7654	-42,211	181,8950
7,7501	-42,161	181,9000
7,7453	-42,111	181,9050
7,7378	-42,061	181,9100
7,7294	-42,011	181,9150
7,7186	-41,961	181,9200
7,7216	-41,911	181,9250
7,7186	-41,861	181,9300
7,6823	-41,811	181,9350
7,6729	-41,761	181,9400
7,6619	-41,711	181,9450
7,6566	-41,661	181,9500
7,6476	-41,611	181,9550
7,6190	-41,561	181,9600
7,6465	-41,511	181,9650
7,6270	-41,461	181,9700
7,6077	-41,411	181,9750
7,6022	-41,361	181,9800
7,5934	-41,311	181,9850
7,5986	-41,261	181,9900
7,5662	-41,211	181,9950
7,5679	-41,161	182,0000
7,5706	-41,111	182,0050
7,5436	-41,061	182,0100
7,5449	-41,011	182,0150
7,5203	-40,961	182,0200
7,5165	-40,911	182,0250
7,5164	-40,861	182,0300
7,4996	-40,811	182,0350
7,4973	-40,761	182,0400
7,4764	-40,711	182,0450
7,4791	-40,661	182,0500
7,4701	-40,611	182,0550
7,4535	-40,561	182,0600
7,4530	-40,511	182,0650
7,4266	-40,461	182,0700
7,4230	-40,411	182,0750
7,4174	-40,361	182,0800
7,4053	-40,311	182,0850
7,4148	-40,261	182,0900
7,3944	-40,211	182,0950
7,3826	-40,161	182,1000
7,3738	-40,111	182,1050
7,3585	-40,061	182,1100
7,3580	-40,011	182,1150
7,3328	-39,961	182,1200
7,3405	-39,911	182,1250
7,3362	-39,861	182,1300
7,3095	-39,811	182,1350
7,3184	-39,761	182,1400
7,2981	-39,711	182,1450
7,2909	-39,661	182,1500
7,2782	-39,611	182,1550
7,2608	-39,561	182,1600
7,2676	-39,511	182,1650
7,2437	-39,461	182,1700
7,2469	-39,411	182,1750
7,2397	-39,361	182,1800
7,2156	-39,311	182,1850
7,2252	-39,261	182,1900
7,1993	-39,211	182,1950
7,1932	-39,161	182,2000
7,1890	-39,111	182,2050
7,1724	-39,061	182,2100
7,1748	-39,011	182,2150
7,1552	-38,961	182,2200
7,1547	-38,911	182,2250
7,1506	-38,861	182,2300
7,1247	-38,811	182,2350
7,1367	-38,761	182,2400
7,1130	-38,711	182,2450
7,1080	-38,661	182,2500
7,0959	-38,611	182,2550
7,0714	-38,561	182,2600
7,0857	-38,511	182,2650
7,0666	-38,461	182,2700
7,0579	-38,411	182,2750
7,0616	-38,361	182,2800
7,0425	-38,311	182,2850
7,0370	-38,261	182,2900
7,0090	-38,211	182,2950
7,0126	-38,161	182,3000
7,0173	-38,111	182,3050
6,9842	-38,061	182,3100
6,9982	-38,011	182,3150
6,9757	-37,961	182,3200
6,9704	-37,911	182,3250
6,9703	-37,861	182,3300
6,9492	-37,811	182,3350
6,9582	-37,761	182,3400
6,9448	-37,711	182,3450
6,9378	-37,661	182,3500
6,9284	-37,611	182,3550
6,8980	-37,561	182,3600
6,9168	-37,511	182,3650
6,8929	-37,461	182,3700
6,8796	-37,411	182,3750
6,8712	-37,361	182,3800
6,8491	-37,311	182,3850
6,8649	-37,261	182,3900
6,8493	-37,211	182,3950
6,8397	-37,161	182,4000
6,8368	-37,111	182,4050
6,8266	-37,061	182,4100
6,8297	-37,011	182,4150
6,8066	-36,961	182,4200
6,7942	-36,911	182,4250
6,7942	-36,861	182,4300
6,7699	-36,811	182,4350
6,7783	-36,761	182,4400
6,7622	-36,711	182,4450
6,7475	-36,661	182,4500
6,7426	-36,611	182,4550
6,7247	-36,561	182,4600
6,7325	-36,511	182,4650
6,7126	-36,461	182,4700
6,7075	-36,411	182,4750
6,7068	-36,361	182,4800
6,6825	-36,311	182,4850
6,6868	-36,261	182,4900
6,6635	-36,211	182,4950
6,6615	-36,161	182,5000
6,6530	-36,111	182,5050
6,6233	-36,061	182,5100
6,6403	-36,011	182,5150
6,6283	-35,961	182,5200
6,6199	-35,911	182,5250
6,6101	-35,861	182,5300
6,5971	-35,811	182,5350
6,6103	-35,761	182,5400
6,5941	-35,711	182,5450
6,5839	-35,661	182,5500
6,5806	-35,611	182,5550
6,5568	-35,561	182,5600
6,5662	-35,511	182,5650
6,5474	-35,461	182,5700
6,5421	-35,411	182,5750
6,5359	-35,361	182,5800
6,5155	-35,311	182,5850
6,5154	-35,261	182,5900
6,4923	-35,211	182,5950
6,4819	-35,161	182,6000
6,4854	-35,111	182,6050
6,4738	-35,061	182,6100
6,4647	-35,011	182,6150
6,4556	-34,961	182,6200
6,4545	-34,911	182,6250
6,4465	-34,861	182,6300
6,4163	-34,811	182,6350
6,4262	-34,761	182,6400
6,4105	-34,711	182,6450
6,4005	-34,661	182,6500
6,3898	-34,611	182,6550
6,3719	-34,561	182,6600
6,3854	-34,511	182,6650
6,3811	-34,461	182,6700
6,3677	-34,411	182,6750
6,3587	-34,361	182,6800
6,3440	-34,311	182,6850
6,3391	-34,261	182,6900
6,3170	-34,211	182,6950
6,3119	-34,161	182,7000
6,3210	-34,111	182,7050
6,3063	-34,061	182,7100
6,3073	-34,011	182,7150
6,2842	-33,961	182,7200
6,2734	-33,911	182,7250
6,2697	-33,861	182,7300
6,2526	-33,811	182,7350
6,2442	-33,761	182,7400
6,2344	-33,711	182,7450
6,2324	-33,661	182,7500
6,2305	-33,611	182,7550
6,2095	-33,561	182,7600
6,2139	-33,511	182,7650
6,2060	-33,461	182,7700
6,1873	-33,411	182,7750
6,1837	-33,361	182,7800
6,1675	-33,311	182,7850
6,1654	-33,261	182,7900
6,1548	-33,211	182,7950
6,1364	-33,161	182,8000
6,1435	-33,111	182,8050
6,1268	-33,061	182,8100
6,1164	-33,011	182,8150
6,1021	-32,961	182,8200
6,0945	-32,911	182,8250
6,1016	-32,861	182,8300
6,0794	-32,811	182,8350
6,0777	-32,761	182,8400
6,0728	-32,711	182,8450
6,0549	-32,661	182,8500
6,0596	-32,611	182,8550
6,0398	-32,561	182,8600
6,0421	-32,511	182,8650
6,0365	-32,461	182,8700
6,0210	-32,411	182,8750
6,0251	-32,361	182,8800
5,9885	-32,311	182,8850
5,9877	-32,261	182,8900
5,9696	-32,211	182,8950
5,9616	-32,161	182,9000
5,9764	-32,111	182,9050
5,9588	-32,061	182,9100
5,9502	-32,011	182,9150
5,9428	-31,961	182,9200
5,9277	-31,911	182,9250
5,9282	-31,861	182,9300
5,9114	-31,811	182,9350
5,9082	-31,761	182,9400
5,8980	-31,711	182,9450
5,8849	-31,661	182,9500
5,8928	-31,611	182,9550
5,8655	-31,561	182,9600
5,8535	-31,511	182,9650
5,8467	-31,461	182,9700
5,8418	-31,411	182,9750
5,8455	-31,361	182,9800
5,8278	-31,311	182,9850
5,8069	-31,261	182,9900
5,8197	-31,211	182,9950
5,7985	-31,161	183,0000
5,7921	-31,111	183,0050
5,7971	-31,061	183,0100
5,7644	-31,011	183,0150
5,7722	-30,961	183,0200
5,7560	-30,911	183,0250
5,7552	-30,861	183,0300
5,7520	-30,811	183,0350
5,7167	-30,761	183,0400
5,7308	-30,711	183,0450
5,7128	-30,661	183,0500
5,7054	-30,611	183,0550
5,6984	-30,561	183,0600
5,6838	-30,511	183,0650
5,6899	-30,461	183,0700
5,6756	-30,411	183,0750
5,6712	-30,361	183,0800
5,6435	-30,311	183,0850
5,6390	-30,261	183,0900
5,6430	-30,211	183,0950
5,6279	-30,161	183,1000
5,6228	-30,111	183,1050
5,6166	-30,061	183,1100
5,6075	-30,011	183,1150
5,6002	-29,961	183,1200
5,5804	-29,911	183,1250
5,5891	-29,861	183,1300
5,5725	-29,811	183,1350
5,5555	-29,761	183,1400
5,5516	-29,711	183,1450
5,5332	-29,661	183,1500
5,5450	-29,611	183,1550
5,5337	-29,561	183,1600
5,5197	-29,511	183,1650
5,5185	-29,461	183,1700
5,4964	-29,411	183,1750
5,4979	-29,361	183,1800
5,4952	-29,311	183,1850
5,4830	-29,261	183,1900
5,4897	-29,211	183,1950
5,4628	-29,161	183,2000
5,4604	-29,111	183,2050
5,4462	-29,061	183,2100
5,4332	-29,011	183,2150
5,4358	-28,961	183,2200
5,4181	-28,911	183,2250
5,4095	-28,861	183,2300
5,3998	-28,811	183,2350
5,3946	-28,761	183,2400
5,3947	-28,711	183,2450
5,3783	-28,661	183,2500
5,3787	-28,611	183,2550
5,3615	-28,561	183,2600
5,3471	-28,511	183,2650
5,3415	-28,461	183,2700
5,3219	-28,411	183,2750
5,3196	-28,361	183,2800
5,3062	-28,311	183,2850
5,3114	-28,261	183,2900
5,3021	-28,211	183,2950
5,2970	-28,161	183,3000
5,2962	-28,111	183,3050
5,2656	-28,061	183,3100
5,2678	-28,011	183,3150
5,2589	-27,961	183,3200
5,2464	-27,911	183,3250
5,2449	-27,861	183,3300
5,2304	-27,811	183,3350
5,2404	-27,761	183,3400
5,2125	-27,711	183,3450
5,2058	-27,661	183,3500
5,2098	-27,611	183,3550
5,1862	-27,561	183,3600
5,2003	-27,511	183,3650
5,1710	-27,461	183,3700
5,1589	-27,411	183,3750
5,1593	-27,361	183,3800
5,1454	-27,311	183,3850
5,1431	-27,261	183,3900
5,1255	-27,211	183,3950
5,1293	-27,161	183,4000
5,1307	-27,111	183,4050
5,1025	-27,061	183,4100
5,1048	-27,011	183,4150
5,0928	-26,961	183,4200
5,0786	-26,911	183,4250
5,0805	-26,861	183,4300
5,0691	-26,811	183,4350
5,0642	-26,761	183,4400
5,0429	-26,711	183,4450
5,0269	-26,661	183,4500
5,0343	-26,611	183,4550
5,0109	-26,561	183,4600
5,0224	-26,511	183,4650
5,0117	-26,461	183,4700
5,0014	-26,411	183,4750
4,9984	-26,361	183,4800
4,9717	-26,311	183,4850
4,9704	-26,261	183,4900
4,9653	-26,211	183,4950
4,9536	-26,161	183,5000
4,9426	-26,111	183,5050
4,9274	-26,061	183,5100
4,9427	-26,011	183,5150
4,9155	-25,961	183,5200
4,9047	-25,911	183,5250
4,9065	-25,861	183,5300
4,8861	-25,811	183,5350
4,8867	-25,761	183,5400
4,8689	-25,711	183,5450
4,8650	-25,661	183,5500
4,8737	-25,611	183,5550
4,8493	-25,561	183,5600
4,8438	-25,511	183,5650
4,8259	-25,461	183,5700
4,8280	-25,411	183,5750
4,8276	-25,361	183,5800
4,8028	-25,311	183,5850
4,7957	-25,261	183,5900
4,7892	-25,211	183,5950
4,7953	-25,161	183,6000
4,7815	-25,111	183,6050
4,7523	-25,061	183,6100
4,7538	-25,011	183,6150
4,7538	-24,961	183,6200
4,7353	-24,911	183,6250
4,7389	-24,861	183,6300
4,7207	-24,811	183,6350
4,7063	-24,761	183,6400
4,7026	-24,711	183,6450
4,6913	-24,661	183,6500
4,6970	-24,611	183,6550
4,6857	-24,561	183,6600
4,6700	-24,511	183,6650
4,6565	-24,461	183,6700
4,6384	-24,411	183,6750
4,6456	-24,361	183,6800
4,6278	-24,311	183,6850
4,6185	-24,261	183,6900
4,6153	-24,211	183,6950
4,6146	-24,161	183,7000
4,6037	-24,111	183,7050
4,5834	-24,061	183,7100
4,5860	-24,011	183,7150
4,5686	-23,961	183,7200
4,5603	-23,911	183,7250
4,5734	-23,861	183,7300
4,5574	-23,811	183,7350
4,5474	-23,761	183,7400
4,5266	-23,711	183,7450
4,5156	-23,661	183,7500
4,5170	-23,611	183,7550
4,4926	-23,561	183,7600
4,4844	-23,511	183,7650
4,4837	-23,461	183,7700
4,4772	-23,411	183,7750
4,4720	-23,361	183,7800
4,4555	-23,311	183,7850
4,4481	-23,261	183,7900
4,4273	-23,211	183,7950
4,4415	-23,161	183,8000
4,4368	-23,111	183,8050
4,4171	-23,061	183,8100
4,4060	-23,011	183,8150
4,4092	-22,961	183,8200
4,3913	-22,911	183,8250
4,3905	-22,861	183,8300
4,3747	-22,811	183,8350
4,3462	-22,761	183,8400
4,3568	-22,711	183,8450
4,3430	-22,661	183,8500
4,3447	-22,611	183,8550
4,3381	-22,561	183,8600
4,3237	-22,511	183,8650
4,3244	-22,461	183,8700
4,2983	-22,411	183,8750
4,2973	-22,361	183,8800
4,2775	-22,311	183,8850
4,2742	-22,261	183,8900
4,2667	-22,211	183,8950
4,2547	-22,161	183,9000
4,2495	-22,111	183,9050
4,2390	-22,061	183,9100
4,2343	-22,011	183,9150
4,2186	-21,961	183,9200
4,2074	-21,911	183,9250
4,2108	-21,861	183,9300
4,2057	-21,811	183,9350
4,1922	-21,761	183,9400
4,1887	-21,711	183,9450
4,1767	-21,661	183,9500
4,1782	-21,611	183,9550
4,1597	-21,561	183,9600
4,1574	-21,511	183,9650
4,1465	-21,461	183,9700
4,1202	-21,411	183,9750
4,1124	-21,361	183,9800
4,1058	-21,311	183,9850
4,1057	-21,261	183,9900
4,1004	-21,211	183,9950
4,0826	-21,161	184,0000
4,0787	-21,111	184,0050
4,0692	-21,061	184,0100
4,0638	-21,011	184,0150
4,0589	-20,961	184,0200
4,0327	-20,911	184,0250
4,0269	-20,861	184,0300
4,0110	-20,811	184,0350
4,0056	-20,761	184,0400
4,0013	-20,711	184,0450
3,9920	-20,661	184,0500
3,9947	-20,611	184,0550
3,9732	-20,561	184,0600
3,9702	-20,511	184,0650
3,9568	-20,461	184,0700
3,9437	-20,411	184,0750
3,9373	-20,361	184,0800
3,9236	-20,311	184,0850
3,9295	-20,261	184,0900
3,9095	-20,211	184,0950
3,9023	-20,161	184,1000
3,9056	-20,111	184,1050
3,8794	-20,061	184,1100
3,8832	-20,011	184,1150
3,8656	-19,961	184,1200
3,8548	-19,911	184,1250
3,8495	-19,861	184,1300
3,8344	-19,811	184,1350
3,8401	-19,761	184,1400
3,8197	-19,711	184,1450
3,8109	-19,661	184,1500
3,8041	-19,611	184,1550
3,7882	-19,561	184,1600
3,7937	-19,511	184,1650
3,7720	-19,461	184,1700
3,7682	-19,411	184,1750
3,7751	-19,361	184,1800
3,7488	-19,311	184,1850
3,7372	-19,261	184,1900
3,7259	-19,211	184,1950
3,7172	-19,161	184,2000
3,7173	-19,111	184,2050
3,7017	-19,061	184,2100
3,6792	-19,011	184,2150
3,6734	-18,961	184,2200
3,6674	-18,911	184,2250
3,6726	-18,861	184,2300
3,6564	-18,811	184,2350
3,6367	-18,761	184,2400
3,6407	-18,711	184,2450
3,6256	-18,661	184,2500
3,6216	-18,611	184,2550
3,6110	-18,561	184,2600
3,6011	-18,511	184,2650
3,6026	-18,461	184,2700
3,5871	-18,411	184,2750
3,5849	-18,361	184,2800
3,5647	-18,311	184,2850
3,5435	-18,261	184,2900
3,5434	-18,211	184,2950
3,5280	-18,161	184,3000
3,5324	-18,111	184,3050
3,5198	-18,061	184,3100
3,5091	-18,011	184,3150
3,5126	-17,961	184,3200
3,4756	-17,911	184,3250
3,4812	-17,861	184,3300
3,4692	-17,811	184,3350
3,4600	-17,761	184,3400
3,4647	-17,711	184,3450
3,4463	-17,661	184,3500
3,4418	-17,611	184,3550
3,4301	-17,561	184,3600
3,4070	-17,511	184,3650
3,3996	-17,461	184,3700
3,3772	-17,411	184,3750
3,3875	-17,361	184,3800
3,3813	-17,311	184,3850
3,3599	-17,261	184,3900
3,3580	-17,211	184,3950
3,3413	-17,161	184,4000
3,3405	-17,111	184,4050
3,3418	-17,061	184,4100
3,3130	-17,011	184,4150
3,3179	-16,961	184,4200
3,2996	-16,911	184,4250
3,2954	-16,861	184,4300
3,2754	-16,811	184,4350
3,2616	-16,761	184,4400
3,2757	-16,711	184,4450
3,2535	-16,661	184,4500
3,2319	-16,611	184,4550
3,2128	-16,561	184,4600
3,2142	-16,511	184,4650
3,2172	-16,461	184,4700
3,1961	-16,411	184,4750
3,1968	-16,361	184,4800
3,1802	-16,311	184,4850
3,1675	-16,261	184,4900
3,1477	-16,211	184,4950
3,1447	-16,161	184,5000
3,1592	-16,111	184,5050
3,1260	-16,061	184,5100
3,1178	-16,011	184,5150
3,1154	-15,961	184,5200
3,1101	-15,911	184,5250
3,1046	-15,861	184,5300
3,0747	-15,811	184,5350
3,0763	-15,761	184,5400
3,0654	-15,711	184,5450
3,0521	-15,661	184,5500
3,0509	-15,611	184,5550
3,0286	-15,561	184,5600
3,0317	-15,511	184,5650
3,0080	-15,461	184,5700
2,9994	-15,411	184,5750
3,0050	-15,361	184,5800
2,9702	-15,311	184,5850
2,9840	-15,261	184,5900
2,9589	-15,211	184,5950
2,9512	-15,161	184,6000
2,9526	-15,111	184,6050
2,9357	-15,061	184,6100
2,9317	-15,011	184,6150
2,9093	-14,961	184,6200
2,8977	-14,911	184,6250
2,8952	-14,861	184,6300
2,8694	-14,811	184,6350
2,8698	-14,761	184,6400
2,8660	-14,711	184,6450
2,8593	-14,661	184,6500
2,8541	-14,611	184,6550
2,8253	-14,561	184,6600
2,8356	-14,511	184,6650
2,8081	-14,461	184,6700
2,7918	-14,411	184,6750
2,7948	-14,361	184,6800
2,7865	-14,311	184,6850
2,7813	-14,261	184,6900
2,7597	-14,211	184,6950
2,7571	-14,161	184,7000
2,7433	-14,111	184,7050
2,7117	-14,061	184,7100
2,7144	-14,011	184,7150
2,7065	-13,961	184,7200
2,7077	-13,911	184,7250
2,7049	-13,861	184,7300
2,6753	-13,811	184,7350
2,6759	-13,761	184,7400
2,6590	-13,711	184,7450
2,6473	-13,661	184,7500
2,6438	-13,611	184,7550
2,6329	-13,561	184,7600
2,6236	-13,511	184,7650
2,5933	-13,461	184,7700
2,5855	-13,411	184,7750
2,5893	-13,361	184,7800
2,5672	-13,311	184,7850
2,5593	-13,261	184,7900
2,5486	-13,211	184,7950
2,5334	-13,161	184,8000
2,5422	-13,111	184,8050
2,5212	-13,061	184,8100
2,5042	-13,011	184,8150
2,5027	-12,961	184,8200
2,4870	-12,911	184,8250
2,4887	-12,861	184,8300
2,4645	-12,811	184,8350
2,4466	-12,761	184,8400
2,4476	-12,711	184,8450
2,4230	-12,661	184,8500
2,4286	-12,611	184,8550
2,4245	-12,561	184,8600
2,4010	-12,511	184,8650
2,3865	-12,461	184,8700
2,3702	-12,411	184,8750
2,3697	-12,361	184,8800
2,3506	-12,311	184,8850
2,3352	-12,261	184,8900
2,3320	-12,211	184,8950
2,3226	-12,161	184,9000
2,3225	-12,111	184,9050
2,3182	-12,061	184,9100
2,2961	-12,011	184,9150
2,2863	-11,961	184,9200
2,2628	-11,911	184,9250
2,2578	-11,861	184,9300
2,2598	-11,811	184,9350
2,2294	-11,761	184,9400
2,2318	-11,711	184,9450
2,2156	-11,661	184,9500
2,2104	-11,611	184,9550
2,2056	-11,561	184,9600
2,1825	-11,511	184,9650
2,1661	-11,461	184,9700
2,1535	-11,411	184,9750
2,1461	-11,361	184,9800
2,1319	-11,311	184,9850
2,1233	-11,261	184,9900
2,1272	-11,211	184,9950
2,1068	-11,161	185,0000
2,1055	-11,111	185,0050
2,0820	-11,061	185,0100
2,0672	-11,011	185,0150
2,0578	-10,961	185,0200
2,0405	-10,911	185,0250
2,0330	-10,861	185,0300
2,0153	-10,811	185,0350
2,0130	-10,761	185,0400
2,0184	-10,711	185,0450
1,9868	-10,661	185,0500
1,9839	-10,611	185,0550
1,9677	-10,561	185,0600
1,9657	-10,511	185,0650
1,9445	-10,461	185,0700
1,9217	-10,411	185,0750
1,9276	-10,361	185,0800
1,9026	-10,311	185,0850
1,8968	-10,261	185,0900
1,8782	-10,211	185,0950
1,8776	-10,161	185,1000
1,8757	-10,111	185,1050
1,8456	-10,061	185,1100
1,8434	-10,011	185,1150
1,8187	-9,961	185,1200
1,8065	-9,911	185,1250
1,7943	-9,861	185,1300
1,7907	-9,811	185,1350
1,7934	-9,761	185,1400
1,7669	-9,711	185,1450
1,7594	-9,661	185,1500
1,7446	-9,611	185,1550
1,7187	-9,561	185,1600
1,7219	-9,511	185,1650
1,6929	-9,461	185,1700
1,6868	-9,411	185,1750
1,6840	-9,361	185,1800
1,6678	-9,311	185,1850
1,6669	-9,261	185,1900
1,6346	-9,211	185,1950
1,6368	-9,161	185,2000
1,6348	-9,111	185,2050
1,6094	-9,061	185,2100
1,5970	-9,011	185,2150
1,5752	-8,961	185,2200
1,5789	-8,911	185,2250
1,5673	-8,861	185,2300
1,5428	-8,811	185,2350
1,5492	-8,761	185,2400
1,5270	-8,711	185,2450
1,5114	-8,661	185,2500
1,5045	-8,611	185,2550
1,4787	-8,561	185,2600
1,4843	-8,511	185,2650
1,4504	-8,461	185,2700
1,4471	-8,411	185,2750
1,4406	-8,361	185,2800
1,4127	-8,311	185,2850
1,4150	-8,261	185,2900
1,3889	-8,211	185,2950
1,3944	-8,161	185,3000
1,3852	-8,111	185,3050
1,3489	-8,061	185,3100
1,3504	-8,011	185,3150
1,3128	-7,961	185,3200
1,3212	-7,911	185,3250
1,3137	-7,861	185,3300
1,2855	-7,811	185,3350
1,2901	-7,761	185,3400
1,2650	-7,711	185,3450
1,2512	-7,661	185,3500
1,2511	-7,611	185,3550
1,2169	-7,561	185,3600
1,2126	-7,511	185,3650
1,2083	-7,461	185,3700
1,2043	-7,411	185,3750
1,1898	-7,361	185,3800
1,1607	-7,311	185,3850
1,1598	-7,261	185,3900
1,1441	-7,211	185,3950
1,1360	-7,161	185,4000
1,1214	-7,111	185,4050
1,0836	-7,061	185,4100
1,0810	-7,011	185,4150
1,0626	-6,961	185,4200
1,0608	-6,911	185,4250
1,0572	-6,861	185,4300
1,0330	-6,811	185,4350
1,0267	-6,761	185,4400
1,0098	-6,711	185,4450
0,9964	-6,661	185,4500
0,9868	-6,611	185,4550
0,9597	-6,561	185,4600
0,9561	-6,511	185,4650
0,9285	-6,461	185,4700
0,9238	-6,411	185,4750
0,9112	-6,361	185,4800
0,8770	-6,311	185,4850
0,8821	-6,261	185,4900
0,8605	-6,211	185,4950
0,8563	-6,161	185,5000
0,8407	-6,111	185,5050
0,8106	-6,061	185,5100
0,8235	-6,011	185,5150
0,7953	-5,961	185,5200
0,7813	-5,911	185,5250
0,7816	-5,861	185,5300
0,7566	-5,811	185,5350
0,7523	-5,761	185,5400
0,7214	-5,711	185,5450
0,7206	-5,661	185,5500
0,7142	-5,611	185,5550
0,6915	-5,561	185,5600
0,6959	-5,511	185,5650
0,6653	-5,461	185,5700
0,6515	-5,411	185,5750
0,6366	-5,361	185,5800
0,6022	-5,311	185,5850
0,6129	-5,261	185,5900
0,5866	-5,211	185,5950
0,5768	-5,161	185,6000
0,5734	-5,111	185,6050
0,5485	-5,061	185,6100
0,5543	-5,011	185,6150
0,5163	-4,961	185,6200
0,5025	-4,911	185,6250
0,5018	-4,861	185,6300
0,4696	-4,811	185,6350
0,4633	-4,761	185,6400
0,4383	-4,711	185,6450
0,4387	-4,661	185,6500
0,4246	-4,611	185,6550
0,4056	-4,561	185,6600
0,3938	-4,511	185,6650
0,3687	-4,461	185,6700
0,3614	-4,411	185,6750
0,3343	-4,361	185,6800
0,3289	-4,311	185,6850
0,3236	-4,261	185,6900
0,2956	-4,211	185,6950
0,2831	-4,161	185,7000
0,2719	-4,111	185,7050
0,2485	-4,061	185,7100
0,2467	-4,011	185,7150
0,2140	-3,961	185,7200
0,1958	-3,911	185,7250
0,1870	-3,861	185,7300
0,1712	-3,811	185,7350
0,1710	-3,761	185,7400
0,1456	-3,711	185,7450
0,1302	-3,661	185,7500
0,1269	-3,611	185,7550
0,1004	-3,561	185,7600
0,0928	-3,511	185,7650
0,0820	-3,461	185,7700
0,0430	-3,411	185,7750
0,0424	-3,361	185,7800
0,0272	-3,311	185,7850
0,0169	-3,261	185,7900
-0,0091	-3,211	185,7950
-0,0230	-3,161	185,8000
-0,0362	-3,111	185,8050
-0,0586	-3,061	185,8100
-0,0592	-3,011	185,8150
-0,0753	-2,961	185,8200
-0,1074	-2,911	185,8250
-0,1224	-2,861	185,8300
-0,1459	-2,811	185,8350
-0,1528	-2,761	185,8400
-0,1599	-2,711	185,8450
-0,1868	-2,661	185,8500
-0,1920	-2,611	185,8550
-0,2129	-2,561	185,8600
-0,2265	-2,511	185,8650
-0,2484	-2,461	185,8700
-0,2672	-2,411	185,8750
-0,2711	-2,361	185,8800
-0,3071	-2,311	185,8850
-0,3233	-2,261	185,8900
-0,3101	-2,211	185,8950
-0,3309	-2,161	185,9000
-0,3511	-2,111	185,9050
-0,3880	-2,061	185,9100
-0,3948	-2,011	185,9150
-0,3984	-1,961	185,9200
-0,4150	-1,911	185,9250
-0,4271	-1,861	185,9300
-0,4589	-1,811	185,9350
-0,4642	-1,761	185,9400
-0,4808	-1,711	185,9450
-0,4968	-1,661	185,9500
-0,5060	-1,611	185,9550
-0,5406	-1,561	185,9600
-0,5310	-1,511	185,9650
-0,5379	-1,461	185,9700
-0,5690	-1,411	185,9750
-0,5654	-1,361	185,9800
-0,5888	-1,311	185,9850
-0,5994	-1,261	185,9900
-0,6257	-1,211	185,9950
-0,6298	-1,161	186,0000
-0,6308	-1,111	186,0050
-0,6604	-1,061	186,0100
-0,6624	-1,011	186,0150
-0,6771	-0,961	186,0200
-0,6886	-0,911	186,0250
-0,6923	-0,861	186,0300
-0,7198	-0,811	186,0350
-0,7213	-0,761	186,0400
-0,7247	-0,711	186,0450
-0,7331	-0,661	186,0500
-0,7334	-0,611	186,0550
-0,7539	-0,561	186,0600
-0,7362	-0,511	186,0650
-0,7483	-0,461	186,0700
-0,7587	-0,411	186,0750
-0,7567	-0,361	186,0800
-0,7726	-0,311	186,0850
-0,7689	-0,261	186,0900
-0,7875	-0,211	186,0950
-0,7797	-0,164	186,1000
-0,7651	-0,126	186,1050
-0,6759	-0,095	186,1100
-0,5976	-0,069	186,1150
-0,6176	-0,048	186,1200
-0,6702	-0,031	186,1250
-0,7114	-0,017	186,1300
-0,6777	-0,006	186,1350
