TEST_HUZAS_6	TEST_HUZAS_6	TEST_HUZAS_6
Force	Distance	Time
N	mm	sec

-0,2043	0,000	0,0000
-0,0029	-0,003	0,0050
0,0097	-0,005	0,0100
0,0176	-0,007	0,0150
0,0229	-0,009	0,0200
-0,0024	-0,011	0,0250
-0,0060	-0,013	0,0300
-0,0003	-0,015	0,0350
0,0082	-0,017	0,0400
0,0073	-0,019	0,0450
-0,0004	-0,021	0,0500
0,0073	-0,024	0,0550
0,0148	-0,026	0,0600
0,0064	-0,028	0,0650
0,0073	-0,030	0,0700
0,0169	-0,032	0,0750
0,0220	-0,034	0,0800
0,0147	-0,036	0,0850
0,0251	-0,038	0,0900
0,0253	-0,040	0,0950
0,0220	-0,042	0,1000
0,0259	-0,045	0,1050
0,0197	-0,047	0,1100
0,0082	-0,049	0,1150
0,0143	-0,051	0,1200
0,0278	-0,053	0,1250
0,0323	-0,055	0,1300
0,0321	-0,057	0,1350
0,0370	-0,059	0,1400
0,0310	-0,061	0,1450
0,0289	-0,063	0,1500
0,0425	-0,066	0,1550
0,0389	-0,068	0,1600
0,0320	-0,070	0,1650
0,0272	-0,072	0,1700
0,0279	-0,074	0,1750
0,0240	-0,076	0,1800
0,0298	-0,078	0,1850
0,0342	-0,080	0,1900
0,0336	-0,082	0,1950
0,0379	-0,084	0,2000
0,0471	-0,087	0,2050
0,0413	-0,089	0,2100
0,0352	-0,091	0,2150
0,0481	-0,093	0,2200
0,0466	-0,095	0,2250
0,0453	-0,097	0,2300
0,0586	-0,099	0,2350
0,0546	-0,101	0,2400
0,0387	-0,103	0,2450
0,0446	-0,105	0,2500
0,0509	-0,108	0,2550
0,0467	-0,110	0,2600
0,0492	-0,112	0,2650
0,0521	-0,114	0,2700
0,0481	-0,116	0,2750
0,0545	-0,118	0,2800
0,0622	-0,120	0,2850
0,0565	-0,122	0,2900
0,0611	-0,124	0,2950
0,0709	-0,126	0,3000
0,0620	-0,129	0,3050
0,0581	-0,131	0,3100
0,0629	-0,133	0,3150
0,0641	-0,135	0,3200
0,0583	-0,137	0,3250
0,0674	-0,139	0,3300
0,0657	-0,141	0,3350
0,0618	-0,143	0,3400
0,0722	-0,145	0,3450
0,0739	-0,147	0,3500
0,0764	-0,150	0,3550
0,0706	-0,152	0,3600
0,0672	-0,154	0,3650
0,0663	-0,156	0,3700
0,0726	-0,158	0,3750
0,0821	-0,160	0,3800
0,0789	-0,162	0,3850
0,0793	-0,164	0,3900
0,0873	-0,166	0,3950
0,0805	-0,168	0,4000
0,0728	-0,171	0,4050
0,0800	-0,173	0,4100
0,0835	-0,175	0,4150
0,0817	-0,177	0,4200
0,0905	-0,179	0,4250
0,0907	-0,181	0,4300
0,0798	-0,183	0,4350
0,0841	-0,185	0,4400
0,0859	-0,187	0,4450
0,0821	-0,189	0,4500
0,0829	-0,192	0,4550
0,0903	-0,194	0,4600
0,0864	-0,196	0,4650
0,0897	-0,198	0,4700
0,0951	-0,200	0,4750
0,0908	-0,202	0,4800
0,0925	-0,204	0,4850
0,1047	-0,206	0,4900
0,0968	-0,208	0,4950
0,0916	-0,210	0,5000
0,1008	-0,213	0,5050
0,1040	-0,215	0,5100
0,1021	-0,217	0,5150
0,1107	-0,219	0,5200
0,1000	-0,221	0,5250
0,0915	-0,223	0,5300
0,1090	-0,225	0,5350
0,1123	-0,227	0,5400
0,1113	-0,229	0,5450
0,1143	-0,231	0,5500
0,1176	-0,234	0,5550
0,1077	-0,236	0,5600
0,1135	-0,238	0,5650
0,1198	-0,240	0,5700
0,1177	-0,242	0,5750
0,1153	-0,244	0,5800
0,1256	-0,246	0,5850
0,1231	-0,248	0,5900
0,1181	-0,250	0,5950
0,1226	-0,252	0,6000
0,1190	-0,255	0,6050
0,1155	-0,257	0,6100
0,1280	-0,259	0,6150
0,1295	-0,261	0,6200
0,1183	-0,263	0,6250
0,1266	-0,265	0,6300
0,1287	-0,267	0,6350
0,1220	-0,269	0,6400
0,1212	-0,271	0,6450
0,1287	-0,273	0,6500
0,1190	-0,276	0,6550
0,1231	-0,278	0,6600
0,1277	-0,280	0,6650
0,1256	-0,282	0,6700
0,1265	-0,284	0,6750
0,1364	-0,286	0,6800
0,1345	-0,288	0,6850
0,1330	-0,290	0,6900
0,1363	-0,292	0,6950
0,1307	-0,294	0,7000
0,1261	-0,297	0,7050
0,1362	-0,299	0,7100
0,1358	-0,301	0,7150
0,1255	-0,303	0,7200
0,1304	-0,305	0,7250
0,1436	-0,307	0,7300
0,1502	-0,309	0,7350
0,1463	-0,311	0,7400
0,1478	-0,313	0,7450
0,1386	-0,315	0,7500
0,1404	-0,318	0,7550
0,1521	-0,320	0,7600
0,1550	-0,322	0,7650
0,1505	-0,324	0,7700
0,1540	-0,326	0,7750
0,1483	-0,328	0,7800
0,1434	-0,330	0,7850
0,1438	-0,332	0,7900
0,1492	-0,334	0,7950
0,1450	-0,336	0,8000
0,1543	-0,339	0,8050
0,1537	-0,341	0,8100
0,1411	-0,343	0,8150
0,1463	-0,345	0,8200
0,1577	-0,347	0,8250
0,1552	-0,349	0,8300
0,1547	-0,351	0,8350
0,1636	-0,353	0,8400
0,1578	-0,355	0,8450
0,1574	-0,357	0,8500
0,1602	-0,360	0,8550
0,1600	-0,362	0,8600
0,1611	-0,364	0,8650
0,1696	-0,366	0,8700
0,1666	-0,368	0,8750
0,1570	-0,370	0,8800
0,1604	-0,372	0,8850
0,1702	-0,374	0,8900
0,1645	-0,376	0,8950
0,1687	-0,378	0,9000
0,1751	-0,381	0,9050
0,1699	-0,383	0,9100
0,1724	-0,385	0,9150
0,1765	-0,387	0,9200
0,1732	-0,389	0,9250
0,1728	-0,391	0,9300
0,1804	-0,393	0,9350
0,1735	-0,395	0,9400
0,1698	-0,397	0,9450
0,1815	-0,399	0,9500
0,1796	-0,402	0,9550
0,1720	-0,404	0,9600
0,1830	-0,406	0,9650
0,1790	-0,408	0,9700
0,1788	-0,410	0,9750
0,1879	-0,412	0,9800
0,1924	-0,414	0,9850
0,1839	-0,416	0,9900
0,1874	-0,418	0,9950
0,1924	-0,420	1,0000
0,1824	-0,423	1,0050
0,1825	-0,425	1,0100
0,1945	-0,427	1,0150
0,1951	-0,429	1,0200
0,1944	-0,431	1,0250
0,2033	-0,433	1,0300
0,1997	-0,435	1,0350
0,1899	-0,437	1,0400
0,1929	-0,439	1,0450
0,1926	-0,441	1,0500
0,1952	-0,444	1,0550
0,2061	-0,446	1,0600
0,1998	-0,448	1,0650
0,1868	-0,450	1,0700
0,1939	-0,452	1,0750
0,2001	-0,454	1,0800
0,1925	-0,456	1,0850
0,2041	-0,458	1,0900
0,2197	-0,460	1,0950
0,2117	-0,462	1,1000
0,2118	-0,465	1,1050
0,2172	-0,467	1,1100
0,2125	-0,469	1,1150
0,2092	-0,471	1,1200
0,2191	-0,473	1,1250
0,2176	-0,475	1,1300
0,2128	-0,477	1,1350
0,2163	-0,479	1,1400
0,2160	-0,481	1,1450
0,2155	-0,483	1,1500
0,2266	-0,486	1,1550
0,2289	-0,488	1,1600
0,2194	-0,490	1,1650
0,2233	-0,492	1,1700
0,2245	-0,494	1,1750
0,2203	-0,496	1,1800
0,2239	-0,498	1,1850
0,2308	-0,500	1,1900
0,2185	-0,502	1,1950
0,2111	-0,504	1,2000
0,2146	-0,507	1,2050
0,2137	-0,509	1,2100
0,2195	-0,511	1,2150
0,2315	-0,513	1,2200
0,2319	-0,515	1,2250
0,2282	-0,517	1,2300
0,2335	-0,519	1,2350
0,2323	-0,521	1,2400
0,2263	-0,523	1,2450
0,2294	-0,525	1,2500
0,2357	-0,528	1,2550
0,2290	-0,530	1,2600
0,2278	-0,532	1,2650
0,2385	-0,534	1,2700
0,2341	-0,536	1,2750
0,2410	-0,538	1,2800
0,2481	-0,540	1,2850
0,2380	-0,542	1,2900
0,2368	-0,544	1,2950
0,2521	-0,546	1,3000
0,2514	-0,549	1,3050
0,2477	-0,551	1,3100
0,2534	-0,553	1,3150
0,2540	-0,555	1,3200
0,2489	-0,557	1,3250
0,2513	-0,559	1,3300
0,2442	-0,561	1,3350
0,2382	-0,563	1,3400
0,2494	-0,565	1,3450
0,2557	-0,567	1,3500
0,2505	-0,570	1,3550
0,2487	-0,572	1,3600
0,2532	-0,574	1,3650
0,2561	-0,576	1,3700
0,2550	-0,578	1,3750
0,2529	-0,580	1,3800
0,2490	-0,582	1,3850
0,2519	-0,584	1,3900
0,2622	-0,586	1,3950
0,2641	-0,588	1,4000
0,2574	-0,591	1,4050
0,2547	-0,593	1,4100
0,2575	-0,595	1,4150
0,2531	-0,597	1,4200
0,2657	-0,599	1,4250
0,2726	-0,601	1,4300
0,2625	-0,603	1,4350
0,2725	-0,605	1,4400
0,2744	-0,607	1,4450
0,2636	-0,609	1,4500
0,2595	-0,612	1,4550
0,2704	-0,614	1,4600
0,2712	-0,616	1,4650
0,2750	-0,618	1,4700
0,2802	-0,620	1,4750
0,2736	-0,622	1,4800
0,2649	-0,624	1,4850
0,2717	-0,626	1,4900
0,2729	-0,628	1,4950
0,2768	-0,630	1,5000
0,2798	-0,633	1,5050
0,2771	-0,635	1,5100
0,2709	-0,637	1,5150
0,2760	-0,639	1,5200
0,2763	-0,641	1,5250
0,2684	-0,643	1,5300
0,2746	-0,645	1,5350
0,2821	-0,647	1,5400
0,2824	-0,649	1,5450
0,2849	-0,651	1,5500
0,2906	-0,654	1,5550
0,2814	-0,656	1,5600
0,2754	-0,658	1,5650
0,2818	-0,660	1,5700
0,2848	-0,662	1,5750
0,2872	-0,664	1,5800
0,2942	-0,666	1,5850
0,2893	-0,668	1,5900
0,2875	-0,670	1,5950
0,2913	-0,672	1,6000
0,2965	-0,675	1,6050
0,2888	-0,677	1,6100
0,2970	-0,679	1,6150
0,2997	-0,681	1,6200
0,2992	-0,683	1,6250
0,3042	-0,685	1,6300
0,2975	-0,687	1,6350
0,2930	-0,689	1,6400
0,2995	-0,691	1,6450
0,3081	-0,693	1,6500
0,3067	-0,696	1,6550
0,3075	-0,698	1,6600
0,3101	-0,700	1,6650
0,2950	-0,702	1,6700
0,2845	-0,704	1,6750
0,2972	-0,706	1,6800
0,3083	-0,708	1,6850
0,3150	-0,710	1,6900
0,3222	-0,712	1,6950
0,3145	-0,714	1,7000
0,3084	-0,717	1,7050
0,3182	-0,719	1,7100
0,3147	-0,721	1,7150
0,3048	-0,723	1,7200
0,3127	-0,725	1,7250
0,3189	-0,727	1,7300
0,3129	-0,729	1,7350
0,3202	-0,731	1,7400
0,3281	-0,733	1,7450
0,3209	-0,735	1,7500
0,3236	-0,738	1,7550
0,3241	-0,740	1,7600
0,3177	-0,742	1,7650
0,3140	-0,744	1,7700
0,3249	-0,746	1,7750
0,3253	-0,748	1,7800
0,3221	-0,750	1,7850
0,3260	-0,752	1,7900
0,3248	-0,754	1,7950
0,3193	-0,756	1,8000
0,3267	-0,759	1,8050
0,3279	-0,761	1,8100
0,3202	-0,763	1,8150
0,3222	-0,765	1,8200
0,3305	-0,767	1,8250
0,3225	-0,769	1,8300
0,3251	-0,771	1,8350
0,3334	-0,773	1,8400
0,3317	-0,775	1,8450
0,3293	-0,777	1,8500
0,3417	-0,780	1,8550
0,3413	-0,782	1,8600
0,3311	-0,784	1,8650
0,3373	-0,786	1,8700
0,3458	-0,788	1,8750
0,3474	-0,790	1,8800
0,3473	-0,792	1,8850
0,3446	-0,794	1,8900
0,3360	-0,796	1,8950
0,3463	-0,798	1,9000
0,3479	-0,801	1,9050
0,3360	-0,803	1,9100
0,3422	-0,805	1,9150
0,3575	-0,807	1,9200
0,3574	-0,809	1,9250
0,3566	-0,811	1,9300
0,3602	-0,813	1,9350
0,3548	-0,815	1,9400
0,3532	-0,817	1,9450
0,3598	-0,819	1,9500
0,3529	-0,822	1,9550
0,3454	-0,824	1,9600
0,3497	-0,826	1,9650
0,3579	-0,828	1,9700
0,3624	-0,830	1,9750
0,3655	-0,832	1,9800
0,3703	-0,834	1,9850
0,3522	-0,836	1,9900
0,3514	-0,838	1,9950
0,3558	-0,840	2,0000
0,3584	-0,843	2,0050
0,3620	-0,845	2,0100
0,3637	-0,847	2,0150
0,3646	-0,849	2,0200
0,3641	-0,851	2,0250
0,3637	-0,853	2,0300
0,3598	-0,855	2,0350
0,3669	-0,857	2,0400
0,3814	-0,859	2,0450
0,3774	-0,861	2,0500
0,3707	-0,864	2,0550
0,3796	-0,866	2,0600
0,3691	-0,868	2,0650
0,3607	-0,870	2,0700
0,3674	-0,872	2,0750
0,3783	-0,874	2,0800
0,3752	-0,876	2,0850
0,3755	-0,878	2,0900
0,3836	-0,880	2,0950
0,3795	-0,882	2,1000
0,3764	-0,885	2,1050
0,3806	-0,887	2,1100
0,3760	-0,889	2,1150
0,3790	-0,891	2,1200
0,3920	-0,893	2,1250
0,3959	-0,895	2,1300
0,3974	-0,897	2,1350
0,3980	-0,899	2,1400
0,3906	-0,901	2,1450
0,3817	-0,903	2,1500
0,3913	-0,906	2,1550
0,3919	-0,908	2,1600
0,3895	-0,910	2,1650
0,3876	-0,912	2,1700
0,3854	-0,914	2,1750
0,3824	-0,916	2,1800
0,3926	-0,918	2,1850
0,3996	-0,920	2,1900
0,3966	-0,922	2,1950
0,3941	-0,924	2,2000
0,4029	-0,927	2,2050
0,3958	-0,929	2,2100
0,3948	-0,931	2,2150
0,4016	-0,933	2,2200
0,4055	-0,935	2,2250
0,3988	-0,937	2,2300
0,4001	-0,939	2,2350
0,3969	-0,941	2,2400
0,3919	-0,943	2,2450
0,4039	-0,945	2,2500
0,4091	-0,948	2,2550
0,4096	-0,950	2,2600
0,4124	-0,952	2,2650
0,4088	-0,954	2,2700
0,3966	-0,956	2,2750
0,4036	-0,958	2,2800
0,4149	-0,960	2,2850
0,4089	-0,962	2,2900
0,4079	-0,964	2,2950
0,4172	-0,966	2,3000
0,4206	-0,969	2,3050
0,4186	-0,971	2,3100
0,4186	-0,973	2,3150
0,4193	-0,975	2,3200
0,4144	-0,977	2,3250
0,4244	-0,979	2,3300
0,4264	-0,981	2,3350
0,4152	-0,983	2,3400
0,4149	-0,985	2,3450
0,4111	-0,987	2,3500
0,4104	-0,990	2,3550
0,4127	-0,992	2,3600
0,4203	-0,994	2,3650
0,4196	-0,996	2,3700
0,4307	-0,998	2,3750
0,4380	-1,000	2,3800
0,4291	-1,002	2,3850
0,4248	-1,004	2,3900
0,4349	-1,006	2,3950
0,4339	-1,008	2,4000
0,4265	-1,011	2,4050
0,4274	-1,013	2,4100
0,4272	-1,015	2,4150
0,4244	-1,017	2,4200
0,4379	-1,019	2,4250
0,4396	-1,021	2,4300
0,4306	-1,023	2,4350
0,4352	-1,025	2,4400
0,4370	-1,027	2,4450
0,4333	-1,029	2,4500
0,4352	-1,032	2,4550
0,4446	-1,034	2,4600
0,4377	-1,036	2,4650
0,4369	-1,038	2,4700
0,4514	-1,040	2,4750
0,4485	-1,042	2,4800
0,4449	-1,044	2,4850
0,4474	-1,046	2,4900
0,4436	-1,048	2,4950
0,4417	-1,050	2,5000
0,4417	-1,053	2,5050
0,4385	-1,055	2,5100
0,4391	-1,057	2,5150
0,4535	-1,059	2,5200
0,4528	-1,061	2,5250
0,4443	-1,063	2,5300
0,4515	-1,065	2,5350
0,4618	-1,067	2,5400
0,4586	-1,069	2,5450
0,4561	-1,071	2,5500
0,4615	-1,074	2,5550
0,4492	-1,076	2,5600
0,4481	-1,078	2,5650
0,4600	-1,080	2,5700
0,4503	-1,082	2,5750
0,4470	-1,084	2,5800
0,4584	-1,086	2,5850
0,4602	-1,088	2,5900
0,4566	-1,090	2,5950
0,4578	-1,092	2,6000
0,4587	-1,095	2,6050
0,4579	-1,097	2,6100
0,4626	-1,099	2,6150
0,4603	-1,101	2,6200
0,4528	-1,103	2,6250
0,4616	-1,105	2,6300
0,4664	-1,107	2,6350
0,4617	-1,109	2,6400
0,4679	-1,111	2,6450
0,4800	-1,113	2,6500
0,4773	-1,116	2,6550
0,4739	-1,118	2,6600
0,4756	-1,120	2,6650
0,4716	-1,122	2,6700
0,4687	-1,124	2,6750
0,4853	-1,126	2,6800
0,4832	-1,128	2,6850
0,4791	-1,130	2,6900
0,4841	-1,132	2,6950
0,4890	-1,134	2,7000
0,4822	-1,137	2,7050
0,4856	-1,139	2,7100
0,4835	-1,141	2,7150
0,4706	-1,143	2,7200
0,4758	-1,145	2,7250
0,4859	-1,147	2,7300
0,4841	-1,149	2,7350
0,4838	-1,151	2,7400
0,4949	-1,153	2,7450
0,4921	-1,155	2,7500
0,4905	-1,158	2,7550
0,4945	-1,160	2,7600
0,4929	-1,162	2,7650
0,4894	-1,164	2,7700
0,4974	-1,166	2,7750
0,4971	-1,168	2,7800
0,4905	-1,170	2,7850
0,4911	-1,172	2,7900
0,4948	-1,174	2,7950
0,4938	-1,176	2,8000
0,5041	-1,179	2,8050
0,5009	-1,181	2,8100
0,4875	-1,183	2,8150
0,4921	-1,185	2,8200
0,4995	-1,187	2,8250
0,5025	-1,189	2,8300
0,4979	-1,191	2,8350
0,5017	-1,193	2,8400
0,4965	-1,195	2,8450
0,4977	-1,197	2,8500
0,5087	-1,200	2,8550
0,5101	-1,202	2,8600
0,5062	-1,204	2,8650
0,5105	-1,206	2,8700
0,5069	-1,208	2,8750
0,5074	-1,210	2,8800
0,5098	-1,212	2,8850
0,5160	-1,214	2,8900
0,5096	-1,216	2,8950
0,5160	-1,218	2,9000
0,5204	-1,221	2,9050
0,5153	-1,223	2,9100
0,5239	-1,225	2,9150
0,5242	-1,227	2,9200
0,5153	-1,229	2,9250
0,5188	-1,231	2,9300
0,5276	-1,233	2,9350
0,5196	-1,235	2,9400
0,5181	-1,237	2,9450
0,5190	-1,239	2,9500
0,5080	-1,242	2,9550
0,5109	-1,244	2,9600
0,5227	-1,246	2,9650
0,5291	-1,248	2,9700
0,5245	-1,250	2,9750
0,5287	-1,252	2,9800
0,5350	-1,254	2,9850
0,5238	-1,256	2,9900
0,5257	-1,258	2,9950
0,5302	-1,260	3,0000
0,5223	-1,263	3,0050
0,5252	-1,265	3,0100
0,5296	-1,267	3,0150
0,5275	-1,269	3,0200
0,5292	-1,271	3,0250
0,5386	-1,273	3,0300
0,5327	-1,275	3,0350
0,5300	-1,277	3,0400
0,5364	-1,279	3,0450
0,5322	-1,281	3,0500
0,5270	-1,284	3,0550
0,5370	-1,286	3,0600
0,5384	-1,288	3,0650
0,5343	-1,290	3,0700
0,5450	-1,292	3,0750
0,5485	-1,294	3,0800
0,5367	-1,296	3,0850
0,5437	-1,298	3,0900
0,5506	-1,300	3,0950
0,5383	-1,302	3,1000
0,5388	-1,305	3,1050
0,5453	-1,307	3,1100
0,5449	-1,309	3,1150
0,5443	-1,311	3,1200
0,5517	-1,313	3,1250
0,5470	-1,315	3,1300
0,5408	-1,317	3,1350
0,5525	-1,319	3,1400
0,5533	-1,321	3,1450
0,5486	-1,323	3,1500
0,5560	-1,326	3,1550
0,5557	-1,328	3,1600
0,5559	-1,330	3,1650
0,5584	-1,332	3,1700
0,5625	-1,334	3,1750
0,5551	-1,336	3,1800
0,5584	-1,338	3,1850
0,5660	-1,340	3,1900
0,5606	-1,342	3,1950
0,5627	-1,344	3,2000
0,5669	-1,347	3,2050
0,5598	-1,349	3,2100
0,5554	-1,351	3,2150
0,5600	-1,353	3,2200
0,5601	-1,355	3,2250
0,5624	-1,357	3,2300
0,5684	-1,359	3,2350
0,5698	-1,361	3,2400
0,5705	-1,363	3,2450
0,5823	-1,365	3,2500
0,5835	-1,368	3,2550
0,5722	-1,370	3,2600
0,5789	-1,372	3,2650
0,5785	-1,374	3,2700
0,5696	-1,376	3,2750
0,5737	-1,378	3,2800
0,5753	-1,380	3,2850
0,5640	-1,382	3,2900
0,5639	-1,384	3,2950
0,5766	-1,386	3,3000
0,5792	-1,389	3,3050
0,5777	-1,391	3,3100
0,5827	-1,393	3,3150
0,5809	-1,395	3,3200
0,5732	-1,397	3,3250
0,5819	-1,399	3,3300
0,5820	-1,401	3,3350
0,5764	-1,403	3,3400
0,5858	-1,405	3,3450
0,5885	-1,407	3,3500
0,5834	-1,410	3,3550
0,5804	-1,412	3,3600
0,5931	-1,414	3,3650
0,5863	-1,416	3,3700
0,5833	-1,418	3,3750
0,5828	-1,420	3,3800
0,5826	-1,422	3,3850
0,5909	-1,424	3,3900
0,6028	-1,426	3,3950
0,6008	-1,428	3,4000
0,5996	-1,431	3,4050
0,5989	-1,433	3,4100
0,5951	-1,435	3,4150
0,5907	-1,437	3,4200
0,5934	-1,439	3,4250
0,5935	-1,441	3,4300
0,5929	-1,443	3,4350
0,6014	-1,445	3,4400
0,6048	-1,447	3,4450
0,5987	-1,449	3,4500
0,6005	-1,452	3,4550
0,6028	-1,454	3,4600
0,5998	-1,456	3,4650
0,6067	-1,458	3,4700
0,6082	-1,460	3,4750
0,5946	-1,462	3,4800
0,5964	-1,464	3,4850
0,6078	-1,466	3,4900
0,6052	-1,468	3,4950
0,6058	-1,470	3,5000
0,6130	-1,473	3,5050
0,6096	-1,475	3,5100
0,6022	-1,477	3,5150
0,6097	-1,479	3,5200
0,6106	-1,481	3,5250
0,6126	-1,483	3,5300
0,6237	-1,485	3,5350
0,6209	-1,487	3,5400
0,6106	-1,489	3,5450
0,6137	-1,491	3,5500
0,6279	-1,494	3,5550
0,6253	-1,496	3,5600
0,6252	-1,498	3,5650
0,6259	-1,500	3,5700
0,6145	-1,502	3,5750
0,6118	-1,504	3,5800
0,6258	-1,506	3,5850
0,6255	-1,508	3,5900
0,6209	-1,510	3,5950
0,6285	-1,512	3,6000
0,6364	-1,515	3,6050
0,6280	-1,517	3,6100
0,6339	-1,519	3,6150
0,6352	-1,521	3,6200
0,6288	-1,523	3,6250
0,6323	-1,525	3,6300
0,6325	-1,527	3,6350
0,6269	-1,529	3,6400
0,6291	-1,531	3,6450
0,6405	-1,533	3,6500
0,6324	-1,536	3,6550
0,6346	-1,538	3,6600
0,6411	-1,540	3,6650
0,6318	-1,542	3,6700
0,6322	-1,544	3,6750
0,6463	-1,546	3,6800
0,6391	-1,548	3,6850
0,6364	-1,550	3,6900
0,6430	-1,552	3,6950
0,6379	-1,554	3,7000
0,6350	-1,557	3,7050
0,6451	-1,559	3,7100
0,6431	-1,561	3,7150
0,6349	-1,563	3,7200
0,6484	-1,565	3,7250
0,6515	-1,567	3,7300
0,6483	-1,569	3,7350
0,6460	-1,571	3,7400
0,6521	-1,573	3,7450
0,6496	-1,575	3,7500
0,6521	-1,578	3,7550
0,6518	-1,580	3,7600
0,6442	-1,582	3,7650
0,6431	-1,584	3,7700
0,6486	-1,586	3,7750
0,6490	-1,588	3,7800
0,6537	-1,590	3,7850
0,6594	-1,592	3,7900
0,6579	-1,594	3,7950
0,6483	-1,596	3,8000
0,6557	-1,599	3,8050
0,6603	-1,601	3,8100
0,6518	-1,603	3,8150
0,6610	-1,605	3,8200
0,6728	-1,607	3,8250
0,6649	-1,609	3,8300
0,6570	-1,611	3,8350
0,6605	-1,613	3,8400
0,6566	-1,615	3,8450
0,6603	-1,617	3,8500
0,6660	-1,620	3,8550
0,6557	-1,622	3,8600
0,6517	-1,624	3,8650
0,6662	-1,626	3,8700
0,6704	-1,628	3,8750
0,6663	-1,630	3,8800
0,6700	-1,632	3,8850
0,6721	-1,634	3,8900
0,6666	-1,636	3,8950
0,6763	-1,638	3,9000
0,6817	-1,641	3,9050
0,6748	-1,643	3,9100
0,6726	-1,645	3,9150
0,6813	-1,647	3,9200
0,6788	-1,649	3,9250
0,6788	-1,651	3,9300
0,6869	-1,653	3,9350
0,6847	-1,655	3,9400
0,6754	-1,657	3,9450
0,6755	-1,659	3,9500
0,6724	-1,662	3,9550
0,6734	-1,664	3,9600
0,6919	-1,666	3,9650
0,6908	-1,668	3,9700
0,6860	-1,670	3,9750
0,6920	-1,672	3,9800
0,6915	-1,674	3,9850
0,6781	-1,676	3,9900
0,6811	-1,678	3,9950
0,6868	-1,680	4,0000
0,6836	-1,683	4,0050
0,6935	-1,685	4,0100
0,6992	-1,687	4,0150
0,6895	-1,689	4,0200
0,6933	-1,691	4,0250
0,7060	-1,693	4,0300
0,6944	-1,695	4,0350
0,6856	-1,697	4,0400
0,6943	-1,699	4,0450
0,6896	-1,701	4,0500
0,6864	-1,704	4,0550
0,6950	-1,706	4,0600
0,6934	-1,708	4,0650
0,6982	-1,710	4,0700
0,6978	-1,712	4,0750
0,7007	-1,714	4,0800
0,6985	-1,716	4,0850
0,7040	-1,718	4,0900
0,7028	-1,720	4,0950
0,6989	-1,722	4,1000
0,6990	-1,725	4,1050
0,7079	-1,727	4,1100
0,7048	-1,729	4,1150
0,7046	-1,731	4,1200
0,7119	-1,733	4,1250
0,7104	-1,735	4,1300
0,7051	-1,737	4,1350
0,7073	-1,739	4,1400
0,7095	-1,741	4,1450
0,7019	-1,743	4,1500
0,7116	-1,746	4,1550
0,7150	-1,748	4,1600
0,7135	-1,750	4,1650
0,7199	-1,752	4,1700
0,7262	-1,754	4,1750
0,7171	-1,756	4,1800
0,7222	-1,758	4,1850
0,7224	-1,760	4,1900
0,7110	-1,762	4,1950
0,7134	-1,764	4,2000
0,7248	-1,767	4,2050
0,7173	-1,769	4,2100
0,7163	-1,771	4,2150
0,7307	-1,773	4,2200
0,7356	-1,775	4,2250
0,7250	-1,777	4,2300
0,7261	-1,779	4,2350
0,7218	-1,781	4,2400
0,7154	-1,783	4,2450
0,7287	-1,785	4,2500
0,7327	-1,788	4,2550
0,7302	-1,790	4,2600
0,7278	-1,792	4,2650
0,7334	-1,794	4,2700
0,7274	-1,796	4,2750
0,7318	-1,798	4,2800
0,7435	-1,800	4,2850
0,7383	-1,802	4,2900
0,7388	-1,804	4,2950
0,7443	-1,806	4,3000
0,7432	-1,809	4,3050
0,7416	-1,811	4,3100
0,7447	-1,813	4,3150
0,7440	-1,815	4,3200
0,7405	-1,817	4,3250
0,7467	-1,819	4,3300
0,7442	-1,821	4,3350
0,7450	-1,823	4,3400
0,7514	-1,825	4,3450
0,7463	-1,827	4,3500
0,7369	-1,830	4,3550
0,7432	-1,832	4,3600
0,7490	-1,834	4,3650
0,7373	-1,836	4,3700
0,7384	-1,838	4,3750
0,7412	-1,840	4,3800
0,7339	-1,842	4,3850
0,7411	-1,844	4,3900
0,7564	-1,846	4,3950
0,7573	-1,848	4,4000
0,7487	-1,851	4,4050
0,7538	-1,853	4,4100
0,7589	-1,855	4,4150
0,7526	-1,857	4,4200
0,7535	-1,859	4,4250
0,7495	-1,861	4,4300
0,7430	-1,863	4,4350
0,7566	-1,865	4,4400
0,7616	-1,867	4,4450
0,7626	-1,869	4,4500
0,7630	-1,872	4,4550
0,7675	-1,874	4,4600
0,7563	-1,876	4,4650
0,7552	-1,878	4,4700
0,7598	-1,880	4,4750
0,7591	-1,882	4,4800
0,7585	-1,884	4,4850
0,7640	-1,886	4,4900
0,7678	-1,888	4,4950
0,7627	-1,890	4,5000
0,7648	-1,893	4,5050
0,7667	-1,895	4,5100
0,7622	-1,897	4,5150
0,7758	-1,899	4,5200
0,7767	-1,901	4,5250
0,7695	-1,903	4,5300
0,7722	-1,905	4,5350
0,7745	-1,907	4,5400
0,7678	-1,909	4,5450
0,7708	-1,911	4,5500
0,7815	-1,914	4,5550
0,7697	-1,916	4,5600
0,7667	-1,918	4,5650
0,7725	-1,920	4,5700
0,7666	-1,922	4,5750
0,7699	-1,924	4,5800
0,7832	-1,926	4,5850
0,7785	-1,928	4,5900
0,7706	-1,930	4,5950
0,7771	-1,932	4,6000
0,7851	-1,935	4,6050
0,7806	-1,937	4,6100
0,7860	-1,939	4,6150
0,7879	-1,941	4,6200
0,7777	-1,943	4,6250
0,7835	-1,945	4,6300
0,7933	-1,947	4,6350
0,7910	-1,949	4,6400
0,7884	-1,951	4,6450
0,7913	-1,953	4,6500
0,7799	-1,956	4,6550
0,7804	-1,958	4,6600
0,7886	-1,960	4,6650
0,7885	-1,962	4,6700
0,7847	-1,964	4,6750
0,7951	-1,966	4,6800
0,7915	-1,968	4,6850
0,7851	-1,970	4,6900
0,7930	-1,972	4,6950
0,8019	-1,974	4,7000
0,8009	-1,977	4,7050
0,8040	-1,979	4,7100
0,8028	-1,981	4,7150
0,7943	-1,983	4,7200
0,8014	-1,985	4,7250
0,8035	-1,987	4,7300
0,7965	-1,989	4,7350
0,7924	-1,991	4,7400
0,8043	-1,993	4,7450
0,8061	-1,995	4,7500
0,8057	-1,998	4,7550
0,8056	-2,000	4,7600
0,7978	-2,002	4,7650
0,8066	-2,004	4,7700
0,8190	-2,006	4,7750
0,8158	-2,008	4,7800
0,8076	-2,010	4,7850
0,8090	-2,012	4,7900
0,8072	-2,014	4,7950
0,8029	-2,016	4,8000
0,8110	-2,019	4,8050
0,8091	-2,021	4,8100
0,8085	-2,023	4,8150
0,8177	-2,025	4,8200
0,8184	-2,027	4,8250
0,8101	-2,029	4,8300
0,8144	-2,031	4,8350
0,8224	-2,033	4,8400
0,8150	-2,035	4,8450
0,8117	-2,037	4,8500
0,8182	-2,040	4,8550
0,8196	-2,042	4,8600
0,8196	-2,044	4,8650
0,8311	-2,046	4,8700
0,8219	-2,048	4,8750
0,8146	-2,050	4,8800
0,8192	-2,052	4,8850
0,8222	-2,054	4,8900
0,8179	-2,056	4,8950
0,8283	-2,058	4,9000
0,8327	-2,061	4,9050
0,8292	-2,063	4,9100
0,8286	-2,065	4,9150
0,8277	-2,067	4,9200
0,8295	-2,069	4,9250
0,8325	-2,071	4,9300
0,8373	-2,073	4,9350
0,8362	-2,075	4,9400
0,8385	-2,077	4,9450
0,8423	-2,079	4,9500
0,8310	-2,082	4,9550
0,8314	-2,084	4,9600
0,8471	-2,086	4,9650
0,8400	-2,088	4,9700
0,8294	-2,090	4,9750
0,8335	-2,092	4,9800
0,8394	-2,094	4,9850
0,8313	-2,096	4,9900
0,8389	-2,098	4,9950
0,8493	-2,100	5,0000
0,8384	-2,103	5,0050
0,8360	-2,105	5,0100
0,8419	-2,107	5,0150
0,8435	-2,109	5,0200
0,8451	-2,111	5,0250
0,8492	-2,113	5,0300
0,8391	-2,115	5,0350
0,8319	-2,117	5,0400
0,8390	-2,119	5,0450
0,8498	-2,121	5,0500
0,8520	-2,124	5,0550
0,8583	-2,126	5,0600
0,8547	-2,128	5,0650
0,8517	-2,130	5,0700
0,8571	-2,132	5,0750
0,8626	-2,134	5,0800
0,8529	-2,136	5,0850
0,8553	-2,138	5,0900
0,8603	-2,140	5,0950
0,8525	-2,142	5,1000
0,8537	-2,145	5,1050
0,8550	-2,147	5,1100
0,8471	-2,149	5,1150
0,8554	-2,151	5,1200
0,8665	-2,153	5,1250
0,8631	-2,155	5,1300
0,8550	-2,157	5,1350
0,8621	-2,159	5,1400
0,8692	-2,161	5,1450
0,8633	-2,163	5,1500
0,8721	-2,166	5,1550
0,8772	-2,168	5,1600
0,8683	-2,170	5,1650
0,8690	-2,172	5,1700
0,8747	-2,174	5,1750
0,8648	-2,176	5,1800
0,8679	-2,178	5,1850
0,8738	-2,180	5,1900
0,8705	-2,182	5,1950
0,8757	-2,184	5,2000
0,8800	-2,187	5,2050
0,8720	-2,189	5,2100
0,8676	-2,191	5,2150
0,8802	-2,193	5,2200
0,8777	-2,195	5,2250
0,8717	-2,197	5,2300
0,8798	-2,199	5,2350
0,8836	-2,201	5,2400
0,8795	-2,203	5,2450
0,8885	-2,205	5,2500
0,8897	-2,208	5,2550
0,8815	-2,210	5,2600
0,8829	-2,212	5,2650
0,8883	-2,214	5,2700
0,8765	-2,216	5,2750
0,8822	-2,218	5,2800
0,8864	-2,220	5,2850
0,8798	-2,222	5,2900
0,8769	-2,224	5,2950
0,8908	-2,226	5,3000
0,8858	-2,229	5,3050
0,8822	-2,231	5,3100
0,8908	-2,233	5,3150
0,8912	-2,235	5,3200
0,8840	-2,237	5,3250
0,8913	-2,239	5,3300
0,8932	-2,241	5,3350
0,8876	-2,243	5,3400
0,8910	-2,245	5,3450
0,8900	-2,247	5,3500
0,8872	-2,250	5,3550
0,8961	-2,252	5,3600
0,9016	-2,254	5,3650
0,8888	-2,256	5,3700
0,8918	-2,258	5,3750
0,9034	-2,260	5,3800
0,9008	-2,262	5,3850
0,9020	-2,264	5,3900
0,9066	-2,266	5,3950
0,9080	-2,268	5,4000
0,9100	-2,271	5,4050
0,9103	-2,273	5,4100
0,9071	-2,275	5,4150
0,8975	-2,277	5,4200
0,9020	-2,279	5,4250
0,8983	-2,281	5,4300
0,8994	-2,283	5,4350
0,9073	-2,285	5,4400
0,9086	-2,287	5,4450
0,9080	-2,289	5,4500
0,9080	-2,292	5,4550
0,9190	-2,294	5,4600
0,9134	-2,296	5,4650
0,9179	-2,298	5,4700
0,9186	-2,300	5,4750
0,9088	-2,302	5,4800
0,9088	-2,304	5,4850
0,9176	-2,306	5,4900
0,9177	-2,308	5,4950
0,9167	-2,310	5,5000
0,9217	-2,313	5,5050
0,9214	-2,315	5,5100
0,9157	-2,317	5,5150
0,9182	-2,319	5,5200
0,9133	-2,321	5,5250
0,9147	-2,323	5,5300
0,9255	-2,325	5,5350
0,9248	-2,327	5,5400
0,9139	-2,329	5,5450
0,9200	-2,331	5,5500
0,9342	-2,334	5,5550
0,9244	-2,336	5,5600
0,9261	-2,338	5,5650
0,9332	-2,340	5,5700
0,9281	-2,342	5,5750
0,9242	-2,344	5,5800
0,9295	-2,346	5,5850
0,9311	-2,348	5,5900
0,9351	-2,350	5,5950
0,9390	-2,352	5,6000
0,9324	-2,355	5,6050
0,9261	-2,357	5,6100
0,9368	-2,359	5,6150
0,9385	-2,361	5,6200
0,9347	-2,363	5,6250
0,9401	-2,365	5,6300
0,9392	-2,367	5,6350
0,9385	-2,369	5,6400
0,9375	-2,371	5,6450
0,9449	-2,373	5,6500
0,9457	-2,376	5,6550
0,9438	-2,378	5,6600
0,9486	-2,380	5,6650
0,9423	-2,382	5,6700
0,9323	-2,384	5,6750
0,9387	-2,386	5,6800
0,9435	-2,388	5,6850
0,9478	-2,390	5,6900
0,9546	-2,392	5,6950
0,9551	-2,394	5,7000
0,9452	-2,397	5,7050
0,9512	-2,399	5,7100
0,9494	-2,401	5,7150
0,9448	-2,403	5,7200
0,9596	-2,405	5,7250
0,9685	-2,407	5,7300
0,9618	-2,409	5,7350
0,9514	-2,411	5,7400
0,9544	-2,413	5,7450
0,9606	-2,415	5,7500
0,9598	-2,418	5,7550
0,9583	-2,420	5,7600
0,9501	-2,422	5,7650
0,9554	-2,424	5,7700
0,9700	-2,426	5,7750
0,9643	-2,428	5,7800
0,9582	-2,430	5,7850
0,9650	-2,432	5,7900
0,9652	-2,434	5,7950
0,9584	-2,436	5,8000
0,9707	-2,439	5,8050
0,9693	-2,441	5,8100
0,9657	-2,443	5,8150
0,9696	-2,445	5,8200
0,9712	-2,447	5,8250
0,9637	-2,449	5,8300
0,9687	-2,451	5,8350
0,9732	-2,453	5,8400
0,9694	-2,455	5,8450
0,9760	-2,457	5,8500
0,9796	-2,460	5,8550
0,9696	-2,462	5,8600
0,9669	-2,464	5,8650
0,9810	-2,466	5,8700
0,9803	-2,468	5,8750
0,9697	-2,470	5,8800
0,9727	-2,472	5,8850
0,9858	-2,474	5,8900
0,9783	-2,476	5,8950
0,9801	-2,478	5,9000
0,9787	-2,481	5,9050
0,9694	-2,483	5,9100
0,9806	-2,485	5,9150
0,9889	-2,487	5,9200
0,9809	-2,489	5,9250
0,9781	-2,491	5,9300
0,9817	-2,493	5,9350
0,9778	-2,495	5,9400
0,9782	-2,497	5,9450
0,9859	-2,499	5,9500
0,9863	-2,502	5,9550
0,9791	-2,504	5,9600
0,9879	-2,506	5,9650
0,9902	-2,508	5,9700
0,9945	-2,510	5,9750
0,9952	-2,512	5,9800
0,9919	-2,514	5,9850
0,9836	-2,516	5,9900
0,9937	-2,518	5,9950
1,0031	-2,520	6,0000
0,9932	-2,523	6,0050
0,9923	-2,525	6,0100
0,9983	-2,527	6,0150
0,9956	-2,529	6,0200
0,9932	-2,531	6,0250
1,0022	-2,533	6,0300
1,0018	-2,535	6,0350
0,9931	-2,537	6,0400
1,0057	-2,539	6,0450
1,0095	-2,541	6,0500
1,0013	-2,544	6,0550
1,0031	-2,546	6,0600
0,9999	-2,548	6,0650
0,9944	-2,550	6,0700
1,0028	-2,552	6,0750
1,0113	-2,554	6,0800
1,0012	-2,556	6,0850
1,0038	-2,558	6,0900
1,0171	-2,560	6,0950
1,0126	-2,562	6,1000
1,0127	-2,565	6,1050
1,0166	-2,567	6,1100
1,0089	-2,569	6,1150
1,0070	-2,571	6,1200
1,0141	-2,573	6,1250
1,0117	-2,575	6,1300
1,0116	-2,577	6,1350
1,0208	-2,579	6,1400
1,0163	-2,581	6,1450
1,0043	-2,583	6,1500
1,0165	-2,586	6,1550
1,0211	-2,588	6,1600
1,0213	-2,590	6,1650
1,0256	-2,592	6,1700
1,0289	-2,594	6,1750
1,0197	-2,596	6,1800
1,0208	-2,598	6,1850
1,0252	-2,600	6,1900
1,0235	-2,602	6,1950
1,0277	-2,604	6,2000
1,0297	-2,607	6,2050
1,0254	-2,609	6,2100
1,0234	-2,611	6,2150
1,0293	-2,613	6,2200
1,0254	-2,615	6,2250
1,0267	-2,617	6,2300
1,0381	-2,619	6,2350
1,0347	-2,621	6,2400
1,0205	-2,623	6,2450
1,0262	-2,625	6,2500
1,0349	-2,628	6,2550
1,0341	-2,630	6,2600
1,0369	-2,632	6,2650
1,0428	-2,634	6,2700
1,0342	-2,636	6,2750
1,0309	-2,638	6,2800
1,0347	-2,640	6,2850
1,0337	-2,642	6,2900
1,0367	-2,644	6,2950
1,0408	-2,646	6,3000
1,0348	-2,649	6,3050
1,0372	-2,651	6,3100
1,0479	-2,653	6,3150
1,0453	-2,655	6,3200
1,0392	-2,657	6,3250
1,0448	-2,659	6,3300
1,0422	-2,661	6,3350
1,0359	-2,663	6,3400
1,0459	-2,665	6,3450
1,0445	-2,667	6,3500
1,0406	-2,670	6,3550
1,0411	-2,672	6,3600
1,0491	-2,674	6,3650
1,0445	-2,676	6,3700
1,0499	-2,678	6,3750
1,0567	-2,680	6,3800
1,0453	-2,682	6,3850
1,0418	-2,684	6,3900
1,0516	-2,686	6,3950
1,0493	-2,688	6,4000
1,0510	-2,691	6,4050
1,0577	-2,693	6,4100
1,0576	-2,695	6,4150
1,0501	-2,697	6,4200
1,0584	-2,699	6,4250
1,0576	-2,701	6,4300
1,0454	-2,703	6,4350
1,0476	-2,705	6,4400
1,0543	-2,707	6,4450
1,0638	-2,709	6,4500
1,0675	-2,712	6,4550
1,0742	-2,714	6,4600
1,0719	-2,716	6,4650
1,0719	-2,718	6,4700
1,0725	-2,720	6,4750
1,0678	-2,722	6,4800
1,0665	-2,724	6,4850
1,0711	-2,726	6,4900
1,0607	-2,728	6,4950
1,0560	-2,730	6,5000
1,0672	-2,733	6,5050
1,0732	-2,735	6,5100
1,0678	-2,737	6,5150
1,0768	-2,739	6,5200
1,0780	-2,741	6,5250
1,0612	-2,743	6,5300
1,0696	-2,745	6,5350
1,0761	-2,747	6,5400
1,0724	-2,749	6,5450
1,0762	-2,751	6,5500
1,0788	-2,754	6,5550
1,0722	-2,756	6,5600
1,0827	-2,758	6,5650
1,0891	-2,760	6,5700
1,0789	-2,762	6,5750
1,0744	-2,764	6,5800
1,0820	-2,766	6,5850
1,0819	-2,768	6,5900
1,0816	-2,770	6,5950
1,0850	-2,772	6,6000
1,0825	-2,775	6,6050
1,0788	-2,777	6,6100
1,0911	-2,779	6,6150
1,0897	-2,781	6,6200
1,0807	-2,783	6,6250
1,0852	-2,785	6,6300
1,0937	-2,787	6,6350
1,0933	-2,789	6,6400
1,0922	-2,791	6,6450
1,1030	-2,793	6,6500
1,0942	-2,796	6,6550
1,0913	-2,798	6,6600
1,1044	-2,800	6,6650
1,1006	-2,802	6,6700
1,0863	-2,804	6,6750
1,0901	-2,806	6,6800
1,0879	-2,808	6,6850
1,0896	-2,810	6,6900
1,0966	-2,812	6,6950
1,0907	-2,814	6,7000
1,0853	-2,817	6,7050
1,1045	-2,819	6,7100
1,1109	-2,821	6,7150
1,1037	-2,823	6,7200
1,1093	-2,825	6,7250
1,1149	-2,827	6,7300
1,1130	-2,829	6,7350
1,1106	-2,831	6,7400
1,1092	-2,833	6,7450
1,0997	-2,835	6,7500
1,0982	-2,838	6,7550
1,1082	-2,840	6,7600
1,1097	-2,842	6,7650
1,1034	-2,844	6,7700
1,1070	-2,846	6,7750
1,1121	-2,848	6,7800
1,1086	-2,850	6,7850
1,1109	-2,852	6,7900
1,1185	-2,854	6,7950
1,1145	-2,856	6,8000
1,1189	-2,859	6,8050
1,1222	-2,861	6,8100
1,1144	-2,863	6,8150
1,1102	-2,865	6,8200
1,1175	-2,867	6,8250
1,1217	-2,869	6,8300
1,1168	-2,871	6,8350
1,1292	-2,873	6,8400
1,1247	-2,875	6,8450
1,1207	-2,877	6,8500
1,1289	-2,880	6,8550
1,1252	-2,882	6,8600
1,1188	-2,884	6,8650
1,1240	-2,886	6,8700
1,1240	-2,888	6,8750
1,1201	-2,890	6,8800
1,1230	-2,892	6,8850
1,1306	-2,894	6,8900
1,1321	-2,896	6,8950
1,1367	-2,898	6,9000
1,1336	-2,901	6,9050
1,1302	-2,903	6,9100
1,1319	-2,905	6,9150
1,1342	-2,907	6,9200
1,1340	-2,909	6,9250
1,1240	-2,911	6,9300
1,1285	-2,913	6,9350
1,1292	-2,915	6,9400
1,1248	-2,917	6,9450
1,1373	-2,919	6,9500
1,1349	-2,922	6,9550
1,1277	-2,924	6,9600
1,1385	-2,926	6,9650
1,1353	-2,928	6,9700
1,1347	-2,930	6,9750
1,1415	-2,932	6,9800
1,1431	-2,934	6,9850
1,1384	-2,936	6,9900
1,1443	-2,938	6,9950
1,1437	-2,940	7,0000
1,1392	-2,943	7,0050
1,1433	-2,945	7,0100
1,1507	-2,947	7,0150
1,1473	-2,949	7,0200
1,1465	-2,951	7,0250
1,1599	-2,953	7,0300
1,1505	-2,955	7,0350
1,1437	-2,957	7,0400
1,1492	-2,959	7,0450
1,1491	-2,961	7,0500
1,1467	-2,964	7,0550
1,1564	-2,966	7,0600
1,1591	-2,968	7,0650
1,1563	-2,970	7,0700
1,1522	-2,972	7,0750
1,1522	-2,974	7,0800
1,1507	-2,976	7,0850
1,1601	-2,978	7,0900
1,1710	-2,980	7,0950
1,1613	-2,982	7,1000
1,1587	-2,985	7,1050
1,1632	-2,987	7,1100
1,1608	-2,989	7,1150
1,1617	-2,991	7,1200
1,1714	-2,993	7,1250
1,1645	-2,995	7,1300
1,1564	-2,997	7,1350
1,1722	-2,999	7,1400
1,1769	-3,001	7,1450
1,1670	-3,003	7,1500
1,1670	-3,006	7,1550
1,1665	-3,008	7,1600
1,1641	-3,010	7,1650
1,1644	-3,012	7,1700
1,1710	-3,014	7,1750
1,1710	-3,016	7,1800
1,1781	-3,018	7,1850
1,1842	-3,020	7,1900
1,1682	-3,022	7,1950
1,1691	-3,024	7,2000
1,1739	-3,027	7,2050
1,1658	-3,029	7,2100
1,1633	-3,031	7,2150
1,1794	-3,033	7,2200
1,1853	-3,035	7,2250
1,1818	-3,037	7,2300
1,1845	-3,039	7,2350
1,1804	-3,041	7,2400
1,1704	-3,043	7,2450
1,1808	-3,045	7,2500
1,1856	-3,048	7,2550
1,1811	-3,050	7,2600
1,1869	-3,052	7,2650
1,1916	-3,054	7,2700
1,1833	-3,056	7,2750
1,1892	-3,058	7,2800
1,1974	-3,060	7,2850
1,1911	-3,062	7,2900
1,1883	-3,064	7,2950
1,1950	-3,066	7,3000
1,1914	-3,069	7,3050
1,1881	-3,071	7,3100
1,1980	-3,073	7,3150
1,1990	-3,075	7,3200
1,1974	-3,077	7,3250
1,2074	-3,079	7,3300
1,1993	-3,081	7,3350
1,1950	-3,083	7,3400
1,1977	-3,085	7,3450
1,1919	-3,087	7,3500
1,1881	-3,090	7,3550
1,1961	-3,092	7,3600
1,2079	-3,094	7,3650
1,1988	-3,096	7,3700
1,2020	-3,098	7,3750
1,2110	-3,100	7,3800
1,2028	-3,102	7,3850
1,1942	-3,104	7,3900
1,2043	-3,106	7,3950
1,2092	-3,108	7,4000
1,2064	-3,111	7,4050
1,2079	-3,113	7,4100
1,2035	-3,115	7,4150
1,2012	-3,117	7,4200
1,2121	-3,119	7,4250
1,2123	-3,121	7,4300
1,2012	-3,123	7,4350
1,2013	-3,125	7,4400
1,2030	-3,127	7,4450
1,2026	-3,129	7,4500
1,2094	-3,132	7,4550
1,2175	-3,134	7,4600
1,2132	-3,136	7,4650
1,2161	-3,138	7,4700
1,2191	-3,140	7,4750
1,2126	-3,142	7,4800
1,2141	-3,144	7,4850
1,2188	-3,146	7,4900
1,2172	-3,148	7,4950
1,2180	-3,150	7,5000
1,2252	-3,153	7,5050
1,2207	-3,155	7,5100
1,2130	-3,157	7,5150
1,2187	-3,159	7,5200
1,2164	-3,161	7,5250
1,2128	-3,163	7,5300
1,2238	-3,165	7,5350
1,2323	-3,167	7,5400
1,2270	-3,169	7,5450
1,2160	-3,171	7,5500
1,2211	-3,174	7,5550
1,2232	-3,176	7,5600
1,2279	-3,178	7,5650
1,2325	-3,180	7,5700
1,2250	-3,182	7,5750
1,2252	-3,184	7,5800
1,2324	-3,186	7,5850
1,2337	-3,188	7,5900
1,2315	-3,190	7,5950
1,2281	-3,192	7,6000
1,2256	-3,195	7,6050
1,2225	-3,197	7,6100
1,2290	-3,199	7,6150
1,2318	-3,201	7,6200
1,2287	-3,203	7,6250
1,2356	-3,205	7,6300
1,2414	-3,207	7,6350
1,2333	-3,209	7,6400
1,2297	-3,211	7,6450
1,2367	-3,213	7,6500
1,2329	-3,216	7,6550
1,2396	-3,218	7,6600
1,2492	-3,220	7,6650
1,2404	-3,222	7,6700
1,2412	-3,224	7,6750
1,2548	-3,226	7,6800
1,2561	-3,228	7,6850
1,2515	-3,230	7,6900
1,2514	-3,232	7,6950
1,2483	-3,234	7,7000
1,2425	-3,237	7,7050
1,2447	-3,239	7,7100
1,2487	-3,241	7,7150
1,2476	-3,243	7,7200
1,2553	-3,245	7,7250
1,2599	-3,247	7,7300
1,2506	-3,249	7,7350
1,2499	-3,251	7,7400
1,2619	-3,253	7,7450
1,2595	-3,255	7,7500
1,2543	-3,258	7,7550
1,2588	-3,260	7,7600
1,2529	-3,262	7,7650
1,2481	-3,264	7,7700
1,2647	-3,266	7,7750
1,2612	-3,268	7,7800
1,2581	-3,270	7,7850
1,2648	-3,272	7,7900
1,2656	-3,274	7,7950
1,2488	-3,276	7,8000
1,2580	-3,279	7,8050
1,2658	-3,281	7,8100
1,2583	-3,283	7,8150
1,2622	-3,285	7,8200
1,2679	-3,287	7,8250
1,2652	-3,289	7,8300
1,2641	-3,291	7,8350
1,2704	-3,293	7,8400
1,2591	-3,295	7,8450
1,2616	-3,297	7,8500
1,2710	-3,300	7,8550
1,2681	-3,302	7,8600
1,2645	-3,304	7,8650
1,2741	-3,306	7,8700
1,2717	-3,308	7,8750
1,2726	-3,310	7,8800
1,2740	-3,312	7,8850
1,2703	-3,314	7,8900
1,2704	-3,316	7,8950
1,2810	-3,318	7,9000
1,2845	-3,321	7,9050
1,2780	-3,323	7,9100
1,2791	-3,325	7,9150
1,2830	-3,327	7,9200
1,2762	-3,329	7,9250
1,2755	-3,331	7,9300
1,2844	-3,333	7,9350
1,2751	-3,335	7,9400
1,2694	-3,337	7,9450
1,2833	-3,339	7,9500
1,2851	-3,342	7,9550
1,2781	-3,344	7,9600
1,2902	-3,346	7,9650
1,2851	-3,348	7,9700
1,2796	-3,350	7,9750
1,2913	-3,352	7,9800
1,2982	-3,354	7,9850
1,2855	-3,356	7,9900
1,2912	-3,358	7,9950
1,2945	-3,360	8,0000
1,2860	-3,363	8,0050
1,2920	-3,365	8,0100
1,2959	-3,367	8,0150
1,2910	-3,369	8,0200
1,2868	-3,371	8,0250
1,3002	-3,373	8,0300
1,2990	-3,375	8,0350
1,2888	-3,377	8,0400
1,2940	-3,379	8,0450
1,2952	-3,381	8,0500
1,2863	-3,384	8,0550
1,2898	-3,386	8,0600
1,2930	-3,388	8,0650
1,2975	-3,390	8,0700
1,3001	-3,392	8,0750
1,3050	-3,394	8,0800
1,2993	-3,396	8,0850
1,3052	-3,398	8,0900
1,3112	-3,400	8,0950
1,3047	-3,402	8,1000
1,3029	-3,405	8,1050
1,3090	-3,407	8,1100
1,3101	-3,409	8,1150
1,3085	-3,411	8,1200
1,3191	-3,413	8,1250
1,3189	-3,415	8,1300
1,3138	-3,417	8,1350
1,3195	-3,419	8,1400
1,3129	-3,421	8,1450
1,3043	-3,423	8,1500
1,3129	-3,426	8,1550
1,3190	-3,428	8,1600
1,3162	-3,430	8,1650
1,3181	-3,432	8,1700
1,3264	-3,434	8,1750
1,3177	-3,436	8,1800
1,3161	-3,438	8,1850
1,3218	-3,440	8,1900
1,3193	-3,442	8,1950
1,3230	-3,444	8,2000
1,3279	-3,447	8,2050
1,3201	-3,449	8,2100
1,3142	-3,451	8,2150
1,3184	-3,453	8,2200
1,3177	-3,455	8,2250
1,3220	-3,457	8,2300
1,3341	-3,459	8,2350
1,3320	-3,461	8,2400
1,3268	-3,463	8,2450
1,3300	-3,465	8,2500
1,3217	-3,468	8,2550
1,3185	-3,470	8,2600
1,3226	-3,472	8,2650
1,3339	-3,474	8,2700
1,3304	-3,476	8,2750
1,3292	-3,478	8,2800
1,3342	-3,480	8,2850
1,3358	-3,482	8,2900
1,3322	-3,484	8,2950
1,3330	-3,486	8,3000
1,3282	-3,489	8,3050
1,3296	-3,491	8,3100
1,3405	-3,493	8,3150
1,3423	-3,495	8,3200
1,3306	-3,497	8,3250
1,3347	-3,499	8,3300
1,3341	-3,501	8,3350
1,3298	-3,503	8,3400
1,3354	-3,505	8,3450
1,3386	-3,507	8,3500
1,3343	-3,510	8,3550
1,3328	-3,512	8,3600
1,3357	-3,514	8,3650
1,3305	-3,516	8,3700
1,3378	-3,518	8,3750
1,3447	-3,520	8,3800
1,3383	-3,522	8,3850
1,3433	-3,524	8,3900
1,3532	-3,526	8,3950
1,3472	-3,528	8,4000
1,3453	-3,531	8,4050
1,3549	-3,533	8,4100
1,3510	-3,535	8,4150
1,3467	-3,537	8,4200
1,3505	-3,539	8,4250
1,3490	-3,541	8,4300
1,3493	-3,543	8,4350
1,3599	-3,545	8,4400
1,3597	-3,547	8,4450
1,3554	-3,549	8,4500
1,3546	-3,552	8,4550
1,3580	-3,554	8,4600
1,3492	-3,556	8,4650
1,3526	-3,558	8,4700
1,3551	-3,560	8,4750
1,3559	-3,562	8,4800
1,3565	-3,564	8,4850
1,3642	-3,566	8,4900
1,3648	-3,568	8,4950
1,3568	-3,570	8,5000
1,3598	-3,573	8,5050
1,3587	-3,575	8,5100
1,3552	-3,577	8,5150
1,3638	-3,579	8,5200
1,3670	-3,581	8,5250
1,3668	-3,583	8,5300
1,3733	-3,585	8,5350
1,3696	-3,587	8,5400
1,3653	-3,589	8,5450
1,3657	-3,591	8,5500
1,3761	-3,594	8,5550
1,3702	-3,596	8,5600
1,3756	-3,598	8,5650
1,3815	-3,600	8,5700
1,3715	-3,602	8,5750
1,3665	-3,604	8,5800
1,3745	-3,606	8,5850
1,3704	-3,608	8,5900
1,3663	-3,610	8,5950
1,3766	-3,612	8,6000
1,3789	-3,615	8,6050
1,3743	-3,617	8,6100
1,3749	-3,619	8,6150
1,3793	-3,621	8,6200
1,3737	-3,623	8,6250
1,3762	-3,625	8,6300
1,3767	-3,627	8,6350
1,3762	-3,629	8,6400
1,3765	-3,631	8,6450
1,3844	-3,633	8,6500
1,3861	-3,636	8,6550
1,3845	-3,638	8,6600
1,3878	-3,640	8,6650
1,3884	-3,642	8,6700
1,3912	-3,644	8,6750
1,3950	-3,646	8,6800
1,3881	-3,648	8,6850
1,3820	-3,650	8,6900
1,3894	-3,652	8,6950
1,3903	-3,654	8,7000
1,3865	-3,657	8,7050
1,3860	-3,659	8,7100
1,3920	-3,661	8,7150
1,3868	-3,663	8,7200
1,3904	-3,665	8,7250
1,4006	-3,667	8,7300
1,3978	-3,669	8,7350
1,3917	-3,671	8,7400
1,3971	-3,673	8,7450
1,3904	-3,675	8,7500
1,3955	-3,678	8,7550
1,4050	-3,680	8,7600
1,3990	-3,682	8,7650
1,3909	-3,684	8,7700
1,4048	-3,686	8,7750
1,4041	-3,688	8,7800
1,3998	-3,690	8,7850
1,4035	-3,692	8,7900
1,4025	-3,694	8,7950
1,3990	-3,696	8,8000
1,4094	-3,699	8,8050
1,4130	-3,701	8,8100
1,4049	-3,703	8,8150
1,4011	-3,705	8,8200
1,4070	-3,707	8,8250
1,4111	-3,709	8,8300
1,4156	-3,711	8,8350
1,4211	-3,713	8,8400
1,4121	-3,715	8,8450
1,4090	-3,717	8,8500
1,4189	-3,720	8,8550
1,4122	-3,722	8,8600
1,4089	-3,724	8,8650
1,4183	-3,726	8,8700
1,4126	-3,728	8,8750
1,4078	-3,730	8,8800
1,4195	-3,732	8,8850
1,4269	-3,734	8,8900
1,4169	-3,736	8,8950
1,4173	-3,738	8,9000
1,4180	-3,741	8,9050
1,4102	-3,743	8,9100
1,4141	-3,745	8,9150
1,4238	-3,747	8,9200
1,4253	-3,749	8,9250
1,4226	-3,751	8,9300
1,4276	-3,753	8,9350
1,4249	-3,755	8,9400
1,4260	-3,757	8,9450
1,4330	-3,759	8,9500
1,4286	-3,762	8,9550
1,4305	-3,764	8,9600
1,4444	-3,766	8,9650
1,4376	-3,768	8,9700
1,4305	-3,770	8,9750
1,4302	-3,772	8,9800
1,4249	-3,774	8,9850
1,4220	-3,776	8,9900
1,4325	-3,778	8,9950
1,4360	-3,780	9,0000
1,4249	-3,783	9,0050
1,4277	-3,785	9,0100
1,4325	-3,787	9,0150
1,4338	-3,789	9,0200
1,4376	-3,791	9,0250
1,4479	-3,793	9,0300
1,4464	-3,795	9,0350
1,4441	-3,797	9,0400
1,4478	-3,799	9,0450
1,4406	-3,801	9,0500
1,4310	-3,804	9,0550
1,4402	-3,806	9,0600
1,4468	-3,808	9,0650
1,4417	-3,810	9,0700
1,4456	-3,812	9,0750
1,4482	-3,814	9,0800
1,4412	-3,816	9,0850
1,4433	-3,818	9,0900
1,4445	-3,820	9,0950
1,4425	-3,822	9,1000
1,4460	-3,825	9,1050
1,4528	-3,827	9,1100
1,4561	-3,829	9,1150
1,4515	-3,831	9,1200
1,4550	-3,833	9,1250
1,4441	-3,835	9,1300
1,4389	-3,837	9,1350
1,4522	-3,839	9,1400
1,4581	-3,841	9,1450
1,4593	-3,843	9,1500
1,4678	-3,846	9,1550
1,4645	-3,848	9,1600
1,4607	-3,850	9,1650
1,4570	-3,852	9,1700
1,4565	-3,854	9,1750
1,4524	-3,856	9,1800
1,4604	-3,858	9,1850
1,4617	-3,860	9,1900
1,4496	-3,862	9,1950
1,4493	-3,864	9,2000
1,4578	-3,867	9,2050
1,4598	-3,869	9,2100
1,4599	-3,871	9,2150
1,4654	-3,873	9,2200
1,4647	-3,875	9,2250
1,4605	-3,877	9,2300
1,4691	-3,879	9,2350
1,4722	-3,881	9,2400
1,4612	-3,883	9,2450
1,4684	-3,885	9,2500
1,4718	-3,888	9,2550
1,4694	-3,890	9,2600
1,4749	-3,892	9,2650
1,4781	-3,894	9,2700
1,4724	-3,896	9,2750
1,4784	-3,898	9,2800
1,4810	-3,900	9,2850
1,4742	-3,902	9,2900
1,4756	-3,904	9,2950
1,4801	-3,906	9,3000
1,4792	-3,909	9,3050
1,4749	-3,911	9,3100
1,4825	-3,913	9,3150
1,4832	-3,915	9,3200
1,4767	-3,917	9,3250
1,4779	-3,919	9,3300
1,4783	-3,921	9,3350
1,4718	-3,923	9,3400
1,4792	-3,925	9,3450
1,4910	-3,927	9,3500
1,4895	-3,930	9,3550
1,4928	-3,932	9,3600
1,4927	-3,934	9,3650
1,4806	-3,936	9,3700
1,4896	-3,938	9,3750
1,4979	-3,940	9,3800
1,4917	-3,942	9,3850
1,4871	-3,944	9,3900
1,4900	-3,946	9,3950
1,4869	-3,948	9,4000
1,4874	-3,951	9,4050
1,4982	-3,953	9,4100
1,4945	-3,955	9,4150
1,4867	-3,957	9,4200
1,4924	-3,959	9,4250
1,4926	-3,961	9,4300
1,4901	-3,963	9,4350
1,4945	-3,965	9,4400
1,4927	-3,967	9,4450
1,4875	-3,969	9,4500
1,4900	-3,972	9,4550
1,4967	-3,974	9,4600
1,4991	-3,976	9,4650
1,5038	-3,978	9,4700
1,5055	-3,980	9,4750
1,5024	-3,982	9,4800
1,5077	-3,984	9,4850
1,5081	-3,986	9,4900
1,5039	-3,988	9,4950
1,4992	-3,990	9,5000
1,5077	-3,993	9,5050
1,5047	-3,995	9,5100
1,5007	-3,997	9,5150
1,5044	-3,999	9,5200
1,5065	-4,001	9,5250
1,5007	-4,003	9,5300
1,5014	-4,005	9,5350
1,5068	-4,007	9,5400
1,5022	-4,009	9,5450
1,5094	-4,011	9,5500
1,5180	-4,014	9,5550
1,5139	-4,016	9,5600
1,5091	-4,018	9,5650
1,5159	-4,020	9,5700
1,5102	-4,022	9,5750
1,5085	-4,024	9,5800
1,5150	-4,026	9,5850
1,5161	-4,028	9,5900
1,5147	-4,030	9,5950
1,5191	-4,032	9,6000
1,5097	-4,035	9,6050
1,5051	-4,037	9,6100
1,5218	-4,039	9,6150
1,5293	-4,041	9,6200
1,5275	-4,043	9,6250
1,5241	-4,045	9,6300
1,5256	-4,047	9,6350
1,5200	-4,049	9,6400
1,5190	-4,051	9,6450
1,5229	-4,053	9,6500
1,5208	-4,056	9,6550
1,5290	-4,058	9,6600
1,5404	-4,060	9,6650
1,5288	-4,062	9,6700
1,5179	-4,064	9,6750
1,5274	-4,066	9,6800
1,5333	-4,068	9,6850
1,5345	-4,070	9,6900
1,5409	-4,072	9,6950
1,5357	-4,074	9,7000
1,5243	-4,077	9,7050
1,5384	-4,079	9,7100
1,5412	-4,081	9,7150
1,5358	-4,083	9,7200
1,5375	-4,085	9,7250
1,5392	-4,087	9,7300
1,5367	-4,089	9,7350
1,5337	-4,091	9,7400
1,5440	-4,093	9,7450
1,5441	-4,095	9,7500
1,5451	-4,098	9,7550
1,5466	-4,100	9,7600
1,5427	-4,102	9,7650
1,5365	-4,104	9,7700
1,5414	-4,106	9,7750
1,5454	-4,108	9,7800
1,5400	-4,110	9,7850
1,5433	-4,112	9,7900
1,5441	-4,114	9,7950
1,5362	-4,116	9,8000
1,5469	-4,119	9,8050
1,5433	-4,121	9,8100
1,5291	-4,123	9,8150
1,5385	-4,125	9,8200
1,5530	-4,127	9,8250
1,5487	-4,129	9,8300
1,5465	-4,131	9,8350
1,5579	-4,133	9,8400
1,5558	-4,135	9,8450
1,5483	-4,137	9,8500
1,5586	-4,140	9,8550
1,5546	-4,142	9,8600
1,5481	-4,144	9,8650
1,5500	-4,146	9,8700
1,5510	-4,148	9,8750
1,5519	-4,150	9,8800
1,5543	-4,152	9,8850
1,5626	-4,154	9,8900
1,5577	-4,156	9,8950
1,5616	-4,159	9,9000
1,5601	-4,161	9,9050
1,5523	-4,163	9,9100
1,5641	-4,165	9,9150
1,5783	-4,167	9,9200
1,5689	-4,169	9,9250
1,5566	-4,171	9,9300
1,5653	-4,173	9,9350
1,5555	-4,175	9,9400
1,5577	-4,177	9,9450
1,5686	-4,180	9,9500
1,5645	-4,182	9,9550
1,5633	-4,184	9,9600
1,5719	-4,186	9,9650
1,5726	-4,188	9,9700
1,5669	-4,190	9,9750
1,5668	-4,192	9,9800
1,5706	-4,194	9,9850
1,5634	-4,196	9,9900
1,5671	-4,198	9,9950
1,5744	-4,201	10,0000
1,5771	-4,203	10,0050
1,5809	-4,205	10,0100
1,5813	-4,207	10,0150
1,5746	-4,209	10,0200
1,5767	-4,211	10,0250
1,5905	-4,213	10,0300
1,5880	-4,215	10,0350
1,5851	-4,217	10,0400
1,5859	-4,219	10,0450
1,5760	-4,222	10,0500
1,5746	-4,224	10,0550
1,5865	-4,226	10,0600
1,5883	-4,228	10,0650
1,5807	-4,230	10,0700
1,5874	-4,232	10,0750
1,5902	-4,234	10,0800
1,5839	-4,236	10,0850
1,5869	-4,238	10,0900
1,5871	-4,240	10,0950
1,5875	-4,243	10,1000
1,5878	-4,245	10,1050
1,5922	-4,247	10,1100
1,5863	-4,249	10,1150
1,5852	-4,251	10,1200
1,5999	-4,253	10,1250
1,6014	-4,255	10,1300
1,5882	-4,257	10,1350
1,5894	-4,259	10,1400
1,5927	-4,261	10,1450
1,5853	-4,264	10,1500
1,5912	-4,266	10,1550
1,5930	-4,268	10,1600
1,5928	-4,270	10,1650
1,5954	-4,272	10,1700
1,6010	-4,274	10,1750
1,5944	-4,276	10,1800
1,5986	-4,278	10,1850
1,6032	-4,280	10,1900
1,6022	-4,282	10,1950
1,6085	-4,285	10,2000
1,6132	-4,287	10,2050
1,6095	-4,289	10,2100
1,6042	-4,291	10,2150
1,6070	-4,293	10,2200
1,6049	-4,295	10,2250
1,6036	-4,297	10,2300
1,6099	-4,299	10,2350
1,6108	-4,301	10,2400
1,6033	-4,303	10,2450
1,6120	-4,306	10,2500
1,6152	-4,308	10,2550
1,6051	-4,310	10,2600
1,6074	-4,312	10,2650
1,6162	-4,314	10,2700
1,6113	-4,316	10,2750
1,6157	-4,318	10,2800
1,6188	-4,320	10,2850
1,6161	-4,322	10,2900
1,6104	-4,324	10,2950
1,6208	-4,327	10,3000
1,6197	-4,329	10,3050
1,6111	-4,331	10,3100
1,6181	-4,333	10,3150
1,6171	-4,335	10,3200
1,6124	-4,337	10,3250
1,6208	-4,339	10,3300
1,6306	-4,341	10,3350
1,6204	-4,343	10,3400
1,6180	-4,345	10,3450
1,6181	-4,348	10,3500
1,6195	-4,350	10,3550
1,6236	-4,352	10,3600
1,6303	-4,354	10,3650
1,6258	-4,356	10,3700
1,6261	-4,358	10,3750
1,6319	-4,360	10,3800
1,6268	-4,362	10,3850
1,6238	-4,364	10,3900
1,6283	-4,366	10,3950
1,6238	-4,369	10,4000
1,6202	-4,371	10,4050
1,6287	-4,373	10,4100
1,6298	-4,375	10,4150
1,6244	-4,377	10,4200
1,6258	-4,379	10,4250
1,6256	-4,381	10,4300
1,6273	-4,383	10,4350
1,6326	-4,385	10,4400
1,6357	-4,387	10,4450
1,6407	-4,390	10,4500
1,6476	-4,392	10,4550
1,6536	-4,394	10,4600
1,6417	-4,396	10,4650
1,6369	-4,398	10,4700
1,6396	-4,400	10,4750
1,6306	-4,402	10,4800
1,6316	-4,404	10,4850
1,6446	-4,406	10,4900
1,6483	-4,408	10,4950
1,6441	-4,411	10,5000
1,6467	-4,413	10,5050
1,6513	-4,415	10,5100
1,6512	-4,417	10,5150
1,6576	-4,419	10,5200
1,6551	-4,421	10,5250
1,6422	-4,423	10,5300
1,6470	-4,425	10,5350
1,6449	-4,427	10,5400
1,6383	-4,429	10,5450
1,6429	-4,432	10,5500
1,6605	-4,434	10,5550
1,6562	-4,436	10,5600
1,6491	-4,438	10,5650
1,6487	-4,440	10,5700
1,6539	-4,442	10,5750
1,6591	-4,444	10,5800
1,6657	-4,446	10,5850
1,6624	-4,448	10,5900
1,6560	-4,450	10,5950
1,6595	-4,453	10,6000
1,6560	-4,455	10,6050
1,6506	-4,457	10,6100
1,6575	-4,459	10,6150
1,6664	-4,461	10,6200
1,6585	-4,463	10,6250
1,6566	-4,465	10,6300
1,6619	-4,467	10,6350
1,6614	-4,469	10,6400
1,6572	-4,471	10,6450
1,6659	-4,474	10,6500
1,6614	-4,476	10,6550
1,6554	-4,478	10,6600
1,6589	-4,480	10,6650
1,6627	-4,482	10,6700
1,6644	-4,484	10,6750
1,6712	-4,486	10,6800
1,6712	-4,488	10,6850
1,6684	-4,490	10,6900
1,6773	-4,492	10,6950
1,6769	-4,495	10,7000
1,6621	-4,497	10,7050
1,6657	-4,499	10,7100
1,6779	-4,501	10,7150
1,6738	-4,503	10,7200
1,6713	-4,505	10,7250
1,6774	-4,507	10,7300
1,6825	-4,509	10,7350
1,6779	-4,511	10,7400
1,6809	-4,513	10,7450
1,6771	-4,516	10,7500
1,6774	-4,518	10,7550
1,6808	-4,520	10,7600
1,6723	-4,522	10,7650
1,6728	-4,524	10,7700
1,6821	-4,526	10,7750
1,6799	-4,528	10,7800
1,6784	-4,530	10,7850
1,6877	-4,532	10,7900
1,6894	-4,534	10,7950
1,6813	-4,537	10,8000
1,6777	-4,539	10,8050
1,6774	-4,541	10,8100
1,6744	-4,543	10,8150
1,6808	-4,545	10,8200
1,6853	-4,547	10,8250
1,6885	-4,549	10,8300
1,6858	-4,551	10,8350
1,6914	-4,553	10,8400
1,6889	-4,555	10,8450
1,6873	-4,558	10,8500
1,6907	-4,560	10,8550
1,6876	-4,562	10,8600
1,6861	-4,564	10,8650
1,6954	-4,566	10,8700
1,6916	-4,568	10,8750
1,6885	-4,570	10,8800
1,6915	-4,572	10,8850
1,6950	-4,574	10,8900
1,6928	-4,576	10,8950
1,7019	-4,579	10,9000
1,7008	-4,581	10,9050
1,6870	-4,583	10,9100
1,6864	-4,585	10,9150
1,6942	-4,587	10,9200
1,6996	-4,589	10,9250
1,6986	-4,591	10,9300
1,6990	-4,593	10,9350
1,6950	-4,595	10,9400
1,7012	-4,597	10,9450
1,7084	-4,600	10,9500
1,7028	-4,602	10,9550
1,6970	-4,604	10,9600
1,7026	-4,606	10,9650
1,7080	-4,608	10,9700
1,7006	-4,610	10,9750
1,7065	-4,612	10,9800
1,7162	-4,614	10,9850
1,7109	-4,616	10,9900
1,7179	-4,618	10,9950
1,7182	-4,621	11,0000
1,7064	-4,623	11,0050
1,7102	-4,625	11,0100
1,7140	-4,627	11,0150
1,7162	-4,629	11,0200
1,7207	-4,631	11,0250
1,7249	-4,633	11,0300
1,7096	-4,635	11,0350
1,7034	-4,637	11,0400
1,7152	-4,639	11,0450
1,7189	-4,642	11,0500
1,7218	-4,644	11,0550
1,7373	-4,646	11,0600
1,7287	-4,648	11,0650
1,7155	-4,650	11,0700
1,7202	-4,652	11,0750
1,7220	-4,654	11,0800
1,7214	-4,656	11,0850
1,7268	-4,658	11,0900
1,7299	-4,660	11,0950
1,7252	-4,663	11,1000
1,7267	-4,665	11,1050
1,7271	-4,667	11,1100
1,7291	-4,669	11,1150
1,7253	-4,671	11,1200
1,7309	-4,673	11,1250
1,7277	-4,675	11,1300
1,7220	-4,677	11,1350
1,7283	-4,679	11,1400
1,7284	-4,681	11,1450
1,7302	-4,684	11,1500
1,7398	-4,686	11,1550
1,7372	-4,688	11,1600
1,7260	-4,690	11,1650
1,7255	-4,692	11,1700
1,7340	-4,694	11,1750
1,7264	-4,696	11,1800
1,7313	-4,698	11,1850
1,7376	-4,700	11,1900
1,7363	-4,702	11,1950
1,7355	-4,705	11,2000
1,7487	-4,707	11,2050
1,7502	-4,709	11,2100
1,7462	-4,711	11,2150
1,7517	-4,713	11,2200
1,7431	-4,715	11,2250
1,7351	-4,717	11,2300
1,7443	-4,719	11,2350
1,7499	-4,721	11,2400
1,7401	-4,723	11,2450
1,7404	-4,726	11,2500
1,7437	-4,728	11,2550
1,7410	-4,730	11,2600
1,7434	-4,732	11,2650
1,7506	-4,734	11,2700
1,7474	-4,736	11,2750
1,7455	-4,738	11,2800
1,7496	-4,740	11,2850
1,7465	-4,742	11,2900
1,7464	-4,744	11,2950
1,7492	-4,747	11,3000
1,7471	-4,749	11,3050
1,7486	-4,751	11,3100
1,7571	-4,753	11,3150
1,7516	-4,755	11,3200
1,7491	-4,757	11,3250
1,7580	-4,759	11,3300
1,7581	-4,761	11,3350
1,7534	-4,763	11,3400
1,7600	-4,765	11,3450
1,7560	-4,768	11,3500
1,7531	-4,770	11,3550
1,7584	-4,772	11,3600
1,7677	-4,774	11,3650
1,7596	-4,776	11,3700
1,7614	-4,778	11,3750
1,7623	-4,780	11,3800
1,7580	-4,782	11,3850
1,7568	-4,784	11,3900
1,7632	-4,786	11,3950
1,7631	-4,789	11,4000
1,7634	-4,791	11,4050
1,7747	-4,793	11,4100
1,7690	-4,795	11,4150
1,7540	-4,797	11,4200
1,7625	-4,799	11,4250
1,7673	-4,801	11,4300
1,7575	-4,803	11,4350
1,7593	-4,805	11,4400
1,7636	-4,807	11,4450
1,7647	-4,810	11,4500
1,7689	-4,812	11,4550
1,7720	-4,814	11,4600
1,7715	-4,816	11,4650
1,7760	-4,818	11,4700
1,7774	-4,820	11,4750
1,7710	-4,822	11,4800
1,7713	-4,824	11,4850
1,7773	-4,826	11,4900
1,7754	-4,828	11,4950
1,7791	-4,831	11,5000
1,7861	-4,833	11,5050
1,7786	-4,835	11,5100
1,7743	-4,837	11,5150
1,7763	-4,839	11,5200
1,7771	-4,841	11,5250
1,7680	-4,843	11,5300
1,7733	-4,845	11,5350
1,7790	-4,847	11,5400
1,7816	-4,849	11,5450
1,7855	-4,852	11,5500
1,7911	-4,854	11,5550
1,7876	-4,856	11,5600
1,7834	-4,858	11,5650
1,7884	-4,860	11,5700
1,7796	-4,862	11,5750
1,7824	-4,864	11,5800
1,7978	-4,866	11,5850
1,7942	-4,868	11,5900
1,7877	-4,870	11,5950
1,7960	-4,873	11,6000
1,8014	-4,875	11,6050
1,7898	-4,877	11,6100
1,7918	-4,879	11,6150
1,7923	-4,881	11,6200
1,7924	-4,883	11,6250
1,8012	-4,885	11,6300
1,7995	-4,887	11,6350
1,7955	-4,889	11,6400
1,8003	-4,891	11,6450
1,8043	-4,894	11,6500
1,7976	-4,896	11,6550
1,7990	-4,898	11,6600
1,8028	-4,900	11,6650
1,7980	-4,902	11,6700
1,7972	-4,904	11,6750
1,8011	-4,906	11,6800
1,7976	-4,908	11,6850
1,7988	-4,910	11,6900
1,8047	-4,912	11,6950
1,8112	-4,915	11,7000
1,7994	-4,917	11,7050
1,7974	-4,919	11,7100
1,8022	-4,921	11,7150
1,7989	-4,923	11,7200
1,8026	-4,925	11,7250
1,8015	-4,927	11,7300
1,8036	-4,929	11,7350
1,8097	-4,931	11,7400
1,8200	-4,933	11,7450
1,8116	-4,936	11,7500
1,8083	-4,938	11,7550
1,8157	-4,940	11,7600
1,8115	-4,942	11,7650
1,8065	-4,944	11,7700
1,8148	-4,946	11,7750
1,8108	-4,948	11,7800
1,8073	-4,950	11,7850
1,8170	-4,952	11,7900
1,8166	-4,954	11,7950
1,8139	-4,957	11,8000
1,8229	-4,959	11,8050
1,8208	-4,961	11,8100
1,8088	-4,963	11,8150
1,8132	-4,965	11,8200
1,8287	-4,967	11,8250
1,8341	-4,969	11,8300
1,8322	-4,971	11,8350
1,8349	-4,973	11,8400
1,8227	-4,975	11,8450
1,8211	-4,978	11,8500
1,8284	-4,980	11,8550
1,8235	-4,982	11,8600
1,8230	-4,984	11,8650
1,8351	-4,986	11,8700
1,8320	-4,988	11,8750
1,8272	-4,990	11,8800
1,8311	-4,992	11,8850
1,8299	-4,994	11,8900
1,8224	-4,996	11,8950
1,8313	-4,999	11,9000
1,8291	-5,001	11,9050
1,8290	-5,003	11,9100
1,8335	-5,005	11,9150
1,8325	-5,007	11,9200
1,8272	-5,009	11,9250
1,8312	-5,011	11,9300
1,8387	-5,013	11,9350
1,8316	-5,015	11,9400
1,8342	-5,017	11,9450
1,8477	-5,020	11,9500
1,8449	-5,022	11,9550
1,8387	-5,024	11,9600
1,8439	-5,026	11,9650
1,8463	-5,028	11,9700
1,8388	-5,030	11,9750
1,8450	-5,032	11,9800
1,8566	-5,034	11,9850
1,8459	-5,036	11,9900
1,8411	-5,038	11,9950
1,8341	-5,041	12,0000
1,8372	-5,043	12,0050
1,8570	-5,045	12,0100
1,8594	-5,047	12,0150
1,8509	-5,049	12,0200
1,8506	-5,051	12,0250
1,8563	-5,053	12,0300
1,8548	-5,055	12,0350
1,8489	-5,057	12,0400
1,8591	-5,059	12,0450
1,8512	-5,062	12,0500
1,8405	-5,064	12,0550
1,8500	-5,066	12,0600
1,8535	-5,068	12,0650
1,8546	-5,070	12,0700
1,8584	-5,072	12,0750
1,8582	-5,074	12,0800
1,8541	-5,076	12,0850
1,8661	-5,078	12,0900
1,8671	-5,080	12,0950
1,8530	-5,083	12,1000
1,8568	-5,085	12,1050
1,8708	-5,087	12,1100
1,8697	-5,089	12,1150
1,8613	-5,091	12,1200
1,8633	-5,093	12,1250
1,8593	-5,095	12,1300
1,8541	-5,097	12,1350
1,8648	-5,099	12,1400
1,8669	-5,101	12,1450
1,8608	-5,104	12,1500
1,8665	-5,106	12,1550
1,8605	-5,108	12,1600
1,8601	-5,110	12,1650
1,8638	-5,112	12,1700
1,8682	-5,114	12,1750
1,8569	-5,116	12,1800
1,8598	-5,118	12,1850
1,8694	-5,120	12,1900
1,8660	-5,122	12,1950
1,8748	-5,125	12,2000
1,8802	-5,127	12,2050
1,8754	-5,129	12,2100
1,8720	-5,131	12,2150
1,8802	-5,133	12,2200
1,8768	-5,135	12,2250
1,8770	-5,137	12,2300
1,8834	-5,139	12,2350
1,8805	-5,141	12,2400
1,8716	-5,143	12,2450
1,8776	-5,146	12,2500
1,8735	-5,148	12,2550
1,8757	-5,150	12,2600
1,8808	-5,152	12,2650
1,8848	-5,154	12,2700
1,8755	-5,156	12,2750
1,8732	-5,158	12,2800
1,8839	-5,160	12,2850
1,8811	-5,162	12,2900
1,8779	-5,164	12,2950
1,8894	-5,167	12,3000
1,8872	-5,169	12,3050
1,8803	-5,171	12,3100
1,8872	-5,173	12,3150
1,8846	-5,175	12,3200
1,8786	-5,177	12,3250
1,8886	-5,179	12,3300
1,8903	-5,181	12,3350
1,8854	-5,183	12,3400
1,8917	-5,185	12,3450
1,8964	-5,188	12,3500
1,8932	-5,190	12,3550
1,8910	-5,192	12,3600
1,8946	-5,194	12,3650
1,8882	-5,196	12,3700
1,8918	-5,198	12,3750
1,8957	-5,200	12,3800
1,8945	-5,202	12,3850
1,8969	-5,204	12,3900
1,9067	-5,206	12,3950
1,8981	-5,209	12,4000
1,8905	-5,211	12,4050
1,8977	-5,213	12,4100
1,9014	-5,215	12,4150
1,8949	-5,217	12,4200
1,9019	-5,219	12,4250
1,9015	-5,221	12,4300
1,8974	-5,223	12,4350
1,9039	-5,225	12,4400
1,9061	-5,227	12,4450
1,9063	-5,230	12,4500
1,9036	-5,232	12,4550
1,9051	-5,234	12,4600
1,9023	-5,236	12,4650
1,9084	-5,238	12,4700
1,9161	-5,240	12,4750
1,9118	-5,242	12,4800
1,9157	-5,244	12,4850
1,9263	-5,246	12,4900
1,9171	-5,248	12,4950
1,9048	-5,251	12,5000
1,9040	-5,253	12,5050
1,9092	-5,255	12,5100
1,9123	-5,257	12,5150
1,9128	-5,259	12,5200
1,9089	-5,261	12,5250
1,9080	-5,263	12,5300
1,9160	-5,265	12,5350
1,9184	-5,267	12,5400
1,9218	-5,269	12,5450
1,9220	-5,272	12,5500
1,9310	-5,274	12,5550
1,9251	-5,276	12,5600
1,9212	-5,278	12,5650
1,9267	-5,280	12,5700
1,9221	-5,282	12,5750
1,9196	-5,284	12,5800
1,9262	-5,286	12,5850
1,9188	-5,288	12,5900
1,9100	-5,290	12,5950
1,9166	-5,293	12,6000
1,9210	-5,295	12,6050
1,9204	-5,297	12,6100
1,9284	-5,299	12,6150
1,9338	-5,301	12,6200
1,9269	-5,303	12,6250
1,9320	-5,305	12,6300
1,9359	-5,307	12,6350
1,9338	-5,309	12,6400
1,9273	-5,311	12,6450
1,9320	-5,314	12,6500
1,9297	-5,316	12,6550
1,9310	-5,318	12,6600
1,9345	-5,320	12,6650
1,9308	-5,322	12,6700
1,9323	-5,324	12,6750
1,9391	-5,326	12,6800
1,9316	-5,328	12,6850
1,9288	-5,330	12,6900
1,9445	-5,332	12,6950
1,9435	-5,335	12,7000
1,9362	-5,337	12,7050
1,9459	-5,339	12,7100
1,9471	-5,341	12,7150
1,9355	-5,343	12,7200
1,9346	-5,345	12,7250
1,9389	-5,347	12,7300
1,9344	-5,349	12,7350
1,9322	-5,351	12,7400
1,9430	-5,353	12,7450
1,9397	-5,356	12,7500
1,9373	-5,358	12,7550
1,9536	-5,360	12,7600
1,9572	-5,362	12,7650
1,9509	-5,364	12,7700
1,9562	-5,366	12,7750
1,9469	-5,368	12,7800
1,9352	-5,370	12,7850
1,9439	-5,372	12,7900
1,9528	-5,374	12,7950
1,9485	-5,377	12,8000
1,9599	-5,379	12,8050
1,9613	-5,381	12,8100
1,9499	-5,383	12,8150
1,9526	-5,385	12,8200
1,9573	-5,387	12,8250
1,9586	-5,389	12,8300
1,9569	-5,391	12,8350
1,9590	-5,393	12,8400
1,9545	-5,395	12,8450
1,9505	-5,398	12,8500
1,9578	-5,400	12,8550
1,9632	-5,402	12,8600
1,9535	-5,404	12,8650
1,9541	-5,406	12,8700
1,9544	-5,408	12,8750
1,9489	-5,410	12,8800
1,9574	-5,412	12,8850
1,9641	-5,414	12,8900
1,9625	-5,416	12,8950
1,9662	-5,419	12,9000
1,9622	-5,421	12,9050
1,9521	-5,423	12,9100
1,9612	-5,425	12,9150
1,9726	-5,427	12,9200
1,9737	-5,429	12,9250
1,9650	-5,431	12,9300
1,9634	-5,433	12,9350
1,9630	-5,435	12,9400
1,9634	-5,437	12,9450
1,9749	-5,440	12,9500
1,9757	-5,442	12,9550
1,9738	-5,444	12,9600
1,9759	-5,446	12,9650
1,9747	-5,448	12,9700
1,9729	-5,450	12,9750
1,9816	-5,452	12,9800
1,9874	-5,454	12,9850
1,9800	-5,456	12,9900
1,9758	-5,458	12,9950
1,9700	-5,461	13,0000
1,9688	-5,463	13,0050
1,9699	-5,465	13,0100
1,9712	-5,467	13,0150
1,9710	-5,469	13,0200
1,9731	-5,471	13,0250
1,9734	-5,473	13,0300
1,9746	-5,475	13,0350
1,9761	-5,477	13,0400
1,9822	-5,479	13,0450
1,9760	-5,482	13,0500
1,9732	-5,484	13,0550
1,9821	-5,486	13,0600
1,9801	-5,488	13,0650
1,9796	-5,490	13,0700
1,9868	-5,492	13,0750
1,9835	-5,494	13,0800
1,9737	-5,496	13,0850
1,9847	-5,498	13,0900
1,9941	-5,500	13,0950
1,9905	-5,503	13,1000
1,9817	-5,505	13,1050
1,9899	-5,507	13,1100
1,9990	-5,509	13,1150
1,9982	-5,511	13,1200
1,9985	-5,513	13,1250
1,9862	-5,515	13,1300
1,9805	-5,517	13,1350
1,9916	-5,519	13,1400
2,0000	-5,521	13,1450
1,9941	-5,524	13,1500
1,9994	-5,526	13,1550
1,9997	-5,528	13,1600
1,9932	-5,530	13,1650
1,9969	-5,532	13,1700
2,0057	-5,534	13,1750
1,9985	-5,536	13,1800
1,9954	-5,538	13,1850
2,0057	-5,540	13,1900
1,9978	-5,542	13,1950
1,9937	-5,545	13,2000
1,9973	-5,547	13,2050
2,0048	-5,549	13,2100
2,0047	-5,551	13,2150
2,0109	-5,553	13,2200
2,0046	-5,555	13,2250
2,0037	-5,557	13,2300
2,0132	-5,559	13,2350
2,0154	-5,561	13,2400
2,0090	-5,563	13,2450
2,0152	-5,566	13,2500
2,0126	-5,568	13,2550
2,0050	-5,570	13,2600
2,0049	-5,572	13,2650
2,0185	-5,574	13,2700
2,0119	-5,576	13,2750
2,0177	-5,578	13,2800
2,0173	-5,580	13,2850
2,0089	-5,582	13,2900
2,0088	-5,584	13,2950
2,0180	-5,587	13,3000
2,0175	-5,589	13,3050
2,0199	-5,591	13,3100
2,0318	-5,593	13,3150
2,0271	-5,595	13,3200
2,0190	-5,597	13,3250
2,0226	-5,599	13,3300
2,0183	-5,601	13,3350
2,0118	-5,603	13,3400
2,0189	-5,605	13,3450
2,0217	-5,608	13,3500
2,0144	-5,610	13,3550
2,0162	-5,612	13,3600
2,0240	-5,614	13,3650
2,0217	-5,616	13,3700
2,0315	-5,618	13,3750
2,0352	-5,620	13,3800
2,0266	-5,622	13,3850
2,0258	-5,624	13,3900
2,0318	-5,626	13,3950
2,0352	-5,629	13,4000
2,0298	-5,631	13,4050
2,0299	-5,633	13,4100
2,0329	-5,635	13,4150
2,0307	-5,637	13,4200
2,0347	-5,639	13,4250
2,0372	-5,641	13,4300
2,0305	-5,643	13,4350
2,0314	-5,645	13,4400
2,0365	-5,647	13,4450
2,0312	-5,650	13,4500
2,0276	-5,652	13,4550
2,0337	-5,654	13,4600
2,0301	-5,656	13,4650
2,0327	-5,658	13,4700
2,0482	-5,660	13,4750
2,0426	-5,662	13,4800
2,0407	-5,664	13,4850
2,0499	-5,666	13,4900
2,0423	-5,668	13,4950
2,0337	-5,671	13,5000
2,0464	-5,673	13,5050
2,0448	-5,675	13,5100
2,0387	-5,677	13,5150
2,0525	-5,679	13,5200
2,0560	-5,681	13,5250
2,0449	-5,683	13,5300
2,0479	-5,685	13,5350
2,0488	-5,687	13,5400
2,0407	-5,689	13,5450
2,0393	-5,692	13,5500
2,0466	-5,694	13,5550
2,0474	-5,696	13,5600
2,0501	-5,698	13,5650
2,0573	-5,700	13,5700
2,0527	-5,702	13,5750
2,0483	-5,704	13,5800
2,0541	-5,706	13,5850
2,0494	-5,708	13,5900
2,0492	-5,710	13,5950
2,0587	-5,713	13,6000
2,0627	-5,715	13,6050
2,0600	-5,717	13,6100
2,0596	-5,719	13,6150
2,0592	-5,721	13,6200
2,0530	-5,723	13,6250
2,0558	-5,725	13,6300
2,0571	-5,727	13,6350
2,0546	-5,729	13,6400
2,0629	-5,731	13,6450
2,0707	-5,734	13,6500
2,0620	-5,736	13,6550
2,0592	-5,738	13,6600
2,0636	-5,740	13,6650
2,0576	-5,742	13,6700
2,0589	-5,744	13,6750
2,0720	-5,746	13,6800
2,0685	-5,748	13,6850
2,0637	-5,750	13,6900
2,0654	-5,752	13,6950
2,0633	-5,755	13,7000
2,0546	-5,757	13,7050
2,0713	-5,759	13,7100
2,0776	-5,761	13,7150
2,0651	-5,763	13,7200
2,0652	-5,765	13,7250
2,0720	-5,767	13,7300
2,0664	-5,769	13,7350
2,0628	-5,771	13,7400
2,0683	-5,773	13,7450
2,0657	-5,776	13,7500
2,0654	-5,778	13,7550
2,0737	-5,780	13,7600
2,0698	-5,782	13,7650
2,0613	-5,784	13,7700
2,0708	-5,786	13,7750
2,0753	-5,788	13,7800
2,0828	-5,790	13,7850
2,0829	-5,792	13,7900
2,0793	-5,794	13,7950
2,0747	-5,797	13,8000
2,0823	-5,799	13,8050
2,0844	-5,801	13,8100
2,0805	-5,803	13,8150
2,0832	-5,805	13,8200
2,0853	-5,807	13,8250
2,0778	-5,809	13,8300
2,0808	-5,811	13,8350
2,0883	-5,813	13,8400
2,0873	-5,815	13,8450
2,0922	-5,818	13,8500
2,0992	-5,820	13,8550
2,0943	-5,822	13,8600
2,0839	-5,824	13,8650
2,0916	-5,826	13,8700
2,0850	-5,828	13,8750
2,0829	-5,830	13,8800
2,0895	-5,832	13,8850
2,0957	-5,834	13,8900
2,0903	-5,836	13,8950
2,0935	-5,839	13,9000
2,0895	-5,841	13,9050
2,0831	-5,843	13,9100
2,0884	-5,845	13,9150
2,0994	-5,847	13,9200
2,0914	-5,849	13,9250
2,0855	-5,851	13,9300
2,0904	-5,853	13,9350
2,0872	-5,855	13,9400
2,0855	-5,857	13,9450
2,0932	-5,860	13,9500
2,0933	-5,862	13,9550
2,0912	-5,864	13,9600
2,1006	-5,866	13,9650
2,0989	-5,868	13,9700
2,0956	-5,870	13,9750
2,1030	-5,872	13,9800
2,1037	-5,874	13,9850
2,0930	-5,876	13,9900
2,0994	-5,878	13,9950
2,1042	-5,881	14,0000
2,0946	-5,883	14,0050
2,1018	-5,885	14,0100
2,1081	-5,887	14,0150
2,1122	-5,889	14,0200
2,1147	-5,891	14,0250
2,1177	-5,893	14,0300
2,1122	-5,895	14,0350
2,1106	-5,897	14,0400
2,1186	-5,899	14,0450
2,1154	-5,902	14,0500
2,1040	-5,904	14,0550
2,1151	-5,906	14,0600
2,1135	-5,908	14,0650
2,1046	-5,910	14,0700
2,1137	-5,912	14,0750
2,1204	-5,914	14,0800
2,1105	-5,916	14,0850
2,1123	-5,918	14,0900
2,1152	-5,920	14,0950
2,1144	-5,923	14,1000
2,1210	-5,925	14,1050
2,1322	-5,927	14,1100
2,1261	-5,929	14,1150
2,1147	-5,931	14,1200
2,1205	-5,933	14,1250
2,1227	-5,935	14,1300
2,1214	-5,937	14,1350
2,1265	-5,939	14,1400
2,1261	-5,941	14,1450
2,1201	-5,944	14,1500
2,1302	-5,946	14,1550
2,1292	-5,948	14,1600
2,1288	-5,950	14,1650
2,1374	-5,952	14,1700
2,1360	-5,954	14,1750
2,1210	-5,956	14,1800
2,1247	-5,958	14,1850
2,1298	-5,960	14,1900
2,1235	-5,962	14,1950
2,1324	-5,965	14,2000
2,1367	-5,967	14,2050
2,1262	-5,969	14,2100
2,1280	-5,971	14,2150
2,1465	-5,973	14,2200
2,1431	-5,975	14,2250
2,1376	-5,977	14,2300
2,1380	-5,979	14,2350
2,1332	-5,981	14,2400
2,1340	-5,983	14,2450
2,1449	-5,986	14,2500
2,1374	-5,988	14,2550
2,1363	-5,990	14,2600
2,1440	-5,992	14,2650
2,1509	-5,994	14,2700
2,1415	-5,996	14,2750
2,1411	-5,998	14,2800
2,1431	-6,000	14,2850
2,1416	-6,002	14,2900
2,1464	-6,004	14,2950
2,1562	-6,007	14,3000
2,1481	-6,009	14,3050
2,1455	-6,011	14,3100
2,1520	-6,013	14,3150
2,1491	-6,015	14,3200
2,1462	-6,017	14,3250
2,1486	-6,019	14,3300
2,1434	-6,021	14,3350
2,1401	-6,023	14,3400
2,1451	-6,025	14,3450
2,1528	-6,028	14,3500
2,1557	-6,030	14,3550
2,1567	-6,032	14,3600
2,1549	-6,034	14,3650
2,1390	-6,036	14,3700
2,1489	-6,038	14,3750
2,1607	-6,040	14,3800
2,1508	-6,042	14,3850
2,1506	-6,044	14,3900
2,1529	-6,046	14,3950
2,1446	-6,049	14,4000
2,1441	-6,051	14,4050
2,1501	-6,053	14,4100
2,1542	-6,055	14,4150
2,1596	-6,057	14,4200
2,1695	-6,059	14,4250
2,1651	-6,061	14,4300
2,1566	-6,063	14,4350
2,1629	-6,065	14,4400
2,1628	-6,067	14,4450
2,1598	-6,070	14,4500
2,1588	-6,072	14,4550
2,1639	-6,074	14,4600
2,1537	-6,076	14,4650
2,1576	-6,078	14,4700
2,1709	-6,080	14,4750
2,1668	-6,082	14,4800
2,1695	-6,084	14,4850
2,1746	-6,086	14,4900
2,1717	-6,088	14,4950
2,1651	-6,091	14,5000
2,1735	-6,093	14,5050
2,1682	-6,095	14,5100
2,1643	-6,097	14,5150
2,1675	-6,099	14,5200
2,1652	-6,101	14,5250
2,1559	-6,103	14,5300
2,1668	-6,105	14,5350
2,1740	-6,107	14,5400
2,1762	-6,109	14,5450
2,1834	-6,112	14,5500
2,1838	-6,114	14,5550
2,1729	-6,116	14,5600
2,1789	-6,118	14,5650
2,1815	-6,120	14,5700
2,1778	-6,122	14,5750
2,1799	-6,124	14,5800
2,1934	-6,126	14,5850
2,1858	-6,128	14,5900
2,1734	-6,130	14,5950
2,1810	-6,133	14,6000
2,1811	-6,135	14,6050
2,1784	-6,137	14,6100
2,1831	-6,139	14,6150
2,1849	-6,141	14,6200
2,1758	-6,143	14,6250
2,1831	-6,145	14,6300
2,1874	-6,147	14,6350
2,1905	-6,149	14,6400
2,1909	-6,151	14,6450
2,1959	-6,154	14,6500
2,1842	-6,156	14,6550
2,1830	-6,158	14,6600
2,1927	-6,160	14,6650
2,1909	-6,162	14,6700
2,1796	-6,164	14,6750
2,1900	-6,166	14,6800
2,1890	-6,168	14,6850
2,1864	-6,170	14,6900
2,1981	-6,172	14,6950
2,1992	-6,175	14,7000
2,1884	-6,177	14,7050
2,1950	-6,179	14,7100
2,1981	-6,181	14,7150
2,1908	-6,183	14,7200
2,1972	-6,185	14,7250
2,1990	-6,187	14,7300
2,1965	-6,189	14,7350
2,1948	-6,191	14,7400
2,2034	-6,193	14,7450
2,1993	-6,196	14,7500
2,2023	-6,198	14,7550
2,2069	-6,200	14,7600
2,1963	-6,202	14,7650
2,1958	-6,204	14,7700
2,2052	-6,206	14,7750
2,2038	-6,208	14,7800
2,2039	-6,210	14,7850
2,2141	-6,212	14,7900
2,2121	-6,214	14,7950
2,1939	-6,217	14,8000
2,1966	-6,219	14,8050
2,2108	-6,221	14,8100
2,2004	-6,223	14,8150
2,2042	-6,225	14,8200
2,2107	-6,227	14,8250
2,2066	-6,229	14,8300
2,2023	-6,231	14,8350
2,2072	-6,233	14,8400
2,2052	-6,235	14,8450
2,2094	-6,238	14,8500
2,2201	-6,240	14,8550
2,2145	-6,242	14,8600
2,2099	-6,244	14,8650
2,2238	-6,246	14,8700
2,2156	-6,248	14,8750
2,2085	-6,250	14,8800
2,2137	-6,252	14,8850
2,2159	-6,254	14,8900
2,2144	-6,256	14,8950
2,2224	-6,259	14,9000
2,2277	-6,261	14,9050
2,2129	-6,263	14,9100
2,2145	-6,265	14,9150
2,2205	-6,267	14,9200
2,2239	-6,269	14,9250
2,2155	-6,271	14,9300
2,2212	-6,273	14,9350
2,2149	-6,275	14,9400
2,2062	-6,277	14,9450
2,2183	-6,280	14,9500
2,2257	-6,282	14,9550
2,2248	-6,284	14,9600
2,2329	-6,286	14,9650
2,2249	-6,288	14,9700
2,2157	-6,290	14,9750
2,2280	-6,292	14,9800
2,2325	-6,294	14,9850
2,2241	-6,296	14,9900
2,2273	-6,298	14,9950
2,2349	-6,301	15,0000
2,2336	-6,303	15,0050
2,2298	-6,305	15,0100
2,2279	-6,307	15,0150
2,2294	-6,309	15,0200
2,2276	-6,311	15,0250
2,2347	-6,313	15,0300
2,2308	-6,315	15,0350
2,2310	-6,317	15,0400
2,2403	-6,319	15,0450
2,2359	-6,322	15,0500
2,2271	-6,324	15,0550
2,2421	-6,326	15,0600
2,2401	-6,328	15,0650
2,2304	-6,330	15,0700
2,2382	-6,332	15,0750
2,2470	-6,334	15,0800
2,2421	-6,336	15,0850
2,2485	-6,338	15,0900
2,2501	-6,340	15,0950
2,2339	-6,343	15,1000
2,2345	-6,345	15,1050
2,2472	-6,347	15,1100
2,2453	-6,349	15,1150
2,2434	-6,351	15,1200
2,2445	-6,353	15,1250
2,2446	-6,355	15,1300
2,2516	-6,357	15,1350
2,2581	-6,359	15,1400
2,2527	-6,361	15,1450
2,2416	-6,364	15,1500
2,2555	-6,366	15,1550
2,2509	-6,368	15,1600
2,2358	-6,370	15,1650
2,2482	-6,372	15,1700
2,2596	-6,374	15,1750
2,2514	-6,376	15,1800
2,2553	-6,378	15,1850
2,2546	-6,380	15,1900
2,2463	-6,382	15,1950
2,2507	-6,385	15,2000
2,2628	-6,387	15,2050
2,2604	-6,389	15,2100
2,2606	-6,391	15,2150
2,2645	-6,393	15,2200
2,2581	-6,395	15,2250
2,2554	-6,397	15,2300
2,2666	-6,399	15,2350
2,2663	-6,401	15,2400
2,2576	-6,403	15,2450
2,2599	-6,406	15,2500
2,2604	-6,408	15,2550
2,2557	-6,410	15,2600
2,2598	-6,412	15,2650
2,2688	-6,414	15,2700
2,2615	-6,416	15,2750
2,2679	-6,418	15,2800
2,2748	-6,420	15,2850
2,2700	-6,422	15,2900
2,2701	-6,424	15,2950
2,2760	-6,427	15,3000
2,2748	-6,429	15,3050
2,2728	-6,431	15,3100
2,2758	-6,433	15,3150
2,2669	-6,435	15,3200
2,2646	-6,437	15,3250
2,2733	-6,439	15,3300
2,2768	-6,441	15,3350
2,2674	-6,443	15,3400
2,2696	-6,445	15,3450
2,2694	-6,448	15,3500
2,2665	-6,450	15,3550
2,2740	-6,452	15,3600
2,2849	-6,454	15,3650
2,2794	-6,456	15,3700
2,2754	-6,458	15,3750
2,2764	-6,460	15,3800
2,2763	-6,462	15,3850
2,2843	-6,464	15,3900
2,2880	-6,466	15,3950
2,2833	-6,469	15,4000
2,2811	-6,471	15,4050
2,2869	-6,473	15,4100
2,2821	-6,475	15,4150
2,2704	-6,477	15,4200
2,2811	-6,479	15,4250
2,2886	-6,481	15,4300
2,2860	-6,483	15,4350
2,2951	-6,485	15,4400
2,2995	-6,487	15,4450
2,2945	-6,490	15,4500
2,2960	-6,492	15,4550
2,3021	-6,494	15,4600
2,2878	-6,496	15,4650
2,2837	-6,498	15,4700
2,2919	-6,500	15,4750
2,2935	-6,502	15,4800
2,2885	-6,504	15,4850
2,2882	-6,506	15,4900
2,2838	-6,508	15,4950
2,2848	-6,511	15,5000
2,2915	-6,513	15,5050
2,2903	-6,515	15,5100
2,2840	-6,517	15,5150
2,2881	-6,519	15,5200
2,2905	-6,521	15,5250
2,2863	-6,523	15,5300
2,2953	-6,525	15,5350
2,3017	-6,527	15,5400
2,3014	-6,529	15,5450
2,3011	-6,532	15,5500
2,3069	-6,534	15,5550
2,3019	-6,536	15,5600
2,3078	-6,538	15,5650
2,3163	-6,540	15,5700
2,3053	-6,542	15,5750
2,2944	-6,544	15,5800
2,3043	-6,546	15,5850
2,3062	-6,548	15,5900
2,3052	-6,550	15,5950
2,3077	-6,553	15,6000
2,3050	-6,555	15,6050
2,3028	-6,557	15,6100
2,3046	-6,559	15,6150
2,3008	-6,561	15,6200
2,2970	-6,563	15,6250
2,3107	-6,565	15,6300
2,3101	-6,567	15,6350
2,3038	-6,569	15,6400
2,3052	-6,571	15,6450
2,3184	-6,574	15,6500
2,3124	-6,576	15,6550
2,3099	-6,578	15,6600
2,3193	-6,580	15,6650
2,3140	-6,582	15,6700
2,3111	-6,584	15,6750
2,3222	-6,586	15,6800
2,3178	-6,588	15,6850
2,3126	-6,590	15,6900
2,3209	-6,592	15,6950
2,3210	-6,595	15,7000
2,3079	-6,597	15,7050
2,3204	-6,599	15,7100
2,3220	-6,601	15,7150
2,3103	-6,603	15,7200
2,3166	-6,605	15,7250
2,3243	-6,607	15,7300
2,3211	-6,609	15,7350
2,3193	-6,611	15,7400
2,3275	-6,613	15,7450
2,3236	-6,616	15,7500
2,3209	-6,618	15,7550
2,3323	-6,620	15,7600
2,3257	-6,622	15,7650
2,3240	-6,624	15,7700
2,3313	-6,626	15,7750
2,3278	-6,628	15,7800
2,3232	-6,630	15,7850
2,3344	-6,632	15,7900
2,3420	-6,634	15,7950
2,3378	-6,637	15,8000
2,3379	-6,639	15,8050
2,3354	-6,641	15,8100
2,3330	-6,643	15,8150
2,3382	-6,645	15,8200
2,3378	-6,647	15,8250
2,3286	-6,649	15,8300
2,3282	-6,651	15,8350
2,3387	-6,653	15,8400
2,3373	-6,655	15,8450
2,3315	-6,658	15,8500
2,3340	-6,660	15,8550
2,3359	-6,662	15,8600
2,3304	-6,664	15,8650
2,3404	-6,666	15,8700
2,3368	-6,668	15,8750
2,3374	-6,670	15,8800
2,3401	-6,672	15,8850
2,3449	-6,674	15,8900
2,3389	-6,676	15,8950
2,3467	-6,679	15,9000
2,3502	-6,681	15,9050
2,3417	-6,683	15,9100
2,3426	-6,685	15,9150
2,3452	-6,687	15,9200
2,3447	-6,689	15,9250
2,3468	-6,691	15,9300
2,3574	-6,693	15,9350
2,3543	-6,695	15,9400
2,3497	-6,697	15,9450
2,3528	-6,700	15,9500
2,3505	-6,702	15,9550
2,3471	-6,704	15,9600
2,3520	-6,706	15,9650
2,3465	-6,708	15,9700
2,3482	-6,710	15,9750
2,3532	-6,712	15,9800
2,3540	-6,714	15,9850
2,3478	-6,716	15,9900
2,3596	-6,718	15,9950
2,3590	-6,721	16,0000
2,3506	-6,723	16,0050
2,3542	-6,725	16,0100
2,3605	-6,727	16,0150
2,3565	-6,729	16,0200
2,3495	-6,731	16,0250
2,3565	-6,733	16,0300
2,3596	-6,735	16,0350
2,3656	-6,737	16,0400
2,3755	-6,739	16,0450
2,3642	-6,742	16,0500
2,3493	-6,744	16,0550
2,3561	-6,746	16,0600
2,3627	-6,748	16,0650
2,3656	-6,750	16,0700
2,3716	-6,752	16,0750
2,3710	-6,754	16,0800
2,3655	-6,756	16,0850
2,3728	-6,758	16,0900
2,3750	-6,760	16,0950
2,3625	-6,763	16,1000
2,3656	-6,765	16,1050
2,3725	-6,767	16,1100
2,3661	-6,769	16,1150
2,3630	-6,771	16,1200
2,3760	-6,773	16,1250
2,3747	-6,775	16,1300
2,3697	-6,777	16,1350
2,3746	-6,779	16,1400
2,3725	-6,781	16,1450
2,3677	-6,784	16,1500
2,3747	-6,786	16,1550
2,3806	-6,788	16,1600
2,3825	-6,790	16,1650
2,3786	-6,792	16,1700
2,3793	-6,794	16,1750
2,3698	-6,796	16,1800
2,3726	-6,798	16,1850
2,3802	-6,800	16,1900
2,3762	-6,802	16,1950
2,3797	-6,805	16,2000
2,3862	-6,807	16,2050
2,3845	-6,809	16,2100
2,3809	-6,811	16,2150
2,3881	-6,813	16,2200
2,3853	-6,815	16,2250
2,3842	-6,817	16,2300
2,3919	-6,819	16,2350
2,3848	-6,821	16,2400
2,3781	-6,823	16,2450
2,3841	-6,826	16,2500
2,3844	-6,828	16,2550
2,3803	-6,830	16,2600
2,3841	-6,832	16,2650
2,3928	-6,834	16,2700
2,3868	-6,836	16,2750
2,3853	-6,838	16,2800
2,3909	-6,840	16,2850
2,3874	-6,842	16,2900
2,3942	-6,844	16,2950
2,4051	-6,847	16,3000
2,4017	-6,849	16,3050
2,3924	-6,851	16,3100
2,3924	-6,853	16,3150
2,3893	-6,855	16,3200
2,3910	-6,857	16,3250
2,4007	-6,859	16,3300
2,3989	-6,861	16,3350
2,3900	-6,863	16,3400
2,3932	-6,865	16,3450
2,4036	-6,868	16,3500
2,4049	-6,870	16,3550
2,4020	-6,872	16,3600
2,4098	-6,874	16,3650
2,4092	-6,876	16,3700
2,4061	-6,878	16,3750
2,4046	-6,880	16,3800
2,3953	-6,882	16,3850
2,3988	-6,884	16,3900
2,4098	-6,886	16,3950
2,4091	-6,889	16,4000
2,4096	-6,891	16,4050
2,4138	-6,893	16,4100
2,4060	-6,895	16,4150
2,4056	-6,897	16,4200
2,4138	-6,899	16,4250
2,4056	-6,901	16,4300
2,4040	-6,903	16,4350
2,4122	-6,905	16,4400
2,4089	-6,907	16,4450
2,4086	-6,910	16,4500
2,4130	-6,912	16,4550
2,4218	-6,914	16,4600
2,4126	-6,916	16,4650
2,4146	-6,918	16,4700
2,4191	-6,920	16,4750
2,4135	-6,922	16,4800
2,4069	-6,924	16,4850
2,4102	-6,926	16,4900
2,4121	-6,928	16,4950
2,4149	-6,931	16,5000
2,4246	-6,933	16,5050
2,4296	-6,935	16,5100
2,4222	-6,937	16,5150
2,4239	-6,939	16,5200
2,4241	-6,941	16,5250
2,4146	-6,943	16,5300
2,4198	-6,945	16,5350
2,4247	-6,947	16,5400
2,4235	-6,949	16,5450
2,4272	-6,952	16,5500
2,4239	-6,954	16,5550
2,4191	-6,956	16,5600
2,4245	-6,958	16,5650
2,4308	-6,960	16,5700
2,4313	-6,962	16,5750
2,4313	-6,964	16,5800
2,4402	-6,966	16,5850
2,4324	-6,968	16,5900
2,4225	-6,970	16,5950
2,4332	-6,973	16,6000
2,4360	-6,975	16,6050
2,4310	-6,977	16,6100
2,4414	-6,979	16,6150
2,4404	-6,981	16,6200
2,4285	-6,983	16,6250
2,4334	-6,985	16,6300
2,4312	-6,987	16,6350
2,4267	-6,989	16,6400
2,4292	-6,991	16,6450
2,4414	-6,994	16,6500
2,4390	-6,996	16,6550
2,4332	-6,998	16,6600
2,4377	-7,000	16,6650
2,4334	-7,002	16,6700
2,4361	-7,004	16,6750
2,4523	-7,006	16,6800
2,4499	-7,008	16,6850
2,4346	-7,010	16,6900
2,4321	-7,012	16,6950
2,4400	-7,015	16,7000
2,4390	-7,017	16,7050
2,4498	-7,019	16,7100
2,4494	-7,021	16,7150
2,4388	-7,023	16,7200
2,4366	-7,025	16,7250
2,4377	-7,027	16,7300
2,4441	-7,029	16,7350
2,4484	-7,031	16,7400
2,4509	-7,033	16,7450
2,4438	-7,036	16,7500
2,4497	-7,038	16,7550
2,4521	-7,040	16,7600
2,4504	-7,042	16,7650
2,4488	-7,044	16,7700
2,4486	-7,046	16,7750
2,4393	-7,048	16,7800
2,4359	-7,050	16,7850
2,4396	-7,052	16,7900
2,4493	-7,054	16,7950
2,4478	-7,057	16,8000
2,4532	-7,059	16,8050
2,4537	-7,061	16,8100
2,4479	-7,063	16,8150
2,4525	-7,065	16,8200
2,4584	-7,067	16,8250
2,4576	-7,069	16,8300
2,4559	-7,071	16,8350
2,4624	-7,073	16,8400
2,4558	-7,075	16,8450
2,4512	-7,078	16,8500
2,4615	-7,080	16,8550
2,4639	-7,082	16,8600
2,4645	-7,084	16,8650
2,4712	-7,086	16,8700
2,4598	-7,088	16,8750
2,4511	-7,090	16,8800
2,4601	-7,092	16,8850
2,4658	-7,094	16,8900
2,4645	-7,096	16,8950
2,4620	-7,099	16,9000
2,4592	-7,101	16,9050
2,4665	-7,103	16,9100
2,4719	-7,105	16,9150
2,4747	-7,107	16,9200
2,4795	-7,109	16,9250
2,4779	-7,111	16,9300
2,4826	-7,113	16,9350
2,4748	-7,115	16,9400
2,4687	-7,117	16,9450
2,4738	-7,120	16,9500
2,4740	-7,122	16,9550
2,4709	-7,124	16,9600
2,4806	-7,126	16,9650
2,4748	-7,128	16,9700
2,4684	-7,130	16,9750
2,4708	-7,132	16,9800
2,4725	-7,134	16,9850
2,4746	-7,136	16,9900
2,4882	-7,138	16,9950
2,4859	-7,141	17,0000
2,4681	-7,143	17,0050
2,4701	-7,145	17,0100
2,4807	-7,147	17,0150
2,4840	-7,149	17,0200
2,4810	-7,151	17,0250
2,4896	-7,153	17,0300
2,4921	-7,155	17,0350
2,4871	-7,157	17,0400
2,4851	-7,159	17,0450
2,4833	-7,162	17,0500
2,4853	-7,164	17,0550
2,5013	-7,166	17,0600
2,4974	-7,168	17,0650
2,4881	-7,170	17,0700
2,4898	-7,172	17,0750
2,4924	-7,174	17,0800
2,4847	-7,176	17,0850
2,4827	-7,178	17,0900
2,4884	-7,180	17,0950
2,4927	-7,183	17,1000
2,5001	-7,185	17,1050
2,5035	-7,187	17,1100
2,4959	-7,189	17,1150
2,4938	-7,191	17,1200
2,4958	-7,193	17,1250
2,4911	-7,195	17,1300
2,4921	-7,197	17,1350
2,5069	-7,199	17,1400
2,5030	-7,201	17,1450
2,4962	-7,204	17,1500
2,5039	-7,206	17,1550
2,5048	-7,208	17,1600
2,4986	-7,210	17,1650
2,4998	-7,212	17,1700
2,5000	-7,214	17,1750
2,4953	-7,216	17,1800
2,5069	-7,218	17,1850
2,5078	-7,220	17,1900
2,4928	-7,222	17,1950
2,4946	-7,225	17,2000
2,5060	-7,227	17,2050
2,5043	-7,229	17,2100
2,5026	-7,231	17,2150
2,5082	-7,233	17,2200
2,5037	-7,235	17,2250
2,5043	-7,237	17,2300
2,5126	-7,239	17,2350
2,5075	-7,241	17,2400
2,5034	-7,243	17,2450
2,5105	-7,246	17,2500
2,5143	-7,248	17,2550
2,5086	-7,250	17,2600
2,5035	-7,252	17,2650
2,5091	-7,254	17,2700
2,5083	-7,256	17,2750
2,5104	-7,258	17,2800
2,5172	-7,260	17,2850
2,5110	-7,262	17,2900
2,5124	-7,264	17,2950
2,5194	-7,267	17,3000
2,5213	-7,269	17,3050
2,5241	-7,271	17,3100
2,5304	-7,273	17,3150
2,5204	-7,275	17,3200
2,5112	-7,277	17,3250
2,5168	-7,279	17,3300
2,5142	-7,281	17,3350
2,5150	-7,283	17,3400
2,5252	-7,285	17,3450
2,5191	-7,288	17,3500
2,5135	-7,290	17,3550
2,5154	-7,292	17,3600
2,5236	-7,294	17,3650
2,5189	-7,296	17,3700
2,5227	-7,298	17,3750
2,5309	-7,300	17,3800
2,5266	-7,302	17,3850
2,5258	-7,304	17,3900
2,5285	-7,306	17,3950
2,5283	-7,309	17,4000
2,5308	-7,311	17,4050
2,5294	-7,313	17,4100
2,5272	-7,315	17,4150
2,5280	-7,317	17,4200
2,5326	-7,319	17,4250
2,5321	-7,321	17,4300
2,5274	-7,323	17,4350
2,5358	-7,325	17,4400
2,5402	-7,327	17,4450
2,5304	-7,330	17,4500
2,5284	-7,332	17,4550
2,5374	-7,334	17,4600
2,5363	-7,336	17,4650
2,5338	-7,338	17,4700
2,5427	-7,340	17,4750
2,5406	-7,342	17,4800
2,5357	-7,344	17,4850
2,5468	-7,346	17,4900
2,5425	-7,348	17,4950
2,5354	-7,351	17,5000
2,5403	-7,353	17,5050
2,5389	-7,355	17,5100
2,5393	-7,357	17,5150
2,5408	-7,359	17,5200
2,5429	-7,361	17,5250
2,5400	-7,363	17,5300
2,5490	-7,365	17,5350
2,5487	-7,367	17,5400
2,5403	-7,369	17,5450
2,5457	-7,372	17,5500
2,5528	-7,374	17,5550
2,5425	-7,376	17,5600
2,5374	-7,378	17,5650
2,5454	-7,380	17,5700
2,5457	-7,382	17,5750
2,5453	-7,384	17,5800
2,5551	-7,386	17,5850
2,5531	-7,388	17,5900
2,5464	-7,390	17,5950
2,5521	-7,393	17,6000
2,5537	-7,395	17,6050
2,5466	-7,397	17,6100
2,5539	-7,399	17,6150
2,5569	-7,401	17,6200
2,5499	-7,403	17,6250
2,5523	-7,405	17,6300
2,5590	-7,407	17,6350
2,5588	-7,409	17,6400
2,5512	-7,411	17,6450
2,5573	-7,414	17,6500
2,5633	-7,416	17,6550
2,5661	-7,418	17,6600
2,5677	-7,420	17,6650
2,5639	-7,422	17,6700
2,5602	-7,424	17,6750
2,5662	-7,426	17,6800
2,5651	-7,428	17,6850
2,5634	-7,430	17,6900
2,5725	-7,432	17,6950
2,5698	-7,435	17,7000
2,5577	-7,437	17,7050
2,5680	-7,439	17,7100
2,5741	-7,441	17,7150
2,5688	-7,443	17,7200
2,5754	-7,445	17,7250
2,5788	-7,447	17,7300
2,5646	-7,449	17,7350
2,5609	-7,451	17,7400
2,5695	-7,453	17,7450
2,5682	-7,456	17,7500
2,5685	-7,458	17,7550
2,5727	-7,460	17,7600
2,5690	-7,462	17,7650
2,5662	-7,464	17,7700
2,5696	-7,466	17,7750
2,5720	-7,468	17,7800
2,5657	-7,470	17,7850
2,5637	-7,472	17,7900
2,5669	-7,474	17,7950
2,5667	-7,477	17,8000
2,5750	-7,479	17,8050
2,5752	-7,481	17,8100
2,5675	-7,483	17,8150
2,5725	-7,485	17,8200
2,5799	-7,487	17,8250
2,5776	-7,489	17,8300
2,5740	-7,491	17,8350
2,5808	-7,493	17,8400
2,5816	-7,495	17,8450
2,5784	-7,498	17,8500
2,5859	-7,500	17,8550
2,5858	-7,502	17,8600
2,5718	-7,504	17,8650
2,5743	-7,506	17,8700
2,5775	-7,508	17,8750
2,5831	-7,510	17,8800
2,5896	-7,512	17,8850
2,5911	-7,514	17,8900
2,5849	-7,516	17,8950
2,5885	-7,519	17,9000
2,5862	-7,521	17,9050
2,5841	-7,523	17,9100
2,5932	-7,525	17,9150
2,5972	-7,527	17,9200
2,5890	-7,529	17,9250
2,5797	-7,531	17,9300
2,5855	-7,533	17,9350
2,5910	-7,535	17,9400
2,5970	-7,537	17,9450
2,6028	-7,540	17,9500
2,5960	-7,542	17,9550
2,5859	-7,544	17,9600
2,5962	-7,546	17,9650
2,5993	-7,548	17,9700
2,5989	-7,550	17,9750
2,6006	-7,552	17,9800
2,6014	-7,554	17,9850
2,5911	-7,556	17,9900
2,5963	-7,558	17,9950
2,6046	-7,561	18,0000
2,6023	-7,563	18,0050
2,6002	-7,565	18,0100
2,6056	-7,567	18,0150
2,6087	-7,569	18,0200
2,6071	-7,571	18,0250
2,6099	-7,573	18,0300
2,6078	-7,575	18,0350
2,6062	-7,577	18,0400
2,6113	-7,579	18,0450
2,6085	-7,582	18,0500
2,5953	-7,584	18,0550
2,6018	-7,586	18,0600
2,6023	-7,588	18,0650
2,6055	-7,590	18,0700
2,6061	-7,592	18,0750
2,6110	-7,594	18,0800
2,6074	-7,596	18,0850
2,6129	-7,598	18,0900
2,6154	-7,600	18,0950
2,6165	-7,603	18,1000
2,6181	-7,605	18,1050
2,6187	-7,607	18,1100
2,6132	-7,609	18,1150
2,6154	-7,611	18,1200
2,6214	-7,613	18,1250
2,6187	-7,615	18,1300
2,6131	-7,617	18,1350
2,6134	-7,619	18,1400
2,6097	-7,621	18,1450
2,6018	-7,624	18,1500
2,6151	-7,626	18,1550
2,6211	-7,628	18,1600
2,6213	-7,630	18,1650
2,6260	-7,632	18,1700
2,6307	-7,634	18,1750
2,6195	-7,636	18,1800
2,6242	-7,638	18,1850
2,6286	-7,640	18,1900
2,6275	-7,642	18,1950
2,6278	-7,645	18,2000
2,6326	-7,647	18,2050
2,6236	-7,649	18,2100
2,6134	-7,651	18,2150
2,6174	-7,653	18,2200
2,6248	-7,655	18,2250
2,6240	-7,657	18,2300
2,6280	-7,659	18,2350
2,6273	-7,661	18,2400
2,6260	-7,663	18,2450
2,6348	-7,666	18,2500
2,6406	-7,668	18,2550
2,6318	-7,670	18,2600
2,6340	-7,672	18,2650
2,6425	-7,674	18,2700
2,6289	-7,676	18,2750
2,6304	-7,678	18,2800
2,6413	-7,680	18,2850
2,6418	-7,682	18,2900
2,6416	-7,684	18,2950
2,6454	-7,687	18,3000
2,6360	-7,689	18,3050
2,6333	-7,691	18,3100
2,6434	-7,693	18,3150
2,6379	-7,695	18,3200
2,6357	-7,697	18,3250
2,6427	-7,699	18,3300
2,6486	-7,701	18,3350
2,6403	-7,703	18,3400
2,6428	-7,705	18,3450
2,6464	-7,708	18,3500
2,6470	-7,710	18,3550
2,6446	-7,712	18,3600
2,6464	-7,714	18,3650
2,6440	-7,716	18,3700
2,6509	-7,718	18,3750
2,6499	-7,720	18,3800
2,6428	-7,722	18,3850
2,6445	-7,724	18,3900
2,6469	-7,726	18,3950
2,6385	-7,729	18,4000
2,6405	-7,731	18,4050
2,6571	-7,733	18,4100
2,6550	-7,735	18,4150
2,6491	-7,737	18,4200
2,6560	-7,739	18,4250
2,6522	-7,741	18,4300
2,6489	-7,743	18,4350
2,6539	-7,745	18,4400
2,6546	-7,747	18,4450
2,6590	-7,750	18,4500
2,6607	-7,752	18,4550
2,6566	-7,754	18,4600
2,6516	-7,756	18,4650
2,6613	-7,758	18,4700
2,6670	-7,760	18,4750
2,6627	-7,762	18,4800
2,6597	-7,764	18,4850
2,6670	-7,766	18,4900
2,6641	-7,768	18,4950
2,6560	-7,771	18,5000
2,6607	-7,773	18,5050
2,6602	-7,775	18,5100
2,6617	-7,777	18,5150
2,6727	-7,779	18,5200
2,6722	-7,781	18,5250
2,6677	-7,783	18,5300
2,6716	-7,785	18,5350
2,6675	-7,787	18,5400
2,6621	-7,789	18,5450
2,6594	-7,792	18,5500
2,6655	-7,794	18,5550
2,6664	-7,796	18,5600
2,6689	-7,798	18,5650
2,6763	-7,800	18,5700
2,6738	-7,802	18,5750
2,6717	-7,804	18,5800
2,6769	-7,806	18,5850
2,6729	-7,808	18,5900
2,6659	-7,810	18,5950
2,6762	-7,813	18,6000
2,6779	-7,815	18,6050
2,6717	-7,817	18,6100
2,6750	-7,819	18,6150
2,6758	-7,821	18,6200
2,6715	-7,823	18,6250
2,6802	-7,825	18,6300
2,6807	-7,827	18,6350
2,6764	-7,829	18,6400
2,6742	-7,831	18,6450
2,6852	-7,834	18,6500
2,6802	-7,836	18,6550
2,6813	-7,838	18,6600
2,6855	-7,840	18,6650
2,6800	-7,842	18,6700
2,6779	-7,844	18,6750
2,6806	-7,846	18,6800
2,6795	-7,848	18,6850
2,6754	-7,850	18,6900
2,6811	-7,852	18,6950
2,6841	-7,855	18,7000
2,6776	-7,857	18,7050
2,6934	-7,859	18,7100
2,6937	-7,861	18,7150
2,6833	-7,863	18,7200
2,6811	-7,865	18,7250
2,6862	-7,867	18,7300
2,6839	-7,869	18,7350
2,6866	-7,871	18,7400
2,7009	-7,873	18,7450
2,6941	-7,876	18,7500
2,6959	-7,878	18,7550
2,6998	-7,880	18,7600
2,6925	-7,882	18,7650
2,6883	-7,884	18,7700
2,6988	-7,886	18,7750
2,6891	-7,888	18,7800
2,6860	-7,890	18,7850
2,6927	-7,892	18,7900
2,6923	-7,894	18,7950
2,6822	-7,897	18,8000
2,6926	-7,899	18,8050
2,6969	-7,901	18,8100
2,6905	-7,903	18,8150
2,6942	-7,905	18,8200
2,7009	-7,907	18,8250
2,7091	-7,909	18,8300
2,7058	-7,911	18,8350
2,7075	-7,913	18,8400
2,6965	-7,915	18,8450
2,7071	-7,918	18,8500
2,7150	-7,920	18,8550
2,7060	-7,922	18,8600
2,7014	-7,924	18,8650
2,7179	-7,926	18,8700
2,7119	-7,928	18,8750
2,7027	-7,930	18,8800
2,7103	-7,932	18,8850
2,7165	-7,934	18,8900
2,7080	-7,936	18,8950
2,7073	-7,939	18,9000
2,7123	-7,941	18,9050
2,7098	-7,943	18,9100
2,7148	-7,945	18,9150
2,7164	-7,947	18,9200
2,7090	-7,949	18,9250
2,7070	-7,951	18,9300
2,7132	-7,953	18,9350
2,7078	-7,955	18,9400
2,6996	-7,957	18,9450
2,7063	-7,960	18,9500
2,7105	-7,962	18,9550
2,7120	-7,964	18,9600
2,7181	-7,966	18,9650
2,7198	-7,968	18,9700
2,7163	-7,970	18,9750
2,7174	-7,972	18,9800
2,7172	-7,974	18,9850
2,7131	-7,976	18,9900
2,7179	-7,978	18,9950
2,7175	-7,981	19,0000
2,7152	-7,983	19,0050
2,7249	-7,985	19,0100
2,7257	-7,987	19,0150
2,7254	-7,989	19,0200
2,7223	-7,991	19,0250
2,7281	-7,993	19,0300
2,7259	-7,995	19,0350
2,7200	-7,997	19,0400
2,7285	-7,999	19,0450
2,7338	-8,002	19,0500
2,7350	-8,004	19,0550
2,7388	-8,006	19,0600
2,7403	-8,008	19,0650
2,7324	-8,010	19,0700
2,7304	-8,012	19,0750
2,7395	-8,014	19,0800
2,7330	-8,016	19,0850
2,7357	-8,018	19,0900
2,7305	-8,020	19,0950
2,7233	-8,023	19,1000
2,7297	-8,025	19,1050
2,7369	-8,027	19,1100
2,7371	-8,029	19,1150
2,7351	-8,031	19,1200
2,7405	-8,033	19,1250
2,7405	-8,035	19,1300
2,7385	-8,037	19,1350
2,7415	-8,039	19,1400
2,7439	-8,041	19,1450
2,7391	-8,044	19,1500
2,7399	-8,046	19,1550
2,7389	-8,048	19,1600
2,7370	-8,050	19,1650
2,7376	-8,052	19,1700
2,7455	-8,054	19,1750
2,7446	-8,056	19,1800
2,7441	-8,058	19,1850
2,7432	-8,060	19,1900
2,7384	-8,062	19,1950
2,7399	-8,065	19,2000
2,7418	-8,067	19,2050
2,7460	-8,069	19,2100
2,7409	-8,071	19,2150
2,7538	-8,073	19,2200
2,7561	-8,075	19,2250
2,7492	-8,077	19,2300
2,7544	-8,079	19,2350
2,7582	-8,081	19,2400
2,7546	-8,083	19,2450
2,7580	-8,086	19,2500
2,7558	-8,088	19,2550
2,7526	-8,090	19,2600
2,7548	-8,092	19,2650
2,7552	-8,094	19,2700
2,7487	-8,096	19,2750
2,7545	-8,098	19,2800
2,7618	-8,100	19,2850
2,7551	-8,102	19,2900
2,7535	-8,104	19,2950
2,7643	-8,107	19,3000
2,7675	-8,109	19,3050
2,7638	-8,111	19,3100
2,7627	-8,113	19,3150
2,7576	-8,115	19,3200
2,7562	-8,117	19,3250
2,7650	-8,119	19,3300
2,7676	-8,121	19,3350
2,7612	-8,123	19,3400
2,7648	-8,125	19,3450
2,7646	-8,128	19,3500
2,7577	-8,130	19,3550
2,7568	-8,132	19,3600
2,7666	-8,134	19,3650
2,7631	-8,136	19,3700
2,7652	-8,138	19,3750
2,7683	-8,140	19,3800
2,7581	-8,142	19,3850
2,7617	-8,144	19,3900
2,7797	-8,146	19,3950
2,7781	-8,149	19,4000
2,7641	-8,151	19,4050
2,7702	-8,153	19,4100
2,7700	-8,155	19,4150
2,7661	-8,157	19,4200
2,7687	-8,159	19,4250
2,7668	-8,161	19,4300
2,7629	-8,163	19,4350
2,7725	-8,165	19,4400
2,7764	-8,167	19,4450
2,7729	-8,170	19,4500
2,7727	-8,172	19,4550
2,7759	-8,174	19,4600
2,7714	-8,176	19,4650
2,7840	-8,178	19,4700
2,7950	-8,180	19,4750
2,7864	-8,182	19,4800
2,7851	-8,184	19,4850
2,7904	-8,186	19,4900
2,7899	-8,188	19,4950
2,7860	-8,191	19,5000
2,7877	-8,193	19,5050
2,7855	-8,195	19,5100
2,7827	-8,197	19,5150
2,7864	-8,199	19,5200
2,7894	-8,201	19,5250
2,7823	-8,203	19,5300
2,7826	-8,205	19,5350
2,7845	-8,207	19,5400
2,7844	-8,209	19,5450
2,7848	-8,212	19,5500
2,7887	-8,214	19,5550
2,7832	-8,216	19,5600
2,7877	-8,218	19,5650
2,7913	-8,220	19,5700
2,7850	-8,222	19,5750
2,7833	-8,224	19,5800
2,7894	-8,226	19,5850
2,7921	-8,228	19,5900
2,7908	-8,230	19,5950
2,7932	-8,233	19,6000
2,7964	-8,235	19,6050
2,7927	-8,237	19,6100
2,7930	-8,239	19,6150
2,7920	-8,241	19,6200
2,7894	-8,243	19,6250
2,7912	-8,245	19,6300
2,7963	-8,247	19,6350
2,7896	-8,249	19,6400
2,7928	-8,251	19,6450
2,8039	-8,254	19,6500
2,8019	-8,256	19,6550
2,8040	-8,258	19,6600
2,8103	-8,260	19,6650
2,8020	-8,262	19,6700
2,7953	-8,264	19,6750
2,8009	-8,266	19,6800
2,8041	-8,268	19,6850
2,8009	-8,270	19,6900
2,8058	-8,272	19,6950
2,8098	-8,275	19,7000
2,8015	-8,277	19,7050
2,8088	-8,279	19,7100
2,8088	-8,281	19,7150
2,8091	-8,283	19,7200
2,8179	-8,285	19,7250
2,8145	-8,287	19,7300
2,8149	-8,289	19,7350
2,8133	-8,291	19,7400
2,8175	-8,293	19,7450
2,8157	-8,296	19,7500
2,8148	-8,298	19,7550
2,8159	-8,300	19,7600
2,8073	-8,302	19,7650
2,8017	-8,304	19,7700
2,8150	-8,306	19,7750
2,8143	-8,308	19,7800
2,8099	-8,310	19,7850
2,8158	-8,312	19,7900
2,8191	-8,314	19,7950
2,8135	-8,317	19,8000
2,8121	-8,319	19,8050
2,8124	-8,321	19,8100
2,8169	-8,323	19,8150
2,8217	-8,325	19,8200
2,8246	-8,327	19,8250
2,8215	-8,329	19,8300
2,8155	-8,331	19,8350
2,8256	-8,333	19,8400
2,8193	-8,335	19,8450
2,8166	-8,338	19,8500
2,8233	-8,340	19,8550
2,8227	-8,342	19,8600
2,8157	-8,344	19,8650
2,8296	-8,346	19,8700
2,8277	-8,348	19,8750
2,8207	-8,350	19,8800
2,8324	-8,352	19,8850
2,8313	-8,354	19,8900
2,8199	-8,356	19,8950
2,8268	-8,359	19,9000
2,8303	-8,361	19,9050
2,8240	-8,363	19,9100
2,8278	-8,365	19,9150
2,8337	-8,367	19,9200
2,8248	-8,369	19,9250
2,8195	-8,371	19,9300
2,8332	-8,373	19,9350
2,8330	-8,375	19,9400
2,8307	-8,377	19,9450
2,8344	-8,380	19,9500
2,8327	-8,382	19,9550
2,8310	-8,384	19,9600
2,8416	-8,386	19,9650
2,8367	-8,388	19,9700
2,8391	-8,390	19,9750
2,8413	-8,392	19,9800
2,8448	-8,394	19,9850
2,8350	-8,396	19,9900
2,8349	-8,398	19,9950
2,8356	-8,401	20,0000
2,8354	-8,403	20,0050
2,8397	-8,405	20,0100
2,8451	-8,407	20,0150
2,8447	-8,409	20,0200
2,8393	-8,411	20,0250
2,8423	-8,413	20,0300
2,8443	-8,415	20,0350
2,8471	-8,417	20,0400
2,8508	-8,419	20,0450
2,8418	-8,422	20,0500
2,8371	-8,424	20,0550
2,8470	-8,426	20,0600
2,8463	-8,428	20,0650
2,8455	-8,430	20,0700
2,8550	-8,432	20,0750
2,8571	-8,434	20,0800
2,8464	-8,436	20,0850
2,8507	-8,438	20,0900
2,8534	-8,440	20,0950
2,8438	-8,443	20,1000
2,8441	-8,445	20,1050
2,8518	-8,447	20,1100
2,8487	-8,449	20,1150
2,8480	-8,451	20,1200
2,8578	-8,453	20,1250
2,8580	-8,455	20,1300
2,8537	-8,457	20,1350
2,8614	-8,459	20,1400
2,8623	-8,461	20,1450
2,8618	-8,464	20,1500
2,8699	-8,466	20,1550
2,8667	-8,468	20,1600
2,8649	-8,470	20,1650
2,8611	-8,472	20,1700
2,8598	-8,474	20,1750
2,8531	-8,476	20,1800
2,8619	-8,478	20,1850
2,8703	-8,480	20,1900
2,8644	-8,482	20,1950
2,8594	-8,485	20,2000
2,8548	-8,487	20,2050
2,8520	-8,489	20,2100
2,8542	-8,491	20,2150
2,8625	-8,493	20,2200
2,8614	-8,495	20,2250
2,8535	-8,497	20,2300
2,8616	-8,499	20,2350
2,8628	-8,501	20,2400
2,8597	-8,503	20,2450
2,8714	-8,506	20,2500
2,8688	-8,508	20,2550
2,8742	-8,510	20,2600
2,8768	-8,512	20,2650
2,8785	-8,514	20,2700
2,8681	-8,516	20,2750
2,8723	-8,518	20,2800
2,8773	-8,520	20,2850
2,8721	-8,522	20,2900
2,8703	-8,524	20,2950
2,8835	-8,527	20,3000
2,8773	-8,529	20,3050
2,8647	-8,531	20,3100
2,8740	-8,533	20,3150
2,8794	-8,535	20,3200
2,8789	-8,537	20,3250
2,8813	-8,539	20,3300
2,8714	-8,541	20,3350
2,8675	-8,543	20,3400
2,8758	-8,545	20,3450
2,8745	-8,548	20,3500
2,8770	-8,550	20,3550
2,8817	-8,552	20,3600
2,8878	-8,554	20,3650
2,8788	-8,556	20,3700
2,8824	-8,558	20,3750
2,8863	-8,560	20,3800
2,8757	-8,562	20,3850
2,8796	-8,564	20,3900
2,8911	-8,566	20,3950
2,8917	-8,569	20,4000
2,8879	-8,571	20,4050
2,8903	-8,573	20,4100
2,8924	-8,575	20,4150
2,8883	-8,577	20,4200
2,8911	-8,579	20,4250
2,8902	-8,581	20,4300
2,8876	-8,583	20,4350
2,8989	-8,585	20,4400
2,8970	-8,587	20,4450
2,8872	-8,590	20,4500
2,8909	-8,592	20,4550
2,8999	-8,594	20,4600
2,8896	-8,596	20,4650
2,8860	-8,598	20,4700
2,8915	-8,600	20,4750
2,8921	-8,602	20,4800
2,8963	-8,604	20,4850
2,9025	-8,606	20,4900
2,8938	-8,608	20,4950
2,8931	-8,611	20,5000
2,9034	-8,613	20,5050
2,9056	-8,615	20,5100
2,8972	-8,617	20,5150
2,9019	-8,619	20,5200
2,9017	-8,621	20,5250
2,8951	-8,623	20,5300
2,9027	-8,625	20,5350
2,8974	-8,627	20,5400
2,8970	-8,629	20,5450
2,8982	-8,632	20,5500
2,9044	-8,634	20,5550
2,9087	-8,636	20,5600
2,9093	-8,638	20,5650
2,9113	-8,640	20,5700
2,9117	-8,642	20,5750
2,9102	-8,644	20,5800
2,9111	-8,646	20,5850
2,9093	-8,648	20,5900
2,9100	-8,650	20,5950
2,9074	-8,653	20,6000
2,9079	-8,655	20,6050
2,9113	-8,657	20,6100
2,9214	-8,659	20,6150
2,9167	-8,661	20,6200
2,9076	-8,663	20,6250
2,9130	-8,665	20,6300
2,9128	-8,667	20,6350
2,9132	-8,669	20,6400
2,9185	-8,671	20,6450
2,9260	-8,674	20,6500
2,9117	-8,676	20,6550
2,9058	-8,678	20,6600
2,9140	-8,680	20,6650
2,9117	-8,682	20,6700
2,9110	-8,684	20,6750
2,9207	-8,686	20,6800
2,9224	-8,688	20,6850
2,9203	-8,690	20,6900
2,9248	-8,692	20,6950
2,9250	-8,695	20,7000
2,9162	-8,697	20,7050
2,9195	-8,699	20,7100
2,9205	-8,701	20,7150
2,9155	-8,703	20,7200
2,9203	-8,705	20,7250
2,9253	-8,707	20,7300
2,9268	-8,709	20,7350
2,9213	-8,711	20,7400
2,9266	-8,713	20,7450
2,9193	-8,716	20,7500
2,9220	-8,718	20,7550
2,9330	-8,720	20,7600
2,9274	-8,722	20,7650
2,9243	-8,724	20,7700
2,9341	-8,726	20,7750
2,9335	-8,728	20,7800
2,9328	-8,730	20,7850
2,9322	-8,732	20,7900
2,9295	-8,734	20,7950
2,9288	-8,737	20,8000
2,9369	-8,739	20,8050
2,9371	-8,741	20,8100
2,9349	-8,743	20,8150
2,9377	-8,745	20,8200
2,9367	-8,747	20,8250
2,9365	-8,749	20,8300
2,9382	-8,751	20,8350
2,9404	-8,753	20,8400
2,9317	-8,755	20,8450
2,9320	-8,758	20,8500
2,9418	-8,760	20,8550
2,9382	-8,762	20,8600
2,9355	-8,764	20,8650
2,9530	-8,766	20,8700
2,9500	-8,768	20,8750
2,9421	-8,770	20,8800
2,9460	-8,772	20,8850
2,9453	-8,774	20,8900
2,9391	-8,776	20,8950
2,9434	-8,779	20,9000
2,9426	-8,781	20,9050
2,9341	-8,783	20,9100
2,9455	-8,785	20,9150
2,9527	-8,787	20,9200
2,9504	-8,789	20,9250
2,9479	-8,791	20,9300
2,9561	-8,793	20,9350
2,9415	-8,795	20,9400
2,9393	-8,797	20,9450
2,9476	-8,800	20,9500
2,9493	-8,802	20,9550
2,9462	-8,804	20,9600
2,9576	-8,806	20,9650
2,9537	-8,808	20,9700
2,9510	-8,810	20,9750
2,9549	-8,812	20,9800
2,9544	-8,814	20,9850
2,9458	-8,816	20,9900
2,9492	-8,818	20,9950
2,9512	-8,821	21,0000
2,9497	-8,823	21,0050
2,9539	-8,825	21,0100
2,9563	-8,827	21,0150
2,9488	-8,829	21,0200
2,9521	-8,831	21,0250
2,9656	-8,833	21,0300
2,9553	-8,835	21,0350
2,9502	-8,837	21,0400
2,9642	-8,839	21,0450
2,9674	-8,842	21,0500
2,9633	-8,844	21,0550
2,9654	-8,846	21,0600
2,9631	-8,848	21,0650
2,9605	-8,850	21,0700
2,9724	-8,852	21,0750
2,9799	-8,854	21,0800
2,9696	-8,856	21,0850
2,9654	-8,858	21,0900
2,9634	-8,860	21,0950
2,9583	-8,863	21,1000
2,9676	-8,865	21,1050
2,9788	-8,867	21,1100
2,9714	-8,869	21,1150
2,9671	-8,871	21,1200
2,9735	-8,873	21,1250
2,9687	-8,875	21,1300
2,9682	-8,877	21,1350
2,9786	-8,879	21,1400
2,9744	-8,881	21,1450
2,9705	-8,884	21,1500
2,9792	-8,886	21,1550
2,9795	-8,888	21,1600
2,9725	-8,890	21,1650
2,9748	-8,892	21,1700
2,9803	-8,894	21,1750
2,9709	-8,896	21,1800
2,9714	-8,898	21,1850
2,9762	-8,900	21,1900
2,9704	-8,902	21,1950
2,9669	-8,905	21,2000
2,9772	-8,907	21,2050
2,9769	-8,909	21,2100
2,9745	-8,911	21,2150
2,9775	-8,913	21,2200
2,9782	-8,915	21,2250
2,9811	-8,917	21,2300
2,9832	-8,919	21,2350
2,9769	-8,921	21,2400
2,9741	-8,923	21,2450
2,9860	-8,926	21,2500
2,9884	-8,928	21,2550
2,9823	-8,930	21,2600
2,9873	-8,932	21,2650
2,9910	-8,934	21,2700
2,9894	-8,936	21,2750
2,9922	-8,938	21,2800
2,9929	-8,940	21,2850
2,9879	-8,942	21,2900
2,9899	-8,944	21,2950
2,9971	-8,947	21,3000
2,9897	-8,949	21,3050
2,9891	-8,951	21,3100
2,9964	-8,953	21,3150
2,9925	-8,955	21,3200
2,9909	-8,957	21,3250
2,9948	-8,959	21,3300
2,9968	-8,961	21,3350
2,9905	-8,963	21,3400
3,0006	-8,965	21,3450
3,0007	-8,968	21,3500
2,9997	-8,970	21,3550
3,0022	-8,972	21,3600
3,0061	-8,974	21,3650
3,0002	-8,976	21,3700
2,9995	-8,978	21,3750
2,9965	-8,980	21,3800
2,9876	-8,982	21,3850
2,9953	-8,984	21,3900
3,0043	-8,986	21,3950
3,0029	-8,989	21,4000
3,0001	-8,991	21,4050
2,9983	-8,993	21,4100
3,0006	-8,995	21,4150
3,0057	-8,997	21,4200
3,0082	-8,999	21,4250
2,9993	-9,001	21,4300
2,9925	-9,003	21,4350
2,9998	-9,005	21,4400
3,0025	-9,007	21,4450
3,0028	-9,010	21,4500
3,0077	-9,012	21,4550
3,0125	-9,014	21,4600
3,0030	-9,016	21,4650
3,0089	-9,018	21,4700
3,0172	-9,020	21,4750
3,0140	-9,022	21,4800
3,0098	-9,024	21,4850
3,0182	-9,026	21,4900
3,0153	-9,028	21,4950
3,0122	-9,031	21,5000
3,0230	-9,033	21,5050
3,0231	-9,035	21,5100
3,0162	-9,037	21,5150
3,0233	-9,039	21,5200
3,0256	-9,041	21,5250
3,0213	-9,043	21,5300
3,0286	-9,045	21,5350
3,0253	-9,047	21,5400
3,0141	-9,049	21,5450
3,0158	-9,052	21,5500
3,0246	-9,054	21,5550
3,0158	-9,056	21,5600
3,0117	-9,058	21,5650
3,0213	-9,060	21,5700
3,0205	-9,062	21,5750
3,0167	-9,064	21,5800
3,0231	-9,066	21,5850
3,0217	-9,068	21,5900
3,0224	-9,070	21,5950
3,0346	-9,073	21,6000
3,0361	-9,075	21,6050
3,0294	-9,077	21,6100
3,0263	-9,079	21,6150
3,0230	-9,081	21,6200
3,0165	-9,083	21,6250
3,0307	-9,085	21,6300
3,0363	-9,087	21,6350
3,0300	-9,089	21,6400
3,0271	-9,091	21,6450
3,0384	-9,094	21,6500
3,0375	-9,096	21,6550
3,0294	-9,098	21,6600
3,0285	-9,100	21,6650
3,0271	-9,102	21,6700
3,0265	-9,104	21,6750
3,0331	-9,106	21,6800
3,0321	-9,108	21,6850
3,0357	-9,110	21,6900
3,0376	-9,112	21,6950
3,0346	-9,115	21,7000
3,0355	-9,117	21,7050
3,0472	-9,119	21,7100
3,0404	-9,121	21,7150
3,0288	-9,123	21,7200
3,0394	-9,125	21,7250
3,0473	-9,127	21,7300
3,0451	-9,129	21,7350
3,0398	-9,131	21,7400
3,0446	-9,133	21,7450
3,0421	-9,136	21,7500
3,0338	-9,138	21,7550
3,0396	-9,140	21,7600
3,0423	-9,142	21,7650
3,0490	-9,144	21,7700
3,0576	-9,146	21,7750
3,0541	-9,148	21,7800
3,0450	-9,150	21,7850
3,0472	-9,152	21,7900
3,0489	-9,154	21,7950
3,0452	-9,157	21,8000
3,0494	-9,159	21,8050
3,0501	-9,161	21,8100
3,0460	-9,163	21,8150
3,0531	-9,165	21,8200
3,0552	-9,167	21,8250
3,0479	-9,169	21,8300
3,0472	-9,171	21,8350
3,0575	-9,173	21,8400
3,0554	-9,175	21,8450
3,0560	-9,178	21,8500
3,0634	-9,180	21,8550
3,0583	-9,182	21,8600
3,0537	-9,184	21,8650
3,0652	-9,186	21,8700
3,0615	-9,188	21,8750
3,0603	-9,190	21,8800
3,0657	-9,192	21,8850
3,0652	-9,194	21,8900
3,0562	-9,196	21,8950
3,0578	-9,199	21,9000
3,0615	-9,201	21,9050
3,0569	-9,203	21,9100
3,0608	-9,205	21,9150
3,0707	-9,207	21,9200
3,0611	-9,209	21,9250
3,0575	-9,211	21,9300
3,0630	-9,213	21,9350
3,0611	-9,215	21,9400
3,0562	-9,217	21,9450
3,0591	-9,220	21,9500
3,0633	-9,222	21,9550
3,0648	-9,224	21,9600
3,0736	-9,226	21,9650
3,0697	-9,228	21,9700
3,0638	-9,230	21,9750
3,0695	-9,232	21,9800
3,0763	-9,234	21,9850
3,0657	-9,236	21,9900
3,0713	-9,238	21,9950
3,0770	-9,241	22,0000
3,0699	-9,243	22,0050
3,0710	-9,245	22,0100
3,0765	-9,247	22,0150
3,0696	-9,249	22,0200
3,0705	-9,251	22,0250
3,0796	-9,253	22,0300
3,0794	-9,255	22,0350
3,0760	-9,257	22,0400
3,0819	-9,259	22,0450
3,0793	-9,262	22,0500
3,0726	-9,264	22,0550
3,0840	-9,266	22,0600
3,0845	-9,268	22,0650
3,0834	-9,270	22,0700
3,0896	-9,272	22,0750
3,0848	-9,274	22,0800
3,0762	-9,276	22,0850
3,0847	-9,278	22,0900
3,0864	-9,280	22,0950
3,0781	-9,283	22,1000
3,0788	-9,285	22,1050
3,0821	-9,287	22,1100
3,0798	-9,289	22,1150
3,0822	-9,291	22,1200
3,0929	-9,293	22,1250
3,0855	-9,295	22,1300
3,0888	-9,297	22,1350
3,1011	-9,299	22,1400
3,0922	-9,301	22,1450
3,0739	-9,304	22,1500
3,0855	-9,306	22,1550
3,0902	-9,308	22,1600
3,0866	-9,310	22,1650
3,0937	-9,312	22,1700
3,0984	-9,314	22,1750
3,0914	-9,316	22,1800
3,0951	-9,318	22,1850
3,0936	-9,320	22,1900
3,0825	-9,322	22,1950
3,0883	-9,325	22,2000
3,0998	-9,327	22,2050
3,0949	-9,329	22,2100
3,0901	-9,331	22,2150
3,0972	-9,333	22,2200
3,0945	-9,335	22,2250
3,0936	-9,337	22,2300
3,1069	-9,339	22,2350
3,1055	-9,341	22,2400
3,0959	-9,343	22,2450
3,1004	-9,346	22,2500
3,1006	-9,348	22,2550
3,1002	-9,350	22,2600
3,1037	-9,352	22,2650
3,1035	-9,354	22,2700
3,1036	-9,356	22,2750
3,1083	-9,358	22,2800
3,1090	-9,360	22,2850
3,1005	-9,362	22,2900
3,0998	-9,364	22,2950
3,1031	-9,367	22,3000
3,1046	-9,369	22,3050
3,1063	-9,371	22,3100
3,1123	-9,373	22,3150
3,1088	-9,375	22,3200
3,1038	-9,377	22,3250
3,1164	-9,379	22,3300
3,1154	-9,381	22,3350
3,1088	-9,383	22,3400
3,1128	-9,385	22,3450
3,1115	-9,388	22,3500
3,1139	-9,390	22,3550
3,1170	-9,392	22,3600
3,1190	-9,394	22,3650
3,1035	-9,396	22,3700
3,1090	-9,398	22,3750
3,1181	-9,400	22,3800
3,1145	-9,402	22,3850
3,1147	-9,404	22,3900
3,1215	-9,406	22,3950
3,1179	-9,409	22,4000
3,1115	-9,411	22,4050
3,1162	-9,413	22,4100
3,1169	-9,415	22,4150
3,1141	-9,417	22,4200
3,1258	-9,419	22,4250
3,1252	-9,421	22,4300
3,1118	-9,423	22,4350
3,1160	-9,425	22,4400
3,1205	-9,427	22,4450
3,1185	-9,430	22,4500
3,1233	-9,432	22,4550
3,1297	-9,434	22,4600
3,1294	-9,436	22,4650
3,1272	-9,438	22,4700
3,1304	-9,440	22,4750
3,1248	-9,442	22,4800
3,1223	-9,444	22,4850
3,1286	-9,446	22,4900
3,1224	-9,448	22,4950
3,1209	-9,451	22,5000
3,1316	-9,453	22,5050
3,1361	-9,455	22,5100
3,1364	-9,457	22,5150
3,1389	-9,459	22,5200
3,1327	-9,461	22,5250
3,1254	-9,463	22,5300
3,1266	-9,465	22,5350
3,1292	-9,467	22,5400
3,1279	-9,469	22,5450
3,1258	-9,472	22,5500
3,1295	-9,474	22,5550
3,1221	-9,476	22,5600
3,1248	-9,478	22,5650
3,1349	-9,480	22,5700
3,1294	-9,482	22,5750
3,1288	-9,484	22,5800
3,1349	-9,486	22,5850
3,1264	-9,488	22,5900
3,1277	-9,490	22,5950
3,1366	-9,493	22,6000
3,1348	-9,495	22,6050
3,1306	-9,497	22,6100
3,1403	-9,499	22,6150
3,1357	-9,501	22,6200
3,1262	-9,503	22,6250
3,1326	-9,505	22,6300
3,1399	-9,507	22,6350
3,1447	-9,509	22,6400
3,1457	-9,511	22,6450
3,1534	-9,514	22,6500
3,1442	-9,516	22,6550
3,1405	-9,518	22,6600
3,1470	-9,520	22,6650
3,1521	-9,522	22,6700
3,1490	-9,524	22,6750
3,1517	-9,526	22,6800
3,1500	-9,528	22,6850
3,1478	-9,530	22,6900
3,1538	-9,532	22,6950
3,1511	-9,535	22,7000
3,1442	-9,537	22,7050
3,1597	-9,539	22,7100
3,1691	-9,541	22,7150
3,1576	-9,543	22,7200
3,1565	-9,545	22,7250
3,1593	-9,547	22,7300
3,1586	-9,549	22,7350
3,1512	-9,551	22,7400
3,1578	-9,553	22,7450
3,1519	-9,556	22,7500
3,1528	-9,558	22,7550
3,1622	-9,560	22,7600
3,1612	-9,562	22,7650
3,1598	-9,564	22,7700
3,1629	-9,566	22,7750
3,1639	-9,568	22,7800
3,1604	-9,570	22,7850
3,1619	-9,572	22,7900
3,1624	-9,574	22,7950
3,1584	-9,577	22,8000
3,1660	-9,579	22,8050
3,1679	-9,581	22,8100
3,1633	-9,583	22,8150
3,1621	-9,585	22,8200
3,1597	-9,587	22,8250
3,1639	-9,589	22,8300
3,1716	-9,591	22,8350
3,1787	-9,593	22,8400
3,1718	-9,595	22,8450
3,1720	-9,598	22,8500
3,1775	-9,600	22,8550
3,1770	-9,602	22,8600
3,1740	-9,604	22,8650
3,1788	-9,606	22,8700
3,1701	-9,608	22,8750
3,1606	-9,610	22,8800
3,1682	-9,612	22,8850
3,1739	-9,614	22,8900
3,1666	-9,616	22,8950
3,1666	-9,619	22,9000
3,1670	-9,621	22,9050
3,1670	-9,623	22,9100
3,1764	-9,625	22,9150
3,1818	-9,627	22,9200
3,1781	-9,629	22,9250
3,1771	-9,631	22,9300
3,1868	-9,633	22,9350
3,1822	-9,635	22,9400
3,1797	-9,637	22,9450
3,1851	-9,640	22,9500
3,1770	-9,642	22,9550
3,1752	-9,644	22,9600
3,1862	-9,646	22,9650
3,1791	-9,648	22,9700
3,1681	-9,650	22,9750
3,1784	-9,652	22,9800
3,1854	-9,654	22,9850
3,1798	-9,656	22,9900
3,1820	-9,658	22,9950
3,1883	-9,661	23,0000
3,1897	-9,663	23,0050
3,1940	-9,665	23,0100
3,1948	-9,667	23,0150
3,1873	-9,669	23,0200
3,1789	-9,671	23,0250
3,1950	-9,673	23,0300
3,1938	-9,675	23,0350
3,1856	-9,677	23,0400
3,1912	-9,679	23,0450
3,1920	-9,682	23,0500
3,1913	-9,684	23,0550
3,1979	-9,686	23,0600
3,1926	-9,688	23,0650
3,1893	-9,690	23,0700
3,1910	-9,692	23,0750
3,1930	-9,694	23,0800
3,1881	-9,696	23,0850
3,1940	-9,698	23,0900
3,1977	-9,700	23,0950
3,1902	-9,703	23,1000
3,1898	-9,705	23,1050
3,1973	-9,707	23,1100
3,2067	-9,709	23,1150
3,2026	-9,711	23,1200
3,2026	-9,713	23,1250
3,1981	-9,715	23,1300
3,1962	-9,717	23,1350
3,2026	-9,719	23,1400
3,2053	-9,721	23,1450
3,2000	-9,724	23,1500
3,2024	-9,726	23,1550
3,2015	-9,728	23,1600
3,1927	-9,730	23,1650
3,2004	-9,732	23,1700
3,2120	-9,734	23,1750
3,2000	-9,736	23,1800
3,2077	-9,738	23,1850
3,2122	-9,740	23,1900
3,2089	-9,742	23,1950
3,2168	-9,745	23,2000
3,2231	-9,747	23,2050
3,2169	-9,749	23,2100
3,2090	-9,751	23,2150
3,2164	-9,753	23,2200
3,2144	-9,755	23,2250
3,2146	-9,757	23,2300
3,2147	-9,759	23,2350
3,2076	-9,761	23,2400
3,2038	-9,763	23,2450
3,2156	-9,766	23,2500
3,2149	-9,768	23,2550
3,2068	-9,770	23,2600
3,2068	-9,772	23,2650
3,2119	-9,774	23,2700
3,2091	-9,776	23,2750
3,2149	-9,778	23,2800
3,2210	-9,780	23,2850
3,2158	-9,782	23,2900
3,2192	-9,784	23,2950
3,2255	-9,787	23,3000
3,2161	-9,789	23,3050
3,2117	-9,791	23,3100
3,2242	-9,793	23,3150
3,2234	-9,795	23,3200
3,2178	-9,797	23,3250
3,2228	-9,799	23,3300
3,2247	-9,801	23,3350
3,2242	-9,803	23,3400
3,2304	-9,805	23,3450
3,2333	-9,808	23,3500
3,2280	-9,810	23,3550
3,2272	-9,812	23,3600
3,2295	-9,814	23,3650
3,2265	-9,816	23,3700
3,2364	-9,818	23,3750
3,2358	-9,820	23,3800
3,2229	-9,822	23,3850
3,2160	-9,824	23,3900
3,2250	-9,826	23,3950
3,2261	-9,829	23,4000
3,2335	-9,831	23,4050
3,2454	-9,833	23,4100
3,2410	-9,835	23,4150
3,2330	-9,837	23,4200
3,2394	-9,839	23,4250
3,2419	-9,841	23,4300
3,2333	-9,843	23,4350
3,2417	-9,845	23,4400
3,2405	-9,847	23,4450
3,2317	-9,850	23,4500
3,2353	-9,852	23,4550
3,2390	-9,854	23,4600
3,2364	-9,856	23,4650
3,2404	-9,858	23,4700
3,2403	-9,860	23,4750
3,2307	-9,862	23,4800
3,2263	-9,864	23,4850
3,2436	-9,866	23,4900
3,2478	-9,868	23,4950
3,2460	-9,871	23,5000
3,2492	-9,873	23,5050
3,2488	-9,875	23,5100
3,2395	-9,877	23,5150
3,2442	-9,879	23,5200
3,2410	-9,881	23,5250
3,2398	-9,883	23,5300
3,2437	-9,885	23,5350
3,2442	-9,887	23,5400
3,2377	-9,889	23,5450
3,2434	-9,892	23,5500
3,2493	-9,894	23,5550
3,2455	-9,896	23,5600
3,2485	-9,898	23,5650
3,2544	-9,900	23,5700
3,2477	-9,902	23,5750
3,2443	-9,904	23,5800
3,2521	-9,906	23,5850
3,2536	-9,908	23,5900
3,2556	-9,910	23,5950
3,2652	-9,913	23,6000
3,2633	-9,915	23,6050
3,2567	-9,917	23,6100
3,2520	-9,919	23,6150
3,2486	-9,921	23,6200
3,2412	-9,923	23,6250
3,2550	-9,925	23,6300
3,2602	-9,927	23,6350
3,2522	-9,929	23,6400
3,2527	-9,931	23,6450
3,2596	-9,934	23,6500
3,2572	-9,936	23,6550
3,2637	-9,938	23,6600
3,2708	-9,940	23,6650
3,2572	-9,942	23,6700
3,2556	-9,944	23,6750
3,2634	-9,946	23,6800
3,2586	-9,948	23,6850
3,2586	-9,950	23,6900
3,2644	-9,952	23,6950
3,2599	-9,955	23,7000
3,2559	-9,957	23,7050
3,2665	-9,959	23,7100
3,2726	-9,961	23,7150
3,2670	-9,963	23,7200
3,2731	-9,965	23,7250
3,2699	-9,967	23,7300
3,2669	-9,969	23,7350
3,2694	-9,971	23,7400
3,2722	-9,973	23,7450
3,2646	-9,976	23,7500
3,2698	-9,978	23,7550
3,2768	-9,980	23,7600
3,2711	-9,982	23,7650
3,2702	-9,984	23,7700
3,2789	-9,986	23,7750
3,2798	-9,988	23,7800
3,2767	-9,990	23,7850
3,2749	-9,992	23,7900
3,2745	-9,994	23,7950
3,2709	-9,997	23,8000
3,2810	-9,999	23,8050
3,2816	-10,001	23,8100
3,2781	-10,003	23,8150
3,2823	-10,005	23,8200
3,2888	-10,007	23,8250
3,2809	-10,009	23,8300
3,2793	-10,011	23,8350
3,2841	-10,013	23,8400
3,2804	-10,015	23,8450
3,2770	-10,018	23,8500
3,2871	-10,020	23,8550
3,2820	-10,022	23,8600
3,2762	-10,024	23,8650
3,2816	-10,026	23,8700
3,2831	-10,028	23,8750
3,2822	-10,030	23,8800
3,2918	-10,032	23,8850
3,2982	-10,034	23,8900
3,2801	-10,036	23,8950
3,2774	-10,039	23,9000
3,2799	-10,041	23,9050
3,2818	-10,043	23,9100
3,2868	-10,045	23,9150
3,2949	-10,047	23,9200
3,2890	-10,049	23,9250
3,2859	-10,051	23,9300
3,2866	-10,053	23,9350
3,2822	-10,055	23,9400
3,2887	-10,057	23,9450
3,2982	-10,060	23,9500
3,2885	-10,062	23,9550
3,2813	-10,064	23,9600
3,2886	-10,066	23,9650
3,2929	-10,068	23,9700
3,2915	-10,070	23,9750
3,2938	-10,072	23,9800
3,3039	-10,074	23,9850
3,2968	-10,076	23,9900
3,2986	-10,078	23,9950
3,2985	-10,081	24,0000
3,2953	-10,083	24,0050
3,3052	-10,085	24,0100
3,3064	-10,087	24,0150
3,2964	-10,089	24,0200
3,2924	-10,091	24,0250
3,3011	-10,093	24,0300
3,2941	-10,095	24,0350
3,2954	-10,097	24,0400
3,3097	-10,099	24,0450
3,3049	-10,102	24,0500
3,2950	-10,104	24,0550
3,3090	-10,106	24,0600
3,3140	-10,108	24,0650
3,3066	-10,110	24,0700
3,3038	-10,112	24,0750
3,3064	-10,114	24,0800
3,3037	-10,116	24,0850
3,3122	-10,118	24,0900
3,3100	-10,120	24,0950
3,2985	-10,123	24,1000
3,3018	-10,125	24,1050
3,3108	-10,127	24,1100
3,3096	-10,129	24,1150
3,3076	-10,131	24,1200
3,3161	-10,133	24,1250
3,3057	-10,135	24,1300
3,2958	-10,137	24,1350
3,3117	-10,139	24,1400
3,3164	-10,141	24,1450
3,3116	-10,144	24,1500
3,3124	-10,146	24,1550
3,3128	-10,148	24,1600
3,3085	-10,150	24,1650
3,3121	-10,152	24,1700
3,3158	-10,154	24,1750
3,3131	-10,156	24,1800
3,3195	-10,158	24,1850
3,3251	-10,160	24,1900
3,3153	-10,162	24,1950
3,3144	-10,165	24,2000
3,3248	-10,167	24,2050
3,3209	-10,169	24,2100
3,3200	-10,171	24,2150
3,3297	-10,173	24,2200
3,3249	-10,175	24,2250
3,3209	-10,177	24,2300
3,3292	-10,179	24,2350
3,3292	-10,181	24,2400
3,3228	-10,183	24,2450
3,3253	-10,186	24,2500
3,3176	-10,188	24,2550
3,3219	-10,190	24,2600
3,3229	-10,192	24,2650
3,3283	-10,194	24,2700
3,3212	-10,196	24,2750
3,3316	-10,198	24,2800
3,3372	-10,200	24,2850
3,3241	-10,202	24,2900
3,3228	-10,204	24,2950
3,3329	-10,207	24,3000
3,3334	-10,209	24,3050
3,3294	-10,211	24,3100
3,3384	-10,213	24,3150
3,3391	-10,215	24,3200
3,3367	-10,217	24,3250
3,3375	-10,219	24,3300
3,3313	-10,221	24,3350
3,3266	-10,223	24,3400
3,3321	-10,225	24,3450
3,3317	-10,228	24,3500
3,3294	-10,230	24,3550
3,3405	-10,232	24,3600
3,3462	-10,234	24,3650
3,3404	-10,236	24,3700
3,3389	-10,238	24,3750
3,3386	-10,240	24,3800
3,3350	-10,242	24,3850
3,3375	-10,244	24,3900
3,3458	-10,246	24,3950
3,3441	-10,249	24,4000
3,3426	-10,251	24,4050
3,3474	-10,253	24,4100
3,3438	-10,255	24,4150
3,3353	-10,257	24,4200
3,3450	-10,259	24,4250
3,3491	-10,261	24,4300
3,3396	-10,263	24,4350
3,3481	-10,265	24,4400
3,3487	-10,267	24,4450
3,3450	-10,270	24,4500
3,3498	-10,272	24,4550
3,3606	-10,274	24,4600
3,3513	-10,276	24,4650
3,3550	-10,278	24,4700
3,3605	-10,280	24,4750
3,3509	-10,282	24,4800
3,3584	-10,284	24,4850
3,3628	-10,286	24,4900
3,3509	-10,288	24,4950
3,3449	-10,291	24,5000
3,3535	-10,293	24,5050
3,3544	-10,295	24,5100
3,3473	-10,297	24,5150
3,3575	-10,299	24,5200
3,3615	-10,301	24,5250
3,3487	-10,303	24,5300
3,3557	-10,305	24,5350
3,3600	-10,307	24,5400
3,3584	-10,309	24,5450
3,3581	-10,312	24,5500
3,3656	-10,314	24,5550
3,3565	-10,316	24,5600
3,3560	-10,318	24,5650
3,3555	-10,320	24,5700
3,3584	-10,322	24,5750
3,3605	-10,324	24,5800
3,3604	-10,326	24,5850
3,3581	-10,328	24,5900
3,3590	-10,330	24,5950
3,3645	-10,333	24,6000
3,3628	-10,335	24,6050
3,3606	-10,337	24,6100
3,3658	-10,339	24,6150
3,3645	-10,341	24,6200
3,3578	-10,343	24,6250
3,3687	-10,345	24,6300
3,3765	-10,347	24,6350
3,3762	-10,349	24,6400
3,3717	-10,351	24,6450
3,3750	-10,354	24,6500
3,3686	-10,356	24,6550
3,3646	-10,358	24,6600
3,3753	-10,360	24,6650
3,3739	-10,362	24,6700
3,3734	-10,364	24,6750
3,3868	-10,366	24,6800
3,3758	-10,368	24,6850
3,3714	-10,370	24,6900
3,3748	-10,372	24,6950
3,3683	-10,375	24,7000
3,3717	-10,377	24,7050
3,3806	-10,379	24,7100
3,3783	-10,381	24,7150
3,3730	-10,383	24,7200
3,3794	-10,385	24,7250
3,3840	-10,387	24,7300
3,3818	-10,389	24,7350
3,3784	-10,391	24,7400
3,3830	-10,393	24,7450
3,3748	-10,396	24,7500
3,3835	-10,398	24,7550
3,3890	-10,400	24,7600
3,3832	-10,402	24,7650
3,3840	-10,404	24,7700
3,3948	-10,406	24,7750
3,3883	-10,408	24,7800
3,3766	-10,410	24,7850
3,3770	-10,412	24,7900
3,3779	-10,414	24,7950
3,3756	-10,417	24,8000
3,3843	-10,419	24,8050
3,3872	-10,421	24,8100
3,3851	-10,423	24,8150
3,3926	-10,425	24,8200
3,3968	-10,427	24,8250
3,3943	-10,429	24,8300
3,3935	-10,431	24,8350
3,4000	-10,433	24,8400
3,3946	-10,435	24,8450
3,3865	-10,438	24,8500
3,3917	-10,440	24,8550
3,3895	-10,442	24,8600
3,3848	-10,444	24,8650
3,3951	-10,446	24,8700
3,3890	-10,448	24,8750
3,3869	-10,450	24,8800
3,3950	-10,452	24,8850
3,4010	-10,454	24,8900
3,4029	-10,456	24,8950
3,4036	-10,459	24,9000
3,4038	-10,461	24,9050
3,3992	-10,463	24,9100
3,4012	-10,465	24,9150
3,4011	-10,467	24,9200
3,4025	-10,469	24,9250
3,4041	-10,471	24,9300
3,4086	-10,473	24,9350
3,3980	-10,475	24,9400
3,3982	-10,477	24,9450
3,4089	-10,480	24,9500
3,4037	-10,482	24,9550
3,4057	-10,484	24,9600
3,4145	-10,486	24,9650
3,4061	-10,488	24,9700
3,4022	-10,490	24,9750
3,4033	-10,492	24,9800
3,4046	-10,494	24,9850
3,3959	-10,496	24,9900
3,4107	-10,498	24,9950
3,4143	-10,501	25,0000
3,4061	-10,503	25,0050
3,4093	-10,505	25,0100
3,4119	-10,507	25,0150
3,4095	-10,509	25,0200
3,4077	-10,511	25,0250
3,4191	-10,513	25,0300
3,4106	-10,515	25,0350
3,4038	-10,517	25,0400
3,4120	-10,519	25,0450
3,4065	-10,522	25,0500
3,4035	-10,524	25,0550
3,4144	-10,526	25,0600
3,4146	-10,528	25,0650
3,4116	-10,530	25,0700
3,4154	-10,532	25,0750
3,4218	-10,534	25,0800
3,4189	-10,536	25,0850
3,4212	-10,538	25,0900
3,4254	-10,540	25,0950
3,4174	-10,543	25,1000
3,4205	-10,545	25,1050
3,4221	-10,547	25,1100
3,4175	-10,549	25,1150
3,4178	-10,551	25,1200
3,4246	-10,553	25,1250
3,4252	-10,555	25,1300
3,4262	-10,557	25,1350
3,4288	-10,559	25,1400
3,4270	-10,561	25,1450
3,4257	-10,564	25,1500
3,4374	-10,566	25,1550
3,4381	-10,568	25,1600
3,4318	-10,570	25,1650
3,4335	-10,572	25,1700
3,4375	-10,574	25,1750
3,4320	-10,576	25,1800
3,4314	-10,578	25,1850
3,4298	-10,580	25,1900
3,4225	-10,582	25,1950
3,4265	-10,585	25,2000
3,4324	-10,587	25,2050
3,4264	-10,589	25,2100
3,4326	-10,591	25,2150
3,4411	-10,593	25,2200
3,4302	-10,595	25,2250
3,4198	-10,597	25,2300
3,4306	-10,599	25,2350
3,4316	-10,601	25,2400
3,4307	-10,603	25,2450
3,4448	-10,606	25,2500
3,4443	-10,608	25,2550
3,4380	-10,610	25,2600
3,4394	-10,612	25,2650
3,4378	-10,614	25,2700
3,4282	-10,616	25,2750
3,4394	-10,618	25,2800
3,4418	-10,620	25,2850
3,4351	-10,622	25,2900
3,4400	-10,624	25,2950
3,4437	-10,627	25,3000
3,4381	-10,629	25,3050
3,4431	-10,631	25,3100
3,4480	-10,633	25,3150
3,4374	-10,635	25,3200
3,4313	-10,637	25,3250
3,4384	-10,639	25,3300
3,4406	-10,641	25,3350
3,4399	-10,643	25,3400
3,4504	-10,645	25,3450
3,4518	-10,648	25,3500
3,4440	-10,650	25,3550
3,4438	-10,652	25,3600
3,4506	-10,654	25,3650
3,4416	-10,656	25,3700
3,4454	-10,658	25,3750
3,4519	-10,660	25,3800
3,4461	-10,662	25,3850
3,4438	-10,664	25,3900
3,4538	-10,666	25,3950
3,4480	-10,669	25,4000
3,4478	-10,671	25,4050
3,4580	-10,673	25,4100
3,4551	-10,675	25,4150
3,4484	-10,677	25,4200
3,4574	-10,679	25,4250
3,4544	-10,681	25,4300
3,4536	-10,683	25,4350
3,4620	-10,685	25,4400
3,4603	-10,687	25,4450
3,4581	-10,690	25,4500
3,4593	-10,692	25,4550
3,4598	-10,694	25,4600
3,4529	-10,696	25,4650
3,4577	-10,698	25,4700
3,4663	-10,700	25,4750
3,4593	-10,702	25,4800
3,4560	-10,704	25,4850
3,4642	-10,706	25,4900
3,4628	-10,708	25,4950
3,4631	-10,711	25,5000
3,4750	-10,713	25,5050
3,4697	-10,715	25,5100
3,4620	-10,717	25,5150
3,4705	-10,719	25,5200
3,4665	-10,721	25,5250
3,4637	-10,723	25,5300
3,4775	-10,725	25,5350
3,4737	-10,727	25,5400
3,4704	-10,729	25,5450
3,4733	-10,732	25,5500
3,4782	-10,734	25,5550
3,4689	-10,736	25,5600
3,4683	-10,738	25,5650
3,4815	-10,740	25,5700
3,4787	-10,742	25,5750
3,4690	-10,744	25,5800
3,4734	-10,746	25,5850
3,4715	-10,748	25,5900
3,4697	-10,750	25,5950
3,4777	-10,753	25,6000
3,4729	-10,755	25,6050
3,4722	-10,757	25,6100
3,4846	-10,759	25,6150
3,4831	-10,761	25,6200
3,4716	-10,763	25,6250
3,4802	-10,765	25,6300
3,4811	-10,767	25,6350
3,4699	-10,769	25,6400
3,4714	-10,771	25,6450
3,4846	-10,774	25,6500
3,4831	-10,776	25,6550
3,4846	-10,778	25,6600
3,4845	-10,780	25,6650
3,4812	-10,782	25,6700
3,4737	-10,784	25,6750
3,4805	-10,786	25,6800
3,4809	-10,788	25,6850
3,4727	-10,790	25,6900
3,4757	-10,792	25,6950
3,4752	-10,795	25,7000
3,4686	-10,797	25,7050
3,4802	-10,799	25,7100
3,4880	-10,801	25,7150
3,4875	-10,803	25,7200
3,4969	-10,805	25,7250
3,5040	-10,807	25,7300
3,4919	-10,809	25,7350
3,4844	-10,811	25,7400
3,4872	-10,813	25,7450
3,4890	-10,816	25,7500
3,4941	-10,818	25,7550
3,4962	-10,820	25,7600
3,4869	-10,822	25,7650
3,4864	-10,824	25,7700
3,4939	-10,826	25,7750
3,4947	-10,828	25,7800
3,4891	-10,830	25,7850
3,4911	-10,832	25,7900
3,4938	-10,834	25,7950
3,4860	-10,837	25,8000
3,4940	-10,839	25,8050
3,5000	-10,841	25,8100
3,4949	-10,843	25,8150
3,4930	-10,845	25,8200
3,5026	-10,847	25,8250
3,5000	-10,849	25,8300
3,4990	-10,851	25,8350
3,5031	-10,853	25,8400
3,5001	-10,855	25,8450
3,5037	-10,858	25,8500
3,5117	-10,860	25,8550
3,5027	-10,862	25,8600
3,4989	-10,864	25,8650
3,5123	-10,866	25,8700
3,5092	-10,868	25,8750
3,5028	-10,870	25,8800
3,5070	-10,872	25,8850
3,5097	-10,874	25,8900
3,4972	-10,876	25,8950
3,5050	-10,879	25,9000
3,5120	-10,881	25,9050
3,5009	-10,883	25,9100
3,5006	-10,885	25,9150
3,5080	-10,887	25,9200
3,5072	-10,889	25,9250
3,5092	-10,891	25,9300
3,5127	-10,893	25,9350
3,5108	-10,895	25,9400
3,5161	-10,897	25,9450
3,5250	-10,900	25,9500
3,5176	-10,902	25,9550
3,5076	-10,904	25,9600
3,5188	-10,906	25,9650
3,5216	-10,908	25,9700
3,5174	-10,910	25,9750
3,5198	-10,912	25,9800
3,5186	-10,914	25,9850
3,5082	-10,916	25,9900
3,5131	-10,918	25,9950
3,5165	-10,921	26,0000
3,5096	-10,923	26,0050
3,5162	-10,925	26,0100
3,5292	-10,927	26,0150
3,5194	-10,929	26,0200
3,5178	-10,931	26,0250
3,5256	-10,933	26,0300
3,5179	-10,935	26,0350
3,5122	-10,937	26,0400
3,5236	-10,939	26,0450
3,5241	-10,942	26,0500
3,5215	-10,944	26,0550
3,5290	-10,946	26,0600
3,5321	-10,948	26,0650
3,5274	-10,950	26,0700
3,5311	-10,952	26,0750
3,5324	-10,954	26,0800
3,5253	-10,956	26,0850
3,5282	-10,958	26,0900
3,5313	-10,960	26,0950
3,5285	-10,963	26,1000
3,5335	-10,965	26,1050
3,5393	-10,967	26,1100
3,5272	-10,969	26,1150
3,5250	-10,971	26,1200
3,5324	-10,973	26,1250
3,5326	-10,975	26,1300
3,5370	-10,977	26,1350
3,5449	-10,979	26,1400
3,5299	-10,981	26,1450
3,5179	-10,984	26,1500
3,5327	-10,986	26,1550
3,5359	-10,988	26,1600
3,5299	-10,990	26,1650
3,5384	-10,992	26,1700
3,5415	-10,994	26,1750
3,5313	-10,996	26,1800
3,5369	-10,998	26,1850
3,5430	-11,000	26,1900
3,5325	-11,002	26,1950
3,5313	-11,005	26,2000
3,5452	-11,007	26,2050
3,5413	-11,009	26,2100
3,5353	-11,011	26,2150
3,5489	-11,013	26,2200
3,5492	-11,015	26,2250
3,5434	-11,017	26,2300
3,5468	-11,019	26,2350
3,5437	-11,021	26,2400
3,5372	-11,023	26,2450
3,5439	-11,026	26,2500
3,5416	-11,028	26,2550
3,5352	-11,030	26,2600
3,5433	-11,032	26,2650
3,5556	-11,034	26,2700
3,5449	-11,036	26,2750
3,5432	-11,038	26,2800
3,5497	-11,040	26,2850
3,5437	-11,042	26,2900
3,5438	-11,044	26,2950
3,5529	-11,047	26,3000
3,5525	-11,049	26,3050
3,5514	-11,051	26,3100
3,5585	-11,053	26,3150
3,5587	-11,055	26,3200
3,5551	-11,057	26,3250
3,5659	-11,059	26,3300
3,5677	-11,061	26,3350
3,5551	-11,063	26,3400
3,5614	-11,065	26,3450
3,5626	-11,068	26,3500
3,5532	-11,070	26,3550
3,5529	-11,072	26,3600
3,5665	-11,074	26,3650
3,5628	-11,076	26,3700
3,5617	-11,078	26,3750
3,5584	-11,080	26,3800
3,5478	-11,082	26,3850
3,5550	-11,084	26,3900
3,5666	-11,086	26,3950
3,5623	-11,089	26,4000
3,5606	-11,091	26,4050
3,5702	-11,093	26,4100
3,5709	-11,095	26,4150
3,5636	-11,097	26,4200
3,5745	-11,099	26,4250
3,5747	-11,101	26,4300
3,5615	-11,103	26,4350
3,5708	-11,105	26,4400
3,5768	-11,107	26,4450
3,5722	-11,110	26,4500
3,5722	-11,112	26,4550
3,5766	-11,114	26,4600
3,5663	-11,116	26,4650
3,5735	-11,118	26,4700
3,5843	-11,120	26,4750
3,5753	-11,122	26,4800
3,5664	-11,124	26,4850
3,5744	-11,126	26,4900
3,5693	-11,128	26,4950
3,5610	-11,131	26,5000
3,5692	-11,133	26,5050
3,5688	-11,135	26,5100
3,5632	-11,137	26,5150
3,5723	-11,139	26,5200
3,5752	-11,141	26,5250
3,5647	-11,143	26,5300
3,5664	-11,145	26,5350
3,5738	-11,147	26,5400
3,5759	-11,149	26,5450
3,5804	-11,152	26,5500
3,5884	-11,154	26,5550
3,5844	-11,156	26,5600
3,5867	-11,158	26,5650
3,5873	-11,160	26,5700
3,5739	-11,162	26,5750
3,5676	-11,164	26,5800
3,5790	-11,166	26,5850
3,5817	-11,168	26,5900
3,5760	-11,170	26,5950
3,5835	-11,173	26,6000
3,5931	-11,175	26,6050
3,5842	-11,177	26,6100
3,5878	-11,179	26,6150
3,5930	-11,181	26,6200
3,5850	-11,183	26,6250
3,5905	-11,185	26,6300
3,5943	-11,187	26,6350
3,5923	-11,189	26,6400
3,5921	-11,191	26,6450
3,5963	-11,194	26,6500
3,5908	-11,196	26,6550
3,5919	-11,198	26,6600
3,5909	-11,200	26,6650
3,5777	-11,202	26,6700
3,5884	-11,204	26,6750
3,6025	-11,206	26,6800
3,5921	-11,208	26,6850
3,5774	-11,210	26,6900
3,5894	-11,212	26,6950
3,5995	-11,215	26,7000
3,5952	-11,217	26,7050
3,6006	-11,219	26,7100
3,6008	-11,221	26,7150
3,5892	-11,223	26,7200
3,5940	-11,225	26,7250
3,5996	-11,227	26,7300
3,5956	-11,229	26,7350
3,5979	-11,231	26,7400
3,6101	-11,233	26,7450
3,6054	-11,236	26,7500
3,6008	-11,238	26,7550
3,6081	-11,240	26,7600
3,6058	-11,242	26,7650
3,6045	-11,244	26,7700
3,6040	-11,246	26,7750
3,5973	-11,248	26,7800
3,5989	-11,250	26,7850
3,6071	-11,252	26,7900
3,6060	-11,254	26,7950
3,5975	-11,257	26,8000
3,6043	-11,259	26,8050
3,6098	-11,261	26,8100
3,6047	-11,263	26,8150
3,6089	-11,265	26,8200
3,6117	-11,267	26,8250
3,6060	-11,269	26,8300
3,5986	-11,271	26,8350
3,6041	-11,273	26,8400
3,6096	-11,275	26,8450
3,6165	-11,278	26,8500
3,6178	-11,280	26,8550
3,6093	-11,282	26,8600
3,6154	-11,284	26,8650
3,6252	-11,286	26,8700
3,6242	-11,288	26,8750
3,6163	-11,290	26,8800
3,6193	-11,292	26,8850
3,6169	-11,294	26,8900
3,6095	-11,296	26,8950
3,6207	-11,299	26,9000
3,6197	-11,301	26,9050
3,6086	-11,303	26,9100
3,6158	-11,305	26,9150
3,6232	-11,307	26,9200
3,6163	-11,309	26,9250
3,6134	-11,311	26,9300
3,6201	-11,313	26,9350
3,6165	-11,315	26,9400
3,6134	-11,317	26,9450
3,6151	-11,320	26,9500
3,6117	-11,322	26,9550
3,6130	-11,324	26,9600
3,6266	-11,326	26,9650
3,6204	-11,328	26,9700
3,6148	-11,330	26,9750
3,6253	-11,332	26,9800
3,6321	-11,334	26,9850
3,6250	-11,336	26,9900
3,6301	-11,338	26,9950
3,6344	-11,341	27,0000
3,6229	-11,343	27,0050
3,6233	-11,345	27,0100
3,6215	-11,347	27,0150
3,6232	-11,349	27,0200
3,6292	-11,351	27,0250
3,6358	-11,353	27,0300
3,6297	-11,355	27,0350
3,6256	-11,357	27,0400
3,6315	-11,359	27,0450
3,6287	-11,362	27,0500
3,6263	-11,364	27,0550
3,6382	-11,366	27,0600
3,6361	-11,368	27,0650
3,6296	-11,370	27,0700
3,6339	-11,372	27,0750
3,6384	-11,374	27,0800
3,6253	-11,376	27,0850
3,6291	-11,378	27,0900
3,6314	-11,380	27,0950
3,6290	-11,383	27,1000
3,6358	-11,385	27,1050
3,6428	-11,387	27,1100
3,6403	-11,389	27,1150
3,6405	-11,391	27,1200
3,6471	-11,393	27,1250
3,6423	-11,395	27,1300
3,6349	-11,397	27,1350
3,6390	-11,399	27,1400
3,6329	-11,401	27,1450
3,6337	-11,404	27,1500
3,6470	-11,406	27,1550
3,6548	-11,408	27,1600
3,6424	-11,410	27,1650
3,6422	-11,412	27,1700
3,6503	-11,414	27,1750
3,6458	-11,416	27,1800
3,6456	-11,418	27,1850
3,6434	-11,420	27,1900
3,6434	-11,422	27,1950
3,6503	-11,425	27,2000
3,6614	-11,427	27,2050
3,6595	-11,429	27,2100
3,6481	-11,431	27,2150
3,6524	-11,433	27,2200
3,6514	-11,435	27,2250
3,6491	-11,437	27,2300
3,6524	-11,439	27,2350
3,6506	-11,441	27,2400
3,6478	-11,443	27,2450
3,6572	-11,446	27,2500
3,6589	-11,448	27,2550
3,6506	-11,450	27,2600
3,6470	-11,452	27,2650
3,6550	-11,454	27,2700
3,6486	-11,456	27,2750
3,6537	-11,458	27,2800
3,6615	-11,460	27,2850
3,6556	-11,462	27,2900
3,6522	-11,464	27,2950
3,6565	-11,467	27,3000
3,6571	-11,469	27,3050
3,6590	-11,471	27,3100
3,6667	-11,473	27,3150
3,6620	-11,475	27,3200
3,6516	-11,477	27,3250
3,6623	-11,479	27,3300
3,6633	-11,481	27,3350
3,6666	-11,483	27,3400
3,6773	-11,485	27,3450
3,6724	-11,488	27,3500
3,6637	-11,490	27,3550
3,6647	-11,492	27,3600
3,6714	-11,494	27,3650
3,6605	-11,496	27,3700
3,6586	-11,498	27,3750
3,6601	-11,500	27,3800
3,6539	-11,502	27,3850
3,6569	-11,504	27,3900
3,6681	-11,506	27,3950
3,6695	-11,509	27,4000
3,6698	-11,511	27,4050
3,6783	-11,513	27,4100
3,6753	-11,515	27,4150
3,6779	-11,517	27,4200
3,6849	-11,519	27,4250
3,6785	-11,521	27,4300
3,6657	-11,523	27,4350
3,6719	-11,525	27,4400
3,6779	-11,527	27,4450
3,6710	-11,530	27,4500
3,6726	-11,532	27,4550
3,6822	-11,534	27,4600
3,6796	-11,536	27,4650
3,6781	-11,538	27,4700
3,6861	-11,540	27,4750
3,6804	-11,542	27,4800
3,6762	-11,544	27,4850
3,6834	-11,546	27,4900
3,6818	-11,548	27,4950
3,6814	-11,551	27,5000
3,6886	-11,553	27,5050
3,6856	-11,555	27,5100
3,6812	-11,557	27,5150
3,6856	-11,559	27,5200
3,6795	-11,561	27,5250
3,6746	-11,563	27,5300
3,6809	-11,565	27,5350
3,6871	-11,567	27,5400
3,6865	-11,569	27,5450
3,6885	-11,572	27,5500
3,6930	-11,574	27,5550
3,6874	-11,576	27,5600
3,6910	-11,578	27,5650
3,6972	-11,580	27,5700
3,6906	-11,582	27,5750
3,6867	-11,584	27,5800
3,6919	-11,586	27,5850
3,6917	-11,588	27,5900
3,6895	-11,590	27,5950
3,6949	-11,593	27,6000
3,6956	-11,595	27,6050
3,6900	-11,597	27,6100
3,6989	-11,599	27,6150
3,7026	-11,601	27,6200
3,6935	-11,603	27,6250
3,6960	-11,605	27,6300
3,7035	-11,607	27,6350
3,7026	-11,609	27,6400
3,7011	-11,611	27,6450
3,7045	-11,614	27,6500
3,6946	-11,616	27,6550
3,6924	-11,618	27,6600
3,7019	-11,620	27,6650
3,6945	-11,622	27,6700
3,6926	-11,624	27,6750
3,7067	-11,626	27,6800
3,7015	-11,628	27,6850
3,6907	-11,630	27,6900
3,6982	-11,632	27,6950
3,7035	-11,635	27,7000
3,6940	-11,637	27,7050
3,6999	-11,639	27,7100
3,7054	-11,641	27,7150
3,7036	-11,643	27,7200
3,7092	-11,645	27,7250
3,7102	-11,647	27,7300
3,7046	-11,649	27,7350
3,7026	-11,651	27,7400
3,7089	-11,653	27,7450
3,7024	-11,656	27,7500
3,7025	-11,658	27,7550
3,7132	-11,660	27,7600
3,7090	-11,662	27,7650
3,7013	-11,664	27,7700
3,7123	-11,666	27,7750
3,7109	-11,668	27,7800
3,7081	-11,670	27,7850
3,7079	-11,672	27,7900
3,7133	-11,674	27,7950
3,7074	-11,677	27,8000
3,7125	-11,679	27,8050
3,7113	-11,681	27,8100
3,7047	-11,683	27,8150
3,7141	-11,685	27,8200
3,7173	-11,687	27,8250
3,7175	-11,689	27,8300
3,7173	-11,691	27,8350
3,7265	-11,693	27,8400
3,7267	-11,695	27,8450
3,7174	-11,698	27,8500
3,7237	-11,700	27,8550
3,7235	-11,702	27,8600
3,7161	-11,704	27,8650
3,7184	-11,706	27,8700
3,7126	-11,708	27,8750
3,7138	-11,710	27,8800
3,7306	-11,712	27,8850
3,7332	-11,714	27,8900
3,7239	-11,716	27,8950
3,7263	-11,719	27,9000
3,7296	-11,721	27,9050
3,7206	-11,723	27,9100
3,7243	-11,725	27,9150
3,7253	-11,727	27,9200
3,7160	-11,729	27,9250
3,7156	-11,731	27,9300
3,7218	-11,733	27,9350
3,7255	-11,735	27,9400
3,7305	-11,737	27,9450
3,7388	-11,740	27,9500
3,7295	-11,742	27,9550
3,7211	-11,744	27,9600
3,7250	-11,746	27,9650
3,7344	-11,748	27,9700
3,7331	-11,750	27,9750
3,7378	-11,752	27,9800
3,7419	-11,754	27,9850
3,7353	-11,756	27,9900
3,7331	-11,758	27,9950
3,7348	-11,761	28,0000
3,7344	-11,763	28,0050
3,7459	-11,765	28,0100
3,7451	-11,767	28,0150
3,7374	-11,769	28,0200
3,7313	-11,771	28,0250
3,7323	-11,773	28,0300
3,7288	-11,775	28,0350
3,7298	-11,777	28,0400
3,7448	-11,779	28,0450
3,7435	-11,782	28,0500
3,7353	-11,784	28,0550
3,7331	-11,786	28,0600
3,7330	-11,788	28,0650
3,7374	-11,790	28,0700
3,7435	-11,792	28,0750
3,7480	-11,794	28,0800
3,7384	-11,796	28,0850
3,7470	-11,798	28,0900
3,7544	-11,800	28,0950
3,7440	-11,803	28,1000
3,7474	-11,805	28,1050
3,7472	-11,807	28,1100
3,7402	-11,809	28,1150
3,7381	-11,811	28,1200
3,7542	-11,813	28,1250
3,7503	-11,815	28,1300
3,7429	-11,817	28,1350
3,7540	-11,819	28,1400
3,7483	-11,821	28,1450
3,7330	-11,824	28,1500
3,7414	-11,826	28,1550
3,7555	-11,828	28,1600
3,7535	-11,830	28,1650
3,7567	-11,832	28,1700
3,7577	-11,834	28,1750
3,7459	-11,836	28,1800
3,7486	-11,838	28,1850
3,7595	-11,840	28,1900
3,7614	-11,842	28,1950
3,7635	-11,845	28,2000
3,7586	-11,847	28,2050
3,7518	-11,849	28,2100
3,7531	-11,851	28,2150
3,7659	-11,853	28,2200
3,7642	-11,855	28,2250
3,7562	-11,857	28,2300
3,7637	-11,859	28,2350
3,7620	-11,861	28,2400
3,7556	-11,863	28,2450
3,7667	-11,866	28,2500
3,7727	-11,868	28,2550
3,7719	-11,870	28,2600
3,7699	-11,872	28,2650
3,7669	-11,874	28,2700
3,7563	-11,876	28,2750
3,7613	-11,878	28,2800
3,7644	-11,880	28,2850
3,7571	-11,882	28,2900
3,7611	-11,884	28,2950
3,7692	-11,887	28,3000
3,7639	-11,889	28,3050
3,7584	-11,891	28,3100
3,7682	-11,893	28,3150
3,7702	-11,895	28,3200
3,7642	-11,897	28,3250
3,7715	-11,899	28,3300
3,7739	-11,901	28,3350
3,7631	-11,903	28,3400
3,7623	-11,905	28,3450
3,7695	-11,908	28,3500
3,7711	-11,910	28,3550
3,7732	-11,912	28,3600
3,7816	-11,914	28,3650
3,7736	-11,916	28,3700
3,7718	-11,918	28,3750
3,7790	-11,920	28,3800
3,7779	-11,922	28,3850
3,7719	-11,924	28,3900
3,7787	-11,926	28,3950
3,7782	-11,929	28,4000
3,7746	-11,931	28,4050
3,7754	-11,933	28,4100
3,7712	-11,935	28,4150
3,7734	-11,937	28,4200
3,7850	-11,939	28,4250
3,7862	-11,941	28,4300
3,7741	-11,943	28,4350
3,7748	-11,945	28,4400
3,7810	-11,947	28,4450
3,7890	-11,950	28,4500
3,7866	-11,952	28,4550
3,7816	-11,954	28,4600
3,7727	-11,956	28,4650
3,7800	-11,958	28,4700
3,7857	-11,960	28,4750
3,7806	-11,962	28,4800
3,7799	-11,964	28,4850
3,7862	-11,966	28,4900
3,7855	-11,968	28,4950
3,7843	-11,971	28,5000
3,7899	-11,973	28,5050
3,7914	-11,975	28,5100
3,7811	-11,977	28,5150
3,7855	-11,979	28,5200
3,7806	-11,981	28,5250
3,7756	-11,983	28,5300
3,7875	-11,985	28,5350
3,7910	-11,987	28,5400
3,7871	-11,989	28,5450
3,7910	-11,992	28,5500
3,8032	-11,994	28,5550
3,7967	-11,996	28,5600
3,7953	-11,998	28,5650
3,8015	-12,000	28,5700
3,7938	-12,002	28,5750
3,7946	-12,004	28,5800
3,8075	-12,006	28,5850
3,8007	-12,008	28,5900
3,7969	-12,010	28,5950
3,8014	-12,013	28,6000
3,7948	-12,015	28,6050
3,7924	-12,017	28,6100
3,8046	-12,019	28,6150
3,8093	-12,021	28,6200
3,8003	-12,023	28,6250
3,8058	-12,025	28,6300
3,8077	-12,027	28,6350
3,7993	-12,029	28,6400
3,8039	-12,031	28,6450
3,8127	-12,034	28,6500
3,8076	-12,036	28,6550
3,8096	-12,038	28,6600
3,8142	-12,040	28,6650
3,8123	-12,042	28,6700
3,8136	-12,044	28,6750
3,8154	-12,046	28,6800
3,8033	-12,048	28,6850
3,7934	-12,050	28,6900
3,8036	-12,052	28,6950
3,8122	-12,055	28,7000
3,8165	-12,057	28,7050
3,8204	-12,059	28,7100
3,8199	-12,061	28,7150
3,8044	-12,063	28,7200
3,8061	-12,065	28,7250
3,8124	-12,067	28,7300
3,8171	-12,069	28,7350
3,8161	-12,071	28,7400
3,8193	-12,073	28,7450
3,8086	-12,076	28,7500
3,8118	-12,078	28,7550
3,8173	-12,080	28,7600
3,8149	-12,082	28,7650
3,8187	-12,084	28,7700
3,8264	-12,086	28,7750
3,8194	-12,088	28,7800
3,8127	-12,090	28,7850
3,8204	-12,092	28,7900
3,8177	-12,094	28,7950
3,8147	-12,097	28,8000
3,8218	-12,099	28,8050
3,8151	-12,101	28,8100
3,8076	-12,103	28,8150
3,8145	-12,105	28,8200
3,8170	-12,107	28,8250
3,8200	-12,109	28,8300
3,8269	-12,111	28,8350
3,8290	-12,113	28,8400
3,8229	-12,115	28,8450
3,8190	-12,118	28,8500
3,8288	-12,120	28,8550
3,8301	-12,122	28,8600
3,8281	-12,124	28,8650
3,8315	-12,126	28,8700
3,8338	-12,128	28,8750
3,8227	-12,130	28,8800
3,8209	-12,132	28,8850
3,8258	-12,134	28,8900
3,8279	-12,136	28,8950
3,8388	-12,139	28,9000
3,8395	-12,141	28,9050
3,8248	-12,143	28,9100
3,8310	-12,145	28,9150
3,8348	-12,147	28,9200
3,8330	-12,149	28,9250
3,8381	-12,151	28,9300
3,8416	-12,153	28,9350
3,8260	-12,155	28,9400
3,8237	-12,157	28,9450
3,8331	-12,160	28,9500
3,8357	-12,162	28,9550
3,8384	-12,164	28,9600
3,8510	-12,166	28,9650
3,8476	-12,168	28,9700
3,8366	-12,170	28,9750
3,8404	-12,172	28,9800
3,8455	-12,174	28,9850
3,8381	-12,176	28,9900
3,8438	-12,178	28,9950
3,8407	-12,181	29,0000
3,8330	-12,183	29,0050
3,8391	-12,185	29,0100
3,8442	-12,187	29,0150
3,8459	-12,189	29,0200
3,8446	-12,191	29,0250
3,8477	-12,193	29,0300
3,8461	-12,195	29,0350
3,8415	-12,197	29,0400
3,8458	-12,199	29,0450
3,8391	-12,202	29,0500
3,8335	-12,204	29,0550
3,8452	-12,206	29,0600
3,8542	-12,208	29,0650
3,8478	-12,210	29,0700
3,8462	-12,212	29,0750
3,8511	-12,214	29,0800
3,8479	-12,216	29,0850
3,8529	-12,218	29,0900
3,8600	-12,220	29,0950
3,8564	-12,223	29,1000
3,8628	-12,225	29,1050
3,8621	-12,227	29,1100
3,8546	-12,229	29,1150
3,8507	-12,231	29,1200
3,8586	-12,233	29,1250
3,8508	-12,235	29,1300
3,8485	-12,237	29,1350
3,8546	-12,239	29,1400
3,8559	-12,241	29,1450
3,8589	-12,244	29,1500
3,8675	-12,246	29,1550
3,8611	-12,248	29,1600
3,8481	-12,250	29,1650
3,8553	-12,252	29,1700
3,8666	-12,254	29,1750
3,8627	-12,256	29,1800
3,8651	-12,258	29,1850
3,8695	-12,260	29,1900
3,8566	-12,262	29,1950
3,8597	-12,265	29,2000
3,8641	-12,267	29,2050
3,8617	-12,269	29,2100
3,8641	-12,271	29,2150
3,8685	-12,273	29,2200
3,8634	-12,275	29,2250
3,8564	-12,277	29,2300
3,8627	-12,279	29,2350
3,8611	-12,281	29,2400
3,8598	-12,283	29,2450
3,8669	-12,286	29,2500
3,8642	-12,288	29,2550
3,8575	-12,290	29,2600
3,8691	-12,292	29,2650
3,8794	-12,294	29,2700
3,8752	-12,296	29,2750
3,8728	-12,298	29,2800
3,8739	-12,300	29,2850
3,8710	-12,302	29,2900
3,8703	-12,304	29,2950
3,8687	-12,307	29,3000
3,8661	-12,309	29,3050
3,8698	-12,311	29,3100
3,8781	-12,313	29,3150
3,8741	-12,315	29,3200
3,8693	-12,317	29,3250
3,8839	-12,319	29,3300
3,8873	-12,321	29,3350
3,8812	-12,323	29,3400
3,8830	-12,325	29,3450
3,8815	-12,328	29,3500
3,8730	-12,330	29,3550
3,8788	-12,332	29,3600
3,8861	-12,334	29,3650
3,8824	-12,336	29,3700
3,8838	-12,338	29,3750
3,8932	-12,340	29,3800
3,8809	-12,342	29,3850
3,8802	-12,344	29,3900
3,8857	-12,346	29,3950
3,8785	-12,349	29,4000
3,8744	-12,351	29,4050
3,8852	-12,353	29,4100
3,8859	-12,355	29,4150
3,8798	-12,357	29,4200
3,8898	-12,359	29,4250
3,8900	-12,361	29,4300
3,8871	-12,363	29,4350
3,8968	-12,365	29,4400
3,8930	-12,367	29,4450
3,8865	-12,370	29,4500
3,8874	-12,372	29,4550
3,8927	-12,374	29,4600
3,8901	-12,376	29,4650
3,8946	-12,378	29,4700
3,8941	-12,380	29,4750
3,8855	-12,382	29,4800
3,8850	-12,384	29,4850
3,8931	-12,386	29,4900
3,8921	-12,388	29,4950
3,8910	-12,391	29,5000
3,8946	-12,393	29,5050
3,8888	-12,395	29,5100
3,8905	-12,397	29,5150
3,8970	-12,399	29,5200
3,8946	-12,401	29,5250
3,8932	-12,403	29,5300
3,9064	-12,405	29,5350
3,9074	-12,407	29,5400
3,8980	-12,409	29,5450
3,8977	-12,412	29,5500
3,9030	-12,414	29,5550
3,8960	-12,416	29,5600
3,8984	-12,418	29,5650
3,8999	-12,420	29,5700
3,8906	-12,422	29,5750
3,8962	-12,424	29,5800
3,9111	-12,426	29,5850
3,9086	-12,428	29,5900
3,9019	-12,430	29,5950
3,9058	-12,433	29,6000
3,9061	-12,435	29,6050
3,8983	-12,437	29,6100
3,9061	-12,439	29,6150
3,9075	-12,441	29,6200
3,8999	-12,443	29,6250
3,9052	-12,445	29,6300
3,9075	-12,447	29,6350
3,9055	-12,449	29,6400
3,9068	-12,451	29,6450
3,9161	-12,454	29,6500
3,9067	-12,456	29,6550
3,9039	-12,458	29,6600
3,9135	-12,460	29,6650
3,9051	-12,462	29,6700
3,8967	-12,464	29,6750
3,9100	-12,466	29,6800
3,9101	-12,468	29,6850
3,9128	-12,470	29,6900
3,9183	-12,472	29,6950
3,9185	-12,475	29,7000
3,9112	-12,477	29,7050
3,9177	-12,479	29,7100
3,9177	-12,481	29,7150
3,9189	-12,483	29,7200
3,9211	-12,485	29,7250
3,9196	-12,487	29,7300
3,9180	-12,489	29,7350
3,9167	-12,491	29,7400
3,9208	-12,493	29,7450
3,9124	-12,496	29,7500
3,9101	-12,498	29,7550
3,9226	-12,500	29,7600
3,9254	-12,502	29,7650
3,9271	-12,504	29,7700
3,9353	-12,506	29,7750
3,9289	-12,508	29,7800
3,9210	-12,510	29,7850
3,9252	-12,512	29,7900
3,9278	-12,514	29,7950
3,9238	-12,517	29,8000
3,9339	-12,519	29,8050
3,9387	-12,521	29,8100
3,9298	-12,523	29,8150
3,9336	-12,525	29,8200
3,9365	-12,527	29,8250
3,9209	-12,529	29,8300
3,9149	-12,531	29,8350
3,9221	-12,533	29,8400
3,9205	-12,535	29,8450
3,9210	-12,538	29,8500
3,9302	-12,540	29,8550
3,9298	-12,542	29,8600
3,9321	-12,544	29,8650
3,9390	-12,546	29,8700
3,9277	-12,548	29,8750
3,9230	-12,550	29,8800
3,9341	-12,552	29,8850
3,9369	-12,554	29,8900
3,9354	-12,556	29,8950
3,9434	-12,559	29,9000
3,9441	-12,561	29,9050
3,9294	-12,563	29,9100
3,9346	-12,565	29,9150
3,9456	-12,567	29,9200
3,9462	-12,569	29,9250
3,9425	-12,571	29,9300
3,9470	-12,573	29,9350
3,9395	-12,575	29,9400
3,9412	-12,577	29,9450
3,9497	-12,580	29,9500
3,9419	-12,582	29,9550
3,9331	-12,584	29,9600
3,9454	-12,586	29,9650
3,9462	-12,588	29,9700
3,9423	-12,590	29,9750
3,9482	-12,592	29,9800
3,9480	-12,594	29,9850
3,9358	-12,596	29,9900
3,9443	-12,598	29,9950
3,9473	-12,601	30,0000
3,9407	-12,603	30,0050
3,9485	-12,605	30,0100
3,9589	-12,607	30,0150
3,9580	-12,609	30,0200
3,9617	-12,611	30,0250
3,9634	-12,613	30,0300
3,9544	-12,615	30,0350
3,9509	-12,617	30,0400
3,9634	-12,619	30,0450
3,9520	-12,622	30,0500
3,9395	-12,624	30,0550
3,9499	-12,626	30,0600
3,9561	-12,628	30,0650
3,9551	-12,630	30,0700
3,9605	-12,632	30,0750
3,9633	-12,634	30,0800
3,9478	-12,636	30,0850
3,9516	-12,638	30,0900
3,9520	-12,640	30,0950
3,9447	-12,643	30,1000
3,9534	-12,645	30,1050
3,9686	-12,647	30,1100
3,9652	-12,649	30,1150
3,9594	-12,651	30,1200
3,9621	-12,653	30,1250
3,9535	-12,655	30,1300
3,9551	-12,657	30,1350
3,9691	-12,659	30,1400
3,9641	-12,661	30,1450
3,9563	-12,664	30,1500
3,9693	-12,666	30,1550
3,9715	-12,668	30,1600
3,9685	-12,670	30,1650
3,9733	-12,672	30,1700
3,9778	-12,674	30,1750
3,9674	-12,676	30,1800
3,9658	-12,678	30,1850
3,9688	-12,680	30,1900
3,9623	-12,682	30,1950
3,9631	-12,685	30,2000
3,9706	-12,687	30,2050
3,9667	-12,689	30,2100
3,9619	-12,691	30,2150
3,9704	-12,693	30,2200
3,9711	-12,695	30,2250
3,9682	-12,697	30,2300
3,9774	-12,699	30,2350
3,9714	-12,701	30,2400
3,9624	-12,703	30,2450
3,9713	-12,706	30,2500
3,9753	-12,708	30,2550
3,9769	-12,710	30,2600
3,9766	-12,712	30,2650
3,9750	-12,714	30,2700
3,9652	-12,716	30,2750
3,9724	-12,718	30,2800
3,9807	-12,720	30,2850
3,9765	-12,722	30,2900
3,9788	-12,724	30,2950
3,9855	-12,727	30,3000
3,9856	-12,729	30,3050
3,9844	-12,731	30,3100
3,9852	-12,733	30,3150
3,9778	-12,735	30,3200
3,9794	-12,737	30,3250
3,9890	-12,739	30,3300
3,9875	-12,741	30,3350
3,9759	-12,743	30,3400
3,9828	-12,745	30,3450
3,9867	-12,748	30,3500
3,9897	-12,750	30,3550
3,9897	-12,752	30,3600
3,9870	-12,754	30,3650
3,9766	-12,756	30,3700
3,9836	-12,758	30,3750
3,9948	-12,760	30,3800
3,9890	-12,762	30,3850
3,9848	-12,764	30,3900
3,9937	-12,766	30,3950
3,9883	-12,769	30,4000
3,9883	-12,771	30,4050
3,9967	-12,773	30,4100
3,9920	-12,775	30,4150
3,9839	-12,777	30,4200
3,9930	-12,779	30,4250
3,9943	-12,781	30,4300
3,9794	-12,783	30,4350
3,9864	-12,785	30,4400
3,9946	-12,787	30,4450
3,9914	-12,790	30,4500
3,9973	-12,792	30,4550
4,0013	-12,794	30,4600
3,9913	-12,796	30,4650
3,9902	-12,798	30,4700
3,9973	-12,800	30,4750
3,9905	-12,802	30,4800
3,9925	-12,804	30,4850
4,0068	-12,806	30,4900
4,0087	-12,808	30,4950
4,0018	-12,811	30,5000
4,0059	-12,813	30,5050
4,0022	-12,815	30,5100
3,9993	-12,817	30,5150
4,0014	-12,819	30,5200
4,0014	-12,821	30,5250
3,9979	-12,823	30,5300
3,9969	-12,825	30,5350
4,0005	-12,827	30,5400
4,0013	-12,829	30,5450
4,0066	-12,832	30,5500
4,0139	-12,834	30,5550
4,0083	-12,836	30,5600
4,0096	-12,838	30,5650
4,0119	-12,840	30,5700
4,0059	-12,842	30,5750
4,0070	-12,844	30,5800
4,0145	-12,846	30,5850
4,0052	-12,848	30,5900
3,9994	-12,850	30,5950
4,0066	-12,853	30,6000
4,0098	-12,855	30,6050
4,0108	-12,857	30,6100
4,0174	-12,859	30,6150
4,0134	-12,861	30,6200
4,0007	-12,863	30,6250
4,0098	-12,865	30,6300
4,0167	-12,867	30,6350
4,0119	-12,869	30,6400
4,0098	-12,871	30,6450
4,0211	-12,874	30,6500
4,0162	-12,876	30,6550
4,0174	-12,878	30,6600
4,0254	-12,880	30,6650
4,0198	-12,882	30,6700
4,0114	-12,884	30,6750
4,0168	-12,886	30,6800
4,0203	-12,888	30,6850
4,0177	-12,890	30,6900
4,0190	-12,892	30,6950
4,0200	-12,895	30,7000
4,0176	-12,897	30,7050
4,0268	-12,899	30,7100
4,0256	-12,901	30,7150
4,0165	-12,903	30,7200
4,0143	-12,905	30,7250
4,0137	-12,907	30,7300
4,0149	-12,909	30,7350
4,0116	-12,911	30,7400
4,0148	-12,913	30,7450
4,0155	-12,916	30,7500
4,0191	-12,918	30,7550
4,0252	-12,920	30,7600
4,0204	-12,922	30,7650
4,0158	-12,924	30,7700
4,0246	-12,926	30,7750
4,0206	-12,928	30,7800
4,0196	-12,930	30,7850
4,0342	-12,932	30,7900
4,0390	-12,934	30,7950
4,0326	-12,937	30,8000
4,0333	-12,939	30,8050
4,0296	-12,941	30,8100
4,0251	-12,943	30,8150
4,0328	-12,945	30,8200
4,0349	-12,947	30,8250
4,0397	-12,949	30,8300
4,0427	-12,951	30,8350
4,0473	-12,953	30,8400
4,0365	-12,955	30,8450
4,0316	-12,958	30,8500
4,0408	-12,960	30,8550
4,0468	-12,962	30,8600
4,0386	-12,964	30,8650
4,0414	-12,966	30,8700
4,0416	-12,968	30,8750
4,0386	-12,970	30,8800
4,0437	-12,972	30,8850
4,0466	-12,974	30,8900
4,0406	-12,976	30,8950
4,0495	-12,979	30,9000
4,0472	-12,981	30,9050
4,0364	-12,983	30,9100
4,0331	-12,985	30,9150
4,0388	-12,987	30,9200
4,0458	-12,989	30,9250
4,0462	-12,991	30,9300
4,0450	-12,993	30,9350
4,0473	-12,995	30,9400
4,0464	-12,997	30,9450
4,0489	-13,000	30,9500
4,0414	-13,002	30,9550
4,0392	-13,004	30,9600
4,0516	-13,006	30,9650
4,0447	-13,008	30,9700
4,0415	-13,010	30,9750
4,0461	-13,012	30,9800
4,0557	-13,014	30,9850
4,0534	-13,016	30,9900
4,0517	-13,018	30,9950
4,0475	-13,021	31,0000
4,0441	-13,023	31,0050
4,0474	-13,025	31,0100
4,0484	-13,027	31,0150
4,0431	-13,029	31,0200
4,0521	-13,031	31,0250
4,0637	-13,033	31,0300
4,0663	-13,035	31,0350
4,0567	-13,037	31,0400
4,0582	-13,039	31,0450
4,0577	-13,042	31,0500
4,0550	-13,044	31,0550
4,0628	-13,046	31,0600
4,0631	-13,048	31,0650
4,0587	-13,050	31,0700
4,0604	-13,052	31,0750
4,0619	-13,054	31,0800
4,0596	-13,056	31,0850
4,0640	-13,058	31,0900
4,0643	-13,060	31,0950
4,0520	-13,063	31,1000
4,0576	-13,065	31,1050
4,0661	-13,067	31,1100
4,0629	-13,069	31,1150
4,0672	-13,071	31,1200
4,0733	-13,073	31,1250
4,0654	-13,075	31,1300
4,0641	-13,077	31,1350
4,0692	-13,079	31,1400
4,0599	-13,081	31,1450
4,0608	-13,084	31,1500
4,0725	-13,086	31,1550
4,0733	-13,088	31,1600
4,0674	-13,090	31,1650
4,0704	-13,092	31,1700
4,0772	-13,094	31,1750
4,0748	-13,096	31,1800
4,0730	-13,098	31,1850
4,0747	-13,100	31,1900
4,0651	-13,102	31,1950
4,0689	-13,105	31,2000
4,0741	-13,107	31,2050
4,0689	-13,109	31,2100
4,0664	-13,111	31,2150
4,0718	-13,113	31,2200
4,0718	-13,115	31,2250
4,0738	-13,117	31,2300
4,0794	-13,119	31,2350
4,0753	-13,121	31,2400
4,0661	-13,123	31,2450
4,0773	-13,126	31,2500
4,0851	-13,128	31,2550
4,0794	-13,130	31,2600
4,0804	-13,132	31,2650
4,0855	-13,134	31,2700
4,0740	-13,136	31,2750
4,0819	-13,138	31,2800
4,0882	-13,140	31,2850
4,0834	-13,142	31,2900
4,0827	-13,144	31,2950
4,0870	-13,147	31,3000
4,0849	-13,149	31,3050
4,0852	-13,151	31,3100
4,0892	-13,153	31,3150
4,0796	-13,155	31,3200
4,0782	-13,157	31,3250
4,0861	-13,159	31,3300
4,0810	-13,161	31,3350
4,0768	-13,163	31,3400
4,0855	-13,165	31,3450
4,0865	-13,168	31,3500
4,0863	-13,170	31,3550
4,0944	-13,172	31,3600
4,0963	-13,174	31,3650
4,0873	-13,176	31,3700
4,0952	-13,178	31,3750
4,1064	-13,180	31,3800
4,0949	-13,182	31,3850
4,0872	-13,184	31,3900
4,0972	-13,186	31,3950
4,1001	-13,189	31,4000
4,0940	-13,191	31,4050
4,0950	-13,193	31,4100
4,0965	-13,195	31,4150
4,0929	-13,197	31,4200
4,0968	-13,199	31,4250
4,0860	-13,201	31,4300
4,0828	-13,203	31,4350
4,0963	-13,205	31,4400
4,1054	-13,207	31,4450
4,0991	-13,210	31,4500
4,0940	-13,212	31,4550
4,0987	-13,214	31,4600
4,0952	-13,216	31,4650
4,0946	-13,218	31,4700
4,1014	-13,220	31,4750
4,0931	-13,222	31,4800
4,0945	-13,224	31,4850
4,1023	-13,226	31,4900
4,1038	-13,228	31,4950
4,1026	-13,231	31,5000
4,1100	-13,233	31,5050
4,1141	-13,235	31,5100
4,1073	-13,237	31,5150
4,1066	-13,239	31,5200
4,0971	-13,241	31,5250
4,0952	-13,243	31,5300
4,1057	-13,245	31,5350
4,1101	-13,247	31,5400
4,1077	-13,249	31,5450
4,1143	-13,252	31,5500
4,1202	-13,254	31,5550
4,1115	-13,256	31,5600
4,1060	-13,258	31,5650
4,1168	-13,260	31,5700
4,1149	-13,262	31,5750
4,1099	-13,264	31,5800
4,1166	-13,266	31,5850
4,1137	-13,268	31,5900
4,1059	-13,270	31,5950
4,1122	-13,273	31,6000
4,1171	-13,275	31,6050
4,1205	-13,277	31,6100
4,1285	-13,279	31,6150
4,1273	-13,281	31,6200
4,1163	-13,283	31,6250
4,1151	-13,285	31,6300
4,1176	-13,287	31,6350
4,1123	-13,289	31,6400
4,1115	-13,291	31,6450
4,1216	-13,294	31,6500
4,1145	-13,296	31,6550
4,1128	-13,298	31,6600
4,1209	-13,300	31,6650
4,1236	-13,302	31,6700
4,1270	-13,304	31,6750
4,1340	-13,306	31,6800
4,1232	-13,308	31,6850
4,1183	-13,310	31,6900
4,1284	-13,312	31,6950
4,1228	-13,315	31,7000
4,1223	-13,317	31,7050
4,1317	-13,319	31,7100
4,1383	-13,321	31,7150
4,1365	-13,323	31,7200
4,1398	-13,325	31,7250
4,1400	-13,327	31,7300
4,1300	-13,329	31,7350
4,1253	-13,331	31,7400
4,1307	-13,333	31,7450
4,1298	-13,336	31,7500
4,1296	-13,338	31,7550
4,1330	-13,340	31,7600
4,1266	-13,342	31,7650
4,1228	-13,344	31,7700
4,1297	-13,346	31,7750
4,1296	-13,348	31,7800
4,1268	-13,350	31,7850
4,1352	-13,352	31,7900
4,1360	-13,354	31,7950
4,1368	-13,357	31,8000
4,1399	-13,359	31,8050
4,1365	-13,361	31,8100
4,1277	-13,363	31,8150
4,1345	-13,365	31,8200
4,1443	-13,367	31,8250
4,1399	-13,369	31,8300
4,1421	-13,371	31,8350
4,1509	-13,373	31,8400
4,1444	-13,375	31,8450
4,1377	-13,378	31,8500
4,1395	-13,380	31,8550
4,1342	-13,382	31,8600
4,1304	-13,384	31,8650
4,1445	-13,386	31,8700
4,1427	-13,388	31,8750
4,1383	-13,390	31,8800
4,1446	-13,392	31,8850
4,1474	-13,394	31,8900
4,1468	-13,396	31,8950
4,1581	-13,399	31,9000
4,1560	-13,401	31,9050
4,1378	-13,403	31,9100
4,1347	-13,405	31,9150
4,1433	-13,407	31,9200
4,1463	-13,409	31,9250
4,1438	-13,411	31,9300
4,1495	-13,413	31,9350
4,1419	-13,415	31,9400
4,1418	-13,417	31,9450
4,1518	-13,420	31,9500
4,1532	-13,422	31,9550
4,1558	-13,424	31,9600
4,1573	-13,426	31,9650
4,1532	-13,428	31,9700
4,1589	-13,430	31,9750
4,1644	-13,432	31,9800
4,1622	-13,434	31,9850
4,1500	-13,436	31,9900
4,1535	-13,438	31,9950
4,1631	-13,441	32,0000
4,1646	-13,443	32,0050
4,1672	-13,445	32,0100
4,1652	-13,447	32,0150
4,1521	-13,449	32,0200
4,1465	-13,451	32,0250
4,1571	-13,453	32,0300
4,1644	-13,455	32,0350
4,1654	-13,457	32,0400
4,1730	-13,459	32,0450
4,1639	-13,462	32,0500
4,1543	-13,464	32,0550
4,1667	-13,466	32,0600
4,1653	-13,468	32,0650
4,1657	-13,470	32,0700
4,1739	-13,472	32,0750
4,1706	-13,474	32,0800
4,1573	-13,476	32,0850
4,1560	-13,478	32,0900
4,1538	-13,480	32,0950
4,1569	-13,483	32,1000
4,1648	-13,485	32,1050
4,1668	-13,487	32,1100
4,1647	-13,489	32,1150
4,1630	-13,491	32,1200
4,1744	-13,493	32,1250
4,1748	-13,495	32,1300
4,1711	-13,497	32,1350
4,1801	-13,499	32,1400
4,1786	-13,501	32,1450
4,1572	-13,504	32,1500
4,1602	-13,506	32,1550
4,1706	-13,508	32,1600
4,1700	-13,510	32,1650
4,1769	-13,512	32,1700
4,1761	-13,514	32,1750
4,1724	-13,516	32,1800
4,1856	-13,518	32,1850
4,1815	-13,520	32,1900
4,1703	-13,522	32,1950
4,1724	-13,525	32,2000
4,1812	-13,527	32,2050
4,1775	-13,529	32,2100
4,1721	-13,531	32,2150
4,1774	-13,533	32,2200
4,1750	-13,535	32,2250
4,1780	-13,537	32,2300
4,1905	-13,539	32,2350
4,1875	-13,541	32,2400
4,1694	-13,543	32,2450
4,1742	-13,546	32,2500
4,1757	-13,548	32,2550
4,1765	-13,550	32,2600
4,1769	-13,552	32,2650
4,1772	-13,554	32,2700
4,1750	-13,556	32,2750
4,1814	-13,558	32,2800
4,1840	-13,560	32,2850
4,1824	-13,562	32,2900
4,1859	-13,564	32,2950
4,1953	-13,567	32,3000
4,1928	-13,569	32,3050
4,1815	-13,571	32,3100
4,1864	-13,573	32,3150
4,2005	-13,575	32,3200
4,1985	-13,577	32,3250
4,1967	-13,579	32,3300
4,1908	-13,581	32,3350
4,1883	-13,583	32,3400
4,2006	-13,585	32,3450
4,2004	-13,588	32,3500
4,1933	-13,590	32,3550
4,1972	-13,592	32,3600
4,2111	-13,594	32,3650
4,2013	-13,596	32,3700
4,1932	-13,598	32,3750
4,2000	-13,600	32,3800
4,1955	-13,602	32,3850
4,1962	-13,604	32,3900
4,2044	-13,606	32,3950
4,2009	-13,609	32,4000
4,1933	-13,611	32,4050
4,1966	-13,613	32,4100
4,1937	-13,615	32,4150
4,1925	-13,617	32,4200
4,2054	-13,619	32,4250
4,2032	-13,621	32,4300
4,1923	-13,623	32,4350
4,2046	-13,625	32,4400
4,2083	-13,627	32,4450
4,2014	-13,630	32,4500
4,1988	-13,632	32,4550
4,2044	-13,634	32,4600
4,2021	-13,636	32,4650
4,2020	-13,638	32,4700
4,2053	-13,640	32,4750
4,1981	-13,642	32,4800
4,1979	-13,644	32,4850
4,2155	-13,646	32,4900
4,2086	-13,648	32,4950
4,1937	-13,651	32,5000
4,1983	-13,653	32,5050
4,2098	-13,655	32,5100
4,2084	-13,657	32,5150
4,2195	-13,659	32,5200
4,2182	-13,661	32,5250
4,2090	-13,663	32,5300
4,2088	-13,665	32,5350
4,2096	-13,667	32,5400
4,2117	-13,669	32,5450
4,2133	-13,672	32,5500
4,2198	-13,674	32,5550
4,2203	-13,676	32,5600
4,2204	-13,678	32,5650
4,2167	-13,680	32,5700
4,2152	-13,682	32,5750
4,2162	-13,684	32,5800
4,2298	-13,686	32,5850
4,2292	-13,688	32,5900
4,2183	-13,690	32,5950
4,2250	-13,693	32,6000
4,2261	-13,695	32,6050
4,2154	-13,697	32,6100
4,2200	-13,699	32,6150
4,2256	-13,701	32,6200
4,2168	-13,703	32,6250
4,2242	-13,705	32,6300
4,2293	-13,707	32,6350
4,2307	-13,709	32,6400
4,2243	-13,711	32,6450
4,2180	-13,714	32,6500
4,2132	-13,716	32,6550
4,2200	-13,718	32,6600
4,2257	-13,720	32,6650
4,2211	-13,722	32,6700
4,2168	-13,724	32,6750
4,2263	-13,726	32,6800
4,2281	-13,728	32,6850
4,2215	-13,730	32,6900
4,2276	-13,732	32,6950
4,2352	-13,735	32,7000
4,2334	-13,737	32,7050
4,2373	-13,739	32,7100
4,2300	-13,741	32,7150
4,2210	-13,743	32,7200
4,2301	-13,745	32,7250
4,2340	-13,747	32,7300
4,2336	-13,749	32,7350
4,2355	-13,751	32,7400
4,2380	-13,753	32,7450
4,2336	-13,756	32,7500
4,2280	-13,758	32,7550
4,2344	-13,760	32,7600
4,2334	-13,762	32,7650
4,2259	-13,764	32,7700
4,2383	-13,766	32,7750
4,2349	-13,768	32,7800
4,2227	-13,770	32,7850
4,2327	-13,772	32,7900
4,2420	-13,774	32,7950
4,2326	-13,777	32,8000
4,2321	-13,779	32,8050
4,2373	-13,781	32,8100
4,2330	-13,783	32,8150
4,2370	-13,785	32,8200
4,2446	-13,787	32,8250
4,2493	-13,789	32,8300
4,2454	-13,791	32,8350
4,2477	-13,793	32,8400
4,2393	-13,795	32,8450
4,2426	-13,798	32,8500
4,2518	-13,800	32,8550
4,2464	-13,802	32,8600
4,2458	-13,804	32,8650
4,2505	-13,806	32,8700
4,2432	-13,808	32,8750
4,2376	-13,810	32,8800
4,2397	-13,812	32,8850
4,2430	-13,814	32,8900
4,2396	-13,816	32,8950
4,2486	-13,819	32,9000
4,2503	-13,821	32,9050
4,2420	-13,823	32,9100
4,2497	-13,825	32,9150
4,2553	-13,827	32,9200
4,2526	-13,829	32,9250
4,2521	-13,831	32,9300
4,2589	-13,833	32,9350
4,2496	-13,835	32,9400
4,2502	-13,837	32,9450
4,2610	-13,840	32,9500
4,2615	-13,842	32,9550
4,2569	-13,844	32,9600
4,2641	-13,846	32,9650
4,2628	-13,848	32,9700
4,2610	-13,850	32,9750
4,2622	-13,852	32,9800
4,2588	-13,854	32,9850
4,2564	-13,856	32,9900
4,2648	-13,858	32,9950
4,2652	-13,861	33,0000
4,2560	-13,863	33,0050
4,2641	-13,865	33,0100
4,2680	-13,867	33,0150
4,2567	-13,869	33,0200
4,2554	-13,871	33,0250
4,2583	-13,873	33,0300
4,2538	-13,875	33,0350
4,2573	-13,877	33,0400
4,2764	-13,879	33,0450
4,2796	-13,882	33,0500
4,2676	-13,884	33,0550
4,2648	-13,886	33,0600
4,2571	-13,888	33,0650
4,2531	-13,890	33,0700
4,2571	-13,892	33,0750
4,2670	-13,894	33,0800
4,2651	-13,896	33,0850
4,2698	-13,898	33,0900
4,2674	-13,900	33,0950
4,2577	-13,903	33,1000
4,2601	-13,905	33,1050
4,2647	-13,907	33,1100
4,2666	-13,909	33,1150
4,2746	-13,911	33,1200
4,2821	-13,913	33,1250
4,2732	-13,915	33,1300
4,2719	-13,917	33,1350
4,2817	-13,919	33,1400
4,2828	-13,921	33,1450
4,2733	-13,924	33,1500
4,2817	-13,926	33,1550
4,2804	-13,928	33,1600
4,2652	-13,930	33,1650
4,2672	-13,932	33,1700
4,2836	-13,934	33,1750
4,2795	-13,936	33,1800
4,2753	-13,938	33,1850
4,2751	-13,940	33,1900
4,2741	-13,942	33,1950
4,2729	-13,945	33,2000
4,2835	-13,947	33,2050
4,2889	-13,949	33,2100
4,2871	-13,951	33,2150
4,2899	-13,953	33,2200
4,2838	-13,955	33,2250
4,2776	-13,957	33,2300
4,2793	-13,959	33,2350
4,2785	-13,961	33,2400
4,2757	-13,963	33,2450
4,2940	-13,966	33,2500
4,2973	-13,968	33,2550
4,2879	-13,970	33,2600
4,2867	-13,972	33,2650
4,2947	-13,974	33,2700
4,2906	-13,976	33,2750
4,2971	-13,978	33,2800
4,2985	-13,980	33,2850
4,2864	-13,982	33,2900
4,2894	-13,984	33,2950
4,2921	-13,987	33,3000
4,2863	-13,989	33,3050
4,2853	-13,991	33,3100
4,2944	-13,993	33,3150
4,2956	-13,995	33,3200
4,2927	-13,997	33,3250
4,3021	-13,999	33,3300
4,3020	-14,001	33,3350
4,2970	-14,003	33,3400
4,2950	-14,005	33,3450
4,2916	-14,008	33,3500
4,2890	-14,010	33,3550
4,2906	-14,012	33,3600
4,2964	-14,014	33,3650
4,2936	-14,016	33,3700
4,2974	-14,018	33,3750
4,3033	-14,020	33,3800
4,2996	-14,022	33,3850
4,2968	-14,024	33,3900
4,3093	-14,026	33,3950
4,3061	-14,029	33,4000
4,3041	-14,031	33,4050
4,3134	-14,033	33,4100
4,3066	-14,035	33,4150
4,2947	-14,037	33,4200
4,3085	-14,039	33,4250
4,3122	-14,041	33,4300
4,3044	-14,043	33,4350
4,3073	-14,045	33,4400
4,3086	-14,047	33,4450
4,2970	-14,050	33,4500
4,2976	-14,052	33,4550
4,3076	-14,054	33,4600
4,3078	-14,056	33,4650
4,3133	-14,058	33,4700
4,3150	-14,060	33,4750
4,3115	-14,062	33,4800
4,3062	-14,064	33,4850
4,3090	-14,066	33,4900
4,3110	-14,068	33,4950
4,3095	-14,071	33,5000
4,3129	-14,073	33,5050
4,3101	-14,075	33,5100
4,3034	-14,077	33,5150
4,3112	-14,079	33,5200
4,3134	-14,081	33,5250
4,3124	-14,083	33,5300
4,3242	-14,085	33,5350
4,3226	-14,087	33,5400
4,3167	-14,089	33,5450
4,3186	-14,092	33,5500
4,3207	-14,094	33,5550
4,3184	-14,096	33,5600
4,3226	-14,098	33,5650
4,3324	-14,100	33,5700
4,3180	-14,102	33,5750
4,3025	-14,104	33,5800
4,3140	-14,106	33,5850
4,3187	-14,108	33,5900
4,3186	-14,110	33,5950
4,3252	-14,113	33,6000
4,3173	-14,115	33,6050
4,3120	-14,117	33,6100
4,3261	-14,119	33,6150
4,3299	-14,121	33,6200
4,3230	-14,123	33,6250
4,3212	-14,125	33,6300
4,3182	-14,127	33,6350
4,3156	-14,129	33,6400
4,3222	-14,131	33,6450
4,3311	-14,134	33,6500
4,3257	-14,136	33,6550
4,3303	-14,138	33,6600
4,3411	-14,140	33,6650
4,3346	-14,142	33,6700
4,3298	-14,144	33,6750
4,3411	-14,146	33,6800
4,3366	-14,148	33,6850
4,3251	-14,150	33,6900
4,3312	-14,152	33,6950
4,3405	-14,155	33,7000
4,3363	-14,157	33,7050
4,3356	-14,159	33,7100
4,3349	-14,161	33,7150
4,3294	-14,163	33,7200
4,3357	-14,165	33,7250
4,3389	-14,167	33,7300
4,3352	-14,169	33,7350
4,3361	-14,171	33,7400
4,3446	-14,173	33,7450
4,3413	-14,176	33,7500
4,3345	-14,178	33,7550
4,3398	-14,180	33,7600
4,3396	-14,182	33,7650
4,3309	-14,184	33,7700
4,3340	-14,186	33,7750
4,3388	-14,188	33,7800
4,3397	-14,190	33,7850
4,3434	-14,192	33,7900
4,3431	-14,194	33,7950
4,3404	-14,197	33,8000
4,3522	-14,199	33,8050
4,3512	-14,201	33,8100
4,3392	-14,203	33,8150
4,3382	-14,205	33,8200
4,3475	-14,207	33,8250
4,3497	-14,209	33,8300
4,3495	-14,211	33,8350
4,3496	-14,213	33,8400
4,3447	-14,215	33,8450
4,3458	-14,218	33,8500
4,3480	-14,220	33,8550
4,3456	-14,222	33,8600
4,3461	-14,224	33,8650
4,3529	-14,226	33,8700
4,3524	-14,228	33,8750
4,3538	-14,230	33,8800
4,3594	-14,232	33,8850
4,3620	-14,234	33,8900
4,3567	-14,236	33,8950
4,3601	-14,239	33,9000
4,3600	-14,241	33,9050
4,3442	-14,243	33,9100
4,3433	-14,245	33,9150
4,3552	-14,247	33,9200
4,3512	-14,249	33,9250
4,3457	-14,251	33,9300
4,3504	-14,253	33,9350
4,3517	-14,255	33,9400
4,3569	-14,257	33,9450
4,3652	-14,260	33,9500
4,3592	-14,262	33,9550
4,3574	-14,264	33,9600
4,3678	-14,266	33,9650
4,3699	-14,268	33,9700
4,3583	-14,270	33,9750
4,3556	-14,272	33,9800
4,3607	-14,274	33,9850
4,3522	-14,276	33,9900
4,3593	-14,278	33,9950
4,3633	-14,281	34,0000
4,3576	-14,283	34,0050
4,3641	-14,285	34,0100
4,3685	-14,287	34,0150
4,3623	-14,289	34,0200
4,3608	-14,291	34,0250
4,3698	-14,293	34,0300
4,3745	-14,295	34,0350
4,3688	-14,297	34,0400
4,3691	-14,299	34,0450
4,3677	-14,302	34,0500
4,3652	-14,304	34,0550
4,3717	-14,306	34,0600
4,3698	-14,308	34,0650
4,3615	-14,310	34,0700
4,3698	-14,312	34,0750
4,3704	-14,314	34,0800
4,3611	-14,316	34,0850
4,3694	-14,318	34,0900
4,3775	-14,320	34,0950
4,3747	-14,323	34,1000
4,3717	-14,325	34,1050
4,3800	-14,327	34,1100
4,3796	-14,329	34,1150
4,3764	-14,331	34,1200
4,3778	-14,333	34,1250
4,3756	-14,335	34,1300
4,3731	-14,337	34,1350
4,3787	-14,339	34,1400
4,3793	-14,341	34,1450
4,3713	-14,344	34,1500
4,3790	-14,346	34,1550
4,3779	-14,348	34,1600
4,3820	-14,350	34,1650
4,3870	-14,352	34,1700
4,3864	-14,354	34,1750
4,3775	-14,356	34,1800
4,3832	-14,358	34,1850
4,3841	-14,360	34,1900
4,3791	-14,362	34,1950
4,3799	-14,365	34,2000
4,3891	-14,367	34,2050
4,3841	-14,369	34,2100
4,3795	-14,371	34,2150
4,3871	-14,373	34,2200
4,3806	-14,375	34,2250
4,3827	-14,377	34,2300
4,3936	-14,379	34,2350
4,3939	-14,381	34,2400
4,3888	-14,383	34,2450
4,3890	-14,386	34,2500
4,3870	-14,388	34,2550
4,3873	-14,390	34,2600
4,3881	-14,392	34,2650
4,3948	-14,394	34,2700
4,3855	-14,396	34,2750
4,3860	-14,398	34,2800
4,3887	-14,400	34,2850
4,3863	-14,402	34,2900
4,3900	-14,404	34,2950
4,3968	-14,407	34,3000
4,3871	-14,409	34,3050
4,3855	-14,411	34,3100
4,3995	-14,413	34,3150
4,4011	-14,415	34,3200
4,3947	-14,417	34,3250
4,4051	-14,419	34,3300
4,3968	-14,421	34,3350
4,3881	-14,423	34,3400
4,3989	-14,425	34,3450
4,4026	-14,428	34,3500
4,3990	-14,430	34,3550
4,4018	-14,432	34,3600
4,4080	-14,434	34,3650
4,4034	-14,436	34,3700
4,4007	-14,438	34,3750
4,4025	-14,440	34,3800
4,4017	-14,442	34,3850
4,4014	-14,444	34,3900
4,4058	-14,446	34,3950
4,3992	-14,449	34,4000
4,3963	-14,451	34,4050
4,4101	-14,453	34,4100
4,4101	-14,455	34,4150
4,4015	-14,457	34,4200
4,4150	-14,459	34,4250
4,4183	-14,461	34,4300
4,4044	-14,463	34,4350
4,4064	-14,465	34,4400
4,4031	-14,467	34,4450
4,3960	-14,470	34,4500
4,3994	-14,472	34,4550
4,4161	-14,474	34,4600
4,4117	-14,476	34,4650
4,4089	-14,478	34,4700
4,4127	-14,480	34,4750
4,4102	-14,482	34,4800
4,4096	-14,484	34,4850
4,4187	-14,486	34,4900
4,4127	-14,488	34,4950
4,4018	-14,491	34,5000
4,4109	-14,493	34,5050
4,4150	-14,495	34,5100
4,4127	-14,497	34,5150
4,4220	-14,499	34,5200
4,4170	-14,501	34,5250
4,4094	-14,503	34,5300
4,4240	-14,505	34,5350
4,4292	-14,507	34,5400
4,4265	-14,509	34,5450
4,4257	-14,512	34,5500
4,4294	-14,514	34,5550
4,4128	-14,516	34,5600
4,4151	-14,518	34,5650
4,4269	-14,520	34,5700
4,4246	-14,522	34,5750
4,4167	-14,524	34,5800
4,4250	-14,526	34,5850
4,4255	-14,528	34,5900
4,4263	-14,530	34,5950
4,4333	-14,533	34,6000
4,4263	-14,535	34,6050
4,4162	-14,537	34,6100
4,4249	-14,539	34,6150
4,4287	-14,541	34,6200
4,4183	-14,543	34,6250
4,4200	-14,545	34,6300
4,4184	-14,547	34,6350
4,4196	-14,549	34,6400
4,4297	-14,551	34,6450
4,4366	-14,554	34,6500
4,4280	-14,556	34,6550
4,4228	-14,558	34,6600
4,4275	-14,560	34,6650
4,4281	-14,562	34,6700
4,4309	-14,564	34,6750
4,4375	-14,566	34,6800
4,4360	-14,568	34,6850
4,4268	-14,570	34,6900
4,4308	-14,572	34,6950
4,4292	-14,575	34,7000
4,4240	-14,577	34,7050
4,4349	-14,579	34,7100
4,4369	-14,581	34,7150
4,4290	-14,583	34,7200
4,4362	-14,585	34,7250
4,4445	-14,587	34,7300
4,4447	-14,589	34,7350
4,4393	-14,591	34,7400
4,4404	-14,593	34,7450
4,4298	-14,596	34,7500
4,4269	-14,598	34,7550
4,4311	-14,600	34,7600
4,4294	-14,602	34,7650
4,4339	-14,604	34,7700
4,4524	-14,606	34,7750
4,4492	-14,608	34,7800
4,4342	-14,610	34,7850
4,4382	-14,612	34,7900
4,4439	-14,614	34,7950
4,4356	-14,617	34,8000
4,4386	-14,619	34,8050
4,4457	-14,621	34,8100
4,4415	-14,623	34,8150
4,4372	-14,625	34,8200
4,4414	-14,627	34,8250
4,4476	-14,629	34,8300
4,4496	-14,631	34,8350
4,4582	-14,633	34,8400
4,4566	-14,635	34,8450
4,4511	-14,638	34,8500
4,4498	-14,640	34,8550
4,4457	-14,642	34,8600
4,4429	-14,644	34,8650
4,4548	-14,646	34,8700
4,4529	-14,648	34,8750
4,4519	-14,650	34,8800
4,4575	-14,652	34,8850
4,4569	-14,654	34,8900
4,4482	-14,656	34,8950
4,4548	-14,659	34,9000
4,4625	-14,661	34,9050
4,4541	-14,663	34,9100
4,4546	-14,665	34,9150
4,4583	-14,667	34,9200
4,4562	-14,669	34,9250
4,4600	-14,671	34,9300
4,4664	-14,673	34,9350
4,4585	-14,675	34,9400
4,4585	-14,677	34,9450
4,4655	-14,680	34,9500
4,4640	-14,682	34,9550
4,4562	-14,684	34,9600
4,4664	-14,686	34,9650
4,4612	-14,688	34,9700
4,4530	-14,690	34,9750
4,4606	-14,692	34,9800
4,4672	-14,694	34,9850
4,4616	-14,696	34,9900
4,4612	-14,698	34,9950
4,4639	-14,701	35,0000
4,4604	-14,703	35,0050
4,4630	-14,705	35,0100
4,4634	-14,707	35,0150
4,4659	-14,709	35,0200
4,4665	-14,711	35,0250
4,4747	-14,713	35,0300
4,4685	-14,715	35,0350
4,4667	-14,717	35,0400
4,4709	-14,719	35,0450
4,4684	-14,722	35,0500
4,4725	-14,724	35,0550
4,4811	-14,726	35,0600
4,4820	-14,728	35,0650
4,4682	-14,730	35,0700
4,4693	-14,732	35,0750
4,4787	-14,734	35,0800
4,4622	-14,736	35,0850
4,4643	-14,738	35,0900
4,4695	-14,740	35,0950
4,4632	-14,743	35,1000
4,4696	-14,745	35,1050
4,4789	-14,747	35,1100
4,4801	-14,749	35,1150
4,4790	-14,751	35,1200
4,4870	-14,753	35,1250
4,4787	-14,755	35,1300
4,4685	-14,757	35,1350
4,4781	-14,759	35,1400
4,4791	-14,761	35,1450
4,4703	-14,764	35,1500
4,4769	-14,766	35,1550
4,4755	-14,768	35,1600
4,4747	-14,770	35,1650
4,4816	-14,772	35,1700
4,4935	-14,774	35,1750
4,4898	-14,776	35,1800
4,4916	-14,778	35,1850
4,4978	-14,780	35,1900
4,4851	-14,782	35,1950
4,4751	-14,785	35,2000
4,4832	-14,787	35,2050
4,4864	-14,789	35,2100
4,4807	-14,791	35,2150
4,4898	-14,793	35,2200
4,4913	-14,795	35,2250
4,4938	-14,797	35,2300
4,5026	-14,799	35,2350
4,4961	-14,801	35,2400
4,4829	-14,803	35,2450
4,4884	-14,806	35,2500
4,4859	-14,808	35,2550
4,4901	-14,810	35,2600
4,4968	-14,812	35,2650
4,5043	-14,814	35,2700
4,4968	-14,816	35,2750
4,5003	-14,818	35,2800
4,5006	-14,820	35,2850
4,4913	-14,822	35,2900
4,4829	-14,824	35,2950
4,4964	-14,827	35,3000
4,4975	-14,829	35,3050
4,4926	-14,831	35,3100
4,5049	-14,833	35,3150
4,5009	-14,835	35,3200
4,5010	-14,837	35,3250
4,5089	-14,839	35,3300
4,5087	-14,841	35,3350
4,5045	-14,843	35,3400
4,5140	-14,845	35,3450
4,5188	-14,848	35,3500
4,5084	-14,850	35,3550
4,5015	-14,852	35,3600
4,4998	-14,854	35,3650
4,4932	-14,856	35,3700
4,4956	-14,858	35,3750
4,5051	-14,860	35,3800
4,5021	-14,862	35,3850
4,4982	-14,864	35,3900
4,5060	-14,866	35,3950
4,5065	-14,869	35,4000
4,5038	-14,871	35,4050
4,5111	-14,873	35,4100
4,5083	-14,875	35,4150
4,5050	-14,877	35,4200
4,5146	-14,879	35,4250
4,5090	-14,881	35,4300
4,5060	-14,883	35,4350
4,5157	-14,885	35,4400
4,5150	-14,887	35,4450
4,5068	-14,890	35,4500
4,5111	-14,892	35,4550
4,5183	-14,894	35,4600
4,5149	-14,896	35,4650
4,5157	-14,898	35,4700
4,5162	-14,900	35,4750
4,5138	-14,902	35,4800
4,5128	-14,904	35,4850
4,5162	-14,906	35,4900
4,5147	-14,908	35,4950
4,5091	-14,911	35,5000
4,5074	-14,913	35,5050
4,5073	-14,915	35,5100
4,5076	-14,917	35,5150
4,5180	-14,919	35,5200
4,5126	-14,921	35,5250
4,5044	-14,923	35,5300
4,5120	-14,925	35,5350
4,5219	-14,927	35,5400
4,5274	-14,929	35,5450
4,5242	-14,932	35,5500
4,5238	-14,934	35,5550
4,5118	-14,936	35,5600
4,5173	-14,938	35,5650
4,5281	-14,940	35,5700
4,5231	-14,942	35,5750
4,5220	-14,944	35,5800
4,5354	-14,946	35,5850
4,5360	-14,948	35,5900
4,5325	-14,950	35,5950
4,5299	-14,953	35,6000
4,5207	-14,955	35,6050
4,5169	-14,957	35,6100
4,5298	-14,959	35,6150
4,5287	-14,961	35,6200
4,5182	-14,963	35,6250
4,5280	-14,965	35,6300
4,5334	-14,967	35,6350
4,5267	-14,969	35,6400
4,5238	-14,971	35,6450
4,5384	-14,974	35,6500
4,5370	-14,976	35,6550
4,5301	-14,978	35,6600
4,5282	-14,980	35,6650
4,5245	-14,982	35,6700
4,5252	-14,984	35,6750
4,5417	-14,986	35,6800
4,5363	-14,988	35,6850
4,5311	-14,990	35,6900
4,5354	-14,992	35,6950
4,5369	-14,995	35,7000
4,5306	-14,997	35,7050
4,5367	-14,999	35,7100
4,5434	-15,001	35,7150
4,5413	-15,003	35,7200
4,5436	-15,005	35,7250
4,5446	-15,007	35,7300
4,5417	-15,009	35,7350
4,5382	-15,011	35,7400
4,5422	-15,013	35,7450
4,5401	-15,016	35,7500
4,5435	-15,018	35,7550
4,5462	-15,020	35,7600
4,5383	-15,022	35,7650
4,5380	-15,024	35,7700
4,5495	-15,026	35,7750
4,5543	-15,028	35,7800
4,5524	-15,030	35,7850
4,5429	-15,032	35,7900
4,5402	-15,034	35,7950
4,5372	-15,037	35,8000
4,5471	-15,039	35,8050
4,5455	-15,041	35,8100
4,5425	-15,043	35,8150
4,5534	-15,045	35,8200
4,5529	-15,047	35,8250
4,5487	-15,049	35,8300
4,5522	-15,051	35,8350
4,5589	-15,053	35,8400
4,5523	-15,055	35,8450
4,5498	-15,058	35,8500
4,5568	-15,060	35,8550
4,5551	-15,062	35,8600
4,5502	-15,064	35,8650
4,5609	-15,066	35,8700
4,5582	-15,068	35,8750
4,5518	-15,070	35,8800
4,5538	-15,072	35,8850
4,5583	-15,074	35,8900
4,5564	-15,076	35,8950
4,5626	-15,079	35,9000
4,5654	-15,081	35,9050
4,5577	-15,083	35,9100
4,5565	-15,085	35,9150
4,5584	-15,087	35,9200
4,5514	-15,089	35,9250
4,5562	-15,091	35,9300
4,5697	-15,093	35,9350
4,5712	-15,095	35,9400
4,5650	-15,097	35,9450
4,5733	-15,100	35,9500
4,5700	-15,102	35,9550
4,5655	-15,104	35,9600
4,5684	-15,106	35,9650
4,5607	-15,108	35,9700
4,5632	-15,110	35,9750
4,5655	-15,112	35,9800
4,5673	-15,114	35,9850
4,5575	-15,116	35,9900
4,5596	-15,118	35,9950
4,5572	-15,121	36,0000
4,5502	-15,123	36,0050
4,5600	-15,125	36,0100
4,5701	-15,127	36,0150
4,5695	-15,129	36,0200
4,5691	-15,131	36,0250
4,5812	-15,133	36,0300
4,5759	-15,135	36,0350
4,5687	-15,137	36,0400
4,5766	-15,139	36,0450
4,5711	-15,142	36,0500
4,5621	-15,144	36,0550
4,5754	-15,146	36,0600
4,5727	-15,148	36,0650
4,5708	-15,150	36,0700
4,5736	-15,152	36,0750
4,5798	-15,154	36,0800
4,5717	-15,156	36,0850
4,5706	-15,158	36,0900
4,5726	-15,160	36,0950
4,5664	-15,163	36,1000
4,5695	-15,165	36,1050
4,5812	-15,167	36,1100
4,5816	-15,169	36,1150
4,5807	-15,171	36,1200
4,5805	-15,173	36,1250
4,5774	-15,175	36,1300
4,5806	-15,177	36,1350
4,5828	-15,179	36,1400
4,5760	-15,181	36,1450
4,5716	-15,184	36,1500
4,5816	-15,186	36,1550
4,5831	-15,188	36,1600
4,5787	-15,190	36,1650
4,5810	-15,192	36,1700
4,5872	-15,194	36,1750
4,5819	-15,196	36,1800
4,5916	-15,198	36,1850
4,5938	-15,200	36,1900
4,5801	-15,202	36,1950
4,5844	-15,205	36,2000
4,5924	-15,207	36,2050
4,5849	-15,209	36,2100
4,5785	-15,211	36,2150
4,5873	-15,213	36,2200
4,5881	-15,215	36,2250
4,5854	-15,217	36,2300
4,5941	-15,219	36,2350
4,5904	-15,221	36,2400
4,5862	-15,223	36,2450
4,5947	-15,226	36,2500
4,5971	-15,228	36,2550
4,5950	-15,230	36,2600
4,6018	-15,232	36,2650
4,6054	-15,234	36,2700
4,5983	-15,236	36,2750
4,5950	-15,238	36,2800
4,5995	-15,240	36,2850
4,5932	-15,242	36,2900
4,5864	-15,244	36,2950
4,5905	-15,247	36,3000
4,5877	-15,249	36,3050
4,5895	-15,251	36,3100
4,6023	-15,253	36,3150
4,5977	-15,255	36,3200
4,5887	-15,257	36,3250
4,5970	-15,259	36,3300
4,5973	-15,261	36,3350
4,5922	-15,263	36,3400
4,5968	-15,265	36,3450
4,5955	-15,268	36,3500
4,6016	-15,270	36,3550
4,6085	-15,272	36,3600
4,6160	-15,274	36,3650
4,6093	-15,276	36,3700
4,6114	-15,278	36,3750
4,6134	-15,280	36,3800
4,6038	-15,282	36,3850
4,6073	-15,284	36,3900
4,6183	-15,286	36,3950
4,6136	-15,289	36,4000
4,6015	-15,291	36,4050
4,6029	-15,293	36,4100
4,6006	-15,295	36,4150
4,5937	-15,297	36,4200
4,6016	-15,299	36,4250
4,6087	-15,301	36,4300
4,5991	-15,303	36,4350
4,6043	-15,305	36,4400
4,6149	-15,307	36,4450
4,6183	-15,310	36,4500
4,6191	-15,312	36,4550
4,6219	-15,314	36,4600
4,6087	-15,316	36,4650
4,6082	-15,318	36,4700
4,6214	-15,320	36,4750
4,6221	-15,322	36,4800
4,6166	-15,324	36,4850
4,6202	-15,326	36,4900
4,6178	-15,328	36,4950
4,6113	-15,331	36,5000
4,6148	-15,333	36,5050
4,6141	-15,335	36,5100
4,6091	-15,337	36,5150
4,6274	-15,339	36,5200
4,6285	-15,341	36,5250
4,6134	-15,343	36,5300
4,6163	-15,345	36,5350
4,6243	-15,347	36,5400
4,6208	-15,349	36,5450
4,6257	-15,352	36,5500
4,6276	-15,354	36,5550
4,6106	-15,356	36,5600
4,6146	-15,358	36,5650
4,6333	-15,360	36,5700
4,6251	-15,362	36,5750
4,6171	-15,364	36,5800
4,6279	-15,366	36,5850
4,6316	-15,368	36,5900
4,6226	-15,370	36,5950
4,6215	-15,373	36,6000
4,6229	-15,375	36,6050
4,6222	-15,377	36,6100
4,6238	-15,379	36,6150
4,6282	-15,381	36,6200
4,6278	-15,383	36,6250
4,6298	-15,385	36,6300
4,6312	-15,387	36,6350
4,6382	-15,389	36,6400
4,6406	-15,391	36,6450
4,6457	-15,394	36,6500
4,6371	-15,396	36,6550
4,6282	-15,398	36,6600
4,6312	-15,400	36,6650
4,6312	-15,402	36,6700
4,6308	-15,404	36,6750
4,6415	-15,406	36,6800
4,6355	-15,408	36,6850
4,6275	-15,410	36,6900
4,6380	-15,412	36,6950
4,6406	-15,415	36,7000
4,6317	-15,417	36,7050
4,6356	-15,419	36,7100
4,6358	-15,421	36,7150
4,6366	-15,423	36,7200
4,6406	-15,425	36,7250
4,6380	-15,427	36,7300
4,6333	-15,429	36,7350
4,6380	-15,431	36,7400
4,6458	-15,433	36,7450
4,6431	-15,436	36,7500
4,6407	-15,438	36,7550
4,6414	-15,440	36,7600
4,6441	-15,442	36,7650
4,6460	-15,444	36,7700
4,6522	-15,446	36,7750
4,6475	-15,448	36,7800
4,6405	-15,450	36,7850
4,6448	-15,452	36,7900
4,6455	-15,454	36,7950
4,6441	-15,457	36,8000
4,6542	-15,459	36,8050
4,6531	-15,461	36,8100
4,6453	-15,463	36,8150
4,6492	-15,465	36,8200
4,6493	-15,467	36,8250
4,6469	-15,469	36,8300
4,6462	-15,471	36,8350
4,6535	-15,473	36,8400
4,6475	-15,475	36,8450
4,6445	-15,478	36,8500
4,6529	-15,480	36,8550
4,6507	-15,482	36,8600
4,6520	-15,484	36,8650
4,6614	-15,486	36,8700
4,6558	-15,488	36,8750
4,6499	-15,490	36,8800
4,6557	-15,492	36,8850
4,6603	-15,494	36,8900
4,6599	-15,496	36,8950
4,6628	-15,499	36,9000
4,6564	-15,501	36,9050
4,6464	-15,503	36,9100
4,6553	-15,505	36,9150
4,6646	-15,507	36,9200
4,6663	-15,509	36,9250
4,6577	-15,511	36,9300
4,6649	-15,513	36,9350
4,6663	-15,515	36,9400
4,6661	-15,517	36,9450
4,6626	-15,520	36,9500
4,6591	-15,522	36,9550
4,6570	-15,524	36,9600
4,6656	-15,526	36,9650
4,6624	-15,528	36,9700
4,6571	-15,530	36,9750
4,6567	-15,532	36,9800
4,6556	-15,534	36,9850
4,6547	-15,536	36,9900
4,6628	-15,538	36,9950
4,6683	-15,541	37,0000
4,6622	-15,543	37,0050
4,6686	-15,545	37,0100
4,6705	-15,547	37,0150
4,6714	-15,549	37,0200
4,6733	-15,551	37,0250
4,6753	-15,553	37,0300
4,6724	-15,555	37,0350
4,6675	-15,557	37,0400
4,6736	-15,559	37,0450
4,6713	-15,562	37,0500
4,6729	-15,564	37,0550
4,6758	-15,566	37,0600
4,6790	-15,568	37,0650
4,6747	-15,570	37,0700
4,6696	-15,572	37,0750
4,6756	-15,574	37,0800
4,6736	-15,576	37,0850
4,6745	-15,578	37,0900
4,6746	-15,580	37,0950
4,6696	-15,583	37,1000
4,6745	-15,585	37,1050
4,6849	-15,587	37,1100
4,6843	-15,589	37,1150
4,6757	-15,591	37,1200
4,6811	-15,593	37,1250
4,6739	-15,595	37,1300
4,6770	-15,597	37,1350
4,6870	-15,599	37,1400
4,6809	-15,601	37,1450
4,6694	-15,604	37,1500
4,6764	-15,606	37,1550
4,6813	-15,608	37,1600
4,6814	-15,610	37,1650
4,6915	-15,612	37,1700
4,6971	-15,614	37,1750
4,6848	-15,616	37,1800
4,6827	-15,618	37,1850
4,6840	-15,620	37,1900
4,6795	-15,622	37,1950
4,6803	-15,625	37,2000
4,6872	-15,627	37,2050
4,6873	-15,629	37,2100
4,6862	-15,631	37,2150
4,6942	-15,633	37,2200
4,6915	-15,635	37,2250
4,6873	-15,637	37,2300
4,6905	-15,639	37,2350
4,6858	-15,641	37,2400
4,6888	-15,643	37,2450
4,7008	-15,646	37,2500
4,6967	-15,648	37,2550
4,6810	-15,650	37,2600
4,6848	-15,652	37,2650
4,6953	-15,654	37,2700
4,6951	-15,656	37,2750
4,6998	-15,658	37,2800
4,6974	-15,660	37,2850
4,6876	-15,662	37,2900
4,6923	-15,664	37,2950
4,6965	-15,667	37,3000
4,7000	-15,669	37,3050
4,6986	-15,671	37,3100
4,7079	-15,673	37,3150
4,7028	-15,675	37,3200
4,6949	-15,677	37,3250
4,7060	-15,679	37,3300
4,7036	-15,681	37,3350
4,6949	-15,683	37,3400
4,7046	-15,685	37,3450
4,7050	-15,688	37,3500
4,7007	-15,690	37,3550
4,7036	-15,692	37,3600
4,7070	-15,694	37,3650
4,6996	-15,696	37,3700
4,7044	-15,698	37,3750
4,7141	-15,700	37,3800
4,7059	-15,702	37,3850
4,7004	-15,704	37,3900
4,7055	-15,706	37,3950
4,7035	-15,709	37,4000
4,7044	-15,711	37,4050
4,7146	-15,713	37,4100
4,7080	-15,715	37,4150
4,7045	-15,717	37,4200
4,7074	-15,719	37,4250
4,7035	-15,721	37,4300
4,7048	-15,723	37,4350
4,7091	-15,725	37,4400
4,7092	-15,727	37,4450
4,6953	-15,730	37,4500
4,7032	-15,732	37,4550
4,7176	-15,734	37,4600
4,7103	-15,736	37,4650
4,7072	-15,738	37,4700
4,7151	-15,740	37,4750
4,7091	-15,742	37,4800
4,7108	-15,744	37,4850
4,7205	-15,746	37,4900
4,7215	-15,748	37,4950
4,7209	-15,751	37,5000
4,7188	-15,753	37,5050
4,7116	-15,755	37,5100
4,7136	-15,757	37,5150
4,7220	-15,759	37,5200
4,7231	-15,761	37,5250
4,7217	-15,763	37,5300
4,7209	-15,765	37,5350
4,7167	-15,767	37,5400
4,7131	-15,769	37,5450
4,7182	-15,772	37,5500
4,7255	-15,774	37,5550
4,7199	-15,776	37,5600
4,7238	-15,778	37,5650
4,7347	-15,780	37,5700
4,7253	-15,782	37,5750
4,7183	-15,784	37,5800
4,7215	-15,786	37,5850
4,7203	-15,788	37,5900
4,7265	-15,790	37,5950
4,7347	-15,793	37,6000
4,7291	-15,795	37,6050
4,7238	-15,797	37,6100
4,7244	-15,799	37,6150
4,7268	-15,801	37,6200
4,7213	-15,803	37,6250
4,7284	-15,805	37,6300
4,7424	-15,807	37,6350
4,7425	-15,809	37,6400
4,7290	-15,811	37,6450
4,7265	-15,814	37,6500
4,7252	-15,816	37,6550
4,7306	-15,818	37,6600
4,7366	-15,820	37,6650
4,7268	-15,822	37,6700
4,7224	-15,824	37,6750
4,7344	-15,826	37,6800
4,7358	-15,828	37,6850
4,7322	-15,830	37,6900
4,7361	-15,832	37,6950
4,7336	-15,835	37,7000
4,7283	-15,837	37,7050
4,7323	-15,839	37,7100
4,7359	-15,841	37,7150
4,7325	-15,843	37,7200
4,7360	-15,845	37,7250
4,7358	-15,847	37,7300
4,7371	-15,849	37,7350
4,7411	-15,851	37,7400
4,7480	-15,853	37,7450
4,7352	-15,856	37,7500
4,7331	-15,858	37,7550
4,7474	-15,860	37,7600
4,7415	-15,862	37,7650
4,7288	-15,864	37,7700
4,7397	-15,866	37,7750
4,7479	-15,868	37,7800
4,7451	-15,870	37,7850
4,7499	-15,872	37,7900
4,7507	-15,874	37,7950
4,7433	-15,877	37,8000
4,7458	-15,879	37,8050
4,7517	-15,881	37,8100
4,7446	-15,883	37,8150
4,7488	-15,885	37,8200
4,7565	-15,887	37,8250
4,7582	-15,889	37,8300
4,7561	-15,891	37,8350
4,7583	-15,893	37,8400
4,7539	-15,895	37,8450
4,7514	-15,898	37,8500
4,7561	-15,900	37,8550
4,7547	-15,902	37,8600
4,7432	-15,904	37,8650
4,7504	-15,906	37,8700
4,7571	-15,908	37,8750
4,7503	-15,910	37,8800
4,7556	-15,912	37,8850
4,7557	-15,914	37,8900
4,7507	-15,916	37,8950
4,7472	-15,919	37,9000
4,7479	-15,921	37,9050
4,7492	-15,923	37,9100
4,7541	-15,925	37,9150
4,7671	-15,927	37,9200
4,7602	-15,929	37,9250
4,7543	-15,931	37,9300
4,7660	-15,933	37,9350
4,7609	-15,935	37,9400
4,7559	-15,937	37,9450
4,7582	-15,940	37,9500
4,7585	-15,942	37,9550
4,7590	-15,944	37,9600
4,7624	-15,946	37,9650
4,7633	-15,948	37,9700
4,7648	-15,950	37,9750
4,7681	-15,952	37,9800
4,7670	-15,954	37,9850
4,7650	-15,956	37,9900
4,7693	-15,958	37,9950
4,7646	-15,961	38,0000
4,7529	-15,963	38,0050
4,7592	-15,965	38,0100
4,7748	-15,967	38,0150
4,7680	-15,969	38,0200
4,7625	-15,971	38,0250
4,7648	-15,973	38,0300
4,7631	-15,975	38,0350
4,7648	-15,977	38,0400
4,7728	-15,979	38,0450
4,7704	-15,982	38,0500
4,7651	-15,984	38,0550
4,7695	-15,986	38,0600
4,7709	-15,988	38,0650
4,7715	-15,990	38,0700
4,7702	-15,992	38,0750
4,7759	-15,994	38,0800
4,7691	-15,996	38,0850
4,7744	-15,998	38,0900
4,7747	-16,000	38,0950
4,7696	-16,003	38,1000
4,7711	-16,005	38,1050
4,7727	-16,007	38,1100
4,7714	-16,009	38,1150
4,7750	-16,011	38,1200
4,7867	-16,013	38,1250
4,7834	-16,015	38,1300
4,7791	-16,017	38,1350
4,7848	-16,019	38,1400
4,7721	-16,021	38,1450
4,7627	-16,024	38,1500
4,7734	-16,026	38,1550
4,7825	-16,028	38,1600
4,7816	-16,030	38,1650
4,7837	-16,032	38,1700
4,7864	-16,034	38,1750
4,7776	-16,036	38,1800
4,7806	-16,038	38,1850
4,7809	-16,040	38,1900
4,7763	-16,042	38,1950
4,7797	-16,045	38,2000
4,7908	-16,047	38,2050
4,7877	-16,049	38,2100
4,7763	-16,051	38,2150
4,7774	-16,053	38,2200
4,7859	-16,055	38,2250
4,7885	-16,057	38,2300
4,7935	-16,059	38,2350
4,7914	-16,061	38,2400
4,7807	-16,063	38,2450
4,7899	-16,066	38,2500
4,7894	-16,068	38,2550
4,7831	-16,070	38,2600
4,7881	-16,072	38,2650
4,7979	-16,074	38,2700
4,7864	-16,076	38,2750
4,7923	-16,078	38,2800
4,7977	-16,080	38,2850
4,7923	-16,082	38,2900
4,7912	-16,084	38,2950
4,8003	-16,087	38,3000
4,7964	-16,089	38,3050
4,7832	-16,091	38,3100
4,7892	-16,093	38,3150
4,7935	-16,095	38,3200
4,7935	-16,097	38,3250
4,8023	-16,099	38,3300
4,7990	-16,101	38,3350
4,7897	-16,103	38,3400
4,8006	-16,105	38,3450
4,8099	-16,108	38,3500
4,8080	-16,110	38,3550
4,8014	-16,112	38,3600
4,8041	-16,114	38,3650
4,7985	-16,116	38,3700
4,8070	-16,118	38,3750
4,8029	-16,120	38,3800
4,7977	-16,122	38,3850
4,8047	-16,124	38,3900
4,8099	-16,126	38,3950
4,7950	-16,129	38,4000
4,7930	-16,131	38,4050
4,8114	-16,133	38,4100
4,8140	-16,135	38,4150
4,8117	-16,137	38,4200
4,8169	-16,139	38,4250
4,8111	-16,141	38,4300
4,8020	-16,143	38,4350
4,8010	-16,145	38,4400
4,8029	-16,147	38,4450
4,8110	-16,150	38,4500
4,8085	-16,152	38,4550
4,8075	-16,154	38,4600
4,8099	-16,156	38,4650
4,8137	-16,158	38,4700
4,8142	-16,160	38,4750
4,8104	-16,162	38,4800
4,8170	-16,164	38,4850
4,8221	-16,166	38,4900
4,8166	-16,168	38,4950
4,8067	-16,171	38,5000
4,8156	-16,173	38,5050
4,8204	-16,175	38,5100
4,8196	-16,177	38,5150
4,8255	-16,179	38,5200
4,8226	-16,181	38,5250
4,8150	-16,183	38,5300
4,8200	-16,185	38,5350
4,8202	-16,187	38,5400
4,8232	-16,189	38,5450
4,8277	-16,192	38,5500
4,8307	-16,194	38,5550
4,8190	-16,196	38,5600
4,8221	-16,198	38,5650
4,8293	-16,200	38,5700
4,8189	-16,202	38,5750
4,8127	-16,204	38,5800
4,8170	-16,206	38,5850
4,8190	-16,208	38,5900
4,8121	-16,210	38,5950
4,8197	-16,213	38,6000
4,8220	-16,215	38,6050
4,8223	-16,217	38,6100
4,8310	-16,219	38,6150
4,8338	-16,221	38,6200
4,8264	-16,223	38,6250
4,8279	-16,225	38,6300
4,8277	-16,227	38,6350
4,8232	-16,229	38,6400
4,8179	-16,231	38,6450
4,8304	-16,234	38,6500
4,8325	-16,236	38,6550
4,8357	-16,238	38,6600
4,8352	-16,240	38,6650
4,8323	-16,242	38,6700
4,8369	-16,244	38,6750
4,8455	-16,246	38,6800
4,8386	-16,248	38,6850
4,8266	-16,250	38,6900
4,8333	-16,252	38,6950
4,8334	-16,255	38,7000
4,8283	-16,257	38,7050
4,8369	-16,259	38,7100
4,8395	-16,261	38,7150
4,8363	-16,263	38,7200
4,8421	-16,265	38,7250
4,8440	-16,267	38,7300
4,8337	-16,269	38,7350
4,8284	-16,271	38,7400
4,8407	-16,273	38,7450
4,8371	-16,276	38,7500
4,8430	-16,278	38,7550
4,8530	-16,280	38,7600
4,8474	-16,282	38,7650
4,8454	-16,284	38,7700
4,8487	-16,286	38,7750
4,8458	-16,288	38,7800
4,8471	-16,290	38,7850
4,8468	-16,292	38,7900
4,8406	-16,294	38,7950
4,8330	-16,297	38,8000
4,8397	-16,299	38,8050
4,8441	-16,301	38,8100
4,8342	-16,303	38,8150
4,8316	-16,305	38,8200
4,8451	-16,307	38,8250
4,8496	-16,309	38,8300
4,8515	-16,311	38,8350
4,8608	-16,313	38,8400
4,8540	-16,315	38,8450
4,8502	-16,318	38,8500
4,8534	-16,320	38,8550
4,8529	-16,322	38,8600
4,8522	-16,324	38,8650
4,8582	-16,326	38,8700
4,8594	-16,328	38,8750
4,8544	-16,330	38,8800
4,8578	-16,332	38,8850
4,8569	-16,334	38,8900
4,8512	-16,336	38,8950
4,8533	-16,339	38,9000
4,8591	-16,341	38,9050
4,8571	-16,343	38,9100
4,8595	-16,345	38,9150
4,8582	-16,347	38,9200
4,8522	-16,349	38,9250
4,8558	-16,351	38,9300
4,8666	-16,353	38,9350
4,8626	-16,355	38,9400
4,8621	-16,357	38,9450
4,8656	-16,360	38,9500
4,8581	-16,362	38,9550
4,8570	-16,364	38,9600
4,8663	-16,366	38,9650
4,8639	-16,368	38,9700
4,8578	-16,370	38,9750
4,8616	-16,372	38,9800
4,8695	-16,374	38,9850
4,8681	-16,376	38,9900
4,8727	-16,378	38,9950
4,8695	-16,381	39,0000
4,8651	-16,383	39,0050
4,8685	-16,385	39,0100
4,8668	-16,387	39,0150
4,8600	-16,389	39,0200
4,8678	-16,391	39,0250
4,8829	-16,393	39,0300
4,8745	-16,395	39,0350
4,8691	-16,397	39,0400
4,8749	-16,399	39,0450
4,8686	-16,402	39,0500
4,8643	-16,404	39,0550
4,8744	-16,406	39,0600
4,8722	-16,408	39,0650
4,8695	-16,410	39,0700
4,8752	-16,412	39,0750
4,8836	-16,414	39,0800
4,8790	-16,416	39,0850
4,8764	-16,418	39,0900
4,8734	-16,420	39,0950
4,8688	-16,423	39,1000
4,8724	-16,425	39,1050
4,8791	-16,427	39,1100
4,8754	-16,429	39,1150
4,8734	-16,431	39,1200
4,8751	-16,433	39,1250
4,8715	-16,435	39,1300
4,8668	-16,437	39,1350
4,8745	-16,439	39,1400
4,8769	-16,441	39,1450
4,8759	-16,444	39,1500
4,8882	-16,446	39,1550
4,8872	-16,448	39,1600
4,8746	-16,450	39,1650
4,8811	-16,452	39,1700
4,8868	-16,454	39,1750
4,8787	-16,456	39,1800
4,8853	-16,458	39,1850
4,8900	-16,460	39,1900
4,8820	-16,462	39,1950
4,8812	-16,465	39,2000
4,8893	-16,467	39,2050
4,8904	-16,469	39,2100
4,8805	-16,471	39,2150
4,8891	-16,473	39,2200
4,8909	-16,475	39,2250
4,8916	-16,477	39,2300
4,9010	-16,479	39,2350
4,8897	-16,481	39,2400
4,8813	-16,483	39,2450
4,8943	-16,486	39,2500
4,8909	-16,488	39,2550
4,8868	-16,490	39,2600
4,8923	-16,492	39,2650
4,8957	-16,494	39,2700
4,8906	-16,496	39,2750
4,8991	-16,498	39,2800
4,9021	-16,500	39,2850
4,8915	-16,502	39,2900
4,8906	-16,504	39,2950
4,8932	-16,507	39,3000
4,8891	-16,509	39,3050
4,8896	-16,511	39,3100
4,9016	-16,513	39,3150
4,8944	-16,515	39,3200
4,8925	-16,517	39,3250
4,9040	-16,519	39,3300
4,9068	-16,521	39,3350
4,8973	-16,523	39,3400
4,9034	-16,525	39,3450
4,9037	-16,528	39,3500
4,8984	-16,530	39,3550
4,8990	-16,532	39,3600
4,9072	-16,534	39,3650
4,8918	-16,536	39,3700
4,8930	-16,538	39,3750
4,9034	-16,540	39,3800
4,8963	-16,542	39,3850
4,8950	-16,544	39,3900
4,9000	-16,546	39,3950
4,8969	-16,549	39,4000
4,9024	-16,551	39,4050
4,9047	-16,553	39,4100
4,9007	-16,555	39,4150
4,9006	-16,557	39,4200
4,9104	-16,559	39,4250
4,9114	-16,561	39,4300
4,9028	-16,563	39,4350
4,9100	-16,565	39,4400
4,9081	-16,567	39,4450
4,8991	-16,570	39,4500
4,9057	-16,572	39,4550
4,9172	-16,574	39,4600
4,9127	-16,576	39,4650
4,9099	-16,578	39,4700
4,9094	-16,580	39,4750
4,9050	-16,582	39,4800
4,9061	-16,584	39,4850
4,9091	-16,586	39,4900
4,9087	-16,588	39,4950
4,9159	-16,591	39,5000
4,9208	-16,593	39,5050
4,9208	-16,595	39,5100
4,9173	-16,597	39,5150
4,9208	-16,599	39,5200
4,9196	-16,601	39,5250
4,9195	-16,603	39,5300
4,9264	-16,605	39,5350
4,9244	-16,607	39,5400
4,9161	-16,609	39,5450
4,9201	-16,612	39,5500
4,9217	-16,614	39,5550
4,9192	-16,616	39,5600
4,9209	-16,618	39,5650
4,9215	-16,620	39,5700
4,9186	-16,622	39,5750
4,9139	-16,624	39,5800
4,9210	-16,626	39,5850
4,9253	-16,628	39,5900
4,9261	-16,630	39,5950
4,9315	-16,633	39,6000
4,9300	-16,635	39,6050
4,9168	-16,637	39,6100
4,9240	-16,639	39,6150
4,9333	-16,641	39,6200
4,9373	-16,643	39,6250
4,9389	-16,645	39,6300
4,9283	-16,647	39,6350
4,9199	-16,649	39,6400
4,9306	-16,651	39,6450
4,9360	-16,654	39,6500
4,9352	-16,656	39,6550
4,9326	-16,658	39,6600
4,9330	-16,660	39,6650
4,9258	-16,662	39,6700
4,9285	-16,664	39,6750
4,9414	-16,666	39,6800
4,9345	-16,668	39,6850
4,9228	-16,670	39,6900
4,9273	-16,672	39,6950
4,9388	-16,675	39,7000
4,9325	-16,677	39,7050
4,9376	-16,679	39,7100
4,9384	-16,681	39,7150
4,9377	-16,683	39,7200
4,9431	-16,685	39,7250
4,9506	-16,687	39,7300
4,9459	-16,689	39,7350
4,9415	-16,691	39,7400
4,9446	-16,693	39,7450
4,9327	-16,696	39,7500
4,9397	-16,698	39,7550
4,9486	-16,700	39,7600
4,9388	-16,702	39,7650
4,9332	-16,704	39,7700
4,9474	-16,706	39,7750
4,9492	-16,708	39,7800
4,9428	-16,710	39,7850
4,9464	-16,712	39,7900
4,9503	-16,714	39,7950
4,9397	-16,717	39,8000
4,9443	-16,719	39,8050
4,9432	-16,721	39,8100
4,9415	-16,723	39,8150
4,9420	-16,725	39,8200
4,9424	-16,727	39,8250
4,9381	-16,729	39,8300
4,9376	-16,731	39,8350
4,9483	-16,733	39,8400
4,9513	-16,735	39,8450
4,9508	-16,738	39,8500
4,9576	-16,740	39,8550
4,9525	-16,742	39,8600
4,9445	-16,744	39,8650
4,9495	-16,746	39,8700
4,9494	-16,748	39,8750
4,9519	-16,750	39,8800
4,9573	-16,752	39,8850
4,9595	-16,754	39,8900
4,9506	-16,756	39,8950
4,9531	-16,759	39,9000
4,9561	-16,761	39,9050
4,9505	-16,763	39,9100
4,9598	-16,765	39,9150
4,9670	-16,767	39,9200
4,9576	-16,769	39,9250
4,9529	-16,771	39,9300
4,9554	-16,773	39,9350
4,9560	-16,775	39,9400
4,9632	-16,777	39,9450
4,9670	-16,780	39,9500
4,9626	-16,782	39,9550
4,9602	-16,784	39,9600
4,9652	-16,786	39,9650
4,9644	-16,788	39,9700
4,9616	-16,790	39,9750
4,9653	-16,792	39,9800
4,9672	-16,794	39,9850
4,9599	-16,796	39,9900
4,9663	-16,798	39,9950
4,9686	-16,801	40,0000
4,9561	-16,803	40,0050
4,9631	-16,805	40,0100
4,9746	-16,807	40,0150
4,9682	-16,809	40,0200
4,9595	-16,811	40,0250
4,9660	-16,813	40,0300
4,9701	-16,815	40,0350
4,9666	-16,817	40,0400
4,9657	-16,819	40,0450
4,9623	-16,822	40,0500
4,9588	-16,824	40,0550
4,9667	-16,826	40,0600
4,9691	-16,828	40,0650
4,9702	-16,830	40,0700
4,9728	-16,832	40,0750
4,9725	-16,834	40,0800
4,9646	-16,836	40,0850
4,9715	-16,838	40,0900
4,9796	-16,840	40,0950
4,9718	-16,843	40,1000
4,9741	-16,845	40,1050
4,9811	-16,847	40,1100
4,9757	-16,849	40,1150
4,9745	-16,851	40,1200
4,9824	-16,853	40,1250
4,9833	-16,855	40,1300
4,9775	-16,857	40,1350
4,9843	-16,859	40,1400
4,9736	-16,861	40,1450
4,9670	-16,864	40,1500
4,9853	-16,866	40,1550
4,9880	-16,868	40,1600
4,9823	-16,870	40,1650
4,9865	-16,872	40,1700
4,9863	-16,874	40,1750
4,9762	-16,876	40,1800
4,9810	-16,878	40,1850
4,9858	-16,880	40,1900
4,9765	-16,882	40,1950
4,9785	-16,885	40,2000
4,9851	-16,887	40,2050
4,9789	-16,889	40,2100
4,9836	-16,891	40,2150
4,9959	-16,893	40,2200
4,9919	-16,895	40,2250
4,9831	-16,897	40,2300
4,9898	-16,899	40,2350
4,9878	-16,901	40,2400
4,9820	-16,903	40,2450
4,9900	-16,906	40,2500
4,9902	-16,908	40,2550
4,9858	-16,910	40,2600
4,9893	-16,912	40,2650
4,9912	-16,914	40,2700
4,9834	-16,916	40,2750
4,9900	-16,918	40,2800
4,9937	-16,920	40,2850
4,9838	-16,922	40,2900
4,9856	-16,924	40,2950
4,9976	-16,927	40,3000
4,9998	-16,929	40,3050
4,9969	-16,931	40,3100
5,0017	-16,933	40,3150
5,0000	-16,935	40,3200
4,9936	-16,937	40,3250
5,0011	-16,939	40,3300
4,9997	-16,941	40,3350
4,9915	-16,943	40,3400
4,9978	-16,945	40,3450
5,0023	-16,948	40,3500
5,0009	-16,950	40,3550
5,0054	-16,952	40,3600
5,0032	-16,954	40,3650
4,9956	-16,956	40,3700
5,0010	-16,958	40,3750
5,0078	-16,960	40,3800
4,9995	-16,962	40,3850
5,0012	-16,964	40,3900
5,0124	-16,966	40,3950
5,0063	-16,969	40,4000
5,0074	-16,971	40,4050
5,0074	-16,973	40,4100
5,0068	-16,975	40,4150
5,0050	-16,977	40,4200
5,0124	-16,979	40,4250
5,0084	-16,981	40,4300
5,0039	-16,983	40,4350
5,0105	-16,985	40,4400
5,0075	-16,987	40,4450
5,0047	-16,990	40,4500
5,0119	-16,992	40,4550
5,0119	-16,994	40,4600
5,0031	-16,996	40,4650
5,0118	-16,998	40,4700
5,0174	-17,000	40,4750
5,0140	-17,002	40,4800
5,0185	-17,004	40,4850
5,0206	-17,006	40,4900
5,0137	-17,008	40,4950
5,0064	-17,011	40,5000
5,0152	-17,013	40,5050
5,0165	-17,015	40,5100
5,0110	-17,017	40,5150
5,0232	-17,019	40,5200
5,0221	-17,021	40,5250
5,0147	-17,023	40,5300
5,0127	-17,025	40,5350
5,0181	-17,027	40,5400
5,0208	-17,029	40,5450
5,0263	-17,032	40,5500
5,0363	-17,034	40,5550
5,0263	-17,036	40,5600
5,0177	-17,038	40,5650
5,0208	-17,040	40,5700
5,0154	-17,042	40,5750
5,0149	-17,044	40,5800
5,0262	-17,046	40,5850
5,0248	-17,048	40,5900
5,0186	-17,050	40,5950
5,0221	-17,053	40,6000
5,0282	-17,055	40,6050
5,0240	-17,057	40,6100
5,0282	-17,059	40,6150
5,0287	-17,061	40,6200
5,0207	-17,063	40,6250
5,0291	-17,065	40,6300
5,0347	-17,067	40,6350
5,0302	-17,069	40,6400
5,0289	-17,071	40,6450
5,0333	-17,074	40,6500
5,0278	-17,076	40,6550
5,0349	-17,078	40,6600
5,0443	-17,080	40,6650
5,0328	-17,082	40,6700
5,0224	-17,084	40,6750
5,0310	-17,086	40,6800
5,0355	-17,088	40,6850
5,0293	-17,090	40,6900
5,0328	-17,092	40,6950
5,0354	-17,095	40,7000
5,0292	-17,097	40,7050
5,0309	-17,099	40,7100
5,0377	-17,101	40,7150
5,0348	-17,103	40,7200
5,0376	-17,105	40,7250
5,0429	-17,107	40,7300
5,0389	-17,109	40,7350
5,0332	-17,111	40,7400
5,0389	-17,113	40,7450
5,0301	-17,116	40,7500
5,0326	-17,118	40,7550
5,0405	-17,120	40,7600
5,0405	-17,122	40,7650
5,0376	-17,124	40,7700
5,0507	-17,126	40,7750
5,0473	-17,128	40,7800
5,0397	-17,130	40,7850
5,0419	-17,132	40,7900
5,0410	-17,134	40,7950
5,0392	-17,137	40,8000
5,0531	-17,139	40,8050
5,0530	-17,141	40,8100
5,0429	-17,143	40,8150
5,0486	-17,145	40,8200
5,0516	-17,147	40,8250
5,0444	-17,149	40,8300
5,0411	-17,151	40,8350
5,0435	-17,153	40,8400
5,0396	-17,155	40,8450
5,0433	-17,158	40,8500
5,0428	-17,160	40,8550
5,0354	-17,162	40,8600
5,0352	-17,164	40,8650
5,0501	-17,166	40,8700
5,0535	-17,168	40,8750
5,0461	-17,170	40,8800
5,0505	-17,172	40,8850
5,0577	-17,174	40,8900
5,0540	-17,176	40,8950
5,0592	-17,179	40,9000
5,0620	-17,181	40,9050
5,0560	-17,183	40,9100
5,0527	-17,185	40,9150
5,0517	-17,187	40,9200
5,0556	-17,189	40,9250
5,0574	-17,191	40,9300
5,0629	-17,193	40,9350
5,0535	-17,195	40,9400
5,0469	-17,197	40,9450
5,0555	-17,200	40,9500
5,0509	-17,202	40,9550
5,0459	-17,204	40,9600
5,0600	-17,206	40,9650
5,0638	-17,208	40,9700
5,0640	-17,210	40,9750
5,0695	-17,212	40,9800
5,0708	-17,214	40,9850
5,0584	-17,216	40,9900
5,0673	-17,218	40,9950
5,0641	-17,221	41,0000
5,0555	-17,223	41,0050
5,0618	-17,225	41,0100
5,0656	-17,227	41,0150
5,0661	-17,229	41,0200
5,0634	-17,231	41,0250
5,0706	-17,233	41,0300
5,0658	-17,235	41,0350
5,0634	-17,237	41,0400
5,0664	-17,239	41,0450
5,0562	-17,242	41,0500
5,0545	-17,244	41,0550
5,0661	-17,246	41,0600
5,0683	-17,248	41,0650
5,0577	-17,250	41,0700
5,0618	-17,252	41,0750
5,0660	-17,254	41,0800
5,0590	-17,256	41,0850
5,0696	-17,258	41,0900
5,0772	-17,260	41,0950
5,0623	-17,263	41,1000
5,0685	-17,265	41,1050
5,0762	-17,267	41,1100
5,0759	-17,269	41,1150
5,0800	-17,271	41,1200
5,0821	-17,273	41,1250
5,0703	-17,275	41,1300
5,0689	-17,277	41,1350
5,0793	-17,279	41,1400
5,0804	-17,281	41,1450
5,0743	-17,284	41,1500
5,0765	-17,286	41,1550
5,0744	-17,288	41,1600
5,0700	-17,290	41,1650
5,0745	-17,292	41,1700
5,0785	-17,294	41,1750
5,0720	-17,296	41,1800
5,0809	-17,298	41,1850
5,0824	-17,300	41,1900
5,0770	-17,302	41,1950
5,0813	-17,305	41,2000
5,0846	-17,307	41,2050
5,0829	-17,309	41,2100
5,0881	-17,311	41,2150
5,0927	-17,313	41,2200
5,0872	-17,315	41,2250
5,0802	-17,317	41,2300
5,0836	-17,319	41,2350
5,0788	-17,321	41,2400
5,0817	-17,323	41,2450
5,0927	-17,326	41,2500
5,0884	-17,328	41,2550
5,0778	-17,330	41,2600
5,0831	-17,332	41,2650
5,0940	-17,334	41,2700
5,0910	-17,336	41,2750
5,1000	-17,338	41,2800
5,1028	-17,340	41,2850
5,0905	-17,342	41,2900
5,0895	-17,344	41,2950
5,0978	-17,347	41,3000
5,0952	-17,349	41,3050
5,0972	-17,351	41,3100
5,1046	-17,353	41,3150
5,0980	-17,355	41,3200
5,0952	-17,357	41,3250
5,1092	-17,359	41,3300
5,1082	-17,361	41,3350
5,0988	-17,363	41,3400
5,0996	-17,365	41,3450
5,0990	-17,368	41,3500
5,0940	-17,370	41,3550
5,0896	-17,372	41,3600
5,0947	-17,374	41,3650
5,0989	-17,376	41,3700
5,1044	-17,378	41,3750
5,1043	-17,380	41,3800
5,0932	-17,382	41,3850
5,0921	-17,384	41,3900
5,0960	-17,386	41,3950
5,0960	-17,389	41,4000
5,0988	-17,391	41,4050
5,1119	-17,393	41,4100
5,1053	-17,395	41,4150
5,0997	-17,397	41,4200
5,1130	-17,399	41,4250
5,1067	-17,401	41,4300
5,0995	-17,403	41,4350
5,1041	-17,405	41,4400
5,1088	-17,407	41,4450
5,1036	-17,410	41,4500
5,1072	-17,412	41,4550
5,1123	-17,414	41,4600
5,1080	-17,416	41,4650
5,1113	-17,418	41,4700
5,1128	-17,420	41,4750
5,1098	-17,422	41,4800
5,1081	-17,424	41,4850
5,1120	-17,426	41,4900
5,1102	-17,428	41,4950
5,1126	-17,431	41,5000
5,1244	-17,433	41,5050
5,1242	-17,435	41,5100
5,1199	-17,437	41,5150
5,1188	-17,439	41,5200
5,1135	-17,441	41,5250
5,1093	-17,443	41,5300
5,1200	-17,445	41,5350
5,1209	-17,447	41,5400
5,1120	-17,449	41,5450
5,1138	-17,452	41,5500
5,1150	-17,454	41,5550
5,1074	-17,456	41,5600
5,1147	-17,458	41,5650
5,1257	-17,460	41,5700
5,1239	-17,462	41,5750
5,1223	-17,464	41,5800
5,1296	-17,466	41,5850
5,1275	-17,468	41,5900
5,1240	-17,470	41,5950
5,1265	-17,473	41,6000
5,1156	-17,475	41,6050
5,1075	-17,477	41,6100
5,1156	-17,479	41,6150
5,1287	-17,481	41,6200
5,1365	-17,483	41,6250
5,1405	-17,485	41,6300
5,1316	-17,487	41,6350
5,1229	-17,489	41,6400
5,1234	-17,491	41,6450
5,1303	-17,494	41,6500
5,1287	-17,496	41,6550
5,1360	-17,498	41,6600
5,1370	-17,500	41,6650
5,1244	-17,502	41,6700
5,1190	-17,504	41,6750
5,1309	-17,506	41,6800
5,1284	-17,508	41,6850
5,1204	-17,510	41,6900
5,1302	-17,512	41,6950
5,1306	-17,515	41,7000
5,1216	-17,517	41,7050
5,1274	-17,519	41,7100
5,1349	-17,521	41,7150
5,1316	-17,523	41,7200
5,1348	-17,525	41,7250
5,1323	-17,527	41,7300
5,1287	-17,529	41,7350
5,1311	-17,531	41,7400
5,1435	-17,533	41,7450
5,1423	-17,536	41,7500
5,1422	-17,538	41,7550
5,1490	-17,540	41,7600
5,1393	-17,542	41,7650
5,1395	-17,544	41,7700
5,1527	-17,546	41,7750
5,1503	-17,548	41,7800
5,1436	-17,550	41,7850
5,1440	-17,552	41,7900
5,1447	-17,554	41,7950
5,1431	-17,557	41,8000
5,1458	-17,559	41,8050
5,1456	-17,561	41,8100
5,1360	-17,563	41,8150
5,1394	-17,565	41,8200
5,1451	-17,567	41,8250
5,1419	-17,569	41,8300
5,1366	-17,571	41,8350
5,1447	-17,573	41,8400
5,1389	-17,575	41,8450
5,1452	-17,578	41,8500
5,1560	-17,580	41,8550
5,1474	-17,582	41,8600
5,1473	-17,584	41,8650
5,1560	-17,586	41,8700
5,1480	-17,588	41,8750
5,1454	-17,590	41,8800
5,1573	-17,592	41,8850
5,1628	-17,594	41,8900
5,1502	-17,596	41,8950
5,1556	-17,599	41,9000
5,1538	-17,601	41,9050
5,1442	-17,603	41,9100
5,1459	-17,605	41,9150
5,1583	-17,607	41,9200
5,1558	-17,609	41,9250
5,1534	-17,611	41,9300
5,1566	-17,613	41,9350
5,1522	-17,615	41,9400
5,1502	-17,617	41,9450
5,1599	-17,620	41,9500
5,1575	-17,622	41,9550
5,1545	-17,624	41,9600
5,1600	-17,626	41,9650
5,1572	-17,628	41,9700
5,1536	-17,630	41,9750
5,1599	-17,632	41,9800
5,1656	-17,634	41,9850
5,1555	-17,636	41,9900
5,1585	-17,638	41,9950
5,1606	-17,641	42,0000
5,1564	-17,643	42,0050
5,1612	-17,645	42,0100
5,1746	-17,647	42,0150
5,1650	-17,649	42,0200
5,1632	-17,651	42,0250
5,1690	-17,653	42,0300
5,1624	-17,655	42,0350
5,1558	-17,657	42,0400
5,1648	-17,659	42,0450
5,1662	-17,662	42,0500
5,1637	-17,664	42,0550
5,1705	-17,666	42,0600
5,1674	-17,668	42,0650
5,1592	-17,670	42,0700
5,1685	-17,672	42,0750
5,1754	-17,674	42,0800
5,1697	-17,676	42,0850
5,1721	-17,678	42,0900
5,1618	-17,680	42,0950
5,1590	-17,683	42,1000
5,1655	-17,685	42,1050
5,1764	-17,687	42,1100
5,1747	-17,689	42,1150
5,1672	-17,691	42,1200
5,1656	-17,693	42,1250
5,1642	-17,695	42,1300
5,1691	-17,697	42,1350
5,1760	-17,699	42,1400
5,1678	-17,701	42,1450
5,1625	-17,704	42,1500
5,1747	-17,706	42,1550
5,1717	-17,708	42,1600
5,1694	-17,710	42,1650
5,1700	-17,712	42,1700
5,1761	-17,714	42,1750
5,1716	-17,716	42,1800
5,1818	-17,718	42,1850
5,1830	-17,720	42,1900
5,1679	-17,722	42,1950
5,1658	-17,725	42,2000
5,1806	-17,727	42,2050
5,1779	-17,729	42,2100
5,1712	-17,731	42,2150
5,1776	-17,733	42,2200
5,1726	-17,735	42,2250
5,1740	-17,737	42,2300
5,1851	-17,739	42,2350
5,1900	-17,741	42,2400
5,1836	-17,743	42,2450
5,1897	-17,746	42,2500
5,1855	-17,748	42,2550
5,1797	-17,750	42,2600
5,1849	-17,752	42,2650
5,1913	-17,754	42,2700
5,1849	-17,756	42,2750
5,1883	-17,758	42,2800
5,1913	-17,760	42,2850
5,1865	-17,762	42,2900
5,1920	-17,764	42,2950
5,1983	-17,767	42,3000
5,1881	-17,769	42,3050
5,1864	-17,771	42,3100
5,1979	-17,773	42,3150
5,1996	-17,775	42,3200
5,1922	-17,777	42,3250
5,2061	-17,779	42,3300
5,2048	-17,781	42,3350
5,1908	-17,783	42,3400
5,2034	-17,785	42,3450
5,2026	-17,788	42,3500
5,1955	-17,790	42,3550
5,1951	-17,792	42,3600
5,2000	-17,794	42,3650
5,1953	-17,796	42,3700
5,1997	-17,798	42,3750
5,2046	-17,800	42,3800
5,1992	-17,802	42,3850
5,2006	-17,804	42,3900
5,2030	-17,806	42,3950
5,1987	-17,809	42,4000
5,1967	-17,811	42,4050
5,2011	-17,813	42,4100
5,2092	-17,815	42,4150
5,2102	-17,817	42,4200
5,2131	-17,819	42,4250
5,2048	-17,821	42,4300
5,1946	-17,823	42,4350
5,1994	-17,825	42,4400
5,2008	-17,827	42,4450
5,1986	-17,830	42,4500
5,2046	-17,832	42,4550
5,2145	-17,834	42,4600
5,2034	-17,836	42,4650
5,2041	-17,838	42,4700
5,2039	-17,840	42,4750
5,2054	-17,842	42,4800
5,2133	-17,844	42,4850
5,2225	-17,846	42,4900
5,2103	-17,848	42,4950
5,1978	-17,851	42,5000
5,2107	-17,853	42,5050
5,2086	-17,855	42,5100
5,2031	-17,857	42,5150
5,2137	-17,859	42,5200
5,2152	-17,861	42,5250
5,2083	-17,863	42,5300
5,2227	-17,865	42,5350
5,2212	-17,867	42,5400
5,2118	-17,869	42,5450
5,2082	-17,872	42,5500
5,2159	-17,874	42,5550
5,2061	-17,876	42,5600
5,2105	-17,878	42,5650
5,2189	-17,880	42,5700
5,2150	-17,882	42,5750
5,2200	-17,884	42,5800
5,2237	-17,886	42,5850
5,2111	-17,888	42,5900
5,2083	-17,890	42,5950
5,2222	-17,893	42,6000
5,2231	-17,895	42,6050
5,2168	-17,897	42,6100
5,2252	-17,899	42,6150
5,2189	-17,901	42,6200
5,2046	-17,903	42,6250
5,2168	-17,905	42,6300
5,2244	-17,907	42,6350
5,2209	-17,909	42,6400
5,2167	-17,911	42,6450
5,2241	-17,914	42,6500
5,2139	-17,916	42,6550
5,2195	-17,918	42,6600
5,2296	-17,920	42,6650
5,2242	-17,922	42,6700
5,2240	-17,924	42,6750
5,2313	-17,926	42,6800
5,2260	-17,928	42,6850
5,2233	-17,930	42,6900
5,2349	-17,932	42,6950
5,2373	-17,935	42,7000
5,2302	-17,937	42,7050
5,2315	-17,939	42,7100
5,2365	-17,941	42,7150
5,2306	-17,943	42,7200
5,2301	-17,945	42,7250
5,2281	-17,947	42,7300
5,2242	-17,949	42,7350
5,2291	-17,951	42,7400
5,2352	-17,953	42,7450
5,2252	-17,956	42,7500
5,2281	-17,958	42,7550
5,2400	-17,960	42,7600
5,2330	-17,962	42,7650
5,2229	-17,964	42,7700
5,2344	-17,966	42,7750
5,2407	-17,968	42,7800
5,2336	-17,970	42,7850
5,2374	-17,972	42,7900
5,2411	-17,974	42,7950
5,2422	-17,977	42,8000
5,2455	-17,979	42,8050
5,2435	-17,981	42,8100
5,2373	-17,983	42,8150
5,2458	-17,985	42,8200
5,2453	-17,987	42,8250
5,2416	-17,989	42,8300
5,2408	-17,991	42,8350
5,2472	-17,993	42,8400
5,2412	-17,995	42,8450
5,2425	-17,998	42,8500
5,2522	-18,000	42,8550
5,2468	-18,002	42,8600
5,2370	-18,004	42,8650
5,2433	-18,006	42,8700
5,2483	-18,008	42,8750
5,2406	-18,010	42,8800
5,2472	-18,012	42,8850
5,2486	-18,014	42,8900
5,2398	-18,016	42,8950
5,2466	-18,019	42,9000
5,2548	-18,021	42,9050
5,2473	-18,023	42,9100
5,2494	-18,025	42,9150
5,2562	-18,027	42,9200
5,2515	-18,029	42,9250
5,2534	-18,031	42,9300
5,2666	-18,033	42,9350
5,2588	-18,035	42,9400
5,2451	-18,037	42,9450
5,2449	-18,040	42,9500
5,2413	-18,042	42,9550
5,2483	-18,044	42,9600
5,2660	-18,046	42,9650
5,2621	-18,048	42,9700
5,2513	-18,050	42,9750
5,2559	-18,052	42,9800
5,2578	-18,054	42,9850
5,2518	-18,056	42,9900
5,2600	-18,058	42,9950
5,2628	-18,061	43,0000
5,2544	-18,063	43,0050
5,2553	-18,065	43,0100
5,2606	-18,067	43,0150
5,2594	-18,069	43,0200
5,2605	-18,071	43,0250
5,2712	-18,073	43,0300
5,2634	-18,075	43,0350
5,2555	-18,077	43,0400
5,2610	-18,079	43,0450
5,2527	-18,082	43,0500
5,2571	-18,084	43,0550
5,2688	-18,086	43,0600
5,2594	-18,088	43,0650
5,2557	-18,090	43,0700
5,2680	-18,092	43,0750
5,2733	-18,094	43,0800
5,2585	-18,096	43,0850
5,2662	-18,098	43,0900
5,2691	-18,100	43,0950
5,2677	-18,103	43,1000
5,2703	-18,105	43,1050
5,2761	-18,107	43,1100
5,2691	-18,109	43,1150
5,2658	-18,111	43,1200
5,2694	-18,113	43,1250
5,2643	-18,115	43,1300
5,2645	-18,117	43,1350
5,2735	-18,119	43,1400
5,2703	-18,121	43,1450
5,2755	-18,124	43,1500
5,2799	-18,126	43,1550
5,2790	-18,128	43,1600
5,2742	-18,130	43,1650
5,2736	-18,132	43,1700
5,2720	-18,134	43,1750
5,2610	-18,136	43,1800
5,2670	-18,138	43,1850
5,2785	-18,140	43,1900
5,2696	-18,142	43,1950
5,2654	-18,145	43,2000
5,2710	-18,147	43,2050
5,2727	-18,149	43,2100
5,2729	-18,151	43,2150
5,2816	-18,153	43,2200
5,2800	-18,155	43,2250
5,2759	-18,157	43,2300
5,2856	-18,159	43,2350
5,2836	-18,161	43,2400
5,2702	-18,163	43,2450
5,2826	-18,166	43,2500
5,2896	-18,168	43,2550
5,2847	-18,170	43,2600
5,2850	-18,172	43,2650
5,2926	-18,174	43,2700
5,2890	-18,176	43,2750
5,2863	-18,178	43,2800
5,2877	-18,180	43,2850
5,2795	-18,182	43,2900
5,2830	-18,184	43,2950
5,2941	-18,187	43,3000
5,2966	-18,189	43,3050
5,2954	-18,191	43,3100
5,2964	-18,193	43,3150
5,2905	-18,195	43,3200
5,2855	-18,197	43,3250
5,2916	-18,199	43,3300
5,2901	-18,201	43,3350
5,2857	-18,203	43,3400
5,2898	-18,205	43,3450
5,2888	-18,208	43,3500
5,2909	-18,210	43,3550
5,2986	-18,212	43,3600
5,3034	-18,214	43,3650
5,2933	-18,216	43,3700
5,2944	-18,218	43,3750
5,3007	-18,220	43,3800
5,2925	-18,222	43,3850
5,2835	-18,224	43,3900
5,2921	-18,226	43,3950
5,2952	-18,229	43,4000
5,2920	-18,231	43,4050
5,2976	-18,233	43,4100
5,3003	-18,235	43,4150
5,2956	-18,237	43,4200
5,3081	-18,239	43,4250
5,3087	-18,241	43,4300
5,3005	-18,243	43,4350
5,3072	-18,245	43,4400
5,3094	-18,247	43,4450
5,2984	-18,250	43,4500
5,3018	-18,252	43,4550
5,3093	-18,254	43,4600
5,2990	-18,256	43,4650
5,2950	-18,258	43,4700
5,3011	-18,260	43,4750
5,2973	-18,262	43,4800
5,3021	-18,264	43,4850
5,3117	-18,266	43,4900
5,3038	-18,268	43,4950
5,3073	-18,271	43,5000
5,3108	-18,273	43,5050
5,3073	-18,275	43,5100
5,3030	-18,277	43,5150
5,3150	-18,279	43,5200
5,3120	-18,281	43,5250
5,3037	-18,283	43,5300
5,3078	-18,285	43,5350
5,3091	-18,287	43,5400
5,3112	-18,289	43,5450
5,3141	-18,292	43,5500
5,3163	-18,294	43,5550
5,3109	-18,296	43,5600
5,3121	-18,298	43,5650
5,3193	-18,300	43,5700
5,3167	-18,302	43,5750
5,3095	-18,304	43,5800
5,3201	-18,306	43,5850
5,3194	-18,308	43,5900
5,3159	-18,310	43,5950
5,3266	-18,313	43,6000
5,3285	-18,315	43,6050
5,3141	-18,317	43,6100
5,3253	-18,319	43,6150
5,3233	-18,321	43,6200
5,3169	-18,323	43,6250
5,3259	-18,325	43,6300
5,3262	-18,327	43,6350
5,3173	-18,329	43,6400
5,3139	-18,331	43,6450
5,3186	-18,334	43,6500
5,3166	-18,336	43,6550
5,3200	-18,338	43,6600
5,3253	-18,340	43,6650
5,3166	-18,342	43,6700
5,3130	-18,344	43,6750
5,3230	-18,346	43,6800
5,3248	-18,348	43,6850
5,3223	-18,350	43,6900
5,3307	-18,352	43,6950
5,3332	-18,355	43,7000
5,3332	-18,357	43,7050
5,3397	-18,359	43,7100
5,3418	-18,361	43,7150
5,3277	-18,363	43,7200
5,3271	-18,365	43,7250
5,3279	-18,367	43,7300
5,3252	-18,369	43,7350
5,3235	-18,371	43,7400
5,3293	-18,373	43,7450
5,3307	-18,376	43,7500
5,3339	-18,378	43,7550
5,3386	-18,380	43,7600
5,3265	-18,382	43,7650
5,3301	-18,384	43,7700
5,3434	-18,386	43,7750
5,3387	-18,388	43,7800
5,3371	-18,390	43,7850
5,3413	-18,392	43,7900
5,3440	-18,394	43,7950
5,3273	-18,397	43,8000
5,3304	-18,399	43,8050
5,3385	-18,401	43,8100
5,3329	-18,403	43,8150
5,3357	-18,405	43,8200
5,3440	-18,407	43,8250
5,3407	-18,409	43,8300
5,3400	-18,411	43,8350
5,3461	-18,413	43,8400
5,3384	-18,415	43,8450
5,3375	-18,418	43,8500
5,3455	-18,420	43,8550
5,3431	-18,422	43,8600
5,3412	-18,424	43,8650
5,3493	-18,426	43,8700
5,3449	-18,428	43,8750
5,3467	-18,430	43,8800
5,3481	-18,432	43,8850
5,3454	-18,434	43,8900
5,3374	-18,436	43,8950
5,3407	-18,439	43,9000
5,3408	-18,441	43,9050
5,3418	-18,443	43,9100
5,3534	-18,445	43,9150
5,3527	-18,447	43,9200
5,3436	-18,449	43,9250
5,3430	-18,451	43,9300
5,3539	-18,453	43,9350
5,3517	-18,455	43,9400
5,3501	-18,457	43,9450
5,3506	-18,460	43,9500
5,3491	-18,462	43,9550
5,3478	-18,464	43,9600
5,3540	-18,466	43,9650
5,3531	-18,468	43,9700
5,3515	-18,470	43,9750
5,3549	-18,472	43,9800
5,3599	-18,474	43,9850
5,3454	-18,476	43,9900
5,3517	-18,478	43,9950
5,3614	-18,481	44,0000
5,3546	-18,483	44,0050
5,3518	-18,485	44,0100
5,3554	-18,487	44,0150
5,3592	-18,489	44,0200
5,3643	-18,491	44,0250
5,3660	-18,493	44,0300
5,3564	-18,495	44,0350
5,3587	-18,497	44,0400
5,3625	-18,499	44,0450
5,3603	-18,502	44,0500
5,3531	-18,504	44,0550
5,3604	-18,506	44,0600
5,3587	-18,508	44,0650
5,3614	-18,510	44,0700
5,3635	-18,512	44,0750
5,3674	-18,514	44,0800
5,3644	-18,516	44,0850
5,3682	-18,518	44,0900
5,3724	-18,520	44,0950
5,3656	-18,523	44,1000
5,3668	-18,525	44,1050
5,3700	-18,527	44,1100
5,3590	-18,529	44,1150
5,3586	-18,531	44,1200
5,3733	-18,533	44,1250
5,3803	-18,535	44,1300
5,3744	-18,537	44,1350
5,3768	-18,539	44,1400
5,3702	-18,541	44,1450
5,3659	-18,544	44,1500
5,3754	-18,546	44,1550
5,3775	-18,548	44,1600
5,3792	-18,550	44,1650
5,3817	-18,552	44,1700
5,3775	-18,554	44,1750
5,3671	-18,556	44,1800
5,3739	-18,558	44,1850
5,3781	-18,560	44,1900
5,3713	-18,562	44,1950
5,3769	-18,565	44,2000
5,3838	-18,567	44,2050
5,3788	-18,569	44,2100
5,3703	-18,571	44,2150
5,3782	-18,573	44,2200
5,3768	-18,575	44,2250
5,3762	-18,577	44,2300
5,3845	-18,579	44,2350
5,3800	-18,581	44,2400
5,3722	-18,583	44,2450
5,3822	-18,586	44,2500
5,3808	-18,588	44,2550
5,3793	-18,590	44,2600
5,3798	-18,592	44,2650
5,3859	-18,594	44,2700
5,3844	-18,596	44,2750
5,3881	-18,598	44,2800
5,3855	-18,600	44,2850
5,3802	-18,602	44,2900
5,3819	-18,604	44,2950
5,3866	-18,607	44,3000
5,3784	-18,609	44,3050
5,3738	-18,611	44,3100
5,3956	-18,613	44,3150
5,3992	-18,615	44,3200
5,3840	-18,617	44,3250
5,3928	-18,619	44,3300
5,3901	-18,621	44,3350
5,3855	-18,623	44,3400
5,3892	-18,625	44,3450
5,3878	-18,628	44,3500
5,3897	-18,630	44,3550
5,3941	-18,632	44,3600
5,3958	-18,634	44,3650
5,3925	-18,636	44,3700
5,3966	-18,638	44,3750
5,3961	-18,640	44,3800
5,3881	-18,642	44,3850
5,3898	-18,644	44,3900
5,3946	-18,646	44,3950
5,3874	-18,649	44,4000
5,3875	-18,651	44,4050
5,3992	-18,653	44,4100
5,3955	-18,655	44,4150
5,3921	-18,657	44,4200
5,4040	-18,659	44,4250
5,4079	-18,661	44,4300
5,3968	-18,663	44,4350
5,4056	-18,665	44,4400
5,4046	-18,667	44,4450
5,3982	-18,670	44,4500
5,4052	-18,672	44,4550
5,4092	-18,674	44,4600
5,3961	-18,676	44,4650
5,3956	-18,678	44,4700
5,3966	-18,680	44,4750
5,3935	-18,682	44,4800
5,3982	-18,684	44,4850
5,4102	-18,686	44,4900
5,4101	-18,688	44,4950
5,4048	-18,691	44,5000
5,4101	-18,693	44,5050
5,4124	-18,695	44,5100
5,4086	-18,697	44,5150
5,4198	-18,699	44,5200
5,4136	-18,701	44,5250
5,4055	-18,703	44,5300
5,4132	-18,705	44,5350
5,4162	-18,707	44,5400
5,4135	-18,709	44,5450
5,4137	-18,712	44,5500
5,4137	-18,714	44,5550
5,4076	-18,716	44,5600
5,4078	-18,718	44,5650
5,4173	-18,720	44,5700
5,4130	-18,722	44,5750
5,4142	-18,724	44,5800
5,4266	-18,726	44,5850
5,4217	-18,728	44,5900
5,4139	-18,730	44,5950
5,4196	-18,733	44,6000
5,4197	-18,735	44,6050
5,4151	-18,737	44,6100
5,4222	-18,739	44,6150
5,4232	-18,741	44,6200
5,4192	-18,743	44,6250
5,4233	-18,745	44,6300
5,4206	-18,747	44,6350
5,4162	-18,749	44,6400
5,4156	-18,751	44,6450
5,4193	-18,754	44,6500
5,4158	-18,756	44,6550
5,4138	-18,758	44,6600
5,4181	-18,760	44,6650
5,4175	-18,762	44,6700
5,4199	-18,764	44,6750
5,4306	-18,766	44,6800
5,4228	-18,768	44,6850
5,4222	-18,770	44,6900
5,4230	-18,772	44,6950
5,4221	-18,775	44,7000
5,4191	-18,777	44,7050
5,4282	-18,779	44,7100
5,4302	-18,781	44,7150
5,4250	-18,783	44,7200
5,4256	-18,785	44,7250
5,4188	-18,787	44,7300
5,4170	-18,789	44,7350
5,4252	-18,791	44,7400
5,4355	-18,793	44,7450
5,4289	-18,796	44,7500
5,4341	-18,798	44,7550
5,4433	-18,800	44,7600
5,4379	-18,802	44,7650
5,4334	-18,804	44,7700
5,4421	-18,806	44,7750
5,4388	-18,808	44,7800
5,4298	-18,810	44,7850
5,4337	-18,812	44,7900
5,4375	-18,814	44,7950
5,4392	-18,817	44,8000
5,4429	-18,819	44,8050
5,4393	-18,821	44,8100
5,4331	-18,823	44,8150
5,4394	-18,825	44,8200
5,4406	-18,827	44,8250
5,4353	-18,829	44,8300
5,4342	-18,831	44,8350
5,4434	-18,833	44,8400
5,4392	-18,835	44,8450
5,4374	-18,838	44,8500
5,4407	-18,840	44,8550
5,4400	-18,842	44,8600
5,4388	-18,844	44,8650
5,4474	-18,846	44,8700
5,4476	-18,848	44,8750
5,4381	-18,850	44,8800
5,4410	-18,852	44,8850
5,4389	-18,854	44,8900
5,4397	-18,856	44,8950
5,4484	-18,859	44,9000
5,4467	-18,861	44,9050
5,4350	-18,863	44,9100
5,4383	-18,865	44,9150
5,4459	-18,867	44,9200
5,4423	-18,869	44,9250
5,4432	-18,871	44,9300
5,4483	-18,873	44,9350
5,4388	-18,875	44,9400
5,4370	-18,877	44,9450
5,4530	-18,880	44,9500
5,4564	-18,882	44,9550
5,4527	-18,884	44,9600
5,4547	-18,886	44,9650
5,4441	-18,888	44,9700
5,4449	-18,890	44,9750
5,4514	-18,892	44,9800
5,4534	-18,894	44,9850
5,4472	-18,896	44,9900
5,4546	-18,898	44,9950
5,4542	-18,901	45,0000
5,4480	-18,903	45,0050
5,4540	-18,905	45,0100
5,4592	-18,907	45,0150
5,4451	-18,909	45,0200
5,4418	-18,911	45,0250
5,4495	-18,913	45,0300
5,4509	-18,915	45,0350
5,4525	-18,917	45,0400
5,4568	-18,919	45,0450
5,4559	-18,922	45,0500
5,4529	-18,924	45,0550
5,4583	-18,926	45,0600
5,4598	-18,928	45,0650
5,4535	-18,930	45,0700
5,4583	-18,932	45,0750
5,4633	-18,934	45,0800
5,4541	-18,936	45,0850
5,4584	-18,938	45,0900
5,4635	-18,940	45,0950
5,4505	-18,943	45,1000
5,4518	-18,945	45,1050
5,4653	-18,947	45,1100
5,4656	-18,949	45,1150
5,4620	-18,951	45,1200
5,4619	-18,953	45,1250
5,4561	-18,955	45,1300
5,4584	-18,957	45,1350
5,4657	-18,959	45,1400
5,4652	-18,961	45,1450
5,4559	-18,964	45,1500
5,4654	-18,966	45,1550
5,4759	-18,968	45,1600
5,4664	-18,970	45,1650
5,4609	-18,972	45,1700
5,4721	-18,974	45,1750
5,4693	-18,976	45,1800
5,4759	-18,978	45,1850
5,4793	-18,980	45,1900
5,4671	-18,982	45,1950
5,4628	-18,985	45,2000
5,4637	-18,987	45,2050
5,4654	-18,989	45,2100
5,4666	-18,991	45,2150
5,4751	-18,993	45,2200
5,4771	-18,995	45,2250
5,4718	-18,997	45,2300
5,4762	-18,999	45,2350
5,4723	-19,001	45,2400
5,4654	-19,003	45,2450
5,4745	-19,006	45,2500
5,4802	-19,008	45,2550
5,4812	-19,010	45,2600
5,4869	-19,012	45,2650
5,4898	-19,014	45,2700
5,4759	-19,016	45,2750
5,4787	-19,018	45,2800
5,4845	-19,020	45,2850
5,4739	-19,022	45,2900
5,4731	-19,024	45,2950
5,4738	-19,027	45,3000
5,4758	-19,029	45,3050
5,4811	-19,031	45,3100
5,4847	-19,033	45,3150
5,4799	-19,035	45,3200
5,4777	-19,037	45,3250
5,4804	-19,039	45,3300
5,4788	-19,041	45,3350
5,4758	-19,043	45,3400
5,4859	-19,045	45,3450
5,4879	-19,048	45,3500
5,4793	-19,050	45,3550
5,4772	-19,052	45,3600
5,4904	-19,054	45,3650
5,4938	-19,056	45,3700
5,4908	-19,058	45,3750
5,4941	-19,060	45,3800
5,4863	-19,062	45,3850
5,4813	-19,064	45,3900
5,4909	-19,066	45,3950
5,4960	-19,069	45,4000
5,4931	-19,071	45,4050
5,4992	-19,073	45,4100
5,4909	-19,075	45,4150
5,4855	-19,077	45,4200
5,4962	-19,079	45,4250
5,4954	-19,081	45,4300
5,4898	-19,083	45,4350
5,4967	-19,085	45,4400
5,4973	-19,087	45,4450
5,4974	-19,090	45,4500
5,4941	-19,092	45,4550
5,5002	-19,094	45,4600
5,4940	-19,096	45,4650
5,5022	-19,098	45,4700
5,5024	-19,100	45,4750
5,4903	-19,102	45,4800
5,4850	-19,104	45,4850
5,4908	-19,106	45,4900
5,4944	-19,108	45,4950
5,4906	-19,111	45,5000
5,4970	-19,113	45,5050
5,5001	-19,115	45,5100
5,4966	-19,117	45,5150
5,5031	-19,119	45,5200
5,5047	-19,121	45,5250
5,4971	-19,123	45,5300
5,5023	-19,125	45,5350
5,5029	-19,127	45,5400
5,4970	-19,129	45,5450
5,5013	-19,132	45,5500
5,5072	-19,134	45,5550
5,5087	-19,136	45,5600
5,5116	-19,138	45,5650
5,5083	-19,140	45,5700
5,5072	-19,142	45,5750
5,5056	-19,144	45,5800
5,5087	-19,146	45,5850
5,5034	-19,148	45,5900
5,5090	-19,150	45,5950
5,5183	-19,153	45,6000
5,5123	-19,155	45,6050
5,5078	-19,157	45,6100
5,5196	-19,159	45,6150
5,5168	-19,161	45,6200
5,5050	-19,163	45,6250
5,5097	-19,165	45,6300
5,5186	-19,167	45,6350
5,5135	-19,169	45,6400
5,5137	-19,171	45,6450
5,5180	-19,174	45,6500
5,5112	-19,176	45,6550
5,5131	-19,178	45,6600
5,5208	-19,180	45,6650
5,5168	-19,182	45,6700
5,5127	-19,184	45,6750
5,5172	-19,186	45,6800
5,5116	-19,188	45,6850
5,5105	-19,190	45,6900
5,5174	-19,192	45,6950
5,5133	-19,195	45,7000
5,5060	-19,197	45,7050
5,5146	-19,199	45,7100
5,5262	-19,201	45,7150
5,5205	-19,203	45,7200
5,5221	-19,205	45,7250
5,5300	-19,207	45,7300
5,5225	-19,209	45,7350
5,5147	-19,211	45,7400
5,5239	-19,213	45,7450
5,5270	-19,216	45,7500
5,5277	-19,218	45,7550
5,5314	-19,220	45,7600
5,5183	-19,222	45,7650
5,5141	-19,224	45,7700
5,5263	-19,226	45,7750
5,5295	-19,228	45,7800
5,5267	-19,230	45,7850
5,5304	-19,232	45,7900
5,5330	-19,234	45,7950
5,5270	-19,237	45,8000
5,5323	-19,239	45,8050
5,5388	-19,241	45,8100
5,5341	-19,243	45,8150
5,5362	-19,245	45,8200
5,5340	-19,247	45,8250
5,5302	-19,249	45,8300
5,5285	-19,251	45,8350
5,5342	-19,253	45,8400
5,5262	-19,255	45,8450
5,5215	-19,258	45,8500
5,5310	-19,260	45,8550
5,5304	-19,262	45,8600
5,5281	-19,264	45,8650
5,5422	-19,266	45,8700
5,5404	-19,268	45,8750
5,5320	-19,270	45,8800
5,5349	-19,272	45,8850
5,5345	-19,274	45,8900
5,5284	-19,276	45,8950
5,5376	-19,279	45,9000
5,5418	-19,281	45,9050
5,5385	-19,283	45,9100
5,5379	-19,285	45,9150
5,5375	-19,287	45,9200
5,5299	-19,289	45,9250
5,5303	-19,291	45,9300
5,5435	-19,293	45,9350
5,5479	-19,295	45,9400
5,5486	-19,297	45,9450
5,5506	-19,300	45,9500
5,5424	-19,302	45,9550
5,5332	-19,304	45,9600
5,5455	-19,306	45,9650
5,5458	-19,308	45,9700
5,5396	-19,310	45,9750
5,5402	-19,312	45,9800
5,5429	-19,314	45,9850
5,5344	-19,316	45,9900
5,5459	-19,318	45,9950
5,5447	-19,321	46,0000
5,5379	-19,323	46,0050
5,5427	-19,325	46,0100
5,5549	-19,327	46,0150
5,5511	-19,329	46,0200
5,5472	-19,331	46,0250
5,5499	-19,333	46,0300
5,5521	-19,335	46,0350
5,5519	-19,337	46,0400
5,5596	-19,339	46,0450
5,5575	-19,342	46,0500
5,5448	-19,344	46,0550
5,5513	-19,346	46,0600
5,5581	-19,348	46,0650
5,5590	-19,350	46,0700
5,5652	-19,352	46,0750
5,5608	-19,354	46,0800
5,5456	-19,356	46,0850
5,5486	-19,358	46,0900
5,5533	-19,360	46,0950
5,5447	-19,363	46,1000
5,5567	-19,365	46,1050
5,5667	-19,367	46,1100
5,5647	-19,369	46,1150
5,5601	-19,371	46,1200
5,5642	-19,373	46,1250
5,5638	-19,375	46,1300
5,5598	-19,377	46,1350
5,5642	-19,379	46,1400
5,5628	-19,381	46,1450
5,5587	-19,384	46,1500
5,5611	-19,386	46,1550
5,5595	-19,388	46,1600
5,5592	-19,390	46,1650
5,5683	-19,392	46,1700
5,5704	-19,394	46,1750
5,5533	-19,396	46,1800
5,5592	-19,398	46,1850
5,5663	-19,400	46,1900
5,5647	-19,402	46,1950
5,5674	-19,405	46,2000
5,5709	-19,407	46,2050
5,5633	-19,409	46,2100
5,5593	-19,411	46,2150
5,5699	-19,413	46,2200
5,5702	-19,415	46,2250
5,5708	-19,417	46,2300
5,5788	-19,419	46,2350
5,5721	-19,421	46,2400
5,5596	-19,423	46,2450
5,5686	-19,426	46,2500
5,5708	-19,428	46,2550
5,5751	-19,430	46,2600
5,5851	-19,432	46,2650
5,5949	-19,434	46,2700
5,5835	-19,436	46,2750
5,5715	-19,438	46,2800
5,5754	-19,440	46,2850
5,5771	-19,442	46,2900
5,5767	-19,444	46,2950
5,5814	-19,447	46,3000
5,5764	-19,449	46,3050
5,5766	-19,451	46,3100
5,5804	-19,453	46,3150
5,5795	-19,455	46,3200
5,5771	-19,457	46,3250
5,5832	-19,459	46,3300
5,5773	-19,461	46,3350
5,5682	-19,463	46,3400
5,5759	-19,465	46,3450
5,5849	-19,468	46,3500
5,5795	-19,470	46,3550
5,5800	-19,472	46,3600
5,5911	-19,474	46,3650
5,5854	-19,476	46,3700
5,5817	-19,478	46,3750
5,5849	-19,480	46,3800
5,5832	-19,482	46,3850
5,5853	-19,484	46,3900
5,5865	-19,486	46,3950
5,5767	-19,489	46,4000
5,5761	-19,491	46,4050
5,5840	-19,493	46,4100
5,5849	-19,495	46,4150
5,5846	-19,497	46,4200
5,5955	-19,499	46,4250
5,5891	-19,501	46,4300
5,5758	-19,503	46,4350
5,5876	-19,505	46,4400
5,5932	-19,507	46,4450
5,5865	-19,510	46,4500
5,5943	-19,512	46,4550
5,5938	-19,514	46,4600
5,5854	-19,516	46,4650
5,5965	-19,518	46,4700
5,5980	-19,520	46,4750
5,5872	-19,522	46,4800
5,5883	-19,524	46,4850
5,6003	-19,526	46,4900
5,5950	-19,528	46,4950
5,5841	-19,531	46,5000
5,5936	-19,533	46,5050
5,5960	-19,535	46,5100
5,5876	-19,537	46,5150
5,5908	-19,539	46,5200
5,5975	-19,541	46,5250
5,5871	-19,543	46,5300
5,5895	-19,545	46,5350
5,5993	-19,547	46,5400
5,6028	-19,549	46,5450
5,6047	-19,552	46,5500
5,6144	-19,554	46,5550
5,6054	-19,556	46,5600
5,5984	-19,558	46,5650
5,6000	-19,560	46,5700
5,6015	-19,562	46,5750
5,5977	-19,564	46,5800
5,6015	-19,566	46,5850
5,5945	-19,568	46,5900
5,5913	-19,570	46,5950
5,6035	-19,573	46,6000
5,6069	-19,575	46,6050
5,5978	-19,577	46,6100
5,5983	-19,579	46,6150
5,6050	-19,581	46,6200
5,6011	-19,583	46,6250
5,6019	-19,585	46,6300
5,6061	-19,587	46,6350
5,6109	-19,589	46,6400
5,6121	-19,591	46,6450
5,6132	-19,594	46,6500
5,6020	-19,596	46,6550
5,6066	-19,598	46,6600
5,6165	-19,600	46,6650
5,6126	-19,602	46,6700
5,6097	-19,604	46,6750
5,6177	-19,606	46,6800
5,6115	-19,608	46,6850
5,6093	-19,610	46,6900
5,6118	-19,612	46,6950
5,6169	-19,615	46,7000
5,6172	-19,617	46,7050
5,6270	-19,619	46,7100
5,6249	-19,621	46,7150
5,6111	-19,623	46,7200
5,6157	-19,625	46,7250
5,6262	-19,627	46,7300
5,6173	-19,629	46,7350
5,6072	-19,631	46,7400
5,6103	-19,633	46,7450
5,6070	-19,636	46,7500
5,6162	-19,638	46,7550
5,6271	-19,640	46,7600
5,6255	-19,642	46,7650
5,6239	-19,644	46,7700
5,6286	-19,646	46,7750
5,6254	-19,648	46,7800
5,6207	-19,650	46,7850
5,6263	-19,652	46,7900
5,6268	-19,654	46,7950
5,6163	-19,657	46,8000
5,6223	-19,659	46,8050
5,6256	-19,661	46,8100
5,6150	-19,663	46,8150
5,6284	-19,665	46,8200
5,6362	-19,667	46,8250
5,6273	-19,669	46,8300
5,6239	-19,671	46,8350
5,6365	-19,673	46,8400
5,6311	-19,675	46,8450
5,6246	-19,678	46,8500
5,6279	-19,680	46,8550
5,6251	-19,682	46,8600
5,6225	-19,684	46,8650
5,6288	-19,686	46,8700
5,6318	-19,688	46,8750
5,6290	-19,690	46,8800
5,6306	-19,692	46,8850
5,6322	-19,694	46,8900
5,6312	-19,696	46,8950
5,6365	-19,699	46,9000
5,6410	-19,701	46,9050
5,6358	-19,703	46,9100
5,6297	-19,705	46,9150
5,6323	-19,707	46,9200
5,6386	-19,709	46,9250
5,6410	-19,711	46,9300
5,6423	-19,713	46,9350
5,6424	-19,715	46,9400
5,6438	-19,717	46,9450
5,6468	-19,720	46,9500
5,6441	-19,722	46,9550
5,6401	-19,724	46,9600
5,6521	-19,726	46,9650
5,6507	-19,728	46,9700
5,6396	-19,730	46,9750
5,6397	-19,732	46,9800
5,6481	-19,734	46,9850
5,6471	-19,736	46,9900
5,6479	-19,738	46,9950
5,6440	-19,741	47,0000
5,6380	-19,743	47,0050
5,6354	-19,745	47,0100
5,6446	-19,747	47,0150
5,6423	-19,749	47,0200
5,6365	-19,751	47,0250
5,6453	-19,753	47,0300
5,6451	-19,755	47,0350
5,6458	-19,757	47,0400
5,6505	-19,759	47,0450
5,6508	-19,762	47,0500
5,6445	-19,764	47,0550
5,6515	-19,766	47,0600
5,6507	-19,768	47,0650
5,6480	-19,770	47,0700
5,6466	-19,772	47,0750
5,6494	-19,774	47,0800
5,6447	-19,776	47,0850
5,6561	-19,778	47,0900
5,6601	-19,780	47,0950
5,6486	-19,783	47,1000
5,6498	-19,785	47,1050
5,6540	-19,787	47,1100
5,6595	-19,789	47,1150
5,6623	-19,791	47,1200
5,6719	-19,793	47,1250
5,6686	-19,795	47,1300
5,6619	-19,797	47,1350
5,6651	-19,799	47,1400
5,6586	-19,801	47,1450
5,6548	-19,804	47,1500
5,6645	-19,806	47,1550
5,6590	-19,808	47,1600
5,6451	-19,810	47,1650
5,6543	-19,812	47,1700
5,6731	-19,814	47,1750
5,6655	-19,816	47,1800
5,6646	-19,818	47,1850
5,6646	-19,820	47,1900
5,6533	-19,822	47,1950
5,6598	-19,825	47,2000
5,6682	-19,827	47,2050
5,6634	-19,829	47,2100
5,6593	-19,831	47,2150
5,6742	-19,833	47,2200
5,6683	-19,835	47,2250
5,6633	-19,837	47,2300
5,6726	-19,839	47,2350
5,6769	-19,841	47,2400
5,6703	-19,843	47,2450
5,6710	-19,846	47,2500
5,6708	-19,848	47,2550
5,6620	-19,850	47,2600
5,6583	-19,852	47,2650
5,6716	-19,854	47,2700
5,6663	-19,856	47,2750
5,6692	-19,858	47,2800
5,6821	-19,860	47,2850
5,6763	-19,862	47,2900
5,6692	-19,864	47,2950
5,6771	-19,867	47,3000
5,6781	-19,869	47,3050
5,6771	-19,871	47,3100
5,6781	-19,873	47,3150
5,6720	-19,875	47,3200
5,6696	-19,877	47,3250
5,6753	-19,879	47,3300
5,6733	-19,881	47,3350
5,6703	-19,883	47,3400
5,6828	-19,885	47,3450
5,6847	-19,888	47,3500
5,6751	-19,890	47,3550
5,6754	-19,892	47,3600
5,6830	-19,894	47,3650
5,6808	-19,896	47,3700
5,6782	-19,898	47,3750
5,6813	-19,900	47,3800
5,6763	-19,902	47,3850
5,6655	-19,904	47,3900
5,6740	-19,906	47,3950
5,6794	-19,909	47,4000
5,6781	-19,911	47,4050
5,6866	-19,913	47,4100
5,6877	-19,915	47,4150
5,6826	-19,917	47,4200
5,6842	-19,919	47,4250
5,6853	-19,921	47,4300
5,6797	-19,923	47,4350
5,6843	-19,925	47,4400
5,6872	-19,927	47,4450
5,6807	-19,930	47,4500
5,6846	-19,932	47,4550
5,7007	-19,934	47,4600
5,6925	-19,936	47,4650
5,6865	-19,938	47,4700
5,6889	-19,940	47,4750
5,6886	-19,942	47,4800
5,6903	-19,944	47,4850
5,6986	-19,946	47,4900
5,6994	-19,948	47,4950
5,6973	-19,951	47,5000
5,6982	-19,953	47,5050
5,6928	-19,955	47,5100
5,6899	-19,957	47,5150
5,6930	-19,959	47,5200
5,6909	-19,961	47,5250
5,6858	-19,963	47,5300
5,6948	-19,965	47,5350
5,6959	-19,967	47,5400
5,6924	-19,969	47,5450
5,6958	-19,972	47,5500
5,6993	-19,974	47,5550
5,6918	-19,976	47,5600
5,6963	-19,978	47,5650
5,7051	-19,980	47,5700
5,6983	-19,982	47,5750
5,6931	-19,984	47,5800
5,6950	-19,986	47,5850
5,6946	-19,988	47,5900
5,6944	-19,990	47,5950
5,7064	-19,993	47,6000
5,7079	-19,995	47,6050
5,6997	-19,997	47,6100
5,6984	-19,999	47,6150
5,6940	-20,001	47,6200
5,6961	-20,003	47,6250
5,7117	-20,005	47,6300
5,7154	-20,007	47,6350
5,6995	-20,009	47,6400
5,7028	-20,011	47,6450
5,7126	-20,014	47,6500
5,7086	-20,016	47,6550
5,7089	-20,018	47,6600
5,7109	-20,020	47,6650
5,7032	-20,022	47,6700
5,7024	-20,024	47,6750
5,7111	-20,026	47,6800
5,7182	-20,028	47,6850
5,7184	-20,030	47,6900
5,7182	-20,032	47,6950
5,7130	-20,035	47,7000
5,7020	-20,037	47,7050
5,7114	-20,039	47,7100
5,7161	-20,041	47,7150
5,7077	-20,043	47,7200
5,7109	-20,045	47,7250
5,7146	-20,047	47,7300
5,7133	-20,049	47,7350
5,7166	-20,051	47,7400
5,7215	-20,053	47,7450
5,7152	-20,056	47,7500
5,7191	-20,058	47,7550
5,7254	-20,060	47,7600
5,7217	-20,062	47,7650
5,7179	-20,064	47,7700
5,7241	-20,066	47,7750
5,7203	-20,068	47,7800
5,7153	-20,070	47,7850
5,7223	-20,072	47,7900
5,7226	-20,074	47,7950
5,7152	-20,077	47,8000
5,7239	-20,079	47,8050
5,7200	-20,081	47,8100
5,7175	-20,083	47,8150
5,7262	-20,085	47,8200
5,7293	-20,087	47,8250
5,7276	-20,089	47,8300
5,7260	-20,091	47,8350
5,7285	-20,093	47,8400
5,7222	-20,095	47,8450
5,7226	-20,098	47,8500
5,7310	-20,100	47,8550
5,7236	-20,102	47,8600
5,7195	-20,104	47,8650
5,7329	-20,106	47,8700
5,7317	-20,108	47,8750
5,7279	-20,110	47,8800
5,7345	-20,112	47,8850
5,7366	-20,114	47,8900
5,7327	-20,116	47,8950
5,7366	-20,119	47,9000
5,7277	-20,121	47,9050
5,7233	-20,123	47,9100
5,7302	-20,125	47,9150
5,7357	-20,127	47,9200
5,7278	-20,129	47,9250
5,7296	-20,131	47,9300
5,7411	-20,133	47,9350
5,7354	-20,135	47,9400
5,7275	-20,137	47,9450
5,7385	-20,140	47,9500
5,7379	-20,142	47,9550
5,7372	-20,144	47,9600
5,7481	-20,146	47,9650
5,7436	-20,148	47,9700
5,7411	-20,150	47,9750
5,7429	-20,152	47,9800
5,7431	-20,154	47,9850
5,7352	-20,156	47,9900
5,7392	-20,159	47,9950
5,7471	-20,161	48,0000
5,7435	-20,163	48,0050
5,7452	-20,165	48,0100
5,7466	-20,167	48,0150
5,7403	-20,169	48,0200
5,7411	-20,171	48,0250
5,7473	-20,173	48,0300
5,7377	-20,175	48,0350
5,7355	-20,177	48,0400
5,7411	-20,180	48,0450
5,7424	-20,182	48,0500
5,7437	-20,184	48,0550
5,7511	-20,186	48,0600
5,7506	-20,188	48,0650
5,7500	-20,190	48,0700
5,7529	-20,192	48,0750
5,7484	-20,194	48,0800
5,7399	-20,196	48,0850
5,7480	-20,198	48,0900
5,7523	-20,201	48,0950
5,7491	-20,203	48,1000
5,7530	-20,205	48,1050
5,7598	-20,207	48,1100
5,7601	-20,209	48,1150
5,7569	-20,211	48,1200
5,7623	-20,213	48,1250
5,7586	-20,215	48,1300
5,7519	-20,217	48,1350
5,7535	-20,219	48,1400
5,7550	-20,222	48,1450
5,7541	-20,224	48,1500
5,7569	-20,226	48,1550
5,7527	-20,228	48,1600
5,7589	-20,230	48,1650
5,7601	-20,232	48,1700
5,7604	-20,234	48,1750
5,7526	-20,236	48,1800
5,7524	-20,238	48,1850
5,7595	-20,240	48,1900
5,7546	-20,243	48,1950
5,7525	-20,245	48,2000
5,7635	-20,247	48,2050
5,7669	-20,249	48,2100
5,7632	-20,251	48,2150
5,7668	-20,253	48,2200
5,7613	-20,255	48,2250
5,7607	-20,257	48,2300
5,7647	-20,259	48,2350
5,7633	-20,261	48,2400
5,7580	-20,264	48,2450
5,7593	-20,266	48,2500
5,7627	-20,268	48,2550
5,7617	-20,270	48,2600
5,7648	-20,272	48,2650
5,7718	-20,274	48,2700
5,7649	-20,276	48,2750
5,7681	-20,278	48,2800
5,7672	-20,280	48,2850
5,7636	-20,282	48,2900
5,7709	-20,285	48,2950
5,7715	-20,287	48,3000
5,7675	-20,289	48,3050
5,7691	-20,291	48,3100
5,7794	-20,293	48,3150
5,7749	-20,295	48,3200
5,7708	-20,297	48,3250
5,7751	-20,299	48,3300
5,7785	-20,301	48,3350
5,7739	-20,303	48,3400
5,7760	-20,306	48,3450
5,7728	-20,308	48,3500
5,7683	-20,310	48,3550
5,7726	-20,312	48,3600
5,7789	-20,314	48,3650
5,7754	-20,316	48,3700
5,7820	-20,318	48,3750
5,7812	-20,320	48,3800
5,7686	-20,322	48,3850
5,7713	-20,324	48,3900
5,7852	-20,327	48,3950
5,7840	-20,329	48,4000
5,7767	-20,331	48,4050
5,7852	-20,333	48,4100
5,7885	-20,335	48,4150
5,7807	-20,337	48,4200
5,7814	-20,339	48,4250
5,7829	-20,341	48,4300
5,7802	-20,343	48,4350
5,7904	-20,345	48,4400
5,7940	-20,348	48,4450
5,7851	-20,350	48,4500
5,7839	-20,352	48,4550
5,7874	-20,354	48,4600
5,7743	-20,356	48,4650
5,7805	-20,358	48,4700
5,7870	-20,360	48,4750
5,7747	-20,362	48,4800
5,7766	-20,364	48,4850
5,7858	-20,366	48,4900
5,7845	-20,369	48,4950
5,7883	-20,371	48,5000
5,7974	-20,373	48,5050
5,7934	-20,375	48,5100
5,7903	-20,377	48,5150
5,7986	-20,379	48,5200
5,7989	-20,381	48,5250
5,7888	-20,383	48,5300
5,7879	-20,385	48,5350
5,7913	-20,387	48,5400
5,7981	-20,390	48,5450
5,8015	-20,392	48,5500
5,8010	-20,394	48,5550
5,7881	-20,396	48,5600
5,7879	-20,398	48,5650
5,7938	-20,400	48,5700
5,7877	-20,402	48,5750
5,7892	-20,404	48,5800
5,7988	-20,406	48,5850
5,7993	-20,408	48,5900
5,7930	-20,411	48,5950
5,7923	-20,413	48,6000
5,7886	-20,415	48,6050
5,7938	-20,417	48,6100
5,7967	-20,419	48,6150
5,7928	-20,421	48,6200
5,7843	-20,423	48,6250
5,7908	-20,425	48,6300
5,7980	-20,427	48,6350
5,7948	-20,429	48,6400
5,7939	-20,432	48,6450
5,7979	-20,434	48,6500
5,7944	-20,436	48,6550
5,7990	-20,438	48,6600
5,8061	-20,440	48,6650
5,8024	-20,442	48,6700
5,8044	-20,444	48,6750
5,8080	-20,446	48,6800
5,7962	-20,448	48,6850
5,7936	-20,450	48,6900
5,8081	-20,453	48,6950
5,8117	-20,455	48,7000
5,8043	-20,457	48,7050
5,8120	-20,459	48,7100
5,8130	-20,461	48,7150
5,8011	-20,463	48,7200
5,8049	-20,465	48,7250
5,8038	-20,467	48,7300
5,8030	-20,469	48,7350
5,8091	-20,471	48,7400
5,8176	-20,474	48,7450
5,8060	-20,476	48,7500
5,8048	-20,478	48,7550
5,8076	-20,480	48,7600
5,8059	-20,482	48,7650
5,8064	-20,484	48,7700
5,8160	-20,486	48,7750
5,8154	-20,488	48,7800
5,8135	-20,490	48,7850
5,8200	-20,492	48,7900
5,8212	-20,495	48,7950
5,8172	-20,497	48,8000
5,8257	-20,499	48,8050
5,8218	-20,501	48,8100
5,8080	-20,503	48,8150
5,8140	-20,505	48,8200
5,8236	-20,507	48,8250
5,8220	-20,509	48,8300
5,8146	-20,511	48,8350
5,8169	-20,513	48,8400
5,8136	-20,516	48,8450
5,8203	-20,518	48,8500
5,8288	-20,520	48,8550
5,8252	-20,522	48,8600
5,8199	-20,524	48,8650
5,8281	-20,526	48,8700
5,8246	-20,528	48,8750
5,8212	-20,530	48,8800
5,8326	-20,532	48,8850
5,8324	-20,534	48,8900
5,8274	-20,537	48,8950
5,8362	-20,539	48,9000
5,8371	-20,541	48,9050
5,8232	-20,543	48,9100
5,8273	-20,545	48,9150
5,8278	-20,547	48,9200
5,8198	-20,549	48,9250
5,8267	-20,551	48,9300
5,8358	-20,553	48,9350
5,8278	-20,555	48,9400
5,8243	-20,558	48,9450
5,8313	-20,560	48,9500
5,8291	-20,562	48,9550
5,8288	-20,564	48,9600
5,8375	-20,566	48,9650
5,8367	-20,568	48,9700
5,8260	-20,570	48,9750
5,8289	-20,572	48,9800
5,8323	-20,574	48,9850
5,8333	-20,576	48,9900
5,8417	-20,579	48,9950
5,8425	-20,581	49,0000
5,8304	-20,583	49,0050
5,8353	-20,585	49,0100
5,8391	-20,587	49,0150
5,8395	-20,589	49,0200
5,8363	-20,591	49,0250
5,8413	-20,593	49,0300
5,8327	-20,595	49,0350
5,8236	-20,597	49,0400
5,8373	-20,600	49,0450
5,8406	-20,602	49,0500
5,8422	-20,604	49,0550
5,8504	-20,606	49,0600
5,8437	-20,608	49,0650
5,8318	-20,610	49,0700
5,8382	-20,612	49,0750
5,8383	-20,614	49,0800
5,8320	-20,616	49,0850
5,8418	-20,618	49,0900
5,8470	-20,621	49,0950
5,8358	-20,623	49,1000
5,8428	-20,625	49,1050
5,8482	-20,627	49,1100
5,8466	-20,629	49,1150
5,8504	-20,631	49,1200
5,8647	-20,633	49,1250
5,8555	-20,635	49,1300
5,8451	-20,637	49,1350
5,8489	-20,639	49,1400
5,8471	-20,642	49,1450
5,8408	-20,644	49,1500
5,8487	-20,646	49,1550
5,8482	-20,648	49,1600
5,8440	-20,650	49,1650
5,8479	-20,652	49,1700
5,8521	-20,654	49,1750
5,8476	-20,656	49,1800
5,8533	-20,658	49,1850
5,8543	-20,660	49,1900
5,8496	-20,663	49,1950
5,8539	-20,665	49,2000
5,8608	-20,667	49,2050
5,8570	-20,669	49,2100
5,8537	-20,671	49,2150
5,8568	-20,673	49,2200
5,8477	-20,675	49,2250
5,8486	-20,677	49,2300
5,8597	-20,679	49,2350
5,8548	-20,681	49,2400
5,8481	-20,684	49,2450
5,8573	-20,686	49,2500
5,8556	-20,688	49,2550
5,8522	-20,690	49,2600
5,8562	-20,692	49,2650
5,8674	-20,694	49,2700
5,8636	-20,696	49,2750
5,8668	-20,698	49,2800
5,8694	-20,700	49,2850
5,8556	-20,702	49,2900
5,8467	-20,705	49,2950
5,8620	-20,707	49,3000
5,8724	-20,709	49,3050
5,8719	-20,711	49,3100
5,8677	-20,713	49,3150
5,8650	-20,715	49,3200
5,8652	-20,717	49,3250
5,8705	-20,719	49,3300
5,8636	-20,721	49,3350
5,8594	-20,723	49,3400
5,8768	-20,726	49,3450
5,8733	-20,728	49,3500
5,8627	-20,730	49,3550
5,8657	-20,732	49,3600
5,8763	-20,734	49,3650
5,8715	-20,736	49,3700
5,8748	-20,738	49,3750
5,8770	-20,740	49,3800
5,8695	-20,742	49,3850
5,8643	-20,744	49,3900
5,8723	-20,747	49,3950
5,8805	-20,749	49,4000
5,8825	-20,751	49,4050
5,8844	-20,753	49,4100
5,8783	-20,755	49,4150
5,8731	-20,757	49,4200
5,8807	-20,759	49,4250
5,8876	-20,761	49,4300
5,8749	-20,763	49,4350
5,8802	-20,765	49,4400
5,8911	-20,768	49,4450
5,8851	-20,770	49,4500
5,8806	-20,772	49,4550
5,8858	-20,774	49,4600
5,8795	-20,776	49,4650
5,8874	-20,778	49,4700
5,8943	-20,780	49,4750
5,8880	-20,782	49,4800
5,8831	-20,784	49,4850
5,8891	-20,786	49,4900
5,8891	-20,789	49,4950
5,8845	-20,791	49,5000
5,8834	-20,793	49,5050
5,8799	-20,795	49,5100
5,8755	-20,797	49,5150
5,8798	-20,799	49,5200
5,8779	-20,801	49,5250
5,8778	-20,803	49,5300
5,8875	-20,805	49,5350
5,8893	-20,807	49,5400
5,8826	-20,810	49,5450
5,8896	-20,812	49,5500
5,8929	-20,814	49,5550
5,8865	-20,816	49,5600
5,8940	-20,818	49,5650
5,8977	-20,820	49,5700
5,8937	-20,822	49,5750
5,8938	-20,824	49,5800
5,8976	-20,826	49,5850
5,8881	-20,828	49,5900
5,8861	-20,831	49,5950
5,8959	-20,833	49,6000
5,8973	-20,835	49,6050
5,8901	-20,837	49,6100
5,8968	-20,839	49,6150
5,8975	-20,841	49,6200
5,8986	-20,843	49,6250
5,9033	-20,845	49,6300
5,9014	-20,847	49,6350
5,8896	-20,849	49,6400
5,8820	-20,852	49,6450
5,8925	-20,854	49,6500
5,8994	-20,856	49,6550
5,9020	-20,858	49,6600
5,9054	-20,860	49,6650
5,9023	-20,862	49,6700
5,8997	-20,864	49,6750
5,9046	-20,866	49,6800
5,8993	-20,868	49,6850
5,8960	-20,870	49,6900
5,9026	-20,873	49,6950
5,9040	-20,875	49,7000
5,8941	-20,877	49,7050
5,8996	-20,879	49,7100
5,9085	-20,881	49,7150
5,9007	-20,883	49,7200
5,9025	-20,885	49,7250
5,9080	-20,887	49,7300
5,9031	-20,889	49,7350
5,9053	-20,891	49,7400
5,9098	-20,894	49,7450
5,9039	-20,896	49,7500
5,9042	-20,898	49,7550
5,9113	-20,900	49,7600
5,9088	-20,902	49,7650
5,9036	-20,904	49,7700
5,9183	-20,906	49,7750
5,9230	-20,908	49,7800
5,9147	-20,910	49,7850
5,9159	-20,912	49,7900
5,9123	-20,915	49,7950
5,8991	-20,917	49,8000
5,9093	-20,919	49,8050
5,9126	-20,921	49,8100
5,9053	-20,923	49,8150
5,9135	-20,925	49,8200
5,9180	-20,927	49,8250
5,9156	-20,929	49,8300
5,9154	-20,931	49,8350
5,9227	-20,933	49,8400
5,9213	-20,936	49,8450
5,9181	-20,938	49,8500
5,9237	-20,940	49,8550
5,9196	-20,942	49,8600
5,9126	-20,944	49,8650
5,9230	-20,946	49,8700
5,9220	-20,948	49,8750
5,9188	-20,950	49,8800
5,9220	-20,952	49,8850
5,9173	-20,954	49,8900
5,9070	-20,957	49,8950
5,9124	-20,959	49,9000
5,9187	-20,961	49,9050
5,9108	-20,963	49,9100
5,9177	-20,965	49,9150
5,9228	-20,967	49,9200
5,9130	-20,969	49,9250
5,9187	-20,971	49,9300
5,9283	-20,973	49,9350
5,9297	-20,975	49,9400
5,9252	-20,978	49,9450
5,9256	-20,980	49,9500
5,9279	-20,982	49,9550
5,9300	-20,984	49,9600
5,9336	-20,986	49,9650
5,9316	-20,988	49,9700
5,9359	-20,990	49,9750
5,9413	-20,992	49,9800
5,9339	-20,994	49,9850
5,9250	-20,996	49,9900
5,9356	-20,999	49,9950
5,9378	-21,001	50,0000
5,9272	-21,003	50,0050
5,9262	-21,005	50,0100
5,9361	-21,007	50,0150
5,9343	-21,009	50,0200
5,9346	-21,011	50,0250
5,9390	-21,013	50,0300
5,9364	-21,015	50,0350
5,9387	-21,017	50,0400
5,9436	-21,020	50,0450
5,9363	-21,022	50,0500
5,9318	-21,024	50,0550
5,9431	-21,026	50,0600
5,9465	-21,028	50,0650
5,9391	-21,030	50,0700
5,9343	-21,032	50,0750
5,9322	-21,034	50,0800
5,9296	-21,036	50,0850
5,9416	-21,038	50,0900
5,9462	-21,041	50,0950
5,9383	-21,043	50,1000
5,9366	-21,045	50,1050
5,9455	-21,047	50,1100
5,9485	-21,049	50,1150
5,9462	-21,051	50,1200
5,9566	-21,053	50,1250
5,9469	-21,055	50,1300
5,9428	-21,057	50,1350
5,9471	-21,059	50,1400
5,9386	-21,062	50,1450
5,9386	-21,064	50,1500
5,9572	-21,066	50,1550
5,9566	-21,068	50,1600
5,9478	-21,070	50,1650
5,9500	-21,072	50,1700
5,9485	-21,074	50,1750
5,9360	-21,076	50,1800
5,9464	-21,078	50,1850
5,9486	-21,080	50,1900
5,9389	-21,083	50,1950
5,9435	-21,085	50,2000
5,9546	-21,087	50,2050
5,9511	-21,089	50,2100
5,9543	-21,091	50,2150
5,9581	-21,093	50,2200
5,9508	-21,095	50,2250
5,9518	-21,097	50,2300
5,9620	-21,099	50,2350
5,9518	-21,101	50,2400
5,9478	-21,104	50,2450
5,9573	-21,106	50,2500
5,9570	-21,108	50,2550
5,9550	-21,110	50,2600
5,9578	-21,112	50,2650
5,9586	-21,114	50,2700
5,9475	-21,116	50,2750
5,9506	-21,118	50,2800
5,9583	-21,120	50,2850
5,9530	-21,122	50,2900
5,9586	-21,125	50,2950
5,9699	-21,127	50,3000
5,9632	-21,129	50,3050
5,9527	-21,131	50,3100
5,9551	-21,133	50,3150
5,9624	-21,135	50,3200
5,9591	-21,137	50,3250
5,9683	-21,139	50,3300
5,9669	-21,141	50,3350
5,9592	-21,143	50,3400
5,9680	-21,146	50,3450
5,9616	-21,148	50,3500
5,9590	-21,150	50,3550
5,9623	-21,152	50,3600
5,9654	-21,154	50,3650
5,9580	-21,156	50,3700
5,9646	-21,158	50,3750
5,9728	-21,160	50,3800
5,9624	-21,162	50,3850
5,9638	-21,164	50,3900
5,9726	-21,167	50,3950
5,9630	-21,169	50,4000
5,9622	-21,171	50,4050
5,9720	-21,173	50,4100
5,9729	-21,175	50,4150
5,9672	-21,177	50,4200
5,9749	-21,179	50,4250
5,9689	-21,181	50,4300
5,9622	-21,183	50,4350
5,9749	-21,185	50,4400
5,9837	-21,188	50,4450
5,9781	-21,190	50,4500
5,9716	-21,192	50,4550
5,9805	-21,194	50,4600
5,9705	-21,196	50,4650
5,9721	-21,198	50,4700
5,9768	-21,200	50,4750
5,9626	-21,202	50,4800
5,9623	-21,204	50,4850
5,9764	-21,206	50,4900
5,9821	-21,209	50,4950
5,9823	-21,211	50,5000
5,9850	-21,213	50,5050
5,9809	-21,215	50,5100
5,9754	-21,217	50,5150
5,9815	-21,219	50,5200
5,9795	-21,221	50,5250
5,9679	-21,223	50,5300
5,9804	-21,225	50,5350
5,9893	-21,227	50,5400
5,9893	-21,230	50,5450
5,9868	-21,232	50,5500
5,9936	-21,234	50,5550
5,9843	-21,236	50,5600
5,9863	-21,238	50,5650
5,9946	-21,240	50,5700
5,9907	-21,242	50,5750
5,9834	-21,244	50,5800
5,9863	-21,246	50,5850
5,9809	-21,248	50,5900
5,9806	-21,251	50,5950
5,9960	-21,253	50,6000
5,9912	-21,255	50,6050
5,9840	-21,257	50,6100
5,9888	-21,259	50,6150
5,9869	-21,261	50,6200
5,9788	-21,263	50,6250
5,9918	-21,265	50,6300
5,9960	-21,267	50,6350
5,9896	-21,269	50,6400
5,9923	-21,272	50,6450
6,0011	-21,274	50,6500
5,9940	-21,276	50,6550
5,9934	-21,278	50,6600
5,9968	-21,280	50,6650
5,9907	-21,282	50,6700
5,9911	-21,284	50,6750
6,0035	-21,286	50,6800
6,0008	-21,288	50,6850
5,9914	-21,290	50,6900
5,9960	-21,293	50,6950
6,0001	-21,295	50,7000
5,9981	-21,297	50,7050
6,0069	-21,299	50,7100
6,0083	-21,301	50,7150
6,0005	-21,303	50,7200
6,0121	-21,305	50,7250
6,0128	-21,307	50,7300
5,9982	-21,309	50,7350
6,0002	-21,311	50,7400
6,0088	-21,314	50,7450
6,0035	-21,316	50,7500
6,0007	-21,318	50,7550
6,0049	-21,320	50,7600
6,0023	-21,322	50,7650
5,9995	-21,324	50,7700
6,0120	-21,326	50,7750
6,0092	-21,328	50,7800
5,9949	-21,330	50,7850
5,9989	-21,332	50,7900
6,0035	-21,335	50,7950
6,0019	-21,337	50,8000
6,0096	-21,339	50,8050
6,0171	-21,341	50,8100
6,0097	-21,343	50,8150
6,0113	-21,345	50,8200
6,0089	-21,347	50,8250
5,9978	-21,349	50,8300
6,0030	-21,351	50,8350
6,0150	-21,353	50,8400
6,0099	-21,356	50,8450
6,0073	-21,358	50,8500
6,0127	-21,360	50,8550
6,0092	-21,362	50,8600
6,0124	-21,364	50,8650
6,0199	-21,366	50,8700
6,0119	-21,368	50,8750
6,0060	-21,370	50,8800
6,0110	-21,372	50,8850
6,0172	-21,374	50,8900
6,0138	-21,377	50,8950
6,0178	-21,379	50,9000
6,0157	-21,381	50,9050
6,0007	-21,383	50,9100
6,0026	-21,385	50,9150
6,0168	-21,387	50,9200
6,0223	-21,389	50,9250
6,0208	-21,391	50,9300
6,0235	-21,393	50,9350
6,0153	-21,395	50,9400
6,0141	-21,398	50,9450
6,0250	-21,400	50,9500
6,0185	-21,402	50,9550
6,0136	-21,404	50,9600
6,0260	-21,406	50,9650
6,0265	-21,408	50,9700
6,0217	-21,410	50,9750
6,0276	-21,412	50,9800
6,0329	-21,414	50,9850
6,0267	-21,416	50,9900
6,0233	-21,419	50,9950
6,0261	-21,421	51,0000
6,0219	-21,423	51,0050
6,0187	-21,425	51,0100
6,0323	-21,427	51,0150
6,0278	-21,429	51,0200
6,0201	-21,431	51,0250
6,0280	-21,433	51,0300
6,0290	-21,435	51,0350
6,0211	-21,437	51,0400
6,0253	-21,440	51,0450
6,0226	-21,442	51,0500
6,0241	-21,444	51,0550
6,0392	-21,446	51,0600
6,0379	-21,448	51,0650
6,0352	-21,450	51,0700
6,0385	-21,452	51,0750
6,0347	-21,454	51,0800
6,0265	-21,456	51,0850
6,0288	-21,458	51,0900
6,0300	-21,461	51,0950
6,0243	-21,463	51,1000
6,0264	-21,465	51,1050
6,0386	-21,467	51,1100
6,0390	-21,469	51,1150
6,0340	-21,471	51,1200
6,0426	-21,473	51,1250
6,0425	-21,475	51,1300
6,0386	-21,477	51,1350
6,0482	-21,479	51,1400
6,0500	-21,482	51,1450
6,0478	-21,484	51,1500
6,0530	-21,486	51,1550
6,0523	-21,488	51,1600
6,0443	-21,490	51,1650
6,0463	-21,492	51,1700
6,0536	-21,494	51,1750
6,0430	-21,496	51,1800
6,0428	-21,498	51,1850
6,0477	-21,500	51,1900
6,0402	-21,503	51,1950
6,0351	-21,505	51,2000
6,0346	-21,507	51,2050
6,0390	-21,509	51,2100
6,0405	-21,511	51,2150
6,0492	-21,513	51,2200
6,0486	-21,515	51,2250
6,0459	-21,517	51,2300
6,0525	-21,519	51,2350
6,0447	-21,521	51,2400
6,0462	-21,524	51,2450
6,0593	-21,526	51,2500
6,0590	-21,528	51,2550
6,0497	-21,530	51,2600
6,0493	-21,532	51,2650
6,0515	-21,534	51,2700
6,0479	-21,536	51,2750
6,0550	-21,538	51,2800
6,0630	-21,540	51,2850
6,0569	-21,542	51,2900
6,0541	-21,545	51,2950
6,0551	-21,547	51,3000
6,0535	-21,549	51,3050
6,0545	-21,551	51,3100
6,0564	-21,553	51,3150
6,0469	-21,555	51,3200
6,0423	-21,557	51,3250
6,0577	-21,559	51,3300
6,0622	-21,561	51,3350
6,0632	-21,563	51,3400
6,0695	-21,566	51,3450
6,0683	-21,568	51,3500
6,0602	-21,570	51,3550
6,0528	-21,572	51,3600
6,0587	-21,574	51,3650
6,0549	-21,576	51,3700
6,0564	-21,578	51,3750
6,0630	-21,580	51,3800
6,0596	-21,582	51,3850
6,0614	-21,584	51,3900
6,0642	-21,587	51,3950
6,0575	-21,589	51,4000
6,0686	-21,591	51,4050
6,0727	-21,593	51,4100
6,0708	-21,595	51,4150
6,0641	-21,597	51,4200
6,0695	-21,599	51,4250
6,0700	-21,601	51,4300
6,0709	-21,603	51,4350
6,0781	-21,605	51,4400
6,0733	-21,608	51,4450
6,0633	-21,610	51,4500
6,0605	-21,612	51,4550
6,0681	-21,614	51,4600
6,0670	-21,616	51,4650
6,0705	-21,618	51,4700
6,0756	-21,620	51,4750
6,0706	-21,622	51,4800
6,0658	-21,624	51,4850
6,0793	-21,626	51,4900
6,0800	-21,629	51,4950
6,0760	-21,631	51,5000
6,0839	-21,633	51,5050
6,0767	-21,635	51,5100
6,0668	-21,637	51,5150
6,0691	-21,639	51,5200
6,0686	-21,641	51,5250
6,0646	-21,643	51,5300
6,0754	-21,645	51,5350
6,0755	-21,647	51,5400
6,0755	-21,650	51,5450
6,0790	-21,652	51,5500
6,0897	-21,654	51,5550
6,0807	-21,656	51,5600
6,0766	-21,658	51,5650
6,0790	-21,660	51,5700
6,0767	-21,662	51,5750
6,0759	-21,664	51,5800
6,0830	-21,666	51,5850
6,0791	-21,668	51,5900
6,0788	-21,671	51,5950
6,0864	-21,673	51,6000
6,0880	-21,675	51,6050
6,0813	-21,677	51,6100
6,0947	-21,679	51,6150
6,0930	-21,681	51,6200
6,0841	-21,683	51,6250
6,0921	-21,685	51,6300
6,0880	-21,687	51,6350
6,0759	-21,689	51,6400
6,0771	-21,692	51,6450
6,0917	-21,694	51,6500
6,0876	-21,696	51,6550
6,0907	-21,698	51,6600
6,0959	-21,700	51,6650
6,0873	-21,702	51,6700
6,0843	-21,704	51,6750
6,0975	-21,706	51,6800
6,0999	-21,708	51,6850
6,0963	-21,710	51,6900
6,1018	-21,713	51,6950
6,0972	-21,715	51,7000
6,0862	-21,717	51,7050
6,0893	-21,719	51,7100
6,0919	-21,721	51,7150
6,0865	-21,723	51,7200
6,0901	-21,725	51,7250
6,0986	-21,727	51,7300
6,1032	-21,729	51,7350
6,1002	-21,731	51,7400
6,0942	-21,734	51,7450
6,0861	-21,736	51,7500
6,0927	-21,738	51,7550
6,1011	-21,740	51,7600
6,0937	-21,742	51,7650
6,0923	-21,744	51,7700
6,1054	-21,746	51,7750
6,1084	-21,748	51,7800
6,1066	-21,750	51,7850
6,1046	-21,752	51,7900
6,0972	-21,755	51,7950
6,0979	-21,757	51,8000
6,1071	-21,759	51,8050
6,1053	-21,761	51,8100
6,0977	-21,763	51,8150
6,1056	-21,765	51,8200
6,1154	-21,767	51,8250
6,1113	-21,769	51,8300
6,1047	-21,771	51,8350
6,1038	-21,773	51,8400
6,1001	-21,776	51,8450
6,1036	-21,778	51,8500
6,1128	-21,780	51,8550
6,1089	-21,782	51,8600
6,1064	-21,784	51,8650
6,1141	-21,786	51,8700
6,1053	-21,788	51,8750
6,0978	-21,790	51,8800
6,1032	-21,792	51,8850
6,1156	-21,794	51,8900
6,1067	-21,797	51,8950
6,1070	-21,799	51,9000
6,1097	-21,801	51,9050
6,1054	-21,803	51,9100
6,1074	-21,805	51,9150
6,1156	-21,807	51,9200
6,1126	-21,809	51,9250
6,1127	-21,811	51,9300
6,1191	-21,813	51,9350
6,1159	-21,815	51,9400
6,1176	-21,818	51,9450
6,1211	-21,820	51,9500
6,1051	-21,822	51,9550
6,1009	-21,824	51,9600
6,1121	-21,826	51,9650
6,1154	-21,828	51,9700
6,1136	-21,830	51,9750
6,1213	-21,832	51,9800
6,1245	-21,834	51,9850
6,1121	-21,836	51,9900
6,1126	-21,839	51,9950
6,1161	-21,841	52,0000
6,1191	-21,843	52,0050
6,1278	-21,845	52,0100
6,1322	-21,847	52,0150
6,1236	-21,849	52,0200
6,1197	-21,851	52,0250
6,1289	-21,853	52,0300
6,1305	-21,855	52,0350
6,1311	-21,857	52,0400
6,1324	-21,860	52,0450
6,1263	-21,862	52,0500
6,1213	-21,864	52,0550
6,1366	-21,866	52,0600
6,1357	-21,868	52,0650
6,1287	-21,870	52,0700
6,1318	-21,872	52,0750
6,1283	-21,874	52,0800
6,1207	-21,876	52,0850
6,1294	-21,878	52,0900
6,1344	-21,881	52,0950
6,1332	-21,883	52,1000
6,1371	-21,885	52,1050
6,1381	-21,887	52,1100
6,1301	-21,889	52,1150
6,1293	-21,891	52,1200
6,1318	-21,893	52,1250
6,1296	-21,895	52,1300
6,1300	-21,897	52,1350
6,1449	-21,899	52,1400
6,1432	-21,902	52,1450
6,1274	-21,904	52,1500
6,1324	-21,906	52,1550
6,1317	-21,908	52,1600
6,1308	-21,910	52,1650
6,1358	-21,912	52,1700
6,1428	-21,914	52,1750
6,1342	-21,916	52,1800
6,1401	-21,918	52,1850
6,1407	-21,920	52,1900
6,1373	-21,923	52,1950
6,1419	-21,925	52,2000
6,1468	-21,927	52,2050
6,1372	-21,929	52,2100
6,1370	-21,931	52,2150
6,1507	-21,933	52,2200
6,1473	-21,935	52,2250
6,1354	-21,937	52,2300
6,1434	-21,939	52,2350
6,1477	-21,941	52,2400
6,1389	-21,944	52,2450
6,1512	-21,946	52,2500
6,1513	-21,948	52,2550
6,1517	-21,950	52,2600
6,1600	-21,952	52,2650
6,1676	-21,954	52,2700
6,1540	-21,956	52,2750
6,1559	-21,958	52,2800
6,1551	-21,960	52,2850
6,1471	-21,962	52,2900
6,1447	-21,965	52,2950
6,1593	-21,967	52,3000
6,1630	-21,969	52,3050
6,1513	-21,971	52,3100
6,1563	-21,973	52,3150
6,1617	-21,975	52,3200
6,1546	-21,977	52,3250
6,1567	-21,979	52,3300
6,1532	-21,981	52,3350
6,1504	-21,983	52,3400
6,1538	-21,986	52,3450
6,1515	-21,988	52,3500
6,1503	-21,990	52,3550
6,1462	-21,992	52,3600
6,1566	-21,994	52,3650
6,1516	-21,996	52,3700
6,1542	-21,998	52,3750
6,1617	-22,000	52,3800
6,1514	-22,002	52,3850
6,1508	-22,004	52,3900
6,1587	-22,007	52,3950
6,1573	-22,009	52,4000
6,1547	-22,011	52,4050
6,1661	-22,013	52,4100
6,1640	-22,015	52,4150
6,1676	-22,017	52,4200
6,1737	-22,019	52,4250
6,1695	-22,021	52,4300
6,1579	-22,023	52,4350
6,1622	-22,025	52,4400
6,1694	-22,028	52,4450
6,1648	-22,030	52,4500
6,1636	-22,032	52,4550
6,1727	-22,034	52,4600
6,1687	-22,036	52,4650
6,1710	-22,038	52,4700
6,1688	-22,040	52,4750
6,1658	-22,042	52,4800
6,1702	-22,044	52,4850
6,1833	-22,046	52,4900
6,1770	-22,049	52,4950
6,1649	-22,051	52,5000
6,1716	-22,053	52,5050
6,1699	-22,055	52,5100
6,1727	-22,057	52,5150
6,1801	-22,059	52,5200
6,1743	-22,061	52,5250
6,1662	-22,063	52,5300
6,1715	-22,065	52,5350
6,1753	-22,067	52,5400
6,1689	-22,070	52,5450
6,1670	-22,072	52,5500
6,1761	-22,074	52,5550
6,1713	-22,076	52,5600
6,1744	-22,078	52,5650
6,1877	-22,080	52,5700
6,1856	-22,082	52,5750
6,1839	-22,084	52,5800
6,1883	-22,086	52,5850
6,1818	-22,088	52,5900
6,1775	-22,091	52,5950
6,1821	-22,093	52,6000
6,1785	-22,095	52,6050
6,1651	-22,097	52,6100
6,1750	-22,099	52,6150
6,1777	-22,101	52,6200
6,1747	-22,103	52,6250
6,1787	-22,105	52,6300
6,1854	-22,107	52,6350
6,1886	-22,109	52,6400
6,1934	-22,112	52,6450
6,1959	-22,114	52,6500
6,1874	-22,116	52,6550
6,1867	-22,118	52,6600
6,1918	-22,120	52,6650
6,1881	-22,122	52,6700
6,1808	-22,124	52,6750
6,1876	-22,126	52,6800
6,1831	-22,128	52,6850
6,1870	-22,130	52,6900
6,1930	-22,133	52,6950
6,1883	-22,135	52,7000
6,1811	-22,137	52,7050
6,1843	-22,139	52,7100
6,1852	-22,141	52,7150
6,1806	-22,143	52,7200
6,1898	-22,145	52,7250
6,1944	-22,147	52,7300
6,1918	-22,149	52,7350
6,1925	-22,151	52,7400
6,2022	-22,154	52,7450
6,1922	-22,156	52,7500
6,1894	-22,158	52,7550
6,1922	-22,160	52,7600
6,1897	-22,162	52,7650
6,1884	-22,164	52,7700
6,1998	-22,166	52,7750
6,1972	-22,168	52,7800
6,1908	-22,170	52,7850
6,1935	-22,172	52,7900
6,1951	-22,175	52,7950
6,1979	-22,177	52,8000
6,2098	-22,179	52,8050
6,2024	-22,181	52,8100
6,1875	-22,183	52,8150
6,1975	-22,185	52,8200
6,2013	-22,187	52,8250
6,1953	-22,189	52,8300
6,1927	-22,191	52,8350
6,2057	-22,193	52,8400
6,2016	-22,196	52,8450
6,1999	-22,198	52,8500
6,2056	-22,200	52,8550
6,2014	-22,202	52,8600
6,1935	-22,204	52,8650
6,2062	-22,206	52,8700
6,2051	-22,208	52,8750
6,2003	-22,210	52,8800
6,2108	-22,212	52,8850
6,2129	-22,214	52,8900
6,2007	-22,217	52,8950
6,1964	-22,219	52,9000
6,2014	-22,221	52,9050
6,2020	-22,223	52,9100
6,2133	-22,225	52,9150
6,2195	-22,227	52,9200
6,2116	-22,229	52,9250
6,2066	-22,231	52,9300
6,2137	-22,233	52,9350
6,2126	-22,235	52,9400
6,2133	-22,238	52,9450
6,2207	-22,240	52,9500
6,2179	-22,242	52,9550
6,2169	-22,244	52,9600
6,2229	-22,246	52,9650
6,2192	-22,248	52,9700
6,2145	-22,250	52,9750
6,2210	-22,252	52,9800
6,2255	-22,254	52,9850
6,2193	-22,256	52,9900
6,2228	-22,259	52,9950
6,2228	-22,261	53,0000
6,2110	-22,263	53,0050
6,2120	-22,265	53,0100
6,2213	-22,267	53,0150
6,2229	-22,269	53,0200
6,2179	-22,271	53,0250
6,2253	-22,273	53,0300
6,2230	-22,275	53,0350
6,2132	-22,277	53,0400
6,2220	-22,280	53,0450
6,2253	-22,282	53,0500
6,2262	-22,284	53,0550
6,2229	-22,286	53,0600
6,2162	-22,288	53,0650
6,2229	-22,290	53,0700
6,2267	-22,292	53,0750
6,2246	-22,294	53,0800
6,2143	-22,296	53,0850
6,2242	-22,298	53,0900
6,2285	-22,301	53,0950
6,2197	-22,303	53,1000
6,2210	-22,305	53,1050
6,2312	-22,307	53,1100
6,2354	-22,309	53,1150
6,2276	-22,311	53,1200
6,2291	-22,313	53,1250
6,2203	-22,315	53,1300
6,2173	-22,317	53,1350
6,2280	-22,319	53,1400
6,2287	-22,322	53,1450
6,2283	-22,324	53,1500
6,2332	-22,326	53,1550
6,2243	-22,328	53,1600
6,2250	-22,330	53,1650
6,2281	-22,332	53,1700
6,2289	-22,334	53,1750
6,2266	-22,336	53,1800
6,2369	-22,338	53,1850
6,2438	-22,340	53,1900
6,2393	-22,343	53,1950
6,2382	-22,345	53,2000
6,2438	-22,347	53,2050
6,2405	-22,349	53,2100
6,2366	-22,351	53,2150
6,2421	-22,353	53,2200
6,2340	-22,355	53,2250
6,2321	-22,357	53,2300
6,2374	-22,359	53,2350
6,2326	-22,361	53,2400
6,2291	-22,364	53,2450
6,2356	-22,366	53,2500
6,2342	-22,368	53,2550
6,2315	-22,370	53,2600
6,2401	-22,372	53,2650
6,2422	-22,374	53,2700
6,2404	-22,376	53,2750
6,2491	-22,378	53,2800
6,2567	-22,380	53,2850
6,2506	-22,382	53,2900
6,2499	-22,385	53,2950
6,2599	-22,387	53,3000
6,2543	-22,389	53,3050
6,2446	-22,391	53,3100
6,2537	-22,393	53,3150
6,2522	-22,395	53,3200
6,2485	-22,397	53,3250
6,2537	-22,399	53,3300
6,2506	-22,401	53,3350
6,2493	-22,403	53,3400
6,2510	-22,406	53,3450
6,2523	-22,408	53,3500
6,2543	-22,410	53,3550
6,2566	-22,412	53,3600
6,2589	-22,414	53,3650
6,2487	-22,416	53,3700
6,2561	-22,418	53,3750
6,2588	-22,420	53,3800
6,2473	-22,422	53,3850
6,2462	-22,424	53,3900
6,2567	-22,427	53,3950
6,2581	-22,429	53,4000
6,2525	-22,431	53,4050
6,2615	-22,433	53,4100
6,2655	-22,435	53,4150
6,2560	-22,437	53,4200
6,2610	-22,439	53,4250
6,2606	-22,441	53,4300
6,2575	-22,443	53,4350
6,2620	-22,445	53,4400
6,2603	-22,448	53,4450
6,2506	-22,450	53,4500
6,2520	-22,452	53,4550
6,2618	-22,454	53,4600
6,2577	-22,456	53,4650
6,2630	-22,458	53,4700
6,2724	-22,460	53,4750
6,2687	-22,462	53,4800
6,2693	-22,464	53,4850
6,2720	-22,466	53,4900
6,2712	-22,469	53,4950
6,2663	-22,471	53,5000
6,2690	-22,473	53,5050
6,2670	-22,475	53,5100
6,2608	-22,477	53,5150
6,2710	-22,479	53,5200
6,2747	-22,481	53,5250
6,2695	-22,483	53,5300
6,2747	-22,485	53,5350
6,2758	-22,487	53,5400
6,2687	-22,490	53,5450
6,2654	-22,492	53,5500
6,2760	-22,494	53,5550
6,2749	-22,496	53,5600
6,2765	-22,498	53,5650
6,2741	-22,500	53,5700
6,2672	-22,502	53,5750
6,2696	-22,504	53,5800
6,2745	-22,506	53,5850
6,2724	-22,508	53,5900
6,2699	-22,511	53,5950
6,2843	-22,513	53,6000
6,2865	-22,515	53,6050
6,2770	-22,517	53,6100
6,2847	-22,519	53,6150
6,2859	-22,521	53,6200
6,2717	-22,523	53,6250
6,2803	-22,525	53,6300
6,2867	-22,527	53,6350
6,2791	-22,529	53,6400
6,2752	-22,532	53,6450
6,2796	-22,534	53,6500
6,2728	-22,536	53,6550
6,2775	-22,538	53,6600
6,2792	-22,540	53,6650
6,2745	-22,542	53,6700
6,2800	-22,544	53,6750
6,2955	-22,546	53,6800
6,2937	-22,548	53,6850
6,2903	-22,550	53,6900
6,2901	-22,553	53,6950
6,2868	-22,555	53,7000
6,2848	-22,557	53,7050
6,2950	-22,559	53,7100
6,2965	-22,561	53,7150
6,2871	-22,563	53,7200
6,2896	-22,565	53,7250
6,2942	-22,567	53,7300
6,2852	-22,569	53,7350
6,2810	-22,571	53,7400
6,2911	-22,574	53,7450
6,2894	-22,576	53,7500
6,2919	-22,578	53,7550
6,3007	-22,580	53,7600
6,2910	-22,582	53,7650
6,2854	-22,584	53,7700
6,2955	-22,586	53,7750
6,2948	-22,588	53,7800
6,2902	-22,590	53,7850
6,2969	-22,592	53,7900
6,2959	-22,595	53,7950
6,2847	-22,597	53,8000
6,2885	-22,599	53,8050
6,2949	-22,601	53,8100
6,2937	-22,603	53,8150
6,2991	-22,605	53,8200
6,3047	-22,607	53,8250
6,2969	-22,609	53,8300
6,2991	-22,611	53,8350
6,3053	-22,613	53,8400
6,2977	-22,616	53,8450
6,2967	-22,618	53,8500
6,3032	-22,620	53,8550
6,2984	-22,622	53,8600
6,2954	-22,624	53,8650
6,3063	-22,626	53,8700
6,2998	-22,628	53,8750
6,2940	-22,630	53,8800
6,3019	-22,632	53,8850
6,3079	-22,634	53,8900
6,3009	-22,637	53,8950
6,3103	-22,639	53,9000
6,3138	-22,641	53,9050
6,3059	-22,643	53,9100
6,3016	-22,645	53,9150
6,3050	-22,647	53,9200
6,3067	-22,649	53,9250
6,3066	-22,651	53,9300
6,3130	-22,653	53,9350
6,3083	-22,655	53,9400
6,3027	-22,658	53,9450
6,3032	-22,660	53,9500
6,3041	-22,662	53,9550
6,3046	-22,664	53,9600
6,3185	-22,666	53,9650
6,3115	-22,668	53,9700
6,3039	-22,670	53,9750
6,3161	-22,672	53,9800
6,3168	-22,674	53,9850
6,3075	-22,676	53,9900
6,3168	-22,679	53,9950
6,3140	-22,681	54,0000
6,3064	-22,683	54,0050
6,3153	-22,685	54,0100
6,3189	-22,687	54,0150
6,3141	-22,689	54,0200
6,3085	-22,691	54,0250
6,3157	-22,693	54,0300
6,3103	-22,695	54,0350
6,3177	-22,697	54,0400
6,3312	-22,700	54,0450
6,3250	-22,702	54,0500
6,3180	-22,704	54,0550
6,3236	-22,706	54,0600
6,3256	-22,708	54,0650
6,3231	-22,710	54,0700
6,3203	-22,712	54,0750
6,3235	-22,714	54,0800
6,3112	-22,716	54,0850
6,3202	-22,718	54,0900
6,3265	-22,721	54,0950
6,3243	-22,723	54,1000
6,3241	-22,725	54,1050
6,3289	-22,727	54,1100
6,3242	-22,729	54,1150
6,3213	-22,731	54,1200
6,3378	-22,733	54,1250
6,3368	-22,735	54,1300
6,3304	-22,737	54,1350
6,3353	-22,739	54,1400
6,3309	-22,742	54,1450
6,3191	-22,744	54,1500
6,3240	-22,746	54,1550
6,3292	-22,748	54,1600
6,3248	-22,750	54,1650
6,3227	-22,752	54,1700
6,3269	-22,754	54,1750
6,3222	-22,756	54,1800
6,3272	-22,758	54,1850
6,3360	-22,760	54,1900
6,3257	-22,763	54,1950
6,3258	-22,765	54,2000
6,3396	-22,767	54,2050
6,3405	-22,769	54,2100
6,3311	-22,771	54,2150
6,3323	-22,773	54,2200
6,3299	-22,775	54,2250
6,3236	-22,777	54,2300
6,3336	-22,779	54,2350
6,3297	-22,781	54,2400
6,3290	-22,784	54,2450
6,3399	-22,786	54,2500
6,3328	-22,788	54,2550
6,3298	-22,790	54,2600
6,3320	-22,792	54,2650
6,3324	-22,794	54,2700
6,3350	-22,796	54,2750
6,3439	-22,798	54,2800
6,3496	-22,800	54,2850
6,3423	-22,802	54,2900
6,3421	-22,805	54,2950
6,3481	-22,807	54,3000
6,3392	-22,809	54,3050
6,3342	-22,811	54,3100
6,3431	-22,813	54,3150
6,3431	-22,815	54,3200
6,3367	-22,817	54,3250
6,3474	-22,819	54,3300
6,3493	-22,821	54,3350
6,3440	-22,823	54,3400
6,3540	-22,826	54,3450
6,3512	-22,828	54,3500
6,3435	-22,830	54,3550
6,3451	-22,832	54,3600
6,3498	-22,834	54,3650
6,3424	-22,836	54,3700
6,3461	-22,838	54,3750
6,3510	-22,840	54,3800
6,3506	-22,842	54,3850
6,3510	-22,844	54,3900
6,3563	-22,847	54,3950
6,3468	-22,849	54,4000
6,3466	-22,851	54,4050
6,3540	-22,853	54,4100
6,3542	-22,855	54,4150
6,3521	-22,857	54,4200
6,3590	-22,859	54,4250
6,3551	-22,861	54,4300
6,3451	-22,863	54,4350
6,3523	-22,865	54,4400
6,3560	-22,868	54,4450
6,3471	-22,870	54,4500
6,3531	-22,872	54,4550
6,3648	-22,874	54,4600
6,3562	-22,876	54,4650
6,3602	-22,878	54,4700
6,3644	-22,880	54,4750
6,3544	-22,882	54,4800
6,3585	-22,884	54,4850
6,3637	-22,886	54,4900
6,3559	-22,889	54,4950
6,3497	-22,891	54,5000
6,3547	-22,893	54,5050
6,3574	-22,895	54,5100
6,3522	-22,897	54,5150
6,3593	-22,899	54,5200
6,3643	-22,901	54,5250
6,3539	-22,903	54,5300
6,3549	-22,905	54,5350
6,3607	-22,907	54,5400
6,3612	-22,910	54,5450
6,3661	-22,912	54,5500
6,3719	-22,914	54,5550
6,3596	-22,916	54,5600
6,3612	-22,918	54,5650
6,3705	-22,920	54,5700
6,3680	-22,922	54,5750
6,3697	-22,924	54,5800
6,3761	-22,926	54,5850
6,3720	-22,928	54,5900
6,3668	-22,931	54,5950
6,3711	-22,933	54,6000
6,3698	-22,935	54,6050
6,3627	-22,937	54,6100
6,3739	-22,939	54,6150
6,3772	-22,941	54,6200
6,3685	-22,943	54,6250
6,3730	-22,945	54,6300
6,3817	-22,947	54,6350
6,3790	-22,949	54,6400
6,3731	-22,952	54,6450
6,3750	-22,954	54,6500
6,3725	-22,956	54,6550
6,3737	-22,958	54,6600
6,3777	-22,960	54,6650
6,3710	-22,962	54,6700
6,3766	-22,964	54,6750
6,3866	-22,966	54,6800
6,3810	-22,968	54,6850
6,3812	-22,970	54,6900
6,3840	-22,973	54,6950
6,3809	-22,975	54,7000
6,3821	-22,977	54,7050
6,3926	-22,979	54,7100
6,3901	-22,981	54,7150
6,3743	-22,983	54,7200
6,3789	-22,985	54,7250
6,3879	-22,987	54,7300
6,3849	-22,989	54,7350
6,3844	-22,991	54,7400
6,3878	-22,994	54,7450
6,3813	-22,996	54,7500
6,3777	-22,998	54,7550
6,3866	-23,000	54,7600
6,3837	-23,002	54,7650
6,3846	-23,004	54,7700
6,3964	-23,006	54,7750
6,3949	-23,008	54,7800
6,3883	-23,010	54,7850
6,3855	-23,012	54,7900
6,3822	-23,015	54,7950
6,3746	-23,017	54,8000
6,3890	-23,019	54,8050
6,3981	-23,021	54,8100
6,3935	-23,023	54,8150
6,3912	-23,025	54,8200
6,3970	-23,027	54,8250
6,3987	-23,029	54,8300
6,3977	-23,031	54,8350
6,3968	-23,033	54,8400
6,3932	-23,036	54,8450
6,3940	-23,038	54,8500
6,4023	-23,040	54,8550
6,3979	-23,042	54,8600
6,3948	-23,044	54,8650
6,4025	-23,046	54,8700
6,3985	-23,048	54,8750
6,3894	-23,050	54,8800
6,3985	-23,052	54,8850
6,4072	-23,054	54,8900
6,3944	-23,057	54,8950
6,3996	-23,059	54,9000
6,4061	-23,061	54,9050
6,3943	-23,063	54,9100
6,3966	-23,065	54,9150
6,4062	-23,067	54,9200
6,4083	-23,069	54,9250
6,4010	-23,071	54,9300
6,4040	-23,073	54,9350
6,4005	-23,075	54,9400
6,4007	-23,078	54,9450
6,4073	-23,080	54,9500
6,4027	-23,082	54,9550
6,4023	-23,084	54,9600
6,4149	-23,086	54,9650
6,4108	-23,088	54,9700
6,4050	-23,090	54,9750
6,4042	-23,092	54,9800
6,4079	-23,094	54,9850
6,4060	-23,096	54,9900
6,4147	-23,099	54,9950
6,4133	-23,101	55,0000
6,4030	-23,103	55,0050
6,4050	-23,105	55,0100
6,4088	-23,107	55,0150
6,4060	-23,109	55,0200
6,4084	-23,111	55,0250
6,4198	-23,113	55,0300
6,4133	-23,115	55,0350
6,4119	-23,117	55,0400
6,4138	-23,120	55,0450
6,4111	-23,122	55,0500
6,4103	-23,124	55,0550
6,4218	-23,126	55,0600
6,4139	-23,128	55,0650
6,4084	-23,130	55,0700
6,4097	-23,132	55,0750
6,4158	-23,134	55,0800
6,4168	-23,136	55,0850
6,4191	-23,138	55,0900
6,4243	-23,141	55,0950
6,4187	-23,143	55,1000
6,4173	-23,145	55,1050
6,4185	-23,147	55,1100
6,4142	-23,149	55,1150
6,4194	-23,151	55,1200
6,4298	-23,153	55,1250
6,4217	-23,155	55,1300
6,4113	-23,157	55,1350
6,4191	-23,159	55,1400
6,4156	-23,162	55,1450
6,4090	-23,164	55,1500
6,4255	-23,166	55,1550
6,4329	-23,168	55,1600
6,4352	-23,170	55,1650
6,4393	-23,172	55,1700
6,4391	-23,174	55,1750
6,4320	-23,176	55,1800
6,4322	-23,178	55,1850
6,4317	-23,180	55,1900
6,4235	-23,183	55,1950
6,4263	-23,185	55,2000
6,4337	-23,187	55,2050
6,4378	-23,189	55,2100
6,4329	-23,191	55,2150
6,4348	-23,193	55,2200
6,4293	-23,195	55,2250
6,4294	-23,197	55,2300
6,4397	-23,199	55,2350
6,4316	-23,201	55,2400
6,4222	-23,204	55,2450
6,4358	-23,206	55,2500
6,4392	-23,208	55,2550
6,4328	-23,210	55,2600
6,4343	-23,212	55,2650
6,4300	-23,214	55,2700
6,4263	-23,216	55,2750
6,4397	-23,218	55,2800
6,4384	-23,220	55,2850
6,4252	-23,222	55,2900
6,4291	-23,225	55,2950
6,4497	-23,227	55,3000
6,4466	-23,229	55,3050
6,4397	-23,231	55,3100
6,4397	-23,233	55,3150
6,4398	-23,235	55,3200
6,4371	-23,237	55,3250
6,4484	-23,239	55,3300
6,4466	-23,241	55,3350
6,4397	-23,243	55,3400
6,4422	-23,246	55,3450
6,4378	-23,248	55,3500
6,4377	-23,250	55,3550
6,4436	-23,252	55,3600
6,4493	-23,254	55,3650
6,4410	-23,256	55,3700
6,4422	-23,258	55,3750
6,4492	-23,260	55,3800
6,4389	-23,262	55,3850
6,4346	-23,264	55,3900
6,4455	-23,267	55,3950
6,4448	-23,269	55,4000
6,4434	-23,271	55,4050
6,4493	-23,273	55,4100
6,4533	-23,275	55,4150
6,4492	-23,277	55,4200
6,4523	-23,279	55,4250
6,4524	-23,281	55,4300
6,4450	-23,283	55,4350
6,4533	-23,285	55,4400
6,4562	-23,288	55,4450
6,4516	-23,290	55,4500
6,4494	-23,292	55,4550
6,4542	-23,294	55,4600
6,4506	-23,296	55,4650
6,4573	-23,298	55,4700
6,4646	-23,300	55,4750
6,4506	-23,302	55,4800
6,4436	-23,304	55,4850
6,4493	-23,306	55,4900
6,4534	-23,309	55,4950
6,4530	-23,311	55,5000
6,4605	-23,313	55,5050
6,4631	-23,315	55,5100
6,4594	-23,317	55,5150
6,4597	-23,319	55,5200
6,4535	-23,321	55,5250
6,4535	-23,323	55,5300
6,4616	-23,325	55,5350
6,4602	-23,327	55,5400
6,4564	-23,330	55,5450
6,4568	-23,332	55,5500
6,4636	-23,334	55,5550
6,4599	-23,336	55,5600
6,4606	-23,338	55,5650
6,4709	-23,340	55,5700
6,4646	-23,342	55,5750
6,4681	-23,344	55,5800
6,4789	-23,346	55,5850
6,4724	-23,348	55,5900
6,4669	-23,351	55,5950
6,4707	-23,353	55,6000
6,4678	-23,355	55,6050
6,4630	-23,357	55,6100
6,4723	-23,359	55,6150
6,4762	-23,361	55,6200
6,4733	-23,363	55,6250
6,4766	-23,365	55,6300
6,4756	-23,367	55,6350
6,4721	-23,369	55,6400
6,4694	-23,372	55,6450
6,4784	-23,374	55,6500
6,4776	-23,376	55,6550
6,4753	-23,378	55,6600
6,4787	-23,380	55,6650
6,4742	-23,382	55,6700
6,4691	-23,384	55,6750
6,4741	-23,386	55,6800
6,4712	-23,388	55,6850
6,4687	-23,390	55,6900
6,4757	-23,393	55,6950
6,4867	-23,395	55,7000
6,4834	-23,397	55,7050
6,4848	-23,399	55,7100
6,4757	-23,401	55,7150
6,4699	-23,403	55,7200
6,4794	-23,405	55,7250
6,4832	-23,407	55,7300
6,4779	-23,409	55,7350
6,4818	-23,411	55,7400
6,4884	-23,414	55,7450
6,4856	-23,416	55,7500
6,4839	-23,418	55,7550
6,4842	-23,420	55,7600
6,4833	-23,422	55,7650
6,4826	-23,424	55,7700
6,4904	-23,426	55,7750
6,4884	-23,428	55,7800
6,4846	-23,430	55,7850
6,4901	-23,432	55,7900
6,4928	-23,435	55,7950
6,4794	-23,437	55,8000
6,4828	-23,439	55,8050
6,4792	-23,441	55,8100
6,4782	-23,443	55,8150
6,4823	-23,445	55,8200
6,4872	-23,447	55,8250
6,4846	-23,449	55,8300
6,4876	-23,451	55,8350
6,4944	-23,453	55,8400
6,4876	-23,456	55,8450
6,4855	-23,458	55,8500
6,4952	-23,460	55,8550
6,4904	-23,462	55,8600
6,4784	-23,464	55,8650
6,4906	-23,466	55,8700
6,4942	-23,468	55,8750
6,4955	-23,470	55,8800
6,5016	-23,472	55,8850
6,5049	-23,474	55,8900
6,4898	-23,477	55,8950
6,4907	-23,479	55,9000
6,4936	-23,481	55,9050
6,4824	-23,483	55,9100
6,4902	-23,485	55,9150
6,4979	-23,487	55,9200
6,4908	-23,489	55,9250
6,4927	-23,491	55,9300
6,5077	-23,493	55,9350
6,5036	-23,495	55,9400
6,4989	-23,498	55,9450
6,5002	-23,500	55,9500
6,5022	-23,502	55,9550
6,4982	-23,504	55,9600
6,5065	-23,506	55,9650
6,5065	-23,508	55,9700
6,4989	-23,510	55,9750
6,4938	-23,512	55,9800
6,5039	-23,514	55,9850
6,5031	-23,516	55,9900
6,5077	-23,519	55,9950
6,5067	-23,521	56,0000
6,4965	-23,523	56,0050
6,4993	-23,525	56,0100
6,5106	-23,527	56,0150
6,5016	-23,529	56,0200
6,4988	-23,531	56,0250
6,5080	-23,533	56,0300
6,5023	-23,535	56,0350
6,4974	-23,537	56,0400
6,5085	-23,540	56,0450
6,5070	-23,542	56,0500
6,5042	-23,544	56,0550
6,5081	-23,546	56,0600
6,5041	-23,548	56,0650
6,5056	-23,550	56,0700
6,5155	-23,552	56,0750
6,5173	-23,554	56,0800
6,5105	-23,556	56,0850
6,5196	-23,558	56,0900
6,5278	-23,561	56,0950
6,5190	-23,563	56,1000
6,5152	-23,565	56,1050
6,5194	-23,567	56,1100
6,5118	-23,569	56,1150
6,5046	-23,571	56,1200
6,5151	-23,573	56,1250
6,5143	-23,575	56,1300
6,5155	-23,577	56,1350
6,5262	-23,579	56,1400
6,5196	-23,582	56,1450
6,5097	-23,584	56,1500
6,5202	-23,586	56,1550
6,5255	-23,588	56,1600
6,5253	-23,590	56,1650
6,5276	-23,592	56,1700
6,5310	-23,594	56,1750
6,5256	-23,596	56,1800
6,5264	-23,598	56,1850
6,5238	-23,600	56,1900
6,5149	-23,603	56,1950
6,5148	-23,605	56,2000
6,5242	-23,607	56,2050
6,5209	-23,609	56,2100
6,5204	-23,611	56,2150
6,5354	-23,613	56,2200
6,5342	-23,615	56,2250
6,5339	-23,617	56,2300
6,5388	-23,619	56,2350
6,5293	-23,621	56,2400
6,5156	-23,624	56,2450
6,5281	-23,626	56,2500
6,5385	-23,628	56,2550
6,5344	-23,630	56,2600
6,5341	-23,632	56,2650
6,5319	-23,634	56,2700
6,5224	-23,636	56,2750
6,5276	-23,638	56,2800
6,5396	-23,640	56,2850
6,5381	-23,642	56,2900
6,5333	-23,645	56,2950
6,5312	-23,647	56,3000
6,5280	-23,649	56,3050
6,5309	-23,651	56,3100
6,5351	-23,653	56,3150
6,5329	-23,655	56,3200
6,5317	-23,657	56,3250
6,5380	-23,659	56,3300
6,5349	-23,661	56,3350
6,5300	-23,663	56,3400
6,5369	-23,666	56,3450
6,5397	-23,668	56,3500
6,5393	-23,670	56,3550
6,5382	-23,672	56,3600
6,5409	-23,674	56,3650
6,5369	-23,676	56,3700
6,5429	-23,678	56,3750
6,5484	-23,680	56,3800
6,5355	-23,682	56,3850
6,5415	-23,684	56,3900
6,5507	-23,687	56,3950
6,5456	-23,689	56,4000
6,5379	-23,691	56,4050
6,5388	-23,693	56,4100
6,5391	-23,695	56,4150
6,5447	-23,697	56,4200
6,5510	-23,699	56,4250
6,5460	-23,701	56,4300
6,5357	-23,703	56,4350
6,5393	-23,705	56,4400
6,5426	-23,708	56,4450
6,5427	-23,710	56,4500
6,5376	-23,712	56,4550
6,5485	-23,714	56,4600
6,5443	-23,716	56,4650
6,5448	-23,718	56,4700
6,5500	-23,720	56,4750
6,5502	-23,722	56,4800
6,5515	-23,724	56,4850
6,5609	-23,726	56,4900
6,5572	-23,729	56,4950
6,5566	-23,731	56,5000
6,5601	-23,733	56,5050
6,5577	-23,735	56,5100
6,5594	-23,737	56,5150
6,5617	-23,739	56,5200
6,5547	-23,741	56,5250
6,5504	-23,743	56,5300
6,5565	-23,745	56,5350
6,5576	-23,747	56,5400
6,5588	-23,750	56,5450
6,5582	-23,752	56,5500
6,5612	-23,754	56,5550
6,5589	-23,756	56,5600
6,5620	-23,758	56,5650
6,5641	-23,760	56,5700
6,5631	-23,762	56,5750
6,5646	-23,764	56,5800
6,5744	-23,766	56,5850
6,5678	-23,768	56,5900
6,5606	-23,771	56,5950
6,5651	-23,773	56,6000
6,5627	-23,775	56,6050
6,5592	-23,777	56,6100
6,5693	-23,779	56,6150
6,5685	-23,781	56,6200
6,5604	-23,783	56,6250
6,5685	-23,785	56,6300
6,5687	-23,787	56,6350
6,5658	-23,789	56,6400
6,5664	-23,792	56,6450
6,5714	-23,794	56,6500
6,5683	-23,796	56,6550
6,5720	-23,798	56,6600
6,5779	-23,800	56,6650
6,5709	-23,802	56,6700
6,5635	-23,804	56,6750
6,5782	-23,806	56,6800
6,5779	-23,808	56,6850
6,5689	-23,810	56,6900
6,5741	-23,813	56,6950
6,5748	-23,815	56,7000
6,5630	-23,817	56,7050
6,5753	-23,819	56,7100
6,5771	-23,821	56,7150
6,5648	-23,823	56,7200
6,5705	-23,825	56,7250
6,5757	-23,827	56,7300
6,5733	-23,829	56,7350
6,5757	-23,831	56,7400
6,5837	-23,834	56,7450
6,5816	-23,836	56,7500
6,5767	-23,838	56,7550
6,5783	-23,840	56,7600
6,5752	-23,842	56,7650
6,5783	-23,844	56,7700
6,5901	-23,846	56,7750
6,5843	-23,848	56,7800
6,5748	-23,850	56,7850
6,5779	-23,852	56,7900
6,5805	-23,855	56,7950
6,5794	-23,857	56,8000
6,5884	-23,859	56,8050
6,5933	-23,861	56,8100
6,5874	-23,863	56,8150
6,5908	-23,865	56,8200
6,5896	-23,867	56,8250
6,5848	-23,869	56,8300
6,5849	-23,871	56,8350
6,5949	-23,873	56,8400
6,5878	-23,876	56,8450
6,5856	-23,878	56,8500
6,5920	-23,880	56,8550
6,5921	-23,882	56,8600
6,5910	-23,884	56,8650
6,5920	-23,886	56,8700
6,5882	-23,888	56,8750
6,5907	-23,890	56,8800
6,6002	-23,892	56,8850
6,6012	-23,894	56,8900
6,5931	-23,897	56,8950
6,5947	-23,899	56,9000
6,5972	-23,901	56,9050
6,5898	-23,903	56,9100
6,5973	-23,905	56,9150
6,6033	-23,907	56,9200
6,5989	-23,909	56,9250
6,5931	-23,911	56,9300
6,6017	-23,913	56,9350
6,5953	-23,915	56,9400
6,5870	-23,918	56,9450
6,5921	-23,920	56,9500
6,5923	-23,922	56,9550
6,5898	-23,924	56,9600
6,5984	-23,926	56,9650
6,6029	-23,928	56,9700
6,5962	-23,930	56,9750
6,5989	-23,932	56,9800
6,5979	-23,934	56,9850
6,5872	-23,936	56,9900
6,5920	-23,939	56,9950
6,6011	-23,941	57,0000
6,5984	-23,943	57,0050
6,6009	-23,945	57,0100
6,6017	-23,947	57,0150
6,5994	-23,949	57,0200
6,6021	-23,951	57,0250
6,6132	-23,953	57,0300
6,6078	-23,955	57,0350
6,6063	-23,957	57,0400
6,6127	-23,960	57,0450
6,6011	-23,962	57,0500
6,5995	-23,964	57,0550
6,6054	-23,966	57,0600
6,6016	-23,968	57,0650
6,5999	-23,970	57,0700
6,6032	-23,972	57,0750
6,6087	-23,974	57,0800
6,6093	-23,976	57,0850
6,6137	-23,978	57,0900
6,6139	-23,981	57,0950
6,6039	-23,983	57,1000
6,6055	-23,985	57,1050
6,6083	-23,987	57,1100
6,6082	-23,989	57,1150
6,6075	-23,991	57,1200
6,6172	-23,993	57,1250
6,6179	-23,995	57,1300
6,6211	-23,997	57,1350
6,6294	-23,999	57,1400
6,6211	-24,002	57,1450
6,6141	-24,004	57,1500
6,6169	-24,006	57,1550
6,6222	-24,008	57,1600
6,6193	-24,010	57,1650
6,6182	-24,012	57,1700
6,6220	-24,014	57,1750
6,6202	-24,016	57,1800
6,6184	-24,018	57,1850
6,6171	-24,020	57,1900
6,6128	-24,023	57,1950
6,6177	-24,025	57,2000
6,6273	-24,027	57,2050
6,6181	-24,029	57,2100
6,6149	-24,031	57,2150
6,6277	-24,033	57,2200
6,6248	-24,035	57,2250
6,6185	-24,037	57,2300
6,6270	-24,039	57,2350
6,6291	-24,041	57,2400
6,6255	-24,044	57,2450
6,6285	-24,046	57,2500
6,6241	-24,048	57,2550
6,6197	-24,050	57,2600
6,6219	-24,052	57,2650
6,6277	-24,054	57,2700
6,6232	-24,056	57,2750
6,6239	-24,058	57,2800
6,6260	-24,060	57,2850
6,6197	-24,062	57,2900
6,6215	-24,065	57,2950
6,6346	-24,067	57,3000
6,6306	-24,069	57,3050
6,6235	-24,071	57,3100
6,6282	-24,073	57,3150
6,6257	-24,075	57,3200
6,6227	-24,077	57,3250
6,6325	-24,079	57,3300
6,6355	-24,081	57,3350
6,6357	-24,083	57,3400
6,6406	-24,086	57,3450
6,6357	-24,088	57,3500
6,6278	-24,090	57,3550
6,6237	-24,092	57,3600
6,6293	-24,094	57,3650
6,6324	-24,096	57,3700
6,6339	-24,098	57,3750
6,6399	-24,100	57,3800
6,6334	-24,102	57,3850
6,6275	-24,104	57,3900
6,6304	-24,107	57,3950
6,6283	-24,109	57,4000
6,6389	-24,111	57,4050
6,6513	-24,113	57,4100
6,6471	-24,115	57,4150
6,6468	-24,117	57,4200
6,6542	-24,119	57,4250
6,6461	-24,121	57,4300
6,6339	-24,123	57,4350
6,6379	-24,125	57,4400
6,6395	-24,128	57,4450
6,6342	-24,130	57,4500
6,6405	-24,132	57,4550
6,6490	-24,134	57,4600
6,6429	-24,136	57,4650
6,6488	-24,138	57,4700
6,6547	-24,140	57,4750
6,6462	-24,142	57,4800
6,6428	-24,144	57,4850
6,6489	-24,146	57,4900
6,6456	-24,149	57,4950
6,6474	-24,151	57,5000
6,6544	-24,153	57,5050
6,6505	-24,155	57,5100
6,6445	-24,157	57,5150
6,6526	-24,159	57,5200
6,6556	-24,161	57,5250
6,6469	-24,163	57,5300
6,6567	-24,165	57,5350
6,6553	-24,167	57,5400
6,6500	-24,170	57,5450
6,6469	-24,172	57,5500
6,6535	-24,174	57,5550
6,6539	-24,176	57,5600
6,6564	-24,178	57,5650
6,6649	-24,180	57,5700
6,6628	-24,182	57,5750
6,6559	-24,184	57,5800
6,6580	-24,186	57,5850
6,6531	-24,188	57,5900
6,6498	-24,191	57,5950
6,6556	-24,193	57,6000
6,6536	-24,195	57,6050
6,6445	-24,197	57,6100
6,6506	-24,199	57,6150
6,6581	-24,201	57,6200
6,6560	-24,203	57,6250
6,6635	-24,205	57,6300
6,6658	-24,207	57,6350
6,6554	-24,209	57,6400
6,6591	-24,212	57,6450
6,6682	-24,214	57,6500
6,6592	-24,216	57,6550
6,6573	-24,218	57,6600
6,6565	-24,220	57,6650
6,6547	-24,222	57,6700
6,6591	-24,224	57,6750
6,6679	-24,226	57,6800
6,6653	-24,228	57,6850
6,6675	-24,230	57,6900
6,6719	-24,233	57,6950
6,6695	-24,235	57,7000
6,6606	-24,237	57,7050
6,6612	-24,239	57,7100
6,6663	-24,241	57,7150
6,6602	-24,243	57,7200
6,6649	-24,245	57,7250
6,6666	-24,247	57,7300
6,6657	-24,249	57,7350
6,6729	-24,251	57,7400
6,6818	-24,254	57,7450
6,6771	-24,256	57,7500
6,6731	-24,258	57,7550
6,6784	-24,260	57,7600
6,6737	-24,262	57,7650
6,6729	-24,264	57,7700
6,6792	-24,266	57,7750
6,6741	-24,268	57,7800
6,6723	-24,270	57,7850
6,6845	-24,272	57,7900
6,6846	-24,275	57,7950
6,6809	-24,277	57,8000
6,6855	-24,279	57,8050
6,6817	-24,281	57,8100
6,6693	-24,283	57,8150
6,6772	-24,285	57,8200
6,6793	-24,287	57,8250
6,6726	-24,289	57,8300
6,6708	-24,291	57,8350
6,6812	-24,293	57,8400
6,6806	-24,296	57,8450
6,6790	-24,298	57,8500
6,6883	-24,300	57,8550
6,6809	-24,302	57,8600
6,6746	-24,304	57,8650
6,6828	-24,306	57,8700
6,6834	-24,308	57,8750
6,6819	-24,310	57,8800
6,6945	-24,312	57,8850
6,6999	-24,314	57,8900
6,6918	-24,317	57,8950
6,6946	-24,319	57,9000
6,6938	-24,321	57,9050
6,6838	-24,323	57,9100
6,6868	-24,325	57,9150
6,6907	-24,327	57,9200
6,6888	-24,329	57,9250
6,6948	-24,331	57,9300
6,6959	-24,333	57,9350
6,6864	-24,335	57,9400
6,6882	-24,338	57,9450
6,6968	-24,340	57,9500
6,6912	-24,342	57,9550
6,6825	-24,344	57,9600
6,6889	-24,346	57,9650
6,6920	-24,348	57,9700
6,6924	-24,350	57,9750
6,6943	-24,352	57,9800
6,6938	-24,354	57,9850
6,6885	-24,356	57,9900
6,6951	-24,359	57,9950
6,6986	-24,361	58,0000
6,6969	-24,363	58,0050
6,6943	-24,365	58,0100
6,6913	-24,367	58,0150
6,6888	-24,369	58,0200
6,6928	-24,371	58,0250
6,7036	-24,373	58,0300
6,7004	-24,375	58,0350
6,6991	-24,377	58,0400
6,7099	-24,380	58,0450
6,7069	-24,382	58,0500
6,6989	-24,384	58,0550
6,7055	-24,386	58,0600
6,7014	-24,388	58,0650
6,6963	-24,390	58,0700
6,6995	-24,392	58,0750
6,7119	-24,394	58,0800
6,7041	-24,396	58,0850
6,7073	-24,398	58,0900
6,7093	-24,401	58,0950
6,6969	-24,403	58,1000
6,7029	-24,405	58,1050
6,7144	-24,407	58,1100
6,7114	-24,409	58,1150
6,7051	-24,411	58,1200
6,7120	-24,413	58,1250
6,7092	-24,415	58,1300
6,7092	-24,417	58,1350
6,7191	-24,419	58,1400
6,7074	-24,422	58,1450
6,6998	-24,424	58,1500
6,7153	-24,426	58,1550
6,7193	-24,428	58,1600
6,7181	-24,430	58,1650
6,7161	-24,432	58,1700
6,7167	-24,434	58,1750
6,7094	-24,436	58,1800
6,7118	-24,438	58,1850
6,7129	-24,440	58,1900
6,7061	-24,443	58,1950
6,7091	-24,445	58,2000
6,7239	-24,447	58,2050
6,7220	-24,449	58,2100
6,7173	-24,451	58,2150
6,7163	-24,453	58,2200
6,7077	-24,455	58,2250
6,7116	-24,457	58,2300
6,7288	-24,459	58,2350
6,7298	-24,461	58,2400
6,7210	-24,464	58,2450
6,7254	-24,466	58,2500
6,7231	-24,468	58,2550
6,7154	-24,470	58,2600
6,7205	-24,472	58,2650
6,7281	-24,474	58,2700
6,7177	-24,476	58,2750
6,7184	-24,478	58,2800
6,7239	-24,480	58,2850
6,7224	-24,482	58,2900
6,7248	-24,485	58,2950
6,7266	-24,487	58,3000
6,7276	-24,489	58,3050
6,7296	-24,491	58,3100
6,7371	-24,493	58,3150
6,7339	-24,495	58,3200
6,7273	-24,497	58,3250
6,7351	-24,499	58,3300
6,7312	-24,501	58,3350
6,7200	-24,503	58,3400
6,7264	-24,506	58,3450
6,7283	-24,508	58,3500
6,7249	-24,510	58,3550
6,7251	-24,512	58,3600
6,7315	-24,514	58,3650
6,7211	-24,516	58,3700
6,7204	-24,518	58,3750
6,7285	-24,520	58,3800
6,7256	-24,522	58,3850
6,7296	-24,524	58,3900
6,7391	-24,527	58,3950
6,7328	-24,529	58,4000
6,7264	-24,531	58,4050
6,7332	-24,533	58,4100
6,7296	-24,535	58,4150
6,7319	-24,537	58,4200
6,7434	-24,539	58,4250
6,7386	-24,541	58,4300
6,7315	-24,543	58,4350
6,7389	-24,545	58,4400
6,7350	-24,548	58,4450
6,7330	-24,550	58,4500
6,7366	-24,552	58,4550
6,7406	-24,554	58,4600
6,7351	-24,556	58,4650
6,7370	-24,558	58,4700
6,7467	-24,560	58,4750
6,7444	-24,562	58,4800
6,7501	-24,564	58,4850
6,7542	-24,566	58,4900
6,7500	-24,569	58,4950
6,7437	-24,571	58,5000
6,7488	-24,573	58,5050
6,7506	-24,575	58,5100
6,7479	-24,577	58,5150
6,7516	-24,579	58,5200
6,7500	-24,581	58,5250
6,7421	-24,583	58,5300
6,7410	-24,585	58,5350
6,7419	-24,587	58,5400
6,7420	-24,590	58,5450
6,7474	-24,592	58,5500
6,7569	-24,594	58,5550
6,7522	-24,596	58,5600
6,7493	-24,598	58,5650
6,7547	-24,600	58,5700
6,7483	-24,602	58,5750
6,7462	-24,604	58,5800
6,7532	-24,606	58,5850
6,7486	-24,608	58,5900
6,7507	-24,611	58,5950
6,7584	-24,613	58,6000
6,7576	-24,615	58,6050
6,7511	-24,617	58,6100
6,7542	-24,619	58,6150
6,7466	-24,621	58,6200
6,7460	-24,623	58,6250
6,7599	-24,625	58,6300
6,7567	-24,627	58,6350
6,7538	-24,629	58,6400
6,7590	-24,632	58,6450
6,7588	-24,634	58,6500
6,7489	-24,636	58,6550
6,7540	-24,638	58,6600
6,7586	-24,640	58,6650
6,7476	-24,642	58,6700
6,7501	-24,644	58,6750
6,7631	-24,646	58,6800
6,7583	-24,648	58,6850
6,7594	-24,650	58,6900
6,7649	-24,653	58,6950
6,7673	-24,655	58,7000
6,7634	-24,657	58,7050
6,7702	-24,659	58,7100
6,7731	-24,661	58,7150
6,7651	-24,663	58,7200
6,7674	-24,665	58,7250
6,7717	-24,667	58,7300
6,7646	-24,669	58,7350
6,7658	-24,671	58,7400
6,7751	-24,674	58,7450
6,7701	-24,676	58,7500
6,7687	-24,678	58,7550
6,7748	-24,680	58,7600
6,7719	-24,682	58,7650
6,7656	-24,684	58,7700
6,7711	-24,686	58,7750
6,7717	-24,688	58,7800
6,7694	-24,690	58,7850
6,7741	-24,692	58,7900
6,7757	-24,695	58,7950
6,7634	-24,697	58,8000
6,7655	-24,699	58,8050
6,7659	-24,701	58,8100
6,7671	-24,703	58,8150
6,7779	-24,705	58,8200
6,7807	-24,707	58,8250
6,7786	-24,709	58,8300
6,7729	-24,711	58,8350
6,7797	-24,713	58,8400
6,7767	-24,716	58,8450
6,7725	-24,718	58,8500
6,7796	-24,720	58,8550
6,7783	-24,722	58,8600
6,7753	-24,724	58,8650
6,7836	-24,726	58,8700
6,7836	-24,728	58,8750
6,7776	-24,730	58,8800
6,7771	-24,732	58,8850
6,7863	-24,734	58,8900
6,7820	-24,737	58,8950
6,7788	-24,739	58,9000
6,7807	-24,741	58,9050
6,7824	-24,743	58,9100
6,7873	-24,745	58,9150
6,7941	-24,747	58,9200
6,7890	-24,749	58,9250
6,7866	-24,751	58,9300
6,7890	-24,753	58,9350
6,7806	-24,755	58,9400
6,7790	-24,758	58,9450
6,7898	-24,760	58,9500
6,7887	-24,762	58,9550
6,7865	-24,764	58,9600
6,7957	-24,766	58,9650
6,7943	-24,768	58,9700
6,7907	-24,770	58,9750
6,7921	-24,772	58,9800
6,7884	-24,774	58,9850
6,7877	-24,776	58,9900
6,7972	-24,779	58,9950
6,7956	-24,781	59,0000
6,7896	-24,783	59,0050
6,7985	-24,785	59,0100
6,8078	-24,787	59,0150
6,8059	-24,789	59,0200
6,7991	-24,791	59,0250
6,7947	-24,793	59,0300
6,7845	-24,795	59,0350
6,7804	-24,797	59,0400
6,7892	-24,800	59,0450
6,7928	-24,802	59,0500
6,7953	-24,804	59,0550
6,8064	-24,806	59,0600
6,8097	-24,808	59,0650
6,8073	-24,810	59,0700
6,8079	-24,812	59,0750
6,8122	-24,814	59,0800
6,8048	-24,816	59,0850
6,8065	-24,818	59,0900
6,8007	-24,821	59,0950
6,7904	-24,823	59,1000
6,7940	-24,825	59,1050
6,8048	-24,827	59,1100
6,8047	-24,829	59,1150
6,8028	-24,831	59,1200
6,8069	-24,833	59,1250
6,7990	-24,835	59,1300
6,7957	-24,837	59,1350
6,8020	-24,839	59,1400
6,8041	-24,842	59,1450
6,8053	-24,844	59,1500
6,8099	-24,846	59,1550
6,8118	-24,848	59,1600
6,8017	-24,850	59,1650
6,8041	-24,852	59,1700
6,8084	-24,854	59,1750
6,8022	-24,856	59,1800
6,8081	-24,858	59,1850
6,8140	-24,860	59,1900
6,8047	-24,863	59,1950
6,8088	-24,865	59,2000
6,8137	-24,867	59,2050
6,8141	-24,869	59,2100
6,8112	-24,871	59,2150
6,8151	-24,873	59,2200
6,8116	-24,875	59,2250
6,8083	-24,877	59,2300
6,8138	-24,879	59,2350
6,8124	-24,881	59,2400
6,8143	-24,884	59,2450
6,8256	-24,886	59,2500
6,8188	-24,888	59,2550
6,8121	-24,890	59,2600
6,8168	-24,892	59,2650
6,8224	-24,894	59,2700
6,8158	-24,896	59,2750
6,8200	-24,898	59,2800
6,8253	-24,900	59,2850
6,8170	-24,902	59,2900
6,8135	-24,905	59,2950
6,8205	-24,907	59,3000
6,8182	-24,909	59,3050
6,8165	-24,911	59,3100
6,8282	-24,913	59,3150
6,8285	-24,915	59,3200
6,8217	-24,917	59,3250
6,8274	-24,919	59,3300
6,8224	-24,921	59,3350
6,8209	-24,923	59,3400
6,8296	-24,926	59,3450
6,8265	-24,928	59,3500
6,8209	-24,930	59,3550
6,8272	-24,932	59,3600
6,8384	-24,934	59,3650
6,8322	-24,936	59,3700
6,8299	-24,938	59,3750
6,8354	-24,940	59,3800
6,8274	-24,942	59,3850
6,8225	-24,944	59,3900
6,8267	-24,947	59,3950
6,8246	-24,949	59,4000
6,8285	-24,951	59,4050
6,8357	-24,953	59,4100
6,8316	-24,955	59,4150
6,8259	-24,957	59,4200
6,8314	-24,959	59,4250
6,8296	-24,961	59,4300
6,8243	-24,963	59,4350
6,8340	-24,965	59,4400
6,8360	-24,968	59,4450
6,8326	-24,970	59,4500
6,8349	-24,972	59,4550
6,8401	-24,974	59,4600
6,8358	-24,976	59,4650
6,8336	-24,978	59,4700
6,8417	-24,980	59,4750
6,8398	-24,982	59,4800
6,8343	-24,984	59,4850
6,8404	-24,986	59,4900
6,8411	-24,989	59,4950
6,8434	-24,991	59,5000
6,8484	-24,993	59,5050
6,8433	-24,995	59,5100
6,8392	-24,997	59,5150
6,8394	-24,999	59,5200
6,8454	-25,001	59,5250
6,8402	-25,003	59,5300
6,8342	-25,005	59,5350
6,8408	-25,007	59,5400
6,8410	-25,010	59,5450
6,8421	-25,012	59,5500
6,8491	-25,014	59,5550
6,8414	-25,016	59,5600
6,8400	-25,018	59,5650
6,8452	-25,020	59,5700
6,8404	-25,022	59,5750
6,8425	-25,024	59,5800
6,8517	-25,026	59,5850
6,8464	-25,028	59,5900
6,8409	-25,031	59,5950
6,8514	-25,033	59,6000
6,8539	-25,035	59,6050
6,8419	-25,037	59,6100
6,8479	-25,039	59,6150
6,8545	-25,041	59,6200
6,8542	-25,043	59,6250
6,8565	-25,045	59,6300
6,8549	-25,047	59,6350
6,8457	-25,049	59,6400
6,8474	-25,052	59,6450
6,8515	-25,054	59,6500
6,8481	-25,056	59,6550
6,8530	-25,058	59,6600
6,8608	-25,060	59,6650
6,8503	-25,062	59,6700
6,8438	-25,064	59,6750
6,8517	-25,066	59,6800
6,8494	-25,068	59,6850
6,8567	-25,070	59,6900
6,8635	-25,073	59,6950
6,8593	-25,075	59,7000
6,8503	-25,077	59,7050
6,8588	-25,079	59,7100
6,8620	-25,081	59,7150
6,8567	-25,083	59,7200
6,8606	-25,085	59,7250
6,8634	-25,087	59,7300
6,8582	-25,089	59,7350
6,8638	-25,091	59,7400
6,8789	-25,094	59,7450
6,8742	-25,096	59,7500
6,8719	-25,098	59,7550
6,8737	-25,100	59,7600
6,8570	-25,102	59,7650
6,8593	-25,104	59,7700
6,8703	-25,106	59,7750
6,8633	-25,108	59,7800
6,8591	-25,110	59,7850
6,8670	-25,112	59,7900
6,8661	-25,115	59,7950
6,8574	-25,117	59,8000
6,8652	-25,119	59,8050
6,8701	-25,121	59,8100
6,8645	-25,123	59,8150
6,8644	-25,125	59,8200
6,8689	-25,127	59,8250
6,8651	-25,129	59,8300
6,8677	-25,131	59,8350
6,8809	-25,133	59,8400
6,8776	-25,136	59,8450
6,8744	-25,138	59,8500
6,8752	-25,140	59,8550
6,8684	-25,142	59,8600
6,8632	-25,144	59,8650
6,8744	-25,146	59,8700
6,8777	-25,148	59,8750
6,8711	-25,150	59,8800
6,8763	-25,152	59,8850
6,8756	-25,154	59,8900
6,8694	-25,157	59,8950
6,8786	-25,159	59,9000
6,8824	-25,161	59,9050
6,8737	-25,163	59,9100
6,8829	-25,165	59,9150
6,8854	-25,167	59,9200
6,8766	-25,169	59,9250
6,8804	-25,171	59,9300
6,8904	-25,173	59,9350
6,8826	-25,175	59,9400
6,8744	-25,178	59,9450
6,8848	-25,180	59,9500
6,8843	-25,182	59,9550
6,8723	-25,184	59,9600
6,8792	-25,186	59,9650
6,8888	-25,188	59,9700
6,8868	-25,190	59,9750
6,8896	-25,192	59,9800
6,8930	-25,194	59,9850
6,8782	-25,196	59,9900
6,8839	-25,199	59,9950
6,8912	-25,201	60,0000
6,8895	-25,203	60,0050
6,8883	-25,205	60,0100
6,8920	-25,207	60,0150
6,8889	-25,209	60,0200
6,8877	-25,211	60,0250
6,8864	-25,213	60,0300
6,8856	-25,215	60,0350
6,8926	-25,217	60,0400
6,9053	-25,220	60,0450
6,8941	-25,222	60,0500
6,8855	-25,224	60,0550
6,8906	-25,226	60,0600
6,8914	-25,228	60,0650
6,8899	-25,230	60,0700
6,8958	-25,232	60,0750
6,8999	-25,234	60,0800
6,8860	-25,236	60,0850
6,8878	-25,238	60,0900
6,8922	-25,241	60,0950
6,8879	-25,243	60,1000
6,8938	-25,245	60,1050
6,9043	-25,247	60,1100
6,8983	-25,249	60,1150
6,8909	-25,251	60,1200
6,9009	-25,253	60,1250
6,9041	-25,255	60,1300
6,9004	-25,257	60,1350
6,8984	-25,259	60,1400
6,8962	-25,262	60,1450
6,8975	-25,264	60,1500
6,9068	-25,266	60,1550
6,9001	-25,268	60,1600
6,8956	-25,270	60,1650
6,8967	-25,272	60,1700
6,9033	-25,274	60,1750
6,8941	-25,276	60,1800
6,8982	-25,278	60,1850
6,9084	-25,280	60,1900
6,9086	-25,283	60,1950
6,9102	-25,285	60,2000
6,9101	-25,287	60,2050
6,9097	-25,289	60,2100
6,9074	-25,291	60,2150
6,9146	-25,293	60,2200
6,9101	-25,295	60,2250
6,9046	-25,297	60,2300
6,9106	-25,299	60,2350
6,9066	-25,301	60,2400
6,8976	-25,304	60,2450
6,9073	-25,306	60,2500
6,9160	-25,308	60,2550
6,9212	-25,310	60,2600
6,9234	-25,312	60,2650
6,9196	-25,314	60,2700
6,9046	-25,316	60,2750
6,9120	-25,318	60,2800
6,9184	-25,320	60,2850
6,9072	-25,322	60,2900
6,9130	-25,325	60,2950
6,9132	-25,327	60,3000
6,9041	-25,329	60,3050
6,9109	-25,331	60,3100
6,9234	-25,333	60,3150
6,9175	-25,335	60,3200
6,9116	-25,337	60,3250
6,9243	-25,339	60,3300
6,9246	-25,341	60,3350
6,9147	-25,343	60,3400
6,9245	-25,346	60,3450
6,9241	-25,348	60,3500
6,9203	-25,350	60,3550
6,9238	-25,352	60,3600
6,9233	-25,354	60,3650
6,9209	-25,356	60,3700
6,9329	-25,358	60,3750
6,9353	-25,360	60,3800
6,9299	-25,362	60,3850
6,9288	-25,364	60,3900
6,9339	-25,367	60,3950
6,9240	-25,369	60,4000
6,9188	-25,371	60,4050
6,9284	-25,373	60,4100
6,9263	-25,375	60,4150
6,9200	-25,377	60,4200
6,9298	-25,379	60,4250
6,9336	-25,381	60,4300
6,9220	-25,383	60,4350
6,9276	-25,385	60,4400
6,9359	-25,388	60,4450
6,9378	-25,390	60,4500
6,9309	-25,392	60,4550
6,9343	-25,394	60,4600
6,9224	-25,396	60,4650
6,9237	-25,398	60,4700
6,9307	-25,400	60,4750
6,9317	-25,402	60,4800
6,9326	-25,404	60,4850
6,9402	-25,406	60,4900
6,9332	-25,409	60,4950
6,9271	-25,411	60,5000
6,9362	-25,413	60,5050
6,9326	-25,415	60,5100
6,9262	-25,417	60,5150
6,9358	-25,419	60,5200
6,9342	-25,421	60,5250
6,9257	-25,423	60,5300
6,9334	-25,425	60,5350
6,9410	-25,427	60,5400
6,9376	-25,430	60,5450
6,9311	-25,432	60,5500
6,9373	-25,434	60,5550
6,9355	-25,436	60,5600
6,9397	-25,438	60,5650
6,9434	-25,440	60,5700
6,9390	-25,442	60,5750
6,9383	-25,444	60,5800
6,9510	-25,446	60,5850
6,9501	-25,448	60,5900
6,9473	-25,451	60,5950
6,9493	-25,453	60,6000
6,9406	-25,455	60,6050
6,9377	-25,457	60,6100
6,9475	-25,459	60,6150
6,9506	-25,461	60,6200
6,9417	-25,463	60,6250
6,9474	-25,465	60,6300
6,9419	-25,467	60,6350
6,9364	-25,469	60,6400
6,9443	-25,472	60,6450
6,9554	-25,474	60,6500
6,9444	-25,476	60,6550
6,9504	-25,478	60,6600
6,9551	-25,480	60,6650
6,9470	-25,482	60,6700
6,9492	-25,484	60,6750
6,9574	-25,486	60,6800
6,9575	-25,488	60,6850
6,9578	-25,490	60,6900
6,9606	-25,493	60,6950
6,9600	-25,495	60,7000
6,9469	-25,497	60,7050
6,9505	-25,499	60,7100
6,9593	-25,501	60,7150
6,9477	-25,503	60,7200
6,9464	-25,505	60,7250
6,9560	-25,507	60,7300
6,9648	-25,509	60,7350
6,9620	-25,511	60,7400
6,9585	-25,514	60,7450
6,9501	-25,516	60,7500
6,9554	-25,518	60,7550
6,9604	-25,520	60,7600
6,9508	-25,522	60,7650
6,9511	-25,524	60,7700
6,9657	-25,526	60,7750
6,9706	-25,528	60,7800
6,9661	-25,530	60,7850
6,9648	-25,532	60,7900
6,9616	-25,535	60,7950
6,9563	-25,537	60,8000
6,9673	-25,539	60,8050
6,9723	-25,541	60,8100
6,9657	-25,543	60,8150
6,9636	-25,545	60,8200
6,9611	-25,547	60,8250
6,9569	-25,549	60,8300
6,9573	-25,551	60,8350
6,9706	-25,553	60,8400
6,9655	-25,556	60,8450
6,9734	-25,558	60,8500
6,9800	-25,560	60,8550
6,9656	-25,562	60,8600
6,9664	-25,564	60,8650
6,9834	-25,566	60,8700
6,9758	-25,568	60,8750
6,9640	-25,570	60,8800
6,9676	-25,572	60,8850
6,9728	-25,574	60,8900
6,9692	-25,577	60,8950
6,9749	-25,579	60,9000
6,9741	-25,581	60,9050
6,9633	-25,583	60,9100
6,9677	-25,585	60,9150
6,9812	-25,587	60,9200
6,9782	-25,589	60,9250
6,9744	-25,591	60,9300
6,9789	-25,593	60,9350
6,9710	-25,595	60,9400
6,9669	-25,598	60,9450
6,9769	-25,600	60,9500
6,9791	-25,602	60,9550
6,9772	-25,604	60,9600
6,9867	-25,606	60,9650
6,9873	-25,608	60,9700
6,9798	-25,610	60,9750
6,9800	-25,612	60,9800
6,9821	-25,614	60,9850
6,9751	-25,616	60,9900
6,9822	-25,619	60,9950
6,9823	-25,621	61,0000
6,9747	-25,623	61,0050
6,9759	-25,625	61,0100
6,9845	-25,627	61,0150
6,9820	-25,629	61,0200
6,9804	-25,631	61,0250
6,9915	-25,633	61,0300
6,9881	-25,635	61,0350
6,9858	-25,637	61,0400
6,9952	-25,640	61,0450
6,9914	-25,642	61,0500
6,9833	-25,644	61,0550
6,9931	-25,646	61,0600
6,9969	-25,648	61,0650
6,9934	-25,650	61,0700
6,9890	-25,652	61,0750
6,9880	-25,654	61,0800
6,9828	-25,656	61,0850
6,9941	-25,658	61,0900
6,9973	-25,661	61,0950
6,9898	-25,663	61,1000
6,9964	-25,665	61,1050
6,9998	-25,667	61,1100
6,9962	-25,669	61,1150
6,9946	-25,671	61,1200
7,0005	-25,673	61,1250
6,9941	-25,675	61,1300
6,9936	-25,677	61,1350
7,0034	-25,679	61,1400
6,9952	-25,682	61,1450
6,9867	-25,684	61,1500
6,9963	-25,686	61,1550
7,0016	-25,688	61,1600
7,0006	-25,690	61,1650
7,0074	-25,692	61,1700
7,0123	-25,694	61,1750
6,9977	-25,696	61,1800
7,0007	-25,698	61,1850
7,0061	-25,700	61,1900
6,9959	-25,703	61,1950
6,9911	-25,705	61,2000
6,9943	-25,707	61,2050
6,9916	-25,709	61,2100
6,9955	-25,711	61,2150
7,0064	-25,713	61,2200
6,9958	-25,715	61,2250
7,0009	-25,717	61,2300
7,0114	-25,719	61,2350
7,0078	-25,721	61,2400
7,0017	-25,724	61,2450
7,0123	-25,726	61,2500
7,0153	-25,728	61,2550
7,0059	-25,730	61,2600
7,0136	-25,732	61,2650
7,0168	-25,734	61,2700
7,0054	-25,736	61,2750
7,0135	-25,738	61,2800
7,0211	-25,740	61,2850
7,0039	-25,742	61,2900
7,0050	-25,745	61,2950
7,0202	-25,747	61,3000
7,0143	-25,749	61,3050
7,0072	-25,751	61,3100
7,0121	-25,753	61,3150
7,0095	-25,755	61,3200
7,0102	-25,757	61,3250
7,0226	-25,759	61,3300
7,0141	-25,761	61,3350
7,0104	-25,763	61,3400
7,0266	-25,766	61,3450
7,0256	-25,768	61,3500
7,0114	-25,770	61,3550
7,0127	-25,772	61,3600
7,0189	-25,774	61,3650
7,0122	-25,776	61,3700
7,0191	-25,778	61,3750
7,0246	-25,780	61,3800
7,0167	-25,782	61,3850
7,0222	-25,784	61,3900
7,0231	-25,787	61,3950
7,0244	-25,789	61,4000
7,0264	-25,791	61,4050
7,0350	-25,793	61,4100
7,0267	-25,795	61,4150
7,0194	-25,797	61,4200
7,0201	-25,799	61,4250
7,0126	-25,801	61,4300
7,0034	-25,803	61,4350
7,0242	-25,805	61,4400
7,0298	-25,808	61,4450
7,0211	-25,810	61,4500
7,0182	-25,812	61,4550
7,0232	-25,814	61,4600
7,0239	-25,816	61,4650
7,0332	-25,818	61,4700
7,0360	-25,820	61,4750
7,0292	-25,822	61,4800
7,0254	-25,824	61,4850
7,0364	-25,826	61,4900
7,0324	-25,829	61,4950
7,0227	-25,831	61,5000
7,0342	-25,833	61,5050
7,0423	-25,835	61,5100
7,0376	-25,837	61,5150
7,0353	-25,839	61,5200
7,0296	-25,841	61,5250
7,0238	-25,843	61,5300
7,0334	-25,845	61,5350
7,0333	-25,847	61,5400
7,0281	-25,850	61,5450
7,0274	-25,852	61,5500
7,0309	-25,854	61,5550
7,0258	-25,856	61,5600
7,0336	-25,858	61,5650
7,0420	-25,860	61,5700
7,0367	-25,862	61,5750
7,0323	-25,864	61,5800
7,0400	-25,866	61,5850
7,0289	-25,868	61,5900
7,0301	-25,871	61,5950
7,0383	-25,873	61,6000
7,0405	-25,875	61,6050
7,0369	-25,877	61,6100
7,0453	-25,879	61,6150
7,0500	-25,881	61,6200
7,0426	-25,883	61,6250
7,0422	-25,885	61,6300
7,0367	-25,887	61,6350
7,0305	-25,889	61,6400
7,0308	-25,892	61,6450
7,0425	-25,894	61,6500
7,0353	-25,896	61,6550
7,0318	-25,898	61,6600
7,0421	-25,900	61,6650
7,0457	-25,902	61,6700
7,0487	-25,904	61,6750
7,0538	-25,906	61,6800
7,0510	-25,908	61,6850
7,0462	-25,910	61,6900
7,0512	-25,913	61,6950
7,0514	-25,915	61,7000
7,0438	-25,917	61,7050
7,0531	-25,919	61,7100
7,0545	-25,921	61,7150
7,0471	-25,923	61,7200
7,0461	-25,925	61,7250
7,0464	-25,927	61,7300
7,0446	-25,929	61,7350
7,0528	-25,931	61,7400
7,0609	-25,934	61,7450
7,0493	-25,936	61,7500
7,0477	-25,938	61,7550
7,0596	-25,940	61,7600
7,0559	-25,942	61,7650
7,0489	-25,944	61,7700
7,0533	-25,946	61,7750
7,0520	-25,948	61,7800
7,0513	-25,950	61,7850
7,0560	-25,952	61,7900
7,0556	-25,955	61,7950
7,0557	-25,957	61,8000
7,0658	-25,959	61,8050
7,0621	-25,961	61,8100
7,0554	-25,963	61,8150
7,0557	-25,965	61,8200
7,0563	-25,967	61,8250
7,0535	-25,969	61,8300
7,0435	-25,971	61,8350
7,0516	-25,973	61,8400
7,0534	-25,976	61,8450
7,0609	-25,978	61,8500
7,0725	-25,980	61,8550
7,0677	-25,982	61,8600
7,0576	-25,984	61,8650
7,0687	-25,986	61,8700
7,0711	-25,988	61,8750
7,0669	-25,990	61,8800
7,0749	-25,992	61,8850
7,0760	-25,994	61,8900
7,0621	-25,997	61,8950
7,0629	-25,999	61,9000
7,0644	-26,001	61,9050
7,0579	-26,003	61,9100
7,0592	-26,005	61,9150
7,0682	-26,007	61,9200
7,0700	-26,009	61,9250
7,0725	-26,011	61,9300
7,0865	-26,013	61,9350
7,0793	-26,015	61,9400
7,0748	-26,018	61,9450
7,0751	-26,020	61,9500
7,0694	-26,022	61,9550
7,0626	-26,024	61,9600
7,0699	-26,026	61,9650
7,0718	-26,028	61,9700
7,0699	-26,030	61,9750
7,0734	-26,032	61,9800
7,0723	-26,034	61,9850
7,0628	-26,036	61,9900
7,0710	-26,039	61,9950
7,0717	-26,041	62,0000
7,0742	-26,043	62,0050
7,0858	-26,045	62,0100
7,0908	-26,047	62,0150
7,0778	-26,049	62,0200
7,0700	-26,051	62,0250
7,0776	-26,053	62,0300
7,0737	-26,055	62,0350
7,0767	-26,057	62,0400
7,0845	-26,060	62,0450
7,0832	-26,062	62,0500
7,0832	-26,064	62,0550
7,0901	-26,066	62,0600
7,0841	-26,068	62,0650
7,0795	-26,070	62,0700
7,0834	-26,072	62,0750
7,0866	-26,074	62,0800
7,0790	-26,076	62,0850
7,0811	-26,078	62,0900
7,0880	-26,081	62,0950
7,0842	-26,083	62,1000
7,0841	-26,085	62,1050
7,0878	-26,087	62,1100
7,0881	-26,089	62,1150
7,0835	-26,091	62,1200
7,0939	-26,093	62,1250
7,0967	-26,095	62,1300
7,0930	-26,097	62,1350
7,0973	-26,099	62,1400
7,0879	-26,102	62,1450
7,0847	-26,104	62,1500
7,0890	-26,106	62,1550
7,0855	-26,108	62,1600
7,0919	-26,110	62,1650
7,0986	-26,112	62,1700
7,0953	-26,114	62,1750
7,0848	-26,116	62,1800
7,0897	-26,118	62,1850
7,0939	-26,120	62,1900
7,0891	-26,123	62,1950
7,0958	-26,125	62,2000
7,1002	-26,127	62,2050
7,0871	-26,129	62,2100
7,0803	-26,131	62,2150
7,0965	-26,133	62,2200
7,0981	-26,135	62,2250
7,0937	-26,137	62,2300
7,0989	-26,139	62,2350
7,1029	-26,141	62,2400
7,1002	-26,144	62,2450
7,1056	-26,146	62,2500
7,1015	-26,148	62,2550
7,0948	-26,150	62,2600
7,1014	-26,152	62,2650
7,1092	-26,154	62,2700
7,1053	-26,156	62,2750
7,1043	-26,158	62,2800
7,1088	-26,160	62,2850
7,1062	-26,162	62,2900
7,1124	-26,165	62,2950
7,1152	-26,167	62,3000
7,1038	-26,169	62,3050
7,1003	-26,171	62,3100
7,1072	-26,173	62,3150
7,1049	-26,175	62,3200
7,1045	-26,177	62,3250
7,1160	-26,179	62,3300
7,1086	-26,181	62,3350
7,1011	-26,183	62,3400
7,1113	-26,186	62,3450
7,1126	-26,188	62,3500
7,1128	-26,190	62,3550
7,1152	-26,192	62,3600
7,1155	-26,194	62,3650
7,1079	-26,196	62,3700
7,1202	-26,198	62,3750
7,1259	-26,200	62,3800
7,1224	-26,202	62,3850
7,1157	-26,204	62,3900
7,1184	-26,207	62,3950
7,1172	-26,209	62,4000
7,1144	-26,211	62,4050
7,1167	-26,213	62,4100
7,1185	-26,215	62,4150
7,1123	-26,217	62,4200
7,1214	-26,219	62,4250
7,1233	-26,221	62,4300
7,1192	-26,223	62,4350
7,1257	-26,225	62,4400
7,1192	-26,228	62,4450
7,1157	-26,230	62,4500
7,1175	-26,232	62,4550
7,1224	-26,234	62,4600
7,1134	-26,236	62,4650
7,1228	-26,238	62,4700
7,1341	-26,240	62,4750
7,1302	-26,242	62,4800
7,1278	-26,244	62,4850
7,1340	-26,246	62,4900
7,1218	-26,249	62,4950
7,1136	-26,251	62,5000
7,1193	-26,253	62,5050
7,1246	-26,255	62,5100
7,1207	-26,257	62,5150
7,1294	-26,259	62,5200
7,1288	-26,261	62,5250
7,1196	-26,263	62,5300
7,1242	-26,265	62,5350
7,1326	-26,267	62,5400
7,1279	-26,270	62,5450
7,1310	-26,272	62,5500
7,1371	-26,274	62,5550
7,1245	-26,276	62,5600
7,1256	-26,278	62,5650
7,1312	-26,280	62,5700
7,1317	-26,282	62,5750
7,1365	-26,284	62,5800
7,1417	-26,286	62,5850
7,1313	-26,288	62,5900
7,1277	-26,291	62,5950
7,1417	-26,293	62,6000
7,1402	-26,295	62,6050
7,1331	-26,297	62,6100
7,1415	-26,299	62,6150
7,1443	-26,301	62,6200
7,1327	-26,303	62,6250
7,1339	-26,305	62,6300
7,1388	-26,307	62,6350
7,1443	-26,309	62,6400
7,1414	-26,312	62,6450
7,1443	-26,314	62,6500
7,1356	-26,316	62,6550
7,1427	-26,318	62,6600
7,1500	-26,320	62,6650
7,1459	-26,322	62,6700
7,1473	-26,324	62,6750
7,1508	-26,326	62,6800
7,1434	-26,328	62,6850
7,1444	-26,330	62,6900
7,1529	-26,333	62,6950
7,1557	-26,335	62,7000
7,1506	-26,337	62,7050
7,1494	-26,339	62,7100
7,1503	-26,341	62,7150
7,1366	-26,343	62,7200
7,1441	-26,345	62,7250
7,1508	-26,347	62,7300
7,1499	-26,349	62,7350
7,1525	-26,351	62,7400
7,1490	-26,354	62,7450
7,1437	-26,356	62,7500
7,1499	-26,358	62,7550
7,1569	-26,360	62,7600
7,1489	-26,362	62,7650
7,1470	-26,364	62,7700
7,1609	-26,366	62,7750
7,1578	-26,368	62,7800
7,1454	-26,370	62,7850
7,1518	-26,372	62,7900
7,1550	-26,375	62,7950
7,1496	-26,377	62,8000
7,1581	-26,379	62,8050
7,1564	-26,381	62,8100
7,1446	-26,383	62,8150
7,1525	-26,385	62,8200
7,1621	-26,387	62,8250
7,1581	-26,389	62,8300
7,1517	-26,391	62,8350
7,1563	-26,393	62,8400
7,1521	-26,396	62,8450
7,1541	-26,398	62,8500
7,1583	-26,400	62,8550
7,1577	-26,402	62,8600
7,1554	-26,404	62,8650
7,1608	-26,406	62,8700
7,1564	-26,408	62,8750
7,1496	-26,410	62,8800
7,1552	-26,412	62,8850
7,1585	-26,414	62,8900
7,1554	-26,417	62,8950
7,1628	-26,419	62,9000
7,1673	-26,421	62,9050
7,1617	-26,423	62,9100
7,1642	-26,425	62,9150
7,1643	-26,427	62,9200
7,1626	-26,429	62,9250
7,1573	-26,431	62,9300
7,1710	-26,433	62,9350
7,1720	-26,435	62,9400
7,1626	-26,438	62,9450
7,1668	-26,440	62,9500
7,1688	-26,442	62,9550
7,1702	-26,444	62,9600
7,1717	-26,446	62,9650
7,1689	-26,448	62,9700
7,1656	-26,450	62,9750
7,1700	-26,452	62,9800
7,1721	-26,454	62,9850
7,1697	-26,456	62,9900
7,1751	-26,459	62,9950
7,1750	-26,461	63,0000
7,1595	-26,463	63,0050
7,1624	-26,465	63,0100
7,1700	-26,467	63,0150
7,1689	-26,469	63,0200
7,1686	-26,471	63,0250
7,1770	-26,473	63,0300
7,1652	-26,475	63,0350
7,1614	-26,477	63,0400
7,1726	-26,480	63,0450
7,1727	-26,482	63,0500
7,1721	-26,484	63,0550
7,1805	-26,486	63,0600
7,1754	-26,488	63,0650
7,1732	-26,490	63,0700
7,1850	-26,492	63,0750
7,1868	-26,494	63,0800
7,1781	-26,496	63,0850
7,1798	-26,498	63,0900
7,1814	-26,501	63,0950
7,1777	-26,503	63,1000
7,1810	-26,505	63,1050
7,1881	-26,507	63,1100
7,1806	-26,509	63,1150
7,1823	-26,511	63,1200
7,1990	-26,513	63,1250
7,1930	-26,515	63,1300
7,1799	-26,517	63,1350
7,1858	-26,519	63,1400
7,1840	-26,522	63,1450
7,1802	-26,524	63,1500
7,1859	-26,526	63,1550
7,1868	-26,528	63,1600
7,1827	-26,530	63,1650
7,1874	-26,532	63,1700
7,1925	-26,534	63,1750
7,1920	-26,536	63,1800
7,1954	-26,538	63,1850
7,1926	-26,540	63,1900
7,1791	-26,543	63,1950
7,1877	-26,545	63,2000
7,1952	-26,547	63,2050
7,1938	-26,549	63,2100
7,1899	-26,551	63,2150
7,2026	-26,553	63,2200
7,1985	-26,555	63,2250
7,1983	-26,557	63,2300
7,1999	-26,559	63,2350
7,1961	-26,561	63,2400
7,1891	-26,564	63,2450
7,1974	-26,566	63,2500
7,1992	-26,568	63,2550
7,1982	-26,570	63,2600
7,1970	-26,572	63,2650
7,1975	-26,574	63,2700
7,1883	-26,576	63,2750
7,1976	-26,578	63,2800
7,2063	-26,580	63,2850
7,2048	-26,582	63,2900
7,2072	-26,585	63,2950
7,2049	-26,587	63,3000
7,2015	-26,589	63,3050
7,1985	-26,591	63,3100
7,2091	-26,593	63,3150
7,2050	-26,595	63,3200
7,1997	-26,597	63,3250
7,2040	-26,599	63,3300
7,2014	-26,601	63,3350
7,1920	-26,603	63,3400
7,2037	-26,606	63,3450
7,2084	-26,608	63,3500
7,2059	-26,610	63,3550
7,2054	-26,612	63,3600
7,2046	-26,614	63,3650
7,1968	-26,616	63,3700
7,1992	-26,618	63,3750
7,2055	-26,620	63,3800
7,1986	-26,622	63,3850
7,2038	-26,624	63,3900
7,2143	-26,627	63,3950
7,2114	-26,629	63,4000
7,2081	-26,631	63,4050
7,2119	-26,633	63,4100
7,2117	-26,635	63,4150
7,2071	-26,637	63,4200
7,2097	-26,639	63,4250
7,2134	-26,641	63,4300
7,2114	-26,643	63,4350
7,2197	-26,645	63,4400
7,2204	-26,648	63,4450
7,2151	-26,650	63,4500
7,2235	-26,652	63,4550
7,2346	-26,654	63,4600
7,2243	-26,656	63,4650
7,2258	-26,658	63,4700
7,2285	-26,660	63,4750
7,2166	-26,662	63,4800
7,2085	-26,664	63,4850
7,2210	-26,666	63,4900
7,2226	-26,669	63,4950
7,2130	-26,671	63,5000
7,2228	-26,673	63,5050
7,2223	-26,675	63,5100
7,2158	-26,677	63,5150
7,2213	-26,679	63,5200
7,2208	-26,681	63,5250
7,2122	-26,683	63,5300
7,2145	-26,685	63,5350
7,2170	-26,687	63,5400
7,2194	-26,690	63,5450
7,2224	-26,692	63,5500
7,2274	-26,694	63,5550
7,2234	-26,696	63,5600
7,2303	-26,698	63,5650
7,2353	-26,700	63,5700
7,2250	-26,702	63,5750
7,2196	-26,704	63,5800
7,2299	-26,706	63,5850
7,2214	-26,708	63,5900
7,2203	-26,711	63,5950
7,2316	-26,713	63,6000
7,2263	-26,715	63,6050
7,2140	-26,717	63,6100
7,2245	-26,719	63,6150
7,2405	-26,721	63,6200
7,2376	-26,723	63,6250
7,2377	-26,725	63,6300
7,2377	-26,727	63,6350
7,2292	-26,729	63,6400
7,2335	-26,732	63,6450
7,2419	-26,734	63,6500
7,2374	-26,736	63,6550
7,2318	-26,738	63,6600
7,2347	-26,740	63,6650
7,2351	-26,742	63,6700
7,2368	-26,744	63,6750
7,2432	-26,746	63,6800
7,2396	-26,748	63,6850
7,2339	-26,750	63,6900
7,2409	-26,753	63,6950
7,2401	-26,755	63,7000
7,2339	-26,757	63,7050
7,2396	-26,759	63,7100
7,2437	-26,761	63,7150
7,2343	-26,763	63,7200
7,2412	-26,765	63,7250
7,2458	-26,767	63,7300
7,2372	-26,769	63,7350
7,2345	-26,771	63,7400
7,2464	-26,774	63,7450
7,2485	-26,776	63,7500
7,2467	-26,778	63,7550
7,2441	-26,780	63,7600
7,2401	-26,782	63,7650
7,2434	-26,784	63,7700
7,2549	-26,786	63,7750
7,2595	-26,788	63,7800
7,2588	-26,790	63,7850
7,2575	-26,792	63,7900
7,2453	-26,795	63,7950
7,2383	-26,797	63,8000
7,2463	-26,799	63,8050
7,2521	-26,801	63,8100
7,2474	-26,803	63,8150
7,2596	-26,805	63,8200
7,2617	-26,807	63,8250
7,2503	-26,809	63,8300
7,2463	-26,811	63,8350
7,2575	-26,813	63,8400
7,2570	-26,816	63,8450
7,2598	-26,818	63,8500
7,2663	-26,820	63,8550
7,2674	-26,822	63,8600
7,2638	-26,824	63,8650
7,2594	-26,826	63,8700
7,2530	-26,828	63,8750
7,2495	-26,830	63,8800
7,2580	-26,832	63,8850
7,2596	-26,834	63,8900
7,2506	-26,837	63,8950
7,2533	-26,839	63,9000
7,2606	-26,841	63,9050
7,2546	-26,843	63,9100
7,2490	-26,845	63,9150
7,2607	-26,847	63,9200
7,2610	-26,849	63,9250
7,2575	-26,851	63,9300
7,2579	-26,853	63,9350
7,2557	-26,855	63,9400
7,2597	-26,858	63,9450
7,2683	-26,860	63,9500
7,2624	-26,862	63,9550
7,2618	-26,864	63,9600
7,2715	-26,866	63,9650
7,2678	-26,868	63,9700
7,2724	-26,870	63,9750
7,2724	-26,872	63,9800
7,2725	-26,874	63,9850
7,2634	-26,876	63,9900
7,2638	-26,879	63,9950
7,2695	-26,881	64,0000
7,2682	-26,883	64,0050
7,2692	-26,885	64,0100
7,2717	-26,887	64,0150
7,2726	-26,889	64,0200
7,2729	-26,891	64,0250
7,2751	-26,893	64,0300
7,2710	-26,895	64,0350
7,2665	-26,897	64,0400
7,2765	-26,900	64,0450
7,2695	-26,902	64,0500
7,2651	-26,904	64,0550
7,2820	-26,906	64,0600
7,2771	-26,908	64,0650
7,2753	-26,910	64,0700
7,2866	-26,912	64,0750
7,2855	-26,914	64,0800
7,2722	-26,916	64,0850
7,2798	-26,918	64,0900
7,2764	-26,921	64,0950
7,2748	-26,923	64,1000
7,2768	-26,925	64,1050
7,2791	-26,927	64,1100
7,2698	-26,929	64,1150
7,2706	-26,931	64,1200
7,2832	-26,933	64,1250
7,2822	-26,935	64,1300
7,2776	-26,937	64,1350
7,2796	-26,939	64,1400
7,2753	-26,942	64,1450
7,2714	-26,944	64,1500
7,2801	-26,946	64,1550
7,2858	-26,948	64,1600
7,2900	-26,950	64,1650
7,2900	-26,952	64,1700
7,2924	-26,954	64,1750
7,2861	-26,956	64,1800
7,2920	-26,958	64,1850
7,2926	-26,960	64,1900
7,2833	-26,963	64,1950
7,2863	-26,965	64,2000
7,2889	-26,967	64,2050
7,2868	-26,969	64,2100
7,2856	-26,971	64,2150
7,2919	-26,973	64,2200
7,2875	-26,975	64,2250
7,2818	-26,977	64,2300
7,2940	-26,979	64,2350
7,2932	-26,981	64,2400
7,2833	-26,984	64,2450
7,2911	-26,986	64,2500
7,2958	-26,988	64,2550
7,2889	-26,990	64,2600
7,2854	-26,992	64,2650
7,2914	-26,994	64,2700
7,2872	-26,996	64,2750
7,2942	-26,998	64,2800
7,2982	-27,000	64,2850
7,2938	-27,002	64,2900
7,2953	-27,005	64,2950
7,3029	-27,007	64,3000
7,2928	-27,009	64,3050
7,2901	-27,011	64,3100
7,3035	-27,013	64,3150
7,3055	-27,015	64,3200
7,3035	-27,017	64,3250
7,3097	-27,019	64,3300
7,3056	-27,021	64,3350
7,2940	-27,023	64,3400
7,2920	-27,026	64,3450
7,2952	-27,028	64,3500
7,2901	-27,030	64,3550
7,2926	-27,032	64,3600
7,3002	-27,034	64,3650
7,3008	-27,036	64,3700
7,3111	-27,038	64,3750
7,3180	-27,040	64,3800
7,3044	-27,042	64,3850
7,3015	-27,044	64,3900
7,3106	-27,047	64,3950
7,3105	-27,049	64,4000
7,3061	-27,051	64,4050
7,3098	-27,053	64,4100
7,3091	-27,055	64,4150
7,3063	-27,057	64,4200
7,3113	-27,059	64,4250
7,3145	-27,061	64,4300
7,3071	-27,063	64,4350
7,3185	-27,065	64,4400
7,3180	-27,068	64,4450
7,3117	-27,070	64,4500
7,3061	-27,072	64,4550
7,3194	-27,074	64,4600
7,3144	-27,076	64,4650
7,3126	-27,078	64,4700
7,3178	-27,080	64,4750
7,3103	-27,082	64,4800
7,3087	-27,084	64,4850
7,3148	-27,086	64,4900
7,3091	-27,089	64,4950
7,3107	-27,091	64,5000
7,3236	-27,093	64,5050
7,3239	-27,095	64,5100
7,3202	-27,097	64,5150
7,3219	-27,099	64,5200
7,3182	-27,101	64,5250
7,3110	-27,103	64,5300
7,3159	-27,105	64,5350
7,3177	-27,107	64,5400
7,3137	-27,110	64,5450
7,3197	-27,112	64,5500
7,3269	-27,114	64,5550
7,3165	-27,116	64,5600
7,3178	-27,118	64,5650
7,3205	-27,120	64,5700
7,3193	-27,122	64,5750
7,3215	-27,124	64,5800
7,3284	-27,126	64,5850
7,3202	-27,128	64,5900
7,3146	-27,131	64,5950
7,3220	-27,133	64,6000
7,3253	-27,135	64,6050
7,3188	-27,137	64,6100
7,3295	-27,139	64,6150
7,3311	-27,141	64,6200
7,3175	-27,143	64,6250
7,3243	-27,145	64,6300
7,3279	-27,147	64,6350
7,3292	-27,149	64,6400
7,3297	-27,152	64,6450
7,3369	-27,154	64,6500
7,3271	-27,156	64,6550
7,3286	-27,158	64,6600
7,3355	-27,160	64,6650
7,3310	-27,162	64,6700
7,3317	-27,164	64,6750
7,3309	-27,166	64,6800
7,3251	-27,168	64,6850
7,3205	-27,170	64,6900
7,3321	-27,173	64,6950
7,3404	-27,175	64,7000
7,3350	-27,177	64,7050
7,3380	-27,179	64,7100
7,3410	-27,181	64,7150
7,3365	-27,183	64,7200
7,3407	-27,185	64,7250
7,3409	-27,187	64,7300
7,3390	-27,189	64,7350
7,3355	-27,191	64,7400
7,3408	-27,194	64,7450
7,3417	-27,196	64,7500
7,3462	-27,198	64,7550
7,3415	-27,200	64,7600
7,3364	-27,202	64,7650
7,3485	-27,204	64,7700
7,3546	-27,206	64,7750
7,3440	-27,208	64,7800
7,3412	-27,210	64,7850
7,3502	-27,212	64,7900
7,3489	-27,215	64,7950
7,3387	-27,217	64,8000
7,3465	-27,219	64,8050
7,3505	-27,221	64,8100
7,3491	-27,223	64,8150
7,3507	-27,225	64,8200
7,3534	-27,227	64,8250
7,3468	-27,229	64,8300
7,3409	-27,231	64,8350
7,3485	-27,233	64,8400
7,3478	-27,236	64,8450
7,3495	-27,238	64,8500
7,3494	-27,240	64,8550
7,3456	-27,242	64,8600
7,3427	-27,244	64,8650
7,3523	-27,246	64,8700
7,3497	-27,248	64,8750
7,3472	-27,250	64,8800
7,3505	-27,252	64,8850
7,3500	-27,254	64,8900
7,3527	-27,257	64,8950
7,3617	-27,259	64,9000
7,3576	-27,261	64,9050
7,3442	-27,263	64,9100
7,3484	-27,265	64,9150
7,3537	-27,267	64,9200
7,3527	-27,269	64,9250
7,3566	-27,271	64,9300
7,3678	-27,273	64,9350
7,3618	-27,275	64,9400
7,3517	-27,278	64,9450
7,3612	-27,280	64,9500
7,3602	-27,282	64,9550
7,3570	-27,284	64,9600
7,3648	-27,286	64,9650
7,3649	-27,288	64,9700
7,3656	-27,290	64,9750
7,3718	-27,292	64,9800
7,3692	-27,294	64,9850
7,3523	-27,296	64,9900
7,3546	-27,299	64,9950
7,3613	-27,301	65,0000
7,3545	-27,303	65,0050
7,3510	-27,305	65,0100
7,3544	-27,307	65,0150
7,3599	-27,309	65,0200
7,3630	-27,311	65,0250
7,3697	-27,313	65,0300
7,3688	-27,315	65,0350
7,3641	-27,317	65,0400
7,3681	-27,320	65,0450
7,3639	-27,322	65,0500
7,3659	-27,324	65,0550
7,3810	-27,326	65,0600
7,3774	-27,328	65,0650
7,3718	-27,330	65,0700
7,3692	-27,332	65,0750
7,3645	-27,334	65,0800
7,3626	-27,336	65,0850
7,3736	-27,338	65,0900
7,3783	-27,341	65,0950
7,3747	-27,343	65,1000
7,3760	-27,345	65,1050
7,3734	-27,347	65,1100
7,3729	-27,349	65,1150
7,3754	-27,351	65,1200
7,3811	-27,353	65,1250
7,3801	-27,355	65,1300
7,3791	-27,357	65,1350
7,3783	-27,359	65,1400
7,3728	-27,362	65,1450
7,3665	-27,364	65,1500
7,3819	-27,366	65,1550
7,3811	-27,368	65,1600
7,3715	-27,370	65,1650
7,3718	-27,372	65,1700
7,3795	-27,374	65,1750
7,3699	-27,376	65,1800
7,3751	-27,378	65,1850
7,3837	-27,380	65,1900
7,3804	-27,383	65,1950
7,3805	-27,385	65,2000
7,3850	-27,387	65,2050
7,3830	-27,389	65,2100
7,3774	-27,391	65,2150
7,3842	-27,393	65,2200
7,3843	-27,395	65,2250
7,3808	-27,397	65,2300
7,3836	-27,399	65,2350
7,3858	-27,401	65,2400
7,3834	-27,404	65,2450
7,3950	-27,406	65,2500
7,3942	-27,408	65,2550
7,3899	-27,410	65,2600
7,3972	-27,412	65,2650
7,3977	-27,414	65,2700
7,3870	-27,416	65,2750
7,3900	-27,418	65,2800
7,3912	-27,420	65,2850
7,3817	-27,422	65,2900
7,3832	-27,425	65,2950
7,3996	-27,427	65,3000
7,3949	-27,429	65,3050
7,3868	-27,431	65,3100
7,3922	-27,433	65,3150
7,3898	-27,435	65,3200
7,3917	-27,437	65,3250
7,4018	-27,439	65,3300
7,3964	-27,441	65,3350
7,3922	-27,443	65,3400
7,3942	-27,446	65,3450
7,3917	-27,448	65,3500
7,3906	-27,450	65,3550
7,3987	-27,452	65,3600
7,4092	-27,454	65,3650
7,3970	-27,456	65,3700
7,3994	-27,458	65,3750
7,4095	-27,460	65,3800
7,3991	-27,462	65,3850
7,4007	-27,464	65,3900
7,4134	-27,467	65,3950
7,4116	-27,469	65,4000
7,4056	-27,471	65,4050
7,4113	-27,473	65,4100
7,4102	-27,475	65,4150
7,4002	-27,477	65,4200
7,4048	-27,479	65,4250
7,4082	-27,481	65,4300
7,4073	-27,483	65,4350
7,4158	-27,485	65,4400
7,4136	-27,488	65,4450
7,3984	-27,490	65,4500
7,3982	-27,492	65,4550
7,4116	-27,494	65,4600
7,4087	-27,496	65,4650
7,4091	-27,498	65,4700
7,4108	-27,500	65,4750
7,4062	-27,502	65,4800
7,4026	-27,504	65,4850
7,4142	-27,506	65,4900
7,4144	-27,509	65,4950
7,4092	-27,511	65,5000
7,4163	-27,513	65,5050
7,4140	-27,515	65,5100
7,4040	-27,517	65,5150
7,4053	-27,519	65,5200
7,4045	-27,521	65,5250
7,4053	-27,523	65,5300
7,4110	-27,525	65,5350
7,4184	-27,527	65,5400
7,4181	-27,530	65,5450
7,4196	-27,532	65,5500
7,4236	-27,534	65,5550
7,4138	-27,536	65,5600
7,4055	-27,538	65,5650
7,4165	-27,540	65,5700
7,4191	-27,542	65,5750
7,4184	-27,544	65,5800
7,4244	-27,546	65,5850
7,4214	-27,548	65,5900
7,4145	-27,551	65,5950
7,4156	-27,553	65,6000
7,4127	-27,555	65,6050
7,4125	-27,557	65,6100
7,4212	-27,559	65,6150
7,4244	-27,561	65,6200
7,4203	-27,563	65,6250
7,4255	-27,565	65,6300
7,4252	-27,567	65,6350
7,4217	-27,569	65,6400
7,4216	-27,572	65,6450
7,4260	-27,574	65,6500
7,4230	-27,576	65,6550
7,4187	-27,578	65,6600
7,4276	-27,580	65,6650
7,4321	-27,582	65,6700
7,4348	-27,584	65,6750
7,4396	-27,586	65,6800
7,4343	-27,588	65,6850
7,4290	-27,590	65,6900
7,4273	-27,593	65,6950
7,4319	-27,595	65,7000
7,4336	-27,597	65,7050
7,4354	-27,599	65,7100
7,4334	-27,601	65,7150
7,4257	-27,603	65,7200
7,4284	-27,605	65,7250
7,4343	-27,607	65,7300
7,4256	-27,609	65,7350
7,4252	-27,611	65,7400
7,4348	-27,614	65,7450
7,4320	-27,616	65,7500
7,4316	-27,618	65,7550
7,4356	-27,620	65,7600
7,4257	-27,622	65,7650
7,4226	-27,624	65,7700
7,4342	-27,626	65,7750
7,4400	-27,628	65,7800
7,4321	-27,630	65,7850
7,4322	-27,632	65,7900
7,4369	-27,635	65,7950
7,4346	-27,637	65,8000
7,4428	-27,639	65,8050
7,4422	-27,641	65,8100
7,4359	-27,643	65,8150
7,4430	-27,645	65,8200
7,4455	-27,647	65,8250
7,4377	-27,649	65,8300
7,4344	-27,651	65,8350
7,4453	-27,653	65,8400
7,4446	-27,656	65,8450
7,4457	-27,658	65,8500
7,4406	-27,660	65,8550
7,4329	-27,662	65,8600
7,4367	-27,664	65,8650
7,4465	-27,666	65,8700
7,4491	-27,668	65,8750
7,4462	-27,670	65,8800
7,4509	-27,672	65,8850
7,4530	-27,674	65,8900
7,4421	-27,677	65,8950
7,4430	-27,679	65,9000
7,4502	-27,681	65,9050
7,4511	-27,683	65,9100
7,4554	-27,685	65,9150
7,4581	-27,687	65,9200
7,4588	-27,689	65,9250
7,4539	-27,691	65,9300
7,4501	-27,693	65,9350
7,4456	-27,695	65,9400
7,4535	-27,698	65,9450
7,4584	-27,700	65,9500
7,4544	-27,702	65,9550
7,4477	-27,704	65,9600
7,4563	-27,706	65,9650
7,4556	-27,708	65,9700
7,4492	-27,710	65,9750
7,4525	-27,712	65,9800
7,4487	-27,714	65,9850
7,4438	-27,716	65,9900
7,4602	-27,719	65,9950
7,4612	-27,721	66,0000
7,4486	-27,723	66,0050
7,4462	-27,725	66,0100
7,4554	-27,727	66,0150
7,4570	-27,729	66,0200
7,4494	-27,731	66,0250
7,4535	-27,733	66,0300
7,4538	-27,735	66,0350
7,4550	-27,737	66,0400
7,4584	-27,740	66,0450
7,4599	-27,742	66,0500
7,4570	-27,744	66,0550
7,4644	-27,746	66,0600
7,4662	-27,748	66,0650
7,4620	-27,750	66,0700
7,4682	-27,752	66,0750
7,4659	-27,754	66,0800
7,4551	-27,756	66,0850
7,4625	-27,758	66,0900
7,4698	-27,761	66,0950
7,4636	-27,763	66,1000
7,4679	-27,765	66,1050
7,4712	-27,767	66,1100
7,4699	-27,769	66,1150
7,4688	-27,771	66,1200
7,4722	-27,773	66,1250
7,4699	-27,775	66,1300
7,4611	-27,777	66,1350
7,4627	-27,779	66,1400
7,4666	-27,782	66,1450
7,4650	-27,784	66,1500
7,4695	-27,786	66,1550
7,4678	-27,788	66,1600
7,4684	-27,790	66,1650
7,4702	-27,792	66,1700
7,4734	-27,794	66,1750
7,4646	-27,796	66,1800
7,4710	-27,798	66,1850
7,4804	-27,800	66,1900
7,4794	-27,803	66,1950
7,4821	-27,805	66,2000
7,4866	-27,807	66,2050
7,4827	-27,809	66,2100
7,4784	-27,811	66,2150
7,4822	-27,813	66,2200
7,4794	-27,815	66,2250
7,4799	-27,817	66,2300
7,4820	-27,819	66,2350
7,4747	-27,821	66,2400
7,4715	-27,824	66,2450
7,4871	-27,826	66,2500
7,4900	-27,828	66,2550
7,4809	-27,830	66,2600
7,4855	-27,832	66,2650
7,4909	-27,834	66,2700
7,4814	-27,836	66,2750
7,4801	-27,838	66,2800
7,4872	-27,840	66,2850
7,4870	-27,842	66,2900
7,4875	-27,845	66,2950
7,4968	-27,847	66,3000
7,4934	-27,849	66,3050
7,4903	-27,851	66,3100
7,5015	-27,853	66,3150
7,4956	-27,855	66,3200
7,4839	-27,857	66,3250
7,4884	-27,859	66,3300
7,4904	-27,861	66,3350
7,4899	-27,863	66,3400
7,4980	-27,866	66,3450
7,4918	-27,868	66,3500
7,4869	-27,870	66,3550
7,4888	-27,872	66,3600
7,4929	-27,874	66,3650
7,4903	-27,876	66,3700
7,5005	-27,878	66,3750
7,5019	-27,880	66,3800
7,4883	-27,882	66,3850
7,4881	-27,884	66,3900
7,5005	-27,887	66,3950
7,4959	-27,889	66,4000
7,4917	-27,891	66,4050
7,5035	-27,893	66,4100
7,5056	-27,895	66,4150
7,4967	-27,897	66,4200
7,5003	-27,899	66,4250
7,5091	-27,901	66,4300
7,4971	-27,903	66,4350
7,5008	-27,905	66,4400
7,5025	-27,908	66,4450
7,5024	-27,910	66,4500
7,4991	-27,912	66,4550
7,5041	-27,914	66,4600
7,5032	-27,916	66,4650
7,5060	-27,918	66,4700
7,5067	-27,920	66,4750
7,5023	-27,922	66,4800
7,5020	-27,924	66,4850
7,5153	-27,926	66,4900
7,5123	-27,929	66,4950
7,5006	-27,931	66,5000
7,4999	-27,933	66,5050
7,5015	-27,935	66,5100
7,5027	-27,937	66,5150
7,5120	-27,939	66,5200
7,5124	-27,941	66,5250
7,5026	-27,943	66,5300
7,5128	-27,945	66,5350
7,5124	-27,947	66,5400
7,5034	-27,950	66,5450
7,5107	-27,952	66,5500
7,5162	-27,954	66,5550
7,5147	-27,956	66,5600
7,5173	-27,958	66,5650
7,5179	-27,960	66,5700
7,5062	-27,962	66,5750
7,5051	-27,964	66,5800
7,5192	-27,966	66,5850
7,5146	-27,968	66,5900
7,5095	-27,971	66,5950
7,5154	-27,973	66,6000
7,5171	-27,975	66,6050
7,5160	-27,977	66,6100
7,5238	-27,979	66,6150
7,5189	-27,981	66,6200
7,5063	-27,983	66,6250
7,5175	-27,985	66,6300
7,5228	-27,987	66,6350
7,5261	-27,989	66,6400
7,5271	-27,992	66,6450
7,5263	-27,994	66,6500
7,5121	-27,996	66,6550
7,5081	-27,998	66,6600
7,5218	-28,000	66,6650
7,5175	-28,002	66,6700
7,5228	-28,004	66,6750
7,5306	-28,006	66,6800
7,5231	-28,008	66,6850
7,5219	-28,010	66,6900
7,5319	-28,013	66,6950
7,5275	-28,015	66,7000
7,5224	-28,017	66,7050
7,5317	-28,019	66,7100
7,5254	-28,021	66,7150
7,5191	-28,023	66,7200
7,5316	-28,025	66,7250
7,5355	-28,027	66,7300
7,5303	-28,029	66,7350
7,5313	-28,031	66,7400
7,5348	-28,034	66,7450
7,5286	-28,036	66,7500
7,5282	-28,038	66,7550
7,5361	-28,040	66,7600
7,5272	-28,042	66,7650
7,5325	-28,044	66,7700
7,5458	-28,046	66,7750
7,5422	-28,048	66,7800
7,5362	-28,050	66,7850
7,5349	-28,052	66,7900
7,5309	-28,055	66,7950
7,5207	-28,057	66,8000
7,5314	-28,059	66,8050
7,5357	-28,061	66,8100
7,5317	-28,063	66,8150
7,5381	-28,065	66,8200
7,5402	-28,067	66,8250
7,5381	-28,069	66,8300
7,5401	-28,071	66,8350
7,5482	-28,073	66,8400
7,5412	-28,076	66,8450
7,5359	-28,078	66,8500
7,5404	-28,080	66,8550
7,5407	-28,082	66,8600
7,5436	-28,084	66,8650
7,5542	-28,086	66,8700
7,5507	-28,088	66,8750
7,5433	-28,090	66,8800
7,5446	-28,092	66,8850
7,5476	-28,094	66,8900
7,5388	-28,097	66,8950
7,5414	-28,099	66,9000
7,5400	-28,101	66,9050
7,5296	-28,103	66,9100
7,5359	-28,105	66,9150
7,5467	-28,107	66,9200
7,5499	-28,109	66,9250
7,5458	-28,111	66,9300
7,5507	-28,113	66,9350
7,5437	-28,115	66,9400
7,5448	-28,118	66,9450
7,5503	-28,120	66,9500
7,5451	-28,122	66,9550
7,5436	-28,124	66,9600
7,5582	-28,126	66,9650
7,5532	-28,128	66,9700
7,5395	-28,130	66,9750
7,5424	-28,132	66,9800
7,5562	-28,134	66,9850
7,5633	-28,136	66,9900
7,5660	-28,139	66,9950
7,5628	-28,141	67,0000
7,5566	-28,143	67,0050
7,5626	-28,145	67,0100
7,5592	-28,147	67,0150
7,5490	-28,149	67,0200
7,5511	-28,151	67,0250
7,5635	-28,153	67,0300
7,5551	-28,155	67,0350
7,5488	-28,157	67,0400
7,5525	-28,160	67,0450
7,5523	-28,162	67,0500
7,5538	-28,164	67,0550
7,5647	-28,166	67,0600
7,5625	-28,168	67,0650
7,5543	-28,170	67,0700
7,5595	-28,172	67,0750
7,5650	-28,174	67,0800
7,5611	-28,176	67,0850
7,5678	-28,178	67,0900
7,5737	-28,181	67,0950
7,5602	-28,183	67,1000
7,5598	-28,185	67,1050
7,5654	-28,187	67,1100
7,5654	-28,189	67,1150
7,5652	-28,191	67,1200
7,5691	-28,193	67,1250
7,5685	-28,195	67,1300
7,5615	-28,197	67,1350
7,5597	-28,199	67,1400
7,5556	-28,202	67,1450
7,5598	-28,204	67,1500
7,5739	-28,206	67,1550
7,5704	-28,208	67,1600
7,5651	-28,210	67,1650
7,5719	-28,212	67,1700
7,5782	-28,214	67,1750
7,5759	-28,216	67,1800
7,5802	-28,218	67,1850
7,5791	-28,220	67,1900
7,5704	-28,223	67,1950
7,5690	-28,225	67,2000
7,5806	-28,227	67,2050
7,5820	-28,229	67,2100
7,5764	-28,231	67,2150
7,5809	-28,233	67,2200
7,5778	-28,235	67,2250
7,5738	-28,237	67,2300
7,5764	-28,239	67,2350
7,5701	-28,241	67,2400
7,5657	-28,244	67,2450
7,5698	-28,246	67,2500
7,5718	-28,248	67,2550
7,5743	-28,250	67,2600
7,5789	-28,252	67,2650
7,5814	-28,254	67,2700
7,5756	-28,256	67,2750
7,5810	-28,258	67,2800
7,5898	-28,260	67,2850
7,5804	-28,262	67,2900
7,5782	-28,265	67,2950
7,5844	-28,267	67,3000
7,5851	-28,269	67,3050
7,5878	-28,271	67,3100
7,5952	-28,273	67,3150
7,5828	-28,275	67,3200
7,5775	-28,277	67,3250
7,5934	-28,279	67,3300
7,5955	-28,281	67,3350
7,5923	-28,283	67,3400
7,5978	-28,286	67,3450
7,5934	-28,288	67,3500
7,5911	-28,290	67,3550
7,5983	-28,292	67,3600
7,6042	-28,294	67,3650
7,5940	-28,296	67,3700
7,5848	-28,298	67,3750
7,5843	-28,300	67,3800
7,5836	-28,302	67,3850
7,5814	-28,304	67,3900
7,5877	-28,307	67,3950
7,5935	-28,309	67,4000
7,5926	-28,311	67,4050
7,6045	-28,313	67,4100
7,6022	-28,315	67,4150
7,5938	-28,317	67,4200
7,5978	-28,319	67,4250
7,5935	-28,321	67,4300
7,5902	-28,323	67,4350
7,5989	-28,325	67,4400
7,5990	-28,328	67,4450
7,5980	-28,330	67,4500
7,5960	-28,332	67,4550
7,6006	-28,334	67,4600
7,6021	-28,336	67,4650
7,6026	-28,338	67,4700
7,6028	-28,340	67,4750
7,5966	-28,342	67,4800
7,5948	-28,344	67,4850
7,6094	-28,346	67,4900
7,6053	-28,349	67,4950
7,6005	-28,351	67,5000
7,6072	-28,353	67,5050
7,6072	-28,355	67,5100
7,6018	-28,357	67,5150
7,6084	-28,359	67,5200
7,6037	-28,361	67,5250
7,5994	-28,363	67,5300
7,6107	-28,365	67,5350
7,6124	-28,367	67,5400
7,6035	-28,370	67,5450
7,6014	-28,372	67,5500
7,6103	-28,374	67,5550
7,6084	-28,376	67,5600
7,6081	-28,378	67,5650
7,6094	-28,380	67,5700
7,6010	-28,382	67,5750
7,6006	-28,384	67,5800
7,6217	-28,386	67,5850
7,6216	-28,388	67,5900
7,6078	-28,391	67,5950
7,6147	-28,393	67,6000
7,6139	-28,395	67,6050
7,6084	-28,397	67,6100
7,6173	-28,399	67,6150
7,6118	-28,401	67,6200
7,6027	-28,403	67,6250
7,6149	-28,405	67,6300
7,6140	-28,407	67,6350
7,6096	-28,409	67,6400
7,6142	-28,412	67,6450
7,6170	-28,414	67,6500
7,6105	-28,416	67,6550
7,6117	-28,418	67,6600
7,6091	-28,420	67,6650
7,6096	-28,422	67,6700
7,6153	-28,424	67,6750
7,6238	-28,426	67,6800
7,6235	-28,428	67,6850
7,6207	-28,430	67,6900
7,6220	-28,433	67,6950
7,6249	-28,435	67,7000
7,6217	-28,437	67,7050
7,6225	-28,439	67,7100
7,6218	-28,441	67,7150
7,6244	-28,443	67,7200
7,6294	-28,445	67,7250
7,6318	-28,447	67,7300
7,6218	-28,449	67,7350
7,6135	-28,451	67,7400
7,6219	-28,454	67,7450
7,6210	-28,456	67,7500
7,6248	-28,458	67,7550
7,6336	-28,460	67,7600
7,6276	-28,462	67,7650
7,6255	-28,464	67,7700
7,6377	-28,466	67,7750
7,6337	-28,468	67,7800
7,6237	-28,470	67,7850
7,6256	-28,472	67,7900
7,6297	-28,475	67,7950
7,6283	-28,477	67,8000
7,6354	-28,479	67,8050
7,6363	-28,481	67,8100
7,6342	-28,483	67,8150
7,6326	-28,485	67,8200
7,6331	-28,487	67,8250
7,6361	-28,489	67,8300
7,6404	-28,491	67,8350
7,6390	-28,493	67,8400
7,6286	-28,496	67,8450
7,6210	-28,498	67,8500
7,6237	-28,500	67,8550
7,6264	-28,502	67,8600
7,6347	-28,504	67,8650
7,6394	-28,506	67,8700
7,6357	-28,508	67,8750
7,6357	-28,510	67,8800
7,6451	-28,512	67,8850
7,6500	-28,514	67,8900
7,6439	-28,517	67,8950
7,6507	-28,519	67,9000
7,6461	-28,521	67,9050
7,6353	-28,523	67,9100
7,6371	-28,525	67,9150
7,6502	-28,527	67,9200
7,6464	-28,529	67,9250
7,6419	-28,531	67,9300
7,6474	-28,533	67,9350
7,6417	-28,535	67,9400
7,6391	-28,538	67,9450
7,6429	-28,540	67,9500
7,6445	-28,542	67,9550
7,6418	-28,544	67,9600
7,6470	-28,546	67,9650
7,6454	-28,548	67,9700
7,6470	-28,550	67,9750
7,6501	-28,552	67,9800
7,6516	-28,554	67,9850
7,6450	-28,556	67,9900
7,6496	-28,559	67,9950
7,6531	-28,561	68,0000
7,6415	-28,563	68,0050
7,6424	-28,565	68,0100
7,6524	-28,567	68,0150
7,6546	-28,569	68,0200
7,6542	-28,571	68,0250
7,6558	-28,573	68,0300
7,6515	-28,575	68,0350
7,6561	-28,577	68,0400
7,6623	-28,580	68,0450
7,6578	-28,582	68,0500
7,6531	-28,584	68,0550
7,6643	-28,586	68,0600
7,6618	-28,588	68,0650
7,6588	-28,590	68,0700
7,6684	-28,592	68,0750
7,6639	-28,594	68,0800
7,6451	-28,596	68,0850
7,6579	-28,598	68,0900
7,6695	-28,601	68,0950
7,6595	-28,603	68,1000
7,6572	-28,605	68,1050
7,6665	-28,607	68,1100
7,6601	-28,609	68,1150
7,6530	-28,611	68,1200
7,6584	-28,613	68,1250
7,6567	-28,615	68,1300
7,6594	-28,617	68,1350
7,6653	-28,619	68,1400
7,6664	-28,622	68,1450
7,6668	-28,624	68,1500
7,6749	-28,626	68,1550
7,6691	-28,628	68,1600
7,6658	-28,630	68,1650
7,6694	-28,632	68,1700
7,6783	-28,634	68,1750
7,6698	-28,636	68,1800
7,6716	-28,638	68,1850
7,6803	-28,640	68,1900
7,6727	-28,643	68,1950
7,6717	-28,645	68,2000
7,6732	-28,647	68,2050
7,6628	-28,649	68,2100
7,6580	-28,651	68,2150
7,6690	-28,653	68,2200
7,6683	-28,655	68,2250
7,6690	-28,657	68,2300
7,6714	-28,659	68,2350
7,6685	-28,661	68,2400
7,6644	-28,664	68,2450
7,6791	-28,666	68,2500
7,6837	-28,668	68,2550
7,6764	-28,670	68,2600
7,6794	-28,672	68,2650
7,6914	-28,674	68,2700
7,6752	-28,676	68,2750
7,6733	-28,678	68,2800
7,6825	-28,680	68,2850
7,6757	-28,682	68,2900
7,6715	-28,685	68,2950
7,6780	-28,687	68,3000
7,6736	-28,689	68,3050
7,6720	-28,691	68,3100
7,6853	-28,693	68,3150
7,6828	-28,695	68,3200
7,6775	-28,697	68,3250
7,6895	-28,699	68,3300
7,6843	-28,701	68,3350
7,6726	-28,703	68,3400
7,6805	-28,706	68,3450
7,6846	-28,708	68,3500
7,6890	-28,710	68,3550
7,6915	-28,712	68,3600
7,6939	-28,714	68,3650
7,6861	-28,716	68,3700
7,6895	-28,718	68,3750
7,6905	-28,720	68,3800
7,6845	-28,722	68,3850
7,6923	-28,724	68,3900
7,6944	-28,727	68,3950
7,6882	-28,729	68,4000
7,6865	-28,731	68,4050
7,6963	-28,733	68,4100
7,6938	-28,735	68,4150
7,6814	-28,737	68,4200
7,6842	-28,739	68,4250
7,6864	-28,741	68,4300
7,6772	-28,743	68,4350
7,6845	-28,745	68,4400
7,6879	-28,748	68,4450
7,6877	-28,750	68,4500
7,6892	-28,752	68,4550
7,6861	-28,754	68,4600
7,6737	-28,756	68,4650
7,6788	-28,758	68,4700
7,6908	-28,760	68,4750
7,6831	-28,762	68,4800
7,6912	-28,764	68,4850
7,6969	-28,766	68,4900
7,6904	-28,769	68,4950
7,6879	-28,771	68,5000
7,6930	-28,773	68,5050
7,6972	-28,775	68,5100
7,6942	-28,777	68,5150
7,6942	-28,779	68,5200
7,6972	-28,781	68,5250
7,6973	-28,783	68,5300
7,6990	-28,785	68,5350
7,7016	-28,787	68,5400
7,7011	-28,790	68,5450
7,7081	-28,792	68,5500
7,7127	-28,794	68,5550
7,7002	-28,796	68,5600
7,6977	-28,798	68,5650
7,6997	-28,800	68,5700
7,6964	-28,802	68,5750
7,7017	-28,804	68,5800
7,7139	-28,806	68,5850
7,7078	-28,808	68,5900
7,7005	-28,811	68,5950
7,7068	-28,813	68,6000
7,7048	-28,815	68,6050
7,6943	-28,817	68,6100
7,7011	-28,819	68,6150
7,7052	-28,821	68,6200
7,6999	-28,823	68,6250
7,7070	-28,825	68,6300
7,7105	-28,827	68,6350
7,7112	-28,829	68,6400
7,7108	-28,832	68,6450
7,7143	-28,834	68,6500
7,7102	-28,836	68,6550
7,7129	-28,838	68,6600
7,7220	-28,840	68,6650
7,7108	-28,842	68,6700
7,7088	-28,844	68,6750
7,7159	-28,846	68,6800
7,7139	-28,848	68,6850
7,7143	-28,850	68,6900
7,7176	-28,853	68,6950
7,7142	-28,855	68,7000
7,7184	-28,857	68,7050
7,7264	-28,859	68,7100
7,7236	-28,861	68,7150
7,7171	-28,863	68,7200
7,7201	-28,865	68,7250
7,7222	-28,867	68,7300
7,7175	-28,869	68,7350
7,7147	-28,871	68,7400
7,7173	-28,874	68,7450
7,7130	-28,876	68,7500
7,7165	-28,878	68,7550
7,7282	-28,880	68,7600
7,7293	-28,882	68,7650
7,7238	-28,884	68,7700
7,7284	-28,886	68,7750
7,7254	-28,888	68,7800
7,7201	-28,890	68,7850
7,7272	-28,892	68,7900
7,7289	-28,895	68,7950
7,7217	-28,897	68,8000
7,7262	-28,899	68,8050
7,7262	-28,901	68,8100
7,7124	-28,903	68,8150
7,7213	-28,905	68,8200
7,7309	-28,907	68,8250
7,7327	-28,909	68,8300
7,7302	-28,911	68,8350
7,7348	-28,913	68,8400
7,7268	-28,916	68,8450
7,7235	-28,918	68,8500
7,7386	-28,920	68,8550
7,7390	-28,922	68,8600
7,7291	-28,924	68,8650
7,7418	-28,926	68,8700
7,7453	-28,928	68,8750
7,7420	-28,930	68,8800
7,7474	-28,932	68,8850
7,7420	-28,934	68,8900
7,7319	-28,937	68,8950
7,7382	-28,939	68,9000
7,7386	-28,941	68,9050
7,7324	-28,943	68,9100
7,7380	-28,945	68,9150
7,7363	-28,947	68,9200
7,7358	-28,949	68,9250
7,7433	-28,951	68,9300
7,7514	-28,953	68,9350
7,7448	-28,955	68,9400
7,7432	-28,958	68,9450
7,7474	-28,960	68,9500
7,7377	-28,962	68,9550
7,7314	-28,964	68,9600
7,7476	-28,966	68,9650
7,7484	-28,968	68,9700
7,7412	-28,970	68,9750
7,7437	-28,972	68,9800
7,7548	-28,974	68,9850
7,7430	-28,976	68,9900
7,7464	-28,979	68,9950
7,7511	-28,981	69,0000
7,7407	-28,983	69,0050
7,7437	-28,985	69,0100
7,7459	-28,987	69,0150
7,7416	-28,989	69,0200
7,7462	-28,991	69,0250
7,7573	-28,993	69,0300
7,7507	-28,995	69,0350
7,7467	-28,997	69,0400
7,7549	-29,000	69,0450
7,7570	-29,002	69,0500
7,7548	-29,004	69,0550
7,7574	-29,006	69,0600
7,7505	-29,008	69,0650
7,7446	-29,010	69,0700
7,7531	-29,012	69,0750
7,7537	-29,014	69,0800
7,7460	-29,016	69,0850
7,7511	-29,018	69,0900
7,7528	-29,021	69,0950
7,7504	-29,023	69,1000
7,7535	-29,025	69,1050
7,7619	-29,027	69,1100
7,7587	-29,029	69,1150
7,7554	-29,031	69,1200
7,7635	-29,033	69,1250
7,7610	-29,035	69,1300
7,7555	-29,037	69,1350
7,7611	-29,039	69,1400
7,7577	-29,042	69,1450
7,7516	-29,044	69,1500
7,7629	-29,046	69,1550
7,7640	-29,048	69,1600
7,7642	-29,050	69,1650
7,7725	-29,052	69,1700
7,7668	-29,054	69,1750
7,7539	-29,056	69,1800
7,7607	-29,058	69,1850
7,7617	-29,060	69,1900
7,7514	-29,063	69,1950
7,7553	-29,065	69,2000
7,7617	-29,067	69,2050
7,7691	-29,069	69,2100
7,7618	-29,071	69,2150
7,7658	-29,073	69,2200
7,7666	-29,075	69,2250
7,7605	-29,077	69,2300
7,7686	-29,079	69,2350
7,7652	-29,081	69,2400
7,7565	-29,084	69,2450
7,7651	-29,086	69,2500
7,7698	-29,088	69,2550
7,7630	-29,090	69,2600
7,7677	-29,092	69,2650
7,7732	-29,094	69,2700
7,7698	-29,096	69,2750
7,7715	-29,098	69,2800
7,7776	-29,100	69,2850
7,7739	-29,102	69,2900
7,7728	-29,105	69,2950
7,7768	-29,107	69,3000
7,7777	-29,109	69,3050
7,7751	-29,111	69,3100
7,7831	-29,113	69,3150
7,7797	-29,115	69,3200
7,7685	-29,117	69,3250
7,7827	-29,119	69,3300
7,7822	-29,121	69,3350
7,7775	-29,123	69,3400
7,7810	-29,126	69,3450
7,7736	-29,128	69,3500
7,7681	-29,130	69,3550
7,7680	-29,132	69,3600
7,7762	-29,134	69,3650
7,7781	-29,136	69,3700
7,7882	-29,138	69,3750
7,7912	-29,140	69,3800
7,7740	-29,142	69,3850
7,7738	-29,144	69,3900
7,7846	-29,147	69,3950
7,7852	-29,149	69,4000
7,7832	-29,151	69,4050
7,7880	-29,153	69,4100
7,7879	-29,155	69,4150
7,7860	-29,157	69,4200
7,7906	-29,159	69,4250
7,7869	-29,161	69,4300
7,7763	-29,163	69,4350
7,7851	-29,165	69,4400
7,7917	-29,168	69,4450
7,7857	-29,170	69,4500
7,7831	-29,172	69,4550
7,7832	-29,174	69,4600
7,7817	-29,176	69,4650
7,7856	-29,178	69,4700
7,7901	-29,180	69,4750
7,7843	-29,182	69,4800
7,7875	-29,184	69,4850
7,7990	-29,186	69,4900
7,7969	-29,189	69,4950
7,7963	-29,191	69,5000
7,8000	-29,193	69,5050
7,7985	-29,195	69,5100
7,7909	-29,197	69,5150
7,8008	-29,199	69,5200
7,7972	-29,201	69,5250
7,7918	-29,203	69,5300
7,8030	-29,205	69,5350
7,8046	-29,207	69,5400
7,7971	-29,210	69,5450
7,7990	-29,212	69,5500
7,8046	-29,214	69,5550
7,7949	-29,216	69,5600
7,7983	-29,218	69,5650
7,8092	-29,220	69,5700
7,8026	-29,222	69,5750
7,8006	-29,224	69,5800
7,7994	-29,226	69,5850
7,7982	-29,228	69,5900
7,8027	-29,231	69,5950
7,8049	-29,233	69,6000
7,8060	-29,235	69,6050
7,8034	-29,237	69,6100
7,8064	-29,239	69,6150
7,8093	-29,241	69,6200
7,8079	-29,243	69,6250
7,8040	-29,245	69,6300
7,8114	-29,247	69,6350
7,8065	-29,249	69,6400
7,8063	-29,252	69,6450
7,8102	-29,254	69,6500
7,8043	-29,256	69,6550
7,8084	-29,258	69,6600
7,8112	-29,260	69,6650
7,8072	-29,262	69,6700
7,8053	-29,264	69,6750
7,8129	-29,266	69,6800
7,8059	-29,268	69,6850
7,8092	-29,270	69,6900
7,8139	-29,273	69,6950
7,8153	-29,275	69,7000
7,8127	-29,277	69,7050
7,8235	-29,279	69,7100
7,8213	-29,281	69,7150
7,8120	-29,283	69,7200
7,8125	-29,285	69,7250
7,8127	-29,287	69,7300
7,8122	-29,289	69,7350
7,8195	-29,291	69,7400
7,8241	-29,294	69,7450
7,8111	-29,296	69,7500
7,8058	-29,298	69,7550
7,8194	-29,300	69,7600
7,8237	-29,302	69,7650
7,8286	-29,304	69,7700
7,8371	-29,306	69,7750
7,8269	-29,308	69,7800
7,8194	-29,310	69,7850
7,8212	-29,312	69,7900
7,8232	-29,315	69,7950
7,8176	-29,317	69,8000
7,8259	-29,319	69,8050
7,8248	-29,321	69,8100
7,8155	-29,323	69,8150
7,8128	-29,325	69,8200
7,8195	-29,327	69,8250
7,8185	-29,329	69,8300
7,8156	-29,331	69,8350
7,8218	-29,333	69,8400
7,8195	-29,336	69,8450
7,8192	-29,338	69,8500
7,8324	-29,340	69,8550
7,8310	-29,342	69,8600
7,8296	-29,344	69,8650
7,8377	-29,346	69,8700
7,8265	-29,348	69,8750
7,8249	-29,350	69,8800
7,8307	-29,352	69,8850
7,8309	-29,354	69,8900
7,8215	-29,357	69,8950
7,8264	-29,359	69,9000
7,8308	-29,361	69,9050
7,8303	-29,363	69,9100
7,8345	-29,365	69,9150
7,8385	-29,367	69,9200
7,8358	-29,369	69,9250
7,8325	-29,371	69,9300
7,8389	-29,373	69,9350
7,8403	-29,375	69,9400
7,8404	-29,378	69,9450
7,8434	-29,380	69,9500
7,8415	-29,382	69,9550
7,8339	-29,384	69,9600
7,8453	-29,386	69,9650
7,8473	-29,388	69,9700
7,8389	-29,390	69,9750
7,8430	-29,392	69,9800
7,8455	-29,394	69,9850
7,8329	-29,396	69,9900
7,8402	-29,399	69,9950
7,8495	-29,401	70,0000
7,8445	-29,403	70,0050
7,8462	-29,405	70,0100
7,8468	-29,407	70,0150
7,8386	-29,409	70,0200
7,8367	-29,411	70,0250
7,8453	-29,413	70,0300
7,8413	-29,415	70,0350
7,8416	-29,417	70,0400
7,8428	-29,420	70,0450
7,8420	-29,422	70,0500
7,8372	-29,424	70,0550
7,8500	-29,426	70,0600
7,8489	-29,428	70,0650
7,8473	-29,430	70,0700
7,8479	-29,432	70,0750
7,8469	-29,434	70,0800
7,8408	-29,436	70,0850
7,8470	-29,438	70,0900
7,8502	-29,441	70,0950
7,8458	-29,443	70,1000
7,8514	-29,445	70,1050
7,8566	-29,447	70,1100
7,8464	-29,449	70,1150
7,8472	-29,451	70,1200
7,8571	-29,453	70,1250
7,8579	-29,455	70,1300
7,8529	-29,457	70,1350
7,8567	-29,459	70,1400
7,8548	-29,462	70,1450
7,8492	-29,464	70,1500
7,8595	-29,466	70,1550
7,8513	-29,468	70,1600
7,8520	-29,470	70,1650
7,8534	-29,472	70,1700
7,8557	-29,474	70,1750
7,8503	-29,476	70,1800
7,8592	-29,478	70,1850
7,8608	-29,480	70,1900
7,8543	-29,483	70,1950
7,8621	-29,485	70,2000
7,8707	-29,487	70,2050
7,8597	-29,489	70,2100
7,8560	-29,491	70,2150
7,8675	-29,493	70,2200
7,8660	-29,495	70,2250
7,8604	-29,497	70,2300
7,8685	-29,499	70,2350
7,8630	-29,501	70,2400
7,8532	-29,504	70,2450
7,8665	-29,506	70,2500
7,8758	-29,508	70,2550
7,8742	-29,510	70,2600
7,8708	-29,512	70,2650
7,8715	-29,514	70,2700
7,8633	-29,516	70,2750
7,8712	-29,518	70,2800
7,8721	-29,520	70,2850
7,8633	-29,522	70,2900
7,8629	-29,525	70,2950
7,8756	-29,527	70,3000
7,8709	-29,529	70,3050
7,8620	-29,531	70,3100
7,8687	-29,533	70,3150
7,8696	-29,535	70,3200
7,8728	-29,537	70,3250
7,8802	-29,539	70,3300
7,8769	-29,541	70,3350
7,8687	-29,543	70,3400
7,8743	-29,546	70,3450
7,8756	-29,548	70,3500
7,8735	-29,550	70,3550
7,8824	-29,552	70,3600
7,8829	-29,554	70,3650
7,8770	-29,556	70,3700
7,8823	-29,558	70,3750
7,8838	-29,560	70,3800
7,8776	-29,562	70,3850
7,8781	-29,564	70,3900
7,8872	-29,567	70,3950
7,8877	-29,569	70,4000
7,8836	-29,571	70,4050
7,8897	-29,573	70,4100
7,8889	-29,575	70,4150
7,8798	-29,577	70,4200
7,8784	-29,579	70,4250
7,8792	-29,581	70,4300
7,8757	-29,583	70,4350
7,8812	-29,585	70,4400
7,8837	-29,588	70,4450
7,8846	-29,590	70,4500
7,8916	-29,592	70,4550
7,8976	-29,594	70,4600
7,8880	-29,596	70,4650
7,8851	-29,598	70,4700
7,8809	-29,600	70,4750
7,8780	-29,602	70,4800
7,8877	-29,604	70,4850
7,9003	-29,606	70,4900
7,8965	-29,609	70,4950
7,8987	-29,611	70,5000
7,9059	-29,613	70,5050
7,8960	-29,615	70,5100
7,8858	-29,617	70,5150
7,8918	-29,619	70,5200
7,8907	-29,621	70,5250
7,8848	-29,623	70,5300
7,8956	-29,625	70,5350
7,9004	-29,627	70,5400
7,8915	-29,630	70,5450
7,8937	-29,632	70,5500
7,9076	-29,634	70,5550
7,8970	-29,636	70,5600
7,8951	-29,638	70,5650
7,8960	-29,640	70,5700
7,8895	-29,642	70,5750
7,8936	-29,644	70,5800
7,9057	-29,646	70,5850
7,8966	-29,648	70,5900
7,8839	-29,651	70,5950
7,8930	-29,653	70,6000
7,9021	-29,655	70,6050
7,8998	-29,657	70,6100
7,9062	-29,659	70,6150
7,9067	-29,661	70,6200
7,8967	-29,663	70,6250
7,9085	-29,665	70,6300
7,9118	-29,667	70,6350
7,9059	-29,669	70,6400
7,9071	-29,672	70,6450
7,9114	-29,674	70,6500
7,9009	-29,676	70,6550
7,9051	-29,678	70,6600
7,9182	-29,680	70,6650
7,9135	-29,682	70,6700
7,9104	-29,684	70,6750
7,9172	-29,686	70,6800
7,9081	-29,688	70,6850
7,9015	-29,690	70,6900
7,9086	-29,693	70,6950
7,9118	-29,695	70,7000
7,9104	-29,697	70,7050
7,9154	-29,699	70,7100
7,9137	-29,701	70,7150
7,9053	-29,703	70,7200
7,9054	-29,705	70,7250
7,9093	-29,707	70,7300
7,9101	-29,709	70,7350
7,9172	-29,711	70,7400
7,9251	-29,714	70,7450
7,9169	-29,716	70,7500
7,9153	-29,718	70,7550
7,9182	-29,720	70,7600
7,9119	-29,722	70,7650
7,9145	-29,724	70,7700
7,9256	-29,726	70,7750
7,9217	-29,728	70,7800
7,9154	-29,730	70,7850
7,9235	-29,732	70,7900
7,9275	-29,735	70,7950
7,9227	-29,737	70,8000
7,9235	-29,739	70,8050
7,9194	-29,741	70,8100
7,9125	-29,743	70,8150
7,9141	-29,745	70,8200
7,9169	-29,747	70,8250
7,9224	-29,749	70,8300
7,9301	-29,751	70,8350
7,9332	-29,753	70,8400
7,9270	-29,756	70,8450
7,9316	-29,758	70,8500
7,9373	-29,760	70,8550
7,9258	-29,762	70,8600
7,9240	-29,764	70,8650
7,9334	-29,766	70,8700
7,9264	-29,768	70,8750
7,9181	-29,770	70,8800
7,9238	-29,772	70,8850
7,9307	-29,774	70,8900
7,9256	-29,777	70,8950
7,9325	-29,779	70,9000
7,9379	-29,781	70,9050
7,9247	-29,783	70,9100
7,9273	-29,785	70,9150
7,9351	-29,787	70,9200
7,9271	-29,789	70,9250
7,9269	-29,791	70,9300
7,9355	-29,793	70,9350
7,9313	-29,795	70,9400
7,9335	-29,798	70,9450
7,9390	-29,800	70,9500
7,9303	-29,802	70,9550
7,9265	-29,804	70,9600
7,9396	-29,806	70,9650
7,9434	-29,808	70,9700
7,9331	-29,810	70,9750
7,9326	-29,812	70,9800
7,9368	-29,814	70,9850
7,9304	-29,816	70,9900
7,9371	-29,819	70,9950
7,9398	-29,821	71,0000
7,9272	-29,823	71,0050
7,9353	-29,825	71,0100
7,9454	-29,827	71,0150
7,9395	-29,829	71,0200
7,9297	-29,831	71,0250
7,9426	-29,833	71,0300
7,9467	-29,835	71,0350
7,9415	-29,837	71,0400
7,9363	-29,840	71,0450
7,9338	-29,842	71,0500
7,9369	-29,844	71,0550
7,9508	-29,846	71,0600
7,9451	-29,848	71,0650
7,9375	-29,850	71,0700
7,9478	-29,852	71,0750
7,9517	-29,854	71,0800
7,9475	-29,856	71,0850
7,9442	-29,858	71,0900
7,9435	-29,861	71,0950
7,9356	-29,863	71,1000
7,9393	-29,865	71,1050
7,9459	-29,867	71,1100
7,9453	-29,869	71,1150
7,9502	-29,871	71,1200
7,9560	-29,873	71,1250
7,9487	-29,875	71,1300
7,9454	-29,877	71,1350
7,9619	-29,879	71,1400
7,9523	-29,882	71,1450
7,9408	-29,884	71,1500
7,9523	-29,886	71,1550
7,9554	-29,888	71,1600
7,9519	-29,890	71,1650
7,9559	-29,892	71,1700
7,9609	-29,894	71,1750
7,9569	-29,896	71,1800
7,9625	-29,898	71,1850
7,9631	-29,900	71,1900
7,9525	-29,903	71,1950
7,9484	-29,905	71,2000
7,9608	-29,907	71,2050
7,9609	-29,909	71,2100
7,9591	-29,911	71,2150
7,9674	-29,913	71,2200
7,9548	-29,915	71,2250
7,9518	-29,917	71,2300
7,9624	-29,919	71,2350
7,9640	-29,921	71,2400
7,9593	-29,924	71,2450
7,9642	-29,926	71,2500
7,9561	-29,928	71,2550
7,9544	-29,930	71,2600
7,9595	-29,932	71,2650
7,9641	-29,934	71,2700
7,9571	-29,936	71,2750
7,9651	-29,938	71,2800
7,9668	-29,940	71,2850
7,9612	-29,942	71,2900
7,9665	-29,945	71,2950
7,9766	-29,947	71,3000
7,9687	-29,949	71,3050
7,9629	-29,951	71,3100
7,9617	-29,953	71,3150
7,9605	-29,955	71,3200
7,9672	-29,957	71,3250
7,9805	-29,959	71,3300
7,9747	-29,961	71,3350
7,9659	-29,963	71,3400
7,9715	-29,966	71,3450
7,9748	-29,968	71,3500
7,9666	-29,970	71,3550
7,9712	-29,972	71,3600
7,9804	-29,974	71,3650
7,9751	-29,976	71,3700
7,9738	-29,978	71,3750
7,9745	-29,980	71,3800
7,9723	-29,982	71,3850
7,9784	-29,984	71,3900
7,9879	-29,987	71,3950
7,9785	-29,989	71,4000
7,9720	-29,991	71,4050
7,9810	-29,993	71,4100
7,9809	-29,995	71,4150
7,9795	-29,997	71,4200
7,9861	-29,999	71,4250
7,9879	-30,001	71,4300
7,9851	-30,003	71,4350
7,9987	-30,005	71,4400
7,9960	-30,008	71,4450
7,9784	-30,010	71,4500
7,9773	-30,012	71,4550
7,9835	-30,014	71,4600
7,9795	-30,016	71,4650
7,9835	-30,018	71,4700
7,9855	-30,020	71,4750
7,9778	-30,022	71,4800
7,9787	-30,024	71,4850
7,9903	-30,026	71,4900
7,9800	-30,029	71,4950
7,9739	-30,031	71,5000
7,9864	-30,033	71,5050
7,9885	-30,035	71,5100
7,9841	-30,037	71,5150
7,9895	-30,039	71,5200
7,9903	-30,041	71,5250
7,9875	-30,043	71,5300
7,9906	-30,045	71,5350
7,9935	-30,047	71,5400
7,9813	-30,050	71,5450
7,9819	-30,052	71,5500
7,9925	-30,054	71,5550
7,9875	-30,056	71,5600
7,9914	-30,058	71,5650
7,9991	-30,060	71,5700
7,9929	-30,062	71,5750
7,9911	-30,064	71,5800
8,0031	-30,066	71,5850
7,9980	-30,068	71,5900
7,9890	-30,071	71,5950
7,9951	-30,073	71,6000
7,9998	-30,075	71,6050
7,9939	-30,077	71,6100
7,9971	-30,079	71,6150
7,9958	-30,081	71,6200
7,9924	-30,083	71,6250
8,0028	-30,085	71,6300
8,0119	-30,087	71,6350
8,0100	-30,089	71,6400
8,0041	-30,092	71,6450
8,0042	-30,094	71,6500
8,0003	-30,096	71,6550
8,0006	-30,098	71,6600
8,0039	-30,100	71,6650
7,9958	-30,102	71,6700
7,9957	-30,104	71,6750
8,0020	-30,106	71,6800
8,0020	-30,108	71,6850
8,0040	-30,110	71,6900
8,0110	-30,113	71,6950
8,0065	-30,115	71,7000
8,0004	-30,117	71,7050
8,0147	-30,119	71,7100
8,0184	-30,121	71,7150
8,0055	-30,123	71,7200
8,0091	-30,125	71,7250
8,0114	-30,127	71,7300
8,0038	-30,129	71,7350
8,0093	-30,131	71,7400
8,0119	-30,134	71,7450
8,0037	-30,136	71,7500
8,0056	-30,138	71,7550
8,0138	-30,140	71,7600
8,0044	-30,142	71,7650
7,9998	-30,144	71,7700
8,0166	-30,146	71,7750
8,0144	-30,148	71,7800
8,0139	-30,150	71,7850
8,0190	-30,152	71,7900
8,0177	-30,155	71,7950
8,0095	-30,157	71,8000
8,0178	-30,159	71,8050
8,0229	-30,161	71,8100
8,0207	-30,163	71,8150
8,0264	-30,165	71,8200
8,0335	-30,167	71,8250
8,0262	-30,169	71,8300
8,0213	-30,171	71,8350
8,0227	-30,173	71,8400
8,0138	-30,176	71,8450
8,0110	-30,178	71,8500
8,0296	-30,180	71,8550
8,0312	-30,182	71,8600
8,0225	-30,184	71,8650
8,0267	-30,186	71,8700
8,0248	-30,188	71,8750
8,0249	-30,190	71,8800
8,0324	-30,192	71,8850
8,0300	-30,194	71,8900
8,0205	-30,197	71,8950
8,0333	-30,199	71,9000
8,0367	-30,201	71,9050
8,0248	-30,203	71,9100
8,0310	-30,205	71,9150
8,0360	-30,207	71,9200
8,0273	-30,209	71,9250
8,0263	-30,211	71,9300
8,0375	-30,213	71,9350
8,0298	-30,215	71,9400
8,0253	-30,218	71,9450
8,0284	-30,220	71,9500
8,0277	-30,222	71,9550
8,0298	-30,224	71,9600
8,0358	-30,226	71,9650
8,0375	-30,228	71,9700
8,0342	-30,230	71,9750
8,0390	-30,232	71,9800
8,0372	-30,234	71,9850
8,0317	-30,236	71,9900
8,0400	-30,239	71,9950
8,0409	-30,241	72,0000
8,0342	-30,243	72,0050
8,0405	-30,245	72,0100
8,0455	-30,247	72,0150
8,0350	-30,249	72,0200
8,0341	-30,251	72,0250
8,0443	-30,253	72,0300
8,0418	-30,255	72,0350
8,0415	-30,257	72,0400
8,0521	-30,260	72,0450
8,0456	-30,262	72,0500
8,0430	-30,264	72,0550
8,0498	-30,266	72,0600
8,0440	-30,268	72,0650
8,0371	-30,270	72,0700
8,0404	-30,272	72,0750
8,0493	-30,274	72,0800
8,0459	-30,276	72,0850
8,0598	-30,278	72,0900
8,0577	-30,281	72,0950
8,0421	-30,283	72,1000
8,0461	-30,285	72,1050
8,0463	-30,287	72,1100
8,0361	-30,289	72,1150
8,0330	-30,291	72,1200
8,0472	-30,293	72,1250
8,0446	-30,295	72,1300
8,0442	-30,297	72,1350
8,0625	-30,299	72,1400
8,0533	-30,302	72,1450
8,0465	-30,304	72,1500
8,0565	-30,306	72,1550
8,0558	-30,308	72,1600
8,0495	-30,310	72,1650
8,0553	-30,312	72,1700
8,0575	-30,314	72,1750
8,0531	-30,316	72,1800
8,0620	-30,318	72,1850
8,0649	-30,320	72,1900
8,0557	-30,323	72,1950
8,0574	-30,325	72,2000
8,0639	-30,327	72,2050
8,0531	-30,329	72,2100
8,0581	-30,331	72,2150
8,0716	-30,333	72,2200
8,0623	-30,335	72,2250
8,0552	-30,337	72,2300
8,0626	-30,339	72,2350
8,0598	-30,341	72,2400
8,0506	-30,344	72,2450
8,0550	-30,346	72,2500
8,0512	-30,348	72,2550
8,0554	-30,350	72,2600
8,0677	-30,352	72,2650
8,0667	-30,354	72,2700
8,0544	-30,356	72,2750
8,0575	-30,358	72,2800
8,0587	-30,360	72,2850
8,0540	-30,362	72,2900
8,0522	-30,365	72,2950
8,0613	-30,367	72,3000
8,0618	-30,369	72,3050
8,0612	-30,371	72,3100
8,0689	-30,373	72,3150
8,0663	-30,375	72,3200
8,0679	-30,377	72,3250
8,0775	-30,379	72,3300
8,0682	-30,381	72,3350
8,0612	-30,383	72,3400
8,0720	-30,386	72,3450
8,0727	-30,388	72,3500
8,0655	-30,390	72,3550
8,0702	-30,392	72,3600
8,0801	-30,394	72,3650
8,0720	-30,396	72,3700
8,0713	-30,398	72,3750
8,0726	-30,400	72,3800
8,0631	-30,402	72,3850
8,0657	-30,404	72,3900
8,0749	-30,407	72,3950
8,0715	-30,409	72,4000
8,0665	-30,411	72,4050
8,0790	-30,413	72,4100
8,0811	-30,415	72,4150
8,0693	-30,417	72,4200
8,0799	-30,419	72,4250
8,0804	-30,421	72,4300
8,0761	-30,423	72,4350
8,0796	-30,425	72,4400
8,0802	-30,428	72,4450
8,0766	-30,430	72,4500
8,0831	-30,432	72,4550
8,0925	-30,434	72,4600
8,0824	-30,436	72,4650
8,0829	-30,438	72,4700
8,0872	-30,440	72,4750
8,0777	-30,442	72,4800
8,0728	-30,444	72,4850
8,0828	-30,446	72,4900
8,0836	-30,449	72,4950
8,0799	-30,451	72,5000
8,0879	-30,453	72,5050
8,0893	-30,455	72,5100
8,0779	-30,457	72,5150
8,0862	-30,459	72,5200
8,0862	-30,461	72,5250
8,0789	-30,463	72,5300
8,0863	-30,465	72,5350
8,0927	-30,467	72,5400
8,0902	-30,470	72,5450
8,0897	-30,472	72,5500
8,0929	-30,474	72,5550
8,0875	-30,476	72,5600
8,0902	-30,478	72,5650
8,0950	-30,480	72,5700
8,0835	-30,482	72,5750
8,0867	-30,484	72,5800
8,0976	-30,486	72,5850
8,0868	-30,488	72,5900
8,0863	-30,491	72,5950
8,1005	-30,493	72,6000
8,1015	-30,495	72,6050
8,0960	-30,497	72,6100
8,1021	-30,499	72,6150
8,0922	-30,501	72,6200
8,0773	-30,503	72,6250
8,0834	-30,505	72,6300
8,0891	-30,507	72,6350
8,0896	-30,509	72,6400
8,0911	-30,512	72,6450
8,1004	-30,514	72,6500
8,0939	-30,516	72,6550
8,0916	-30,518	72,6600
8,0992	-30,520	72,6650
8,0910	-30,522	72,6700
8,0955	-30,524	72,6750
8,1080	-30,526	72,6800
8,1045	-30,528	72,6850
8,1009	-30,530	72,6900
8,1033	-30,533	72,6950
8,1077	-30,535	72,7000
8,0990	-30,537	72,7050
8,1050	-30,539	72,7100
8,1080	-30,541	72,7150
8,1015	-30,543	72,7200
8,1076	-30,545	72,7250
8,1158	-30,547	72,7300
8,1071	-30,549	72,7350
8,1038	-30,551	72,7400
8,1111	-30,554	72,7450
8,1047	-30,556	72,7500
8,1084	-30,558	72,7550
8,1129	-30,560	72,7600
8,1085	-30,562	72,7650
8,1088	-30,564	72,7700
8,1140	-30,566	72,7750
8,1078	-30,568	72,7800
8,1065	-30,570	72,7850
8,1221	-30,572	72,7900
8,1195	-30,575	72,7950
8,1136	-30,577	72,8000
8,1186	-30,579	72,8050
8,1147	-30,581	72,8100
8,1029	-30,583	72,8150
8,1101	-30,585	72,8200
8,1203	-30,587	72,8250
8,1163	-30,589	72,8300
8,1122	-30,591	72,8350
8,1181	-30,593	72,8400
8,1127	-30,596	72,8450
8,1149	-30,598	72,8500
8,1243	-30,600	72,8550
8,1175	-30,602	72,8600
8,1142	-30,604	72,8650
8,1196	-30,606	72,8700
8,1133	-30,608	72,8750
8,1126	-30,610	72,8800
8,1260	-30,612	72,8850
8,1323	-30,614	72,8900
8,1298	-30,617	72,8950
8,1286	-30,619	72,9000
8,1242	-30,621	72,9050
8,1159	-30,623	72,9100
8,1269	-30,625	72,9150
8,1349	-30,627	72,9200
8,1296	-30,629	72,9250
8,1233	-30,631	72,9300
8,1315	-30,633	72,9350
8,1295	-30,635	72,9400
8,1304	-30,638	72,9450
8,1335	-30,640	72,9500
8,1238	-30,642	72,9550
8,1224	-30,644	72,9600
8,1411	-30,646	72,9650
8,1385	-30,648	72,9700
8,1240	-30,650	72,9750
8,1278	-30,652	72,9800
8,1328	-30,654	72,9850
8,1214	-30,656	72,9900
8,1277	-30,659	72,9950
8,1371	-30,661	73,0000
8,1308	-30,663	73,0050
8,1304	-30,665	73,0100
8,1355	-30,667	73,0150
8,1385	-30,669	73,0200
8,1381	-30,671	73,0250
8,1426	-30,673	73,0300
8,1316	-30,675	73,0350
8,1241	-30,677	73,0400
8,1363	-30,680	73,0450
8,1320	-30,682	73,0500
8,1256	-30,684	73,0550
8,1307	-30,686	73,0600
8,1344	-30,688	73,0650
8,1374	-30,690	73,0700
8,1422	-30,692	73,0750
8,1439	-30,694	73,0800
8,1374	-30,696	73,0850
8,1433	-30,698	73,0900
8,1520	-30,701	73,0950
8,1480	-30,703	73,1000
8,1423	-30,705	73,1050
8,1423	-30,707	73,1100
8,1418	-30,709	73,1150
8,1402	-30,711	73,1200
8,1457	-30,713	73,1250
8,1447	-30,715	73,1300
8,1411	-30,717	73,1350
8,1509	-30,719	73,1400
8,1488	-30,722	73,1450
8,1446	-30,724	73,1500
8,1513	-30,726	73,1550
8,1487	-30,728	73,1600
8,1410	-30,730	73,1650
8,1433	-30,732	73,1700
8,1445	-30,734	73,1750
8,1398	-30,736	73,1800
8,1442	-30,738	73,1850
8,1513	-30,740	73,1900
8,1493	-30,743	73,1950
8,1516	-30,745	73,2000
8,1549	-30,747	73,2050
8,1528	-30,749	73,2100
8,1542	-30,751	73,2150
8,1556	-30,753	73,2200
8,1448	-30,755	73,2250
8,1476	-30,757	73,2300
8,1554	-30,759	73,2350
8,1460	-30,761	73,2400
8,1491	-30,764	73,2450
8,1678	-30,766	73,2500
8,1659	-30,768	73,2550
8,1549	-30,770	73,2600
8,1575	-30,772	73,2650
8,1630	-30,774	73,2700
8,1542	-30,776	73,2750
8,1517	-30,778	73,2800
8,1558	-30,780	73,2850
8,1567	-30,782	73,2900
8,1578	-30,785	73,2950
8,1636	-30,787	73,3000
8,1632	-30,789	73,3050
8,1633	-30,791	73,3100
8,1686	-30,793	73,3150
8,1670	-30,795	73,3200
8,1613	-30,797	73,3250
8,1739	-30,799	73,3300
8,1727	-30,801	73,3350
8,1598	-30,803	73,3400
8,1636	-30,806	73,3450
8,1689	-30,808	73,3500
8,1647	-30,810	73,3550
8,1605	-30,812	73,3600
8,1671	-30,814	73,3650
8,1660	-30,816	73,3700
8,1710	-30,818	73,3750
8,1691	-30,820	73,3800
8,1601	-30,822	73,3850
8,1662	-30,824	73,3900
8,1781	-30,827	73,3950
8,1773	-30,829	73,4000
8,1738	-30,831	73,4050
8,1800	-30,833	73,4100
8,1764	-30,835	73,4150
8,1662	-30,837	73,4200
8,1765	-30,839	73,4250
8,1799	-30,841	73,4300
8,1738	-30,843	73,4350
8,1782	-30,845	73,4400
8,1769	-30,848	73,4450
8,1702	-30,850	73,4500
8,1745	-30,852	73,4550
8,1857	-30,854	73,4600
8,1756	-30,856	73,4650
8,1735	-30,858	73,4700
8,1835	-30,860	73,4750
8,1755	-30,862	73,4800
8,1780	-30,864	73,4850
8,1839	-30,866	73,4900
8,1818	-30,869	73,4950
8,1822	-30,871	73,5000
8,1806	-30,873	73,5050
8,1838	-30,875	73,5100
8,1772	-30,877	73,5150
8,1841	-30,879	73,5200
8,1829	-30,881	73,5250
8,1779	-30,883	73,5300
8,1821	-30,885	73,5350
8,1851	-30,887	73,5400
8,1841	-30,890	73,5450
8,1899	-30,892	73,5500
8,1970	-30,894	73,5550
8,1917	-30,896	73,5600
8,1945	-30,898	73,5650
8,1902	-30,900	73,5700
8,1807	-30,902	73,5750
8,1819	-30,904	73,5800
8,1910	-30,906	73,5850
8,1920	-30,908	73,5900
8,1906	-30,911	73,5950
8,2005	-30,913	73,6000
8,1989	-30,915	73,6050
8,1855	-30,917	73,6100
8,1883	-30,919	73,6150
8,1940	-30,921	73,6200
8,1915	-30,923	73,6250
8,1966	-30,925	73,6300
8,1922	-30,927	73,6350
8,1823	-30,929	73,6400
8,1843	-30,932	73,6450
8,1903	-30,934	73,6500
8,1892	-30,936	73,6550
8,1908	-30,938	73,6600
8,2002	-30,940	73,6650
8,1929	-30,942	73,6700
8,1899	-30,944	73,6750
8,1980	-30,946	73,6800
8,1910	-30,948	73,6850
8,1920	-30,950	73,6900
8,1995	-30,953	73,6950
8,2020	-30,955	73,7000
8,1911	-30,957	73,7050
8,2010	-30,959	73,7100
8,2022	-30,961	73,7150
8,1885	-30,963	73,7200
8,2001	-30,965	73,7250
8,2115	-30,967	73,7300
8,2032	-30,969	73,7350
8,1979	-30,971	73,7400
8,2055	-30,974	73,7450
8,2016	-30,976	73,7500
8,2040	-30,978	73,7550
8,2115	-30,980	73,7600
8,2099	-30,982	73,7650
8,2087	-30,984	73,7700
8,2151	-30,986	73,7750
8,2142	-30,988	73,7800
8,2055	-30,990	73,7850
8,2109	-30,992	73,7900
8,2078	-30,995	73,7950
8,1975	-30,997	73,8000
8,2033	-30,999	73,8050
8,2102	-31,001	73,8100
8,2068	-31,003	73,8150
8,2124	-31,005	73,8200
8,2176	-31,007	73,8250
8,2125	-31,009	73,8300
8,2076	-31,011	73,8350
8,2151	-31,013	73,8400
8,2132	-31,016	73,8450
8,2094	-31,018	73,8500
8,2159	-31,020	73,8550
8,2117	-31,022	73,8600
8,2052	-31,024	73,8650
8,2133	-31,026	73,8700
8,2109	-31,028	73,8750
8,2150	-31,030	73,8800
8,2261	-31,032	73,8850
8,2267	-31,034	73,8900
8,2152	-31,037	73,8950
8,2195	-31,039	73,9000
8,2209	-31,041	73,9050
8,2185	-31,043	73,9100
8,2220	-31,045	73,9150
8,2256	-31,047	73,9200
8,2214	-31,049	73,9250
8,2300	-31,051	73,9300
8,2371	-31,053	73,9350
8,2224	-31,055	73,9400
8,2147	-31,058	73,9450
8,2190	-31,060	73,9500
8,2164	-31,062	73,9550
8,2106	-31,064	73,9600
8,2218	-31,066	73,9650
8,2269	-31,068	73,9700
8,2277	-31,070	73,9750
8,2257	-31,072	73,9800
8,2220	-31,074	73,9850
8,2085	-31,076	73,9900
8,2231	-31,079	73,9950
8,2346	-31,081	74,0000
8,2251	-31,083	74,0050
8,2258	-31,085	74,0100
8,2270	-31,087	74,0150
8,2175	-31,089	74,0200
8,2190	-31,091	74,0250
8,2251	-31,093	74,0300
8,2244	-31,095	74,0350
8,2231	-31,097	74,0400
8,2335	-31,100	74,0450
8,2314	-31,102	74,0500
8,2198	-31,104	74,0550
8,2341	-31,106	74,0600
8,2326	-31,108	74,0650
8,2309	-31,110	74,0700
8,2394	-31,112	74,0750
8,2417	-31,114	74,0800
8,2292	-31,116	74,0850
8,2332	-31,118	74,0900
8,2341	-31,121	74,0950
8,2279	-31,123	74,1000
8,2306	-31,125	74,1050
8,2368	-31,127	74,1100
8,2324	-31,129	74,1150
8,2371	-31,131	74,1200
8,2467	-31,133	74,1250
8,2450	-31,135	74,1300
8,2465	-31,137	74,1350
8,2542	-31,139	74,1400
8,2472	-31,142	74,1450
8,2405	-31,144	74,1500
8,2509	-31,146	74,1550
8,2481	-31,148	74,1600
8,2444	-31,150	74,1650
8,2447	-31,152	74,1700
8,2439	-31,154	74,1750
8,2326	-31,156	74,1800
8,2364	-31,158	74,1850
8,2421	-31,160	74,1900
8,2402	-31,163	74,1950
8,2439	-31,165	74,2000
8,2541	-31,167	74,2050
8,2513	-31,169	74,2100
8,2535	-31,171	74,2150
8,2697	-31,173	74,2200
8,2601	-31,175	74,2250
8,2499	-31,177	74,2300
8,2544	-31,179	74,2350
8,2465	-31,181	74,2400
8,2423	-31,184	74,2450
8,2549	-31,186	74,2500
8,2564	-31,188	74,2550
8,2522	-31,190	74,2600
8,2541	-31,192	74,2650
8,2595	-31,194	74,2700
8,2530	-31,196	74,2750
8,2552	-31,198	74,2800
8,2597	-31,200	74,2850
8,2598	-31,202	74,2900
8,2574	-31,205	74,2950
8,2565	-31,207	74,3000
8,2555	-31,209	74,3050
8,2518	-31,211	74,3100
8,2571	-31,213	74,3150
8,2581	-31,215	74,3200
8,2583	-31,217	74,3250
8,2645	-31,219	74,3300
8,2613	-31,221	74,3350
8,2547	-31,223	74,3400
8,2629	-31,226	74,3450
8,2661	-31,228	74,3500
8,2716	-31,230	74,3550
8,2759	-31,232	74,3600
8,2729	-31,234	74,3650
8,2573	-31,236	74,3700
8,2558	-31,238	74,3750
8,2630	-31,240	74,3800
8,2562	-31,242	74,3850
8,2586	-31,244	74,3900
8,2688	-31,247	74,3950
8,2659	-31,249	74,4000
8,2648	-31,251	74,4050
8,2692	-31,253	74,4100
8,2668	-31,255	74,4150
8,2639	-31,257	74,4200
8,2679	-31,259	74,4250
8,2636	-31,261	74,4300
8,2534	-31,263	74,4350
8,2675	-31,265	74,4400
8,2760	-31,268	74,4450
8,2755	-31,270	74,4500
8,2710	-31,272	74,4550
8,2743	-31,274	74,4600
8,2637	-31,276	74,4650
8,2683	-31,278	74,4700
8,2823	-31,280	74,4750
8,2780	-31,282	74,4800
8,2777	-31,284	74,4850
8,2803	-31,286	74,4900
8,2780	-31,289	74,4950
8,2759	-31,291	74,5000
8,2776	-31,293	74,5050
8,2762	-31,295	74,5100
8,2723	-31,297	74,5150
8,2808	-31,299	74,5200
8,2795	-31,301	74,5250
8,2804	-31,303	74,5300
8,2846	-31,305	74,5350
8,2855	-31,307	74,5400
8,2820	-31,310	74,5450
8,2787	-31,312	74,5500
8,2823	-31,314	74,5550
8,2729	-31,316	74,5600
8,2751	-31,318	74,5650
8,2850	-31,320	74,5700
8,2803	-31,322	74,5750
8,2774	-31,324	74,5800
8,2865	-31,326	74,5850
8,2861	-31,328	74,5900
8,2819	-31,331	74,5950
8,2901	-31,333	74,6000
8,2932	-31,335	74,6050
8,2896	-31,337	74,6100
8,2947	-31,339	74,6150
8,2880	-31,341	74,6200
8,2803	-31,343	74,6250
8,2877	-31,345	74,6300
8,2908	-31,347	74,6350
8,2872	-31,349	74,6400
8,2901	-31,352	74,6450
8,2964	-31,354	74,6500
8,2866	-31,356	74,6550
8,2931	-31,358	74,6600
8,3055	-31,360	74,6650
8,2989	-31,362	74,6700
8,2897	-31,364	74,6750
8,2969	-31,366	74,6800
8,2942	-31,368	74,6850
8,2952	-31,370	74,6900
8,2993	-31,373	74,6950
8,2980	-31,375	74,7000
8,2949	-31,377	74,7050
8,3031	-31,379	74,7100
8,2938	-31,381	74,7150
8,2791	-31,383	74,7200
8,2913	-31,385	74,7250
8,2962	-31,387	74,7300
8,2916	-31,389	74,7350
8,2935	-31,391	74,7400
8,3013	-31,394	74,7450
8,2985	-31,396	74,7500
8,2992	-31,398	74,7550
8,3061	-31,400	74,7600
8,3019	-31,402	74,7650
8,3027	-31,404	74,7700
8,3165	-31,406	74,7750
8,3063	-31,408	74,7800
8,2971	-31,410	74,7850
8,3087	-31,412	74,7900
8,3109	-31,415	74,7950
8,3024	-31,417	74,8000
8,3083	-31,419	74,8050
8,3095	-31,421	74,8100
8,3056	-31,423	74,8150
8,3104	-31,425	74,8200
8,3131	-31,427	74,8250
8,3096	-31,429	74,8300
8,3131	-31,431	74,8350
8,3150	-31,433	74,8400
8,3039	-31,436	74,8450
8,3046	-31,438	74,8500
8,3170	-31,440	74,8550
8,3090	-31,442	74,8600
8,3031	-31,444	74,8650
8,3119	-31,446	74,8700
8,3078	-31,448	74,8750
8,3034	-31,450	74,8800
8,3158	-31,452	74,8850
8,3216	-31,454	74,8900
8,3129	-31,457	74,8950
8,3153	-31,459	74,9000
8,3196	-31,461	74,9050
8,3129	-31,463	74,9100
8,3126	-31,465	74,9150
8,3187	-31,467	74,9200
8,3145	-31,469	74,9250
8,3082	-31,471	74,9300
8,3158	-31,473	74,9350
8,3112	-31,475	74,9400
8,3131	-31,478	74,9450
8,3245	-31,480	74,9500
8,3243	-31,482	74,9550
8,3240	-31,484	74,9600
8,3297	-31,486	74,9650
8,3194	-31,488	74,9700
8,3209	-31,490	74,9750
8,3263	-31,492	74,9800
8,3298	-31,494	74,9850
8,3217	-31,496	74,9900
8,3265	-31,499	74,9950
8,3285	-31,501	75,0000
8,3151	-31,503	75,0050
8,3148	-31,505	75,0100
8,3241	-31,507	75,0150
8,3238	-31,509	75,0200
8,3206	-31,511	75,0250
8,3229	-31,513	75,0300
8,3179	-31,515	75,0350
8,3208	-31,517	75,0400
8,3373	-31,520	75,0450
8,3359	-31,522	75,0500
8,3291	-31,524	75,0550
8,3390	-31,526	75,0600
8,3352	-31,528	75,0650
8,3284	-31,530	75,0700
8,3389	-31,532	75,0750
8,3470	-31,534	75,0800
8,3355	-31,536	75,0850
8,3358	-31,538	75,0900
8,3390	-31,541	75,0950
8,3355	-31,543	75,1000
8,3398	-31,545	75,1050
8,3355	-31,547	75,1100
8,3245	-31,549	75,1150
8,3279	-31,551	75,1200
8,3360	-31,553	75,1250
8,3307	-31,555	75,1300
8,3275	-31,557	75,1350
8,3371	-31,559	75,1400
8,3341	-31,562	75,1450
8,3335	-31,564	75,1500
8,3419	-31,566	75,1550
8,3373	-31,568	75,1600
8,3309	-31,570	75,1650
8,3369	-31,572	75,1700
8,3439	-31,574	75,1750
8,3372	-31,576	75,1800
8,3468	-31,578	75,1850
8,3475	-31,580	75,1900
8,3347	-31,583	75,1950
8,3400	-31,585	75,2000
8,3518	-31,587	75,2050
8,3450	-31,589	75,2100
8,3390	-31,591	75,2150
8,3476	-31,593	75,2200
8,3459	-31,595	75,2250
8,3379	-31,597	75,2300
8,3443	-31,599	75,2350
8,3408	-31,601	75,2400
8,3376	-31,604	75,2450
8,3569	-31,606	75,2500
8,3572	-31,608	75,2550
8,3470	-31,610	75,2600
8,3506	-31,612	75,2650
8,3544	-31,614	75,2700
8,3508	-31,616	75,2750
8,3621	-31,618	75,2800
8,3609	-31,620	75,2850
8,3478	-31,622	75,2900
8,3433	-31,625	75,2950
8,3571	-31,627	75,3000
8,3563	-31,629	75,3050
8,3517	-31,631	75,3100
8,3572	-31,633	75,3150
8,3530	-31,635	75,3200
8,3553	-31,637	75,3250
8,3651	-31,639	75,3300
8,3618	-31,641	75,3350
8,3552	-31,643	75,3400
8,3631	-31,646	75,3450
8,3621	-31,648	75,3500
8,3484	-31,650	75,3550
8,3489	-31,652	75,3600
8,3562	-31,654	75,3650
8,3543	-31,656	75,3700
8,3638	-31,658	75,3750
8,3702	-31,660	75,3800
8,3605	-31,662	75,3850
8,3577	-31,664	75,3900
8,3619	-31,667	75,3950
8,3550	-31,669	75,4000
8,3550	-31,671	75,4050
8,3639	-31,673	75,4100
8,3645	-31,675	75,4150
8,3542	-31,677	75,4200
8,3629	-31,679	75,4250
8,3683	-31,681	75,4300
8,3659	-31,683	75,4350
8,3693	-31,685	75,4400
8,3700	-31,688	75,4450
8,3685	-31,690	75,4500
8,3651	-31,692	75,4550
8,3704	-31,694	75,4600
8,3630	-31,696	75,4650
8,3716	-31,698	75,4700
8,3765	-31,700	75,4750
8,3658	-31,702	75,4800
8,3623	-31,704	75,4850
8,3691	-31,706	75,4900
8,3719	-31,709	75,4950
8,3732	-31,711	75,5000
8,3834	-31,713	75,5050
8,3770	-31,715	75,5100
8,3672	-31,717	75,5150
8,3736	-31,719	75,5200
8,3756	-31,721	75,5250
8,3707	-31,723	75,5300
8,3761	-31,725	75,5350
8,3765	-31,727	75,5400
8,3695	-31,730	75,5450
8,3695	-31,732	75,5500
8,3828	-31,734	75,5550
8,3856	-31,736	75,5600
8,3799	-31,738	75,5650
8,3717	-31,740	75,5700
8,3708	-31,742	75,5750
8,3826	-31,744	75,5800
8,3901	-31,746	75,5850
8,3842	-31,748	75,5900
8,3864	-31,751	75,5950
8,3965	-31,753	75,6000
8,3925	-31,755	75,6050
8,3855	-31,757	75,6100
8,3920	-31,759	75,6150
8,3895	-31,761	75,6200
8,3844	-31,763	75,6250
8,3888	-31,765	75,6300
8,3903	-31,767	75,6350
8,3846	-31,769	75,6400
8,3867	-31,772	75,6450
8,3900	-31,774	75,6500
8,3867	-31,776	75,6550
8,3870	-31,778	75,6600
8,3881	-31,780	75,6650
8,3783	-31,782	75,6700
8,3809	-31,784	75,6750
8,3942	-31,786	75,6800
8,3932	-31,788	75,6850
8,3896	-31,790	75,6900
8,3950	-31,793	75,6950
8,3958	-31,795	75,7000
8,3905	-31,797	75,7050
8,3971	-31,799	75,7100
8,3939	-31,801	75,7150
8,3858	-31,803	75,7200
8,3978	-31,805	75,7250
8,4023	-31,807	75,7300
8,3922	-31,809	75,7350
8,3937	-31,811	75,7400
8,4001	-31,814	75,7450
8,3997	-31,816	75,7500
8,4013	-31,818	75,7550
8,3983	-31,820	75,7600
8,3925	-31,822	75,7650
8,3951	-31,824	75,7700
8,4050	-31,826	75,7750
8,4027	-31,828	75,7800
8,4019	-31,830	75,7850
8,4025	-31,832	75,7900
8,4045	-31,835	75,7950
8,3993	-31,837	75,8000
8,4084	-31,839	75,8050
8,4153	-31,841	75,8100
8,4077	-31,843	75,8150
8,4067	-31,845	75,8200
8,4118	-31,847	75,8250
8,4034	-31,849	75,8300
8,3996	-31,851	75,8350
8,4102	-31,853	75,8400
8,4125	-31,856	75,8450
8,4196	-31,858	75,8500
8,4220	-31,860	75,8550
8,4096	-31,862	75,8600
8,3989	-31,864	75,8650
8,4065	-31,866	75,8700
8,4047	-31,868	75,8750
8,4054	-31,870	75,8800
8,4157	-31,872	75,8850
8,4209	-31,874	75,8900
8,4081	-31,877	75,8950
8,4082	-31,879	75,9000
8,4128	-31,881	75,9050
8,4097	-31,883	75,9100
8,4163	-31,885	75,9150
8,4194	-31,887	75,9200
8,4124	-31,889	75,9250
8,4103	-31,891	75,9300
8,4232	-31,893	75,9350
8,4200	-31,895	75,9400
8,4173	-31,898	75,9450
8,4201	-31,900	75,9500
8,4095	-31,902	75,9550
8,4025	-31,904	75,9600
8,4193	-31,906	75,9650
8,4215	-31,908	75,9700
8,4166	-31,910	75,9750
8,4180	-31,912	75,9800
8,4251	-31,914	75,9850
8,4194	-31,916	75,9900
8,4262	-31,919	75,9950
8,4276	-31,921	76,0000
8,4200	-31,923	76,0050
8,4164	-31,925	76,0100
8,4245	-31,927	76,0150
8,4218	-31,929	76,0200
8,4191	-31,931	76,0250
8,4265	-31,933	76,0300
8,4314	-31,935	76,0350
8,4293	-31,937	76,0400
8,4305	-31,940	76,0450
8,4260	-31,942	76,0500
8,4196	-31,944	76,0550
8,4256	-31,946	76,0600
8,4300	-31,948	76,0650
8,4295	-31,950	76,0700
8,4302	-31,952	76,0750
8,4312	-31,954	76,0800
8,4227	-31,956	76,0850
8,4295	-31,958	76,0900
8,4307	-31,961	76,0950
8,4259	-31,963	76,1000
8,4333	-31,965	76,1050
8,4385	-31,967	76,1100
8,4272	-31,969	76,1150
8,4234	-31,971	76,1200
8,4352	-31,973	76,1250
8,4300	-31,975	76,1300
8,4282	-31,977	76,1350
8,4429	-31,979	76,1400
8,4331	-31,982	76,1450
8,4223	-31,984	76,1500
8,4341	-31,986	76,1550
8,4349	-31,988	76,1600
8,4370	-31,990	76,1650
8,4378	-31,992	76,1700
8,4388	-31,994	76,1750
8,4354	-31,996	76,1800
8,4375	-31,998	76,1850
8,4328	-32,000	76,1900
8,4288	-32,003	76,1950
8,4392	-32,005	76,2000
8,4480	-32,007	76,2050
8,4395	-32,009	76,2100
8,4382	-32,011	76,2150
8,4494	-32,013	76,2200
8,4480	-32,015	76,2250
8,4436	-32,017	76,2300
8,4498	-32,019	76,2350
8,4491	-32,021	76,2400
8,4483	-32,024	76,2450
8,4558	-32,026	76,2500
8,4525	-32,028	76,2550
8,4423	-32,030	76,2600
8,4456	-32,032	76,2650
8,4532	-32,034	76,2700
8,4454	-32,036	76,2750
8,4518	-32,038	76,2800
8,4548	-32,040	76,2850
8,4515	-32,042	76,2900
8,4534	-32,045	76,2950
8,4626	-32,047	76,3000
8,4512	-32,049	76,3050
8,4424	-32,051	76,3100
8,4553	-32,053	76,3150
8,4603	-32,055	76,3200
8,4581	-32,057	76,3250
8,4597	-32,059	76,3300
8,4517	-32,061	76,3350
8,4460	-32,063	76,3400
8,4564	-32,066	76,3450
8,4619	-32,068	76,3500
8,4531	-32,070	76,3550
8,4512	-32,072	76,3600
8,4572	-32,074	76,3650
8,4571	-32,076	76,3700
8,4641	-32,078	76,3750
8,4633	-32,080	76,3800
8,4592	-32,082	76,3850
8,4572	-32,084	76,3900
8,4622	-32,087	76,3950
8,4598	-32,089	76,4000
8,4557	-32,091	76,4050
8,4656	-32,093	76,4100
8,4637	-32,095	76,4150
8,4560	-32,097	76,4200
8,4687	-32,099	76,4250
8,4694	-32,101	76,4300
8,4541	-32,103	76,4350
8,4612	-32,105	76,4400
8,4685	-32,108	76,4450
8,4678	-32,110	76,4500
8,4608	-32,112	76,4550
8,4660	-32,114	76,4600
8,4650	-32,116	76,4650
8,4655	-32,118	76,4700
8,4658	-32,120	76,4750
8,4643	-32,122	76,4800
8,4608	-32,124	76,4850
8,4672	-32,126	76,4900
8,4628	-32,129	76,4950
8,4571	-32,131	76,5000
8,4590	-32,133	76,5050
8,4595	-32,135	76,5100
8,4549	-32,137	76,5150
8,4672	-32,139	76,5200
8,4780	-32,141	76,5250
8,4782	-32,143	76,5300
8,4818	-32,145	76,5350
8,4791	-32,147	76,5400
8,4744	-32,150	76,5450
8,4774	-32,152	76,5500
8,4804	-32,154	76,5550
8,4659	-32,156	76,5600
8,4606	-32,158	76,5650
8,4720	-32,160	76,5700
8,4738	-32,162	76,5750
8,4727	-32,164	76,5800
8,4835	-32,166	76,5850
8,4874	-32,168	76,5900
8,4808	-32,171	76,5950
8,4840	-32,173	76,6000
8,4863	-32,175	76,6050
8,4825	-32,177	76,6100
8,4890	-32,179	76,6150
8,4866	-32,181	76,6200
8,4799	-32,183	76,6250
8,4894	-32,185	76,6300
8,4855	-32,187	76,6350
8,4791	-32,189	76,6400
8,4854	-32,192	76,6450
8,4949	-32,194	76,6500
8,4880	-32,196	76,6550
8,4861	-32,198	76,6600
8,4873	-32,200	76,6650
8,4862	-32,202	76,6700
8,4912	-32,204	76,6750
8,4962	-32,206	76,6800
8,4890	-32,208	76,6850
8,4836	-32,210	76,6900
8,4908	-32,213	76,6950
8,4915	-32,215	76,7000
8,4837	-32,217	76,7050
8,4937	-32,219	76,7100
8,4944	-32,221	76,7150
8,4843	-32,223	76,7200
8,4928	-32,225	76,7250
8,5014	-32,227	76,7300
8,4990	-32,229	76,7350
8,4940	-32,231	76,7400
8,5015	-32,234	76,7450
8,4919	-32,236	76,7500
8,4879	-32,238	76,7550
8,4966	-32,240	76,7600
8,4947	-32,242	76,7650
8,4932	-32,244	76,7700
8,5003	-32,246	76,7750
8,5024	-32,248	76,7800
8,4995	-32,250	76,7850
8,5012	-32,252	76,7900
8,4986	-32,255	76,7950
8,4923	-32,257	76,8000
8,4999	-32,259	76,8050
8,5040	-32,261	76,8100
8,4955	-32,263	76,8150
8,5001	-32,265	76,8200
8,5080	-32,267	76,8250
8,4978	-32,269	76,8300
8,4921	-32,271	76,8350
8,4985	-32,273	76,8400
8,4950	-32,276	76,8450
8,4983	-32,278	76,8500
8,5061	-32,280	76,8550
8,5016	-32,282	76,8600
8,5025	-32,284	76,8650
8,5146	-32,286	76,8700
8,5160	-32,288	76,8750
8,5071	-32,290	76,8800
8,5068	-32,292	76,8850
8,5161	-32,294	76,8900
8,5154	-32,297	76,8950
8,5201	-32,299	76,9000
8,5122	-32,301	76,9050
8,4957	-32,303	76,9100
8,4968	-32,305	76,9150
8,5105	-32,307	76,9200
8,5163	-32,309	76,9250
8,5116	-32,311	76,9300
8,5166	-32,313	76,9350
8,5096	-32,315	76,9400
8,5079	-32,318	76,9450
8,5211	-32,320	76,9500
8,5200	-32,322	76,9550
8,5134	-32,324	76,9600
8,5173	-32,326	76,9650
8,5155	-32,328	76,9700
8,5098	-32,330	76,9750
8,5148	-32,332	76,9800
8,5187	-32,334	76,9850
8,5088	-32,336	76,9900
8,5153	-32,339	76,9950
8,5157	-32,341	77,0000
8,5017	-32,343	77,0050
8,5047	-32,345	77,0100
8,5157	-32,347	77,0150
8,5208	-32,349	77,0200
8,5218	-32,351	77,0250
8,5274	-32,353	77,0300
8,5263	-32,355	77,0350
8,5241	-32,357	77,0400
8,5262	-32,360	77,0450
8,5217	-32,362	77,0500
8,5205	-32,364	77,0550
8,5328	-32,366	77,0600
8,5298	-32,368	77,0650
8,5198	-32,370	77,0700
8,5249	-32,372	77,0750
8,5286	-32,374	77,0800
8,5266	-32,376	77,0850
8,5341	-32,378	77,0900
8,5379	-32,381	77,0950
8,5300	-32,383	77,1000
8,5316	-32,385	77,1050
8,5385	-32,387	77,1100
8,5388	-32,389	77,1150
8,5308	-32,391	77,1200
8,5327	-32,393	77,1250
8,5286	-32,395	77,1300
8,5232	-32,397	77,1350
8,5312	-32,399	77,1400
8,5361	-32,402	77,1450
8,5296	-32,404	77,1500
8,5318	-32,406	77,1550
8,5317	-32,408	77,1600
8,5265	-32,410	77,1650
8,5248	-32,412	77,1700
8,5317	-32,414	77,1750
8,5343	-32,416	77,1800
8,5404	-32,418	77,1850
8,5411	-32,420	77,1900
8,5361	-32,423	77,1950
8,5406	-32,425	77,2000
8,5488	-32,427	77,2050
8,5461	-32,429	77,2100
8,5434	-32,431	77,2150
8,5481	-32,433	77,2200
8,5390	-32,435	77,2250
8,5387	-32,437	77,2300
8,5466	-32,439	77,2350
8,5464	-32,441	77,2400
8,5386	-32,444	77,2450
8,5432	-32,446	77,2500
8,5443	-32,448	77,2550
8,5421	-32,450	77,2600
8,5444	-32,452	77,2650
8,5533	-32,454	77,2700
8,5514	-32,456	77,2750
8,5544	-32,458	77,2800
8,5590	-32,460	77,2850
8,5479	-32,462	77,2900
8,5479	-32,465	77,2950
8,5534	-32,467	77,3000
8,5520	-32,469	77,3050
8,5461	-32,471	77,3100
8,5545	-32,473	77,3150
8,5512	-32,475	77,3200
8,5444	-32,477	77,3250
8,5509	-32,479	77,3300
8,5512	-32,481	77,3350
8,5512	-32,483	77,3400
8,5576	-32,486	77,3450
8,5534	-32,488	77,3500
8,5484	-32,490	77,3550
8,5499	-32,492	77,3600
8,5596	-32,494	77,3650
8,5514	-32,496	77,3700
8,5488	-32,498	77,3750
8,5588	-32,500	77,3800
8,5602	-32,502	77,3850
8,5578	-32,504	77,3900
8,5603	-32,507	77,3950
8,5592	-32,509	77,4000
8,5572	-32,511	77,4050
8,5652	-32,513	77,4100
8,5577	-32,515	77,4150
8,5524	-32,517	77,4200
8,5662	-32,519	77,4250
8,5604	-32,521	77,4300
8,5547	-32,523	77,4350
8,5632	-32,525	77,4400
8,5669	-32,528	77,4450
8,5650	-32,530	77,4500
8,5707	-32,532	77,4550
8,5752	-32,534	77,4600
8,5608	-32,536	77,4650
8,5581	-32,538	77,4700
8,5650	-32,540	77,4750
8,5624	-32,542	77,4800
8,5660	-32,544	77,4850
8,5674	-32,546	77,4900
8,5618	-32,549	77,4950
8,5573	-32,551	77,5000
8,5669	-32,553	77,5050
8,5672	-32,555	77,5100
8,5600	-32,557	77,5150
8,5720	-32,559	77,5200
8,5817	-32,561	77,5250
8,5724	-32,563	77,5300
8,5695	-32,565	77,5350
8,5704	-32,567	77,5400
8,5661	-32,570	77,5450
8,5651	-32,572	77,5500
8,5709	-32,574	77,5550
8,5705	-32,576	77,5600
8,5694	-32,578	77,5650
8,5707	-32,580	77,5700
8,5663	-32,582	77,5750
8,5709	-32,584	77,5800
8,5778	-32,586	77,5850
8,5790	-32,588	77,5900
8,5752	-32,591	77,5950
8,5758	-32,593	77,6000
8,5742	-32,595	77,6050
8,5693	-32,597	77,6100
8,5770	-32,599	77,6150
8,5746	-32,601	77,6200
8,5693	-32,603	77,6250
8,5771	-32,605	77,6300
8,5795	-32,607	77,6350
8,5789	-32,609	77,6400
8,5809	-32,612	77,6450
8,5859	-32,614	77,6500
8,5766	-32,616	77,6550
8,5797	-32,618	77,6600
8,5897	-32,620	77,6650
8,5859	-32,622	77,6700
8,5853	-32,624	77,6750
8,5939	-32,626	77,6800
8,5902	-32,628	77,6850
8,5794	-32,630	77,6900
8,5849	-32,633	77,6950
8,5872	-32,635	77,7000
8,5835	-32,637	77,7050
8,5875	-32,639	77,7100
8,5855	-32,641	77,7150
8,5829	-32,643	77,7200
8,5944	-32,645	77,7250
8,5961	-32,647	77,7300
8,5831	-32,649	77,7350
8,5859	-32,651	77,7400
8,5956	-32,654	77,7450
8,5941	-32,656	77,7500
8,5975	-32,658	77,7550
8,6018	-32,660	77,7600
8,5951	-32,662	77,7650
8,5917	-32,664	77,7700
8,5997	-32,666	77,7750
8,6003	-32,668	77,7800
8,5960	-32,670	77,7850
8,5961	-32,672	77,7900
8,5918	-32,675	77,7950
8,5910	-32,677	77,8000
8,6078	-32,679	77,8050
8,6070	-32,681	77,8100
8,5951	-32,683	77,8150
8,5957	-32,685	77,8200
8,5950	-32,687	77,8250
8,5917	-32,689	77,8300
8,5995	-32,691	77,8350
8,6123	-32,693	77,8400
8,6055	-32,696	77,8450
8,5988	-32,698	77,8500
8,6050	-32,700	77,8550
8,6013	-32,702	77,8600
8,6016	-32,704	77,8650
8,6117	-32,706	77,8700
8,5998	-32,708	77,8750
8,5968	-32,710	77,8800
8,6082	-32,712	77,8850
8,6086	-32,714	77,8900
8,5996	-32,717	77,8950
8,6045	-32,719	77,9000
8,6045	-32,721	77,9050
8,6020	-32,723	77,9100
8,6040	-32,725	77,9150
8,6099	-32,727	77,9200
8,6032	-32,729	77,9250
8,5967	-32,731	77,9300
8,6066	-32,733	77,9350
8,6076	-32,735	77,9400
8,6105	-32,738	77,9450
8,6238	-32,740	77,9500
8,6148	-32,742	77,9550
8,6091	-32,744	77,9600
8,6191	-32,746	77,9650
8,6197	-32,748	77,9700
8,6132	-32,750	77,9750
8,6158	-32,752	77,9800
8,6213	-32,754	77,9850
8,6170	-32,756	77,9900
8,6170	-32,759	77,9950
8,6197	-32,761	78,0000
8,6193	-32,763	78,0050
8,6241	-32,765	78,0100
8,6296	-32,767	78,0150
8,6202	-32,769	78,0200
8,6193	-32,771	78,0250
8,6280	-32,773	78,0300
8,6235	-32,775	78,0350
8,6216	-32,777	78,0400
8,6263	-32,780	78,0450
8,6226	-32,782	78,0500
8,6165	-32,784	78,0550
8,6211	-32,786	78,0600
8,6237	-32,788	78,0650
8,6225	-32,790	78,0700
8,6250	-32,792	78,0750
8,6277	-32,794	78,0800
8,6234	-32,796	78,0850
8,6269	-32,798	78,0900
8,6313	-32,801	78,0950
8,6249	-32,803	78,1000
8,6241	-32,805	78,1050
8,6305	-32,807	78,1100
8,6272	-32,809	78,1150
8,6239	-32,811	78,1200
8,6274	-32,813	78,1250
8,6260	-32,815	78,1300
8,6221	-32,817	78,1350
8,6261	-32,819	78,1400
8,6238	-32,822	78,1450
8,6218	-32,824	78,1500
8,6315	-32,826	78,1550
8,6330	-32,828	78,1600
8,6298	-32,830	78,1650
8,6310	-32,832	78,1700
8,6316	-32,834	78,1750
8,6236	-32,836	78,1800
8,6311	-32,838	78,1850
8,6418	-32,840	78,1900
8,6336	-32,843	78,1950
8,6333	-32,845	78,2000
8,6393	-32,847	78,2050
8,6335	-32,849	78,2100
8,6296	-32,851	78,2150
8,6364	-32,853	78,2200
8,6321	-32,855	78,2250
8,6325	-32,857	78,2300
8,6442	-32,859	78,2350
8,6427	-32,861	78,2400
8,6322	-32,864	78,2450
8,6366	-32,866	78,2500
8,6431	-32,868	78,2550
8,6400	-32,870	78,2600
8,6433	-32,872	78,2650
8,6488	-32,874	78,2700
8,6380	-32,876	78,2750
8,6394	-32,878	78,2800
8,6439	-32,880	78,2850
8,6407	-32,882	78,2900
8,6409	-32,885	78,2950
8,6416	-32,887	78,3000
8,6426	-32,889	78,3050
8,6478	-32,891	78,3100
8,6557	-32,893	78,3150
8,6509	-32,895	78,3200
8,6468	-32,897	78,3250
8,6544	-32,899	78,3300
8,6470	-32,901	78,3350
8,6364	-32,903	78,3400
8,6457	-32,906	78,3450
8,6489	-32,908	78,3500
8,6451	-32,910	78,3550
8,6492	-32,912	78,3600
8,6574	-32,914	78,3650
8,6513	-32,916	78,3700
8,6607	-32,918	78,3750
8,6653	-32,920	78,3800
8,6527	-32,922	78,3850
8,6508	-32,924	78,3900
8,6621	-32,927	78,3950
8,6584	-32,929	78,4000
8,6528	-32,931	78,4050
8,6601	-32,933	78,4100
8,6639	-32,935	78,4150
8,6609	-32,937	78,4200
8,6671	-32,939	78,4250
8,6653	-32,941	78,4300
8,6524	-32,943	78,4350
8,6564	-32,945	78,4400
8,6536	-32,948	78,4450
8,6529	-32,950	78,4500
8,6607	-32,952	78,4550
8,6657	-32,954	78,4600
8,6548	-32,956	78,4650
8,6635	-32,958	78,4700
8,6699	-32,960	78,4750
8,6630	-32,962	78,4800
8,6602	-32,964	78,4850
8,6710	-32,966	78,4900
8,6751	-32,969	78,4950
8,6697	-32,971	78,5000
8,6732	-32,973	78,5050
8,6646	-32,975	78,5100
8,6597	-32,977	78,5150
8,6747	-32,979	78,5200
8,6760	-32,981	78,5250
8,6639	-32,983	78,5300
8,6701	-32,985	78,5350
8,6722	-32,987	78,5400
8,6685	-32,990	78,5450
8,6654	-32,992	78,5500
8,6754	-32,994	78,5550
8,6675	-32,996	78,5600
8,6706	-32,998	78,5650
8,6816	-33,000	78,5700
8,6764	-33,002	78,5750
8,6723	-33,004	78,5800
8,6790	-33,006	78,5850
8,6745	-33,008	78,5900
8,6740	-33,011	78,5950
8,6823	-33,013	78,6000
8,6791	-33,015	78,6050
8,6729	-33,017	78,6100
8,6785	-33,019	78,6150
8,6771	-33,021	78,6200
8,6674	-33,023	78,6250
8,6726	-33,025	78,6300
8,6735	-33,027	78,6350
8,6760	-33,029	78,6400
8,6795	-33,032	78,6450
8,6805	-33,034	78,6500
8,6724	-33,036	78,6550
8,6800	-33,038	78,6600
8,6929	-33,040	78,6650
8,6830	-33,042	78,6700
8,6763	-33,044	78,6750
8,6850	-33,046	78,6800
8,6854	-33,048	78,6850
8,6803	-33,050	78,6900
8,6832	-33,053	78,6950
8,6883	-33,055	78,7000
8,6833	-33,057	78,7050
8,6865	-33,059	78,7100
8,6882	-33,061	78,7150
8,6795	-33,063	78,7200
8,6883	-33,065	78,7250
8,6961	-33,067	78,7300
8,6886	-33,069	78,7350
8,6854	-33,071	78,7400
8,6934	-33,074	78,7450
8,6889	-33,076	78,7500
8,6874	-33,078	78,7550
8,6973	-33,080	78,7600
8,6914	-33,082	78,7650
8,6923	-33,084	78,7700
8,6984	-33,086	78,7750
8,6933	-33,088	78,7800
8,6966	-33,090	78,7850
8,6997	-33,092	78,7900
8,6966	-33,095	78,7950
8,6912	-33,097	78,8000
8,6990	-33,099	78,8050
8,7022	-33,101	78,8100
8,6870	-33,103	78,8150
8,6904	-33,105	78,8200
8,7029	-33,107	78,8250
8,6991	-33,109	78,8300
8,6910	-33,111	78,8350
8,7000	-33,113	78,8400
8,6963	-33,116	78,8450
8,6982	-33,118	78,8500
8,7052	-33,120	78,8550
8,6959	-33,122	78,8600
8,6897	-33,124	78,8650
8,7045	-33,126	78,8700
8,7034	-33,128	78,8750
8,6977	-33,130	78,8800
8,7093	-33,132	78,8850
8,7084	-33,134	78,8900
8,7035	-33,137	78,8950
8,7081	-33,139	78,9000
8,7102	-33,141	78,9050
8,7009	-33,143	78,9100
8,7012	-33,145	78,9150
8,7106	-33,147	78,9200
8,7058	-33,149	78,9250
8,7057	-33,151	78,9300
8,7133	-33,153	78,9350
8,7052	-33,155	78,9400
8,7087	-33,158	78,9450
8,7130	-33,160	78,9500
8,7096	-33,162	78,9550
8,7088	-33,164	78,9600
8,7145	-33,166	78,9650
8,7179	-33,168	78,9700
8,7114	-33,170	78,9750
8,7189	-33,172	78,9800
8,7221	-33,174	78,9850
8,7100	-33,176	78,9900
8,7118	-33,179	78,9950
8,7150	-33,181	79,0000
8,7144	-33,183	79,0050
8,7199	-33,185	79,0100
8,7248	-33,187	79,0150
8,7233	-33,189	79,0200
8,7190	-33,191	79,0250
8,7186	-33,193	79,0300
8,7142	-33,195	79,0350
8,7170	-33,197	79,0400
8,7229	-33,200	79,0450
8,7148	-33,202	79,0500
8,7128	-33,204	79,0550
8,7240	-33,206	79,0600
8,7265	-33,208	79,0650
8,7176	-33,210	79,0700
8,7166	-33,212	79,0750
8,7196	-33,214	79,0800
8,7208	-33,216	79,0850
8,7312	-33,218	79,0900
8,7320	-33,221	79,0950
8,7198	-33,223	79,1000
8,7196	-33,225	79,1050
8,7285	-33,227	79,1100
8,7268	-33,229	79,1150
8,7215	-33,231	79,1200
8,7322	-33,233	79,1250
8,7299	-33,235	79,1300
8,7295	-33,237	79,1350
8,7390	-33,239	79,1400
8,7333	-33,242	79,1450
8,7239	-33,244	79,1500
8,7263	-33,246	79,1550
8,7282	-33,248	79,1600
8,7308	-33,250	79,1650
8,7369	-33,252	79,1700
8,7369	-33,254	79,1750
8,7269	-33,256	79,1800
8,7279	-33,258	79,1850
8,7283	-33,260	79,1900
8,7240	-33,263	79,1950
8,7293	-33,265	79,2000
8,7358	-33,267	79,2050
8,7325	-33,269	79,2100
8,7333	-33,271	79,2150
8,7394	-33,273	79,2200
8,7372	-33,275	79,2250
8,7300	-33,277	79,2300
8,7338	-33,279	79,2350
8,7376	-33,281	79,2400
8,7334	-33,284	79,2450
8,7416	-33,286	79,2500
8,7395	-33,288	79,2550
8,7367	-33,290	79,2600
8,7427	-33,292	79,2650
8,7532	-33,294	79,2700
8,7444	-33,296	79,2750
8,7434	-33,298	79,2800
8,7472	-33,300	79,2850
8,7400	-33,302	79,2900
8,7410	-33,305	79,2950
8,7433	-33,307	79,3000
8,7329	-33,309	79,3050
8,7276	-33,311	79,3100
8,7412	-33,313	79,3150
8,7421	-33,315	79,3200
8,7371	-33,317	79,3250
8,7492	-33,319	79,3300
8,7476	-33,321	79,3350
8,7377	-33,323	79,3400
8,7448	-33,326	79,3450
8,7509	-33,328	79,3500
8,7501	-33,330	79,3550
8,7505	-33,332	79,3600
8,7533	-33,334	79,3650
8,7491	-33,336	79,3700
8,7527	-33,338	79,3750
8,7652	-33,340	79,3800
8,7543	-33,342	79,3850
8,7475	-33,344	79,3900
8,7581	-33,347	79,3950
8,7544	-33,349	79,4000
8,7503	-33,351	79,4050
8,7624	-33,353	79,4100
8,7573	-33,355	79,4150
8,7509	-33,357	79,4200
8,7553	-33,359	79,4250
8,7540	-33,361	79,4300
8,7482	-33,363	79,4350
8,7527	-33,365	79,4400
8,7518	-33,368	79,4450
8,7465	-33,370	79,4500
8,7548	-33,372	79,4550
8,7645	-33,374	79,4600
8,7589	-33,376	79,4650
8,7587	-33,378	79,4700
8,7672	-33,380	79,4750
8,7590	-33,382	79,4800
8,7552	-33,384	79,4850
8,7614	-33,386	79,4900
8,7602	-33,389	79,4950
8,7601	-33,391	79,5000
8,7711	-33,393	79,5050
8,7672	-33,395	79,5100
8,7569	-33,397	79,5150
8,7635	-33,399	79,5200
8,7711	-33,401	79,5250
8,7631	-33,403	79,5300
8,7687	-33,405	79,5350
8,7696	-33,407	79,5400
8,7614	-33,410	79,5450
8,7674	-33,412	79,5500
8,7699	-33,414	79,5550
8,7614	-33,416	79,5600
8,7652	-33,418	79,5650
8,7708	-33,420	79,5700
8,7680	-33,422	79,5750
8,7643	-33,424	79,5800
8,7717	-33,426	79,5850
8,7738	-33,428	79,5900
8,7730	-33,431	79,5950
8,7751	-33,433	79,6000
8,7750	-33,435	79,6050
8,7716	-33,437	79,6100
8,7780	-33,439	79,6150
8,7755	-33,441	79,6200
8,7692	-33,443	79,6250
8,7723	-33,445	79,6300
8,7794	-33,447	79,6350
8,7751	-33,449	79,6400
8,7738	-33,452	79,6450
8,7813	-33,454	79,6500
8,7750	-33,456	79,6550
8,7770	-33,458	79,6600
8,7892	-33,460	79,6650
8,7817	-33,462	79,6700
8,7801	-33,464	79,6750
8,7830	-33,466	79,6800
8,7761	-33,468	79,6850
8,7759	-33,470	79,6900
8,7815	-33,473	79,6950
8,7833	-33,475	79,7000
8,7727	-33,477	79,7050
8,7872	-33,479	79,7100
8,7915	-33,481	79,7150
8,7807	-33,483	79,7200
8,7836	-33,485	79,7250
8,7883	-33,487	79,7300
8,7832	-33,489	79,7350
8,7835	-33,491	79,7400
8,7924	-33,494	79,7450
8,7801	-33,496	79,7500
8,7799	-33,498	79,7550
8,7931	-33,500	79,7600
8,7910	-33,502	79,7650
8,7851	-33,504	79,7700
8,7956	-33,506	79,7750
8,7911	-33,508	79,7800
8,7881	-33,510	79,7850
8,7912	-33,512	79,7900
8,7967	-33,515	79,7950
8,7893	-33,517	79,8000
8,7913	-33,519	79,8050
8,7967	-33,521	79,8100
8,7866	-33,523	79,8150
8,7976	-33,525	79,8200
8,8076	-33,527	79,8250
8,7958	-33,529	79,8300
8,7921	-33,531	79,8350
8,7985	-33,533	79,8400
8,7930	-33,536	79,8450
8,7983	-33,538	79,8500
8,8068	-33,540	79,8550
8,8050	-33,542	79,8600
8,7951	-33,544	79,8650
8,8012	-33,546	79,8700
8,7982	-33,548	79,8750
8,7898	-33,550	79,8800
8,8026	-33,552	79,8850
8,8103	-33,554	79,8900
8,7961	-33,557	79,8950
8,7990	-33,559	79,9000
8,8077	-33,561	79,9050
8,8025	-33,563	79,9100
8,8007	-33,565	79,9150
8,8005	-33,567	79,9200
8,7966	-33,569	79,9250
8,7999	-33,571	79,9300
8,8075	-33,573	79,9350
8,7986	-33,575	79,9400
8,7995	-33,578	79,9450
8,8103	-33,580	79,9500
8,8102	-33,582	79,9550
8,8047	-33,584	79,9600
8,8090	-33,586	79,9650
8,8162	-33,588	79,9700
8,8173	-33,590	79,9750
8,8236	-33,592	79,9800
8,8186	-33,594	79,9850
8,8092	-33,596	79,9900
8,8123	-33,599	79,9950
8,8139	-33,601	80,0000
8,8015	-33,603	80,0050
8,8071	-33,605	80,0100
8,8198	-33,607	80,0150
8,8142	-33,609	80,0200
8,8123	-33,611	80,0250
8,8181	-33,613	80,0300
8,8136	-33,615	80,0350
8,8143	-33,617	80,0400
8,8247	-33,620	80,0450
8,8201	-33,622	80,0500
8,8125	-33,624	80,0550
8,8208	-33,626	80,0600
8,8207	-33,628	80,0650
8,8160	-33,630	80,0700
8,8180	-33,632	80,0750
8,8176	-33,634	80,0800
8,8030	-33,636	80,0850
8,8085	-33,638	80,0900
8,8209	-33,641	80,0950
8,8216	-33,643	80,1000
8,8269	-33,645	80,1050
8,8371	-33,647	80,1100
8,8282	-33,649	80,1150
8,8233	-33,651	80,1200
8,8335	-33,653	80,1250
8,8254	-33,655	80,1300
8,8177	-33,657	80,1350
8,8230	-33,659	80,1400
8,8231	-33,662	80,1450
8,8142	-33,664	80,1500
8,8198	-33,666	80,1550
8,8262	-33,668	80,1600
8,8247	-33,670	80,1650
8,8303	-33,672	80,1700
8,8373	-33,674	80,1750
8,8293	-33,676	80,1800
8,8335	-33,678	80,1850
8,8406	-33,680	80,1900
8,8328	-33,683	80,1950
8,8355	-33,685	80,2000
8,8396	-33,687	80,2050
8,8275	-33,689	80,2100
8,8305	-33,691	80,2150
8,8452	-33,693	80,2200
8,8416	-33,695	80,2250
8,8398	-33,697	80,2300
8,8460	-33,699	80,2350
8,8401	-33,701	80,2400
8,8320	-33,704	80,2450
8,8409	-33,706	80,2500
8,8412	-33,708	80,2550
8,8390	-33,710	80,2600
8,8410	-33,712	80,2650
8,8437	-33,714	80,2700
8,8331	-33,716	80,2750
8,8405	-33,718	80,2800
8,8457	-33,720	80,2850
8,8390	-33,722	80,2900
8,8432	-33,725	80,2950
8,8531	-33,727	80,3000
8,8471	-33,729	80,3050
8,8464	-33,731	80,3100
8,8526	-33,733	80,3150
8,8475	-33,735	80,3200
8,8464	-33,737	80,3250
8,8475	-33,739	80,3300
8,8465	-33,741	80,3350
8,8370	-33,743	80,3400
8,8428	-33,746	80,3450
8,8455	-33,748	80,3500
8,8479	-33,750	80,3550
8,8506	-33,752	80,3600
8,8555	-33,754	80,3650
8,8471	-33,756	80,3700
8,8479	-33,758	80,3750
8,8528	-33,760	80,3800
8,8441	-33,762	80,3850
8,8441	-33,764	80,3900
8,8575	-33,767	80,3950
8,8607	-33,769	80,4000
8,8553	-33,771	80,4050
8,8583	-33,773	80,4100
8,8564	-33,775	80,4150
8,8545	-33,777	80,4200
8,8586	-33,779	80,4250
8,8580	-33,781	80,4300
8,8461	-33,783	80,4350
8,8506	-33,785	80,4400
8,8557	-33,788	80,4450
8,8563	-33,790	80,4500
8,8566	-33,792	80,4550
8,8642	-33,794	80,4600
8,8581	-33,796	80,4650
8,8587	-33,798	80,4700
8,8683	-33,800	80,4750
8,8635	-33,802	80,4800
8,8568	-33,804	80,4850
8,8661	-33,806	80,4900
8,8676	-33,809	80,4950
8,8559	-33,811	80,5000
8,8601	-33,813	80,5050
8,8628	-33,815	80,5100
8,8655	-33,817	80,5150
8,8727	-33,819	80,5200
8,8640	-33,821	80,5250
8,8650	-33,823	80,5300
8,8690	-33,825	80,5350
8,8685	-33,827	80,5400
8,8652	-33,830	80,5450
8,8729	-33,832	80,5500
8,8792	-33,834	80,5550
8,8710	-33,836	80,5600
8,8695	-33,838	80,5650
8,8746	-33,840	80,5700
8,8654	-33,842	80,5750
8,8613	-33,844	80,5800
8,8750	-33,846	80,5850
8,8761	-33,848	80,5900
8,8789	-33,851	80,5950
8,8826	-33,853	80,6000
8,8789	-33,855	80,6050
8,8757	-33,857	80,6100
8,8786	-33,859	80,6150
8,8721	-33,861	80,6200
8,8663	-33,863	80,6250
8,8731	-33,865	80,6300
8,8731	-33,867	80,6350
8,8748	-33,869	80,6400
8,8759	-33,872	80,6450
8,8859	-33,874	80,6500
8,8750	-33,876	80,6550
8,8773	-33,878	80,6600
8,8835	-33,880	80,6650
8,8748	-33,882	80,6700
8,8712	-33,884	80,6750
8,8838	-33,886	80,6800
8,8791	-33,888	80,6850
8,8771	-33,890	80,6900
8,8856	-33,893	80,6950
8,8890	-33,895	80,7000
8,8849	-33,897	80,7050
8,8909	-33,899	80,7100
8,8835	-33,901	80,7150
8,8742	-33,903	80,7200
8,8790	-33,905	80,7250
8,8856	-33,907	80,7300
8,8854	-33,909	80,7350
8,8871	-33,911	80,7400
8,9035	-33,914	80,7450
8,8946	-33,916	80,7500
8,8893	-33,918	80,7550
8,8923	-33,920	80,7600
8,8865	-33,922	80,7650
8,8854	-33,924	80,7700
8,8956	-33,926	80,7750
8,8904	-33,928	80,7800
8,8805	-33,930	80,7850
8,8877	-33,932	80,7900
8,8924	-33,935	80,7950
8,8914	-33,937	80,8000
8,8912	-33,939	80,8050
8,8909	-33,941	80,8100
8,8858	-33,943	80,8150
8,8916	-33,945	80,8200
8,8981	-33,947	80,8250
8,8962	-33,949	80,8300
8,8980	-33,951	80,8350
8,9054	-33,953	80,8400
8,8974	-33,956	80,8450
8,9003	-33,958	80,8500
8,9044	-33,960	80,8550
8,9025	-33,962	80,8600
8,8981	-33,964	80,8650
8,9048	-33,966	80,8700
8,9026	-33,968	80,8750
8,8936	-33,970	80,8800
8,8955	-33,972	80,8850
8,9062	-33,974	80,8900
8,9032	-33,977	80,8950
8,9063	-33,979	80,9000
8,9009	-33,981	80,9050
8,8854	-33,983	80,9100
8,8948	-33,985	80,9150
8,9041	-33,987	80,9200
8,9029	-33,989	80,9250
8,9019	-33,991	80,9300
8,9069	-33,993	80,9350
8,9008	-33,995	80,9400
8,8955	-33,998	80,9450
8,9007	-34,000	80,9500
8,9017	-34,002	80,9550
8,9040	-34,004	80,9600
8,9181	-34,006	80,9650
8,9119	-34,008	80,9700
8,9042	-34,010	80,9750
8,9073	-34,012	80,9800
8,9059	-34,014	80,9850
8,9005	-34,016	80,9900
8,9053	-34,019	80,9950
8,9059	-34,021	81,0000
8,9067	-34,023	81,0050
8,9131	-34,025	81,0100
8,9159	-34,027	81,0150
8,9146	-34,029	81,0200
8,9126	-34,031	81,0250
8,9174	-34,033	81,0300
8,9133	-34,035	81,0350
8,9095	-34,037	81,0400
8,9200	-34,040	81,0450
8,9148	-34,042	81,0500
8,9020	-34,044	81,0550
8,9155	-34,046	81,0600
8,9238	-34,048	81,0650
8,9215	-34,050	81,0700
8,9195	-34,052	81,0750
8,9162	-34,054	81,0800
8,9127	-34,056	81,0850
8,9229	-34,058	81,0900
8,9294	-34,061	81,0950
8,9210	-34,063	81,1000
8,9231	-34,065	81,1050
8,9305	-34,067	81,1100
8,9265	-34,069	81,1150
8,9273	-34,071	81,1200
8,9285	-34,073	81,1250
8,9201	-34,075	81,1300
8,9222	-34,077	81,1350
8,9308	-34,079	81,1400
8,9272	-34,082	81,1450
8,9245	-34,084	81,1500
8,9294	-34,086	81,1550
8,9209	-34,088	81,1600
8,9181	-34,090	81,1650
8,9279	-34,092	81,1700
8,9375	-34,094	81,1750
8,9300	-34,096	81,1800
8,9352	-34,098	81,1850
8,9323	-34,100	81,1900
8,9251	-34,103	81,1950
8,9233	-34,105	81,2000
8,9291	-34,107	81,2050
8,9308	-34,109	81,2100
8,9281	-34,111	81,2150
8,9423	-34,113	81,2200
8,9410	-34,115	81,2250
8,9325	-34,117	81,2300
8,9413	-34,119	81,2350
8,9328	-34,121	81,2400
8,9262	-34,124	81,2450
8,9324	-34,126	81,2500
8,9428	-34,128	81,2550
8,9399	-34,130	81,2600
8,9347	-34,132	81,2650
8,9355	-34,134	81,2700
8,9326	-34,136	81,2750
8,9334	-34,138	81,2800
8,9303	-34,140	81,2850
8,9246	-34,142	81,2900
8,9361	-34,145	81,2950
8,9516	-34,147	81,3000
8,9468	-34,149	81,3050
8,9428	-34,151	81,3100
8,9499	-34,153	81,3150
8,9479	-34,155	81,3200
8,9421	-34,157	81,3250
8,9536	-34,159	81,3300
8,9515	-34,161	81,3350
8,9425	-34,163	81,3400
8,9552	-34,166	81,3450
8,9571	-34,168	81,3500
8,9471	-34,170	81,3550
8,9436	-34,172	81,3600
8,9438	-34,174	81,3650
8,9306	-34,176	81,3700
8,9377	-34,178	81,3750
8,9457	-34,180	81,3800
8,9416	-34,182	81,3850
8,9447	-34,184	81,3900
8,9547	-34,187	81,3950
8,9561	-34,189	81,4000
8,9514	-34,191	81,4050
8,9507	-34,193	81,4100
8,9502	-34,195	81,4150
8,9514	-34,197	81,4200
8,9571	-34,199	81,4250
8,9504	-34,201	81,4300
8,9507	-34,203	81,4350
8,9626	-34,205	81,4400
8,9599	-34,208	81,4450
8,9518	-34,210	81,4500
8,9564	-34,212	81,4550
8,9705	-34,214	81,4600
8,9639	-34,216	81,4650
8,9569	-34,218	81,4700
8,9569	-34,220	81,4750
8,9495	-34,222	81,4800
8,9515	-34,224	81,4850
8,9571	-34,226	81,4900
8,9546	-34,229	81,4950
8,9560	-34,231	81,5000
8,9660	-34,233	81,5050
8,9623	-34,235	81,5100
8,9499	-34,237	81,5150
8,9583	-34,239	81,5200
8,9589	-34,241	81,5250
8,9532	-34,243	81,5300
8,9625	-34,245	81,5350
8,9614	-34,247	81,5400
8,9625	-34,250	81,5450
8,9610	-34,252	81,5500
8,9643	-34,254	81,5550
8,9601	-34,256	81,5600
8,9700	-34,258	81,5650
8,9833	-34,260	81,5700
8,9707	-34,262	81,5750
8,9607	-34,264	81,5800
8,9653	-34,266	81,5850
8,9654	-34,268	81,5900
8,9670	-34,271	81,5950
8,9755	-34,273	81,6000
8,9800	-34,275	81,6050
8,9678	-34,277	81,6100
8,9660	-34,279	81,6150
8,9689	-34,281	81,6200
8,9692	-34,283	81,6250
8,9714	-34,285	81,6300
8,9709	-34,287	81,6350
8,9742	-34,289	81,6400
8,9751	-34,292	81,6450
8,9817	-34,294	81,6500
8,9723	-34,296	81,6550
8,9765	-34,298	81,6600
8,9858	-34,300	81,6650
8,9823	-34,302	81,6700
8,9725	-34,304	81,6750
8,9786	-34,306	81,6800
8,9764	-34,308	81,6850
8,9656	-34,310	81,6900
8,9727	-34,313	81,6950
8,9788	-34,315	81,7000
8,9766	-34,317	81,7050
8,9843	-34,319	81,7100
8,9854	-34,321	81,7150
8,9807	-34,323	81,7200
8,9852	-34,325	81,7250
8,9892	-34,327	81,7300
8,9801	-34,329	81,7350
8,9863	-34,331	81,7400
8,9905	-34,334	81,7450
8,9756	-34,336	81,7500
8,9755	-34,338	81,7550
8,9888	-34,340	81,7600
8,9889	-34,342	81,7650
8,9840	-34,344	81,7700
8,9907	-34,346	81,7750
8,9910	-34,348	81,7800
8,9907	-34,350	81,7850
8,9939	-34,352	81,7900
8,9925	-34,355	81,7950
8,9821	-34,357	81,8000
8,9843	-34,359	81,8050
8,9933	-34,361	81,8100
8,9872	-34,363	81,8150
8,9912	-34,365	81,8200
8,9946	-34,367	81,8250
8,9950	-34,369	81,8300
8,9957	-34,371	81,8350
9,0009	-34,373	81,8400
8,9999	-34,376	81,8450
8,9988	-34,378	81,8500
9,0038	-34,380	81,8550
8,9937	-34,382	81,8600
8,9916	-34,384	81,8650
9,0027	-34,386	81,8700
9,0048	-34,388	81,8750
8,9966	-34,390	81,8800
8,9932	-34,392	81,8850
8,9926	-34,394	81,8900
8,9868	-34,397	81,8950
8,9959	-34,399	81,9000
8,9992	-34,401	81,9050
8,9979	-34,403	81,9100
9,0047	-34,405	81,9150
9,0059	-34,407	81,9200
9,0027	-34,409	81,9250
9,0058	-34,411	81,9300
9,0081	-34,413	81,9350
8,9991	-34,415	81,9400
8,9975	-34,418	81,9450
9,0033	-34,420	81,9500
9,0009	-34,422	81,9550
8,9995	-34,424	81,9600
9,0072	-34,426	81,9650
9,0027	-34,428	81,9700
9,0015	-34,430	81,9750
9,0047	-34,432	81,9800
9,0098	-34,434	81,9850
9,0076	-34,436	81,9900
9,0127	-34,439	81,9950
9,0139	-34,441	82,0000
9,0123	-34,443	82,0050
9,0175	-34,445	82,0100
9,0165	-34,447	82,0150
9,0060	-34,449	82,0200
9,0048	-34,451	82,0250
9,0191	-34,453	82,0300
9,0134	-34,455	82,0350
9,0105	-34,457	82,0400
9,0159	-34,460	82,0450
9,0091	-34,462	82,0500
9,0036	-34,464	82,0550
9,0130	-34,466	82,0600
9,0115	-34,468	82,0650
9,0129	-34,470	82,0700
9,0171	-34,472	82,0750
9,0231	-34,474	82,0800
9,0150	-34,476	82,0850
9,0175	-34,478	82,0900
9,0206	-34,481	82,0950
9,0183	-34,483	82,1000
9,0250	-34,485	82,1050
9,0299	-34,487	82,1100
9,0233	-34,489	82,1150
9,0240	-34,491	82,1200
9,0291	-34,493	82,1250
9,0210	-34,495	82,1300
9,0211	-34,497	82,1350
9,0270	-34,499	82,1400
9,0242	-34,502	82,1450
9,0140	-34,504	82,1500
9,0214	-34,506	82,1550
9,0223	-34,508	82,1600
9,0213	-34,510	82,1650
9,0252	-34,512	82,1700
9,0322	-34,514	82,1750
9,0215	-34,516	82,1800
9,0216	-34,518	82,1850
9,0302	-34,520	82,1900
9,0317	-34,523	82,1950
9,0237	-34,525	82,2000
9,0269	-34,527	82,2050
9,0257	-34,529	82,2100
9,0298	-34,531	82,2150
9,0421	-34,533	82,2200
9,0366	-34,535	82,2250
9,0293	-34,537	82,2300
9,0342	-34,539	82,2350
9,0279	-34,541	82,2400
9,0215	-34,544	82,2450
9,0362	-34,546	82,2500
9,0403	-34,548	82,2550
9,0377	-34,550	82,2600
9,0426	-34,552	82,2650
9,0414	-34,554	82,2700
9,0271	-34,556	82,2750
9,0315	-34,558	82,2800
9,0443	-34,560	82,2850
9,0395	-34,562	82,2900
9,0419	-34,565	82,2950
9,0446	-34,567	82,3000
9,0351	-34,569	82,3050
9,0284	-34,571	82,3100
9,0322	-34,573	82,3150
9,0355	-34,575	82,3200
9,0386	-34,577	82,3250
9,0454	-34,579	82,3300
9,0426	-34,581	82,3350
9,0345	-34,583	82,3400
9,0458	-34,586	82,3450
9,0485	-34,588	82,3500
9,0430	-34,590	82,3550
9,0473	-34,592	82,3600
9,0542	-34,594	82,3650
9,0461	-34,596	82,3700
9,0433	-34,598	82,3750
9,0468	-34,600	82,3800
9,0405	-34,602	82,3850
9,0415	-34,604	82,3900
9,0499	-34,607	82,3950
9,0482	-34,609	82,4000
9,0479	-34,611	82,4050
9,0537	-34,613	82,4100
9,0484	-34,615	82,4150
9,0502	-34,617	82,4200
9,0580	-34,619	82,4250
9,0557	-34,621	82,4300
9,0505	-34,623	82,4350
9,0561	-34,625	82,4400
9,0581	-34,628	82,4450
9,0560	-34,630	82,4500
9,0532	-34,632	82,4550
9,0603	-34,634	82,4600
9,0598	-34,636	82,4650
9,0633	-34,638	82,4700
9,0634	-34,640	82,4750
9,0542	-34,642	82,4800
9,0501	-34,644	82,4850
9,0602	-34,646	82,4900
9,0601	-34,649	82,4950
9,0564	-34,651	82,5000
9,0671	-34,653	82,5050
9,0599	-34,655	82,5100
9,0587	-34,657	82,5150
9,0666	-34,659	82,5200
9,0575	-34,661	82,5250
9,0471	-34,663	82,5300
9,0529	-34,665	82,5350
9,0623	-34,667	82,5400
9,0587	-34,670	82,5450
9,0599	-34,672	82,5500
9,0676	-34,674	82,5550
9,0619	-34,676	82,5600
9,0663	-34,678	82,5650
9,0675	-34,680	82,5700
9,0658	-34,682	82,5750
9,0673	-34,684	82,5800
9,0666	-34,686	82,5850
9,0620	-34,688	82,5900
9,0610	-34,691	82,5950
9,0663	-34,693	82,6000
9,0720	-34,695	82,6050
9,0632	-34,697	82,6100
9,0687	-34,699	82,6150
9,0705	-34,701	82,6200
9,0554	-34,703	82,6250
9,0641	-34,705	82,6300
9,0752	-34,707	82,6350
9,0770	-34,709	82,6400
9,0735	-34,712	82,6450
9,0811	-34,714	82,6500
9,0748	-34,716	82,6550
9,0780	-34,718	82,6600
9,0845	-34,720	82,6650
9,0691	-34,722	82,6700
9,0642	-34,724	82,6750
9,0784	-34,726	82,6800
9,0788	-34,728	82,6850
9,0759	-34,730	82,6900
9,0814	-34,733	82,6950
9,0915	-34,735	82,7000
9,0805	-34,737	82,7050
9,0808	-34,739	82,7100
9,0818	-34,741	82,7150
9,0740	-34,743	82,7200
9,0773	-34,745	82,7250
9,0817	-34,747	82,7300
9,0807	-34,749	82,7350
9,0801	-34,751	82,7400
9,0853	-34,754	82,7450
9,0824	-34,756	82,7500
9,0828	-34,758	82,7550
9,0883	-34,760	82,7600
9,0844	-34,762	82,7650
9,0821	-34,764	82,7700
9,0895	-34,766	82,7750
9,0854	-34,768	82,7800
9,0814	-34,770	82,7850
9,0911	-34,772	82,7900
9,0907	-34,775	82,7950
9,0818	-34,777	82,8000
9,0906	-34,779	82,8050
9,0970	-34,781	82,8100
9,0933	-34,783	82,8150
9,0967	-34,785	82,8200
9,0944	-34,787	82,8250
9,0879	-34,789	82,8300
9,0882	-34,791	82,8350
9,0985	-34,793	82,8400
9,0963	-34,796	82,8450
9,0951	-34,798	82,8500
9,0951	-34,800	82,8550
9,0883	-34,802	82,8600
9,0866	-34,804	82,8650
9,0991	-34,806	82,8700
9,0942	-34,808	82,8750
9,0880	-34,810	82,8800
9,0991	-34,812	82,8850
9,1068	-34,814	82,8900
9,0992	-34,817	82,8950
9,0997	-34,819	82,9000
9,1031	-34,821	82,9050
9,0979	-34,823	82,9100
9,1019	-34,825	82,9150
9,1057	-34,827	82,9200
9,1058	-34,829	82,9250
9,1047	-34,831	82,9300
9,1141	-34,833	82,9350
9,1054	-34,835	82,9400
9,1073	-34,838	82,9450
9,1109	-34,840	82,9500
9,1035	-34,842	82,9550
9,0987	-34,844	82,9600
9,1105	-34,846	82,9650
9,1058	-34,848	82,9700
9,1017	-34,850	82,9750
9,1114	-34,852	82,9800
9,1098	-34,854	82,9850
9,1010	-34,856	82,9900
9,1069	-34,859	82,9950
9,1108	-34,861	83,0000
9,1038	-34,863	83,0050
9,1052	-34,865	83,0100
9,1112	-34,867	83,0150
9,1055	-34,869	83,0200
9,1078	-34,871	83,0250
9,1208	-34,873	83,0300
9,1163	-34,875	83,0350
9,1118	-34,877	83,0400
9,1134	-34,880	83,0450
9,1124	-34,882	83,0500
9,1146	-34,884	83,0550
9,1195	-34,886	83,0600
9,1174	-34,888	83,0650
9,1131	-34,890	83,0700
9,1148	-34,892	83,0750
9,1162	-34,894	83,0800
9,1144	-34,896	83,0850
9,1236	-34,898	83,0900
9,1254	-34,901	83,0950
9,1142	-34,903	83,1000
9,1203	-34,905	83,1050
9,1281	-34,907	83,1100
9,1288	-34,909	83,1150
9,1297	-34,911	83,1200
9,1314	-34,913	83,1250
9,1238	-34,915	83,1300
9,1227	-34,917	83,1350
9,1305	-34,919	83,1400
9,1288	-34,922	83,1450
9,1238	-34,924	83,1500
9,1302	-34,926	83,1550
9,1281	-34,928	83,1600
9,1250	-34,930	83,1650
9,1288	-34,932	83,1700
9,1328	-34,934	83,1750
9,1258	-34,936	83,1800
9,1299	-34,938	83,1850
9,1374	-34,940	83,1900
9,1290	-34,943	83,1950
9,1295	-34,945	83,2000
9,1383	-34,947	83,2050
9,1377	-34,949	83,2100
9,1329	-34,951	83,2150
9,1344	-34,953	83,2200
9,1280	-34,955	83,2250
9,1285	-34,957	83,2300
9,1429	-34,959	83,2350
9,1387	-34,961	83,2400
9,1296	-34,964	83,2450
9,1364	-34,966	83,2500
9,1413	-34,968	83,2550
9,1315	-34,970	83,2600
9,1394	-34,972	83,2650
9,1499	-34,974	83,2700
9,1359	-34,976	83,2750
9,1350	-34,978	83,2800
9,1356	-34,980	83,2850
9,1309	-34,982	83,2900
9,1346	-34,985	83,2950
9,1394	-34,987	83,3000
9,1329	-34,989	83,3050
9,1323	-34,991	83,3100
9,1429	-34,993	83,3150
9,1471	-34,995	83,3200
9,1455	-34,997	83,3250
9,1446	-34,999	83,3300
9,1409	-35,001	83,3350
9,1420	-35,003	83,3400
9,1464	-35,006	83,3450
9,1393	-35,008	83,3500
9,1381	-35,010	83,3550
9,1410	-35,012	83,3600
9,1476	-35,014	83,3650
9,1479	-35,016	83,3700
9,1520	-35,018	83,3750
9,1542	-35,020	83,3800
9,1480	-35,022	83,3850
9,1520	-35,024	83,3900
9,1545	-35,027	83,3950
9,1430	-35,029	83,4000
9,1423	-35,031	83,4050
9,1519	-35,033	83,4100
9,1477	-35,035	83,4150
9,1459	-35,037	83,4200
9,1527	-35,039	83,4250
9,1501	-35,041	83,4300
9,1413	-35,043	83,4350
9,1492	-35,045	83,4400
9,1530	-35,048	83,4450
9,1481	-35,050	83,4500
9,1535	-35,052	83,4550
9,1590	-35,054	83,4600
9,1551	-35,056	83,4650
9,1547	-35,058	83,4700
9,1658	-35,060	83,4750
9,1591	-35,062	83,4800
9,1531	-35,064	83,4850
9,1635	-35,066	83,4900
9,1666	-35,069	83,4950
9,1569	-35,071	83,5000
9,1601	-35,073	83,5050
9,1613	-35,075	83,5100
9,1598	-35,077	83,5150
9,1644	-35,079	83,5200
9,1648	-35,081	83,5250
9,1584	-35,083	83,5300
9,1712	-35,085	83,5350
9,1702	-35,087	83,5400
9,1595	-35,090	83,5450
9,1601	-35,092	83,5500
9,1726	-35,094	83,5550
9,1672	-35,096	83,5600
9,1614	-35,098	83,5650
9,1614	-35,100	83,5700
9,1553	-35,102	83,5750
9,1573	-35,104	83,5800
9,1698	-35,106	83,5850
9,1723	-35,108	83,5900
9,1673	-35,111	83,5950
9,1693	-35,113	83,6000
9,1616	-35,115	83,6050
9,1634	-35,117	83,6100
9,1761	-35,119	83,6150
9,1673	-35,121	83,6200
9,1643	-35,123	83,6250
9,1789	-35,125	83,6300
9,1834	-35,127	83,6350
9,1759	-35,129	83,6400
9,1723	-35,132	83,6450
9,1804	-35,134	83,6500
9,1713	-35,136	83,6550
9,1713	-35,138	83,6600
9,1776	-35,140	83,6650
9,1710	-35,142	83,6700
9,1653	-35,144	83,6750
9,1694	-35,146	83,6800
9,1671	-35,148	83,6850
9,1687	-35,150	83,6900
9,1790	-35,153	83,6950
9,1747	-35,155	83,7000
9,1722	-35,157	83,7050
9,1803	-35,159	83,7100
9,1836	-35,161	83,7150
9,1786	-35,163	83,7200
9,1816	-35,165	83,7250
9,1844	-35,167	83,7300
9,1813	-35,169	83,7350
9,1790	-35,171	83,7400
9,1907	-35,174	83,7450
9,1794	-35,176	83,7500
9,1753	-35,178	83,7550
9,1783	-35,180	83,7600
9,1719	-35,182	83,7650
9,1752	-35,184	83,7700
9,1882	-35,186	83,7750
9,1952	-35,188	83,7800
9,1846	-35,190	83,7850
9,1826	-35,192	83,7900
9,1875	-35,195	83,7950
9,1831	-35,197	83,8000
9,1934	-35,199	83,8050
9,1939	-35,201	83,8100
9,1862	-35,203	83,8150
9,1882	-35,205	83,8200
9,1889	-35,207	83,8250
9,1864	-35,209	83,8300
9,1932	-35,211	83,8350
9,1967	-35,213	83,8400
9,1833	-35,216	83,8450
9,1881	-35,218	83,8500
9,2018	-35,220	83,8550
9,1933	-35,222	83,8600
9,1856	-35,224	83,8650
9,1935	-35,226	83,8700
9,1986	-35,228	83,8750
9,1954	-35,230	83,8800
9,1992	-35,232	83,8850
9,2031	-35,234	83,8900
9,2018	-35,237	83,8950
9,2038	-35,239	83,9000
9,2025	-35,241	83,9050
9,1999	-35,243	83,9100
9,2021	-35,245	83,9150
9,2003	-35,247	83,9200
9,1877	-35,249	83,9250
9,1858	-35,251	83,9300
9,1958	-35,253	83,9350
9,1910	-35,255	83,9400
9,1917	-35,258	83,9450
9,2024	-35,260	83,9500
9,2012	-35,262	83,9550
9,1967	-35,264	83,9600
9,2110	-35,266	83,9650
9,2124	-35,268	83,9700
9,2030	-35,270	83,9750
9,2047	-35,272	83,9800
9,2092	-35,274	83,9850
9,2015	-35,276	83,9900
9,1999	-35,279	83,9950
9,2030	-35,281	84,0000
9,1982	-35,283	84,0050
9,2007	-35,285	84,0100
9,2155	-35,287	84,0150
9,2134	-35,289	84,0200
9,2093	-35,291	84,0250
9,2169	-35,293	84,0300
9,2085	-35,295	84,0350
9,2024	-35,297	84,0400
9,2128	-35,300	84,0450
9,2146	-35,302	84,0500
9,2057	-35,304	84,0550
9,2106	-35,306	84,0600
9,2136	-35,308	84,0650
9,2073	-35,310	84,0700
9,2109	-35,312	84,0750
9,2153	-35,314	84,0800
9,2131	-35,316	84,0850
9,2188	-35,318	84,0900
9,2205	-35,321	84,0950
9,2182	-35,323	84,1000
9,2218	-35,325	84,1050
9,2274	-35,327	84,1100
9,2161	-35,329	84,1150
9,2060	-35,331	84,1200
9,2179	-35,333	84,1250
9,2252	-35,335	84,1300
9,2228	-35,337	84,1350
9,2355	-35,339	84,1400
9,2288	-35,342	84,1450
9,2179	-35,344	84,1500
9,2189	-35,346	84,1550
9,2215	-35,348	84,1600
9,2257	-35,350	84,1650
9,2327	-35,352	84,1700
9,2359	-35,354	84,1750
9,2206	-35,356	84,1800
9,2230	-35,358	84,1850
9,2265	-35,360	84,1900
9,2230	-35,363	84,1950
9,2285	-35,365	84,2000
9,2365	-35,367	84,2050
9,2304	-35,369	84,2100
9,2228	-35,371	84,2150
9,2329	-35,373	84,2200
9,2327	-35,375	84,2250
9,2291	-35,377	84,2300
9,2404	-35,379	84,2350
9,2339	-35,381	84,2400
9,2201	-35,384	84,2450
9,2344	-35,386	84,2500
9,2394	-35,388	84,2550
9,2323	-35,390	84,2600
9,2344	-35,392	84,2650
9,2379	-35,394	84,2700
9,2310	-35,396	84,2750
9,2307	-35,398	84,2800
9,2284	-35,400	84,2850
9,2276	-35,402	84,2900
9,2335	-35,405	84,2950
9,2425	-35,407	84,3000
9,2342	-35,409	84,3050
9,2290	-35,411	84,3100
9,2409	-35,413	84,3150
9,2363	-35,415	84,3200
9,2292	-35,417	84,3250
9,2419	-35,419	84,3300
9,2485	-35,421	84,3350
9,2408	-35,423	84,3400
9,2466	-35,426	84,3450
9,2421	-35,428	84,3500
9,2351	-35,430	84,3550
9,2408	-35,432	84,3600
9,2478	-35,434	84,3650
9,2364	-35,436	84,3700
9,2390	-35,438	84,3750
9,2400	-35,440	84,3800
9,2361	-35,442	84,3850
9,2436	-35,444	84,3900
9,2542	-35,447	84,3950
9,2498	-35,449	84,4000
9,2428	-35,451	84,4050
9,2466	-35,453	84,4100
9,2509	-35,455	84,4150
9,2553	-35,457	84,4200
9,2616	-35,459	84,4250
9,2549	-35,461	84,4300
9,2413	-35,463	84,4350
9,2455	-35,465	84,4400
9,2500	-35,468	84,4450
9,2499	-35,470	84,4500
9,2586	-35,472	84,4550
9,2672	-35,474	84,4600
9,2493	-35,476	84,4650
9,2512	-35,478	84,4700
9,2611	-35,480	84,4750
9,2546	-35,482	84,4800
9,2562	-35,484	84,4850
9,2659	-35,486	84,4900
9,2590	-35,489	84,4950
9,2557	-35,491	84,5000
9,2631	-35,493	84,5050
9,2615	-35,495	84,5100
9,2594	-35,497	84,5150
9,2596	-35,499	84,5200
9,2601	-35,501	84,5250
9,2512	-35,503	84,5300
9,2514	-35,505	84,5350
9,2535	-35,507	84,5400
9,2580	-35,510	84,5450
9,2646	-35,512	84,5500
9,2726	-35,514	84,5550
9,2547	-35,516	84,5600
9,2610	-35,518	84,5650
9,2722	-35,520	84,5700
9,2647	-35,522	84,5750
9,2573	-35,524	84,5800
9,2700	-35,526	84,5850
9,2719	-35,528	84,5900
9,2653	-35,531	84,5950
9,2723	-35,533	84,6000
9,2719	-35,535	84,6050
9,2675	-35,537	84,6100
9,2723	-35,539	84,6150
9,2667	-35,541	84,6200
9,2547	-35,543	84,6250
9,2666	-35,545	84,6300
9,2688	-35,547	84,6350
9,2667	-35,549	84,6400
9,2703	-35,552	84,6450
9,2703	-35,554	84,6500
9,2641	-35,556	84,6550
9,2683	-35,558	84,6600
9,2743	-35,560	84,6650
9,2694	-35,562	84,6700
9,2675	-35,564	84,6750
9,2733	-35,566	84,6800
9,2714	-35,568	84,6850
9,2710	-35,570	84,6900
9,2813	-35,573	84,6950
9,2761	-35,575	84,7000
9,2686	-35,577	84,7050
9,2777	-35,579	84,7100
9,2804	-35,581	84,7150
9,2717	-35,583	84,7200
9,2818	-35,585	84,7250
9,2876	-35,587	84,7300
9,2853	-35,589	84,7350
9,2796	-35,591	84,7400
9,2876	-35,594	84,7450
9,2843	-35,596	84,7500
9,2857	-35,598	84,7550
9,2855	-35,600	84,7600
9,2799	-35,602	84,7650
9,2805	-35,604	84,7700
9,2907	-35,606	84,7750
9,2855	-35,608	84,7800
9,2816	-35,610	84,7850
9,2919	-35,612	84,7900
9,2893	-35,615	84,7950
9,2833	-35,617	84,8000
9,2923	-35,619	84,8050
9,2997	-35,621	84,8100
9,2958	-35,623	84,8150
9,2986	-35,625	84,8200
9,2935	-35,627	84,8250
9,2883	-35,629	84,8300
9,2872	-35,631	84,8350
9,3017	-35,633	84,8400
9,2926	-35,636	84,8450
9,2839	-35,638	84,8500
9,2919	-35,640	84,8550
9,2858	-35,642	84,8600
9,2803	-35,644	84,8650
9,2923	-35,646	84,8700
9,2962	-35,648	84,8750
9,2993	-35,650	84,8800
9,3012	-35,652	84,8850
9,2947	-35,654	84,8900
9,2874	-35,657	84,8950
9,2930	-35,659	84,9000
9,2931	-35,661	84,9050
9,2837	-35,663	84,9100
9,3010	-35,665	84,9150
9,3111	-35,667	84,9200
9,3046	-35,669	84,9250
9,3002	-35,671	84,9300
9,3093	-35,673	84,9350
9,2982	-35,675	84,9400
9,3031	-35,678	84,9450
9,3104	-35,680	84,9500
9,3075	-35,682	84,9550
9,3093	-35,684	84,9600
9,3183	-35,686	84,9650
9,3088	-35,688	84,9700
9,3063	-35,690	84,9750
9,3160	-35,692	84,9800
9,3177	-35,694	84,9850
9,3092	-35,696	84,9900
9,3099	-35,699	84,9950
9,3068	-35,701	85,0000
9,3034	-35,703	85,0050
9,3063	-35,705	85,0100
9,3082	-35,707	85,0150
9,3135	-35,709	85,0200
9,3147	-35,711	85,0250
9,3189	-35,713	85,0300
9,3054	-35,715	85,0350
9,3063	-35,717	85,0400
9,3163	-35,720	85,0450
9,3080	-35,722	85,0500
9,3003	-35,724	85,0550
9,3122	-35,726	85,0600
9,3115	-35,728	85,0650
9,3122	-35,730	85,0700
9,3143	-35,732	85,0750
9,3110	-35,734	85,0800
9,3069	-35,736	85,0850
9,3170	-35,738	85,0900
9,3193	-35,741	85,0950
9,3113	-35,743	85,1000
9,3088	-35,745	85,1050
9,3158	-35,747	85,1100
9,3151	-35,749	85,1150
9,3108	-35,751	85,1200
9,3236	-35,753	85,1250
9,3223	-35,755	85,1300
9,3202	-35,757	85,1350
9,3244	-35,759	85,1400
9,3185	-35,762	85,1450
9,3154	-35,764	85,1500
9,3301	-35,766	85,1550
9,3305	-35,768	85,1600
9,3174	-35,770	85,1650
9,3205	-35,772	85,1700
9,3233	-35,774	85,1750
9,3201	-35,776	85,1800
9,3323	-35,778	85,1850
9,3385	-35,780	85,1900
9,3324	-35,783	85,1950
9,3261	-35,785	85,2000
9,3232	-35,787	85,2050
9,3215	-35,789	85,2100
9,3225	-35,791	85,2150
9,3278	-35,793	85,2200
9,3214	-35,795	85,2250
9,3237	-35,797	85,2300
9,3366	-35,799	85,2350
9,3361	-35,801	85,2400
9,3267	-35,804	85,2450
9,3287	-35,806	85,2500
9,3303	-35,808	85,2550
9,3267	-35,810	85,2600
9,3309	-35,812	85,2650
9,3338	-35,814	85,2700
9,3309	-35,816	85,2750
9,3380	-35,818	85,2800
9,3378	-35,820	85,2850
9,3299	-35,822	85,2900
9,3301	-35,825	85,2950
9,3434	-35,827	85,3000
9,3437	-35,829	85,3050
9,3381	-35,831	85,3100
9,3447	-35,833	85,3150
9,3340	-35,835	85,3200
9,3258	-35,837	85,3250
9,3390	-35,839	85,3300
9,3455	-35,841	85,3350
9,3422	-35,843	85,3400
9,3439	-35,846	85,3450
9,3419	-35,848	85,3500
9,3352	-35,850	85,3550
9,3418	-35,852	85,3600
9,3513	-35,854	85,3650
9,3467	-35,856	85,3700
9,3517	-35,858	85,3750
9,3553	-35,860	85,3800
9,3473	-35,862	85,3850
9,3416	-35,864	85,3900
9,3440	-35,867	85,3950
9,3478	-35,869	85,4000
9,3451	-35,871	85,4050
9,3546	-35,873	85,4100
9,3513	-35,875	85,4150
9,3449	-35,877	85,4200
9,3546	-35,879	85,4250
9,3571	-35,881	85,4300
9,3514	-35,883	85,4350
9,3580	-35,885	85,4400
9,3506	-35,888	85,4450
9,3435	-35,890	85,4500
9,3469	-35,892	85,4550
9,3509	-35,894	85,4600
9,3491	-35,896	85,4650
9,3587	-35,898	85,4700
9,3620	-35,900	85,4750
9,3531	-35,902	85,4800
9,3530	-35,904	85,4850
9,3645	-35,906	85,4900
9,3606	-35,909	85,4950
9,3620	-35,911	85,5000
9,3705	-35,913	85,5050
9,3661	-35,915	85,5100
9,3609	-35,917	85,5150
9,3688	-35,919	85,5200
9,3647	-35,921	85,5250
9,3501	-35,923	85,5300
9,3520	-35,925	85,5350
9,3637	-35,927	85,5400
9,3609	-35,930	85,5450
9,3614	-35,932	85,5500
9,3640	-35,934	85,5550
9,3559	-35,936	85,5600
9,3649	-35,938	85,5650
9,3749	-35,940	85,5700
9,3692	-35,942	85,5750
9,3647	-35,944	85,5800
9,3657	-35,946	85,5850
9,3627	-35,948	85,5900
9,3625	-35,951	85,5950
9,3656	-35,953	85,6000
9,3642	-35,955	85,6050
9,3651	-35,957	85,6100
9,3729	-35,959	85,6150
9,3737	-35,961	85,6200
9,3649	-35,963	85,6250
9,3720	-35,965	85,6300
9,3756	-35,967	85,6350
9,3726	-35,969	85,6400
9,3654	-35,972	85,6450
9,3670	-35,974	85,6500
9,3669	-35,976	85,6550
9,3624	-35,978	85,6600
9,3686	-35,980	85,6650
9,3712	-35,982	85,6700
9,3722	-35,984	85,6750
9,3836	-35,986	85,6800
9,3813	-35,988	85,6850
9,3733	-35,990	85,6900
9,3822	-35,993	85,6950
9,3793	-35,995	85,7000
9,3731	-35,997	85,7050
9,3813	-35,999	85,7100
9,3817	-36,001	85,7150
9,3753	-36,003	85,7200
9,3818	-36,005	85,7250
9,3843	-36,007	85,7300
9,3735	-36,009	85,7350
9,3784	-36,011	85,7400
9,3870	-36,014	85,7450
9,3820	-36,016	85,7500
9,3789	-36,018	85,7550
9,3800	-36,020	85,7600
9,3754	-36,022	85,7650
9,3672	-36,024	85,7700
9,3803	-36,026	85,7750
9,3859	-36,028	85,7800
9,3828	-36,030	85,7850
9,3925	-36,032	85,7900
9,3896	-36,035	85,7950
9,3819	-36,037	85,8000
9,3932	-36,039	85,8050
9,3934	-36,041	85,8100
9,3846	-36,043	85,8150
9,3905	-36,045	85,8200
9,3908	-36,047	85,8250
9,3861	-36,049	85,8300
9,3884	-36,051	85,8350
9,3934	-36,053	85,8400
9,3901	-36,056	85,8450
9,3948	-36,058	85,8500
9,4043	-36,060	85,8550
9,3904	-36,062	85,8600
9,3869	-36,064	85,8650
9,3962	-36,066	85,8700
9,3977	-36,068	85,8750
9,3948	-36,070	85,8800
9,3973	-36,072	85,8850
9,4002	-36,074	85,8900
9,3936	-36,077	85,8950
9,3981	-36,079	85,9000
9,3960	-36,081	85,9050
9,3830	-36,083	85,9100
9,3902	-36,085	85,9150
9,4010	-36,087	85,9200
9,3910	-36,089	85,9250
9,3929	-36,091	85,9300
9,4031	-36,093	85,9350
9,3997	-36,095	85,9400
9,4028	-36,098	85,9450
9,4060	-36,100	85,9500
9,3947	-36,102	85,9550
9,3929	-36,104	85,9600
9,4038	-36,106	85,9650
9,4034	-36,108	85,9700
9,3964	-36,110	85,9750
9,4041	-36,112	85,9800
9,4072	-36,114	85,9850
9,4004	-36,116	85,9900
9,4037	-36,119	85,9950
9,4079	-36,121	86,0000
9,4087	-36,123	86,0050
9,4137	-36,125	86,0100
9,4136	-36,127	86,0150
9,4052	-36,129	86,0200
9,4052	-36,131	86,0250
9,4145	-36,133	86,0300
9,4137	-36,135	86,0350
9,4171	-36,137	86,0400
9,4215	-36,140	86,0450
9,4104	-36,142	86,0500
9,4044	-36,144	86,0550
9,4126	-36,146	86,0600
9,4103	-36,148	86,0650
9,4073	-36,150	86,0700
9,4152	-36,152	86,0750
9,4128	-36,154	86,0800
9,4050	-36,156	86,0850
9,4188	-36,159	86,0900
9,4276	-36,161	86,0950
9,4186	-36,163	86,1000
9,4184	-36,165	86,1050
9,4203	-36,167	86,1100
9,4133	-36,169	86,1150
9,4165	-36,171	86,1200
9,4341	-36,173	86,1250
9,4297	-36,175	86,1300
9,4214	-36,177	86,1350
9,4228	-36,180	86,1400
9,4231	-36,182	86,1450
9,4166	-36,184	86,1500
9,4233	-36,186	86,1550
9,4236	-36,188	86,1600
9,4259	-36,190	86,1650
9,4322	-36,192	86,1700
9,4387	-36,194	86,1750
9,4297	-36,196	86,1800
9,4307	-36,198	86,1850
9,4329	-36,201	86,1900
9,4229	-36,203	86,1950
9,4211	-36,205	86,2000
9,4261	-36,207	86,2050
9,4138	-36,209	86,2100
9,4162	-36,211	86,2150
9,4322	-36,213	86,2200
9,4313	-36,215	86,2250
9,4313	-36,217	86,2300
9,4343	-36,219	86,2350
9,4212	-36,222	86,2400
9,4070	-36,224	86,2450
9,4209	-36,226	86,2500
9,4259	-36,228	86,2550
9,4165	-36,230	86,2600
9,4282	-36,232	86,2650
9,4420	-36,234	86,2700
9,4322	-36,236	86,2750
9,4388	-36,238	86,2800
9,4375	-36,240	86,2850
9,4297	-36,243	86,2900
9,4285	-36,245	86,2950
9,4344	-36,247	86,3000
9,4294	-36,249	86,3050
9,4319	-36,251	86,3100
9,4462	-36,253	86,3150
9,4422	-36,255	86,3200
9,4375	-36,257	86,3250
9,4515	-36,259	86,3300
9,4537	-36,261	86,3350
9,4442	-36,264	86,3400
9,4478	-36,266	86,3450
9,4469	-36,268	86,3500
9,4426	-36,270	86,3550
9,4418	-36,272	86,3600
9,4465	-36,274	86,3650
9,4383	-36,276	86,3700
9,4405	-36,278	86,3750
9,4455	-36,280	86,3800
9,4363	-36,282	86,3850
9,4376	-36,285	86,3900
9,4457	-36,287	86,3950
9,4460	-36,289	86,4000
9,4405	-36,291	86,4050
9,4505	-36,293	86,4100
9,4490	-36,295	86,4150
9,4418	-36,297	86,4200
9,4457	-36,299	86,4250
9,4432	-36,301	86,4300
9,4366	-36,303	86,4350
9,4546	-36,306	86,4400
9,4630	-36,308	86,4450
9,4572	-36,310	86,4500
9,4484	-36,312	86,4550
9,4504	-36,314	86,4600
9,4443	-36,316	86,4650
9,4498	-36,318	86,4700
9,4510	-36,320	86,4750
9,4463	-36,322	86,4800
9,4516	-36,324	86,4850
9,4578	-36,327	86,4900
9,4612	-36,329	86,4950
9,4551	-36,331	86,5000
9,4572	-36,333	86,5050
9,4586	-36,335	86,5100
9,4614	-36,337	86,5150
9,4681	-36,339	86,5200
9,4665	-36,341	86,5250
9,4575	-36,343	86,5300
9,4543	-36,345	86,5350
9,4557	-36,348	86,5400
9,4566	-36,350	86,5450
9,4545	-36,352	86,5500
9,4657	-36,354	86,5550
9,4649	-36,356	86,5600
9,4595	-36,358	86,5650
9,4641	-36,360	86,5700
9,4551	-36,362	86,5750
9,4556	-36,364	86,5800
9,4669	-36,366	86,5850
9,4655	-36,369	86,5900
9,4534	-36,371	86,5950
9,4659	-36,373	86,6000
9,4676	-36,375	86,6050
9,4657	-36,377	86,6100
9,4807	-36,379	86,6150
9,4728	-36,381	86,6200
9,4599	-36,383	86,6250
9,4691	-36,385	86,6300
9,4667	-36,387	86,6350
9,4588	-36,390	86,6400
9,4564	-36,392	86,6450
9,4641	-36,394	86,6500
9,4596	-36,396	86,6550
9,4646	-36,398	86,6600
9,4743	-36,400	86,6650
9,4710	-36,402	86,6700
9,4699	-36,404	86,6750
9,4760	-36,406	86,6800
9,4738	-36,408	86,6850
9,4712	-36,411	86,6900
9,4849	-36,413	86,6950
9,4858	-36,415	86,7000
9,4804	-36,417	86,7050
9,4796	-36,419	86,7100
9,4741	-36,421	86,7150
9,4710	-36,423	86,7200
9,4783	-36,425	86,7250
9,4843	-36,427	86,7300
9,4811	-36,429	86,7350
9,4803	-36,432	86,7400
9,4865	-36,434	86,7450
9,4764	-36,436	86,7500
9,4761	-36,438	86,7550
9,4783	-36,440	86,7600
9,4777	-36,442	86,7650
9,4827	-36,444	86,7700
9,4900	-36,446	86,7750
9,4855	-36,448	86,7800
9,4739	-36,450	86,7850
9,4841	-36,453	86,7900
9,4854	-36,455	86,7950
9,4771	-36,457	86,8000
9,4828	-36,459	86,8050
9,4861	-36,461	86,8100
9,4782	-36,463	86,8150
9,4840	-36,465	86,8200
9,4916	-36,467	86,8250
9,4856	-36,469	86,8300
9,4817	-36,471	86,8350
9,4919	-36,474	86,8400
9,4892	-36,476	86,8450
9,4880	-36,478	86,8500
9,4930	-36,480	86,8550
9,4891	-36,482	86,8600
9,4867	-36,484	86,8650
9,5015	-36,486	86,8700
9,5027	-36,488	86,8750
9,4924	-36,490	86,8800
9,4921	-36,492	86,8850
9,4922	-36,495	86,8900
9,4865	-36,497	86,8950
9,4978	-36,499	86,9000
9,5025	-36,501	86,9050
9,4905	-36,503	86,9100
9,4941	-36,505	86,9150
9,4952	-36,507	86,9200
9,4929	-36,509	86,9250
9,4958	-36,511	86,9300
9,5008	-36,513	86,9350
9,4952	-36,516	86,9400
9,4929	-36,518	86,9450
9,4986	-36,520	86,9500
9,4978	-36,522	86,9550
9,4972	-36,524	86,9600
9,5065	-36,526	86,9650
9,4994	-36,528	86,9700
9,4970	-36,530	86,9750
9,5106	-36,532	86,9800
9,5059	-36,534	86,9850
9,4912	-36,537	86,9900
9,4940	-36,539	86,9950
9,5105	-36,541	87,0000
9,5021	-36,543	87,0050
9,5039	-36,545	87,0100
9,5129	-36,547	87,0150
9,5114	-36,549	87,0200
9,5018	-36,551	87,0250
9,5026	-36,553	87,0300
9,5017	-36,555	87,0350
9,5065	-36,558	87,0400
9,5135	-36,560	87,0450
9,5087	-36,562	87,0500
9,5039	-36,564	87,0550
9,5112	-36,566	87,0600
9,5090	-36,568	87,0650
9,5008	-36,570	87,0700
9,5041	-36,572	87,0750
9,5136	-36,574	87,0800
9,5102	-36,576	87,0850
9,5170	-36,579	87,0900
9,5205	-36,581	87,0950
9,5114	-36,583	87,1000
9,5141	-36,585	87,1050
9,5167	-36,587	87,1100
9,5163	-36,589	87,1150
9,5145	-36,591	87,1200
9,5223	-36,593	87,1250
9,5136	-36,595	87,1300
9,5081	-36,597	87,1350
9,5189	-36,600	87,1400
9,5181	-36,602	87,1450
9,5133	-36,604	87,1500
9,5174	-36,606	87,1550
9,5173	-36,608	87,1600
9,5146	-36,610	87,1650
9,5157	-36,612	87,1700
9,5191	-36,614	87,1750
9,5129	-36,616	87,1800
9,5130	-36,618	87,1850
9,5214	-36,621	87,1900
9,5186	-36,623	87,1950
9,5256	-36,625	87,2000
9,5338	-36,627	87,2050
9,5299	-36,629	87,2100
9,5263	-36,631	87,2150
9,5392	-36,633	87,2200
9,5312	-36,635	87,2250
9,5265	-36,637	87,2300
9,5377	-36,639	87,2350
9,5332	-36,642	87,2400
9,5235	-36,644	87,2450
9,5327	-36,646	87,2500
9,5317	-36,648	87,2550
9,5234	-36,650	87,2600
9,5307	-36,652	87,2650
9,5391	-36,654	87,2700
9,5351	-36,656	87,2750
9,5367	-36,658	87,2800
9,5354	-36,660	87,2850
9,5215	-36,663	87,2900
9,5304	-36,665	87,2950
9,5420	-36,667	87,3000
9,5347	-36,669	87,3050
9,5273	-36,671	87,3100
9,5421	-36,673	87,3150
9,5383	-36,675	87,3200
9,5376	-36,677	87,3250
9,5402	-36,679	87,3300
9,5302	-36,681	87,3350
9,5327	-36,684	87,3400
9,5463	-36,686	87,3450
9,5463	-36,688	87,3500
9,5386	-36,690	87,3550
9,5376	-36,692	87,3600
9,5383	-36,694	87,3650
9,5239	-36,696	87,3700
9,5311	-36,698	87,3750
9,5461	-36,700	87,3800
9,5454	-36,702	87,3850
9,5463	-36,705	87,3900
9,5533	-36,707	87,3950
9,5440	-36,709	87,4000
9,5344	-36,711	87,4050
9,5410	-36,713	87,4100
9,5373	-36,715	87,4150
9,5281	-36,717	87,4200
9,5372	-36,719	87,4250
9,5412	-36,721	87,4300
9,5410	-36,723	87,4350
9,5465	-36,726	87,4400
9,5393	-36,728	87,4450
9,5303	-36,730	87,4500
9,5340	-36,732	87,4550
9,5468	-36,734	87,4600
9,5407	-36,736	87,4650
9,5425	-36,738	87,4700
9,5469	-36,740	87,4750
9,5405	-36,742	87,4800
9,5417	-36,744	87,4850
9,5438	-36,747	87,4900
9,5380	-36,749	87,4950
9,5466	-36,751	87,5000
9,5615	-36,753	87,5050
9,5548	-36,755	87,5100
9,5460	-36,757	87,5150
9,5505	-36,759	87,5200
9,5532	-36,761	87,5250
9,5458	-36,763	87,5300
9,5515	-36,765	87,5350
9,5540	-36,768	87,5400
9,5462	-36,770	87,5450
9,5479	-36,772	87,5500
9,5589	-36,774	87,5550
9,5525	-36,776	87,5600
9,5523	-36,778	87,5650
9,5581	-36,780	87,5700
9,5561	-36,782	87,5750
9,5572	-36,784	87,5800
9,5581	-36,786	87,5850
9,5551	-36,789	87,5900
9,5540	-36,791	87,5950
9,5643	-36,793	87,6000
9,5580	-36,795	87,6050
9,5479	-36,797	87,6100
9,5564	-36,799	87,6150
9,5529	-36,801	87,6200
9,5400	-36,803	87,6250
9,5509	-36,805	87,6300
9,5621	-36,807	87,6350
9,5629	-36,810	87,6400
9,5712	-36,812	87,6450
9,5804	-36,814	87,6500
9,5681	-36,816	87,6550
9,5627	-36,818	87,6600
9,5708	-36,820	87,6650
9,5619	-36,822	87,6700
9,5572	-36,824	87,6750
9,5611	-36,826	87,6800
9,5578	-36,828	87,6850
9,5555	-36,831	87,6900
9,5647	-36,833	87,6950
9,5641	-36,835	87,7000
9,5639	-36,837	87,7050
9,5745	-36,839	87,7100
9,5744	-36,841	87,7150
9,5702	-36,843	87,7200
9,5808	-36,845	87,7250
9,5775	-36,847	87,7300
9,5662	-36,849	87,7350
9,5703	-36,852	87,7400
9,5759	-36,854	87,7450
9,5669	-36,856	87,7500
9,5719	-36,858	87,7550
9,5761	-36,860	87,7600
9,5683	-36,862	87,7650
9,5685	-36,864	87,7700
9,5785	-36,866	87,7750
9,5746	-36,868	87,7800
9,5732	-36,870	87,7850
9,5784	-36,873	87,7900
9,5776	-36,875	87,7950
9,5688	-36,877	87,8000
9,5807	-36,879	87,8050
9,5783	-36,881	87,8100
9,5731	-36,883	87,8150
9,5828	-36,885	87,8200
9,5836	-36,887	87,8250
9,5740	-36,889	87,8300
9,5760	-36,891	87,8350
9,5898	-36,894	87,8400
9,5876	-36,896	87,8450
9,5856	-36,898	87,8500
9,5960	-36,900	87,8550
9,5875	-36,902	87,8600
9,5753	-36,904	87,8650
9,5799	-36,906	87,8700
9,5844	-36,908	87,8750
9,5852	-36,910	87,8800
9,5924	-36,912	87,8850
9,5915	-36,915	87,8900
9,5842	-36,917	87,8950
9,5956	-36,919	87,9000
9,6002	-36,921	87,9050
9,5825	-36,923	87,9100
9,5829	-36,925	87,9150
9,5881	-36,927	87,9200
9,5871	-36,929	87,9250
9,5922	-36,931	87,9300
9,5958	-36,933	87,9350
9,5890	-36,936	87,9400
9,5947	-36,938	87,9450
9,6001	-36,940	87,9500
9,5933	-36,942	87,9550
9,5871	-36,944	87,9600
9,5993	-36,946	87,9650
9,5967	-36,948	87,9700
9,5957	-36,950	87,9750
9,6000	-36,952	87,9800
9,6002	-36,954	87,9850
9,5923	-36,957	87,9900
9,5978	-36,959	87,9950
9,6056	-36,961	88,0000
9,5985	-36,963	88,0050
9,5965	-36,965	88,0100
9,6002	-36,967	88,0150
9,5960	-36,969	88,0200
9,5950	-36,971	88,0250
9,6016	-36,973	88,0300
9,5999	-36,975	88,0350
9,6045	-36,978	88,0400
9,6131	-36,980	88,0450
9,6124	-36,982	88,0500
9,6061	-36,984	88,0550
9,6086	-36,986	88,0600
9,6047	-36,988	88,0650
9,5995	-36,990	88,0700
9,6065	-36,992	88,0750
9,6133	-36,994	88,0800
9,6093	-36,996	88,0850
9,6173	-36,999	88,0900
9,6188	-37,001	88,0950
9,6073	-37,003	88,1000
9,6096	-37,005	88,1050
9,6199	-37,007	88,1100
9,6164	-37,009	88,1150
9,6099	-37,011	88,1200
9,6126	-37,013	88,1250
9,6023	-37,015	88,1300
9,6046	-37,017	88,1350
9,6158	-37,020	88,1400
9,6114	-37,022	88,1450
9,6067	-37,024	88,1500
9,6168	-37,026	88,1550
9,6193	-37,028	88,1600
9,6125	-37,030	88,1650
9,6111	-37,032	88,1700
9,6137	-37,034	88,1750
9,6098	-37,036	88,1800
9,6159	-37,038	88,1850
9,6219	-37,041	88,1900
9,6171	-37,043	88,1950
9,6171	-37,045	88,2000
9,6290	-37,047	88,2050
9,6242	-37,049	88,2100
9,6194	-37,051	88,2150
9,6230	-37,053	88,2200
9,6222	-37,055	88,2250
9,6227	-37,057	88,2300
9,6191	-37,059	88,2350
9,6103	-37,062	88,2400
9,6081	-37,064	88,2450
9,6278	-37,066	88,2500
9,6326	-37,068	88,2550
9,6264	-37,070	88,2600
9,6304	-37,072	88,2650
9,6359	-37,074	88,2700
9,6225	-37,076	88,2750
9,6234	-37,078	88,2800
9,6306	-37,080	88,2850
9,6287	-37,083	88,2900
9,6319	-37,085	88,2950
9,6397	-37,087	88,3000
9,6343	-37,089	88,3050
9,6364	-37,091	88,3100
9,6416	-37,093	88,3150
9,6377	-37,095	88,3200
9,6289	-37,097	88,3250
9,6357	-37,099	88,3300
9,6355	-37,101	88,3350
9,6296	-37,104	88,3400
9,6390	-37,106	88,3450
9,6420	-37,108	88,3500
9,6408	-37,110	88,3550
9,6415	-37,112	88,3600
9,6466	-37,114	88,3650
9,6309	-37,116	88,3700
9,6331	-37,118	88,3750
9,6435	-37,120	88,3800
9,6379	-37,122	88,3850
9,6400	-37,125	88,3900
9,6459	-37,127	88,3950
9,6400	-37,129	88,4000
9,6370	-37,131	88,4050
9,6474	-37,133	88,4100
9,6431	-37,135	88,4150
9,6387	-37,137	88,4200
9,6442	-37,139	88,4250
9,6442	-37,141	88,4300
9,6335	-37,143	88,4350
9,6490	-37,146	88,4400
9,6511	-37,148	88,4450
9,6470	-37,150	88,4500
9,6464	-37,152	88,4550
9,6461	-37,154	88,4600
9,6424	-37,156	88,4650
9,6485	-37,158	88,4700
9,6535	-37,160	88,4750
9,6494	-37,162	88,4800
9,6464	-37,164	88,4850
9,6494	-37,167	88,4900
9,6502	-37,169	88,4950
9,6524	-37,171	88,5000
9,6619	-37,173	88,5050
9,6568	-37,175	88,5100
9,6437	-37,177	88,5150
9,6479	-37,179	88,5200
9,6464	-37,181	88,5250
9,6466	-37,183	88,5300
9,6585	-37,185	88,5350
9,6589	-37,188	88,5400
9,6498	-37,190	88,5450
9,6504	-37,192	88,5500
9,6566	-37,194	88,5550
9,6511	-37,196	88,5600
9,6523	-37,198	88,5650
9,6547	-37,200	88,5700
9,6533	-37,202	88,5750
9,6516	-37,204	88,5800
9,6612	-37,206	88,5850
9,6629	-37,209	88,5900
9,6589	-37,211	88,5950
9,6716	-37,213	88,6000
9,6695	-37,215	88,6050
9,6557	-37,217	88,6100
9,6601	-37,219	88,6150
9,6613	-37,221	88,6200
9,6578	-37,223	88,6250
9,6639	-37,225	88,6300
9,6637	-37,227	88,6350
9,6638	-37,230	88,6400
9,6693	-37,232	88,6450
9,6755	-37,234	88,6500
9,6699	-37,236	88,6550
9,6672	-37,238	88,6600
9,6693	-37,240	88,6650
9,6636	-37,242	88,6700
9,6594	-37,244	88,6750
9,6711	-37,246	88,6800
9,6706	-37,248	88,6850
9,6675	-37,251	88,6900
9,6747	-37,253	88,6950
9,6777	-37,255	88,7000
9,6699	-37,257	88,7050
9,6740	-37,259	88,7100
9,6774	-37,261	88,7150
9,6638	-37,263	88,7200
9,6719	-37,265	88,7250
9,6796	-37,267	88,7300
9,6775	-37,269	88,7350
9,6728	-37,272	88,7400
9,6812	-37,274	88,7450
9,6716	-37,276	88,7500
9,6750	-37,278	88,7550
9,6801	-37,280	88,7600
9,6752	-37,282	88,7650
9,6751	-37,284	88,7700
9,6808	-37,286	88,7750
9,6755	-37,288	88,7800
9,6707	-37,290	88,7850
9,6773	-37,293	88,7900
9,6816	-37,295	88,7950
9,6737	-37,297	88,8000
9,6796	-37,299	88,8050
9,6838	-37,301	88,8100
9,6751	-37,303	88,8150
9,6833	-37,305	88,8200
9,6869	-37,307	88,8250
9,6879	-37,309	88,8300
9,6910	-37,311	88,8350
9,6997	-37,314	88,8400
9,6885	-37,316	88,8450
9,6853	-37,318	88,8500
9,6901	-37,320	88,8550
9,6843	-37,322	88,8600
9,6801	-37,324	88,8650
9,6903	-37,326	88,8700
9,6883	-37,328	88,8750
9,6808	-37,330	88,8800
9,6815	-37,332	88,8850
9,6844	-37,335	88,8900
9,6823	-37,337	88,8950
9,6904	-37,339	88,9000
9,6926	-37,341	88,9050
9,6828	-37,343	88,9100
9,6920	-37,345	88,9150
9,7005	-37,347	88,9200
9,6953	-37,349	88,9250
9,6858	-37,351	88,9300
9,6915	-37,353	88,9350
9,6934	-37,356	88,9400
9,6959	-37,358	88,9450
9,7054	-37,360	88,9500
9,7014	-37,362	88,9550
9,7014	-37,364	88,9600
9,7106	-37,366	88,9650
9,7094	-37,368	88,9700
9,7044	-37,370	88,9750
9,7015	-37,372	88,9800
9,7059	-37,374	88,9850
9,7017	-37,377	88,9900
9,6993	-37,379	88,9950
9,6959	-37,381	89,0000
9,6864	-37,383	89,0050
9,6963	-37,385	89,0100
9,7014	-37,387	89,0150
9,6955	-37,389	89,0200
9,6988	-37,391	89,0250
9,7087	-37,393	89,0300
9,6962	-37,395	89,0350
9,6956	-37,398	89,0400
9,7114	-37,400	89,0450
9,7112	-37,402	89,0500
9,7015	-37,404	89,0550
9,7139	-37,406	89,0600
9,7168	-37,408	89,0650
9,7070	-37,410	89,0700
9,7069	-37,412	89,0750
9,7077	-37,414	89,0800
9,7019	-37,416	89,0850
9,7069	-37,419	89,0900
9,7084	-37,421	89,0950
9,7030	-37,423	89,1000
9,7041	-37,425	89,1050
9,7132	-37,427	89,1100
9,7106	-37,429	89,1150
9,7102	-37,431	89,1200
9,7216	-37,433	89,1250
9,7209	-37,435	89,1300
9,7161	-37,437	89,1350
9,7168	-37,440	89,1400
9,7136	-37,442	89,1450
9,7094	-37,444	89,1500
9,7175	-37,446	89,1550
9,7148	-37,448	89,1600
9,7054	-37,450	89,1650
9,7120	-37,452	89,1700
9,7199	-37,454	89,1750
9,7127	-37,456	89,1800
9,7185	-37,458	89,1850
9,7232	-37,461	89,1900
9,7196	-37,463	89,1950
9,7242	-37,465	89,2000
9,7314	-37,467	89,2050
9,7197	-37,469	89,2100
9,7080	-37,471	89,2150
9,7170	-37,473	89,2200
9,7207	-37,475	89,2250
9,7243	-37,477	89,2300
9,7301	-37,479	89,2350
9,7245	-37,482	89,2400
9,7161	-37,484	89,2450
9,7251	-37,486	89,2500
9,7262	-37,488	89,2550
9,7235	-37,490	89,2600
9,7315	-37,492	89,2650
9,7356	-37,494	89,2700
9,7252	-37,496	89,2750
9,7322	-37,498	89,2800
9,7353	-37,500	89,2850
9,7255	-37,503	89,2900
9,7247	-37,505	89,2950
9,7260	-37,507	89,3000
9,7270	-37,509	89,3050
9,7292	-37,511	89,3100
9,7381	-37,513	89,3150
9,7382	-37,515	89,3200
9,7356	-37,517	89,3250
9,7400	-37,519	89,3300
9,7359	-37,521	89,3350
9,7305	-37,524	89,3400
9,7381	-37,526	89,3450
9,7368	-37,528	89,3500
9,7252	-37,530	89,3550
9,7306	-37,532	89,3600
9,7343	-37,534	89,3650
9,7298	-37,536	89,3700
9,7330	-37,538	89,3750
9,7417	-37,540	89,3800
9,7406	-37,542	89,3850
9,7394	-37,545	89,3900
9,7445	-37,547	89,3950
9,7425	-37,549	89,4000
9,7434	-37,551	89,4050
9,7522	-37,553	89,4100
9,7441	-37,555	89,4150
9,7338	-37,557	89,4200
9,7363	-37,559	89,4250
9,7409	-37,561	89,4300
9,7373	-37,563	89,4350
9,7489	-37,566	89,4400
9,7503	-37,568	89,4450
9,7407	-37,570	89,4500
9,7425	-37,572	89,4550
9,7506	-37,574	89,4600
9,7455	-37,576	89,4650
9,7430	-37,578	89,4700
9,7445	-37,580	89,4750
9,7415	-37,582	89,4800
9,7509	-37,584	89,4850
9,7578	-37,587	89,4900
9,7518	-37,589	89,4950
9,7526	-37,591	89,5000
9,7654	-37,593	89,5050
9,7650	-37,595	89,5100
9,7529	-37,597	89,5150
9,7567	-37,599	89,5200
9,7545	-37,601	89,5250
9,7473	-37,603	89,5300
9,7597	-37,605	89,5350
9,7680	-37,608	89,5400
9,7602	-37,610	89,5450
9,7579	-37,612	89,5500
9,7611	-37,614	89,5550
9,7554	-37,616	89,5600
9,7591	-37,618	89,5650
9,7615	-37,620	89,5700
9,7534	-37,622	89,5750
9,7458	-37,624	89,5800
9,7551	-37,626	89,5850
9,7582	-37,629	89,5900
9,7521	-37,631	89,5950
9,7623	-37,633	89,6000
9,7663	-37,635	89,6050
9,7553	-37,637	89,6100
9,7627	-37,639	89,6150
9,7686	-37,641	89,6200
9,7638	-37,643	89,6250
9,7697	-37,645	89,6300
9,7698	-37,647	89,6350
9,7605	-37,650	89,6400
9,7653	-37,652	89,6450
9,7705	-37,654	89,6500
9,7607	-37,656	89,6550
9,7682	-37,658	89,6600
9,7773	-37,660	89,6650
9,7719	-37,662	89,6700
9,7660	-37,664	89,6750
9,7743	-37,666	89,6800
9,7748	-37,668	89,6850
9,7695	-37,671	89,6900
9,7768	-37,673	89,6950
9,7727	-37,675	89,7000
9,7622	-37,677	89,7050
9,7662	-37,679	89,7100
9,7726	-37,681	89,7150
9,7650	-37,683	89,7200
9,7739	-37,685	89,7250
9,7743	-37,687	89,7300
9,7692	-37,689	89,7350
9,7737	-37,692	89,7400
9,7826	-37,694	89,7450
9,7789	-37,696	89,7500
9,7783	-37,698	89,7550
9,7902	-37,700	89,7600
9,7823	-37,702	89,7650
9,7765	-37,704	89,7700
9,7783	-37,706	89,7750
9,7723	-37,708	89,7800
9,7733	-37,710	89,7850
9,7823	-37,713	89,7900
9,7836	-37,715	89,7950
9,7766	-37,717	89,8000
9,7778	-37,719	89,8050
9,7818	-37,721	89,8100
9,7824	-37,723	89,8150
9,7826	-37,725	89,8200
9,7838	-37,727	89,8250
9,7818	-37,729	89,8300
9,7833	-37,731	89,8350
9,7826	-37,734	89,8400
9,7750	-37,736	89,8450
9,7776	-37,738	89,8500
9,7882	-37,740	89,8550
9,7866	-37,742	89,8600
9,7785	-37,744	89,8650
9,7872	-37,746	89,8700
9,7925	-37,748	89,8750
9,7963	-37,750	89,8800
9,7991	-37,752	89,8850
9,7931	-37,755	89,8900
9,7879	-37,757	89,8950
9,7945	-37,759	89,9000
9,7983	-37,761	89,9050
9,7924	-37,763	89,9100
9,7978	-37,765	89,9150
9,7937	-37,767	89,9200
9,7866	-37,769	89,9250
9,7904	-37,771	89,9300
9,8015	-37,773	89,9350
9,7917	-37,776	89,9400
9,7904	-37,778	89,9450
9,8023	-37,780	89,9500
9,7975	-37,782	89,9550
9,7851	-37,784	89,9600
9,7894	-37,786	89,9650
9,7935	-37,788	89,9700
9,7950	-37,790	89,9750
9,8010	-37,792	89,9800
9,7961	-37,794	89,9850
9,7922	-37,797	89,9900
9,8021	-37,799	89,9950
9,8106	-37,801	90,0000
9,8060	-37,803	90,0050
9,8021	-37,805	90,0100
9,8037	-37,807	90,0150
9,8000	-37,809	90,0200
9,7995	-37,811	90,0250
9,8152	-37,813	90,0300
9,8149	-37,815	90,0350
9,8142	-37,818	90,0400
9,8139	-37,820	90,0450
9,8060	-37,822	90,0500
9,7977	-37,824	90,0550
9,8026	-37,826	90,0600
9,8070	-37,828	90,0650
9,8083	-37,830	90,0700
9,8110	-37,832	90,0750
9,8119	-37,834	90,0800
9,8058	-37,836	90,0850
9,8159	-37,839	90,0900
9,8200	-37,841	90,0950
9,8106	-37,843	90,1000
9,8105	-37,845	90,1050
9,8114	-37,847	90,1100
9,8013	-37,849	90,1150
9,8036	-37,851	90,1200
9,8168	-37,853	90,1250
9,8185	-37,855	90,1300
9,8221	-37,857	90,1350
9,8258	-37,860	90,1400
9,8196	-37,862	90,1450
9,8091	-37,864	90,1500
9,8178	-37,866	90,1550
9,8178	-37,868	90,1600
9,8174	-37,870	90,1650
9,8229	-37,872	90,1700
9,8205	-37,874	90,1750
9,8108	-37,876	90,1800
9,8150	-37,878	90,1850
9,8180	-37,881	90,1900
9,8123	-37,883	90,1950
9,8222	-37,885	90,2000
9,8349	-37,887	90,2050
9,8279	-37,889	90,2100
9,8260	-37,891	90,2150
9,8342	-37,893	90,2200
9,8262	-37,895	90,2250
9,8150	-37,897	90,2300
9,8227	-37,899	90,2350
9,8217	-37,902	90,2400
9,8104	-37,904	90,2450
9,8207	-37,906	90,2500
9,8284	-37,908	90,2550
9,8255	-37,910	90,2600
9,8270	-37,912	90,2650
9,8246	-37,914	90,2700
9,8202	-37,916	90,2750
9,8290	-37,918	90,2800
9,8352	-37,920	90,2850
9,8327	-37,923	90,2900
9,8361	-37,925	90,2950
9,8394	-37,927	90,3000
9,8299	-37,929	90,3050
9,8249	-37,931	90,3100
9,8318	-37,933	90,3150
9,8349	-37,935	90,3200
9,8424	-37,937	90,3250
9,8457	-37,939	90,3300
9,8391	-37,941	90,3350
9,8257	-37,944	90,3400
9,8373	-37,946	90,3450
9,8374	-37,948	90,3500
9,8390	-37,950	90,3550
9,8369	-37,952	90,3600
9,8383	-37,954	90,3650
9,8373	-37,956	90,3700
9,8405	-37,958	90,3750
9,8465	-37,960	90,3800
9,8394	-37,962	90,3850
9,8364	-37,965	90,3900
9,8445	-37,967	90,3950
9,8380	-37,969	90,4000
9,8264	-37,971	90,4050
9,8425	-37,973	90,4100
9,8449	-37,975	90,4150
9,8453	-37,977	90,4200
9,8498	-37,979	90,4250
9,8450	-37,981	90,4300
9,8368	-37,983	90,4350
9,8485	-37,986	90,4400
9,8545	-37,988	90,4450
9,8589	-37,990	90,4500
9,8599	-37,992	90,4550
9,8542	-37,994	90,4600
9,8423	-37,996	90,4650
9,8437	-37,998	90,4700
9,8448	-38,000	90,4750
9,8405	-38,002	90,4800
9,8529	-38,004	90,4850
9,8671	-38,007	90,4900
9,8615	-38,009	90,4950
9,8518	-38,011	90,5000
9,8526	-38,013	90,5050
9,8527	-38,015	90,5100
9,8565	-38,017	90,5150
9,8665	-38,019	90,5200
9,8636	-38,021	90,5250
9,8469	-38,023	90,5300
9,8510	-38,025	90,5350
9,8552	-38,028	90,5400
9,8504	-38,030	90,5450
9,8535	-38,032	90,5500
9,8595	-38,034	90,5550
9,8515	-38,036	90,5600
9,8554	-38,038	90,5650
9,8626	-38,040	90,5700
9,8569	-38,042	90,5750
9,8534	-38,044	90,5800
9,8660	-38,046	90,5850
9,8672	-38,049	90,5900
9,8661	-38,051	90,5950
9,8812	-38,053	90,6000
9,8763	-38,055	90,6050
9,8624	-38,057	90,6100
9,8659	-38,059	90,6150
9,8626	-38,061	90,6200
9,8538	-38,063	90,6250
9,8631	-38,065	90,6300
9,8705	-38,067	90,6350
9,8658	-38,070	90,6400
9,8676	-38,072	90,6450
9,8785	-38,074	90,6500
9,8718	-38,076	90,6550
9,8738	-38,078	90,6600
9,8760	-38,080	90,6650
9,8706	-38,082	90,6700
9,8738	-38,084	90,6750
9,8822	-38,086	90,6800
9,8807	-38,088	90,6850
9,8749	-38,091	90,6900
9,8773	-38,093	90,6950
9,8774	-38,095	90,7000
9,8690	-38,097	90,7050
9,8727	-38,099	90,7100
9,8735	-38,101	90,7150
9,8739	-38,103	90,7200
9,8809	-38,105	90,7250
9,8831	-38,107	90,7300
9,8810	-38,109	90,7350
9,8844	-38,112	90,7400
9,8940	-38,114	90,7450
9,8808	-38,116	90,7500
9,8710	-38,118	90,7550
9,8724	-38,120	90,7600
9,8719	-38,122	90,7650
9,8755	-38,124	90,7700
9,8747	-38,126	90,7750
9,8717	-38,128	90,7800
9,8764	-38,130	90,7850
9,8895	-38,133	90,7900
9,8886	-38,135	90,7950
9,8790	-38,137	90,8000
9,8785	-38,139	90,8050
9,8848	-38,141	90,8100
9,8829	-38,143	90,8150
9,8828	-38,145	90,8200
9,8875	-38,147	90,8250
9,8910	-38,149	90,8300
9,8920	-38,151	90,8350
9,8965	-38,154	90,8400
9,8868	-38,156	90,8450
9,8816	-38,158	90,8500
9,8950	-38,160	90,8550
9,8927	-38,162	90,8600
9,8841	-38,164	90,8650
9,8851	-38,166	90,8700
9,8843	-38,168	90,8750
9,8850	-38,170	90,8800
9,8943	-38,172	90,8850
9,8962	-38,175	90,8900
9,8986	-38,177	90,8950
9,9015	-38,179	90,9000
9,9029	-38,181	90,9050
9,8943	-38,183	90,9100
9,8955	-38,185	90,9150
9,8956	-38,187	90,9200
9,8964	-38,189	90,9250
9,8971	-38,191	90,9300
9,9022	-38,193	90,9350
9,8945	-38,196	90,9400
9,8917	-38,198	90,9450
9,8922	-38,200	90,9500
9,8909	-38,202	90,9550
9,8910	-38,204	90,9600
9,9033	-38,206	90,9650
9,9019	-38,208	90,9700
9,8916	-38,210	90,9750
9,8967	-38,212	90,9800
9,9024	-38,214	90,9850
9,9042	-38,217	90,9900
9,9138	-38,219	90,9950
9,9177	-38,221	91,0000
9,9072	-38,223	91,0050
9,9080	-38,225	91,0100
9,9175	-38,227	91,0150
9,9139	-38,229	91,0200
9,9082	-38,231	91,0250
9,9112	-38,233	91,0300
9,9052	-38,235	91,0350
9,9056	-38,238	91,0400
9,9110	-38,240	91,0450
9,9088	-38,242	91,0500
9,9089	-38,244	91,0550
9,9238	-38,246	91,0600
9,9223	-38,248	91,0650
9,9098	-38,250	91,0700
9,9152	-38,252	91,0750
9,9142	-38,254	91,0800
9,9044	-38,256	91,0850
9,9153	-38,259	91,0900
9,9208	-38,261	91,0950
9,9117	-38,263	91,1000
9,9124	-38,265	91,1050
9,9185	-38,267	91,1100
9,9181	-38,269	91,1150
9,9202	-38,271	91,1200
9,9285	-38,273	91,1250
9,9222	-38,275	91,1300
9,9203	-38,277	91,1350
9,9260	-38,280	91,1400
9,9188	-38,282	91,1450
9,9134	-38,284	91,1500
9,9254	-38,286	91,1550
9,9243	-38,288	91,1600
9,9188	-38,290	91,1650
9,9250	-38,292	91,1700
9,9276	-38,294	91,1750
9,9138	-38,296	91,1800
9,9186	-38,298	91,1850
9,9249	-38,301	91,1900
9,9222	-38,303	91,1950
9,9236	-38,305	91,2000
9,9267	-38,307	91,2050
9,9233	-38,309	91,2100
9,9180	-38,311	91,2150
9,9233	-38,313	91,2200
9,9197	-38,315	91,2250
9,9164	-38,317	91,2300
9,9216	-38,319	91,2350
9,9237	-38,322	91,2400
9,9216	-38,324	91,2450
9,9304	-38,326	91,2500
9,9315	-38,328	91,2550
9,9285	-38,330	91,2600
9,9332	-38,332	91,2650
9,9345	-38,334	91,2700
9,9250	-38,336	91,2750
9,9285	-38,338	91,2800
9,9276	-38,340	91,2850
9,9228	-38,343	91,2900
9,9247	-38,345	91,2950
9,9321	-38,347	91,3000
9,9325	-38,349	91,3050
9,9311	-38,351	91,3100
9,9370	-38,353	91,3150
9,9387	-38,355	91,3200
9,9352	-38,357	91,3250
9,9419	-38,359	91,3300
9,9418	-38,361	91,3350
9,9331	-38,364	91,3400
9,9399	-38,366	91,3450
9,9431	-38,368	91,3500
9,9365	-38,370	91,3550
9,9309	-38,372	91,3600
9,9418	-38,374	91,3650
9,9336	-38,376	91,3700
9,9340	-38,378	91,3750
9,9474	-38,380	91,3800
9,9433	-38,382	91,3850
9,9408	-38,385	91,3900
9,9505	-38,387	91,3950
9,9440	-38,389	91,4000
9,9405	-38,391	91,4050
9,9423	-38,393	91,4100
9,9375	-38,395	91,4150
9,9314	-38,397	91,4200
9,9364	-38,399	91,4250
9,9462	-38,401	91,4300
9,9434	-38,403	91,4350
9,9474	-38,406	91,4400
9,9440	-38,408	91,4450
9,9345	-38,410	91,4500
9,9440	-38,412	91,4550
9,9583	-38,414	91,4600
9,9548	-38,416	91,4650
9,9505	-38,418	91,4700
9,9520	-38,420	91,4750
9,9486	-38,422	91,4800
9,9477	-38,424	91,4850
9,9508	-38,427	91,4900
9,9504	-38,429	91,4950
9,9483	-38,431	91,5000
9,9528	-38,433	91,5050
9,9561	-38,435	91,5100
9,9518	-38,437	91,5150
9,9611	-38,439	91,5200
9,9613	-38,441	91,5250
9,9561	-38,443	91,5300
9,9663	-38,445	91,5350
9,9725	-38,448	91,5400
9,9586	-38,450	91,5450
9,9564	-38,452	91,5500
9,9686	-38,454	91,5550
9,9632	-38,456	91,5600
9,9652	-38,458	91,5650
9,9738	-38,460	91,5700
9,9606	-38,462	91,5750
9,9519	-38,464	91,5800
9,9623	-38,466	91,5850
9,9649	-38,469	91,5900
9,9582	-38,471	91,5950
9,9637	-38,473	91,6000
9,9621	-38,475	91,6050
9,9582	-38,477	91,6100
9,9663	-38,479	91,6150
9,9628	-38,481	91,6200
9,9604	-38,483	91,6250
9,9681	-38,485	91,6300
9,9681	-38,487	91,6350
9,9641	-38,490	91,6400
9,9605	-38,492	91,6450
9,9682	-38,494	91,6500
9,9638	-38,496	91,6550
9,9655	-38,498	91,6600
9,9731	-38,500	91,6650
9,9712	-38,502	91,6700
9,9675	-38,504	91,6750
9,9767	-38,506	91,6800
9,9760	-38,508	91,6850
9,9717	-38,511	91,6900
9,9804	-38,513	91,6950
9,9752	-38,515	91,7000
9,9693	-38,517	91,7050
9,9776	-38,519	91,7100
9,9809	-38,521	91,7150
9,9780	-38,523	91,7200
9,9791	-38,525	91,7250
9,9814	-38,527	91,7300
9,9824	-38,529	91,7350
9,9832	-38,532	91,7400
9,9884	-38,534	91,7450
9,9825	-38,536	91,7500
9,9790	-38,538	91,7550
9,9849	-38,540	91,7600
9,9797	-38,542	91,7650
9,9775	-38,544	91,7700
9,9847	-38,546	91,7750
9,9824	-38,548	91,7800
9,9788	-38,550	91,7850
9,9881	-38,553	91,7900
9,9869	-38,555	91,7950
9,9820	-38,557	91,8000
9,9876	-38,559	91,8050
9,9895	-38,561	91,8100
9,9843	-38,563	91,8150
9,9916	-38,565	91,8200
9,9924	-38,567	91,8250
9,9846	-38,569	91,8300
9,9827	-38,571	91,8350
9,9903	-38,574	91,8400
9,9904	-38,576	91,8450
9,9833	-38,578	91,8500
9,9917	-38,580	91,8550
9,9905	-38,582	91,8600
9,9908	-38,584	91,8650
9,9977	-38,586	91,8700
9,9979	-38,588	91,8750
9,9974	-38,590	91,8800
10,0055	-38,592	91,8850
10,0017	-38,595	91,8900
9,9944	-38,597	91,8950
9,9987	-38,599	91,9000
9,9986	-38,601	91,9050
9,9964	-38,603	91,9100
10,0078	-38,605	91,9150
10,0120	-38,607	91,9200
9,9989	-38,609	91,9250
9,9885	-38,611	91,9300
9,9925	-38,613	91,9350
9,9932	-38,616	91,9400
9,9956	-38,618	91,9450
10,0027	-38,620	91,9500
9,9965	-38,622	91,9550
9,9917	-38,624	91,9600
10,0078	-38,626	91,9650
10,0047	-38,628	91,9700
9,9929	-38,630	91,9750
9,9990	-38,632	91,9800
10,0042	-38,634	91,9850
9,9928	-38,637	91,9900
9,9987	-38,639	91,9950
10,0043	-38,641	92,0000
9,9965	-38,643	92,0050
9,9993	-38,645	92,0100
10,0084	-38,647	92,0150
10,0073	-38,649	92,0200
10,0030	-38,651	92,0250
10,0071	-38,653	92,0300
10,0062	-38,655	92,0350
10,0051	-38,658	92,0400
10,0127	-38,660	92,0450
10,0100	-38,662	92,0500
10,0035	-38,664	92,0550
10,0120	-38,666	92,0600
10,0099	-38,668	92,0650
10,0057	-38,670	92,0700
10,0176	-38,672	92,0750
10,0238	-38,674	92,0800
10,0124	-38,676	92,0850
10,0108	-38,679	92,0900
10,0146	-38,681	92,0950
10,0083	-38,683	92,1000
10,0164	-38,685	92,1050
10,0243	-38,687	92,1100
10,0217	-38,689	92,1150
10,0153	-38,691	92,1200
10,0181	-38,693	92,1250
10,0196	-38,695	92,1300
10,0199	-38,697	92,1350
10,0248	-38,700	92,1400
10,0200	-38,702	92,1450
10,0086	-38,704	92,1500
10,0099	-38,706	92,1550
10,0148	-38,708	92,1600
10,0186	-38,710	92,1650
10,0224	-38,712	92,1700
10,0242	-38,714	92,1750
10,0272	-38,716	92,1800
10,0267	-38,718	92,1850
10,0267	-38,721	92,1900
10,0212	-38,723	92,1950
10,0245	-38,725	92,2000
10,0337	-38,727	92,2050
10,0294	-38,729	92,2100
10,0250	-38,731	92,2150
10,0348	-38,733	92,2200
10,0272	-38,735	92,2250
10,0209	-38,737	92,2300
10,0322	-38,739	92,2350
10,0366	-38,742	92,2400
10,0260	-38,744	92,2450
10,0355	-38,746	92,2500
10,0351	-38,748	92,2550
10,0369	-38,750	92,2600
10,0369	-38,752	92,2650
10,0384	-38,754	92,2700
10,0328	-38,756	92,2750
10,0377	-38,758	92,2800
10,0348	-38,760	92,2850
10,0292	-38,763	92,2900
10,0298	-38,765	92,2950
10,0398	-38,767	92,3000
10,0416	-38,769	92,3050
10,0413	-38,771	92,3100
10,0472	-38,773	92,3150
10,0413	-38,775	92,3200
10,0372	-38,777	92,3250
10,0453	-38,779	92,3300
10,0464	-38,781	92,3350
10,0398	-38,784	92,3400
10,0433	-38,786	92,3450
10,0496	-38,788	92,3500
10,0483	-38,790	92,3550
10,0482	-38,792	92,3600
10,0476	-38,794	92,3650
10,0364	-38,796	92,3700
10,0436	-38,798	92,3750
10,0456	-38,800	92,3800
10,0378	-38,802	92,3850
10,0475	-38,805	92,3900
10,0630	-38,807	92,3950
10,0514	-38,809	92,4000
10,0361	-38,811	92,4050
10,0417	-38,813	92,4100
10,0474	-38,815	92,4150
10,0467	-38,817	92,4200
10,0497	-38,819	92,4250
10,0498	-38,821	92,4300
10,0418	-38,823	92,4350
10,0476	-38,826	92,4400
10,0563	-38,828	92,4450
10,0480	-38,830	92,4500
10,0501	-38,832	92,4550
10,0578	-38,834	92,4600
10,0539	-38,836	92,4650
10,0548	-38,838	92,4700
10,0599	-38,840	92,4750
10,0566	-38,842	92,4800
10,0559	-38,844	92,4850
10,0611	-38,847	92,4900
10,0578	-38,849	92,4950
10,0556	-38,851	92,5000
10,0629	-38,853	92,5050
10,0568	-38,855	92,5100
10,0579	-38,857	92,5150
10,0711	-38,859	92,5200
10,0637	-38,861	92,5250
10,0484	-38,863	92,5300
10,0610	-38,865	92,5350
10,0677	-38,868	92,5400
10,0580	-38,870	92,5450
10,0545	-38,872	92,5500
10,0620	-38,874	92,5550
10,0553	-38,876	92,5600
10,0571	-38,878	92,5650
10,0682	-38,880	92,5700
10,0640	-38,882	92,5750
10,0618	-38,884	92,5800
10,0659	-38,886	92,5850
10,0582	-38,889	92,5900
10,0567	-38,891	92,5950
10,0671	-38,893	92,6000
10,0701	-38,895	92,6050
10,0668	-38,897	92,6100
10,0726	-38,899	92,6150
10,0755	-38,901	92,6200
10,0575	-38,903	92,6250
10,0571	-38,905	92,6300
10,0627	-38,907	92,6350
10,0674	-38,910	92,6400
10,0723	-38,912	92,6450
10,0841	-38,914	92,6500
10,0749	-38,916	92,6550
10,0696	-38,918	92,6600
10,0757	-38,920	92,6650
10,0764	-38,922	92,6700
10,0736	-38,924	92,6750
10,0818	-38,926	92,6800
10,0789	-38,928	92,6850
10,0739	-38,931	92,6900
10,0745	-38,933	92,6950
10,0783	-38,935	92,7000
10,0764	-38,937	92,7050
10,0804	-38,939	92,7100
10,0868	-38,941	92,7150
10,0820	-38,943	92,7200
10,0818	-38,945	92,7250
10,0832	-38,947	92,7300
10,0813	-38,949	92,7350
10,0819	-38,952	92,7400
10,0858	-38,954	92,7450
10,0742	-38,956	92,7500
10,0727	-38,958	92,7550
10,0761	-38,960	92,7600
10,0800	-38,962	92,7650
10,0823	-38,964	92,7700
10,0885	-38,966	92,7750
10,0910	-38,968	92,7800
10,0808	-38,970	92,7850
10,0828	-38,973	92,7900
10,0841	-38,975	92,7950
10,0820	-38,977	92,8000
10,0928	-38,979	92,8050
10,0934	-38,981	92,8100
10,0831	-38,983	92,8150
10,0861	-38,985	92,8200
10,0898	-38,987	92,8250
10,0883	-38,989	92,8300
10,0946	-38,991	92,8350
10,0966	-38,994	92,8400
10,0849	-38,996	92,8450
10,0884	-38,998	92,8500
10,0944	-39,000	92,8550
10,0861	-39,002	92,8600
10,0877	-39,004	92,8650
10,0986	-39,006	92,8700
10,0973	-39,008	92,8750
10,0859	-39,010	92,8800
10,0891	-39,012	92,8850
10,0944	-39,015	92,8900
10,0914	-39,017	92,8950
10,0972	-39,019	92,9000
10,1019	-39,021	92,9050
10,0948	-39,023	92,9100
10,0982	-39,025	92,9150
10,1044	-39,027	92,9200
10,1017	-39,029	92,9250
10,0954	-39,031	92,9300
10,1004	-39,033	92,9350
10,0966	-39,036	92,9400
10,0984	-39,038	92,9450
10,1072	-39,040	92,9500
10,1047	-39,042	92,9550
10,1020	-39,044	92,9600
10,1133	-39,046	92,9650
10,1090	-39,048	92,9700
10,0912	-39,050	92,9750
10,1008	-39,052	92,9800
10,1143	-39,054	92,9850
10,1123	-39,057	92,9900
10,1057	-39,059	92,9950
10,1055	-39,061	93,0000
10,1047	-39,063	93,0050
10,1150	-39,065	93,0100
10,1165	-39,067	93,0150
10,1032	-39,069	93,0200
10,1007	-39,071	93,0250
10,1128	-39,073	93,0300
10,1103	-39,075	93,0350
10,1105	-39,078	93,0400
10,1186	-39,080	93,0450
10,1193	-39,082	93,0500
10,1106	-39,084	93,0550
10,1163	-39,086	93,0600
10,1122	-39,088	93,0650
10,1080	-39,090	93,0700
10,1200	-39,092	93,0750
10,1241	-39,094	93,0800
10,1128	-39,096	93,0850
10,1195	-39,099	93,0900
10,1219	-39,101	93,0950
10,1231	-39,103	93,1000
10,1271	-39,105	93,1050
10,1235	-39,107	93,1100
10,1214	-39,109	93,1150
10,1166	-39,111	93,1200
10,1214	-39,113	93,1250
10,1212	-39,115	93,1300
10,1216	-39,117	93,1350
10,1252	-39,120	93,1400
10,1159	-39,122	93,1450
10,1126	-39,124	93,1500
10,1295	-39,126	93,1550
10,1355	-39,128	93,1600
10,1321	-39,130	93,1650
10,1283	-39,132	93,1700
10,1286	-39,134	93,1750
10,1156	-39,136	93,1800
10,1177	-39,138	93,1850
10,1297	-39,141	93,1900
10,1197	-39,143	93,1950
10,1203	-39,145	93,2000
10,1311	-39,147	93,2050
10,1287	-39,149	93,2100
10,1214	-39,151	93,2150
10,1303	-39,153	93,2200
10,1300	-39,155	93,2250
10,1289	-39,157	93,2300
10,1378	-39,159	93,2350
10,1350	-39,162	93,2400
10,1264	-39,164	93,2450
10,1357	-39,166	93,2500
10,1313	-39,168	93,2550
10,1280	-39,170	93,2600
10,1341	-39,172	93,2650
10,1389	-39,174	93,2700
10,1366	-39,176	93,2750
10,1414	-39,178	93,2800
10,1409	-39,180	93,2850
10,1267	-39,183	93,2900
10,1285	-39,185	93,2950
10,1427	-39,187	93,3000
10,1475	-39,189	93,3050
10,1367	-39,191	93,3100
10,1377	-39,193	93,3150
10,1391	-39,195	93,3200
10,1358	-39,197	93,3250
10,1391	-39,199	93,3300
10,1356	-39,201	93,3350
10,1319	-39,204	93,3400
10,1457	-39,206	93,3450
10,1471	-39,208	93,3500
10,1389	-39,210	93,3550
10,1473	-39,212	93,3600
10,1523	-39,214	93,3650
10,1444	-39,216	93,3700
10,1439	-39,218	93,3750
10,1474	-39,220	93,3800
10,1452	-39,222	93,3850
10,1472	-39,225	93,3900
10,1547	-39,227	93,3950
10,1534	-39,229	93,4000
10,1448	-39,231	93,4050
10,1530	-39,233	93,4100
10,1570	-39,235	93,4150
10,1498	-39,237	93,4200
10,1500	-39,239	93,4250
10,1486	-39,241	93,4300
10,1442	-39,243	93,4350
10,1480	-39,246	93,4400
10,1504	-39,248	93,4450
10,1551	-39,250	93,4500
10,1586	-39,252	93,4550
10,1656	-39,254	93,4600
10,1580	-39,256	93,4650
10,1550	-39,258	93,4700
10,1530	-39,260	93,4750
10,1464	-39,262	93,4800
10,1533	-39,264	93,4850
10,1582	-39,267	93,4900
10,1515	-39,269	93,4950
10,1488	-39,271	93,5000
10,1657	-39,273	93,5050
10,1699	-39,275	93,5100
10,1608	-39,277	93,5150
10,1623	-39,279	93,5200
10,1605	-39,281	93,5250
10,1540	-39,283	93,5300
10,1636	-39,285	93,5350
10,1745	-39,288	93,5400
10,1723	-39,290	93,5450
10,1769	-39,292	93,5500
10,1768	-39,294	93,5550
10,1613	-39,296	93,5600
10,1604	-39,298	93,5650
10,1663	-39,300	93,5700
10,1555	-39,302	93,5750
10,1546	-39,304	93,5800
10,1656	-39,306	93,5850
10,1689	-39,309	93,5900
10,1641	-39,311	93,5950
10,1734	-39,313	93,6000
10,1734	-39,315	93,6050
10,1663	-39,317	93,6100
10,1763	-39,319	93,6150
10,1786	-39,321	93,6200
10,1718	-39,323	93,6250
10,1723	-39,325	93,6300
10,1734	-39,327	93,6350
10,1700	-39,330	93,6400
10,1698	-39,332	93,6450
10,1775	-39,334	93,6500
10,1738	-39,336	93,6550
10,1772	-39,338	93,6600
10,1798	-39,340	93,6650
10,1720	-39,342	93,6700
10,1721	-39,344	93,6750
10,1846	-39,346	93,6800
10,1824	-39,348	93,6850
10,1756	-39,351	93,6900
10,1773	-39,353	93,6950
10,1749	-39,355	93,7000
10,1745	-39,357	93,7050
10,1801	-39,359	93,7100
10,1815	-39,361	93,7150
10,1831	-39,363	93,7200
10,1944	-39,365	93,7250
10,1952	-39,367	93,7300
10,1872	-39,369	93,7350
10,1852	-39,372	93,7400
10,1892	-39,374	93,7450
10,1820	-39,376	93,7500
10,1823	-39,378	93,7550
10,1942	-39,380	93,7600
10,1875	-39,382	93,7650
10,1788	-39,384	93,7700
10,1851	-39,386	93,7750
10,1952	-39,388	93,7800
10,1889	-39,390	93,7850
10,1941	-39,393	93,7900
10,1947	-39,395	93,7950
10,1841	-39,397	93,8000
10,1919	-39,399	93,8050
10,1924	-39,401	93,8100
10,1858	-39,403	93,8150
10,1853	-39,405	93,8200
10,1934	-39,407	93,8250
10,1935	-39,409	93,8300
10,1909	-39,411	93,8350
10,2001	-39,414	93,8400
10,1952	-39,416	93,8450
10,1944	-39,418	93,8500
10,1991	-39,420	93,8550
10,1894	-39,422	93,8600
10,1896	-39,424	93,8650
10,2007	-39,426	93,8700
10,1994	-39,428	93,8750
10,1946	-39,430	93,8800
10,2003	-39,432	93,8850
10,1971	-39,435	93,8900
10,1923	-39,437	93,8950
10,1981	-39,439	93,9000
10,2063	-39,441	93,9050
10,2045	-39,443	93,9100
10,2081	-39,445	93,9150
10,2134	-39,447	93,9200
10,2034	-39,449	93,9250
10,2000	-39,451	93,9300
10,2058	-39,453	93,9350
10,2053	-39,456	93,9400
10,2052	-39,458	93,9450
10,2106	-39,460	93,9500
10,2028	-39,462	93,9550
10,2057	-39,464	93,9600
10,2158	-39,466	93,9650
10,2076	-39,468	93,9700
10,2061	-39,470	93,9750
10,2136	-39,472	93,9800
10,2076	-39,474	93,9850
10,1976	-39,477	93,9900
10,2042	-39,479	93,9950
10,2099	-39,481	94,0000
10,2059	-39,483	94,0050
10,2091	-39,485	94,0100
10,2082	-39,487	94,0150
10,2046	-39,489	94,0200
10,2095	-39,491	94,0250
10,2210	-39,493	94,0300
10,2169	-39,495	94,0350
10,2173	-39,498	94,0400
10,2233	-39,500	94,0450
10,2209	-39,502	94,0500
10,2124	-39,504	94,0550
10,2193	-39,506	94,0600
10,2183	-39,508	94,0650
10,2143	-39,510	94,0700
10,2184	-39,512	94,0750
10,2224	-39,514	94,0800
10,2129	-39,516	94,0850
10,2161	-39,519	94,0900
10,2195	-39,521	94,0950
10,2115	-39,523	94,1000
10,2094	-39,525	94,1050
10,2233	-39,527	94,1100
10,2277	-39,529	94,1150
10,2193	-39,531	94,1200
10,2192	-39,533	94,1250
10,2130	-39,535	94,1300
10,2138	-39,537	94,1350
10,2288	-39,540	94,1400
10,2283	-39,542	94,1450
10,2190	-39,544	94,1500
10,2277	-39,546	94,1550
10,2286	-39,548	94,1600
10,2284	-39,550	94,1650
10,2311	-39,552	94,1700
10,2305	-39,554	94,1750
10,2259	-39,556	94,1800
10,2304	-39,558	94,1850
10,2333	-39,561	94,1900
10,2280	-39,563	94,1950
10,2286	-39,565	94,2000
10,2387	-39,567	94,2050
10,2353	-39,569	94,2100
10,2276	-39,571	94,2150
10,2317	-39,573	94,2200
10,2287	-39,575	94,2250
10,2243	-39,577	94,2300
10,2306	-39,579	94,2350
10,2291	-39,582	94,2400
10,2214	-39,584	94,2450
10,2242	-39,586	94,2500
10,2304	-39,588	94,2550
10,2305	-39,590	94,2600
10,2329	-39,592	94,2650
10,2377	-39,594	94,2700
10,2362	-39,596	94,2750
10,2439	-39,598	94,2800
10,2441	-39,600	94,2850
10,2362	-39,603	94,2900
10,2387	-39,605	94,2950
10,2497	-39,607	94,3000
10,2395	-39,609	94,3050
10,2291	-39,611	94,3100
10,2391	-39,613	94,3150
10,2453	-39,615	94,3200
10,2450	-39,617	94,3250
10,2488	-39,619	94,3300
10,2476	-39,621	94,3350
10,2439	-39,624	94,3400
10,2511	-39,626	94,3450
10,2504	-39,628	94,3500
10,2512	-39,630	94,3550
10,2552	-39,632	94,3600
10,2546	-39,634	94,3650
10,2469	-39,636	94,3700
10,2486	-39,638	94,3750
10,2497	-39,640	94,3800
10,2432	-39,642	94,3850
10,2464	-39,645	94,3900
10,2527	-39,647	94,3950
10,2450	-39,649	94,4000
10,2438	-39,651	94,4050
10,2571	-39,653	94,4100
10,2544	-39,655	94,4150
10,2472	-39,657	94,4200
10,2520	-39,659	94,4250
10,2507	-39,661	94,4300
10,2456	-39,663	94,4350
10,2525	-39,666	94,4400
10,2546	-39,668	94,4450
10,2499	-39,670	94,4500
10,2494	-39,672	94,4550
10,2574	-39,674	94,4600
10,2509	-39,676	94,4650
10,2597	-39,678	94,4700
10,2670	-39,680	94,4750
10,2617	-39,682	94,4800
10,2544	-39,684	94,4850
10,2583	-39,687	94,4900
10,2577	-39,689	94,4950
10,2545	-39,691	94,5000
10,2644	-39,693	94,5050
10,2630	-39,695	94,5100
10,2593	-39,697	94,5150
10,2657	-39,699	94,5200
10,2684	-39,701	94,5250
10,2594	-39,703	94,5300
10,2644	-39,705	94,5350
10,2688	-39,708	94,5400
10,2692	-39,710	94,5450
10,2655	-39,712	94,5500
10,2717	-39,714	94,5550
10,2629	-39,716	94,5600
10,2680	-39,718	94,5650
10,2701	-39,720	94,5700
10,2603	-39,722	94,5750
10,2631	-39,724	94,5800
10,2775	-39,726	94,5850
10,2744	-39,729	94,5900
10,2666	-39,731	94,5950
10,2752	-39,733	94,6000
10,2699	-39,735	94,6050
10,2648	-39,737	94,6100
10,2800	-39,739	94,6150
10,2846	-39,741	94,6200
10,2754	-39,743	94,6250
10,2780	-39,745	94,6300
10,2785	-39,747	94,6350
10,2736	-39,750	94,6400
10,2737	-39,752	94,6450
10,2796	-39,754	94,6500
10,2705	-39,756	94,6550
10,2733	-39,758	94,6600
10,2821	-39,760	94,6650
10,2811	-39,762	94,6700
10,2789	-39,764	94,6750
10,2868	-39,766	94,6800
10,2831	-39,768	94,6850
10,2814	-39,771	94,6900
10,2911	-39,773	94,6950
10,2898	-39,775	94,7000
10,2771	-39,777	94,7050
10,2815	-39,779	94,7100
10,2833	-39,781	94,7150
10,2773	-39,783	94,7200
10,2828	-39,785	94,7250
10,2845	-39,787	94,7300
10,2832	-39,789	94,7350
10,2872	-39,792	94,7400
10,2900	-39,794	94,7450
10,2778	-39,796	94,7500
10,2838	-39,798	94,7550
10,2951	-39,800	94,7600
10,2966	-39,802	94,7650
10,2937	-39,804	94,7700
10,3012	-39,806	94,7750
10,2909	-39,808	94,7800
10,2839	-39,810	94,7850
10,2912	-39,813	94,7900
10,2936	-39,815	94,7950
10,2880	-39,817	94,8000
10,2980	-39,819	94,8050
10,2962	-39,821	94,8100
10,2855	-39,823	94,8150
10,2884	-39,825	94,8200
10,2916	-39,827	94,8250
10,2868	-39,829	94,8300
10,2859	-39,831	94,8350
10,2963	-39,834	94,8400
10,2919	-39,836	94,8450
10,2955	-39,838	94,8500
10,3037	-39,840	94,8550
10,2954	-39,842	94,8600
10,2923	-39,844	94,8650
10,3090	-39,846	94,8700
10,2991	-39,848	94,8750
10,2907	-39,850	94,8800
10,3045	-39,852	94,8850
10,3074	-39,855	94,8900
10,2988	-39,857	94,8950
10,3051	-39,859	94,9000
10,3070	-39,861	94,9050
10,2960	-39,863	94,9100
10,3010	-39,865	94,9150
10,3083	-39,867	94,9200
10,3088	-39,869	94,9250
10,3111	-39,871	94,9300
10,3195	-39,873	94,9350
10,3130	-39,876	94,9400
10,3123	-39,878	94,9450
10,3128	-39,880	94,9500
10,3033	-39,882	94,9550
10,3046	-39,884	94,9600
10,3136	-39,886	94,9650
10,3126	-39,888	94,9700
10,3032	-39,890	94,9750
10,3107	-39,892	94,9800
10,3201	-39,894	94,9850
10,3157	-39,897	94,9900
10,3137	-39,899	94,9950
10,3095	-39,901	95,0000
10,3028	-39,903	95,0050
10,3174	-39,905	95,0100
10,3296	-39,907	95,0150
10,3288	-39,909	95,0200
10,3185	-39,911	95,0250
10,3149	-39,913	95,0300
10,3114	-39,915	95,0350
10,3152	-39,918	95,0400
10,3131	-39,920	95,0450
10,3106	-39,922	95,0500
10,3146	-39,924	95,0550
10,3289	-39,926	95,0600
10,3288	-39,928	95,0650
10,3154	-39,930	95,0700
10,3147	-39,932	95,0750
10,3249	-39,934	95,0800
10,3215	-39,936	95,0850
10,3260	-39,939	95,0900
10,3277	-39,941	95,0950
10,3188	-39,943	95,1000
10,3270	-39,945	95,1050
10,3335	-39,947	95,1100
10,3327	-39,949	95,1150
10,3294	-39,951	95,1200
10,3264	-39,953	95,1250
10,3210	-39,955	95,1300
10,3190	-39,957	95,1350
10,3233	-39,960	95,1400
10,3217	-39,962	95,1450
10,3183	-39,964	95,1500
10,3287	-39,966	95,1550
10,3248	-39,968	95,1600
10,3189	-39,970	95,1650
10,3251	-39,972	95,1700
10,3371	-39,974	95,1750
10,3289	-39,976	95,1800
10,3273	-39,978	95,1850
10,3335	-39,981	95,1900
10,3302	-39,983	95,1950
10,3366	-39,985	95,2000
10,3466	-39,987	95,2050
10,3408	-39,989	95,2100
10,3269	-39,991	95,2150
10,3361	-39,993	95,2200
10,3353	-39,995	95,2250
10,3343	-39,997	95,2300
10,3402	-39,999	95,2350
10,3414	-40,002	95,2400
10,3467	-40,004	95,2450
10,3483	-40,006	95,2500
10,3425	-40,008	95,2550
10,3405	-40,010	95,2600
10,3391	-40,012	95,2650
10,3410	-40,014	95,2700
10,3341	-40,016	95,2750
10,3411	-40,018	95,2800
10,3485	-40,020	95,2850
10,3449	-40,023	95,2900
10,3420	-40,025	95,2950
10,3449	-40,027	95,3000
10,3363	-40,029	95,3050
10,3361	-40,031	95,3100
10,3492	-40,033	95,3150
10,3466	-40,035	95,3200
10,3395	-40,037	95,3250
10,3428	-40,039	95,3300
10,3427	-40,041	95,3350
10,3461	-40,044	95,3400
10,3543	-40,046	95,3450
10,3510	-40,048	95,3500
10,3488	-40,050	95,3550
10,3476	-40,052	95,3600
10,3549	-40,054	95,3650
10,3532	-40,056	95,3700
10,3515	-40,058	95,3750
10,3522	-40,060	95,3800
10,3422	-40,062	95,3850
10,3436	-40,065	95,3900
10,3490	-40,067	95,3950
10,3472	-40,069	95,4000
10,3510	-40,071	95,4050
10,3561	-40,073	95,4100
10,3522	-40,075	95,4150
10,3516	-40,077	95,4200
10,3655	-40,079	95,4250
10,3634	-40,081	95,4300
10,3547	-40,083	95,4350
10,3685	-40,086	95,4400
10,3679	-40,088	95,4450
10,3516	-40,090	95,4500
10,3541	-40,092	95,4550
10,3658	-40,094	95,4600
10,3617	-40,096	95,4650
10,3595	-40,098	95,4700
10,3647	-40,100	95,4750
10,3598	-40,102	95,4800
10,3560	-40,104	95,4850
10,3642	-40,107	95,4900
10,3599	-40,109	95,4950
10,3571	-40,111	95,5000
10,3703	-40,113	95,5050
10,3709	-40,115	95,5100
10,3647	-40,117	95,5150
10,3717	-40,119	95,5200
10,3754	-40,121	95,5250
10,3680	-40,123	95,5300
10,3723	-40,125	95,5350
10,3788	-40,128	95,5400
10,3789	-40,130	95,5450
10,3742	-40,132	95,5500
10,3753	-40,134	95,5550
10,3676	-40,136	95,5600
10,3692	-40,138	95,5650
10,3774	-40,140	95,5700
10,3700	-40,142	95,5750
10,3668	-40,144	95,5800
10,3695	-40,146	95,5850
10,3698	-40,149	95,5900
10,3701	-40,151	95,5950
10,3793	-40,153	95,6000
10,3773	-40,155	95,6050
10,3731	-40,157	95,6100
10,3800	-40,159	95,6150
10,3847	-40,161	95,6200
10,3765	-40,163	95,6250
10,3842	-40,165	95,6300
10,3765	-40,167	95,6350
10,3696	-40,170	95,6400
10,3746	-40,172	95,6450
10,3852	-40,174	95,6500
10,3799	-40,176	95,6550
10,3831	-40,178	95,6600
10,3878	-40,180	95,6650
10,3807	-40,182	95,6700
10,3750	-40,184	95,6750
10,3765	-40,186	95,6800
10,3774	-40,188	95,6850
10,3800	-40,191	95,6900
10,3899	-40,193	95,6950
10,3866	-40,195	95,7000
10,3781	-40,197	95,7050
10,3849	-40,199	95,7100
10,3842	-40,201	95,7150
10,3766	-40,203	95,7200
10,3835	-40,205	95,7250
10,3864	-40,207	95,7300
10,3808	-40,209	95,7350
10,3825	-40,212	95,7400
10,3921	-40,214	95,7450
10,3850	-40,216	95,7500
10,3892	-40,218	95,7550
10,4025	-40,220	95,7600
10,3971	-40,222	95,7650
10,3865	-40,224	95,7700
10,3898	-40,226	95,7750
10,3903	-40,228	95,7800
10,3890	-40,230	95,7850
10,3972	-40,233	95,7900
10,3978	-40,235	95,7950
10,3894	-40,237	95,8000
10,3903	-40,239	95,8050
10,3916	-40,241	95,8100
10,3858	-40,243	95,8150
10,3924	-40,245	95,8200
10,3985	-40,247	95,8250
10,3908	-40,249	95,8300
10,3884	-40,251	95,8350
10,3958	-40,254	95,8400
10,3981	-40,256	95,8450
10,4025	-40,258	95,8500
10,4092	-40,260	95,8550
10,4002	-40,262	95,8600
10,3912	-40,264	95,8650
10,3982	-40,266	95,8700
10,3997	-40,268	95,8750
10,4031	-40,270	95,8800
10,4126	-40,272	95,8850
10,4123	-40,275	95,8900
10,4004	-40,277	95,8950
10,4020	-40,279	95,9000
10,3987	-40,281	95,9050
10,3928	-40,283	95,9100
10,4033	-40,285	95,9150
10,4140	-40,287	95,9200
10,4109	-40,289	95,9250
10,4020	-40,291	95,9300
10,4072	-40,293	95,9350
10,4054	-40,296	95,9400
10,4100	-40,298	95,9450
10,4189	-40,300	95,9500
10,4128	-40,302	95,9550
10,4098	-40,304	95,9600
10,4205	-40,306	95,9650
10,4214	-40,308	95,9700
10,4130	-40,310	95,9750
10,4167	-40,312	95,9800
10,4208	-40,314	95,9850
10,4198	-40,317	95,9900
10,4154	-40,319	95,9950
10,4154	-40,321	96,0000
10,4092	-40,323	96,0050
10,4131	-40,325	96,0100
10,4141	-40,327	96,0150
10,4125	-40,329	96,0200
10,4125	-40,331	96,0250
10,4287	-40,333	96,0300
10,4242	-40,335	96,0350
10,4203	-40,338	96,0400
10,4249	-40,340	96,0450
10,4206	-40,342	96,0500
10,4149	-40,344	96,0550
10,4250	-40,346	96,0600
10,4220	-40,348	96,0650
10,4174	-40,350	96,0700
10,4260	-40,352	96,0750
10,4310	-40,354	96,0800
10,4282	-40,356	96,0850
10,4234	-40,359	96,0900
10,4239	-40,361	96,0950
10,4212	-40,363	96,1000
10,4298	-40,365	96,1050
10,4356	-40,367	96,1100
10,4290	-40,369	96,1150
10,4217	-40,371	96,1200
10,4327	-40,373	96,1250
10,4368	-40,375	96,1300
10,4325	-40,377	96,1350
10,4370	-40,380	96,1400
10,4301	-40,382	96,1450
10,4176	-40,384	96,1500
10,4249	-40,386	96,1550
10,4290	-40,388	96,1600
10,4278	-40,390	96,1650
10,4387	-40,392	96,1700
10,4375	-40,394	96,1750
10,4284	-40,396	96,1800
10,4345	-40,398	96,1850
10,4419	-40,401	96,1900
10,4353	-40,403	96,1950
10,4407	-40,405	96,2000
10,4506	-40,407	96,2050
10,4441	-40,409	96,2100
10,4262	-40,411	96,2150
10,4284	-40,413	96,2200
10,4361	-40,415	96,2250
10,4405	-40,417	96,2300
10,4491	-40,419	96,2350
10,4433	-40,422	96,2400
10,4323	-40,424	96,2450
10,4359	-40,426	96,2500
10,4383	-40,428	96,2550
10,4382	-40,430	96,2600
10,4419	-40,432	96,2650
10,4475	-40,434	96,2700
10,4448	-40,436	96,2750
10,4515	-40,438	96,2800
10,4518	-40,440	96,2850
10,4464	-40,443	96,2900
10,4487	-40,445	96,2950
10,4554	-40,447	96,3000
10,4552	-40,449	96,3050
10,4534	-40,451	96,3100
10,4548	-40,453	96,3150
10,4528	-40,455	96,3200
10,4489	-40,457	96,3250
10,4552	-40,459	96,3300
10,4525	-40,461	96,3350
10,4508	-40,464	96,3400
10,4570	-40,466	96,3450
10,4565	-40,468	96,3500
10,4560	-40,470	96,3550
10,4563	-40,472	96,3600
10,4592	-40,474	96,3650
10,4550	-40,476	96,3700
10,4587	-40,478	96,3750
10,4660	-40,480	96,3800
10,4665	-40,482	96,3850
10,4639	-40,485	96,3900
10,4677	-40,487	96,3950
10,4622	-40,489	96,4000
10,4570	-40,491	96,4050
10,4609	-40,493	96,4100
10,4634	-40,495	96,4150
10,4637	-40,497	96,4200
10,4670	-40,499	96,4250
10,4581	-40,501	96,4300
10,4507	-40,503	96,4350
10,4654	-40,506	96,4400
10,4689	-40,508	96,4450
10,4673	-40,510	96,4500
10,4695	-40,512	96,4550
10,4698	-40,514	96,4600
10,4565	-40,516	96,4650
10,4645	-40,518	96,4700
10,4735	-40,520	96,4750
10,4689	-40,522	96,4800
10,4663	-40,524	96,4850
10,4684	-40,527	96,4900
10,4624	-40,529	96,4950
10,4627	-40,531	96,5000
10,4701	-40,533	96,5050
10,4657	-40,535	96,5100
10,4626	-40,537	96,5150
10,4677	-40,539	96,5200
10,4663	-40,541	96,5250
10,4653	-40,543	96,5300
10,4825	-40,545	96,5350
10,4809	-40,548	96,5400
10,4711	-40,550	96,5450
10,4735	-40,552	96,5500
10,4786	-40,554	96,5550
10,4663	-40,556	96,5600
10,4743	-40,558	96,5650
10,4824	-40,560	96,5700
10,4768	-40,562	96,5750
10,4730	-40,564	96,5800
10,4751	-40,566	96,5850
10,4767	-40,569	96,5900
10,4634	-40,571	96,5950
10,4670	-40,573	96,6000
10,4709	-40,575	96,6050
10,4776	-40,577	96,6100
10,4869	-40,579	96,6150
10,4875	-40,581	96,6200
10,4761	-40,583	96,6250
10,4786	-40,585	96,6300
10,4793	-40,587	96,6350
10,4770	-40,590	96,6400
10,4848	-40,592	96,6450
10,4909	-40,594	96,6500
10,4737	-40,596	96,6550
10,4775	-40,598	96,6600
10,4855	-40,600	96,6650
10,4866	-40,602	96,6700
10,4867	-40,604	96,6750
10,4874	-40,606	96,6800
10,4773	-40,608	96,6850
10,4731	-40,611	96,6900
10,4863	-40,613	96,6950
10,4890	-40,615	96,7000
10,4879	-40,617	96,7050
10,4868	-40,619	96,7100
10,4870	-40,621	96,7150
10,4910	-40,623	96,7200
10,5008	-40,625	96,7250
10,4982	-40,627	96,7300
10,4924	-40,629	96,7350
10,4903	-40,632	96,7400
10,4950	-40,634	96,7450
10,4922	-40,636	96,7500
10,4954	-40,638	96,7550
10,4990	-40,640	96,7600
10,4898	-40,642	96,7650
10,4832	-40,644	96,7700
10,4960	-40,646	96,7750
10,4961	-40,648	96,7800
10,4942	-40,650	96,7850
10,5068	-40,653	96,7900
10,5128	-40,655	96,7950
10,5074	-40,657	96,8000
10,5126	-40,659	96,8050
10,5080	-40,661	96,8100
10,4901	-40,663	96,8150
10,4967	-40,665	96,8200
10,5025	-40,667	96,8250
10,5044	-40,669	96,8300
10,5041	-40,671	96,8350
10,5054	-40,674	96,8400
10,4967	-40,676	96,8450
10,4998	-40,678	96,8500
10,5079	-40,680	96,8550
10,5017	-40,682	96,8600
10,4955	-40,684	96,8650
10,5021	-40,686	96,8700
10,5027	-40,688	96,8750
10,5056	-40,690	96,8800
10,5069	-40,692	96,8850
10,5082	-40,695	96,8900
10,5020	-40,697	96,8950
10,5122	-40,699	96,9000
10,5105	-40,701	96,9050
10,5025	-40,703	96,9100
10,5161	-40,705	96,9150
10,5204	-40,707	96,9200
10,5212	-40,709	96,9250
10,5110	-40,711	96,9300
10,5128	-40,713	96,9350
10,5151	-40,716	96,9400
10,5136	-40,718	96,9450
10,5155	-40,720	96,9500
10,5130	-40,722	96,9550
10,5085	-40,724	96,9600
10,5173	-40,726	96,9650
10,5197	-40,728	96,9700
10,5162	-40,730	96,9750
10,5183	-40,732	96,9800
10,5206	-40,734	96,9850
10,5132	-40,737	96,9900
10,5225	-40,739	96,9950
10,5271	-40,741	97,0000
10,5165	-40,743	97,0050
10,5174	-40,745	97,0100
10,5177	-40,747	97,0150
10,5168	-40,749	97,0200
10,5166	-40,751	97,0250
10,5256	-40,753	97,0300
10,5204	-40,755	97,0350
10,5201	-40,758	97,0400
10,5319	-40,760	97,0450
10,5282	-40,762	97,0500
10,5248	-40,764	97,0550
10,5384	-40,766	97,0600
10,5342	-40,768	97,0650
10,5272	-40,770	97,0700
10,5301	-40,772	97,0750
10,5311	-40,774	97,0800
10,5319	-40,776	97,0850
10,5351	-40,779	97,0900
10,5328	-40,781	97,0950
10,5219	-40,783	97,1000
10,5263	-40,785	97,1050
10,5318	-40,787	97,1100
10,5279	-40,789	97,1150
10,5242	-40,791	97,1200
10,5301	-40,793	97,1250
10,5285	-40,795	97,1300
10,5304	-40,797	97,1350
10,5344	-40,800	97,1400
10,5256	-40,802	97,1450
10,5211	-40,804	97,1500
10,5356	-40,806	97,1550
10,5368	-40,808	97,1600
10,5272	-40,810	97,1650
10,5310	-40,812	97,1700
10,5340	-40,814	97,1750
10,5263	-40,816	97,1800
10,5300	-40,818	97,1850
10,5403	-40,821	97,1900
10,5359	-40,823	97,1950
10,5359	-40,825	97,2000
10,5421	-40,827	97,2050
10,5398	-40,829	97,2100
10,5427	-40,831	97,2150
10,5506	-40,833	97,2200
10,5460	-40,835	97,2250
10,5424	-40,837	97,2300
10,5490	-40,839	97,2350
10,5477	-40,842	97,2400
10,5447	-40,844	97,2450
10,5524	-40,846	97,2500
10,5457	-40,848	97,2550
10,5400	-40,850	97,2600
10,5450	-40,852	97,2650
10,5445	-40,854	97,2700
10,5429	-40,856	97,2750
10,5530	-40,858	97,2800
10,5566	-40,860	97,2850
10,5482	-40,863	97,2900
10,5489	-40,865	97,2950
10,5520	-40,867	97,3000
10,5476	-40,869	97,3050
10,5438	-40,871	97,3100
10,5506	-40,873	97,3150
10,5449	-40,875	97,3200
10,5413	-40,877	97,3250
10,5486	-40,879	97,3300
10,5439	-40,881	97,3350
10,5423	-40,884	97,3400
10,5580	-40,886	97,3450
10,5488	-40,888	97,3500
10,5437	-40,890	97,3550
10,5529	-40,892	97,3600
10,5597	-40,894	97,3650
10,5509	-40,896	97,3700
10,5580	-40,898	97,3750
10,5672	-40,900	97,3800
10,5495	-40,902	97,3850
10,5534	-40,905	97,3900
10,5697	-40,907	97,3950
10,5698	-40,909	97,4000
10,5596	-40,911	97,4050
10,5644	-40,913	97,4100
10,5616	-40,915	97,4150
10,5600	-40,917	97,4200
10,5600	-40,919	97,4250
10,5631	-40,921	97,4300
10,5647	-40,923	97,4350
10,5724	-40,926	97,4400
10,5685	-40,928	97,4450
10,5642	-40,930	97,4500
10,5713	-40,932	97,4550
10,5810	-40,934	97,4600
10,5689	-40,936	97,4650
10,5740	-40,938	97,4700
10,5835	-40,940	97,4750
10,5786	-40,942	97,4800
10,5739	-40,944	97,4850
10,5773	-40,947	97,4900
10,5686	-40,949	97,4950
10,5587	-40,951	97,5000
10,5636	-40,953	97,5050
10,5673	-40,955	97,5100
10,5686	-40,957	97,5150
10,5683	-40,959	97,5200
10,5672	-40,961	97,5250
10,5600	-40,963	97,5300
10,5732	-40,965	97,5350
10,5734	-40,968	97,5400
10,5625	-40,970	97,5450
10,5718	-40,972	97,5500
10,5840	-40,974	97,5550
10,5825	-40,976	97,5600
10,5830	-40,978	97,5650
10,5793	-40,980	97,5700
10,5710	-40,982	97,5750
10,5738	-40,984	97,5800
10,5789	-40,986	97,5850
10,5820	-40,989	97,5900
10,5774	-40,991	97,5950
10,5832	-40,993	97,6000
10,5861	-40,995	97,6050
10,5863	-40,997	97,6100
10,5893	-40,999	97,6150
10,5885	-41,001	97,6200
10,5814	-41,003	97,6250
10,5804	-41,005	97,6300
10,5758	-41,007	97,6350
10,5730	-41,010	97,6400
10,5778	-41,012	97,6450
10,5843	-41,014	97,6500
10,5788	-41,016	97,6550
10,5827	-41,018	97,6600
10,5940	-41,020	97,6650
10,5923	-41,022	97,6700
10,5912	-41,024	97,6750
10,5986	-41,026	97,6800
10,5932	-41,028	97,6850
10,5863	-41,031	97,6900
10,5941	-41,033	97,6950
10,5899	-41,035	97,7000
10,5819	-41,037	97,7050
10,5931	-41,039	97,7100
10,5886	-41,041	97,7150
10,5821	-41,043	97,7200
10,5961	-41,045	97,7250
10,6042	-41,047	97,7300
10,5920	-41,049	97,7350
10,5910	-41,052	97,7400
10,6005	-41,054	97,7450
10,5958	-41,056	97,7500
10,5994	-41,058	97,7550
10,6001	-41,060	97,7600
10,5906	-41,062	97,7650
10,5942	-41,064	97,7700
10,6064	-41,066	97,7750
10,6084	-41,068	97,7800
10,6042	-41,070	97,7850
10,6001	-41,073	97,7900
10,5921	-41,075	97,7950
10,5906	-41,077	97,8000
10,6018	-41,079	97,8050
10,6024	-41,081	97,8100
10,5944	-41,083	97,8150
10,6048	-41,085	97,8200
10,6111	-41,087	97,8250
10,6101	-41,089	97,8300
10,6022	-41,091	97,8350
10,6068	-41,094	97,8400
10,6098	-41,096	97,8450
10,6169	-41,098	97,8500
10,6189	-41,100	97,8550
10,6055	-41,102	97,8600
10,6005	-41,104	97,8650
10,6110	-41,106	97,8700
10,6083	-41,108	97,8750
10,6056	-41,110	97,8800
10,6141	-41,112	97,8850
10,6089	-41,115	97,8900
10,6011	-41,117	97,8950
10,6074	-41,119	97,9000
10,6082	-41,121	97,9050
10,6015	-41,123	97,9100
10,6163	-41,125	97,9150
10,6230	-41,127	97,9200
10,6119	-41,129	97,9250
10,6145	-41,131	97,9300
10,6266	-41,133	97,9350
10,6191	-41,136	97,9400
10,6136	-41,138	97,9450
10,6253	-41,140	97,9500
10,6210	-41,142	97,9550
10,6113	-41,144	97,9600
10,6181	-41,146	97,9650
10,6206	-41,148	97,9700
10,6167	-41,150	97,9750
10,6192	-41,152	97,9800
10,6236	-41,154	97,9850
10,6192	-41,157	97,9900
10,6265	-41,159	97,9950
10,6314	-41,161	98,0000
10,6287	-41,163	98,0050
10,6295	-41,165	98,0100
10,6372	-41,167	98,0150
10,6353	-41,169	98,0200
10,6255	-41,171	98,0250
10,6289	-41,173	98,0300
10,6280	-41,175	98,0350
10,6234	-41,178	98,0400
10,6231	-41,180	98,0450
10,6225	-41,182	98,0500
10,6185	-41,184	98,0550
10,6258	-41,186	98,0600
10,6291	-41,188	98,0650
10,6295	-41,190	98,0700
10,6296	-41,192	98,0750
10,6236	-41,194	98,0800
10,6242	-41,196	98,0850
10,6364	-41,199	98,0900
10,6374	-41,201	98,0950
10,6301	-41,203	98,1000
10,6325	-41,205	98,1050
10,6454	-41,207	98,1100
10,6398	-41,209	98,1150
10,6307	-41,211	98,1200
10,6375	-41,213	98,1250
10,6363	-41,215	98,1300
10,6347	-41,217	98,1350
10,6418	-41,220	98,1400
10,6440	-41,222	98,1450
10,6388	-41,224	98,1500
10,6429	-41,226	98,1550
10,6454	-41,228	98,1600
10,6408	-41,230	98,1650
10,6419	-41,232	98,1700
10,6433	-41,234	98,1750
10,6355	-41,236	98,1800
10,6408	-41,238	98,1850
10,6451	-41,241	98,1900
10,6372	-41,243	98,1950
10,6412	-41,245	98,2000
10,6467	-41,247	98,2050
10,6466	-41,249	98,2100
10,6431	-41,251	98,2150
10,6445	-41,253	98,2200
10,6401	-41,255	98,2250
10,6379	-41,257	98,2300
10,6418	-41,259	98,2350
10,6403	-41,262	98,2400
10,6340	-41,264	98,2450
10,6481	-41,266	98,2500
10,6560	-41,268	98,2550
10,6508	-41,270	98,2600
10,6512	-41,272	98,2650
10,6563	-41,274	98,2700
10,6426	-41,276	98,2750
10,6454	-41,278	98,2800
10,6576	-41,280	98,2850
10,6508	-41,283	98,2900
10,6535	-41,285	98,2950
10,6591	-41,287	98,3000
10,6504	-41,289	98,3050
10,6444	-41,291	98,3100
10,6534	-41,293	98,3150
10,6537	-41,295	98,3200
10,6480	-41,297	98,3250
10,6555	-41,299	98,3300
10,6554	-41,301	98,3350
10,6523	-41,304	98,3400
10,6599	-41,306	98,3450
10,6617	-41,308	98,3500
10,6572	-41,310	98,3550
10,6643	-41,312	98,3600
10,6646	-41,314	98,3650
10,6586	-41,316	98,3700
10,6710	-41,318	98,3750
10,6724	-41,320	98,3800
10,6620	-41,322	98,3850
10,6607	-41,325	98,3900
10,6677	-41,327	98,3950
10,6628	-41,329	98,4000
10,6565	-41,331	98,4050
10,6614	-41,333	98,4100
10,6658	-41,335	98,4150
10,6636	-41,337	98,4200
10,6668	-41,339	98,4250
10,6594	-41,341	98,4300
10,6522	-41,343	98,4350
10,6645	-41,346	98,4400
10,6644	-41,348	98,4450
10,6665	-41,350	98,4500
10,6710	-41,352	98,4550
10,6758	-41,354	98,4600
10,6705	-41,356	98,4650
10,6745	-41,358	98,4700
10,6765	-41,360	98,4750
10,6743	-41,362	98,4800
10,6760	-41,364	98,4850
10,6834	-41,367	98,4900
10,6761	-41,369	98,4950
10,6685	-41,371	98,5000
10,6751	-41,373	98,5050
10,6704	-41,375	98,5100
10,6678	-41,377	98,5150
10,6825	-41,379	98,5200
10,6841	-41,381	98,5250
10,6791	-41,383	98,5300
10,6922	-41,385	98,5350
10,6878	-41,388	98,5400
10,6788	-41,390	98,5450
10,6838	-41,392	98,5500
10,6858	-41,394	98,5550
10,6736	-41,396	98,5600
10,6731	-41,398	98,5650
10,6810	-41,400	98,5700
10,6744	-41,402	98,5750
10,6771	-41,404	98,5800
10,6861	-41,406	98,5850
10,6866	-41,409	98,5900
10,6802	-41,411	98,5950
10,6828	-41,413	98,6000
10,6838	-41,415	98,6050
10,6841	-41,417	98,6100
10,6910	-41,419	98,6150
10,6895	-41,421	98,6200
10,6815	-41,423	98,6250
10,6926	-41,425	98,6300
10,6915	-41,427	98,6350
10,6908	-41,430	98,6400
10,6937	-41,432	98,6450
10,6954	-41,434	98,6500
10,6825	-41,436	98,6550
10,6863	-41,438	98,6600
10,6971	-41,440	98,6650
10,6942	-41,442	98,6700
10,6919	-41,444	98,6750
10,6993	-41,446	98,6800
10,6931	-41,448	98,6850
10,6921	-41,451	98,6900
10,7014	-41,453	98,6950
10,6969	-41,455	98,7000
10,6916	-41,457	98,7050
10,7038	-41,459	98,7100
10,7044	-41,461	98,7150
10,6951	-41,463	98,7200
10,6991	-41,465	98,7250
10,7007	-41,467	98,7300
10,6978	-41,469	98,7350
10,6978	-41,472	98,7400
10,7052	-41,474	98,7450
10,7001	-41,476	98,7500
10,6956	-41,478	98,7550
10,6984	-41,480	98,7600
10,6969	-41,482	98,7650
10,7011	-41,484	98,7700
10,7124	-41,486	98,7750
10,7102	-41,488	98,7800
10,7022	-41,490	98,7850
10,7050	-41,493	98,7900
10,7105	-41,495	98,7950
10,7052	-41,497	98,8000
10,7051	-41,499	98,8050
10,7033	-41,501	98,8100
10,6983	-41,503	98,8150
10,7050	-41,505	98,8200
10,7145	-41,507	98,8250
10,7131	-41,509	98,8300
10,7040	-41,511	98,8350
10,7074	-41,514	98,8400
10,7065	-41,516	98,8450
10,7103	-41,518	98,8500
10,7160	-41,520	98,8550
10,7078	-41,522	98,8600
10,7040	-41,524	98,8650
10,7179	-41,526	98,8700
10,7214	-41,528	98,8750
10,7121	-41,530	98,8800
10,7175	-41,532	98,8850
10,7174	-41,535	98,8900
10,7091	-41,537	98,8950
10,7168	-41,539	98,9000
10,7247	-41,541	98,9050
10,7175	-41,543	98,9100
10,7206	-41,545	98,9150
10,7241	-41,547	98,9200
10,7226	-41,549	98,9250
10,7154	-41,551	98,9300
10,7253	-41,553	98,9350
10,7165	-41,556	98,9400
10,7185	-41,558	98,9450
10,7304	-41,560	98,9500
10,7281	-41,562	98,9550
10,7248	-41,564	98,9600
10,7357	-41,566	98,9650
10,7257	-41,568	98,9700
10,7161	-41,570	98,9750
10,7210	-41,572	98,9800
10,7203	-41,574	98,9850
10,7177	-41,577	98,9900
10,7286	-41,579	98,9950
10,7238	-41,581	99,0000
10,7211	-41,583	99,0050
10,7305	-41,585	99,0100
10,7328	-41,587	99,0150
10,7258	-41,589	99,0200
10,7205	-41,591	99,0250
10,7313	-41,593	99,0300
10,7338	-41,595	99,0350
10,7309	-41,598	99,0400
10,7343	-41,600	99,0450
10,7284	-41,602	99,0500
10,7234	-41,604	99,0550
10,7372	-41,606	99,0600
10,7380	-41,608	99,0650
10,7295	-41,610	99,0700
10,7351	-41,612	99,0750
10,7394	-41,614	99,0800
10,7293	-41,616	99,0850
10,7382	-41,619	99,0900
10,7392	-41,621	99,0950
10,7302	-41,623	99,1000
10,7314	-41,625	99,1050
10,7349	-41,627	99,1100
10,7362	-41,629	99,1150
10,7421	-41,631	99,1200
10,7506	-41,633	99,1250
10,7411	-41,635	99,1300
10,7388	-41,637	99,1350
10,7471	-41,640	99,1400
10,7481	-41,642	99,1450
10,7372	-41,644	99,1500
10,7429	-41,646	99,1550
10,7421	-41,648	99,1600
10,7353	-41,650	99,1650
10,7409	-41,652	99,1700
10,7481	-41,654	99,1750
10,7426	-41,656	99,1800
10,7487	-41,658	99,1850
10,7526	-41,661	99,1900
10,7408	-41,663	99,1950
10,7412	-41,665	99,2000
10,7486	-41,667	99,2050
10,7559	-41,669	99,2100
10,7558	-41,671	99,2150
10,7571	-41,673	99,2200
10,7461	-41,675	99,2250
10,7535	-41,677	99,2300
10,7555	-41,679	99,2350
10,7492	-41,682	99,2400
10,7433	-41,684	99,2450
10,7547	-41,686	99,2500
10,7554	-41,688	99,2550
10,7597	-41,690	99,2600
10,7566	-41,692	99,2650
10,7612	-41,694	99,2700
10,7535	-41,696	99,2750
10,7657	-41,698	99,2800
10,7726	-41,700	99,2850
10,7596	-41,703	99,2900
10,7563	-41,705	99,2950
10,7609	-41,707	99,3000
10,7584	-41,709	99,3050
10,7559	-41,711	99,3100
10,7600	-41,713	99,3150
10,7521	-41,715	99,3200
10,7480	-41,717	99,3250
10,7623	-41,719	99,3300
10,7660	-41,721	99,3350
10,7532	-41,724	99,3400
10,7583	-41,726	99,3450
10,7614	-41,728	99,3500
10,7506	-41,730	99,3550
10,7573	-41,732	99,3600
10,7707	-41,734	99,3650
10,7686	-41,736	99,3700
10,7735	-41,738	99,3750
10,7718	-41,740	99,3800
10,7562	-41,742	99,3850
10,7594	-41,745	99,3900
10,7700	-41,747	99,3950
10,7721	-41,749	99,4000
10,7649	-41,751	99,4050
10,7684	-41,753	99,4100
10,7649	-41,755	99,4150
10,7623	-41,757	99,4200
10,7732	-41,759	99,4250
10,7762	-41,761	99,4300
10,7710	-41,763	99,4350
10,7800	-41,766	99,4400
10,7829	-41,768	99,4450
10,7749	-41,770	99,4500
10,7776	-41,772	99,4550
10,7872	-41,774	99,4600
10,7817	-41,776	99,4650
10,7800	-41,778	99,4700
10,7836	-41,780	99,4750
10,7747	-41,782	99,4800
10,7731	-41,784	99,4850
10,7810	-41,787	99,4900
10,7778	-41,789	99,4950
10,7718	-41,791	99,5000
10,7781	-41,793	99,5050
10,7766	-41,795	99,5100
10,7689	-41,797	99,5150
10,7810	-41,799	99,5200
10,7876	-41,801	99,5250
10,7811	-41,803	99,5300
10,7907	-41,805	99,5350
10,7923	-41,808	99,5400
10,7859	-41,810	99,5450
10,7848	-41,812	99,5500
10,7897	-41,814	99,5550
10,7837	-41,816	99,5600
10,7873	-41,818	99,5650
10,7933	-41,820	99,5700
10,7875	-41,822	99,5750
10,7886	-41,824	99,5800
10,7996	-41,826	99,5850
10,7950	-41,829	99,5900
10,7870	-41,831	99,5950
10,7916	-41,833	99,6000
10,7876	-41,835	99,6050
10,7859	-41,837	99,6100
10,7946	-41,839	99,6150
10,7959	-41,841	99,6200
10,7873	-41,843	99,6250
10,7924	-41,845	99,6300
10,7933	-41,847	99,6350
10,7910	-41,850	99,6400
10,7865	-41,852	99,6450
10,7920	-41,854	99,6500
10,7925	-41,856	99,6550
10,7990	-41,858	99,6600
10,8016	-41,860	99,6650
10,7951	-41,862	99,6700
10,7935	-41,864	99,6750
10,8025	-41,866	99,6800
10,8025	-41,868	99,6850
10,7929	-41,871	99,6900
10,7983	-41,873	99,6950
10,7984	-41,875	99,7000
10,7892	-41,877	99,7050
10,7965	-41,879	99,7100
10,8059	-41,881	99,7150
10,7991	-41,883	99,7200
10,8057	-41,885	99,7250
10,8117	-41,887	99,7300
10,8063	-41,889	99,7350
10,8052	-41,892	99,7400
10,8060	-41,894	99,7450
10,7992	-41,896	99,7500
10,7991	-41,898	99,7550
10,8146	-41,900	99,7600
10,8131	-41,902	99,7650
10,8060	-41,904	99,7700
10,8131	-41,906	99,7750
10,8103	-41,908	99,7800
10,8100	-41,910	99,7850
10,8149	-41,913	99,7900
10,8137	-41,915	99,7950
10,8044	-41,917	99,8000
10,8096	-41,919	99,8050
10,8169	-41,921	99,8100
10,8115	-41,923	99,8150
10,8172	-41,925	99,8200
10,8183	-41,927	99,8250
10,8072	-41,929	99,8300
10,8073	-41,931	99,8350
10,8200	-41,934	99,8400
10,8161	-41,936	99,8450
10,8235	-41,938	99,8500
10,8318	-41,940	99,8550
10,8218	-41,942	99,8600
10,8161	-41,944	99,8650
10,8234	-41,946	99,8700
10,8195	-41,948	99,8750
10,8175	-41,950	99,8800
10,8218	-41,952	99,8850
10,8208	-41,955	99,8900
10,8155	-41,957	99,8950
10,8224	-41,959	99,9000
10,8228	-41,961	99,9050
10,8142	-41,963	99,9100
10,8247	-41,965	99,9150
10,8263	-41,967	99,9200
10,8233	-41,969	99,9250
10,8212	-41,971	99,9300
10,8324	-41,973	99,9350
10,8280	-41,976	99,9400
10,8261	-41,978	99,9450
10,8368	-41,980	99,9500
10,8224	-41,982	99,9550
10,8114	-41,984	99,9600
10,8234	-41,986	99,9650
10,8280	-41,988	99,9700
10,8274	-41,990	99,9750
10,8309	-41,992	99,9800
10,8341	-41,994	99,9850
10,8295	-41,997	99,9900
10,8311	-41,999	99,9950
10,8325	-42,001	100,0000
10,8225	-42,003	100,0050
10,8216	-42,005	100,0100
10,8332	-42,007	100,0150
10,8339	-42,009	100,0200
10,8317	-42,011	100,0250
10,8419	-42,013	100,0300
10,8348	-42,015	100,0350
10,8302	-42,018	100,0400
10,8330	-42,020	100,0450
10,8323	-42,022	100,0500
10,8337	-42,024	100,0550
10,8454	-42,026	100,0600
10,8476	-42,028	100,0650
10,8447	-42,030	100,0700
10,8518	-42,032	100,0750
10,8493	-42,034	100,0800
10,8386	-42,036	100,0850
10,8438	-42,039	100,0900
10,8474	-42,041	100,0950
10,8407	-42,043	100,1000
10,8390	-42,045	100,1050
10,8436	-42,047	100,1100
10,8451	-42,049	100,1150
10,8376	-42,051	100,1200
10,8456	-42,053	100,1250
10,8493	-42,055	100,1300
10,8542	-42,057	100,1350
10,8630	-42,060	100,1400
10,8551	-42,062	100,1450
10,8444	-42,064	100,1500
10,8506	-42,066	100,1550
10,8528	-42,068	100,1600
10,8472	-42,070	100,1650
10,8490	-42,072	100,1700
10,8554	-42,074	100,1750
10,8519	-42,076	100,1800
10,8572	-42,078	100,1850
10,8616	-42,081	100,1900
10,8514	-42,083	100,1950
10,8536	-42,085	100,2000
10,8572	-42,087	100,2050
10,8587	-42,089	100,2100
10,8593	-42,091	100,2150
10,8593	-42,093	100,2200
10,8538	-42,095	100,2250
10,8552	-42,097	100,2300
10,8602	-42,099	100,2350
10,8590	-42,102	100,2400
10,8486	-42,104	100,2450
10,8560	-42,106	100,2500
10,8592	-42,108	100,2550
10,8537	-42,110	100,2600
10,8548	-42,112	100,2650
10,8655	-42,114	100,2700
10,8534	-42,116	100,2750
10,8578	-42,118	100,2800
10,8611	-42,120	100,2850
10,8508	-42,123	100,2900
10,8509	-42,125	100,2950
10,8689	-42,127	100,3000
10,8678	-42,129	100,3050
10,8659	-42,131	100,3100
10,8674	-42,133	100,3150
10,8591	-42,135	100,3200
10,8564	-42,137	100,3250
10,8683	-42,139	100,3300
10,8656	-42,141	100,3350
10,8631	-42,144	100,3400
10,8727	-42,146	100,3450
10,8716	-42,148	100,3500
10,8611	-42,150	100,3550
10,8653	-42,152	100,3600
10,8759	-42,154	100,3650
10,8683	-42,156	100,3700
10,8733	-42,158	100,3750
10,8794	-42,160	100,3800
10,8731	-42,162	100,3850
10,8697	-42,165	100,3900
10,8772	-42,167	100,3950
10,8751	-42,169	100,4000
10,8690	-42,171	100,4050
10,8743	-42,173	100,4100
10,8801	-42,175	100,4150
10,8785	-42,177	100,4200
10,8834	-42,179	100,4250
10,8802	-42,181	100,4300
10,8708	-42,183	100,4350
10,8778	-42,186	100,4400
10,8735	-42,188	100,4450
10,8767	-42,190	100,4500
10,8784	-42,192	100,4550
10,8831	-42,194	100,4600
10,8811	-42,196	100,4650
10,8803	-42,198	100,4700
10,8790	-42,200	100,4750
10,8778	-42,202	100,4800
10,8834	-42,204	100,4850
10,8948	-42,207	100,4900
10,8879	-42,209	100,4950
10,8835	-42,211	100,5000
10,8898	-42,213	100,5050
10,8877	-42,215	100,5100
10,8809	-42,217	100,5150
10,8834	-42,219	100,5200
10,8818	-42,221	100,5250
10,8791	-42,223	100,5300
10,8907	-42,225	100,5350
10,8913	-42,228	100,5400
10,8834	-42,230	100,5450
10,8846	-42,232	100,5500
10,8900	-42,234	100,5550
10,8824	-42,236	100,5600
10,8872	-42,238	100,5650
10,8935	-42,240	100,5700
10,8888	-42,242	100,5750
10,8875	-42,244	100,5800
10,8983	-42,246	100,5850
10,8992	-42,249	100,5900
10,8903	-42,251	100,5950
10,8947	-42,253	100,6000
10,9013	-42,255	100,6050
10,8975	-42,257	100,6100
10,8982	-42,259	100,6150
10,8947	-42,261	100,6200
10,8859	-42,263	100,6250
10,8956	-42,265	100,6300
10,8944	-42,267	100,6350
10,8910	-42,270	100,6400
10,8937	-42,272	100,6450
10,9033	-42,274	100,6500
10,8967	-42,276	100,6550
10,8967	-42,278	100,6600
10,9090	-42,280	100,6650
10,9064	-42,282	100,6700
10,9033	-42,284	100,6750
10,9064	-42,286	100,6800
10,9050	-42,288	100,6850
10,9001	-42,291	100,6900
10,9065	-42,293	100,6950
10,9055	-42,295	100,7000
10,9061	-42,297	100,7050
10,9126	-42,299	100,7100
10,9099	-42,301	100,7150
10,9052	-42,303	100,7200
10,9138	-42,305	100,7250
10,9167	-42,307	100,7300
10,9132	-42,309	100,7350
10,9144	-42,312	100,7400
10,9198	-42,314	100,7450
10,9101	-42,316	100,7500
10,9136	-42,318	100,7550
10,9154	-42,320	100,7600
10,9028	-42,322	100,7650
10,9053	-42,324	100,7700
10,9232	-42,326	100,7750
10,9225	-42,328	100,7800
10,9070	-42,330	100,7850
10,9116	-42,333	100,7900
10,9086	-42,335	100,7950
10,9026	-42,337	100,8000
10,9176	-42,339	100,8050
10,9279	-42,341	100,8100
10,9167	-42,343	100,8150
10,9179	-42,345	100,8200
10,9206	-42,347	100,8250
10,9189	-42,349	100,8300
10,9191	-42,351	100,8350
10,9214	-42,354	100,8400
10,9120	-42,356	100,8450
10,9093	-42,358	100,8500
10,9245	-42,360	100,8550
10,9247	-42,362	100,8600
10,9267	-42,364	100,8650
10,9400	-42,366	100,8700
10,9298	-42,368	100,8750
10,9203	-42,370	100,8800
10,9251	-42,372	100,8850
10,9226	-42,375	100,8900
10,9151	-42,377	100,8950
10,9199	-42,379	100,9000
10,9265	-42,381	100,9050
10,9271	-42,383	100,9100
10,9345	-42,385	100,9150
10,9400	-42,387	100,9200
10,9333	-42,389	100,9250
10,9296	-42,391	100,9300
10,9389	-42,393	100,9350
10,9323	-42,396	100,9400
10,9300	-42,398	100,9450
10,9378	-42,400	100,9500
10,9289	-42,402	100,9550
10,9217	-42,404	100,9600
10,9304	-42,406	100,9650
10,9308	-42,408	100,9700
10,9265	-42,410	100,9750
10,9349	-42,412	100,9800
10,9394	-42,414	100,9850
10,9282	-42,417	100,9900
10,9400	-42,419	100,9950
10,9435	-42,421	101,0000
10,9339	-42,423	101,0050
10,9376	-42,425	101,0100
10,9444	-42,427	101,0150
10,9403	-42,429	101,0200
10,9380	-42,431	101,0250
10,9382	-42,433	101,0300
10,9363	-42,435	101,0350
10,9332	-42,438	101,0400
10,9402	-42,440	101,0450
10,9406	-42,442	101,0500
10,9439	-42,444	101,0550
10,9555	-42,446	101,0600
10,9488	-42,448	101,0650
10,9330	-42,450	101,0700
10,9361	-42,452	101,0750
10,9475	-42,454	101,0800
10,9438	-42,456	101,0850
10,9511	-42,459	101,0900
10,9559	-42,461	101,0950
10,9472	-42,463	101,1000
10,9499	-42,465	101,1050
10,9549	-42,467	101,1100
10,9500	-42,469	101,1150
10,9455	-42,471	101,1200
10,9491	-42,473	101,1250
10,9494	-42,475	101,1300
10,9510	-42,477	101,1350
10,9598	-42,480	101,1400
10,9570	-42,482	101,1450
10,9479	-42,484	101,1500
10,9536	-42,486	101,1550
10,9512	-42,488	101,1600
10,9489	-42,490	101,1650
10,9527	-42,492	101,1700
10,9591	-42,494	101,1750
10,9515	-42,496	101,1800
10,9536	-42,498	101,1850
10,9612	-42,501	101,1900
10,9526	-42,503	101,1950
10,9475	-42,505	101,2000
10,9581	-42,507	101,2050
10,9595	-42,509	101,2100
10,9591	-42,511	101,2150
10,9673	-42,513	101,2200
10,9646	-42,515	101,2250
10,9573	-42,517	101,2300
10,9613	-42,519	101,2350
10,9574	-42,522	101,2400
10,9521	-42,524	101,2450
10,9630	-42,526	101,2500
10,9693	-42,528	101,2550
10,9673	-42,530	101,2600
10,9720	-42,532	101,2650
10,9703	-42,534	101,2700
10,9576	-42,536	101,2750
10,9604	-42,538	101,2800
10,9631	-42,540	101,2850
10,9610	-42,543	101,2900
10,9649	-42,545	101,2950
10,9696	-42,547	101,3000
10,9694	-42,549	101,3050
10,9719	-42,551	101,3100
10,9757	-42,553	101,3150
10,9643	-42,555	101,3200
10,9580	-42,557	101,3250
10,9654	-42,559	101,3300
10,9671	-42,561	101,3350
10,9682	-42,564	101,3400
10,9809	-42,566	101,3450
10,9814	-42,568	101,3500
10,9770	-42,570	101,3550
10,9802	-42,572	101,3600
10,9870	-42,574	101,3650
10,9776	-42,576	101,3700
10,9854	-42,578	101,3750
10,9874	-42,580	101,3800
10,9701	-42,582	101,3850
10,9673	-42,585	101,3900
10,9756	-42,587	101,3950
10,9758	-42,589	101,4000
10,9751	-42,591	101,4050
10,9777	-42,593	101,4100
10,9787	-42,595	101,4150
10,9793	-42,597	101,4200
10,9881	-42,599	101,4250
10,9836	-42,601	101,4300
10,9797	-42,603	101,4350
10,9911	-42,606	101,4400
10,9923	-42,608	101,4450
10,9788	-42,610	101,4500
10,9786	-42,612	101,4550
10,9883	-42,614	101,4600
10,9782	-42,616	101,4650
10,9834	-42,618	101,4700
10,9891	-42,620	101,4750
10,9844	-42,622	101,4800
10,9847	-42,624	101,4850
10,9897	-42,627	101,4900
10,9898	-42,629	101,4950
10,9901	-42,631	101,5000
10,9969	-42,633	101,5050
10,9940	-42,635	101,5100
10,9885	-42,637	101,5150
10,9940	-42,639	101,5200
10,9972	-42,641	101,5250
10,9886	-42,643	101,5300
10,9922	-42,645	101,5350
10,9978	-42,648	101,5400
10,9911	-42,650	101,5450
10,9871	-42,652	101,5500
10,9984	-42,654	101,5550
10,9998	-42,656	101,5600
10,9994	-42,658	101,5650
10,9993	-42,660	101,5700
10,9895	-42,662	101,5750
10,9969	-42,664	101,5800
11,0090	-42,666	101,5850
11,0021	-42,669	101,5900
11,0021	-42,671	101,5950
11,0029	-42,673	101,6000
10,9998	-42,675	101,6050
10,9909	-42,677	101,6100
10,9986	-42,679	101,6150
11,0002	-42,681	101,6200
10,9925	-42,683	101,6250
11,0043	-42,685	101,6300
11,0067	-42,687	101,6350
11,0016	-42,690	101,6400
10,9965	-42,692	101,6450
11,0077	-42,694	101,6500
11,0043	-42,696	101,6550
11,0072	-42,698	101,6600
11,0147	-42,700	101,6650
11,0030	-42,702	101,6700
10,9943	-42,704	101,6750
11,0075	-42,706	101,6800
11,0084	-42,708	101,6850
11,0088	-42,711	101,6900
11,0146	-42,713	101,6950
11,0159	-42,715	101,7000
11,0128	-42,717	101,7050
11,0210	-42,719	101,7100
11,0150	-42,721	101,7150
11,0054	-42,723	101,7200
11,0091	-42,725	101,7250
11,0247	-42,727	101,7300
11,0259	-42,729	101,7350
11,0231	-42,732	101,7400
11,0271	-42,734	101,7450
11,0230	-42,736	101,7500
11,0257	-42,738	101,7550
11,0238	-42,740	101,7600
11,0120	-42,742	101,7650
11,0084	-42,744	101,7700
11,0250	-42,746	101,7750
11,0259	-42,748	101,7800
11,0174	-42,750	101,7850
11,0254	-42,753	101,7900
11,0251	-42,755	101,7950
11,0170	-42,757	101,8000
11,0210	-42,759	101,8050
11,0176	-42,761	101,8100
11,0079	-42,763	101,8150
11,0273	-42,765	101,8200
11,0334	-42,767	101,8250
11,0209	-42,769	101,8300
11,0204	-42,771	101,8350
11,0323	-42,774	101,8400
11,0275	-42,776	101,8450
11,0253	-42,778	101,8500
11,0273	-42,780	101,8550
11,0276	-42,782	101,8600
11,0249	-42,784	101,8650
11,0263	-42,786	101,8700
11,0239	-42,788	101,8750
11,0261	-42,790	101,8800
11,0304	-42,792	101,8850
11,0343	-42,795	101,8900
11,0278	-42,797	101,8950
11,0347	-42,799	101,9000
11,0356	-42,801	101,9050
11,0249	-42,803	101,9100
11,0297	-42,805	101,9150
11,0362	-42,807	101,9200
11,0284	-42,809	101,9250
11,0306	-42,811	101,9300
11,0380	-42,813	101,9350
11,0331	-42,816	101,9400
11,0370	-42,818	101,9450
11,0436	-42,820	101,9500
11,0320	-42,822	101,9550
11,0247	-42,824	101,9600
11,0358	-42,826	101,9650
11,0336	-42,828	101,9700
11,0322	-42,830	101,9750
11,0411	-42,832	101,9800
11,0422	-42,834	101,9850
11,0317	-42,837	101,9900
11,0444	-42,839	101,9950
11,0483	-42,841	102,0000
11,0394	-42,843	102,0050
11,0410	-42,845	102,0100
11,0507	-42,847	102,0150
11,0432	-42,849	102,0200
11,0438	-42,851	102,0250
11,0561	-42,853	102,0300
11,0445	-42,855	102,0350
11,0366	-42,858	102,0400
11,0500	-42,860	102,0450
11,0473	-42,862	102,0500
11,0363	-42,864	102,0550
11,0399	-42,866	102,0600
11,0450	-42,868	102,0650
11,0473	-42,870	102,0700
11,0469	-42,872	102,0750
11,0492	-42,874	102,0800
11,0474	-42,876	102,0850
11,0556	-42,879	102,0900
11,0602	-42,881	102,0950
11,0509	-42,883	102,1000
11,0497	-42,885	102,1050
11,0521	-42,887	102,1100
11,0476	-42,889	102,1150
11,0443	-42,891	102,1200
11,0562	-42,893	102,1250
11,0525	-42,895	102,1300
11,0480	-42,897	102,1350
11,0587	-42,900	102,1400
11,0586	-42,902	102,1450
11,0472	-42,904	102,1500
11,0566	-42,906	102,1550
11,0637	-42,908	102,1600
11,0680	-42,910	102,1650
11,0697	-42,912	102,1700
11,0624	-42,914	102,1750
11,0529	-42,916	102,1800
11,0582	-42,918	102,1850
11,0600	-42,921	102,1900
11,0568	-42,923	102,1950
11,0616	-42,925	102,2000
11,0658	-42,927	102,2050
11,0637	-42,929	102,2100
11,0601	-42,931	102,2150
11,0699	-42,933	102,2200
11,0696	-42,935	102,2250
11,0583	-42,937	102,2300
11,0657	-42,939	102,2350
11,0667	-42,942	102,2400
11,0682	-42,944	102,2450
11,0793	-42,946	102,2500
11,0717	-42,948	102,2550
11,0625	-42,950	102,2600
11,0713	-42,952	102,2650
11,0790	-42,954	102,2700
11,0715	-42,956	102,2750
11,0749	-42,958	102,2800
11,0783	-42,960	102,2850
11,0725	-42,963	102,2900
11,0736	-42,965	102,2950
11,0798	-42,967	102,3000
11,0807	-42,969	102,3050
11,0741	-42,971	102,3100
11,0765	-42,973	102,3150
11,0764	-42,975	102,3200
11,0748	-42,977	102,3250
11,0813	-42,979	102,3300
11,0827	-42,981	102,3350
11,0788	-42,984	102,3400
11,0853	-42,986	102,3450
11,0802	-42,988	102,3500
11,0741	-42,990	102,3550
11,0755	-42,992	102,3600
11,0857	-42,994	102,3650
11,0850	-42,996	102,3700
11,0862	-42,998	102,3750
11,0909	-43,000	102,3800
11,0824	-43,002	102,3850
11,0828	-43,005	102,3900
11,0922	-43,007	102,3950
11,0921	-43,009	102,4000
11,0857	-43,011	102,4050
11,0918	-43,013	102,4100
11,0923	-43,015	102,4150
11,0890	-43,017	102,4200
11,0962	-43,019	102,4250
11,0917	-43,021	102,4300
11,0835	-43,023	102,4350
11,0885	-43,026	102,4400
11,0825	-43,028	102,4450
11,0818	-43,030	102,4500
11,0885	-43,032	102,4550
11,0912	-43,034	102,4600
11,0826	-43,036	102,4650
11,0871	-43,038	102,4700
11,0885	-43,040	102,4750
11,0766	-43,042	102,4800
11,0838	-43,044	102,4850
11,0998	-43,047	102,4900
11,0960	-43,049	102,4950
11,0893	-43,051	102,5000
11,0958	-43,053	102,5050
11,0969	-43,055	102,5100
11,0947	-43,057	102,5150
11,1025	-43,059	102,5200
11,1008	-43,061	102,5250
11,0896	-43,063	102,5300
11,0924	-43,065	102,5350
11,0908	-43,068	102,5400
11,0929	-43,070	102,5450
11,1025	-43,072	102,5500
11,1068	-43,074	102,5550
11,0988	-43,076	102,5600
11,1019	-43,078	102,5650
11,1140	-43,080	102,5700
11,1066	-43,082	102,5750
11,1034	-43,084	102,5800
11,1153	-43,086	102,5850
11,1158	-43,089	102,5900
11,1029	-43,091	102,5950
11,1082	-43,093	102,6000
11,1106	-43,095	102,6050
11,1003	-43,097	102,6100
11,1052	-43,099	102,6150
11,1089	-43,101	102,6200
11,1077	-43,103	102,6250
11,1119	-43,105	102,6300
11,1116	-43,107	102,6350
11,1097	-43,110	102,6400
11,1140	-43,112	102,6450
11,1148	-43,114	102,6500
11,1074	-43,116	102,6550
11,1070	-43,118	102,6600
11,1128	-43,120	102,6650
11,1129	-43,122	102,6700
11,1113	-43,124	102,6750
11,1186	-43,126	102,6800
11,1106	-43,128	102,6850
11,1090	-43,131	102,6900
11,1163	-43,133	102,6950
11,1193	-43,135	102,7000
11,1155	-43,137	102,7050
11,1197	-43,139	102,7100
11,1162	-43,141	102,7150
11,1047	-43,143	102,7200
11,1123	-43,145	102,7250
11,1173	-43,147	102,7300
11,1170	-43,149	102,7350
11,1208	-43,152	102,7400
11,1260	-43,154	102,7450
11,1227	-43,156	102,7500
11,1282	-43,158	102,7550
11,1412	-43,160	102,7600
11,1321	-43,162	102,7650
11,1262	-43,164	102,7700
11,1323	-43,166	102,7750
11,1296	-43,168	102,7800
11,1256	-43,170	102,7850
11,1264	-43,173	102,7900
11,1277	-43,175	102,7950
11,1217	-43,177	102,8000
11,1316	-43,179	102,8050
11,1394	-43,181	102,8100
11,1235	-43,183	102,8150
11,1288	-43,185	102,8200
11,1382	-43,187	102,8250
11,1331	-43,189	102,8300
11,1281	-43,191	102,8350
11,1293	-43,194	102,8400
11,1234	-43,196	102,8450
11,1251	-43,198	102,8500
11,1292	-43,200	102,8550
11,1247	-43,202	102,8600
11,1221	-43,204	102,8650
11,1377	-43,206	102,8700
11,1379	-43,208	102,8750
11,1300	-43,210	102,8800
11,1270	-43,212	102,8850
11,1298	-43,215	102,8900
11,1318	-43,217	102,8950
11,1400	-43,219	102,9000
11,1385	-43,221	102,9050
11,1328	-43,223	102,9100
11,1498	-43,225	102,9150
11,1540	-43,227	102,9200
11,1419	-43,229	102,9250
11,1428	-43,231	102,9300
11,1531	-43,233	102,9350
11,1453	-43,236	102,9400
11,1328	-43,238	102,9450
11,1356	-43,240	102,9500
11,1378	-43,242	102,9550
11,1400	-43,244	102,9600
11,1464	-43,246	102,9650
11,1415	-43,248	102,9700
11,1382	-43,250	102,9750
11,1423	-43,252	102,9800
11,1485	-43,254	102,9850
11,1498	-43,257	102,9900
11,1548	-43,259	102,9950
11,1541	-43,261	103,0000
11,1373	-43,263	103,0050
11,1446	-43,265	103,0100
11,1544	-43,267	103,0150
11,1489	-43,269	103,0200
11,1449	-43,271	103,0250
11,1551	-43,273	103,0300
11,1510	-43,275	103,0350
11,1499	-43,278	103,0400
11,1585	-43,280	103,0450
11,1599	-43,282	103,0500
11,1536	-43,284	103,0550
11,1539	-43,286	103,0600
11,1557	-43,288	103,0650
11,1497	-43,290	103,0700
11,1464	-43,292	103,0750
11,1484	-43,294	103,0800
11,1466	-43,296	103,0850
11,1575	-43,299	103,0900
11,1615	-43,301	103,0950
11,1580	-43,303	103,1000
11,1671	-43,305	103,1050
11,1710	-43,307	103,1100
11,1679	-43,309	103,1150
11,1689	-43,311	103,1200
11,1686	-43,313	103,1250
11,1592	-43,315	103,1300
11,1579	-43,317	103,1350
11,1680	-43,320	103,1400
11,1641	-43,322	103,1450
11,1649	-43,324	103,1500
11,1762	-43,326	103,1550
11,1716	-43,328	103,1600
11,1584	-43,330	103,1650
11,1582	-43,332	103,1700
11,1670	-43,334	103,1750
11,1606	-43,336	103,1800
11,1652	-43,338	103,1850
11,1725	-43,341	103,1900
11,1628	-43,343	103,1950
11,1676	-43,345	103,2000
11,1826	-43,347	103,2050
11,1834	-43,349	103,2100
11,1817	-43,351	103,2150
11,1842	-43,353	103,2200
11,1708	-43,355	103,2250
11,1651	-43,357	103,2300
11,1735	-43,359	103,2350
11,1746	-43,362	103,2400
11,1673	-43,364	103,2450
11,1694	-43,366	103,2500
11,1715	-43,368	103,2550
11,1702	-43,370	103,2600
11,1776	-43,372	103,2650
11,1808	-43,374	103,2700
11,1749	-43,376	103,2750
11,1773	-43,378	103,2800
11,1830	-43,380	103,2850
11,1775	-43,383	103,2900
11,1797	-43,385	103,2950
11,1829	-43,387	103,3000
11,1715	-43,389	103,3050
11,1721	-43,391	103,3100
11,1905	-43,393	103,3150
11,1883	-43,395	103,3200
11,1775	-43,397	103,3250
11,1884	-43,399	103,3300
11,1879	-43,401	103,3350
11,1809	-43,404	103,3400
11,1824	-43,406	103,3450
11,1857	-43,408	103,3500
11,1870	-43,410	103,3550
11,1890	-43,412	103,3600
11,1902	-43,414	103,3650
11,1819	-43,416	103,3700
11,1913	-43,418	103,3750
11,1944	-43,420	103,3800
11,1841	-43,422	103,3850
11,1891	-43,425	103,3900
11,2022	-43,427	103,3950
11,1952	-43,429	103,4000
11,1878	-43,431	103,4050
11,1898	-43,433	103,4100
11,1889	-43,435	103,4150
11,1864	-43,437	103,4200
11,1942	-43,439	103,4250
11,1941	-43,441	103,4300
11,1884	-43,443	103,4350
11,1961	-43,446	103,4400
11,1988	-43,448	103,4450
11,1940	-43,450	103,4500
11,1994	-43,452	103,4550
11,2043	-43,454	103,4600
11,1942	-43,456	103,4650
11,1948	-43,458	103,4700
11,2056	-43,460	103,4750
11,1982	-43,462	103,4800
11,1944	-43,464	103,4850
11,2023	-43,467	103,4900
11,2019	-43,469	103,4950
11,1972	-43,471	103,5000
11,2058	-43,473	103,5050
11,2021	-43,475	103,5100
11,1973	-43,477	103,5150
11,2062	-43,479	103,5200
11,2040	-43,481	103,5250
11,2010	-43,483	103,5300
11,2096	-43,485	103,5350
11,2071	-43,488	103,5400
11,2024	-43,490	103,5450
11,2031	-43,492	103,5500
11,2066	-43,494	103,5550
11,2031	-43,496	103,5600
11,2106	-43,498	103,5650
11,2152	-43,500	103,5700
11,2050	-43,502	103,5750
11,2036	-43,504	103,5800
11,2117	-43,506	103,5850
11,2060	-43,509	103,5900
11,2026	-43,511	103,5950
11,2148	-43,513	103,6000
11,2141	-43,515	103,6050
11,2053	-43,517	103,6100
11,2201	-43,519	103,6150
11,2241	-43,521	103,6200
11,2145	-43,523	103,6250
11,2255	-43,525	103,6300
11,2295	-43,527	103,6350
11,2211	-43,530	103,6400
11,2166	-43,532	103,6450
11,2223	-43,534	103,6500
11,2196	-43,536	103,6550
11,2263	-43,538	103,6600
11,2318	-43,540	103,6650
11,2213	-43,542	103,6700
11,2187	-43,544	103,6750
11,2311	-43,546	103,6800
11,2206	-43,548	103,6850
11,2120	-43,551	103,6900
11,2214	-43,553	103,6950
11,2270	-43,555	103,7000
11,2261	-43,557	103,7050
11,2314	-43,559	103,7100
11,2289	-43,561	103,7150
11,2146	-43,563	103,7200
11,2223	-43,565	103,7250
11,2353	-43,567	103,7300
11,2355	-43,569	103,7350
11,2304	-43,572	103,7400
11,2354	-43,574	103,7450
11,2275	-43,576	103,7500
11,2358	-43,578	103,7550
11,2462	-43,580	103,7600
11,2345	-43,582	103,7650
11,2253	-43,584	103,7700
11,2307	-43,586	103,7750
11,2358	-43,588	103,7800
11,2311	-43,590	103,7850
11,2334	-43,593	103,7900
11,2365	-43,595	103,7950
11,2294	-43,597	103,8000
11,2302	-43,599	103,8050
11,2403	-43,601	103,8100
11,2306	-43,603	103,8150
11,2347	-43,605	103,8200
11,2418	-43,607	103,8250
11,2388	-43,609	103,8300
11,2429	-43,611	103,8350
11,2468	-43,614	103,8400
11,2350	-43,616	103,8450
11,2344	-43,618	103,8500
11,2449	-43,620	103,8550
11,2429	-43,622	103,8600
11,2359	-43,624	103,8650
11,2411	-43,626	103,8700
11,2425	-43,628	103,8750
11,2364	-43,630	103,8800
11,2477	-43,632	103,8850
11,2513	-43,635	103,8900
11,2449	-43,637	103,8950
11,2443	-43,639	103,9000
11,2463	-43,641	103,9050
11,2427	-43,643	103,9100
11,2492	-43,645	103,9150
11,2539	-43,647	103,9200
11,2432	-43,649	103,9250
11,2392	-43,651	103,9300
11,2517	-43,653	103,9350
11,2538	-43,656	103,9400
11,2528	-43,658	103,9450
11,2544	-43,660	103,9500
11,2432	-43,662	103,9550
11,2447	-43,664	103,9600
11,2622	-43,666	103,9650
11,2538	-43,668	103,9700
11,2455	-43,670	103,9750
11,2562	-43,672	103,9800
11,2597	-43,674	103,9850
11,2542	-43,677	103,9900
11,2654	-43,679	103,9950
11,2691	-43,681	104,0000
11,2609	-43,683	104,0050
11,2657	-43,685	104,0100
11,2678	-43,687	104,0150
11,2596	-43,689	104,0200
11,2572	-43,691	104,0250
11,2639	-43,693	104,0300
11,2603	-43,695	104,0350
11,2527	-43,698	104,0400
11,2600	-43,700	104,0450
11,2562	-43,702	104,0500
11,2498	-43,704	104,0550
11,2614	-43,706	104,0600
11,2655	-43,708	104,0650
11,2633	-43,710	104,0700
11,2585	-43,712	104,0750
11,2591	-43,714	104,0800
11,2546	-43,716	104,0850
11,2589	-43,719	104,0900
11,2645	-43,721	104,0950
11,2549	-43,723	104,1000
11,2586	-43,725	104,1050
11,2673	-43,727	104,1100
11,2589	-43,729	104,1150
11,2602	-43,731	104,1200
11,2745	-43,733	104,1250
11,2685	-43,735	104,1300
11,2618	-43,737	104,1350
11,2737	-43,740	104,1400
11,2673	-43,742	104,1450
11,2562	-43,744	104,1500
11,2728	-43,746	104,1550
11,2795	-43,748	104,1600
11,2774	-43,750	104,1650
11,2752	-43,752	104,1700
11,2783	-43,754	104,1750
11,2689	-43,756	104,1800
11,2689	-43,758	104,1850
11,2748	-43,761	104,1900
11,2701	-43,763	104,1950
11,2706	-43,765	104,2000
11,2802	-43,767	104,2050
11,2728	-43,769	104,2100
11,2679	-43,771	104,2150
11,2721	-43,773	104,2200
11,2707	-43,775	104,2250
11,2754	-43,777	104,2300
11,2808	-43,779	104,2350
11,2798	-43,782	104,2400
11,2766	-43,784	104,2450
11,2810	-43,786	104,2500
11,2781	-43,788	104,2550
11,2760	-43,790	104,2600
11,2856	-43,792	104,2650
11,2857	-43,794	104,2700
11,2749	-43,796	104,2750
11,2839	-43,798	104,2800
11,2872	-43,800	104,2850
11,2768	-43,803	104,2900
11,2804	-43,805	104,2950
11,2941	-43,807	104,3000
11,2914	-43,809	104,3050
11,2847	-43,811	104,3100
11,2904	-43,813	104,3150
11,2907	-43,815	104,3200
11,2785	-43,817	104,3250
11,2836	-43,819	104,3300
11,2945	-43,821	104,3350
11,2932	-43,824	104,3400
11,2928	-43,826	104,3450
11,2889	-43,828	104,3500
11,2872	-43,830	104,3550
11,2921	-43,832	104,3600
11,2987	-43,834	104,3650
11,2949	-43,836	104,3700
11,2941	-43,838	104,3750
11,2913	-43,840	104,3800
11,2901	-43,842	104,3850
11,2930	-43,845	104,3900
11,2961	-43,847	104,3950
11,2931	-43,849	104,4000
11,2913	-43,851	104,4050
11,2967	-43,853	104,4100
11,2956	-43,855	104,4150
11,2981	-43,857	104,4200
11,3083	-43,859	104,4250
11,3037	-43,861	104,4300
11,2888	-43,863	104,4350
11,2953	-43,866	104,4400
11,3011	-43,868	104,4450
11,3032	-43,870	104,4500
11,3044	-43,872	104,4550
11,3097	-43,874	104,4600
11,3001	-43,876	104,4650
11,3000	-43,878	104,4700
11,3105	-43,880	104,4750
11,3092	-43,882	104,4800
11,3032	-43,884	104,4850
11,3052	-43,887	104,4900
11,2975	-43,889	104,4950
11,2969	-43,891	104,5000
11,3091	-43,893	104,5050
11,3135	-43,895	104,5100
11,3120	-43,897	104,5150
11,3177	-43,899	104,5200
11,3168	-43,901	104,5250
11,3039	-43,903	104,5300
11,3117	-43,905	104,5350
11,3175	-43,908	104,5400
11,3075	-43,910	104,5450
11,3072	-43,912	104,5500
11,3227	-43,914	104,5550
11,3202	-43,916	104,5600
11,3175	-43,918	104,5650
11,3168	-43,920	104,5700
11,3121	-43,922	104,5750
11,3128	-43,924	104,5800
11,3251	-43,926	104,5850
11,3267	-43,929	104,5900
11,3176	-43,931	104,5950
11,3210	-43,933	104,6000
11,3217	-43,935	104,6050
11,3224	-43,937	104,6100
11,3275	-43,939	104,6150
11,3262	-43,941	104,6200
11,3201	-43,943	104,6250
11,3274	-43,945	104,6300
11,3251	-43,947	104,6350
11,3184	-43,950	104,6400
11,3245	-43,952	104,6450
11,3304	-43,954	104,6500
11,3186	-43,956	104,6550
11,3268	-43,958	104,6600
11,3430	-43,960	104,6650
11,3314	-43,962	104,6700
11,3224	-43,964	104,6750
11,3307	-43,966	104,6800
11,3300	-43,968	104,6850
11,3247	-43,971	104,6900
11,3323	-43,973	104,6950
11,3264	-43,975	104,7000
11,3237	-43,977	104,7050
11,3369	-43,979	104,7100
11,3355	-43,981	104,7150
11,3285	-43,983	104,7200
11,3360	-43,985	104,7250
11,3332	-43,987	104,7300
11,3281	-43,989	104,7350
11,3335	-43,992	104,7400
11,3433	-43,994	104,7450
11,3333	-43,996	104,7500
11,3340	-43,998	104,7550
11,3455	-44,000	104,7600
11,3425	-44,002	104,7650
11,3390	-44,004	104,7700
11,3393	-44,006	104,7750
11,3311	-44,008	104,7800
11,3291	-44,010	104,7850
11,3395	-44,013	104,7900
11,3361	-44,015	104,7950
11,3319	-44,017	104,8000
11,3416	-44,019	104,8050
11,3395	-44,021	104,8100
11,3347	-44,023	104,8150
11,3440	-44,025	104,8200
11,3472	-44,027	104,8250
11,3420	-44,029	104,8300
11,3435	-44,031	104,8350
11,3503	-44,034	104,8400
11,3434	-44,036	104,8450
11,3396	-44,038	104,8500
11,3473	-44,040	104,8550
11,3488	-44,042	104,8600
11,3451	-44,044	104,8650
11,3509	-44,046	104,8700
11,3487	-44,048	104,8750
11,3428	-44,050	104,8800
11,3520	-44,052	104,8850
11,3464	-44,055	104,8900
11,3397	-44,057	104,8950
11,3424	-44,059	104,9000
11,3475	-44,061	104,9050
11,3499	-44,063	104,9100
11,3579	-44,065	104,9150
11,3586	-44,067	104,9200
11,3527	-44,069	104,9250
11,3509	-44,071	104,9300
11,3550	-44,073	104,9350
11,3494	-44,076	104,9400
11,3460	-44,078	104,9450
11,3483	-44,080	104,9500
11,3522	-44,082	104,9550
11,3594	-44,084	104,9600
11,3690	-44,086	104,9650
11,3684	-44,088	104,9700
11,3598	-44,090	104,9750
11,3673	-44,092	104,9800
11,3752	-44,094	104,9850
11,3588	-44,097	104,9900
11,3586	-44,099	104,9950
11,3636	-44,101	105,0000
11,3591	-44,103	105,0050
11,3615	-44,105	105,0100
11,3621	-44,107	105,0150
11,3575	-44,109	105,0200
11,3644	-44,111	105,0250
11,3689	-44,113	105,0300
11,3563	-44,115	105,0350
11,3615	-44,118	105,0400
11,3717	-44,120	105,0450
11,3633	-44,122	105,0500
11,3609	-44,124	105,0550
11,3763	-44,126	105,0600
11,3727	-44,128	105,0650
11,3590	-44,130	105,0700
11,3671	-44,132	105,0750
11,3764	-44,134	105,0800
11,3683	-44,136	105,0850
11,3727	-44,139	105,0900
11,3731	-44,141	105,0950
11,3655	-44,143	105,1000
11,3731	-44,145	105,1050
11,3831	-44,147	105,1100
11,3858	-44,149	105,1150
11,3855	-44,151	105,1200
11,3870	-44,153	105,1250
11,3773	-44,155	105,1300
11,3791	-44,157	105,1350
11,3896	-44,160	105,1400
11,3788	-44,162	105,1450
11,3695	-44,164	105,1500
11,3861	-44,166	105,1550
11,3874	-44,168	105,1600
11,3817	-44,170	105,1650
11,3812	-44,172	105,1700
11,3831	-44,174	105,1750
11,3765	-44,176	105,1800
11,3795	-44,178	105,1850
11,3847	-44,181	105,1900
11,3778	-44,183	105,1950
11,3770	-44,185	105,2000
11,3816	-44,187	105,2050
11,3801	-44,189	105,2100
11,3814	-44,191	105,2150
11,3954	-44,193	105,2200
11,3868	-44,195	105,2250
11,3800	-44,197	105,2300
11,3883	-44,199	105,2350
11,3888	-44,202	105,2400
11,3836	-44,204	105,2450
11,3859	-44,206	105,2500
11,3803	-44,208	105,2550
11,3776	-44,210	105,2600
11,3861	-44,212	105,2650
11,3923	-44,214	105,2700
11,3883	-44,216	105,2750
11,3956	-44,218	105,2800
11,3961	-44,220	105,2850
11,3915	-44,223	105,2900
11,3917	-44,225	105,2950
11,3977	-44,227	105,3000
11,3982	-44,229	105,3050
11,3934	-44,231	105,3100
11,3973	-44,233	105,3150
11,3933	-44,235	105,3200
11,3903	-44,237	105,3250
11,3952	-44,239	105,3300
11,3934	-44,241	105,3350
11,3902	-44,244	105,3400
11,4037	-44,246	105,3450
11,4016	-44,248	105,3500
11,3904	-44,250	105,3550
11,3967	-44,252	105,3600
11,4137	-44,254	105,3650
11,4016	-44,256	105,3700
11,4004	-44,258	105,3750
11,4060	-44,260	105,3800
11,3993	-44,262	105,3850
11,4017	-44,265	105,3900
11,4054	-44,267	105,3950
11,3973	-44,269	105,4000
11,3919	-44,271	105,4050
11,4075	-44,273	105,4100
11,4113	-44,275	105,4150
11,4093	-44,277	105,4200
11,4174	-44,279	105,4250
11,4122	-44,281	105,4300
11,4018	-44,283	105,4350
11,4083	-44,286	105,4400
11,4062	-44,288	105,4450
11,4047	-44,290	105,4500
11,4082	-44,292	105,4550
11,4157	-44,294	105,4600
11,4091	-44,296	105,4650
11,4064	-44,298	105,4700
11,4113	-44,300	105,4750
11,4115	-44,302	105,4800
11,4164	-44,304	105,4850
11,4178	-44,307	105,4900
11,4106	-44,309	105,4950
11,4057	-44,311	105,5000
11,4129	-44,313	105,5050
11,4080	-44,315	105,5100
11,4096	-44,317	105,5150
11,4248	-44,319	105,5200
11,4219	-44,321	105,5250
11,4204	-44,323	105,5300
11,4239	-44,325	105,5350
11,4263	-44,328	105,5400
11,4192	-44,330	105,5450
11,4187	-44,332	105,5500
11,4306	-44,334	105,5550
11,4237	-44,336	105,5600
11,4209	-44,338	105,5650
11,4256	-44,340	105,5700
11,4171	-44,342	105,5750
11,4137	-44,344	105,5800
11,4239	-44,346	105,5850
11,4326	-44,349	105,5900
11,4315	-44,351	105,5950
11,4320	-44,353	105,6000
11,4303	-44,355	105,6050
11,4190	-44,357	105,6100
11,4183	-44,359	105,6150
11,4221	-44,361	105,6200
11,4190	-44,363	105,6250
11,4251	-44,365	105,6300
11,4298	-44,367	105,6350
11,4214	-44,370	105,6400
11,4215	-44,372	105,6450
11,4323	-44,374	105,6500
11,4275	-44,376	105,6550
11,4289	-44,378	105,6600
11,4395	-44,380	105,6650
11,4289	-44,382	105,6700
11,4296	-44,384	105,6750
11,4441	-44,386	105,6800
11,4348	-44,388	105,6850
11,4301	-44,391	105,6900
11,4372	-44,393	105,6950
11,4383	-44,395	105,7000
11,4326	-44,397	105,7050
11,4347	-44,399	105,7100
11,4365	-44,401	105,7150
11,4315	-44,403	105,7200
11,4403	-44,405	105,7250
11,4460	-44,407	105,7300
11,4402	-44,409	105,7350
11,4430	-44,412	105,7400
11,4531	-44,414	105,7450
11,4393	-44,416	105,7500
11,4406	-44,418	105,7550
11,4492	-44,420	105,7600
11,4384	-44,422	105,7650
11,4370	-44,424	105,7700
11,4438	-44,426	105,7750
11,4444	-44,428	105,7800
11,4454	-44,430	105,7850
11,4534	-44,433	105,7900
11,4531	-44,435	105,7950
11,4459	-44,437	105,8000
11,4510	-44,439	105,8050
11,4496	-44,441	105,8100
11,4455	-44,443	105,8150
11,4530	-44,445	105,8200
11,4592	-44,447	105,8250
11,4544	-44,449	105,8300
11,4526	-44,451	105,8350
11,4544	-44,454	105,8400
11,4460	-44,456	105,8450
11,4521	-44,458	105,8500
11,4604	-44,460	105,8550
11,4502	-44,462	105,8600
11,4443	-44,464	105,8650
11,4523	-44,466	105,8700
11,4502	-44,468	105,8750
11,4448	-44,470	105,8800
11,4561	-44,472	105,8850
11,4660	-44,475	105,8900
11,4581	-44,477	105,8950
11,4651	-44,479	105,9000
11,4596	-44,481	105,9050
11,4513	-44,483	105,9100
11,4583	-44,485	105,9150
11,4670	-44,487	105,9200
11,4610	-44,489	105,9250
11,4606	-44,491	105,9300
11,4703	-44,493	105,9350
11,4646	-44,496	105,9400
11,4604	-44,498	105,9450
11,4658	-44,500	105,9500
11,4615	-44,502	105,9550
11,4552	-44,504	105,9600
11,4636	-44,506	105,9650
11,4649	-44,508	105,9700
11,4644	-44,510	105,9750
11,4731	-44,512	105,9800
11,4726	-44,514	105,9850
11,4633	-44,517	105,9900
11,4657	-44,519	105,9950
11,4696	-44,521	106,0000
11,4625	-44,523	106,0050
11,4637	-44,525	106,0100
11,4753	-44,527	106,0150
11,4700	-44,529	106,0200
11,4746	-44,531	106,0250
11,4873	-44,533	106,0300
11,4761	-44,535	106,0350
11,4678	-44,538	106,0400
11,4755	-44,540	106,0450
11,4706	-44,542	106,0500
11,4674	-44,544	106,0550
11,4772	-44,546	106,0600
11,4802	-44,548	106,0650
11,4817	-44,550	106,0700
11,4822	-44,552	106,0750
11,4875	-44,554	106,0800
11,4858	-44,556	106,0850
11,4864	-44,559	106,0900
11,4821	-44,561	106,0950
11,4730	-44,563	106,1000
11,4801	-44,565	106,1050
11,4847	-44,567	106,1100
11,4796	-44,569	106,1150
11,4805	-44,571	106,1200
11,4916	-44,573	106,1250
11,4936	-44,575	106,1300
11,4889	-44,577	106,1350
11,4905	-44,580	106,1400
11,4868	-44,582	106,1450
11,4844	-44,584	106,1500
11,4876	-44,586	106,1550
11,4818	-44,588	106,1600
11,4805	-44,590	106,1650
11,4834	-44,592	106,1700
11,4877	-44,594	106,1750
11,4850	-44,596	106,1800
11,4888	-44,598	106,1850
11,4924	-44,601	106,1900
11,4905	-44,603	106,1950
11,4973	-44,605	106,2000
11,5029	-44,607	106,2050
11,4977	-44,609	106,2100
11,5003	-44,611	106,2150
11,5046	-44,613	106,2200
11,4927	-44,615	106,2250
11,4917	-44,617	106,2300
11,4994	-44,619	106,2350
11,4960	-44,622	106,2400
11,4947	-44,624	106,2450
11,4988	-44,626	106,2500
11,4940	-44,628	106,2550
11,4939	-44,630	106,2600
11,5072	-44,632	106,2650
11,5080	-44,634	106,2700
11,4952	-44,636	106,2750
11,4930	-44,638	106,2800
11,4969	-44,640	106,2850
11,4946	-44,643	106,2900
11,4971	-44,645	106,2950
11,5051	-44,647	106,3000
11,5057	-44,649	106,3050
11,5043	-44,651	106,3100
11,5078	-44,653	106,3150
11,5016	-44,655	106,3200
11,5017	-44,657	106,3250
11,5121	-44,659	106,3300
11,5049	-44,661	106,3350
11,4982	-44,664	106,3400
11,5091	-44,666	106,3450
11,5135	-44,668	106,3500
11,5078	-44,670	106,3550
11,5075	-44,672	106,3600
11,5176	-44,674	106,3650
11,5077	-44,676	106,3700
11,5097	-44,678	106,3750
11,5151	-44,680	106,3800
11,5131	-44,682	106,3850
11,5177	-44,685	106,3900
11,5178	-44,687	106,3950
11,5091	-44,689	106,4000
11,5092	-44,691	106,4050
11,5200	-44,693	106,4100
11,5140	-44,695	106,4150
11,5024	-44,697	106,4200
11,5150	-44,699	106,4250
11,5254	-44,701	106,4300
11,5200	-44,703	106,4350
11,5222	-44,706	106,4400
11,5180	-44,708	106,4450
11,5127	-44,710	106,4500
11,5132	-44,712	106,4550
11,5152	-44,714	106,4600
11,5115	-44,716	106,4650
11,5142	-44,718	106,4700
11,5219	-44,720	106,4750
11,5199	-44,722	106,4800
11,5174	-44,724	106,4850
11,5215	-44,727	106,4900
11,5180	-44,729	106,4950
11,5208	-44,731	106,5000
11,5300	-44,733	106,5050
11,5281	-44,735	106,5100
11,5233	-44,737	106,5150
11,5364	-44,739	106,5200
11,5334	-44,741	106,5250
11,5218	-44,743	106,5300
11,5312	-44,745	106,5350
11,5317	-44,748	106,5400
11,5278	-44,750	106,5450
11,5309	-44,752	106,5500
11,5351	-44,754	106,5550
11,5322	-44,756	106,5600
11,5344	-44,758	106,5650
11,5350	-44,760	106,5700
11,5239	-44,762	106,5750
11,5296	-44,764	106,5800
11,5387	-44,766	106,5850
11,5370	-44,769	106,5900
11,5313	-44,771	106,5950
11,5395	-44,773	106,6000
11,5427	-44,775	106,6050
11,5358	-44,777	106,6100
11,5399	-44,779	106,6150
11,5372	-44,781	106,6200
11,5245	-44,783	106,6250
11,5357	-44,785	106,6300
11,5414	-44,787	106,6350
11,5400	-44,790	106,6400
11,5352	-44,792	106,6450
11,5385	-44,794	106,6500
11,5293	-44,796	106,6550
11,5400	-44,798	106,6600
11,5549	-44,800	106,6650
11,5504	-44,802	106,6700
11,5363	-44,804	106,6750
11,5388	-44,806	106,6800
11,5414	-44,808	106,6850
11,5390	-44,811	106,6900
11,5444	-44,813	106,6950
11,5489	-44,815	106,7000
11,5487	-44,817	106,7050
11,5512	-44,819	106,7100
11,5476	-44,821	106,7150
11,5406	-44,823	106,7200
11,5439	-44,825	106,7250
11,5473	-44,827	106,7300
11,5478	-44,829	106,7350
11,5517	-44,832	106,7400
11,5505	-44,834	106,7450
11,5390	-44,836	106,7500
11,5377	-44,838	106,7550
11,5408	-44,840	106,7600
11,5415	-44,842	106,7650
11,5495	-44,844	106,7700
11,5599	-44,846	106,7750
11,5581	-44,848	106,7800
11,5479	-44,850	106,7850
11,5510	-44,853	106,7900
11,5543	-44,855	106,7950
11,5524	-44,857	106,8000
11,5596	-44,859	106,8050
11,5650	-44,861	106,8100
11,5583	-44,863	106,8150
11,5641	-44,865	106,8200
11,5623	-44,867	106,8250
11,5561	-44,869	106,8300
11,5511	-44,871	106,8350
11,5571	-44,874	106,8400
11,5538	-44,876	106,8450
11,5536	-44,878	106,8500
11,5639	-44,880	106,8550
11,5611	-44,882	106,8600
11,5527	-44,884	106,8650
11,5586	-44,886	106,8700
11,5604	-44,888	106,8750
11,5610	-44,890	106,8800
11,5697	-44,892	106,8850
11,5671	-44,895	106,8900
11,5587	-44,897	106,8950
11,5658	-44,899	106,9000
11,5706	-44,901	106,9050
11,5611	-44,903	106,9100
11,5618	-44,905	106,9150
11,5651	-44,907	106,9200
11,5699	-44,909	106,9250
11,5713	-44,911	106,9300
11,5800	-44,913	106,9350
11,5726	-44,916	106,9400
11,5640	-44,918	106,9450
11,5679	-44,920	106,9500
11,5671	-44,922	106,9550
11,5697	-44,924	106,9600
11,5781	-44,926	106,9650
11,5727	-44,928	106,9700
11,5727	-44,930	106,9750
11,5777	-44,932	106,9800
11,5830	-44,934	106,9850
11,5821	-44,937	106,9900
11,5880	-44,939	106,9950
11,5861	-44,941	107,0000
11,5753	-44,943	107,0050
11,5783	-44,945	107,0100
11,5819	-44,947	107,0150
11,5803	-44,949	107,0200
11,5799	-44,951	107,0250
11,5863	-44,953	107,0300
11,5786	-44,955	107,0350
11,5782	-44,958	107,0400
11,5817	-44,960	107,0450
11,5782	-44,962	107,0500
11,5799	-44,964	107,0550
11,5866	-44,966	107,0600
11,5873	-44,968	107,0650
11,5815	-44,970	107,0700
11,5826	-44,972	107,0750
11,5862	-44,974	107,0800
11,5810	-44,976	107,0850
11,5863	-44,979	107,0900
11,5926	-44,981	107,0950
11,5859	-44,983	107,1000
11,5867	-44,985	107,1050
11,5868	-44,987	107,1100
11,5874	-44,989	107,1150
11,5873	-44,991	107,1200
11,5920	-44,993	107,1250
11,5884	-44,995	107,1300
11,5889	-44,997	107,1350
11,6054	-45,000	107,1400
11,6057	-45,002	107,1450
11,5961	-45,004	107,1500
11,5969	-45,006	107,1550
11,5974	-45,008	107,1600
11,5896	-45,010	107,1650
11,5929	-45,012	107,1700
11,6023	-45,014	107,1750
11,5960	-45,016	107,1800
11,5947	-45,018	107,1850
11,5904	-45,021	107,1900
11,5875	-45,023	107,1950
11,5953	-45,025	107,2000
11,6016	-45,027	107,2050
11,5961	-45,029	107,2100
11,5949	-45,031	107,2150
11,6050	-45,033	107,2200
11,5997	-45,035	107,2250
11,5943	-45,037	107,2300
11,6044	-45,039	107,2350
11,5991	-45,042	107,2400
11,5964	-45,044	107,2450
11,6089	-45,046	107,2500
11,6061	-45,048	107,2550
11,6015	-45,050	107,2600
11,6088	-45,052	107,2650
11,6101	-45,054	107,2700
11,6008	-45,056	107,2750
11,6122	-45,058	107,2800
11,6165	-45,060	107,2850
11,6028	-45,063	107,2900
11,6053	-45,065	107,2950
11,6090	-45,067	107,3000
11,6037	-45,069	107,3050
11,6027	-45,071	107,3100
11,6148	-45,073	107,3150
11,6096	-45,075	107,3200
11,6005	-45,077	107,3250
11,6078	-45,079	107,3300
11,6073	-45,081	107,3350
11,6027	-45,084	107,3400
11,6111	-45,086	107,3450
11,6194	-45,088	107,3500
11,6124	-45,090	107,3550
11,6161	-45,092	107,3600
11,6277	-45,094	107,3650
11,6211	-45,096	107,3700
11,6153	-45,098	107,3750
11,6151	-45,100	107,3800
11,6074	-45,102	107,3850
11,6129	-45,105	107,3900
11,6210	-45,107	107,3950
11,6248	-45,109	107,4000
11,6227	-45,111	107,4050
11,6231	-45,113	107,4100
11,6148	-45,115	107,4150
11,6106	-45,117	107,4200
11,6249	-45,119	107,4250
11,6310	-45,121	107,4300
11,6236	-45,123	107,4350
11,6326	-45,126	107,4400
11,6369	-45,128	107,4450
11,6270	-45,130	107,4500
11,6264	-45,132	107,4550
11,6343	-45,134	107,4600
11,6242	-45,136	107,4650
11,6276	-45,138	107,4700
11,6355	-45,140	107,4750
11,6244	-45,142	107,4800
11,6219	-45,144	107,4850
11,6316	-45,147	107,4900
11,6336	-45,149	107,4950
11,6342	-45,151	107,5000
11,6385	-45,153	107,5050
11,6302	-45,155	107,5100
11,6210	-45,157	107,5150
11,6285	-45,159	107,5200
11,6281	-45,161	107,5250
11,6260	-45,163	107,5300
11,6380	-45,165	107,5350
11,6375	-45,168	107,5400
11,6320	-45,170	107,5450
11,6348	-45,172	107,5500
11,6445	-45,174	107,5550
11,6369	-45,176	107,5600
11,6315	-45,178	107,5650
11,6370	-45,180	107,5700
11,6372	-45,182	107,5750
11,6341	-45,184	107,5800
11,6452	-45,186	107,5850
11,6428	-45,189	107,5900
11,6384	-45,191	107,5950
11,6466	-45,193	107,6000
11,6509	-45,195	107,6050
11,6436	-45,197	107,6100
11,6475	-45,199	107,6150
11,6428	-45,201	107,6200
11,6327	-45,203	107,6250
11,6383	-45,205	107,6300
11,6471	-45,207	107,6350
11,6495	-45,210	107,6400
11,6477	-45,212	107,6450
11,6547	-45,214	107,6500
11,6434	-45,216	107,6550
11,6447	-45,218	107,6600
11,6557	-45,220	107,6650
11,6465	-45,222	107,6700
11,6416	-45,224	107,6750
11,6464	-45,226	107,6800
11,6451	-45,228	107,6850
11,6411	-45,231	107,6900
11,6488	-45,233	107,6950
11,6487	-45,235	107,7000
11,6435	-45,237	107,7050
11,6538	-45,239	107,7100
11,6608	-45,241	107,7150
11,6611	-45,243	107,7200
11,6619	-45,245	107,7250
11,6572	-45,247	107,7300
11,6589	-45,249	107,7350
11,6647	-45,252	107,7400
11,6680	-45,254	107,7450
11,6555	-45,256	107,7500
11,6575	-45,258	107,7550
11,6650	-45,260	107,7600
11,6600	-45,262	107,7650
11,6647	-45,264	107,7700
11,6751	-45,266	107,7750
11,6664	-45,268	107,7800
11,6570	-45,270	107,7850
11,6691	-45,273	107,7900
11,6743	-45,275	107,7950
11,6599	-45,277	107,8000
11,6628	-45,279	107,8050
11,6653	-45,281	107,8100
11,6665	-45,283	107,8150
11,6760	-45,285	107,8200
11,6805	-45,287	107,8250
11,6769	-45,289	107,8300
11,6692	-45,291	107,8350
11,6760	-45,294	107,8400
11,6681	-45,296	107,8450
11,6629	-45,298	107,8500
11,6702	-45,300	107,8550
11,6643	-45,302	107,8600
11,6637	-45,304	107,8650
11,6774	-45,306	107,8700
11,6794	-45,308	107,8750
11,6728	-45,310	107,8800
11,6735	-45,312	107,8850
11,6726	-45,315	107,8900
11,6677	-45,317	107,8950
11,6714	-45,319	107,9000
11,6804	-45,321	107,9050
11,6764	-45,323	107,9100
11,6761	-45,325	107,9150
11,6756	-45,327	107,9200
11,6716	-45,329	107,9250
11,6686	-45,331	107,9300
11,6766	-45,333	107,9350
11,6778	-45,336	107,9400
11,6755	-45,338	107,9450
11,6806	-45,340	107,9500
11,6722	-45,342	107,9550
11,6710	-45,344	107,9600
11,6829	-45,346	107,9650
11,6812	-45,348	107,9700
11,6824	-45,350	107,9750
11,6887	-45,352	107,9800
11,6853	-45,354	107,9850
11,6837	-45,357	107,9900
11,6870	-45,359	107,9950
11,6820	-45,361	108,0000
11,6726	-45,363	108,0050
11,6868	-45,365	108,0100
11,7002	-45,367	108,0150
11,6925	-45,369	108,0200
11,6877	-45,371	108,0250
11,6923	-45,373	108,0300
11,6857	-45,375	108,0350
11,6830	-45,378	108,0400
11,6853	-45,380	108,0450
11,6910	-45,382	108,0500
11,6949	-45,384	108,0550
11,6904	-45,386	108,0600
11,6917	-45,388	108,0650
11,6921	-45,390	108,0700
11,6970	-45,392	108,0750
11,7048	-45,394	108,0800
11,7012	-45,396	108,0850
11,7043	-45,399	108,0900
11,6997	-45,401	108,0950
11,6874	-45,403	108,1000
11,6980	-45,405	108,1050
11,7047	-45,407	108,1100
11,6956	-45,409	108,1150
11,6935	-45,411	108,1200
11,7007	-45,413	108,1250
11,6954	-45,415	108,1300
11,6992	-45,417	108,1350
11,7017	-45,420	108,1400
11,7063	-45,422	108,1450
11,7056	-45,424	108,1500
11,7137	-45,426	108,1550
11,7087	-45,428	108,1600
11,7048	-45,430	108,1650
11,7023	-45,432	108,1700
11,7028	-45,434	108,1750
11,6991	-45,436	108,1800
11,7017	-45,438	108,1850
11,7063	-45,441	108,1900
11,7036	-45,443	108,1950
11,7099	-45,445	108,2000
11,7125	-45,447	108,2050
11,7131	-45,449	108,2100
11,7046	-45,451	108,2150
11,7041	-45,453	108,2200
11,7050	-45,455	108,2250
11,7047	-45,457	108,2300
11,7099	-45,459	108,2350
11,7116	-45,462	108,2400
11,7061	-45,464	108,2450
11,7128	-45,466	108,2500
11,7089	-45,468	108,2550
11,7096	-45,470	108,2600
11,7181	-45,472	108,2650
11,7224	-45,474	108,2700
11,7112	-45,476	108,2750
11,7149	-45,478	108,2800
11,7126	-45,480	108,2850
11,7049	-45,483	108,2900
11,7131	-45,485	108,2950
11,7254	-45,487	108,3000
11,7167	-45,489	108,3050
11,7130	-45,491	108,3100
11,7218	-45,493	108,3150
11,7210	-45,495	108,3200
11,7207	-45,497	108,3250
11,7290	-45,499	108,3300
11,7265	-45,501	108,3350
11,7204	-45,504	108,3400
11,7243	-45,506	108,3450
11,7258	-45,508	108,3500
11,7215	-45,510	108,3550
11,7252	-45,512	108,3600
11,7271	-45,514	108,3650
11,7163	-45,516	108,3700
11,7251	-45,518	108,3750
11,7319	-45,520	108,3800
11,7184	-45,522	108,3850
11,7181	-45,525	108,3900
11,7333	-45,527	108,3950
11,7310	-45,529	108,4000
11,7205	-45,531	108,4050
11,7264	-45,533	108,4100
11,7295	-45,535	108,4150
11,7330	-45,537	108,4200
11,7430	-45,539	108,4250
11,7351	-45,541	108,4300
11,7247	-45,543	108,4350
11,7386	-45,546	108,4400
11,7361	-45,548	108,4450
11,7304	-45,550	108,4500
11,7337	-45,552	108,4550
11,7344	-45,554	108,4600
11,7295	-45,556	108,4650
11,7395	-45,558	108,4700
11,7441	-45,560	108,4750
11,7450	-45,562	108,4800
11,7518	-45,564	108,4850
11,7514	-45,567	108,4900
11,7360	-45,569	108,4950
11,7341	-45,571	108,5000
11,7428	-45,573	108,5050
11,7399	-45,575	108,5100
11,7364	-45,577	108,5150
11,7458	-45,579	108,5200
11,7539	-45,581	108,5250
11,7441	-45,583	108,5300
11,7465	-45,585	108,5350
11,7457	-45,588	108,5400
11,7453	-45,590	108,5450
11,7439	-45,592	108,5500
11,7463	-45,594	108,5550
11,7356	-45,596	108,5600
11,7430	-45,598	108,5650
11,7543	-45,600	108,5700
11,7503	-45,602	108,5750
11,7487	-45,604	108,5800
11,7559	-45,606	108,5850
11,7479	-45,609	108,5900
11,7426	-45,611	108,5950
11,7485	-45,613	108,6000
11,7569	-45,615	108,6050
11,7572	-45,617	108,6100
11,7617	-45,619	108,6150
11,7574	-45,621	108,6200
11,7434	-45,623	108,6250
11,7487	-45,625	108,6300
11,7573	-45,627	108,6350
11,7575	-45,630	108,6400
11,7557	-45,632	108,6450
11,7636	-45,634	108,6500
11,7550	-45,636	108,6550
11,7512	-45,638	108,6600
11,7579	-45,640	108,6650
11,7546	-45,642	108,6700
11,7556	-45,644	108,6750
11,7695	-45,646	108,6800
11,7661	-45,648	108,6850
11,7550	-45,651	108,6900
11,7637	-45,653	108,6950
11,7660	-45,655	108,7000
11,7621	-45,657	108,7050
11,7651	-45,659	108,7100
11,7609	-45,661	108,7150
11,7522	-45,663	108,7200
11,7623	-45,665	108,7250
11,7717	-45,667	108,7300
11,7713	-45,669	108,7350
11,7694	-45,672	108,7400
11,7701	-45,674	108,7450
11,7522	-45,676	108,7500
11,7560	-45,678	108,7550
11,7653	-45,680	108,7600
11,7599	-45,682	108,7650
11,7626	-45,684	108,7700
11,7729	-45,686	108,7750
11,7713	-45,688	108,7800
11,7713	-45,690	108,7850
11,7736	-45,693	108,7900
11,7745	-45,695	108,7950
11,7743	-45,697	108,8000
11,7863	-45,699	108,8050
11,7830	-45,701	108,8100
11,7708	-45,703	108,8150
11,7719	-45,705	108,8200
11,7735	-45,707	108,8250
11,7738	-45,709	108,8300
11,7768	-45,711	108,8350
11,7795	-45,714	108,8400
11,7739	-45,716	108,8450
11,7716	-45,718	108,8500
11,7791	-45,720	108,8550
11,7796	-45,722	108,8600
11,7751	-45,724	108,8650
11,7826	-45,726	108,8700
11,7806	-45,728	108,8750
11,7818	-45,730	108,8800
11,7878	-45,732	108,8850
11,7828	-45,735	108,8900
11,7774	-45,737	108,8950
11,7840	-45,739	108,9000
11,7841	-45,741	108,9050
11,7767	-45,743	108,9100
11,7857	-45,745	108,9150
11,7934	-45,747	108,9200
11,7890	-45,749	108,9250
11,7846	-45,751	108,9300
11,7892	-45,753	108,9350
11,7869	-45,756	108,9400
11,7896	-45,758	108,9450
11,7919	-45,760	108,9500
11,7870	-45,762	108,9550
11,7852	-45,764	108,9600
11,7985	-45,766	108,9650
11,7958	-45,768	108,9700
11,7874	-45,770	108,9750
11,7924	-45,772	108,9800
11,7892	-45,774	108,9850
11,7850	-45,777	108,9900
11,7928	-45,779	108,9950
11,7936	-45,781	109,0000
11,7899	-45,783	109,0050
11,7867	-45,785	109,0100
11,7853	-45,787	109,0150
11,7913	-45,789	109,0200
11,7967	-45,791	109,0250
11,8017	-45,793	109,0300
11,7886	-45,795	109,0350
11,7826	-45,798	109,0400
11,7897	-45,800	109,0450
11,7900	-45,802	109,0500
11,7890	-45,804	109,0550
11,8032	-45,806	109,0600
11,8024	-45,808	109,0650
11,7981	-45,810	109,0700
11,8027	-45,812	109,0750
11,8045	-45,814	109,0800
11,7957	-45,816	109,0850
11,7996	-45,819	109,0900
11,7992	-45,821	109,0950
11,7940	-45,823	109,1000
11,8056	-45,825	109,1050
11,8109	-45,827	109,1100
11,8101	-45,829	109,1150
11,8120	-45,831	109,1200
11,8155	-45,833	109,1250
11,8109	-45,835	109,1300
11,8121	-45,837	109,1350
11,8119	-45,840	109,1400
11,7999	-45,842	109,1450
11,7978	-45,844	109,1500
11,8175	-45,846	109,1550
11,8241	-45,848	109,1600
11,8123	-45,850	109,1650
11,8109	-45,852	109,1700
11,8099	-45,854	109,1750
11,8035	-45,856	109,1800
11,8054	-45,858	109,1850
11,8104	-45,861	109,1900
11,8050	-45,863	109,1950
11,8133	-45,865	109,2000
11,8219	-45,867	109,2050
11,8219	-45,869	109,2100
11,8225	-45,871	109,2150
11,8263	-45,873	109,2200
11,8173	-45,875	109,2250
11,8184	-45,877	109,2300
11,8269	-45,879	109,2350
11,8264	-45,882	109,2400
11,8217	-45,884	109,2450
11,8318	-45,886	109,2500
11,8287	-45,888	109,2550
11,8137	-45,890	109,2600
11,8150	-45,892	109,2650
11,8229	-45,894	109,2700
11,8185	-45,896	109,2750
11,8241	-45,898	109,2800
11,8272	-45,900	109,2850
11,8141	-45,903	109,2900
11,8168	-45,905	109,2950
11,8275	-45,907	109,3000
11,8244	-45,909	109,3050
11,8229	-45,911	109,3100
11,8345	-45,913	109,3150
11,8276	-45,915	109,3200
11,8238	-45,917	109,3250
11,8332	-45,919	109,3300
11,8295	-45,921	109,3350
11,8204	-45,924	109,3400
11,8273	-45,926	109,3450
11,8283	-45,928	109,3500
11,8264	-45,930	109,3550
11,8287	-45,932	109,3600
11,8349	-45,934	109,3650
11,8295	-45,936	109,3700
11,8362	-45,938	109,3750
11,8405	-45,940	109,3800
11,8362	-45,942	109,3850
11,8397	-45,945	109,3900
11,8448	-45,947	109,3950
11,8440	-45,949	109,4000
11,8417	-45,951	109,4050
11,8482	-45,953	109,4100
11,8413	-45,955	109,4150
11,8371	-45,957	109,4200
11,8441	-45,959	109,4250
11,8382	-45,961	109,4300
11,8317	-45,963	109,4350
11,8480	-45,966	109,4400
11,8510	-45,968	109,4450
11,8357	-45,970	109,4500
11,8327	-45,972	109,4550
11,8443	-45,974	109,4600
11,8452	-45,976	109,4650
11,8490	-45,978	109,4700
11,8457	-45,980	109,4750
11,8382	-45,982	109,4800
11,8384	-45,984	109,4850
11,8489	-45,987	109,4900
11,8456	-45,989	109,4950
11,8376	-45,991	109,5000
11,8549	-45,993	109,5050
11,8542	-45,995	109,5100
11,8405	-45,997	109,5150
11,8554	-45,999	109,5200
11,8594	-46,001	109,5250
11,8497	-46,003	109,5300
11,8549	-46,005	109,5350
11,8528	-46,008	109,5400
11,8473	-46,010	109,5450
11,8521	-46,012	109,5500
11,8639	-46,014	109,5550
11,8571	-46,016	109,5600
11,8520	-46,018	109,5650
11,8544	-46,020	109,5700
11,8493	-46,022	109,5750
11,8449	-46,024	109,5800
11,8518	-46,026	109,5850
11,8562	-46,029	109,5900
11,8567	-46,031	109,5950
11,8626	-46,033	109,6000
11,8602	-46,035	109,6050
11,8512	-46,037	109,6100
11,8592	-46,039	109,6150
11,8616	-46,041	109,6200
11,8568	-46,043	109,6250
11,8605	-46,045	109,6300
11,8663	-46,047	109,6350
11,8647	-46,050	109,6400
11,8610	-46,052	109,6450
11,8670	-46,054	109,6500
11,8586	-46,056	109,6550
11,8607	-46,058	109,6600
11,8666	-46,060	109,6650
11,8641	-46,062	109,6700
11,8646	-46,064	109,6750
11,8710	-46,066	109,6800
11,8624	-46,068	109,6850
11,8613	-46,071	109,6900
11,8663	-46,073	109,6950
11,8602	-46,075	109,7000
11,8590	-46,077	109,7050
11,8689	-46,079	109,7100
11,8740	-46,081	109,7150
11,8656	-46,083	109,7200
11,8701	-46,085	109,7250
11,8769	-46,087	109,7300
11,8748	-46,089	109,7350
11,8725	-46,092	109,7400
11,8791	-46,094	109,7450
11,8773	-46,096	109,7500
11,8794	-46,098	109,7550
11,8851	-46,100	109,7600
11,8799	-46,102	109,7650
11,8777	-46,104	109,7700
11,8806	-46,106	109,7750
11,8715	-46,108	109,7800
11,8634	-46,110	109,7850
11,8691	-46,113	109,7900
11,8799	-46,115	109,7950
11,8728	-46,117	109,8000
11,8778	-46,119	109,8050
11,8780	-46,121	109,8100
11,8687	-46,123	109,8150
11,8724	-46,125	109,8200
11,8806	-46,127	109,8250
11,8782	-46,129	109,8300
11,8768	-46,131	109,8350
11,8876	-46,134	109,8400
11,8888	-46,136	109,8450
11,8911	-46,138	109,8500
11,8966	-46,140	109,8550
11,8856	-46,142	109,8600
11,8805	-46,144	109,8650
11,8893	-46,146	109,8700
11,8905	-46,148	109,8750
11,8851	-46,150	109,8800
11,8955	-46,152	109,8850
11,8963	-46,155	109,8900
11,8864	-46,157	109,8950
11,8885	-46,159	109,9000
11,8876	-46,161	109,9050
11,8878	-46,163	109,9100
11,8992	-46,165	109,9150
11,8953	-46,167	109,9200
11,8872	-46,169	109,9250
11,8859	-46,171	109,9300
11,8956	-46,173	109,9350
11,8869	-46,176	109,9400
11,8912	-46,178	109,9450
11,9069	-46,180	109,9500
11,8960	-46,182	109,9550
11,8862	-46,184	109,9600
11,8921	-46,186	109,9650
11,8964	-46,188	109,9700
11,8984	-46,190	109,9750
11,9040	-46,192	109,9800
11,8984	-46,194	109,9850
11,8903	-46,197	109,9900
11,9020	-46,199	109,9950
11,9047	-46,201	110,0000
11,8966	-46,203	110,0050
11,9004	-46,205	110,0100
11,9103	-46,207	110,0150
11,9044	-46,209	110,0200
11,8973	-46,211	110,0250
11,9048	-46,213	110,0300
11,9047	-46,215	110,0350
11,9071	-46,218	110,0400
11,9095	-46,220	110,0450
11,9020	-46,222	110,0500
11,8990	-46,224	110,0550
11,9131	-46,226	110,0600
11,9093	-46,228	110,0650
11,9086	-46,230	110,0700
11,9179	-46,232	110,0750
11,9144	-46,234	110,0800
11,9061	-46,236	110,0850
11,9138	-46,239	110,0900
11,9188	-46,241	110,0950
11,9163	-46,243	110,1000
11,9190	-46,245	110,1050
11,9217	-46,247	110,1100
11,9159	-46,249	110,1150
11,9096	-46,251	110,1200
11,9196	-46,253	110,1250
11,9191	-46,255	110,1300
11,9143	-46,257	110,1350
11,9266	-46,260	110,1400
11,9218	-46,262	110,1450
11,9110	-46,264	110,1500
11,9189	-46,266	110,1550
11,9225	-46,268	110,1600
11,9201	-46,270	110,1650
11,9228	-46,272	110,1700
11,9208	-46,274	110,1750
11,9162	-46,276	110,1800
11,9242	-46,278	110,1850
11,9283	-46,281	110,1900
11,9179	-46,283	110,1950
11,9191	-46,285	110,2000
11,9284	-46,287	110,2050
11,9230	-46,289	110,2100
11,9198	-46,291	110,2150
11,9354	-46,293	110,2200
11,9379	-46,295	110,2250
11,9273	-46,297	110,2300
11,9317	-46,299	110,2350
11,9292	-46,302	110,2400
11,9191	-46,304	110,2450
11,9233	-46,306	110,2500
11,9278	-46,308	110,2550
11,9280	-46,310	110,2600
11,9279	-46,312	110,2650
11,9311	-46,314	110,2700
11,9287	-46,316	110,2750
11,9355	-46,318	110,2800
11,9350	-46,320	110,2850
11,9249	-46,323	110,2900
11,9316	-46,325	110,2950
11,9421	-46,327	110,3000
11,9329	-46,329	110,3050
11,9227	-46,331	110,3100
11,9347	-46,333	110,3150
11,9419	-46,335	110,3200
11,9453	-46,337	110,3250
11,9493	-46,339	110,3300
11,9344	-46,341	110,3350
11,9217	-46,344	110,3400
11,9336	-46,346	110,3450
11,9362	-46,348	110,3500
11,9357	-46,350	110,3550
11,9396	-46,352	110,3600
11,9438	-46,354	110,3650
11,9453	-46,356	110,3700
11,9479	-46,358	110,3750
11,9432	-46,360	110,3800
11,9350	-46,362	110,3850
11,9434	-46,365	110,3900
11,9534	-46,367	110,3950
11,9449	-46,369	110,4000
11,9442	-46,371	110,4050
11,9536	-46,373	110,4100
11,9459	-46,375	110,4150
11,9383	-46,377	110,4200
11,9508	-46,379	110,4250
11,9507	-46,381	110,4300
11,9439	-46,383	110,4350
11,9530	-46,386	110,4400
11,9521	-46,388	110,4450
11,9499	-46,390	110,4500
11,9572	-46,392	110,4550
11,9609	-46,394	110,4600
11,9496	-46,396	110,4650
11,9517	-46,398	110,4700
11,9551	-46,400	110,4750
11,9486	-46,402	110,4800
11,9544	-46,404	110,4850
11,9636	-46,407	110,4900
11,9577	-46,409	110,4950
11,9474	-46,411	110,5000
11,9575	-46,413	110,5050
11,9589	-46,415	110,5100
11,9506	-46,417	110,5150
11,9559	-46,419	110,5200
11,9557	-46,421	110,5250
11,9480	-46,423	110,5300
11,9608	-46,425	110,5350
11,9654	-46,428	110,5400
11,9577	-46,430	110,5450
11,9582	-46,432	110,5500
11,9655	-46,434	110,5550
11,9561	-46,436	110,5600
11,9528	-46,438	110,5650
11,9595	-46,440	110,5700
11,9597	-46,442	110,5750
11,9638	-46,444	110,5800
11,9734	-46,446	110,5850
11,9737	-46,449	110,5900
11,9681	-46,451	110,5950
11,9655	-46,453	110,6000
11,9635	-46,455	110,6050
11,9625	-46,457	110,6100
11,9718	-46,459	110,6150
11,9730	-46,461	110,6200
11,9605	-46,463	110,6250
11,9640	-46,465	110,6300
11,9703	-46,467	110,6350
11,9656	-46,470	110,6400
11,9697	-46,472	110,6450
11,9713	-46,474	110,6500
11,9658	-46,476	110,6550
11,9708	-46,478	110,6600
11,9738	-46,480	110,6650
11,9628	-46,482	110,6700
11,9667	-46,484	110,6750
11,9823	-46,486	110,6800
11,9775	-46,488	110,6850
11,9738	-46,491	110,6900
11,9817	-46,493	110,6950
11,9866	-46,495	110,7000
11,9802	-46,497	110,7050
11,9890	-46,499	110,7100
11,9873	-46,501	110,7150
11,9768	-46,503	110,7200
11,9800	-46,505	110,7250
11,9851	-46,507	110,7300
11,9783	-46,509	110,7350
11,9735	-46,512	110,7400
11,9794	-46,514	110,7450
11,9795	-46,516	110,7500
11,9860	-46,518	110,7550
11,9882	-46,520	110,7600
11,9831	-46,522	110,7650
11,9790	-46,524	110,7700
11,9898	-46,526	110,7750
11,9863	-46,528	110,7800
11,9814	-46,530	110,7850
11,9872	-46,533	110,7900
11,9922	-46,535	110,7950
11,9897	-46,537	110,8000
11,9993	-46,539	110,8050
12,0008	-46,541	110,8100
11,9868	-46,543	110,8150
11,9921	-46,545	110,8200
11,9998	-46,547	110,8250
11,9999	-46,549	110,8300
12,0008	-46,551	110,8350
12,0009	-46,554	110,8400
11,9925	-46,556	110,8450
11,9889	-46,558	110,8500
11,9975	-46,560	110,8550
11,9934	-46,562	110,8600
11,9826	-46,564	110,8650
11,9944	-46,566	110,8700
12,0038	-46,568	110,8750
11,9975	-46,570	110,8800
12,0031	-46,572	110,8850
12,0055	-46,575	110,8900
11,9978	-46,577	110,8950
12,0036	-46,579	110,9000
11,9998	-46,581	110,9050
11,9876	-46,583	110,9100
11,9939	-46,585	110,9150
12,0017	-46,587	110,9200
12,0085	-46,589	110,9250
12,0113	-46,591	110,9300
12,0088	-46,593	110,9350
11,9918	-46,596	110,9400
12,0011	-46,598	110,9450
12,0156	-46,600	110,9500
12,0062	-46,602	110,9550
11,9988	-46,604	110,9600
12,0145	-46,606	110,9650
12,0165	-46,608	110,9700
12,0069	-46,610	110,9750
12,0101	-46,612	110,9800
12,0098	-46,614	110,9850
11,9998	-46,617	110,9900
12,0022	-46,619	110,9950
12,0097	-46,621	111,0000
12,0042	-46,623	111,0050
12,0095	-46,625	111,0100
12,0106	-46,627	111,0150
12,0139	-46,629	111,0200
12,0202	-46,631	111,0250
12,0215	-46,633	111,0300
12,0112	-46,635	111,0350
12,0098	-46,638	111,0400
12,0236	-46,640	111,0450
12,0211	-46,642	111,0500
12,0182	-46,644	111,0550
12,0253	-46,646	111,0600
12,0227	-46,648	111,0650
12,0159	-46,650	111,0700
12,0180	-46,652	111,0750
12,0201	-46,654	111,0800
12,0154	-46,656	111,0850
12,0193	-46,659	111,0900
12,0257	-46,661	111,0950
12,0240	-46,663	111,1000
12,0311	-46,665	111,1050
12,0283	-46,667	111,1100
12,0211	-46,669	111,1150
12,0233	-46,671	111,1200
12,0343	-46,673	111,1250
12,0256	-46,675	111,1300
12,0193	-46,677	111,1350
12,0273	-46,680	111,1400
12,0242	-46,682	111,1450
12,0226	-46,684	111,1500
12,0271	-46,686	111,1550
12,0257	-46,688	111,1600
12,0213	-46,690	111,1650
12,0238	-46,692	111,1700
12,0348	-46,694	111,1750
12,0275	-46,696	111,1800
12,0314	-46,698	111,1850
12,0362	-46,701	111,1900
12,0276	-46,703	111,1950
12,0245	-46,705	111,2000
12,0318	-46,707	111,2050
12,0283	-46,709	111,2100
12,0230	-46,711	111,2150
12,0312	-46,713	111,2200
12,0316	-46,715	111,2250
12,0317	-46,717	111,2300
12,0428	-46,719	111,2350
12,0340	-46,722	111,2400
12,0289	-46,724	111,2450
12,0403	-46,726	111,2500
12,0419	-46,728	111,2550
12,0342	-46,730	111,2600
12,0403	-46,732	111,2650
12,0503	-46,734	111,2700
12,0431	-46,736	111,2750
12,0388	-46,738	111,2800
12,0435	-46,740	111,2850
12,0418	-46,743	111,2900
12,0438	-46,745	111,2950
12,0509	-46,747	111,3000
12,0474	-46,749	111,3050
12,0491	-46,751	111,3100
12,0590	-46,753	111,3150
12,0499	-46,755	111,3200
12,0421	-46,757	111,3250
12,0513	-46,759	111,3300
12,0487	-46,761	111,3350
12,0447	-46,764	111,3400
12,0521	-46,766	111,3450
12,0492	-46,768	111,3500
12,0470	-46,770	111,3550
12,0496	-46,772	111,3600
12,0565	-46,774	111,3650
12,0530	-46,776	111,3700
12,0594	-46,778	111,3750
12,0645	-46,780	111,3800
12,0540	-46,782	111,3850
12,0491	-46,785	111,3900
12,0588	-46,787	111,3950
12,0647	-46,789	111,4000
12,0634	-46,791	111,4050
12,0714	-46,793	111,4100
12,0688	-46,795	111,4150
12,0592	-46,797	111,4200
12,0647	-46,799	111,4250
12,0599	-46,801	111,4300
12,0429	-46,803	111,4350
12,0501	-46,806	111,4400
12,0553	-46,808	111,4450
12,0469	-46,810	111,4500
12,0548	-46,812	111,4550
12,0680	-46,814	111,4600
12,0644	-46,816	111,4650
12,0617	-46,818	111,4700
12,0637	-46,820	111,4750
12,0623	-46,822	111,4800
12,0599	-46,824	111,4850
12,0617	-46,827	111,4900
12,0585	-46,829	111,4950
12,0642	-46,831	111,5000
12,0770	-46,833	111,5050
12,0711	-46,835	111,5100
12,0668	-46,837	111,5150
12,0784	-46,839	111,5200
12,0713	-46,841	111,5250
12,0611	-46,843	111,5300
12,0686	-46,845	111,5350
12,0686	-46,848	111,5400
12,0619	-46,850	111,5450
12,0672	-46,852	111,5500
12,0758	-46,854	111,5550
12,0693	-46,856	111,5600
12,0734	-46,858	111,5650
12,0781	-46,860	111,5700
12,0667	-46,862	111,5750
12,0526	-46,864	111,5800
12,0605	-46,866	111,5850
12,0700	-46,869	111,5900
12,0711	-46,871	111,5950
12,0804	-46,873	111,6000
12,0816	-46,875	111,6050
12,0704	-46,877	111,6100
12,0717	-46,879	111,6150
12,0731	-46,881	111,6200
12,0739	-46,883	111,6250
12,0774	-46,885	111,6300
12,0804	-46,887	111,6350
12,0804	-46,890	111,6400
12,0805	-46,892	111,6450
12,0835	-46,894	111,6500
12,0835	-46,896	111,6550
12,0876	-46,898	111,6600
12,0893	-46,900	111,6650
12,0860	-46,902	111,6700
12,0854	-46,904	111,6750
12,0965	-46,906	111,6800
12,0943	-46,908	111,6850
12,0897	-46,911	111,6900
12,0920	-46,913	111,6950
12,0895	-46,915	111,7000
12,0884	-46,917	111,7050
12,0967	-46,919	111,7100
12,0983	-46,921	111,7150
12,0930	-46,923	111,7200
12,0996	-46,925	111,7250
12,1023	-46,927	111,7300
12,0949	-46,929	111,7350
12,0900	-46,932	111,7400
12,0903	-46,934	111,7450
12,0866	-46,936	111,7500
12,0961	-46,938	111,7550
12,1065	-46,940	111,7600
12,0984	-46,942	111,7650
12,0903	-46,944	111,7700
12,1015	-46,946	111,7750
12,1061	-46,948	111,7800
12,1097	-46,950	111,7850
12,1133	-46,953	111,7900
12,1065	-46,955	111,7950
12,0972	-46,957	111,8000
12,0989	-46,959	111,8050
12,0993	-46,961	111,8100
12,0968	-46,963	111,8150
12,1058	-46,965	111,8200
12,1108	-46,967	111,8250
12,1014	-46,969	111,8300
12,0984	-46,971	111,8350
12,1099	-46,974	111,8400
12,1062	-46,976	111,8450
12,1080	-46,978	111,8500
12,1176	-46,980	111,8550
12,1113	-46,982	111,8600
12,1049	-46,984	111,8650
12,1147	-46,986	111,8700
12,1102	-46,988	111,8750
12,1045	-46,990	111,8800
12,1075	-46,992	111,8850
12,1141	-46,995	111,8900
12,1108	-46,997	111,8950
12,1149	-46,999	111,9000
12,1129	-47,001	111,9050
12,0996	-47,003	111,9100
12,1030	-47,005	111,9150
12,1163	-47,007	111,9200
12,1163	-47,009	111,9250
12,1138	-47,011	111,9300
12,1186	-47,013	111,9350
12,1135	-47,016	111,9400
12,1158	-47,018	111,9450
12,1219	-47,020	111,9500
12,1114	-47,022	111,9550
12,1089	-47,024	111,9600
12,1183	-47,026	111,9650
12,1195	-47,028	111,9700
12,1147	-47,030	111,9750
12,1199	-47,032	111,9800
12,1244	-47,034	111,9850
12,1147	-47,037	111,9900
12,1187	-47,039	111,9950
12,1249	-47,041	112,0000
12,1219	-47,043	112,0050
12,1260	-47,045	112,0100
12,1297	-47,047	112,0150
12,1238	-47,049	112,0200
12,1222	-47,051	112,0250
12,1286	-47,053	112,0300
12,1254	-47,055	112,0350
12,1246	-47,058	112,0400
12,1323	-47,060	112,0450
12,1243	-47,062	112,0500
12,1195	-47,064	112,0550
12,1337	-47,066	112,0600
12,1346	-47,068	112,0650
12,1282	-47,070	112,0700
12,1255	-47,072	112,0750
12,1319	-47,074	112,0800
12,1270	-47,076	112,0850
12,1316	-47,079	112,0900
12,1324	-47,081	112,0950
12,1199	-47,083	112,1000
12,1285	-47,085	112,1050
12,1443	-47,087	112,1100
12,1429	-47,089	112,1150
12,1373	-47,091	112,1200
12,1388	-47,093	112,1250
12,1329	-47,095	112,1300
12,1270	-47,097	112,1350
12,1365	-47,100	112,1400
12,1387	-47,102	112,1450
12,1366	-47,104	112,1500
12,1446	-47,106	112,1550
12,1445	-47,108	112,1600
12,1382	-47,110	112,1650
12,1405	-47,112	112,1700
12,1453	-47,114	112,1750
12,1385	-47,116	112,1800
12,1419	-47,118	112,1850
12,1462	-47,121	112,1900
12,1448	-47,123	112,1950
12,1458	-47,125	112,2000
12,1525	-47,127	112,2050
12,1433	-47,129	112,2100
12,1400	-47,131	112,2150
12,1540	-47,133	112,2200
12,1448	-47,135	112,2250
12,1433	-47,137	112,2300
12,1536	-47,139	112,2350
12,1489	-47,142	112,2400
12,1446	-47,144	112,2450
12,1552	-47,146	112,2500
12,1567	-47,148	112,2550
12,1510	-47,150	112,2600
12,1487	-47,152	112,2650
12,1611	-47,154	112,2700
12,1572	-47,156	112,2750
12,1557	-47,158	112,2800
12,1522	-47,160	112,2850
12,1478	-47,163	112,2900
12,1511	-47,165	112,2950
12,1539	-47,167	112,3000
12,1518	-47,169	112,3050
12,1466	-47,171	112,3100
12,1519	-47,173	112,3150
12,1526	-47,175	112,3200
12,1503	-47,177	112,3250
12,1625	-47,179	112,3300
12,1648	-47,181	112,3350
12,1571	-47,184	112,3400
12,1617	-47,186	112,3450
12,1620	-47,188	112,3500
12,1619	-47,190	112,3550
12,1654	-47,192	112,3600
12,1692	-47,194	112,3650
12,1554	-47,196	112,3700
12,1608	-47,198	112,3750
12,1685	-47,200	112,3800
12,1561	-47,202	112,3850
12,1565	-47,205	112,3900
12,1680	-47,207	112,3950
12,1627	-47,209	112,4000
12,1657	-47,211	112,4050
12,1777	-47,213	112,4100
12,1746	-47,215	112,4150
12,1656	-47,217	112,4200
12,1696	-47,219	112,4250
12,1674	-47,221	112,4300
12,1646	-47,223	112,4350
12,1719	-47,226	112,4400
12,1734	-47,228	112,4450
12,1663	-47,230	112,4500
12,1698	-47,232	112,4550
12,1800	-47,234	112,4600
12,1717	-47,236	112,4650
12,1642	-47,238	112,4700
12,1675	-47,240	112,4750
12,1703	-47,242	112,4800
12,1780	-47,244	112,4850
12,1850	-47,247	112,4900
12,1753	-47,249	112,4950
12,1692	-47,251	112,5000
12,1811	-47,253	112,5050
12,1825	-47,255	112,5100
12,1804	-47,257	112,5150
12,1854	-47,259	112,5200
12,1834	-47,261	112,5250
12,1799	-47,263	112,5300
12,1874	-47,265	112,5350
12,1855	-47,268	112,5400
12,1895	-47,270	112,5450
12,1938	-47,272	112,5500
12,1905	-47,274	112,5550
12,1762	-47,276	112,5600
12,1845	-47,278	112,5650
12,1867	-47,280	112,5700
12,1759	-47,282	112,5750
12,1819	-47,284	112,5800
12,1944	-47,286	112,5850
12,1960	-47,289	112,5900
12,1882	-47,291	112,5950
12,1939	-47,293	112,6000
12,1937	-47,295	112,6050
12,1844	-47,297	112,6100
12,1873	-47,299	112,6150
12,1910	-47,301	112,6200
12,1826	-47,303	112,6250
12,1886	-47,305	112,6300
12,1929	-47,307	112,6350
12,1945	-47,310	112,6400
12,1920	-47,312	112,6450
12,1964	-47,314	112,6500
12,1895	-47,316	112,6550
12,1923	-47,318	112,6600
12,2057	-47,320	112,6650
12,2019	-47,322	112,6700
12,1933	-47,324	112,6750
12,1973	-47,326	112,6800
12,1932	-47,328	112,6850
12,1920	-47,331	112,6900
12,2007	-47,333	112,6950
12,2013	-47,335	112,7000
12,2010	-47,337	112,7050
12,2129	-47,339	112,7100
12,2122	-47,341	112,7150
12,2020	-47,343	112,7200
12,2029	-47,345	112,7250
12,2075	-47,347	112,7300
12,2071	-47,349	112,7350
12,2076	-47,352	112,7400
12,2104	-47,354	112,7450
12,2057	-47,356	112,7500
12,2088	-47,358	112,7550
12,2121	-47,360	112,7600
12,2048	-47,362	112,7650
12,2006	-47,364	112,7700
12,2177	-47,366	112,7750
12,2126	-47,368	112,7800
12,2020	-47,370	112,7850
12,2126	-47,373	112,7900
12,2145	-47,375	112,7950
12,2096	-47,377	112,8000
12,2198	-47,379	112,8050
12,2192	-47,381	112,8100
12,2092	-47,383	112,8150
12,2120	-47,385	112,8200
12,2064	-47,387	112,8250
12,2042	-47,389	112,8300
12,2140	-47,391	112,8350
12,2248	-47,394	112,8400
12,2175	-47,396	112,8450
12,2171	-47,398	112,8500
12,2250	-47,400	112,8550
12,2172	-47,402	112,8600
12,2132	-47,404	112,8650
12,2192	-47,406	112,8700
12,2160	-47,408	112,8750
12,2120	-47,410	112,8800
12,2203	-47,412	112,8850
12,2203	-47,415	112,8900
12,2141	-47,417	112,8950
12,2173	-47,419	112,9000
12,2249	-47,421	112,9050
12,2215	-47,423	112,9100
12,2207	-47,425	112,9150
12,2294	-47,427	112,9200
12,2302	-47,429	112,9250
12,2269	-47,431	112,9300
12,2365	-47,433	112,9350
12,2301	-47,436	112,9400
12,2252	-47,438	112,9450
12,2296	-47,440	112,9500
12,2236	-47,442	112,9550
12,2237	-47,444	112,9600
12,2343	-47,446	112,9650
12,2306	-47,448	112,9700
12,2228	-47,450	112,9750
12,2321	-47,452	112,9800
12,2323	-47,454	112,9850
12,2230	-47,457	112,9900
12,2286	-47,459	112,9950
12,2339	-47,461	113,0000
12,2269	-47,463	113,0050
12,2298	-47,465	113,0100
12,2372	-47,467	113,0150
12,2369	-47,469	113,0200
12,2322	-47,471	113,0250
12,2368	-47,473	113,0300
12,2346	-47,475	113,0350
12,2362	-47,478	113,0400
12,2446	-47,480	113,0450
12,2366	-47,482	113,0500
12,2345	-47,484	113,0550
12,2373	-47,486	113,0600
12,2392	-47,488	113,0650
12,2436	-47,490	113,0700
12,2468	-47,492	113,0750
12,2477	-47,494	113,0800
12,2392	-47,496	113,0850
12,2462	-47,499	113,0900
12,2491	-47,501	113,0950
12,2429	-47,503	113,1000
12,2424	-47,505	113,1050
12,2421	-47,507	113,1100
12,2356	-47,509	113,1150
12,2396	-47,511	113,1200
12,2537	-47,513	113,1250
12,2452	-47,515	113,1300
12,2399	-47,517	113,1350
12,2429	-47,520	113,1400
12,2425	-47,522	113,1450
12,2457	-47,524	113,1500
12,2545	-47,526	113,1550
12,2572	-47,528	113,1600
12,2547	-47,530	113,1650
12,2486	-47,532	113,1700
12,2470	-47,534	113,1750
12,2475	-47,536	113,1800
12,2545	-47,538	113,1850
12,2594	-47,541	113,1900
12,2551	-47,543	113,1950
12,2548	-47,545	113,2000
12,2590	-47,547	113,2050
12,2559	-47,549	113,2100
12,2527	-47,551	113,2150
12,2628	-47,553	113,2200
12,2572	-47,555	113,2250
12,2513	-47,557	113,2300
12,2549	-47,559	113,2350
12,2615	-47,562	113,2400
12,2558	-47,564	113,2450
12,2589	-47,566	113,2500
12,2613	-47,568	113,2550
12,2524	-47,570	113,2600
12,2557	-47,572	113,2650
12,2667	-47,574	113,2700
12,2627	-47,576	113,2750
12,2652	-47,578	113,2800
12,2677	-47,580	113,2850
12,2548	-47,583	113,2900
12,2528	-47,585	113,2950
12,2562	-47,587	113,3000
12,2580	-47,589	113,3050
12,2624	-47,591	113,3100
12,2727	-47,593	113,3150
12,2671	-47,595	113,3200
12,2656	-47,597	113,3250
12,2770	-47,599	113,3300
12,2716	-47,601	113,3350
12,2663	-47,604	113,3400
12,2794	-47,606	113,3450
12,2776	-47,608	113,3500
12,2619	-47,610	113,3550
12,2660	-47,612	113,3600
12,2756	-47,614	113,3650
12,2730	-47,616	113,3700
12,2809	-47,618	113,3750
12,2818	-47,620	113,3800
12,2705	-47,622	113,3850
12,2709	-47,625	113,3900
12,2838	-47,627	113,3950
12,2801	-47,629	113,4000
12,2741	-47,631	113,4050
12,2803	-47,633	113,4100
12,2777	-47,635	113,4150
12,2748	-47,637	113,4200
12,2836	-47,639	113,4250
12,2849	-47,641	113,4300
12,2850	-47,643	113,4350
12,2981	-47,646	113,4400
12,2958	-47,648	113,4450
12,2788	-47,650	113,4500
12,2815	-47,652	113,4550
12,2901	-47,654	113,4600
12,2835	-47,656	113,4650
12,2837	-47,658	113,4700
12,2916	-47,660	113,4750
12,2878	-47,662	113,4800
12,2960	-47,664	113,4850
12,3007	-47,667	113,4900
12,2910	-47,669	113,4950
12,2816	-47,671	113,5000
12,2926	-47,673	113,5050
12,2927	-47,675	113,5100
12,2801	-47,677	113,5150
12,2815	-47,679	113,5200
12,2778	-47,681	113,5250
12,2740	-47,683	113,5300
12,2823	-47,685	113,5350
12,2900	-47,688	113,5400
12,2929	-47,690	113,5450
12,2955	-47,692	113,5500
12,2992	-47,694	113,5550
12,2969	-47,696	113,5600
12,2981	-47,698	113,5650
12,2993	-47,700	113,5700
12,2941	-47,702	113,5750
12,2939	-47,704	113,5800
12,2996	-47,706	113,5850
12,3008	-47,709	113,5900
12,3007	-47,711	113,5950
12,2993	-47,713	113,6000
12,2911	-47,715	113,6050
12,2921	-47,717	113,6100
12,3001	-47,719	113,6150
12,2960	-47,721	113,6200
12,2945	-47,723	113,6250
12,3046	-47,725	113,6300
12,3061	-47,727	113,6350
12,3027	-47,730	113,6400
12,3052	-47,732	113,6450
12,3102	-47,734	113,6500
12,3051	-47,736	113,6550
12,3027	-47,738	113,6600
12,3051	-47,740	113,6650
12,2991	-47,742	113,6700
12,3034	-47,744	113,6750
12,3141	-47,746	113,6800
12,3098	-47,748	113,6850
12,3062	-47,751	113,6900
12,3101	-47,753	113,6950
12,3104	-47,755	113,7000
12,3084	-47,757	113,7050
12,3120	-47,759	113,7100
12,3164	-47,761	113,7150
12,3116	-47,763	113,7200
12,3157	-47,765	113,7250
12,3152	-47,767	113,7300
12,3031	-47,769	113,7350
12,2998	-47,772	113,7400
12,3122	-47,774	113,7450
12,3157	-47,776	113,7500
12,3164	-47,778	113,7550
12,3188	-47,780	113,7600
12,3098	-47,782	113,7650
12,3106	-47,784	113,7700
12,3252	-47,786	113,7750
12,3334	-47,788	113,7800
12,3279	-47,790	113,7850
12,3281	-47,793	113,7900
12,3251	-47,795	113,7950
12,3162	-47,797	113,8000
12,3282	-47,799	113,8050
12,3298	-47,801	113,8100
12,3256	-47,803	113,8150
12,3343	-47,805	113,8200
12,3392	-47,807	113,8250
12,3211	-47,809	113,8300
12,3136	-47,811	113,8350
12,3277	-47,814	113,8400
12,3213	-47,816	113,8450
12,3270	-47,818	113,8500
12,3339	-47,820	113,8550
12,3275	-47,822	113,8600
12,3263	-47,824	113,8650
12,3329	-47,826	113,8700
12,3206	-47,828	113,8750
12,3182	-47,830	113,8800
12,3269	-47,832	113,8850
12,3365	-47,835	113,8900
12,3309	-47,837	113,8950
12,3324	-47,839	113,9000
12,3393	-47,841	113,9050
12,3336	-47,843	113,9100
12,3344	-47,845	113,9150
12,3342	-47,847	113,9200
12,3255	-47,849	113,9250
12,3228	-47,851	113,9300
12,3314	-47,853	113,9350
12,3334	-47,856	113,9400
12,3335	-47,858	113,9450
12,3428	-47,860	113,9500
12,3366	-47,862	113,9550
12,3300	-47,864	113,9600
12,3362	-47,866	113,9650
12,3297	-47,868	113,9700
12,3305	-47,870	113,9750
12,3439	-47,872	113,9800
12,3570	-47,874	113,9850
12,3494	-47,877	113,9900
12,3508	-47,879	113,9950
12,3485	-47,881	114,0000
12,3411	-47,883	114,0050
12,3453	-47,885	114,0100
12,3538	-47,887	114,0150
12,3471	-47,889	114,0200
12,3401	-47,891	114,0250
12,3499	-47,893	114,0300
12,3469	-47,895	114,0350
12,3460	-47,898	114,0400
12,3573	-47,900	114,0450
12,3590	-47,902	114,0500
12,3542	-47,904	114,0550
12,3532	-47,906	114,0600
12,3451	-47,908	114,0650
12,3472	-47,910	114,0700
12,3586	-47,912	114,0750
12,3616	-47,914	114,0800
12,3522	-47,916	114,0850
12,3556	-47,919	114,0900
12,3633	-47,921	114,0950
12,3552	-47,923	114,1000
12,3561	-47,925	114,1050
12,3592	-47,927	114,1100
12,3576	-47,929	114,1150
12,3572	-47,931	114,1200
12,3701	-47,933	114,1250
12,3635	-47,935	114,1300
12,3578	-47,937	114,1350
12,3662	-47,940	114,1400
12,3622	-47,942	114,1450
12,3474	-47,944	114,1500
12,3562	-47,946	114,1550
12,3615	-47,948	114,1600
12,3662	-47,950	114,1650
12,3707	-47,952	114,1700
12,3715	-47,954	114,1750
12,3555	-47,956	114,1800
12,3610	-47,958	114,1850
12,3775	-47,961	114,1900
12,3739	-47,963	114,1950
12,3716	-47,965	114,2000
12,3735	-47,967	114,2050
12,3680	-47,969	114,2100
12,3723	-47,971	114,2150
12,3859	-47,973	114,2200
12,3775	-47,975	114,2250
12,3595	-47,977	114,2300
12,3656	-47,979	114,2350
12,3700	-47,982	114,2400
12,3666	-47,984	114,2450
12,3727	-47,986	114,2500
12,3780	-47,988	114,2550
12,3726	-47,990	114,2600
12,3735	-47,992	114,2650
12,3743	-47,994	114,2700
12,3631	-47,996	114,2750
12,3686	-47,998	114,2800
12,3742	-48,000	114,2850
12,3690	-48,003	114,2900
12,3700	-48,005	114,2950
12,3759	-48,007	114,3000
12,3734	-48,009	114,3050
12,3804	-48,011	114,3100
12,3911	-48,013	114,3150
12,3821	-48,015	114,3200
12,3839	-48,017	114,3250
12,3868	-48,019	114,3300
12,3816	-48,021	114,3350
12,3768	-48,024	114,3400
12,3835	-48,026	114,3450
12,3855	-48,028	114,3500
12,3793	-48,030	114,3550
12,3813	-48,032	114,3600
12,3890	-48,034	114,3650
12,3751	-48,036	114,3700
12,3737	-48,038	114,3750
12,3828	-48,040	114,3800
12,3822	-48,042	114,3850
12,3823	-48,045	114,3900
12,3918	-48,047	114,3950
12,3873	-48,049	114,4000
12,3871	-48,051	114,4050
12,3922	-48,053	114,4100
12,3894	-48,055	114,4150
12,3962	-48,057	114,4200
12,3995	-48,059	114,4250
12,3911	-48,061	114,4300
12,3770	-48,063	114,4350
12,3944	-48,066	114,4400
12,4008	-48,068	114,4450
12,3985	-48,070	114,4500
12,3989	-48,072	114,4550
12,4013	-48,074	114,4600
12,3890	-48,076	114,4650
12,3943	-48,078	114,4700
12,4020	-48,080	114,4750
12,3958	-48,082	114,4800
12,3943	-48,084	114,4850
12,4043	-48,087	114,4900
12,4020	-48,089	114,4950
12,3963	-48,091	114,5000
12,4040	-48,093	114,5050
12,4022	-48,095	114,5100
12,3982	-48,097	114,5150
12,4072	-48,099	114,5200
12,4017	-48,101	114,5250
12,4000	-48,103	114,5300
12,4045	-48,105	114,5350
12,4008	-48,108	114,5400
12,3972	-48,110	114,5450
12,4017	-48,112	114,5500
12,4096	-48,114	114,5550
12,3985	-48,116	114,5600
12,3987	-48,118	114,5650
12,4031	-48,120	114,5700
12,4029	-48,122	114,5750
12,4092	-48,124	114,5800
12,4188	-48,126	114,5850
12,4137	-48,129	114,5900
12,4021	-48,131	114,5950
12,4095	-48,133	114,6000
12,4163	-48,135	114,6050
12,4122	-48,137	114,6100
12,4119	-48,139	114,6150
12,4080	-48,141	114,6200
12,4028	-48,143	114,6250
12,4179	-48,145	114,6300
12,4176	-48,147	114,6350
12,4120	-48,150	114,6400
12,4107	-48,152	114,6450
12,4169	-48,154	114,6500
12,4104	-48,156	114,6550
12,4111	-48,158	114,6600
12,4184	-48,160	114,6650
12,4169	-48,162	114,6700
12,4142	-48,164	114,6750
12,4190	-48,166	114,6800
12,4206	-48,168	114,6850
12,4163	-48,171	114,6900
12,4241	-48,173	114,6950
12,4272	-48,175	114,7000
12,4241	-48,177	114,7050
12,4265	-48,179	114,7100
12,4232	-48,181	114,7150
12,4155	-48,183	114,7200
12,4244	-48,185	114,7250
12,4321	-48,187	114,7300
12,4337	-48,189	114,7350
12,4296	-48,192	114,7400
12,4290	-48,194	114,7450
12,4213	-48,196	114,7500
12,4211	-48,198	114,7550
12,4344	-48,200	114,7600
12,4316	-48,202	114,7650
12,4271	-48,204	114,7700
12,4337	-48,206	114,7750
12,4330	-48,208	114,7800
12,4307	-48,210	114,7850
12,4362	-48,213	114,7900
12,4305	-48,215	114,7950
12,4211	-48,217	114,8000
12,4334	-48,219	114,8050
12,4345	-48,221	114,8100
12,4204	-48,223	114,8150
12,4273	-48,225	114,8200
12,4384	-48,227	114,8250
12,4355	-48,229	114,8300
12,4299	-48,231	114,8350
12,4349	-48,234	114,8400
12,4343	-48,236	114,8450
12,4364	-48,238	114,8500
12,4439	-48,240	114,8550
12,4357	-48,242	114,8600
12,4346	-48,244	114,8650
12,4458	-48,246	114,8700
12,4411	-48,248	114,8750
12,4458	-48,250	114,8800
12,4521	-48,252	114,8850
12,4448	-48,255	114,8900
12,4399	-48,257	114,8950
12,4460	-48,259	114,9000
12,4513	-48,261	114,9050
12,4457	-48,263	114,9100
12,4466	-48,265	114,9150
12,4431	-48,267	114,9200
12,4431	-48,269	114,9250
12,4421	-48,271	114,9300
12,4448	-48,273	114,9350
12,4462	-48,276	114,9400
12,4472	-48,278	114,9450
12,4573	-48,280	114,9500
12,4580	-48,282	114,9550
12,4598	-48,284	114,9600
12,4647	-48,286	114,9650
12,4569	-48,288	114,9700
12,4407	-48,290	114,9750
12,4439	-48,292	114,9800
12,4472	-48,294	114,9850
12,4439	-48,297	114,9900
12,4561	-48,299	114,9950
12,4616	-48,301	115,0000
12,4518	-48,303	115,0050
12,4539	-48,305	115,0100
12,4619	-48,307	115,0150
12,4606	-48,309	115,0200
12,4573	-48,311	115,0250
12,4586	-48,313	115,0300
12,4512	-48,315	115,0350
12,4563	-48,318	115,0400
12,4629	-48,320	115,0450
12,4610	-48,322	115,0500
12,4599	-48,324	115,0550
12,4722	-48,326	115,0600
12,4672	-48,328	115,0650
12,4566	-48,330	115,0700
12,4637	-48,332	115,0750
12,4682	-48,334	115,0800
12,4608	-48,336	115,0850
12,4670	-48,339	115,0900
12,4732	-48,341	115,0950
12,4631	-48,343	115,1000
12,4609	-48,345	115,1050
12,4602	-48,347	115,1100
12,4623	-48,349	115,1150
12,4674	-48,351	115,1200
12,4759	-48,353	115,1250
12,4737	-48,355	115,1300
12,4669	-48,357	115,1350
12,4734	-48,360	115,1400
12,4684	-48,362	115,1450
12,4598	-48,364	115,1500
12,4720	-48,366	115,1550
12,4740	-48,368	115,1600
12,4718	-48,370	115,1650
12,4707	-48,372	115,1700
12,4764	-48,374	115,1750
12,4712	-48,376	115,1800
12,4764	-48,378	115,1850
12,4781	-48,381	115,1900
12,4730	-48,383	115,1950
12,4708	-48,385	115,2000
12,4724	-48,387	115,2050
12,4731	-48,389	115,2100
12,4720	-48,391	115,2150
12,4803	-48,393	115,2200
12,4758	-48,395	115,2250
12,4714	-48,397	115,2300
12,4808	-48,399	115,2350
12,4786	-48,402	115,2400
12,4751	-48,404	115,2450
12,4861	-48,406	115,2500
12,4866	-48,408	115,2550
12,4792	-48,410	115,2600
12,4797	-48,412	115,2650
12,4904	-48,414	115,2700
12,4841	-48,416	115,2750
12,4874	-48,418	115,2800
12,4911	-48,420	115,2850
12,4820	-48,423	115,2900
12,4834	-48,425	115,2950
12,4881	-48,427	115,3000
12,4868	-48,429	115,3050
12,4884	-48,431	115,3100
12,4950	-48,433	115,3150
12,4918	-48,435	115,3200
12,4847	-48,437	115,3250
12,4875	-48,439	115,3300
12,4952	-48,441	115,3350
12,4918	-48,444	115,3400
12,4969	-48,446	115,3450
12,4906	-48,448	115,3500
12,4901	-48,450	115,3550
12,4962	-48,452	115,3600
12,5015	-48,454	115,3650
12,4931	-48,456	115,3700
12,4953	-48,458	115,3750
12,5024	-48,460	115,3800
12,4908	-48,462	115,3850
12,4920	-48,465	115,3900
12,5042	-48,467	115,3950
12,5043	-48,469	115,4000
12,5085	-48,471	115,4050
12,5118	-48,473	115,4100
12,4984	-48,475	115,4150
12,4952	-48,477	115,4200
12,5088	-48,479	115,4250
12,5063	-48,481	115,4300
12,4997	-48,483	115,4350
12,5032	-48,486	115,4400
12,5039	-48,488	115,4450
12,4948	-48,490	115,4500
12,4975	-48,492	115,4550
12,5062	-48,494	115,4600
12,5064	-48,496	115,4650
12,5090	-48,498	115,4700
12,5090	-48,500	115,4750
12,5012	-48,502	115,4800
12,4995	-48,504	115,4850
12,5141	-48,507	115,4900
12,5186	-48,509	115,4950
12,5096	-48,511	115,5000
12,5117	-48,513	115,5050
12,5064	-48,515	115,5100
12,5057	-48,517	115,5150
12,5198	-48,519	115,5200
12,5200	-48,521	115,5250
12,5158	-48,523	115,5300
12,5211	-48,525	115,5350
12,5156	-48,528	115,5400
12,5095	-48,530	115,5450
12,5124	-48,532	115,5500
12,5143	-48,534	115,5550
12,5062	-48,536	115,5600
12,5089	-48,538	115,5650
12,5190	-48,540	115,5700
12,5127	-48,542	115,5750
12,5107	-48,544	115,5800
12,5213	-48,546	115,5850
12,5198	-48,549	115,5900
12,5127	-48,551	115,5950
12,5149	-48,553	115,6000
12,5166	-48,555	115,6050
12,5129	-48,557	115,6100
12,5212	-48,559	115,6150
12,5259	-48,561	115,6200
12,5201	-48,563	115,6250
12,5256	-48,565	115,6300
12,5285	-48,567	115,6350
12,5298	-48,570	115,6400
12,5269	-48,572	115,6450
12,5331	-48,574	115,6500
12,5256	-48,576	115,6550
12,5224	-48,578	115,6600
12,5321	-48,580	115,6650
12,5229	-48,582	115,6700
12,5151	-48,584	115,6750
12,5220	-48,586	115,6800
12,5241	-48,588	115,6850
12,5262	-48,591	115,6900
12,5373	-48,593	115,6950
12,5397	-48,595	115,7000
12,5331	-48,597	115,7050
12,5343	-48,599	115,7100
12,5291	-48,601	115,7150
12,5279	-48,603	115,7200
12,5400	-48,605	115,7250
12,5434	-48,607	115,7300
12,5353	-48,609	115,7350
12,5298	-48,612	115,7400
12,5422	-48,614	115,7450
12,5414	-48,616	115,7500
12,5450	-48,618	115,7550
12,5489	-48,620	115,7600
12,5396	-48,622	115,7650
12,5359	-48,624	115,7700
12,5407	-48,626	115,7750
12,5424	-48,628	115,7800
12,5417	-48,630	115,7850
12,5469	-48,633	115,7900
12,5461	-48,635	115,7950
12,5364	-48,637	115,8000
12,5379	-48,639	115,8050
12,5411	-48,641	115,8100
12,5399	-48,643	115,8150
12,5428	-48,645	115,8200
12,5451	-48,647	115,8250
12,5399	-48,649	115,8300
12,5431	-48,651	115,8350
12,5540	-48,654	115,8400
12,5429	-48,656	115,8450
12,5462	-48,658	115,8500
12,5570	-48,660	115,8550
12,5528	-48,662	115,8600
12,5451	-48,664	115,8650
12,5609	-48,666	115,8700
12,5546	-48,668	115,8750
12,5452	-48,670	115,8800
12,5485	-48,672	115,8850
12,5500	-48,675	115,8900
12,5444	-48,677	115,8950
12,5588	-48,679	115,9000
12,5642	-48,681	115,9050
12,5495	-48,683	115,9100
12,5527	-48,685	115,9150
12,5577	-48,687	115,9200
12,5549	-48,689	115,9250
12,5552	-48,691	115,9300
12,5626	-48,693	115,9350
12,5593	-48,696	115,9400
12,5589	-48,698	115,9450
12,5665	-48,700	115,9500
12,5585	-48,702	115,9550
12,5553	-48,704	115,9600
12,5629	-48,706	115,9650
12,5614	-48,708	115,9700
12,5596	-48,710	115,9750
12,5534	-48,712	115,9800
12,5592	-48,714	115,9850
12,5555	-48,717	115,9900
12,5620	-48,719	115,9950
12,5637	-48,721	116,0000
12,5624	-48,723	116,0050
12,5697	-48,725	116,0100
12,5728	-48,727	116,0150
12,5653	-48,729	116,0200
12,5635	-48,731	116,0250
12,5735	-48,733	116,0300
12,5662	-48,735	116,0350
12,5650	-48,738	116,0400
12,5753	-48,740	116,0450
12,5713	-48,742	116,0500
12,5609	-48,744	116,0550
12,5668	-48,746	116,0600
12,5670	-48,748	116,0650
12,5637	-48,750	116,0700
12,5687	-48,752	116,0750
12,5738	-48,754	116,0800
12,5663	-48,756	116,0850
12,5693	-48,759	116,0900
12,5778	-48,761	116,0950
12,5726	-48,763	116,1000
12,5699	-48,765	116,1050
12,5741	-48,767	116,1100
12,5715	-48,769	116,1150
12,5682	-48,771	116,1200
12,5758	-48,773	116,1250
12,5715	-48,775	116,1300
12,5708	-48,777	116,1350
12,5786	-48,780	116,1400
12,5725	-48,782	116,1450
12,5649	-48,784	116,1500
12,5792	-48,786	116,1550
12,5869	-48,788	116,1600
12,5846	-48,790	116,1650
12,5833	-48,792	116,1700
12,5833	-48,794	116,1750
12,5748	-48,796	116,1800
12,5794	-48,798	116,1850
12,5868	-48,801	116,1900
12,5803	-48,803	116,1950
12,5812	-48,805	116,2000
12,5851	-48,807	116,2050
12,5768	-48,809	116,2100
12,5746	-48,811	116,2150
12,5802	-48,813	116,2200
12,5802	-48,815	116,2250
12,5760	-48,817	116,2300
12,5839	-48,819	116,2350
12,5843	-48,822	116,2400
12,5848	-48,824	116,2450
12,5924	-48,826	116,2500
12,5898	-48,828	116,2550
12,5922	-48,830	116,2600
12,5948	-48,832	116,2650
12,5960	-48,834	116,2700
12,5875	-48,836	116,2750
12,5876	-48,838	116,2800
12,5859	-48,840	116,2850
12,5800	-48,843	116,2900
12,5858	-48,845	116,2950
12,5970	-48,847	116,3000
12,5922	-48,849	116,3050
12,5843	-48,851	116,3100
12,5904	-48,853	116,3150
12,5888	-48,855	116,3200
12,5888	-48,857	116,3250
12,5938	-48,859	116,3300
12,5921	-48,861	116,3350
12,5840	-48,864	116,3400
12,5960	-48,866	116,3450
12,5999	-48,868	116,3500
12,5957	-48,870	116,3550
12,6009	-48,872	116,3600
12,6033	-48,874	116,3650
12,5936	-48,876	116,3700
12,6050	-48,878	116,3750
12,6155	-48,880	116,3800
12,6041	-48,882	116,3850
12,5971	-48,885	116,3900
12,6026	-48,887	116,3950
12,6066	-48,889	116,4000
12,6003	-48,891	116,4050
12,6061	-48,893	116,4100
12,6026	-48,895	116,4150
12,5949	-48,897	116,4200
12,6055	-48,899	116,4250
12,6098	-48,901	116,4300
12,6036	-48,903	116,4350
12,6183	-48,906	116,4400
12,6179	-48,908	116,4450
12,6154	-48,910	116,4500
12,6140	-48,912	116,4550
12,6143	-48,914	116,4600
12,5998	-48,916	116,4650
12,6055	-48,918	116,4700
12,6122	-48,920	116,4750
12,6101	-48,922	116,4800
12,6091	-48,924	116,4850
12,6086	-48,927	116,4900
12,6033	-48,929	116,4950
12,6056	-48,931	116,5000
12,6182	-48,933	116,5050
12,6222	-48,935	116,5100
12,6169	-48,937	116,5150
12,6267	-48,939	116,5200
12,6283	-48,941	116,5250
12,6143	-48,943	116,5300
12,6178	-48,945	116,5350
12,6193	-48,948	116,5400
12,6194	-48,950	116,5450
12,6202	-48,952	116,5500
12,6254	-48,954	116,5550
12,6144	-48,956	116,5600
12,6150	-48,958	116,5650
12,6260	-48,960	116,5700
12,6219	-48,962	116,5750
12,6250	-48,964	116,5800
12,6298	-48,966	116,5850
12,6236	-48,969	116,5900
12,6204	-48,971	116,5950
12,6226	-48,973	116,6000
12,6229	-48,975	116,6050
12,6255	-48,977	116,6100
12,6335	-48,979	116,6150
12,6337	-48,981	116,6200
12,6271	-48,983	116,6250
12,6328	-48,985	116,6300
12,6391	-48,987	116,6350
12,6461	-48,990	116,6400
12,6486	-48,992	116,6450
12,6444	-48,994	116,6500
12,6362	-48,996	116,6550
12,6400	-48,998	116,6600
12,6438	-49,000	116,6650
12,6320	-49,002	116,6700
12,6288	-49,004	116,6750
12,6388	-49,006	116,6800
12,6350	-49,008	116,6850
12,6265	-49,011	116,6900
12,6278	-49,013	116,6950
12,6311	-49,015	116,7000
12,6315	-49,017	116,7050
12,6411	-49,019	116,7100
12,6413	-49,021	116,7150
12,6348	-49,023	116,7200
12,6425	-49,025	116,7250
12,6506	-49,027	116,7300
12,6422	-49,029	116,7350
12,6432	-49,032	116,7400
12,6524	-49,034	116,7450
12,6469	-49,036	116,7500
12,6494	-49,038	116,7550
12,6508	-49,040	116,7600
12,6396	-49,042	116,7650
12,6424	-49,044	116,7700
12,6613	-49,046	116,7750
12,6558	-49,048	116,7800
12,6506	-49,050	116,7850
12,6553	-49,053	116,7900
12,6511	-49,055	116,7950
12,6374	-49,057	116,8000
12,6436	-49,059	116,8050
12,6484	-49,061	116,8100
12,6406	-49,063	116,8150
12,6488	-49,065	116,8200
12,6522	-49,067	116,8250
12,6492	-49,069	116,8300
12,6488	-49,071	116,8350
12,6616	-49,074	116,8400
12,6545	-49,076	116,8450
12,6444	-49,078	116,8500
12,6503	-49,080	116,8550
12,6511	-49,082	116,8600
12,6492	-49,084	116,8650
12,6616	-49,086	116,8700
12,6563	-49,088	116,8750
12,6525	-49,090	116,8800
12,6576	-49,092	116,8850
12,6569	-49,095	116,8900
12,6473	-49,097	116,8950
12,6575	-49,099	116,9000
12,6665	-49,101	116,9050
12,6599	-49,103	116,9100
12,6586	-49,105	116,9150
12,6596	-49,107	116,9200
12,6640	-49,109	116,9250
12,6668	-49,111	116,9300
12,6801	-49,113	116,9350
12,6688	-49,116	116,9400
12,6640	-49,118	116,9450
12,6707	-49,120	116,9500
12,6681	-49,122	116,9550
12,6702	-49,124	116,9600
12,6827	-49,126	116,9650
12,6704	-49,128	116,9700
12,6601	-49,130	116,9750
12,6688	-49,132	116,9800
12,6776	-49,134	116,9850
12,6735	-49,137	116,9900
12,6779	-49,139	116,9950
12,6727	-49,141	117,0000
12,6616	-49,143	117,0050
12,6685	-49,145	117,0100
12,6734	-49,147	117,0150
12,6663	-49,149	117,0200
12,6678	-49,151	117,0250
12,6776	-49,153	117,0300
12,6779	-49,155	117,0350
12,6781	-49,158	117,0400
12,6810	-49,160	117,0450
12,6798	-49,162	117,0500
12,6813	-49,164	117,0550
12,6881	-49,166	117,0600
12,6825	-49,168	117,0650
12,6757	-49,170	117,0700
12,6787	-49,172	117,0750
12,6913	-49,174	117,0800
12,6868	-49,176	117,0850
12,6872	-49,179	117,0900
12,6862	-49,181	117,0950
12,6756	-49,183	117,1000
12,6854	-49,185	117,1050
12,6983	-49,187	117,1100
12,6928	-49,189	117,1150
12,6888	-49,191	117,1200
12,6875	-49,193	117,1250
12,6837	-49,195	117,1300
12,6839	-49,197	117,1350
12,6908	-49,200	117,1400
12,6907	-49,202	117,1450
12,6841	-49,204	117,1500
12,6896	-49,206	117,1550
12,6890	-49,208	117,1600
12,6871	-49,210	117,1650
12,6932	-49,212	117,1700
12,6962	-49,214	117,1750
12,6901	-49,216	117,1800
12,7002	-49,218	117,1850
12,7080	-49,221	117,1900
12,6964	-49,223	117,1950
12,6942	-49,225	117,2000
12,6971	-49,227	117,2050
12,6935	-49,229	117,2100
12,6911	-49,231	117,2150
12,7021	-49,233	117,2200
12,6930	-49,235	117,2250
12,6877	-49,237	117,2300
12,7013	-49,239	117,2350
12,7018	-49,242	117,2400
12,6972	-49,244	117,2450
12,7085	-49,246	117,2500
12,7079	-49,248	117,2550
12,7055	-49,250	117,2600
12,7069	-49,252	117,2650
12,7042	-49,254	117,2700
12,7055	-49,256	117,2750
12,7095	-49,258	117,2800
12,7031	-49,260	117,2850
12,6973	-49,263	117,2900
12,7031	-49,265	117,2950
12,7143	-49,267	117,3000
12,7049	-49,269	117,3050
12,6988	-49,271	117,3100
12,7124	-49,273	117,3150
12,7140	-49,275	117,3200
12,7120	-49,277	117,3250
12,7156	-49,279	117,3300
12,7094	-49,281	117,3350
12,7110	-49,284	117,3400
12,7182	-49,286	117,3450
12,7153	-49,288	117,3500
12,7072	-49,290	117,3550
12,7121	-49,292	117,3600
12,7203	-49,294	117,3650
12,7129	-49,296	117,3700
12,7148	-49,298	117,3750
12,7238	-49,300	117,3800
12,7167	-49,302	117,3850
12,7088	-49,305	117,3900
12,7178	-49,307	117,3950
12,7168	-49,309	117,4000
12,7126	-49,311	117,4050
12,7267	-49,313	117,4100
12,7307	-49,315	117,4150
12,7184	-49,317	117,4200
12,7199	-49,319	117,4250
12,7162	-49,321	117,4300
12,7131	-49,323	117,4350
12,7251	-49,326	117,4400
12,7265	-49,328	117,4450
12,7211	-49,330	117,4500
12,7199	-49,332	117,4550
12,7302	-49,334	117,4600
12,7279	-49,336	117,4650
12,7300	-49,338	117,4700
12,7263	-49,340	117,4750
12,7203	-49,342	117,4800
12,7202	-49,344	117,4850
12,7304	-49,347	117,4900
12,7280	-49,349	117,4950
12,7271	-49,351	117,5000
12,7373	-49,353	117,5050
12,7334	-49,355	117,5100
12,7245	-49,357	117,5150
12,7321	-49,359	117,5200
12,7359	-49,361	117,5250
12,7330	-49,363	117,5300
12,7408	-49,365	117,5350
12,7374	-49,368	117,5400
12,7298	-49,370	117,5450
12,7285	-49,372	117,5500
12,7346	-49,374	117,5550
12,7296	-49,376	117,5600
12,7290	-49,378	117,5650
12,7342	-49,380	117,5700
12,7303	-49,382	117,5750
12,7346	-49,384	117,5800
12,7404	-49,386	117,5850
12,7388	-49,389	117,5900
12,7386	-49,391	117,5950
12,7397	-49,393	117,6000
12,7356	-49,395	117,6050
12,7318	-49,397	117,6100
12,7414	-49,399	117,6150
12,7391	-49,401	117,6200
12,7353	-49,403	117,6250
12,7451	-49,405	117,6300
12,7501	-49,407	117,6350
12,7494	-49,410	117,6400
12,7444	-49,412	117,6450
12,7472	-49,414	117,6500
12,7493	-49,416	117,6550
12,7583	-49,418	117,6600
12,7536	-49,420	117,6650
12,7429	-49,422	117,6700
12,7422	-49,424	117,6750
12,7524	-49,426	117,6800
12,7553	-49,428	117,6850
12,7535	-49,431	117,6900
12,7537	-49,433	117,6950
12,7556	-49,435	117,7000
12,7486	-49,437	117,7050
12,7569	-49,439	117,7100
12,7578	-49,441	117,7150
12,7465	-49,443	117,7200
12,7566	-49,445	117,7250
12,7657	-49,447	117,7300
12,7577	-49,449	117,7350
12,7521	-49,452	117,7400
12,7589	-49,454	117,7450
12,7521	-49,456	117,7500
12,7508	-49,458	117,7550
12,7558	-49,460	117,7600
12,7537	-49,462	117,7650
12,7569	-49,464	117,7700
12,7675	-49,466	117,7750
12,7605	-49,468	117,7800
12,7590	-49,470	117,7850
12,7723	-49,473	117,7900
12,7662	-49,475	117,7950
12,7575	-49,477	117,8000
12,7695	-49,479	117,8050
12,7676	-49,481	117,8100
12,7579	-49,483	117,8150
12,7665	-49,485	117,8200
12,7678	-49,487	117,8250
12,7617	-49,489	117,8300
12,7656	-49,491	117,8350
12,7798	-49,494	117,8400
12,7730	-49,496	117,8450
12,7660	-49,498	117,8500
12,7747	-49,500	117,8550
12,7771	-49,502	117,8600
12,7725	-49,504	117,8650
12,7720	-49,506	117,8700
12,7709	-49,508	117,8750
12,7730	-49,510	117,8800
12,7803	-49,512	117,8850
12,7773	-49,515	117,8900
12,7704	-49,517	117,8950
12,7682	-49,519	117,9000
12,7734	-49,521	117,9050
12,7762	-49,523	117,9100
12,7818	-49,525	117,9150
12,7772	-49,527	117,9200
12,7677	-49,529	117,9250
12,7710	-49,531	117,9300
12,7820	-49,533	117,9350
12,7859	-49,536	117,9400
12,7900	-49,538	117,9450
12,7925	-49,540	117,9500
12,7812	-49,542	117,9550
12,7801	-49,544	117,9600
12,7897	-49,546	117,9650
12,7904	-49,548	117,9700
12,7844	-49,550	117,9750
12,7886	-49,552	117,9800
12,7877	-49,554	117,9850
12,7802	-49,557	117,9900
12,7878	-49,559	117,9950
12,7863	-49,561	118,0000
12,7819	-49,563	118,0050
12,7908	-49,565	118,0100
12,7929	-49,567	118,0150
12,7860	-49,569	118,0200
12,7836	-49,571	118,0250
12,7963	-49,573	118,0300
12,7939	-49,575	118,0350
12,7904	-49,578	118,0400
12,7968	-49,580	118,0450
12,7963	-49,582	118,0500
12,7949	-49,584	118,0550
12,8004	-49,586	118,0600
12,7981	-49,588	118,0650
12,7949	-49,590	118,0700
12,8001	-49,592	118,0750
12,8026	-49,594	118,0800
12,7959	-49,596	118,0850
12,8013	-49,599	118,0900
12,8056	-49,601	118,0950
12,7962	-49,603	118,1000
12,7954	-49,605	118,1050
12,7987	-49,607	118,1100
12,7945	-49,609	118,1150
12,7940	-49,611	118,1200
12,8029	-49,613	118,1250
12,8002	-49,615	118,1300
12,7996	-49,617	118,1350
12,8069	-49,620	118,1400
12,8070	-49,622	118,1450
12,7971	-49,624	118,1500
12,8033	-49,626	118,1550
12,8026	-49,628	118,1600
12,7963	-49,630	118,1650
12,7973	-49,632	118,1700
12,8011	-49,634	118,1750
12,8044	-49,636	118,1800
12,8088	-49,638	118,1850
12,8101	-49,641	118,1900
12,7995	-49,643	118,1950
12,8015	-49,645	118,2000
12,8134	-49,647	118,2050
12,8080	-49,649	118,2100
12,8023	-49,651	118,2150
12,8090	-49,653	118,2200
12,8072	-49,655	118,2250
12,8142	-49,657	118,2300
12,8215	-49,659	118,2350
12,8183	-49,662	118,2400
12,8129	-49,664	118,2450
12,8178	-49,666	118,2500
12,8198	-49,668	118,2550
12,8203	-49,670	118,2600
12,8193	-49,672	118,2650
12,8233	-49,674	118,2700
12,8160	-49,676	118,2750
12,8225	-49,678	118,2800
12,8278	-49,680	118,2850
12,8146	-49,683	118,2900
12,8188	-49,685	118,2950
12,8276	-49,687	118,3000
12,8198	-49,689	118,3050
12,8169	-49,691	118,3100
12,8273	-49,693	118,3150
12,8214	-49,695	118,3200
12,8162	-49,697	118,3250
12,8219	-49,699	118,3300
12,8176	-49,701	118,3350
12,8100	-49,704	118,3400
12,8306	-49,706	118,3450
12,8423	-49,708	118,3500
12,8324	-49,710	118,3550
12,8216	-49,712	118,3600
12,8294	-49,714	118,3650
12,8244	-49,716	118,3700
12,8272	-49,718	118,3750
12,8292	-49,720	118,3800
12,8268	-49,722	118,3850
12,8255	-49,725	118,3900
12,8293	-49,727	118,3950
12,8239	-49,729	118,4000
12,8243	-49,731	118,4050
12,8336	-49,733	118,4100
12,8306	-49,735	118,4150
12,8271	-49,737	118,4200
12,8342	-49,739	118,4250
12,8303	-49,741	118,4300
12,8326	-49,743	118,4350
12,8474	-49,746	118,4400
12,8453	-49,748	118,4450
12,8355	-49,750	118,4500
12,8286	-49,752	118,4550
12,8330	-49,754	118,4600
12,8300	-49,756	118,4650
12,8383	-49,758	118,4700
12,8400	-49,760	118,4750
12,8356	-49,762	118,4800
12,8436	-49,764	118,4850
12,8538	-49,767	118,4900
12,8465	-49,769	118,4950
12,8441	-49,771	118,5000
12,8540	-49,773	118,5050
12,8522	-49,775	118,5100
12,8370	-49,777	118,5150
12,8467	-49,779	118,5200
12,8489	-49,781	118,5250
12,8406	-49,783	118,5300
12,8489	-49,785	118,5350
12,8499	-49,788	118,5400
12,8454	-49,790	118,5450
12,8483	-49,792	118,5500
12,8497	-49,794	118,5550
12,8396	-49,796	118,5600
12,8385	-49,798	118,5650
12,8451	-49,800	118,5700
12,8465	-49,802	118,5750
12,8534	-49,804	118,5800
12,8633	-49,806	118,5850
12,8553	-49,809	118,5900
12,8475	-49,811	118,5950
12,8561	-49,813	118,6000
12,8563	-49,815	118,6050
12,8467	-49,817	118,6100
12,8557	-49,819	118,6150
12,8519	-49,821	118,6200
12,8454	-49,823	118,6250
12,8546	-49,825	118,6300
12,8596	-49,827	118,6350
12,8590	-49,830	118,6400
12,8599	-49,832	118,6450
12,8635	-49,834	118,6500
12,8574	-49,836	118,6550
12,8602	-49,838	118,6600
12,8624	-49,840	118,6650
12,8602	-49,842	118,6700
12,8684	-49,844	118,6750
12,8743	-49,846	118,6800
12,8677	-49,848	118,6850
12,8656	-49,851	118,6900
12,8697	-49,853	118,6950
12,8715	-49,855	118,7000
12,8701	-49,857	118,7050
12,8779	-49,859	118,7100
12,8715	-49,861	118,7150
12,8612	-49,863	118,7200
12,8646	-49,865	118,7250
12,8646	-49,867	118,7300
12,8686	-49,869	118,7350
12,8688	-49,872	118,7400
12,8767	-49,874	118,7450
12,8655	-49,876	118,7500
12,8681	-49,878	118,7550
12,8775	-49,880	118,7600
12,8682	-49,882	118,7650
12,8622	-49,884	118,7700
12,8728	-49,886	118,7750
12,8786	-49,888	118,7800
12,8726	-49,890	118,7850
12,8726	-49,893	118,7900
12,8771	-49,895	118,7950
12,8761	-49,897	118,8000
12,8893	-49,899	118,8050
12,8845	-49,901	118,8100
12,8645	-49,903	118,8150
12,8691	-49,905	118,8200
12,8782	-49,907	118,8250
12,8837	-49,909	118,8300
12,8864	-49,911	118,8350
12,8900	-49,914	118,8400
12,8790	-49,916	118,8450
12,8799	-49,918	118,8500
12,8887	-49,920	118,8550
12,8799	-49,922	118,8600
12,8760	-49,924	118,8650
12,8820	-49,926	118,8700
12,8769	-49,928	118,8750
12,8768	-49,930	118,8800
12,8859	-49,932	118,8850
12,8854	-49,935	118,8900
12,8811	-49,937	118,8950
12,8957	-49,939	118,9000
12,8990	-49,941	118,9050
12,8815	-49,943	118,9100
12,8855	-49,945	118,9150
12,8878	-49,947	118,9200
12,8856	-49,949	118,9250
12,8860	-49,951	118,9300
12,8988	-49,953	118,9350
12,8931	-49,956	118,9400
12,8907	-49,958	118,9450
12,8993	-49,960	118,9500
12,8941	-49,962	118,9550
12,8841	-49,964	118,9600
12,8935	-49,966	118,9650
12,8999	-49,968	118,9700
12,8968	-49,970	118,9750
12,9031	-49,972	118,9800
12,9054	-49,974	118,9850
12,8958	-49,977	118,9900
12,9007	-49,979	118,9950
12,9049	-49,981	119,0000
12,8944	-49,983	119,0050
12,8994	-49,985	119,0100
12,9032	-49,987	119,0150
12,9017	-49,989	119,0200
12,9019	-49,991	119,0250
12,9090	-49,993	119,0300
12,9037	-49,995	119,0350
12,8973	-49,998	119,0400
12,9067	-50,000	119,0450
12,9089	-50,002	119,0500
12,9044	-50,004	119,0550
12,9148	-50,006	119,0600
12,9111	-50,008	119,0650
12,9053	-50,010	119,0700
12,9074	-50,012	119,0750
12,9044	-50,014	119,0800
12,8946	-50,016	119,0850
12,8989	-50,019	119,0900
12,9046	-50,021	119,0950
12,9027	-50,023	119,1000
12,9072	-50,025	119,1050
12,9122	-50,027	119,1100
12,9081	-50,029	119,1150
12,9123	-50,031	119,1200
12,9260	-50,033	119,1250
12,9193	-50,035	119,1300
12,9077	-50,037	119,1350
12,9155	-50,040	119,1400
12,9135	-50,042	119,1450
12,9108	-50,044	119,1500
12,9205	-50,046	119,1550
12,9200	-50,048	119,1600
12,9159	-50,050	119,1650
12,9183	-50,052	119,1700
12,9253	-50,054	119,1750
12,9236	-50,056	119,1800
12,9269	-50,058	119,1850
12,9222	-50,061	119,1900
12,9081	-50,063	119,1950
12,9126	-50,065	119,2000
12,9243	-50,067	119,2050
12,9267	-50,069	119,2100
12,9277	-50,071	119,2150
12,9277	-50,073	119,2200
12,9226	-50,075	119,2250
12,9268	-50,077	119,2300
12,9344	-50,079	119,2350
12,9277	-50,082	119,2400
12,9274	-50,084	119,2450
12,9366	-50,086	119,2500
12,9312	-50,088	119,2550
12,9249	-50,090	119,2600
12,9236	-50,092	119,2650
12,9285	-50,094	119,2700
12,9280	-50,096	119,2750
12,9414	-50,098	119,2800
12,9458	-50,100	119,2850
12,9372	-50,103	119,2900
12,9336	-50,105	119,2950
12,9390	-50,107	119,3000
12,9381	-50,109	119,3050
12,9337	-50,111	119,3100
12,9362	-50,113	119,3150
12,9289	-50,115	119,3200
12,9274	-50,117	119,3250
12,9326	-50,119	119,3300
12,9328	-50,121	119,3350
12,9309	-50,124	119,3400
12,9398	-50,126	119,3450
12,9432	-50,128	119,3500
12,9390	-50,130	119,3550
12,9398	-50,132	119,3600
12,9443	-50,134	119,3650
12,9373	-50,136	119,3700
12,9423	-50,138	119,3750
12,9466	-50,140	119,3800
12,9430	-50,142	119,3850
12,9422	-50,145	119,3900
12,9499	-50,147	119,3950
12,9446	-50,149	119,4000
12,9423	-50,151	119,4050
12,9446	-50,153	119,4100
12,9440	-50,155	119,4150
12,9414	-50,157	119,4200
12,9513	-50,159	119,4250
12,9512	-50,161	119,4300
12,9412	-50,163	119,4350
12,9494	-50,166	119,4400
12,9532	-50,168	119,4450
12,9520	-50,170	119,4500
12,9589	-50,172	119,4550
12,9639	-50,174	119,4600
12,9557	-50,176	119,4650
12,9524	-50,178	119,4700
12,9566	-50,180	119,4750
12,9494	-50,182	119,4800
12,9520	-50,184	119,4850
12,9619	-50,187	119,4900
12,9600	-50,189	119,4950
12,9556	-50,191	119,5000
12,9673	-50,193	119,5050
12,9624	-50,195	119,5100
12,9557	-50,197	119,5150
12,9624	-50,199	119,5200
12,9616	-50,201	119,5250
12,9584	-50,203	119,5300
12,9621	-50,205	119,5350
12,9637	-50,208	119,5400
12,9633	-50,210	119,5450
12,9585	-50,212	119,5500
12,9633	-50,214	119,5550
12,9635	-50,216	119,5600
12,9713	-50,218	119,5650
12,9776	-50,220	119,5700
12,9652	-50,222	119,5750
12,9526	-50,224	119,5800
12,9623	-50,226	119,5850
12,9613	-50,229	119,5900
12,9562	-50,231	119,5950
12,9651	-50,233	119,6000
12,9663	-50,235	119,6050
12,9570	-50,237	119,6100
12,9665	-50,239	119,6150
12,9650	-50,241	119,6200
12,9588	-50,243	119,6250
12,9679	-50,245	119,6300
12,9711	-50,247	119,6350
12,9683	-50,250	119,6400
12,9680	-50,252	119,6450
12,9740	-50,254	119,6500
12,9733	-50,256	119,6550
12,9782	-50,258	119,6600
12,9828	-50,260	119,6650
12,9766	-50,262	119,6700
12,9751	-50,264	119,6750
12,9850	-50,266	119,6800
12,9812	-50,268	119,6850
12,9692	-50,271	119,6900
12,9794	-50,273	119,6950
12,9865	-50,275	119,7000
12,9783	-50,277	119,7050
12,9829	-50,279	119,7100
12,9862	-50,281	119,7150
12,9826	-50,283	119,7200
12,9860	-50,285	119,7250
12,9801	-50,287	119,7300
12,9752	-50,289	119,7350
12,9770	-50,292	119,7400
12,9830	-50,294	119,7450
12,9776	-50,296	119,7500
12,9870	-50,298	119,7550
12,9948	-50,300	119,7600
12,9912	-50,302	119,7650
12,9843	-50,304	119,7700
12,9905	-50,306	119,7750
12,9921	-50,308	119,7800
12,9813	-50,310	119,7850
12,9852	-50,313	119,7900
12,9863	-50,315	119,7950
12,9742	-50,317	119,8000
12,9815	-50,319	119,8050
12,9856	-50,321	119,8100
12,9863	-50,323	119,8150
12,9883	-50,325	119,8200
12,9898	-50,327	119,8250
12,9878	-50,329	119,8300
12,9925	-50,331	119,8350
12,9988	-50,334	119,8400
12,9931	-50,336	119,8450
12,9930	-50,338	119,8500
12,9996	-50,340	119,8550
12,9988	-50,342	119,8600
12,9991	-50,344	119,8650
13,0086	-50,346	119,8700
13,0080	-50,348	119,8750
13,0030	-50,350	119,8800
13,0027	-50,352	119,8850
12,9996	-50,355	119,8900
12,9941	-50,357	119,8950
12,9985	-50,359	119,9000
12,9996	-50,361	119,9050
12,9935	-50,363	119,9100
13,0035	-50,365	119,9150
13,0101	-50,367	119,9200
13,0051	-50,369	119,9250
13,0016	-50,371	119,9300
13,0066	-50,373	119,9350
13,0056	-50,376	119,9400
13,0078	-50,378	119,9450
13,0110	-50,380	119,9500
12,9974	-50,382	119,9550
13,0010	-50,384	119,9600
13,0117	-50,386	119,9650
13,0102	-50,388	119,9700
13,0136	-50,390	119,9750
13,0211	-50,392	119,9800
13,0208	-50,394	119,9850
13,0121	-50,397	119,9900
13,0165	-50,399	119,9950
13,0170	-50,401	120,0000
13,0102	-50,403	120,0050
13,0131	-50,405	120,0100
13,0222	-50,407	120,0150
13,0137	-50,409	120,0200
13,0130	-50,411	120,0250
13,0263	-50,413	120,0300
13,0202	-50,415	120,0350
13,0108	-50,418	120,0400
13,0144	-50,420	120,0450
13,0120	-50,422	120,0500
13,0115	-50,424	120,0550
13,0243	-50,426	120,0600
13,0182	-50,428	120,0650
13,0123	-50,430	120,0700
13,0220	-50,432	120,0750
13,0289	-50,434	120,0800
13,0202	-50,436	120,0850
13,0211	-50,439	120,0900
13,0245	-50,441	120,0950
13,0207	-50,443	120,1000
13,0279	-50,445	120,1050
13,0373	-50,447	120,1100
13,0297	-50,449	120,1150
13,0268	-50,451	120,1200
13,0276	-50,453	120,1250
13,0203	-50,455	120,1300
13,0224	-50,457	120,1350
13,0338	-50,460	120,1400
13,0344	-50,462	120,1450
13,0270	-50,464	120,1500
13,0340	-50,466	120,1550
13,0338	-50,468	120,1600
13,0264	-50,470	120,1650
13,0323	-50,472	120,1700
13,0366	-50,474	120,1750
13,0229	-50,476	120,1800
13,0319	-50,478	120,1850
13,0349	-50,481	120,1900
13,0285	-50,483	120,1950
13,0386	-50,485	120,2000
13,0514	-50,487	120,2050
13,0407	-50,489	120,2100
13,0342	-50,491	120,2150
13,0416	-50,493	120,2200
13,0429	-50,495	120,2250
13,0441	-50,497	120,2300
13,0462	-50,499	120,2350
13,0372	-50,502	120,2400
13,0317	-50,504	120,2450
13,0463	-50,506	120,2500
13,0509	-50,508	120,2550
13,0471	-50,510	120,2600
13,0438	-50,512	120,2650
13,0465	-50,514	120,2700
13,0443	-50,516	120,2750
13,0527	-50,518	120,2800
13,0492	-50,520	120,2850
13,0437	-50,523	120,2900
13,0467	-50,525	120,2950
13,0482	-50,527	120,3000
13,0436	-50,529	120,3050
13,0475	-50,531	120,3100
13,0565	-50,533	120,3150
13,0574	-50,535	120,3200
13,0546	-50,537	120,3250
13,0609	-50,539	120,3300
13,0546	-50,541	120,3350
13,0428	-50,544	120,3400
13,0542	-50,546	120,3450
13,0579	-50,548	120,3500
13,0586	-50,550	120,3550
13,0582	-50,552	120,3600
13,0615	-50,554	120,3650
13,0600	-50,556	120,3700
13,0621	-50,558	120,3750
13,0636	-50,560	120,3800
13,0564	-50,562	120,3850
13,0550	-50,565	120,3900
13,0548	-50,567	120,3950
13,0518	-50,569	120,4000
13,0506	-50,571	120,4050
13,0631	-50,573	120,4100
13,0603	-50,575	120,4150
13,0597	-50,577	120,4200
13,0652	-50,579	120,4250
13,0585	-50,581	120,4300
13,0507	-50,583	120,4350
13,0670	-50,586	120,4400
13,0690	-50,588	120,4450
13,0637	-50,590	120,4500
13,0686	-50,592	120,4550
13,0759	-50,594	120,4600
13,0612	-50,596	120,4650
13,0634	-50,598	120,4700
13,0693	-50,600	120,4750
13,0642	-50,602	120,4800
13,0696	-50,604	120,4850
13,0759	-50,607	120,4900
13,0666	-50,609	120,4950
13,0583	-50,611	120,5000
13,0687	-50,613	120,5050
13,0706	-50,615	120,5100
13,0680	-50,617	120,5150
13,0743	-50,619	120,5200
13,0661	-50,621	120,5250
13,0620	-50,623	120,5300
13,0735	-50,625	120,5350
13,0786	-50,628	120,5400
13,0699	-50,630	120,5450
13,0716	-50,632	120,5500
13,0841	-50,634	120,5550
13,0748	-50,636	120,5600
13,0714	-50,638	120,5650
13,0807	-50,640	120,5700
13,0827	-50,642	120,5750
13,0813	-50,644	120,5800
13,0807	-50,646	120,5850
13,0775	-50,649	120,5900
13,0774	-50,651	120,5950
13,0862	-50,653	120,6000
13,0825	-50,655	120,6050
13,0738	-50,657	120,6100
13,0805	-50,659	120,6150
13,0809	-50,661	120,6200
13,0798	-50,663	120,6250
13,0870	-50,665	120,6300
13,0853	-50,667	120,6350
13,0855	-50,670	120,6400
13,0921	-50,672	120,6450
13,1002	-50,674	120,6500
13,0912	-50,676	120,6550
13,0909	-50,678	120,6600
13,0948	-50,680	120,6650
13,0851	-50,682	120,6700
13,0831	-50,684	120,6750
13,0904	-50,686	120,6800
13,0874	-50,688	120,6850
13,0838	-50,691	120,6900
13,0916	-50,693	120,6950
13,0895	-50,695	120,7000
13,0783	-50,697	120,7050
13,0896	-50,699	120,7100
13,0958	-50,701	120,7150
13,0912	-50,703	120,7200
13,0974	-50,705	120,7250
13,0990	-50,707	120,7300
13,0925	-50,709	120,7350
13,0953	-50,712	120,7400
13,1046	-50,714	120,7450
13,0976	-50,716	120,7500
13,1026	-50,718	120,7550
13,1135	-50,720	120,7600
13,1082	-50,722	120,7650
13,0966	-50,724	120,7700
13,1021	-50,726	120,7750
13,1049	-50,728	120,7800
13,1069	-50,730	120,7850
13,1122	-50,733	120,7900
13,1058	-50,735	120,7950
13,1014	-50,737	120,8000
13,1123	-50,739	120,8050
13,1146	-50,741	120,8100
13,0989	-50,743	120,8150
13,1015	-50,745	120,8200
13,1055	-50,747	120,8250
13,1045	-50,749	120,8300
13,1103	-50,751	120,8350
13,1164	-50,754	120,8400
13,1100	-50,756	120,8450
13,1117	-50,758	120,8500
13,1207	-50,760	120,8550
13,1115	-50,762	120,8600
13,1118	-50,764	120,8650
13,1216	-50,766	120,8700
13,1123	-50,768	120,8750
13,1048	-50,770	120,8800
13,1150	-50,772	120,8850
13,1174	-50,775	120,8900
13,1099	-50,777	120,8950
13,1202	-50,779	120,9000
13,1218	-50,781	120,9050
13,1190	-50,783	120,9100
13,1248	-50,785	120,9150
13,1190	-50,787	120,9200
13,1098	-50,789	120,9250
13,1084	-50,791	120,9300
13,1193	-50,793	120,9350
13,1163	-50,796	120,9400
13,1124	-50,798	120,9450
13,1189	-50,800	120,9500
13,1189	-50,802	120,9550
13,1174	-50,804	120,9600
13,1250	-50,806	120,9650
13,1273	-50,808	120,9700
13,1177	-50,810	120,9750
13,1231	-50,812	120,9800
13,1267	-50,814	120,9850
13,1229	-50,817	120,9900
13,1336	-50,819	120,9950
13,1386	-50,821	121,0000
13,1283	-50,823	121,0050
13,1252	-50,825	121,0100
13,1298	-50,827	121,0150
13,1276	-50,829	121,0200
13,1294	-50,831	121,0250
13,1346	-50,833	121,0300
13,1296	-50,835	121,0350
13,1253	-50,838	121,0400
13,1311	-50,840	121,0450
13,1338	-50,842	121,0500
13,1398	-50,844	121,0550
13,1498	-50,846	121,0600
13,1431	-50,848	121,0650
13,1357	-50,850	121,0700
13,1387	-50,852	121,0750
13,1420	-50,854	121,0800
13,1383	-50,856	121,0850
13,1400	-50,859	121,0900
13,1375	-50,861	121,0950
13,1267	-50,863	121,1000
13,1322	-50,865	121,1050
13,1432	-50,867	121,1100
13,1369	-50,869	121,1150
13,1335	-50,871	121,1200
13,1423	-50,873	121,1250
13,1464	-50,875	121,1300
13,1428	-50,877	121,1350
13,1512	-50,880	121,1400
13,1446	-50,882	121,1450
13,1370	-50,884	121,1500
13,1470	-50,886	121,1550
13,1470	-50,888	121,1600
13,1409	-50,890	121,1650
13,1475	-50,892	121,1700
13,1538	-50,894	121,1750
13,1502	-50,896	121,1800
13,1528	-50,898	121,1850
13,1485	-50,901	121,1900
13,1390	-50,903	121,1950
13,1453	-50,905	121,2000
13,1588	-50,907	121,2050
13,1582	-50,909	121,2100
13,1586	-50,911	121,2150
13,1645	-50,913	121,2200
13,1611	-50,915	121,2250
13,1574	-50,917	121,2300
13,1521	-50,919	121,2350
13,1434	-50,922	121,2400
13,1443	-50,924	121,2450
13,1633	-50,926	121,2500
13,1629	-50,928	121,2550
13,1579	-50,930	121,2600
13,1630	-50,932	121,2650
13,1615	-50,934	121,2700
13,1481	-50,936	121,2750
13,1587	-50,938	121,2800
13,1640	-50,940	121,2850
13,1541	-50,943	121,2900
13,1563	-50,945	121,2950
13,1630	-50,947	121,3000
13,1651	-50,949	121,3050
13,1595	-50,951	121,3100
13,1575	-50,953	121,3150
13,1524	-50,955	121,3200
13,1532	-50,957	121,3250
13,1624	-50,959	121,3300
13,1620	-50,961	121,3350
13,1551	-50,964	121,3400
13,1716	-50,966	121,3450
13,1706	-50,968	121,3500
13,1548	-50,970	121,3550
13,1520	-50,972	121,3600
13,1652	-50,974	121,3650
13,1610	-50,976	121,3700
13,1618	-50,978	121,3750
13,1662	-50,980	121,3800
13,1647	-50,982	121,3850
13,1688	-50,985	121,3900
13,1738	-50,987	121,3950
13,1685	-50,989	121,4000
13,1634	-50,991	121,4050
13,1737	-50,993	121,4100
13,1676	-50,995	121,4150
13,1630	-50,997	121,4200
13,1767	-50,999	121,4250
13,1747	-51,001	121,4300
13,1687	-51,003	121,4350
13,1734	-51,006	121,4400
13,1726	-51,008	121,4450
13,1607	-51,010	121,4500
13,1673	-51,012	121,4550
13,1773	-51,014	121,4600
13,1717	-51,016	121,4650
13,1755	-51,018	121,4700
13,1806	-51,020	121,4750
13,1783	-51,022	121,4800
13,1779	-51,024	121,4850
13,1785	-51,027	121,4900
13,1789	-51,029	121,4950
13,1761	-51,031	121,5000
13,1787	-51,033	121,5050
13,1799	-51,035	121,5100
13,1772	-51,037	121,5150
13,1862	-51,039	121,5200
13,1896	-51,041	121,5250
13,1834	-51,043	121,5300
13,1912	-51,045	121,5350
13,1915	-51,048	121,5400
13,1864	-51,050	121,5450
13,1848	-51,052	121,5500
13,1881	-51,054	121,5550
13,1840	-51,056	121,5600
13,1893	-51,058	121,5650
13,1960	-51,060	121,5700
13,1857	-51,062	121,5750
13,1842	-51,064	121,5800
13,1909	-51,066	121,5850
13,1929	-51,069	121,5900
13,1893	-51,071	121,5950
13,1901	-51,073	121,6000
13,1908	-51,075	121,6050
13,1896	-51,077	121,6100
13,1967	-51,079	121,6150
13,1948	-51,081	121,6200
13,1876	-51,083	121,6250
13,1992	-51,085	121,6300
13,2077	-51,087	121,6350
13,1998	-51,090	121,6400
13,1962	-51,092	121,6450
13,1986	-51,094	121,6500
13,1907	-51,096	121,6550
13,1941	-51,098	121,6600
13,2045	-51,100	121,6650
13,2018	-51,102	121,6700
13,1959	-51,104	121,6750
13,2037	-51,106	121,6800
13,2043	-51,108	121,6850
13,2057	-51,111	121,6900
13,2106	-51,113	121,6950
13,2110	-51,115	121,7000
13,2039	-51,117	121,7050
13,2072	-51,119	121,7100
13,2022	-51,121	121,7150
13,1995	-51,123	121,7200
13,2091	-51,125	121,7250
13,2075	-51,127	121,7300
13,2047	-51,129	121,7350
13,2067	-51,132	121,7400
13,2091	-51,134	121,7450
13,1998	-51,136	121,7500
13,2022	-51,138	121,7550
13,2127	-51,140	121,7600
13,2069	-51,142	121,7650
13,2066	-51,144	121,7700
13,2206	-51,146	121,7750
13,2143	-51,148	121,7800
13,2129	-51,150	121,7850
13,2168	-51,153	121,7900
13,2170	-51,155	121,7950
13,2118	-51,157	121,8000
13,2137	-51,159	121,8050
13,2102	-51,161	121,8100
13,1981	-51,163	121,8150
13,2108	-51,165	121,8200
13,2212	-51,167	121,8250
13,2212	-51,169	121,8300
13,2210	-51,171	121,8350
13,2235	-51,174	121,8400
13,2147	-51,176	121,8450
13,2153	-51,178	121,8500
13,2253	-51,180	121,8550
13,2206	-51,182	121,8600
13,2112	-51,184	121,8650
13,2197	-51,186	121,8700
13,2195	-51,188	121,8750
13,2195	-51,190	121,8800
13,2252	-51,192	121,8850
13,2269	-51,195	121,8900
13,2218	-51,197	121,8950
13,2241	-51,199	121,9000
13,2229	-51,201	121,9050
13,2202	-51,203	121,9100
13,2223	-51,205	121,9150
13,2260	-51,207	121,9200
13,2288	-51,209	121,9250
13,2282	-51,211	121,9300
13,2331	-51,213	121,9350
13,2256	-51,216	121,9400
13,2230	-51,218	121,9450
13,2274	-51,220	121,9500
13,2231	-51,222	121,9550
13,2209	-51,224	121,9600
13,2345	-51,226	121,9650
13,2390	-51,228	121,9700
13,2372	-51,230	121,9750
13,2421	-51,232	121,9800
13,2441	-51,234	121,9850
13,2342	-51,237	121,9900
13,2325	-51,239	121,9950
13,2333	-51,241	122,0000
13,2295	-51,243	122,0050
13,2300	-51,245	122,0100
13,2359	-51,247	122,0150
13,2330	-51,249	122,0200
13,2308	-51,251	122,0250
13,2436	-51,253	122,0300
13,2461	-51,255	122,0350
13,2452	-51,258	122,0400
13,2508	-51,260	122,0450
13,2427	-51,262	122,0500
13,2335	-51,264	122,0550
13,2455	-51,266	122,0600
13,2471	-51,268	122,0650
13,2493	-51,270	122,0700
13,2592	-51,272	122,0750
13,2595	-51,274	122,0800
13,2414	-51,276	122,0850
13,2435	-51,279	122,0900
13,2476	-51,281	122,0950
13,2444	-51,283	122,1000
13,2489	-51,285	122,1050
13,2568	-51,287	122,1100
13,2546	-51,289	122,1150
13,2514	-51,291	122,1200
13,2560	-51,293	122,1250
13,2574	-51,295	122,1300
13,2533	-51,297	122,1350
13,2556	-51,300	122,1400
13,2519	-51,302	122,1450
13,2471	-51,304	122,1500
13,2569	-51,306	122,1550
13,2561	-51,308	122,1600
13,2498	-51,310	122,1650
13,2534	-51,312	122,1700
13,2601	-51,314	122,1750
13,2532	-51,316	122,1800
13,2600	-51,318	122,1850
13,2599	-51,321	122,1900
13,2484	-51,323	122,1950
13,2539	-51,325	122,2000
13,2647	-51,327	122,2050
13,2631	-51,329	122,2100
13,2651	-51,331	122,2150
13,2704	-51,333	122,2200
13,2639	-51,335	122,2250
13,2574	-51,337	122,2300
13,2604	-51,339	122,2350
13,2651	-51,342	122,2400
13,2683	-51,344	122,2450
13,2725	-51,346	122,2500
13,2665	-51,348	122,2550
13,2611	-51,350	122,2600
13,2634	-51,352	122,2650
13,2698	-51,354	122,2700
13,2612	-51,356	122,2750
13,2660	-51,358	122,2800
13,2689	-51,360	122,2850
13,2680	-51,363	122,2900
13,2768	-51,365	122,2950
13,2822	-51,367	122,3000
13,2765	-51,369	122,3050
13,2731	-51,371	122,3100
13,2730	-51,373	122,3150
13,2672	-51,375	122,3200
13,2723	-51,377	122,3250
13,2815	-51,379	122,3300
13,2757	-51,381	122,3350
13,2723	-51,384	122,3400
13,2834	-51,386	122,3450
13,2802	-51,388	122,3500
13,2710	-51,390	122,3550
13,2699	-51,392	122,3600
13,2751	-51,394	122,3650
13,2698	-51,396	122,3700
13,2735	-51,398	122,3750
13,2779	-51,400	122,3800
13,2710	-51,402	122,3850
13,2704	-51,405	122,3900
13,2779	-51,407	122,3950
13,2811	-51,409	122,4000
13,2863	-51,411	122,4050
13,2927	-51,413	122,4100
13,2844	-51,415	122,4150
13,2844	-51,417	122,4200
13,2967	-51,419	122,4250
13,2896	-51,421	122,4300
13,2757	-51,423	122,4350
13,2852	-51,426	122,4400
13,2879	-51,428	122,4450
13,2875	-51,430	122,4500
13,2886	-51,432	122,4550
13,2940	-51,434	122,4600
13,2931	-51,436	122,4650
13,2958	-51,438	122,4700
13,2925	-51,440	122,4750
13,2922	-51,442	122,4800
13,2981	-51,444	122,4850
13,2977	-51,447	122,4900
13,2897	-51,449	122,4950
13,2859	-51,451	122,5000
13,2946	-51,453	122,5050
13,2930	-51,455	122,5100
13,2866	-51,457	122,5150
13,3005	-51,459	122,5200
13,3019	-51,461	122,5250
13,2943	-51,463	122,5300
13,3042	-51,465	122,5350
13,3106	-51,468	122,5400
13,3100	-51,470	122,5450
13,3076	-51,472	122,5500
13,3100	-51,474	122,5550
13,2996	-51,476	122,5600
13,2984	-51,478	122,5650
13,3016	-51,480	122,5700
13,3001	-51,482	122,5750
13,3060	-51,484	122,5800
13,3165	-51,486	122,5850
13,3123	-51,489	122,5900
13,3046	-51,491	122,5950
13,3122	-51,493	122,6000
13,3131	-51,495	122,6050
13,3034	-51,497	122,6100
13,3143	-51,499	122,6150
13,3161	-51,501	122,6200
13,3043	-51,503	122,6250
13,3053	-51,505	122,6300
13,3011	-51,507	122,6350
13,3083	-51,510	122,6400
13,3149	-51,512	122,6450
13,3188	-51,514	122,6500
13,3049	-51,516	122,6550
13,3026	-51,518	122,6600
13,3108	-51,520	122,6650
13,3164	-51,522	122,6700
13,3123	-51,524	122,6750
13,3165	-51,526	122,6800
13,3097	-51,528	122,6850
13,3066	-51,531	122,6900
13,3219	-51,533	122,6950
13,3248	-51,535	122,7000
13,3168	-51,537	122,7050
13,3175	-51,539	122,7100
13,3198	-51,541	122,7150
13,3093	-51,543	122,7200
13,3137	-51,545	122,7250
13,3196	-51,547	122,7300
13,3178	-51,549	122,7350
13,3225	-51,552	122,7400
13,3299	-51,554	122,7450
13,3261	-51,556	122,7500
13,3245	-51,558	122,7550
13,3242	-51,560	122,7600
13,3223	-51,562	122,7650
13,3252	-51,564	122,7700
13,3319	-51,566	122,7750
13,3285	-51,568	122,7800
13,3197	-51,570	122,7850
13,3213	-51,573	122,7900
13,3261	-51,575	122,7950
13,3320	-51,577	122,8000
13,3411	-51,579	122,8050
13,3377	-51,581	122,8100
13,3300	-51,583	122,8150
13,3350	-51,585	122,8200
13,3376	-51,587	122,8250
13,3299	-51,589	122,8300
13,3276	-51,591	122,8350
13,3383	-51,594	122,8400
13,3338	-51,596	122,8450
13,3355	-51,598	122,8500
13,3491	-51,600	122,8550
13,3411	-51,602	122,8600
13,3359	-51,604	122,8650
13,3365	-51,606	122,8700
13,3327	-51,608	122,8750
13,3344	-51,610	122,8800
13,3476	-51,612	122,8850
13,3500	-51,615	122,8900
13,3359	-51,617	122,8950
13,3414	-51,619	122,9000
13,3439	-51,621	122,9050
13,3336	-51,623	122,9100
13,3416	-51,625	122,9150
13,3519	-51,627	122,9200
13,3476	-51,629	122,9250
13,3428	-51,631	122,9300
13,3493	-51,633	122,9350
13,3397	-51,636	122,9400
13,3343	-51,638	122,9450
13,3432	-51,640	122,9500
13,3465	-51,642	122,9550
13,3464	-51,644	122,9600
13,3479	-51,646	122,9650
13,3458	-51,648	122,9700
13,3427	-51,650	122,9750
13,3509	-51,652	122,9800
13,3487	-51,654	122,9850
13,3421	-51,657	122,9900
13,3500	-51,659	122,9950
13,3557	-51,661	123,0000
13,3521	-51,663	123,0050
13,3571	-51,665	123,0100
13,3616	-51,667	123,0150
13,3591	-51,669	123,0200
13,3560	-51,671	123,0250
13,3612	-51,673	123,0300
13,3521	-51,675	123,0350
13,3470	-51,678	123,0400
13,3566	-51,680	123,0450
13,3613	-51,682	123,0500
13,3599	-51,684	123,0550
13,3687	-51,686	123,0600
13,3628	-51,688	123,0650
13,3550	-51,690	123,0700
13,3599	-51,692	123,0750
13,3697	-51,694	123,0800
13,3615	-51,696	123,0850
13,3687	-51,699	123,0900
13,3700	-51,701	123,0950
13,3602	-51,703	123,1000
13,3596	-51,705	123,1050
13,3691	-51,707	123,1100
13,3746	-51,709	123,1150
13,3750	-51,711	123,1200
13,3812	-51,713	123,1250
13,3656	-51,715	123,1300
13,3520	-51,717	123,1350
13,3618	-51,720	123,1400
13,3660	-51,722	123,1450
13,3617	-51,724	123,1500
13,3734	-51,726	123,1550
13,3711	-51,728	123,1600
13,3636	-51,730	123,1650
13,3674	-51,732	123,1700
13,3761	-51,734	123,1750
13,3767	-51,736	123,1800
13,3768	-51,738	123,1850
13,3764	-51,741	123,1900
13,3634	-51,743	123,1950
13,3722	-51,745	123,2000
13,3815	-51,747	123,2050
13,3775	-51,749	123,2100
13,3715	-51,751	123,2150
13,3731	-51,753	123,2200
13,3669	-51,755	123,2250
13,3731	-51,757	123,2300
13,3834	-51,759	123,2350
13,3840	-51,762	123,2400
13,3797	-51,764	123,2450
13,3801	-51,766	123,2500
13,3765	-51,768	123,2550
13,3750	-51,770	123,2600
13,3843	-51,772	123,2650
13,3865	-51,774	123,2700
13,3794	-51,776	123,2750
13,3857	-51,778	123,2800
13,3915	-51,780	123,2850
13,3828	-51,783	123,2900
13,3825	-51,785	123,2950
13,3915	-51,787	123,3000
13,3941	-51,789	123,3050
13,3865	-51,791	123,3100
13,3928	-51,793	123,3150
13,3891	-51,795	123,3200
13,3810	-51,797	123,3250
13,3952	-51,799	123,3300
13,3992	-51,801	123,3350
13,3921	-51,804	123,3400
13,3973	-51,806	123,3450
13,3919	-51,808	123,3500
13,3841	-51,810	123,3550
13,3907	-51,812	123,3600
13,3953	-51,814	123,3650
13,3949	-51,816	123,3700
13,4016	-51,818	123,3750
13,4040	-51,820	123,3800
13,3995	-51,822	123,3850
13,3992	-51,825	123,3900
13,4107	-51,827	123,3950
13,4036	-51,829	123,4000
13,3968	-51,831	123,4050
13,4048	-51,833	123,4100
13,4071	-51,835	123,4150
13,4015	-51,837	123,4200
13,4024	-51,839	123,4250
13,4002	-51,841	123,4300
13,4018	-51,843	123,4350
13,4122	-51,846	123,4400
13,4185	-51,848	123,4450
13,4039	-51,850	123,4500
13,3996	-51,852	123,4550
13,4082	-51,854	123,4600
13,4111	-51,856	123,4650
13,4070	-51,858	123,4700
13,4041	-51,860	123,4750
13,4026	-51,862	123,4800
13,4076	-51,864	123,4850
13,4141	-51,867	123,4900
13,4098	-51,869	123,4950
13,4134	-51,871	123,5000
13,4271	-51,873	123,5050
13,4218	-51,875	123,5100
13,4145	-51,877	123,5150
13,4206	-51,879	123,5200
13,4163	-51,881	123,5250
13,4150	-51,883	123,5300
13,4174	-51,885	123,5350
13,4121	-51,888	123,5400
13,4135	-51,890	123,5450
13,4126	-51,892	123,5500
13,4203	-51,894	123,5550
13,4168	-51,896	123,5600
13,4201	-51,898	123,5650
13,4256	-51,900	123,5700
13,4179	-51,902	123,5750
13,4152	-51,904	123,5800
13,4257	-51,906	123,5850
13,4244	-51,909	123,5900
13,4182	-51,911	123,5950
13,4242	-51,913	123,6000
13,4218	-51,915	123,6050
13,4222	-51,917	123,6100
13,4216	-51,919	123,6150
13,4196	-51,921	123,6200
13,4188	-51,923	123,6250
13,4266	-51,925	123,6300
13,4273	-51,927	123,6350
13,4202	-51,930	123,6400
13,4197	-51,932	123,6450
13,4290	-51,934	123,6500
13,4264	-51,936	123,6550
13,4283	-51,938	123,6600
13,4342	-51,940	123,6650
13,4323	-51,942	123,6700
13,4419	-51,944	123,6750
13,4474	-51,946	123,6800
13,4352	-51,948	123,6850
13,4283	-51,951	123,6900
13,4361	-51,953	123,6950
13,4361	-51,955	123,7000
13,4259	-51,957	123,7050
13,4277	-51,959	123,7100
13,4339	-51,961	123,7150
13,4382	-51,963	123,7200
13,4469	-51,965	123,7250
13,4463	-51,967	123,7300
13,4345	-51,969	123,7350
13,4362	-51,972	123,7400
13,4402	-51,974	123,7450
13,4318	-51,976	123,7500
13,4305	-51,978	123,7550
13,4364	-51,980	123,7600
13,4313	-51,982	123,7650
13,4289	-51,984	123,7700
13,4444	-51,986	123,7750
13,4430	-51,988	123,7800
13,4365	-51,990	123,7850
13,4441	-51,993	123,7900
13,4518	-51,995	123,7950
13,4484	-51,997	123,8000
13,4526	-51,999	123,8050
13,4522	-52,001	123,8100
13,4468	-52,003	123,8150
13,4538	-52,005	123,8200
13,4564	-52,007	123,8250
13,4486	-52,009	123,8300
13,4439	-52,011	123,8350
13,4500	-52,014	123,8400
13,4525	-52,016	123,8450
13,4536	-52,018	123,8500
13,4468	-52,020	123,8550
13,4423	-52,022	123,8600
13,4520	-52,024	123,8650
13,4596	-52,026	123,8700
13,4522	-52,028	123,8750
13,4515	-52,030	123,8800
13,4557	-52,032	123,8850
13,4567	-52,035	123,8900
13,4488	-52,037	123,8950
13,4562	-52,039	123,9000
13,4600	-52,041	123,9050
13,4621	-52,043	123,9100
13,4730	-52,045	123,9150
13,4724	-52,047	123,9200
13,4622	-52,049	123,9250
13,4548	-52,051	123,9300
13,4591	-52,053	123,9350
13,4658	-52,056	123,9400
13,4695	-52,058	123,9450
13,4719	-52,060	123,9500
13,4641	-52,062	123,9550
13,4586	-52,064	123,9600
13,4677	-52,066	123,9650
13,4657	-52,068	123,9700
13,4599	-52,070	123,9750
13,4639	-52,072	123,9800
13,4699	-52,074	123,9850
13,4658	-52,077	123,9900
13,4723	-52,079	123,9950
13,4751	-52,081	124,0000
13,4636	-52,083	124,0050
13,4698	-52,085	124,0100
13,4735	-52,087	124,0150
13,4719	-52,089	124,0200
13,4702	-52,091	124,0250
13,4777	-52,093	124,0300
13,4656	-52,095	124,0350
13,4618	-52,098	124,0400
13,4722	-52,100	124,0450
13,4715	-52,102	124,0500
13,4688	-52,104	124,0550
13,4725	-52,106	124,0600
13,4698	-52,108	124,0650
13,4698	-52,110	124,0700
13,4799	-52,112	124,0750
13,4834	-52,114	124,0800
13,4806	-52,116	124,0850
13,4844	-52,119	124,0900
13,4872	-52,121	124,0950
13,4831	-52,123	124,1000
13,4858	-52,125	124,1050
13,4905	-52,127	124,1100
13,4860	-52,129	124,1150
13,4862	-52,131	124,1200
13,4932	-52,133	124,1250
13,4931	-52,135	124,1300
13,4943	-52,137	124,1350
13,4957	-52,140	124,1400
13,4875	-52,142	124,1450
13,4800	-52,144	124,1500
13,4915	-52,146	124,1550
13,4930	-52,148	124,1600
13,4924	-52,150	124,1650
13,4931	-52,152	124,1700
13,4888	-52,154	124,1750
13,4806	-52,156	124,1800
13,4895	-52,159	124,1850
13,4915	-52,161	124,1900
13,4887	-52,163	124,1950
13,4948	-52,165	124,2000
13,4979	-52,167	124,2050
13,4925	-52,169	124,2100
13,4886	-52,171	124,2150
13,4940	-52,173	124,2200
13,4853	-52,175	124,2250
13,4839	-52,177	124,2300
13,4951	-52,180	124,2350
13,4956	-52,182	124,2400
13,4857	-52,184	124,2450
13,4961	-52,186	124,2500
13,5046	-52,188	124,2550
13,5046	-52,190	124,2600
13,5000	-52,192	124,2650
13,5017	-52,194	124,2700
13,4916	-52,196	124,2750
13,4967	-52,198	124,2800
13,5029	-52,201	124,2850
13,5014	-52,203	124,2900
13,5030	-52,205	124,2950
13,5071	-52,207	124,3000
13,5009	-52,209	124,3050
13,4974	-52,211	124,3100
13,5002	-52,213	124,3150
13,4974	-52,215	124,3200
13,5049	-52,217	124,3250
13,5148	-52,219	124,3300
13,5106	-52,222	124,3350
13,5018	-52,224	124,3400
13,5144	-52,226	124,3450
13,5169	-52,228	124,3500
13,5036	-52,230	124,3550
13,5060	-52,232	124,3600
13,5183	-52,234	124,3650
13,5123	-52,236	124,3700
13,5086	-52,238	124,3750
13,5192	-52,240	124,3800
13,5167	-52,243	124,3850
13,5123	-52,245	124,3900
13,5196	-52,247	124,3950
13,5191	-52,249	124,4000
13,5176	-52,251	124,4050
13,5163	-52,253	124,4100
13,5171	-52,255	124,4150
13,5211	-52,257	124,4200
13,5272	-52,259	124,4250
13,5239	-52,261	124,4300
13,5163	-52,264	124,4350
13,5228	-52,266	124,4400
13,5201	-52,268	124,4450
13,5143	-52,270	124,4500
13,5132	-52,272	124,4550
13,5175	-52,274	124,4600
13,5096	-52,276	124,4650
13,5178	-52,278	124,4700
13,5294	-52,280	124,4750
13,5277	-52,282	124,4800
13,5255	-52,285	124,4850
13,5307	-52,287	124,4900
13,5246	-52,289	124,4950
13,5197	-52,291	124,5000
13,5296	-52,293	124,5050
13,5314	-52,295	124,5100
13,5236	-52,297	124,5150
13,5258	-52,299	124,5200
13,5249	-52,301	124,5250
13,5235	-52,303	124,5300
13,5310	-52,306	124,5350
13,5311	-52,308	124,5400
13,5341	-52,310	124,5450
13,5369	-52,312	124,5500
13,5360	-52,314	124,5550
13,5272	-52,316	124,5600
13,5311	-52,318	124,5650
13,5416	-52,320	124,5700
13,5334	-52,322	124,5750
13,5349	-52,324	124,5800
13,5442	-52,327	124,5850
13,5410	-52,329	124,5900
13,5378	-52,331	124,5950
13,5454	-52,333	124,6000
13,5436	-52,335	124,6050
13,5325	-52,337	124,6100
13,5444	-52,339	124,6150
13,5418	-52,341	124,6200
13,5368	-52,343	124,6250
13,5527	-52,345	124,6300
13,5537	-52,348	124,6350
13,5424	-52,350	124,6400
13,5433	-52,352	124,6450
13,5443	-52,354	124,6500
13,5366	-52,356	124,6550
13,5424	-52,358	124,6600
13,5566	-52,360	124,6650
13,5531	-52,362	124,6700
13,5466	-52,364	124,6750
13,5528	-52,366	124,6800
13,5485	-52,369	124,6850
13,5455	-52,371	124,6900
13,5559	-52,373	124,6950
13,5592	-52,375	124,7000
13,5558	-52,377	124,7050
13,5626	-52,379	124,7100
13,5635	-52,381	124,7150
13,5556	-52,383	124,7200
13,5570	-52,385	124,7250
13,5556	-52,387	124,7300
13,5463	-52,390	124,7350
13,5515	-52,392	124,7400
13,5617	-52,394	124,7450
13,5544	-52,396	124,7500
13,5542	-52,398	124,7550
13,5598	-52,400	124,7600
13,5560	-52,402	124,7650
13,5534	-52,404	124,7700
13,5621	-52,406	124,7750
13,5575	-52,408	124,7800
13,5544	-52,411	124,7850
13,5663	-52,413	124,7900
13,5669	-52,415	124,7950
13,5555	-52,417	124,8000
13,5612	-52,419	124,8050
13,5665	-52,421	124,8100
13,5559	-52,423	124,8150
13,5594	-52,425	124,8200
13,5642	-52,427	124,8250
13,5598	-52,429	124,8300
13,5635	-52,432	124,8350
13,5739	-52,434	124,8400
13,5672	-52,436	124,8450
13,5611	-52,438	124,8500
13,5678	-52,440	124,8550
13,5642	-52,442	124,8600
13,5616	-52,444	124,8650
13,5708	-52,446	124,8700
13,5647	-52,448	124,8750
13,5615	-52,450	124,8800
13,5721	-52,453	124,8850
13,5752	-52,455	124,8900
13,5668	-52,457	124,8950
13,5734	-52,459	124,9000
13,5778	-52,461	124,9050
13,5664	-52,463	124,9100
13,5696	-52,465	124,9150
13,5774	-52,467	124,9200
13,5828	-52,469	124,9250
13,5795	-52,471	124,9300
13,5899	-52,474	124,9350
13,5769	-52,476	124,9400
13,5751	-52,478	124,9450
13,5816	-52,480	124,9500
13,5803	-52,482	124,9550
13,5759	-52,484	124,9600
13,5822	-52,486	124,9650
13,5799	-52,488	124,9700
13,5769	-52,490	124,9750
13,5772	-52,492	124,9800
13,5754	-52,495	124,9850
13,5704	-52,497	124,9900
13,5813	-52,499	124,9950
13,5850	-52,501	125,0000
13,5743	-52,503	125,0050
13,5822	-52,505	125,0100
13,5910	-52,507	125,0150
13,5911	-52,509	125,0200
13,5896	-52,511	125,0250
13,5973	-52,513	125,0300
13,5892	-52,516	125,0350
13,5854	-52,518	125,0400
13,5861	-52,520	125,0450
13,5795	-52,522	125,0500
13,5788	-52,524	125,0550
13,5892	-52,526	125,0600
13,5899	-52,528	125,0650
13,5840	-52,530	125,0700
13,5910	-52,532	125,0750
13,5946	-52,534	125,0800
13,5879	-52,537	125,0850
13,5946	-52,539	125,0900
13,6030	-52,541	125,0950
13,5967	-52,543	125,1000
13,6004	-52,545	125,1050
13,6083	-52,547	125,1100
13,6023	-52,549	125,1150
13,6061	-52,551	125,1200
13,6080	-52,553	125,1250
13,5986	-52,555	125,1300
13,6012	-52,558	125,1350
13,6061	-52,560	125,1400
13,6008	-52,562	125,1450
13,5972	-52,564	125,1500
13,6069	-52,566	125,1550
13,6064	-52,568	125,1600
13,5982	-52,570	125,1650
13,6007	-52,572	125,1700
13,6083	-52,574	125,1750
13,6032	-52,576	125,1800
13,6030	-52,579	125,1850
13,6074	-52,581	125,1900
13,6018	-52,583	125,1950
13,6078	-52,585	125,2000
13,6197	-52,587	125,2050
13,6101	-52,589	125,2100
13,6047	-52,591	125,2150
13,6068	-52,593	125,2200
13,6032	-52,595	125,2250
13,6040	-52,597	125,2300
13,6131	-52,600	125,2350
13,6060	-52,602	125,2400
13,6049	-52,604	125,2450
13,6144	-52,606	125,2500
13,6135	-52,608	125,2550
13,6072	-52,610	125,2600
13,6089	-52,612	125,2650
13,6152	-52,614	125,2700
13,6110	-52,616	125,2750
13,6163	-52,618	125,2800
13,6182	-52,621	125,2850
13,6122	-52,623	125,2900
13,6168	-52,625	125,2950
13,6262	-52,627	125,3000
13,6249	-52,629	125,3050
13,6184	-52,631	125,3100
13,6238	-52,633	125,3150
13,6220	-52,635	125,3200
13,6198	-52,637	125,3250
13,6269	-52,639	125,3300
13,6306	-52,642	125,3350
13,6269	-52,644	125,3400
13,6326	-52,646	125,3450
13,6320	-52,648	125,3500
13,6269	-52,650	125,3550
13,6306	-52,652	125,3600
13,6297	-52,654	125,3650
13,6243	-52,656	125,3700
13,6304	-52,658	125,3750
13,6328	-52,660	125,3800
13,6250	-52,663	125,3850
13,6272	-52,665	125,3900
13,6348	-52,667	125,3950
13,6310	-52,669	125,4000
13,6310	-52,671	125,4050
13,6405	-52,673	125,4100
13,6353	-52,675	125,4150
13,6275	-52,677	125,4200
13,6360	-52,679	125,4250
13,6299	-52,681	125,4300
13,6223	-52,684	125,4350
13,6335	-52,686	125,4400
13,6407	-52,688	125,4450
13,6369	-52,690	125,4500
13,6354	-52,692	125,4550
13,6424	-52,694	125,4600
13,6418	-52,696	125,4650
13,6463	-52,698	125,4700
13,6492	-52,700	125,4750
13,6366	-52,702	125,4800
13,6315	-52,705	125,4850
13,6392	-52,707	125,4900
13,6438	-52,709	125,4950
13,6414	-52,711	125,5000
13,6452	-52,713	125,5050
13,6493	-52,715	125,5100
13,6452	-52,717	125,5150
13,6486	-52,719	125,5200
13,6554	-52,721	125,5250
13,6477	-52,723	125,5300
13,6508	-52,726	125,5350
13,6535	-52,728	125,5400
13,6457	-52,730	125,5450
13,6450	-52,732	125,5500
13,6548	-52,734	125,5550
13,6440	-52,736	125,5600
13,6417	-52,738	125,5650
13,6543	-52,740	125,5700
13,6475	-52,742	125,5750
13,6424	-52,744	125,5800
13,6539	-52,747	125,5850
13,6539	-52,749	125,5900
13,6481	-52,751	125,5950
13,6522	-52,753	125,6000
13,6578	-52,755	125,6050
13,6563	-52,757	125,6100
13,6655	-52,759	125,6150
13,6686	-52,761	125,6200
13,6548	-52,763	125,6250
13,6559	-52,765	125,6300
13,6550	-52,768	125,6350
13,6521	-52,770	125,6400
13,6591	-52,772	125,6450
13,6662	-52,774	125,6500
13,6585	-52,776	125,6550
13,6655	-52,778	125,6600
13,6673	-52,780	125,6650
13,6589	-52,782	125,6700
13,6564	-52,784	125,6750
13,6642	-52,786	125,6800
13,6702	-52,789	125,6850
13,6673	-52,791	125,6900
13,6697	-52,793	125,6950
13,6737	-52,795	125,7000
13,6743	-52,797	125,7050
13,6821	-52,799	125,7100
13,6787	-52,801	125,7150
13,6676	-52,803	125,7200
13,6712	-52,805	125,7250
13,6757	-52,807	125,7300
13,6732	-52,810	125,7350
13,6708	-52,812	125,7400
13,6768	-52,814	125,7450
13,6732	-52,816	125,7500
13,6796	-52,818	125,7550
13,6803	-52,820	125,7600
13,6689	-52,822	125,7650
13,6699	-52,824	125,7700
13,6793	-52,826	125,7750
13,6789	-52,828	125,7800
13,6702	-52,831	125,7850
13,6739	-52,833	125,7900
13,6770	-52,835	125,7950
13,6743	-52,837	125,8000
13,6821	-52,839	125,8050
13,6803	-52,841	125,8100
13,6727	-52,843	125,8150
13,6798	-52,845	125,8200
13,6806	-52,847	125,8250
13,6755	-52,849	125,8300
13,6775	-52,852	125,8350
13,6900	-52,854	125,8400
13,6881	-52,856	125,8450
13,6848	-52,858	125,8500
13,6930	-52,860	125,8550
13,6901	-52,862	125,8600
13,6819	-52,864	125,8650
13,6865	-52,866	125,8700
13,6829	-52,868	125,8750
13,6854	-52,870	125,8800
13,6961	-52,873	125,8850
13,6999	-52,875	125,8900
13,6884	-52,877	125,8950
13,6915	-52,879	125,9000
13,6898	-52,881	125,9050
13,6864	-52,883	125,9100
13,6954	-52,885	125,9150
13,6962	-52,887	125,9200
13,6929	-52,889	125,9250
13,6949	-52,891	125,9300
13,6959	-52,894	125,9350
13,6891	-52,896	125,9400
13,6925	-52,898	125,9450
13,7019	-52,900	125,9500
13,6970	-52,902	125,9550
13,6911	-52,904	125,9600
13,7033	-52,906	125,9650
13,7026	-52,908	125,9700
13,6911	-52,910	125,9750
13,6992	-52,912	125,9800
13,7023	-52,915	125,9850
13,6974	-52,917	125,9900
13,7000	-52,919	125,9950
13,6957	-52,921	126,0000
13,6958	-52,923	126,0050
13,7022	-52,925	126,0100
13,7053	-52,927	126,0150
13,6899	-52,929	126,0200
13,6963	-52,931	126,0250
13,7093	-52,933	126,0300
13,7067	-52,936	126,0350
13,7033	-52,938	126,0400
13,7098	-52,940	126,0450
13,7029	-52,942	126,0500
13,7018	-52,944	126,0550
13,7113	-52,946	126,0600
13,7094	-52,948	126,0650
13,7091	-52,950	126,0700
13,7146	-52,952	126,0750
13,7147	-52,954	126,0800
13,7024	-52,957	126,0850
13,7121	-52,959	126,0900
13,7223	-52,961	126,0950
13,7134	-52,963	126,1000
13,7111	-52,965	126,1050
13,7158	-52,967	126,1100
13,7114	-52,969	126,1150
13,7155	-52,971	126,1200
13,7288	-52,973	126,1250
13,7231	-52,975	126,1300
13,7170	-52,978	126,1350
13,7213	-52,980	126,1400
13,7188	-52,982	126,1450
13,7103	-52,984	126,1500
13,7217	-52,986	126,1550
13,7289	-52,988	126,1600
13,7206	-52,990	126,1650
13,7214	-52,992	126,1700
13,7229	-52,994	126,1750
13,7119	-52,996	126,1800
13,7238	-52,999	126,1850
13,7330	-53,001	126,1900
13,7283	-53,003	126,1950
13,7261	-53,005	126,2000
13,7307	-53,007	126,2050
13,7261	-53,009	126,2100
13,7214	-53,011	126,2150
13,7280	-53,013	126,2200
13,7318	-53,015	126,2250
13,7342	-53,017	126,2300
13,7412	-53,020	126,2350
13,7415	-53,022	126,2400
13,7326	-53,024	126,2450
13,7338	-53,026	126,2500
13,7341	-53,028	126,2550
13,7360	-53,030	126,2600
13,7447	-53,032	126,2650
13,7439	-53,034	126,2700
13,7272	-53,036	126,2750
13,7323	-53,038	126,2800
13,7416	-53,041	126,2850
13,7391	-53,043	126,2900
13,7426	-53,045	126,2950
13,7467	-53,047	126,3000
13,7396	-53,049	126,3050
13,7390	-53,051	126,3100
13,7457	-53,053	126,3150
13,7439	-53,055	126,3200
13,7358	-53,057	126,3250
13,7407	-53,059	126,3300
13,7361	-53,062	126,3350
13,7287	-53,064	126,3400
13,7369	-53,066	126,3450
13,7375	-53,068	126,3500
13,7341	-53,070	126,3550
13,7346	-53,072	126,3600
13,7457	-53,074	126,3650
13,7424	-53,076	126,3700
13,7464	-53,078	126,3750
13,7528	-53,080	126,3800
13,7436	-53,083	126,3850
13,7409	-53,085	126,3900
13,7515	-53,087	126,3950
13,7485	-53,089	126,4000
13,7442	-53,091	126,4050
13,7533	-53,093	126,4100
13,7512	-53,095	126,4150
13,7467	-53,097	126,4200
13,7553	-53,099	126,4250
13,7624	-53,101	126,4300
13,7569	-53,104	126,4350
13,7556	-53,106	126,4400
13,7551	-53,108	126,4450
13,7588	-53,110	126,4500
13,7563	-53,112	126,4550
13,7605	-53,114	126,4600
13,7531	-53,116	126,4650
13,7539	-53,118	126,4700
13,7622	-53,120	126,4750
13,7605	-53,122	126,4800
13,7581	-53,125	126,4850
13,7639	-53,127	126,4900
13,7628	-53,129	126,4950
13,7537	-53,131	126,5000
13,7608	-53,133	126,5050
13,7591	-53,135	126,5100
13,7551	-53,137	126,5150
13,7608	-53,139	126,5200
13,7592	-53,141	126,5250
13,7535	-53,143	126,5300
13,7627	-53,146	126,5350
13,7673	-53,148	126,5400
13,7687	-53,150	126,5450
13,7724	-53,152	126,5500
13,7798	-53,154	126,5550
13,7688	-53,156	126,5600
13,7680	-53,158	126,5650
13,7763	-53,160	126,5700
13,7697	-53,162	126,5750
13,7654	-53,164	126,5800
13,7635	-53,167	126,5850
13,7571	-53,169	126,5900
13,7588	-53,171	126,5950
13,7662	-53,173	126,6000
13,7715	-53,175	126,6050
13,7720	-53,177	126,6100
13,7762	-53,179	126,6150
13,7789	-53,181	126,6200
13,7832	-53,183	126,6250
13,7869	-53,185	126,6300
13,7872	-53,188	126,6350
13,7857	-53,190	126,6400
13,7835	-53,192	126,6450
13,7819	-53,194	126,6500
13,7764	-53,196	126,6550
13,7780	-53,198	126,6600
13,7837	-53,200	126,6650
13,7768	-53,202	126,6700
13,7793	-53,204	126,6750
13,7897	-53,206	126,6800
13,7843	-53,209	126,6850
13,7707	-53,211	126,6900
13,7771	-53,213	126,6950
13,7790	-53,215	126,7000
13,7810	-53,217	126,7050
13,7856	-53,219	126,7100
13,7855	-53,221	126,7150
13,7816	-53,223	126,7200
13,7944	-53,225	126,7250
13,7975	-53,227	126,7300
13,7929	-53,230	126,7350
13,7933	-53,232	126,7400
13,7952	-53,234	126,7450
13,7909	-53,236	126,7500
13,7896	-53,238	126,7550
13,7969	-53,240	126,7600
13,7974	-53,242	126,7650
13,7975	-53,244	126,7700
13,8000	-53,246	126,7750
13,7924	-53,248	126,7800
13,7928	-53,251	126,7850
13,8021	-53,253	126,7900
13,8050	-53,255	126,7950
13,7967	-53,257	126,8000
13,7978	-53,259	126,8050
13,7928	-53,261	126,8100
13,7813	-53,263	126,8150
13,7920	-53,265	126,8200
13,7990	-53,267	126,8250
13,8004	-53,269	126,8300
13,8018	-53,272	126,8350
13,8063	-53,274	126,8400
13,7926	-53,276	126,8450
13,7972	-53,278	126,8500
13,8148	-53,280	126,8550
13,8116	-53,282	126,8600
13,8083	-53,284	126,8650
13,8082	-53,286	126,8700
13,8006	-53,288	126,8750
13,8022	-53,290	126,8800
13,8118	-53,293	126,8850
13,8078	-53,295	126,8900
13,7988	-53,297	126,8950
13,8055	-53,299	126,9000
13,8067	-53,301	126,9050
13,8053	-53,303	126,9100
13,8105	-53,305	126,9150
13,8100	-53,307	126,9200
13,8044	-53,309	126,9250
13,7993	-53,311	126,9300
13,8092	-53,314	126,9350
13,8117	-53,316	126,9400
13,8156	-53,318	126,9450
13,8201	-53,320	126,9500
13,8190	-53,322	126,9550
13,8182	-53,324	126,9600
13,8224	-53,326	126,9650
13,8165	-53,328	126,9700
13,8094	-53,330	126,9750
13,8154	-53,332	126,9800
13,8208	-53,335	126,9850
13,8108	-53,337	126,9900
13,8180	-53,339	126,9950
13,8253	-53,341	127,0000
13,8199	-53,343	127,0050
13,8205	-53,345	127,0100
13,8254	-53,347	127,0150
13,8266	-53,349	127,0200
13,8297	-53,351	127,0250
13,8340	-53,353	127,0300
13,8247	-53,356	127,0350
13,8230	-53,358	127,0400
13,8289	-53,360	127,0450
13,8278	-53,362	127,0500
13,8260	-53,364	127,0550
13,8372	-53,366	127,0600
13,8277	-53,368	127,0650
13,8161	-53,370	127,0700
13,8245	-53,372	127,0750
13,8359	-53,374	127,0800
13,8342	-53,377	127,0850
13,8358	-53,379	127,0900
13,8355	-53,381	127,0950
13,8244	-53,383	127,1000
13,8330	-53,385	127,1050
13,8356	-53,387	127,1100
13,8337	-53,389	127,1150
13,8342	-53,391	127,1200
13,8420	-53,393	127,1250
13,8362	-53,395	127,1300
13,8327	-53,398	127,1350
13,8397	-53,400	127,1400
13,8360	-53,402	127,1450
13,8309	-53,404	127,1500
13,8406	-53,406	127,1550
13,8430	-53,408	127,1600
13,8310	-53,410	127,1650
13,8367	-53,412	127,1700
13,8411	-53,414	127,1750
13,8326	-53,416	127,1800
13,8404	-53,419	127,1850
13,8430	-53,421	127,1900
13,8374	-53,423	127,1950
13,8389	-53,425	127,2000
13,8406	-53,427	127,2050
13,8425	-53,429	127,2100
13,8493	-53,431	127,2150
13,8553	-53,433	127,2200
13,8491	-53,435	127,2250
13,8453	-53,437	127,2300
13,8458	-53,440	127,2350
13,8417	-53,442	127,2400
13,8454	-53,444	127,2450
13,8609	-53,446	127,2500
13,8591	-53,448	127,2550
13,8484	-53,450	127,2600
13,8466	-53,452	127,2650
13,8570	-53,454	127,2700
13,8539	-53,456	127,2750
13,8595	-53,458	127,2800
13,8603	-53,461	127,2850
13,8491	-53,463	127,2900
13,8504	-53,465	127,2950
13,8557	-53,467	127,3000
13,8533	-53,469	127,3050
13,8572	-53,471	127,3100
13,8676	-53,473	127,3150
13,8570	-53,475	127,3200
13,8531	-53,477	127,3250
13,8630	-53,479	127,3300
13,8649	-53,482	127,3350
13,8603	-53,484	127,3400
13,8622	-53,486	127,3450
13,8588	-53,488	127,3500
13,8539	-53,490	127,3550
13,8607	-53,492	127,3600
13,8679	-53,494	127,3650
13,8612	-53,496	127,3700
13,8679	-53,498	127,3750
13,8696	-53,500	127,3800
13,8655	-53,503	127,3850
13,8710	-53,505	127,3900
13,8760	-53,507	127,3950
13,8734	-53,509	127,4000
13,8667	-53,511	127,4050
13,8748	-53,513	127,4100
13,8711	-53,515	127,4150
13,8619	-53,517	127,4200
13,8718	-53,519	127,4250
13,8727	-53,521	127,4300
13,8645	-53,524	127,4350
13,8707	-53,526	127,4400
13,8752	-53,528	127,4450
13,8701	-53,530	127,4500
13,8793	-53,532	127,4550
13,8878	-53,534	127,4600
13,8733	-53,536	127,4650
13,8741	-53,538	127,4700
13,8776	-53,540	127,4750
13,8704	-53,542	127,4800
13,8697	-53,545	127,4850
13,8788	-53,547	127,4900
13,8798	-53,549	127,4950
13,8827	-53,551	127,5000
13,8885	-53,553	127,5050
13,8771	-53,555	127,5100
13,8739	-53,557	127,5150
13,8893	-53,559	127,5200
13,8848	-53,561	127,5250
13,8760	-53,563	127,5300
13,8865	-53,566	127,5350
13,8879	-53,568	127,5400
13,8832	-53,570	127,5450
13,8804	-53,572	127,5500
13,8854	-53,574	127,5550
13,8808	-53,576	127,5600
13,8820	-53,578	127,5650
13,8899	-53,580	127,5700
13,8855	-53,582	127,5750
13,8867	-53,584	127,5800
13,8926	-53,587	127,5850
13,8920	-53,589	127,5900
13,8949	-53,591	127,5950
13,8968	-53,593	127,6000
13,8903	-53,595	127,6050
13,8925	-53,597	127,6100
13,9028	-53,599	127,6150
13,8982	-53,601	127,6200
13,8865	-53,603	127,6250
13,8930	-53,605	127,6300
13,8982	-53,608	127,6350
13,9001	-53,610	127,6400
13,8993	-53,612	127,6450
13,9070	-53,614	127,6500
13,9042	-53,616	127,6550
13,9062	-53,618	127,6600
13,9095	-53,620	127,6650
13,9011	-53,622	127,6700
13,8965	-53,624	127,6750
13,9017	-53,626	127,6800
13,9009	-53,629	127,6850
13,8979	-53,631	127,6900
13,9056	-53,633	127,6950
13,9060	-53,635	127,7000
13,8980	-53,637	127,7050
13,9103	-53,639	127,7100
13,9087	-53,641	127,7150
13,8966	-53,643	127,7200
13,9024	-53,645	127,7250
13,9005	-53,647	127,7300
13,8981	-53,650	127,7350
13,9008	-53,652	127,7400
13,9125	-53,654	127,7450
13,9149	-53,656	127,7500
13,9137	-53,658	127,7550
13,9146	-53,660	127,7600
13,9034	-53,662	127,7650
13,9027	-53,664	127,7700
13,9126	-53,666	127,7750
13,9170	-53,668	127,7800
13,9142	-53,671	127,7850
13,9133	-53,673	127,7900
13,9130	-53,675	127,7950
13,9062	-53,677	127,8000
13,9146	-53,679	127,8050
13,9215	-53,681	127,8100
13,9209	-53,683	127,8150
13,9240	-53,685	127,8200
13,9209	-53,687	127,8250
13,9119	-53,689	127,8300
13,9125	-53,692	127,8350
13,9173	-53,694	127,8400
13,9158	-53,696	127,8450
13,9212	-53,698	127,8500
13,9243	-53,700	127,8550
13,9145	-53,702	127,8600
13,9164	-53,704	127,8650
13,9315	-53,706	127,8700
13,9288	-53,708	127,8750
13,9253	-53,710	127,8800
13,9252	-53,713	127,8850
13,9302	-53,715	127,8900
13,9230	-53,717	127,8950
13,9242	-53,719	127,9000
13,9218	-53,721	127,9050
13,9178	-53,723	127,9100
13,9233	-53,725	127,9150
13,9331	-53,727	127,9200
13,9244	-53,729	127,9250
13,9246	-53,731	127,9300
13,9318	-53,734	127,9350
13,9313	-53,736	127,9400
13,9268	-53,738	127,9450
13,9270	-53,740	127,9500
13,9248	-53,742	127,9550
13,9265	-53,744	127,9600
13,9357	-53,746	127,9650
13,9395	-53,748	127,9700
13,9369	-53,750	127,9750
13,9378	-53,752	127,9800
13,9386	-53,755	127,9850
13,9433	-53,757	127,9900
13,9474	-53,759	127,9950
13,9455	-53,761	128,0000
13,9338	-53,763	128,0050
13,9372	-53,765	128,0100
13,9399	-53,767	128,0150
13,9377	-53,769	128,0200
13,9413	-53,771	128,0250
13,9535	-53,773	128,0300
13,9464	-53,776	128,0350
13,9424	-53,778	128,0400
13,9490	-53,780	128,0450
13,9446	-53,782	128,0500
13,9386	-53,784	128,0550
13,9447	-53,786	128,0600
13,9513	-53,788	128,0650
13,9564	-53,790	128,0700
13,9615	-53,792	128,0750
13,9640	-53,794	128,0800
13,9535	-53,797	128,0850
13,9501	-53,799	128,0900
13,9507	-53,801	128,0950
13,9427	-53,803	128,1000
13,9506	-53,805	128,1050
13,9540	-53,807	128,1100
13,9481	-53,809	128,1150
13,9452	-53,811	128,1200
13,9533	-53,813	128,1250
13,9576	-53,815	128,1300
13,9604	-53,818	128,1350
13,9619	-53,820	128,1400
13,9558	-53,822	128,1450
13,9534	-53,824	128,1500
13,9628	-53,826	128,1550
13,9602	-53,828	128,1600
13,9535	-53,830	128,1650
13,9584	-53,832	128,1700
13,9607	-53,834	128,1750
13,9575	-53,836	128,1800
13,9604	-53,839	128,1850
13,9677	-53,841	128,1900
13,9623	-53,843	128,1950
13,9654	-53,845	128,2000
13,9625	-53,847	128,2050
13,9537	-53,849	128,2100
13,9537	-53,851	128,2150
13,9645	-53,853	128,2200
13,9623	-53,855	128,2250
13,9595	-53,857	128,2300
13,9713	-53,860	128,2350
13,9724	-53,862	128,2400
13,9678	-53,864	128,2450
13,9734	-53,866	128,2500
13,9704	-53,868	128,2550
13,9690	-53,870	128,2600
13,9705	-53,872	128,2650
13,9713	-53,874	128,2700
13,9687	-53,876	128,2750
13,9771	-53,878	128,2800
13,9778	-53,881	128,2850
13,9691	-53,883	128,2900
13,9685	-53,885	128,2950
13,9741	-53,887	128,3000
13,9708	-53,889	128,3050
13,9701	-53,891	128,3100
13,9773	-53,893	128,3150
13,9775	-53,895	128,3200
13,9806	-53,897	128,3250
13,9861	-53,899	128,3300
13,9797	-53,902	128,3350
13,9803	-53,904	128,3400
13,9893	-53,906	128,3450
13,9844	-53,908	128,3500
13,9789	-53,910	128,3550
13,9803	-53,912	128,3600
13,9828	-53,914	128,3650
13,9833	-53,916	128,3700
13,9872	-53,918	128,3750
13,9951	-53,920	128,3800
13,9862	-53,923	128,3850
13,9802	-53,925	128,3900
13,9787	-53,927	128,3950
13,9732	-53,929	128,4000
13,9733	-53,931	128,4050
13,9829	-53,933	128,4100
13,9799	-53,935	128,4150
13,9804	-53,937	128,4200
13,9902	-53,939	128,4250
13,9883	-53,941	128,4300
13,9799	-53,944	128,4350
13,9876	-53,946	128,4400
13,9956	-53,948	128,4450
13,9937	-53,950	128,4500
13,9962	-53,952	128,4550
13,9989	-53,954	128,4600
13,9875	-53,956	128,4650
13,9914	-53,958	128,4700
13,9943	-53,960	128,4750
13,9876	-53,962	128,4800
13,9992	-53,965	128,4850
14,0087	-53,967	128,4900
13,9975	-53,969	128,4950
13,9882	-53,971	128,5000
14,0008	-53,973	128,5050
14,0106	-53,975	128,5100
14,0104	-53,977	128,5150
14,0140	-53,979	128,5200
14,0037	-53,981	128,5250
13,9981	-53,983	128,5300
14,0094	-53,986	128,5350
14,0104	-53,988	128,5400
14,0039	-53,990	128,5450
14,0006	-53,992	128,5500
14,0083	-53,994	128,5550
13,9967	-53,996	128,5600
13,9962	-53,998	128,5650
14,0043	-54,000	128,5700
14,0027	-54,002	128,5750
13,9995	-54,004	128,5800
14,0154	-54,007	128,5850
14,0140	-54,009	128,5900
14,0100	-54,011	128,5950
14,0102	-54,013	128,6000
14,0106	-54,015	128,6050
14,0055	-54,017	128,6100
14,0081	-54,019	128,6150
14,0116	-54,021	128,6200
14,0049	-54,023	128,6250
14,0034	-54,025	128,6300
14,0077	-54,028	128,6350
14,0101	-54,030	128,6400
14,0148	-54,032	128,6450
14,0198	-54,034	128,6500
14,0083	-54,036	128,6550
14,0078	-54,038	128,6600
14,0167	-54,040	128,6650
14,0090	-54,042	128,6700
14,0084	-54,044	128,6750
14,0265	-54,046	128,6800
14,0272	-54,049	128,6850
14,0154	-54,051	128,6900
14,0277	-54,053	128,6950
14,0293	-54,055	128,7000
14,0183	-54,057	128,7050
14,0212	-54,059	128,7100
14,0253	-54,061	128,7150
14,0273	-54,063	128,7200
14,0354	-54,065	128,7250
14,0344	-54,067	128,7300
14,0297	-54,070	128,7350
14,0237	-54,072	128,7400
14,0322	-54,074	128,7450
14,0329	-54,076	128,7500
14,0356	-54,078	128,7550
14,0339	-54,080	128,7600
14,0278	-54,082	128,7650
14,0193	-54,084	128,7700
14,0279	-54,086	128,7750
14,0350	-54,088	128,7800
14,0258	-54,091	128,7850
14,0277	-54,093	128,7900
14,0289	-54,095	128,7950
14,0229	-54,097	128,8000
14,0358	-54,099	128,8050
14,0427	-54,101	128,8100
14,0350	-54,103	128,8150
14,0409	-54,105	128,8200
14,0450	-54,107	128,8250
14,0386	-54,109	128,8300
14,0331	-54,112	128,8350
14,0425	-54,114	128,8400
14,0382	-54,116	128,8450
14,0374	-54,118	128,8500
14,0383	-54,120	128,8550
14,0405	-54,122	128,8600
14,0402	-54,124	128,8650
14,0482	-54,126	128,8700
14,0455	-54,128	128,8750
14,0358	-54,130	128,8800
14,0386	-54,133	128,8850
14,0373	-54,135	128,8900
14,0334	-54,137	128,8950
14,0440	-54,139	128,9000
14,0482	-54,141	128,9050
14,0421	-54,143	128,9100
14,0453	-54,145	128,9150
14,0516	-54,147	128,9200
14,0515	-54,149	128,9250
14,0491	-54,151	128,9300
14,0460	-54,154	128,9350
14,0471	-54,156	128,9400
14,0530	-54,158	128,9450
14,0530	-54,160	128,9500
14,0464	-54,162	128,9550
14,0434	-54,164	128,9600
14,0501	-54,166	128,9650
14,0492	-54,168	128,9700
14,0471	-54,170	128,9750
14,0575	-54,172	128,9800
14,0581	-54,175	128,9850
14,0498	-54,177	128,9900
14,0563	-54,179	128,9950
14,0666	-54,181	129,0000
14,0554	-54,183	129,0050
14,0495	-54,185	129,0100
14,0569	-54,187	129,0150
14,0638	-54,189	129,0200
14,0599	-54,191	129,0250
14,0646	-54,193	129,0300
14,0640	-54,196	129,0350
14,0593	-54,198	129,0400
14,0667	-54,200	129,0450
14,0651	-54,202	129,0500
14,0662	-54,204	129,0550
14,0787	-54,206	129,0600
14,0741	-54,208	129,0650
14,0611	-54,210	129,0700
14,0618	-54,212	129,0750
14,0657	-54,214	129,0800
14,0676	-54,217	129,0850
14,0733	-54,219	129,0900
14,0671	-54,221	129,0950
14,0536	-54,223	129,1000
14,0621	-54,225	129,1050
14,0724	-54,227	129,1100
14,0674	-54,229	129,1150
14,0601	-54,231	129,1200
14,0672	-54,233	129,1250
14,0701	-54,235	129,1300
14,0729	-54,238	129,1350
14,0742	-54,240	129,1400
14,0633	-54,242	129,1450
14,0672	-54,244	129,1500
14,0885	-54,246	129,1550
14,0872	-54,248	129,1600
14,0744	-54,250	129,1650
14,0737	-54,252	129,1700
14,0753	-54,254	129,1750
14,0723	-54,256	129,1800
14,0754	-54,259	129,1850
14,0768	-54,261	129,1900
14,0777	-54,263	129,1950
14,0868	-54,265	129,2000
14,0911	-54,267	129,2050
14,0851	-54,269	129,2100
14,0774	-54,271	129,2150
14,0832	-54,273	129,2200
14,0806	-54,275	129,2250
14,0733	-54,277	129,2300
14,0784	-54,280	129,2350
14,0767	-54,282	129,2400
14,0793	-54,284	129,2450
14,0880	-54,286	129,2500
14,0845	-54,288	129,2550
14,0870	-54,290	129,2600
14,0948	-54,292	129,2650
14,0950	-54,294	129,2700
14,0769	-54,296	129,2750
14,0817	-54,298	129,2800
14,0926	-54,301	129,2850
14,0875	-54,303	129,2900
14,0861	-54,305	129,2950
14,0900	-54,307	129,3000
14,0934	-54,309	129,3050
14,0894	-54,311	129,3100
14,0972	-54,313	129,3150
14,0930	-54,315	129,3200
14,0917	-54,317	129,3250
14,1019	-54,319	129,3300
14,0990	-54,322	129,3350
14,1021	-54,324	129,3400
14,1087	-54,326	129,3450
14,0985	-54,328	129,3500
14,0953	-54,330	129,3550
14,1007	-54,332	129,3600
14,1078	-54,334	129,3650
14,0990	-54,336	129,3700
14,1013	-54,338	129,3750
14,1035	-54,340	129,3800
14,0983	-54,343	129,3850
14,1003	-54,345	129,3900
14,1058	-54,347	129,3950
14,1050	-54,349	129,4000
14,0959	-54,351	129,4050
14,1090	-54,353	129,4100
14,1133	-54,355	129,4150
14,1152	-54,357	129,4200
14,1207	-54,359	129,4250
14,1087	-54,361	129,4300
14,1004	-54,364	129,4350
14,1131	-54,366	129,4400
14,1142	-54,368	129,4450
14,1050	-54,370	129,4500
14,1040	-54,372	129,4550
14,1158	-54,374	129,4600
14,1072	-54,376	129,4650
14,1089	-54,378	129,4700
14,1192	-54,380	129,4750
14,1142	-54,382	129,4800
14,1098	-54,385	129,4850
14,1165	-54,387	129,4900
14,1216	-54,389	129,4950
14,1184	-54,391	129,5000
14,1249	-54,393	129,5050
14,1249	-54,395	129,5100
14,1169	-54,397	129,5150
14,1164	-54,399	129,5200
14,1153	-54,401	129,5250
14,1131	-54,403	129,5300
14,1232	-54,406	129,5350
14,1195	-54,408	129,5400
14,1175	-54,410	129,5450
14,1235	-54,412	129,5500
14,1315	-54,414	129,5550
14,1280	-54,416	129,5600
14,1278	-54,418	129,5650
14,1302	-54,420	129,5700
14,1267	-54,422	129,5750
14,1311	-54,424	129,5800
14,1364	-54,427	129,5850
14,1300	-54,429	129,5900
14,1297	-54,431	129,5950
14,1373	-54,433	129,6000
14,1329	-54,435	129,6050
14,1296	-54,437	129,6100
14,1337	-54,439	129,6150
14,1385	-54,441	129,6200
14,1365	-54,443	129,6250
14,1382	-54,445	129,6300
14,1362	-54,448	129,6350
14,1237	-54,450	129,6400
14,1254	-54,452	129,6450
14,1362	-54,454	129,6500
14,1383	-54,456	129,6550
14,1393	-54,458	129,6600
14,1458	-54,460	129,6650
14,1414	-54,462	129,6700
14,1336	-54,464	129,6750
14,1360	-54,466	129,6800
14,1372	-54,469	129,6850
14,1385	-54,471	129,6900
14,1452	-54,473	129,6950
14,1425	-54,475	129,7000
14,1429	-54,477	129,7050
14,1506	-54,479	129,7100
14,1484	-54,481	129,7150
14,1438	-54,483	129,7200
14,1463	-54,485	129,7250
14,1444	-54,487	129,7300
14,1356	-54,490	129,7350
14,1352	-54,492	129,7400
14,1517	-54,494	129,7450
14,1483	-54,496	129,7500
14,1397	-54,498	129,7550
14,1503	-54,500	129,7600
14,1488	-54,502	129,7650
14,1361	-54,504	129,7700
14,1422	-54,506	129,7750
14,1519	-54,508	129,7800
14,1551	-54,511	129,7850
14,1559	-54,513	129,7900
14,1527	-54,515	129,7950
14,1495	-54,517	129,8000
14,1577	-54,519	129,8050
14,1595	-54,521	129,8100
14,1536	-54,523	129,8150
14,1567	-54,525	129,8200
14,1565	-54,527	129,8250
14,1521	-54,529	129,8300
14,1523	-54,532	129,8350
14,1559	-54,534	129,8400
14,1486	-54,536	129,8450
14,1512	-54,538	129,8500
14,1560	-54,540	129,8550
14,1551	-54,542	129,8600
14,1535	-54,544	129,8650
14,1598	-54,546	129,8700
14,1632	-54,548	129,8750
14,1660	-54,550	129,8800
14,1725	-54,553	129,8850
14,1710	-54,555	129,8900
14,1713	-54,557	129,8950
14,1769	-54,559	129,9000
14,1709	-54,561	129,9050
14,1636	-54,563	129,9100
14,1637	-54,565	129,9150
14,1699	-54,567	129,9200
14,1698	-54,569	129,9250
14,1662	-54,571	129,9300
14,1734	-54,574	129,9350
14,1753	-54,576	129,9400
14,1765	-54,578	129,9450
14,1829	-54,580	129,9500
14,1725	-54,582	129,9550
14,1663	-54,584	129,9600
14,1757	-54,586	129,9650
14,1769	-54,588	129,9700
14,1731	-54,590	129,9750
14,1772	-54,592	129,9800
14,1734	-54,595	129,9850
14,1670	-54,597	129,9900
14,1759	-54,599	129,9950
14,1834	-54,601	130,0000
14,1785	-54,603	130,0050
14,1808	-54,605	130,0100
14,1864	-54,607	130,0150
14,1788	-54,609	130,0200
14,1800	-54,611	130,0250
14,1917	-54,613	130,0300
14,1848	-54,616	130,0350
14,1810	-54,618	130,0400
14,1862	-54,620	130,0450
14,1818	-54,622	130,0500
14,1732	-54,624	130,0550
14,1843	-54,626	130,0600
14,1884	-54,628	130,0650
14,1889	-54,630	130,0700
14,1894	-54,632	130,0750
14,1847	-54,634	130,0800
14,1746	-54,637	130,0850
14,1812	-54,639	130,0900
14,1864	-54,641	130,0950
14,1835	-54,643	130,1000
14,1870	-54,645	130,1050
14,1927	-54,647	130,1100
14,1840	-54,649	130,1150
14,1785	-54,651	130,1200
14,1932	-54,653	130,1250
14,1935	-54,655	130,1300
14,1885	-54,658	130,1350
14,1977	-54,660	130,1400
14,1937	-54,662	130,1450
14,1857	-54,664	130,1500
14,1932	-54,666	130,1550
14,1942	-54,668	130,1600
14,1949	-54,670	130,1650
14,2025	-54,672	130,1700
14,2035	-54,674	130,1750
14,1938	-54,676	130,1800
14,1942	-54,679	130,1850
14,1989	-54,681	130,1900
14,1884	-54,683	130,1950
14,1887	-54,685	130,2000
14,2009	-54,687	130,2050
14,1970	-54,689	130,2100
14,1916	-54,691	130,2150
14,2016	-54,693	130,2200
14,1948	-54,695	130,2250
14,1872	-54,697	130,2300
14,1960	-54,700	130,2350
14,1970	-54,702	130,2400
14,1926	-54,704	130,2450
14,2006	-54,706	130,2500
14,1993	-54,708	130,2550
14,2014	-54,710	130,2600
14,2027	-54,712	130,2650
14,1984	-54,714	130,2700
14,1933	-54,716	130,2750
14,1990	-54,718	130,2800
14,2030	-54,721	130,2850
14,2001	-54,723	130,2900
14,1962	-54,725	130,2950
14,1963	-54,727	130,3000
14,1933	-54,729	130,3050
14,1918	-54,731	130,3100
14,2001	-54,733	130,3150
14,1988	-54,735	130,3200
14,2005	-54,737	130,3250
14,2053	-54,739	130,3300
14,2043	-54,742	130,3350
14,2016	-54,744	130,3400
14,2102	-54,746	130,3450
14,2113	-54,748	130,3500
14,2089	-54,750	130,3550
14,2075	-54,752	130,3600
14,2136	-54,754	130,3650
14,2144	-54,756	130,3700
14,2177	-54,758	130,3750
14,2172	-54,760	130,3800
14,2057	-54,763	130,3850
14,2073	-54,765	130,3900
14,2174	-54,767	130,3950
14,2138	-54,769	130,4000
14,2060	-54,771	130,4050
14,2147	-54,773	130,4100
14,2203	-54,775	130,4150
14,2114	-54,777	130,4200
14,2130	-54,779	130,4250
14,2138	-54,781	130,4300
14,2142	-54,784	130,4350
14,2204	-54,786	130,4400
14,2147	-54,788	130,4450
14,2144	-54,790	130,4500
14,2154	-54,792	130,4550
14,2208	-54,794	130,4600
14,2154	-54,796	130,4650
14,2238	-54,798	130,4700
14,2329	-54,800	130,4750
14,2205	-54,802	130,4800
14,2184	-54,805	130,4850
14,2253	-54,807	130,4900
14,2164	-54,809	130,4950
14,2122	-54,811	130,5000
14,2178	-54,813	130,5050
14,2198	-54,815	130,5100
14,2236	-54,817	130,5150
14,2354	-54,819	130,5200
14,2311	-54,821	130,5250
14,2239	-54,823	130,5300
14,2350	-54,826	130,5350
14,2369	-54,828	130,5400
14,2317	-54,830	130,5450
14,2292	-54,832	130,5500
14,2385	-54,834	130,5550
14,2243	-54,836	130,5600
14,2227	-54,838	130,5650
14,2299	-54,840	130,5700
14,2260	-54,842	130,5750
14,2281	-54,844	130,5800
14,2413	-54,847	130,5850
14,2360	-54,849	130,5900
14,2243	-54,851	130,5950
14,2267	-54,853	130,6000
14,2325	-54,855	130,6050
14,2295	-54,857	130,6100
14,2296	-54,859	130,6150
14,2310	-54,861	130,6200
14,2245	-54,863	130,6250
14,2308	-54,865	130,6300
14,2327	-54,868	130,6350
14,2339	-54,870	130,6400
14,2380	-54,872	130,6450
14,2413	-54,874	130,6500
14,2346	-54,876	130,6550
14,2410	-54,878	130,6600
14,2477	-54,880	130,6650
14,2401	-54,882	130,6700
14,2387	-54,884	130,6750
14,2441	-54,886	130,6800
14,2503	-54,889	130,6850
14,2464	-54,891	130,6900
14,2417	-54,893	130,6950
14,2434	-54,895	130,7000
14,2443	-54,897	130,7050
14,2494	-54,899	130,7100
14,2496	-54,901	130,7150
14,2412	-54,903	130,7200
14,2498	-54,905	130,7250
14,2562	-54,907	130,7300
14,2490	-54,910	130,7350
14,2453	-54,912	130,7400
14,2512	-54,914	130,7450
14,2431	-54,916	130,7500
14,2448	-54,918	130,7550
14,2547	-54,920	130,7600
14,2513	-54,922	130,7650
14,2500	-54,924	130,7700
14,2593	-54,926	130,7750
14,2564	-54,928	130,7800
14,2464	-54,931	130,7850
14,2526	-54,933	130,7900
14,2608	-54,935	130,7950
14,2512	-54,937	130,8000
14,2532	-54,939	130,8050
14,2618	-54,941	130,8100
14,2549	-54,943	130,8150
14,2600	-54,945	130,8200
14,2694	-54,947	130,8250
14,2665	-54,949	130,8300
14,2569	-54,952	130,8350
14,2631	-54,954	130,8400
14,2511	-54,956	130,8450
14,2521	-54,958	130,8500
14,2666	-54,960	130,8550
14,2661	-54,962	130,8600
14,2582	-54,964	130,8650
14,2637	-54,966	130,8700
14,2656	-54,968	130,8750
14,2637	-54,970	130,8800
14,2653	-54,973	130,8850
14,2683	-54,975	130,8900
14,2666	-54,977	130,8950
14,2733	-54,979	130,9000
14,2772	-54,981	130,9050
14,2685	-54,983	130,9100
14,2684	-54,985	130,9150
14,2758	-54,987	130,9200
14,2742	-54,989	130,9250
14,2754	-54,991	130,9300
14,2779	-54,994	130,9350
14,2708	-54,996	130,9400
14,2741	-54,998	130,9450
14,2915	-55,000	130,9500
14,2828	-55,002	130,9550
14,2755	-55,004	130,9600
14,2850	-55,006	130,9650
14,2847	-55,008	130,9700
14,2791	-55,010	130,9750
14,2835	-55,012	130,9800
14,2780	-55,015	130,9850
14,2706	-55,017	130,9900
14,2815	-55,019	130,9950
14,2858	-55,021	131,0000
14,2801	-55,023	131,0050
14,2811	-55,025	131,0100
14,2909	-55,027	131,0150
14,2882	-55,029	131,0200
14,2814	-55,031	131,0250
14,2949	-55,033	131,0300
14,2952	-55,036	131,0350
14,2890	-55,038	131,0400
14,2909	-55,040	131,0450
14,2889	-55,042	131,0500
14,2849	-55,044	131,0550
14,2893	-55,046	131,0600
14,2876	-55,048	131,0650
14,2779	-55,050	131,0700
14,2802	-55,052	131,0750
14,2876	-55,054	131,0800
14,2865	-55,057	131,0850
14,2973	-55,059	131,0900
14,2950	-55,061	131,0950
14,2791	-55,063	131,1000
14,2854	-55,065	131,1050
14,2904	-55,067	131,1100
14,2890	-55,069	131,1150
14,2876	-55,071	131,1200
14,2960	-55,073	131,1250
14,2961	-55,075	131,1300
14,2916	-55,078	131,1350
14,2942	-55,080	131,1400
14,2928	-55,082	131,1450
14,2936	-55,084	131,1500
14,2985	-55,086	131,1550
14,2998	-55,088	131,1600
14,3013	-55,090	131,1650
14,3052	-55,092	131,1700
14,3096	-55,094	131,1750
14,3074	-55,096	131,1800
14,3083	-55,099	131,1850
14,3065	-55,101	131,1900
14,2989	-55,103	131,1950
14,3023	-55,105	131,2000
14,3092	-55,107	131,2050
14,3046	-55,109	131,2100
14,3010	-55,111	131,2150
14,3052	-55,113	131,2200
14,3020	-55,115	131,2250
14,3100	-55,117	131,2300
14,3232	-55,120	131,2350
14,3164	-55,122	131,2400
14,3061	-55,124	131,2450
14,3100	-55,126	131,2500
14,3017	-55,128	131,2550
14,3016	-55,130	131,2600
14,3081	-55,132	131,2650
14,3126	-55,134	131,2700
14,3111	-55,136	131,2750
14,3123	-55,138	131,2800
14,3177	-55,141	131,2850
14,3140	-55,143	131,2900
14,3204	-55,145	131,2950
14,3300	-55,147	131,3000
14,3271	-55,149	131,3050
14,3256	-55,151	131,3100
14,3270	-55,153	131,3150
14,3242	-55,155	131,3200
14,3148	-55,157	131,3250
14,3267	-55,159	131,3300
14,3215	-55,162	131,3350
14,3097	-55,164	131,3400
14,3173	-55,166	131,3450
14,3240	-55,168	131,3500
14,3224	-55,170	131,3550
14,3293	-55,172	131,3600
14,3338	-55,174	131,3650
14,3315	-55,176	131,3700
14,3309	-55,178	131,3750
14,3358	-55,180	131,3800
14,3327	-55,183	131,3850
14,3296	-55,185	131,3900
14,3314	-55,187	131,3950
14,3292	-55,189	131,4000
14,3265	-55,191	131,4050
14,3324	-55,193	131,4100
14,3321	-55,195	131,4150
14,3276	-55,197	131,4200
14,3316	-55,199	131,4250
14,3357	-55,201	131,4300
14,3332	-55,204	131,4350
14,3402	-55,206	131,4400
14,3400	-55,208	131,4450
14,3338	-55,210	131,4500
14,3420	-55,212	131,4550
14,3500	-55,214	131,4600
14,3400	-55,216	131,4650
14,3357	-55,218	131,4700
14,3442	-55,220	131,4750
14,3421	-55,222	131,4800
14,3337	-55,225	131,4850
14,3357	-55,227	131,4900
14,3371	-55,229	131,4950
14,3351	-55,231	131,5000
14,3445	-55,233	131,5050
14,3433	-55,235	131,5100
14,3342	-55,237	131,5150
14,3421	-55,239	131,5200
14,3519	-55,241	131,5250
14,3539	-55,243	131,5300
14,3579	-55,246	131,5350
14,3498	-55,248	131,5400
14,3431	-55,250	131,5450
14,3462	-55,252	131,5500
14,3526	-55,254	131,5550
14,3443	-55,256	131,5600
14,3485	-55,258	131,5650
14,3527	-55,260	131,5700
14,3485	-55,262	131,5750
14,3478	-55,264	131,5800
14,3570	-55,267	131,5850
14,3548	-55,269	131,5900
14,3548	-55,271	131,5950
14,3650	-55,273	131,6000
14,3648	-55,275	131,6050
14,3524	-55,277	131,6100
14,3591	-55,279	131,6150
14,3635	-55,281	131,6200
14,3513	-55,283	131,6250
14,3551	-55,285	131,6300
14,3594	-55,288	131,6350
14,3581	-55,290	131,6400
14,3604	-55,292	131,6450
14,3748	-55,294	131,6500
14,3690	-55,296	131,6550
14,3691	-55,298	131,6600
14,3683	-55,300	131,6650
14,3572	-55,302	131,6700
14,3577	-55,304	131,6750
14,3677	-55,306	131,6800
14,3697	-55,309	131,6850
14,3648	-55,311	131,6900
14,3603	-55,313	131,6950
14,3584	-55,315	131,7000
14,3669	-55,317	131,7050
14,3787	-55,319	131,7100
14,3738	-55,321	131,7150
14,3689	-55,323	131,7200
14,3717	-55,325	131,7250
14,3724	-55,327	131,7300
14,3712	-55,330	131,7350
14,3670	-55,332	131,7400
14,3763	-55,334	131,7450
14,3774	-55,336	131,7500
14,3766	-55,338	131,7550
14,3844	-55,340	131,7600
14,3756	-55,342	131,7650
14,3652	-55,344	131,7700
14,3661	-55,346	131,7750
14,3677	-55,348	131,7800
14,3712	-55,351	131,7850
14,3794	-55,353	131,7900
14,3815	-55,355	131,7950
14,3730	-55,357	131,8000
14,3816	-55,359	131,8050
14,3863	-55,361	131,8100
14,3835	-55,363	131,8150
14,3845	-55,365	131,8200
14,3884	-55,367	131,8250
14,3862	-55,369	131,8300
14,3791	-55,372	131,8350
14,3848	-55,374	131,8400
14,3792	-55,376	131,8450
14,3820	-55,378	131,8500
14,3929	-55,380	131,8550
14,3882	-55,382	131,8600
14,3837	-55,384	131,8650
14,3939	-55,386	131,8700
14,3923	-55,388	131,8750
14,3881	-55,390	131,8800
14,3850	-55,393	131,8850
14,3872	-55,395	131,8900
14,3858	-55,397	131,8950
14,3890	-55,399	131,9000
14,3915	-55,401	131,9050
14,3801	-55,403	131,9100
14,3850	-55,405	131,9150
14,3992	-55,407	131,9200
14,3955	-55,409	131,9250
14,3891	-55,411	131,9300
14,3933	-55,414	131,9350
14,3972	-55,416	131,9400
14,3994	-55,418	131,9450
14,4042	-55,420	131,9500
14,3985	-55,422	131,9550
14,3966	-55,424	131,9600
14,4055	-55,426	131,9650
14,4052	-55,428	131,9700
14,4039	-55,430	131,9750
14,4125	-55,432	131,9800
14,4099	-55,435	131,9850
14,3955	-55,437	131,9900
14,3998	-55,439	131,9950
14,4113	-55,441	132,0000
14,4082	-55,443	132,0050
14,4005	-55,445	132,0100
14,4045	-55,447	132,0150
14,4029	-55,449	132,0200
14,3997	-55,451	132,0250
14,4054	-55,453	132,0300
14,4044	-55,456	132,0350
14,3995	-55,458	132,0400
14,4100	-55,460	132,0450
14,4090	-55,462	132,0500
14,4037	-55,464	132,0550
14,4142	-55,466	132,0600
14,4160	-55,468	132,0650
14,4132	-55,470	132,0700
14,4170	-55,472	132,0750
14,4159	-55,474	132,0800
14,4048	-55,477	132,0850
14,4146	-55,479	132,0900
14,4224	-55,481	132,0950
14,4151	-55,483	132,1000
14,4161	-55,485	132,1050
14,4168	-55,487	132,1100
14,4173	-55,489	132,1150
14,4196	-55,491	132,1200
14,4263	-55,493	132,1250
14,4212	-55,495	132,1300
14,4229	-55,498	132,1350
14,4342	-55,500	132,1400
14,4287	-55,502	132,1450
14,4120	-55,504	132,1500
14,4194	-55,506	132,1550
14,4273	-55,508	132,1600
14,4274	-55,510	132,1650
14,4254	-55,512	132,1700
14,4206	-55,514	132,1750
14,4094	-55,516	132,1800
14,4145	-55,519	132,1850
14,4259	-55,521	132,1900
14,4224	-55,523	132,1950
14,4244	-55,525	132,2000
14,4349	-55,527	132,2050
14,4250	-55,529	132,2100
14,4244	-55,531	132,2150
14,4328	-55,533	132,2200
14,4270	-55,535	132,2250
14,4236	-55,537	132,2300
14,4311	-55,540	132,2350
14,4291	-55,542	132,2400
14,4201	-55,544	132,2450
14,4296	-55,546	132,2500
14,4341	-55,548	132,2550
14,4312	-55,550	132,2600
14,4410	-55,552	132,2650
14,4481	-55,554	132,2700
14,4382	-55,556	132,2750
14,4392	-55,558	132,2800
14,4387	-55,561	132,2850
14,4296	-55,563	132,2900
14,4362	-55,565	132,2950
14,4466	-55,567	132,3000
14,4453	-55,569	132,3050
14,4401	-55,571	132,3100
14,4466	-55,573	132,3150
14,4492	-55,575	132,3200
14,4433	-55,577	132,3250
14,4424	-55,579	132,3300
14,4356	-55,582	132,3350
14,4328	-55,584	132,3400
14,4460	-55,586	132,3450
14,4460	-55,588	132,3500
14,4443	-55,590	132,3550
14,4449	-55,592	132,3600
14,4507	-55,594	132,3650
14,4453	-55,596	132,3700
14,4481	-55,598	132,3750
14,4559	-55,600	132,3800
14,4524	-55,603	132,3850
14,4497	-55,605	132,3900
14,4612	-55,607	132,3950
14,4581	-55,609	132,4000
14,4402	-55,611	132,4050
14,4470	-55,613	132,4100
14,4530	-55,615	132,4150
14,4535	-55,617	132,4200
14,4611	-55,619	132,4250
14,4626	-55,621	132,4300
14,4517	-55,624	132,4350
14,4524	-55,626	132,4400
14,4598	-55,628	132,4450
14,4583	-55,630	132,4500
14,4580	-55,632	132,4550
14,4578	-55,634	132,4600
14,4487	-55,636	132,4650
14,4520	-55,638	132,4700
14,4557	-55,640	132,4750
14,4626	-55,642	132,4800
14,4596	-55,645	132,4850
14,4623	-55,647	132,4900
14,4577	-55,649	132,4950
14,4621	-55,651	132,5000
14,4749	-55,653	132,5050
14,4699	-55,655	132,5100
14,4620	-55,657	132,5150
14,4679	-55,659	132,5200
14,4678	-55,661	132,5250
14,4600	-55,663	132,5300
14,4652	-55,666	132,5350
14,4690	-55,668	132,5400
14,4650	-55,670	132,5450
14,4657	-55,672	132,5500
14,4753	-55,674	132,5550
14,4622	-55,676	132,5600
14,4646	-55,678	132,5650
14,4804	-55,680	132,5700
14,4751	-55,682	132,5750
14,4772	-55,684	132,5800
14,4775	-55,687	132,5850
14,4761	-55,689	132,5900
14,4707	-55,691	132,5950
14,4747	-55,693	132,6000
14,4789	-55,695	132,6050
14,4770	-55,697	132,6100
14,4797	-55,699	132,6150
14,4792	-55,701	132,6200
14,4705	-55,703	132,6250
14,4737	-55,705	132,6300
14,4830	-55,708	132,6350
14,4890	-55,710	132,6400
14,4880	-55,712	132,6450
14,4910	-55,714	132,6500
14,4796	-55,716	132,6550
14,4758	-55,718	132,6600
14,4806	-55,720	132,6650
14,4747	-55,722	132,6700
14,4861	-55,724	132,6750
14,4952	-55,726	132,6800
14,4822	-55,729	132,6850
14,4776	-55,731	132,6900
14,4907	-55,733	132,6950
14,4924	-55,735	132,7000
14,4847	-55,737	132,7050
14,4917	-55,739	132,7100
14,4958	-55,741	132,7150
14,4889	-55,743	132,7200
14,4949	-55,745	132,7250
14,4944	-55,747	132,7300
14,4842	-55,750	132,7350
14,4849	-55,752	132,7400
14,4928	-55,754	132,7450
14,4851	-55,756	132,7500
14,4883	-55,758	132,7550
14,4982	-55,760	132,7600
14,4895	-55,762	132,7650
14,4872	-55,764	132,7700
14,5016	-55,766	132,7750
14,4999	-55,768	132,7800
14,4908	-55,771	132,7850
14,4874	-55,773	132,7900
14,4899	-55,775	132,7950
14,4878	-55,777	132,8000
14,4929	-55,779	132,8050
14,4976	-55,781	132,8100
14,4958	-55,783	132,8150
14,5006	-55,785	132,8200
14,5036	-55,787	132,8250
14,5074	-55,789	132,8300
14,5100	-55,792	132,8350
14,5075	-55,794	132,8400
14,4964	-55,796	132,8450
14,4986	-55,798	132,8500
14,5074	-55,800	132,8550
14,4987	-55,802	132,8600
14,4944	-55,804	132,8650
14,5087	-55,806	132,8700
14,5089	-55,808	132,8750
14,5066	-55,810	132,8800
14,5175	-55,813	132,8850
14,5181	-55,815	132,8900
14,5099	-55,817	132,8950
14,5147	-55,819	132,9000
14,5100	-55,821	132,9050
14,5065	-55,823	132,9100
14,5109	-55,825	132,9150
14,5159	-55,827	132,9200
14,5147	-55,829	132,9250
14,5136	-55,831	132,9300
14,5202	-55,834	132,9350
14,5099	-55,836	132,9400
14,5113	-55,838	132,9450
14,5169	-55,840	132,9500
14,5192	-55,842	132,9550
14,5193	-55,844	132,9600
14,5267	-55,846	132,9650
14,5231	-55,848	132,9700
14,5175	-55,850	132,9750
14,5235	-55,852	132,9800
14,5268	-55,855	132,9850
14,5273	-55,857	132,9900
14,5371	-55,859	132,9950
14,5318	-55,861	133,0000
14,5257	-55,863	133,0050
14,5253	-55,865	133,0100
14,5202	-55,867	133,0150
14,5211	-55,869	133,0200
14,5241	-55,871	133,0250
14,5307	-55,873	133,0300
14,5242	-55,876	133,0350
14,5286	-55,878	133,0400
14,5373	-55,880	133,0450
14,5297	-55,882	133,0500
14,5260	-55,884	133,0550
14,5289	-55,886	133,0600
14,5308	-55,888	133,0650
14,5310	-55,890	133,0700
14,5434	-55,892	133,0750
14,5468	-55,894	133,0800
14,5367	-55,897	133,0850
14,5429	-55,899	133,0900
14,5404	-55,901	133,0950
14,5286	-55,903	133,1000
14,5322	-55,905	133,1050
14,5429	-55,907	133,1100
14,5428	-55,909	133,1150
14,5415	-55,911	133,1200
14,5469	-55,913	133,1250
14,5401	-55,915	133,1300
14,5383	-55,918	133,1350
14,5407	-55,920	133,1400
14,5442	-55,922	133,1450
14,5426	-55,924	133,1500
14,5464	-55,926	133,1550
14,5381	-55,928	133,1600
14,5277	-55,930	133,1650
14,5347	-55,932	133,1700
14,5520	-55,934	133,1750
14,5512	-55,936	133,1800
14,5506	-55,939	133,1850
14,5522	-55,941	133,1900
14,5422	-55,943	133,1950
14,5446	-55,945	133,2000
14,5575	-55,947	133,2050
14,5491	-55,949	133,2100
14,5434	-55,951	133,2150
14,5493	-55,953	133,2200
14,5417	-55,955	133,2250
14,5441	-55,957	133,2300
14,5531	-55,960	133,2350
14,5547	-55,962	133,2400
14,5533	-55,964	133,2450
14,5626	-55,966	133,2500
14,5632	-55,968	133,2550
14,5533	-55,970	133,2600
14,5577	-55,972	133,2650
14,5638	-55,974	133,2700
14,5502	-55,976	133,2750
14,5550	-55,978	133,2800
14,5642	-55,981	133,2850
14,5583	-55,983	133,2900
14,5611	-55,985	133,2950
14,5619	-55,987	133,3000
14,5610	-55,989	133,3050
14,5609	-55,991	133,3100
14,5708	-55,993	133,3150
14,5658	-55,995	133,3200
14,5635	-55,997	133,3250
14,5677	-55,999	133,3300
14,5618	-56,002	133,3350
14,5527	-56,004	133,3400
14,5682	-56,006	133,3450
14,5811	-56,008	133,3500
14,5676	-56,010	133,3550
14,5622	-56,012	133,3600
14,5687	-56,014	133,3650
14,5669	-56,016	133,3700
14,5727	-56,018	133,3750
14,5740	-56,020	133,3800
14,5606	-56,023	133,3850
14,5598	-56,025	133,3900
14,5707	-56,027	133,3950
14,5697	-56,029	133,4000
14,5716	-56,031	133,4050
14,5858	-56,033	133,4100
14,5788	-56,035	133,4150
14,5739	-56,037	133,4200
14,5774	-56,039	133,4250
14,5763	-56,041	133,4300
14,5743	-56,044	133,4350
14,5796	-56,046	133,4400
14,5771	-56,048	133,4450
14,5703	-56,050	133,4500
14,5847	-56,052	133,4550
14,5927	-56,054	133,4600
14,5830	-56,056	133,4650
14,5809	-56,058	133,4700
14,5847	-56,060	133,4750
14,5800	-56,062	133,4800
14,5838	-56,065	133,4850
14,5850	-56,067	133,4900
14,5805	-56,069	133,4950
14,5781	-56,071	133,5000
14,5816	-56,073	133,5050
14,5825	-56,075	133,5100
14,5800	-56,077	133,5150
14,5905	-56,079	133,5200
14,5897	-56,081	133,5250
14,5840	-56,083	133,5300
14,5925	-56,086	133,5350
14,5965	-56,088	133,5400
14,5885	-56,090	133,5450
14,5901	-56,092	133,5500
14,5967	-56,094	133,5550
14,5875	-56,096	133,5600
14,5878	-56,098	133,5650
14,5900	-56,100	133,5700
14,5847	-56,102	133,5750
14,5898	-56,104	133,5800
14,6050	-56,107	133,5850
14,5998	-56,109	133,5900
14,5971	-56,111	133,5950
14,6009	-56,113	133,6000
14,5995	-56,115	133,6050
14,6025	-56,117	133,6100
14,6136	-56,119	133,6150
14,6077	-56,121	133,6200
14,5959	-56,123	133,6250
14,6008	-56,125	133,6300
14,6026	-56,128	133,6350
14,5939	-56,130	133,6400
14,5918	-56,132	133,6450
14,6062	-56,134	133,6500
14,6062	-56,136	133,6550
14,6066	-56,138	133,6600
14,6086	-56,140	133,6650
14,6012	-56,142	133,6700
14,5972	-56,144	133,6750
14,6016	-56,146	133,6800
14,6014	-56,149	133,6850
14,6002	-56,151	133,6900
14,6098	-56,153	133,6950
14,6104	-56,155	133,7000
14,6014	-56,157	133,7050
14,6121	-56,159	133,7100
14,6101	-56,161	133,7150
14,6018	-56,163	133,7200
14,6073	-56,165	133,7250
14,6129	-56,167	133,7300
14,6149	-56,170	133,7350
14,6139	-56,172	133,7400
14,6169	-56,174	133,7450
14,6076	-56,176	133,7500
14,6104	-56,178	133,7550
14,6162	-56,180	133,7600
14,6097	-56,182	133,7650
14,6048	-56,184	133,7700
14,6193	-56,186	133,7750
14,6249	-56,188	133,7800
14,6184	-56,191	133,7850
14,6170	-56,193	133,7900
14,6169	-56,195	133,7950
14,6133	-56,197	133,8000
14,6241	-56,199	133,8050
14,6252	-56,201	133,8100
14,6237	-56,203	133,8150
14,6249	-56,205	133,8200
14,6240	-56,207	133,8250
14,6123	-56,209	133,8300
14,6107	-56,212	133,8350
14,6215	-56,214	133,8400
14,6203	-56,216	133,8450
14,6254	-56,218	133,8500
14,6311	-56,220	133,8550
14,6302	-56,222	133,8600
14,6300	-56,224	133,8650
14,6353	-56,226	133,8700
14,6284	-56,228	133,8750
14,6266	-56,230	133,8800
14,6321	-56,233	133,8850
14,6334	-56,235	133,8900
14,6275	-56,237	133,8950
14,6284	-56,239	133,9000
14,6337	-56,241	133,9050
14,6324	-56,243	133,9100
14,6372	-56,245	133,9150
14,6326	-56,247	133,9200
14,6241	-56,249	133,9250
14,6264	-56,251	133,9300
14,6381	-56,254	133,9350
14,6349	-56,256	133,9400
14,6333	-56,258	133,9450
14,6408	-56,260	133,9500
14,6333	-56,262	133,9550
14,6278	-56,264	133,9600
14,6376	-56,266	133,9650
14,6352	-56,268	133,9700
14,6310	-56,270	133,9750
14,6421	-56,272	133,9800
14,6483	-56,275	133,9850
14,6350	-56,277	133,9900
14,6365	-56,279	133,9950
14,6428	-56,281	134,0000
14,6412	-56,283	134,0050
14,6383	-56,285	134,0100
14,6466	-56,287	134,0150
14,6461	-56,289	134,0200
14,6472	-56,291	134,0250
14,6540	-56,293	134,0300
14,6503	-56,296	134,0350
14,6442	-56,298	134,0400
14,6490	-56,300	134,0450
14,6522	-56,302	134,0500
14,6467	-56,304	134,0550
14,6533	-56,306	134,0600
14,6508	-56,308	134,0650
14,6496	-56,310	134,0700
14,6587	-56,312	134,0750
14,6600	-56,314	134,0800
14,6512	-56,317	134,0850
14,6597	-56,319	134,0900
14,6663	-56,321	134,0950
14,6600	-56,323	134,1000
14,6617	-56,325	134,1050
14,6661	-56,327	134,1100
14,6634	-56,329	134,1150
14,6584	-56,331	134,1200
14,6622	-56,333	134,1250
14,6605	-56,335	134,1300
14,6578	-56,338	134,1350
14,6592	-56,340	134,1400
14,6589	-56,342	134,1450
14,6554	-56,344	134,1500
14,6605	-56,346	134,1550
14,6625	-56,348	134,1600
14,6601	-56,350	134,1650
14,6645	-56,352	134,1700
14,6686	-56,354	134,1750
14,6670	-56,356	134,1800
14,6679	-56,359	134,1850
14,6627	-56,361	134,1900
14,6575	-56,363	134,1950
14,6626	-56,365	134,2000
14,6687	-56,367	134,2050
14,6668	-56,369	134,2100
14,6672	-56,371	134,2150
14,6716	-56,373	134,2200
14,6694	-56,375	134,2250
14,6648	-56,377	134,2300
14,6698	-56,380	134,2350
14,6675	-56,382	134,2400
14,6631	-56,384	134,2450
14,6732	-56,386	134,2500
14,6731	-56,388	134,2550
14,6703	-56,390	134,2600
14,6735	-56,392	134,2650
14,6762	-56,394	134,2700
14,6730	-56,396	134,2750
14,6824	-56,398	134,2800
14,6904	-56,401	134,2850
14,6808	-56,403	134,2900
14,6773	-56,405	134,2950
14,6856	-56,407	134,3000
14,6816	-56,409	134,3050
14,6806	-56,411	134,3100
14,6887	-56,413	134,3150
14,6871	-56,415	134,3200
14,6901	-56,417	134,3250
14,6943	-56,419	134,3300
14,6824	-56,422	134,3350
14,6771	-56,424	134,3400
14,6890	-56,426	134,3450
14,6899	-56,428	134,3500
14,6877	-56,430	134,3550
14,6914	-56,432	134,3600
14,6915	-56,434	134,3650
14,6871	-56,436	134,3700
14,6847	-56,438	134,3750
14,6847	-56,440	134,3800
14,6774	-56,443	134,3850
14,6820	-56,445	134,3900
14,6957	-56,447	134,3950
14,6939	-56,449	134,4000
14,6925	-56,451	134,4050
14,6966	-56,453	134,4100
14,6946	-56,455	134,4150
14,6947	-56,457	134,4200
14,6984	-56,459	134,4250
14,6984	-56,461	134,4300
14,6915	-56,464	134,4350
14,6988	-56,466	134,4400
14,7005	-56,468	134,4450
14,6974	-56,470	134,4500
14,7022	-56,472	134,4550
14,7050	-56,474	134,4600
14,6971	-56,476	134,4650
14,7018	-56,478	134,4700
14,7068	-56,480	134,4750
14,7013	-56,482	134,4800
14,7052	-56,485	134,4850
14,7111	-56,487	134,4900
14,7032	-56,489	134,4950
14,6977	-56,491	134,5000
14,7084	-56,493	134,5050
14,7045	-56,495	134,5100
14,6933	-56,497	134,5150
14,7020	-56,499	134,5200
14,7080	-56,501	134,5250
14,6990	-56,503	134,5300
14,7120	-56,506	134,5350
14,7191	-56,508	134,5400
14,7137	-56,510	134,5450
14,7162	-56,512	134,5500
14,7206	-56,514	134,5550
14,7128	-56,516	134,5600
14,7181	-56,518	134,5650
14,7208	-56,520	134,5700
14,7123	-56,522	134,5750
14,7129	-56,524	134,5800
14,7200	-56,527	134,5850
14,7163	-56,529	134,5900
14,7137	-56,531	134,5950
14,7207	-56,533	134,6000
14,7235	-56,535	134,6050
14,7223	-56,537	134,6100
14,7291	-56,539	134,6150
14,7293	-56,541	134,6200
14,7244	-56,543	134,6250
14,7318	-56,545	134,6300
14,7300	-56,548	134,6350
14,7209	-56,550	134,6400
14,7236	-56,552	134,6450
14,7283	-56,554	134,6500
14,7197	-56,556	134,6550
14,7254	-56,558	134,6600
14,7305	-56,560	134,6650
14,7239	-56,562	134,6700
14,7275	-56,564	134,6750
14,7375	-56,566	134,6800
14,7285	-56,569	134,6850
14,7160	-56,571	134,6900
14,7253	-56,573	134,6950
14,7313	-56,575	134,7000
14,7314	-56,577	134,7050
14,7409	-56,579	134,7100
14,7392	-56,581	134,7150
14,7305	-56,583	134,7200
14,7314	-56,585	134,7250
14,7319	-56,587	134,7300
14,7316	-56,590	134,7350
14,7346	-56,592	134,7400
14,7471	-56,594	134,7450
14,7351	-56,596	134,7500
14,7353	-56,598	134,7550
14,7384	-56,600	134,7600
14,7292	-56,602	134,7650
14,7343	-56,604	134,7700
14,7514	-56,606	134,7750
14,7460	-56,608	134,7800
14,7420	-56,611	134,7850
14,7471	-56,613	134,7900
14,7485	-56,615	134,7950
14,7396	-56,617	134,8000
14,7481	-56,619	134,8050
14,7482	-56,621	134,8100
14,7401	-56,623	134,8150
14,7468	-56,625	134,8200
14,7483	-56,627	134,8250
14,7433	-56,629	134,8300
14,7399	-56,632	134,8350
14,7457	-56,634	134,8400
14,7423	-56,636	134,8450
14,7466	-56,638	134,8500
14,7480	-56,640	134,8550
14,7404	-56,642	134,8600
14,7432	-56,644	134,8650
14,7542	-56,646	134,8700
14,7542	-56,648	134,8750
14,7528	-56,650	134,8800
14,7572	-56,653	134,8850
14,7572	-56,655	134,8900
14,7529	-56,657	134,8950
14,7599	-56,659	134,9000
14,7611	-56,661	134,9050
14,7550	-56,663	134,9100
14,7567	-56,665	134,9150
14,7569	-56,667	134,9200
14,7554	-56,669	134,9250
14,7557	-56,671	134,9300
14,7613	-56,674	134,9350
14,7549	-56,676	134,9400
14,7513	-56,678	134,9450
14,7576	-56,680	134,9500
14,7547	-56,682	134,9550
14,7547	-56,684	134,9600
14,7682	-56,686	134,9650
14,7685	-56,688	134,9700
14,7640	-56,690	134,9750
14,7738	-56,692	134,9800
14,7793	-56,695	134,9850
14,7671	-56,697	134,9900
14,7681	-56,699	134,9950
14,7672	-56,701	135,0000
14,7616	-56,703	135,0050
14,7659	-56,705	135,0100
14,7767	-56,707	135,0150
14,7757	-56,709	135,0200
14,7700	-56,711	135,0250
14,7764	-56,713	135,0300
14,7662	-56,716	135,0350
14,7608	-56,718	135,0400
14,7661	-56,720	135,0450
14,7671	-56,722	135,0500
14,7716	-56,724	135,0550
14,7830	-56,726	135,0600
14,7800	-56,728	135,0650
14,7700	-56,730	135,0700
14,7738	-56,732	135,0750
14,7746	-56,734	135,0800
14,7735	-56,737	135,0850
14,7912	-56,739	135,0900
14,7919	-56,741	135,0950
14,7802	-56,743	135,1000
14,7774	-56,745	135,1050
14,7799	-56,747	135,1100
14,7819	-56,749	135,1150
14,7836	-56,751	135,1200
14,7882	-56,753	135,1250
14,7773	-56,755	135,1300
14,7772	-56,758	135,1350
14,7912	-56,760	135,1400
14,7873	-56,762	135,1450
14,7787	-56,764	135,1500
14,7953	-56,766	135,1550
14,7940	-56,768	135,1600
14,7855	-56,770	135,1650
14,7887	-56,772	135,1700
14,7889	-56,774	135,1750
14,7789	-56,776	135,1800
14,7850	-56,779	135,1850
14,7881	-56,781	135,1900
14,7833	-56,783	135,1950
14,7889	-56,785	135,2000
14,7976	-56,787	135,2050
14,7948	-56,789	135,2100
14,7929	-56,791	135,2150
14,8054	-56,793	135,2200
14,8013	-56,795	135,2250
14,7909	-56,797	135,2300
14,7955	-56,800	135,2350
14,7871	-56,802	135,2400
14,7879	-56,804	135,2450
14,8004	-56,806	135,2500
14,8009	-56,808	135,2550
14,7930	-56,810	135,2600
14,7966	-56,812	135,2650
14,7986	-56,814	135,2700
14,7916	-56,816	135,2750
14,7943	-56,818	135,2800
14,7984	-56,821	135,2850
14,7956	-56,823	135,2900
14,8020	-56,825	135,2950
14,8050	-56,827	135,3000
14,8031	-56,829	135,3050
14,8053	-56,831	135,3100
14,8158	-56,833	135,3150
14,8143	-56,835	135,3200
14,8001	-56,837	135,3250
14,8095	-56,839	135,3300
14,8055	-56,842	135,3350
14,7975	-56,844	135,3400
14,8031	-56,846	135,3450
14,8064	-56,848	135,3500
14,8041	-56,850	135,3550
14,8048	-56,852	135,3600
14,8047	-56,854	135,3650
14,8071	-56,856	135,3700
14,8118	-56,858	135,3750
14,8158	-56,860	135,3800
14,8044	-56,863	135,3850
14,8034	-56,865	135,3900
14,8106	-56,867	135,3950
14,8061	-56,869	135,4000
14,8102	-56,871	135,4050
14,8188	-56,873	135,4100
14,8195	-56,875	135,4150
14,8160	-56,877	135,4200
14,8221	-56,879	135,4250
14,8137	-56,881	135,4300
14,8156	-56,884	135,4350
14,8325	-56,886	135,4400
14,8281	-56,888	135,4450
14,8153	-56,890	135,4500
14,8168	-56,892	135,4550
14,8280	-56,894	135,4600
14,8231	-56,896	135,4650
14,8224	-56,898	135,4700
14,8273	-56,900	135,4750
14,8151	-56,902	135,4800
14,8197	-56,905	135,4850
14,8357	-56,907	135,4900
14,8277	-56,909	135,4950
14,8167	-56,911	135,5000
14,8259	-56,913	135,5050
14,8253	-56,915	135,5100
14,8193	-56,917	135,5150
14,8280	-56,919	135,5200
14,8276	-56,921	135,5250
14,8205	-56,923	135,5300
14,8251	-56,926	135,5350
14,8282	-56,928	135,5400
14,8275	-56,930	135,5450
14,8329	-56,932	135,5500
14,8389	-56,934	135,5550
14,8329	-56,936	135,5600
14,8319	-56,938	135,5650
14,8372	-56,940	135,5700
14,8374	-56,942	135,5750
14,8405	-56,944	135,5800
14,8515	-56,947	135,5850
14,8536	-56,949	135,5900
14,8430	-56,951	135,5950
14,8417	-56,953	135,6000
14,8377	-56,955	135,6050
14,8309	-56,957	135,6100
14,8405	-56,959	135,6150
14,8484	-56,961	135,6200
14,8431	-56,963	135,6250
14,8456	-56,965	135,6300
14,8446	-56,968	135,6350
14,8374	-56,970	135,6400
14,8376	-56,972	135,6450
14,8486	-56,974	135,6500
14,8473	-56,976	135,6550
14,8489	-56,978	135,6600
14,8537	-56,980	135,6650
14,8478	-56,982	135,6700
14,8443	-56,984	135,6750
14,8475	-56,986	135,6800
14,8509	-56,989	135,6850
14,8519	-56,991	135,6900
14,8585	-56,993	135,6950
14,8544	-56,995	135,7000
14,8506	-56,997	135,7050
14,8574	-56,999	135,7100
14,8548	-57,001	135,7150
14,8470	-57,003	135,7200
14,8533	-57,005	135,7250
14,8577	-57,007	135,7300
14,8500	-57,010	135,7350
14,8530	-57,012	135,7400
14,8639	-57,014	135,7450
14,8620	-57,016	135,7500
14,8682	-57,018	135,7550
14,8664	-57,020	135,7600
14,8582	-57,022	135,7650
14,8538	-57,024	135,7700
14,8644	-57,026	135,7750
14,8607	-57,028	135,7800
14,8606	-57,031	135,7850
14,8646	-57,033	135,7900
14,8569	-57,035	135,7950
14,8525	-57,037	135,8000
14,8609	-57,039	135,8050
14,8611	-57,041	135,8100
14,8579	-57,043	135,8150
14,8682	-57,045	135,8200
14,8702	-57,047	135,8250
14,8613	-57,049	135,8300
14,8628	-57,052	135,8350
14,8744	-57,054	135,8400
14,8651	-57,056	135,8450
14,8688	-57,058	135,8500
14,8772	-57,060	135,8550
14,8724	-57,062	135,8600
14,8754	-57,064	135,8650
14,8842	-57,066	135,8700
14,8762	-57,068	135,8750
14,8616	-57,070	135,8800
14,8693	-57,073	135,8850
14,8799	-57,075	135,8900
14,8727	-57,077	135,8950
14,8739	-57,079	135,9000
14,8720	-57,081	135,9050
14,8659	-57,083	135,9100
14,8722	-57,085	135,9150
14,8810	-57,087	135,9200
14,8728	-57,089	135,9250
14,8757	-57,091	135,9300
14,8854	-57,094	135,9350
14,8775	-57,096	135,9400
14,8748	-57,098	135,9450
14,8806	-57,100	135,9500
14,8728	-57,102	135,9550
14,8712	-57,104	135,9600
14,8851	-57,106	135,9650
14,8876	-57,108	135,9700
14,8875	-57,110	135,9750
14,8888	-57,112	135,9800
14,8817	-57,115	135,9850
14,8758	-57,117	135,9900
14,8907	-57,119	135,9950
14,8972	-57,121	136,0000
14,8929	-57,123	136,0050
14,8917	-57,125	136,0100
14,8929	-57,127	136,0150
14,8893	-57,129	136,0200
14,8941	-57,131	136,0250
14,9036	-57,133	136,0300
14,8951	-57,136	136,0350
14,8915	-57,138	136,0400
14,8996	-57,140	136,0450
14,8959	-57,142	136,0500
14,8861	-57,144	136,0550
14,8934	-57,146	136,0600
14,9005	-57,148	136,0650
14,9018	-57,150	136,0700
14,9017	-57,152	136,0750
14,9020	-57,154	136,0800
14,8918	-57,157	136,0850
14,8931	-57,159	136,0900
14,8974	-57,161	136,0950
14,8923	-57,163	136,1000
14,8978	-57,165	136,1050
14,9059	-57,167	136,1100
14,9010	-57,169	136,1150
14,9010	-57,171	136,1200
14,9094	-57,173	136,1250
14,9032	-57,175	136,1300
14,8967	-57,178	136,1350
14,9043	-57,180	136,1400
14,9131	-57,182	136,1450
14,9120	-57,184	136,1500
14,9140	-57,186	136,1550
14,9125	-57,188	136,1600
14,9100	-57,190	136,1650
14,9098	-57,192	136,1700
14,9131	-57,194	136,1750
14,9067	-57,196	136,1800
14,9137	-57,199	136,1850
14,9156	-57,201	136,1900
14,9059	-57,203	136,1950
14,9146	-57,205	136,2000
14,9279	-57,207	136,2050
14,9167	-57,209	136,2100
14,9143	-57,211	136,2150
14,9250	-57,213	136,2200
14,9256	-57,215	136,2250
14,9217	-57,217	136,2300
14,9249	-57,220	136,2350
14,9165	-57,222	136,2400
14,9177	-57,224	136,2450
14,9320	-57,226	136,2500
14,9309	-57,228	136,2550
14,9273	-57,230	136,2600
14,9305	-57,232	136,2650
14,9315	-57,234	136,2700
14,9229	-57,236	136,2750
14,9253	-57,238	136,2800
14,9220	-57,241	136,2850
14,9156	-57,243	136,2900
14,9218	-57,245	136,2950
14,9329	-57,247	136,3000
14,9234	-57,249	136,3050
14,9178	-57,251	136,3100
14,9269	-57,253	136,3150
14,9271	-57,255	136,3200
14,9245	-57,257	136,3250
14,9330	-57,259	136,3300
14,9267	-57,262	136,3350
14,9204	-57,264	136,3400
14,9268	-57,266	136,3450
14,9272	-57,268	136,3500
14,9250	-57,270	136,3550
14,9290	-57,272	136,3600
14,9383	-57,274	136,3650
14,9305	-57,276	136,3700
14,9291	-57,278	136,3750
14,9309	-57,280	136,3800
14,9274	-57,283	136,3850
14,9312	-57,285	136,3900
14,9344	-57,287	136,3950
14,9296	-57,289	136,4000
14,9296	-57,291	136,4050
14,9402	-57,293	136,4100
14,9426	-57,295	136,4150
14,9385	-57,297	136,4200
14,9468	-57,299	136,4250
14,9429	-57,301	136,4300
14,9294	-57,304	136,4350
14,9379	-57,306	136,4400
14,9439	-57,308	136,4450
14,9475	-57,310	136,4500
14,9522	-57,312	136,4550
14,9603	-57,314	136,4600
14,9427	-57,316	136,4650
14,9361	-57,318	136,4700
14,9385	-57,320	136,4750
14,9394	-57,322	136,4800
14,9418	-57,325	136,4850
14,9506	-57,327	136,4900
14,9518	-57,329	136,4950
14,9545	-57,331	136,5000
14,9659	-57,333	136,5050
14,9601	-57,335	136,5100
14,9471	-57,337	136,5150
14,9501	-57,339	136,5200
14,9526	-57,341	136,5250
14,9448	-57,343	136,5300
14,9524	-57,346	136,5350
14,9617	-57,348	136,5400
14,9550	-57,350	136,5450
14,9554	-57,352	136,5500
14,9618	-57,354	136,5550
14,9601	-57,356	136,5600
14,9623	-57,358	136,5650
14,9644	-57,360	136,5700
14,9616	-57,362	136,5750
14,9640	-57,364	136,5800
14,9673	-57,367	136,5850
14,9585	-57,369	136,5900
14,9578	-57,371	136,5950
14,9711	-57,373	136,6000
14,9717	-57,375	136,6050
14,9673	-57,377	136,6100
14,9725	-57,379	136,6150
14,9624	-57,381	136,6200
14,9529	-57,383	136,6250
14,9679	-57,385	136,6300
14,9742	-57,388	136,6350
14,9740	-57,390	136,6400
14,9775	-57,392	136,6450
14,9778	-57,394	136,6500
14,9574	-57,396	136,6550
14,9600	-57,398	136,6600
14,9756	-57,400	136,6650
14,9759	-57,402	136,6700
14,9733	-57,404	136,6750
14,9801	-57,406	136,6800
14,9710	-57,409	136,6850
14,9624	-57,411	136,6900
14,9744	-57,413	136,6950
14,9755	-57,415	136,7000
14,9677	-57,417	136,7050
14,9798	-57,419	136,7100
14,9814	-57,421	136,7150
14,9712	-57,423	136,7200
14,9721	-57,425	136,7250
14,9794	-57,427	136,7300
14,9793	-57,430	136,7350
14,9803	-57,432	136,7400
14,9906	-57,434	136,7450
14,9847	-57,436	136,7500
14,9782	-57,438	136,7550
14,9795	-57,440	136,7600
14,9748	-57,442	136,7650
14,9785	-57,444	136,7700
14,9929	-57,446	136,7750
14,9903	-57,448	136,7800
14,9797	-57,451	136,7850
14,9877	-57,453	136,7900
14,9924	-57,455	136,7950
14,9824	-57,457	136,8000
14,9816	-57,459	136,8050
14,9781	-57,461	136,8100
14,9787	-57,463	136,8150
14,9918	-57,465	136,8200
14,9953	-57,467	136,8250
14,9870	-57,469	136,8300
14,9841	-57,472	136,8350
14,9930	-57,474	136,8400
14,9864	-57,476	136,8450
14,9858	-57,478	136,8500
15,0027	-57,480	136,8550
14,9982	-57,482	136,8600
14,9961	-57,484	136,8650
14,9999	-57,486	136,8700
14,9937	-57,488	136,8750
14,9914	-57,490	136,8800
14,9997	-57,493	136,8850
15,0036	-57,495	136,8900
14,9985	-57,497	136,8950
15,0028	-57,499	136,9000
15,0051	-57,501	136,9050
14,9979	-57,503	136,9100
15,0013	-57,505	136,9150
14,9998	-57,507	136,9200
14,9930	-57,509	136,9250
14,9929	-57,511	136,9300
15,0109	-57,514	136,9350
15,0139	-57,516	136,9400
15,0092	-57,518	136,9450
15,0107	-57,520	136,9500
15,0131	-57,522	136,9550
15,0123	-57,524	136,9600
15,0157	-57,526	136,9650
15,0074	-57,528	136,9700
15,0021	-57,530	136,9750
15,0087	-57,532	136,9800
15,0173	-57,535	136,9850
15,0102	-57,537	136,9900
15,0130	-57,539	136,9950
15,0091	-57,541	137,0000
15,0039	-57,543	137,0050
15,0098	-57,545	137,0100
15,0087	-57,547	137,0150
15,0108	-57,549	137,0200
15,0124	-57,551	137,0250
15,0194	-57,553	137,0300
15,0111	-57,556	137,0350
15,0077	-57,558	137,0400
15,0220	-57,560	137,0450
15,0178	-57,562	137,0500
15,0106	-57,564	137,0550
15,0204	-57,566	137,0600
15,0235	-57,568	137,0650
15,0162	-57,570	137,0700
15,0176	-57,572	137,0750
15,0140	-57,574	137,0800
15,0056	-57,577	137,0850
15,0124	-57,579	137,0900
15,0204	-57,581	137,0950
15,0174	-57,583	137,1000
15,0222	-57,585	137,1050
15,0247	-57,587	137,1100
15,0181	-57,589	137,1150
15,0206	-57,591	137,1200
15,0315	-57,593	137,1250
15,0284	-57,595	137,1300
15,0317	-57,598	137,1350
15,0305	-57,600	137,1400
15,0293	-57,602	137,1450
15,0227	-57,604	137,1500
15,0285	-57,606	137,1550
15,0322	-57,608	137,1600
15,0295	-57,610	137,1650
15,0381	-57,612	137,1700
15,0432	-57,614	137,1750
15,0346	-57,616	137,1800
15,0417	-57,619	137,1850
15,0410	-57,621	137,1900
15,0353	-57,623	137,1950
15,0319	-57,625	137,2000
15,0377	-57,627	137,2050
15,0356	-57,629	137,2100
15,0349	-57,631	137,2150
15,0429	-57,633	137,2200
15,0452	-57,635	137,2250
15,0399	-57,637	137,2300
15,0408	-57,640	137,2350
15,0399	-57,642	137,2400
15,0386	-57,644	137,2450
15,0470	-57,646	137,2500
15,0418	-57,648	137,2550
15,0424	-57,650	137,2600
15,0497	-57,652	137,2650
15,0502	-57,654	137,2700
15,0400	-57,656	137,2750
15,0457	-57,658	137,2800
15,0549	-57,661	137,2850
15,0539	-57,663	137,2900
15,0543	-57,665	137,2950
15,0612	-57,667	137,3000
15,0558	-57,669	137,3050
15,0465	-57,671	137,3100
15,0510	-57,673	137,3150
15,0512	-57,675	137,3200
15,0512	-57,677	137,3250
15,0602	-57,679	137,3300
15,0580	-57,682	137,3350
15,0528	-57,684	137,3400
15,0563	-57,686	137,3450
15,0584	-57,688	137,3500
15,0541	-57,690	137,3550
15,0573	-57,692	137,3600
15,0670	-57,694	137,3650
15,0630	-57,696	137,3700
15,0617	-57,698	137,3750
15,0631	-57,700	137,3800
15,0550	-57,703	137,3850
15,0586	-57,705	137,3900
15,0690	-57,707	137,3950
15,0633	-57,709	137,4000
15,0587	-57,711	137,4050
15,0647	-57,713	137,4100
15,0616	-57,715	137,4150
15,0563	-57,717	137,4200
15,0685	-57,719	137,4250
15,0619	-57,721	137,4300
15,0641	-57,724	137,4350
15,0792	-57,726	137,4400
15,0747	-57,728	137,4450
15,0604	-57,730	137,4500
15,0590	-57,732	137,4550
15,0604	-57,734	137,4600
15,0552	-57,736	137,4650
15,0656	-57,738	137,4700
15,0778	-57,740	137,4750
15,0719	-57,742	137,4800
15,0636	-57,745	137,4850
15,0657	-57,747	137,4900
15,0694	-57,749	137,4950
15,0693	-57,751	137,5000
15,0798	-57,753	137,5050
15,0770	-57,755	137,5100
15,0702	-57,757	137,5150
15,0807	-57,759	137,5200
15,0821	-57,761	137,5250
15,0726	-57,763	137,5300
15,0810	-57,766	137,5350
15,0789	-57,768	137,5400
15,0733	-57,770	137,5450
15,0781	-57,772	137,5500
15,0837	-57,774	137,5550
15,0765	-57,776	137,5600
15,0830	-57,778	137,5650
15,0910	-57,780	137,5700
15,0812	-57,782	137,5750
15,0795	-57,784	137,5800
15,0837	-57,787	137,5850
15,0826	-57,789	137,5900
15,0781	-57,791	137,5950
15,0830	-57,793	137,6000
15,0862	-57,795	137,6050
15,0853	-57,797	137,6100
15,0873	-57,799	137,6150
15,0890	-57,801	137,6200
15,0870	-57,803	137,6250
15,0923	-57,805	137,6300
15,0975	-57,808	137,6350
15,0914	-57,810	137,6400
15,0893	-57,812	137,6450
15,0943	-57,814	137,6500
15,0931	-57,816	137,6550
15,0956	-57,818	137,6600
15,0993	-57,820	137,6650
15,0935	-57,822	137,6700
15,0945	-57,824	137,6750
15,0963	-57,826	137,6800
15,0870	-57,829	137,6850
15,0842	-57,831	137,6900
15,0979	-57,833	137,6950
15,1008	-57,835	137,7000
15,0935	-57,837	137,7050
15,0971	-57,839	137,7100
15,1000	-57,841	137,7150
15,0920	-57,843	137,7200
15,0983	-57,845	137,7250
15,1072	-57,847	137,7300
15,0966	-57,850	137,7350
15,0978	-57,852	137,7400
15,1063	-57,854	137,7450
15,1013	-57,856	137,7500
15,1009	-57,858	137,7550
15,1102	-57,860	137,7600
15,1022	-57,862	137,7650
15,0964	-57,864	137,7700
15,1064	-57,866	137,7750
15,1061	-57,868	137,7800
15,1001	-57,871	137,7850
15,1153	-57,873	137,7900
15,1237	-57,875	137,7950
15,1111	-57,877	137,8000
15,1113	-57,879	137,8050
15,1012	-57,881	137,8100
15,1016	-57,883	137,8150
15,1117	-57,885	137,8200
15,1183	-57,887	137,8250
15,1151	-57,889	137,8300
15,1085	-57,892	137,8350
15,1141	-57,894	137,8400
15,1136	-57,896	137,8450
15,1149	-57,898	137,8500
15,1235	-57,900	137,8550
15,1213	-57,902	137,8600
15,1200	-57,904	137,8650
15,1308	-57,906	137,8700
15,1288	-57,908	137,8750
15,1253	-57,910	137,8800
15,1322	-57,913	137,8850
15,1310	-57,915	137,8900
15,1224	-57,917	137,8950
15,1247	-57,919	137,9000
15,1281	-57,921	137,9050
15,1238	-57,923	137,9100
15,1297	-57,925	137,9150
15,1368	-57,927	137,9200
15,1330	-57,929	137,9250
15,1288	-57,931	137,9300
15,1318	-57,934	137,9350
15,1222	-57,936	137,9400
15,1183	-57,938	137,9450
15,1297	-57,940	137,9500
15,1306	-57,942	137,9550
15,1196	-57,944	137,9600
15,1290	-57,946	137,9650
15,1302	-57,948	137,9700
15,1310	-57,950	137,9750
15,1382	-57,952	137,9800
15,1385	-57,955	137,9850
15,1289	-57,957	137,9900
15,1317	-57,959	137,9950
15,1361	-57,961	138,0000
15,1364	-57,963	138,0050
15,1389	-57,965	138,0100
15,1391	-57,967	138,0150
15,1337	-57,969	138,0200
15,1336	-57,971	138,0250
15,1420	-57,973	138,0300
15,1414	-57,976	138,0350
15,1387	-57,978	138,0400
15,1397	-57,980	138,0450
15,1313	-57,982	138,0500
15,1266	-57,984	138,0550
15,1376	-57,986	138,0600
15,1417	-57,988	138,0650
15,1391	-57,990	138,0700
15,1415	-57,992	138,0750
15,1501	-57,994	138,0800
15,1428	-57,997	138,0850
15,1437	-57,999	138,0900
15,1473	-58,001	138,0950
15,1450	-58,003	138,1000
15,1549	-58,005	138,1050
15,1647	-58,007	138,1100
15,1531	-58,009	138,1150
15,1469	-58,011	138,1200
15,1601	-58,013	138,1250
15,1547	-58,015	138,1300
15,1512	-58,018	138,1350
15,1522	-58,020	138,1400
15,1526	-58,022	138,1450
15,1527	-58,024	138,1500
15,1580	-58,026	138,1550
15,1616	-58,028	138,1600
15,1622	-58,030	138,1650
15,1655	-58,032	138,1700
15,1654	-58,034	138,1750
15,1595	-58,036	138,1800
15,1662	-58,039	138,1850
15,1610	-58,041	138,1900
15,1503	-58,043	138,1950
15,1607	-58,045	138,2000
15,1620	-58,047	138,2050
15,1576	-58,049	138,2100
15,1589	-58,051	138,2150
15,1699	-58,053	138,2200
15,1687	-58,055	138,2250
15,1684	-58,057	138,2300
15,1692	-58,060	138,2350
15,1661	-58,062	138,2400
15,1597	-58,064	138,2450
15,1672	-58,066	138,2500
15,1653	-58,068	138,2550
15,1614	-58,070	138,2600
15,1604	-58,072	138,2650
15,1660	-58,074	138,2700
15,1630	-58,076	138,2750
15,1655	-58,078	138,2800
15,1680	-58,081	138,2850
15,1683	-58,083	138,2900
15,1742	-58,085	138,2950
15,1840	-58,087	138,3000
15,1794	-58,089	138,3050
15,1710	-58,091	138,3100
15,1766	-58,093	138,3150
15,1748	-58,095	138,3200
15,1734	-58,097	138,3250
15,1825	-58,099	138,3300
15,1796	-58,102	138,3350
15,1635	-58,104	138,3400
15,1697	-58,106	138,3450
15,1759	-58,108	138,3500
15,1784	-58,110	138,3550
15,1850	-58,112	138,3600
15,1819	-58,114	138,3650
15,1725	-58,116	138,3700
15,1824	-58,118	138,3750
15,1871	-58,120	138,3800
15,1816	-58,123	138,3850
15,1799	-58,125	138,3900
15,1930	-58,127	138,3950
15,1845	-58,129	138,4000
15,1827	-58,131	138,4050
15,1894	-58,133	138,4100
15,1909	-58,135	138,4150
15,1874	-58,137	138,4200
15,1900	-58,139	138,4250
15,1895	-58,141	138,4300
15,1823	-58,144	138,4350
15,1858	-58,146	138,4400
15,1919	-58,148	138,4450
15,1950	-58,150	138,4500
15,1988	-58,152	138,4550
15,1968	-58,154	138,4600
15,1900	-58,156	138,4650
15,1962	-58,158	138,4700
15,2030	-58,160	138,4750
15,1967	-58,162	138,4800
15,1928	-58,165	138,4850
15,1999	-58,167	138,4900
15,1961	-58,169	138,4950
15,1838	-58,171	138,5000
15,1926	-58,173	138,5050
15,1985	-58,175	138,5100
15,1955	-58,177	138,5150
15,1941	-58,179	138,5200
15,1951	-58,181	138,5250
15,1921	-58,183	138,5300
15,1996	-58,186	138,5350
15,1953	-58,188	138,5400
15,1944	-58,190	138,5450
15,2028	-58,192	138,5500
15,2125	-58,194	138,5550
15,2027	-58,196	138,5600
15,1973	-58,198	138,5650
15,1969	-58,200	138,5700
15,1998	-58,202	138,5750
15,2073	-58,204	138,5800
15,2167	-58,207	138,5850
15,2118	-58,209	138,5900
15,2042	-58,211	138,5950
15,2078	-58,213	138,6000
15,2094	-58,215	138,6050
15,2036	-58,217	138,6100
15,2104	-58,219	138,6150
15,2076	-58,221	138,6200
15,2009	-58,223	138,6250
15,2052	-58,225	138,6300
15,2119	-58,228	138,6350
15,2152	-58,230	138,6400
15,2138	-58,232	138,6450
15,2165	-58,234	138,6500
15,2125	-58,236	138,6550
15,2174	-58,238	138,6600
15,2200	-58,240	138,6650
15,2124	-58,242	138,6700
15,2127	-58,244	138,6750
15,2240	-58,246	138,6800
15,2208	-58,249	138,6850
15,2103	-58,251	138,6900
15,2144	-58,253	138,6950
15,2166	-58,255	138,7000
15,2224	-58,257	138,7050
15,2275	-58,259	138,7100
15,2256	-58,261	138,7150
15,2132	-58,263	138,7200
15,2160	-58,265	138,7250
15,2273	-58,267	138,7300
15,2261	-58,270	138,7350
15,2229	-58,272	138,7400
15,2322	-58,274	138,7450
15,2281	-58,276	138,7500
15,2289	-58,278	138,7550
15,2292	-58,280	138,7600
15,2248	-58,282	138,7650
15,2326	-58,284	138,7700
15,2402	-58,286	138,7750
15,2368	-58,288	138,7800
15,2303	-58,291	138,7850
15,2386	-58,293	138,7900
15,2405	-58,295	138,7950
15,2335	-58,297	138,8000
15,2373	-58,299	138,8050
15,2410	-58,301	138,8100
15,2278	-58,303	138,8150
15,2315	-58,305	138,8200
15,2397	-58,307	138,8250
15,2356	-58,309	138,8300
15,2343	-58,312	138,8350
15,2389	-58,314	138,8400
15,2328	-58,316	138,8450
15,2379	-58,318	138,8500
15,2474	-58,320	138,8550
15,2475	-58,322	138,8600
15,2452	-58,324	138,8650
15,2514	-58,326	138,8700
15,2457	-58,328	138,8750
15,2442	-58,330	138,8800
15,2471	-58,333	138,8850
15,2444	-58,335	138,8900
15,2398	-58,337	138,8950
15,2512	-58,339	138,9000
15,2518	-58,341	138,9050
15,2384	-58,343	138,9100
15,2460	-58,345	138,9150
15,2596	-58,347	138,9200
15,2505	-58,349	138,9250
15,2485	-58,351	138,9300
15,2549	-58,354	138,9350
15,2538	-58,356	138,9400
15,2577	-58,358	138,9450
15,2601	-58,360	138,9500
15,2560	-58,362	138,9550
15,2577	-58,364	138,9600
15,2618	-58,366	138,9650
15,2607	-58,368	138,9700
15,2503	-58,370	138,9750
15,2529	-58,372	138,9800
15,2569	-58,375	138,9850
15,2509	-58,377	138,9900
15,2546	-58,379	138,9950
15,2603	-58,381	139,0000
15,2516	-58,383	139,0050
15,2532	-58,385	139,0100
15,2609	-58,387	139,0150
15,2645	-58,389	139,0200
15,2633	-58,391	139,0250
15,2621	-58,393	139,0300
15,2589	-58,396	139,0350
15,2686	-58,398	139,0400
15,2733	-58,400	139,0450
15,2642	-58,402	139,0500
15,2568	-58,404	139,0550
15,2628	-58,406	139,0600
15,2605	-58,408	139,0650
15,2519	-58,410	139,0700
15,2581	-58,412	139,0750
15,2692	-58,414	139,0800
15,2664	-58,417	139,0850
15,2710	-58,419	139,0900
15,2717	-58,421	139,0950
15,2642	-58,423	139,1000
15,2684	-58,425	139,1050
15,2747	-58,427	139,1100
15,2740	-58,429	139,1150
15,2769	-58,431	139,1200
15,2803	-58,433	139,1250
15,2684	-58,435	139,1300
15,2653	-58,438	139,1350
15,2722	-58,440	139,1400
15,2712	-58,442	139,1450
15,2752	-58,444	139,1500
15,2824	-58,446	139,1550
15,2750	-58,448	139,1600
15,2711	-58,450	139,1650
15,2829	-58,452	139,1700
15,2842	-58,454	139,1750
15,2789	-58,456	139,1800
15,2826	-58,459	139,1850
15,2867	-58,461	139,1900
15,2740	-58,463	139,1950
15,2706	-58,465	139,2000
15,2837	-58,467	139,2050
15,2874	-58,469	139,2100
15,2901	-58,471	139,2150
15,2947	-58,473	139,2200
15,2834	-58,475	139,2250
15,2852	-58,477	139,2300
15,2953	-58,480	139,2350
15,2891	-58,482	139,2400
15,2797	-58,484	139,2450
15,2850	-58,486	139,2500
15,2859	-58,488	139,2550
15,2799	-58,490	139,2600
15,2840	-58,492	139,2650
15,2927	-58,494	139,2700
15,2845	-58,496	139,2750
15,2882	-58,498	139,2800
15,2951	-58,501	139,2850
15,2915	-58,503	139,2900
15,2928	-58,505	139,2950
15,2987	-58,507	139,3000
15,2954	-58,509	139,3050
15,2935	-58,511	139,3100
15,2989	-58,513	139,3150
15,2960	-58,515	139,3200
15,2923	-58,517	139,3250
15,3002	-58,519	139,3300
15,3028	-58,522	139,3350
15,2971	-58,524	139,3400
15,3000	-58,526	139,3450
15,2988	-58,528	139,3500
15,2935	-58,530	139,3550
15,2965	-58,532	139,3600
15,3076	-58,534	139,3650
15,3050	-58,536	139,3700
15,3067	-58,538	139,3750
15,3100	-58,540	139,3800
15,3048	-58,543	139,3850
15,3063	-58,545	139,3900
15,3139	-58,547	139,3950
15,3095	-58,549	139,4000
15,3061	-58,551	139,4050
15,3107	-58,553	139,4100
15,3042	-58,555	139,4150
15,3032	-58,557	139,4200
15,3079	-58,559	139,4250
15,3103	-58,561	139,4300
15,3114	-58,564	139,4350
15,3212	-58,566	139,4400
15,3216	-58,568	139,4450
15,3159	-58,570	139,4500
15,3156	-58,572	139,4550
15,3173	-58,574	139,4600
15,3109	-58,576	139,4650
15,3135	-58,578	139,4700
15,3229	-58,580	139,4750
15,3101	-58,582	139,4800
15,3103	-58,585	139,4850
15,3217	-58,587	139,4900
15,3226	-58,589	139,4950
15,3215	-58,591	139,5000
15,3312	-58,593	139,5050
15,3264	-58,595	139,5100
15,3163	-58,597	139,5150
15,3232	-58,599	139,5200
15,3241	-58,601	139,5250
15,3195	-58,603	139,5300
15,3215	-58,606	139,5350
15,3207	-58,608	139,5400
15,3120	-58,610	139,5450
15,3116	-58,612	139,5500
15,3208	-58,614	139,5550
15,3213	-58,616	139,5600
15,3296	-58,618	139,5650
15,3310	-58,620	139,5700
15,3215	-58,622	139,5750
15,3257	-58,624	139,5800
15,3379	-58,627	139,5850
15,3342	-58,629	139,5900
15,3250	-58,631	139,5950
15,3290	-58,633	139,6000
15,3320	-58,635	139,6050
15,3316	-58,637	139,6100
15,3365	-58,639	139,6150
15,3352	-58,641	139,6200
15,3286	-58,643	139,6250
15,3409	-58,645	139,6300
15,3430	-58,648	139,6350
15,3380	-58,650	139,6400
15,3309	-58,652	139,6450
15,3367	-58,654	139,6500
15,3343	-58,656	139,6550
15,3341	-58,658	139,6600
15,3314	-58,660	139,6650
15,3260	-58,662	139,6700
15,3345	-58,664	139,6750
15,3411	-58,666	139,6800
15,3442	-58,669	139,6850
15,3439	-58,671	139,6900
15,3514	-58,673	139,6950
15,3496	-58,675	139,7000
15,3395	-58,677	139,7050
15,3412	-58,679	139,7100
15,3450	-58,681	139,7150
15,3457	-58,683	139,7200
15,3556	-58,685	139,7250
15,3572	-58,687	139,7300
15,3525	-58,690	139,7350
15,3528	-58,692	139,7400
15,3647	-58,694	139,7450
15,3535	-58,696	139,7500
15,3489	-58,698	139,7550
15,3558	-58,700	139,7600
15,3570	-58,702	139,7650
15,3522	-58,704	139,7700
15,3615	-58,706	139,7750
15,3616	-58,708	139,7800
15,3557	-58,711	139,7850
15,3654	-58,713	139,7900
15,3663	-58,715	139,7950
15,3587	-58,717	139,8000
15,3590	-58,719	139,8050
15,3575	-58,721	139,8100
15,3520	-58,723	139,8150
15,3588	-58,725	139,8200
15,3631	-58,727	139,8250
15,3588	-58,729	139,8300
15,3580	-58,732	139,8350
15,3614	-58,734	139,8400
15,3599	-58,736	139,8450
15,3637	-58,738	139,8500
15,3645	-58,740	139,8550
15,3611	-58,742	139,8600
15,3650	-58,744	139,8650
15,3682	-58,746	139,8700
15,3686	-58,748	139,8750
15,3620	-58,750	139,8800
15,3633	-58,753	139,8850
15,3614	-58,755	139,8900
15,3570	-58,757	139,8950
15,3663	-58,759	139,9000
15,3694	-58,761	139,9050
15,3692	-58,763	139,9100
15,3673	-58,765	139,9150
15,3610	-58,767	139,9200
15,3571	-58,769	139,9250
15,3559	-58,771	139,9300
15,3634	-58,774	139,9350
15,3642	-58,776	139,9400
15,3700	-58,778	139,9450
15,3828	-58,780	139,9500
15,3760	-58,782	139,9550
15,3716	-58,784	139,9600
15,3789	-58,786	139,9650
15,3748	-58,788	139,9700
15,3720	-58,790	139,9750
15,3737	-58,792	139,9800
15,3748	-58,795	139,9850
15,3765	-58,797	139,9900
15,3793	-58,799	139,9950
15,3803	-58,801	140,0000
15,3687	-58,803	140,0050
15,3720	-58,805	140,0100
15,3812	-58,807	140,0150
15,3749	-58,809	140,0200
15,3739	-58,811	140,0250
15,3862	-58,813	140,0300
15,3863	-58,816	140,0350
15,3826	-58,818	140,0400
15,3855	-58,820	140,0450
15,3854	-58,822	140,0500
15,3814	-58,824	140,0550
15,3901	-58,826	140,0600
15,3928	-58,828	140,0650
15,3877	-58,830	140,0700
15,3925	-58,832	140,0750
15,3953	-58,834	140,0800
15,3899	-58,837	140,0850
15,3929	-58,839	140,0900
15,3957	-58,841	140,0950
15,3851	-58,843	140,1000
15,3878	-58,845	140,1050
15,3925	-58,847	140,1100
15,3948	-58,849	140,1150
15,3943	-58,851	140,1200
15,4011	-58,853	140,1250
15,4002	-58,855	140,1300
15,3938	-58,858	140,1350
15,3937	-58,860	140,1400
15,3917	-58,862	140,1450
15,3869	-58,864	140,1500
15,3965	-58,866	140,1550
15,3959	-58,868	140,1600
15,3884	-58,870	140,1650
15,3942	-58,872	140,1700
15,4057	-58,874	140,1750
15,4032	-58,876	140,1800
15,4027	-58,879	140,1850
15,4048	-58,881	140,1900
15,3983	-58,883	140,1950
15,4066	-58,885	140,2000
15,4131	-58,887	140,2050
15,4105	-58,889	140,2100
15,4039	-58,891	140,2150
15,4114	-58,893	140,2200
15,4125	-58,895	140,2250
15,4073	-58,897	140,2300
15,4113	-58,900	140,2350
15,4125	-58,902	140,2400
15,4131	-58,904	140,2450
15,4167	-58,906	140,2500
15,4088	-58,908	140,2550
15,4041	-58,910	140,2600
15,4135	-58,912	140,2650
15,4167	-58,914	140,2700
15,4063	-58,916	140,2750
15,4070	-58,918	140,2800
15,4103	-58,921	140,2850
15,4096	-58,923	140,2900
15,4155	-58,925	140,2950
15,4230	-58,927	140,3000
15,4223	-58,929	140,3050
15,4149	-58,931	140,3100
15,4192	-58,933	140,3150
15,4159	-58,935	140,3200
15,4124	-58,937	140,3250
15,4223	-58,939	140,3300
15,4219	-58,942	140,3350
15,4138	-58,944	140,3400
15,4178	-58,946	140,3450
15,4249	-58,948	140,3500
15,4297	-58,950	140,3550
15,4343	-58,952	140,3600
15,4291	-58,954	140,3650
15,4181	-58,956	140,3700
15,4205	-58,958	140,3750
15,4312	-58,960	140,3800
15,4318	-58,963	140,3850
15,4290	-58,965	140,3900
15,4287	-58,967	140,3950
15,4261	-58,969	140,4000
15,4219	-58,971	140,4050
15,4353	-58,973	140,4100
15,4353	-58,975	140,4150
15,4285	-58,977	140,4200
15,4371	-58,979	140,4250
15,4390	-58,981	140,4300
15,4277	-58,984	140,4350
15,4349	-58,986	140,4400
15,4429	-58,988	140,4450
15,4442	-58,990	140,4500
15,4423	-58,992	140,4550
15,4428	-58,994	140,4600
15,4277	-58,996	140,4650
15,4269	-58,998	140,4700
15,4401	-59,000	140,4750
15,4377	-59,002	140,4800
15,4329	-59,005	140,4850
15,4404	-59,007	140,4900
15,4430	-59,009	140,4950
15,4399	-59,011	140,5000
15,4462	-59,013	140,5050
15,4433	-59,015	140,5100
15,4351	-59,017	140,5150
15,4436	-59,019	140,5200
15,4489	-59,021	140,5250
15,4434	-59,023	140,5300
15,4451	-59,026	140,5350
15,4440	-59,028	140,5400
15,4471	-59,030	140,5450
15,4478	-59,032	140,5500
15,4474	-59,034	140,5550
15,4438	-59,036	140,5600
15,4447	-59,038	140,5650
15,4487	-59,040	140,5700
15,4433	-59,042	140,5750
15,4475	-59,044	140,5800
15,4606	-59,047	140,5850
15,4631	-59,049	140,5900
15,4565	-59,051	140,5950
15,4588	-59,053	140,6000
15,4593	-59,055	140,6050
15,4589	-59,057	140,6100
15,4668	-59,059	140,6150
15,4658	-59,061	140,6200
15,4544	-59,063	140,6250
15,4616	-59,065	140,6300
15,4663	-59,068	140,6350
15,4647	-59,070	140,6400
15,4631	-59,072	140,6450
15,4665	-59,074	140,6500
15,4562	-59,076	140,6550
15,4547	-59,078	140,6600
15,4627	-59,080	140,6650
15,4548	-59,082	140,6700
15,4538	-59,084	140,6750
15,4671	-59,086	140,6800
15,4692	-59,089	140,6850
15,4656	-59,091	140,6900
15,4683	-59,093	140,6950
15,4683	-59,095	140,7000
15,4658	-59,097	140,7050
15,4696	-59,099	140,7100
15,4621	-59,101	140,7150
15,4569	-59,103	140,7200
15,4642	-59,105	140,7250
15,4746	-59,107	140,7300
15,4840	-59,110	140,7350
15,4823	-59,112	140,7400
15,4857	-59,114	140,7450
15,4767	-59,116	140,7500
15,4718	-59,118	140,7550
15,4695	-59,120	140,7600
15,4646	-59,122	140,7650
15,4686	-59,124	140,7700
15,4755	-59,126	140,7750
15,4760	-59,128	140,7800
15,4691	-59,131	140,7850
15,4778	-59,133	140,7900
15,4783	-59,135	140,7950
15,4780	-59,137	140,8000
15,4827	-59,139	140,8050
15,4841	-59,141	140,8100
15,4812	-59,143	140,8150
15,4870	-59,145	140,8200
15,4838	-59,147	140,8250
15,4781	-59,149	140,8300
15,4774	-59,152	140,8350
15,4843	-59,154	140,8400
15,4816	-59,156	140,8450
15,4835	-59,158	140,8500
15,4921	-59,160	140,8550
15,4860	-59,162	140,8600
15,4854	-59,164	140,8650
15,4973	-59,166	140,8700
15,4964	-59,168	140,8750
15,4876	-59,170	140,8800
15,4885	-59,173	140,8850
15,4884	-59,175	140,8900
15,4872	-59,177	140,8950
15,4911	-59,179	140,9000
15,4935	-59,181	140,9050
15,4856	-59,183	140,9100
15,4898	-59,185	140,9150
15,4933	-59,187	140,9200
15,4913	-59,189	140,9250
15,4874	-59,191	140,9300
15,4963	-59,194	140,9350
15,4966	-59,196	140,9400
15,5010	-59,198	140,9450
15,5103	-59,200	140,9500
15,5014	-59,202	140,9550
15,4928	-59,204	140,9600
15,5041	-59,206	140,9650
15,5046	-59,208	140,9700
15,5011	-59,210	140,9750
15,5069	-59,212	140,9800
15,5044	-59,215	140,9850
15,4949	-59,217	140,9900
15,5065	-59,219	140,9950
15,5120	-59,221	141,0000
15,5074	-59,223	141,0050
15,5025	-59,225	141,0100
15,5029	-59,227	141,0150
15,5016	-59,229	141,0200
15,5060	-59,231	141,0250
15,5151	-59,233	141,0300
15,5094	-59,236	141,0350
15,5043	-59,238	141,0400
15,5088	-59,240	141,0450
15,5060	-59,242	141,0500
15,5007	-59,244	141,0550
15,5104	-59,246	141,0600
15,5121	-59,248	141,0650
15,5010	-59,250	141,0700
15,5087	-59,252	141,0750
15,5163	-59,254	141,0800
15,5140	-59,257	141,0850
15,5223	-59,259	141,0900
15,5182	-59,261	141,0950
15,5015	-59,263	141,1000
15,5048	-59,265	141,1050
15,5157	-59,267	141,1100
15,5167	-59,269	141,1150
15,5146	-59,271	141,1200
15,5207	-59,273	141,1250
15,5155	-59,275	141,1300
15,5178	-59,278	141,1350
15,5281	-59,280	141,1400
15,5255	-59,282	141,1450
15,5204	-59,284	141,1500
15,5303	-59,286	141,1550
15,5286	-59,288	141,1600
15,5196	-59,290	141,1650
15,5244	-59,292	141,1700
15,5315	-59,294	141,1750
15,5210	-59,296	141,1800
15,5268	-59,299	141,1850
15,5296	-59,301	141,1900
15,5264	-59,303	141,1950
15,5262	-59,305	141,2000
15,5299	-59,307	141,2050
15,5299	-59,309	141,2100
15,5286	-59,311	141,2150
15,5375	-59,313	141,2200
15,5353	-59,315	141,2250
15,5356	-59,317	141,2300
15,5491	-59,320	141,2350
15,5401	-59,322	141,2400
15,5261	-59,324	141,2450
15,5389	-59,326	141,2500
15,5465	-59,328	141,2550
15,5366	-59,330	141,2600
15,5334	-59,332	141,2650
15,5386	-59,334	141,2700
15,5369	-59,336	141,2750
15,5429	-59,338	141,2800
15,5487	-59,341	141,2850
15,5402	-59,343	141,2900
15,5378	-59,345	141,2950
15,5456	-59,347	141,3000
15,5494	-59,349	141,3050
15,5420	-59,351	141,3100
15,5433	-59,353	141,3150
15,5369	-59,355	141,3200
15,5364	-59,357	141,3250
15,5469	-59,359	141,3300
15,5406	-59,362	141,3350
15,5411	-59,364	141,3400
15,5537	-59,366	141,3450
15,5512	-59,368	141,3500
15,5471	-59,370	141,3550
15,5497	-59,372	141,3600
15,5552	-59,374	141,3650
15,5527	-59,376	141,3700
15,5531	-59,378	141,3750
15,5527	-59,380	141,3800
15,5408	-59,383	141,3850
15,5440	-59,385	141,3900
15,5515	-59,387	141,3950
15,5474	-59,389	141,4000
15,5489	-59,391	141,4050
15,5631	-59,393	141,4100
15,5535	-59,395	141,4150
15,5483	-59,397	141,4200
15,5571	-59,399	141,4250
15,5572	-59,401	141,4300
15,5514	-59,404	141,4350
15,5610	-59,406	141,4400
15,5603	-59,408	141,4450
15,5561	-59,410	141,4500
15,5604	-59,412	141,4550
15,5659	-59,414	141,4600
15,5609	-59,416	141,4650
15,5622	-59,418	141,4700
15,5649	-59,420	141,4750
15,5627	-59,422	141,4800
15,5608	-59,425	141,4850
15,5706	-59,427	141,4900
15,5665	-59,429	141,4950
15,5576	-59,431	141,5000
15,5651	-59,433	141,5050
15,5651	-59,435	141,5100
15,5606	-59,437	141,5150
15,5651	-59,439	141,5200
15,5652	-59,441	141,5250
15,5641	-59,443	141,5300
15,5766	-59,446	141,5350
15,5783	-59,448	141,5400
15,5730	-59,450	141,5450
15,5760	-59,452	141,5500
15,5849	-59,454	141,5550
15,5786	-59,456	141,5600
15,5790	-59,458	141,5650
15,5858	-59,460	141,5700
15,5794	-59,462	141,5750
15,5772	-59,464	141,5800
15,5769	-59,467	141,5850
15,5786	-59,469	141,5900
15,5783	-59,471	141,5950
15,5867	-59,473	141,6000
15,5911	-59,475	141,6050
15,5823	-59,477	141,6100
15,5842	-59,479	141,6150
15,5845	-59,481	141,6200
15,5812	-59,483	141,6250
15,5861	-59,485	141,6300
15,5897	-59,488	141,6350
15,5841	-59,490	141,6400
15,5877	-59,492	141,6450
15,5962	-59,494	141,6500
15,5937	-59,496	141,6550
15,5936	-59,498	141,6600
15,5960	-59,500	141,6650
15,5849	-59,502	141,6700
15,5806	-59,504	141,6750
15,5867	-59,506	141,6800
15,5887	-59,509	141,6850
15,5877	-59,511	141,6900
15,5931	-59,513	141,6950
15,5900	-59,515	141,7000
15,5874	-59,517	141,7050
15,5900	-59,519	141,7100
15,5877	-59,521	141,7150
15,5899	-59,523	141,7200
15,5938	-59,525	141,7250
15,5947	-59,527	141,7300
15,5880	-59,530	141,7350
15,5849	-59,532	141,7400
15,5949	-59,534	141,7450
15,6001	-59,536	141,7500
15,5998	-59,538	141,7550
15,6001	-59,540	141,7600
15,5917	-59,542	141,7650
15,5986	-59,544	141,7700
15,6036	-59,546	141,7750
15,6071	-59,548	141,7800
15,6029	-59,551	141,7850
15,6045	-59,553	141,7900
15,6011	-59,555	141,7950
15,6003	-59,557	141,8000
15,6026	-59,559	141,8050
15,6068	-59,561	141,8100
15,5987	-59,563	141,8150
15,6061	-59,565	141,8200
15,6095	-59,567	141,8250
15,5998	-59,569	141,8300
15,5984	-59,572	141,8350
15,6099	-59,574	141,8400
15,6047	-59,576	141,8450
15,6038	-59,578	141,8500
15,6174	-59,580	141,8550
15,6100	-59,582	141,8600
15,6046	-59,584	141,8650
15,6079	-59,586	141,8700
15,6053	-59,588	141,8750
15,6027	-59,590	141,8800
15,6160	-59,593	141,8850
15,6160	-59,595	141,8900
15,6084	-59,597	141,8950
15,6107	-59,599	141,9000
15,6142	-59,601	141,9050
15,6097	-59,603	141,9100
15,6148	-59,605	141,9150
15,6204	-59,607	141,9200
15,6162	-59,609	141,9250
15,6158	-59,611	141,9300
15,6246	-59,614	141,9350
15,6242	-59,616	141,9400
15,6243	-59,618	141,9450
15,6237	-59,620	141,9500
15,6197	-59,622	141,9550
15,6205	-59,624	141,9600
15,6311	-59,626	141,9650
15,6330	-59,628	141,9700
15,6321	-59,630	141,9750
15,6358	-59,632	141,9800
15,6305	-59,635	141,9850
15,6277	-59,637	141,9900
15,6346	-59,639	141,9950
15,6352	-59,641	142,0000
15,6288	-59,643	142,0050
15,6333	-59,645	142,0100
15,6372	-59,647	142,0150
15,6269	-59,649	142,0200
15,6241	-59,651	142,0250
15,6404	-59,653	142,0300
15,6437	-59,656	142,0350
15,6375	-59,658	142,0400
15,6338	-59,660	142,0450
15,6256	-59,662	142,0500
15,6310	-59,664	142,0550
15,6422	-59,666	142,0600
15,6395	-59,668	142,0650
15,6348	-59,670	142,0700
15,6426	-59,672	142,0750
15,6418	-59,674	142,0800
15,6363	-59,677	142,0850
15,6479	-59,679	142,0900
15,6450	-59,681	142,0950
15,6353	-59,683	142,1000
15,6404	-59,685	142,1050
15,6481	-59,687	142,1100
15,6478	-59,689	142,1150
15,6455	-59,691	142,1200
15,6540	-59,693	142,1250
15,6469	-59,695	142,1300
15,6430	-59,698	142,1350
15,6530	-59,700	142,1400
15,6505	-59,702	142,1450
15,6442	-59,704	142,1500
15,6505	-59,706	142,1550
15,6551	-59,708	142,1600
15,6551	-59,710	142,1650
15,6555	-59,712	142,1700
15,6553	-59,714	142,1750
15,6450	-59,716	142,1800
15,6496	-59,719	142,1850
15,6539	-59,721	142,1900
15,6423	-59,723	142,1950
15,6441	-59,725	142,2000
15,6590	-59,727	142,2050
15,6535	-59,729	142,2100
15,6484	-59,731	142,2150
15,6552	-59,733	142,2200
15,6594	-59,735	142,2250
15,6556	-59,737	142,2300
15,6623	-59,740	142,2350
15,6645	-59,742	142,2400
15,6534	-59,744	142,2450
15,6609	-59,746	142,2500
15,6635	-59,748	142,2550
15,6639	-59,750	142,2600
15,6664	-59,752	142,2650
15,6689	-59,754	142,2700
15,6600	-59,756	142,2750
15,6647	-59,758	142,2800
15,6702	-59,761	142,2850
15,6612	-59,763	142,2900
15,6640	-59,765	142,2950
15,6723	-59,767	142,3000
15,6652	-59,769	142,3050
15,6595	-59,771	142,3100
15,6671	-59,773	142,3150
15,6627	-59,775	142,3200
15,6602	-59,777	142,3250
15,6705	-59,779	142,3300
15,6703	-59,782	142,3350
15,6658	-59,784	142,3400
15,6705	-59,786	142,3450
15,6718	-59,788	142,3500
15,6706	-59,790	142,3550
15,6730	-59,792	142,3600
15,6751	-59,794	142,3650
15,6661	-59,796	142,3700
15,6667	-59,798	142,3750
15,6743	-59,800	142,3800
15,6726	-59,803	142,3850
15,6749	-59,805	142,3900
15,6835	-59,807	142,3950
15,6731	-59,809	142,4000
15,6646	-59,811	142,4050
15,6741	-59,813	142,4100
15,6794	-59,815	142,4150
15,6810	-59,817	142,4200
15,6874	-59,819	142,4250
15,6858	-59,821	142,4300
15,6782	-59,824	142,4350
15,6884	-59,826	142,4400
15,6864	-59,828	142,4450
15,6833	-59,830	142,4500
15,6884	-59,832	142,4550
15,6899	-59,834	142,4600
15,6874	-59,836	142,4650
15,6893	-59,838	142,4700
15,6884	-59,840	142,4750
15,6784	-59,842	142,4800
15,6817	-59,845	142,4850
15,6870	-59,847	142,4900
15,6864	-59,849	142,4950
15,6813	-59,851	142,5000
15,6838	-59,853	142,5050
15,6888	-59,855	142,5100
15,6924	-59,857	142,5150
15,6966	-59,859	142,5200
15,6968	-59,861	142,5250
15,6928	-59,863	142,5300
15,6993	-59,866	142,5350
15,6993	-59,868	142,5400
15,6947	-59,870	142,5450
15,6986	-59,872	142,5500
15,7029	-59,874	142,5550
15,6981	-59,876	142,5600
15,7027	-59,878	142,5650
15,7049	-59,880	142,5700
15,6977	-59,882	142,5750
15,6967	-59,884	142,5800
15,7087	-59,887	142,5850
15,7115	-59,889	142,5900
15,7063	-59,891	142,5950
15,7090	-59,893	142,6000
15,7048	-59,895	142,6050
15,7004	-59,897	142,6100
15,7112	-59,899	142,6150
15,7119	-59,901	142,6200
15,7017	-59,903	142,6250
15,7046	-59,905	142,6300
15,7147	-59,908	142,6350
15,7207	-59,910	142,6400
15,7227	-59,912	142,6450
15,7258	-59,914	142,6500
15,7143	-59,916	142,6550
15,7147	-59,918	142,6600
15,7178	-59,920	142,6650
15,7135	-59,922	142,6700
15,7177	-59,924	142,6750
15,7276	-59,926	142,6800
15,7191	-59,929	142,6850
15,7144	-59,931	142,6900
15,7207	-59,933	142,6950
15,7249	-59,935	142,7000
15,7226	-59,937	142,7050
15,7195	-59,939	142,7100
15,7202	-59,941	142,7150
15,7175	-59,943	142,7200
15,7263	-59,945	142,7250
15,7285	-59,947	142,7300
15,7180	-59,950	142,7350
15,7143	-59,952	142,7400
15,7174	-59,954	142,7450
15,7167	-59,956	142,7500
15,7210	-59,958	142,7550
15,7266	-59,960	142,7600
15,7229	-59,962	142,7650
15,7236	-59,964	142,7700
15,7336	-59,966	142,7750
15,7269	-59,968	142,7800
15,7148	-59,971	142,7850
15,7233	-59,973	142,7900
15,7344	-59,975	142,7950
15,7263	-59,977	142,8000
15,7318	-59,979	142,8050
15,7316	-59,981	142,8100
15,7267	-59,983	142,8150
15,7313	-59,985	142,8200
15,7279	-59,987	142,8250
15,7342	-59,989	142,8300
15,7343	-59,992	142,8350
15,7415	-59,994	142,8400
15,7341	-59,996	142,8450
15,7362	-59,998	142,8500
15,7407	-60,000	142,8550
15,7389	-60,002	142,8600
15,7336	-60,004	142,8650
15,7451	-60,006	142,8700
15,7452	-60,008	142,8750
15,7383	-60,010	142,8800
15,7456	-60,013	142,8850
15,7515	-60,015	142,8900
15,7438	-60,017	142,8950
15,7457	-60,019	142,9000
15,7414	-60,021	142,9050
15,7294	-60,023	142,9100
15,7330	-60,025	142,9150
15,7390	-60,027	142,9200
15,7433	-60,029	142,9250
15,7432	-60,031	142,9300
15,7445	-60,034	142,9350
15,7435	-60,036	142,9400
15,7470	-60,038	142,9450
15,7485	-60,040	142,9500
15,7414	-60,042	142,9550
15,7347	-60,044	142,9600
15,7443	-60,046	142,9650
15,7476	-60,048	142,9700
15,7419	-60,050	142,9750
15,7437	-60,052	142,9800
15,7458	-60,055	142,9850
15,7479	-60,057	142,9900
15,7542	-60,059	142,9950
15,7533	-60,061	143,0000
15,7436	-60,063	143,0050
15,7491	-60,065	143,0100
15,7530	-60,067	143,0150
15,7516	-60,069	143,0200
15,7591	-60,071	143,0250
15,7672	-60,073	143,0300
15,7556	-60,076	143,0350
15,7506	-60,078	143,0400
15,7615	-60,080	143,0450
15,7608	-60,082	143,0500
15,7584	-60,084	143,0550
15,7666	-60,086	143,0600
15,7711	-60,088	143,0650
15,7658	-60,090	143,0700
15,7636	-60,092	143,0750
15,7656	-60,094	143,0800
15,7610	-60,097	143,0850
15,7667	-60,099	143,0900
15,7669	-60,101	143,0950
15,7596	-60,103	143,1000
15,7662	-60,105	143,1050
15,7694	-60,107	143,1100
15,7642	-60,109	143,1150
15,7630	-60,111	143,1200
15,7704	-60,113	143,1250
15,7652	-60,115	143,1300
15,7636	-60,118	143,1350
15,7774	-60,120	143,1400
15,7719	-60,122	143,1450
15,7689	-60,124	143,1500
15,7807	-60,126	143,1550
15,7760	-60,128	143,1600
15,7673	-60,130	143,1650
15,7704	-60,132	143,1700
15,7730	-60,134	143,1750
15,7667	-60,136	143,1800
15,7764	-60,139	143,1850
15,7852	-60,141	143,1900
15,7724	-60,143	143,1950
15,7721	-60,145	143,2000
15,7766	-60,147	143,2050
15,7733	-60,149	143,2100
15,7731	-60,151	143,2150
15,7764	-60,153	143,2200
15,7749	-60,155	143,2250
15,7778	-60,157	143,2300
15,7841	-60,160	143,2350
15,7840	-60,162	143,2400
15,7867	-60,164	143,2450
15,7936	-60,166	143,2500
15,7882	-60,168	143,2550
15,7804	-60,170	143,2600
15,7839	-60,172	143,2650
15,7912	-60,174	143,2700
15,7848	-60,176	143,2750
15,7882	-60,178	143,2800
15,7912	-60,181	143,2850
15,7818	-60,183	143,2900
15,7825	-60,185	143,2950
15,7938	-60,187	143,3000
15,7982	-60,189	143,3050
15,7971	-60,191	143,3100
15,8023	-60,193	143,3150
15,7963	-60,195	143,3200
15,7869	-60,197	143,3250
15,7939	-60,199	143,3300
15,7930	-60,202	143,3350
15,7968	-60,204	143,3400
15,8093	-60,206	143,3450
15,8024	-60,208	143,3500
15,7903	-60,210	143,3550
15,7911	-60,212	143,3600
15,8004	-60,214	143,3650
15,7945	-60,216	143,3700
15,7946	-60,218	143,3750
15,7964	-60,220	143,3800
15,7957	-60,223	143,3850
15,8012	-60,225	143,3900
15,8101	-60,227	143,3950
15,8060	-60,229	143,4000
15,8002	-60,231	143,4050
15,8069	-60,233	143,4100
15,8036	-60,235	143,4150
15,8051	-60,237	143,4200
15,8133	-60,239	143,4250
15,8039	-60,241	143,4300
15,8027	-60,244	143,4350
15,8138	-60,246	143,4400
15,8152	-60,248	143,4450
15,8062	-60,250	143,4500
15,8017	-60,252	143,4550
15,8167	-60,254	143,4600
15,8119	-60,256	143,4650
15,8125	-60,258	143,4700
15,8220	-60,260	143,4750
15,8154	-60,262	143,4800
15,8106	-60,265	143,4850
15,8133	-60,267	143,4900
15,8177	-60,269	143,4950
15,8200	-60,271	143,5000
15,8229	-60,273	143,5050
15,8146	-60,275	143,5100
15,8051	-60,277	143,5150
15,8229	-60,279	143,5200
15,8257	-60,281	143,5250
15,8167	-60,283	143,5300
15,8207	-60,286	143,5350
15,8249	-60,288	143,5400
15,8242	-60,290	143,5450
15,8280	-60,292	143,5500
15,8284	-60,294	143,5550
15,8157	-60,296	143,5600
15,8211	-60,298	143,5650
15,8349	-60,300	143,5700
15,8265	-60,302	143,5750
15,8247	-60,304	143,5800
15,8332	-60,307	143,5850
15,8341	-60,309	143,5900
15,8301	-60,311	143,5950
15,8284	-60,313	143,6000
15,8222	-60,315	143,6050
15,8195	-60,317	143,6100
15,8371	-60,319	143,6150
15,8401	-60,321	143,6200
15,8316	-60,323	143,6250
15,8361	-60,325	143,6300
15,8320	-60,328	143,6350
15,8282	-60,330	143,6400
15,8315	-60,332	143,6450
15,8333	-60,334	143,6500
15,8236	-60,336	143,6550
15,8315	-60,338	143,6600
15,8446	-60,340	143,6650
15,8406	-60,342	143,6700
15,8321	-60,344	143,6750
15,8428	-60,346	143,6800
15,8393	-60,349	143,6850
15,8376	-60,351	143,6900
15,8537	-60,353	143,6950
15,8493	-60,355	143,7000
15,8398	-60,357	143,7050
15,8475	-60,359	143,7100
15,8501	-60,361	143,7150
15,8408	-60,363	143,7200
15,8451	-60,365	143,7250
15,8532	-60,367	143,7300
15,8468	-60,370	143,7350
15,8453	-60,372	143,7400
15,8597	-60,374	143,7450
15,8504	-60,376	143,7500
15,8508	-60,378	143,7550
15,8556	-60,380	143,7600
15,8538	-60,382	143,7650
15,8492	-60,384	143,7700
15,8516	-60,386	143,7750
15,8480	-60,388	143,7800
15,8487	-60,391	143,7850
15,8603	-60,393	143,7900
15,8635	-60,395	143,7950
15,8544	-60,397	143,8000
15,8619	-60,399	143,8050
15,8638	-60,401	143,8100
15,8551	-60,403	143,8150
15,8597	-60,405	143,8200
15,8658	-60,407	143,8250
15,8614	-60,409	143,8300
15,8590	-60,412	143,8350
15,8658	-60,414	143,8400
15,8631	-60,416	143,8450
15,8655	-60,418	143,8500
15,8732	-60,420	143,8550
15,8701	-60,422	143,8600
15,8602	-60,424	143,8650
15,8581	-60,426	143,8700
15,8550	-60,428	143,8750
15,8614	-60,430	143,8800
15,8699	-60,433	143,8850
15,8615	-60,435	143,8900
15,8575	-60,437	143,8950
15,8706	-60,439	143,9000
15,8743	-60,441	143,9050
15,8679	-60,443	143,9100
15,8698	-60,445	143,9150
15,8706	-60,447	143,9200
15,8609	-60,449	143,9250
15,8645	-60,451	143,9300
15,8742	-60,454	143,9350
15,8759	-60,456	143,9400
15,8685	-60,458	143,9450
15,8757	-60,460	143,9500
15,8667	-60,462	143,9550
15,8567	-60,464	143,9600
15,8676	-60,466	143,9650
15,8724	-60,468	143,9700
15,8734	-60,470	143,9750
15,8774	-60,472	143,9800
15,8796	-60,475	143,9850
15,8727	-60,477	143,9900
15,8823	-60,479	143,9950
15,8818	-60,481	144,0000
15,8718	-60,483	144,0050
15,8794	-60,485	144,0100
15,8833	-60,487	144,0150
15,8807	-60,489	144,0200
15,8751	-60,491	144,0250
15,8848	-60,493	144,0300
15,8825	-60,496	144,0350
15,8842	-60,498	144,0400
15,8883	-60,500	144,0450
15,8925	-60,502	144,0500
15,8893	-60,504	144,0550
15,8891	-60,506	144,0600
15,8828	-60,508	144,0650
15,8828	-60,510	144,0700
15,8931	-60,512	144,0750
15,8967	-60,514	144,0800
15,8833	-60,517	144,0850
15,8916	-60,519	144,0900
15,8986	-60,521	144,0950
15,8899	-60,523	144,1000
15,8951	-60,525	144,1050
15,8950	-60,527	144,1100
15,8877	-60,529	144,1150
15,8930	-60,531	144,1200
15,9027	-60,533	144,1250
15,8961	-60,535	144,1300
15,8939	-60,538	144,1350
15,9047	-60,540	144,1400
15,9008	-60,542	144,1450
15,8875	-60,544	144,1500
15,9021	-60,546	144,1550
15,9043	-60,548	144,1600
15,9059	-60,550	144,1650
15,9084	-60,552	144,1700
15,9042	-60,554	144,1750
15,9029	-60,556	144,1800
15,9101	-60,559	144,1850
15,9077	-60,561	144,1900
15,8984	-60,563	144,1950
15,9016	-60,565	144,2000
15,9115	-60,567	144,2050
15,9091	-60,569	144,2100
15,9006	-60,571	144,2150
15,9073	-60,573	144,2200
15,9059	-60,575	144,2250
15,9027	-60,577	144,2300
15,9134	-60,580	144,2350
15,9164	-60,582	144,2400
15,9072	-60,584	144,2450
15,9109	-60,586	144,2500
15,9070	-60,588	144,2550
15,9062	-60,590	144,2600
15,9145	-60,592	144,2650
15,9230	-60,594	144,2700
15,9146	-60,596	144,2750
15,9193	-60,598	144,2800
15,9237	-60,601	144,2850
15,9179	-60,603	144,2900
15,9190	-60,605	144,2950
15,9286	-60,607	144,3000
15,9188	-60,609	144,3050
15,9133	-60,611	144,3100
15,9251	-60,613	144,3150
15,9263	-60,615	144,3200
15,9192	-60,617	144,3250
15,9270	-60,619	144,3300
15,9237	-60,622	144,3350
15,9185	-60,624	144,3400
15,9242	-60,626	144,3450
15,9281	-60,628	144,3500
15,9251	-60,630	144,3550
15,9312	-60,632	144,3600
15,9306	-60,634	144,3650
15,9188	-60,636	144,3700
15,9179	-60,638	144,3750
15,9286	-60,640	144,3800
15,9246	-60,643	144,3850
15,9290	-60,645	144,3900
15,9335	-60,647	144,3950
15,9283	-60,649	144,4000
15,9228	-60,651	144,4050
15,9303	-60,653	144,4100
15,9297	-60,655	144,4150
15,9285	-60,657	144,4200
15,9405	-60,659	144,4250
15,9396	-60,661	144,4300
15,9289	-60,664	144,4350
15,9384	-60,666	144,4400
15,9429	-60,668	144,4450
15,9372	-60,670	144,4500
15,9355	-60,672	144,4550
15,9425	-60,674	144,4600
15,9360	-60,676	144,4650
15,9386	-60,678	144,4700
15,9420	-60,680	144,4750
15,9409	-60,682	144,4800
15,9452	-60,685	144,4850
15,9513	-60,687	144,4900
15,9450	-60,689	144,4950
15,9426	-60,691	144,5000
15,9416	-60,693	144,5050
15,9411	-60,695	144,5100
15,9431	-60,697	144,5150
15,9516	-60,699	144,5200
15,9570	-60,701	144,5250
15,9581	-60,703	144,5300
15,9599	-60,706	144,5350
15,9456	-60,708	144,5400
15,9418	-60,710	144,5450
15,9517	-60,712	144,5500
15,9537	-60,714	144,5550
15,9416	-60,716	144,5600
15,9470	-60,718	144,5650
15,9571	-60,720	144,5700
15,9465	-60,722	144,5750
15,9467	-60,724	144,5800
15,9592	-60,727	144,5850
15,9512	-60,729	144,5900
15,9460	-60,731	144,5950
15,9584	-60,733	144,6000
15,9562	-60,735	144,6050
15,9459	-60,737	144,6100
15,9583	-60,739	144,6150
15,9584	-60,741	144,6200
15,9512	-60,743	144,6250
15,9613	-60,745	144,6300
15,9663	-60,748	144,6350
15,9626	-60,750	144,6400
15,9657	-60,752	144,6450
15,9630	-60,754	144,6500
15,9524	-60,756	144,6550
15,9579	-60,758	144,6600
15,9713	-60,760	144,6650
15,9642	-60,762	144,6700
15,9662	-60,764	144,6750
15,9718	-60,766	144,6800
15,9621	-60,769	144,6850
15,9563	-60,771	144,6900
15,9695	-60,773	144,6950
15,9750	-60,775	144,7000
15,9653	-60,777	144,7050
15,9681	-60,779	144,7100
15,9742	-60,781	144,7150
15,9732	-60,783	144,7200
15,9759	-60,785	144,7250
15,9795	-60,787	144,7300
15,9724	-60,790	144,7350
15,9704	-60,792	144,7400
15,9759	-60,794	144,7450
15,9735	-60,796	144,7500
15,9842	-60,798	144,7550
15,9823	-60,800	144,7600
15,9751	-60,802	144,7650
15,9776	-60,804	144,7700
15,9843	-60,806	144,7750
15,9733	-60,808	144,7800
15,9624	-60,811	144,7850
15,9709	-60,813	144,7900
15,9821	-60,815	144,7950
15,9807	-60,817	144,8000
15,9943	-60,819	144,8050
15,9952	-60,821	144,8100
15,9888	-60,823	144,8150
15,9871	-60,825	144,8200
15,9800	-60,827	144,8250
15,9757	-60,829	144,8300
15,9840	-60,832	144,8350
15,9920	-60,834	144,8400
15,9787	-60,836	144,8450
15,9759	-60,838	144,8500
15,9841	-60,840	144,8550
15,9844	-60,842	144,8600
15,9865	-60,844	144,8650
15,9939	-60,846	144,8700
15,9896	-60,848	144,8750
15,9855	-60,850	144,8800
15,9944	-60,853	144,8850
15,9982	-60,855	144,8900
15,9945	-60,857	144,8950
16,0008	-60,859	144,9000
16,0038	-60,861	144,9050
15,9900	-60,863	144,9100
15,9899	-60,865	144,9150
15,9929	-60,867	144,9200
15,9920	-60,869	144,9250
15,9955	-60,871	144,9300
16,0122	-60,874	144,9350
16,0027	-60,876	144,9400
15,9993	-60,878	144,9450
16,0049	-60,880	144,9500
16,0020	-60,882	144,9550
15,9984	-60,884	144,9600
16,0065	-60,886	144,9650
16,0044	-60,888	144,9700
15,9979	-60,890	144,9750
16,0062	-60,892	144,9800
16,0106	-60,895	144,9850
16,0030	-60,897	144,9900
16,0085	-60,899	144,9950
16,0131	-60,901	145,0000
16,0097	-60,903	145,0050
16,0073	-60,905	145,0100
16,0051	-60,907	145,0150
16,0050	-60,909	145,0200
16,0076	-60,911	145,0250
16,0186	-60,913	145,0300
16,0212	-60,916	145,0350
16,0147	-60,918	145,0400
16,0159	-60,920	145,0450
16,0117	-60,922	145,0500
16,0163	-60,924	145,0550
16,0199	-60,926	145,0600
16,0172	-60,928	145,0650
16,0073	-60,930	145,0700
16,0104	-60,932	145,0750
16,0136	-60,934	145,0800
16,0125	-60,937	145,0850
16,0196	-60,939	145,0900
16,0180	-60,941	145,0950
16,0055	-60,943	145,1000
16,0066	-60,945	145,1050
16,0165	-60,947	145,1100
16,0212	-60,949	145,1150
16,0213	-60,951	145,1200
16,0269	-60,953	145,1250
16,0208	-60,955	145,1300
16,0238	-60,958	145,1350
16,0324	-60,960	145,1400
16,0323	-60,962	145,1450
16,0282	-60,964	145,1500
16,0325	-60,966	145,1550
16,0257	-60,968	145,1600
16,0161	-60,970	145,1650
16,0262	-60,972	145,1700
16,0400	-60,974	145,1750
16,0279	-60,976	145,1800
16,0287	-60,979	145,1850
16,0311	-60,981	145,1900
16,0221	-60,983	145,1950
16,0309	-60,985	145,2000
16,0344	-60,987	145,2050
16,0331	-60,989	145,2100
16,0332	-60,991	145,2150
16,0400	-60,993	145,2200
16,0385	-60,995	145,2250
16,0371	-60,997	145,2300
16,0387	-61,000	145,2350
16,0342	-61,002	145,2400
16,0309	-61,004	145,2450
16,0405	-61,006	145,2500
16,0412	-61,008	145,2550
16,0290	-61,010	145,2600
16,0342	-61,012	145,2650
16,0350	-61,014	145,2700
16,0298	-61,016	145,2750
16,0398	-61,018	145,2800
16,0412	-61,021	145,2850
16,0294	-61,023	145,2900
16,0342	-61,025	145,2950
16,0469	-61,027	145,3000
16,0491	-61,029	145,3050
16,0451	-61,031	145,3100
16,0524	-61,033	145,3150
16,0453	-61,035	145,3200
16,0357	-61,037	145,3250
16,0457	-61,039	145,3300
16,0508	-61,042	145,3350
16,0492	-61,044	145,3400
16,0529	-61,046	145,3450
16,0513	-61,048	145,3500
16,0492	-61,050	145,3550
16,0540	-61,052	145,3600
16,0559	-61,054	145,3650
16,0512	-61,056	145,3700
16,0529	-61,058	145,3750
16,0547	-61,060	145,3800
16,0473	-61,063	145,3850
16,0502	-61,065	145,3900
16,0497	-61,067	145,3950
16,0457	-61,069	145,4000
16,0513	-61,071	145,4050
16,0620	-61,073	145,4100
16,0583	-61,075	145,4150
16,0531	-61,077	145,4200
16,0593	-61,079	145,4250
16,0579	-61,081	145,4300
16,0584	-61,084	145,4350
16,0751	-61,086	145,4400
16,0709	-61,088	145,4450
16,0589	-61,090	145,4500
16,0536	-61,092	145,4550
16,0644	-61,094	145,4600
16,0628	-61,096	145,4650
16,0657	-61,098	145,4700
16,0684	-61,100	145,4750
16,0650	-61,102	145,4800
16,0721	-61,105	145,4850
16,0826	-61,107	145,4900
16,0817	-61,109	145,4950
16,0779	-61,111	145,5000
16,0808	-61,113	145,5050
16,0719	-61,115	145,5100
16,0636	-61,117	145,5150
16,0707	-61,119	145,5200
16,0734	-61,121	145,5250
16,0710	-61,123	145,5300
16,0825	-61,126	145,5350
16,0870	-61,128	145,5400
16,0734	-61,130	145,5450
16,0676	-61,132	145,5500
16,0768	-61,134	145,5550
16,0806	-61,136	145,5600
16,0828	-61,138	145,5650
16,0830	-61,140	145,5700
16,0729	-61,142	145,5750
16,0768	-61,144	145,5800
16,0843	-61,147	145,5850
16,0796	-61,149	145,5900
16,0778	-61,151	145,5950
16,0794	-61,153	145,6000
16,0852	-61,155	145,6050
16,0851	-61,157	145,6100
16,0919	-61,159	145,6150
16,0816	-61,161	145,6200
16,0743	-61,163	145,6250
16,0851	-61,165	145,6300
16,0907	-61,168	145,6350
16,0873	-61,170	145,6400
16,0875	-61,172	145,6450
16,0934	-61,174	145,6500
16,0836	-61,176	145,6550
16,0873	-61,178	145,6600
16,0965	-61,180	145,6650
16,0894	-61,182	145,6700
16,0843	-61,184	145,6750
16,0929	-61,186	145,6800
16,0927	-61,189	145,6850
16,0908	-61,191	145,6900
16,0981	-61,193	145,6950
16,0961	-61,195	145,7000
16,0884	-61,197	145,7050
16,0972	-61,199	145,7100
16,0977	-61,201	145,7150
16,0893	-61,203	145,7200
16,0949	-61,205	145,7250
16,0946	-61,207	145,7300
16,0853	-61,210	145,7350
16,0919	-61,212	145,7400
16,1068	-61,214	145,7450
16,1025	-61,216	145,7500
16,1023	-61,218	145,7550
16,1128	-61,220	145,7600
16,1085	-61,222	145,7650
16,1021	-61,224	145,7700
16,1076	-61,226	145,7750
16,1101	-61,228	145,7800
16,1012	-61,231	145,7850
16,1026	-61,233	145,7900
16,1056	-61,235	145,7950
16,1011	-61,237	145,8000
16,1052	-61,239	145,8050
16,1087	-61,241	145,8100
16,1041	-61,243	145,8150
16,1070	-61,245	145,8200
16,1117	-61,247	145,8250
16,1119	-61,249	145,8300
16,1129	-61,252	145,8350
16,1179	-61,254	145,8400
16,1105	-61,256	145,8450
16,1091	-61,258	145,8500
16,1205	-61,260	145,8550
16,1198	-61,262	145,8600
16,1115	-61,264	145,8650
16,1154	-61,266	145,8700
16,1132	-61,268	145,8750
16,1115	-61,270	145,8800
16,1157	-61,273	145,8850
16,1164	-61,275	145,8900
16,1130	-61,277	145,8950
16,1223	-61,279	145,9000
16,1228	-61,281	145,9050
16,1155	-61,283	145,9100
16,1240	-61,285	145,9150
16,1291	-61,287	145,9200
16,1284	-61,289	145,9250
16,1264	-61,291	145,9300
16,1320	-61,294	145,9350
16,1216	-61,296	145,9400
16,1226	-61,298	145,9450
16,1352	-61,300	145,9500
16,1280	-61,302	145,9550
16,1221	-61,304	145,9600
16,1328	-61,306	145,9650
16,1271	-61,308	145,9700
16,1204	-61,310	145,9750
16,1298	-61,312	145,9800
16,1364	-61,315	145,9850
16,1280	-61,317	145,9900
16,1300	-61,319	145,9950
16,1306	-61,321	146,0000
16,1285	-61,323	146,0050
16,1337	-61,325	146,0100
16,1400	-61,327	146,0150
16,1311	-61,329	146,0200
16,1239	-61,331	146,0250
16,1332	-61,333	146,0300
16,1303	-61,336	146,0350
16,1332	-61,338	146,0400
16,1442	-61,340	146,0450
16,1411	-61,342	146,0500
16,1330	-61,344	146,0550
16,1435	-61,346	146,0600
16,1491	-61,348	146,0650
16,1458	-61,350	146,0700
16,1471	-61,352	146,0750
16,1515	-61,354	146,0800
16,1422	-61,357	146,0850
16,1477	-61,359	146,0900
16,1517	-61,361	146,0950
16,1446	-61,363	146,1000
16,1505	-61,365	146,1050
16,1596	-61,367	146,1100
16,1482	-61,369	146,1150
16,1401	-61,371	146,1200
16,1483	-61,373	146,1250
16,1514	-61,375	146,1300
16,1473	-61,378	146,1350
16,1544	-61,380	146,1400
16,1556	-61,382	146,1450
16,1568	-61,384	146,1500
16,1561	-61,386	146,1550
16,1504	-61,388	146,1600
16,1502	-61,390	146,1650
16,1534	-61,392	146,1700
16,1573	-61,394	146,1750
16,1518	-61,396	146,1800
16,1584	-61,399	146,1850
16,1587	-61,401	146,1900
16,1513	-61,403	146,1950
16,1549	-61,405	146,2000
16,1688	-61,407	146,2050
16,1659	-61,409	146,2100
16,1574	-61,411	146,2150
16,1588	-61,413	146,2200
16,1591	-61,415	146,2250
16,1575	-61,417	146,2300
16,1624	-61,420	146,2350
16,1554	-61,422	146,2400
16,1490	-61,424	146,2450
16,1622	-61,426	146,2500
16,1620	-61,428	146,2550
16,1624	-61,430	146,2600
16,1677	-61,432	146,2650
16,1693	-61,434	146,2700
16,1625	-61,436	146,2750
16,1648	-61,438	146,2800
16,1665	-61,441	146,2850
16,1616	-61,443	146,2900
16,1673	-61,445	146,2950
16,1747	-61,447	146,3000
16,1741	-61,449	146,3050
16,1749	-61,451	146,3100
16,1844	-61,453	146,3150
16,1843	-61,455	146,3200
16,1748	-61,457	146,3250
16,1800	-61,459	146,3300
16,1863	-61,462	146,3350
16,1762	-61,464	146,3400
16,1705	-61,466	146,3450
16,1736	-61,468	146,3500
16,1777	-61,470	146,3550
16,1852	-61,472	146,3600
16,1870	-61,474	146,3650
16,1734	-61,476	146,3700
16,1791	-61,478	146,3750
16,1951	-61,480	146,3800
16,1872	-61,483	146,3850
16,1797	-61,485	146,3900
16,1848	-61,487	146,3950
16,1776	-61,489	146,4000
16,1723	-61,491	146,4050
16,1806	-61,493	146,4100
16,1882	-61,495	146,4150
16,1892	-61,497	146,4200
16,1958	-61,499	146,4250
16,1952	-61,501	146,4300
16,1892	-61,504	146,4350
16,1977	-61,506	146,4400
16,1927	-61,508	146,4450
16,1893	-61,510	146,4500
16,1909	-61,512	146,4550
16,1921	-61,514	146,4600
16,1898	-61,516	146,4650
16,1973	-61,518	146,4700
16,1997	-61,520	146,4750
16,1967	-61,522	146,4800
16,1991	-61,525	146,4850
16,2020	-61,527	146,4900
16,1992	-61,529	146,4950
16,1982	-61,531	146,5000
16,2128	-61,533	146,5050
16,2091	-61,535	146,5100
16,1946	-61,537	146,5150
16,1995	-61,539	146,5200
16,2028	-61,541	146,5250
16,1937	-61,543	146,5300
16,1987	-61,546	146,5350
16,1986	-61,548	146,5400
16,1943	-61,550	146,5450
16,1942	-61,552	146,5500
16,2034	-61,554	146,5550
16,2040	-61,556	146,5600
16,2104	-61,558	146,5650
16,2209	-61,560	146,5700
16,2108	-61,562	146,5750
16,2055	-61,564	146,5800
16,2130	-61,567	146,5850
16,2088	-61,569	146,5900
16,2002	-61,571	146,5950
16,2033	-61,573	146,6000
16,2008	-61,575	146,6050
16,2023	-61,577	146,6100
16,2125	-61,579	146,6150
16,2105	-61,581	146,6200
16,1983	-61,583	146,6250
16,2086	-61,585	146,6300
16,2130	-61,588	146,6350
16,2106	-61,590	146,6400
16,2123	-61,592	146,6450
16,2149	-61,594	146,6500
16,2072	-61,596	146,6550
16,2088	-61,598	146,6600
16,2206	-61,600	146,6650
16,2185	-61,602	146,6700
16,2169	-61,604	146,6750
16,2291	-61,606	146,6800
16,2265	-61,609	146,6850
16,2195	-61,611	146,6900
16,2254	-61,613	146,6950
16,2238	-61,615	146,7000
16,2194	-61,617	146,7050
16,2281	-61,619	146,7100
16,2264	-61,621	146,7150
16,2140	-61,623	146,7200
16,2221	-61,625	146,7250
16,2242	-61,627	146,7300
16,2181	-61,630	146,7350
16,2212	-61,632	146,7400
16,2358	-61,634	146,7450
16,2310	-61,636	146,7500
16,2250	-61,638	146,7550
16,2348	-61,640	146,7600
16,2275	-61,642	146,7650
16,2178	-61,644	146,7700
16,2339	-61,646	146,7750
16,2295	-61,648	146,7800
16,2191	-61,651	146,7850
16,2320	-61,653	146,7900
16,2340	-61,655	146,7950
16,2245	-61,657	146,8000
16,2345	-61,659	146,8050
16,2403	-61,661	146,8100
16,2273	-61,663	146,8150
16,2299	-61,665	146,8200
16,2374	-61,667	146,8250
16,2342	-61,669	146,8300
16,2369	-61,672	146,8350
16,2394	-61,674	146,8400
16,2334	-61,676	146,8450
16,2393	-61,678	146,8500
16,2513	-61,680	146,8550
16,2454	-61,682	146,8600
16,2408	-61,684	146,8650
16,2489	-61,686	146,8700
16,2452	-61,688	146,8750
16,2389	-61,690	146,8800
16,2375	-61,693	146,8850
16,2422	-61,695	146,8900
16,2401	-61,697	146,8950
16,2470	-61,699	146,9000
16,2470	-61,701	146,9050
16,2379	-61,703	146,9100
16,2421	-61,705	146,9150
16,2483	-61,707	146,9200
16,2434	-61,709	146,9250
16,2468	-61,711	146,9300
16,2532	-61,714	146,9350
16,2511	-61,716	146,9400
16,2530	-61,718	146,9450
16,2586	-61,720	146,9500
16,2553	-61,722	146,9550
16,2583	-61,724	146,9600
16,2712	-61,726	146,9650
16,2589	-61,728	146,9700
16,2455	-61,730	146,9750
16,2536	-61,732	146,9800
16,2612	-61,735	146,9850
16,2568	-61,737	146,9900
16,2564	-61,739	146,9950
16,2644	-61,741	147,0000
16,2625	-61,743	147,0050
16,2584	-61,745	147,0100
16,2602	-61,747	147,0150
16,2576	-61,749	147,0200
16,2589	-61,751	147,0250
16,2679	-61,753	147,0300
16,2538	-61,756	147,0350
16,2497	-61,758	147,0400
16,2630	-61,760	147,0450
16,2646	-61,762	147,0500
16,2599	-61,764	147,0550
16,2746	-61,766	147,0600
16,2729	-61,768	147,0650
16,2663	-61,770	147,0700
16,2658	-61,772	147,0750
16,2671	-61,774	147,0800
16,2676	-61,777	147,0850
16,2784	-61,779	147,0900
16,2792	-61,781	147,0950
16,2682	-61,783	147,1000
16,2717	-61,785	147,1050
16,2818	-61,787	147,1100
16,2776	-61,789	147,1150
16,2738	-61,791	147,1200
16,2782	-61,793	147,1250
16,2784	-61,795	147,1300
16,2787	-61,798	147,1350
16,2847	-61,800	147,1400
16,2836	-61,802	147,1450
16,2794	-61,804	147,1500
16,2885	-61,806	147,1550
16,2859	-61,808	147,1600
16,2769	-61,810	147,1650
16,2766	-61,812	147,1700
16,2781	-61,814	147,1750
16,2750	-61,816	147,1800
16,2800	-61,819	147,1850
16,2857	-61,821	147,1900
16,2770	-61,823	147,1950
16,2814	-61,825	147,2000
16,2897	-61,827	147,2050
16,2844	-61,829	147,2100
16,2769	-61,831	147,2150
16,2876	-61,833	147,2200
16,2876	-61,835	147,2250
16,2852	-61,837	147,2300
16,2910	-61,840	147,2350
16,2962	-61,842	147,2400
16,2897	-61,844	147,2450
16,2962	-61,846	147,2500
16,2945	-61,848	147,2550
16,2928	-61,850	147,2600
16,2929	-61,852	147,2650
16,2966	-61,854	147,2700
16,2942	-61,856	147,2750
16,2965	-61,858	147,2800
16,2958	-61,861	147,2850
16,2903	-61,863	147,2900
16,3011	-61,865	147,2950
16,3052	-61,867	147,3000
16,3003	-61,869	147,3050
16,2962	-61,871	147,3100
16,3027	-61,873	147,3150
16,2972	-61,875	147,3200
16,2936	-61,877	147,3250
16,3000	-61,879	147,3300
16,3008	-61,882	147,3350
16,2984	-61,884	147,3400
16,3066	-61,886	147,3450
16,3020	-61,888	147,3500
16,3004	-61,890	147,3550
16,3045	-61,892	147,3600
16,3118	-61,894	147,3650
16,3028	-61,896	147,3700
16,3059	-61,898	147,3750
16,3086	-61,900	147,3800
16,2959	-61,903	147,3850
16,2985	-61,905	147,3900
16,3121	-61,907	147,3950
16,3113	-61,909	147,4000
16,3105	-61,911	147,4050
16,3097	-61,913	147,4100
16,3124	-61,915	147,4150
16,3110	-61,917	147,4200
16,3205	-61,919	147,4250
16,3236	-61,921	147,4300
16,3124	-61,924	147,4350
16,3176	-61,926	147,4400
16,3159	-61,928	147,4450
16,3100	-61,930	147,4500
16,3194	-61,932	147,4550
16,3217	-61,934	147,4600
16,3124	-61,936	147,4650
16,3175	-61,938	147,4700
16,3250	-61,940	147,4750
16,3209	-61,942	147,4800
16,3180	-61,945	147,4850
16,3277	-61,947	147,4900
16,3236	-61,949	147,4950
16,3238	-61,951	147,5000
16,3332	-61,953	147,5050
16,3258	-61,955	147,5100
16,3209	-61,957	147,5150
16,3266	-61,959	147,5200
16,3243	-61,961	147,5250
16,3224	-61,963	147,5300
16,3305	-61,966	147,5350
16,3287	-61,968	147,5400
16,3198	-61,970	147,5450
16,3300	-61,972	147,5500
16,3386	-61,974	147,5550
16,3294	-61,976	147,5600
16,3288	-61,978	147,5650
16,3330	-61,980	147,5700
16,3311	-61,982	147,5750
16,3336	-61,984	147,5800
16,3398	-61,987	147,5850
16,3392	-61,989	147,5900
16,3341	-61,991	147,5950
16,3406	-61,993	147,6000
16,3427	-61,995	147,6050
16,3299	-61,997	147,6100
16,3425	-61,999	147,6150
16,3463	-62,001	147,6200
16,3363	-62,003	147,6250
16,3422	-62,005	147,6300
16,3493	-62,008	147,6350
16,3383	-62,010	147,6400
16,3400	-62,012	147,6450
16,3456	-62,014	147,6500
16,3448	-62,016	147,6550
16,3478	-62,018	147,6600
16,3497	-62,020	147,6650
16,3377	-62,022	147,6700
16,3398	-62,024	147,6750
16,3475	-62,026	147,6800
16,3507	-62,029	147,6850
16,3540	-62,031	147,6900
16,3615	-62,033	147,6950
16,3533	-62,035	147,7000
16,3380	-62,037	147,7050
16,3486	-62,039	147,7100
16,3582	-62,041	147,7150
16,3521	-62,043	147,7200
16,3522	-62,045	147,7250
16,3535	-62,047	147,7300
16,3444	-62,050	147,7350
16,3522	-62,052	147,7400
16,3652	-62,054	147,7450
16,3592	-62,056	147,7500
16,3587	-62,058	147,7550
16,3615	-62,060	147,7600
16,3583	-62,062	147,7650
16,3465	-62,064	147,7700
16,3512	-62,066	147,7750
16,3544	-62,068	147,7800
16,3617	-62,071	147,7850
16,3689	-62,073	147,7900
16,3691	-62,075	147,7950
16,3578	-62,077	147,8000
16,3699	-62,079	147,8050
16,3755	-62,081	147,8100
16,3649	-62,083	147,8150
16,3696	-62,085	147,8200
16,3766	-62,087	147,8250
16,3673	-62,089	147,8300
16,3667	-62,092	147,8350
16,3719	-62,094	147,8400
16,3659	-62,096	147,8450
16,3694	-62,098	147,8500
16,3757	-62,100	147,8550
16,3653	-62,102	147,8600
16,3611	-62,104	147,8650
16,3779	-62,106	147,8700
16,3812	-62,108	147,8750
16,3745	-62,110	147,8800
16,3799	-62,113	147,8850
16,3787	-62,115	147,8900
16,3682	-62,117	147,8950
16,3775	-62,119	147,9000
16,3765	-62,121	147,9050
16,3642	-62,123	147,9100
16,3660	-62,125	147,9150
16,3713	-62,127	147,9200
16,3691	-62,129	147,9250
16,3689	-62,131	147,9300
16,3749	-62,134	147,9350
16,3709	-62,136	147,9400
16,3704	-62,138	147,9450
16,3788	-62,140	147,9500
16,3776	-62,142	147,9550
16,3735	-62,144	147,9600
16,3846	-62,146	147,9650
16,3819	-62,148	147,9700
16,3794	-62,150	147,9750
16,3845	-62,152	147,9800
16,3864	-62,155	147,9850
16,3890	-62,157	147,9900
16,3937	-62,159	147,9950
16,3968	-62,161	148,0000
16,3866	-62,163	148,0050
16,3906	-62,165	148,0100
16,4009	-62,167	148,0150
16,3952	-62,169	148,0200
16,3848	-62,171	148,0250
16,3940	-62,173	148,0300
16,3906	-62,176	148,0350
16,3901	-62,178	148,0400
16,4033	-62,180	148,0450
16,3975	-62,182	148,0500
16,3911	-62,184	148,0550
16,4011	-62,186	148,0600
16,4028	-62,188	148,0650
16,4082	-62,190	148,0700
16,4075	-62,192	148,0750
16,4056	-62,194	148,0800
16,3946	-62,197	148,0850
16,3914	-62,199	148,0900
16,3934	-62,201	148,0950
16,3865	-62,203	148,1000
16,3990	-62,205	148,1050
16,4044	-62,207	148,1100
16,3982	-62,209	148,1150
16,3968	-62,211	148,1200
16,4058	-62,213	148,1250
16,4025	-62,215	148,1300
16,4053	-62,218	148,1350
16,4149	-62,220	148,1400
16,4060	-62,222	148,1450
16,4042	-62,224	148,1500
16,4139	-62,226	148,1550
16,4056	-62,228	148,1600
16,4031	-62,230	148,1650
16,4071	-62,232	148,1700
16,4125	-62,234	148,1750
16,4070	-62,236	148,1800
16,4160	-62,239	148,1850
16,4186	-62,241	148,1900
16,4100	-62,243	148,1950
16,4095	-62,245	148,2000
16,4108	-62,247	148,2050
16,4112	-62,249	148,2100
16,4115	-62,251	148,2150
16,4171	-62,253	148,2200
16,4202	-62,255	148,2250
16,4186	-62,257	148,2300
16,4235	-62,260	148,2350
16,4188	-62,262	148,2400
16,4065	-62,264	148,2450
16,4108	-62,266	148,2500
16,4113	-62,268	148,2550
16,4134	-62,270	148,2600
16,4152	-62,272	148,2650
16,4263	-62,274	148,2700
16,4232	-62,276	148,2750
16,4220	-62,278	148,2800
16,4271	-62,281	148,2850
16,4226	-62,283	148,2900
16,4256	-62,285	148,2950
16,4382	-62,287	148,3000
16,4307	-62,289	148,3050
16,4225	-62,291	148,3100
16,4344	-62,293	148,3150
16,4324	-62,295	148,3200
16,4295	-62,297	148,3250
16,4352	-62,299	148,3300
16,4320	-62,302	148,3350
16,4306	-62,304	148,3400
16,4421	-62,306	148,3450
16,4453	-62,308	148,3500
16,4324	-62,310	148,3550
16,4283	-62,312	148,3600
16,4343	-62,314	148,3650
16,4280	-62,316	148,3700
16,4294	-62,318	148,3750
16,4357	-62,320	148,3800
16,4361	-62,323	148,3850
16,4381	-62,325	148,3900
16,4433	-62,327	148,3950
16,4425	-62,329	148,4000
16,4469	-62,331	148,4050
16,4516	-62,333	148,4100
16,4474	-62,335	148,4150
16,4467	-62,337	148,4200
16,4516	-62,339	148,4250
16,4500	-62,341	148,4300
16,4461	-62,344	148,4350
16,4452	-62,346	148,4400
16,4418	-62,348	148,4450
16,4441	-62,350	148,4500
16,4508	-62,352	148,4550
16,4518	-62,354	148,4600
16,4416	-62,356	148,4650
16,4448	-62,358	148,4700
16,4520	-62,360	148,4750
16,4443	-62,362	148,4800
16,4447	-62,365	148,4850
16,4589	-62,367	148,4900
16,4539	-62,369	148,4950
16,4510	-62,371	148,5000
16,4592	-62,373	148,5050
16,4591	-62,375	148,5100
16,4545	-62,377	148,5150
16,4606	-62,379	148,5200
16,4581	-62,381	148,5250
16,4531	-62,383	148,5300
16,4578	-62,386	148,5350
16,4649	-62,388	148,5400
16,4628	-62,390	148,5450
16,4595	-62,392	148,5500
16,4632	-62,394	148,5550
16,4543	-62,396	148,5600
16,4541	-62,398	148,5650
16,4579	-62,400	148,5700
16,4571	-62,402	148,5750
16,4607	-62,404	148,5800
16,4710	-62,407	148,5850
16,4684	-62,409	148,5900
16,4618	-62,411	148,5950
16,4697	-62,413	148,6000
16,4762	-62,415	148,6050
16,4702	-62,417	148,6100
16,4719	-62,419	148,6150
16,4705	-62,421	148,6200
16,4611	-62,423	148,6250
16,4659	-62,425	148,6300
16,4730	-62,428	148,6350
16,4789	-62,430	148,6400
16,4768	-62,432	148,6450
16,4840	-62,434	148,6500
16,4772	-62,436	148,6550
16,4733	-62,438	148,6600
16,4772	-62,440	148,6650
16,4657	-62,442	148,6700
16,4575	-62,444	148,6750
16,4642	-62,446	148,6800
16,4659	-62,449	148,6850
16,4671	-62,451	148,6900
16,4769	-62,453	148,6950
16,4797	-62,455	148,7000
16,4834	-62,457	148,7050
16,4894	-62,459	148,7100
16,4825	-62,461	148,7150
16,4726	-62,463	148,7200
16,4800	-62,465	148,7250
16,4875	-62,467	148,7300
16,4887	-62,470	148,7350
16,4867	-62,472	148,7400
16,4902	-62,474	148,7450
16,4801	-62,476	148,7500
16,4734	-62,478	148,7550
16,4740	-62,480	148,7600
16,4724	-62,482	148,7650
16,4822	-62,484	148,7700
16,4893	-62,486	148,7750
16,4857	-62,488	148,7800
16,4832	-62,491	148,7850
16,4849	-62,493	148,7900
16,4828	-62,495	148,7950
16,4805	-62,497	148,8000
16,4959	-62,499	148,8050
16,4962	-62,501	148,8100
16,4881	-62,503	148,8150
16,4957	-62,505	148,8200
16,4948	-62,507	148,8250
16,4900	-62,509	148,8300
16,4945	-62,512	148,8350
16,5066	-62,514	148,8400
16,5034	-62,516	148,8450
16,4984	-62,518	148,8500
16,4985	-62,520	148,8550
16,4913	-62,522	148,8600
16,5005	-62,524	148,8650
16,5117	-62,526	148,8700
16,5143	-62,528	148,8750
16,5059	-62,530	148,8800
16,4965	-62,533	148,8850
16,4935	-62,535	148,8900
16,4920	-62,537	148,8950
16,5032	-62,539	148,9000
16,5167	-62,541	148,9050
16,5069	-62,543	148,9100
16,5102	-62,545	148,9150
16,5165	-62,547	148,9200
16,5109	-62,549	148,9250
16,5086	-62,551	148,9300
16,5096	-62,554	148,9350
16,5030	-62,556	148,9400
16,5034	-62,558	148,9450
16,5144	-62,560	148,9500
16,5092	-62,562	148,9550
16,5066	-62,564	148,9600
16,5206	-62,566	148,9650
16,5203	-62,568	148,9700
16,5109	-62,570	148,9750
16,5158	-62,572	148,9800
16,5190	-62,575	148,9850
16,5068	-62,577	148,9900
16,5179	-62,579	148,9950
16,5276	-62,581	149,0000
16,5216	-62,583	149,0050
16,5253	-62,585	149,0100
16,5287	-62,587	149,0150
16,5243	-62,589	149,0200
16,5241	-62,591	149,0250
16,5252	-62,593	149,0300
16,5172	-62,596	149,0350
16,5146	-62,598	149,0400
16,5256	-62,600	149,0450
16,5229	-62,602	149,0500
16,5176	-62,604	149,0550
16,5284	-62,606	149,0600
16,5343	-62,608	149,0650
16,5277	-62,610	149,0700
16,5305	-62,612	149,0750
16,5309	-62,614	149,0800
16,5224	-62,617	149,0850
16,5291	-62,619	149,0900
16,5335	-62,621	149,0950
16,5316	-62,623	149,1000
16,5350	-62,625	149,1050
16,5364	-62,627	149,1100
16,5346	-62,629	149,1150
16,5270	-62,631	149,1200
16,5297	-62,633	149,1250
16,5314	-62,635	149,1300
16,5329	-62,638	149,1350
16,5434	-62,640	149,1400
16,5412	-62,642	149,1450
16,5353	-62,644	149,1500
16,5380	-62,646	149,1550
16,5342	-62,648	149,1600
16,5216	-62,650	149,1650
16,5289	-62,652	149,1700
16,5397	-62,654	149,1750
16,5399	-62,656	149,1800
16,5437	-62,659	149,1850
16,5449	-62,661	149,1900
16,5427	-62,663	149,1950
16,5413	-62,665	149,2000
16,5397	-62,667	149,2050
16,5393	-62,669	149,2100
16,5484	-62,671	149,2150
16,5576	-62,673	149,2200
16,5435	-62,675	149,2250
16,5309	-62,677	149,2300
16,5386	-62,680	149,2350
16,5445	-62,682	149,2400
16,5408	-62,684	149,2450
16,5519	-62,686	149,2500
16,5520	-62,688	149,2550
16,5393	-62,690	149,2600
16,5468	-62,692	149,2650
16,5527	-62,694	149,2700
16,5459	-62,696	149,2750
16,5523	-62,698	149,2800
16,5573	-62,701	149,2850
16,5479	-62,703	149,2900
16,5483	-62,705	149,2950
16,5548	-62,707	149,3000
16,5519	-62,709	149,3050
16,5523	-62,711	149,3100
16,5607	-62,713	149,3150
16,5589	-62,715	149,3200
16,5484	-62,717	149,3250
16,5580	-62,719	149,3300
16,5608	-62,722	149,3350
16,5588	-62,724	149,3400
16,5641	-62,726	149,3450
16,5646	-62,728	149,3500
16,5575	-62,730	149,3550
16,5643	-62,732	149,3600
16,5704	-62,734	149,3650
16,5643	-62,736	149,3700
16,5693	-62,738	149,3750
16,5743	-62,740	149,3800
16,5664	-62,743	149,3850
16,5708	-62,745	149,3900
16,5805	-62,747	149,3950
16,5723	-62,749	149,4000
16,5630	-62,751	149,4050
16,5750	-62,753	149,4100
16,5755	-62,755	149,4150
16,5694	-62,757	149,4200
16,5758	-62,759	149,4250
16,5801	-62,761	149,4300
16,5735	-62,764	149,4350
16,5757	-62,766	149,4400
16,5756	-62,768	149,4450
16,5699	-62,770	149,4500
16,5728	-62,772	149,4550
16,5870	-62,774	149,4600
16,5791	-62,776	149,4650
16,5741	-62,778	149,4700
16,5792	-62,780	149,4750
16,5752	-62,782	149,4800
16,5761	-62,785	149,4850
16,5840	-62,787	149,4900
16,5850	-62,789	149,4950
16,5926	-62,791	149,5000
16,5927	-62,793	149,5050
16,5868	-62,795	149,5100
16,5806	-62,797	149,5150
16,5871	-62,799	149,5200
16,5861	-62,801	149,5250
16,5797	-62,803	149,5300
16,5778	-62,806	149,5350
16,5874	-62,808	149,5400
16,5908	-62,810	149,5450
16,5926	-62,812	149,5500
16,5995	-62,814	149,5550
16,5949	-62,816	149,5600
16,5911	-62,818	149,5650
16,5981	-62,820	149,5700
16,5888	-62,822	149,5750
16,5801	-62,824	149,5800
16,5900	-62,827	149,5850
16,5908	-62,829	149,5900
16,5903	-62,831	149,5950
16,6016	-62,833	149,6000
16,6031	-62,835	149,6050
16,5983	-62,837	149,6100
16,6049	-62,839	149,6150
16,5971	-62,841	149,6200
16,5902	-62,843	149,6250
16,6035	-62,845	149,6300
16,6062	-62,848	149,6350
16,5957	-62,850	149,6400
16,6006	-62,852	149,6450
16,6136	-62,854	149,6500
16,5990	-62,856	149,6550
16,5943	-62,858	149,6600
16,6089	-62,860	149,6650
16,6056	-62,862	149,6700
16,5987	-62,864	149,6750
16,6074	-62,866	149,6800
16,6081	-62,869	149,6850
16,6043	-62,871	149,6900
16,6095	-62,873	149,6950
16,6070	-62,875	149,7000
16,6043	-62,877	149,7050
16,6146	-62,879	149,7100
16,6120	-62,881	149,7150
16,6099	-62,883	149,7200
16,6169	-62,885	149,7250
16,6132	-62,887	149,7300
16,6063	-62,890	149,7350
16,6085	-62,892	149,7400
16,6170	-62,894	149,7450
16,6132	-62,896	149,7500
16,6172	-62,898	149,7550
16,6219	-62,900	149,7600
16,6101	-62,902	149,7650
16,6057	-62,904	149,7700
16,6155	-62,906	149,7750
16,6210	-62,908	149,7800
16,6195	-62,911	149,7850
16,6190	-62,913	149,7900
16,6190	-62,915	149,7950
16,6131	-62,917	149,8000
16,6205	-62,919	149,8050
16,6271	-62,921	149,8100
16,6207	-62,923	149,8150
16,6276	-62,925	149,8200
16,6287	-62,927	149,8250
16,6179	-62,929	149,8300
16,6196	-62,932	149,8350
16,6309	-62,934	149,8400
16,6202	-62,936	149,8450
16,6227	-62,938	149,8500
16,6338	-62,940	149,8550
16,6318	-62,942	149,8600
16,6267	-62,944	149,8650
16,6319	-62,946	149,8700
16,6298	-62,948	149,8750
16,6279	-62,950	149,8800
16,6356	-62,953	149,8850
16,6371	-62,955	149,8900
16,6320	-62,957	149,8950
16,6381	-62,959	149,9000
16,6381	-62,961	149,9050
16,6327	-62,963	149,9100
16,6332	-62,965	149,9150
16,6357	-62,967	149,9200
16,6299	-62,969	149,9250
16,6244	-62,971	149,9300
16,6340	-62,974	149,9350
16,6340	-62,976	149,9400
16,6396	-62,978	149,9450
16,6461	-62,980	149,9500
16,6388	-62,982	149,9550
16,6348	-62,984	149,9600
16,6400	-62,986	149,9650
16,6381	-62,988	149,9700
16,6400	-62,990	149,9750
16,6475	-62,992	149,9800
16,6472	-62,995	149,9850
16,6436	-62,997	149,9900
16,6453	-62,999	149,9950
16,6434	-63,001	150,0000
16,6447	-63,003	150,0050
16,6490	-63,005	150,0100
16,6481	-63,007	150,0150
16,6421	-63,009	150,0200
16,6446	-63,011	150,0250
16,6522	-63,013	150,0300
16,6509	-63,016	150,0350
16,6564	-63,018	150,0400
16,6607	-63,020	150,0450
16,6535	-63,022	150,0500
16,6461	-63,024	150,0550
16,6519	-63,026	150,0600
16,6542	-63,028	150,0650
16,6514	-63,030	150,0700
16,6607	-63,032	150,0750
16,6619	-63,034	150,0800
16,6521	-63,037	150,0850
16,6605	-63,039	150,0900
16,6661	-63,041	150,0950
16,6619	-63,043	150,1000
16,6628	-63,045	150,1050
16,6650	-63,047	150,1100
16,6601	-63,049	150,1150
16,6607	-63,051	150,1200
16,6708	-63,053	150,1250
16,6630	-63,055	150,1300
16,6624	-63,058	150,1350
16,6739	-63,060	150,1400
16,6731	-63,062	150,1450
16,6668	-63,064	150,1500
16,6687	-63,066	150,1550
16,6593	-63,068	150,1600
16,6624	-63,070	150,1650
16,6718	-63,072	150,1700
16,6732	-63,074	150,1750
16,6619	-63,076	150,1800
16,6704	-63,079	150,1850
16,6787	-63,081	150,1900
16,6694	-63,083	150,1950
16,6736	-63,085	150,2000
16,6802	-63,087	150,2050
16,6747	-63,089	150,2100
16,6690	-63,091	150,2150
16,6754	-63,093	150,2200
16,6697	-63,095	150,2250
16,6658	-63,097	150,2300
16,6810	-63,100	150,2350
16,6823	-63,102	150,2400
16,6782	-63,104	150,2450
16,6847	-63,106	150,2500
16,6810	-63,108	150,2550
16,6789	-63,110	150,2600
16,6819	-63,112	150,2650
16,6921	-63,114	150,2700
16,6861	-63,116	150,2750
16,6838	-63,118	150,2800
16,6858	-63,121	150,2850
16,6819	-63,123	150,2900
16,6840	-63,125	150,2950
16,6976	-63,127	150,3000
16,6970	-63,129	150,3050
16,6900	-63,131	150,3100
16,6914	-63,133	150,3150
16,6838	-63,135	150,3200
16,6799	-63,137	150,3250
16,6902	-63,139	150,3300
16,6947	-63,142	150,3350
16,6921	-63,144	150,3400
16,6965	-63,146	150,3450
16,6901	-63,148	150,3500
16,6911	-63,150	150,3550
16,6962	-63,152	150,3600
16,6991	-63,154	150,3650
16,6949	-63,156	150,3700
16,6997	-63,158	150,3750
16,6974	-63,160	150,3800
16,6937	-63,163	150,3850
16,6975	-63,165	150,3900
16,7056	-63,167	150,3950
16,7014	-63,169	150,4000
16,6916	-63,171	150,4050
16,7003	-63,173	150,4100
16,7028	-63,175	150,4150
16,6993	-63,177	150,4200
16,7131	-63,179	150,4250
16,7151	-63,181	150,4300
16,7031	-63,184	150,4350
16,7067	-63,186	150,4400
16,7111	-63,188	150,4450
16,7086	-63,190	150,4500
16,6993	-63,192	150,4550
16,7031	-63,194	150,4600
16,6909	-63,196	150,4650
16,6918	-63,198	150,4700
16,7078	-63,200	150,4750
16,7078	-63,202	150,4800
16,7031	-63,205	150,4850
16,7143	-63,207	150,4900
16,7131	-63,209	150,4950
16,7050	-63,211	150,5000
16,7099	-63,213	150,5050
16,7058	-63,215	150,5100
16,7041	-63,217	150,5150
16,7083	-63,219	150,5200
16,7084	-63,221	150,5250
16,7085	-63,223	150,5300
16,7155	-63,226	150,5350
16,7207	-63,228	150,5400
16,7119	-63,230	150,5450
16,7130	-63,232	150,5500
16,7177	-63,234	150,5550
16,7109	-63,236	150,5600
16,7149	-63,238	150,5650
16,7235	-63,240	150,5700
16,7237	-63,242	150,5750
16,7263	-63,244	150,5800
16,7330	-63,247	150,5850
16,7223	-63,249	150,5900
16,7174	-63,251	150,5950
16,7245	-63,253	150,6000
16,7250	-63,255	150,6050
16,7264	-63,257	150,6100
16,7326	-63,259	150,6150
16,7285	-63,261	150,6200
16,7201	-63,263	150,6250
16,7258	-63,265	150,6300
16,7300	-63,268	150,6350
16,7258	-63,270	150,6400
16,7250	-63,272	150,6450
16,7326	-63,274	150,6500
16,7279	-63,276	150,6550
16,7334	-63,278	150,6600
16,7385	-63,280	150,6650
16,7292	-63,282	150,6700
16,7259	-63,284	150,6750
16,7371	-63,286	150,6800
16,7383	-63,289	150,6850
16,7335	-63,291	150,6900
16,7372	-63,293	150,6950
16,7387	-63,295	150,7000
16,7348	-63,297	150,7050
16,7432	-63,299	150,7100
16,7387	-63,301	150,7150
16,7311	-63,303	150,7200
16,7393	-63,305	150,7250
16,7431	-63,307	150,7300
16,7407	-63,310	150,7350
16,7375	-63,312	150,7400
16,7446	-63,314	150,7450
16,7417	-63,316	150,7500
16,7450	-63,318	150,7550
16,7508	-63,320	150,7600
16,7446	-63,322	150,7650
16,7444	-63,324	150,7700
16,7521	-63,326	150,7750
16,7456	-63,328	150,7800
16,7453	-63,331	150,7850
16,7555	-63,333	150,7900
16,7582	-63,335	150,7950
16,7492	-63,337	150,8000
16,7562	-63,339	150,8050
16,7554	-63,341	150,8100
16,7397	-63,343	150,8150
16,7491	-63,345	150,8200
16,7575	-63,347	150,8250
16,7569	-63,349	150,8300
16,7555	-63,352	150,8350
16,7630	-63,354	150,8400
16,7575	-63,356	150,8450
16,7612	-63,358	150,8500
16,7648	-63,360	150,8550
16,7598	-63,362	150,8600
16,7584	-63,364	150,8650
16,7607	-63,366	150,8700
16,7591	-63,368	150,8750
16,7573	-63,370	150,8800
16,7632	-63,373	150,8850
16,7657	-63,375	150,8900
16,7615	-63,377	150,8950
16,7643	-63,379	150,9000
16,7623	-63,381	150,9050
16,7553	-63,383	150,9100
16,7631	-63,385	150,9150
16,7668	-63,387	150,9200
16,7639	-63,389	150,9250
16,7673	-63,391	150,9300
16,7740	-63,394	150,9350
16,7679	-63,396	150,9400
16,7695	-63,398	150,9450
16,7788	-63,400	150,9500
16,7716	-63,402	150,9550
16,7639	-63,404	150,9600
16,7729	-63,406	150,9650
16,7761	-63,408	150,9700
16,7672	-63,410	150,9750
16,7728	-63,412	150,9800
16,7785	-63,415	150,9850
16,7758	-63,417	150,9900
16,7795	-63,419	150,9950
16,7805	-63,421	151,0000
16,7810	-63,423	151,0050
16,7843	-63,425	151,0100
16,7843	-63,427	151,0150
16,7740	-63,429	151,0200
16,7744	-63,431	151,0250
16,7872	-63,433	151,0300
16,7830	-63,436	151,0350
16,7796	-63,438	151,0400
16,7854	-63,440	151,0450
16,7789	-63,442	151,0500
16,7788	-63,444	151,0550
16,7952	-63,446	151,0600
16,7890	-63,448	151,0650
16,7800	-63,450	151,0700
16,7852	-63,452	151,0750
16,7889	-63,454	151,0800
16,7903	-63,457	151,0850
16,7888	-63,459	151,0900
16,7892	-63,461	151,0950
16,7852	-63,463	151,1000
16,7903	-63,465	151,1050
16,7911	-63,467	151,1100
16,7874	-63,469	151,1150
16,7850	-63,471	151,1200
16,7910	-63,473	151,1250
16,7856	-63,475	151,1300
16,7843	-63,478	151,1350
16,8017	-63,480	151,1400
16,7938	-63,482	151,1450
16,7902	-63,484	151,1500
16,7994	-63,486	151,1550
16,7908	-63,488	151,1600
16,7918	-63,490	151,1650
16,8038	-63,492	151,1700
16,8046	-63,494	151,1750
16,7960	-63,496	151,1800
16,8052	-63,499	151,1850
16,8086	-63,501	151,1900
16,7972	-63,503	151,1950
16,7979	-63,505	151,2000
16,8085	-63,507	151,2050
16,8118	-63,509	151,2100
16,8023	-63,511	151,2150
16,8040	-63,513	151,2200
16,8024	-63,515	151,2250
16,8041	-63,517	151,2300
16,8114	-63,520	151,2350
16,8086	-63,522	151,2400
16,8070	-63,524	151,2450
16,8107	-63,526	151,2500
16,8084	-63,528	151,2550
16,8040	-63,530	151,2600
16,8067	-63,532	151,2650
16,8060	-63,534	151,2700
16,8037	-63,536	151,2750
16,8128	-63,538	151,2800
16,8152	-63,541	151,2850
16,8014	-63,543	151,2900
16,8062	-63,545	151,2950
16,8208	-63,547	151,3000
16,8174	-63,549	151,3050
16,8075	-63,551	151,3100
16,8178	-63,553	151,3150
16,8198	-63,555	151,3200
16,8181	-63,557	151,3250
16,8214	-63,559	151,3300
16,8211	-63,562	151,3350
16,8142	-63,564	151,3400
16,8249	-63,566	151,3450
16,8234	-63,568	151,3500
16,8142	-63,570	151,3550
16,8218	-63,572	151,3600
16,8343	-63,574	151,3650
16,8325	-63,576	151,3700
16,8291	-63,578	151,3750
16,8280	-63,580	151,3800
16,8168	-63,583	151,3850
16,8227	-63,585	151,3900
16,8309	-63,587	151,3950
16,8268	-63,589	151,4000
16,8271	-63,591	151,4050
16,8336	-63,593	151,4100
16,8276	-63,595	151,4150
16,8211	-63,597	151,4200
16,8364	-63,599	151,4250
16,8407	-63,601	151,4300
16,8324	-63,604	151,4350
16,8427	-63,606	151,4400
16,8379	-63,608	151,4450
16,8252	-63,610	151,4500
16,8338	-63,612	151,4550
16,8423	-63,614	151,4600
16,8307	-63,616	151,4650
16,8326	-63,618	151,4700
16,8368	-63,620	151,4750
16,8301	-63,622	151,4800
16,8322	-63,625	151,4850
16,8414	-63,627	151,4900
16,8401	-63,629	151,4950
16,8395	-63,631	151,5000
16,8430	-63,633	151,5050
16,8393	-63,635	151,5100
16,8364	-63,637	151,5150
16,8402	-63,639	151,5200
16,8403	-63,641	151,5250
16,8326	-63,643	151,5300
16,8391	-63,646	151,5350
16,8395	-63,648	151,5400
16,8403	-63,650	151,5450
16,8464	-63,652	151,5500
16,8528	-63,654	151,5550
16,8520	-63,656	151,5600
16,8560	-63,658	151,5650
16,8576	-63,660	151,5700
16,8479	-63,662	151,5750
16,8459	-63,664	151,5800
16,8600	-63,667	151,5850
16,8537	-63,669	151,5900
16,8442	-63,671	151,5950
16,8585	-63,673	151,6000
16,8623	-63,675	151,6050
16,8571	-63,677	151,6100
16,8647	-63,679	151,6150
16,8640	-63,681	151,6200
16,8557	-63,683	151,6250
16,8622	-63,685	151,6300
16,8646	-63,688	151,6350
16,8595	-63,690	151,6400
16,8606	-63,692	151,6450
16,8715	-63,694	151,6500
16,8642	-63,696	151,6550
16,8655	-63,698	151,6600
16,8764	-63,700	151,6650
16,8649	-63,702	151,6700
16,8537	-63,704	151,6750
16,8648	-63,706	151,6800
16,8671	-63,709	151,6850
16,8609	-63,711	151,6900
16,8675	-63,713	151,6950
16,8697	-63,715	151,7000
16,8665	-63,717	151,7050
16,8767	-63,719	151,7100
16,8790	-63,721	151,7150
16,8628	-63,723	151,7200
16,8592	-63,725	151,7250
16,8605	-63,727	151,7300
16,8637	-63,730	151,7350
16,8720	-63,732	151,7400
16,8796	-63,734	151,7450
16,8743	-63,736	151,7500
16,8752	-63,738	151,7550
16,8795	-63,740	151,7600
16,8710	-63,742	151,7650
16,8692	-63,744	151,7700
16,8802	-63,746	151,7750
16,8799	-63,748	151,7800
16,8814	-63,751	151,7850
16,8907	-63,753	151,7900
16,8855	-63,755	151,7950
16,8765	-63,757	151,8000
16,8863	-63,759	151,8050
16,8841	-63,761	151,8100
16,8739	-63,763	151,8150
16,8835	-63,765	151,8200
16,8915	-63,767	151,8250
16,8877	-63,769	151,8300
16,8864	-63,772	151,8350
16,8915	-63,774	151,8400
16,8903	-63,776	151,8450
16,8871	-63,778	151,8500
16,8881	-63,780	151,8550
16,8834	-63,782	151,8600
16,8829	-63,784	151,8650
16,8922	-63,786	151,8700
16,8965	-63,788	151,8750
16,8984	-63,790	151,8800
16,8994	-63,793	151,8850
16,9001	-63,795	151,8900
16,8935	-63,797	151,8950
16,8972	-63,799	151,9000
16,8971	-63,801	151,9050
16,8877	-63,803	151,9100
16,8996	-63,805	151,9150
16,9057	-63,807	151,9200
16,8994	-63,809	151,9250
16,8964	-63,811	151,9300
16,9031	-63,814	151,9350
16,9028	-63,816	151,9400
16,9038	-63,818	151,9450
16,8985	-63,820	151,9500
16,8932	-63,822	151,9550
16,8978	-63,824	151,9600
16,9060	-63,826	151,9650
16,9072	-63,828	151,9700
16,9047	-63,830	151,9750
16,9111	-63,832	151,9800
16,9127	-63,835	151,9850
16,9065	-63,837	151,9900
16,9110	-63,839	151,9950
16,9150	-63,841	152,0000
16,9051	-63,843	152,0050
16,9148	-63,845	152,0100
16,9272	-63,847	152,0150
16,9157	-63,849	152,0200
16,9116	-63,851	152,0250
16,9211	-63,853	152,0300
16,9199	-63,856	152,0350
16,9108	-63,858	152,0400
16,9071	-63,860	152,0450
16,9087	-63,862	152,0500
16,9121	-63,864	152,0550
16,9202	-63,866	152,0600
16,9166	-63,868	152,0650
16,9130	-63,870	152,0700
16,9210	-63,872	152,0750
16,9171	-63,874	152,0800
16,9063	-63,877	152,0850
16,9244	-63,879	152,0900
16,9273	-63,881	152,0950
16,9167	-63,883	152,1000
16,9127	-63,885	152,1050
16,9125	-63,887	152,1100
16,9067	-63,889	152,1150
16,9119	-63,891	152,1200
16,9203	-63,893	152,1250
16,9101	-63,895	152,1300
16,9138	-63,898	152,1350
16,9255	-63,900	152,1400
16,9292	-63,902	152,1450
16,9228	-63,904	152,1500
16,9312	-63,906	152,1550
16,9355	-63,908	152,1600
16,9299	-63,910	152,1650
16,9348	-63,912	152,1700
16,9349	-63,914	152,1750
16,9247	-63,916	152,1800
16,9257	-63,919	152,1850
16,9297	-63,921	152,1900
16,9240	-63,923	152,1950
16,9325	-63,925	152,2000
16,9381	-63,927	152,2050
16,9335	-63,929	152,2100
16,9316	-63,931	152,2150
16,9405	-63,933	152,2200
16,9398	-63,935	152,2250
16,9357	-63,937	152,2300
16,9436	-63,940	152,2350
16,9428	-63,942	152,2400
16,9308	-63,944	152,2450
16,9396	-63,946	152,2500
16,9399	-63,948	152,2550
16,9314	-63,950	152,2600
16,9398	-63,952	152,2650
16,9411	-63,954	152,2700
16,9330	-63,956	152,2750
16,9440	-63,958	152,2800
16,9497	-63,961	152,2850
16,9388	-63,963	152,2900
16,9364	-63,965	152,2950
16,9438	-63,967	152,3000
16,9470	-63,969	152,3050
16,9407	-63,971	152,3100
16,9483	-63,973	152,3150
16,9477	-63,975	152,3200
16,9499	-63,977	152,3250
16,9590	-63,979	152,3300
16,9571	-63,982	152,3350
16,9496	-63,984	152,3400
16,9523	-63,986	152,3450
16,9519	-63,988	152,3500
16,9508	-63,990	152,3550
16,9548	-63,992	152,3600
16,9601	-63,994	152,3650
16,9468	-63,996	152,3700
16,9533	-63,998	152,3750
16,9610	-64,000	152,3800
16,9575	-64,003	152,3850
16,9623	-64,005	152,3900
16,9665	-64,007	152,3950
16,9566	-64,009	152,4000
16,9479	-64,011	152,4050
16,9550	-64,013	152,4100
16,9571	-64,015	152,4150
16,9564	-64,017	152,4200
16,9651	-64,019	152,4250
16,9639	-64,021	152,4300
16,9569	-64,024	152,4350
16,9644	-64,026	152,4400
16,9646	-64,028	152,4450
16,9679	-64,030	152,4500
16,9721	-64,032	152,4550
16,9753	-64,034	152,4600
16,9690	-64,036	152,4650
16,9701	-64,038	152,4700
16,9730	-64,040	152,4750
16,9681	-64,042	152,4800
16,9724	-64,045	152,4850
16,9785	-64,047	152,4900
16,9743	-64,049	152,4950
16,9646	-64,051	152,5000
16,9712	-64,053	152,5050
16,9722	-64,055	152,5100
16,9715	-64,057	152,5150
16,9817	-64,059	152,5200
16,9873	-64,061	152,5250
16,9765	-64,063	152,5300
16,9768	-64,066	152,5350
16,9868	-64,068	152,5400
16,9827	-64,070	152,5450
16,9795	-64,072	152,5500
16,9896	-64,074	152,5550
16,9774	-64,076	152,5600
16,9732	-64,078	152,5650
16,9802	-64,080	152,5700
16,9786	-64,082	152,5750
16,9829	-64,084	152,5800
16,9905	-64,087	152,5850
16,9833	-64,089	152,5900
16,9804	-64,091	152,5950
16,9929	-64,093	152,6000
16,9906	-64,095	152,6050
16,9838	-64,097	152,6100
16,9912	-64,099	152,6150
16,9920	-64,101	152,6200
16,9881	-64,103	152,6250
16,9909	-64,105	152,6300
16,9948	-64,108	152,6350
16,9939	-64,110	152,6400
16,9871	-64,112	152,6450
16,9919	-64,114	152,6500
16,9835	-64,116	152,6550
16,9906	-64,118	152,6600
17,0012	-64,120	152,6650
17,0074	-64,122	152,6700
17,0100	-64,124	152,6750
17,0129	-64,126	152,6800
17,0052	-64,129	152,6850
16,9977	-64,131	152,6900
17,0005	-64,133	152,6950
16,9950	-64,135	152,7000
16,9884	-64,137	152,7050
17,0051	-64,139	152,7100
17,0057	-64,141	152,7150
16,9891	-64,143	152,7200
17,0006	-64,145	152,7250
17,0073	-64,147	152,7300
16,9996	-64,150	152,7350
17,0010	-64,152	152,7400
17,0088	-64,154	152,7450
17,0051	-64,156	152,7500
17,0103	-64,158	152,7550
17,0156	-64,160	152,7600
17,0030	-64,162	152,7650
17,0064	-64,164	152,7700
17,0197	-64,166	152,7750
17,0137	-64,168	152,7800
17,0093	-64,171	152,7850
17,0176	-64,173	152,7900
17,0176	-64,175	152,7950
17,0115	-64,177	152,8000
17,0113	-64,179	152,8050
17,0107	-64,181	152,8100
17,0056	-64,183	152,8150
17,0058	-64,185	152,8200
17,0111	-64,187	152,8250
17,0195	-64,189	152,8300
17,0231	-64,192	152,8350
17,0267	-64,194	152,8400
17,0163	-64,196	152,8450
17,0107	-64,198	152,8500
17,0140	-64,200	152,8550
17,0205	-64,202	152,8600
17,0243	-64,204	152,8650
17,0346	-64,206	152,8700
17,0273	-64,208	152,8750
17,0190	-64,210	152,8800
17,0250	-64,213	152,8850
17,0246	-64,215	152,8900
17,0193	-64,217	152,8950
17,0257	-64,219	152,9000
17,0258	-64,221	152,9050
17,0200	-64,223	152,9100
17,0195	-64,225	152,9150
17,0211	-64,227	152,9200
17,0273	-64,229	152,9250
17,0368	-64,231	152,9300
17,0424	-64,234	152,9350
17,0287	-64,236	152,9400
17,0233	-64,238	152,9450
17,0347	-64,240	152,9500
17,0411	-64,242	152,9550
17,0339	-64,244	152,9600
17,0392	-64,246	152,9650
17,0444	-64,248	152,9700
17,0426	-64,250	152,9750
17,0435	-64,252	152,9800
17,0404	-64,255	152,9850
17,0375	-64,257	152,9900
17,0415	-64,259	152,9950
17,0411	-64,261	153,0000
17,0354	-64,263	153,0050
17,0455	-64,265	153,0100
17,0493	-64,267	153,0150
17,0483	-64,269	153,0200
17,0439	-64,271	153,0250
17,0474	-64,273	153,0300
17,0371	-64,276	153,0350
17,0370	-64,278	153,0400
17,0450	-64,280	153,0450
17,0400	-64,282	153,0500
17,0400	-64,284	153,0550
17,0438	-64,286	153,0600
17,0414	-64,288	153,0650
17,0439	-64,290	153,0700
17,0517	-64,292	153,0750
17,0515	-64,294	153,0800
17,0413	-64,297	153,0850
17,0501	-64,299	153,0900
17,0554	-64,301	153,0950
17,0504	-64,303	153,1000
17,0486	-64,305	153,1050
17,0552	-64,307	153,1100
17,0604	-64,309	153,1150
17,0554	-64,311	153,1200
17,0599	-64,313	153,1250
17,0543	-64,315	153,1300
17,0547	-64,318	153,1350
17,0566	-64,320	153,1400
17,0511	-64,322	153,1450
17,0535	-64,324	153,1500
17,0603	-64,326	153,1550
17,0592	-64,328	153,1600
17,0601	-64,330	153,1650
17,0672	-64,332	153,1700
17,0688	-64,334	153,1750
17,0555	-64,336	153,1800
17,0608	-64,339	153,1850
17,0660	-64,341	153,1900
17,0556	-64,343	153,1950
17,0623	-64,345	153,2000
17,0660	-64,347	153,2050
17,0670	-64,349	153,2100
17,0734	-64,351	153,2150
17,0809	-64,353	153,2200
17,0741	-64,355	153,2250
17,0723	-64,357	153,2300
17,0824	-64,360	153,2350
17,0765	-64,362	153,2400
17,0694	-64,364	153,2450
17,0771	-64,366	153,2500
17,0741	-64,368	153,2550
17,0611	-64,370	153,2600
17,0587	-64,372	153,2650
17,0656	-64,374	153,2700
17,0645	-64,376	153,2750
17,0714	-64,378	153,2800
17,0818	-64,381	153,2850
17,0721	-64,383	153,2900
17,0637	-64,385	153,2950
17,0721	-64,387	153,3000
17,0725	-64,389	153,3050
17,0721	-64,391	153,3100
17,0805	-64,393	153,3150
17,0817	-64,395	153,3200
17,0753	-64,397	153,3250
17,0791	-64,399	153,3300
17,0808	-64,402	153,3350
17,0841	-64,404	153,3400
17,0857	-64,406	153,3450
17,0867	-64,408	153,3500
17,0873	-64,410	153,3550
17,0884	-64,412	153,3600
17,0881	-64,414	153,3650
17,0829	-64,416	153,3700
17,0838	-64,418	153,3750
17,0866	-64,420	153,3800
17,0773	-64,423	153,3850
17,0765	-64,425	153,3900
17,0879	-64,427	153,3950
17,0923	-64,429	153,4000
17,0905	-64,431	153,4050
17,0950	-64,433	153,4100
17,0883	-64,435	153,4150
17,0799	-64,437	153,4200
17,0924	-64,439	153,4250
17,0942	-64,441	153,4300
17,0898	-64,444	153,4350
17,1023	-64,446	153,4400
17,1032	-64,448	153,4450
17,0986	-64,450	153,4500
17,1026	-64,452	153,4550
17,1072	-64,454	153,4600
17,1014	-64,456	153,4650
17,0957	-64,458	153,4700
17,0985	-64,460	153,4750
17,0983	-64,462	153,4800
17,0917	-64,465	153,4850
17,1027	-64,467	153,4900
17,1117	-64,469	153,4950
17,1140	-64,471	153,5000
17,1159	-64,473	153,5050
17,1068	-64,475	153,5100
17,0979	-64,477	153,5150
17,1056	-64,479	153,5200
17,1030	-64,481	153,5250
17,0982	-64,483	153,5300
17,1053	-64,486	153,5350
17,1098	-64,488	153,5400
17,1076	-64,490	153,5450
17,1086	-64,492	153,5500
17,1160	-64,494	153,5550
17,1185	-64,496	153,5600
17,1211	-64,498	153,5650
17,1220	-64,500	153,5700
17,1161	-64,502	153,5750
17,1152	-64,504	153,5800
17,1161	-64,507	153,5850
17,1186	-64,509	153,5900
17,1161	-64,511	153,5950
17,1157	-64,513	153,6000
17,1143	-64,515	153,6050
17,1128	-64,517	153,6100
17,1236	-64,519	153,6150
17,1253	-64,521	153,6200
17,1197	-64,523	153,6250
17,1174	-64,525	153,6300
17,1235	-64,528	153,6350
17,1229	-64,530	153,6400
17,1210	-64,532	153,6450
17,1274	-64,534	153,6500
17,1215	-64,536	153,6550
17,1206	-64,538	153,6600
17,1301	-64,540	153,6650
17,1222	-64,542	153,6700
17,1240	-64,544	153,6750
17,1369	-64,546	153,6800
17,1364	-64,549	153,6850
17,1310	-64,551	153,6900
17,1385	-64,553	153,6950
17,1337	-64,555	153,7000
17,1246	-64,557	153,7050
17,1278	-64,559	153,7100
17,1327	-64,561	153,7150
17,1295	-64,563	153,7200
17,1416	-64,565	153,7250
17,1390	-64,567	153,7300
17,1323	-64,570	153,7350
17,1304	-64,572	153,7400
17,1401	-64,574	153,7450
17,1349	-64,576	153,7500
17,1374	-64,578	153,7550
17,1482	-64,580	153,7600
17,1433	-64,582	153,7650
17,1438	-64,584	153,7700
17,1513	-64,586	153,7750
17,1457	-64,588	153,7800
17,1394	-64,591	153,7850
17,1416	-64,593	153,7900
17,1424	-64,595	153,7950
17,1382	-64,597	153,8000
17,1451	-64,599	153,8050
17,1441	-64,601	153,8100
17,1391	-64,603	153,8150
17,1473	-64,605	153,8200
17,1535	-64,607	153,8250
17,1488	-64,609	153,8300
17,1534	-64,612	153,8350
17,1521	-64,614	153,8400
17,1417	-64,616	153,8450
17,1474	-64,618	153,8500
17,1567	-64,620	153,8550
17,1472	-64,622	153,8600
17,1458	-64,624	153,8650
17,1607	-64,626	153,8700
17,1579	-64,628	153,8750
17,1460	-64,630	153,8800
17,1532	-64,633	153,8850
17,1629	-64,635	153,8900
17,1555	-64,637	153,8950
17,1536	-64,639	153,9000
17,1564	-64,641	153,9050
17,1595	-64,643	153,9100
17,1635	-64,645	153,9150
17,1652	-64,647	153,9200
17,1566	-64,649	153,9250
17,1531	-64,651	153,9300
17,1618	-64,654	153,9350
17,1634	-64,656	153,9400
17,1615	-64,658	153,9450
17,1626	-64,660	153,9500
17,1551	-64,662	153,9550
17,1600	-64,664	153,9600
17,1706	-64,666	153,9650
17,1722	-64,668	153,9700
17,1681	-64,670	153,9750
17,1797	-64,672	153,9800
17,1833	-64,675	153,9850
17,1721	-64,677	153,9900
17,1667	-64,679	153,9950
17,1682	-64,681	154,0000
17,1656	-64,683	154,0050
17,1739	-64,685	154,0100
17,1770	-64,687	154,0150
17,1726	-64,689	154,0200
17,1698	-64,691	154,0250
17,1822	-64,693	154,0300
17,1736	-64,696	154,0350
17,1658	-64,698	154,0400
17,1746	-64,700	154,0450
17,1800	-64,702	154,0500
17,1768	-64,704	154,0550
17,1810	-64,706	154,0600
17,1820	-64,708	154,0650
17,1743	-64,710	154,0700
17,1779	-64,712	154,0750
17,1794	-64,714	154,0800
17,1704	-64,717	154,0850
17,1774	-64,719	154,0900
17,1873	-64,721	154,0950
17,1852	-64,723	154,1000
17,1875	-64,725	154,1050
17,1917	-64,727	154,1100
17,1864	-64,729	154,1150
17,1882	-64,731	154,1200
17,1971	-64,733	154,1250
17,1873	-64,735	154,1300
17,1825	-64,738	154,1350
17,1895	-64,740	154,1400
17,1932	-64,742	154,1450
17,1912	-64,744	154,1500
17,1960	-64,746	154,1550
17,1923	-64,748	154,1600
17,1904	-64,750	154,1650
17,1942	-64,752	154,1700
17,1906	-64,754	154,1750
17,1826	-64,756	154,1800
17,1930	-64,759	154,1850
17,1986	-64,761	154,1900
17,1966	-64,763	154,1950
17,1962	-64,765	154,2000
17,2054	-64,767	154,2050
17,1975	-64,769	154,2100
17,1855	-64,771	154,2150
17,1977	-64,773	154,2200
17,2029	-64,775	154,2250
17,2040	-64,777	154,2300
17,2076	-64,780	154,2350
17,2006	-64,782	154,2400
17,1981	-64,784	154,2450
17,2064	-64,786	154,2500
17,2089	-64,788	154,2550
17,2042	-64,790	154,2600
17,2043	-64,792	154,2650
17,2092	-64,794	154,2700
17,2104	-64,796	154,2750
17,2189	-64,798	154,2800
17,2217	-64,801	154,2850
17,2053	-64,803	154,2900
17,2049	-64,805	154,2950
17,2090	-64,807	154,3000
17,2086	-64,809	154,3050
17,2065	-64,811	154,3100
17,2174	-64,813	154,3150
17,2218	-64,815	154,3200
17,2251	-64,817	154,3250
17,2281	-64,819	154,3300
17,2216	-64,822	154,3350
17,2152	-64,824	154,3400
17,2186	-64,826	154,3450
17,2174	-64,828	154,3500
17,2180	-64,830	154,3550
17,2271	-64,832	154,3600
17,2288	-64,834	154,3650
17,2164	-64,836	154,3700
17,2175	-64,838	154,3750
17,2247	-64,840	154,3800
17,2229	-64,843	154,3850
17,2230	-64,845	154,3900
17,2300	-64,847	154,3950
17,2246	-64,849	154,4000
17,2208	-64,851	154,4050
17,2303	-64,853	154,4100
17,2288	-64,855	154,4150
17,2263	-64,857	154,4200
17,2325	-64,859	154,4250
17,2323	-64,861	154,4300
17,2247	-64,864	154,4350
17,2270	-64,866	154,4400
17,2309	-64,868	154,4450
17,2276	-64,870	154,4500
17,2319	-64,872	154,4550
17,2387	-64,874	154,4600
17,2271	-64,876	154,4650
17,2309	-64,878	154,4700
17,2361	-64,880	154,4750
17,2290	-64,882	154,4800
17,2307	-64,885	154,4850
17,2352	-64,887	154,4900
17,2343	-64,889	154,4950
17,2309	-64,891	154,5000
17,2314	-64,893	154,5050
17,2284	-64,895	154,5100
17,2370	-64,897	154,5150
17,2461	-64,899	154,5200
17,2384	-64,901	154,5250
17,2291	-64,903	154,5300
17,2412	-64,906	154,5350
17,2442	-64,908	154,5400
17,2441	-64,910	154,5450
17,2494	-64,912	154,5500
17,2548	-64,914	154,5550
17,2495	-64,916	154,5600
17,2555	-64,918	154,5650
17,2558	-64,920	154,5700
17,2468	-64,922	154,5750
17,2487	-64,924	154,5800
17,2543	-64,927	154,5850
17,2530	-64,929	154,5900
17,2485	-64,931	154,5950
17,2539	-64,933	154,6000
17,2557	-64,935	154,6050
17,2509	-64,937	154,6100
17,2541	-64,939	154,6150
17,2533	-64,941	154,6200
17,2459	-64,943	154,6250
17,2541	-64,945	154,6300
17,2675	-64,948	154,6350
17,2712	-64,950	154,6400
17,2599	-64,952	154,6450
17,2582	-64,954	154,6500
17,2467	-64,956	154,6550
17,2453	-64,958	154,6600
17,2550	-64,960	154,6650
17,2537	-64,962	154,6700
17,2587	-64,964	154,6750
17,2690	-64,966	154,6800
17,2676	-64,969	154,6850
17,2609	-64,971	154,6900
17,2659	-64,973	154,6950
17,2685	-64,975	154,7000
17,2657	-64,977	154,7050
17,2684	-64,979	154,7100
17,2710	-64,981	154,7150
17,2641	-64,983	154,7200
17,2706	-64,985	154,7250
17,2737	-64,987	154,7300
17,2707	-64,990	154,7350
17,2670	-64,992	154,7400
17,2682	-64,994	154,7450
17,2605	-64,996	154,7500
17,2648	-64,998	154,7550
17,2767	-65,000	154,7600
17,2697	-65,002	154,7650
17,2655	-65,004	154,7700
17,2760	-65,006	154,7750
17,2768	-65,008	154,7800
17,2740	-65,011	154,7850
17,2777	-65,013	154,7900
17,2756	-65,015	154,7950
17,2698	-65,017	154,8000
17,2782	-65,019	154,8050
17,2775	-65,021	154,8100
17,2756	-65,023	154,8150
17,2806	-65,025	154,8200
17,2829	-65,027	154,8250
17,2822	-65,029	154,8300
17,2844	-65,032	154,8350
17,2882	-65,034	154,8400
17,2768	-65,036	154,8450
17,2803	-65,038	154,8500
17,2897	-65,040	154,8550
17,2862	-65,042	154,8600
17,2824	-65,044	154,8650
17,2928	-65,046	154,8700
17,2870	-65,048	154,8750
17,2753	-65,050	154,8800
17,2799	-65,053	154,8850
17,2822	-65,055	154,8900
17,2794	-65,057	154,8950
17,2852	-65,059	154,9000
17,2858	-65,061	154,9050
17,2827	-65,063	154,9100
17,2869	-65,065	154,9150
17,2939	-65,067	154,9200
17,2966	-65,069	154,9250
17,2908	-65,071	154,9300
17,2970	-65,074	154,9350
17,2871	-65,076	154,9400
17,2786	-65,078	154,9450
17,2887	-65,080	154,9500
17,2938	-65,082	154,9550
17,2985	-65,084	154,9600
17,3102	-65,086	154,9650
17,3087	-65,088	154,9700
17,2960	-65,090	154,9750
17,2962	-65,092	154,9800
17,3021	-65,095	154,9850
17,2958	-65,097	154,9900
17,3020	-65,099	154,9950
17,3022	-65,101	155,0000
17,2935	-65,103	155,0050
17,3004	-65,105	155,0100
17,3064	-65,107	155,0150
17,3015	-65,109	155,0200
17,3031	-65,111	155,0250
17,3134	-65,113	155,0300
17,3126	-65,116	155,0350
17,3116	-65,118	155,0400
17,3141	-65,120	155,0450
17,3127	-65,122	155,0500
17,3062	-65,124	155,0550
17,3119	-65,126	155,0600
17,3128	-65,128	155,0650
17,3118	-65,130	155,0700
17,3220	-65,132	155,0750
17,3246	-65,134	155,0800
17,3134	-65,137	155,0850
17,3168	-65,139	155,0900
17,3177	-65,141	155,0950
17,3057	-65,143	155,1000
17,3062	-65,145	155,1050
17,3076	-65,147	155,1100
17,3042	-65,149	155,1150
17,3103	-65,151	155,1200
17,3174	-65,153	155,1250
17,3098	-65,155	155,1300
17,3096	-65,158	155,1350
17,3160	-65,160	155,1400
17,3160	-65,162	155,1450
17,3162	-65,164	155,1500
17,3250	-65,166	155,1550
17,3252	-65,168	155,1600
17,3193	-65,170	155,1650
17,3293	-65,172	155,1700
17,3399	-65,174	155,1750
17,3253	-65,176	155,1800
17,3225	-65,179	155,1850
17,3261	-65,181	155,1900
17,3199	-65,183	155,1950
17,3204	-65,185	155,2000
17,3202	-65,187	155,2050
17,3200	-65,189	155,2100
17,3233	-65,191	155,2150
17,3356	-65,193	155,2200
17,3323	-65,195	155,2250
17,3291	-65,197	155,2300
17,3333	-65,200	155,2350
17,3289	-65,202	155,2400
17,3299	-65,204	155,2450
17,3416	-65,206	155,2500
17,3376	-65,208	155,2550
17,3280	-65,210	155,2600
17,3336	-65,212	155,2650
17,3389	-65,214	155,2700
17,3356	-65,216	155,2750
17,3386	-65,218	155,2800
17,3409	-65,221	155,2850
17,3364	-65,223	155,2900
17,3403	-65,225	155,2950
17,3414	-65,227	155,3000
17,3317	-65,229	155,3050
17,3337	-65,231	155,3100
17,3440	-65,233	155,3150
17,3392	-65,235	155,3200
17,3364	-65,237	155,3250
17,3514	-65,239	155,3300
17,3485	-65,242	155,3350
17,3439	-65,244	155,3400
17,3496	-65,246	155,3450
17,3435	-65,248	155,3500
17,3372	-65,250	155,3550
17,3450	-65,252	155,3600
17,3496	-65,254	155,3650
17,3411	-65,256	155,3700
17,3518	-65,258	155,3750
17,3604	-65,260	155,3800
17,3524	-65,263	155,3850
17,3540	-65,265	155,3900
17,3611	-65,267	155,3950
17,3579	-65,269	155,4000
17,3529	-65,271	155,4050
17,3647	-65,273	155,4100
17,3632	-65,275	155,4150
17,3572	-65,277	155,4200
17,3612	-65,279	155,4250
17,3541	-65,281	155,4300
17,3493	-65,284	155,4350
17,3490	-65,286	155,4400
17,3498	-65,288	155,4450
17,3502	-65,290	155,4500
17,3600	-65,292	155,4550
17,3714	-65,294	155,4600
17,3721	-65,296	155,4650
17,3763	-65,298	155,4700
17,3711	-65,300	155,4750
17,3569	-65,302	155,4800
17,3568	-65,305	155,4850
17,3680	-65,307	155,4900
17,3727	-65,309	155,4950
17,3692	-65,311	155,5000
17,3768	-65,313	155,5050
17,3729	-65,315	155,5100
17,3656	-65,317	155,5150
17,3700	-65,319	155,5200
17,3658	-65,321	155,5250
17,3647	-65,323	155,5300
17,3749	-65,326	155,5350
17,3760	-65,328	155,5400
17,3742	-65,330	155,5450
17,3779	-65,332	155,5500
17,3821	-65,334	155,5550
17,3746	-65,336	155,5600
17,3792	-65,338	155,5650
17,3883	-65,340	155,5700
17,3805	-65,342	155,5750
17,3729	-65,344	155,5800
17,3781	-65,347	155,5850
17,3734	-65,349	155,5900
17,3667	-65,351	155,5950
17,3749	-65,353	155,6000
17,3798	-65,355	155,6050
17,3794	-65,357	155,6100
17,3866	-65,359	155,6150
17,3889	-65,361	155,6200
17,3809	-65,363	155,6250
17,3858	-65,365	155,6300
17,3906	-65,368	155,6350
17,3813	-65,370	155,6400
17,3844	-65,372	155,6450
17,3953	-65,374	155,6500
17,3914	-65,376	155,6550
17,3907	-65,378	155,6600
17,3968	-65,380	155,6650
17,3916	-65,382	155,6700
17,3923	-65,384	155,6750
17,3986	-65,386	155,6800
17,3907	-65,389	155,6850
17,3846	-65,391	155,6900
17,3956	-65,393	155,6950
17,3980	-65,395	155,7000
17,3939	-65,397	155,7050
17,4004	-65,399	155,7100
17,4031	-65,401	155,7150
17,3952	-65,403	155,7200
17,4008	-65,405	155,7250
17,4016	-65,407	155,7300
17,3913	-65,410	155,7350
17,3867	-65,412	155,7400
17,3902	-65,414	155,7450
17,3949	-65,416	155,7500
17,3987	-65,418	155,7550
17,4026	-65,420	155,7600
17,3982	-65,422	155,7650
17,3926	-65,424	155,7700
17,4069	-65,426	155,7750
17,4088	-65,428	155,7800
17,4023	-65,431	155,7850
17,4018	-65,433	155,7900
17,3981	-65,435	155,7950
17,3906	-65,437	155,8000
17,4002	-65,439	155,8050
17,4027	-65,441	155,8100
17,4071	-65,443	155,8150
17,4076	-65,445	155,8200
17,4095	-65,447	155,8250
17,4089	-65,449	155,8300
17,4091	-65,452	155,8350
17,4103	-65,454	155,8400
17,4053	-65,456	155,8450
17,4096	-65,458	155,8500
17,4162	-65,460	155,8550
17,4061	-65,462	155,8600
17,4010	-65,464	155,8650
17,4173	-65,466	155,8700
17,4193	-65,468	155,8750
17,4154	-65,470	155,8800
17,4177	-65,473	155,8850
17,4232	-65,475	155,8900
17,4210	-65,477	155,8950
17,4232	-65,479	155,9000
17,4164	-65,481	155,9050
17,4066	-65,483	155,9100
17,4175	-65,485	155,9150
17,4290	-65,487	155,9200
17,4268	-65,489	155,9250
17,4210	-65,491	155,9300
17,4186	-65,494	155,9350
17,4135	-65,496	155,9400
17,4186	-65,498	155,9450
17,4263	-65,500	155,9500
17,4224	-65,502	155,9550
17,4208	-65,504	155,9600
17,4301	-65,506	155,9650
17,4269	-65,508	155,9700
17,4313	-65,510	155,9750
17,4331	-65,512	155,9800
17,4300	-65,515	155,9850
17,4253	-65,517	155,9900
17,4304	-65,519	155,9950
17,4348	-65,521	156,0000
17,4304	-65,523	156,0050
17,4370	-65,525	156,0100
17,4330	-65,527	156,0150
17,4241	-65,529	156,0200
17,4297	-65,531	156,0250
17,4396	-65,533	156,0300
17,4331	-65,536	156,0350
17,4337	-65,538	156,0400
17,4369	-65,540	156,0450
17,4318	-65,542	156,0500
17,4341	-65,544	156,0550
17,4492	-65,546	156,0600
17,4450	-65,548	156,0650
17,4458	-65,550	156,0700
17,4515	-65,552	156,0750
17,4449	-65,554	156,0800
17,4354	-65,557	156,0850
17,4454	-65,559	156,0900
17,4491	-65,561	156,0950
17,4406	-65,563	156,1000
17,4420	-65,565	156,1050
17,4521	-65,567	156,1100
17,4439	-65,569	156,1150
17,4333	-65,571	156,1200
17,4427	-65,573	156,1250
17,4486	-65,575	156,1300
17,4512	-65,578	156,1350
17,4638	-65,580	156,1400
17,4574	-65,582	156,1450
17,4500	-65,584	156,1500
17,4558	-65,586	156,1550
17,4561	-65,588	156,1600
17,4520	-65,590	156,1650
17,4540	-65,592	156,1700
17,4560	-65,594	156,1750
17,4460	-65,596	156,1800
17,4615	-65,599	156,1850
17,4684	-65,601	156,1900
17,4601	-65,603	156,1950
17,4600	-65,605	156,2000
17,4681	-65,607	156,2050
17,4621	-65,609	156,2100
17,4531	-65,611	156,2150
17,4605	-65,613	156,2200
17,4561	-65,615	156,2250
17,4502	-65,617	156,2300
17,4611	-65,620	156,2350
17,4626	-65,622	156,2400
17,4631	-65,624	156,2450
17,4696	-65,626	156,2500
17,4655	-65,628	156,2550
17,4615	-65,630	156,2600
17,4669	-65,632	156,2650
17,4715	-65,634	156,2700
17,4685	-65,636	156,2750
17,4767	-65,638	156,2800
17,4763	-65,641	156,2850
17,4660	-65,643	156,2900
17,4699	-65,645	156,2950
17,4736	-65,647	156,3000
17,4684	-65,649	156,3050
17,4637	-65,651	156,3100
17,4718	-65,653	156,3150
17,4743	-65,655	156,3200
17,4736	-65,657	156,3250
17,4837	-65,659	156,3300
17,4788	-65,662	156,3350
17,4697	-65,664	156,3400
17,4812	-65,666	156,3450
17,4820	-65,668	156,3500
17,4811	-65,670	156,3550
17,4840	-65,672	156,3600
17,4861	-65,674	156,3650
17,4800	-65,676	156,3700
17,4798	-65,678	156,3750
17,4795	-65,680	156,3800
17,4764	-65,683	156,3850
17,4775	-65,685	156,3900
17,4850	-65,687	156,3950
17,4850	-65,689	156,4000
17,4855	-65,691	156,4050
17,4923	-65,693	156,4100
17,4882	-65,695	156,4150
17,4878	-65,697	156,4200
17,4978	-65,699	156,4250
17,4989	-65,701	156,4300
17,4941	-65,704	156,4350
17,5030	-65,706	156,4400
17,5008	-65,708	156,4450
17,4930	-65,710	156,4500
17,4961	-65,712	156,4550
17,5043	-65,714	156,4600
17,4913	-65,716	156,4650
17,4969	-65,718	156,4700
17,5043	-65,720	156,4750
17,4987	-65,722	156,4800
17,4938	-65,725	156,4850
17,4988	-65,727	156,4900
17,4931	-65,729	156,4950
17,4923	-65,731	156,5000
17,5012	-65,733	156,5050
17,5019	-65,735	156,5100
17,5056	-65,737	156,5150
17,5166	-65,739	156,5200
17,5173	-65,741	156,5250
17,5039	-65,743	156,5300
17,5067	-65,746	156,5350
17,5052	-65,748	156,5400
17,5006	-65,750	156,5450
17,5042	-65,752	156,5500
17,5082	-65,754	156,5550
17,5078	-65,756	156,5600
17,5092	-65,758	156,5650
17,5081	-65,760	156,5700
17,5000	-65,762	156,5750
17,5094	-65,764	156,5800
17,5230	-65,767	156,5850
17,5137	-65,769	156,5900
17,5032	-65,771	156,5950
17,5106	-65,773	156,6000
17,5122	-65,775	156,6050
17,5136	-65,777	156,6100
17,5158	-65,779	156,6150
17,5138	-65,781	156,6200
17,5102	-65,783	156,6250
17,5153	-65,785	156,6300
17,5122	-65,788	156,6350
17,5126	-65,790	156,6400
17,5099	-65,792	156,6450
17,5160	-65,794	156,6500
17,5116	-65,796	156,6550
17,5148	-65,798	156,6600
17,5258	-65,800	156,6650
17,5243	-65,802	156,6700
17,5215	-65,804	156,6750
17,5299	-65,806	156,6800
17,5241	-65,809	156,6850
17,5162	-65,811	156,6900
17,5215	-65,813	156,6950
17,5288	-65,815	156,7000
17,5197	-65,817	156,7050
17,5252	-65,819	156,7100
17,5258	-65,821	156,7150
17,5238	-65,823	156,7200
17,5327	-65,825	156,7250
17,5358	-65,827	156,7300
17,5371	-65,830	156,7350
17,5322	-65,832	156,7400
17,5313	-65,834	156,7450
17,5267	-65,836	156,7500
17,5367	-65,838	156,7550
17,5476	-65,840	156,7600
17,5413	-65,842	156,7650
17,5387	-65,844	156,7700
17,5459	-65,846	156,7750
17,5428	-65,848	156,7800
17,5400	-65,851	156,7850
17,5430	-65,853	156,7900
17,5451	-65,855	156,7950
17,5347	-65,857	156,8000
17,5375	-65,859	156,8050
17,5361	-65,861	156,8100
17,5294	-65,863	156,8150
17,5412	-65,865	156,8200
17,5511	-65,867	156,8250
17,5513	-65,869	156,8300
17,5458	-65,872	156,8350
17,5523	-65,874	156,8400
17,5510	-65,876	156,8450
17,5534	-65,878	156,8500
17,5508	-65,880	156,8550
17,5449	-65,882	156,8600
17,5440	-65,884	156,8650
17,5508	-65,886	156,8700
17,5482	-65,888	156,8750
17,5447	-65,890	156,8800
17,5495	-65,893	156,8850
17,5571	-65,895	156,8900
17,5498	-65,897	156,8950
17,5532	-65,899	156,9000
17,5558	-65,901	156,9050
17,5504	-65,903	156,9100
17,5587	-65,905	156,9150
17,5593	-65,907	156,9200
17,5571	-65,909	156,9250
17,5566	-65,911	156,9300
17,5628	-65,914	156,9350
17,5554	-65,916	156,9400
17,5583	-65,918	156,9450
17,5636	-65,920	156,9500
17,5494	-65,922	156,9550
17,5438	-65,924	156,9600
17,5559	-65,926	156,9650
17,5597	-65,928	156,9700
17,5629	-65,930	156,9750
17,5660	-65,932	156,9800
17,5581	-65,935	156,9850
17,5547	-65,937	156,9900
17,5683	-65,939	156,9950
17,5722	-65,941	157,0000
17,5598	-65,943	157,0050
17,5685	-65,945	157,0100
17,5759	-65,947	157,0150
17,5662	-65,949	157,0200
17,5678	-65,951	157,0250
17,5797	-65,953	157,0300
17,5753	-65,956	157,0350
17,5726	-65,958	157,0400
17,5815	-65,960	157,0450
17,5778	-65,962	157,0500
17,5702	-65,964	157,0550
17,5771	-65,966	157,0600
17,5769	-65,968	157,0650
17,5737	-65,970	157,0700
17,5810	-65,972	157,0750
17,5845	-65,974	157,0800
17,5874	-65,977	157,0850
17,5879	-65,979	157,0900
17,5812	-65,981	157,0950
17,5732	-65,983	157,1000
17,5838	-65,985	157,1050
17,5902	-65,987	157,1100
17,5832	-65,989	157,1150
17,5782	-65,991	157,1200
17,5875	-65,993	157,1250
17,5812	-65,995	157,1300
17,5811	-65,998	157,1350
17,5848	-66,000	157,1400
17,5786	-66,002	157,1450
17,5759	-66,004	157,1500
17,5863	-66,006	157,1550
17,5883	-66,008	157,1600
17,5861	-66,010	157,1650
17,5860	-66,012	157,1700
17,5833	-66,014	157,1750
17,5767	-66,016	157,1800
17,5849	-66,019	157,1850
17,5925	-66,021	157,1900
17,5867	-66,023	157,1950
17,5881	-66,025	157,2000
17,5944	-66,027	157,2050
17,5891	-66,029	157,2100
17,5822	-66,031	157,2150
17,5921	-66,033	157,2200
17,5960	-66,035	157,2250
17,5950	-66,037	157,2300
17,5975	-66,040	157,2350
17,5942	-66,042	157,2400
17,5967	-66,044	157,2450
17,6106	-66,046	157,2500
17,6032	-66,048	157,2550
17,5963	-66,050	157,2600
17,5977	-66,052	157,2650
17,6082	-66,054	157,2700
17,6069	-66,056	157,2750
17,6112	-66,058	157,2800
17,6111	-66,061	157,2850
17,6058	-66,063	157,2900
17,6041	-66,065	157,2950
17,6055	-66,067	157,3000
17,6030	-66,069	157,3050
17,6053	-66,071	157,3100
17,6125	-66,073	157,3150
17,6084	-66,075	157,3200
17,6031	-66,077	157,3250
17,6130	-66,079	157,3300
17,6116	-66,082	157,3350
17,6018	-66,084	157,3400
17,6053	-66,086	157,3450
17,6069	-66,088	157,3500
17,6048	-66,090	157,3550
17,6113	-66,092	157,3600
17,6215	-66,094	157,3650
17,6142	-66,096	157,3700
17,6174	-66,098	157,3750
17,6282	-66,100	157,3800
17,6194	-66,103	157,3850
17,6122	-66,105	157,3900
17,6195	-66,107	157,3950
17,6217	-66,109	157,4000
17,6211	-66,111	157,4050
17,6285	-66,113	157,4100
17,6255	-66,115	157,4150
17,6167	-66,117	157,4200
17,6214	-66,119	157,4250
17,6240	-66,121	157,4300
17,6263	-66,124	157,4350
17,6331	-66,126	157,4400
17,6316	-66,128	157,4450
17,6245	-66,130	157,4500
17,6200	-66,132	157,4550
17,6259	-66,134	157,4600
17,6251	-66,136	157,4650
17,6239	-66,138	157,4700
17,6300	-66,140	157,4750
17,6241	-66,142	157,4800
17,6230	-66,145	157,4850
17,6311	-66,147	157,4900
17,6365	-66,149	157,4950
17,6389	-66,151	157,5000
17,6445	-66,153	157,5050
17,6367	-66,155	157,5100
17,6360	-66,157	157,5150
17,6391	-66,159	157,5200
17,6390	-66,161	157,5250
17,6314	-66,163	157,5300
17,6365	-66,166	157,5350
17,6338	-66,168	157,5400
17,6262	-66,170	157,5450
17,6287	-66,172	157,5500
17,6367	-66,174	157,5550
17,6341	-66,176	157,5600
17,6358	-66,178	157,5650
17,6401	-66,180	157,5700
17,6368	-66,182	157,5750
17,6324	-66,184	157,5800
17,6460	-66,187	157,5850
17,6460	-66,189	157,5900
17,6425	-66,191	157,5950
17,6523	-66,193	157,6000
17,6524	-66,195	157,6050
17,6451	-66,197	157,6100
17,6451	-66,199	157,6150
17,6416	-66,201	157,6200
17,6400	-66,203	157,6250
17,6508	-66,205	157,6300
17,6528	-66,208	157,6350
17,6453	-66,210	157,6400
17,6447	-66,212	157,6450
17,6576	-66,214	157,6500
17,6513	-66,216	157,6550
17,6480	-66,218	157,6600
17,6520	-66,220	157,6650
17,6509	-66,222	157,6700
17,6515	-66,224	157,6750
17,6571	-66,226	157,6800
17,6541	-66,229	157,6850
17,6487	-66,231	157,6900
17,6587	-66,233	157,6950
17,6582	-66,235	157,7000
17,6530	-66,237	157,7050
17,6641	-66,239	157,7100
17,6583	-66,241	157,7150
17,6466	-66,243	157,7200
17,6546	-66,245	157,7250
17,6638	-66,247	157,7300
17,6619	-66,250	157,7350
17,6643	-66,252	157,7400
17,6683	-66,254	157,7450
17,6616	-66,256	157,7500
17,6659	-66,258	157,7550
17,6756	-66,260	157,7600
17,6707	-66,262	157,7650
17,6641	-66,264	157,7700
17,6700	-66,266	157,7750
17,6693	-66,268	157,7800
17,6610	-66,271	157,7850
17,6722	-66,273	157,7900
17,6766	-66,275	157,7950
17,6726	-66,277	157,8000
17,6817	-66,279	157,8050
17,6808	-66,281	157,8100
17,6730	-66,283	157,8150
17,6803	-66,285	157,8200
17,6828	-66,287	157,8250
17,6739	-66,289	157,8300
17,6675	-66,292	157,8350
17,6811	-66,294	157,8400
17,6841	-66,296	157,8450
17,6818	-66,298	157,8500
17,6775	-66,300	157,8550
17,6741	-66,302	157,8600
17,6706	-66,304	157,8650
17,6812	-66,306	157,8700
17,6863	-66,308	157,8750
17,6805	-66,310	157,8800
17,6837	-66,313	157,8850
17,6854	-66,315	157,8900
17,6837	-66,317	157,8950
17,6903	-66,319	157,9000
17,6905	-66,321	157,9050
17,6847	-66,323	157,9100
17,6869	-66,325	157,9150
17,6910	-66,327	157,9200
17,6853	-66,329	157,9250
17,6825	-66,331	157,9300
17,6901	-66,334	157,9350
17,6878	-66,336	157,9400
17,6819	-66,338	157,9450
17,6875	-66,340	157,9500
17,6834	-66,342	157,9550
17,6842	-66,344	157,9600
17,7009	-66,346	157,9650
17,7038	-66,348	157,9700
17,6992	-66,350	157,9750
17,6988	-66,352	157,9800
17,6964	-66,355	157,9850
17,6871	-66,357	157,9900
17,6894	-66,359	157,9950
17,7056	-66,361	158,0000
17,7058	-66,363	158,0050
17,7113	-66,365	158,0100
17,7149	-66,367	158,0150
17,7056	-66,369	158,0200
17,6981	-66,371	158,0250
17,7040	-66,373	158,0300
17,6998	-66,376	158,0350
17,6998	-66,378	158,0400
17,7062	-66,380	158,0450
17,7044	-66,382	158,0500
17,7010	-66,384	158,0550
17,7126	-66,386	158,0600
17,7136	-66,388	158,0650
17,7062	-66,390	158,0700
17,7068	-66,392	158,0750
17,7090	-66,394	158,0800
17,7076	-66,397	158,0850
17,7132	-66,399	158,0900
17,7104	-66,401	158,0950
17,7043	-66,403	158,1000
17,7116	-66,405	158,1050
17,7172	-66,407	158,1100
17,7135	-66,409	158,1150
17,7113	-66,411	158,1200
17,7157	-66,413	158,1250
17,7109	-66,415	158,1300
17,7123	-66,418	158,1350
17,7174	-66,420	158,1400
17,7194	-66,422	158,1450
17,7122	-66,424	158,1500
17,7166	-66,426	158,1550
17,7156	-66,428	158,1600
17,7164	-66,430	158,1650
17,7143	-66,432	158,1700
17,7163	-66,434	158,1750
17,7141	-66,436	158,1800
17,7196	-66,439	158,1850
17,7267	-66,441	158,1900
17,7221	-66,443	158,1950
17,7231	-66,445	158,2000
17,7299	-66,447	158,2050
17,7242	-66,449	158,2100
17,7232	-66,451	158,2150
17,7324	-66,453	158,2200
17,7285	-66,455	158,2250
17,7230	-66,457	158,2300
17,7301	-66,460	158,2350
17,7266	-66,462	158,2400
17,7137	-66,464	158,2450
17,7259	-66,466	158,2500
17,7264	-66,468	158,2550
17,7283	-66,470	158,2600
17,7358	-66,472	158,2650
17,7390	-66,474	158,2700
17,7322	-66,476	158,2750
17,7370	-66,478	158,2800
17,7424	-66,481	158,2850
17,7336	-66,483	158,2900
17,7314	-66,485	158,2950
17,7363	-66,487	158,3000
17,7321	-66,489	158,3050
17,7334	-66,491	158,3100
17,7412	-66,493	158,3150
17,7362	-66,495	158,3200
17,7282	-66,497	158,3250
17,7446	-66,499	158,3300
17,7482	-66,502	158,3350
17,7456	-66,504	158,3400
17,7545	-66,506	158,3450
17,7567	-66,508	158,3500
17,7528	-66,510	158,3550
17,7480	-66,512	158,3600
17,7439	-66,514	158,3650
17,7344	-66,516	158,3700
17,7472	-66,518	158,3750
17,7560	-66,520	158,3800
17,7536	-66,523	158,3850
17,7551	-66,525	158,3900
17,7654	-66,527	158,3950
17,7626	-66,529	158,4000
17,7579	-66,531	158,4050
17,7576	-66,533	158,4100
17,7506	-66,535	158,4150
17,7489	-66,537	158,4200
17,7580	-66,539	158,4250
17,7590	-66,541	158,4300
17,7526	-66,544	158,4350
17,7594	-66,546	158,4400
17,7562	-66,548	158,4450
17,7511	-66,550	158,4500
17,7534	-66,552	158,4550
17,7621	-66,554	158,4600
17,7560	-66,556	158,4650
17,7612	-66,558	158,4700
17,7679	-66,560	158,4750
17,7640	-66,562	158,4800
17,7619	-66,565	158,4850
17,7665	-66,567	158,4900
17,7597	-66,569	158,4950
17,7550	-66,571	158,5000
17,7640	-66,573	158,5050
17,7734	-66,575	158,5100
17,7712	-66,577	158,5150
17,7738	-66,579	158,5200
17,7733	-66,581	158,5250
17,7676	-66,583	158,5300
17,7720	-66,586	158,5350
17,7718	-66,588	158,5400
17,7621	-66,590	158,5450
17,7642	-66,592	158,5500
17,7754	-66,594	158,5550
17,7626	-66,596	158,5600
17,7676	-66,598	158,5650
17,7741	-66,600	158,5700
17,7683	-66,602	158,5750
17,7705	-66,604	158,5800
17,7858	-66,607	158,5850
17,7750	-66,609	158,5900
17,7694	-66,611	158,5950
17,7877	-66,613	158,6000
17,7874	-66,615	158,6050
17,7842	-66,617	158,6100
17,7873	-66,619	158,6150
17,7808	-66,621	158,6200
17,7730	-66,623	158,6250
17,7772	-66,625	158,6300
17,7797	-66,628	158,6350
17,7777	-66,630	158,6400
17,7810	-66,632	158,6450
17,7926	-66,634	158,6500
17,7807	-66,636	158,6550
17,7824	-66,638	158,6600
17,7922	-66,640	158,6650
17,7900	-66,642	158,6700
17,7835	-66,644	158,6750
17,7903	-66,646	158,6800
17,7917	-66,649	158,6850
17,7886	-66,651	158,6900
17,7920	-66,653	158,6950
17,7914	-66,655	158,7000
17,7940	-66,657	158,7050
17,8006	-66,659	158,7100
17,7962	-66,661	158,7150
17,7843	-66,663	158,7200
17,7919	-66,665	158,7250
17,7954	-66,667	158,7300
17,7934	-66,670	158,7350
17,7951	-66,672	158,7400
17,8006	-66,674	158,7450
17,7970	-66,676	158,7500
17,7963	-66,678	158,7550
17,8021	-66,680	158,7600
17,8009	-66,682	158,7650
17,8003	-66,684	158,7700
17,8082	-66,686	158,7750
17,8033	-66,688	158,7800
17,8017	-66,691	158,7850
17,8137	-66,693	158,7900
17,8195	-66,695	158,7950
17,8076	-66,697	158,8000
17,8119	-66,699	158,8050
17,8166	-66,701	158,8100
17,8001	-66,703	158,8150
17,7987	-66,705	158,8200
17,8070	-66,707	158,8250
17,8083	-66,709	158,8300
17,8024	-66,712	158,8350
17,8008	-66,714	158,8400
17,7970	-66,716	158,8450
17,8084	-66,718	158,8500
17,8176	-66,720	158,8550
17,8118	-66,722	158,8600
17,8174	-66,724	158,8650
17,8281	-66,726	158,8700
17,8271	-66,728	158,8750
17,8136	-66,730	158,8800
17,8153	-66,733	158,8850
17,8266	-66,735	158,8900
17,8239	-66,737	158,8950
17,8257	-66,739	158,9000
17,8259	-66,741	158,9050
17,8196	-66,743	158,9100
17,8181	-66,745	158,9150
17,8175	-66,747	158,9200
17,8142	-66,749	158,9250
17,8148	-66,751	158,9300
17,8274	-66,754	158,9350
17,8251	-66,756	158,9400
17,8214	-66,758	158,9450
17,8286	-66,760	158,9500
17,8245	-66,762	158,9550
17,8195	-66,764	158,9600
17,8299	-66,766	158,9650
17,8275	-66,768	158,9700
17,8192	-66,770	158,9750
17,8304	-66,772	158,9800
17,8364	-66,775	158,9850
17,8291	-66,777	158,9900
17,8357	-66,779	158,9950
17,8386	-66,781	159,0000
17,8373	-66,783	159,0050
17,8368	-66,785	159,0100
17,8350	-66,787	159,0150
17,8338	-66,789	159,0200
17,8310	-66,791	159,0250
17,8391	-66,793	159,0300
17,8334	-66,796	159,0350
17,8331	-66,798	159,0400
17,8411	-66,800	159,0450
17,8399	-66,802	159,0500
17,8341	-66,804	159,0550
17,8424	-66,806	159,0600
17,8433	-66,808	159,0650
17,8410	-66,810	159,0700
17,8463	-66,812	159,0750
17,8475	-66,814	159,0800
17,8361	-66,817	159,0850
17,8438	-66,819	159,0900
17,8489	-66,821	159,0950
17,8439	-66,823	159,1000
17,8438	-66,825	159,1050
17,8439	-66,827	159,1100
17,8420	-66,829	159,1150
17,8424	-66,831	159,1200
17,8556	-66,833	159,1250
17,8524	-66,835	159,1300
17,8483	-66,838	159,1350
17,8548	-66,840	159,1400
17,8568	-66,842	159,1450
17,8568	-66,844	159,1500
17,8647	-66,846	159,1550
17,8598	-66,848	159,1600
17,8508	-66,850	159,1650
17,8560	-66,852	159,1700
17,8605	-66,854	159,1750
17,8518	-66,856	159,1800
17,8579	-66,859	159,1850
17,8598	-66,861	159,1900
17,8512	-66,863	159,1950
17,8558	-66,865	159,2000
17,8557	-66,867	159,2050
17,8546	-66,869	159,2100
17,8633	-66,871	159,2150
17,8682	-66,873	159,2200
17,8592	-66,875	159,2250
17,8624	-66,877	159,2300
17,8659	-66,880	159,2350
17,8575	-66,882	159,2400
17,8585	-66,884	159,2450
17,8690	-66,886	159,2500
17,8703	-66,888	159,2550
17,8656	-66,890	159,2600
17,8709	-66,892	159,2650
17,8683	-66,894	159,2700
17,8648	-66,896	159,2750
17,8727	-66,898	159,2800
17,8770	-66,901	159,2850
17,8666	-66,903	159,2900
17,8688	-66,905	159,2950
17,8695	-66,907	159,3000
17,8711	-66,909	159,3050
17,8721	-66,911	159,3100
17,8822	-66,913	159,3150
17,8774	-66,915	159,3200
17,8682	-66,917	159,3250
17,8799	-66,919	159,3300
17,8866	-66,922	159,3350
17,8796	-66,924	159,3400
17,8787	-66,926	159,3450
17,8789	-66,928	159,3500
17,8786	-66,930	159,3550
17,8820	-66,932	159,3600
17,8830	-66,934	159,3650
17,8831	-66,936	159,3700
17,8919	-66,938	159,3750
17,8924	-66,940	159,3800
17,8819	-66,943	159,3850
17,8806	-66,945	159,3900
17,8876	-66,947	159,3950
17,8890	-66,949	159,4000
17,8767	-66,951	159,4050
17,8861	-66,953	159,4100
17,8938	-66,955	159,4150
17,8918	-66,957	159,4200
17,8981	-66,959	159,4250
17,8889	-66,961	159,4300
17,8825	-66,964	159,4350
17,8962	-66,966	159,4400
17,9010	-66,968	159,4450
17,8942	-66,970	159,4500
17,8948	-66,972	159,4550
17,8945	-66,974	159,4600
17,8885	-66,976	159,4650
17,8962	-66,978	159,4700
17,9014	-66,980	159,4750
17,8948	-66,982	159,4800
17,8970	-66,985	159,4850
17,9005	-66,987	159,4900
17,9009	-66,989	159,4950
17,8947	-66,991	159,5000
17,9001	-66,993	159,5050
17,9000	-66,995	159,5100
17,8980	-66,997	159,5150
17,9059	-66,999	159,5200
17,9087	-67,001	159,5250
17,9029	-67,003	159,5300
17,9096	-67,006	159,5350
17,9131	-67,008	159,5400
17,9063	-67,010	159,5450
17,9054	-67,012	159,5500
17,9081	-67,014	159,5550
17,9016	-67,016	159,5600
17,9104	-67,018	159,5650
17,9205	-67,020	159,5700
17,9096	-67,022	159,5750
17,9019	-67,024	159,5800
17,9077	-67,027	159,5850
17,9082	-67,029	159,5900
17,9081	-67,031	159,5950
17,9197	-67,033	159,6000
17,9230	-67,035	159,6050
17,9124	-67,037	159,6100
17,9154	-67,039	159,6150
17,9152	-67,041	159,6200
17,9154	-67,043	159,6250
17,9217	-67,045	159,6300
17,9197	-67,048	159,6350
17,9126	-67,050	159,6400
17,9186	-67,052	159,6450
17,9269	-67,054	159,6500
17,9252	-67,056	159,6550
17,9243	-67,058	159,6600
17,9187	-67,060	159,6650
17,9042	-67,062	159,6700
17,9054	-67,064	159,6750
17,9245	-67,066	159,6800
17,9327	-67,069	159,6850
17,9249	-67,071	159,6900
17,9324	-67,073	159,6950
17,9326	-67,075	159,7000
17,9234	-67,077	159,7050
17,9251	-67,079	159,7100
17,9262	-67,081	159,7150
17,9261	-67,083	159,7200
17,9328	-67,085	159,7250
17,9347	-67,087	159,7300
17,9262	-67,090	159,7350
17,9303	-67,092	159,7400
17,9378	-67,094	159,7450
17,9324	-67,096	159,7500
17,9362	-67,098	159,7550
17,9382	-67,100	159,7600
17,9289	-67,102	159,7650
17,9250	-67,104	159,7700
17,9333	-67,106	159,7750
17,9327	-67,108	159,7800
17,9309	-67,111	159,7850
17,9371	-67,113	159,7900
17,9385	-67,115	159,7950
17,9369	-67,117	159,8000
17,9440	-67,119	159,8050
17,9455	-67,121	159,8100
17,9350	-67,123	159,8150
17,9376	-67,125	159,8200
17,9470	-67,127	159,8250
17,9466	-67,129	159,8300
17,9492	-67,132	159,8350
17,9524	-67,134	159,8400
17,9409	-67,136	159,8450
17,9401	-67,138	159,8500
17,9506	-67,140	159,8550
17,9435	-67,142	159,8600
17,9455	-67,144	159,8650
17,9578	-67,146	159,8700
17,9588	-67,148	159,8750
17,9476	-67,150	159,8800
17,9518	-67,153	159,8850
17,9527	-67,155	159,8900
17,9453	-67,157	159,8950
17,9425	-67,159	159,9000
17,9434	-67,161	159,9050
17,9455	-67,163	159,9100
17,9600	-67,165	159,9150
17,9707	-67,167	159,9200
17,9756	-67,169	159,9250
17,9727	-67,171	159,9300
17,9770	-67,174	159,9350
17,9629	-67,176	159,9400
17,9517	-67,178	159,9450
17,9553	-67,180	159,9500
17,9501	-67,182	159,9550
17,9525	-67,184	159,9600
17,9646	-67,186	159,9650
17,9581	-67,188	159,9700
17,9571	-67,190	159,9750
17,9668	-67,192	159,9800
17,9685	-67,195	159,9850
17,9600	-67,197	159,9900
17,9632	-67,199	159,9950
17,9674	-67,201	160,0000
17,9572	-67,203	160,0050
17,9653	-67,205	160,0100
17,9729	-67,207	160,0150
17,9667	-67,209	160,0200
17,9630	-67,211	160,0250
17,9758	-67,213	160,0300
17,9740	-67,216	160,0350
17,9736	-67,218	160,0400
17,9780	-67,220	160,0450
17,9689	-67,222	160,0500
17,9603	-67,224	160,0550
17,9698	-67,226	160,0600
17,9717	-67,228	160,0650
17,9673	-67,230	160,0700
17,9732	-67,232	160,0750
17,9758	-67,234	160,0800
17,9698	-67,237	160,0850
17,9794	-67,239	160,0900
17,9884	-67,241	160,0950
17,9781	-67,243	160,1000
17,9781	-67,245	160,1050
17,9804	-67,247	160,1100
17,9765	-67,249	160,1150
17,9738	-67,251	160,1200
17,9812	-67,253	160,1250
17,9783	-67,255	160,1300
17,9750	-67,258	160,1350
17,9775	-67,260	160,1400
17,9824	-67,262	160,1450
17,9852	-67,264	160,1500
17,9901	-67,266	160,1550
17,9885	-67,268	160,1600
17,9923	-67,270	160,1650
17,9960	-67,272	160,1700
17,9953	-67,274	160,1750
17,9855	-67,276	160,1800
17,9897	-67,279	160,1850
17,9938	-67,281	160,1900
17,9901	-67,283	160,1950
17,9947	-67,285	160,2000
17,9997	-67,287	160,2050
17,9906	-67,289	160,2100
17,9861	-67,291	160,2150
18,0013	-67,293	160,2200
18,0044	-67,295	160,2250
18,0004	-67,297	160,2300
17,9991	-67,300	160,2350
17,9963	-67,302	160,2400
17,9938	-67,304	160,2450
18,0014	-67,306	160,2500
17,9968	-67,308	160,2550
17,9959	-67,310	160,2600
17,9960	-67,312	160,2650
17,9996	-67,314	160,2700
17,9924	-67,316	160,2750
18,0028	-67,318	160,2800
18,0100	-67,321	160,2850
18,0092	-67,323	160,2900
18,0045	-67,325	160,2950
18,0137	-67,327	160,3000
18,0108	-67,329	160,3050
18,0064	-67,331	160,3100
18,0117	-67,333	160,3150
18,0076	-67,335	160,3200
18,0040	-67,337	160,3250
18,0145	-67,339	160,3300
18,0125	-67,342	160,3350
18,0097	-67,344	160,3400
18,0171	-67,346	160,3450
18,0202	-67,348	160,3500
18,0177	-67,350	160,3550
18,0179	-67,352	160,3600
18,0143	-67,354	160,3650
18,0043	-67,356	160,3700
18,0095	-67,358	160,3750
18,0162	-67,360	160,3800
18,0135	-67,363	160,3850
18,0195	-67,365	160,3900
18,0270	-67,367	160,3950
18,0251	-67,369	160,4000
18,0119	-67,371	160,4050
18,0168	-67,373	160,4100
18,0196	-67,375	160,4150
18,0182	-67,377	160,4200
18,0272	-67,379	160,4250
18,0308	-67,381	160,4300
18,0209	-67,384	160,4350
18,0205	-67,386	160,4400
18,0223	-67,388	160,4450
18,0234	-67,390	160,4500
18,0238	-67,392	160,4550
18,0288	-67,394	160,4600
18,0281	-67,396	160,4650
18,0304	-67,398	160,4700
18,0361	-67,400	160,4750
18,0282	-67,402	160,4800
18,0288	-67,405	160,4850
18,0381	-67,407	160,4900
18,0413	-67,409	160,4950
18,0394	-67,411	160,5000
18,0430	-67,413	160,5050
18,0390	-67,415	160,5100
18,0319	-67,417	160,5150
18,0431	-67,419	160,5200
18,0469	-67,421	160,5250
18,0402	-67,423	160,5300
18,0399	-67,426	160,5350
18,0417	-67,428	160,5400
18,0372	-67,430	160,5450
18,0378	-67,432	160,5500
18,0492	-67,434	160,5550
18,0428	-67,436	160,5600
18,0398	-67,438	160,5650
18,0495	-67,440	160,5700
18,0477	-67,442	160,5750
18,0459	-67,444	160,5800
18,0449	-67,447	160,5850
18,0347	-67,449	160,5900
18,0375	-67,451	160,5950
18,0452	-67,453	160,6000
18,0446	-67,455	160,6050
18,0440	-67,457	160,6100
18,0518	-67,459	160,6150
18,0484	-67,461	160,6200
18,0443	-67,463	160,6250
18,0593	-67,465	160,6300
18,0568	-67,468	160,6350
18,0519	-67,470	160,6400
18,0503	-67,472	160,6450
18,0601	-67,474	160,6500
18,0515	-67,476	160,6550
18,0553	-67,478	160,6600
18,0570	-67,480	160,6650
18,0519	-67,482	160,6700
18,0553	-67,484	160,6750
18,0627	-67,486	160,6800
18,0538	-67,489	160,6850
18,0509	-67,491	160,6900
18,0610	-67,493	160,6950
18,0599	-67,495	160,7000
18,0538	-67,497	160,7050
18,0633	-67,499	160,7100
18,0676	-67,501	160,7150
18,0596	-67,503	160,7200
18,0546	-67,505	160,7250
18,0538	-67,507	160,7300
18,0630	-67,510	160,7350
18,0692	-67,512	160,7400
18,0755	-67,514	160,7450
18,0640	-67,516	160,7500
18,0621	-67,518	160,7550
18,0679	-67,520	160,7600
18,0700	-67,522	160,7650
18,0684	-67,524	160,7700
18,0743	-67,526	160,7750
18,0722	-67,528	160,7800
18,0728	-67,531	160,7850
18,0825	-67,533	160,7900
18,0818	-67,535	160,7950
18,0770	-67,537	160,8000
18,0806	-67,539	160,8050
18,0780	-67,541	160,8100
18,0684	-67,543	160,8150
18,0795	-67,545	160,8200
18,0820	-67,547	160,8250
18,0789	-67,549	160,8300
18,0795	-67,552	160,8350
18,0820	-67,554	160,8400
18,0717	-67,556	160,8450
18,0749	-67,558	160,8500
18,0865	-67,560	160,8550
18,0764	-67,562	160,8600
18,0771	-67,564	160,8650
18,0937	-67,566	160,8700
18,0925	-67,568	160,8750
18,0848	-67,570	160,8800
18,0894	-67,573	160,8850
18,0889	-67,575	160,8900
18,0905	-67,577	160,8950
18,0980	-67,579	160,9000
18,0981	-67,581	160,9050
18,0858	-67,583	160,9100
18,0896	-67,585	160,9150
18,0935	-67,587	160,9200
18,0926	-67,589	160,9250
18,0969	-67,591	160,9300
18,1060	-67,594	160,9350
18,0984	-67,596	160,9400
18,0951	-67,598	160,9450
18,1015	-67,600	160,9500
18,0950	-67,602	160,9550
18,0895	-67,604	160,9600
18,0980	-67,606	160,9650
18,0956	-67,608	160,9700
18,0908	-67,610	160,9750
18,1024	-67,612	160,9800
18,1033	-67,615	160,9850
18,0999	-67,617	160,9900
18,1085	-67,619	160,9950
18,1069	-67,621	161,0000
18,0965	-67,623	161,0050
18,0970	-67,625	161,0100
18,1029	-67,627	161,0150
18,1041	-67,629	161,0200
18,1092	-67,631	161,0250
18,1159	-67,633	161,0300
18,1067	-67,636	161,0350
18,1069	-67,638	161,0400
18,1127	-67,640	161,0450
18,1076	-67,642	161,0500
18,0961	-67,644	161,0550
18,1080	-67,646	161,0600
18,1111	-67,648	161,0650
18,1058	-67,650	161,0700
18,1124	-67,652	161,0750
18,1123	-67,654	161,0800
18,1081	-67,657	161,0850
18,1147	-67,659	161,0900
18,1137	-67,661	161,0950
18,0996	-67,663	161,1000
18,1121	-67,665	161,1050
18,1187	-67,667	161,1100
18,1152	-67,669	161,1150
18,1117	-67,671	161,1200
18,1194	-67,673	161,1250
18,1141	-67,675	161,1300
18,1191	-67,678	161,1350
18,1285	-67,680	161,1400
18,1246	-67,682	161,1450
18,1187	-67,684	161,1500
18,1232	-67,686	161,1550
18,1206	-67,688	161,1600
18,1164	-67,690	161,1650
18,1237	-67,692	161,1700
18,1262	-67,694	161,1750
18,1216	-67,696	161,1800
18,1326	-67,699	161,1850
18,1369	-67,701	161,1900
18,1269	-67,703	161,1950
18,1269	-67,705	161,2000
18,1281	-67,707	161,2050
18,1288	-67,709	161,2100
18,1287	-67,711	161,2150
18,1324	-67,713	161,2200
18,1283	-67,715	161,2250
18,1283	-67,717	161,2300
18,1356	-67,720	161,2350
18,1297	-67,722	161,2400
18,1247	-67,724	161,2450
18,1372	-67,726	161,2500
18,1424	-67,728	161,2550
18,1380	-67,730	161,2600
18,1380	-67,732	161,2650
18,1381	-67,734	161,2700
18,1355	-67,736	161,2750
18,1432	-67,738	161,2800
18,1476	-67,741	161,2850
18,1386	-67,743	161,2900
18,1408	-67,745	161,2950
18,1438	-67,747	161,3000
18,1442	-67,749	161,3050
18,1431	-67,751	161,3100
18,1428	-67,753	161,3150
18,1340	-67,755	161,3200
18,1321	-67,757	161,3250
18,1462	-67,759	161,3300
18,1485	-67,762	161,3350
18,1416	-67,764	161,3400
18,1506	-67,766	161,3450
18,1511	-67,768	161,3500
18,1443	-67,770	161,3550
18,1477	-67,772	161,3600
18,1477	-67,774	161,3650
18,1424	-67,776	161,3700
18,1522	-67,778	161,3750
18,1654	-67,780	161,3800
18,1570	-67,783	161,3850
18,1524	-67,785	161,3900
18,1533	-67,787	161,3950
18,1535	-67,789	161,4000
18,1559	-67,791	161,4050
18,1705	-67,793	161,4100
18,1648	-67,795	161,4150
18,1573	-67,797	161,4200
18,1571	-67,799	161,4250
18,1558	-67,801	161,4300
18,1514	-67,804	161,4350
18,1584	-67,806	161,4400
18,1661	-67,808	161,4450
18,1651	-67,810	161,4500
18,1641	-67,812	161,4550
18,1723	-67,814	161,4600
18,1702	-67,816	161,4650
18,1699	-67,818	161,4700
18,1726	-67,820	161,4750
18,1600	-67,822	161,4800
18,1595	-67,825	161,4850
18,1701	-67,827	161,4900
18,1678	-67,829	161,4950
18,1643	-67,831	161,5000
18,1766	-67,833	161,5050
18,1736	-67,835	161,5100
18,1735	-67,837	161,5150
18,1823	-67,839	161,5200
18,1808	-67,841	161,5250
18,1763	-67,843	161,5300
18,1827	-67,846	161,5350
18,1843	-67,848	161,5400
18,1795	-67,850	161,5450
18,1793	-67,852	161,5500
18,1842	-67,854	161,5550
18,1737	-67,856	161,5600
18,1787	-67,858	161,5650
18,1822	-67,860	161,5700
18,1801	-67,862	161,5750
18,1831	-67,864	161,5800
18,1844	-67,867	161,5850
18,1788	-67,869	161,5900
18,1780	-67,871	161,5950
18,1871	-67,873	161,6000
18,1878	-67,875	161,6050
18,1830	-67,877	161,6100
18,1917	-67,879	161,6150
18,1963	-67,881	161,6200
18,1922	-67,883	161,6250
18,1933	-67,885	161,6300
18,1944	-67,888	161,6350
18,1871	-67,890	161,6400
18,1839	-67,892	161,6450
18,1940	-67,894	161,6500
18,1876	-67,896	161,6550
18,1865	-67,898	161,6600
18,1905	-67,900	161,6650
18,1937	-67,902	161,6700
18,1948	-67,904	161,6750
18,1984	-67,906	161,6800
18,1947	-67,909	161,6850
18,1956	-67,911	161,6900
18,2032	-67,913	161,6950
18,1931	-67,915	161,7000
18,1919	-67,917	161,7050
18,2034	-67,919	161,7100
18,2043	-67,921	161,7150
18,1947	-67,923	161,7200
18,2006	-67,925	161,7250
18,2047	-67,927	161,7300
18,2005	-67,930	161,7350
18,1951	-67,932	161,7400
18,2128	-67,934	161,7450
18,2113	-67,936	161,7500
18,2082	-67,938	161,7550
18,2202	-67,940	161,7600
18,2079	-67,942	161,7650
18,1976	-67,944	161,7700
18,2132	-67,946	161,7750
18,2140	-67,948	161,7800
18,2068	-67,951	161,7850
18,2086	-67,953	161,7900
18,2113	-67,955	161,7950
18,2132	-67,957	161,8000
18,2191	-67,959	161,8050
18,2210	-67,961	161,8100
18,2162	-67,963	161,8150
18,2208	-67,965	161,8200
18,2180	-67,967	161,8250
18,2124	-67,969	161,8300
18,2117	-67,972	161,8350
18,2290	-67,974	161,8400
18,2264	-67,976	161,8450
18,2218	-67,978	161,8500
18,2236	-67,980	161,8550
18,2185	-67,982	161,8600
18,2165	-67,984	161,8650
18,2213	-67,986	161,8700
18,2176	-67,988	161,8750
18,2177	-67,990	161,8800
18,2261	-67,993	161,8850
18,2262	-67,995	161,8900
18,2183	-67,997	161,8950
18,2258	-67,999	161,9000
18,2311	-68,001	161,9050
18,2234	-68,003	161,9100
18,2255	-68,005	161,9150
18,2304	-68,007	161,9200
18,2269	-68,009	161,9250
18,2258	-68,011	161,9300
18,2367	-68,014	161,9350
18,2325	-68,016	161,9400
18,2343	-68,018	161,9450
18,2361	-68,020	161,9500
18,2268	-68,022	161,9550
18,2221	-68,024	161,9600
18,2282	-68,026	161,9650
18,2289	-68,028	161,9700
18,2229	-68,030	161,9750
18,2318	-68,032	161,9800
18,2315	-68,035	161,9850
18,2266	-68,037	161,9900
18,2300	-68,039	161,9950
18,2293	-68,041	162,0000
18,2222	-68,043	162,0050
18,2284	-68,045	162,0100
18,2354	-68,047	162,0150
18,2319	-68,049	162,0200
18,2281	-68,051	162,0250
18,2361	-68,053	162,0300
18,2267	-68,056	162,0350
18,2207	-68,058	162,0400
18,2303	-68,060	162,0450
18,2301	-68,062	162,0500
18,2213	-68,064	162,0550
18,2318	-68,066	162,0600
18,2390	-68,068	162,0650
18,2378	-68,070	162,0700
18,2395	-68,072	162,0750
18,2334	-68,074	162,0800
18,2245	-68,077	162,0850
18,2354	-68,079	162,0900
18,2386	-68,081	162,0950
18,2322	-68,083	162,1000
18,2358	-68,085	162,1050
18,2392	-68,087	162,1100
18,2353	-68,089	162,1150
18,2366	-68,091	162,1200
18,2468	-68,093	162,1250
18,2368	-68,095	162,1300
18,2363	-68,098	162,1350
18,2494	-68,100	162,1400
18,2523	-68,102	162,1450
18,2430	-68,104	162,1500
18,2469	-68,106	162,1550
18,2494	-68,108	162,1600
18,2422	-68,110	162,1650
18,2423	-68,112	162,1700
18,2466	-68,114	162,1750
18,2428	-68,116	162,1800
18,2526	-68,119	162,1850
18,2519	-68,121	162,1900
18,2417	-68,123	162,1950
18,2528	-68,125	162,2000
18,2622	-68,127	162,2050
18,2566	-68,129	162,2100
18,2503	-68,131	162,2150
18,2562	-68,133	162,2200
18,2589	-68,135	162,2250
18,2552	-68,137	162,2300
18,2601	-68,140	162,2350
18,2526	-68,142	162,2400
18,2474	-68,144	162,2450
18,2595	-68,146	162,2500
18,2618	-68,148	162,2550
18,2595	-68,150	162,2600
18,2656	-68,152	162,2650
18,2659	-68,154	162,2700
18,2588	-68,156	162,2750
18,2625	-68,159	162,2800
18,2664	-68,161	162,2850
18,2606	-68,163	162,2900
18,2651	-68,165	162,2950
18,2728	-68,167	162,3000
18,2628	-68,169	162,3050
18,2559	-68,171	162,3100
18,2642	-68,173	162,3150
18,2645	-68,175	162,3200
18,2631	-68,177	162,3250
18,2697	-68,180	162,3300
18,2703	-68,182	162,3350
18,2626	-68,184	162,3400
18,2668	-68,186	162,3450
18,2667	-68,188	162,3500
18,2682	-68,190	162,3550
18,2693	-68,192	162,3600
18,2703	-68,194	162,3650
18,2631	-68,196	162,3700
18,2702	-68,198	162,3750
18,2758	-68,201	162,3800
18,2702	-68,203	162,3850
18,2698	-68,205	162,3900
18,2740	-68,207	162,3950
18,2705	-68,209	162,4000
18,2740	-68,211	162,4050
18,2821	-68,213	162,4100
18,2780	-68,215	162,4150
18,2737	-68,217	162,4200
18,2817	-68,219	162,4250
18,2846	-68,222	162,4300
18,2804	-68,224	162,4350
18,2907	-68,226	162,4400
18,2836	-68,228	162,4450
18,2764	-68,230	162,4500
18,2812	-68,232	162,4550
18,2883	-68,234	162,4600
18,2842	-68,236	162,4650
18,2867	-68,238	162,4700
18,2838	-68,240	162,4750
18,2822	-68,243	162,4800
18,2802	-68,245	162,4850
18,2915	-68,247	162,4900
18,2889	-68,249	162,4950
18,2763	-68,251	162,5000
18,2855	-68,253	162,5050
18,2960	-68,255	162,5100
18,2961	-68,257	162,5150
18,2977	-68,259	162,5200
18,2942	-68,261	162,5250
18,2946	-68,264	162,5300
18,3034	-68,266	162,5350
18,2973	-68,268	162,5400
18,2898	-68,270	162,5450
18,2993	-68,272	162,5500
18,3066	-68,274	162,5550
18,2924	-68,276	162,5600
18,2961	-68,278	162,5650
18,2983	-68,280	162,5700
18,2937	-68,282	162,5750
18,2973	-68,285	162,5800
18,3063	-68,287	162,5850
18,2970	-68,289	162,5900
18,2925	-68,291	162,5950
18,2984	-68,293	162,6000
18,2964	-68,295	162,6050
18,2952	-68,297	162,6100
18,3066	-68,299	162,6150
18,3082	-68,301	162,6200
18,2963	-68,303	162,6250
18,3050	-68,306	162,6300
18,3129	-68,308	162,6350
18,3130	-68,310	162,6400
18,3153	-68,312	162,6450
18,3155	-68,314	162,6500
18,3066	-68,316	162,6550
18,3107	-68,318	162,6600
18,3229	-68,320	162,6650
18,3217	-68,322	162,6700
18,3217	-68,324	162,6750
18,3186	-68,327	162,6800
18,3114	-68,329	162,6850
18,3110	-68,331	162,6900
18,3159	-68,333	162,6950
18,3152	-68,335	162,7000
18,3121	-68,337	162,7050
18,3198	-68,339	162,7100
18,3226	-68,341	162,7150
18,3176	-68,343	162,7200
18,3300	-68,345	162,7250
18,3321	-68,348	162,7300
18,3199	-68,350	162,7350
18,3212	-68,352	162,7400
18,3297	-68,354	162,7450
18,3239	-68,356	162,7500
18,3206	-68,358	162,7550
18,3229	-68,360	162,7600
18,3179	-68,362	162,7650
18,3159	-68,364	162,7700
18,3257	-68,366	162,7750
18,3235	-68,369	162,7800
18,3212	-68,371	162,7850
18,3346	-68,373	162,7900
18,3345	-68,375	162,7950
18,3342	-68,377	162,8000
18,3387	-68,379	162,8050
18,3336	-68,381	162,8100
18,3241	-68,383	162,8150
18,3348	-68,385	162,8200
18,3336	-68,387	162,8250
18,3347	-68,390	162,8300
18,3317	-68,392	162,8350
18,3346	-68,394	162,8400
18,3276	-68,396	162,8450
18,3344	-68,398	162,8500
18,3467	-68,400	162,8550
18,3416	-68,402	162,8600
18,3397	-68,404	162,8650
18,3547	-68,406	162,8700
18,3518	-68,408	162,8750
18,3435	-68,411	162,8800
18,3509	-68,413	162,8850
18,3609	-68,415	162,8900
18,3544	-68,417	162,8950
18,3546	-68,419	162,9000
18,3529	-68,421	162,9050
18,3428	-68,423	162,9100
18,3463	-68,425	162,9150
18,3510	-68,427	162,9200
18,3462	-68,429	162,9250
18,3438	-68,432	162,9300
18,3547	-68,434	162,9350
18,3521	-68,436	162,9400
18,3456	-68,438	162,9450
18,3532	-68,440	162,9500
18,3511	-68,442	162,9550
18,3517	-68,444	162,9600
18,3569	-68,446	162,9650
18,3553	-68,448	162,9700
18,3564	-68,450	162,9750
18,3617	-68,453	162,9800
18,3675	-68,455	162,9850
18,3656	-68,457	162,9900
18,3656	-68,459	162,9950
18,3649	-68,461	163,0000
18,3594	-68,463	163,0050
18,3690	-68,465	163,0100
18,3705	-68,467	163,0150
18,3658	-68,469	163,0200
18,3608	-68,471	163,0250
18,3691	-68,474	163,0300
18,3664	-68,476	163,0350
18,3646	-68,478	163,0400
18,3724	-68,480	163,0450
18,3686	-68,482	163,0500
18,3628	-68,484	163,0550
18,3725	-68,486	163,0600
18,3731	-68,488	163,0650
18,3746	-68,490	163,0700
18,3783	-68,492	163,0750
18,3789	-68,495	163,0800
18,3697	-68,497	163,0850
18,3714	-68,499	163,0900
18,3786	-68,501	163,0950
18,3695	-68,503	163,1000
18,3673	-68,505	163,1050
18,3741	-68,507	163,1100
18,3765	-68,509	163,1150
18,3751	-68,511	163,1200
18,3817	-68,513	163,1250
18,3787	-68,516	163,1300
18,3818	-68,518	163,1350
18,3854	-68,520	163,1400
18,3763	-68,522	163,1450
18,3703	-68,524	163,1500
18,3809	-68,526	163,1550
18,3861	-68,528	163,1600
18,3822	-68,530	163,1650
18,3835	-68,532	163,1700
18,3864	-68,534	163,1750
18,3807	-68,537	163,1800
18,3913	-68,539	163,1850
18,3988	-68,541	163,1900
18,3873	-68,543	163,1950
18,3877	-68,545	163,2000
18,3918	-68,547	163,2050
18,3851	-68,549	163,2100
18,3797	-68,551	163,2150
18,3912	-68,553	163,2200
18,3934	-68,555	163,2250
18,3978	-68,558	163,2300
18,3998	-68,560	163,2350
18,3993	-68,562	163,2400
18,3953	-68,564	163,2450
18,4023	-68,566	163,2500
18,3982	-68,568	163,2550
18,3956	-68,570	163,2600
18,3958	-68,572	163,2650
18,3999	-68,574	163,2700
18,3917	-68,576	163,2750
18,3968	-68,579	163,2800
18,4020	-68,581	163,2850
18,3980	-68,583	163,2900
18,3958	-68,585	163,2950
18,4028	-68,587	163,3000
18,4078	-68,589	163,3050
18,4148	-68,591	163,3100
18,4208	-68,593	163,3150
18,4110	-68,595	163,3200
18,4079	-68,597	163,3250
18,4147	-68,600	163,3300
18,4101	-68,602	163,3350
18,4070	-68,604	163,3400
18,4203	-68,606	163,3450
18,4074	-68,608	163,3500
18,3927	-68,610	163,3550
18,4030	-68,612	163,3600
18,4205	-68,614	163,3650
18,4123	-68,616	163,3700
18,4141	-68,618	163,3750
18,4191	-68,621	163,3800
18,4089	-68,623	163,3850
18,4026	-68,625	163,3900
18,4117	-68,627	163,3950
18,4161	-68,629	163,4000
18,4095	-68,631	163,4050
18,4201	-68,633	163,4100
18,4161	-68,635	163,4150
18,4099	-68,637	163,4200
18,4156	-68,639	163,4250
18,4179	-68,642	163,4300
18,4175	-68,644	163,4350
18,4211	-68,646	163,4400
18,4211	-68,648	163,4450
18,4225	-68,650	163,4500
18,4227	-68,652	163,4550
18,4284	-68,654	163,4600
18,4315	-68,656	163,4650
18,4345	-68,658	163,4700
18,4370	-68,660	163,4750
18,4258	-68,663	163,4800
18,4256	-68,665	163,4850
18,4302	-68,667	163,4900
18,4271	-68,669	163,4950
18,4259	-68,671	163,5000
18,4356	-68,673	163,5050
18,4326	-68,675	163,5100
18,4288	-68,677	163,5150
18,4335	-68,679	163,5200
18,4309	-68,681	163,5250
18,4292	-68,684	163,5300
18,4449	-68,686	163,5350
18,4463	-68,688	163,5400
18,4378	-68,690	163,5450
18,4355	-68,692	163,5500
18,4369	-68,694	163,5550
18,4252	-68,696	163,5600
18,4302	-68,698	163,5650
18,4412	-68,700	163,5700
18,4356	-68,702	163,5750
18,4364	-68,705	163,5800
18,4380	-68,707	163,5850
18,4441	-68,709	163,5900
18,4393	-68,711	163,5950
18,4477	-68,713	163,6000
18,4487	-68,715	163,6050
18,4444	-68,717	163,6100
18,4468	-68,719	163,6150
18,4481	-68,721	163,6200
18,4438	-68,723	163,6250
18,4523	-68,726	163,6300
18,4586	-68,728	163,6350
18,4518	-68,730	163,6400
18,4482	-68,732	163,6450
18,4530	-68,734	163,6500
18,4475	-68,736	163,6550
18,4516	-68,738	163,6600
18,4594	-68,740	163,6650
18,4541	-68,742	163,6700
18,4545	-68,744	163,6750
18,4603	-68,747	163,6800
18,4592	-68,749	163,6850
18,4588	-68,751	163,6900
18,4622	-68,753	163,6950
18,4610	-68,755	163,7000
18,4596	-68,757	163,7050
18,4616	-68,759	163,7100
18,4600	-68,761	163,7150
18,4583	-68,763	163,7200
18,4635	-68,765	163,7250
18,4556	-68,768	163,7300
18,4500	-68,770	163,7350
18,4579	-68,772	163,7400
18,4686	-68,774	163,7450
18,4582	-68,776	163,7500
18,4588	-68,778	163,7550
18,4658	-68,780	163,7600
18,4646	-68,782	163,7650
18,4564	-68,784	163,7700
18,4637	-68,786	163,7750
18,4651	-68,789	163,7800
18,4682	-68,791	163,7850
18,4812	-68,793	163,7900
18,4792	-68,795	163,7950
18,4684	-68,797	163,8000
18,4741	-68,799	163,8050
18,4768	-68,801	163,8100
18,4687	-68,803	163,8150
18,4687	-68,805	163,8200
18,4703	-68,807	163,8250
18,4696	-68,810	163,8300
18,4687	-68,812	163,8350
18,4811	-68,814	163,8400
18,4760	-68,816	163,8450
18,4771	-68,818	163,8500
18,4876	-68,820	163,8550
18,4820	-68,822	163,8600
18,4795	-68,824	163,8650
18,4864	-68,826	163,8700
18,4867	-68,828	163,8750
18,4861	-68,831	163,8800
18,4913	-68,833	163,8850
18,4853	-68,835	163,8900
18,4804	-68,837	163,8950
18,4874	-68,839	163,9000
18,4932	-68,841	163,9050
18,4900	-68,843	163,9100
18,4935	-68,845	163,9150
18,4913	-68,847	163,9200
18,4843	-68,849	163,9250
18,4827	-68,852	163,9300
18,4904	-68,854	163,9350
18,4879	-68,856	163,9400
18,4883	-68,858	163,9450
18,4967	-68,860	163,9500
18,5007	-68,862	163,9550
18,4930	-68,864	163,9600
18,5006	-68,866	163,9650
18,5021	-68,868	163,9700
18,4962	-68,870	163,9750
18,4973	-68,873	163,9800
18,4955	-68,875	163,9850
18,4921	-68,877	163,9900
18,5079	-68,879	163,9950
18,5075	-68,881	164,0000
18,4903	-68,883	164,0050
18,4914	-68,885	164,0100
18,4989	-68,887	164,0150
18,5067	-68,889	164,0200
18,5067	-68,891	164,0250
18,5058	-68,894	164,0300
18,4999	-68,896	164,0350
18,5048	-68,898	164,0400
18,5080	-68,900	164,0450
18,4957	-68,902	164,0500
18,4922	-68,904	164,0550
18,5085	-68,906	164,0600
18,5178	-68,908	164,0650
18,5069	-68,910	164,0700
18,5078	-68,912	164,0750
18,5093	-68,915	164,0800
18,5076	-68,917	164,0850
18,5127	-68,919	164,0900
18,5154	-68,921	164,0950
18,5108	-68,923	164,1000
18,5142	-68,925	164,1050
18,5203	-68,927	164,1100
18,5106	-68,929	164,1150
18,5115	-68,931	164,1200
18,5290	-68,933	164,1250
18,5234	-68,936	164,1300
18,5123	-68,938	164,1350
18,5174	-68,940	164,1400
18,5170	-68,942	164,1450
18,5121	-68,944	164,1500
18,5239	-68,946	164,1550
18,5264	-68,948	164,1600
18,5178	-68,950	164,1650
18,5167	-68,952	164,1700
18,5211	-68,954	164,1750
18,5197	-68,957	164,1800
18,5265	-68,959	164,1850
18,5321	-68,961	164,1900
18,5219	-68,963	164,1950
18,5202	-68,965	164,2000
18,5320	-68,967	164,2050
18,5296	-68,969	164,2100
18,5264	-68,971	164,2150
18,5364	-68,973	164,2200
18,5315	-68,975	164,2250
18,5262	-68,978	164,2300
18,5364	-68,980	164,2350
18,5377	-68,982	164,2400
18,5370	-68,984	164,2450
18,5394	-68,986	164,2500
18,5337	-68,988	164,2550
18,5301	-68,990	164,2600
18,5389	-68,992	164,2650
18,5446	-68,994	164,2700
18,5311	-68,996	164,2750
18,5376	-68,999	164,2800
18,5439	-69,001	164,2850
18,5349	-69,003	164,2900
18,5396	-69,005	164,2950
18,5537	-69,007	164,3000
18,5467	-69,009	164,3050
18,5404	-69,011	164,3100
18,5417	-69,013	164,3150
18,5386	-69,015	164,3200
18,5434	-69,017	164,3250
18,5509	-69,020	164,3300
18,5486	-69,022	164,3350
18,5420	-69,024	164,3400
18,5411	-69,026	164,3450
18,5414	-69,028	164,3500
18,5427	-69,030	164,3550
18,5499	-69,032	164,3600
18,5546	-69,034	164,3650
18,5455	-69,036	164,3700
18,5503	-69,038	164,3750
18,5590	-69,041	164,3800
18,5456	-69,043	164,3850
18,5463	-69,045	164,3900
18,5568	-69,047	164,3950
18,5577	-69,049	164,4000
18,5533	-69,051	164,4050
18,5650	-69,053	164,4100
18,5664	-69,055	164,4150
18,5627	-69,057	164,4200
18,5641	-69,059	164,4250
18,5572	-69,062	164,4300
18,5495	-69,064	164,4350
18,5613	-69,066	164,4400
18,5633	-69,068	164,4450
18,5562	-69,070	164,4500
18,5605	-69,072	164,4550
18,5653	-69,074	164,4600
18,5559	-69,076	164,4650
18,5613	-69,078	164,4700
18,5650	-69,080	164,4750
18,5626	-69,083	164,4800
18,5626	-69,085	164,4850
18,5681	-69,087	164,4900
18,5624	-69,089	164,4950
18,5553	-69,091	164,5000
18,5697	-69,093	164,5050
18,5796	-69,095	164,5100
18,5643	-69,097	164,5150
18,5657	-69,099	164,5200
18,5684	-69,101	164,5250
18,5635	-69,104	164,5300
18,5758	-69,106	164,5350
18,5756	-69,108	164,5400
18,5740	-69,110	164,5450
18,5751	-69,112	164,5500
18,5810	-69,114	164,5550
18,5728	-69,116	164,5600
18,5758	-69,118	164,5650
18,5807	-69,120	164,5700
18,5709	-69,122	164,5750
18,5685	-69,125	164,5800
18,5802	-69,127	164,5850
18,5806	-69,129	164,5900
18,5734	-69,131	164,5950
18,5794	-69,133	164,6000
18,5817	-69,135	164,6050
18,5822	-69,137	164,6100
18,5882	-69,139	164,6150
18,5890	-69,141	164,6200
18,5840	-69,143	164,6250
18,5925	-69,146	164,6300
18,5908	-69,148	164,6350
18,5842	-69,150	164,6400
18,5833	-69,152	164,6450
18,5912	-69,154	164,6500
18,5865	-69,156	164,6550
18,5882	-69,158	164,6600
18,5922	-69,160	164,6650
18,5809	-69,162	164,6700
18,5844	-69,164	164,6750
18,6014	-69,167	164,6800
18,5992	-69,169	164,6850
18,5900	-69,171	164,6900
18,5946	-69,173	164,6950
18,5937	-69,175	164,7000
18,5904	-69,177	164,7050
18,6040	-69,179	164,7100
18,6032	-69,181	164,7150
18,5875	-69,183	164,7200
18,5920	-69,185	164,7250
18,5981	-69,188	164,7300
18,5985	-69,190	164,7350
18,5974	-69,192	164,7400
18,6143	-69,194	164,7450
18,6085	-69,196	164,7500
18,6108	-69,198	164,7550
18,6178	-69,200	164,7600
18,6097	-69,202	164,7650
18,6075	-69,204	164,7700
18,6173	-69,206	164,7750
18,6134	-69,209	164,7800
18,6060	-69,211	164,7850
18,6068	-69,213	164,7900
18,6122	-69,215	164,7950
18,6113	-69,217	164,8000
18,6181	-69,219	164,8050
18,6122	-69,221	164,8100
18,6058	-69,223	164,8150
18,6139	-69,225	164,8200
18,6199	-69,227	164,8250
18,6210	-69,230	164,8300
18,6190	-69,232	164,8350
18,6180	-69,234	164,8400
18,6137	-69,236	164,8450
18,6198	-69,238	164,8500
18,6239	-69,240	164,8550
18,6200	-69,242	164,8600
18,6179	-69,244	164,8650
18,6231	-69,246	164,8700
18,6152	-69,248	164,8750
18,6164	-69,251	164,8800
18,6211	-69,253	164,8850
18,6200	-69,255	164,8900
18,6161	-69,257	164,8950
18,6227	-69,259	164,9000
18,6280	-69,261	164,9050
18,6203	-69,263	164,9100
18,6217	-69,265	164,9150
18,6294	-69,267	164,9200
18,6284	-69,269	164,9250
18,6309	-69,272	164,9300
18,6426	-69,274	164,9350
18,6310	-69,276	164,9400
18,6269	-69,278	164,9450
18,6358	-69,280	164,9500
18,6385	-69,282	164,9550
18,6378	-69,284	164,9600
18,6423	-69,286	164,9650
18,6365	-69,288	164,9700
18,6320	-69,290	164,9750
18,6372	-69,293	164,9800
18,6413	-69,295	164,9850
18,6337	-69,297	164,9900
18,6381	-69,299	164,9950
18,6368	-69,301	165,0000
18,6281	-69,303	165,0050
18,6408	-69,305	165,0100
18,6534	-69,307	165,0150
18,6414	-69,309	165,0200
18,6354	-69,311	165,0250
18,6447	-69,314	165,0300
18,6388	-69,316	165,0350
18,6348	-69,318	165,0400
18,6369	-69,320	165,0450
18,6340	-69,322	165,0500
18,6371	-69,324	165,0550
18,6410	-69,326	165,0600
18,6429	-69,328	165,0650
18,6411	-69,330	165,0700
18,6481	-69,332	165,0750
18,6528	-69,335	165,0800
18,6452	-69,337	165,0850
18,6493	-69,339	165,0900
18,6512	-69,341	165,0950
18,6453	-69,343	165,1000
18,6527	-69,345	165,1050
18,6626	-69,347	165,1100
18,6579	-69,349	165,1150
18,6522	-69,351	165,1200
18,6621	-69,353	165,1250
18,6591	-69,356	165,1300
18,6611	-69,358	165,1350
18,6637	-69,360	165,1400
18,6586	-69,362	165,1450
18,6552	-69,364	165,1500
18,6620	-69,366	165,1550
18,6571	-69,368	165,1600
18,6490	-69,370	165,1650
18,6555	-69,372	165,1700
18,6643	-69,374	165,1750
18,6653	-69,377	165,1800
18,6668	-69,379	165,1850
18,6662	-69,381	165,1900
18,6570	-69,383	165,1950
18,6607	-69,385	165,2000
18,6642	-69,387	165,2050
18,6594	-69,389	165,2100
18,6574	-69,391	165,2150
18,6676	-69,393	165,2200
18,6592	-69,395	165,2250
18,6525	-69,398	165,2300
18,6599	-69,400	165,2350
18,6630	-69,402	165,2400
18,6627	-69,404	165,2450
18,6666	-69,406	165,2500
18,6689	-69,408	165,2550
18,6681	-69,410	165,2600
18,6703	-69,412	165,2650
18,6722	-69,414	165,2700
18,6704	-69,416	165,2750
18,6746	-69,419	165,2800
18,6776	-69,421	165,2850
18,6737	-69,423	165,2900
18,6818	-69,425	165,2950
18,6864	-69,427	165,3000
18,6865	-69,429	165,3050
18,6791	-69,431	165,3100
18,6854	-69,433	165,3150
18,6863	-69,435	165,3200
18,6862	-69,437	165,3250
18,6873	-69,440	165,3300
18,6855	-69,442	165,3350
18,6814	-69,444	165,3400
18,6937	-69,446	165,3450
18,6897	-69,448	165,3500
18,6825	-69,450	165,3550
18,6859	-69,452	165,3600
18,6921	-69,454	165,3650
18,6890	-69,456	165,3700
18,6926	-69,458	165,3750
18,7000	-69,461	165,3800
18,6872	-69,463	165,3850
18,6875	-69,465	165,3900
18,6950	-69,467	165,3950
18,6949	-69,469	165,4000
18,6917	-69,471	165,4050
18,7021	-69,473	165,4100
18,6964	-69,475	165,4150
18,6940	-69,477	165,4200
18,6992	-69,479	165,4250
18,6972	-69,482	165,4300
18,7012	-69,484	165,4350
18,7101	-69,486	165,4400
18,7063	-69,488	165,4450
18,6970	-69,490	165,4500
18,6991	-69,492	165,4550
18,7076	-69,494	165,4600
18,6978	-69,496	165,4650
18,6990	-69,498	165,4700
18,7020	-69,500	165,4750
18,6957	-69,503	165,4800
18,6943	-69,505	165,4850
18,7028	-69,507	165,4900
18,7069	-69,509	165,4950
18,7033	-69,511	165,5000
18,7089	-69,513	165,5050
18,7102	-69,515	165,5100
18,7074	-69,517	165,5150
18,7088	-69,519	165,5200
18,7101	-69,521	165,5250
18,7114	-69,524	165,5300
18,7188	-69,526	165,5350
18,7181	-69,528	165,5400
18,7101	-69,530	165,5450
18,7132	-69,532	165,5500
18,7231	-69,534	165,5550
18,7065	-69,536	165,5600
18,7070	-69,538	165,5650
18,7177	-69,540	165,5700
18,7088	-69,542	165,5750
18,7110	-69,545	165,5800
18,7158	-69,547	165,5850
18,7094	-69,549	165,5900
18,7078	-69,551	165,5950
18,7212	-69,553	165,6000
18,7243	-69,555	165,6050
18,7206	-69,557	165,6100
18,7320	-69,559	165,6150
18,7319	-69,561	165,6200
18,7228	-69,563	165,6250
18,7251	-69,566	165,6300
18,7237	-69,568	165,6350
18,7193	-69,570	165,6400
18,7195	-69,572	165,6450
18,7307	-69,574	165,6500
18,7311	-69,576	165,6550
18,7337	-69,578	165,6600
18,7385	-69,580	165,6650
18,7303	-69,582	165,6700
18,7289	-69,584	165,6750
18,7397	-69,587	165,6800
18,7351	-69,589	165,6850
18,7283	-69,591	165,6900
18,7337	-69,593	165,6950
18,7286	-69,595	165,7000
18,7259	-69,597	165,7050
18,7404	-69,599	165,7100
18,7349	-69,601	165,7150
18,7248	-69,603	165,7200
18,7410	-69,605	165,7250
18,7469	-69,608	165,7300
18,7400	-69,610	165,7350
18,7401	-69,612	165,7400
18,7489	-69,614	165,7450
18,7394	-69,616	165,7500
18,7394	-69,618	165,7550
18,7488	-69,620	165,7600
18,7439	-69,622	165,7650
18,7369	-69,624	165,7700
18,7439	-69,626	165,7750
18,7436	-69,629	165,7800
18,7437	-69,631	165,7850
18,7502	-69,633	165,7900
18,7473	-69,635	165,7950
18,7405	-69,637	165,8000
18,7445	-69,639	165,8050
18,7487	-69,641	165,8100
18,7485	-69,643	165,8150
18,7549	-69,645	165,8200
18,7566	-69,647	165,8250
18,7493	-69,650	165,8300
18,7469	-69,652	165,8350
18,7562	-69,654	165,8400
18,7533	-69,656	165,8450
18,7542	-69,658	165,8500
18,7587	-69,660	165,8550
18,7524	-69,662	165,8600
18,7495	-69,664	165,8650
18,7616	-69,666	165,8700
18,7579	-69,668	165,8750
18,7506	-69,671	165,8800
18,7559	-69,673	165,8850
18,7619	-69,675	165,8900
18,7592	-69,677	165,8950
18,7636	-69,679	165,9000
18,7567	-69,681	165,9050
18,7534	-69,683	165,9100
18,7665	-69,685	165,9150
18,7748	-69,687	165,9200
18,7702	-69,689	165,9250
18,7637	-69,692	165,9300
18,7724	-69,694	165,9350
18,7717	-69,696	165,9400
18,7712	-69,698	165,9450
18,7751	-69,700	165,9500
18,7696	-69,702	165,9550
18,7660	-69,704	165,9600
18,7724	-69,706	165,9650
18,7763	-69,708	165,9700
18,7676	-69,710	165,9750
18,7702	-69,713	165,9800
18,7634	-69,715	165,9850
18,7630	-69,717	165,9900
18,7798	-69,719	165,9950
18,7827	-69,721	166,0000
18,7686	-69,723	166,0050
18,7748	-69,725	166,0100
18,7825	-69,727	166,0150
18,7785	-69,729	166,0200
18,7789	-69,731	166,0250
18,7800	-69,734	166,0300
18,7766	-69,736	166,0350
18,7822	-69,738	166,0400
18,7885	-69,740	166,0450
18,7758	-69,742	166,0500
18,7731	-69,744	166,0550
18,7839	-69,746	166,0600
18,7833	-69,748	166,0650
18,7791	-69,750	166,0700
18,7881	-69,752	166,0750
18,7970	-69,755	166,0800
18,7916	-69,757	166,0850
18,7935	-69,759	166,0900
18,7905	-69,761	166,0950
18,7812	-69,763	166,1000
18,7876	-69,765	166,1050
18,7936	-69,767	166,1100
18,7936	-69,769	166,1150
18,7944	-69,771	166,1200
18,7985	-69,773	166,1250
18,7919	-69,776	166,1300
18,7936	-69,778	166,1350
18,7941	-69,780	166,1400
18,7889	-69,782	166,1450
18,7906	-69,784	166,1500
18,8014	-69,786	166,1550
18,7959	-69,788	166,1600
18,7919	-69,790	166,1650
18,8023	-69,792	166,1700
18,7996	-69,794	166,1750
18,7947	-69,797	166,1800
18,8073	-69,799	166,1850
18,8115	-69,801	166,1900
18,8040	-69,803	166,1950
18,8103	-69,805	166,2000
18,8115	-69,807	166,2050
18,8083	-69,809	166,2100
18,8117	-69,811	166,2150
18,8217	-69,813	166,2200
18,8152	-69,815	166,2250
18,8112	-69,818	166,2300
18,8184	-69,820	166,2350
18,8088	-69,822	166,2400
18,8061	-69,824	166,2450
18,8186	-69,826	166,2500
18,8157	-69,828	166,2550
18,8114	-69,830	166,2600
18,8145	-69,832	166,2650
18,8193	-69,834	166,2700
18,8112	-69,836	166,2750
18,8151	-69,839	166,2800
18,8179	-69,841	166,2850
18,8136	-69,843	166,2900
18,8108	-69,845	166,2950
18,8170	-69,847	166,3000
18,8156	-69,849	166,3050
18,8139	-69,851	166,3100
18,8203	-69,853	166,3150
18,8159	-69,855	166,3200
18,8206	-69,857	166,3250
18,8280	-69,860	166,3300
18,8181	-69,862	166,3350
18,8116	-69,864	166,3400
18,8291	-69,866	166,3450
18,8279	-69,868	166,3500
18,8233	-69,870	166,3550
18,8224	-69,872	166,3600
18,8279	-69,874	166,3650
18,8245	-69,876	166,3700
18,8311	-69,878	166,3750
18,8309	-69,881	166,3800
18,8231	-69,883	166,3850
18,8272	-69,885	166,3900
18,8338	-69,887	166,3950
18,8263	-69,889	166,4000
18,8260	-69,891	166,4050
18,8384	-69,893	166,4100
18,8331	-69,895	166,4150
18,8232	-69,897	166,4200
18,8339	-69,899	166,4250
18,8359	-69,902	166,4300
18,8254	-69,904	166,4350
18,8320	-69,906	166,4400
18,8358	-69,908	166,4450
18,8356	-69,910	166,4500
18,8341	-69,912	166,4550
18,8354	-69,914	166,4600
18,8320	-69,916	166,4650
18,8367	-69,918	166,4700
18,8423	-69,920	166,4750
18,8363	-69,923	166,4800
18,8397	-69,925	166,4850
18,8466	-69,927	166,4900
18,8407	-69,929	166,4950
18,8365	-69,931	166,5000
18,8580	-69,933	166,5050
18,8561	-69,935	166,5100
18,8448	-69,937	166,5150
18,8453	-69,939	166,5200
18,8455	-69,941	166,5250
18,8416	-69,944	166,5300
18,8558	-69,946	166,5350
18,8514	-69,948	166,5400
18,8468	-69,950	166,5450
18,8457	-69,952	166,5500
18,8519	-69,954	166,5550
18,8459	-69,956	166,5600
18,8521	-69,958	166,5650
18,8609	-69,960	166,5700
18,8594	-69,962	166,5750
18,8589	-69,965	166,5800
18,8577	-69,967	166,5850
18,8493	-69,969	166,5900
18,8455	-69,971	166,5950
18,8569	-69,973	166,6000
18,8575	-69,975	166,6050
18,8582	-69,977	166,6100
18,8673	-69,979	166,6150
18,8634	-69,981	166,6200
18,8505	-69,983	166,6250
18,8569	-69,986	166,6300
18,8638	-69,988	166,6350
18,8654	-69,990	166,6400
18,8560	-69,992	166,6450
18,8617	-69,994	166,6500
18,8600	-69,996	166,6550
18,8628	-69,998	166,6600
18,8690	-70,000	166,6650
18,8637	-70,002	166,6700
18,8647	-70,004	166,6750
18,8774	-70,007	166,6800
18,8738	-70,009	166,6850
18,8645	-70,011	166,6900
18,8696	-70,013	166,6950
18,8750	-70,015	166,7000
18,8729	-70,017	166,7050
18,8697	-70,019	166,7100
18,8674	-70,021	166,7150
18,8683	-70,023	166,7200
18,8758	-70,025	166,7250
18,8783	-70,028	166,7300
18,8752	-70,030	166,7350
18,8736	-70,032	166,7400
18,8830	-70,034	166,7450
18,8796	-70,036	166,7500
18,8788	-70,038	166,7550
18,8836	-70,040	166,7600
18,8831	-70,042	166,7650
18,8806	-70,044	166,7700
18,8815	-70,046	166,7750
18,8790	-70,049	166,7800
18,8820	-70,051	166,7850
18,8912	-70,053	166,7900
18,8873	-70,055	166,7950
18,8831	-70,057	166,8000
18,8882	-70,059	166,8050
18,8872	-70,061	166,8100
18,8800	-70,063	166,8150
18,8832	-70,065	166,8200
18,8890	-70,067	166,8250
18,8918	-70,070	166,8300
18,8848	-70,072	166,8350
18,8838	-70,074	166,8400
18,8774	-70,076	166,8450
18,8827	-70,078	166,8500
18,8919	-70,080	166,8550
18,8957	-70,082	166,8600
18,8957	-70,084	166,8650
18,9028	-70,086	166,8700
18,8959	-70,088	166,8750
18,8996	-70,091	166,8800
18,9073	-70,093	166,8850
18,8999	-70,095	166,8900
18,8935	-70,097	166,8950
18,9000	-70,099	166,9000
18,9029	-70,101	166,9050
18,8963	-70,103	166,9100
18,8985	-70,105	166,9150
18,9006	-70,107	166,9200
18,8970	-70,109	166,9250
18,8907	-70,112	166,9300
18,9021	-70,114	166,9350
18,9041	-70,116	166,9400
18,9030	-70,118	166,9450
18,9041	-70,120	166,9500
18,8975	-70,122	166,9550
18,9005	-70,124	166,9600
18,9151	-70,126	166,9650
18,9117	-70,128	166,9700
18,9072	-70,130	166,9750
18,9112	-70,133	166,9800
18,9134	-70,135	166,9850
18,9101	-70,137	166,9900
18,9199	-70,139	166,9950
18,9213	-70,141	167,0000
18,9084	-70,143	167,0050
18,9122	-70,145	167,0100
18,9121	-70,147	167,0150
18,9060	-70,149	167,0200
18,9103	-70,151	167,0250
18,9255	-70,154	167,0300
18,9214	-70,156	167,0350
18,9182	-70,158	167,0400
18,9225	-70,160	167,0450
18,9161	-70,162	167,0500
18,9114	-70,164	167,0550
18,9296	-70,166	167,0600
18,9333	-70,168	167,0650
18,9176	-70,170	167,0700
18,9222	-70,172	167,0750
18,9305	-70,175	167,0800
18,9271	-70,177	167,0850
18,9325	-70,179	167,0900
18,9310	-70,181	167,0950
18,9181	-70,183	167,1000
18,9199	-70,185	167,1050
18,9251	-70,187	167,1100
18,9336	-70,189	167,1150
18,9383	-70,191	167,1200
18,9456	-70,193	167,1250
18,9393	-70,196	167,1300
18,9307	-70,198	167,1350
18,9380	-70,200	167,1400
18,9392	-70,202	167,1450
18,9315	-70,204	167,1500
18,9399	-70,206	167,1550
18,9373	-70,208	167,1600
18,9292	-70,210	167,1650
18,9282	-70,212	167,1700
18,9323	-70,214	167,1750
18,9380	-70,217	167,1800
18,9433	-70,219	167,1850
18,9412	-70,221	167,1900
18,9355	-70,223	167,1950
18,9463	-70,225	167,2000
18,9462	-70,227	167,2050
18,9357	-70,229	167,2100
18,9331	-70,231	167,2150
18,9385	-70,233	167,2200
18,9407	-70,235	167,2250
18,9380	-70,238	167,2300
18,9469	-70,240	167,2350
18,9472	-70,242	167,2400
18,9465	-70,244	167,2450
18,9562	-70,246	167,2500
18,9579	-70,248	167,2550
18,9483	-70,250	167,2600
18,9443	-70,252	167,2650
18,9479	-70,254	167,2700
18,9427	-70,256	167,2750
18,9500	-70,259	167,2800
18,9611	-70,261	167,2850
18,9528	-70,263	167,2900
18,9529	-70,265	167,2950
18,9549	-70,267	167,3000
18,9537	-70,269	167,3050
18,9588	-70,271	167,3100
18,9707	-70,273	167,3150
18,9651	-70,275	167,3200
18,9523	-70,277	167,3250
18,9545	-70,280	167,3300
18,9538	-70,282	167,3350
18,9548	-70,284	167,3400
18,9638	-70,286	167,3450
18,9677	-70,288	167,3500
18,9649	-70,290	167,3550
18,9669	-70,292	167,3600
18,9678	-70,294	167,3650
18,9591	-70,296	167,3700
18,9604	-70,298	167,3750
18,9718	-70,301	167,3800
18,9630	-70,303	167,3850
18,9598	-70,305	167,3900
18,9683	-70,307	167,3950
18,9709	-70,309	167,4000
18,9599	-70,311	167,4050
18,9666	-70,313	167,4100
18,9666	-70,315	167,4150
18,9654	-70,317	167,4200
18,9774	-70,319	167,4250
18,9813	-70,322	167,4300
18,9719	-70,324	167,4350
18,9822	-70,326	167,4400
18,9843	-70,328	167,4450
18,9753	-70,330	167,4500
18,9778	-70,332	167,4550
18,9795	-70,334	167,4600
18,9755	-70,336	167,4650
18,9830	-70,338	167,4700
18,9934	-70,340	167,4750
18,9885	-70,343	167,4800
18,9868	-70,345	167,4850
18,9853	-70,347	167,4900
18,9798	-70,349	167,4950
18,9751	-70,351	167,5000
18,9844	-70,353	167,5050
18,9875	-70,355	167,5100
18,9877	-70,357	167,5150
18,9928	-70,359	167,5200
18,9886	-70,361	167,5250
18,9748	-70,364	167,5300
18,9844	-70,366	167,5350
18,9943	-70,368	167,5400
18,9912	-70,370	167,5450
18,9942	-70,372	167,5500
18,9983	-70,374	167,5550
18,9863	-70,376	167,5600
18,9862	-70,378	167,5650
18,9927	-70,380	167,5700
18,9863	-70,382	167,5750
18,9870	-70,385	167,5800
18,9920	-70,387	167,5850
18,9935	-70,389	167,5900
18,9933	-70,391	167,5950
19,0014	-70,393	167,6000
19,0005	-70,395	167,6050
18,9945	-70,397	167,6100
19,0006	-70,399	167,6150
19,0062	-70,401	167,6200
19,0005	-70,403	167,6250
19,0003	-70,406	167,6300
18,9926	-70,408	167,6350
18,9845	-70,410	167,6400
18,9881	-70,412	167,6450
19,0000	-70,414	167,6500
19,0029	-70,416	167,6550
19,0121	-70,418	167,6600
19,0151	-70,420	167,6650
19,0045	-70,422	167,6700
19,0000	-70,424	167,6750
19,0079	-70,427	167,6800
19,0058	-70,429	167,6850
19,0037	-70,431	167,6900
19,0173	-70,433	167,6950
19,0142	-70,435	167,7000
19,0080	-70,437	167,7050
19,0175	-70,439	167,7100
19,0196	-70,441	167,7150
19,0089	-70,443	167,7200
19,0142	-70,445	167,7250
19,0172	-70,448	167,7300
19,0093	-70,450	167,7350
19,0117	-70,452	167,7400
19,0164	-70,454	167,7450
19,0166	-70,456	167,7500
19,0227	-70,458	167,7550
19,0242	-70,460	167,7600
19,0168	-70,462	167,7650
19,0158	-70,464	167,7700
19,0232	-70,466	167,7750
19,0234	-70,469	167,7800
19,0206	-70,471	167,7850
19,0271	-70,473	167,7900
19,0228	-70,475	167,7950
19,0128	-70,477	167,8000
19,0237	-70,479	167,8050
19,0335	-70,481	167,8100
19,0308	-70,483	167,8150
19,0278	-70,485	167,8200
19,0290	-70,487	167,8250
19,0228	-70,490	167,8300
19,0213	-70,492	167,8350
19,0296	-70,494	167,8400
19,0247	-70,496	167,8450
19,0350	-70,498	167,8500
19,0353	-70,500	167,8550
19,0200	-70,502	167,8600
19,0145	-70,504	167,8650
19,0271	-70,506	167,8700
19,0272	-70,508	167,8750
19,0269	-70,511	167,8800
19,0319	-70,513	167,8850
19,0317	-70,515	167,8900
19,0271	-70,517	167,8950
19,0348	-70,519	167,9000
19,0407	-70,521	167,9050
19,0336	-70,523	167,9100
19,0370	-70,525	167,9150
19,0375	-70,527	167,9200
19,0374	-70,529	167,9250
19,0430	-70,532	167,9300
19,0543	-70,534	167,9350
19,0463	-70,536	167,9400
19,0461	-70,538	167,9450
19,0491	-70,540	167,9500
19,0386	-70,542	167,9550
19,0354	-70,544	167,9600
19,0421	-70,546	167,9650
19,0449	-70,548	167,9700
19,0434	-70,550	167,9750
19,0502	-70,553	167,9800
19,0533	-70,555	167,9850
19,0518	-70,557	167,9900
19,0509	-70,559	167,9950
19,0530	-70,561	168,0000
19,0517	-70,563	168,0050
19,0628	-70,565	168,0100
19,0714	-70,567	168,0150
19,0617	-70,569	168,0200
19,0561	-70,571	168,0250
19,0612	-70,574	168,0300
19,0548	-70,576	168,0350
19,0514	-70,578	168,0400
19,0554	-70,580	168,0450
19,0512	-70,582	168,0500
19,0489	-70,584	168,0550
19,0592	-70,586	168,0600
19,0619	-70,588	168,0650
19,0603	-70,590	168,0700
19,0662	-70,592	168,0750
19,0676	-70,595	168,0800
19,0647	-70,597	168,0850
19,0694	-70,599	168,0900
19,0739	-70,601	168,0950
19,0724	-70,603	168,1000
19,0769	-70,605	168,1050
19,0771	-70,607	168,1100
19,0665	-70,609	168,1150
19,0576	-70,611	168,1200
19,0640	-70,613	168,1250
19,0643	-70,616	168,1300
19,0686	-70,618	168,1350
19,0831	-70,620	168,1400
19,0769	-70,622	168,1450
19,0741	-70,624	168,1500
19,0780	-70,626	168,1550
19,0760	-70,628	168,1600
19,0759	-70,630	168,1650
19,0827	-70,632	168,1700
19,0797	-70,634	168,1750
19,0659	-70,637	168,1800
19,0710	-70,639	168,1850
19,0763	-70,641	168,1900
19,0633	-70,643	168,1950
19,0696	-70,645	168,2000
19,0802	-70,647	168,2050
19,0778	-70,649	168,2100
19,0806	-70,651	168,2150
19,0864	-70,653	168,2200
19,0848	-70,655	168,2250
19,0887	-70,658	168,2300
19,0865	-70,660	168,2350
19,0859	-70,662	168,2400
19,0863	-70,664	168,2450
19,0874	-70,666	168,2500
19,0830	-70,668	168,2550
19,0813	-70,670	168,2600
19,0957	-70,672	168,2650
19,1067	-70,674	168,2700
19,0978	-70,676	168,2750
19,0944	-70,679	168,2800
19,0932	-70,681	168,2850
19,0871	-70,683	168,2900
19,0871	-70,685	168,2950
19,0927	-70,687	168,3000
19,0889	-70,689	168,3050
19,0862	-70,691	168,3100
19,0931	-70,693	168,3150
19,0977	-70,695	168,3200
19,0993	-70,697	168,3250
19,1006	-70,700	168,3300
19,0983	-70,702	168,3350
19,0914	-70,704	168,3400
19,1009	-70,706	168,3450
19,1074	-70,708	168,3500
19,1001	-70,710	168,3550
19,1025	-70,712	168,3600
19,1089	-70,714	168,3650
19,0946	-70,716	168,3700
19,1054	-70,718	168,3750
19,1152	-70,721	168,3800
19,1086	-70,723	168,3850
19,1102	-70,725	168,3900
19,1110	-70,727	168,3950
19,1100	-70,729	168,4000
19,1062	-70,731	168,4050
19,1165	-70,733	168,4100
19,1101	-70,735	168,4150
19,1038	-70,737	168,4200
19,1149	-70,739	168,4250
19,1078	-70,742	168,4300
19,1042	-70,744	168,4350
19,1171	-70,746	168,4400
19,1142	-70,748	168,4450
19,1092	-70,750	168,4500
19,1157	-70,752	168,4550
19,1166	-70,754	168,4600
19,1071	-70,756	168,4650
19,1133	-70,758	168,4700
19,1163	-70,760	168,4750
19,1123	-70,763	168,4800
19,1206	-70,765	168,4850
19,1291	-70,767	168,4900
19,1228	-70,769	168,4950
19,1119	-70,771	168,5000
19,1186	-70,773	168,5050
19,1146	-70,775	168,5100
19,1101	-70,777	168,5150
19,1219	-70,779	168,5200
19,1251	-70,781	168,5250
19,1245	-70,784	168,5300
19,1324	-70,786	168,5350
19,1371	-70,788	168,5400
19,1371	-70,790	168,5450
19,1333	-70,792	168,5500
19,1360	-70,794	168,5550
19,1319	-70,796	168,5600
19,1352	-70,798	168,5650
19,1429	-70,800	168,5700
19,1346	-70,802	168,5750
19,1321	-70,805	168,5800
19,1403	-70,807	168,5850
19,1373	-70,809	168,5900
19,1276	-70,811	168,5950
19,1329	-70,813	168,6000
19,1339	-70,815	168,6050
19,1318	-70,817	168,6100
19,1377	-70,819	168,6150
19,1385	-70,821	168,6200
19,1331	-70,823	168,6250
19,1347	-70,826	168,6300
19,1365	-70,828	168,6350
19,1388	-70,830	168,6400
19,1447	-70,832	168,6450
19,1533	-70,834	168,6500
19,1478	-70,836	168,6550
19,1464	-70,838	168,6600
19,1468	-70,840	168,6650
19,1405	-70,842	168,6700
19,1403	-70,844	168,6750
19,1482	-70,847	168,6800
19,1470	-70,849	168,6850
19,1481	-70,851	168,6900
19,1525	-70,853	168,6950
19,1511	-70,855	168,7000
19,1469	-70,857	168,7050
19,1535	-70,859	168,7100
19,1565	-70,861	168,7150
19,1428	-70,863	168,7200
19,1426	-70,865	168,7250
19,1458	-70,868	168,7300
19,1491	-70,870	168,7350
19,1533	-70,872	168,7400
19,1594	-70,874	168,7450
19,1571	-70,876	168,7500
19,1635	-70,878	168,7550
19,1681	-70,880	168,7600
19,1580	-70,882	168,7650
19,1584	-70,884	168,7700
19,1646	-70,886	168,7750
19,1636	-70,889	168,7800
19,1620	-70,891	168,7850
19,1665	-70,893	168,7900
19,1622	-70,895	168,7950
19,1544	-70,897	168,8000
19,1588	-70,899	168,8050
19,1609	-70,901	168,8100
19,1549	-70,903	168,8150
19,1616	-70,905	168,8200
19,1683	-70,907	168,8250
19,1611	-70,910	168,8300
19,1617	-70,912	168,8350
19,1761	-70,914	168,8400
19,1636	-70,916	168,8450
19,1553	-70,918	168,8500
19,1565	-70,920	168,8550
19,1591	-70,922	168,8600
19,1678	-70,924	168,8650
19,1802	-70,926	168,8700
19,1762	-70,928	168,8750
19,1653	-70,931	168,8800
19,1681	-70,933	168,8850
19,1768	-70,935	168,8900
19,1681	-70,937	168,8950
19,1702	-70,939	168,9000
19,1727	-70,941	168,9050
19,1673	-70,943	168,9100
19,1767	-70,945	168,9150
19,1806	-70,947	168,9200
19,1824	-70,949	168,9250
19,1823	-70,952	168,9300
19,1841	-70,954	168,9350
19,1748	-70,956	168,9400
19,1777	-70,958	168,9450
19,1850	-70,960	168,9500
19,1808	-70,962	168,9550
19,1808	-70,964	168,9600
19,1907	-70,966	168,9650
19,1875	-70,968	168,9700
19,1783	-70,970	168,9750
19,1830	-70,973	168,9800
19,1887	-70,975	168,9850
19,1806	-70,977	168,9900
19,1901	-70,979	168,9950
19,1957	-70,981	169,0000
19,1855	-70,983	169,0050
19,1910	-70,985	169,0100
19,1935	-70,987	169,0150
19,1900	-70,989	169,0200
19,1893	-70,991	169,0250
19,1956	-70,994	169,0300
19,1927	-70,996	169,0350
19,1920	-70,998	169,0400
19,1994	-71,000	169,0450
19,1966	-71,002	169,0500
19,1884	-71,004	169,0550
19,2023	-71,006	169,0600
19,2060	-71,008	169,0650
19,2027	-71,010	169,0700
19,2019	-71,012	169,0750
19,1990	-71,015	169,0800
19,1984	-71,017	169,0850
19,2056	-71,019	169,0900
19,2071	-71,021	169,0950
19,2025	-71,023	169,1000
19,2047	-71,025	169,1050
19,2051	-71,027	169,1100
19,1963	-71,029	169,1150
19,1942	-71,031	169,1200
19,2108	-71,033	169,1250
19,2187	-71,036	169,1300
19,2144	-71,038	169,1350
19,2189	-71,040	169,1400
19,2114	-71,042	169,1450
19,2064	-71,044	169,1500
19,2163	-71,046	169,1550
19,2135	-71,048	169,1600
19,2097	-71,050	169,1650
19,2129	-71,052	169,1700
19,2145	-71,054	169,1750
19,2166	-71,057	169,1800
19,2203	-71,059	169,1850
19,2245	-71,061	169,1900
19,2140	-71,063	169,1950
19,2125	-71,065	169,2000
19,2219	-71,067	169,2050
19,2235	-71,069	169,2100
19,2153	-71,071	169,2150
19,2310	-71,073	169,2200
19,2239	-71,075	169,2250
19,2161	-71,078	169,2300
19,2250	-71,080	169,2350
19,2276	-71,082	169,2400
19,2274	-71,084	169,2450
19,2275	-71,086	169,2500
19,2191	-71,088	169,2550
19,2209	-71,090	169,2600
19,2328	-71,092	169,2650
19,2347	-71,094	169,2700
19,2263	-71,096	169,2750
19,2242	-71,099	169,2800
19,2267	-71,101	169,2850
19,2254	-71,103	169,2900
19,2323	-71,105	169,2950
19,2385	-71,107	169,3000
19,2363	-71,109	169,3050
19,2311	-71,111	169,3100
19,2365	-71,113	169,3150
19,2371	-71,115	169,3200
19,2384	-71,117	169,3250
19,2436	-71,120	169,3300
19,2421	-71,122	169,3350
19,2348	-71,124	169,3400
19,2373	-71,126	169,3450
19,2366	-71,128	169,3500
19,2297	-71,130	169,3550
19,2323	-71,132	169,3600
19,2447	-71,134	169,3650
19,2363	-71,136	169,3700
19,2365	-71,138	169,3750
19,2464	-71,141	169,3800
19,2396	-71,143	169,3850
19,2366	-71,145	169,3900
19,2368	-71,147	169,3950
19,2334	-71,149	169,4000
19,2380	-71,151	169,4050
19,2510	-71,153	169,4100
19,2475	-71,155	169,4150
19,2454	-71,157	169,4200
19,2459	-71,159	169,4250
19,2448	-71,162	169,4300
19,2434	-71,164	169,4350
19,2557	-71,166	169,4400
19,2555	-71,168	169,4450
19,2460	-71,170	169,4500
19,2479	-71,172	169,4550
19,2529	-71,174	169,4600
19,2483	-71,176	169,4650
19,2474	-71,178	169,4700
19,2470	-71,180	169,4750
19,2467	-71,183	169,4800
19,2549	-71,185	169,4850
19,2613	-71,187	169,4900
19,2612	-71,189	169,4950
19,2605	-71,191	169,5000
19,2698	-71,193	169,5050
19,2620	-71,195	169,5100
19,2579	-71,197	169,5150
19,2599	-71,199	169,5200
19,2527	-71,201	169,5250
19,2464	-71,204	169,5300
19,2601	-71,206	169,5350
19,2633	-71,208	169,5400
19,2488	-71,210	169,5450
19,2539	-71,212	169,5500
19,2592	-71,214	169,5550
19,2527	-71,216	169,5600
19,2594	-71,218	169,5650
19,2706	-71,220	169,5700
19,2677	-71,222	169,5750
19,2646	-71,225	169,5800
19,2687	-71,227	169,5850
19,2677	-71,229	169,5900
19,2601	-71,231	169,5950
19,2693	-71,233	169,6000
19,2773	-71,235	169,6050
19,2779	-71,237	169,6100
19,2830	-71,239	169,6150
19,2738	-71,241	169,6200
19,2664	-71,243	169,6250
19,2780	-71,246	169,6300
19,2770	-71,248	169,6350
19,2720	-71,250	169,6400
19,2766	-71,252	169,6450
19,2833	-71,254	169,6500
19,2779	-71,256	169,6550
19,2824	-71,258	169,6600
19,2848	-71,260	169,6650
19,2780	-71,262	169,6700
19,2780	-71,264	169,6750
19,2833	-71,267	169,6800
19,2770	-71,269	169,6850
19,2806	-71,271	169,6900
19,2880	-71,273	169,6950
19,2851	-71,275	169,7000
19,2766	-71,277	169,7050
19,2879	-71,279	169,7100
19,2957	-71,281	169,7150
19,2923	-71,283	169,7200
19,2929	-71,285	169,7250
19,2910	-71,288	169,7300
19,2895	-71,290	169,7350
19,2895	-71,292	169,7400
19,2960	-71,294	169,7450
19,2948	-71,296	169,7500
19,2914	-71,298	169,7550
19,2929	-71,300	169,7600
19,2894	-71,302	169,7650
19,2905	-71,304	169,7700
19,2989	-71,306	169,7750
19,2956	-71,309	169,7800
19,2942	-71,311	169,7850
19,3028	-71,313	169,7900
19,2991	-71,315	169,7950
19,2897	-71,317	169,8000
19,3005	-71,319	169,8050
19,3071	-71,321	169,8100
19,3049	-71,323	169,8150
19,3133	-71,325	169,8200
19,3145	-71,327	169,8250
19,3039	-71,330	169,8300
19,2994	-71,332	169,8350
19,3064	-71,334	169,8400
19,2983	-71,336	169,8450
19,3011	-71,338	169,8500
19,3084	-71,340	169,8550
19,3037	-71,342	169,8600
19,3047	-71,344	169,8650
19,3075	-71,346	169,8700
19,3092	-71,348	169,8750
19,3084	-71,351	169,8800
19,3121	-71,353	169,8850
19,3095	-71,355	169,8900
19,3085	-71,357	169,8950
19,3164	-71,359	169,9000
19,3156	-71,361	169,9050
19,3003	-71,363	169,9100
19,3067	-71,365	169,9150
19,3125	-71,367	169,9200
19,3107	-71,369	169,9250
19,3192	-71,372	169,9300
19,3258	-71,374	169,9350
19,3171	-71,376	169,9400
19,3123	-71,378	169,9450
19,3139	-71,380	169,9500
19,3093	-71,382	169,9550
19,3038	-71,384	169,9600
19,3207	-71,386	169,9650
19,3256	-71,388	169,9700
19,3219	-71,390	169,9750
19,3269	-71,393	169,9800
19,3305	-71,395	169,9850
19,3244	-71,397	169,9900
19,3244	-71,399	169,9950
19,3296	-71,401	170,0000
19,3254	-71,403	170,0050
19,3298	-71,405	170,0100
19,3249	-71,407	170,0150
19,3216	-71,409	170,0200
19,3302	-71,411	170,0250
19,3389	-71,414	170,0300
19,3335	-71,416	170,0350
19,3345	-71,418	170,0400
19,3445	-71,420	170,0450
19,3339	-71,422	170,0500
19,3246	-71,424	170,0550
19,3401	-71,426	170,0600
19,3425	-71,428	170,0650
19,3401	-71,430	170,0700
19,3430	-71,432	170,0750
19,3400	-71,435	170,0800
19,3326	-71,437	170,0850
19,3410	-71,439	170,0900
19,3434	-71,441	170,0950
19,3427	-71,443	170,1000
19,3498	-71,445	170,1050
19,3541	-71,447	170,1100
19,3522	-71,449	170,1150
19,3421	-71,451	170,1200
19,3502	-71,453	170,1250
19,3486	-71,456	170,1300
19,3446	-71,458	170,1350
19,3495	-71,460	170,1400
19,3516	-71,462	170,1450
19,3472	-71,464	170,1500
19,3472	-71,466	170,1550
19,3409	-71,468	170,1600
19,3394	-71,470	170,1650
19,3480	-71,472	170,1700
19,3520	-71,474	170,1750
19,3419	-71,477	170,1800
19,3492	-71,479	170,1850
19,3593	-71,481	170,1900
19,3505	-71,483	170,1950
19,3564	-71,485	170,2000
19,3551	-71,487	170,2050
19,3548	-71,489	170,2100
19,3512	-71,491	170,2150
19,3528	-71,493	170,2200
19,3500	-71,495	170,2250
19,3525	-71,498	170,2300
19,3621	-71,500	170,2350
19,3615	-71,502	170,2400
19,3564	-71,504	170,2450
19,3665	-71,506	170,2500
19,3669	-71,508	170,2550
19,3546	-71,510	170,2600
19,3549	-71,512	170,2650
19,3617	-71,514	170,2700
19,3560	-71,516	170,2750
19,3611	-71,519	170,2800
19,3646	-71,521	170,2850
19,3647	-71,523	170,2900
19,3634	-71,525	170,2950
19,3643	-71,527	170,3000
19,3603	-71,529	170,3050
19,3580	-71,531	170,3100
19,3638	-71,533	170,3150
19,3652	-71,535	170,3200
19,3612	-71,537	170,3250
19,3722	-71,540	170,3300
19,3791	-71,542	170,3350
19,3690	-71,544	170,3400
19,3739	-71,546	170,3450
19,3768	-71,548	170,3500
19,3766	-71,550	170,3550
19,3773	-71,552	170,3600
19,3786	-71,554	170,3650
19,3729	-71,556	170,3700
19,3740	-71,558	170,3750
19,3820	-71,561	170,3800
19,3792	-71,563	170,3850
19,3814	-71,565	170,3900
19,3908	-71,567	170,3950
19,3884	-71,569	170,4000
19,3775	-71,571	170,4050
19,3836	-71,573	170,4100
19,3836	-71,575	170,4150
19,3836	-71,577	170,4200
19,3854	-71,579	170,4250
19,3789	-71,582	170,4300
19,3739	-71,584	170,4350
19,3877	-71,586	170,4400
19,3942	-71,588	170,4450
19,3997	-71,590	170,4500
19,3930	-71,592	170,4550
19,3946	-71,594	170,4600
19,3852	-71,596	170,4650
19,3887	-71,598	170,4700
19,3873	-71,600	170,4750
19,3805	-71,603	170,4800
19,3878	-71,605	170,4850
19,3978	-71,607	170,4900
19,3865	-71,609	170,4950
19,3835	-71,611	170,5000
19,4011	-71,613	170,5050
19,4050	-71,615	170,5100
19,3946	-71,617	170,5150
19,3979	-71,619	170,5200
19,4019	-71,621	170,5250
19,3983	-71,624	170,5300
19,4036	-71,626	170,5350
19,4041	-71,628	170,5400
19,4047	-71,630	170,5450
19,4087	-71,632	170,5500
19,4081	-71,634	170,5550
19,3992	-71,636	170,5600
19,4016	-71,638	170,5650
19,4058	-71,640	170,5700
19,4041	-71,642	170,5750
19,4077	-71,645	170,5800
19,4081	-71,647	170,5850
19,4088	-71,649	170,5900
19,4090	-71,651	170,5950
19,4128	-71,653	170,6000
19,4137	-71,655	170,6050
19,4114	-71,657	170,6100
19,4153	-71,659	170,6150
19,4082	-71,661	170,6200
19,4032	-71,663	170,6250
19,4151	-71,666	170,6300
19,4224	-71,668	170,6350
19,4204	-71,670	170,6400
19,4196	-71,672	170,6450
19,4192	-71,674	170,6500
19,4100	-71,676	170,6550
19,4105	-71,678	170,6600
19,4119	-71,680	170,6650
19,4131	-71,682	170,6700
19,4189	-71,684	170,6750
19,4185	-71,687	170,6800
19,4169	-71,689	170,6850
19,4166	-71,691	170,6900
19,4275	-71,693	170,6950
19,4270	-71,695	170,7000
19,4219	-71,697	170,7050
19,4264	-71,699	170,7100
19,4310	-71,701	170,7150
19,4247	-71,703	170,7200
19,4297	-71,705	170,7250
19,4276	-71,708	170,7300
19,4242	-71,710	170,7350
19,4262	-71,712	170,7400
19,4284	-71,714	170,7450
19,4214	-71,716	170,7500
19,4291	-71,718	170,7550
19,4374	-71,720	170,7600
19,4284	-71,722	170,7650
19,4294	-71,724	170,7700
19,4392	-71,726	170,7750
19,4355	-71,729	170,7800
19,4309	-71,731	170,7850
19,4362	-71,733	170,7900
19,4393	-71,735	170,7950
19,4428	-71,737	170,8000
19,4491	-71,739	170,8050
19,4475	-71,741	170,8100
19,4394	-71,743	170,8150
19,4394	-71,745	170,8200
19,4378	-71,747	170,8250
19,4389	-71,750	170,8300
19,4442	-71,752	170,8350
19,4460	-71,754	170,8400
19,4395	-71,756	170,8450
19,4452	-71,758	170,8500
19,4538	-71,760	170,8550
19,4456	-71,762	170,8600
19,4416	-71,764	170,8650
19,4460	-71,766	170,8700
19,4462	-71,768	170,8750
19,4388	-71,771	170,8800
19,4458	-71,773	170,8850
19,4529	-71,775	170,8900
19,4507	-71,777	170,8950
19,4546	-71,779	170,9000
19,4583	-71,781	170,9050
19,4509	-71,783	170,9100
19,4501	-71,785	170,9150
19,4490	-71,787	170,9200
19,4498	-71,789	170,9250
19,4533	-71,792	170,9300
19,4612	-71,794	170,9350
19,4584	-71,796	170,9400
19,4585	-71,798	170,9450
19,4614	-71,800	170,9500
19,4609	-71,802	170,9550
19,4583	-71,804	170,9600
19,4670	-71,806	170,9650
19,4676	-71,808	170,9700
19,4585	-71,810	170,9750
19,4633	-71,813	170,9800
19,4665	-71,815	170,9850
19,4678	-71,817	170,9900
19,4682	-71,819	170,9950
19,4741	-71,821	171,0000
19,4718	-71,823	171,0050
19,4712	-71,825	171,0100
19,4770	-71,827	171,0150
19,4761	-71,829	171,0200
19,4712	-71,831	171,0250
19,4786	-71,834	171,0300
19,4719	-71,836	171,0350
19,4685	-71,838	171,0400
19,4787	-71,840	171,0450
19,4782	-71,842	171,0500
19,4762	-71,844	171,0550
19,4834	-71,846	171,0600
19,4793	-71,848	171,0650
19,4762	-71,850	171,0700
19,4729	-71,852	171,0750
19,4768	-71,855	171,0800
19,4742	-71,857	171,0850
19,4808	-71,859	171,0900
19,4808	-71,861	171,0950
19,4716	-71,863	171,1000
19,4758	-71,865	171,1050
19,4849	-71,867	171,1100
19,4830	-71,869	171,1150
19,4830	-71,871	171,1200
19,4886	-71,873	171,1250
19,4839	-71,876	171,1300
19,4808	-71,878	171,1350
19,4910	-71,880	171,1400
19,4880	-71,882	171,1450
19,4826	-71,884	171,1500
19,4904	-71,886	171,1550
19,4902	-71,888	171,1600
19,4874	-71,890	171,1650
19,4913	-71,892	171,1700
19,4981	-71,894	171,1750
19,4909	-71,897	171,1800
19,4919	-71,899	171,1850
19,4917	-71,901	171,1900
19,4827	-71,903	171,1950
19,4869	-71,905	171,2000
19,4961	-71,907	171,2050
19,4960	-71,909	171,2100
19,4886	-71,911	171,2150
19,4943	-71,913	171,2200
19,4868	-71,915	171,2250
19,4929	-71,918	171,2300
19,5057	-71,920	171,2350
19,5007	-71,922	171,2400
19,4962	-71,924	171,2450
19,5036	-71,926	171,2500
19,4968	-71,928	171,2550
19,4889	-71,930	171,2600
19,4974	-71,932	171,2650
19,5097	-71,934	171,2700
19,5017	-71,936	171,2750
19,4994	-71,939	171,2800
19,5020	-71,941	171,2850
19,4987	-71,943	171,2900
19,5046	-71,945	171,2950
19,5094	-71,947	171,3000
19,5084	-71,949	171,3050
19,5082	-71,951	171,3100
19,5166	-71,953	171,3150
19,5098	-71,955	171,3200
19,5037	-71,957	171,3250
19,5103	-71,960	171,3300
19,5052	-71,962	171,3350
19,5010	-71,964	171,3400
19,5085	-71,966	171,3450
19,5092	-71,968	171,3500
19,5083	-71,970	171,3550
19,5169	-71,972	171,3600
19,5254	-71,974	171,3650
19,5132	-71,976	171,3700
19,5134	-71,978	171,3750
19,5167	-71,981	171,3800
19,5165	-71,983	171,3850
19,5200	-71,985	171,3900
19,5229	-71,987	171,3950
19,5198	-71,989	171,4000
19,5138	-71,991	171,4050
19,5240	-71,993	171,4100
19,5242	-71,995	171,4150
19,5206	-71,997	171,4200
19,5242	-71,999	171,4250
19,5223	-72,002	171,4300
19,5204	-72,004	171,4350
19,5311	-72,006	171,4400
19,5342	-72,008	171,4450
19,5307	-72,010	171,4500
19,5264	-72,012	171,4550
19,5348	-72,014	171,4600
19,5357	-72,016	171,4650
19,5379	-72,018	171,4700
19,5400	-72,020	171,4750
19,5308	-72,023	171,4800
19,5294	-72,025	171,4850
19,5348	-72,027	171,4900
19,5315	-72,029	171,4950
19,5325	-72,031	171,5000
19,5446	-72,033	171,5050
19,5379	-72,035	171,5100
19,5318	-72,037	171,5150
19,5386	-72,039	171,5200
19,5376	-72,041	171,5250
19,5335	-72,044	171,5300
19,5406	-72,046	171,5350
19,5421	-72,048	171,5400
19,5370	-72,050	171,5450
19,5389	-72,052	171,5500
19,5435	-72,054	171,5550
19,5507	-72,056	171,5600
19,5557	-72,058	171,5650
19,5589	-72,060	171,5700
19,5461	-72,062	171,5750
19,5419	-72,065	171,5800
19,5492	-72,067	171,5850
19,5488	-72,069	171,5900
19,5422	-72,071	171,5950
19,5523	-72,073	171,6000
19,5540	-72,075	171,6050
19,5498	-72,077	171,6100
19,5543	-72,079	171,6150
19,5507	-72,081	171,6200
19,5504	-72,083	171,6250
19,5589	-72,086	171,6300
19,5602	-72,088	171,6350
19,5615	-72,090	171,6400
19,5614	-72,092	171,6450
19,5624	-72,094	171,6500
19,5590	-72,096	171,6550
19,5629	-72,098	171,6600
19,5635	-72,100	171,6650
19,5601	-72,102	171,6700
19,5626	-72,104	171,6750
19,5671	-72,107	171,6800
19,5637	-72,109	171,6850
19,5619	-72,111	171,6900
19,5730	-72,113	171,6950
19,5699	-72,115	171,7000
19,5625	-72,117	171,7050
19,5684	-72,119	171,7100
19,5641	-72,121	171,7150
19,5598	-72,123	171,7200
19,5607	-72,125	171,7250
19,5677	-72,128	171,7300
19,5630	-72,130	171,7350
19,5616	-72,132	171,7400
19,5722	-72,134	171,7450
19,5741	-72,136	171,7500
19,5782	-72,138	171,7550
19,5840	-72,140	171,7600
19,5787	-72,142	171,7650
19,5761	-72,144	171,7700
19,5761	-72,146	171,7750
19,5731	-72,149	171,7800
19,5722	-72,151	171,7850
19,5867	-72,153	171,7900
19,5818	-72,155	171,7950
19,5709	-72,157	171,8000
19,5781	-72,159	171,8050
19,5823	-72,161	171,8100
19,5721	-72,163	171,8150
19,5806	-72,165	171,8200
19,5867	-72,167	171,8250
19,5795	-72,170	171,8300
19,5752	-72,172	171,8350
19,5833	-72,174	171,8400
19,5827	-72,176	171,8450
19,5838	-72,178	171,8500
19,5900	-72,180	171,8550
19,5868	-72,182	171,8600
19,5880	-72,184	171,8650
19,5907	-72,186	171,8700
19,5842	-72,188	171,8750
19,5797	-72,191	171,8800
19,5959	-72,193	171,8850
19,5992	-72,195	171,8900
19,5879	-72,197	171,8950
19,5818	-72,199	171,9000
19,5884	-72,201	171,9050
19,5815	-72,203	171,9100
19,5897	-72,205	171,9150
19,5964	-72,207	171,9200
19,5872	-72,209	171,9250
19,5843	-72,212	171,9300
19,5909	-72,214	171,9350
19,5907	-72,216	171,9400
19,5964	-72,218	171,9450
19,6053	-72,220	171,9500
19,6024	-72,222	171,9550
19,5920	-72,224	171,9600
19,5985	-72,226	171,9650
19,6006	-72,228	171,9700
19,6008	-72,230	171,9750
19,6120	-72,233	171,9800
19,6094	-72,235	171,9850
19,5939	-72,237	171,9900
19,6037	-72,239	171,9950
19,6043	-72,241	172,0000
19,5982	-72,243	172,0050
19,6028	-72,245	172,0100
19,6119	-72,247	172,0150
19,6107	-72,249	172,0200
19,6090	-72,251	172,0250
19,6112	-72,254	172,0300
19,6054	-72,256	172,0350
19,6034	-72,258	172,0400
19,6151	-72,260	172,0450
19,6111	-72,262	172,0500
19,6029	-72,264	172,0550
19,6115	-72,266	172,0600
19,6112	-72,268	172,0650
19,6092	-72,270	172,0700
19,6154	-72,272	172,0750
19,6133	-72,275	172,0800
19,6081	-72,277	172,0850
19,6137	-72,279	172,0900
19,6154	-72,281	172,0950
19,6130	-72,283	172,1000
19,6171	-72,285	172,1050
19,6222	-72,287	172,1100
19,6205	-72,289	172,1150
19,6165	-72,291	172,1200
19,6235	-72,293	172,1250
19,6125	-72,296	172,1300
19,6126	-72,298	172,1350
19,6188	-72,300	172,1400
19,6196	-72,302	172,1450
19,6200	-72,304	172,1500
19,6308	-72,306	172,1550
19,6354	-72,308	172,1600
19,6369	-72,310	172,1650
19,6332	-72,312	172,1700
19,6257	-72,314	172,1750
19,6305	-72,317	172,1800
19,6487	-72,319	172,1850
19,6498	-72,321	172,1900
19,6356	-72,323	172,1950
19,6351	-72,325	172,2000
19,6377	-72,327	172,2050
19,6337	-72,329	172,2100
19,6335	-72,331	172,2150
19,6440	-72,333	172,2200
19,6445	-72,335	172,2250
19,6362	-72,338	172,2300
19,6406	-72,340	172,2350
19,6394	-72,342	172,2400
19,6315	-72,344	172,2450
19,6342	-72,346	172,2500
19,6419	-72,348	172,2550
19,6450	-72,350	172,2600
19,6465	-72,352	172,2650
19,6419	-72,354	172,2700
19,6316	-72,356	172,2750
19,6373	-72,359	172,2800
19,6442	-72,361	172,2850
19,6371	-72,363	172,2900
19,6426	-72,365	172,2950
19,6609	-72,367	172,3000
19,6559	-72,369	172,3050
19,6467	-72,371	172,3100
19,6540	-72,373	172,3150
19,6492	-72,375	172,3200
19,6477	-72,377	172,3250
19,6576	-72,380	172,3300
19,6566	-72,382	172,3350
19,6509	-72,384	172,3400
19,6554	-72,386	172,3450
19,6554	-72,388	172,3500
19,6549	-72,390	172,3550
19,6566	-72,392	172,3600
19,6603	-72,394	172,3650
19,6475	-72,396	172,3700
19,6496	-72,398	172,3750
19,6580	-72,401	172,3800
19,6546	-72,403	172,3850
19,6571	-72,405	172,3900
19,6704	-72,407	172,3950
19,6656	-72,409	172,4000
19,6596	-72,411	172,4050
19,6677	-72,413	172,4100
19,6628	-72,415	172,4150
19,6639	-72,417	172,4200
19,6726	-72,419	172,4250
19,6741	-72,422	172,4300
19,6659	-72,424	172,4350
19,6753	-72,426	172,4400
19,6808	-72,428	172,4450
19,6749	-72,430	172,4500
19,6757	-72,432	172,4550
19,6857	-72,434	172,4600
19,6797	-72,436	172,4650
19,6811	-72,438	172,4700
19,6807	-72,440	172,4750
19,6693	-72,443	172,4800
19,6708	-72,445	172,4850
19,6729	-72,447	172,4900
19,6723	-72,449	172,4950
19,6724	-72,451	172,5000
19,6732	-72,453	172,5050
19,6746	-72,455	172,5100
19,6780	-72,457	172,5150
19,6823	-72,459	172,5200
19,6800	-72,461	172,5250
19,6775	-72,464	172,5300
19,6853	-72,466	172,5350
19,6913	-72,468	172,5400
19,6852	-72,470	172,5450
19,6822	-72,472	172,5500
19,6932	-72,474	172,5550
19,6916	-72,476	172,5600
19,6857	-72,478	172,5650
19,6819	-72,480	172,5700
19,6780	-72,482	172,5750
19,6890	-72,485	172,5800
19,6922	-72,487	172,5850
19,6865	-72,489	172,5900
19,6860	-72,491	172,5950
19,6952	-72,493	172,6000
19,6921	-72,495	172,6050
19,6878	-72,497	172,6100
19,7038	-72,499	172,6150
19,7030	-72,501	172,6200
19,6928	-72,503	172,6250
19,6969	-72,506	172,6300
19,6977	-72,508	172,6350
19,6939	-72,510	172,6400
19,6999	-72,512	172,6450
19,7052	-72,514	172,6500
19,6921	-72,516	172,6550
19,6857	-72,518	172,6600
19,6915	-72,520	172,6650
19,6942	-72,522	172,6700
19,6959	-72,524	172,6750
19,7050	-72,527	172,6800
19,6998	-72,529	172,6850
19,6929	-72,531	172,6900
19,7117	-72,533	172,6950
19,7140	-72,535	172,7000
19,7077	-72,537	172,7050
19,7159	-72,539	172,7100
19,7126	-72,541	172,7150
19,6960	-72,543	172,7200
19,7011	-72,545	172,7250
19,7105	-72,548	172,7300
19,7120	-72,550	172,7350
19,7092	-72,552	172,7400
19,7168	-72,554	172,7450
19,7107	-72,556	172,7500
19,7113	-72,558	172,7550
19,7150	-72,560	172,7600
19,7082	-72,562	172,7650
19,7112	-72,564	172,7700
19,7240	-72,566	172,7750
19,7180	-72,569	172,7800
19,7125	-72,571	172,7850
19,7240	-72,573	172,7900
19,7226	-72,575	172,7950
19,7157	-72,577	172,8000
19,7192	-72,579	172,8050
19,7201	-72,581	172,8100
19,7083	-72,583	172,8150
19,7135	-72,585	172,8200
19,7218	-72,587	172,8250
19,7230	-72,590	172,8300
19,7202	-72,592	172,8350
19,7276	-72,594	172,8400
19,7248	-72,596	172,8450
19,7241	-72,598	172,8500
19,7278	-72,600	172,8550
19,7286	-72,602	172,8600
19,7322	-72,604	172,8650
19,7355	-72,606	172,8700
19,7295	-72,608	172,8750
19,7207	-72,611	172,8800
19,7269	-72,613	172,8850
19,7321	-72,615	172,8900
19,7300	-72,617	172,8950
19,7357	-72,619	172,9000
19,7327	-72,621	172,9050
19,7276	-72,623	172,9100
19,7325	-72,625	172,9150
19,7254	-72,627	172,9200
19,7251	-72,629	172,9250
19,7320	-72,632	172,9300
19,7406	-72,634	172,9350
19,7310	-72,636	172,9400
19,7291	-72,638	172,9450
19,7366	-72,640	172,9500
19,7421	-72,642	172,9550
19,7403	-72,644	172,9600
19,7450	-72,646	172,9650
19,7442	-72,648	172,9700
19,7332	-72,650	172,9750
19,7368	-72,653	172,9800
19,7447	-72,655	172,9850
19,7414	-72,657	172,9900
19,7448	-72,659	172,9950
19,7447	-72,661	173,0000
19,7391	-72,663	173,0050
19,7401	-72,665	173,0100
19,7423	-72,667	173,0150
19,7437	-72,669	173,0200
19,7544	-72,671	173,0250
19,7657	-72,674	173,0300
19,7596	-72,676	173,0350
19,7570	-72,678	173,0400
19,7581	-72,680	173,0450
19,7565	-72,682	173,0500
19,7555	-72,684	173,0550
19,7562	-72,686	173,0600
19,7534	-72,688	173,0650
19,7491	-72,690	173,0700
19,7525	-72,692	173,0750
19,7584	-72,695	173,0800
19,7608	-72,697	173,0850
19,7634	-72,699	173,0900
19,7578	-72,701	173,0950
19,7527	-72,703	173,1000
19,7591	-72,705	173,1050
19,7602	-72,707	173,1100
19,7578	-72,709	173,1150
19,7575	-72,711	173,1200
19,7588	-72,713	173,1250
19,7532	-72,716	173,1300
19,7517	-72,718	173,1350
19,7670	-72,720	173,1400
19,7706	-72,722	173,1450
19,7634	-72,724	173,1500
19,7654	-72,726	173,1550
19,7655	-72,728	173,1600
19,7641	-72,730	173,1650
19,7659	-72,732	173,1700
19,7690	-72,734	173,1750
19,7686	-72,737	173,1800
19,7761	-72,739	173,1850
19,7763	-72,741	173,1900
19,7670	-72,743	173,1950
19,7665	-72,745	173,2000
19,7725	-72,747	173,2050
19,7754	-72,749	173,2100
19,7743	-72,751	173,2150
19,7739	-72,753	173,2200
19,7699	-72,755	173,2250
19,7697	-72,758	173,2300
19,7740	-72,760	173,2350
19,7735	-72,762	173,2400
19,7801	-72,764	173,2450
19,7946	-72,766	173,2500
19,7964	-72,768	173,2550
19,7881	-72,770	173,2600
19,7874	-72,772	173,2650
19,7939	-72,774	173,2700
19,7862	-72,776	173,2750
19,7850	-72,779	173,2800
19,7849	-72,781	173,2850
19,7842	-72,783	173,2900
19,7869	-72,785	173,2950
19,7908	-72,787	173,3000
19,7891	-72,789	173,3050
19,7845	-72,791	173,3100
19,7969	-72,793	173,3150
19,7855	-72,795	173,3200
19,7873	-72,797	173,3250
19,7941	-72,800	173,3300
19,7894	-72,802	173,3350
19,7874	-72,804	173,3400
19,7964	-72,806	173,3450
19,8007	-72,808	173,3500
19,7918	-72,810	173,3550
19,7939	-72,812	173,3600
19,7986	-72,814	173,3650
19,7934	-72,816	173,3700
19,7952	-72,818	173,3750
19,8012	-72,821	173,3800
19,8036	-72,823	173,3850
19,8068	-72,825	173,3900
19,8055	-72,827	173,3950
19,8026	-72,829	173,4000
19,8013	-72,831	173,4050
19,8023	-72,833	173,4100
19,7869	-72,835	173,4150
19,7888	-72,837	173,4200
19,8042	-72,839	173,4250
19,8033	-72,842	173,4300
19,8028	-72,844	173,4350
19,8104	-72,846	173,4400
19,8077	-72,848	173,4450
19,8001	-72,850	173,4500
19,8043	-72,852	173,4550
19,8128	-72,854	173,4600
19,8070	-72,856	173,4650
19,8115	-72,858	173,4700
19,8198	-72,860	173,4750
19,8095	-72,863	173,4800
19,8114	-72,865	173,4850
19,8130	-72,867	173,4900
19,8111	-72,869	173,4950
19,8122	-72,871	173,5000
19,8219	-72,873	173,5050
19,8186	-72,875	173,5100
19,8122	-72,877	173,5150
19,8209	-72,879	173,5200
19,8226	-72,881	173,5250
19,8142	-72,884	173,5300
19,8244	-72,886	173,5350
19,8233	-72,888	173,5400
19,8186	-72,890	173,5450
19,8231	-72,892	173,5500
19,8280	-72,894	173,5550
19,8216	-72,896	173,5600
19,8239	-72,898	173,5650
19,8314	-72,900	173,5700
19,8257	-72,902	173,5750
19,8253	-72,905	173,5800
19,8268	-72,907	173,5850
19,8281	-72,909	173,5900
19,8286	-72,911	173,5950
19,8338	-72,913	173,6000
19,8221	-72,915	173,6050
19,8166	-72,917	173,6100
19,8278	-72,919	173,6150
19,8303	-72,921	173,6200
19,8251	-72,923	173,6250
19,8327	-72,926	173,6300
19,8379	-72,928	173,6350
19,8338	-72,930	173,6400
19,8287	-72,932	173,6450
19,8356	-72,934	173,6500
19,8337	-72,936	173,6550
19,8329	-72,938	173,6600
19,8415	-72,940	173,6650
19,8360	-72,942	173,6700
19,8383	-72,944	173,6750
19,8451	-72,947	173,6800
19,8395	-72,949	173,6850
19,8301	-72,951	173,6900
19,8374	-72,953	173,6950
19,8379	-72,955	173,7000
19,8375	-72,957	173,7050
19,8445	-72,959	173,7100
19,8446	-72,961	173,7150
19,8357	-72,963	173,7200
19,8470	-72,965	173,7250
19,8468	-72,968	173,7300
19,8464	-72,970	173,7350
19,8497	-72,972	173,7400
19,8516	-72,974	173,7450
19,8427	-72,976	173,7500
19,8443	-72,978	173,7550
19,8555	-72,980	173,7600
19,8443	-72,982	173,7650
19,8384	-72,984	173,7700
19,8476	-72,986	173,7750
19,8546	-72,989	173,7800
19,8575	-72,991	173,7850
19,8664	-72,993	173,7900
19,8577	-72,995	173,7950
19,8548	-72,997	173,8000
19,8641	-72,999	173,8050
19,8670	-73,001	173,8100
19,8626	-73,003	173,8150
19,8638	-73,005	173,8200
19,8602	-73,007	173,8250
19,8535	-73,010	173,8300
19,8619	-73,012	173,8350
19,8687	-73,014	173,8400
19,8517	-73,016	173,8450
19,8578	-73,018	173,8500
19,8635	-73,020	173,8550
19,8537	-73,022	173,8600
19,8544	-73,024	173,8650
19,8617	-73,026	173,8700
19,8592	-73,028	173,8750
19,8573	-73,031	173,8800
19,8700	-73,033	173,8850
19,8701	-73,035	173,8900
19,8627	-73,037	173,8950
19,8693	-73,039	173,9000
19,8666	-73,041	173,9050
19,8599	-73,043	173,9100
19,8720	-73,045	173,9150
19,8748	-73,047	173,9200
19,8669	-73,049	173,9250
19,8659	-73,052	173,9300
19,8766	-73,054	173,9350
19,8733	-73,056	173,9400
19,8716	-73,058	173,9450
19,8787	-73,060	173,9500
19,8723	-73,062	173,9550
19,8682	-73,064	173,9600
19,8769	-73,066	173,9650
19,8778	-73,068	173,9700
19,8726	-73,070	173,9750
19,8783	-73,073	173,9800
19,8762	-73,075	173,9850
19,8690	-73,077	173,9900
19,8833	-73,079	173,9950
19,8880	-73,081	174,0000
19,8768	-73,083	174,0050
19,8845	-73,085	174,0100
19,8901	-73,087	174,0150
19,8851	-73,089	174,0200
19,8864	-73,091	174,0250
19,8986	-73,094	174,0300
19,8915	-73,096	174,0350
19,8852	-73,098	174,0400
19,8878	-73,100	174,0450
19,8885	-73,102	174,0500
19,8826	-73,104	174,0550
19,8922	-73,106	174,0600
19,8953	-73,108	174,0650
19,8935	-73,110	174,0700
19,8997	-73,112	174,0750
19,8992	-73,115	174,0800
19,8887	-73,117	174,0850
19,8907	-73,119	174,0900
19,8930	-73,121	174,0950
19,8896	-73,123	174,1000
19,8962	-73,125	174,1050
19,8980	-73,127	174,1100
19,8927	-73,129	174,1150
19,8981	-73,131	174,1200
19,9039	-73,133	174,1250
19,8936	-73,136	174,1300
19,8878	-73,138	174,1350
19,8950	-73,140	174,1400
19,8988	-73,142	174,1450
19,9021	-73,144	174,1500
19,9105	-73,146	174,1550
19,9127	-73,148	174,1600
19,9118	-73,150	174,1650
19,9114	-73,152	174,1700
19,9075	-73,154	174,1750
19,9031	-73,157	174,1800
19,9035	-73,159	174,1850
19,9062	-73,161	174,1900
19,9017	-73,163	174,1950
19,9090	-73,165	174,2000
19,9176	-73,167	174,2050
19,9063	-73,169	174,2100
19,8970	-73,171	174,2150
19,9098	-73,173	174,2200
19,9135	-73,175	174,2250
19,9146	-73,178	174,2300
19,9217	-73,180	174,2350
19,9186	-73,182	174,2400
19,9203	-73,184	174,2450
19,9235	-73,186	174,2500
19,9189	-73,188	174,2550
19,9222	-73,190	174,2600
19,9294	-73,192	174,2650
19,9300	-73,194	174,2700
19,9251	-73,196	174,2750
19,9254	-73,199	174,2800
19,9205	-73,201	174,2850
19,9130	-73,203	174,2900
19,9219	-73,205	174,2950
19,9303	-73,207	174,3000
19,9287	-73,209	174,3050
19,9258	-73,211	174,3100
19,9349	-73,213	174,3150
19,9316	-73,215	174,3200
19,9267	-73,217	174,3250
19,9330	-73,220	174,3300
19,9309	-73,222	174,3350
19,9255	-73,224	174,3400
19,9350	-73,226	174,3450
19,9404	-73,228	174,3500
19,9340	-73,230	174,3550
19,9328	-73,232	174,3600
19,9372	-73,234	174,3650
19,9328	-73,236	174,3700
19,9369	-73,238	174,3750
19,9414	-73,241	174,3800
19,9279	-73,243	174,3850
19,9287	-73,245	174,3900
19,9400	-73,247	174,3950
19,9367	-73,249	174,4000
19,9353	-73,251	174,4050
19,9456	-73,253	174,4100
19,9454	-73,255	174,4150
19,9387	-73,257	174,4200
19,9459	-73,259	174,4250
19,9498	-73,262	174,4300
19,9404	-73,264	174,4350
19,9463	-73,266	174,4400
19,9468	-73,268	174,4450
19,9467	-73,270	174,4500
19,9529	-73,272	174,4550
19,9572	-73,274	174,4600
19,9509	-73,276	174,4650
19,9535	-73,278	174,4700
19,9564	-73,280	174,4750
19,9548	-73,283	174,4800
19,9541	-73,285	174,4850
19,9554	-73,287	174,4900
19,9538	-73,289	174,4950
19,9516	-73,291	174,5000
19,9552	-73,293	174,5050
19,9576	-73,295	174,5100
19,9508	-73,297	174,5150
19,9585	-73,299	174,5200
19,9645	-73,301	174,5250
19,9541	-73,304	174,5300
19,9536	-73,306	174,5350
19,9578	-73,308	174,5400
19,9583	-73,310	174,5450
19,9643	-73,312	174,5500
19,9688	-73,314	174,5550
19,9552	-73,316	174,5600
19,9570	-73,318	174,5650
19,9636	-73,320	174,5700
19,9581	-73,322	174,5750
19,9619	-73,325	174,5800
19,9719	-73,327	174,5850
19,9641	-73,329	174,5900
19,9573	-73,331	174,5950
19,9659	-73,333	174,6000
19,9677	-73,335	174,6050
19,9614	-73,337	174,6100
19,9746	-73,339	174,6150
19,9798	-73,341	174,6200
19,9710	-73,343	174,6250
19,9720	-73,346	174,6300
19,9740	-73,348	174,6350
19,9709	-73,350	174,6400
19,9746	-73,352	174,6450
19,9823	-73,354	174,6500
19,9709	-73,356	174,6550
19,9717	-73,358	174,6600
19,9850	-73,360	174,6650
19,9779	-73,362	174,6700
19,9768	-73,364	174,6750
19,9934	-73,367	174,6800
19,9985	-73,369	174,6850
19,9839	-73,371	174,6900
19,9822	-73,373	174,6950
19,9796	-73,375	174,7000
19,9744	-73,377	174,7050
19,9878	-73,379	174,7100
19,9906	-73,381	174,7150
19,9877	-73,383	174,7200
19,9972	-73,385	174,7250
19,9962	-73,388	174,7300
19,9929	-73,390	174,7350
19,9948	-73,392	174,7400
19,9981	-73,394	174,7450
19,9837	-73,396	174,7500
19,9836	-73,398	174,7550
19,9907	-73,400	174,7600
19,9912	-73,402	174,7650
19,9875	-73,404	174,7700
19,9913	-73,406	174,7750
19,9913	-73,409	174,7800
19,9839	-73,411	174,7850
19,9881	-73,413	174,7900
19,9915	-73,415	174,7950
19,9954	-73,417	174,8000
20,0018	-73,419	174,8050
20,0015	-73,421	174,8100
19,9924	-73,423	174,8150
20,0015	-73,425	174,8200
20,0077	-73,427	174,8250
20,0068	-73,430	174,8300
20,0066	-73,432	174,8350
20,0116	-73,434	174,8400
20,0087	-73,436	174,8450
20,0101	-73,438	174,8500
20,0068	-73,440	174,8550
20,0001	-73,442	174,8600
19,9913	-73,444	174,8650
20,0054	-73,446	174,8700
20,0117	-73,448	174,8750
20,0057	-73,451	174,8800
20,0057	-73,453	174,8850
20,0078	-73,455	174,8900
20,0088	-73,457	174,8950
20,0139	-73,459	174,9000
20,0145	-73,461	174,9050
20,0034	-73,463	174,9100
20,0143	-73,465	174,9150
20,0209	-73,467	174,9200
20,0187	-73,469	174,9250
20,0192	-73,472	174,9300
20,0290	-73,474	174,9350
20,0162	-73,476	174,9400
20,0104	-73,478	174,9450
20,0179	-73,480	174,9500
20,0209	-73,482	174,9550
20,0222	-73,484	174,9600
20,0364	-73,486	174,9650
20,0348	-73,488	174,9700
20,0300	-73,490	174,9750
20,0306	-73,493	174,9800
20,0279	-73,495	174,9850
20,0232	-73,497	174,9900
20,0338	-73,499	174,9950
20,0402	-73,501	175,0000
20,0257	-73,503	175,0050
20,0206	-73,505	175,0100
20,0275	-73,507	175,0150
20,0366	-73,509	175,0200
20,0306	-73,511	175,0250
20,0320	-73,514	175,0300
20,0282	-73,516	175,0350
20,0289	-73,518	175,0400
20,0335	-73,520	175,0450
20,0348	-73,522	175,0500
20,0346	-73,524	175,0550
20,0387	-73,526	175,0600
20,0353	-73,528	175,0650
20,0331	-73,530	175,0700
20,0363	-73,532	175,0750
20,0361	-73,535	175,0800
20,0295	-73,537	175,0850
20,0383	-73,539	175,0900
20,0495	-73,541	175,0950
20,0382	-73,543	175,1000
20,0370	-73,545	175,1050
20,0414	-73,547	175,1100
20,0464	-73,549	175,1150
20,0511	-73,551	175,1200
20,0571	-73,553	175,1250
20,0470	-73,556	175,1300
20,0425	-73,558	175,1350
20,0514	-73,560	175,1400
20,0496	-73,562	175,1450
20,0404	-73,564	175,1500
20,0433	-73,566	175,1550
20,0513	-73,568	175,1600
20,0490	-73,570	175,1650
20,0510	-73,572	175,1700
20,0600	-73,574	175,1750
20,0576	-73,577	175,1800
20,0600	-73,579	175,1850
20,0614	-73,581	175,1900
20,0513	-73,583	175,1950
20,0620	-73,585	175,2000
20,0674	-73,587	175,2050
20,0631	-73,589	175,2100
20,0554	-73,591	175,2150
20,0626	-73,593	175,2200
20,0509	-73,595	175,2250
20,0513	-73,598	175,2300
20,0589	-73,600	175,2350
20,0615	-73,602	175,2400
20,0604	-73,604	175,2450
20,0697	-73,606	175,2500
20,0709	-73,608	175,2550
20,0655	-73,610	175,2600
20,0632	-73,612	175,2650
20,0593	-73,614	175,2700
20,0500	-73,616	175,2750
20,0588	-73,619	175,2800
20,0700	-73,621	175,2850
20,0664	-73,623	175,2900
20,0668	-73,625	175,2950
20,0690	-73,627	175,3000
20,0625	-73,629	175,3050
20,0653	-73,631	175,3100
20,0780	-73,633	175,3150
20,0761	-73,635	175,3200
20,0734	-73,637	175,3250
20,0840	-73,640	175,3300
20,0810	-73,642	175,3350
20,0725	-73,644	175,3400
20,0783	-73,646	175,3450
20,0852	-73,648	175,3500
20,0796	-73,650	175,3550
20,0878	-73,652	175,3600
20,0861	-73,654	175,3650
20,0746	-73,656	175,3700
20,0826	-73,658	175,3750
20,0843	-73,661	175,3800
20,0676	-73,663	175,3850
20,0736	-73,665	175,3900
20,0863	-73,667	175,3950
20,0822	-73,669	175,4000
20,0789	-73,671	175,4050
20,0879	-73,673	175,4100
20,0821	-73,675	175,4150
20,0796	-73,677	175,4200
20,0921	-73,679	175,4250
20,0996	-73,682	175,4300
20,0927	-73,684	175,4350
20,0887	-73,686	175,4400
20,0859	-73,688	175,4450
20,0841	-73,690	175,4500
20,0917	-73,692	175,4550
20,0987	-73,694	175,4600
20,0934	-73,696	175,4650
20,1015	-73,698	175,4700
20,1068	-73,700	175,4750
20,0981	-73,703	175,4800
20,0990	-73,705	175,4850
20,0990	-73,707	175,4900
20,0979	-73,709	175,4950
20,0921	-73,711	175,5000
20,0983	-73,713	175,5050
20,0966	-73,715	175,5100
20,0945	-73,717	175,5150
20,1035	-73,719	175,5200
20,1107	-73,721	175,5250
20,1067	-73,724	175,5300
20,1139	-73,726	175,5350
20,1130	-73,728	175,5400
20,1016	-73,730	175,5450
20,1060	-73,732	175,5500
20,1117	-73,734	175,5550
20,1047	-73,736	175,5600
20,1062	-73,738	175,5650
20,1103	-73,740	175,5700
20,1030	-73,742	175,5750
20,1056	-73,745	175,5800
20,1110	-73,747	175,5850
20,1098	-73,749	175,5900
20,1063	-73,751	175,5950
20,1174	-73,753	175,6000
20,1200	-73,755	175,6050
20,1166	-73,757	175,6100
20,1225	-73,759	175,6150
20,1269	-73,761	175,6200
20,1137	-73,763	175,6250
20,1175	-73,766	175,6300
20,1284	-73,768	175,6350
20,1192	-73,770	175,6400
20,1165	-73,772	175,6450
20,1202	-73,774	175,6500
20,1131	-73,776	175,6550
20,1238	-73,778	175,6600
20,1348	-73,780	175,6650
20,1268	-73,782	175,6700
20,1184	-73,784	175,6750
20,1184	-73,787	175,6800
20,1241	-73,789	175,6850
20,1234	-73,791	175,6900
20,1303	-73,793	175,6950
20,1283	-73,795	175,7000
20,1286	-73,797	175,7050
20,1350	-73,799	175,7100
20,1325	-73,801	175,7150
20,1287	-73,803	175,7200
20,1379	-73,805	175,7250
20,1390	-73,808	175,7300
20,1312	-73,810	175,7350
20,1273	-73,812	175,7400
20,1381	-73,814	175,7450
20,1364	-73,816	175,7500
20,1335	-73,818	175,7550
20,1332	-73,820	175,7600
20,1302	-73,822	175,7650
20,1329	-73,824	175,7700
20,1374	-73,826	175,7750
20,1317	-73,829	175,7800
20,1380	-73,831	175,7850
20,1478	-73,833	175,7900
20,1452	-73,835	175,7950
20,1437	-73,837	175,8000
20,1533	-73,839	175,8050
20,1511	-73,841	175,8100
20,1501	-73,843	175,8150
20,1526	-73,845	175,8200
20,1563	-73,847	175,8250
20,1554	-73,850	175,8300
20,1455	-73,852	175,8350
20,1539	-73,854	175,8400
20,1565	-73,856	175,8450
20,1520	-73,858	175,8500
20,1541	-73,860	175,8550
20,1481	-73,862	175,8600
20,1396	-73,864	175,8650
20,1504	-73,866	175,8700
20,1562	-73,868	175,8750
20,1544	-73,871	175,8800
20,1581	-73,873	175,8850
20,1581	-73,875	175,8900
20,1528	-73,877	175,8950
20,1605	-73,879	175,9000
20,1560	-73,881	175,9050
20,1486	-73,883	175,9100
20,1539	-73,885	175,9150
20,1605	-73,887	175,9200
20,1564	-73,889	175,9250
20,1542	-73,892	175,9300
20,1632	-73,894	175,9350
20,1595	-73,896	175,9400
20,1684	-73,898	175,9450
20,1779	-73,900	175,9500
20,1676	-73,902	175,9550
20,1635	-73,904	175,9600
20,1660	-73,906	175,9650
20,1650	-73,908	175,9700
20,1588	-73,910	175,9750
20,1616	-73,913	175,9800
20,1693	-73,915	175,9850
20,1707	-73,917	175,9900
20,1718	-73,919	175,9950
20,1780	-73,921	176,0000
20,1723	-73,923	176,0050
20,1709	-73,925	176,0100
20,1716	-73,927	176,0150
20,1646	-73,929	176,0200
20,1658	-73,931	176,0250
20,1818	-73,934	176,0300
20,1798	-73,936	176,0350
20,1736	-73,938	176,0400
20,1792	-73,940	176,0450
20,1710	-73,942	176,0500
20,1714	-73,944	176,0550
20,1819	-73,946	176,0600
20,1800	-73,948	176,0650
20,1748	-73,950	176,0700
20,1826	-73,952	176,0750
20,1856	-73,955	176,0800
20,1824	-73,957	176,0850
20,1823	-73,959	176,0900
20,1853	-73,961	176,0950
20,1779	-73,963	176,1000
20,1841	-73,965	176,1050
20,1865	-73,967	176,1100
20,1787	-73,969	176,1150
20,1783	-73,971	176,1200
20,1918	-73,973	176,1250
20,1880	-73,976	176,1300
20,1827	-73,978	176,1350
20,1891	-73,980	176,1400
20,1861	-73,982	176,1450
20,1874	-73,984	176,1500
20,1963	-73,986	176,1550
20,1907	-73,988	176,1600
20,1870	-73,990	176,1650
20,1937	-73,992	176,1700
20,2001	-73,994	176,1750
20,1913	-73,997	176,1800
20,1976	-73,999	176,1850
20,2038	-74,001	176,1900
20,1986	-74,003	176,1950
20,1981	-74,005	176,2000
20,2044	-74,007	176,2050
20,2009	-74,009	176,2100
20,1979	-74,011	176,2150
20,2052	-74,013	176,2200
20,2015	-74,015	176,2250
20,1985	-74,018	176,2300
20,2039	-74,020	176,2350
20,1999	-74,022	176,2400
20,2016	-74,024	176,2450
20,2099	-74,026	176,2500
20,2082	-74,028	176,2550
20,2021	-74,030	176,2600
20,2069	-74,032	176,2650
20,2095	-74,034	176,2700
20,2038	-74,036	176,2750
20,2080	-74,039	176,2800
20,2122	-74,041	176,2850
20,2043	-74,043	176,2900
20,2074	-74,045	176,2950
20,2142	-74,047	176,3000
20,2088	-74,049	176,3050
20,2092	-74,051	176,3100
20,2144	-74,053	176,3150
20,2111	-74,055	176,3200
20,2125	-74,057	176,3250
20,2227	-74,060	176,3300
20,2185	-74,062	176,3350
20,2117	-74,064	176,3400
20,2219	-74,066	176,3450
20,2160	-74,068	176,3500
20,2083	-74,070	176,3550
20,2148	-74,072	176,3600
20,2277	-74,074	176,3650
20,2171	-74,076	176,3700
20,2186	-74,078	176,3750
20,2230	-74,081	176,3800
20,2220	-74,083	176,3850
20,2308	-74,085	176,3900
20,2352	-74,087	176,3950
20,2297	-74,089	176,4000
20,2244	-74,091	176,4050
20,2339	-74,093	176,4100
20,2262	-74,095	176,4150
20,2247	-74,097	176,4200
20,2356	-74,099	176,4250
20,2334	-74,102	176,4300
20,2250	-74,104	176,4350
20,2357	-74,106	176,4400
20,2403	-74,108	176,4450
20,2403	-74,110	176,4500
20,2409	-74,112	176,4550
20,2405	-74,114	176,4600
20,2316	-74,116	176,4650
20,2292	-74,118	176,4700
20,2333	-74,120	176,4750
20,2348	-74,123	176,4800
20,2363	-74,125	176,4850
20,2393	-74,127	176,4900
20,2416	-74,129	176,4950
20,2435	-74,131	176,5000
20,2469	-74,133	176,5050
20,2432	-74,135	176,5100
20,2378	-74,137	176,5150
20,2477	-74,139	176,5200
20,2488	-74,141	176,5250
20,2350	-74,144	176,5300
20,2448	-74,146	176,5350
20,2518	-74,148	176,5400
20,2545	-74,150	176,5450
20,2554	-74,152	176,5500
20,2534	-74,154	176,5550
20,2427	-74,156	176,5600
20,2431	-74,158	176,5650
20,2506	-74,160	176,5700
20,2487	-74,162	176,5750
20,2495	-74,165	176,5800
20,2539	-74,167	176,5850
20,2485	-74,169	176,5900
20,2482	-74,171	176,5950
20,2549	-74,173	176,6000
20,2538	-74,175	176,6050
20,2510	-74,177	176,6100
20,2579	-74,179	176,6150
20,2557	-74,181	176,6200
20,2504	-74,183	176,6250
20,2619	-74,186	176,6300
20,2616	-74,188	176,6350
20,2612	-74,190	176,6400
20,2608	-74,192	176,6450
20,2691	-74,194	176,6500
20,2598	-74,196	176,6550
20,2594	-74,198	176,6600
20,2665	-74,200	176,6650
20,2570	-74,202	176,6700
20,2548	-74,204	176,6750
20,2641	-74,207	176,6800
20,2611	-74,209	176,6850
20,2630	-74,211	176,6900
20,2742	-74,213	176,6950
20,2716	-74,215	176,7000
20,2690	-74,217	176,7050
20,2728	-74,219	176,7100
20,2727	-74,221	176,7150
20,2686	-74,223	176,7200
20,2726	-74,225	176,7250
20,2748	-74,228	176,7300
20,2709	-74,230	176,7350
20,2673	-74,232	176,7400
20,2750	-74,234	176,7450
20,2706	-74,236	176,7500
20,2700	-74,238	176,7550
20,2792	-74,240	176,7600
20,2730	-74,242	176,7650
20,2714	-74,244	176,7700
20,2755	-74,246	176,7750
20,2732	-74,249	176,7800
20,2745	-74,251	176,7850
20,2817	-74,253	176,7900
20,2789	-74,255	176,7950
20,2794	-74,257	176,8000
20,2901	-74,259	176,8050
20,2873	-74,261	176,8100
20,2775	-74,263	176,8150
20,2826	-74,265	176,8200
20,2841	-74,267	176,8250
20,2799	-74,270	176,8300
20,2835	-74,272	176,8350
20,2979	-74,274	176,8400
20,2922	-74,276	176,8450
20,2930	-74,278	176,8500
20,2955	-74,280	176,8550
20,2865	-74,282	176,8600
20,2884	-74,284	176,8650
20,2989	-74,286	176,8700
20,2934	-74,288	176,8750
20,2907	-74,291	176,8800
20,2977	-74,293	176,8850
20,3027	-74,295	176,8900
20,2992	-74,297	176,8950
20,3004	-74,299	176,9000
20,3012	-74,301	176,9050
20,2977	-74,303	176,9100
20,3048	-74,305	176,9150
20,3111	-74,307	176,9200
20,3133	-74,309	176,9250
20,2986	-74,312	176,9300
20,2991	-74,314	176,9350
20,3058	-74,316	176,9400
20,3061	-74,318	176,9450
20,3058	-74,320	176,9500
20,2955	-74,322	176,9550
20,2984	-74,324	176,9600
20,3108	-74,326	176,9650
20,3042	-74,328	176,9700
20,2980	-74,330	176,9750
20,3028	-74,333	176,9800
20,3064	-74,335	176,9850
20,3011	-74,337	176,9900
20,3168	-74,339	176,9950
20,3191	-74,341	177,0000
20,3082	-74,343	177,0050
20,3206	-74,345	177,0100
20,3251	-74,347	177,0150
20,3173	-74,349	177,0200
20,3134	-74,351	177,0250
20,3206	-74,354	177,0300
20,3132	-74,356	177,0350
20,3104	-74,358	177,0400
20,3175	-74,360	177,0450
20,3201	-74,362	177,0500
20,3183	-74,364	177,0550
20,3241	-74,366	177,0600
20,3196	-74,368	177,0650
20,3104	-74,370	177,0700
20,3214	-74,372	177,0750
20,3316	-74,375	177,0800
20,3291	-74,377	177,0850
20,3366	-74,379	177,0900
20,3359	-74,381	177,0950
20,3238	-74,383	177,1000
20,3288	-74,385	177,1050
20,3328	-74,387	177,1100
20,3324	-74,389	177,1150
20,3275	-74,391	177,1200
20,3338	-74,393	177,1250
20,3374	-74,396	177,1300
20,3370	-74,398	177,1350
20,3351	-74,400	177,1400
20,3338	-74,402	177,1450
20,3288	-74,404	177,1500
20,3352	-74,406	177,1550
20,3312	-74,408	177,1600
20,3235	-74,410	177,1650
20,3312	-74,412	177,1700
20,3437	-74,414	177,1750
20,3399	-74,417	177,1800
20,3347	-74,419	177,1850
20,3368	-74,421	177,1900
20,3371	-74,423	177,1950
20,3446	-74,425	177,2000
20,3482	-74,427	177,2050
20,3413	-74,429	177,2100
20,3466	-74,431	177,2150
20,3587	-74,433	177,2200
20,3470	-74,435	177,2250
20,3426	-74,438	177,2300
20,3512	-74,440	177,2350
20,3500	-74,442	177,2400
20,3474	-74,444	177,2450
20,3518	-74,446	177,2500
20,3457	-74,448	177,2550
20,3422	-74,450	177,2600
20,3514	-74,452	177,2650
20,3579	-74,454	177,2700
20,3530	-74,456	177,2750
20,3562	-74,459	177,2800
20,3637	-74,461	177,2850
20,3469	-74,463	177,2900
20,3531	-74,465	177,2950
20,3663	-74,467	177,3000
20,3657	-74,469	177,3050
20,3570	-74,471	177,3100
20,3641	-74,473	177,3150
20,3591	-74,475	177,3200
20,3529	-74,477	177,3250
20,3592	-74,480	177,3300
20,3572	-74,482	177,3350
20,3568	-74,484	177,3400
20,3639	-74,486	177,3450
20,3578	-74,488	177,3500
20,3561	-74,490	177,3550
20,3634	-74,492	177,3600
20,3707	-74,494	177,3650
20,3677	-74,496	177,3700
20,3724	-74,498	177,3750
20,3766	-74,501	177,3800
20,3737	-74,503	177,3850
20,3733	-74,505	177,3900
20,3775	-74,507	177,3950
20,3730	-74,509	177,4000
20,3700	-74,511	177,4050
20,3769	-74,513	177,4100
20,3755	-74,515	177,4150
20,3718	-74,517	177,4200
20,3812	-74,519	177,4250
20,3747	-74,522	177,4300
20,3640	-74,524	177,4350
20,3799	-74,526	177,4400
20,3832	-74,528	177,4450
20,3847	-74,530	177,4500
20,3899	-74,532	177,4550
20,3925	-74,534	177,4600
20,3844	-74,536	177,4650
20,3836	-74,538	177,4700
20,3828	-74,540	177,4750
20,3744	-74,543	177,4800
20,3780	-74,545	177,4850
20,3828	-74,547	177,4900
20,3793	-74,549	177,4950
20,3803	-74,551	177,5000
20,3849	-74,553	177,5050
20,3812	-74,555	177,5100
20,3831	-74,557	177,5150
20,3907	-74,559	177,5200
20,3918	-74,561	177,5250
20,3874	-74,564	177,5300
20,4001	-74,566	177,5350
20,4039	-74,568	177,5400
20,3971	-74,570	177,5450
20,3922	-74,572	177,5500
20,3968	-74,574	177,5550
20,3922	-74,576	177,5600
20,3940	-74,578	177,5650
20,3950	-74,580	177,5700
20,3928	-74,582	177,5750
20,3929	-74,585	177,5800
20,3977	-74,587	177,5850
20,3949	-74,589	177,5900
20,3831	-74,591	177,5950
20,3947	-74,593	177,6000
20,4024	-74,595	177,6050
20,4016	-74,597	177,6100
20,4131	-74,599	177,6150
20,4076	-74,601	177,6200
20,4006	-74,603	177,6250
20,4083	-74,606	177,6300
20,4129	-74,608	177,6350
20,3999	-74,610	177,6400
20,3979	-74,612	177,6450
20,4090	-74,614	177,6500
20,4096	-74,616	177,6550
20,4118	-74,618	177,6600
20,4191	-74,620	177,6650
20,4090	-74,622	177,6700
20,4017	-74,624	177,6750
20,4093	-74,627	177,6800
20,4059	-74,629	177,6850
20,4030	-74,631	177,6900
20,4135	-74,633	177,6950
20,4138	-74,635	177,7000
20,4079	-74,637	177,7050
20,4145	-74,639	177,7100
20,4164	-74,641	177,7150
20,4085	-74,643	177,7200
20,4127	-74,645	177,7250
20,4176	-74,648	177,7300
20,4148	-74,650	177,7350
20,4131	-74,652	177,7400
20,4141	-74,654	177,7450
20,4149	-74,656	177,7500
20,4153	-74,658	177,7550
20,4252	-74,660	177,7600
20,4168	-74,662	177,7650
20,4164	-74,664	177,7700
20,4289	-74,666	177,7750
20,4285	-74,669	177,7800
20,4209	-74,671	177,7850
20,4280	-74,673	177,7900
20,4346	-74,675	177,7950
20,4327	-74,677	177,8000
20,4365	-74,679	177,8050
20,4349	-74,681	177,8100
20,4271	-74,683	177,8150
20,4401	-74,685	177,8200
20,4414	-74,687	177,8250
20,4253	-74,690	177,8300
20,4232	-74,692	177,8350
20,4345	-74,694	177,8400
20,4257	-74,696	177,8450
20,4305	-74,698	177,8500
20,4387	-74,700	177,8550
20,4346	-74,702	177,8600
20,4333	-74,704	177,8650
20,4436	-74,706	177,8700
20,4400	-74,708	177,8750
20,4356	-74,711	177,8800
20,4378	-74,713	177,8850
20,4381	-74,715	177,8900
20,4357	-74,717	177,8950
20,4384	-74,719	177,9000
20,4422	-74,721	177,9050
20,4395	-74,723	177,9100
20,4380	-74,725	177,9150
20,4414	-74,727	177,9200
20,4407	-74,729	177,9250
20,4411	-74,732	177,9300
20,4463	-74,734	177,9350
20,4424	-74,736	177,9400
20,4431	-74,738	177,9450
20,4474	-74,740	177,9500
20,4424	-74,742	177,9550
20,4430	-74,744	177,9600
20,4541	-74,746	177,9650
20,4563	-74,748	177,9700
20,4540	-74,750	177,9750
20,4574	-74,753	177,9800
20,4532	-74,755	177,9850
20,4467	-74,757	177,9900
20,4541	-74,759	177,9950
20,4610	-74,761	178,0000
20,4531	-74,763	178,0050
20,4566	-74,765	178,0100
20,4638	-74,767	178,0150
20,4585	-74,769	178,0200
20,4547	-74,771	178,0250
20,4630	-74,774	178,0300
20,4579	-74,776	178,0350
20,4583	-74,778	178,0400
20,4628	-74,780	178,0450
20,4549	-74,782	178,0500
20,4537	-74,784	178,0550
20,4656	-74,786	178,0600
20,4609	-74,788	178,0650
20,4606	-74,790	178,0700
20,4730	-74,792	178,0750
20,4732	-74,795	178,0800
20,4628	-74,797	178,0850
20,4692	-74,799	178,0900
20,4679	-74,801	178,0950
20,4602	-74,803	178,1000
20,4693	-74,805	178,1050
20,4769	-74,807	178,1100
20,4652	-74,809	178,1150
20,4578	-74,811	178,1200
20,4670	-74,813	178,1250
20,4738	-74,816	178,1300
20,4769	-74,818	178,1350
20,4855	-74,820	178,1400
20,4772	-74,822	178,1450
20,4703	-74,824	178,1500
20,4729	-74,826	178,1550
20,4752	-74,828	178,1600
20,4719	-74,830	178,1650
20,4796	-74,832	178,1700
20,4839	-74,834	178,1750
20,4727	-74,837	178,1800
20,4731	-74,839	178,1850
20,4859	-74,841	178,1900
20,4808	-74,843	178,1950
20,4921	-74,845	178,2000
20,5009	-74,847	178,2050
20,4907	-74,849	178,2100
20,4818	-74,851	178,2150
20,4883	-74,853	178,2200
20,4847	-74,855	178,2250
20,4816	-74,858	178,2300
20,4900	-74,860	178,2350
20,4889	-74,862	178,2400
20,4745	-74,864	178,2450
20,4863	-74,866	178,2500
20,4951	-74,868	178,2550
20,4934	-74,870	178,2600
20,4895	-74,872	178,2650
20,5012	-74,874	178,2700
20,4965	-74,876	178,2750
20,4978	-74,879	178,2800
20,4996	-74,881	178,2850
20,4891	-74,883	178,2900
20,4945	-74,885	178,2950
20,5049	-74,887	178,3000
20,5002	-74,889	178,3050
20,4912	-74,891	178,3100
20,4969	-74,893	178,3150
20,4961	-74,895	178,3200
20,4963	-74,897	178,3250
20,5090	-74,900	178,3300
20,5140	-74,902	178,3350
20,5062	-74,904	178,3400
20,5110	-74,906	178,3450
20,5073	-74,908	178,3500
20,5006	-74,910	178,3550
20,5028	-74,912	178,3600
20,5072	-74,914	178,3650
20,4994	-74,916	178,3700
20,5118	-74,918	178,3750
20,5125	-74,921	178,3800
20,5061	-74,923	178,3850
20,5049	-74,925	178,3900
20,5140	-74,927	178,3950
20,5092	-74,929	178,4000
20,5118	-74,931	178,4050
20,5256	-74,933	178,4100
20,5181	-74,935	178,4150
20,5151	-74,937	178,4200
20,5272	-74,939	178,4250
20,5204	-74,942	178,4300
20,5070	-74,944	178,4350
20,5180	-74,946	178,4400
20,5165	-74,948	178,4450
20,5163	-74,950	178,4500
20,5180	-74,952	178,4550
20,5214	-74,954	178,4600
20,5203	-74,956	178,4650
20,5214	-74,958	178,4700
20,5251	-74,960	178,4750
20,5231	-74,963	178,4800
20,5235	-74,965	178,4850
20,5350	-74,967	178,4900
20,5386	-74,969	178,4950
20,5305	-74,971	178,5000
20,5357	-74,973	178,5050
20,5376	-74,975	178,5100
20,5285	-74,977	178,5150
20,5272	-74,979	178,5200
20,5265	-74,981	178,5250
20,5264	-74,984	178,5300
20,5409	-74,986	178,5350
20,5351	-74,988	178,5400
20,5259	-74,990	178,5450
20,5277	-74,992	178,5500
20,5397	-74,994	178,5550
20,5376	-74,996	178,5600
20,5430	-74,998	178,5650
20,5462	-75,000	178,5700
20,5354	-75,000	178,5750
20,5154	-75,000	178,5800
20,5149	-75,000	178,5850
20,5214	-75,000	178,5900
20,5335	-74,999	178,5950
20,5370	-74,988	178,6000
20,4475	-74,976	178,6050
20,3907	-74,960	178,6100
20,4165	-74,941	178,6150
20,4034	-74,918	178,6200
20,4215	-74,889	178,6250
20,3190	-74,854	178,6300
20,2556	-74,811	178,6350
20,2388	-74,761	178,6400
20,1853	-74,711	178,6450
20,1639	-74,661	178,6500
20,2037	-74,611	178,6550
20,1885	-74,561	178,6600
20,1438	-74,511	178,6650
20,0483	-74,461	178,6700
20,0172	-74,411	178,6750
20,0080	-74,361	178,6800
19,9263	-74,311	178,6850
19,8552	-74,261	178,6900
19,8085	-74,211	178,6950
19,7520	-74,161	178,7000
19,6977	-74,111	178,7050
19,6534	-74,061	178,7100
19,6248	-74,011	178,7150
19,5746	-73,961	178,7200
19,5269	-73,911	178,7250
19,4955	-73,861	178,7300
19,4420	-73,811	178,7350
19,3839	-73,761	178,7400
19,3268	-73,711	178,7450
19,2958	-73,661	178,7500
19,2589	-73,611	178,7550
19,1857	-73,561	178,7600
19,1492	-73,511	178,7650
19,1160	-73,461	178,7700
19,0773	-73,411	178,7750
19,0420	-73,361	178,7800
18,9830	-73,311	178,7850
18,9530	-73,261	178,7900
18,9047	-73,211	178,7950
18,8650	-73,161	178,8000
18,8254	-73,111	178,8050
18,7747	-73,061	178,8100
18,7501	-73,011	178,8150
18,6842	-72,961	178,8200
18,6433	-72,911	178,8250
18,6169	-72,861	178,8300
18,5579	-72,811	178,8350
18,5356	-72,761	178,8400
18,4945	-72,711	178,8450
18,4602	-72,661	178,8500
18,4091	-72,611	178,8550
18,3593	-72,561	178,8600
18,3339	-72,511	178,8650
18,2688	-72,461	178,8700
18,2372	-72,411	178,8750
18,2096	-72,361	178,8800
18,1684	-72,311	178,8850
18,1491	-72,261	178,8900
18,0939	-72,211	178,8950
18,0627	-72,161	178,9000
18,0280	-72,111	178,9050
17,9729	-72,061	178,9100
17,9576	-72,011	178,9150
17,9060	-71,961	178,9200
17,8752	-71,911	178,9250
17,8461	-71,861	178,9300
17,7928	-71,811	178,9350
17,7747	-71,761	178,9400
17,7277	-71,711	178,9450
17,6955	-71,661	178,9500
17,6516	-71,611	178,9550
17,5993	-71,561	178,9600
17,5801	-71,511	178,9650
17,5316	-71,461	178,9700
17,5021	-71,411	178,9750
17,4783	-71,361	178,9800
17,4343	-71,311	178,9850
17,4119	-71,261	178,9900
17,3652	-71,211	178,9950
17,3452	-71,161	179,0000
17,3138	-71,111	179,0050
17,2612	-71,061	179,0100
17,2426	-71,011	179,0150
17,2004	-70,961	179,0200
17,1700	-70,911	179,0250
17,1391	-70,861	179,0300
17,0950	-70,811	179,0350
17,0904	-70,761	179,0400
17,0519	-70,711	179,0450
17,0164	-70,661	179,0500
16,9709	-70,611	179,0550
16,9238	-70,561	179,0600
16,9092	-70,511	179,0650
16,8636	-70,461	179,0700
16,8387	-70,411	179,0750
16,8193	-70,361	179,0800
16,7732	-70,311	179,0850
16,7568	-70,261	179,0900
16,7003	-70,211	179,0950
16,6848	-70,161	179,1000
16,6580	-70,111	179,1050
16,6089	-70,061	179,1100
16,5971	-70,011	179,1150
16,5657	-69,961	179,1200
16,5432	-69,911	179,1250
16,5057	-69,861	179,1300
16,4520	-69,811	179,1350
16,4606	-69,761	179,1400
16,4123	-69,711	179,1450
16,3869	-69,661	179,1500
16,3687	-69,611	179,1550
16,3175	-69,561	179,1600
16,3029	-69,511	179,1650
16,2627	-69,461	179,1700
16,2378	-69,411	179,1750
16,2080	-69,361	179,1800
16,1676	-69,311	179,1850
16,1482	-69,261	179,1900
16,1051	-69,211	179,1950
16,0830	-69,161	179,2000
16,0645	-69,111	179,2050
16,0193	-69,061	179,2100
16,0096	-69,011	179,2150
15,9751	-68,961	179,2200
15,9492	-68,911	179,2250
15,9192	-68,861	179,2300
15,8791	-68,811	179,2350
15,8786	-68,761	179,2400
15,8359	-68,711	179,2450
15,8133	-68,661	179,2500
15,7844	-68,611	179,2550
15,7436	-68,561	179,2600
15,7343	-68,511	179,2650
15,6893	-68,461	179,2700
15,6610	-68,411	179,2750
15,6457	-68,361	179,2800
15,6129	-68,311	179,2850
15,5959	-68,261	179,2900
15,5558	-68,211	179,2950
15,5358	-68,161	179,3000
15,5117	-68,111	179,3050
15,4720	-68,061	179,3100
15,4560	-68,011	179,3150
15,4256	-67,961	179,3200
15,4102	-67,911	179,3250
15,3851	-67,861	179,3300
15,3490	-67,811	179,3350
15,3323	-67,761	179,3400
15,2846	-67,711	179,3450
15,2697	-67,661	179,3500
15,2620	-67,611	179,3550
15,2291	-67,561	179,3600
15,2103	-67,511	179,3650
15,1738	-67,461	179,3700
15,1448	-67,411	179,3750
15,1295	-67,361	179,3800
15,0920	-67,311	179,3850
15,0792	-67,261	179,3900
15,0549	-67,211	179,3950
15,0349	-67,161	179,4000
15,0160	-67,111	179,4050
14,9710	-67,061	179,4100
14,9593	-67,011	179,4150
14,9393	-66,961	179,4200
14,9046	-66,911	179,4250
14,8784	-66,861	179,4300
14,8543	-66,811	179,4350
14,8466	-66,761	179,4400
14,8180	-66,711	179,4450
14,7805	-66,661	179,4500
14,7578	-66,611	179,4550
14,7291	-66,561	179,4600
14,7237	-66,511	179,4650
14,7033	-66,461	179,4700
14,6739	-66,411	179,4750
14,6499	-66,361	179,4800
14,6123	-66,311	179,4850
14,6082	-66,261	179,4900
14,5845	-66,211	179,4950
14,5649	-66,161	179,5000
14,5453	-66,111	179,5050
14,5078	-66,061	179,5100
14,4830	-66,011	179,5150
14,4660	-65,961	179,5200
14,4517	-65,911	179,5250
14,4365	-65,861	179,5300
14,3937	-65,811	179,5350
14,3808	-65,761	179,5400
14,3558	-65,711	179,5450
14,3358	-65,661	179,5500
14,3204	-65,611	179,5550
14,2889	-65,561	179,5600
14,2767	-65,511	179,5650
14,2407	-65,461	179,5700
14,2160	-65,411	179,5750
14,2145	-65,361	179,5800
14,1804	-65,311	179,5850
14,1736	-65,261	179,5900
14,1524	-65,211	179,5950
14,1316	-65,161	179,6000
14,1160	-65,111	179,6050
14,0826	-65,061	179,6100
14,0605	-65,011	179,6150
14,0409	-64,961	179,6200
14,0164	-64,911	179,6250
14,0059	-64,861	179,6300
13,9743	-64,811	179,6350
13,9663	-64,761	179,6400
13,9448	-64,711	179,6450
13,9196	-64,661	179,6500
13,8995	-64,611	179,6550
13,8652	-64,561	179,6600
13,8488	-64,511	179,6650
13,8220	-64,461	179,6700
13,8057	-64,411	179,6750
13,8019	-64,361	179,6800
13,7701	-64,311	179,6850
13,7614	-64,261	179,6900
13,7234	-64,211	179,6950
13,7215	-64,161	179,7000
13,7123	-64,111	179,7050
13,6602	-64,061	179,7100
13,6557	-64,011	179,7150
13,6327	-63,961	179,7200
13,6205	-63,911	179,7250
13,6044	-63,861	179,7300
13,5628	-63,811	179,7350
13,5564	-63,761	179,7400
13,5274	-63,711	179,7450
13,5065	-63,661	179,7500
13,5038	-63,611	179,7550
13,4726	-63,561	179,7600
13,4569	-63,511	179,7650
13,4382	-63,461	179,7700
13,4240	-63,411	179,7750
13,4105	-63,361	179,7800
13,3780	-63,311	179,7850
13,3621	-63,261	179,7900
13,3527	-63,211	179,7950
13,3260	-63,161	179,8000
13,3211	-63,111	179,8050
13,2936	-63,061	179,8100
13,2630	-63,011	179,8150
13,2625	-62,961	179,8200
13,2300	-62,911	179,8250
13,2116	-62,861	179,8300
13,2178	-62,811	179,8350
13,1808	-62,761	179,8400
13,1746	-62,711	179,8450
13,1376	-62,661	179,8500
13,1192	-62,611	179,8550
13,1208	-62,561	179,8600
13,0839	-62,511	179,8650
13,0928	-62,461	179,8700
13,0633	-62,411	179,8750
13,0468	-62,361	179,8800
13,0307	-62,311	179,8850
13,0125	-62,261	179,8900
13,0043	-62,211	179,8950
12,9647	-62,161	179,9000
12,9479	-62,111	179,9050
12,9439	-62,061	179,9100
12,9166	-62,011	179,9150
12,9137	-61,961	179,9200
12,8925	-61,911	179,9250
12,8802	-61,861	179,9300
12,8576	-61,811	179,9350
12,8274	-61,761	179,9400
12,8097	-61,711	179,9450
12,7835	-61,661	179,9500
12,7805	-61,611	179,9550
12,7685	-61,561	179,9600
12,7454	-61,511	179,9650
12,7447	-61,461	179,9700
12,7148	-61,411	179,9750
12,7088	-61,361	179,9800
12,6897	-61,311	179,9850
12,6411	-61,261	179,9900
12,6486	-61,211	179,9950
12,6310	-61,161	180,0000
12,6307	-61,111	180,0050
12,5936	-61,061	180,0100
12,5745	-61,011	180,0150
12,5835	-60,961	180,0200
12,5433	-60,911	180,0250
12,5406	-60,861	180,0300
12,5217	-60,811	180,0350
12,4939	-60,761	180,0400
12,5014	-60,711	180,0450
12,4727	-60,661	180,0500
12,4620	-60,611	180,0550
12,4399	-60,561	180,0600
12,4241	-60,511	180,0650
12,4189	-60,461	180,0700
12,3878	-60,411	180,0750
12,3773	-60,361	180,0800
12,3561	-60,311	180,0850
12,3483	-60,261	180,0900
12,3280	-60,211	180,0950
12,3039	-60,161	180,1000
12,2932	-60,111	180,1050
12,2681	-60,061	180,1100
12,2653	-60,011	180,1150
12,2468	-59,961	180,1200
12,2388	-59,911	180,1250
12,2272	-59,861	180,1300
12,1986	-59,811	180,1350
12,1981	-59,761	180,1400
12,1772	-59,711	180,1450
12,1651	-59,661	180,1500
12,1519	-59,611	180,1550
12,1261	-59,561	180,1600
12,1288	-59,511	180,1650
12,0971	-59,461	180,1700
12,0873	-59,411	180,1750
12,0691	-59,361	180,1800
12,0348	-59,311	180,1850
12,0382	-59,261	180,1900
12,0262	-59,211	180,1950
12,0086	-59,161	180,2000
11,9920	-59,111	180,2050
11,9692	-59,061	180,2100
11,9648	-59,011	180,2150
11,9394	-58,961	180,2200
11,9217	-58,911	180,2250
11,9207	-58,861	180,2300
11,9004	-58,811	180,2350
11,9025	-58,761	180,2400
11,8746	-58,711	180,2450
11,8643	-58,661	180,2500
11,8551	-58,611	180,2550
11,8293	-58,561	180,2600
11,8260	-58,511	180,2650
11,7865	-58,461	180,2700
11,7822	-58,411	180,2750
11,7797	-58,361	180,2800
11,7517	-58,311	180,2850
11,7482	-58,261	180,2900
11,7208	-58,211	180,2950
11,7097	-58,161	180,3000
11,7046	-58,111	180,3050
11,6711	-58,061	180,3100
11,6719	-58,011	180,3150
11,6486	-57,961	180,3200
11,6368	-57,911	180,3250
11,6352	-57,861	180,3300
11,6010	-57,811	180,3350
11,5956	-57,761	180,3400
11,5745	-57,711	180,3450
11,5729	-57,661	180,3500
11,5706	-57,611	180,3550
11,5408	-57,561	180,3600
11,5292	-57,511	180,3650
11,5239	-57,461	180,3700
11,5029	-57,411	180,3750
11,4988	-57,361	180,3800
11,4721	-57,311	180,3850
11,4515	-57,261	180,3900
11,4430	-57,211	180,3950
11,4225	-57,161	180,4000
11,4199	-57,111	180,4050
11,4096	-57,061	180,4100
11,3833	-57,011	180,4150
11,3684	-56,961	180,4200
11,3590	-56,911	180,4250
11,3580	-56,861	180,4300
11,3342	-56,811	180,4350
11,3182	-56,761	180,4400
11,3234	-56,711	180,4450
11,2968	-56,661	180,4500
11,2867	-56,611	180,4550
11,2776	-56,561	180,4600
11,2624	-56,511	180,4650
11,2516	-56,461	180,4700
11,2266	-56,411	180,4750
11,2233	-56,361	180,4800
11,2010	-56,311	180,4850
11,1879	-56,261	180,4900
11,1787	-56,211	180,4950
11,1610	-56,161	180,5000
11,1693	-56,111	180,5050
11,1451	-56,061	180,5100
11,1273	-56,011	180,5150
11,1162	-55,961	180,5200
11,0923	-55,911	180,5250
11,0911	-55,861	180,5300
11,0648	-55,811	180,5350
11,0501	-55,761	180,5400
11,0361	-55,711	180,5450
11,0126	-55,661	180,5500
11,0197	-55,611	180,5550
11,0132	-55,561	180,5600
11,0122	-55,511	180,5650
10,9875	-55,461	180,5700
10,9609	-55,411	180,5750
10,9598	-55,361	180,5800
10,9320	-55,311	180,5850
10,9158	-55,261	180,5900
10,9060	-55,211	180,5950
10,9014	-55,161	180,6000
10,8998	-55,111	180,6050
10,8772	-55,061	180,6100
10,8663	-55,011	180,6150
10,8549	-54,961	180,6200
10,8404	-54,911	180,6250
10,8369	-54,861	180,6300
10,8042	-54,811	180,6350
10,7944	-54,761	180,6400
10,7870	-54,711	180,6450
10,7696	-54,661	180,6500
10,7647	-54,611	180,6550
10,7556	-54,561	180,6600
10,7518	-54,511	180,6650
10,7461	-54,461	180,6700
10,7219	-54,411	180,6750
10,7007	-54,361	180,6800
10,6671	-54,311	180,6850
10,6716	-54,261	180,6900
10,6653	-54,211	180,6950
10,6590	-54,161	180,7000
10,6589	-54,111	180,7050
10,6373	-54,061	180,7100
10,6212	-54,011	180,7150
10,6045	-53,961	180,7200
10,5797	-53,911	180,7250
10,5727	-53,861	180,7300
10,5528	-53,811	180,7350
10,5542	-53,761	180,7400
10,5481	-53,711	180,7450
10,5386	-53,661	180,7500
10,5299	-53,611	180,7550
10,5055	-53,561	180,7600
10,5017	-53,511	180,7650
10,4831	-53,461	180,7700
10,4579	-53,411	180,7750
10,4550	-53,361	180,7800
10,4415	-53,311	180,7850
10,4294	-53,261	180,7900
10,4275	-53,211	180,7950
10,4153	-53,161	180,8000
10,4101	-53,111	180,8050
10,3837	-53,061	180,8100
10,3570	-53,011	180,8150
10,3481	-52,961	180,8200
10,3470	-52,911	180,8250
10,3419	-52,861	180,8300
10,3275	-52,811	180,8350
10,3181	-52,761	180,8400
10,3176	-52,711	180,8450
10,2888	-52,661	180,8500
10,2809	-52,611	180,8550
10,2589	-52,561	180,8600
10,2514	-52,511	180,8650
10,2362	-52,461	180,8700
10,2221	-52,411	180,8750
10,2299	-52,361	180,8800
10,2113	-52,311	180,8850
10,2021	-52,261	180,8900
10,1888	-52,211	180,8950
10,1654	-52,161	180,9000
10,1657	-52,111	180,9050
10,1444	-52,061	180,9100
10,1403	-52,011	180,9150
10,1197	-51,961	180,9200
10,1146	-51,911	180,9250
10,1158	-51,861	180,9300
10,0887	-51,811	180,9350
10,0819	-51,761	180,9400
10,0685	-51,711	180,9450
10,0519	-51,661	180,9500
10,0502	-51,611	180,9550
10,0316	-51,561	180,9600
10,0306	-51,511	180,9650
10,0135	-51,461	180,9700
9,9985	-51,411	180,9750
9,9945	-51,361	180,9800
9,9740	-51,311	180,9850
9,9724	-51,261	180,9900
9,9613	-51,211	180,9950
9,9502	-51,161	181,0000
9,9521	-51,111	181,0050
9,9186	-51,061	181,0100
9,9038	-51,011	181,0150
9,9042	-50,961	181,0200
9,8905	-50,911	181,0250
9,8838	-50,861	181,0300
9,8748	-50,811	181,0350
9,8591	-50,761	181,0400
9,8498	-50,711	181,0450
9,8248	-50,661	181,0500
9,8230	-50,611	181,0550
9,8056	-50,561	181,0600
9,7922	-50,511	181,0650
9,7931	-50,461	181,0700
9,7749	-50,411	181,0750
9,7681	-50,361	181,0800
9,7453	-50,311	181,0850
9,7360	-50,261	181,0900
9,7212	-50,211	181,0950
9,7191	-50,161	181,1000
9,7261	-50,111	181,1050
9,6987	-50,061	181,1100
9,6886	-50,011	181,1150
9,6840	-49,961	181,1200
9,6692	-49,911	181,1250
9,6697	-49,861	181,1300
9,6441	-49,811	181,1350
9,6397	-49,761	181,1400
9,6391	-49,711	181,1450
9,6096	-49,661	181,1500
9,6083	-49,611	181,1550
9,5926	-49,561	181,1600
9,5969	-49,511	181,1650
9,5781	-49,461	181,1700
9,5560	-49,411	181,1750
9,5600	-49,361	181,1800
9,5407	-49,311	181,1850
9,5223	-49,261	181,1900
9,5265	-49,211	181,1950
9,5142	-49,161	181,2000
9,5134	-49,111	181,2050
9,4848	-49,061	181,2100
9,4676	-49,011	181,2150
9,4709	-48,961	181,2200
9,4502	-48,911	181,2250
9,4526	-48,861	181,2300
9,4283	-48,811	181,2350
9,4160	-48,761	181,2400
9,4197	-48,711	181,2450
9,3954	-48,661	181,2500
9,3882	-48,611	181,2550
9,3642	-48,561	181,2600
9,3610	-48,511	181,2650
9,3563	-48,461	181,2700
9,3473	-48,411	181,2750
9,3613	-48,361	181,2800
9,3436	-48,311	181,2850
9,3206	-48,261	181,2900
9,3013	-48,211	181,2950
9,2910	-48,161	181,3000
9,2848	-48,111	181,3050
9,2681	-48,061	181,3100
9,2645	-48,011	181,3150
9,2580	-47,961	181,3200
9,2355	-47,911	181,3250
9,2398	-47,861	181,3300
9,2180	-47,811	181,3350
9,2296	-47,761	181,3400
9,2051	-47,711	181,3450
9,1802	-47,661	181,3500
9,1933	-47,611	181,3550
9,1806	-47,561	181,3600
9,1710	-47,511	181,3650
9,1531	-47,461	181,3700
9,1364	-47,411	181,3750
9,1349	-47,361	181,3800
9,1026	-47,311	181,3850
9,0948	-47,261	181,3900
9,0827	-47,211	181,3950
9,0787	-47,161	181,4000
9,0890	-47,111	181,4050
9,0645	-47,061	181,4100
9,0696	-47,011	181,4150
9,0618	-46,961	181,4200
9,0482	-46,911	181,4250
9,0397	-46,861	181,4300
9,0193	-46,811	181,4350
9,0105	-46,761	181,4400
8,9958	-46,711	181,4450
8,9775	-46,661	181,4500
8,9799	-46,611	181,4550
8,9597	-46,561	181,4600
8,9576	-46,511	181,4650
8,9561	-46,461	181,4700
8,9401	-46,411	181,4750
8,9309	-46,361	181,4800
8,9086	-46,311	181,4850
8,9001	-46,261	181,4900
8,8987	-46,211	181,4950
8,8910	-46,161	181,5000
8,8916	-46,111	181,5050
8,8601	-46,061	181,5100
8,8583	-46,011	181,5150
8,8474	-45,961	181,5200
8,8390	-45,911	181,5250
8,8339	-45,861	181,5300
8,8108	-45,811	181,5350
8,8119	-45,761	181,5400
8,7924	-45,711	181,5450
8,7759	-45,661	181,5500
8,7902	-45,611	181,5550
8,7694	-45,561	181,5600
8,7656	-45,511	181,5650
8,7501	-45,461	181,5700
8,7405	-45,411	181,5750
8,7422	-45,361	181,5800
8,7124	-45,311	181,5850
8,7087	-45,261	181,5900
8,6968	-45,211	181,5950
8,6869	-45,161	181,6000
8,6892	-45,111	181,6050
8,6688	-45,061	181,6100
8,6583	-45,011	181,6150
8,6445	-44,961	181,6200
8,6295	-44,911	181,6250
8,6317	-44,861	181,6300
8,6039	-44,811	181,6350
8,6067	-44,761	181,6400
8,6079	-44,711	181,6450
8,5810	-44,661	181,6500
8,5893	-44,611	181,6550
8,5711	-44,561	181,6600
8,5742	-44,511	181,6650
8,5656	-44,461	181,6700
8,5498	-44,411	181,6750
8,5439	-44,361	181,6800
8,5251	-44,311	181,6850
8,5186	-44,261	181,6900
8,4961	-44,211	181,6950
8,4913	-44,161	181,7000
8,4955	-44,111	181,7050
8,4712	-44,061	181,7100
8,4639	-44,011	181,7150
8,4564	-43,961	181,7200
8,4446	-43,911	181,7250
8,4364	-43,861	181,7300
8,4250	-43,811	181,7350
8,4190	-43,761	181,7400
8,4115	-43,711	181,7450
8,3857	-43,661	181,7500
8,3985	-43,611	181,7550
8,3754	-43,561	181,7600
8,3664	-43,511	181,7650
8,3791	-43,461	181,7700
8,3545	-43,411	181,7750
8,3496	-43,361	181,7800
8,3430	-43,311	181,7850
8,3276	-43,261	181,7900
8,3187	-43,211	181,7950
8,3000	-43,161	181,8000
8,3047	-43,111	181,8050
8,2881	-43,061	181,8100
8,2621	-43,011	181,8150
8,2698	-42,961	181,8200
8,2516	-42,911	181,8250
8,2388	-42,861	181,8300
8,2318	-42,811	181,8350
8,2244	-42,761	181,8400
8,2257	-42,711	181,8450
8,2046	-42,661	181,8500
8,2005	-42,611	181,8550
8,1896	-42,561	181,8600
8,1912	-42,511	181,8650
8,1841	-42,461	181,8700
8,1604	-42,411	181,8750
8,1579	-42,361	181,8800
8,1498	-42,311	181,8850
8,1468	-42,261	181,8900
8,1310	-42,211	181,8950
8,1210	-42,161	181,9000
8,1227	-42,111	181,9050
8,1033	-42,061	181,9100
8,0931	-42,011	181,9150
8,0781	-41,961	181,9200
8,0768	-41,911	181,9250
8,0691	-41,861	181,9300
8,0366	-41,811	181,9350
8,0475	-41,761	181,9400
8,0484	-41,711	181,9450
8,0260	-41,661	181,9500
8,0094	-41,611	181,9550
8,0011	-41,561	181,9600
8,0179	-41,511	181,9650
7,9952	-41,461	181,9700
7,9875	-41,411	181,9750
7,9814	-41,361	181,9800
7,9580	-41,311	181,9850
7,9637	-41,261	181,9900
7,9344	-41,211	181,9950
7,9383	-41,161	182,0000
7,9284	-41,111	182,0050
7,9069	-41,061	182,0100
7,9183	-41,011	182,0150
7,8983	-40,961	182,0200
7,8994	-40,911	182,0250
7,8895	-40,861	182,0300
7,8668	-40,811	182,0350
7,8659	-40,761	182,0400
7,8486	-40,711	182,0450
7,8411	-40,661	182,0500
7,8296	-40,611	182,0550
7,8134	-40,561	182,0600
7,8169	-40,511	182,0650
7,8017	-40,461	182,0700
7,8058	-40,411	182,0750
7,7938	-40,361	182,0800
7,7748	-40,311	182,0850
7,7917	-40,261	182,0900
7,7609	-40,211	182,0950
7,7482	-40,161	182,1000
7,7465	-40,111	182,1050
7,7304	-40,061	182,1100
7,7393	-40,011	182,1150
7,7186	-39,961	182,1200
7,7164	-39,911	182,1250
7,7047	-39,861	182,1300
7,6793	-39,811	182,1350
7,6893	-39,761	182,1400
7,6636	-39,711	182,1450
7,6578	-39,661	182,1500
7,6489	-39,611	182,1550
7,6386	-39,561	182,1600
7,6604	-39,511	182,1650
7,6302	-39,461	182,1700
7,6174	-39,411	182,1750
7,6095	-39,361	182,1800
7,5775	-39,311	182,1850
7,5966	-39,261	182,1900
7,5797	-39,211	182,1950
7,5833	-39,161	182,2000
7,5737	-39,111	182,2050
7,5405	-39,061	182,2100
7,5468	-39,011	182,2150
7,5294	-38,961	182,2200
7,5308	-38,911	182,2250
7,5246	-38,861	182,2300
7,4968	-38,811	182,2350
7,5110	-38,761	182,2400
7,4886	-38,711	182,2450
7,4837	-38,661	182,2500
7,4715	-38,611	182,2550
7,4645	-38,561	182,2600
7,4660	-38,511	182,2650
7,4433	-38,461	182,2700
7,4391	-38,411	182,2750
7,4299	-38,361	182,2800
7,4068	-38,311	182,2850
7,4258	-38,261	182,2900
7,4045	-38,211	182,2950
7,3911	-38,161	182,3000
7,3948	-38,111	182,3050
7,3642	-38,061	182,3100
7,3740	-38,011	182,3150
7,3487	-37,961	182,3200
7,3380	-37,911	182,3250
7,3384	-37,861	182,3300
7,3162	-37,811	182,3350
7,3334	-37,761	182,3400
7,3191	-37,711	182,3450
7,3114	-37,661	182,3500
7,3076	-37,611	182,3550
7,2754	-37,561	182,3600
7,2827	-37,511	182,3650
7,2631	-37,461	182,3700
7,2624	-37,411	182,3750
7,2639	-37,361	182,3800
7,2376	-37,311	182,3850
7,2302	-37,261	182,3900
7,2237	-37,211	182,3950
7,2251	-37,161	182,4000
7,2221	-37,111	182,4050
7,1963	-37,061	182,4100
7,2035	-37,011	182,4150
7,1835	-36,961	182,4200
7,1722	-36,911	182,4250
7,1637	-36,861	182,4300
7,1475	-36,811	182,4350
7,1495	-36,761	182,4400
7,1366	-36,711	182,4450
7,1293	-36,661	182,4500
7,1286	-36,611	182,4550
7,1019	-36,561	182,4600
7,1160	-36,511	182,4650
7,0977	-36,461	182,4700
7,0974	-36,411	182,4750
7,0905	-36,361	182,4800
7,0610	-36,311	182,4850
7,0645	-36,261	182,4900
7,0418	-36,211	182,4950
7,0414	-36,161	182,5000
7,0395	-36,111	182,5050
7,0273	-36,061	182,5100
7,0263	-36,011	182,5150
7,0022	-35,961	182,5200
7,0026	-35,911	182,5250
7,0050	-35,861	182,5300
6,9833	-35,811	182,5350
6,9845	-35,761	182,5400
6,9666	-35,711	182,5450
6,9582	-35,661	182,5500
6,9482	-35,611	182,5550
6,9235	-35,561	182,5600
6,9316	-35,511	182,5650
6,9183	-35,461	182,5700
6,9132	-35,411	182,5750
6,8988	-35,361	182,5800
6,8900	-35,311	182,5850
6,9054	-35,261	182,5900
6,8765	-35,211	182,5950
6,8659	-35,161	182,6000
6,8658	-35,111	182,6050
6,8430	-35,061	182,6100
6,8385	-35,011	182,6150
6,8287	-34,961	182,6200
6,8229	-34,911	182,6250
6,8228	-34,861	182,6300
6,8119	-34,811	182,6350
6,8199	-34,761	182,6400
6,8013	-34,711	182,6450
6,7770	-34,661	182,6500
6,7729	-34,611	182,6550
6,7644	-34,561	182,6600
6,7649	-34,511	182,6650
6,7444	-34,461	182,6700
6,7372	-34,411	182,6750
6,7398	-34,361	182,6800
6,7173	-34,311	182,6850
6,7159	-34,261	182,6900
6,7076	-34,211	182,6950
6,6958	-34,161	182,7000
6,6983	-34,111	182,7050
6,6771	-34,061	182,7100
6,6729	-34,011	182,7150
6,6618	-33,961	182,7200
6,6520	-33,911	182,7250
6,6480	-33,861	182,7300
6,6268	-33,811	182,7350
6,6390	-33,761	182,7400
6,6249	-33,711	182,7450
6,6180	-33,661	182,7500
6,6008	-33,611	182,7550
6,5803	-33,561	182,7600
6,5999	-33,511	182,7650
6,5859	-33,461	182,7700
6,5697	-33,411	182,7750
6,5708	-33,361	182,7800
6,5498	-33,311	182,7850
6,5474	-33,261	182,7900
6,5398	-33,211	182,7950
6,5200	-33,161	182,8000
6,5180	-33,111	182,8050
6,5015	-33,061	182,8100
6,5074	-33,011	182,8150
6,4963	-32,961	182,8200
6,4763	-32,911	182,8250
6,4759	-32,861	182,8300
6,4534	-32,811	182,8350
6,4568	-32,761	182,8400
6,4449	-32,711	182,8450
6,4338	-32,661	182,8500
6,4495	-32,611	182,8550
6,4280	-32,561	182,8600
6,4245	-32,511	182,8650
6,4045	-32,461	182,8700
6,3856	-32,411	182,8750
6,3992	-32,361	182,8800
6,3698	-32,311	182,8850
6,3740	-32,261	182,8900
6,3678	-32,211	182,8950
6,3595	-32,161	182,9000
6,3601	-32,111	182,9050
6,3368	-32,061	182,9100
6,3338	-32,011	182,9150
6,3156	-31,961	182,9200
6,3005	-31,911	182,9250
6,3101	-31,861	182,9300
6,3004	-31,811	182,9350
6,2951	-31,761	182,9400
6,2857	-31,711	182,9450
6,2685	-31,661	182,9500
6,2797	-31,611	182,9550
6,2477	-31,561	182,9600
6,2302	-31,511	182,9650
6,2391	-31,461	182,9700
6,2181	-31,411	182,9750
6,2107	-31,361	182,9800
6,2048	-31,311	182,9850
6,2059	-31,261	182,9900
6,2022	-31,211	182,9950
6,1774	-31,161	183,0000
6,1781	-31,111	183,0050
6,1745	-31,061	183,0100
6,1422	-31,011	183,0150
6,1569	-30,961	183,0200
6,1438	-30,911	183,0250
6,1348	-30,861	183,0300
6,1271	-30,811	183,0350
6,1043	-30,761	183,0400
6,1158	-30,711	183,0450
6,0862	-30,661	183,0500
6,0822	-30,611	183,0550
6,0765	-30,561	183,0600
6,0720	-30,511	183,0650
6,0697	-30,461	183,0700
6,0480	-30,411	183,0750
6,0480	-30,361	183,0800
6,0449	-30,311	183,0850
6,0310	-30,261	183,0900
6,0292	-30,211	183,0950
6,0113	-30,161	183,1000
5,9925	-30,111	183,1050
5,9891	-30,061	183,1100
5,9935	-30,011	183,1150
5,9845	-29,961	183,1200
5,9678	-29,911	183,1250
5,9778	-29,861	183,1300
5,9586	-29,811	183,1350
5,9398	-29,761	183,1400
5,9368	-29,711	183,1450
5,9259	-29,661	183,1500
5,9223	-29,611	183,1550
5,8986	-29,561	183,1600
5,8960	-29,511	183,1650
5,9039	-29,461	183,1700
5,8822	-29,411	183,1750
5,8956	-29,361	183,1800
5,8876	-29,311	183,1850
5,8660	-29,261	183,1900
5,8554	-29,211	183,1950
5,8360	-29,161	183,2000
5,8416	-29,111	183,2050
5,8288	-29,061	183,2100
5,8155	-29,011	183,2150
5,8156	-28,961	183,2200
5,8004	-28,911	183,2250
5,8132	-28,861	183,2300
5,7822	-28,811	183,2350
5,7639	-28,761	183,2400
5,7781	-28,711	183,2450
5,7541	-28,661	183,2500
5,7388	-28,611	183,2550
5,7288	-28,561	183,2600
5,7394	-28,511	183,2650
5,7200	-28,461	183,2700
5,7038	-28,411	183,2750
5,7155	-28,361	183,2800
5,6911	-28,311	183,2850
5,6861	-28,261	183,2900
5,6767	-28,211	183,2950
5,6582	-28,161	183,3000
5,6612	-28,111	183,3050
5,6423	-28,061	183,3100
5,6549	-28,011	183,3150
5,6444	-27,961	183,3200
5,6294	-27,911	183,3250
5,6204	-27,861	183,3300
5,5956	-27,811	183,3350
5,6141	-27,761	183,3400
5,6042	-27,711	183,3450
5,5922	-27,661	183,3500
5,5868	-27,611	183,3550
5,5560	-27,561	183,3600
5,5628	-27,511	183,3650
5,5584	-27,461	183,3700
5,5490	-27,411	183,3750
5,5441	-27,361	183,3800
5,5260	-27,311	183,3850
5,5146	-27,261	183,3900
5,4926	-27,211	183,3950
5,4867	-27,161	183,4000
5,5040	-27,111	183,4050
5,4763	-27,061	183,4100
5,4748	-27,011	183,4150
5,4617	-26,961	183,4200
5,4636	-26,911	183,4250
5,4593	-26,861	183,4300
5,4294	-26,811	183,4350
5,4324	-26,761	183,4400
5,4191	-26,711	183,4450
5,4143	-26,661	183,4500
5,4107	-26,611	183,4550
5,3870	-26,561	183,4600
5,3979	-26,511	183,4650
5,3797	-26,461	183,4700
5,3784	-26,411	183,4750
5,3781	-26,361	183,4800
5,3478	-26,311	183,4850
5,3465	-26,261	183,4900
5,3380	-26,211	183,4950
5,3273	-26,161	183,5000
5,3215	-26,111	183,5050
5,3017	-26,061	183,5100
5,3043	-26,011	183,5150
5,2816	-25,961	183,5200
5,2867	-25,911	183,5250
5,2917	-25,861	183,5300
5,2614	-25,811	183,5350
5,2571	-25,761	183,5400
5,2484	-25,711	183,5450
5,2370	-25,661	183,5500
5,2404	-25,611	183,5550
5,2218	-25,561	183,5600
5,2218	-25,511	183,5650
5,2040	-25,461	183,5700
5,1903	-25,411	183,5750
5,1876	-25,361	183,5800
5,1737	-25,311	183,5850
5,1759	-25,261	183,5900
5,1618	-25,211	183,5950
5,1578	-25,161	183,6000
5,1560	-25,111	183,6050
5,1370	-25,061	183,6100
5,1222	-25,011	183,6150
5,1252	-24,961	183,6200
5,1181	-24,911	183,6250
5,1136	-24,861	183,6300
5,0910	-24,811	183,6350
5,0826	-24,761	183,6400
5,0822	-24,711	183,6450
5,0631	-24,661	183,6500
5,0650	-24,611	183,6550
5,0503	-24,561	183,6600
5,0440	-24,511	183,6650
5,0274	-24,461	183,6700
5,0174	-24,411	183,6750
5,0285	-24,361	183,6800
5,0038	-24,311	183,6850
4,9946	-24,261	183,6900
4,9794	-24,211	183,6950
4,9720	-24,161	183,7000
4,9832	-24,111	183,7050
4,9632	-24,061	183,7100
4,9530	-24,011	183,7150
4,9416	-23,961	183,7200
4,9304	-23,911	183,7250
4,9296	-23,861	183,7300
4,9133	-23,811	183,7350
4,9093	-23,761	183,7400
4,8844	-23,711	183,7450
4,8810	-23,661	183,7500
4,8979	-23,611	183,7550
4,8765	-23,561	183,7600
4,8632	-23,511	183,7650
4,8568	-23,461	183,7700
4,8461	-23,411	183,7750
4,8508	-23,361	183,7800
4,8251	-23,311	183,7850
4,8122	-23,261	183,7900
4,8089	-23,211	183,7950
4,7989	-23,161	183,8000
4,7969	-23,111	183,8050
4,7874	-23,061	183,8100
4,7680	-23,011	183,8150
4,7657	-22,961	183,8200
4,7477	-22,911	183,8250
4,7488	-22,861	183,8300
4,7349	-22,811	183,8350
4,7277	-22,761	183,8400
4,7352	-22,711	183,8450
4,7062	-22,661	183,8500
4,7000	-22,611	183,8550
4,6906	-22,561	183,8600
4,6897	-22,511	183,8650
4,6900	-22,461	183,8700
4,6569	-22,411	183,8750
4,6599	-22,361	183,8800
4,6477	-22,311	183,8850
4,6416	-22,261	183,8900
4,6312	-22,211	183,8950
4,6185	-22,161	183,9000
4,6125	-22,111	183,9050
4,5930	-22,061	183,9100
4,5964	-22,011	183,9150
4,5840	-21,961	183,9200
4,5721	-21,911	183,9250
4,5735	-21,861	183,9300
4,5483	-21,811	183,9350
4,5450	-21,761	183,9400
4,5433	-21,711	183,9450
4,5314	-21,661	183,9500
4,5304	-21,611	183,9550
4,5175	-21,561	183,9600
4,5074	-21,511	183,9650
4,4967	-21,461	183,9700
4,4859	-21,411	183,9750
4,4934	-21,361	183,9800
4,4734	-21,311	183,9850
4,4622	-21,261	183,9900
4,4521	-21,211	183,9950
4,4385	-21,161	184,0000
4,4488	-21,111	184,0050
4,4372	-21,061	184,0100
4,4113	-21,011	184,0150
4,3992	-20,961	184,0200
4,3895	-20,911	184,0250
4,3878	-20,861	184,0300
4,3625	-20,811	184,0350
4,3663	-20,761	184,0400
4,3651	-20,711	184,0450
4,3432	-20,661	184,0500
4,3358	-20,611	184,0550
4,3227	-20,561	184,0600
4,3336	-20,511	184,0650
4,3209	-20,461	184,0700
4,3022	-20,411	184,0750
4,2970	-20,361	184,0800
4,2816	-20,311	184,0850
4,2727	-20,261	184,0900
4,2619	-20,211	184,0950
4,2556	-20,161	184,1000
4,2435	-20,111	184,1050
4,2284	-20,061	184,1100
4,2321	-20,011	184,1150
4,2126	-19,961	184,1200
4,2059	-19,911	184,1250
4,2040	-19,861	184,1300
4,1835	-19,811	184,1350
4,1796	-19,761	184,1400
4,1715	-19,711	184,1450
4,1650	-19,661	184,1500
4,1614	-19,611	184,1550
4,1408	-19,561	184,1600
4,1465	-19,511	184,1650
4,1323	-19,461	184,1700
4,1203	-19,411	184,1750
4,1102	-19,361	184,1800
4,0828	-19,311	184,1850
4,0790	-19,261	184,1900
4,0581	-19,211	184,1950
4,0502	-19,161	184,2000
4,0604	-19,111	184,2050
4,0395	-19,061	184,2100
4,0291	-19,011	184,2150
4,0344	-18,961	184,2200
4,0198	-18,911	184,2250
4,0160	-18,861	184,2300
4,0007	-18,811	184,2350
3,9840	-18,761	184,2400
3,9790	-18,711	184,2450
3,9665	-18,661	184,2500
3,9768	-18,611	184,2550
3,9606	-18,561	184,2600
3,9401	-18,511	184,2650
3,9450	-18,461	184,2700
3,9250	-18,411	184,2750
3,9181	-18,361	184,2800
3,9065	-18,311	184,2850
3,8906	-18,261	184,2900
3,8943	-18,211	184,2950
3,8815	-18,161	184,3000
3,8788	-18,111	184,3050
3,8522	-18,061	184,3100
3,8353	-18,011	184,3150
3,8340	-17,961	184,3200
3,8035	-17,911	184,3250
3,8112	-17,861	184,3300
3,8043	-17,811	184,3350
3,7963	-17,761	184,3400
3,7904	-17,711	184,3450
3,7782	-17,661	184,3500
3,7730	-17,611	184,3550
3,7563	-17,561	184,3600
3,7326	-17,511	184,3650
3,7347	-17,461	184,3700
3,7174	-17,411	184,3750
3,7158	-17,361	184,3800
3,6990	-17,311	184,3850
3,6795	-17,261	184,3900
3,6861	-17,211	184,3950
3,6670	-17,161	184,4000
3,6709	-17,111	184,4050
3,6569	-17,061	184,4100
3,6220	-17,011	184,4150
3,6257	-16,961	184,4200
3,6168	-16,911	184,4250
3,6222	-16,861	184,4300
3,6151	-16,811	184,4350
3,5994	-16,761	184,4400
3,6052	-16,711	184,4450
3,5800	-16,661	184,4500
3,5692	-16,611	184,4550
3,5457	-16,561	184,4600
3,5399	-16,511	184,4650
3,5502	-16,461	184,4700
3,5371	-16,411	184,4750
3,5279	-16,361	184,4800
3,5007	-16,311	184,4850
3,4925	-16,261	184,4900
3,4790	-16,211	184,4950
3,4658	-16,161	184,5000
3,4719	-16,111	184,5050
3,4401	-16,061	184,5100
3,4418	-16,011	184,5150
3,4291	-15,961	184,5200
3,4236	-15,911	184,5250
3,4257	-15,861	184,5300
3,3954	-15,811	184,5350
3,3917	-15,761	184,5400
3,3784	-15,711	184,5450
3,3686	-15,661	184,5500
3,3614	-15,611	184,5550
3,3311	-15,561	184,5600
3,3442	-15,511	184,5650
3,3258	-15,461	184,5700
3,3184	-15,411	184,5750
3,3209	-15,361	184,5800
3,2960	-15,311	184,5850
3,2951	-15,261	184,5900
3,2665	-15,211	184,5950
3,2685	-15,161	184,6000
3,2589	-15,111	184,6050
3,2357	-15,061	184,6100
3,2367	-15,011	184,6150
3,2214	-14,961	184,6200
3,2142	-14,911	184,6250
3,2146	-14,861	184,6300
3,1913	-14,811	184,6350
3,1839	-14,761	184,6400
3,1667	-14,711	184,6450
3,1576	-14,661	184,6500
3,1550	-14,611	184,6550
3,1255	-14,561	184,6600
3,1281	-14,511	184,6650
3,1266	-14,461	184,6700
3,1071	-14,411	184,6750
3,1078	-14,361	184,6800
3,0860	-14,311	184,6850
3,0887	-14,261	184,6900
3,0627	-14,211	184,6950
3,0545	-14,161	184,7000
3,0537	-14,111	184,7050
3,0308	-14,061	184,7100
3,0355	-14,011	184,7150
3,0112	-13,961	184,7200
3,0037	-13,911	184,7250
2,9910	-13,861	184,7300
2,9693	-13,811	184,7350
2,9802	-13,761	184,7400
2,9516	-13,711	184,7450
2,9395	-13,661	184,7500
2,9440	-13,611	184,7550
2,9239	-13,561	184,7600
2,9145	-13,511	184,7650
2,8947	-13,461	184,7700
2,8746	-13,411	184,7750
2,8823	-13,361	184,7800
2,8625	-13,311	184,7850
2,8586	-13,261	184,7900
2,8439	-13,211	184,7950
2,8254	-13,161	184,8000
2,8327	-13,111	184,8050
2,8059	-13,061	184,8100
2,7962	-13,011	184,8150
2,8005	-12,961	184,8200
2,7780	-12,911	184,8250
2,7725	-12,861	184,8300
2,7578	-12,811	184,8350
2,7302	-12,761	184,8400
2,7308	-12,711	184,8450
2,7130	-12,661	184,8500
2,7089	-12,611	184,8550
2,6903	-12,561	184,8600
2,6824	-12,511	184,8650
2,6814	-12,461	184,8700
2,6604	-12,411	184,8750
2,6491	-12,361	184,8800
2,6401	-12,311	184,8850
2,6218	-12,261	184,8900
2,6118	-12,211	184,8950
2,5927	-12,161	184,9000
2,5906	-12,111	184,9050
2,5825	-12,061	184,9100
2,5640	-12,011	184,9150
2,5544	-11,961	184,9200
2,5417	-11,911	184,9250
2,5416	-11,861	184,9300
2,5378	-11,811	184,9350
2,5052	-11,761	184,9400
2,4983	-11,711	184,9450
2,4830	-11,661	184,9500
2,4732	-11,611	184,9550
2,4559	-11,561	184,9600
2,4416	-11,511	184,9650
2,4449	-11,461	184,9700
2,4074	-11,411	184,9750
2,4288	-11,361	184,9800
2,4131	-11,311	184,9850
2,3875	-11,261	184,9900
2,3682	-11,211	184,9950
2,3477	-11,161	185,0000
2,3524	-11,111	185,0050
2,3422	-11,061	185,0100
2,3328	-11,011	185,0150
2,3213	-10,961	185,0200
2,2973	-10,911	185,0250
2,2961	-10,861	185,0300
2,2810	-10,811	185,0350
2,2696	-10,761	185,0400
2,2606	-10,711	185,0450
2,2445	-10,661	185,0500
2,2308	-10,611	185,0550
2,2025	-10,561	185,0600
2,2062	-10,511	185,0650
2,1956	-10,461	185,0700
2,1882	-10,411	185,0750
2,1822	-10,361	185,0800
2,1630	-10,311	185,0850
2,1615	-10,261	185,0900
2,1326	-10,211	185,0950
2,1159	-10,161	185,1000
2,1049	-10,111	185,1050
2,0847	-10,061	185,1100
2,0919	-10,011	185,1150
2,0704	-9,961	185,1200
2,0603	-9,911	185,1250
2,0428	-9,861	185,1300
2,0185	-9,811	185,1350
2,0319	-9,761	185,1400
2,0161	-9,711	185,1450
2,0046	-9,661	185,1500
1,9880	-9,611	185,1550
1,9765	-9,561	185,1600
1,9785	-9,511	185,1650
1,9457	-9,461	185,1700
1,9339	-9,411	185,1750
1,9222	-9,361	185,1800
1,8992	-9,311	185,1850
1,9075	-9,261	185,1900
1,8815	-9,211	185,1950
1,8816	-9,161	185,2000
1,8676	-9,111	185,2050
1,8312	-9,061	185,2100
1,8228	-9,011	185,2150
1,7967	-8,961	185,2200
1,8029	-8,911	185,2250
1,7978	-8,861	185,2300
1,7731	-8,811	185,2350
1,7787	-8,761	185,2400
1,7539	-8,711	185,2450
1,7455	-8,661	185,2500
1,7188	-8,611	185,2550
1,6904	-8,561	185,2600
1,6961	-8,511	185,2650
1,6763	-8,461	185,2700
1,6671	-8,411	185,2750
1,6547	-8,361	185,2800
1,6274	-8,311	185,2850
1,6387	-8,261	185,2900
1,6097	-8,211	185,2950
1,6055	-8,161	185,3000
1,5881	-8,111	185,3050
1,5564	-8,061	185,3100
1,5610	-8,011	185,3150
1,5355	-7,961	185,3200
1,5354	-7,911	185,3250
1,5189	-7,861	185,3300
1,5146	-7,811	185,3350
1,5122	-7,761	185,3400
1,4764	-7,711	185,3450
1,4603	-7,661	185,3500
1,4561	-7,611	185,3550
1,4308	-7,561	185,3600
1,4224	-7,511	185,3650
1,4004	-7,461	185,3700
1,3968	-7,411	185,3750
1,3799	-7,361	185,3800
1,3470	-7,311	185,3850
1,3614	-7,261	185,3900
1,3451	-7,211	185,3950
1,3318	-7,161	185,4000
1,3120	-7,111	185,4050
1,2835	-7,061	185,4100
1,2779	-7,011	185,4150
1,2573	-6,961	185,4200
1,2541	-6,911	185,4250
1,2538	-6,861	185,4300
1,2240	-6,811	185,4350
1,2179	-6,761	185,4400
1,2040	-6,711	185,4450
1,1855	-6,661	185,4500
1,1713	-6,611	185,4550
1,1368	-6,561	185,4600
1,1474	-6,511	185,4650
1,1226	-6,461	185,4700
1,1096	-6,411	185,4750
1,1033	-6,361	185,4800
1,0720	-6,311	185,4850
1,0717	-6,261	185,4900
1,0437	-6,211	185,4950
1,0366	-6,161	185,5000
1,0270	-6,111	185,5050
0,9992	-6,061	185,5100
0,9969	-6,011	185,5150
0,9665	-5,961	185,5200
0,9626	-5,911	185,5250
0,9543	-5,861	185,5300
0,9308	-5,811	185,5350
0,9292	-5,761	185,5400
0,9012	-5,711	185,5450
0,8903	-5,661	185,5500
0,8774	-5,611	185,5550
0,8475	-5,561	185,5600
0,8501	-5,511	185,5650
0,8208	-5,461	185,5700
0,8132	-5,411	185,5750
0,8053	-5,361	185,5800
0,7735	-5,311	185,5850
0,7766	-5,261	185,5900
0,7339	-5,211	185,5950
0,7137	-5,161	185,6000
0,7105	-5,111	185,6050
0,6847	-5,061	185,6100
0,6958	-5,011	185,6150
0,6675	-4,961	185,6200
0,6571	-4,911	185,6250
0,6481	-4,861	185,6300
0,6129	-4,811	185,6350
0,6085	-4,761	185,6400
0,5862	-4,711	185,6450
0,5856	-4,661	185,6500
0,5662	-4,611	185,6550
0,5368	-4,561	185,6600
0,5359	-4,511	185,6650
0,5105	-4,461	185,6700
0,4944	-4,411	185,6750
0,4783	-4,361	185,6800
0,4514	-4,311	185,6850
0,4537	-4,261	185,6900
0,4240	-4,211	185,6950
0,4117	-4,161	185,7000
0,4103	-4,111	185,7050
0,3794	-4,061	185,7100
0,3796	-4,011	185,7150
0,3520	-3,961	185,7200
0,3378	-3,911	185,7250
0,3209	-3,861	185,7300
0,3014	-3,811	185,7350
0,2940	-3,761	185,7400
0,2672	-3,711	185,7450
0,2561	-3,661	185,7500
0,2433	-3,611	185,7550
0,2063	-3,561	185,7600
0,2040	-3,511	185,7650
0,1819	-3,461	185,7700
0,1703	-3,411	185,7750
0,1703	-3,361	185,7800
0,1338	-3,311	185,7850
0,1134	-3,261	185,7900
0,0857	-3,211	185,7950
0,0969	-3,161	185,8000
0,0751	-3,111	185,8050
0,0358	-3,061	185,8100
0,0331	-3,011	185,8150
0,0196	-2,961	185,8200
-0,0160	-2,911	185,8250
-0,0262	-2,861	185,8300
-0,0517	-2,811	185,8350
-0,0540	-2,761	185,8400
-0,0664	-2,711	185,8450
-0,0917	-2,661	185,8500
-0,0972	-2,611	185,8550
-0,1227	-2,561	185,8600
-0,1403	-2,511	185,8650
-0,1596	-2,461	185,8700
-0,1790	-2,411	185,8750
-0,1862	-2,361	185,8800
-0,2113	-2,311	185,8850
-0,2188	-2,261	185,8900
-0,2358	-2,211	185,8950
-0,2610	-2,161	185,9000
-0,2752	-2,111	185,9050
-0,2982	-2,061	185,9100
-0,3106	-2,011	185,9150
-0,3219	-1,961	185,9200
-0,3496	-1,911	185,9250
-0,3451	-1,861	185,9300
-0,3735	-1,811	185,9350
-0,3863	-1,761	185,9400
-0,4033	-1,711	185,9450
-0,4198	-1,661	185,9500
-0,4273	-1,611	185,9550
-0,4592	-1,561	185,9600
-0,4621	-1,511	185,9650
-0,4734	-1,461	185,9700
-0,4990	-1,411	185,9750
-0,4968	-1,361	185,9800
-0,5128	-1,311	185,9850
-0,5002	-1,261	185,9900
-0,5090	-1,211	185,9950
-0,5284	-1,161	186,0000
-0,5165	-1,111	186,0050
-0,5389	-1,061	186,0100
-0,5418	-1,011	186,0150
-0,5454	-0,961	186,0200
-0,5382	-0,911	186,0250
-0,5307	-0,861	186,0300
-0,5614	-0,811	186,0350
-0,5527	-0,761	186,0400
-0,5463	-0,711	186,0450
-0,5528	-0,661	186,0500
-0,5449	-0,611	186,0550
-0,5550	-0,561	186,0600
-0,5367	-0,511	186,0650
-0,5462	-0,461	186,0700
-0,5520	-0,411	186,0750
-0,5368	-0,361	186,0800
-0,5497	-0,311	186,0850
-0,5373	-0,261	186,0900
-0,5427	-0,211	186,0950
-0,5607	-0,164	186,1000
-0,5285	-0,126	186,1050
-0,4295	-0,095	186,1100
-0,3443	-0,069	186,1150
-0,3632	-0,048	186,1200
-0,4138	-0,031	186,1250
-0,4659	-0,017	186,1300
-0,4363	-0,006	186,1350
